{
"type": "FeatureCollection",
"name": "pm_pelotoes_pontos_sp.geojson",
"crs": { "type": "name", "properties": { "name": "urn:ogc:def:crs:OGC:1.3:CRS84" } },
"features": [
{ "type": "Feature", "properties": { "id_comando": "CPI-1", "nome_comando": "1º Comando de Policiamento do Interior (CPI-1)", "nome_batalhao": "1º BPM/I", "tipo_batalhao": "Interior", "companhia": "1.CIA PM", "pelotao": "0", "cidade": "Monteiro Lobato", "endereco": "RUA CRISTIANE DA SILVA THOMAZ, 1  GP MONTEIRO, CENTRO - Monteiro Lobato", "latitude": -22.9595602, "longitude": -45.8383344, "fonte_geocodificacao": "Google Geocoding API", "opm_nome": "GRUPO POLICIAL MILITAR", "opm_descricao": "CPI-1 1.BPM/I 1.CIA PM 0 GP/PM", "opm_codigo": "601011001" }, "geometry": { "type": "Point", "coordinates": [ -45.8383344, -22.9595602 ] } },
{ "type": "Feature", "properties": { "id_comando": "CPI-1", "nome_comando": "1º Comando de Policiamento do Interior (CPI-1)", "nome_batalhao": "1º BPM/I", "tipo_batalhao": "Interior", "companhia": "1.CIA PM", "pelotao": "TERRITORIAL", "cidade": "Sao Jose Dos Campos", "endereco": "RUA MIGUEL ERAS, 2  1ª CIA DO 1º BPM/I, VILA ROSSI - Sao Jose Dos Campos", "latitude": -23.1736275, "longitude": -45.8941044, "fonte_geocodificacao": "Google Geocoding API", "opm_nome": "1. COMPANHIA DE POLICIA MILITAR", "opm_descricao": "CPI-1 1.BPM/I 1.CIA PM TERRITORIAL", "opm_codigo": "601011000" }, "geometry": { "type": "Point", "coordinates": [ -45.8941044, -23.1736275 ] } },
{ "type": "Feature", "properties": { "id_comando": "CPI-1", "nome_comando": "1º Comando de Policiamento do Interior (CPI-1)", "nome_batalhao": "1º BPM/I", "tipo_batalhao": "Interior", "companhia": "2.CIA PM", "pelotao": "TERRITORIAL", "cidade": "Sao Jose Dos Campos", "endereco": "RUA GENÉSIA BERNARDINELLI TARANTINO, 1000  2ª CIA DO 1º BPM/I, JARDIM AUGUSTA - Sao Jose Dos Campos", "latitude": -23.1952568, "longitude": -45.8745657, "fonte_geocodificacao": "Google Geocoding API", "opm_nome": "2. COMPANHIA DE POLICIA MILITAR", "opm_descricao": "CPI-1 1.BPM/I 2.CIA PM TERRITORIAL", "opm_codigo": "601012000" }, "geometry": { "type": "Point", "coordinates": [ -45.8745657, -23.1952568 ] } },
{ "type": "Feature", "properties": { "id_comando": "CPI-1", "nome_comando": "1º Comando de Policiamento do Interior (CPI-1)", "nome_batalhao": "1º BPM/I", "tipo_batalhao": "Interior", "companhia": "3.CIA PM", "pelotao": "TERRITORIAL", "cidade": "Sao Jose Dos Campos", "endereco": "RUA GENÉSIA BERNARDINELLI TARANTINO, 1000  3ª CIA DO 1º BPM/I, JARDIM AUGUSTA - Sao Jose Dos Campos", "latitude": -23.1952568, "longitude": -45.8745657, "fonte_geocodificacao": "Google Geocoding API", "opm_nome": "3. COMPANHIA DE POLICIA MILITAR", "opm_descricao": "CPI-1 1.BPM/I 3.CIA PM TERRITORIAL", "opm_codigo": "601013000" }, "geometry": { "type": "Point", "coordinates": [ -45.8745657, -23.1952568 ] } },
{ "type": "Feature", "properties": { "id_comando": "CPI-1", "nome_comando": "1º Comando de Policiamento do Interior (CPI-1)", "nome_batalhao": "1º BPM/I", "tipo_batalhao": "Interior", "companhia": "CIA F TAT", "pelotao": "PEL F TAT", "cidade": "Sao Jose Dos Campos", "endereco": "RUA GENÉSIA BERNARDINELLI TARANTINO, 1000, JARDIM AUGUSTA - Sao Jose Dos Campos", "latitude": -23.1952568, "longitude": -45.8745657, "fonte_geocodificacao": "Google Geocoding API", "opm_nome": "1.BPM/I CIA F TAT PEL F TAT", "opm_descricao": "CPI-1 1.BPM/I CIA F TAT PEL F TAT 0", "opm_codigo": "601017300" }, "geometry": { "type": "Point", "coordinates": [ -45.8745657, -23.1952568 ] } },
{ "type": "Feature", "properties": { "id_comando": "CPI-1", "nome_comando": "1º Comando de Policiamento do Interior (CPI-1)", "nome_batalhao": "1º BPM/I", "tipo_batalhao": "Interior", "companhia": "CIA FT", "pelotao": "1.PEL FT", "cidade": "Sao Jose Dos Campos", "endereco": "RUA GENESIA BERARDINELLI TARANTINO, 1000, JARDIM AUGUSTA - Sao Jose Dos Campos", "latitude": -23.1952568, "longitude": -45.8745657, "fonte_geocodificacao": "Google Geocoding API", "opm_nome": "1. PELOTAO DE FORCA TATICA", "opm_descricao": "CPI-1 1.BPM/I CIA FT 1.PEL FT", "opm_codigo": "601016100" }, "geometry": { "type": "Point", "coordinates": [ -45.8745657, -23.1952568 ] } },
{ "type": "Feature", "properties": { "id_comando": "CPI-1", "nome_comando": "1º Comando de Policiamento do Interior (CPI-1)", "nome_batalhao": "1º BPM/I", "tipo_batalhao": "Interior", "companhia": "CIA FT", "pelotao": "2.PEL FT", "cidade": "Sao Jose Dos Campos", "endereco": "RUA GENESIA BERARDINELLI TARANTINO, 1000, JARDIM AUGUSTA - Sao Jose Dos Campos", "latitude": -23.1952568, "longitude": -45.8745657, "fonte_geocodificacao": "Google Geocoding API", "opm_nome": "2. PELOTAO DE FORCA TATICA", "opm_descricao": "CPI-1 1.BPM/I CIA FT 2.PEL FT", "opm_codigo": "601016200" }, "geometry": { "type": "Point", "coordinates": [ -45.8745657, -23.1952568 ] } },
{ "type": "Feature", "properties": { "id_comando": "CPI-1", "nome_comando": "1º Comando de Policiamento do Interior (CPI-1)", "nome_batalhao": "1º BPM/I", "tipo_batalhao": "Interior", "companhia": "CIA FT", "pelotao": "ADM", "cidade": "Sao Jose Dos Campos", "endereco": "RUA GENESIA BERARDINELLI TARANTINO, 1000, JARDIM AUGUSTA - Sao Jose Dos Campos", "latitude": -23.1952568, "longitude": -45.8745657, "fonte_geocodificacao": "Google Geocoding API", "opm_nome": "ADMINISTRACAO", "opm_descricao": "CPI-1 1.BPM/I CIA FT ADM", "opm_codigo": "601016500" }, "geometry": { "type": "Point", "coordinates": [ -45.8745657, -23.1952568 ] } },
{ "type": "Feature", "properties": { "id_comando": "CPI-1", "nome_comando": "1º Comando de Policiamento do Interior (CPI-1)", "nome_batalhao": "1º BPM/I", "tipo_batalhao": "Interior", "companhia": "EM", "pelotao": "AG AREA", "cidade": "Sao Jose Dos Campos", "endereco": "RUA GENÉSIA BERNARDINELLI TARANTINO, 1000  1º BPM/I, JARDIM AUGUSTA - Sao Jose Dos Campos", "latitude": -23.1952568, "longitude": -45.8745657, "fonte_geocodificacao": "Google Geocoding API", "opm_nome": "AGENCIA DE AREA", "opm_descricao": "CPI-1 1.BPM/I EM AG AREA 0", "opm_codigo": "601018200" }, "geometry": { "type": "Point", "coordinates": [ -45.8745657, -23.1952568 ] } },
{ "type": "Feature", "properties": { "id_comando": "CPI-1", "nome_comando": "1º Comando de Policiamento do Interior (CPI-1)", "nome_batalhao": "1º BPM/I", "tipo_batalhao": "Interior", "companhia": "EM", "pelotao": "DIV OP", "cidade": "Sao Jose Dos Campos", "endereco": "RUA GENÉSIA BERNARDINELLI TARANTINO, 1000  1º BPM/I, JARDIM AGUSUTA - Sao Jose Dos Campos", "latitude": -23.1952568, "longitude": -45.8745657, "fonte_geocodificacao": "Google Geocoding API", "opm_nome": "DIVISAO OPERACIONAL", "opm_descricao": "CPI-1 1.BPM/I EM DIV OP", "opm_codigo": "601018300" }, "geometry": { "type": "Point", "coordinates": [ -45.8745657, -23.1952568 ] } },
{ "type": "Feature", "properties": { "id_comando": "CPI-1", "nome_comando": "1º Comando de Policiamento do Interior (CPI-1)", "nome_batalhao": "1º BPM/I", "tipo_batalhao": "Interior", "companhia": "EM", "pelotao": "P/1 E P/5", "cidade": "Sao Jose Dos Campos", "endereco": "RUA GENÉSIA BERNARDINELLI TARANTINO, 1000  1º BPM/I, JARDIM AUGUSTA - Sao Jose Dos Campos", "latitude": -23.1952568, "longitude": -45.8745657, "fonte_geocodificacao": "Google Geocoding API", "opm_nome": "P/1 E P/5", "opm_descricao": "CPI-1 1.BPM/I EM P/1 E P/5", "opm_codigo": "601018100" }, "geometry": { "type": "Point", "coordinates": [ -45.8745657, -23.1952568 ] } },
{ "type": "Feature", "properties": { "id_comando": "CPI-1", "nome_comando": "1º Comando de Policiamento do Interior (CPI-1)", "nome_batalhao": "1º BPM/I", "tipo_batalhao": "Interior", "companhia": "EM", "pelotao": "P/3", "cidade": "Sao Jose Dos Campos", "endereco": "RUA GENÉSIA BERNARDINELLI TARANTINO, 1000  1º BPM/I, JARDIM AUGUSTA - Sao Jose Dos Campos", "latitude": -23.1952568, "longitude": -45.8745657, "fonte_geocodificacao": "Google Geocoding API", "opm_nome": "PEL FT", "opm_descricao": "CPI-1 1.BPM/I EM P/3 PEL FT", "opm_codigo": "601018310" }, "geometry": { "type": "Point", "coordinates": [ -45.8745657, -23.1952568 ] } },
{ "type": "Feature", "properties": { "id_comando": "CPI-1", "nome_comando": "1º Comando de Policiamento do Interior (CPI-1)", "nome_batalhao": "1º BPM/I", "tipo_batalhao": "Interior", "companhia": "EM", "pelotao": "P/4", "cidade": "Sao Jose Dos Campos", "endereco": "RUA GENÉSIA BERNARDINELLI TARANTINO, 1000  1º BPM/I, JARDIM AUGUSTA - Sao Jose Dos Campos", "latitude": -23.1952568, "longitude": -45.8745657, "fonte_geocodificacao": "Google Geocoding API", "opm_nome": "P/4", "opm_descricao": "CPI-1 1.BPM/I EM P/4 0", "opm_codigo": "601018400" }, "geometry": { "type": "Point", "coordinates": [ -45.8745657, -23.1952568 ] } },
{ "type": "Feature", "properties": { "id_comando": "CPI-1", "nome_comando": "1º Comando de Policiamento do Interior (CPI-1)", "nome_batalhao": "1º BPM/I", "tipo_batalhao": "Interior", "companhia": "EM", "pelotao": "P/5", "cidade": "Sao Jose Dos Campos", "endereco": "RUA GENÉSIA BERNARDINELLI TARANTINO, 1000  1º BPM/I, JARDIM AUGUSTA - Sao Jose Dos Campos", "latitude": -23.1952568, "longitude": -45.8745657, "fonte_geocodificacao": "Google Geocoding API", "opm_nome": "1.BPM/I - P5", "opm_descricao": "CPI-1 1.BPM/I EM P/5", "opm_codigo": "601018500" }, "geometry": { "type": "Point", "coordinates": [ -45.8745657, -23.1952568 ] } },
{ "type": "Feature", "properties": { "id_comando": "CPI-1", "nome_comando": "1º Comando de Policiamento do Interior (CPI-1)", "nome_batalhao": "1º BPM/I", "tipo_batalhao": "Interior", "companhia": "EM", "pelotao": "SEC JD", "cidade": "Sao Jose Dos Campos", "endereco": "RUA GENÉSIA BERNARDINELLI TARANTINO, 1000  1º BPM/I, JARDIM AUGUSTA - Sao Jose Dos Campos", "latitude": -23.1952568, "longitude": -45.8745657, "fonte_geocodificacao": "Google Geocoding API", "opm_nome": "SEC JD", "opm_descricao": "CPI-1 1.BPM/I EM SEC JD 0", "opm_codigo": "601019600" }, "geometry": { "type": "Point", "coordinates": [ -45.8745657, -23.1952568 ] } },
{ "type": "Feature", "properties": { "id_comando": "CPI-1", "nome_comando": "1º Comando de Policiamento do Interior (CPI-1)", "nome_batalhao": "1º BPM/I", "tipo_batalhao": "Interior", "companhia": "EM", "pelotao": "SEC PJMD", "cidade": "Sao Jose Dos Campos", "endereco": "RUA GENESIA BERARDINELLI TARANTINO, 1000, JARDIM AUGUSTA - Sao Jose Dos Campos", "latitude": -23.1952568, "longitude": -45.8745657, "fonte_geocodificacao": "Google Geocoding API", "opm_nome": "SECAO POLICIA JUDICIARIA MILITAR E DISCIPLINAR", "opm_descricao": "CPI-1 1.BPM/I EM SEC PJMD", "opm_codigo": "601018600" }, "geometry": { "type": "Point", "coordinates": [ -45.8745657, -23.1952568 ] } },
{ "type": "Feature", "properties": { "id_comando": "CPA/M-10", "nome_comando": "10º Comando de Policiamento de Área Metropolitana (CPA/M-10)", "nome_batalhao": "1º BPM/M", "tipo_batalhao": "Metropolitano", "companhia": "1.CIA PM", "pelotao": "TERRITORIAL", "cidade": "Sao Paulo", "endereco": "RUA THERESA MOUCO DE OLIVEIRA, 181, JD SÃO LUIS - Sao Paulo", "latitude": -23.6511391, "longitude": -46.7484102, "fonte_geocodificacao": "Google Geocoding API", "opm_nome": "1. COMPANHIA DE POLICIA MILITAR", "opm_descricao": "CPA/M-10 1.BPM/M 1.CIA PM TERRITORIAL", "opm_codigo": "510011000" }, "geometry": { "type": "Point", "coordinates": [ -46.7484102, -23.6511391 ] } },
{ "type": "Feature", "properties": { "id_comando": "CPA/M-10", "nome_comando": "10º Comando de Policiamento de Área Metropolitana (CPA/M-10)", "nome_batalhao": "1º BPM/M", "tipo_batalhao": "Metropolitano", "companhia": "2.CIA PM", "pelotao": "TERRITORIAL", "cidade": "Sao Paulo", "endereco": "AVENIDA GUIDO CALOI, 2170  PÁTIO GUIDO CALOI, JD SÃO LUIS - Sao Paulo", "latitude": -23.6614248, "longitude": -46.7260083, "fonte_geocodificacao": "Google Geocoding API", "opm_nome": "2. COMPANHIA DE POLICIA MILITAR", "opm_descricao": "CPA/M-10 1.BPM/M 2.CIA PM TERRITORIAL", "opm_codigo": "510012000" }, "geometry": { "type": "Point", "coordinates": [ -46.7260083, -23.6614248 ] } },
{ "type": "Feature", "properties": { "id_comando": "CPA/M-10", "nome_comando": "10º Comando de Policiamento de Área Metropolitana (CPA/M-10)", "nome_batalhao": "1º BPM/M", "tipo_batalhao": "Metropolitano", "companhia": "3.CIA PM", "pelotao": "TERRITORIAL", "cidade": "Sao Paulo", "endereco": "RUA DOUTOR ANTONIO BENTO, 321, SANTO AMARO - Sao Paulo", "latitude": -23.6476239, "longitude": -46.704049, "fonte_geocodificacao": "Google Geocoding API", "opm_nome": "3. COMPANHIA DE POLICIA MILITAR", "opm_descricao": "CPA/M-10 1.BPM/M 3.CIA PM TERRITORIAL", "opm_codigo": "510013000" }, "geometry": { "type": "Point", "coordinates": [ -46.704049, -23.6476239 ] } },
{ "type": "Feature", "properties": { "id_comando": "CPA/M-10", "nome_comando": "10º Comando de Policiamento de Área Metropolitana (CPA/M-10)", "nome_batalhao": "1º BPM/M", "tipo_batalhao": "Metropolitano", "companhia": "4.CIA PM", "pelotao": "TERRITORIAL", "cidade": "Sao Paulo", "endereco": "RUA ANGELO HERRERO, 89, SANTO AMARO - Sao Paulo", "latitude": -23.6588542, "longitude": -46.7074442, "fonte_geocodificacao": "Google Geocoding API", "opm_nome": "4. COMPANHIA DE POLICIA MILITAR", "opm_descricao": "CPA/M-10 1.BPM/M 4.CIA PM TERRITORIAL", "opm_codigo": "510014000" }, "geometry": { "type": "Point", "coordinates": [ -46.7074442, -23.6588542 ] } },
{ "type": "Feature", "properties": { "id_comando": "CPI-9", "nome_comando": "9º Comando de Policiamento do Interior (CPI-9)", "nome_batalhao": "10º BPM/I", "tipo_batalhao": "Interior", "companhia": "1.CIA PM", "pelotao": "ADMINISTRACAO", "cidade": "Piracicaba", "endereco": "RUA BOGOTÁ, 520  1ª CIA PM ADM, JARDIM ESPLANADA - Piracicaba", "latitude": -22.746065, "longitude": -47.6514956, "fonte_geocodificacao": "Google Geocoding API", "opm_nome": "ADMINISTRACAO", "opm_descricao": "CPI-9 10.BPM/I 1.CIA PM ADMINISTRACAO 0", "opm_codigo": "609101100" }, "geometry": { "type": "Point", "coordinates": [ -47.6514956, -22.746065 ] } },
{ "type": "Feature", "properties": { "id_comando": "CPI-9", "nome_comando": "9º Comando de Policiamento do Interior (CPI-9)", "nome_batalhao": "10º BPM/I", "tipo_batalhao": "Interior", "companhia": "1.CIA PM", "pelotao": "CGP", "cidade": "Piracicaba", "endereco": "RUA BOGOTÁ, 520  1ª CIA PM CGP, JARDIM ESPLANADA - Piracicaba", "latitude": -22.746065, "longitude": -47.6514956, "fonte_geocodificacao": "Google Geocoding API", "opm_nome": "COMANDO DE GRUPO PATRULHA", "opm_descricao": "CPI-9 10.BPM/I 1.CIA PM CGP", "opm_codigo": "609101200" }, "geometry": { "type": "Point", "coordinates": [ -47.6514956, -22.746065 ] } },
{ "type": "Feature", "properties": { "id_comando": "CPI-9", "nome_comando": "9º Comando de Policiamento do Interior (CPI-9)", "nome_batalhao": "10º BPM/I", "tipo_batalhao": "Interior", "companhia": "1.CIA PM", "pelotao": "TERRITORIAL", "cidade": "Piracicaba", "endereco": "RUA BOGOTÁ, 520  1ª CIA PM, JARDIM ESPLANADA - Piracicaba", "latitude": -22.746065, "longitude": -47.6514956, "fonte_geocodificacao": "Google Geocoding API", "opm_nome": "1. COMPANHIA DE POLICIA MILITAR", "opm_descricao": "CPI-9 10.BPM/I 1.CIA PM TERRITORIAL", "opm_codigo": "609101000" }, "geometry": { "type": "Point", "coordinates": [ -47.6514956, -22.746065 ] } },
{ "type": "Feature", "properties": { "id_comando": "CPI-9", "nome_comando": "9º Comando de Policiamento do Interior (CPI-9)", "nome_batalhao": "10º BPM/I", "tipo_batalhao": "Interior", "companhia": "2.CIA PM", "pelotao": "1.PEL PM", "cidade": "Capivari", "endereco": "ALAMEDA FAUSTINA FRANCHI ANNICCHINO, 1137, SÃO LUIS - Capivari", "latitude": -22.9965021, "longitude": -47.486398, "fonte_geocodificacao": "Google Geocoding API", "opm_nome": "10.BPM/I 2.CIA PM 1.PEL PM", "opm_descricao": "CPI-9 10.BPM/I 2.CIA PM 1.PEL PM", "opm_codigo": "609102100" }, "geometry": { "type": "Point", "coordinates": [ -47.486398, -22.9965021 ] } },
{ "type": "Feature", "properties": { "id_comando": "CPI-9", "nome_comando": "9º Comando de Policiamento do Interior (CPI-9)", "nome_batalhao": "10º BPM/I", "tipo_batalhao": "Interior", "companhia": "2.CIA PM", "pelotao": "ADMINISTRACAO", "cidade": "Capivari", "endereco": "ALAMEDA FAUSTINI FRANCHI ANNICCHINO, 1137, SÃO LUIS - Capivari", "latitude": -22.9965021, "longitude": -47.486398, "fonte_geocodificacao": "Google Geocoding API", "opm_nome": "ADMINISTRACAO", "opm_descricao": "CPI-9 10.BPM/I 2.CIA PM ADMINISTRACAO 0", "opm_codigo": "609102300" }, "geometry": { "type": "Point", "coordinates": [ -47.486398, -22.9965021 ] } },
{ "type": "Feature", "properties": { "id_comando": "CPI-9", "nome_comando": "9º Comando de Policiamento do Interior (CPI-9)", "nome_batalhao": "10º BPM/I", "tipo_batalhao": "Interior", "companhia": "2.CIA PM", "pelotao": "CGP", "cidade": "Capivari", "endereco": "Alameda Faustina Franchi Anichino, 1137  10.BPM/I 2.CIA PM CGP, Parque Res. Santa Rita - Capivari", "latitude": -22.9966622, "longitude": -47.4864108, "fonte_geocodificacao": "Google Geocoding API", "opm_nome": "COMANDO DE GRUPO PATRULHA", "opm_descricao": "CPI-9 10.BPM/I 2.CIA PM CGP", "opm_codigo": "609102400" }, "geometry": { "type": "Point", "coordinates": [ -47.486410799999987, -22.9966622 ] } },
{ "type": "Feature", "properties": { "id_comando": "CPI-9", "nome_comando": "9º Comando de Policiamento do Interior (CPI-9)", "nome_batalhao": "10º BPM/I", "tipo_batalhao": "Interior", "companhia": "2.CIA PM", "pelotao": "PEL PM", "cidade": "Rio Das Pedras", "endereco": "RUA SÃO VICENTE DE PAULO, 35, JD DONA ROSINA - Rio Das Pedras", "latitude": -22.8470138, "longitude": -47.6078026, "fonte_geocodificacao": "Google Geocoding API", "opm_nome": "PELOTAO", "opm_descricao": "CPI-9 10.BPM/I 2.CIA PM PEL PM 0", "opm_codigo": "609102200" }, "geometry": { "type": "Point", "coordinates": [ -47.6078026, -22.8470138 ] } },
{ "type": "Feature", "properties": { "id_comando": "CPI-9", "nome_comando": "9º Comando de Policiamento do Interior (CPI-9)", "nome_batalhao": "10º BPM/I", "tipo_batalhao": "Interior", "companhia": "3.CIA PM", "pelotao": "1.PEL PM", "cidade": "Sao Pedro", "endereco": "RUA MADAME ESTELA AZEVEDO, 1083  3ª Cia PM 1º Pel PM, VILA ESTELA - Sao Pedro", "latitude": -22.5539807, "longitude": -47.9138779, "fonte_geocodificacao": "Google Geocoding API", "opm_nome": "10.BPM/I 3.CIA PM 1.PEL PM", "opm_descricao": "CPI-9 10.BPM/I 3.CIA PM 1.PEL PM", "opm_codigo": "609103100" }, "geometry": { "type": "Point", "coordinates": [ -47.9138779, -22.5539807 ] } },
{ "type": "Feature", "properties": { "id_comando": "CPI-9", "nome_comando": "9º Comando de Policiamento do Interior (CPI-9)", "nome_batalhao": "10º BPM/I", "tipo_batalhao": "Interior", "companhia": "3.CIA PM", "pelotao": "ADMINISTRACAO", "cidade": "Sao Pedro", "endereco": "RUA MADAME ESTELA AZEVEDO, 1083, SANTA CRUZ - Sao Pedro", "latitude": -22.5539807, "longitude": -47.9138779, "fonte_geocodificacao": "Google Geocoding API", "opm_nome": "ADMINISTRACAO", "opm_descricao": "CPI-9 10.BPM/I 3.CIA PM ADMINISTRACAO 0", "opm_codigo": "609103200" }, "geometry": { "type": "Point", "coordinates": [ -47.9138779, -22.5539807 ] } },
{ "type": "Feature", "properties": { "id_comando": "CPI-9", "nome_comando": "9º Comando de Policiamento do Interior (CPI-9)", "nome_batalhao": "10º BPM/I", "tipo_batalhao": "Interior", "companhia": "3.CIA PM", "pelotao": "CGP", "cidade": "Sao Pedro", "endereco": "RUA MADAME ESTELA AZEVEDO, 1083  10.BPM/I 3.CIA PM CGP, VILA ESTELA - Sao Pedro", "latitude": -22.5539807, "longitude": -47.9138779, "fonte_geocodificacao": "Google Geocoding API", "opm_nome": "COMANDO DE GRUPO PATRULHA", "opm_descricao": "CPI-9 10.BPM/I 3.CIA PM CGP", "opm_codigo": "609103300" }, "geometry": { "type": "Point", "coordinates": [ -47.9138779, -22.5539807 ] } },
{ "type": "Feature", "properties": { "id_comando": "CPI-9", "nome_comando": "9º Comando de Policiamento do Interior (CPI-9)", "nome_batalhao": "10º BPM/I", "tipo_batalhao": "Interior", "companhia": "4.CIA PM", "pelotao": "ADMINISTRACAO", "cidade": "Piracicaba", "endereco": "AVENIDA DOUTOR PAULO DE MORÃES, 328  4ª Cia PM Adm, PAULISTA - Piracicaba", "latitude": -22.729791, "longitude": -47.6653861, "fonte_geocodificacao": "Google Geocoding API", "opm_nome": "ADMINISTRACAO", "opm_descricao": "CPI-9 10.BPM/I 4.CIA PM ADMINISTRACAO 0", "opm_codigo": "609104100" }, "geometry": { "type": "Point", "coordinates": [ -47.665386100000013, -22.729791 ] } },
{ "type": "Feature", "properties": { "id_comando": "CPI-9", "nome_comando": "9º Comando de Policiamento do Interior (CPI-9)", "nome_batalhao": "10º BPM/I", "tipo_batalhao": "Interior", "companhia": "4.CIA PM", "pelotao": "CGP", "cidade": "Piracicaba", "endereco": "AVENIDA DOUTOR PAULO DE MORÃES, 328  4ª Cia PM CGP, PAULISTA - Piracicaba", "latitude": -22.7297827, "longitude": -47.6653724, "fonte_geocodificacao": "Google Geocoding API", "opm_nome": "COMANDO DE GRUPO PATRULHA", "opm_descricao": "CPI-9 10.BPM/I 4.CIA PM CGP", "opm_codigo": "609104200" }, "geometry": { "type": "Point", "coordinates": [ -47.6653724, -22.7297827 ] } },
{ "type": "Feature", "properties": { "id_comando": "CPI-9", "nome_comando": "9º Comando de Policiamento do Interior (CPI-9)", "nome_batalhao": "10º BPM/I", "tipo_batalhao": "Interior", "companhia": "4.CIA PM", "pelotao": "TERRITORIAL", "cidade": "Piracicaba", "endereco": "AVENIDA DOUTOR PAULO DE MORÃES, 328  4ª Cia PM, PAULISTA - Piracicaba", "latitude": -22.7297827, "longitude": -47.6653724, "fonte_geocodificacao": "Google Geocoding API", "opm_nome": "4. COMPANHIA DE POLICIA MILITAR", "opm_descricao": "CPI-9 10.BPM/I 4.CIA PM TERRITORIAL", "opm_codigo": "609104000" }, "geometry": { "type": "Point", "coordinates": [ -47.6653724, -22.7297827 ] } },
{ "type": "Feature", "properties": { "id_comando": "CPI-9", "nome_comando": "9º Comando de Policiamento do Interior (CPI-9)", "nome_batalhao": "10º BPM/I", "tipo_batalhao": "Interior", "companhia": "5.CIA PM", "pelotao": "ADMINISTRACAO", "cidade": "Piracicaba", "endereco": "JOÃO EUGENIO PIEDADE, 337, SANTA TEREZINHA - Piracicaba", "latitude": -22.6750452, "longitude": -47.6855927, "fonte_geocodificacao": "Google Geocoding API", "opm_nome": "ADMINISTRACAO", "opm_descricao": "CPI-9 10.BPM/I 5.CIA PM ADMINISTRACAO 0", "opm_codigo": "609105400" }, "geometry": { "type": "Point", "coordinates": [ -47.6855927, -22.6750452 ] } },
{ "type": "Feature", "properties": { "id_comando": "CPI-9", "nome_comando": "9º Comando de Policiamento do Interior (CPI-9)", "nome_batalhao": "10º BPM/I", "tipo_batalhao": "Interior", "companhia": "5.CIA PM", "pelotao": "TERRITORIAL", "cidade": "Piracicaba", "endereco": "RUA JOÃO EUGÊNIO PIEDADE, 337  10.BPM/I 5.CIA PM CGP, Santa Terezinha - Piracicaba", "latitude": -22.6750452, "longitude": -47.6855927, "fonte_geocodificacao": "Google Geocoding API", "opm_nome": "5. COMPANHIA DE POLICIA MILITAR", "opm_descricao": "CPI-9 10.BPM/I 5.CIA PM TERRITORIAL", "opm_codigo": "609105000" }, "geometry": { "type": "Point", "coordinates": [ -47.6855927, -22.6750452 ] } },
{ "type": "Feature", "properties": { "id_comando": "CPI-9", "nome_comando": "9º Comando de Policiamento do Interior (CPI-9)", "nome_batalhao": "10º BPM/I", "tipo_batalhao": "Interior", "companhia": "CIA F TAT", "pelotao": "ADMINISTRACAO", "cidade": "Piracicaba", "endereco": "RUA AMÉRICO VESPÚCIO, 438, VILA ALGODOAL - Piracicaba", "latitude": -22.7004843, "longitude": -47.6673404, "fonte_geocodificacao": "Google Geocoding API", "opm_nome": "ADMINISTRACAO", "opm_descricao": "CPI-9 10.BPM/I CIA F TAT ADMINISTRACAO 0", "opm_codigo": "609109300" }, "geometry": { "type": "Point", "coordinates": [ -47.6673404, -22.7004843 ] } },
{ "type": "Feature", "properties": { "id_comando": "CPI-9", "nome_comando": "9º Comando de Policiamento do Interior (CPI-9)", "nome_batalhao": "10º BPM/I", "tipo_batalhao": "Interior", "companhia": "CIA F TAT", "pelotao": "PEL F TAT", "cidade": "Piracicaba", "endereco": "RUA AMÉRICO VESPÚCIO, 438  Cia Força Tática Pel FT, JARDIM ALGODOAL - Piracicaba", "latitude": -22.7005337, "longitude": -47.6673165, "fonte_geocodificacao": "Google Geocoding API", "opm_nome": "PELOTAO DE FORCA TATICA", "opm_descricao": "CPI-9 10.BPM/I CIA F TAT PEL F TAT", "opm_codigo": "609109100" }, "geometry": { "type": "Point", "coordinates": [ -47.6673165, -22.7005337 ] } },
{ "type": "Feature", "properties": { "id_comando": "CPI-9", "nome_comando": "9º Comando de Policiamento do Interior (CPI-9)", "nome_batalhao": "10º BPM/I", "tipo_batalhao": "Interior", "companhia": "EM", "pelotao": "P/1 E P/5", "cidade": "Piracicaba", "endereco": "RUA AMÉRICO VESPÚCIO, 300, JARDIM ALGODOAL - Piracicaba", "latitude": -22.7003812, "longitude": -47.6654509, "fonte_geocodificacao": "Google Geocoding API", "opm_nome": "P/1 E P/5", "opm_descricao": "CPI-9 10.BPM/I EM P/1 E P/5 0", "opm_codigo": "609108100" }, "geometry": { "type": "Point", "coordinates": [ -47.6654509, -22.7003812 ] } },
{ "type": "Feature", "properties": { "id_comando": "CPI-9", "nome_comando": "9º Comando de Policiamento do Interior (CPI-9)", "nome_batalhao": "10º BPM/I", "tipo_batalhao": "Interior", "companhia": "EM", "pelotao": "P/2", "cidade": "Piracicaba", "endereco": "RUA AMÉRICO VESPÚCIO, 300, JARDIM ALGODOAL - Piracicaba", "latitude": -22.7003812, "longitude": -47.6654509, "fonte_geocodificacao": "Google Geocoding API", "opm_nome": "P/2", "opm_descricao": "CPI-9 10.BPM/I EM P/2 0", "opm_codigo": "609108200" }, "geometry": { "type": "Point", "coordinates": [ -47.6654509, -22.7003812 ] } },
{ "type": "Feature", "properties": { "id_comando": "CPI-9", "nome_comando": "9º Comando de Policiamento do Interior (CPI-9)", "nome_batalhao": "10º BPM/I", "tipo_batalhao": "Interior", "companhia": "EM", "pelotao": "P/3", "cidade": "Piracicaba", "endereco": "RUA AMÉRICO VESPÚCIO, 300, JARDIM ALGODOAL - Piracicaba", "latitude": -22.7003812, "longitude": -47.6654509, "fonte_geocodificacao": "Google Geocoding API", "opm_nome": "P/3", "opm_descricao": "CPI-9 10.BPM/I EM P/3 0", "opm_codigo": "609108300" }, "geometry": { "type": "Point", "coordinates": [ -47.6654509, -22.7003812 ] } },
{ "type": "Feature", "properties": { "id_comando": "CPI-9", "nome_comando": "9º Comando de Policiamento do Interior (CPI-9)", "nome_batalhao": "10º BPM/I", "tipo_batalhao": "Interior", "companhia": "EM", "pelotao": "P/4", "cidade": "Piracicaba", "endereco": "RUA AMÉRICO VESPÚCIO, 300, JARDIM ALGODOAL - Piracicaba", "latitude": -22.7003812, "longitude": -47.6654509, "fonte_geocodificacao": "Google Geocoding API", "opm_nome": "P/4", "opm_descricao": "CPI-9 10.BPM/I EM P/4 0", "opm_codigo": "609108400" }, "geometry": { "type": "Point", "coordinates": [ -47.6654509, -22.7003812 ] } },
{ "type": "Feature", "properties": { "id_comando": "CPI-9", "nome_comando": "9º Comando de Policiamento do Interior (CPI-9)", "nome_batalhao": "10º BPM/I", "tipo_batalhao": "Interior", "companhia": "EM", "pelotao": "P/5", "cidade": "Piracicaba", "endereco": "RUA AMÉRICO VESPÚCIO, 300, JARDIM ALGODOAL - Piracicaba", "latitude": -22.7003812, "longitude": -47.6654509, "fonte_geocodificacao": "Google Geocoding API", "opm_nome": "P/5", "opm_descricao": "CPI-9 10.BPM/I EM P/5 0", "opm_codigo": "609108500" }, "geometry": { "type": "Point", "coordinates": [ -47.6654509, -22.7003812 ] } },
{ "type": "Feature", "properties": { "id_comando": "CPI-9", "nome_comando": "9º Comando de Policiamento do Interior (CPI-9)", "nome_batalhao": "10º BPM/I", "tipo_batalhao": "Interior", "companhia": "EM", "pelotao": "SEC PJMD", "cidade": "Piracicaba", "endereco": "RUA AMÉRICO VESPÚCIO, 300, JARDIM ALGODOAL - Piracicaba", "latitude": -22.7003812, "longitude": -47.6654509, "fonte_geocodificacao": "Google Geocoding API", "opm_nome": "SECAO POLICIA JUDICIARIA MILITAR E DISCIPLINAR", "opm_descricao": "CPI-9 10.BPM/I EM SEC PJMD 0", "opm_codigo": "609108600" }, "geometry": { "type": "Point", "coordinates": [ -47.6654509, -22.7003812 ] } },
{ "type": "Feature", "properties": { "id_comando": "CPA/M-6", "nome_comando": "6º Comando de Policiamento de Área Metropolitana (CPA/M-6)", "nome_batalhao": "10º BPM/M", "tipo_batalhao": "Metropolitano", "companhia": "1.CIA PM", "pelotao": "TERRITORIAL", "cidade": "Santo Andre", "endereco": "RUA CUSTÓDIA, 12, JARDIM SANTO ANTÔNIO - Santo Andre", "latitude": -23.6243801, "longitude": -46.5244792, "fonte_geocodificacao": "Google Geocoding API", "opm_nome": "1. COMPANHIA DE POLICIA MILITAR", "opm_descricao": "CPA/M-6 10.BPM/M 1.CIA PM TERRITORIAL", "opm_codigo": "406101000" }, "geometry": { "type": "Point", "coordinates": [ -46.524479199999988, -23.6243801 ] } },
{ "type": "Feature", "properties": { "id_comando": "CPA/M-6", "nome_comando": "6º Comando de Policiamento de Área Metropolitana (CPA/M-6)", "nome_batalhao": "10º BPM/M", "tipo_batalhao": "Metropolitano", "companhia": "2.CIA PM", "pelotao": "TERRITORIAL", "cidade": "Santo Andre", "endereco": "RUA DOS COQUEIROS, 261, BAIRRO CAMPESTRE - Santo Andre", "latitude": -23.6401642, "longitude": -46.5401524, "fonte_geocodificacao": "Google Geocoding API", "opm_nome": "2. COMPANHIA DE POLICIA MILITAR", "opm_descricao": "CPA/M-6 10.BPM/M 2.CIA PM TERRITORIAL", "opm_codigo": "406102000" }, "geometry": { "type": "Point", "coordinates": [ -46.5401524, -23.6401642 ] } },
{ "type": "Feature", "properties": { "id_comando": "CPA/M-6", "nome_comando": "6º Comando de Policiamento de Área Metropolitana (CPA/M-6)", "nome_batalhao": "10º BPM/M", "tipo_batalhao": "Metropolitano", "companhia": "3.CIA PM", "pelotao": "TERRITORIAL", "cidade": "Santo Andre", "endereco": "RUA DÉCIO CARMO BIANCO, 96, JARDIM RINA - Santo Andre", "latitude": -23.6464925, "longitude": -46.4976516, "fonte_geocodificacao": "Google Geocoding API", "opm_nome": "3. COMPANHIA DE POLICIA MILITAR", "opm_descricao": "CPA/M-6 10.BPM/M 3.CIA PM TERRITORIAL", "opm_codigo": "406103000" }, "geometry": { "type": "Point", "coordinates": [ -46.4976516, -23.6464925 ] } },
{ "type": "Feature", "properties": { "id_comando": "CPA/M-6", "nome_comando": "6º Comando de Policiamento de Área Metropolitana (CPA/M-6)", "nome_batalhao": "10º BPM/M", "tipo_batalhao": "Metropolitano", "companhia": "4.CIA PM", "pelotao": "TERRITORIAL", "cidade": "Santo Andre", "endereco": "RUA CURUPAITI, 49, jardim paraiso - Santo Andre", "latitude": -23.680305, "longitude": -46.5423173, "fonte_geocodificacao": "Google Geocoding API", "opm_nome": "4. COMPANHIA DE POLICIA MILITAR", "opm_descricao": "CPA/M-6 10.BPM/M 4.CIA PM TERRITORIAL", "opm_codigo": "406106000" }, "geometry": { "type": "Point", "coordinates": [ -46.5423173, -23.680305 ] } },
{ "type": "Feature", "properties": { "id_comando": "CPA/M-6", "nome_comando": "6º Comando de Policiamento de Área Metropolitana (CPA/M-6)", "nome_batalhao": "10º BPM/M", "tipo_batalhao": "Metropolitano", "companhia": "5.CIA PM", "pelotao": "TERRITORIAL", "cidade": "Santo Andre", "endereco": "RUA RAUL SEIXAS, 35, JARDIM SANTO ANDRÉ - Santo Andre", "latitude": -23.7035064, "longitude": -46.4951947, "fonte_geocodificacao": "Google Geocoding API", "opm_nome": "5. COMPANHIA DE POLICIA MILITAR", "opm_descricao": "CPA/M-6 10.BPM/M 5.CIA PM TERRITORIAL", "opm_codigo": "406107000" }, "geometry": { "type": "Point", "coordinates": [ -46.4951947, -23.7035064 ] } },
{ "type": "Feature", "properties": { "id_comando": "CPI-2", "nome_comando": "2º Comando de Policiamento do Interior (CPI-2)", "nome_batalhao": "11º BPM/I", "tipo_batalhao": "Interior", "companhia": "", "pelotao": "PEL F TAT", "cidade": "Jundiai", "endereco": "AVENIDA CARLOS SALES BLOCK, 568, ANHANGABAÚ - Jundiai", "latitude": -23.1941197, "longitude": -46.8922354, "fonte_geocodificacao": "Google Geocoding API", "opm_nome": "11.BPM/I  PEL F TAT", "opm_descricao": "CPI-2 11.BPM/I PEL F TAT", "opm_codigo": "602110100" }, "geometry": { "type": "Point", "coordinates": [ -46.8922354, -23.1941197 ] } },
{ "type": "Feature", "properties": { "id_comando": "CPI-2", "nome_comando": "2º Comando de Policiamento do Interior (CPI-2)", "nome_batalhao": "11º BPM/I", "tipo_batalhao": "Interior", "companhia": "1.CIA PM", "pelotao": "2.PEL PM", "cidade": "Jundiai", "endereco": "RUA DOUTOR LEONARDO CAVALCANTE, 334, CENTRO - Jundiai", "latitude": -23.182199, "longitude": -46.889155, "fonte_geocodificacao": "Google Geocoding API", "opm_nome": "11.BPM/I 1.CIA PM 2.PEL PM", "opm_descricao": "CPI-2 11.BPM/I 1.CIA PM 2.PEL PM", "opm_codigo": "602111200" }, "geometry": { "type": "Point", "coordinates": [ -46.889155, -23.182199 ] } },
{ "type": "Feature", "properties": { "id_comando": "CPI-2", "nome_comando": "2º Comando de Policiamento do Interior (CPI-2)", "nome_batalhao": "11º BPM/I", "tipo_batalhao": "Interior", "companhia": "1.CIA PM", "pelotao": "ADM", "cidade": "Jundiai", "endereco": "RUA JOSÉ ROMEIRO PEREIRA, 0, CENTRO - Jundiai", "latitude": -23.1864795, "longitude": -46.8877798, "fonte_geocodificacao": "Google Geocoding API", "opm_nome": "ADMINISTRACAO", "opm_descricao": "CPI-2 11.BPM/I 1.CIA PM ADM 0", "opm_codigo": "602111400" }, "geometry": { "type": "Point", "coordinates": [ -46.8877798, -23.1864795 ] } },
{ "type": "Feature", "properties": { "id_comando": "CPI-2", "nome_comando": "2º Comando de Policiamento do Interior (CPI-2)", "nome_batalhao": "11º BPM/I", "tipo_batalhao": "Interior", "companhia": "2.CIA PM", "pelotao": "1.PEL PM", "cidade": "Cabreuva", "endereco": "RUA CONSELHEIRO ALVES, 0  SEM NÚMERO, CENTRO - Cabreuva", "latitude": -23.301302729368476, "longitude": -47.080213667881942, "fonte_geocodificacao": "Centroide do município-sede (geocodificação rejeitada: fora dos limites do município)", "opm_nome": "1. PELOTAO DE POLICIA MILITAR", "opm_descricao": "CPI-2 11.BPM/I 2.CIA PM 1.PEL PM 0", "opm_codigo": "602112100" }, "geometry": { "type": "Point", "coordinates": [ -47.080213667881942, -23.301302729368476 ] } },
{ "type": "Feature", "properties": { "id_comando": "CPI-2", "nome_comando": "2º Comando de Policiamento do Interior (CPI-2)", "nome_batalhao": "11º BPM/I", "tipo_batalhao": "Interior", "companhia": "2.CIA PM", "pelotao": "2.PEL PM", "cidade": "Itupeva", "endereco": "RUA PROFESSORA DEOLINDA SILVEIRA DE CAMARGO, 93, JARDIM SÃO VICENTE - Itupeva", "latitude": -23.1560424, "longitude": -47.0583594, "fonte_geocodificacao": "Google Geocoding API", "opm_nome": "2. PELOTAO DE POLICIA MILITAR", "opm_descricao": "CPI-2 11.BPM/I 2.CIA PM 2.PEL PM 0", "opm_codigo": "602112200" }, "geometry": { "type": "Point", "coordinates": [ -47.0583594, -23.1560424 ] } },
{ "type": "Feature", "properties": { "id_comando": "CPI-2", "nome_comando": "2º Comando de Policiamento do Interior (CPI-2)", "nome_batalhao": "11º BPM/I", "tipo_batalhao": "Interior", "companhia": "2.CIA PM", "pelotao": "3.PEL PM", "cidade": "Cabreuva", "endereco": "RUA CONSELHEIRO RODRIGUES ALVES, 0  SEM NÚMERO, CENTRO - Cabreuva", "latitude": -23.3081715, "longitude": -47.1319495, "fonte_geocodificacao": "Google Geocoding API", "opm_nome": "11.BPM/I 2.CIA PM 3.PEL PM", "opm_descricao": "CPI-2 11.BPM/I 2.CIA PM 3.PEL PM", "opm_codigo": "602112300" }, "geometry": { "type": "Point", "coordinates": [ -47.1319495, -23.3081715 ] } },
{ "type": "Feature", "properties": { "id_comando": "CPI-2", "nome_comando": "2º Comando de Policiamento do Interior (CPI-2)", "nome_batalhao": "11º BPM/I", "tipo_batalhao": "Interior", "companhia": "2.CIA PM", "pelotao": "4.PEL PM", "cidade": "Itupeva", "endereco": "RUA PROFESSORA DEOLINDA SILVEIRA DE CAMARGO, 93, CENTRO - Itupeva", "latitude": -23.1560424, "longitude": -47.0583594, "fonte_geocodificacao": "Google Geocoding API", "opm_nome": "11.BPM/I 2.CIA PM 4.PEL PM", "opm_descricao": "CPI-2 11.BPM/I 2.CIA PM 4.PEL PM", "opm_codigo": "602112400" }, "geometry": { "type": "Point", "coordinates": [ -47.0583594, -23.1560424 ] } },
{ "type": "Feature", "properties": { "id_comando": "CPI-2", "nome_comando": "2º Comando de Policiamento do Interior (CPI-2)", "nome_batalhao": "11º BPM/I", "tipo_batalhao": "Interior", "companhia": "2.CIA PM", "pelotao": "ADM", "cidade": "Jundiai", "endereco": "AVENIDA REYNALDO DE PORCARI, 2597, MEDEIROS - Jundiai", "latitude": -23.1733885, "longitude": -47.0014649, "fonte_geocodificacao": "Google Geocoding API", "opm_nome": "ADMINISTRACAO", "opm_descricao": "CPI-2 11.BPM/I 2.CIA PM ADM 0", "opm_codigo": "602112500" }, "geometry": { "type": "Point", "coordinates": [ -47.001464899999988, -23.1733885 ] } },
{ "type": "Feature", "properties": { "id_comando": "CPI-2", "nome_comando": "2º Comando de Policiamento do Interior (CPI-2)", "nome_batalhao": "11º BPM/I", "tipo_batalhao": "Interior", "companhia": "CIA FT", "pelotao": "1.PEL FT", "cidade": "Jundiai", "endereco": "ACESSO AVENIDA CARLOS SALES BLOCK, 568, ANHANGABAÚ - Jundiai", "latitude": -23.1941197, "longitude": -46.8922354, "fonte_geocodificacao": "Google Geocoding API", "opm_nome": "1. PELOTAO DE FORCA TATICA", "opm_descricao": "CPI-2 11.BPM/I CIA FT 1.PEL FT", "opm_codigo": "602110710" }, "geometry": { "type": "Point", "coordinates": [ -46.8922354, -23.1941197 ] } },
{ "type": "Feature", "properties": { "id_comando": "CPI-2", "nome_comando": "2º Comando de Policiamento do Interior (CPI-2)", "nome_batalhao": "11º BPM/I", "tipo_batalhao": "Interior", "companhia": "CIA FT", "pelotao": "2.PEL FT", "cidade": "Jundiai", "endereco": "ACESSO AVENIDA CARLOS SALES BLOCK, 568, ANHANGABAÚ - Jundiai", "latitude": -23.1941197, "longitude": -46.8922354, "fonte_geocodificacao": "Google Geocoding API", "opm_nome": "2. PELOTAO DE FORCA TATICA", "opm_descricao": "CPI-2 11.BPM/I CIA FT 2.PEL FT", "opm_codigo": "602110720" }, "geometry": { "type": "Point", "coordinates": [ -46.8922354, -23.1941197 ] } },
{ "type": "Feature", "properties": { "id_comando": "CPI-2", "nome_comando": "2º Comando de Policiamento do Interior (CPI-2)", "nome_batalhao": "11º BPM/I", "tipo_batalhao": "Interior", "companhia": "CIA FT", "pelotao": "ADM", "cidade": "Jundiai", "endereco": "ACESSO AVENIDA CARLOS SALES BLOCK, 568, ANHANGABAÚ - Jundiai", "latitude": -23.1941197, "longitude": -46.8922354, "fonte_geocodificacao": "Google Geocoding API", "opm_nome": "ADMINISTRACAO", "opm_descricao": "CPI-2 11.BPM/I CIA FT ADM", "opm_codigo": "602110750" }, "geometry": { "type": "Point", "coordinates": [ -46.8922354, -23.1941197 ] } },
{ "type": "Feature", "properties": { "id_comando": "CPI-2", "nome_comando": "2º Comando de Policiamento do Interior (CPI-2)", "nome_batalhao": "11º BPM/I", "tipo_batalhao": "Interior", "companhia": "EM", "pelotao": "DIV OP", "cidade": "Jundiai", "endereco": "AVENIDA CARLOS SALES BLOCK, 568, ANHANGABAÚ - Jundiai", "latitude": -23.1941197, "longitude": -46.8922354, "fonte_geocodificacao": "Google Geocoding API", "opm_nome": "DIVISAO OPERACIONAL", "opm_descricao": "CPI-2 11.BPM/I EM DIV OP", "opm_codigo": "602118300" }, "geometry": { "type": "Point", "coordinates": [ -46.8922354, -23.1941197 ] } },
{ "type": "Feature", "properties": { "id_comando": "CPI-2", "nome_comando": "2º Comando de Policiamento do Interior (CPI-2)", "nome_batalhao": "11º BPM/I", "tipo_batalhao": "Interior", "companhia": "EM", "pelotao": "MOTOMEC", "cidade": "Jundiai", "endereco": "AVENIDA CARLOS SALES BLOCK, 568, ANHANGABAÚ - Jundiai", "latitude": -23.1941197, "longitude": -46.8922354, "fonte_geocodificacao": "Google Geocoding API", "opm_nome": "11.BPM/I MOTOMEC", "opm_descricao": "CPI-2 11.BPM/I EM MOTOMEC 0", "opm_codigo": "602118700" }, "geometry": { "type": "Point", "coordinates": [ -46.8922354, -23.1941197 ] } },
{ "type": "Feature", "properties": { "id_comando": "CPI-2", "nome_comando": "2º Comando de Policiamento do Interior (CPI-2)", "nome_batalhao": "11º BPM/I", "tipo_batalhao": "Interior", "companhia": "EM", "pelotao": "P/1 P/5", "cidade": "Jundiai", "endereco": "AVENIDA CARLOS SALES BLOCK, 568, ANHANGABAÚ - Jundiai", "latitude": -23.1941197, "longitude": -46.8922354, "fonte_geocodificacao": "Google Geocoding API", "opm_nome": "P/1 E P/5", "opm_descricao": "CPI-2 11.BPM/I EM P/1 P/5", "opm_codigo": "602118100" }, "geometry": { "type": "Point", "coordinates": [ -46.8922354, -23.1941197 ] } },
{ "type": "Feature", "properties": { "id_comando": "CPI-2", "nome_comando": "2º Comando de Policiamento do Interior (CPI-2)", "nome_batalhao": "11º BPM/I", "tipo_batalhao": "Interior", "companhia": "EM", "pelotao": "P/2", "cidade": "Jundiai", "endereco": "AVENIDA CARLOS SALES BLOCK, 568, ANHANGABAÚ - Jundiai", "latitude": -23.1941197, "longitude": -46.8922354, "fonte_geocodificacao": "Google Geocoding API", "opm_nome": "P/2", "opm_descricao": "CPI-2 11.BPM/I EM P/2 0", "opm_codigo": "602118200" }, "geometry": { "type": "Point", "coordinates": [ -46.8922354, -23.1941197 ] } },
{ "type": "Feature", "properties": { "id_comando": "CPI-2", "nome_comando": "2º Comando de Policiamento do Interior (CPI-2)", "nome_batalhao": "11º BPM/I", "tipo_batalhao": "Interior", "companhia": "EM", "pelotao": "P/3", "cidade": "Jundiai", "endereco": "AVENIDA CARLOS SALES BLOCK, 568, ANHANGABAÚ - Jundiai", "latitude": -23.1941197, "longitude": -46.8922354, "fonte_geocodificacao": "Google Geocoding API", "opm_nome": "PEL FT", "opm_descricao": "CPI-2 11.BPM/I EM P/3 PEL FT", "opm_codigo": "602118310" }, "geometry": { "type": "Point", "coordinates": [ -46.8922354, -23.1941197 ] } },
{ "type": "Feature", "properties": { "id_comando": "CPI-2", "nome_comando": "2º Comando de Policiamento do Interior (CPI-2)", "nome_batalhao": "11º BPM/I", "tipo_batalhao": "Interior", "companhia": "EM", "pelotao": "P/4 MOTOMEC", "cidade": "Jundiai", "endereco": "AVENIDA CARLOS SALES BLOCK, 568, ANHANGABAÚ - Jundiai", "latitude": -23.1941197, "longitude": -46.8922354, "fonte_geocodificacao": "Google Geocoding API", "opm_nome": "P/4 E MOTOMECANIZACAO", "opm_descricao": "CPI-2 11.BPM/I EM P/4 MOTOMEC 0", "opm_codigo": "602118400" }, "geometry": { "type": "Point", "coordinates": [ -46.8922354, -23.1941197 ] } },
{ "type": "Feature", "properties": { "id_comando": "CPI-2", "nome_comando": "2º Comando de Policiamento do Interior (CPI-2)", "nome_batalhao": "11º BPM/I", "tipo_batalhao": "Interior", "companhia": "EM", "pelotao": "P/5", "cidade": "Jundiai", "endereco": "AVENIDA CARLOS SALES BLOCK, 568, ANHANGABAÚ - Jundiai", "latitude": -23.1941197, "longitude": -46.8922354, "fonte_geocodificacao": "Google Geocoding API", "opm_nome": "11.BPM/I EM P/5", "opm_descricao": "CPI-2 11.BPM/I EM P/5", "opm_codigo": "602118500" }, "geometry": { "type": "Point", "coordinates": [ -46.8922354, -23.1941197 ] } },
{ "type": "Feature", "properties": { "id_comando": "CPI-2", "nome_comando": "2º Comando de Policiamento do Interior (CPI-2)", "nome_batalhao": "11º BPM/I", "tipo_batalhao": "Interior", "companhia": "EM", "pelotao": "SEC PJMD", "cidade": "Jundiai", "endereco": "AVENIDA CARLOS SALES BLOCK, 568, ANHANGABAÚ - Jundiai", "latitude": -23.1941197, "longitude": -46.8922354, "fonte_geocodificacao": "Google Geocoding API", "opm_nome": "SECAO DE POLICIA JUDICIARIA MILITAR E DISCIPLINA", "opm_descricao": "CPI-2 11.BPM/I EM SEC PJMD 0", "opm_codigo": "602118600" }, "geometry": { "type": "Point", "coordinates": [ -46.8922354, -23.1941197 ] } },
{ "type": "Feature", "properties": { "id_comando": "CPA/M-1", "nome_comando": "1º Comando de Policiamento de Área Metropolitana (CPA/M-1)", "nome_batalhao": "11º BPM/M", "tipo_batalhao": "Metropolitano", "companhia": "1.CIA PM", "pelotao": "TERRITORIAL", "cidade": "Sao Paulo", "endereco": "RUA ABOLICAO, 349, BELA VISTA - Sao Paulo", "latitude": -23.5537955, "longitude": -46.6418121, "fonte_geocodificacao": "Google Geocoding API", "opm_nome": "1. COMPANHIA DE POLICIA MILITAR", "opm_descricao": "CPA/M-1 11.BPM/M 1.CIA PM TERRITORIAL", "opm_codigo": "501111000" }, "geometry": { "type": "Point", "coordinates": [ -46.6418121, -23.5537955 ] } },
{ "type": "Feature", "properties": { "id_comando": "CPA/M-1", "nome_comando": "1º Comando de Policiamento de Área Metropolitana (CPA/M-1)", "nome_batalhao": "11º BPM/M", "tipo_batalhao": "Metropolitano", "companhia": "2.CIA PM", "pelotao": "TERRITORIAL", "cidade": "Sao Paulo", "endereco": "RUA OTTO DE ALENCAR, 230, CAMBUCI - Sao Paulo", "latitude": -23.5591527, "longitude": -46.6247868, "fonte_geocodificacao": "Google Geocoding API", "opm_nome": "2. COMPANHIA DE POLICIA MILITAR", "opm_descricao": "CPA/M-1 11.BPM/M 2.CIA PM TERRITORIAL", "opm_codigo": "501112000" }, "geometry": { "type": "Point", "coordinates": [ -46.6247868, -23.5591527 ] } },
{ "type": "Feature", "properties": { "id_comando": "CPA/M-1", "nome_comando": "1º Comando de Policiamento de Área Metropolitana (CPA/M-1)", "nome_batalhao": "11º BPM/M", "tipo_batalhao": "Metropolitano", "companhia": "3.CIA PM", "pelotao": "TERRITORIAL", "cidade": "Sao Paulo", "endereco": "RUA MAESTRO ELIAS LOBO, 127, JARDIM PAULISTA - Sao Paulo", "latitude": -23.5727904, "longitude": -46.6636329, "fonte_geocodificacao": "Google Geocoding API", "opm_nome": "3. COMPANHIA DE POLICIA MILITAR", "opm_descricao": "CPA/M-1 11.BPM/M 3.CIA PM TERRITORIAL 0", "opm_codigo": "501113000" }, "geometry": { "type": "Point", "coordinates": [ -46.6636329, -23.5727904 ] } },
{ "type": "Feature", "properties": { "id_comando": "CPI-7", "nome_comando": "7º Comando de Policiamento do Interior (CPI-7)", "nome_batalhao": "12º BPM/I", "tipo_batalhao": "Interior", "companhia": "1.CIA PM", "pelotao": "ADMINISTRACAO", "cidade": "Botucatu", "endereco": "AVENIDA UNIVERSITARIA, 3730, ALTOS DO PARAISO - Botucatu", "latitude": -22.8510459, "longitude": -48.4358195, "fonte_geocodificacao": "Google Geocoding API", "opm_nome": "ADMINISTRACAO", "opm_descricao": "CPI-7 12.BPM/I 1.CIA PM ADMINISTRACAO", "opm_codigo": "607121600" }, "geometry": { "type": "Point", "coordinates": [ -48.4358195, -22.8510459 ] } },
{ "type": "Feature", "properties": { "id_comando": "CPI-7", "nome_comando": "7º Comando de Policiamento do Interior (CPI-7)", "nome_batalhao": "12º BPM/I", "tipo_batalhao": "Interior", "companhia": "1.CIA PM", "pelotao": "CGP", "cidade": "Botucatu", "endereco": "AVENIDA UNIVERSITARIA, 3700, ALTOS DO PARAISO - Botucatu", "latitude": -22.8529211, "longitude": -48.4401945, "fonte_geocodificacao": "Google Geocoding API", "opm_nome": "COMANDO GRUPO PATRULHA", "opm_descricao": "CPI-7 12.BPM/I 1.CIA PM CGP", "opm_codigo": "607121700" }, "geometry": { "type": "Point", "coordinates": [ -48.4401945, -22.8529211 ] } },
{ "type": "Feature", "properties": { "id_comando": "CPI-7", "nome_comando": "7º Comando de Policiamento do Interior (CPI-7)", "nome_batalhao": "12º BPM/I", "tipo_batalhao": "Interior", "companhia": "1.CIA PM", "pelotao": "PEL FT/CANIL", "cidade": "Botucatu", "endereco": "RUA GENERAL JÚLIO MARCONDES SALGADO, 414  OPM INEXISTENTE, CENTRO - Botucatu", "latitude": -22.8944229, "longitude": -48.4445908, "fonte_geocodificacao": "Google Geocoding API", "opm_nome": "12.BPM/I PEL FT/CANIL", "opm_descricao": "CPI-7 12.BPM/I 1.CIA PM PEL FT/CANIL", "opm_codigo": "607121900" }, "geometry": { "type": "Point", "coordinates": [ -48.4445908, -22.8944229 ] } },
{ "type": "Feature", "properties": { "id_comando": "CPI-7", "nome_comando": "7º Comando de Policiamento do Interior (CPI-7)", "nome_batalhao": "12º BPM/I", "tipo_batalhao": "Interior", "companhia": "2.CIA PM", "pelotao": "0", "cidade": "Botucatu", "endereco": "RUA GENERAL JÚLIO MARCONDES SALGADO, 414  OPM INEXISTENTE, CENTRO - Botucatu", "latitude": -22.8944229, "longitude": -48.4445908, "fonte_geocodificacao": "Google Geocoding API", "opm_nome": "12.BPM/I 2.CIA PM  8.GP/PM", "opm_descricao": "CPI-7 12.BPM/I 2.CIA PM 0 8.GP/PM", "opm_codigo": "607122008" }, "geometry": { "type": "Point", "coordinates": [ -48.4445908, -22.8944229 ] } },
{ "type": "Feature", "properties": { "id_comando": "CPI-7", "nome_comando": "7º Comando de Policiamento do Interior (CPI-7)", "nome_batalhao": "12º BPM/I", "tipo_batalhao": "Interior", "companhia": "2.CIA PM", "pelotao": "ADMINISTRACAO", "cidade": "Sao Manuel", "endereco": "avenida irmãs campos silveira, 465, centro - Sao Manuel", "latitude": -22.736334, "longitude": -48.5685213, "fonte_geocodificacao": "Google Geocoding API", "opm_nome": "ADMINISTRACAO", "opm_descricao": "CPI-7 12.BPM/I 2.CIA PM ADMINISTRACAO", "opm_codigo": "607122500" }, "geometry": { "type": "Point", "coordinates": [ -48.5685213, -22.736334 ] } },
{ "type": "Feature", "properties": { "id_comando": "CPI-7", "nome_comando": "7º Comando de Policiamento do Interior (CPI-7)", "nome_batalhao": "12º BPM/I", "tipo_batalhao": "Interior", "companhia": "2.CIA PM", "pelotao": "CGP", "cidade": "Sao Manuel", "endereco": "AVENIDA IRMÃS CAMPUS SILVEIRA, 465, CENTRO - Sao Manuel", "latitude": -22.7360858, "longitude": -48.5683826, "fonte_geocodificacao": "Google Geocoding API", "opm_nome": "COMANDO GRUPO PATRULHA", "opm_descricao": "CPI-7 12.BPM/I 2.CIA PM CGP", "opm_codigo": "607122600" }, "geometry": { "type": "Point", "coordinates": [ -48.5683826, -22.7360858 ] } },
{ "type": "Feature", "properties": { "id_comando": "CPI-7", "nome_comando": "7º Comando de Policiamento do Interior (CPI-7)", "nome_batalhao": "12º BPM/I", "tipo_batalhao": "Interior", "companhia": "3.CIA PM", "pelotao": "ADMINISTRACAO", "cidade": "Laranjal Paulista", "endereco": "GUILHERME MARCONI, 33, centro - Laranjal Paulista", "latitude": -23.0525419, "longitude": -47.8382302, "fonte_geocodificacao": "Google Geocoding API", "opm_nome": "ADMINISTRACAO", "opm_descricao": "CPI-7 12.BPM/I 3.CIA PM ADMINISTRACAO", "opm_codigo": "607123900" }, "geometry": { "type": "Point", "coordinates": [ -47.838230200000012, -23.0525419 ] } },
{ "type": "Feature", "properties": { "id_comando": "CPI-7", "nome_comando": "7º Comando de Policiamento do Interior (CPI-7)", "nome_batalhao": "12º BPM/I", "tipo_batalhao": "Interior", "companhia": "3.CIA PM", "pelotao": "CGP", "cidade": "Laranjal Paulista", "endereco": "RUA GUILHERME MARCONI, 33, CENTRO - Laranjal Paulista", "latitude": -23.0525419, "longitude": -47.8382302, "fonte_geocodificacao": "Google Geocoding API", "opm_nome": "COMANDO GRUPO PATRULHA", "opm_descricao": "CPI-7 12.BPM/I 3.CIA PM CGP", "opm_codigo": "607123990" }, "geometry": { "type": "Point", "coordinates": [ -47.838230200000012, -23.0525419 ] } },
{ "type": "Feature", "properties": { "id_comando": "CPI-7", "nome_comando": "7º Comando de Policiamento do Interior (CPI-7)", "nome_batalhao": "12º BPM/I", "tipo_batalhao": "Interior", "companhia": "EM", "pelotao": "DIV OP", "cidade": "Botucatu", "endereco": "RUA GENERAL JÚLIO MARCONDES SALGADO/ BOTUCATU, 414, VILA SILVINHA - Botucatu", "latitude": -22.8944229, "longitude": -48.4445908, "fonte_geocodificacao": "Google Geocoding API", "opm_nome": "DIVISAO OPERACIONAL", "opm_descricao": "CPI-7 12.BPM/I EM DIV OP", "opm_codigo": "607128300" }, "geometry": { "type": "Point", "coordinates": [ -48.4445908, -22.8944229 ] } },
{ "type": "Feature", "properties": { "id_comando": "CPI-7", "nome_comando": "7º Comando de Policiamento do Interior (CPI-7)", "nome_batalhao": "12º BPM/I", "tipo_batalhao": "Interior", "companhia": "EM", "pelotao": "P/1 P/5", "cidade": "Botucatu", "endereco": "RUA GENERAL JÚLIO MARCONDES SALGADO, 414, CENTRO - Botucatu", "latitude": -22.8944229, "longitude": -48.4445908, "fonte_geocodificacao": "Google Geocoding API", "opm_nome": "P/1 E P/5", "opm_descricao": "CPI-7 12.BPM/I EM P/1 P/5", "opm_codigo": "607128100" }, "geometry": { "type": "Point", "coordinates": [ -48.4445908, -22.8944229 ] } },
{ "type": "Feature", "properties": { "id_comando": "CPI-7", "nome_comando": "7º Comando de Policiamento do Interior (CPI-7)", "nome_batalhao": "12º BPM/I", "tipo_batalhao": "Interior", "companhia": "EM", "pelotao": "P/2", "cidade": "Botucatu", "endereco": "RUA GENERAL JÚLIO MARCONDES SALGADO/ BOTUCATU, 414, VILA SILVINHA - Botucatu", "latitude": -22.8944229, "longitude": -48.4445908, "fonte_geocodificacao": "Google Geocoding API", "opm_nome": "AGENCIA DE AREA", "opm_descricao": "CPI-7 12.BPM/I EM P/2 AG AREA", "opm_codigo": "607128200" }, "geometry": { "type": "Point", "coordinates": [ -48.4445908, -22.8944229 ] } },
{ "type": "Feature", "properties": { "id_comando": "CPI-7", "nome_comando": "7º Comando de Policiamento do Interior (CPI-7)", "nome_batalhao": "12º BPM/I", "tipo_batalhao": "Interior", "companhia": "EM", "pelotao": "P/4 MOTOMEC", "cidade": "Botucatu", "endereco": "RUA GENERAL JÚLIO MARCONDES SALGADO, 414, CENTRO - Botucatu", "latitude": -22.8944229, "longitude": -48.4445908, "fonte_geocodificacao": "Google Geocoding API", "opm_nome": "P/4 E MOTOMECANIZACAO", "opm_descricao": "CPI-7 12.BPM/I EM P/4 MOTOMEC", "opm_codigo": "607128400" }, "geometry": { "type": "Point", "coordinates": [ -48.4445908, -22.8944229 ] } },
{ "type": "Feature", "properties": { "id_comando": "CPI-7", "nome_comando": "7º Comando de Policiamento do Interior (CPI-7)", "nome_batalhao": "12º BPM/I", "tipo_batalhao": "Interior", "companhia": "EM", "pelotao": "P/5", "cidade": "Botucatu", "endereco": "RUA GENERAL JÚLIO MARCONDES SALGADO/ BOTUCATU, 414, VILA SILVINHA - Botucatu", "latitude": -22.8944229, "longitude": -48.4445908, "fonte_geocodificacao": "Google Geocoding API", "opm_nome": "12.BPM/I P/5", "opm_descricao": "CPI-7 12.BPM/I EM P/5", "opm_codigo": "607128500" }, "geometry": { "type": "Point", "coordinates": [ -48.4445908, -22.8944229 ] } },
{ "type": "Feature", "properties": { "id_comando": "CPI-7", "nome_comando": "7º Comando de Policiamento do Interior (CPI-7)", "nome_batalhao": "12º BPM/I", "tipo_batalhao": "Interior", "companhia": "EM", "pelotao": "PEL FT", "cidade": "Botucatu", "endereco": "RUA GENERAL JÚLIO MARCONDES SALGADO, 414, CENTRO - Botucatu", "latitude": -22.8944229, "longitude": -48.4445908, "fonte_geocodificacao": "Google Geocoding API", "opm_nome": "12.BPMI PEL FT", "opm_descricao": "CPI-7 12.BPM/I EM PEL FT", "opm_codigo": "607128320" }, "geometry": { "type": "Point", "coordinates": [ -48.4445908, -22.8944229 ] } },
{ "type": "Feature", "properties": { "id_comando": "CPI-7", "nome_comando": "7º Comando de Policiamento do Interior (CPI-7)", "nome_batalhao": "12º BPM/I", "tipo_batalhao": "Interior", "companhia": "EM", "pelotao": "SEC PJMD", "cidade": "Botucatu", "endereco": "RUA GENERAL JÚLIO MARCONDES SALGADO, 414, CENTRO - Botucatu", "latitude": -22.8944229, "longitude": -48.4445908, "fonte_geocodificacao": "Google Geocoding API", "opm_nome": "SECAO POLICIA JUDICIARIA MILITAR E DISCIPLINA", "opm_descricao": "CPI-7 12.BPM/I EM SEC PJMD", "opm_codigo": "607128600" }, "geometry": { "type": "Point", "coordinates": [ -48.4445908, -22.8944229 ] } },
{ "type": "Feature", "properties": { "id_comando": "CPI-7", "nome_comando": "7º Comando de Policiamento do Interior (CPI-7)", "nome_batalhao": "12º BPM/I", "tipo_batalhao": "Interior", "companhia": "EM", "pelotao": "UIS", "cidade": "Botucatu", "endereco": "RUA GENERAL JÚLIO MARCONDES SALGADO, 414, CENTRO - Botucatu", "latitude": -22.8944229, "longitude": -48.4445908, "fonte_geocodificacao": "Google Geocoding API", "opm_nome": "UNIDADE INTEGRADA DE SAUDE", "opm_descricao": "CPI-7 12.BPM/I EM UIS", "opm_codigo": "607128010" }, "geometry": { "type": "Point", "coordinates": [ -48.4445908, -22.8944229 ] } },
{ "type": "Feature", "properties": { "id_comando": "CPA/M-2", "nome_comando": "2º Comando de Policiamento de Área Metropolitana (CPA/M-2)", "nome_batalhao": "12º BPM/M", "tipo_batalhao": "Metropolitano", "companhia": "1.CIA PM", "pelotao": "TERRITORIAL", "cidade": "Sao Paulo", "endereco": "RUA REPUBLICA DO IRAQUE, 1119, CAMPO BELO - Sao Paulo", "latitude": -23.6245297, "longitude": -46.6717304, "fonte_geocodificacao": "Google Geocoding API", "opm_nome": "1. COMPANHIA DE POLICIA MILITAR", "opm_descricao": "CPA/M-2 12.BPM/M 1.CIA PM TERRITORIAL", "opm_codigo": "502121000" }, "geometry": { "type": "Point", "coordinates": [ -46.6717304, -23.6245297 ] } },
{ "type": "Feature", "properties": { "id_comando": "CPA/M-2", "nome_comando": "2º Comando de Policiamento de Área Metropolitana (CPA/M-2)", "nome_batalhao": "12º BPM/M", "tipo_batalhao": "Metropolitano", "companhia": "2.CIA PM", "pelotao": "TERRITORIAL", "cidade": "Sao Paulo", "endereco": "RUA SENA MADUREIRA, 980, VILA CLEMENTINO - Sao Paulo", "latitude": -23.5932816, "longitude": -46.6453067, "fonte_geocodificacao": "Google Geocoding API", "opm_nome": "2. COMPANHIA DE POLICIA MILITAR", "opm_descricao": "CPA/M-2 12.BPM/M 2.CIA PM TERRITORIAL", "opm_codigo": "502122000" }, "geometry": { "type": "Point", "coordinates": [ -46.6453067, -23.5932816 ] } },
{ "type": "Feature", "properties": { "id_comando": "CPA/M-2", "nome_comando": "2º Comando de Policiamento de Área Metropolitana (CPA/M-2)", "nome_batalhao": "12º BPM/M", "tipo_batalhao": "Metropolitano", "companhia": "3.CIA PM", "pelotao": "TERRITORIAL", "cidade": "Sao Paulo", "endereco": "AVENIDA QUARTO CENTENARIO, 1450  JARDIM LUZITÂNIA, MOEMA - Sao Paulo", "latitude": -23.5951042, "longitude": -46.6654729, "fonte_geocodificacao": "Google Geocoding API", "opm_nome": "3. COMPANHIA DE POLICIA MILITAR", "opm_descricao": "CPA/M-2 12.BPM/M 3.CIA PM TERRITORIAL", "opm_codigo": "502123000" }, "geometry": { "type": "Point", "coordinates": [ -46.6654729, -23.5951042 ] } },
{ "type": "Feature", "properties": { "id_comando": "CPI-3", "nome_comando": "3º Comando de Policiamento do Interior (CPI-3)", "nome_batalhao": "13º BPM/I", "tipo_batalhao": "Interior", "companhia": "1.CIA PM", "pelotao": "1.PEL PM", "cidade": "Araraquara", "endereco": "AVENIDA MARIA ANTONIA CAMARGO DE OLIVEIRA, 149, JARDIM NOVA AMERICA - Araraquara", "latitude": -21.8055402, "longitude": -48.172633, "fonte_geocodificacao": "Google Geocoding API", "opm_nome": "13.BPM/I 1.CIA PM 1.PEL PM", "opm_descricao": "CPI-3 13.BPM/I 1.CIA PM 1.PEL PM", "opm_codigo": "603131100" }, "geometry": { "type": "Point", "coordinates": [ -48.172633, -21.8055402 ] } },
{ "type": "Feature", "properties": { "id_comando": "CPI-3", "nome_comando": "3º Comando de Policiamento do Interior (CPI-3)", "nome_batalhao": "13º BPM/I", "tipo_batalhao": "Interior", "companhia": "1.CIA PM", "pelotao": "3.PEL PM", "cidade": "Araraquara", "endereco": "AVENIDA MARIA ANTONIA CAMARGO DE OLIVEIRA, 149  UNIDADE INEXISTENTE, JARDIM NOVA AMERICA - Araraquara", "latitude": -21.8055402, "longitude": -48.172633, "fonte_geocodificacao": "Google Geocoding API", "opm_nome": "13.BPM/I 1.CIA PM 3.PEL PM", "opm_descricao": "CPI-3 13.BPM/I 1.CIA PM 3.PEL PM", "opm_codigo": "603131300" }, "geometry": { "type": "Point", "coordinates": [ -48.172633, -21.8055402 ] } },
{ "type": "Feature", "properties": { "id_comando": "CPI-3", "nome_comando": "3º Comando de Policiamento do Interior (CPI-3)", "nome_batalhao": "13º BPM/I", "tipo_batalhao": "Interior", "companhia": "1.CIA PM", "pelotao": "ADM", "cidade": "Araraquara", "endereco": "AVENIDA MARIA ANTONIA CAMARGO DE OLIVEIRA, 149, JARDIM NOVA AMÉRICA - Araraquara", "latitude": -21.8055402, "longitude": -48.172633, "fonte_geocodificacao": "Google Geocoding API", "opm_nome": "ADMINISTRACAO", "opm_descricao": "CPI-3 13.BPM/I 1.CIA PM ADM", "opm_codigo": "603131700" }, "geometry": { "type": "Point", "coordinates": [ -48.172633, -21.8055402 ] } },
{ "type": "Feature", "properties": { "id_comando": "CPI-3", "nome_comando": "3º Comando de Policiamento do Interior (CPI-3)", "nome_batalhao": "13º BPM/I", "tipo_batalhao": "Interior", "companhia": "1.CIA PM", "pelotao": "CGP", "cidade": "Araraquara", "endereco": "AVENIDA MARIA ANTONIA CAMARGO DE OLIVEIRA, 149, CENTRO - Araraquara", "latitude": -21.8055402, "longitude": -48.172633, "fonte_geocodificacao": "Google Geocoding API", "opm_nome": "COMANDO DE GRUPO PATRULHA", "opm_descricao": "CPI-3 13.BPM/I 1.CIA PM CGP", "opm_codigo": "603131800" }, "geometry": { "type": "Point", "coordinates": [ -48.172633, -21.8055402 ] } },
{ "type": "Feature", "properties": { "id_comando": "CPI-3", "nome_comando": "3º Comando de Policiamento do Interior (CPI-3)", "nome_batalhao": "13º BPM/I", "tipo_batalhao": "Interior", "companhia": "2.CIA PM", "pelotao": "0", "cidade": "Tabatinga", "endereco": "RUA CATANDUVA, 146, CENTRO - Tabatinga", "latitude": -21.7384494, "longitude": -48.6861527, "fonte_geocodificacao": "Google Geocoding API", "opm_nome": "13.BPM/I 2.CIA PM  4.GP/PM", "opm_descricao": "CPI-3 13.BPM/I 2.CIA PM 0 4.GP/PM", "opm_codigo": "603132005" }, "geometry": { "type": "Point", "coordinates": [ -48.6861527, -21.7384494 ] } },
{ "type": "Feature", "properties": { "id_comando": "CPI-3", "nome_comando": "3º Comando de Policiamento do Interior (CPI-3)", "nome_batalhao": "13º BPM/I", "tipo_batalhao": "Interior", "companhia": "2.CIA PM", "pelotao": "1.PEL PM", "cidade": "Itapolis", "endereco": "RUA PERO NETO, 1710  UNIDADE INEXISTENTE, IV CENTENARIO - Itapolis", "latitude": -21.6048014, "longitude": -48.8110165, "fonte_geocodificacao": "Google Geocoding API", "opm_nome": "13.BPM/I 2.CIA PM 1.PEL PM", "opm_descricao": "CPI-3 13.BPM/I 2.CIA PM 1.PEL PM", "opm_codigo": "603132100" }, "geometry": { "type": "Point", "coordinates": [ -48.8110165, -21.6048014 ] } },
{ "type": "Feature", "properties": { "id_comando": "CPI-3", "nome_comando": "3º Comando de Policiamento do Interior (CPI-3)", "nome_batalhao": "13º BPM/I", "tipo_batalhao": "Interior", "companhia": "2.CIA PM", "pelotao": "ADM", "cidade": "Taquaritinga", "endereco": "AVENIDA JOÃO JORGE, 111, CENTRO - Taquaritinga", "latitude": -21.4121336, "longitude": -48.4975886, "fonte_geocodificacao": "Google Geocoding API", "opm_nome": "ADMINISTRACAO", "opm_descricao": "CPI-3 13.BPM/I 2.CIA PM ADM", "opm_codigo": "603132300" }, "geometry": { "type": "Point", "coordinates": [ -48.4975886, -21.4121336 ] } },
{ "type": "Feature", "properties": { "id_comando": "CPI-3", "nome_comando": "3º Comando de Policiamento do Interior (CPI-3)", "nome_batalhao": "13º BPM/I", "tipo_batalhao": "Interior", "companhia": "2.CIA PM", "pelotao": "CGP", "cidade": "Taquaritinga", "endereco": "AVENIDA JOÃO JORGE, 111, VILA ROSA - Taquaritinga", "latitude": -21.4121336, "longitude": -48.4975886, "fonte_geocodificacao": "Google Geocoding API", "opm_nome": "COMANDO DE GRUPO PATRULHA", "opm_descricao": "CPI-3 13.BPM/I 2.CIA PM CGP", "opm_codigo": "603132400" }, "geometry": { "type": "Point", "coordinates": [ -48.4975886, -21.4121336 ] } },
{ "type": "Feature", "properties": { "id_comando": "CPI-3", "nome_comando": "3º Comando de Policiamento do Interior (CPI-3)", "nome_batalhao": "13º BPM/I", "tipo_batalhao": "Interior", "companhia": "2.CIA PM", "pelotao": "PEL PM", "cidade": "Itapolis", "endereco": "RUA PERO NETO, 1710, IV CENTENARIO - Itapolis", "latitude": -21.6048014, "longitude": -48.8110165, "fonte_geocodificacao": "Google Geocoding API", "opm_nome": "PELOTAO POLICIAL MILITAR", "opm_descricao": "CPI-3 13.BPM/I 2.CIA PM PEL PM", "opm_codigo": "603132200" }, "geometry": { "type": "Point", "coordinates": [ -48.8110165, -21.6048014 ] } },
{ "type": "Feature", "properties": { "id_comando": "CPI-3", "nome_comando": "3º Comando de Policiamento do Interior (CPI-3)", "nome_batalhao": "13º BPM/I", "tipo_batalhao": "Interior", "companhia": "3.CIA PM", "pelotao": "1.PEL PM", "cidade": "Americo Brasiliense", "endereco": "RUA TOLEDO PIZZA, 61  UNIDADE INEXISTENTE, CENTRO - Americo Brasiliense", "latitude": -21.7255663, "longitude": -48.1033612, "fonte_geocodificacao": "Google Geocoding API", "opm_nome": "13.BPM/I 3.CIA PM 1.PEL PM", "opm_descricao": "CPI-3 13.BPM/I 3.CIA PM 1.PEL PM", "opm_codigo": "603133100" }, "geometry": { "type": "Point", "coordinates": [ -48.103361199999988, -21.7255663 ] } },
{ "type": "Feature", "properties": { "id_comando": "CPI-3", "nome_comando": "3º Comando de Policiamento do Interior (CPI-3)", "nome_batalhao": "13º BPM/I", "tipo_batalhao": "Interior", "companhia": "3.CIA PM", "pelotao": "ADM", "cidade": "Araraquara", "endereco": "AVENIDA JORGE BILLER TEIXEIRA, 519, CENTRO - Araraquara", "latitude": -21.7792197, "longitude": -48.1738321, "fonte_geocodificacao": "Google Geocoding API", "opm_nome": "ADMINISTRACAO", "opm_descricao": "CPI-3 13.BPM/I 3.CIA PM ADM", "opm_codigo": "603133500" }, "geometry": { "type": "Point", "coordinates": [ -48.1738321, -21.7792197 ] } },
{ "type": "Feature", "properties": { "id_comando": "CPI-3", "nome_comando": "3º Comando de Policiamento do Interior (CPI-3)", "nome_batalhao": "13º BPM/I", "tipo_batalhao": "Interior", "companhia": "3.CIA PM", "pelotao": "CGP", "cidade": "Araraquara", "endereco": "AVENIDA JORGE BILLER TEIXEIRA, 519, VILA FERROVIÁRIA - Araraquara", "latitude": -21.7792197, "longitude": -48.1738321, "fonte_geocodificacao": "Google Geocoding API", "opm_nome": "COMANDO DE GRUPO PATRULHA", "opm_descricao": "CPI-3 13.BPM/I 3.CIA PM CGP", "opm_codigo": "603133600" }, "geometry": { "type": "Point", "coordinates": [ -48.1738321, -21.7792197 ] } },
{ "type": "Feature", "properties": { "id_comando": "CPI-3", "nome_comando": "3º Comando de Policiamento do Interior (CPI-3)", "nome_batalhao": "13º BPM/I", "tipo_batalhao": "Interior", "companhia": "3.CIA PM", "pelotao": "PEL PM", "cidade": "Americo Brasiliense", "endereco": "RUA TOLEDO PIZZA, 61, CENTRO - Americo Brasiliense", "latitude": -21.7255663, "longitude": -48.1033612, "fonte_geocodificacao": "Google Geocoding API", "opm_nome": "PELOTAO POLICIAL MILITAR", "opm_descricao": "CPI-3 13.BPM/I 3.CIA PM PEL PM", "opm_codigo": "603133400" }, "geometry": { "type": "Point", "coordinates": [ -48.103361199999988, -21.7255663 ] } },
{ "type": "Feature", "properties": { "id_comando": "CPI-3", "nome_comando": "3º Comando de Policiamento do Interior (CPI-3)", "nome_batalhao": "13º BPM/I", "tipo_batalhao": "Interior", "companhia": "4.CIA PM", "pelotao": "0", "cidade": "Tabatinga", "endereco": "RUA CATANDUVA, 146, CENTRO - Tabatinga", "latitude": -21.7384494, "longitude": -48.6861527, "fonte_geocodificacao": "Google Geocoding API", "opm_nome": "13.BPM/I 4.CIA PM  4.GP/PM", "opm_descricao": "CPI-3 13.BPM/I 4.CIA PM 0 4.GP/PM", "opm_codigo": "603134004" }, "geometry": { "type": "Point", "coordinates": [ -48.6861527, -21.7384494 ] } },
{ "type": "Feature", "properties": { "id_comando": "CPI-3", "nome_comando": "3º Comando de Policiamento do Interior (CPI-3)", "nome_batalhao": "13º BPM/I", "tipo_batalhao": "Interior", "companhia": "4.CIA PM", "pelotao": "2.PEL PM", "cidade": "Dobrada", "endereco": "RUA CAP ALBERTO MENDES JUNIOR, 270, CENTRO - Dobrada", "latitude": -21.5197173, "longitude": -48.3940393, "fonte_geocodificacao": "Google Geocoding API", "opm_nome": "13.BPM/I 4.CIA PM 2.PEL PM", "opm_descricao": "CPI-3 13.BPM/I 4.CIA PM 2.PEL PM 0", "opm_codigo": "603134200" }, "geometry": { "type": "Point", "coordinates": [ -48.3940393, -21.5197173 ] } },
{ "type": "Feature", "properties": { "id_comando": "CPI-3", "nome_comando": "3º Comando de Policiamento do Interior (CPI-3)", "nome_batalhao": "13º BPM/I", "tipo_batalhao": "Interior", "companhia": "4.CIA PM", "pelotao": "ADM", "cidade": "Matao", "endereco": "RUA RUI BARBOSA, 580, CENTRO - Matao", "latitude": -21.6018679, "longitude": -48.3681636, "fonte_geocodificacao": "Google Geocoding API", "opm_nome": "ADMINISTRACAO", "opm_descricao": "CPI-3 13.BPM/I 4.CIA PM ADM", "opm_codigo": "603134300" }, "geometry": { "type": "Point", "coordinates": [ -48.3681636, -21.6018679 ] } },
{ "type": "Feature", "properties": { "id_comando": "CPI-3", "nome_comando": "3º Comando de Policiamento do Interior (CPI-3)", "nome_batalhao": "13º BPM/I", "tipo_batalhao": "Interior", "companhia": "4.CIA PM", "pelotao": "CGP", "cidade": "Matao", "endereco": "RUA RUI BARBOSA, 580, CENTRO - Matao", "latitude": -21.6018679, "longitude": -48.3681636, "fonte_geocodificacao": "Google Geocoding API", "opm_nome": "COMANDO DE GRUPO PATRULHA", "opm_descricao": "CPI-3 13.BPM/I 4.CIA PM CGP", "opm_codigo": "603134400" }, "geometry": { "type": "Point", "coordinates": [ -48.3681636, -21.6018679 ] } },
{ "type": "Feature", "properties": { "id_comando": "CPI-3", "nome_comando": "3º Comando de Policiamento do Interior (CPI-3)", "nome_batalhao": "13º BPM/I", "tipo_batalhao": "Interior", "companhia": "5.CIA PM", "pelotao": "ADM", "cidade": "Ibitinga", "endereco": "RUA DOMINGOS ROBERT, 671, CENTRO - Ibitinga", "latitude": -21.7558911, "longitude": -48.8291642, "fonte_geocodificacao": "Google Geocoding API", "opm_nome": "ADMINISTRACAO", "opm_descricao": "CPI-3 13.BPM/I 5.CIA PM ADM", "opm_codigo": "603135400" }, "geometry": { "type": "Point", "coordinates": [ -48.8291642, -21.7558911 ] } },
{ "type": "Feature", "properties": { "id_comando": "CPI-3", "nome_comando": "3º Comando de Policiamento do Interior (CPI-3)", "nome_batalhao": "13º BPM/I", "tipo_batalhao": "Interior", "companhia": "5.CIA PM", "pelotao": "CGP", "cidade": "Ibitinga", "endereco": "RUA DOMINGOS ROBERT, 671, CENTRO - Ibitinga", "latitude": -21.7558911, "longitude": -48.8291642, "fonte_geocodificacao": "Google Geocoding API", "opm_nome": "COMANDO DE GRUPO PATRULHA", "opm_descricao": "CPI-3 13.BPM/I 5.CIA PM CGP", "opm_codigo": "603135500" }, "geometry": { "type": "Point", "coordinates": [ -48.8291642, -21.7558911 ] } },
{ "type": "Feature", "properties": { "id_comando": "CPI-3", "nome_comando": "3º Comando de Policiamento do Interior (CPI-3)", "nome_batalhao": "13º BPM/I", "tipo_batalhao": "Interior", "companhia": "CIA F TAT", "pelotao": "1.PEL FT", "cidade": "Araraquara", "endereco": "AVENIDA JORGE BILLER TEIXEIRA, 519, VILA GODOI - Araraquara", "latitude": -21.7792197, "longitude": -48.1738321, "fonte_geocodificacao": "Google Geocoding API", "opm_nome": "1. PELOTAO FORCA TATICA", "opm_descricao": "CPI-3 13.BPM/I CIA F TAT 1.PEL FT", "opm_codigo": "603137200" }, "geometry": { "type": "Point", "coordinates": [ -48.1738321, -21.7792197 ] } },
{ "type": "Feature", "properties": { "id_comando": "CPI-3", "nome_comando": "3º Comando de Policiamento do Interior (CPI-3)", "nome_batalhao": "13º BPM/I", "tipo_batalhao": "Interior", "companhia": "CIA F TAT", "pelotao": "ADM", "cidade": "Araraquara", "endereco": "AVENIDA JORGE BILLER TEIXEIRA, 519, VILA GODOI - Araraquara", "latitude": -21.7792197, "longitude": -48.1738321, "fonte_geocodificacao": "Google Geocoding API", "opm_nome": "ADMINISTRACAO", "opm_descricao": "CPI-3 13.BPM/I CIA F TAT ADM", "opm_codigo": "603137300" }, "geometry": { "type": "Point", "coordinates": [ -48.1738321, -21.7792197 ] } },
{ "type": "Feature", "properties": { "id_comando": "CPI-3", "nome_comando": "3º Comando de Policiamento do Interior (CPI-3)", "nome_batalhao": "13º BPM/I", "tipo_batalhao": "Interior", "companhia": "EM", "pelotao": "AG AREA", "cidade": "Araraquara", "endereco": "AVENIDA JORGE BILLER TEIXEIRA, 519, VILA FERROVIARIA - Araraquara", "latitude": -21.7792197, "longitude": -48.1738321, "fonte_geocodificacao": "Google Geocoding API", "opm_nome": "AGENCIA DE AREA", "opm_descricao": "CPI-3 13.BPM/I EM AG AREA", "opm_codigo": "603138200" }, "geometry": { "type": "Point", "coordinates": [ -48.1738321, -21.7792197 ] } },
{ "type": "Feature", "properties": { "id_comando": "CPI-3", "nome_comando": "3º Comando de Policiamento do Interior (CPI-3)", "nome_batalhao": "13º BPM/I", "tipo_batalhao": "Interior", "companhia": "EM", "pelotao": "DIV OP", "cidade": "Araraquara", "endereco": "AVENIDA JORGE BILLER TEIXEIRA, 519, VILA FERROVIÁRIA - Araraquara", "latitude": -21.7792197, "longitude": -48.1738321, "fonte_geocodificacao": "Google Geocoding API", "opm_nome": "DIVISAO OPERACIONAL", "opm_descricao": "CPI-3 13.BPM/I EM DIV OP", "opm_codigo": "603138300" }, "geometry": { "type": "Point", "coordinates": [ -48.1738321, -21.7792197 ] } },
{ "type": "Feature", "properties": { "id_comando": "CPI-3", "nome_comando": "3º Comando de Policiamento do Interior (CPI-3)", "nome_batalhao": "13º BPM/I", "tipo_batalhao": "Interior", "companhia": "EM", "pelotao": "MOTOMEC", "cidade": "Araraquara", "endereco": "AVENIDA JORGE BILLER TEIXEIRA, 519, VILA FERROVIARIA - Araraquara", "latitude": -21.7792197, "longitude": -48.1738321, "fonte_geocodificacao": "Google Geocoding API", "opm_nome": "13. BPM/I MOTOMEC", "opm_descricao": "CPI-3 13.BPM/I EM MOTOMEC 0", "opm_codigo": "603138700" }, "geometry": { "type": "Point", "coordinates": [ -48.1738321, -21.7792197 ] } },
{ "type": "Feature", "properties": { "id_comando": "CPI-3", "nome_comando": "3º Comando de Policiamento do Interior (CPI-3)", "nome_batalhao": "13º BPM/I", "tipo_batalhao": "Interior", "companhia": "EM", "pelotao": "P/1 P/5", "cidade": "Araraquara", "endereco": "AVENIDA JORGE BILLER TEIXEIRA, 519, VILA FERROVIARIA - Araraquara", "latitude": -21.7792197, "longitude": -48.1738321, "fonte_geocodificacao": "Google Geocoding API", "opm_nome": "P/1 E P/5", "opm_descricao": "CPI-3 13.BPM/I EM P/1 P/5", "opm_codigo": "603138100" }, "geometry": { "type": "Point", "coordinates": [ -48.1738321, -21.7792197 ] } },
{ "type": "Feature", "properties": { "id_comando": "CPI-3", "nome_comando": "3º Comando de Policiamento do Interior (CPI-3)", "nome_batalhao": "13º BPM/I", "tipo_batalhao": "Interior", "companhia": "EM", "pelotao": "P/3", "cidade": "Araraquara", "endereco": "AVENIDA JORGE BILLER TEIXEIRA, 519, VILA GODOI - Araraquara", "latitude": -21.7792197, "longitude": -48.1738321, "fonte_geocodificacao": "Google Geocoding API", "opm_nome": "CAD", "opm_descricao": "CPI-3 13.BPM/I EM P/3 CAD", "opm_codigo": "603138310" }, "geometry": { "type": "Point", "coordinates": [ -48.1738321, -21.7792197 ] } },
{ "type": "Feature", "properties": { "id_comando": "CPI-3", "nome_comando": "3º Comando de Policiamento do Interior (CPI-3)", "nome_batalhao": "13º BPM/I", "tipo_batalhao": "Interior", "companhia": "EM", "pelotao": "P/4", "cidade": "Araraquara", "endereco": "AVENIDA JORGE BILLER TEIXEIRA, 519, VILA FERROVIARIA - Araraquara", "latitude": -21.7792197, "longitude": -48.1738321, "fonte_geocodificacao": "Google Geocoding API", "opm_nome": "P/4", "opm_descricao": "CPI-3 13.BPM/I EM P/4", "opm_codigo": "603138400" }, "geometry": { "type": "Point", "coordinates": [ -48.1738321, -21.7792197 ] } },
{ "type": "Feature", "properties": { "id_comando": "CPI-3", "nome_comando": "3º Comando de Policiamento do Interior (CPI-3)", "nome_batalhao": "13º BPM/I", "tipo_batalhao": "Interior", "companhia": "EM", "pelotao": "P/5", "cidade": "Araraquara", "endereco": "AVENIDA JORGE BILLER TEIXEIRA, 519, VILA FERROVIARIA - Araraquara", "latitude": -21.7792197, "longitude": -48.1738321, "fonte_geocodificacao": "Google Geocoding API", "opm_nome": "13.BPM/I P/5", "opm_descricao": "CPI-3 13.BPM/I EM P/5", "opm_codigo": "603138500" }, "geometry": { "type": "Point", "coordinates": [ -48.1738321, -21.7792197 ] } },
{ "type": "Feature", "properties": { "id_comando": "CPI-3", "nome_comando": "3º Comando de Policiamento do Interior (CPI-3)", "nome_batalhao": "13º BPM/I", "tipo_batalhao": "Interior", "companhia": "EM", "pelotao": "SEC PJMD", "cidade": "Araraquara", "endereco": "AVENIDA JORGE BILLER TEIXEIRA, 519, VILA FERROVIARIA - Araraquara", "latitude": -21.7792197, "longitude": -48.1738321, "fonte_geocodificacao": "Google Geocoding API", "opm_nome": "SECAO POLICIA JUDICIARIA MILITAR E DISCIPLINA", "opm_descricao": "CPI-3 13.BPM/I EM SEC PJMD", "opm_codigo": "603138600" }, "geometry": { "type": "Point", "coordinates": [ -48.1738321, -21.7792197 ] } },
{ "type": "Feature", "properties": { "id_comando": "CPI-3", "nome_comando": "3º Comando de Policiamento do Interior (CPI-3)", "nome_batalhao": "13º BPM/I", "tipo_batalhao": "Interior", "companhia": "EM", "pelotao": "UIS", "cidade": "Araraquara", "endereco": "AVENIDA JORGE BILLER TEIXEIRA, 519, VILA GODOI - Araraquara", "latitude": -21.7792197, "longitude": -48.1738321, "fonte_geocodificacao": "Google Geocoding API", "opm_nome": "GABINETE MEDICO", "opm_descricao": "CPI-3 13.BPM/I EM UIS GAB MED", "opm_codigo": "603138011" }, "geometry": { "type": "Point", "coordinates": [ -48.1738321, -21.7792197 ] } },
{ "type": "Feature", "properties": { "id_comando": "CPI-3", "nome_comando": "3º Comando de Policiamento do Interior (CPI-3)", "nome_batalhao": "13º BPM/I", "tipo_batalhao": "Interior", "companhia": "EM", "pelotao": "UIS MEDICA", "cidade": "Araraquara", "endereco": "AVENIDA JORGE BILLER TEIXEIRA, 519, VILA FERROVIARIA - Araraquara", "latitude": -21.7792197, "longitude": -48.1738321, "fonte_geocodificacao": "Google Geocoding API", "opm_nome": "13.BPM/I EM UIS MEDICA", "opm_descricao": "CPI-3 13.BPM/I EM UIS MEDICA", "opm_codigo": "603138800" }, "geometry": { "type": "Point", "coordinates": [ -48.1738321, -21.7792197 ] } },
{ "type": "Feature", "properties": { "id_comando": "CPI-3", "nome_comando": "3º Comando de Policiamento do Interior (CPI-3)", "nome_batalhao": "13º BPM/I", "tipo_batalhao": "Interior", "companhia": "EM", "pelotao": "UIS ODONTO", "cidade": "Araraquara", "endereco": "AVENIDA JORGE BILLER TEIXEIRA, 519, VILA FERROVIARIA - Araraquara", "latitude": -21.7792197, "longitude": -48.1738321, "fonte_geocodificacao": "Google Geocoding API", "opm_nome": "13.BPM/I EM UIS ODONTO", "opm_descricao": "CPI-3 13.BPM/I EM UIS ODONTO", "opm_codigo": "603138900" }, "geometry": { "type": "Point", "coordinates": [ -48.1738321, -21.7792197 ] } },
{ "type": "Feature", "properties": { "id_comando": "CPA/M-1", "nome_comando": "1º Comando de Policiamento de Área Metropolitana (CPA/M-1)", "nome_batalhao": "13º BPM/M", "tipo_batalhao": "Metropolitano", "companhia": "1.CIA PM", "pelotao": "TERRITORIAL", "cidade": "Sao Paulo", "endereco": "AVENIDA RIO BRANCO, 1289, CAMPOS ELÍSEOS - Sao Paulo", "latitude": -23.5330101, "longitude": -46.6453972, "fonte_geocodificacao": "Google Geocoding API", "opm_nome": "1. COMPANHIA DE POLICIA MILITAR", "opm_descricao": "CPA/M-1 13.BPM/M 1.CIA PM TERRITORIAL", "opm_codigo": "501131000" }, "geometry": { "type": "Point", "coordinates": [ -46.6453972, -23.5330101 ] } },
{ "type": "Feature", "properties": { "id_comando": "CPA/M-1", "nome_comando": "1º Comando de Policiamento de Área Metropolitana (CPA/M-1)", "nome_batalhao": "13º BPM/M", "tipo_batalhao": "Metropolitano", "companhia": "2.CIA PM", "pelotao": "TERRITORIAL", "cidade": "Sao Paulo", "endereco": "RUA GABRIEL DOS SANTOS, 81, SANTA CECILIA - Sao Paulo", "latitude": -23.5334422, "longitude": -46.6579929, "fonte_geocodificacao": "Google Geocoding API", "opm_nome": "2. COMPANHIA DE POLICIA MILITAR", "opm_descricao": "CPA/M-1 13.BPM/M 2.CIA PM TERRITORIAL", "opm_codigo": "501132000" }, "geometry": { "type": "Point", "coordinates": [ -46.6579929, -23.5334422 ] } },
{ "type": "Feature", "properties": { "id_comando": "CPA/M-1", "nome_comando": "1º Comando de Policiamento de Área Metropolitana (CPA/M-1)", "nome_batalhao": "13º BPM/M", "tipo_batalhao": "Metropolitano", "companhia": "3.CIA PM", "pelotao": "TERRITORIAL", "cidade": "Sao Paulo", "endereco": "RUA CORONEL EMIDIO PIEDADE, 425, BRÁS - Sao Paulo", "latitude": -23.5295307, "longitude": -46.6121143, "fonte_geocodificacao": "Google Geocoding API", "opm_nome": "3. COMPANHIA DE POLICIA MILITAR", "opm_descricao": "CPA/M-1 13.BPM/M 3.CIA PM TERRITORIAL", "opm_codigo": "501133000" }, "geometry": { "type": "Point", "coordinates": [ -46.612114299999988, -23.5295307 ] } },
{ "type": "Feature", "properties": { "id_comando": "CPI-6", "nome_comando": "6º Comando de Policiamento do Interior (CPI-6)", "nome_batalhao": "14º BPM/I", "tipo_batalhao": "Interior", "companhia": "1.CIA PM", "pelotao": "1.PEL PM", "cidade": "Juquia", "endereco": "AVENIDA BRASIL, 165, CENTRO - Juquia", "latitude": -24.3185218, "longitude": -47.6351689, "fonte_geocodificacao": "Google Geocoding API", "opm_nome": "14.BPM/I 1.CIA PM 1.PEL PM", "opm_descricao": "CPI-6 14.BPM/I 1.CIA PM 1.PEL PM", "opm_codigo": "606141100" }, "geometry": { "type": "Point", "coordinates": [ -47.6351689, -24.3185218 ] } },
{ "type": "Feature", "properties": { "id_comando": "CPI-6", "nome_comando": "6º Comando de Policiamento do Interior (CPI-6)", "nome_batalhao": "14º BPM/I", "tipo_batalhao": "Interior", "companhia": "1.CIA PM", "pelotao": "3.PEL PM", "cidade": "Registro", "endereco": "AV MARGINAL CASTELO BRANCO, 2179, VILA RIBEIROPOLIS - Registro", "latitude": -24.5064854, "longitude": -47.8480284, "fonte_geocodificacao": "Google Geocoding API", "opm_nome": "14.BPM/I 1.CIA PM 3.PEL PM", "opm_descricao": "CPI-6 14.BPM/I 1.CIA PM 3.PEL PM", "opm_codigo": "606141300" }, "geometry": { "type": "Point", "coordinates": [ -47.8480284, -24.5064854 ] } },
{ "type": "Feature", "properties": { "id_comando": "CPI-6", "nome_comando": "6º Comando de Policiamento do Interior (CPI-6)", "nome_batalhao": "14º BPM/I", "tipo_batalhao": "Interior", "companhia": "1.CIA PM", "pelotao": "ADM", "cidade": "Registro", "endereco": "AVENIDA MARGINAL CASTELO BRANCO, 2179, VILA RIBEIRÓPOLIS - Registro", "latitude": -24.5064854, "longitude": -47.8480284, "fonte_geocodificacao": "Google Geocoding API", "opm_nome": "ADMINISTRACAO", "opm_descricao": "CPI-6 14.BPM/I 1.CIA PM ADM", "opm_codigo": "606141500" }, "geometry": { "type": "Point", "coordinates": [ -47.8480284, -24.5064854 ] } },
{ "type": "Feature", "properties": { "id_comando": "CPI-6", "nome_comando": "6º Comando de Policiamento do Interior (CPI-6)", "nome_batalhao": "14º BPM/I", "tipo_batalhao": "Interior", "companhia": "1.CIA PM", "pelotao": "CGP", "cidade": "Registro", "endereco": "AVENIDA MARGINAL CASTELO BRANCO, 2179, VILA RIBEIRÓPOLIS - Registro", "latitude": -24.5064854, "longitude": -47.8480284, "fonte_geocodificacao": "Google Geocoding API", "opm_nome": "COMANDO GRUPO PATRULHA", "opm_descricao": "CPI-6 14.BPM/I 1.CIA PM CGP", "opm_codigo": "606141600" }, "geometry": { "type": "Point", "coordinates": [ -47.8480284, -24.5064854 ] } },
{ "type": "Feature", "properties": { "id_comando": "CPI-6", "nome_comando": "6º Comando de Policiamento do Interior (CPI-6)", "nome_batalhao": "14º BPM/I", "tipo_batalhao": "Interior", "companhia": "1.CIA PM", "pelotao": "PEL PM", "cidade": "Juquia", "endereco": "AVENIDA BRASIL, 165  SEDE 1º PEL/PM, CENTRO - Juquia", "latitude": -24.213669496574166, "longitude": -47.65226402519442, "fonte_geocodificacao": "Centroide do município-sede (geocodificação rejeitada: fora dos limites do município)", "opm_nome": "PELOTAO POLICIAL MILITAR", "opm_descricao": "CPI-6 14.BPM/I 1.CIA PM PEL PM", "opm_codigo": "606141400" }, "geometry": { "type": "Point", "coordinates": [ -47.65226402519442, -24.213669496574166 ] } },
{ "type": "Feature", "properties": { "id_comando": "CPI-6", "nome_comando": "6º Comando de Policiamento do Interior (CPI-6)", "nome_batalhao": "14º BPM/I", "tipo_batalhao": "Interior", "companhia": "2.CIA PM", "pelotao": "2.PEL PM", "cidade": "Cananeia", "endereco": "AV  INDEPENDÊNCIA, 1420, CENTRO - Cananeia", "latitude": -25.00176, "longitude": -47.9331323, "fonte_geocodificacao": "Google Geocoding API", "opm_nome": "14.BPM/I 2.CIA PM 2.PEL PM", "opm_descricao": "CPI-6 14.BPM/I 2.CIA PM 2.PEL PM", "opm_codigo": "606142200" }, "geometry": { "type": "Point", "coordinates": [ -47.9331323, -25.00176 ] } },
{ "type": "Feature", "properties": { "id_comando": "CPI-6", "nome_comando": "6º Comando de Policiamento do Interior (CPI-6)", "nome_batalhao": "14º BPM/I", "tipo_batalhao": "Interior", "companhia": "2.CIA PM", "pelotao": "3.PEL PM", "cidade": "Jacupiranga", "endereco": "RUA SILVIO CARNEIRO BRAGA, 180, CENTRO - Jacupiranga", "latitude": -24.696634, "longitude": -48.0020329, "fonte_geocodificacao": "Google Geocoding API", "opm_nome": "14.BPM/I 2.CIA PM 3.PEL PM", "opm_descricao": "CPI-6 14.BPM/I 2.CIA PM 3.PEL PM", "opm_codigo": "606142300" }, "geometry": { "type": "Point", "coordinates": [ -48.0020329, -24.696634 ] } },
{ "type": "Feature", "properties": { "id_comando": "CPI-6", "nome_comando": "6º Comando de Policiamento do Interior (CPI-6)", "nome_batalhao": "14º BPM/I", "tipo_batalhao": "Interior", "companhia": "2.CIA PM", "pelotao": "4.PEL PM", "cidade": "Jacupiranga", "endereco": "RUA SILVIO CARNEIRO BRAGA, 180, CENTRO - Jacupiranga", "latitude": -24.696634, "longitude": -48.0020329, "fonte_geocodificacao": "Google Geocoding API", "opm_nome": "14.BPM/I 2.CIA PM 4.PEL PM", "opm_descricao": "CPI-6 14.BPM/I 2.CIA PM 4.PEL PM", "opm_codigo": "606142400" }, "geometry": { "type": "Point", "coordinates": [ -48.0020329, -24.696634 ] } },
{ "type": "Feature", "properties": { "id_comando": "CPI-6", "nome_comando": "6º Comando de Policiamento do Interior (CPI-6)", "nome_batalhao": "14º BPM/I", "tipo_batalhao": "Interior", "companhia": "2.CIA PM", "pelotao": "ADM", "cidade": "Jacupiranga", "endereco": "RUA SILVIO CARNEIRO BRAGA, 180, CENTRO - Jacupiranga", "latitude": -24.696634, "longitude": -48.0020329, "fonte_geocodificacao": "Google Geocoding API", "opm_nome": "ADMINISTRACAO", "opm_descricao": "CPI-6 14.BPM/I 2.CIA PM ADM", "opm_codigo": "606142500" }, "geometry": { "type": "Point", "coordinates": [ -48.0020329, -24.696634 ] } },
{ "type": "Feature", "properties": { "id_comando": "CPI-6", "nome_comando": "6º Comando de Policiamento do Interior (CPI-6)", "nome_batalhao": "14º BPM/I", "tipo_batalhao": "Interior", "companhia": "2.CIA PM", "pelotao": "CGP", "cidade": "Jacupiranga", "endereco": "RUA SILVIO CARNEIRO BRAGA, 180, CENTRO - Jacupiranga", "latitude": -24.696634, "longitude": -48.0020329, "fonte_geocodificacao": "Google Geocoding API", "opm_nome": "COMANDO GRUPO PATRULHA", "opm_descricao": "CPI-6 14.BPM/I 2.CIA PM CGP", "opm_codigo": "606142600" }, "geometry": { "type": "Point", "coordinates": [ -48.0020329, -24.696634 ] } },
{ "type": "Feature", "properties": { "id_comando": "CPI-6", "nome_comando": "6º Comando de Policiamento do Interior (CPI-6)", "nome_batalhao": "14º BPM/I", "tipo_batalhao": "Interior", "companhia": "2.CIA PM", "pelotao": "PEL PM", "cidade": "Cajati", "endereco": "AVENIDA CLAUDINO NOVAES, 74  1º PEL, INHUGUVIRA - Cajati", "latitude": -24.7320098, "longitude": -48.1093926, "fonte_geocodificacao": "Google Geocoding API", "opm_nome": "PELOTAO POLICIAL MILITAR", "opm_descricao": "CPI-6 14.BPM/I 2.CIA PM PEL PM", "opm_codigo": "606142100" }, "geometry": { "type": "Point", "coordinates": [ -48.1093926, -24.7320098 ] } },
{ "type": "Feature", "properties": { "id_comando": "CPI-6", "nome_comando": "6º Comando de Policiamento do Interior (CPI-6)", "nome_batalhao": "14º BPM/I", "tipo_batalhao": "Interior", "companhia": "3.CIA PM", "pelotao": "1.PEL PM", "cidade": "Miracatu", "endereco": "RUA HISSABURO MIYAGUI, 0  SEDE 1º PEL/PM, CENTRO - Miracatu", "latitude": -24.2853085, "longitude": -47.4568279, "fonte_geocodificacao": "Google Geocoding API", "opm_nome": "14.BPM/I 3.CIA PM 1.PEL PM", "opm_descricao": "CPI-6 14.BPM/I 3.CIA PM 1.PEL PM", "opm_codigo": "606143100" }, "geometry": { "type": "Point", "coordinates": [ -47.4568279, -24.2853085 ] } },
{ "type": "Feature", "properties": { "id_comando": "CPI-6", "nome_comando": "6º Comando de Policiamento do Interior (CPI-6)", "nome_batalhao": "14º BPM/I", "tipo_batalhao": "Interior", "companhia": "3.CIA PM", "pelotao": "ADM", "cidade": "Iguape", "endereco": "RUA SALDANHA MARINHO, 136, CANTO DO MORRO - Iguape", "latitude": -24.7059016, "longitude": -47.5516221, "fonte_geocodificacao": "Google Geocoding API", "opm_nome": "ADMINISTRACAO", "opm_descricao": "CPI-6 14.BPM/I 3.CIA PM ADM", "opm_codigo": "606143300" }, "geometry": { "type": "Point", "coordinates": [ -47.5516221, -24.7059016 ] } },
{ "type": "Feature", "properties": { "id_comando": "CPI-6", "nome_comando": "6º Comando de Policiamento do Interior (CPI-6)", "nome_batalhao": "14º BPM/I", "tipo_batalhao": "Interior", "companhia": "3.CIA PM", "pelotao": "CGP", "cidade": "Iguape", "endereco": "RUA SALDANHA MARINHO, 136, CANTO DO MORRO - Iguape", "latitude": -24.7059016, "longitude": -47.5516221, "fonte_geocodificacao": "Google Geocoding API", "opm_nome": "COMANDO GRUPO PATRULHA", "opm_descricao": "CPI-6 14.BPM/I 3.CIA PM CGP", "opm_codigo": "606143400" }, "geometry": { "type": "Point", "coordinates": [ -47.5516221, -24.7059016 ] } },
{ "type": "Feature", "properties": { "id_comando": "CPI-6", "nome_comando": "6º Comando de Policiamento do Interior (CPI-6)", "nome_batalhao": "14º BPM/I", "tipo_batalhao": "Interior", "companhia": "3.CIA PM", "pelotao": "PEL PM", "cidade": "Miracatu", "endereco": "RU HISSABURO MIYAGUI, 0  SEDE 1º PEL/PM, CENTRO - Miracatu", "latitude": -24.2853085, "longitude": -47.4568279, "fonte_geocodificacao": "Google Geocoding API", "opm_nome": "PELOTAO POLICIAL MILITAR", "opm_descricao": "CPI-6 14.BPM/I 3.CIA PM PEL PM", "opm_codigo": "606143200" }, "geometry": { "type": "Point", "coordinates": [ -47.4568279, -24.2853085 ] } },
{ "type": "Feature", "properties": { "id_comando": "CPI-6", "nome_comando": "6º Comando de Policiamento do Interior (CPI-6)", "nome_batalhao": "14º BPM/I", "tipo_batalhao": "Interior", "companhia": "CIA FT", "pelotao": "1.PEL FT", "cidade": "Registro", "endereco": "Avenida Presidente castelo Branco, 2179, Centro - Registro", "latitude": -24.5022895, "longitude": -47.8469656, "fonte_geocodificacao": "Google Geocoding API", "opm_nome": "1.PELOTAO DE FORCA TATICA", "opm_descricao": "CPI-6 14.BPM/I CIA FT 1.PEL FT", "opm_codigo": "606146100" }, "geometry": { "type": "Point", "coordinates": [ -47.8469656, -24.5022895 ] } },
{ "type": "Feature", "properties": { "id_comando": "CPI-6", "nome_comando": "6º Comando de Policiamento do Interior (CPI-6)", "nome_batalhao": "14º BPM/I", "tipo_batalhao": "Interior", "companhia": "CIA FT", "pelotao": "2.PEL FT", "cidade": "Registro", "endereco": "Avenida Presidente Castelo Branco, 2179, Centro - Registro", "latitude": -24.5022895, "longitude": -47.8469656, "fonte_geocodificacao": "Google Geocoding API", "opm_nome": "2.PELOTAO DE FORCA TATICA", "opm_descricao": "CPI-6 14.BPM/I CIA FT 2.PEL FT", "opm_codigo": "606146200" }, "geometry": { "type": "Point", "coordinates": [ -47.8469656, -24.5022895 ] } },
{ "type": "Feature", "properties": { "id_comando": "CPI-6", "nome_comando": "6º Comando de Policiamento do Interior (CPI-6)", "nome_batalhao": "14º BPM/I", "tipo_batalhao": "Interior", "companhia": "CIA FT", "pelotao": "ADM", "cidade": "Registro", "endereco": "Avenida Presidente Castelo Branco, 2179, Centro - Registro", "latitude": -24.5022895, "longitude": -47.8469656, "fonte_geocodificacao": "Google Geocoding API", "opm_nome": "ADMINISTRACAO", "opm_descricao": "CPI-6 14.BPM/I CIA FT ADM", "opm_codigo": "606146700" }, "geometry": { "type": "Point", "coordinates": [ -47.8469656, -24.5022895 ] } },
{ "type": "Feature", "properties": { "id_comando": "CPI-6", "nome_comando": "6º Comando de Policiamento do Interior (CPI-6)", "nome_batalhao": "14º BPM/I", "tipo_batalhao": "Interior", "companhia": "EM", "pelotao": "AG AREA", "cidade": "Registro", "endereco": "AVENIDA PRESIDENTE CASTELO BRANCO, 2179  SEDE BTL, VILA RIBEIROPOLIS - Registro", "latitude": -24.5049389, "longitude": -47.8481721, "fonte_geocodificacao": "Google Geocoding API", "opm_nome": "AGENCIA DE AREA", "opm_descricao": "CPI-6 14.BPM/I EM AG AREA", "opm_codigo": "606148200" }, "geometry": { "type": "Point", "coordinates": [ -47.848172100000014, -24.5049389 ] } },
{ "type": "Feature", "properties": { "id_comando": "CPI-6", "nome_comando": "6º Comando de Policiamento do Interior (CPI-6)", "nome_batalhao": "14º BPM/I", "tipo_batalhao": "Interior", "companhia": "EM", "pelotao": "DIV OP", "cidade": "Registro", "endereco": "AV MARGINAL CASTELO BRANCO, 2179, VILA RIBEIROPOLIS - Registro", "latitude": -24.5064854, "longitude": -47.8480284, "fonte_geocodificacao": "Google Geocoding API", "opm_nome": "DIVISAO OPERACIONAL", "opm_descricao": "CPI-6 14.BPM/I EM DIV OP", "opm_codigo": "606148300" }, "geometry": { "type": "Point", "coordinates": [ -47.8480284, -24.5064854 ] } },
{ "type": "Feature", "properties": { "id_comando": "CPI-6", "nome_comando": "6º Comando de Policiamento do Interior (CPI-6)", "nome_batalhao": "14º BPM/I", "tipo_batalhao": "Interior", "companhia": "EM", "pelotao": "MOTOMEC", "cidade": "Registro", "endereco": "AVENIDA PRESIDENTE CASTELO BRANCO, 2179  SEDE BTL, VILA RIBEIROPOLIS - Registro", "latitude": -24.5049389, "longitude": -47.8481721, "fonte_geocodificacao": "Google Geocoding API", "opm_nome": "14.BPM/I MOTOMEC", "opm_descricao": "CPI-6 14.BPM/I EM MOTOMEC 0", "opm_codigo": "606148700" }, "geometry": { "type": "Point", "coordinates": [ -47.848172100000014, -24.5049389 ] } },
{ "type": "Feature", "properties": { "id_comando": "CPI-6", "nome_comando": "6º Comando de Policiamento do Interior (CPI-6)", "nome_batalhao": "14º BPM/I", "tipo_batalhao": "Interior", "companhia": "EM", "pelotao": "P/1 P/5", "cidade": "Registro", "endereco": "AV MARGINAL CASTELO BRANCO,, 2179, VILA RIBEIROPOLIS - Registro", "latitude": -24.5064854, "longitude": -47.8480284, "fonte_geocodificacao": "Google Geocoding API", "opm_nome": "P/1 E P/5", "opm_descricao": "CPI-6 14.BPM/I EM P/1 P/5", "opm_codigo": "606148100" }, "geometry": { "type": "Point", "coordinates": [ -47.8480284, -24.5064854 ] } },
{ "type": "Feature", "properties": { "id_comando": "CPI-6", "nome_comando": "6º Comando de Policiamento do Interior (CPI-6)", "nome_batalhao": "14º BPM/I", "tipo_batalhao": "Interior", "companhia": "EM", "pelotao": "P/3", "cidade": "Registro", "endereco": "AVENIDA MARGINAL CASTELO BRANCO, 2179, VILA RIBEIROPOLIS - Registro", "latitude": -24.5064854, "longitude": -47.8480284, "fonte_geocodificacao": "Google Geocoding API", "opm_nome": "14.BPMI PEL FT", "opm_descricao": "CPI-6 14.BPM/I EM P/3 PEL FT", "opm_codigo": "606148320" }, "geometry": { "type": "Point", "coordinates": [ -47.8480284, -24.5064854 ] } },
{ "type": "Feature", "properties": { "id_comando": "CPI-6", "nome_comando": "6º Comando de Policiamento do Interior (CPI-6)", "nome_batalhao": "14º BPM/I", "tipo_batalhao": "Interior", "companhia": "EM", "pelotao": "P/4 MOTOMEC", "cidade": "Registro", "endereco": "AV MARGINAL CASTELO BRANCO, 2179, VILA RIBEIROPOLIS - Registro", "latitude": -24.5064854, "longitude": -47.8480284, "fonte_geocodificacao": "Google Geocoding API", "opm_nome": "P/4 E MOTOMECANIZACAO", "opm_descricao": "CPI-6 14.BPM/I EM P/4 MOTOMEC", "opm_codigo": "606148400" }, "geometry": { "type": "Point", "coordinates": [ -47.8480284, -24.5064854 ] } },
{ "type": "Feature", "properties": { "id_comando": "CPI-6", "nome_comando": "6º Comando de Policiamento do Interior (CPI-6)", "nome_batalhao": "14º BPM/I", "tipo_batalhao": "Interior", "companhia": "EM", "pelotao": "P/5", "cidade": "Registro", "endereco": "AV MARGINAL CASTELO BRANCO,, 2179, VILA RIBEIROPOLIS - Registro", "latitude": -24.5064854, "longitude": -47.8480284, "fonte_geocodificacao": "Google Geocoding API", "opm_nome": "14.BPM/I P/5", "opm_descricao": "CPI-6 14.BPM/I EM P/5", "opm_codigo": "606148500" }, "geometry": { "type": "Point", "coordinates": [ -47.8480284, -24.5064854 ] } },
{ "type": "Feature", "properties": { "id_comando": "CPI-6", "nome_comando": "6º Comando de Policiamento do Interior (CPI-6)", "nome_batalhao": "14º BPM/I", "tipo_batalhao": "Interior", "companhia": "EM", "pelotao": "ST PJMD", "cidade": "Registro", "endereco": "AV MARGINAL CASTELO BRANCO, 2179, VILA RIBEIROPOLIS - Registro", "latitude": -24.5064854, "longitude": -47.8480284, "fonte_geocodificacao": "Google Geocoding API", "opm_nome": "SETOR POLICIA JUDICIARIA MILITAR E DISCIPLINA", "opm_descricao": "CPI-6 14.BPM/I EM ST PJMD", "opm_codigo": "606148600" }, "geometry": { "type": "Point", "coordinates": [ -47.8480284, -24.5064854 ] } },
{ "type": "Feature", "properties": { "id_comando": "CPI-6", "nome_comando": "6º Comando de Policiamento do Interior (CPI-6)", "nome_batalhao": "14º BPM/I", "tipo_batalhao": "Interior", "companhia": "EM", "pelotao": "UIS", "cidade": "Registro", "endereco": "AVENIDA MARGINAL CASTELO BRANCO, 2179, VILA RIBEIRÓPOLIS - Registro", "latitude": -24.5064854, "longitude": -47.8480284, "fonte_geocodificacao": "Google Geocoding API", "opm_nome": "UNIDADE INTEGRADA DE SAUDE", "opm_descricao": "CPI-6 14.BPM/I EM UIS", "opm_codigo": "606148010" }, "geometry": { "type": "Point", "coordinates": [ -47.8480284, -24.5064854 ] } },
{ "type": "Feature", "properties": { "id_comando": "CPI-6", "nome_comando": "6º Comando de Policiamento do Interior (CPI-6)", "nome_batalhao": "14º BPM/I", "tipo_batalhao": "Interior", "companhia": "EM", "pelotao": "UIS MEDICA", "cidade": "Registro", "endereco": "AV MARGINAL CASTELO BRANCO, 2179, VILA RIBEIROPOLIS - Registro", "latitude": -24.5064854, "longitude": -47.8480284, "fonte_geocodificacao": "Google Geocoding API", "opm_nome": "14.BPM/I EM UIS MEDICA", "opm_descricao": "CPI-6 14.BPM/I EM UIS MEDICA 0", "opm_codigo": "606148800" }, "geometry": { "type": "Point", "coordinates": [ -47.8480284, -24.5064854 ] } },
{ "type": "Feature", "properties": { "id_comando": "CPI-6", "nome_comando": "6º Comando de Policiamento do Interior (CPI-6)", "nome_batalhao": "14º BPM/I", "tipo_batalhao": "Interior", "companhia": "EM", "pelotao": "UIS ODONTO", "cidade": "Registro", "endereco": "AV MARGINAL CASTELO BRANCO, 2179, VILA RIBEIROPOLIS - Registro", "latitude": -24.5064854, "longitude": -47.8480284, "fonte_geocodificacao": "Google Geocoding API", "opm_nome": "14.BPM/I EM UIS ODONTO", "opm_descricao": "CPI-6 14.BPM/I EM UIS ODONTO 0", "opm_codigo": "606148900" }, "geometry": { "type": "Point", "coordinates": [ -47.8480284, -24.5064854 ] } },
{ "type": "Feature", "properties": { "id_comando": "CPA/M-8", "nome_comando": "8º Comando de Policiamento de Área Metropolitana (CPA/M-8)", "nome_batalhao": "14º BPM/M", "tipo_batalhao": "Metropolitano", "companhia": "1.CIA PM", "pelotao": "TERRITORIAL", "cidade": "Osasco", "endereco": "AVENIDA JOÃO DE ANDRADE, 800, JARDIM ROBERTO - Osasco", "latitude": -23.5536945, "longitude": -46.8014122, "fonte_geocodificacao": "Google Geocoding API", "opm_nome": "1. COMPANHIA DE POLICIA MILITAR", "opm_descricao": "CPA/M-8 14.BPM/M 1.CIA PM TERRITORIAL", "opm_codigo": "408141000" }, "geometry": { "type": "Point", "coordinates": [ -46.801412199999987, -23.5536945 ] } },
{ "type": "Feature", "properties": { "id_comando": "CPA/M-8", "nome_comando": "8º Comando de Policiamento de Área Metropolitana (CPA/M-8)", "nome_batalhao": "14º BPM/M", "tipo_batalhao": "Metropolitano", "companhia": "2.CIA PM", "pelotao": "TERRITORIAL", "cidade": "Osasco", "endereco": "AVENIDA DIONÍSIA ALVES BARRETO, 453, VILA OSASCO - Osasco", "latitude": -23.5347181, "longitude": -46.7847179, "fonte_geocodificacao": "Google Geocoding API", "opm_nome": "2. COMPANHIA DE POLICIA MILITAR", "opm_descricao": "CPA/M-8 14.BPM/M 2.CIA PM TERRITORIAL", "opm_codigo": "408142000" }, "geometry": { "type": "Point", "coordinates": [ -46.7847179, -23.5347181 ] } },
{ "type": "Feature", "properties": { "id_comando": "CPA/M-8", "nome_comando": "8º Comando de Policiamento de Área Metropolitana (CPA/M-8)", "nome_batalhao": "14º BPM/M", "tipo_batalhao": "Metropolitano", "companhia": "3.CIA PM", "pelotao": "TERRITORIAL", "cidade": "Osasco", "endereco": "RUA FLOR DE MARGARIDAS, 190, QUITAÚNA - Osasco", "latitude": -23.5231044, "longitude": -46.8125386, "fonte_geocodificacao": "Google Geocoding API", "opm_nome": "3. COMPANHIA DE POLICIA MILITAR", "opm_descricao": "CPA/M-8 14.BPM/M 3.CIA PM TERRITORIAL", "opm_codigo": "408143000" }, "geometry": { "type": "Point", "coordinates": [ -46.8125386, -23.5231044 ] } },
{ "type": "Feature", "properties": { "id_comando": "CPI-3", "nome_comando": "3º Comando de Policiamento do Interior (CPI-3)", "nome_batalhao": "15º BPM/I", "tipo_batalhao": "Interior", "companhia": "1.CIA PM", "pelotao": "ADM", "cidade": "Franca", "endereco": "AVENIDA SETE DE SETEMBRO, 2736, SÃO JOSÉ - Franca", "latitude": -20.5335367, "longitude": -47.3894517, "fonte_geocodificacao": "Google Geocoding API", "opm_nome": "ADMINISTRACAO", "opm_descricao": "CPI-3 15.BPM/I 1.CIA PM ADM", "opm_codigo": "603151500" }, "geometry": { "type": "Point", "coordinates": [ -47.3894517, -20.5335367 ] } },
{ "type": "Feature", "properties": { "id_comando": "CPI-3", "nome_comando": "3º Comando de Policiamento do Interior (CPI-3)", "nome_batalhao": "15º BPM/I", "tipo_batalhao": "Interior", "companhia": "1.CIA PM", "pelotao": "CGP", "cidade": "Franca", "endereco": "AVENIDA SETE DE SETEMBRO, 736, SÃO JOSÉ - Franca", "latitude": -20.5322604, "longitude": -47.3882701, "fonte_geocodificacao": "Google Geocoding API", "opm_nome": "COMANDO DE GRUPO PATRULHA", "opm_descricao": "CPI-3 15.BPM/I 1.CIA PM CGP", "opm_codigo": "603151600" }, "geometry": { "type": "Point", "coordinates": [ -47.3882701, -20.5322604 ] } },
{ "type": "Feature", "properties": { "id_comando": "CPI-3", "nome_comando": "3º Comando de Policiamento do Interior (CPI-3)", "nome_batalhao": "15º BPM/I", "tipo_batalhao": "Interior", "companhia": "2.CIA PM", "pelotao": "2.PEL PM", "cidade": "Patrocinio Paulista", "endereco": "RUA CORONEL JOÃO VILELA, 1341, CENTRO - Patrocinio Paulista", "latitude": -20.642406, "longitude": -47.2823279, "fonte_geocodificacao": "Google Geocoding API", "opm_nome": "15.BPM/I 2.CIA PM 2.PEL PM", "opm_descricao": "CPI-3 15.BPM/I 2.CIA PM 2.PEL PM 0", "opm_codigo": "603152200" }, "geometry": { "type": "Point", "coordinates": [ -47.2823279, -20.642406 ] } },
{ "type": "Feature", "properties": { "id_comando": "CPI-3", "nome_comando": "3º Comando de Policiamento do Interior (CPI-3)", "nome_batalhao": "15º BPM/I", "tipo_batalhao": "Interior", "companhia": "2.CIA PM", "pelotao": "ADM", "cidade": "Batatais", "endereco": "PRAÇA BARÃO DO RIO BRANCO, 94, CENTRO - Batatais", "latitude": -20.8919044, "longitude": -47.5812373, "fonte_geocodificacao": "Google Geocoding API", "opm_nome": "ADMINISTRACAO", "opm_descricao": "CPI-3 15.BPM/I 2.CIA PM ADM", "opm_codigo": "603152500" }, "geometry": { "type": "Point", "coordinates": [ -47.5812373, -20.8919044 ] } },
{ "type": "Feature", "properties": { "id_comando": "CPI-3", "nome_comando": "3º Comando de Policiamento do Interior (CPI-3)", "nome_batalhao": "15º BPM/I", "tipo_batalhao": "Interior", "companhia": "2.CIA PM", "pelotao": "CGP", "cidade": "Batatais", "endereco": "RUA CELSO GARCIA, 94, CENTRO - Batatais", "latitude": -20.8912777, "longitude": -47.5870534, "fonte_geocodificacao": "Google Geocoding API", "opm_nome": "COMANDO DE GRUPO PATRULHA", "opm_descricao": "CPI-3 15.BPM/I 2.CIA PM CGP", "opm_codigo": "603152600" }, "geometry": { "type": "Point", "coordinates": [ -47.587053399999988, -20.8912777 ] } },
{ "type": "Feature", "properties": { "id_comando": "CPI-3", "nome_comando": "3º Comando de Policiamento do Interior (CPI-3)", "nome_batalhao": "15º BPM/I", "tipo_batalhao": "Interior", "companhia": "3.CIA PM", "pelotao": "1.PEL PM", "cidade": "Igarapava", "endereco": "AV MACIEL, 549, CENTRO - Igarapava", "latitude": -20.0378972, "longitude": -47.7492125, "fonte_geocodificacao": "Google Geocoding API", "opm_nome": "1. PELOTAO POLICIAL MILITAR", "opm_descricao": "CPI-3 15.BPM/I 3.CIA PM 1.PEL PM", "opm_codigo": "603153100" }, "geometry": { "type": "Point", "coordinates": [ -47.7492125, -20.0378972 ] } },
{ "type": "Feature", "properties": { "id_comando": "CPI-3", "nome_comando": "3º Comando de Policiamento do Interior (CPI-3)", "nome_batalhao": "15º BPM/I", "tipo_batalhao": "Interior", "companhia": "3.CIA PM", "pelotao": "2.PEL PM", "cidade": "Guara", "endereco": "RUA: CAP. DOMICIANO CRISTINO, 294, CENTRO - Guara", "latitude": -20.4264442, "longitude": -47.8235574, "fonte_geocodificacao": "Google Geocoding API", "opm_nome": "2. PELOTAO POLICIAL MILITAR", "opm_descricao": "CPI-3 15.BPM/I 3.CIA PM 2.PEL PM", "opm_codigo": "603153200" }, "geometry": { "type": "Point", "coordinates": [ -47.8235574, -20.4264442 ] } },
{ "type": "Feature", "properties": { "id_comando": "CPI-3", "nome_comando": "3º Comando de Policiamento do Interior (CPI-3)", "nome_batalhao": "15º BPM/I", "tipo_batalhao": "Interior", "companhia": "3.CIA PM", "pelotao": "3.PEL PM", "cidade": "Miguelopolis", "endereco": "RUA: SÉRGIO DE FREITAS BARBOSA, 860, CENTRO - Miguelopolis", "latitude": -20.1815026, "longitude": -48.0304714, "fonte_geocodificacao": "Google Geocoding API", "opm_nome": "3. PELOTAO POLICIAL MILITAR", "opm_descricao": "CPI-3 15.BPM/I 3.CIA PM 3.PEL PM", "opm_codigo": "603153300" }, "geometry": { "type": "Point", "coordinates": [ -48.0304714, -20.1815026 ] } },
{ "type": "Feature", "properties": { "id_comando": "CPI-3", "nome_comando": "3º Comando de Policiamento do Interior (CPI-3)", "nome_batalhao": "15º BPM/I", "tipo_batalhao": "Interior", "companhia": "3.CIA PM", "pelotao": "4.PEL PM", "cidade": "Miguelopolis", "endereco": "RUA: SÉRGIO DE FREITAS BARBOSA, 860, CENTRO - Miguelopolis", "latitude": -20.1815026, "longitude": -48.0304714, "fonte_geocodificacao": "Google Geocoding API", "opm_nome": "15.BPM/I 3.CIA PM 4.PEL PM", "opm_descricao": "CPI-3 15.BPM/I 3.CIA PM 4.PEL PM 0", "opm_codigo": "603153400" }, "geometry": { "type": "Point", "coordinates": [ -48.0304714, -20.1815026 ] } },
{ "type": "Feature", "properties": { "id_comando": "CPI-3", "nome_comando": "3º Comando de Policiamento do Interior (CPI-3)", "nome_batalhao": "15º BPM/I", "tipo_batalhao": "Interior", "companhia": "3.CIA PM", "pelotao": "ADM", "cidade": "Ituverava", "endereco": "RUA JOSÉ ABDALA HANNA, 1422, VILA INDUSTRIAL - Ituverava", "latitude": -20.3293361, "longitude": -47.8014339, "fonte_geocodificacao": "Google Geocoding API", "opm_nome": "ADMINISTRACAO", "opm_descricao": "CPI-3 15.BPM/I 3.CIA PM ADM", "opm_codigo": "603153500" }, "geometry": { "type": "Point", "coordinates": [ -47.8014339, -20.3293361 ] } },
{ "type": "Feature", "properties": { "id_comando": "CPI-3", "nome_comando": "3º Comando de Policiamento do Interior (CPI-3)", "nome_batalhao": "15º BPM/I", "tipo_batalhao": "Interior", "companhia": "3.CIA PM", "pelotao": "CGP", "cidade": "Ituverava", "endereco": "RUA JOSÉ ABDALA HANNA, 1422, VILA INDUSTRIAL - Ituverava", "latitude": -20.3293361, "longitude": -47.8014339, "fonte_geocodificacao": "Google Geocoding API", "opm_nome": "COMANDO DE GRUPO PATRULHA", "opm_descricao": "CPI-3 15.BPM/I 3.CIA PM CGP", "opm_codigo": "603153600" }, "geometry": { "type": "Point", "coordinates": [ -47.8014339, -20.3293361 ] } },
{ "type": "Feature", "properties": { "id_comando": "CPI-3", "nome_comando": "3º Comando de Policiamento do Interior (CPI-3)", "nome_batalhao": "15º BPM/I", "tipo_batalhao": "Interior", "companhia": "4.CIA PM", "pelotao": "1.PEL PM", "cidade": "Sao Joaquim Da Barra", "endereco": "RUA PERNAMBUCO, 6, CENTRO - Sao Joaquim Da Barra", "latitude": -20.5824058, "longitude": -47.8567666, "fonte_geocodificacao": "Google Geocoding API", "opm_nome": "1. PELOTAO POLICIAL MILITAR", "opm_descricao": "CPI-3 15.BPM/I 4.CIA PM 1.PEL PM", "opm_codigo": "603154100" }, "geometry": { "type": "Point", "coordinates": [ -47.8567666, -20.5824058 ] } },
{ "type": "Feature", "properties": { "id_comando": "CPI-3", "nome_comando": "3º Comando de Policiamento do Interior (CPI-3)", "nome_batalhao": "15º BPM/I", "tipo_batalhao": "Interior", "companhia": "4.CIA PM", "pelotao": "2.PEL PM", "cidade": "Morro Agudo", "endereco": "AV. MARIANA DE ALMEIDA CASTRO, 450, JD BENEDETI - Morro Agudo", "latitude": -20.7255045, "longitude": -48.0464474, "fonte_geocodificacao": "Google Geocoding API", "opm_nome": "2. PELOTAO POLICIAL MILITAR", "opm_descricao": "CPI-3 15.BPM/I 4.CIA PM 2.PEL PM", "opm_codigo": "603154200" }, "geometry": { "type": "Point", "coordinates": [ -48.046447400000012, -20.7255045 ] } },
{ "type": "Feature", "properties": { "id_comando": "CPI-3", "nome_comando": "3º Comando de Policiamento do Interior (CPI-3)", "nome_batalhao": "15º BPM/I", "tipo_batalhao": "Interior", "companhia": "4.CIA PM", "pelotao": "ADM", "cidade": "Orlandia", "endereco": "AV DO CAFÉ, 760, CENTRO - Orlandia", "latitude": -20.7181244, "longitude": -47.8820097, "fonte_geocodificacao": "Google Geocoding API", "opm_nome": "ADMINISTRACAO", "opm_descricao": "CPI-3 15.BPM/I 4.CIA PM ADM", "opm_codigo": "603154500" }, "geometry": { "type": "Point", "coordinates": [ -47.8820097, -20.7181244 ] } },
{ "type": "Feature", "properties": { "id_comando": "CPI-3", "nome_comando": "3º Comando de Policiamento do Interior (CPI-3)", "nome_batalhao": "15º BPM/I", "tipo_batalhao": "Interior", "companhia": "4.CIA PM", "pelotao": "CGP", "cidade": "Orlandia", "endereco": "AV DO CAFÉ, 760, CENTRO - Orlandia", "latitude": -20.7181244, "longitude": -47.8820097, "fonte_geocodificacao": "Google Geocoding API", "opm_nome": "COMANDO DE GRUPO PATRULHA", "opm_descricao": "CPI-3 15.BPM/I 4.CIA PM CGP", "opm_codigo": "603154600" }, "geometry": { "type": "Point", "coordinates": [ -47.8820097, -20.7181244 ] } },
{ "type": "Feature", "properties": { "id_comando": "CPI-3", "nome_comando": "3º Comando de Policiamento do Interior (CPI-3)", "nome_batalhao": "15º BPM/I", "tipo_batalhao": "Interior", "companhia": "5.CIA PM", "pelotao": "ADM", "cidade": "Franca", "endereco": "AVENIDA DOUTOR FLÁVIO ROCHA, 4281, PQ. DOS PINHAIS - Franca", "latitude": -20.5136564, "longitude": -47.4058142, "fonte_geocodificacao": "Google Geocoding API", "opm_nome": "ADMINISTRACAO", "opm_descricao": "CPI-3 15.BPM/I 5.CIA PM ADM", "opm_codigo": "603155400" }, "geometry": { "type": "Point", "coordinates": [ -47.4058142, -20.5136564 ] } },
{ "type": "Feature", "properties": { "id_comando": "CPI-3", "nome_comando": "3º Comando de Policiamento do Interior (CPI-3)", "nome_batalhao": "15º BPM/I", "tipo_batalhao": "Interior", "companhia": "5.CIA PM", "pelotao": "CGP", "cidade": "Franca", "endereco": "AVENIDA DOUTOR FLÁVIO ROCHA, 4281, VILA EXPOSIÇÃO - Franca", "latitude": -20.5136564, "longitude": -47.4058142, "fonte_geocodificacao": "Google Geocoding API", "opm_nome": "COMANDANTE DE GRUPO PATRULHA", "opm_descricao": "CPI-3 15.BPM/I 5.CIA PM CGP", "opm_codigo": "603155500" }, "geometry": { "type": "Point", "coordinates": [ -47.4058142, -20.5136564 ] } },
{ "type": "Feature", "properties": { "id_comando": "CPI-3", "nome_comando": "3º Comando de Policiamento do Interior (CPI-3)", "nome_batalhao": "15º BPM/I", "tipo_batalhao": "Interior", "companhia": "CIA F TAT", "pelotao": "0", "cidade": "Franca", "endereco": "RUA ALFREDO TOSI, 1200, NÚCLEO ALPHA - Franca", "latitude": -20.5669191, "longitude": -47.4010625, "fonte_geocodificacao": "Google Geocoding API", "opm_nome": "15.BPM/I GP PM - CANIL", "opm_descricao": "CPI-3 15.BPM/I CIA F TAT 0 GP PM - CANIL", "opm_codigo": "603159010" }, "geometry": { "type": "Point", "coordinates": [ -47.401062499999988, -20.5669191 ] } },
{ "type": "Feature", "properties": { "id_comando": "CPI-3", "nome_comando": "3º Comando de Policiamento do Interior (CPI-3)", "nome_batalhao": "15º BPM/I", "tipo_batalhao": "Interior", "companhia": "CIA F TAT", "pelotao": "1.PEL FT", "cidade": "Franca", "endereco": "AVENIDA ALBERTO PULICANO, 3200, DISTRITO INDUSTRIAL - Franca", "latitude": -20.5525458, "longitude": -47.4429307, "fonte_geocodificacao": "Google Geocoding API", "opm_nome": "1. PELOTAO DE FORCA TATICA", "opm_descricao": "CPI-3 15.BPM/I CIA F TAT 1.PEL FT", "opm_codigo": "603159100" }, "geometry": { "type": "Point", "coordinates": [ -47.4429307, -20.5525458 ] } },
{ "type": "Feature", "properties": { "id_comando": "CPI-3", "nome_comando": "3º Comando de Policiamento do Interior (CPI-3)", "nome_batalhao": "15º BPM/I", "tipo_batalhao": "Interior", "companhia": "CIA F TAT", "pelotao": "ADM", "cidade": "Franca", "endereco": "AVENIDA ALBERTO PULICANO, 3200, DISTRITO INDUSTRIAL - Franca", "latitude": -20.5525458, "longitude": -47.4429307, "fonte_geocodificacao": "Google Geocoding API", "opm_nome": "ADMINISTRACAO", "opm_descricao": "CPI-3 15.BPM/I CIA F TAT ADM", "opm_codigo": "603159300" }, "geometry": { "type": "Point", "coordinates": [ -47.4429307, -20.5525458 ] } },
{ "type": "Feature", "properties": { "id_comando": "CPI-3", "nome_comando": "3º Comando de Policiamento do Interior (CPI-3)", "nome_batalhao": "15º BPM/I", "tipo_batalhao": "Interior", "companhia": "EM", "pelotao": "AG AREA", "cidade": "Franca", "endereco": "RUA ALFREDO TOSI, 1200, nucleo alpha - Franca", "latitude": -20.5669191, "longitude": -47.4010625, "fonte_geocodificacao": "Google Geocoding API", "opm_nome": "AGENCIA DE AREA", "opm_descricao": "CPI-3 15.BPM/I EM AG AREA", "opm_codigo": "603158200" }, "geometry": { "type": "Point", "coordinates": [ -47.401062499999988, -20.5669191 ] } },
{ "type": "Feature", "properties": { "id_comando": "CPI-3", "nome_comando": "3º Comando de Policiamento do Interior (CPI-3)", "nome_batalhao": "15º BPM/I", "tipo_batalhao": "Interior", "companhia": "EM", "pelotao": "MOTOMEC", "cidade": "Franca", "endereco": "RUA ALFREDO TOSI, 1200, nucleo alpha - Franca", "latitude": -20.5669191, "longitude": -47.4010625, "fonte_geocodificacao": "Google Geocoding API", "opm_nome": "15.BPM/I MOTOMEC", "opm_descricao": "CPI-3 15.BPM/I EM MOTOMEC 0", "opm_codigo": "603158700" }, "geometry": { "type": "Point", "coordinates": [ -47.401062499999988, -20.5669191 ] } },
{ "type": "Feature", "properties": { "id_comando": "CPI-3", "nome_comando": "3º Comando de Policiamento do Interior (CPI-3)", "nome_batalhao": "15º BPM/I", "tipo_batalhao": "Interior", "companhia": "EM", "pelotao": "P/1 P/5", "cidade": "Franca", "endereco": "RUA ALFREDO TOSI, 1200, nucleo alpha - Franca", "latitude": -20.5669191, "longitude": -47.4010625, "fonte_geocodificacao": "Google Geocoding API", "opm_nome": "P/1 E P/5", "opm_descricao": "CPI-3 15.BPM/I EM P/1 P/5", "opm_codigo": "603158100" }, "geometry": { "type": "Point", "coordinates": [ -47.401062499999988, -20.5669191 ] } },
{ "type": "Feature", "properties": { "id_comando": "CPI-3", "nome_comando": "3º Comando de Policiamento do Interior (CPI-3)", "nome_batalhao": "15º BPM/I", "tipo_batalhao": "Interior", "companhia": "EM", "pelotao": "P/3", "cidade": "Franca", "endereco": "RUA ALFREDO TOSI, 1200, NUCLEO ALPHA - Franca", "latitude": -20.5669191, "longitude": -47.4010625, "fonte_geocodificacao": "Google Geocoding API", "opm_nome": "P/3", "opm_descricao": "CPI-3 15.BPM/I EM P/3", "opm_codigo": "603158300" }, "geometry": { "type": "Point", "coordinates": [ -47.401062499999988, -20.5669191 ] } },
{ "type": "Feature", "properties": { "id_comando": "CPI-3", "nome_comando": "3º Comando de Policiamento do Interior (CPI-3)", "nome_batalhao": "15º BPM/I", "tipo_batalhao": "Interior", "companhia": "EM", "pelotao": "P/4 MOTOMEC", "cidade": "Franca", "endereco": "AVENIDA DOUTOR ISMAEL ALONSO Y. ALONSO, 1200, nucleo alpha - Franca", "latitude": -20.5453657, "longitude": -47.3980857, "fonte_geocodificacao": "Google Geocoding API", "opm_nome": "P/4 E MOTOMECANIZACAO", "opm_descricao": "CPI-3 15.BPM/I EM P/4 MOTOMEC", "opm_codigo": "603158400" }, "geometry": { "type": "Point", "coordinates": [ -47.3980857, -20.5453657 ] } },
{ "type": "Feature", "properties": { "id_comando": "CPI-3", "nome_comando": "3º Comando de Policiamento do Interior (CPI-3)", "nome_batalhao": "15º BPM/I", "tipo_batalhao": "Interior", "companhia": "EM", "pelotao": "P/5", "cidade": "Franca", "endereco": "AVENIDA DOUTOR ISMAEL ALONSO Y. ALONSO, 1200, nucleo alpha - Franca", "latitude": -20.5453657, "longitude": -47.3980857, "fonte_geocodificacao": "Google Geocoding API", "opm_nome": "15.BPM/I P/5", "opm_descricao": "CPI-3 15.BPM/I EM P/5", "opm_codigo": "603158500" }, "geometry": { "type": "Point", "coordinates": [ -47.3980857, -20.5453657 ] } },
{ "type": "Feature", "properties": { "id_comando": "CPI-3", "nome_comando": "3º Comando de Policiamento do Interior (CPI-3)", "nome_batalhao": "15º BPM/I", "tipo_batalhao": "Interior", "companhia": "EM", "pelotao": "SEC PJMD", "cidade": "Franca", "endereco": "RUA ALFREDO TOSI, 1200, nucleo alpha - Franca", "latitude": -20.5669191, "longitude": -47.4010625, "fonte_geocodificacao": "Google Geocoding API", "opm_nome": "SECAO POLICIA JUDICIARIA MILITAR E DISCIPLINA", "opm_descricao": "CPI-3 15.BPM/I EM SEC PJMD", "opm_codigo": "603158600" }, "geometry": { "type": "Point", "coordinates": [ -47.401062499999988, -20.5669191 ] } },
{ "type": "Feature", "properties": { "id_comando": "CPI-3", "nome_comando": "3º Comando de Policiamento do Interior (CPI-3)", "nome_batalhao": "15º BPM/I", "tipo_batalhao": "Interior", "companhia": "EM", "pelotao": "UIS", "cidade": "Franca", "endereco": "RUA ALFREDO TOSI, 1200, NÚCLEO ALPHA - Franca", "latitude": -20.5669191, "longitude": -47.4010625, "fonte_geocodificacao": "Google Geocoding API", "opm_nome": "UNIDADE INTEGRADA DE SAUDE", "opm_descricao": "CPI-3 15.BPM/I EM UIS", "opm_codigo": "603158010" }, "geometry": { "type": "Point", "coordinates": [ -47.401062499999988, -20.5669191 ] } },
{ "type": "Feature", "properties": { "id_comando": "CPI-3", "nome_comando": "3º Comando de Policiamento do Interior (CPI-3)", "nome_batalhao": "15º BPM/I", "tipo_batalhao": "Interior", "companhia": "EM", "pelotao": "UIS MEDICA", "cidade": "Franca", "endereco": "RUA ALFREDO TOSI, 1200, nucleo alpha - Franca", "latitude": -20.5669191, "longitude": -47.4010625, "fonte_geocodificacao": "Google Geocoding API", "opm_nome": "15.BPM/I EM UIS MEDICA", "opm_descricao": "CPI-3 15.BPM/I EM UIS MEDICA", "opm_codigo": "603158800" }, "geometry": { "type": "Point", "coordinates": [ -47.401062499999988, -20.5669191 ] } },
{ "type": "Feature", "properties": { "id_comando": "CPI-3", "nome_comando": "3º Comando de Policiamento do Interior (CPI-3)", "nome_batalhao": "15º BPM/I", "tipo_batalhao": "Interior", "companhia": "EM", "pelotao": "UIS ODONTO", "cidade": "Franca", "endereco": "RUA ALFREDO TOSI, 1200, nucleo alpha - Franca", "latitude": -20.5669191, "longitude": -47.4010625, "fonte_geocodificacao": "Google Geocoding API", "opm_nome": "15.BPM/I EM UIS ODONTO", "opm_descricao": "CPI-3 15.BPM/I EM UIS ODONTO", "opm_codigo": "603158900" }, "geometry": { "type": "Point", "coordinates": [ -47.401062499999988, -20.5669191 ] } },
{ "type": "Feature", "properties": { "id_comando": "CPA/M-7", "nome_comando": "7º Comando de Policiamento de Área Metropolitana (CPA/M-7)", "nome_batalhao": "15º BPM/M", "tipo_batalhao": "Metropolitano", "companhia": "1.CIA PM", "pelotao": "TERRITORIAL", "cidade": "Guarulhos", "endereco": "R SILVIO BARBOSA-GUARULHOS-15BPMM-1CIA, 107  15BPMM-1CIA, MACEDO - Guarulhos", "latitude": -23.4651183, "longitude": -46.521256, "fonte_geocodificacao": "Google Geocoding API", "opm_nome": "1. COMPANHIA DE POLICIA MILITAR", "opm_descricao": "CPA/M-7 15.BPM/M 1.CIA PM TERRITORIAL", "opm_codigo": "407151000" }, "geometry": { "type": "Point", "coordinates": [ -46.521256, -23.4651183 ] } },
{ "type": "Feature", "properties": { "id_comando": "CPA/M-7", "nome_comando": "7º Comando de Policiamento de Área Metropolitana (CPA/M-7)", "nome_batalhao": "15º BPM/M", "tipo_batalhao": "Metropolitano", "companhia": "2.CIA PM", "pelotao": "TERRITORIAL", "cidade": "Guarulhos", "endereco": "R ALBERTO FERREIRA LOPES-GUARULHOS, 47  15BPMM-2CIA, VILA GALVÃO - Guarulhos", "latitude": -23.4581195, "longitude": -46.5675074, "fonte_geocodificacao": "Google Geocoding API", "opm_nome": "2. COMPANHIA DE POLICIA MILITAR", "opm_descricao": "CPA/M-7 15.BPM/M 2.CIA PM TERRITORIAL", "opm_codigo": "407152000" }, "geometry": { "type": "Point", "coordinates": [ -46.5675074, -23.4581195 ] } },
{ "type": "Feature", "properties": { "id_comando": "CPA/M-7", "nome_comando": "7º Comando de Policiamento de Área Metropolitana (CPA/M-7)", "nome_batalhao": "15º BPM/M", "tipo_batalhao": "Metropolitano", "companhia": "3.CIA PM", "pelotao": "TERRITORIAL", "cidade": "Guarulhos", "endereco": "R CONCEIÇÃO DO RIO VERDE, GUARULHOS, 230  15BPMM-3CIA, MORROS - Guarulhos", "latitude": -23.420466, "longitude": -46.5252775, "fonte_geocodificacao": "Google Geocoding API", "opm_nome": "3. COMPANHIA DE POLICIA MILITAR", "opm_descricao": "CPA/M-7 15.BPM/M 3.CIA PM TERRITORIAL", "opm_codigo": "407153000" }, "geometry": { "type": "Point", "coordinates": [ -46.5252775, -23.420466 ] } },
{ "type": "Feature", "properties": { "id_comando": "CPA/M-7", "nome_comando": "7º Comando de Policiamento de Área Metropolitana (CPA/M-7)", "nome_batalhao": "15º BPM/M", "tipo_batalhao": "Metropolitano", "companhia": "4.CIA PM", "pelotao": "TERRITORIAL", "cidade": "Guarulhos", "endereco": "AVENIDA BARBER GRENE, 850, VILA RIO - Guarulhos", "latitude": -23.4477408, "longitude": -46.530066, "fonte_geocodificacao": "Google Geocoding API", "opm_nome": "4. COMPANHIA DE POLICIA MILITAR", "opm_descricao": "CPA/M-7 15.BPM/M 4.CIA PM TERRITORIAL", "opm_codigo": "407154000" }, "geometry": { "type": "Point", "coordinates": [ -46.530066, -23.4477408 ] } },
{ "type": "Feature", "properties": { "id_comando": "CPA/M-7", "nome_comando": "7º Comando de Policiamento de Área Metropolitana (CPA/M-7)", "nome_batalhao": "15º BPM/M", "tipo_batalhao": "Metropolitano", "companhia": "5.CIA PM", "pelotao": "TERRITORIAL", "cidade": "Guarulhos", "endereco": "RUA CONCEIÇÃO, 47, VILA PAULISTA - Guarulhos", "latitude": -23.4698378, "longitude": -46.5377171, "fonte_geocodificacao": "Google Geocoding API", "opm_nome": "5. COMPANHIA DE POLICIA MILITAR", "opm_descricao": "CPA/M-7 15.BPM/M 5.CIA PM TERRITORIAL", "opm_codigo": "407155000" }, "geometry": { "type": "Point", "coordinates": [ -46.537717099999988, -23.4698378 ] } },
{ "type": "Feature", "properties": { "id_comando": "CPI-5", "nome_comando": "5º Comando de Policiamento do Interior (CPI-5)", "nome_batalhao": "16º BPM/I", "tipo_batalhao": "Interior", "companhia": "1.CIA PM", "pelotao": "ADM", "cidade": "Fernandopolis", "endereco": "AV. LÍBERO DE ALMEIDA SILVARES, 3105, COESTER - Fernandopolis", "latitude": -20.282805, "longitude": -50.2388891, "fonte_geocodificacao": "Google Geocoding API", "opm_nome": "ADMINISTRACAO", "opm_descricao": "CPI-5 16.BPM/I 1.CIA PM ADM 0", "opm_codigo": "605161500" }, "geometry": { "type": "Point", "coordinates": [ -50.238889099999987, -20.282805 ] } },
{ "type": "Feature", "properties": { "id_comando": "CPI-5", "nome_comando": "5º Comando de Policiamento do Interior (CPI-5)", "nome_batalhao": "16º BPM/I", "tipo_batalhao": "Interior", "companhia": "1.CIA PM", "pelotao": "CGP", "cidade": "Fernandopolis", "endereco": "Rua MARIA BATISTA, 177, Jardim Santa Rita - Fernandopolis", "latitude": -20.2736934, "longitude": -50.2546936, "fonte_geocodificacao": "Google Geocoding API", "opm_nome": "COMANDO GRUPO PATRULHA", "opm_descricao": "CPI-5 16.BPM/I 1.CIA PM CGP", "opm_codigo": "605161600" }, "geometry": { "type": "Point", "coordinates": [ -50.2546936, -20.2736934 ] } },
{ "type": "Feature", "properties": { "id_comando": "CPI-5", "nome_comando": "5º Comando de Policiamento do Interior (CPI-5)", "nome_batalhao": "16º BPM/I", "tipo_batalhao": "Interior", "companhia": "2.CIA PM", "pelotao": "ADM", "cidade": "Jales", "endereco": "rua cinco, 2027, centro - Jales", "latitude": -20.2743942, "longitude": -50.5479936, "fonte_geocodificacao": "Google Geocoding API", "opm_nome": "ADMINISTRACAO", "opm_descricao": "CPI-5 16.BPM/I 2.CIA PM ADM 0", "opm_codigo": "605162300" }, "geometry": { "type": "Point", "coordinates": [ -50.5479936, -20.2743942 ] } },
{ "type": "Feature", "properties": { "id_comando": "CPI-5", "nome_comando": "5º Comando de Policiamento do Interior (CPI-5)", "nome_batalhao": "16º BPM/I", "tipo_batalhao": "Interior", "companhia": "2.CIA PM", "pelotao": "CGP", "cidade": "Jales", "endereco": "RUA CINCO, 2027, CENTRO - Jales", "latitude": -20.2743942, "longitude": -50.5479936, "fonte_geocodificacao": "Google Geocoding API", "opm_nome": "COMANDO GRUPO PATRULHA", "opm_descricao": "CPI-5 16.BPM/I 2.CIA PM CGP", "opm_codigo": "605162400" }, "geometry": { "type": "Point", "coordinates": [ -50.5479936, -20.2743942 ] } },
{ "type": "Feature", "properties": { "id_comando": "CPI-5", "nome_comando": "5º Comando de Policiamento do Interior (CPI-5)", "nome_batalhao": "16º BPM/I", "tipo_batalhao": "Interior", "companhia": "3.CIA PM", "pelotao": "0", "cidade": "Floreal", "endereco": "RUA PROCÓPIO DAVIDOFF, 188, CENTRO - Floreal", "latitude": -20.6711703, "longitude": -50.1452299, "fonte_geocodificacao": "Google Geocoding API", "opm_nome": "2. GRUPO POLICIAL MILITAR", "opm_descricao": "CPI-5 16.BPM/I 3.CIA PM 0 2.GP/PM", "opm_codigo": "605163002" }, "geometry": { "type": "Point", "coordinates": [ -50.1452299, -20.6711703 ] } },
{ "type": "Feature", "properties": { "id_comando": "CPI-5", "nome_comando": "5º Comando de Policiamento do Interior (CPI-5)", "nome_batalhao": "16º BPM/I", "tipo_batalhao": "Interior", "companhia": "3.CIA PM", "pelotao": "4.PEL PM", "cidade": "Votuporanga", "endereco": "RUA MINAS GERAIS, 3548, CENTRO - Votuporanga", "latitude": -20.4217455, "longitude": -49.9781955, "fonte_geocodificacao": "Google Geocoding API", "opm_nome": "16.BPM/I 3.CIA PM 4.PEL PM", "opm_descricao": "CPI-5 16.BPM/I 3.CIA PM 4.PEL PM 0", "opm_codigo": "605163400" }, "geometry": { "type": "Point", "coordinates": [ -49.9781955, -20.4217455 ] } },
{ "type": "Feature", "properties": { "id_comando": "CPI-5", "nome_comando": "5º Comando de Policiamento do Interior (CPI-5)", "nome_batalhao": "16º BPM/I", "tipo_batalhao": "Interior", "companhia": "3.CIA PM", "pelotao": "ADM", "cidade": "Votuporanga", "endereco": "RUA MINAS GERAIS, 3548, PATRIMÔNIO NOVO - Votuporanga", "latitude": -20.4217455, "longitude": -49.9781955, "fonte_geocodificacao": "Google Geocoding API", "opm_nome": "ADMINISTRACAO", "opm_descricao": "CPI-5 16.BPM/I 3.CIA PM ADM 0", "opm_codigo": "605163500" }, "geometry": { "type": "Point", "coordinates": [ -49.9781955, -20.4217455 ] } },
{ "type": "Feature", "properties": { "id_comando": "CPI-5", "nome_comando": "5º Comando de Policiamento do Interior (CPI-5)", "nome_batalhao": "16º BPM/I", "tipo_batalhao": "Interior", "companhia": "3.CIA PM", "pelotao": "CGP", "cidade": "Votuporanga", "endereco": "RUA MINAS GERAIS, 3538, PATRIMÔNIO NOVO - Votuporanga", "latitude": -20.4219166, "longitude": -49.9782725, "fonte_geocodificacao": "Google Geocoding API", "opm_nome": "COMANDO GRUPO PATRULHA", "opm_descricao": "CPI-5 16.BPM/I 3.CIA PM CGP", "opm_codigo": "605163600" }, "geometry": { "type": "Point", "coordinates": [ -49.9782725, -20.4219166 ] } },
{ "type": "Feature", "properties": { "id_comando": "CPI-5", "nome_comando": "5º Comando de Policiamento do Interior (CPI-5)", "nome_batalhao": "16º BPM/I", "tipo_batalhao": "Interior", "companhia": "4.CIA PM", "pelotao": "ADM", "cidade": "Santa Fe Do Sul", "endereco": "rua dezoito, 65, centro - Santa Fe Do Sul", "latitude": -20.2139694, "longitude": -50.9309188, "fonte_geocodificacao": "Google Geocoding API", "opm_nome": "ADMINISTRACAO", "opm_descricao": "CPI-5 16.BPM/I 4.CIA PM ADM 0", "opm_codigo": "605164300" }, "geometry": { "type": "Point", "coordinates": [ -50.9309188, -20.2139694 ] } },
{ "type": "Feature", "properties": { "id_comando": "CPI-5", "nome_comando": "5º Comando de Policiamento do Interior (CPI-5)", "nome_batalhao": "16º BPM/I", "tipo_batalhao": "Interior", "companhia": "4.CIA PM", "pelotao": "CGP", "cidade": "Santa Fe Do Sul", "endereco": "RUA DEZOITO, 65, CENTRO - Santa Fe Do Sul", "latitude": -20.2139694, "longitude": -50.9309188, "fonte_geocodificacao": "Google Geocoding API", "opm_nome": "COMANDO GRUPO PATRULHA", "opm_descricao": "CPI-5 16.BPM/I 4.CIA PM CGP", "opm_codigo": "605164400" }, "geometry": { "type": "Point", "coordinates": [ -50.9309188, -20.2139694 ] } },
{ "type": "Feature", "properties": { "id_comando": "CPI-5", "nome_comando": "5º Comando de Policiamento do Interior (CPI-5)", "nome_batalhao": "16º BPM/I", "tipo_batalhao": "Interior", "companhia": "5.CIA PM", "pelotao": "0", "cidade": "Alvares Florence", "endereco": "RUA MARANHÃO, 1690, CENTRO - Alvares Florence", "latitude": -20.3205257, "longitude": -49.910171, "fonte_geocodificacao": "Google Geocoding API", "opm_nome": "3. GRUPO POLICIAL MILITAR", "opm_descricao": "CPI-5 16.BPM/I 5.CIA PM 0 3.GP/PM", "opm_codigo": "605165003" }, "geometry": { "type": "Point", "coordinates": [ -49.910171, -20.3205257 ] } },
{ "type": "Feature", "properties": { "id_comando": "CPI-5", "nome_comando": "5º Comando de Policiamento do Interior (CPI-5)", "nome_batalhao": "16º BPM/I", "tipo_batalhao": "Interior", "companhia": "5.CIA PM", "pelotao": "ADM", "cidade": "Cardoso", "endereco": "AV. ROMEU VIANA ROMANELI, 1570, centro - Cardoso", "latitude": -20.0869628, "longitude": -49.9142016, "fonte_geocodificacao": "Google Geocoding API", "opm_nome": "ADMINISTRACAO", "opm_descricao": "CPI-5 16.BPM/I 5.CIA PM ADM 0", "opm_codigo": "605165300" }, "geometry": { "type": "Point", "coordinates": [ -49.9142016, -20.0869628 ] } },
{ "type": "Feature", "properties": { "id_comando": "CPI-5", "nome_comando": "5º Comando de Policiamento do Interior (CPI-5)", "nome_batalhao": "16º BPM/I", "tipo_batalhao": "Interior", "companhia": "5.CIA PM", "pelotao": "CGP", "cidade": "Cardoso", "endereco": "AVENIDA ROMEU VIANA ROMANELI, 1570, CENTRO - Cardoso", "latitude": -20.0869628, "longitude": -49.9142016, "fonte_geocodificacao": "Google Geocoding API", "opm_nome": "COMANDO GRUPO PATRULHA", "opm_descricao": "CPI-5 16.BPM/I 5.CIA PM CGP 0", "opm_codigo": "605165400" }, "geometry": { "type": "Point", "coordinates": [ -49.9142016, -20.0869628 ] } },
{ "type": "Feature", "properties": { "id_comando": "CPI-5", "nome_comando": "5º Comando de Policiamento do Interior (CPI-5)", "nome_batalhao": "16º BPM/I", "tipo_batalhao": "Interior", "companhia": "5.CIA PM", "pelotao": "PEL PM", "cidade": "Riolandia", "endereco": "RUA 14, 329, CENTRO - Riolandia", "latitude": -19.9793675, "longitude": -49.6818935, "fonte_geocodificacao": "Google Geocoding API", "opm_nome": "16.BPM/I - PEL POL MIL", "opm_descricao": "CPI-5 16.BPM/I 5.CIA PM PEL PM 0", "opm_codigo": "605165100" }, "geometry": { "type": "Point", "coordinates": [ -49.6818935, -19.9793675 ] } },
{ "type": "Feature", "properties": { "id_comando": "CPI-5", "nome_comando": "5º Comando de Policiamento do Interior (CPI-5)", "nome_batalhao": "16º BPM/I", "tipo_batalhao": "Interior", "companhia": "CIA FT", "pelotao": "0", "cidade": "Fernandopolis", "endereco": "Avenida Libero de Almeida Silvares, 3105, Coester - Fernandopolis", "latitude": -20.282805, "longitude": -50.2388891, "fonte_geocodificacao": "Google Geocoding API", "opm_nome": "GRUPAMENTO DE FORCA TATICA", "opm_descricao": "CPI-5 16.BPM/I CIA FT 0 GP FT", "opm_codigo": "605166001" }, "geometry": { "type": "Point", "coordinates": [ -50.238889099999987, -20.282805 ] } },
{ "type": "Feature", "properties": { "id_comando": "CPI-5", "nome_comando": "5º Comando de Policiamento do Interior (CPI-5)", "nome_batalhao": "16º BPM/I", "tipo_batalhao": "Interior", "companhia": "CIA FT", "pelotao": "1.PEL FT", "cidade": "Fernandopolis", "endereco": "Avenida Libero Almeida Silvares, 3105  1º PEL, Coester - Fernandopolis", "latitude": -20.282805, "longitude": -50.2388891, "fonte_geocodificacao": "Google Geocoding API", "opm_nome": "1.PELOTAO DE FORCA TATICA", "opm_descricao": "CPI-5 16.BPM/I CIA FT 1.PEL FT", "opm_codigo": "605166100" }, "geometry": { "type": "Point", "coordinates": [ -50.238889099999987, -20.282805 ] } },
{ "type": "Feature", "properties": { "id_comando": "CPI-5", "nome_comando": "5º Comando de Policiamento do Interior (CPI-5)", "nome_batalhao": "16º BPM/I", "tipo_batalhao": "Interior", "companhia": "CIA FT", "pelotao": "2.PEL FT", "cidade": "Fernandopolis", "endereco": "Avenida Libero Almeida Silvares, 3105  2º Pel, Coester - Fernandopolis", "latitude": -20.282805, "longitude": -50.2388891, "fonte_geocodificacao": "Google Geocoding API", "opm_nome": "2.PELOTAO DE FORCA TATICA", "opm_descricao": "CPI-5 16.BPM/I CIA FT 2.PEL FT", "opm_codigo": "605166200" }, "geometry": { "type": "Point", "coordinates": [ -50.238889099999987, -20.282805 ] } },
{ "type": "Feature", "properties": { "id_comando": "CPI-5", "nome_comando": "5º Comando de Policiamento do Interior (CPI-5)", "nome_batalhao": "16º BPM/I", "tipo_batalhao": "Interior", "companhia": "CIA FT", "pelotao": "ADM", "cidade": "Fernandopolis", "endereco": "Avenida Libero Almeida Silvares, 3105, Coester - Fernandopolis", "latitude": -20.282805, "longitude": -50.2388891, "fonte_geocodificacao": "Google Geocoding API", "opm_nome": "ADMINISTRACAO", "opm_descricao": "CPI-5 16.BPM/I CIA FT ADM", "opm_codigo": "605166500" }, "geometry": { "type": "Point", "coordinates": [ -50.238889099999987, -20.282805 ] } },
{ "type": "Feature", "properties": { "id_comando": "CPI-5", "nome_comando": "5º Comando de Policiamento do Interior (CPI-5)", "nome_batalhao": "16º BPM/I", "tipo_batalhao": "Interior", "companhia": "EM", "pelotao": "AG AREA", "cidade": "Fernandopolis", "endereco": "AVENIDA LIBERO DE ALMEIDA SILVARES, 3105, COESTER - Fernandopolis", "latitude": -20.282805, "longitude": -50.2388891, "fonte_geocodificacao": "Google Geocoding API", "opm_nome": "AGENCIA DE AREA", "opm_descricao": "CPI-5 16.BPM/I EM AG AREA 0", "opm_codigo": "605168200" }, "geometry": { "type": "Point", "coordinates": [ -50.238889099999987, -20.282805 ] } },
{ "type": "Feature", "properties": { "id_comando": "CPI-5", "nome_comando": "5º Comando de Policiamento do Interior (CPI-5)", "nome_batalhao": "16º BPM/I", "tipo_batalhao": "Interior", "companhia": "EM", "pelotao": "DIV OP", "cidade": "Fernandopolis", "endereco": "AV. LÍBERO DE ALMEIDA SILVARES, 3105, COESTER - Fernandopolis", "latitude": -20.282805, "longitude": -50.2388891, "fonte_geocodificacao": "Google Geocoding API", "opm_nome": "DIVISAO OPERACIONAL", "opm_descricao": "CPI-5 16.BPM/I EM DIV OP 0", "opm_codigo": "605168300" }, "geometry": { "type": "Point", "coordinates": [ -50.238889099999987, -20.282805 ] } },
{ "type": "Feature", "properties": { "id_comando": "CPI-5", "nome_comando": "5º Comando de Policiamento do Interior (CPI-5)", "nome_batalhao": "16º BPM/I", "tipo_batalhao": "Interior", "companhia": "EM", "pelotao": "MOTOMEC", "cidade": "Fernandopolis", "endereco": "AV. LÍBERO DE ALMEIDA SILVARES, 3105, COESTER - Fernandopolis", "latitude": -20.282805, "longitude": -50.2388891, "fonte_geocodificacao": "Google Geocoding API", "opm_nome": "16.BPM/I - MOTOMEC", "opm_descricao": "CPI-5 16.BPM/I EM MOTOMEC 0", "opm_codigo": "605168700" }, "geometry": { "type": "Point", "coordinates": [ -50.238889099999987, -20.282805 ] } },
{ "type": "Feature", "properties": { "id_comando": "CPI-5", "nome_comando": "5º Comando de Policiamento do Interior (CPI-5)", "nome_batalhao": "16º BPM/I", "tipo_batalhao": "Interior", "companhia": "EM", "pelotao": "P/1 E P/5", "cidade": "Fernandopolis", "endereco": "AV. LÍBERO DE ALMEIDA SILVARES, 3105, coester - Fernandopolis", "latitude": -20.282805, "longitude": -50.2388891, "fonte_geocodificacao": "Google Geocoding API", "opm_nome": "NUCLEO DE ATENCAO PSICOSSOCIAL", "opm_descricao": "CPI-5 16.BPM/I EM P/1 E P/5 NAPS", "opm_codigo": "605168110" }, "geometry": { "type": "Point", "coordinates": [ -50.238889099999987, -20.282805 ] } },
{ "type": "Feature", "properties": { "id_comando": "CPI-5", "nome_comando": "5º Comando de Policiamento do Interior (CPI-5)", "nome_batalhao": "16º BPM/I", "tipo_batalhao": "Interior", "companhia": "EM", "pelotao": "P/3", "cidade": "Fernandopolis", "endereco": "AV. LÍBERO DE ALMEIDA SILVARES, 3105, coester - Fernandopolis", "latitude": -20.282805, "longitude": -50.2388891, "fonte_geocodificacao": "Google Geocoding API", "opm_nome": "CENTRO DE ATENDIMENTO E DESPACHO", "opm_descricao": "CPI-5 16.BPM/I EM P/3 CAD", "opm_codigo": "605168310" }, "geometry": { "type": "Point", "coordinates": [ -50.238889099999987, -20.282805 ] } },
{ "type": "Feature", "properties": { "id_comando": "CPI-5", "nome_comando": "5º Comando de Policiamento do Interior (CPI-5)", "nome_batalhao": "16º BPM/I", "tipo_batalhao": "Interior", "companhia": "EM", "pelotao": "P/4 E MOTOMEC", "cidade": "Fernandopolis", "endereco": "AV. LÍBERO DE ALMEIDA SILVARES, 3105, COESTER - Fernandopolis", "latitude": -20.282805, "longitude": -50.2388891, "fonte_geocodificacao": "Google Geocoding API", "opm_nome": "P/4 E MOTOMEC", "opm_descricao": "CPI-5 16.BPM/I EM P/4 E MOTOMEC 0", "opm_codigo": "605168400" }, "geometry": { "type": "Point", "coordinates": [ -50.238889099999987, -20.282805 ] } },
{ "type": "Feature", "properties": { "id_comando": "CPI-5", "nome_comando": "5º Comando de Policiamento do Interior (CPI-5)", "nome_batalhao": "16º BPM/I", "tipo_batalhao": "Interior", "companhia": "EM", "pelotao": "SEC PJMD", "cidade": "Fernandopolis", "endereco": "AV. LÍBERO DE ALMEIDA SILVARES, 3105, COESTER - Fernandopolis", "latitude": -20.282805, "longitude": -50.2388891, "fonte_geocodificacao": "Google Geocoding API", "opm_nome": "SECAO POLICIA JUDICIARIA MILITAR E DISCIPLINA", "opm_descricao": "CPI-5 16.BPM/I EM SEC PJMD 0", "opm_codigo": "605168600" }, "geometry": { "type": "Point", "coordinates": [ -50.238889099999987, -20.282805 ] } },
{ "type": "Feature", "properties": { "id_comando": "CPI-5", "nome_comando": "5º Comando de Policiamento do Interior (CPI-5)", "nome_batalhao": "16º BPM/I", "tipo_batalhao": "Interior", "companhia": "EM", "pelotao": "UIS", "cidade": "Fernandopolis", "endereco": "AV. LÍBERO DE ALMEIDA SILVARES, 3105, coester - Fernandopolis", "latitude": -20.282805, "longitude": -50.2388891, "fonte_geocodificacao": "Google Geocoding API", "opm_nome": "UNIDADE INTEGRADA DE SAUDE", "opm_descricao": "CPI-5 16.BPM/I EM UIS 0", "opm_codigo": "605168010" }, "geometry": { "type": "Point", "coordinates": [ -50.238889099999987, -20.282805 ] } },
{ "type": "Feature", "properties": { "id_comando": "CPA/M-5", "nome_comando": "5º Comando de Policiamento de Área Metropolitana (CPA/M-5)", "nome_batalhao": "16º BPM/M", "tipo_batalhao": "Metropolitano", "companhia": "1.CIA PM", "pelotao": "TERRITORIAL", "cidade": "Sao Paulo", "endereco": "RUA ANTONIO DA COSTA BARBOSA, 100, VILA ANDRADE - Sao Paulo", "latitude": -23.6323224, "longitude": -46.7283867, "fonte_geocodificacao": "Google Geocoding API", "opm_nome": "1.COMPANHIA DE POLICIA MILITAR", "opm_descricao": "CPA/M-5 16.BPM/M 1.CIA PM TERRITORIAL", "opm_codigo": "505161000" }, "geometry": { "type": "Point", "coordinates": [ -46.728386699999987, -23.6323224 ] } },
{ "type": "Feature", "properties": { "id_comando": "CPA/M-5", "nome_comando": "5º Comando de Policiamento de Área Metropolitana (CPA/M-5)", "nome_batalhao": "16º BPM/M", "tipo_batalhao": "Metropolitano", "companhia": "2.CIA PM", "pelotao": "TERRITORIAL", "cidade": "Sao Paulo", "endereco": "AVENIDA PROFESSOR FRANCISCO MORATO, 2971, BUTANTA - Sao Paulo", "latitude": -23.5883779, "longitude": -46.7264426, "fonte_geocodificacao": "Google Geocoding API", "opm_nome": "2. COMPANHIA DE POLICIA MILITAR", "opm_descricao": "CPA/M-5 16.BPM/M 2.CIA PM TERRITORIAL", "opm_codigo": "505162000" }, "geometry": { "type": "Point", "coordinates": [ -46.726442600000013, -23.5883779 ] } },
{ "type": "Feature", "properties": { "id_comando": "CPA/M-5", "nome_comando": "5º Comando de Policiamento de Área Metropolitana (CPA/M-5)", "nome_batalhao": "16º BPM/M", "tipo_batalhao": "Metropolitano", "companhia": "3.CIA PM", "pelotao": "TERRITORIAL", "cidade": "Sao Paulo", "endereco": "RUA JACARATINGA, 201, CAMPO LIMPO - Sao Paulo", "latitude": -23.6329913, "longitude": -46.7703906, "fonte_geocodificacao": "Google Geocoding API", "opm_nome": "3. COMPANHIA DE POLICIA MILITAR", "opm_descricao": "CPA/M-5 16.BPM/M 3.CIA PM TERRITORIAL", "opm_codigo": "505163000" }, "geometry": { "type": "Point", "coordinates": [ -46.7703906, -23.6329913 ] } },
{ "type": "Feature", "properties": { "id_comando": "CPA/M-5", "nome_comando": "5º Comando de Policiamento de Área Metropolitana (CPA/M-5)", "nome_batalhao": "16º BPM/M", "tipo_batalhao": "Metropolitano", "companhia": "4.CIA PM", "pelotao": "TERRITORIAL", "cidade": "Sao Paulo", "endereco": "AV VILA OLIMPICA MARIO COVAS (RODOVIA RAPOSO TAVARES, KM 19,5), 21, RAPOSO TAVARES - Sao Paulo", "latitude": -23.5929878, "longitude": -46.80115, "fonte_geocodificacao": "Google Geocoding API", "opm_nome": "4. COMPANHIA DE POLICIA MILITAR", "opm_descricao": "CPA/M-5 16.BPM/M 4.CIA PM TERRITORIAL", "opm_codigo": "505164000" }, "geometry": { "type": "Point", "coordinates": [ -46.80115, -23.5929878 ] } },
{ "type": "Feature", "properties": { "id_comando": "CPA/M-5", "nome_comando": "5º Comando de Policiamento de Área Metropolitana (CPA/M-5)", "nome_batalhao": "16º BPM/M", "tipo_batalhao": "Metropolitano", "companhia": "5.CIA PM", "pelotao": "TERRITORIAL", "cidade": "Sao Paulo", "endereco": ", 0  INEXISTENTE, 0 - Sao Paulo", "latitude": -23.4643815, "longitude": -46.7829298, "fonte_geocodificacao": "Google Geocoding API", "opm_nome": "16.BPM/M 5.CIA PM TERRITORIAL", "opm_descricao": "CPA/M-5 16.BPM/M 5.CIA PM TERRITORIAL", "opm_codigo": "505165000" }, "geometry": { "type": "Point", "coordinates": [ -46.7829298, -23.4643815 ] } },
{ "type": "Feature", "properties": { "id_comando": "CPA/M-5", "nome_comando": "5º Comando de Policiamento de Área Metropolitana (CPA/M-5)", "nome_batalhao": "16º BPM/M", "tipo_batalhao": "Metropolitano", "companhia": "6.CIA PM", "pelotao": "TERRITORIAL", "cidade": "Sao Paulo", "endereco": "0, 0  INEXISTENTE, 0 - Sao Paulo", "latitude": -23.4643815, "longitude": -46.7829298, "fonte_geocodificacao": "Google Geocoding API", "opm_nome": "16.BPM/M 6.CIA PM TERRITORIAL", "opm_descricao": "CPA/M-5 16.BPM/M 6.CIA PM TERRITORIAL 0", "opm_codigo": "505166000" }, "geometry": { "type": "Point", "coordinates": [ -46.7829298, -23.4643815 ] } },
{ "type": "Feature", "properties": { "id_comando": "CPI-5", "nome_comando": "5º Comando de Policiamento do Interior (CPI-5)", "nome_batalhao": "17º BPM/I", "tipo_batalhao": "Interior", "companhia": "1.CIA PM", "pelotao": "2.PEL PM", "cidade": "Sao Jose Do Rio Preto", "endereco": "RUA BEATRIZ DA CONCEIÇÃO, 350, SOLO SAGRADO - Sao Jose Do Rio Preto", "latitude": -20.780318, "longitude": -49.4093535, "fonte_geocodificacao": "Google Geocoding API", "opm_nome": "17.BPM/I 1.CIA PM 2.PEL PM", "opm_descricao": "CPI-5 17.BPM/I 1.CIA PM 2.PEL PM", "opm_codigo": "605171200" }, "geometry": { "type": "Point", "coordinates": [ -49.409353499999987, -20.780318 ] } },
{ "type": "Feature", "properties": { "id_comando": "CPI-5", "nome_comando": "5º Comando de Policiamento do Interior (CPI-5)", "nome_batalhao": "17º BPM/I", "tipo_batalhao": "Interior", "companhia": "1.CIA PM", "pelotao": "ADM", "cidade": "Sao Jose Do Rio Preto", "endereco": "RUA BEATRIZ DA CONCEIÇÃO, 350, SOLO SAGRADO - Sao Jose Do Rio Preto", "latitude": -20.780318, "longitude": -49.4093535, "fonte_geocodificacao": "Google Geocoding API", "opm_nome": "ADMINISTRACAO", "opm_descricao": "CPI-5 17.BPM/I 1.CIA PM ADM 0", "opm_codigo": "605171400" }, "geometry": { "type": "Point", "coordinates": [ -49.409353499999987, -20.780318 ] } },
{ "type": "Feature", "properties": { "id_comando": "CPI-5", "nome_comando": "5º Comando de Policiamento do Interior (CPI-5)", "nome_batalhao": "17º BPM/I", "tipo_batalhao": "Interior", "companhia": "1.CIA PM", "pelotao": "CGP", "cidade": "Sao Jose Do Rio Preto", "endereco": "RUA MACIR AMADEU, 996, São francisco - Sao Jose Do Rio Preto", "latitude": -20.8461338, "longitude": -49.3865004, "fonte_geocodificacao": "Google Geocoding API", "opm_nome": "COMANDO DE GRUPO PATRULHA", "opm_descricao": "CPI-5 17.BPM/I 1.CIA PM CGP", "opm_codigo": "605171500" }, "geometry": { "type": "Point", "coordinates": [ -49.3865004, -20.8461338 ] } },
{ "type": "Feature", "properties": { "id_comando": "CPI-5", "nome_comando": "5º Comando de Policiamento do Interior (CPI-5)", "nome_batalhao": "17º BPM/I", "tipo_batalhao": "Interior", "companhia": "2.CIA PM", "pelotao": "0", "cidade": "Nova Granada", "endereco": "..., 0  UNIDADE INEXISTENTE, ... - Nova Granada", "latitude": -20.533559, "longitude": -49.3197746, "fonte_geocodificacao": "Google Geocoding API", "opm_nome": "17.BPM/I 2.CIA PM  8.GP/PM", "opm_descricao": "CPI-5 17.BPM/I 2.CIA PM 0 8.GP/PM", "opm_codigo": "605172008" }, "geometry": { "type": "Point", "coordinates": [ -49.3197746, -20.533559 ] } },
{ "type": "Feature", "properties": { "id_comando": "CPI-5", "nome_comando": "5º Comando de Policiamento do Interior (CPI-5)", "nome_batalhao": "17º BPM/I", "tipo_batalhao": "Interior", "companhia": "2.CIA PM", "pelotao": "2.PEL PM", "cidade": "Nova Granada", "endereco": "RUA MARIA ROSA DO NASCIMENTO, 101, PARQUE DAS AMÉRICAS - Nova Granada", "latitude": -20.533559, "longitude": -49.3197746, "fonte_geocodificacao": "Google Geocoding API", "opm_nome": "17.BPM/I 2.CIA PM 2.PEL PM", "opm_descricao": "CPI-5 17.BPM/I 2.CIA PM 2.PEL PM", "opm_codigo": "605172200" }, "geometry": { "type": "Point", "coordinates": [ -49.3197746, -20.533559 ] } },
{ "type": "Feature", "properties": { "id_comando": "CPI-5", "nome_comando": "5º Comando de Policiamento do Interior (CPI-5)", "nome_batalhao": "17º BPM/I", "tipo_batalhao": "Interior", "companhia": "2.CIA PM", "pelotao": "ADM", "cidade": "Sao Jose Do Rio Preto", "endereco": "RUA MACIR AMADEU, 996, jardim são francisco - Sao Jose Do Rio Preto", "latitude": -20.8461338, "longitude": -49.3865004, "fonte_geocodificacao": "Google Geocoding API", "opm_nome": "ADMINISTRACAO", "opm_descricao": "CPI-5 17.BPM/I 2.CIA PM ADM 0", "opm_codigo": "605172400" }, "geometry": { "type": "Point", "coordinates": [ -49.3865004, -20.8461338 ] } },
{ "type": "Feature", "properties": { "id_comando": "CPI-5", "nome_comando": "5º Comando de Policiamento do Interior (CPI-5)", "nome_batalhao": "17º BPM/I", "tipo_batalhao": "Interior", "companhia": "2.CIA PM", "pelotao": "CGP", "cidade": "Sao Jose Do Rio Preto", "endereco": "RUA MACIR AMADEU, 996, São francisco - Sao Jose Do Rio Preto", "latitude": -20.8461338, "longitude": -49.3865004, "fonte_geocodificacao": "Google Geocoding API", "opm_nome": "COMANDO DE GRUPO PATRULHA", "opm_descricao": "CPI-5 17.BPM/I 2.CIA PM CGP 0", "opm_codigo": "605172500" }, "geometry": { "type": "Point", "coordinates": [ -49.3865004, -20.8461338 ] } },
{ "type": "Feature", "properties": { "id_comando": "CPI-5", "nome_comando": "5º Comando de Policiamento do Interior (CPI-5)", "nome_batalhao": "17º BPM/I", "tipo_batalhao": "Interior", "companhia": "3.CIA PM", "pelotao": "ADM", "cidade": "Sao Jose Do Rio Preto", "endereco": "RUA CAPITÃO DELMIRO ÁVILA, 1, SANTA CRUZ - Sao Jose Do Rio Preto", "latitude": -20.8225439, "longitude": -49.3714932, "fonte_geocodificacao": "Google Geocoding API", "opm_nome": "ADMINISTRACAO", "opm_descricao": "CPI-5 17.BPM/I 3.CIA PM ADM 0", "opm_codigo": "605173400" }, "geometry": { "type": "Point", "coordinates": [ -49.3714932, -20.8225439 ] } },
{ "type": "Feature", "properties": { "id_comando": "CPI-5", "nome_comando": "5º Comando de Policiamento do Interior (CPI-5)", "nome_batalhao": "17º BPM/I", "tipo_batalhao": "Interior", "companhia": "3.CIA PM", "pelotao": "CGP", "cidade": "Sao Jose Do Rio Preto", "endereco": "RUA CAPITÃO DELMIRO ÁVILA, 1, SANTA CRUZ - Sao Jose Do Rio Preto", "latitude": -20.8225439, "longitude": -49.3714932, "fonte_geocodificacao": "Google Geocoding API", "opm_nome": "COMANDO DE GRUPO PATRULHA", "opm_descricao": "CPI-5 17.BPM/I 3.CIA PM CGP", "opm_codigo": "605173500" }, "geometry": { "type": "Point", "coordinates": [ -49.3714932, -20.8225439 ] } },
{ "type": "Feature", "properties": { "id_comando": "CPI-5", "nome_comando": "5º Comando de Policiamento do Interior (CPI-5)", "nome_batalhao": "17º BPM/I", "tipo_batalhao": "Interior", "companhia": "4.CIA PM", "pelotao": "ADM", "cidade": "Sao Jose Do Rio Preto", "endereco": "RUA JOAQUIM MARCOS ALVES, 102, VILA CRISTINA - Sao Jose Do Rio Preto", "latitude": -20.81054, "longitude": -49.365319, "fonte_geocodificacao": "Google Geocoding API", "opm_nome": "ADMINISTRACAO", "opm_descricao": "CPI-5 17.BPM/I 4.CIA PM ADM 0", "opm_codigo": "605174400" }, "geometry": { "type": "Point", "coordinates": [ -49.365319, -20.81054 ] } },
{ "type": "Feature", "properties": { "id_comando": "CPI-5", "nome_comando": "5º Comando de Policiamento do Interior (CPI-5)", "nome_batalhao": "17º BPM/I", "tipo_batalhao": "Interior", "companhia": "4.CIA PM", "pelotao": "CGP", "cidade": "Sao Jose Do Rio Preto", "endereco": "RUA JOAQUIM MARCOS ALVES, 102, VILA CRISTINA - Sao Jose Do Rio Preto", "latitude": -20.81054, "longitude": -49.365319, "fonte_geocodificacao": "Google Geocoding API", "opm_nome": "COMANDO DE GRUPO PATRULHA", "opm_descricao": "CPI-5 17.BPM/I 4.CIA PM CGP", "opm_codigo": "605174500" }, "geometry": { "type": "Point", "coordinates": [ -49.365319, -20.81054 ] } },
{ "type": "Feature", "properties": { "id_comando": "CPI-5", "nome_comando": "5º Comando de Policiamento do Interior (CPI-5)", "nome_batalhao": "17º BPM/I", "tipo_batalhao": "Interior", "companhia": "CIA FT", "pelotao": "1. PEL FT", "cidade": "Sao Jose Do Rio Preto", "endereco": "RUA MACIR AMADEU, 996, São francisco - Sao Jose Do Rio Preto", "latitude": -20.8461338, "longitude": -49.3865004, "fonte_geocodificacao": "Google Geocoding API", "opm_nome": "1. PELOTAO DE FORCA TATICA", "opm_descricao": "CPI-5 17.BPM/I CIA FT 1. PEL FT", "opm_codigo": "605170910" }, "geometry": { "type": "Point", "coordinates": [ -49.3865004, -20.8461338 ] } },
{ "type": "Feature", "properties": { "id_comando": "CPI-5", "nome_comando": "5º Comando de Policiamento do Interior (CPI-5)", "nome_batalhao": "17º BPM/I", "tipo_batalhao": "Interior", "companhia": "CIA FT", "pelotao": "2. PEL FT", "cidade": "Sao Jose Do Rio Preto", "endereco": "RUA MACIR AMADEU, 996, São francisco - Sao Jose Do Rio Preto", "latitude": -20.8461338, "longitude": -49.3865004, "fonte_geocodificacao": "Google Geocoding API", "opm_nome": "2. PELOTAO DE FORCA TATICA", "opm_descricao": "CPI-5 17.BPM/I CIA FT 2. PEL FT", "opm_codigo": "605170920" }, "geometry": { "type": "Point", "coordinates": [ -49.3865004, -20.8461338 ] } },
{ "type": "Feature", "properties": { "id_comando": "CPI-5", "nome_comando": "5º Comando de Policiamento do Interior (CPI-5)", "nome_batalhao": "17º BPM/I", "tipo_batalhao": "Interior", "companhia": "CIA FT", "pelotao": "ADM", "cidade": "Sao Jose Do Rio Preto", "endereco": "RUA MACIR AMADEU, 996, São francisco - Sao Jose Do Rio Preto", "latitude": -20.8461338, "longitude": -49.3865004, "fonte_geocodificacao": "Google Geocoding API", "opm_nome": "ADMINISTRACAO", "opm_descricao": "CPI-5 17.BPM/I CIA FT ADM", "opm_codigo": "605170990" }, "geometry": { "type": "Point", "coordinates": [ -49.3865004, -20.8461338 ] } },
{ "type": "Feature", "properties": { "id_comando": "CPI-5", "nome_comando": "5º Comando de Policiamento do Interior (CPI-5)", "nome_batalhao": "17º BPM/I", "tipo_batalhao": "Interior", "companhia": "EM", "pelotao": "AG AREA", "cidade": "Sao Jose Do Rio Preto", "endereco": "RUA MACIR AMADEU, 996, JARDIM VIENA - Sao Jose Do Rio Preto", "latitude": -20.8461338, "longitude": -49.3865004, "fonte_geocodificacao": "Google Geocoding API", "opm_nome": "AGENCIA AREA", "opm_descricao": "CPI-5 17.BPM/I EM AG AREA 0", "opm_codigo": "605178200" }, "geometry": { "type": "Point", "coordinates": [ -49.3865004, -20.8461338 ] } },
{ "type": "Feature", "properties": { "id_comando": "CPI-5", "nome_comando": "5º Comando de Policiamento do Interior (CPI-5)", "nome_batalhao": "17º BPM/I", "tipo_batalhao": "Interior", "companhia": "EM", "pelotao": "DIV OP", "cidade": "Sao Jose Do Rio Preto", "endereco": "RUA MACIR AMADEU, 996, JARDIM VIENA - Sao Jose Do Rio Preto", "latitude": -20.8461338, "longitude": -49.3865004, "fonte_geocodificacao": "Google Geocoding API", "opm_nome": "DIVISAO OPERACIONAL", "opm_descricao": "CPI-5 17.BPM/I EM DIV OP 0", "opm_codigo": "605178300" }, "geometry": { "type": "Point", "coordinates": [ -49.3865004, -20.8461338 ] } },
{ "type": "Feature", "properties": { "id_comando": "CPI-5", "nome_comando": "5º Comando de Policiamento do Interior (CPI-5)", "nome_batalhao": "17º BPM/I", "tipo_batalhao": "Interior", "companhia": "EM", "pelotao": "P/1 E P/5", "cidade": "Sao Jose Do Rio Preto", "endereco": "RUA MACIR AMADEU, 996, JARDIM VIENA - Sao Jose Do Rio Preto", "latitude": -20.8461338, "longitude": -49.3865004, "fonte_geocodificacao": "Google Geocoding API", "opm_nome": "P/1 E P/5", "opm_descricao": "CPI-5 17.BPM/I EM P/1 E P/5 0", "opm_codigo": "605178100" }, "geometry": { "type": "Point", "coordinates": [ -49.3865004, -20.8461338 ] } },
{ "type": "Feature", "properties": { "id_comando": "CPI-5", "nome_comando": "5º Comando de Policiamento do Interior (CPI-5)", "nome_batalhao": "17º BPM/I", "tipo_batalhao": "Interior", "companhia": "EM", "pelotao": "P/3", "cidade": "Sao Jose Do Rio Preto", "endereco": "RUA MACIR AMADEU, 996, JARDIM SÃO FRANCISCO - Sao Jose Do Rio Preto", "latitude": -20.8461338, "longitude": -49.3865004, "fonte_geocodificacao": "Google Geocoding API", "opm_nome": "COMANDO FORCA PATRULHA", "opm_descricao": "CPI-5 17.BPM/I EM P/3 CFP", "opm_codigo": "605178310" }, "geometry": { "type": "Point", "coordinates": [ -49.3865004, -20.8461338 ] } },
{ "type": "Feature", "properties": { "id_comando": "CPI-5", "nome_comando": "5º Comando de Policiamento do Interior (CPI-5)", "nome_batalhao": "17º BPM/I", "tipo_batalhao": "Interior", "companhia": "EM", "pelotao": "P/4", "cidade": "Sao Jose Do Rio Preto", "endereco": "RUA MACIR AMADEU, 996, JARDIM VIENA - Sao Jose Do Rio Preto", "latitude": -20.8461338, "longitude": -49.3865004, "fonte_geocodificacao": "Google Geocoding API", "opm_nome": "P/4", "opm_descricao": "CPI-5 17.BPM/I EM P/4 0", "opm_codigo": "605178400" }, "geometry": { "type": "Point", "coordinates": [ -49.3865004, -20.8461338 ] } },
{ "type": "Feature", "properties": { "id_comando": "CPI-5", "nome_comando": "5º Comando de Policiamento do Interior (CPI-5)", "nome_batalhao": "17º BPM/I", "tipo_batalhao": "Interior", "companhia": "EM", "pelotao": "P/5", "cidade": "Sao Jose Do Rio Preto", "endereco": "RUA MACIR AMADEU, 996, JARDIM VIENA - Sao Jose Do Rio Preto", "latitude": -20.8461338, "longitude": -49.3865004, "fonte_geocodificacao": "Google Geocoding API", "opm_nome": "17.BPM/I P/5", "opm_descricao": "CPI-5 17.BPM/I EM P/5 0", "opm_codigo": "605178500" }, "geometry": { "type": "Point", "coordinates": [ -49.3865004, -20.8461338 ] } },
{ "type": "Feature", "properties": { "id_comando": "CPI-5", "nome_comando": "5º Comando de Policiamento do Interior (CPI-5)", "nome_batalhao": "17º BPM/I", "tipo_batalhao": "Interior", "companhia": "EM", "pelotao": "SEC PJMD", "cidade": "Sao Jose Do Rio Preto", "endereco": "RUA MACIR AMADEU, 996, JARDIM VIENA - Sao Jose Do Rio Preto", "latitude": -20.8461338, "longitude": -49.3865004, "fonte_geocodificacao": "Google Geocoding API", "opm_nome": "SECAO POLICIA JUDICIARIA MILITAR E DISCIPLINA", "opm_descricao": "CPI-5 17.BPM/I EM SEC PJMD 0", "opm_codigo": "605178600" }, "geometry": { "type": "Point", "coordinates": [ -49.3865004, -20.8461338 ] } },
{ "type": "Feature", "properties": { "id_comando": "CPA/M-12", "nome_comando": "12º Comando de Policiamento de Área Metropolitana (CPA/M-12)", "nome_batalhao": "17º BPM/M", "tipo_batalhao": "Metropolitano", "companhia": "1.CIA PM", "pelotao": "TERRITORIAL", "cidade": "Mogi Das Cruzes", "endereco": "AV DANTE JORDÃO STOPPA, 100 - MOGI DAS CRUZES, 100, CESAR DE SOUZA - Mogi Das Cruzes", "latitude": -23.5110356, "longitude": -46.1563026, "fonte_geocodificacao": "Google Geocoding API", "opm_nome": "1. COMPANHIA DE POLICIA MILITAR", "opm_descricao": "CPA/M-12 17.BPM/M 1.CIA PM TERRITORIAL", "opm_codigo": "412171000" }, "geometry": { "type": "Point", "coordinates": [ -46.1563026, -23.5110356 ] } },
{ "type": "Feature", "properties": { "id_comando": "CPA/M-12", "nome_comando": "12º Comando de Policiamento de Área Metropolitana (CPA/M-12)", "nome_batalhao": "17º BPM/M", "tipo_batalhao": "Metropolitano", "companhia": "2.CIA PM", "pelotao": "TERRITORIAL", "cidade": "Mogi Das Cruzes", "endereco": "AVENIDA JOAO DE SOUZA FRANCO, 531 - MOGI DAS CRUZES, 531, JUNDIAPEBA - Mogi Das Cruzes", "latitude": -23.5480465, "longitude": -46.2462763, "fonte_geocodificacao": "Google Geocoding API", "opm_nome": "2. COMPANHIA DE POLICIA MILITAR", "opm_descricao": "CPA/M-12 17.BPM/M 2.CIA PM TERRITORIAL", "opm_codigo": "412172000" }, "geometry": { "type": "Point", "coordinates": [ -46.2462763, -23.5480465 ] } },
{ "type": "Feature", "properties": { "id_comando": "CPA/M-12", "nome_comando": "12º Comando de Policiamento de Área Metropolitana (CPA/M-12)", "nome_batalhao": "17º BPM/M", "tipo_batalhao": "Metropolitano", "companhia": "3.CIA PM", "pelotao": "TERRITORIAL", "cidade": "Guararema", "endereco": "Rua Dona Laurinda, 260 - GUARAREMA, 260, Centro - Guararema", "latitude": -23.4139721, "longitude": -46.0361976, "fonte_geocodificacao": "Google Geocoding API", "opm_nome": "3. COMPANHIA DE POLICIA MILITAR", "opm_descricao": "CPA/M-12 17.BPM/M 3.CIA PM TERRITORIAL", "opm_codigo": "412173000" }, "geometry": { "type": "Point", "coordinates": [ -46.0361976, -23.4139721 ] } },
{ "type": "Feature", "properties": { "id_comando": "CPI-8", "nome_comando": "8º Comando de Policiamento do Interior (CPI-8)", "nome_batalhao": "18º BPM/I", "tipo_batalhao": "Interior", "companhia": "1.CIA PM", "pelotao": "1.PEL PM", "cidade": "Presidente Prudente", "endereco": "RUA FAGUNDES VARELA, 222, VILA BOA VISTA - Presidente Prudente", "latitude": -22.1158876, "longitude": -51.3840875, "fonte_geocodificacao": "Google Geocoding API", "opm_nome": "18.BPM/I 1.CIA PM 1.PEL PM", "opm_descricao": "CPI-8 18.BPM/I 1.CIA PM 1.PEL PM", "opm_codigo": "608181100" }, "geometry": { "type": "Point", "coordinates": [ -51.3840875, -22.1158876 ] } },
{ "type": "Feature", "properties": { "id_comando": "CPI-8", "nome_comando": "8º Comando de Policiamento do Interior (CPI-8)", "nome_batalhao": "18º BPM/I", "tipo_batalhao": "Interior", "companhia": "1.CIA PM", "pelotao": "2.PEL PM", "cidade": "Presidente Prudente", "endereco": "RUA FAGUNDES VARELA, 222, VILA BOA VISTA - Presidente Prudente", "latitude": -22.1158876, "longitude": -51.3840875, "fonte_geocodificacao": "Google Geocoding API", "opm_nome": "18.BPM/I 1.CIA PM 2.PEL PM", "opm_descricao": "CPI-8 18.BPM/I 1.CIA PM 2.PEL PM", "opm_codigo": "608181200" }, "geometry": { "type": "Point", "coordinates": [ -51.3840875, -22.1158876 ] } },
{ "type": "Feature", "properties": { "id_comando": "CPI-8", "nome_comando": "8º Comando de Policiamento do Interior (CPI-8)", "nome_batalhao": "18º BPM/I", "tipo_batalhao": "Interior", "companhia": "1.CIA PM", "pelotao": "3.PEL PM", "cidade": "Presidente Prudente", "endereco": "RUA FAGUNDES VARELA, 222, VILA BOA VISTA - Presidente Prudente", "latitude": -22.1158876, "longitude": -51.3840875, "fonte_geocodificacao": "Google Geocoding API", "opm_nome": "18.BPM/I 1.CIA PM 3.PEL PM", "opm_descricao": "CPI-8 18.BPM/I 1.CIA PM 3.PEL PM", "opm_codigo": "608181300" }, "geometry": { "type": "Point", "coordinates": [ -51.3840875, -22.1158876 ] } },
{ "type": "Feature", "properties": { "id_comando": "CPI-8", "nome_comando": "8º Comando de Policiamento do Interior (CPI-8)", "nome_batalhao": "18º BPM/I", "tipo_batalhao": "Interior", "companhia": "1.CIA PM", "pelotao": "4.PEL PM", "cidade": "Presidente Prudente", "endereco": "RUA FAGUNDES VARELA, 222, VILA BOA VISTA - Presidente Prudente", "latitude": -22.1158876, "longitude": -51.3840875, "fonte_geocodificacao": "Google Geocoding API", "opm_nome": "18.BPM/I 1.CIA PM 4.PEL PM", "opm_descricao": "CPI-8 18.BPM/I 1.CIA PM 4.PEL PM", "opm_codigo": "608181400" }, "geometry": { "type": "Point", "coordinates": [ -51.3840875, -22.1158876 ] } },
{ "type": "Feature", "properties": { "id_comando": "CPI-8", "nome_comando": "8º Comando de Policiamento do Interior (CPI-8)", "nome_batalhao": "18º BPM/I", "tipo_batalhao": "Interior", "companhia": "1.CIA PM", "pelotao": "ADMINISTRACAO", "cidade": "Presidente Prudente", "endereco": "RUA FAGUNDES VARELA, 222, VILA BOA VISTA - Presidente Prudente", "latitude": -22.1158876, "longitude": -51.3840875, "fonte_geocodificacao": "Google Geocoding API", "opm_nome": "ADMINISTRACAO", "opm_descricao": "CPI-8 18.BPM/I 1.CIA PM ADMINISTRACAO", "opm_codigo": "608181500" }, "geometry": { "type": "Point", "coordinates": [ -51.3840875, -22.1158876 ] } },
{ "type": "Feature", "properties": { "id_comando": "CPI-8", "nome_comando": "8º Comando de Policiamento do Interior (CPI-8)", "nome_batalhao": "18º BPM/I", "tipo_batalhao": "Interior", "companhia": "1.CIA PM", "pelotao": "CGP", "cidade": "Presidente Prudente", "endereco": "RUA FAGUNDES VARELA, 222, Vila Lessa - Presidente Prudente", "latitude": -22.1158876, "longitude": -51.3840875, "fonte_geocodificacao": "Google Geocoding API", "opm_nome": "COMANDO GRUPO PATRULHA", "opm_descricao": "CPI-8 18.BPM/I 1.CIA PM CGP", "opm_codigo": "608181600" }, "geometry": { "type": "Point", "coordinates": [ -51.3840875, -22.1158876 ] } },
{ "type": "Feature", "properties": { "id_comando": "CPI-8", "nome_comando": "8º Comando de Policiamento do Interior (CPI-8)", "nome_batalhao": "18º BPM/I", "tipo_batalhao": "Interior", "companhia": "2.CIA PM", "pelotao": "1.PEL PM", "cidade": "Martinopolis", "endereco": "AVENIDA ÂNGELO CORGHI, 1043, PARQUE RES SAO JUDAS TEDEU - Martinopolis", "latitude": -22.151004, "longitude": -51.1761215, "fonte_geocodificacao": "Google Geocoding API", "opm_nome": "18.BPM/I - 1PEL PM", "opm_descricao": "CPI-8 18.BPM/I 2.CIA PM 1.PEL PM", "opm_codigo": "608182100" }, "geometry": { "type": "Point", "coordinates": [ -51.1761215, -22.151004 ] } },
{ "type": "Feature", "properties": { "id_comando": "CPI-8", "nome_comando": "8º Comando de Policiamento do Interior (CPI-8)", "nome_batalhao": "18º BPM/I", "tipo_batalhao": "Interior", "companhia": "2.CIA PM", "pelotao": "ADMINISTRACAO", "cidade": "Martinopolis", "endereco": "RUA RAIMUNDO BARBOSA, 18, JARDIM PIONEIRO - Martinopolis", "latitude": -22.1509906, "longitude": -51.1761284, "fonte_geocodificacao": "Google Geocoding API", "opm_nome": "ADMINISTRACAO", "opm_descricao": "CPI-8 18.BPM/I 2.CIA PM ADMINISTRACAO", "opm_codigo": "608182300" }, "geometry": { "type": "Point", "coordinates": [ -51.1761284, -22.1509906 ] } },
{ "type": "Feature", "properties": { "id_comando": "CPI-8", "nome_comando": "8º Comando de Policiamento do Interior (CPI-8)", "nome_batalhao": "18º BPM/I", "tipo_batalhao": "Interior", "companhia": "2.CIA PM", "pelotao": "CGP", "cidade": "Martinopolis", "endereco": "RUA RAIMUNDO BARBOSA, 18, JARDIM PIONEIRO - Martinopolis", "latitude": -22.1509906, "longitude": -51.1761284, "fonte_geocodificacao": "Google Geocoding API", "opm_nome": "COMANDO GRUPO PATRULHA", "opm_descricao": "CPI-8 18.BPM/I 2.CIA PM CGP", "opm_codigo": "608182400" }, "geometry": { "type": "Point", "coordinates": [ -51.1761284, -22.1509906 ] } },
{ "type": "Feature", "properties": { "id_comando": "CPI-8", "nome_comando": "8º Comando de Policiamento do Interior (CPI-8)", "nome_batalhao": "18º BPM/I", "tipo_batalhao": "Interior", "companhia": "2.CIA PM", "pelotao": "PEL PM", "cidade": "Rancharia", "endereco": "RUA PEDRO DE TOLEDO, 49, CENTRO - Rancharia", "latitude": -22.226213, "longitude": -50.893405, "fonte_geocodificacao": "Google Geocoding API", "opm_nome": "PELOTAO POLICIAL MILITAR", "opm_descricao": "CPI-8 18.BPM/I 2.CIA PM PEL PM", "opm_codigo": "608182200" }, "geometry": { "type": "Point", "coordinates": [ -50.893405, -22.226213 ] } },
{ "type": "Feature", "properties": { "id_comando": "CPI-8", "nome_comando": "8º Comando de Policiamento do Interior (CPI-8)", "nome_batalhao": "18º BPM/I", "tipo_batalhao": "Interior", "companhia": "3.CIA PM", "pelotao": "1.PEL PM", "cidade": "Pirapozinho", "endereco": "RUA FLORISVALDO RIBEIRO DE BESSA, 929, CENTRO - Pirapozinho", "latitude": -22.2743996, "longitude": -51.4993791, "fonte_geocodificacao": "Google Geocoding API", "opm_nome": "18.BPM/I 3.CIA PM 1.PEL PM", "opm_descricao": "CPI-8 18.BPM/I 3.CIA PM 1.PEL PM", "opm_codigo": "608183100" }, "geometry": { "type": "Point", "coordinates": [ -51.4993791, -22.2743996 ] } },
{ "type": "Feature", "properties": { "id_comando": "CPI-8", "nome_comando": "8º Comando de Policiamento do Interior (CPI-8)", "nome_batalhao": "18º BPM/I", "tipo_batalhao": "Interior", "companhia": "3.CIA PM", "pelotao": "ADMINISTRACAO", "cidade": "Pirapozinho", "endereco": "RUA FLORISVALDO RIBEIRO DE BESSA, 929, CENTRO - Pirapozinho", "latitude": -22.2743996, "longitude": -51.4993791, "fonte_geocodificacao": "Google Geocoding API", "opm_nome": "ADMINISTRACAO", "opm_descricao": "CPI-8 18.BPM/I 3.CIA PM ADMINISTRACAO", "opm_codigo": "608183300" }, "geometry": { "type": "Point", "coordinates": [ -51.4993791, -22.2743996 ] } },
{ "type": "Feature", "properties": { "id_comando": "CPI-8", "nome_comando": "8º Comando de Policiamento do Interior (CPI-8)", "nome_batalhao": "18º BPM/I", "tipo_batalhao": "Interior", "companhia": "3.CIA PM", "pelotao": "CGP", "cidade": "Pirapozinho", "endereco": "RUA FLORISVALDO RIBEIRO BESSA, 929, CENTRO - Pirapozinho", "latitude": -22.2743996, "longitude": -51.4993791, "fonte_geocodificacao": "Google Geocoding API", "opm_nome": "COMANDO GRUPO PATRULHA", "opm_descricao": "CPI-8 18.BPM/I 3.CIA PM CGP", "opm_codigo": "608183400" }, "geometry": { "type": "Point", "coordinates": [ -51.4993791, -22.2743996 ] } },
{ "type": "Feature", "properties": { "id_comando": "CPI-8", "nome_comando": "8º Comando de Policiamento do Interior (CPI-8)", "nome_batalhao": "18º BPM/I", "tipo_batalhao": "Interior", "companhia": "3.CIA PM", "pelotao": "PEL PM", "cidade": "Regente Feijo", "endereco": "RUA MARTINS FRANCISCO, 585, CENTRO - Regente Feijo", "latitude": -22.2170585, "longitude": -51.3068249, "fonte_geocodificacao": "Google Geocoding API", "opm_nome": "PELOTAO POLICIAL MILITAR", "opm_descricao": "CPI-8 18.BPM/I 3.CIA PM PEL PM", "opm_codigo": "608183200" }, "geometry": { "type": "Point", "coordinates": [ -51.3068249, -22.2170585 ] } },
{ "type": "Feature", "properties": { "id_comando": "CPI-8", "nome_comando": "8º Comando de Policiamento do Interior (CPI-8)", "nome_batalhao": "18º BPM/I", "tipo_batalhao": "Interior", "companhia": "4.CIA PM", "pelotao": "2.PEL PM", "cidade": "Presidente Bernardes", "endereco": "RODOVIA RAPOSO TAVARES, 586  KM 586 - PRESIDIO, JARDIM GUAIÇARA - Presidente Bernardes", "latitude": -22.0353008, "longitude": -51.5734686, "fonte_geocodificacao": "Google Geocoding API", "opm_nome": "18.BPM/I 4.CIA PM 2.PEL PM", "opm_descricao": "CPI-8 18.BPM/I 4.CIA PM 2.PEL PM", "opm_codigo": "608184200" }, "geometry": { "type": "Point", "coordinates": [ -51.5734686, -22.0353008 ] } },
{ "type": "Feature", "properties": { "id_comando": "CPI-8", "nome_comando": "8º Comando de Policiamento do Interior (CPI-8)", "nome_batalhao": "18º BPM/I", "tipo_batalhao": "Interior", "companhia": "4.CIA PM", "pelotao": "3.PEL PM", "cidade": "Alvares Machado", "endereco": "ESTRADA ARTUR BOIGUÊS FILHO, 0  S/Nº, RURAL - Alvares Machado", "latitude": -22.0764973, "longitude": -51.4677124, "fonte_geocodificacao": "Google Geocoding API", "opm_nome": "18.BPM/I 4.CIA PM 3.PEL PM", "opm_descricao": "CPI-8 18.BPM/I 4.CIA PM 3.PEL PM", "opm_codigo": "608184300" }, "geometry": { "type": "Point", "coordinates": [ -51.4677124, -22.0764973 ] } },
{ "type": "Feature", "properties": { "id_comando": "CPI-8", "nome_comando": "8º Comando de Policiamento do Interior (CPI-8)", "nome_batalhao": "18º BPM/I", "tipo_batalhao": "Interior", "companhia": "4.CIA PM", "pelotao": "ADMINISTRACAO", "cidade": "Pirapozinho", "endereco": "ESTRADA ARTUR BOIQUES FILHO, 0  SEM NÚMERO, CENTRO - Pirapozinho", "latitude": -22.2834212, "longitude": -51.5123778, "fonte_geocodificacao": "Google Geocoding API", "opm_nome": "ADMINISTRACAO", "opm_descricao": "CPI-8 18.BPM/I 4.CIA PM ADMINISTRACAO", "opm_codigo": "608184500" }, "geometry": { "type": "Point", "coordinates": [ -51.5123778, -22.2834212 ] } },
{ "type": "Feature", "properties": { "id_comando": "CPI-8", "nome_comando": "8º Comando de Policiamento do Interior (CPI-8)", "nome_batalhao": "18º BPM/I", "tipo_batalhao": "Interior", "companhia": "4.CIA PM", "pelotao": "CGP", "cidade": "Alvares Machado", "endereco": "ESTRADA MUNICIPAL ARTHUR BOIGUES FILHO, 0, CENTRO - Alvares Machado", "latitude": -22.0758164, "longitude": -51.4652914, "fonte_geocodificacao": "Google Geocoding API", "opm_nome": "COMANDO GRUPO PATRULHA", "opm_descricao": "CPI-8 18.BPM/I 4.CIA PM CGP", "opm_codigo": "608184600" }, "geometry": { "type": "Point", "coordinates": [ -51.465291400000012, -22.0758164 ] } },
{ "type": "Feature", "properties": { "id_comando": "CPI-8", "nome_comando": "8º Comando de Policiamento do Interior (CPI-8)", "nome_batalhao": "18º BPM/I", "tipo_batalhao": "Interior", "companhia": "4.CIA PM", "pelotao": "PEL PM", "cidade": "Presidente Bernardes", "endereco": "RUA CORONEL MANOEL ROBERTO BARBOSA, 209, CENTRO - Presidente Bernardes", "latitude": -22.013739, "longitude": -51.5536826, "fonte_geocodificacao": "Google Geocoding API", "opm_nome": "PELOTAO POLICIAL MILITAR", "opm_descricao": "CPI-8 18.BPM/I 4.CIA PM PEL PM", "opm_codigo": "608184100" }, "geometry": { "type": "Point", "coordinates": [ -51.553682599999988, -22.013739 ] } },
{ "type": "Feature", "properties": { "id_comando": "CPI-8", "nome_comando": "8º Comando de Policiamento do Interior (CPI-8)", "nome_batalhao": "18º BPM/I", "tipo_batalhao": "Interior", "companhia": "5.CIA PM", "pelotao": "1.PEL PM", "cidade": "Presidente Prudente", "endereco": "RUA DOUTOR GURGEL, 684, CENTRO - Presidente Prudente", "latitude": -22.1210512, "longitude": -51.3888501, "fonte_geocodificacao": "Google Geocoding API", "opm_nome": "18.BPM/I 5.CIA PM 1.PEL PM", "opm_descricao": "CPI-8 18.BPM/I 5.CIA PM 1.PEL PM", "opm_codigo": "608185100" }, "geometry": { "type": "Point", "coordinates": [ -51.3888501, -22.1210512 ] } },
{ "type": "Feature", "properties": { "id_comando": "CPI-8", "nome_comando": "8º Comando de Policiamento do Interior (CPI-8)", "nome_batalhao": "18º BPM/I", "tipo_batalhao": "Interior", "companhia": "5.CIA PM", "pelotao": "2.PEL PM", "cidade": "Presidente Prudente", "endereco": "RUA DOUTOR GURGEL, 684, CENTRO - Presidente Prudente", "latitude": -22.1210512, "longitude": -51.3888501, "fonte_geocodificacao": "Google Geocoding API", "opm_nome": "18.BPM/I 5.CIA PM 2.PEL PM", "opm_descricao": "CPI-8 18.BPM/I 5.CIA PM 2.PEL PM", "opm_codigo": "608185200" }, "geometry": { "type": "Point", "coordinates": [ -51.3888501, -22.1210512 ] } },
{ "type": "Feature", "properties": { "id_comando": "CPI-8", "nome_comando": "8º Comando de Policiamento do Interior (CPI-8)", "nome_batalhao": "18º BPM/I", "tipo_batalhao": "Interior", "companhia": "5.CIA PM", "pelotao": "3.PEL PM", "cidade": "Presidente Prudente", "endereco": "RUA DOUTOR GURGEL, 684, CENTRO - Presidente Prudente", "latitude": -22.1210512, "longitude": -51.3888501, "fonte_geocodificacao": "Google Geocoding API", "opm_nome": "18.BPM/I 5.CIA PM 3.PEL PM", "opm_descricao": "CPI-8 18.BPM/I 5.CIA PM 3.PEL PM", "opm_codigo": "608185300" }, "geometry": { "type": "Point", "coordinates": [ -51.3888501, -22.1210512 ] } },
{ "type": "Feature", "properties": { "id_comando": "CPI-8", "nome_comando": "8º Comando de Policiamento do Interior (CPI-8)", "nome_batalhao": "18º BPM/I", "tipo_batalhao": "Interior", "companhia": "5.CIA PM", "pelotao": "ADMINISTRACAO", "cidade": "Presidente Prudente", "endereco": "RUA DR GURGEL, 684, CENTRO - Presidente Prudente", "latitude": -22.1210512, "longitude": -51.3888501, "fonte_geocodificacao": "Google Geocoding API", "opm_nome": "ADMINISTRACAO", "opm_descricao": "CPI-8 18.BPM/I 5.CIA PM ADMINISTRACAO", "opm_codigo": "608185400" }, "geometry": { "type": "Point", "coordinates": [ -51.3888501, -22.1210512 ] } },
{ "type": "Feature", "properties": { "id_comando": "CPI-8", "nome_comando": "8º Comando de Policiamento do Interior (CPI-8)", "nome_batalhao": "18º BPM/I", "tipo_batalhao": "Interior", "companhia": "5.CIA PM", "pelotao": "CGP", "cidade": "Presidente Prudente", "endereco": "RUA DOUTOR GURGEL, 684, VILA COMERCIAL - Presidente Prudente", "latitude": -22.1210512, "longitude": -51.3888501, "fonte_geocodificacao": "Google Geocoding API", "opm_nome": "COMANDO GRUPO PATRULHA", "opm_descricao": "CPI-8 18.BPM/I 5.CIA PM CGP", "opm_codigo": "608185500" }, "geometry": { "type": "Point", "coordinates": [ -51.3888501, -22.1210512 ] } },
{ "type": "Feature", "properties": { "id_comando": "CPI-8", "nome_comando": "8º Comando de Policiamento do Interior (CPI-8)", "nome_batalhao": "18º BPM/I", "tipo_batalhao": "Interior", "companhia": "CIA F TAT", "pelotao": "ADMINISTRACAO", "cidade": "Presidente Prudente", "endereco": "AVENIDA JOAQUIM CONSTANTINO, 351, VILA FORMOSA - Presidente Prudente", "latitude": -22.1485533, "longitude": -51.3931744, "fonte_geocodificacao": "Google Geocoding API", "opm_nome": "ADMINISTRACAO", "opm_descricao": "CPI-8 18.BPM/I CIA F TAT ADMINISTRACAO", "opm_codigo": "608187300" }, "geometry": { "type": "Point", "coordinates": [ -51.3931744, -22.1485533 ] } },
{ "type": "Feature", "properties": { "id_comando": "CPI-8", "nome_comando": "8º Comando de Policiamento do Interior (CPI-8)", "nome_batalhao": "18º BPM/I", "tipo_batalhao": "Interior", "companhia": "CIA F TAT", "pelotao": "PEL F TAT", "cidade": "Presidente Prudente", "endereco": "AVENIDA JOAQUIM CONSTANTINO, 351, VILA FORMOSA - Presidente Prudente", "latitude": -22.1485533, "longitude": -51.3931744, "fonte_geocodificacao": "Google Geocoding API", "opm_nome": "PELOTAO DE FORCA TATICA", "opm_descricao": "CPI-8 18.BPM/I CIA F TAT PEL F TAT", "opm_codigo": "608187100" }, "geometry": { "type": "Point", "coordinates": [ -51.3931744, -22.1485533 ] } },
{ "type": "Feature", "properties": { "id_comando": "CPI-8", "nome_comando": "8º Comando de Policiamento do Interior (CPI-8)", "nome_batalhao": "18º BPM/I", "tipo_batalhao": "Interior", "companhia": "EM", "pelotao": "AA", "cidade": "Presidente Prudente", "endereco": "AVENIDA JOAQUIM CONSTANTINO, 351, PQ RES NOSAK I - Presidente Prudente", "latitude": -22.1255965, "longitude": -51.4311053, "fonte_geocodificacao": "Google Geocoding API", "opm_nome": "AGENCIA DE AREA", "opm_descricao": "CPI-8 18.BPM/I EM AA", "opm_codigo": "608189200" }, "geometry": { "type": "Point", "coordinates": [ -51.4311053, -22.1255965 ] } },
{ "type": "Feature", "properties": { "id_comando": "CPI-8", "nome_comando": "8º Comando de Policiamento do Interior (CPI-8)", "nome_batalhao": "18º BPM/I", "tipo_batalhao": "Interior", "companhia": "EM", "pelotao": "P/1 P/3 E P/5", "cidade": "Presidente Prudente", "endereco": "AVENIDA JOAQUIM CONSTANTINO, 351, PQ RES NOSAK I - Presidente Prudente", "latitude": -22.1255965, "longitude": -51.4311053, "fonte_geocodificacao": "Google Geocoding API", "opm_nome": "P/1 P/3 E P/5", "opm_descricao": "CPI-8 18.BPM/I EM P/1 P/3 E P/5", "opm_codigo": "608189100" }, "geometry": { "type": "Point", "coordinates": [ -51.4311053, -22.1255965 ] } },
{ "type": "Feature", "properties": { "id_comando": "CPI-8", "nome_comando": "8º Comando de Policiamento do Interior (CPI-8)", "nome_batalhao": "18º BPM/I", "tipo_batalhao": "Interior", "companhia": "EM", "pelotao": "P/3", "cidade": "Presidente Prudente", "endereco": "AVENIDA JOAQUIM CONSTANTINO, 351, PQ RES NOSAK I - Presidente Prudente", "latitude": -22.1255965, "longitude": -51.4311053, "fonte_geocodificacao": "Google Geocoding API", "opm_nome": "18.BPM/I P/3", "opm_descricao": "CPI-8 18.BPM/I EM P/3", "opm_codigo": "608189300" }, "geometry": { "type": "Point", "coordinates": [ -51.4311053, -22.1255965 ] } },
{ "type": "Feature", "properties": { "id_comando": "CPI-8", "nome_comando": "8º Comando de Policiamento do Interior (CPI-8)", "nome_batalhao": "18º BPM/I", "tipo_batalhao": "Interior", "companhia": "EM", "pelotao": "P/4", "cidade": "Presidente Prudente", "endereco": "AVENIDA JOAQUIM CONSTANTINO, 351, PQ RES NOSAK I - Presidente Prudente", "latitude": -22.1255965, "longitude": -51.4311053, "fonte_geocodificacao": "Google Geocoding API", "opm_nome": "P/4", "opm_descricao": "CPI-8 18.BPM/I EM P/4", "opm_codigo": "608189400" }, "geometry": { "type": "Point", "coordinates": [ -51.4311053, -22.1255965 ] } },
{ "type": "Feature", "properties": { "id_comando": "CPI-8", "nome_comando": "8º Comando de Policiamento do Interior (CPI-8)", "nome_batalhao": "18º BPM/I", "tipo_batalhao": "Interior", "companhia": "EM", "pelotao": "P/5", "cidade": "Presidente Prudente", "endereco": "AVENIDA JOAQUIM CONSTANTINO, 351, PQ RES NOSAK I - Presidente Prudente", "latitude": -22.1255965, "longitude": -51.4311053, "fonte_geocodificacao": "Google Geocoding API", "opm_nome": "18.BPM/I P/5", "opm_descricao": "CPI-8 18.BPM/I EM P/5", "opm_codigo": "608189500" }, "geometry": { "type": "Point", "coordinates": [ -51.4311053, -22.1255965 ] } },
{ "type": "Feature", "properties": { "id_comando": "CPI-8", "nome_comando": "8º Comando de Policiamento do Interior (CPI-8)", "nome_batalhao": "18º BPM/I", "tipo_batalhao": "Interior", "companhia": "EM", "pelotao": "SEC PJMD", "cidade": "Presidente Prudente", "endereco": "AVENIDA JOAQUIM CONSTANTINO, 351, PQ RES NOSAK I - Presidente Prudente", "latitude": -22.1255965, "longitude": -51.4311053, "fonte_geocodificacao": "Google Geocoding API", "opm_nome": "SECAO POLICIA JUDICIARIA MILITAR E DISCIPLINAR", "opm_descricao": "CPI-8 18.BPM/I EM SEC PJMD", "opm_codigo": "608189600" }, "geometry": { "type": "Point", "coordinates": [ -51.4311053, -22.1255965 ] } },
{ "type": "Feature", "properties": { "id_comando": "CPA/M-3", "nome_comando": "3º Comando de Policiamento de Área Metropolitana (CPA/M-3)", "nome_batalhao": "18º BPM/M", "tipo_batalhao": "Metropolitano", "companhia": "1.CIA PM", "pelotao": "TERRITORIAL", "cidade": "Sao Paulo", "endereco": "AVENIDA ITABERABA, 731, FREGUESIA DO O - Sao Paulo", "latitude": -23.494719, "longitude": -46.6978567, "fonte_geocodificacao": "Google Geocoding API", "opm_nome": "1. COMPANHIA DE POLICIA MILITAR", "opm_descricao": "CPA/M-3 18.BPM/M 1.CIA PM TERRITORIAL", "opm_codigo": "503181000" }, "geometry": { "type": "Point", "coordinates": [ -46.6978567, -23.494719 ] } },
{ "type": "Feature", "properties": { "id_comando": "CPA/M-3", "nome_comando": "3º Comando de Policiamento de Área Metropolitana (CPA/M-3)", "nome_batalhao": "18º BPM/M", "tipo_batalhao": "Metropolitano", "companhia": "2.CIA PM", "pelotao": "TERRITORIAL", "cidade": "Sao Paulo", "endereco": "RUA FRIEDRICH VON VOITH, 120, JARAGUA - Sao Paulo", "latitude": -23.4477929, "longitude": -46.7353609, "fonte_geocodificacao": "Google Geocoding API", "opm_nome": "2. COMPANHIA DE POLICIA MILITAR", "opm_descricao": "CPA/M-3 18.BPM/M 2.CIA PM TERRITORIAL", "opm_codigo": "503182000" }, "geometry": { "type": "Point", "coordinates": [ -46.7353609, -23.4477929 ] } },
{ "type": "Feature", "properties": { "id_comando": "CPA/M-3", "nome_comando": "3º Comando de Policiamento de Área Metropolitana (CPA/M-3)", "nome_batalhao": "18º BPM/M", "tipo_batalhao": "Metropolitano", "companhia": "3.CIA PM", "pelotao": "TERRITORIAL", "cidade": "Sao Paulo", "endereco": "RUA JOAQUIM FERREIRA DA ROCHA, 403, BRASILANDIA - Sao Paulo", "latitude": -23.4691369, "longitude": -46.689795, "fonte_geocodificacao": "Google Geocoding API", "opm_nome": "3. COMPANHIA DE POLICIA MILITAR", "opm_descricao": "CPA/M-3 18.BPM/M 3.CIA PM TERRITORIAL", "opm_codigo": "503183000" }, "geometry": { "type": "Point", "coordinates": [ -46.689795, -23.4691369 ] } },
{ "type": "Feature", "properties": { "id_comando": "CPI-9", "nome_comando": "9º Comando de Policiamento do Interior (CPI-9)", "nome_batalhao": "19º BPM/I", "tipo_batalhao": "Interior", "companhia": "", "pelotao": "PEL F TAT", "cidade": "Americana", "endereco": "PRAÇA COMENDADOR MULLER, 78, CENTRO - Americana", "latitude": -22.7394444, "longitude": -47.3304949, "fonte_geocodificacao": "Google Geocoding API", "opm_nome": "19.BPM/I  PEL F TAT", "opm_descricao": "CPI-9 19.BPM/I PEL F TAT", "opm_codigo": "609190100" }, "geometry": { "type": "Point", "coordinates": [ -47.3304949, -22.7394444 ] } },
{ "type": "Feature", "properties": { "id_comando": "CPI-9", "nome_comando": "9º Comando de Policiamento do Interior (CPI-9)", "nome_batalhao": "19º BPM/I", "tipo_batalhao": "Interior", "companhia": "1.CIA PM", "pelotao": "1.PEL PM", "cidade": "Americana", "endereco": "Avenida Nicolau João Abdala, 3521, Antônio Zanaga I e II - Americana", "latitude": -22.70006, "longitude": -47.3010986, "fonte_geocodificacao": "Google Geocoding API", "opm_nome": "19.BPM/I 1.CIA PM 1.PEL PM", "opm_descricao": "CPI-9 19.BPM/I 1.CIA PM 1.PEL PM", "opm_codigo": "609191100" }, "geometry": { "type": "Point", "coordinates": [ -47.3010986, -22.70006 ] } },
{ "type": "Feature", "properties": { "id_comando": "CPI-9", "nome_comando": "9º Comando de Policiamento do Interior (CPI-9)", "nome_batalhao": "19º BPM/I", "tipo_batalhao": "Interior", "companhia": "1.CIA PM", "pelotao": "2.PEL PM", "cidade": "Americana", "endereco": "Avenida Nicolau João Abdala, 3521, Antônio Zanaga I e II - Americana", "latitude": -22.70006, "longitude": -47.3010986, "fonte_geocodificacao": "Google Geocoding API", "opm_nome": "19.BPM/I 1.CIA PM 2.PEL PM", "opm_descricao": "CPI-9 19.BPM/I 1.CIA PM 2.PEL PM", "opm_codigo": "609191200" }, "geometry": { "type": "Point", "coordinates": [ -47.3010986, -22.70006 ] } },
{ "type": "Feature", "properties": { "id_comando": "CPI-9", "nome_comando": "9º Comando de Policiamento do Interior (CPI-9)", "nome_batalhao": "19º BPM/I", "tipo_batalhao": "Interior", "companhia": "1.CIA PM", "pelotao": "3.PEL PM", "cidade": "Americana", "endereco": "Rua Iacanga, 435, Jardim Ipiranga - Americana", "latitude": -22.7500522, "longitude": -47.3606171, "fonte_geocodificacao": "Google Geocoding API", "opm_nome": "19.BPM/I 1.CIA PM 3.PEL PM", "opm_descricao": "CPI-9 19.BPM/I 1.CIA PM 3.PEL PM", "opm_codigo": "609191300" }, "geometry": { "type": "Point", "coordinates": [ -47.3606171, -22.7500522 ] } },
{ "type": "Feature", "properties": { "id_comando": "CPI-9", "nome_comando": "9º Comando de Policiamento do Interior (CPI-9)", "nome_batalhao": "19º BPM/I", "tipo_batalhao": "Interior", "companhia": "1.CIA PM", "pelotao": "4.PEL PM", "cidade": "Americana", "endereco": "RUA FORTUNATO FARAONE, 460  UNIDADE INEXISTENTE, SANTO ANTONIO - Americana", "latitude": -22.7442829, "longitude": -47.3375456, "fonte_geocodificacao": "Google Geocoding API", "opm_nome": "19.BPM/I 1.CIA PM 4.PEL PM", "opm_descricao": "CPI-9 19.BPM/I 1.CIA PM 4.PEL PM", "opm_codigo": "609191400" }, "geometry": { "type": "Point", "coordinates": [ -47.3375456, -22.7442829 ] } },
{ "type": "Feature", "properties": { "id_comando": "CPI-9", "nome_comando": "9º Comando de Policiamento do Interior (CPI-9)", "nome_batalhao": "19º BPM/I", "tipo_batalhao": "Interior", "companhia": "1.CIA PM", "pelotao": "ADMINISTRACAO", "cidade": "Americana", "endereco": "RUA WASHIGNTON LUÍS, 78, CENTRO - Americana", "latitude": -22.7392148, "longitude": -47.3290658, "fonte_geocodificacao": "Google Geocoding API", "opm_nome": "ADMINISTRACAO", "opm_descricao": "CPI-9 19.BPM/I 1.CIA PM ADMINISTRACAO 0", "opm_codigo": "609191500" }, "geometry": { "type": "Point", "coordinates": [ -47.3290658, -22.7392148 ] } },
{ "type": "Feature", "properties": { "id_comando": "CPI-9", "nome_comando": "9º Comando de Policiamento do Interior (CPI-9)", "nome_batalhao": "19º BPM/I", "tipo_batalhao": "Interior", "companhia": "2.CIA PM", "pelotao": "1.PEL PM", "cidade": "Santa Barbara D Oeste", "endereco": "RUA MARANHÃO, 290  UNIDADE INEXISTENTE, GREGO II - Santa Barbara D Oeste", "latitude": -22.7452739, "longitude": -47.4187156, "fonte_geocodificacao": "Google Geocoding API", "opm_nome": "19.BPM/I 2.CIA PM 1.PEL PM", "opm_descricao": "CPI-9 19.BPM/I 2.CIA PM 1.PEL PM", "opm_codigo": "609192100" }, "geometry": { "type": "Point", "coordinates": [ -47.4187156, -22.7452739 ] } },
{ "type": "Feature", "properties": { "id_comando": "CPI-9", "nome_comando": "9º Comando de Policiamento do Interior (CPI-9)", "nome_batalhao": "19º BPM/I", "tipo_batalhao": "Interior", "companhia": "2.CIA PM", "pelotao": "2.PEL PM", "cidade": "Santa Barbara D Oeste", "endereco": "RUA MARANHÃO, 290  UNIDADE INEXISTENTE, GREGO II - Santa Barbara D Oeste", "latitude": -22.7452739, "longitude": -47.4187156, "fonte_geocodificacao": "Google Geocoding API", "opm_nome": "19.BPM/I 2.CIA PM 2.PEL PM", "opm_descricao": "CPI-9 19.BPM/I 2.CIA PM 2.PEL PM", "opm_codigo": "609192200" }, "geometry": { "type": "Point", "coordinates": [ -47.4187156, -22.7452739 ] } },
{ "type": "Feature", "properties": { "id_comando": "CPI-9", "nome_comando": "9º Comando de Policiamento do Interior (CPI-9)", "nome_batalhao": "19º BPM/I", "tipo_batalhao": "Interior", "companhia": "2.CIA PM", "pelotao": "ADMINISTRACAO", "cidade": "Santa Barbara D Oeste", "endereco": "RUA MARANHÃO, 290, GREGO II - Santa Barbara D Oeste", "latitude": -22.7452739, "longitude": -47.4187156, "fonte_geocodificacao": "Google Geocoding API", "opm_nome": "ADMINISTRACAO", "opm_descricao": "CPI-9 19.BPM/I 2.CIA PM ADMINISTRACAO 0", "opm_codigo": "609192400" }, "geometry": { "type": "Point", "coordinates": [ -47.4187156, -22.7452739 ] } },
{ "type": "Feature", "properties": { "id_comando": "CPI-9", "nome_comando": "9º Comando de Policiamento do Interior (CPI-9)", "nome_batalhao": "19º BPM/I", "tipo_batalhao": "Interior", "companhia": "2.CIA PM", "pelotao": "PEL F TAT", "cidade": "Americana", "endereco": "PRAÇA COMENDADOR MULLER, 78, CENTRO - Americana", "latitude": -22.7394444, "longitude": -47.3304949, "fonte_geocodificacao": "Google Geocoding API", "opm_nome": "19.BPM/I 2.CIA PM PEL F TAT", "opm_descricao": "CPI-9 19.BPM/I 2.CIA PM PEL F TAT", "opm_codigo": "609192300" }, "geometry": { "type": "Point", "coordinates": [ -47.3304949, -22.7394444 ] } },
{ "type": "Feature", "properties": { "id_comando": "CPI-9", "nome_comando": "9º Comando de Policiamento do Interior (CPI-9)", "nome_batalhao": "19º BPM/I", "tipo_batalhao": "Interior", "companhia": "3.CIA PM", "pelotao": "0", "cidade": "Cosmopolis", "endereco": "rua campinas, 61, centro - Cosmopolis", "latitude": -22.643201, "longitude": -47.198062, "fonte_geocodificacao": "Google Geocoding API", "opm_nome": "3. COMPANHIA DE POLICIA MILITAR", "opm_descricao": "CPI-9 19.BPM/I 3.CIA PM 0 0", "opm_codigo": "609193000" }, "geometry": { "type": "Point", "coordinates": [ -47.198062, -22.643201 ] } },
{ "type": "Feature", "properties": { "id_comando": "CPI-9", "nome_comando": "9º Comando de Policiamento do Interior (CPI-9)", "nome_batalhao": "19º BPM/I", "tipo_batalhao": "Interior", "companhia": "3.CIA PM", "pelotao": "2.PEL PM", "cidade": "Artur Nogueira", "endereco": "RUA MONTEIRO LOBATO, 398, JARDIM PLANALTO - Artur Nogueira", "latitude": -22.5685716, "longitude": -47.165668, "fonte_geocodificacao": "Google Geocoding API", "opm_nome": "19.BPM/I 3.CIA PM 2.PEL PM", "opm_descricao": "CPI-9 19.BPM/I 3.CIA PM 2.PEL PM 0", "opm_codigo": "609193200" }, "geometry": { "type": "Point", "coordinates": [ -47.165668, -22.5685716 ] } },
{ "type": "Feature", "properties": { "id_comando": "CPI-9", "nome_comando": "9º Comando de Policiamento do Interior (CPI-9)", "nome_batalhao": "19º BPM/I", "tipo_batalhao": "Interior", "companhia": "3.CIA PM", "pelotao": "3.PEL PM", "cidade": "Cosmopolis", "endereco": "RUA CAMPINAS, 61, CENTRO - Cosmopolis", "latitude": -22.643201, "longitude": -47.198062, "fonte_geocodificacao": "Google Geocoding API", "opm_nome": "19.BPM/I 3.CIA PM 3.PEL PM", "opm_descricao": "CPI-9 19.BPM/I 3.CIA PM 3.PEL PM", "opm_codigo": "609193300" }, "geometry": { "type": "Point", "coordinates": [ -47.198062, -22.643201 ] } },
{ "type": "Feature", "properties": { "id_comando": "CPI-9", "nome_comando": "9º Comando de Policiamento do Interior (CPI-9)", "nome_batalhao": "19º BPM/I", "tipo_batalhao": "Interior", "companhia": "3.CIA PM", "pelotao": "ADMINISTRACAO", "cidade": "Engenheiro Coelho", "endereco": "RUA THEOFILO HAEK, 575, VILA SAO PEDRO - Engenheiro Coelho", "latitude": -22.4901916, "longitude": -47.2127165, "fonte_geocodificacao": "Google Geocoding API", "opm_nome": "ADMINISTRACAO", "opm_descricao": "CPI-9 19.BPM/I 3.CIA PM ADMINISTRACAO 0", "opm_codigo": "609193400" }, "geometry": { "type": "Point", "coordinates": [ -47.2127165, -22.4901916 ] } },
{ "type": "Feature", "properties": { "id_comando": "CPI-9", "nome_comando": "9º Comando de Policiamento do Interior (CPI-9)", "nome_batalhao": "19º BPM/I", "tipo_batalhao": "Interior", "companhia": "3.CIA PM", "pelotao": "PEL PM", "cidade": "Artur Nogueira", "endereco": "RUA MONTEIRO LOBATO, 398, JARDIM WADA - Artur Nogueira", "latitude": -22.5685716, "longitude": -47.165668, "fonte_geocodificacao": "Google Geocoding API", "opm_nome": "PELOTAO", "opm_descricao": "CPI-9 19.BPM/I 3.CIA PM PEL PM 0", "opm_codigo": "609193100" }, "geometry": { "type": "Point", "coordinates": [ -47.165668, -22.5685716 ] } },
{ "type": "Feature", "properties": { "id_comando": "CPI-9", "nome_comando": "9º Comando de Policiamento do Interior (CPI-9)", "nome_batalhao": "19º BPM/I", "tipo_batalhao": "Interior", "companhia": "CIA F TAT", "pelotao": "ADMINISTRACAO", "cidade": "Americana", "endereco": "RUA WASHIGNTON LUÍS, 78, CENTRO - Americana", "latitude": -22.7392148, "longitude": -47.3290658, "fonte_geocodificacao": "Google Geocoding API", "opm_nome": "ADMINISTRACAO", "opm_descricao": "CPI-9 19.BPM/I CIA F TAT ADMINISTRACAO 0", "opm_codigo": "609194200" }, "geometry": { "type": "Point", "coordinates": [ -47.3290658, -22.7392148 ] } },
{ "type": "Feature", "properties": { "id_comando": "CPI-9", "nome_comando": "9º Comando de Policiamento do Interior (CPI-9)", "nome_batalhao": "19º BPM/I", "tipo_batalhao": "Interior", "companhia": "CIA FT", "pelotao": "0", "cidade": "Americana", "endereco": "PRAÇA COMENDADOR MÜLLER, 78, CENTRO - Americana", "latitude": -22.7394444, "longitude": -47.3304949, "fonte_geocodificacao": "Google Geocoding API", "opm_nome": "COMPANHIA DE FORCA TATICA", "opm_descricao": "CPI-9 19.BPM/I CIA FT 0 0", "opm_codigo": "609194000" }, "geometry": { "type": "Point", "coordinates": [ -47.3304949, -22.7394444 ] } },
{ "type": "Feature", "properties": { "id_comando": "CPI-9", "nome_comando": "9º Comando de Policiamento do Interior (CPI-9)", "nome_batalhao": "19º BPM/I", "tipo_batalhao": "Interior", "companhia": "CIA FT", "pelotao": "1.PEL FT", "cidade": "Americana", "endereco": "PRAÇA COMENDADOR MÜLLER, 78, CENTRO - Americana", "latitude": -22.7394444, "longitude": -47.3304949, "fonte_geocodificacao": "Google Geocoding API", "opm_nome": "1.PELOTAO DE FORCA TATICA", "opm_descricao": "CPI-9 19.BPM/I CIA FT 1.PEL FT 0", "opm_codigo": "609194100" }, "geometry": { "type": "Point", "coordinates": [ -47.3304949, -22.7394444 ] } },
{ "type": "Feature", "properties": { "id_comando": "CPI-9", "nome_comando": "9º Comando de Policiamento do Interior (CPI-9)", "nome_batalhao": "19º BPM/I", "tipo_batalhao": "Interior", "companhia": "EM", "pelotao": "MOTOMEC", "cidade": "Americana", "endereco": "PRAÇA COMENDADOR MULLER, 78, CENTRO - Americana", "latitude": -22.7394444, "longitude": -47.3304949, "fonte_geocodificacao": "Google Geocoding API", "opm_nome": "MOTOMECANIZACAO", "opm_descricao": "CPI-9 19.BPM/I EM MOTOMEC 0", "opm_codigo": "609198700" }, "geometry": { "type": "Point", "coordinates": [ -47.3304949, -22.7394444 ] } },
{ "type": "Feature", "properties": { "id_comando": "CPI-9", "nome_comando": "9º Comando de Policiamento do Interior (CPI-9)", "nome_batalhao": "19º BPM/I", "tipo_batalhao": "Interior", "companhia": "EM", "pelotao": "P/1 E P/5", "cidade": "Americana", "endereco": "PRAÇA COMENDADOR MULLER, 78, CENTRO - Americana", "latitude": -22.7394444, "longitude": -47.3304949, "fonte_geocodificacao": "Google Geocoding API", "opm_nome": "P/1 E P/5", "opm_descricao": "CPI-9 19.BPM/I EM P/1 E P/5 0", "opm_codigo": "609198100" }, "geometry": { "type": "Point", "coordinates": [ -47.3304949, -22.7394444 ] } },
{ "type": "Feature", "properties": { "id_comando": "CPI-9", "nome_comando": "9º Comando de Policiamento do Interior (CPI-9)", "nome_batalhao": "19º BPM/I", "tipo_batalhao": "Interior", "companhia": "EM", "pelotao": "P/2", "cidade": "Americana", "endereco": "PRAÇA COMENDADOR MULLER, 78, CENTRO - Americana", "latitude": -22.7394444, "longitude": -47.3304949, "fonte_geocodificacao": "Google Geocoding API", "opm_nome": "P/2", "opm_descricao": "CPI-9 19.BPM/I EM P/2 0", "opm_codigo": "609198200" }, "geometry": { "type": "Point", "coordinates": [ -47.3304949, -22.7394444 ] } },
{ "type": "Feature", "properties": { "id_comando": "CPI-9", "nome_comando": "9º Comando de Policiamento do Interior (CPI-9)", "nome_batalhao": "19º BPM/I", "tipo_batalhao": "Interior", "companhia": "EM", "pelotao": "P/3", "cidade": "Americana", "endereco": "PRAÇA COMENDADOR MULLER, 78, CENTRO - Americana", "latitude": -22.7394444, "longitude": -47.3304949, "fonte_geocodificacao": "Google Geocoding API", "opm_nome": "P/3", "opm_descricao": "CPI-9 19.BPM/I EM P/3", "opm_codigo": "609198300" }, "geometry": { "type": "Point", "coordinates": [ -47.3304949, -22.7394444 ] } },
{ "type": "Feature", "properties": { "id_comando": "CPI-9", "nome_comando": "9º Comando de Policiamento do Interior (CPI-9)", "nome_batalhao": "19º BPM/I", "tipo_batalhao": "Interior", "companhia": "EM", "pelotao": "P/4 E MOTOMEC", "cidade": "Americana", "endereco": "PRAÇA COMENDADOR MULLER, 78, CENTRO - Americana", "latitude": -22.7394444, "longitude": -47.3304949, "fonte_geocodificacao": "Google Geocoding API", "opm_nome": "P/4 E MOTOMEC", "opm_descricao": "CPI-9 19.BPM/I EM P/4 E MOTOMEC 0", "opm_codigo": "609198400" }, "geometry": { "type": "Point", "coordinates": [ -47.3304949, -22.7394444 ] } },
{ "type": "Feature", "properties": { "id_comando": "CPI-9", "nome_comando": "9º Comando de Policiamento do Interior (CPI-9)", "nome_batalhao": "19º BPM/I", "tipo_batalhao": "Interior", "companhia": "EM", "pelotao": "P/5", "cidade": "Americana", "endereco": "PRAÇA COMENDADOR MULLER, 78, CENTRO - Americana", "latitude": -22.7394444, "longitude": -47.3304949, "fonte_geocodificacao": "Google Geocoding API", "opm_nome": "P/5", "opm_descricao": "CPI-9 19.BPM/I EM P/5", "opm_codigo": "609198500" }, "geometry": { "type": "Point", "coordinates": [ -47.3304949, -22.7394444 ] } },
{ "type": "Feature", "properties": { "id_comando": "CPI-9", "nome_comando": "9º Comando de Policiamento do Interior (CPI-9)", "nome_batalhao": "19º BPM/I", "tipo_batalhao": "Interior", "companhia": "EM", "pelotao": "SEC PJMD", "cidade": "Americana", "endereco": "PRAÇA COMENDADOR MULLER, 78, CENTRO - Americana", "latitude": -22.7394444, "longitude": -47.3304949, "fonte_geocodificacao": "Google Geocoding API", "opm_nome": "SECAO POLICIA JUDICIARIA MILITAR E DISCIPLINAR", "opm_descricao": "CPI-9 19.BPM/I EM SEC PJMD 0", "opm_codigo": "609198600" }, "geometry": { "type": "Point", "coordinates": [ -47.3304949, -22.7394444 ] } },
{ "type": "Feature", "properties": { "id_comando": "CPI-9", "nome_comando": "9º Comando de Policiamento do Interior (CPI-9)", "nome_batalhao": "19º BPM/I", "tipo_batalhao": "Interior", "companhia": "EM", "pelotao": "UIS", "cidade": "Americana", "endereco": "PRAÇA COMENDADOR MÜLLER, 78, CENTRO - Americana", "latitude": -22.7394444, "longitude": -47.3304949, "fonte_geocodificacao": "Google Geocoding API", "opm_nome": "UNIDADE INTEGRADA DE SAUDE", "opm_descricao": "CPI-9 19.BPM/I EM UIS 0", "opm_codigo": "609198010" }, "geometry": { "type": "Point", "coordinates": [ -47.3304949, -22.7394444 ] } },
{ "type": "Feature", "properties": { "id_comando": "CPA/M-9", "nome_comando": "9º Comando de Policiamento de Área Metropolitana (CPA/M-9)", "nome_batalhao": "19º BPM/M", "tipo_batalhao": "Metropolitano", "companhia": "1.CIA PM", "pelotao": "TERRITORIAL", "cidade": "Sao Paulo", "endereco": "AVENIDA INCONFIDENCIA MINEIRA, 688, ARICANDUVA - Sao Paulo", "latitude": -23.5793484, "longitude": -46.5174946, "fonte_geocodificacao": "Google Geocoding API", "opm_nome": "1. COMPANHIA DE POLICIA MILITAR", "opm_descricao": "CPA/M-9 19.BPM/M 1.CIA PM TERRITORIAL", "opm_codigo": "509191000" }, "geometry": { "type": "Point", "coordinates": [ -46.5174946, -23.5793484 ] } },
{ "type": "Feature", "properties": { "id_comando": "CPA/M-9", "nome_comando": "9º Comando de Policiamento de Área Metropolitana (CPA/M-9)", "nome_batalhao": "19º BPM/M", "tipo_batalhao": "Metropolitano", "companhia": "2.CIA PM", "pelotao": "TERRITORIAL", "cidade": "Sao Paulo", "endereco": "RUA MANUEL PINHEIRO DE ALBUQUERQUE, 28, CIDADE LIDER - Sao Paulo", "latitude": -23.5556305, "longitude": -46.4970274, "fonte_geocodificacao": "Google Geocoding API", "opm_nome": "2. COMPANHIA DE POLICIA MILITAR", "opm_descricao": "CPA/M-9 19.BPM/M 2.CIA PM TERRITORIAL", "opm_codigo": "509192000" }, "geometry": { "type": "Point", "coordinates": [ -46.4970274, -23.5556305 ] } },
{ "type": "Feature", "properties": { "id_comando": "CPA/M-9", "nome_comando": "9º Comando de Policiamento de Área Metropolitana (CPA/M-9)", "nome_batalhao": "19º BPM/M", "tipo_batalhao": "Metropolitano", "companhia": "3.CIA PM", "pelotao": "TERRITORIAL", "cidade": "Sao Paulo", "endereco": "RUA FLORENCIO SANCHES, 185, Jd Guairaca - Sao Paulo", "latitude": -23.5997842, "longitude": -46.5350922, "fonte_geocodificacao": "Google Geocoding API", "opm_nome": "3. COMPANHIA DE POLICIA MILITAR", "opm_descricao": "CPA/M-9 19.BPM/M 3.CIA PM TERRITORIAL", "opm_codigo": "509193000" }, "geometry": { "type": "Point", "coordinates": [ -46.5350922, -23.5997842 ] } },
{ "type": "Feature", "properties": { "id_comando": "CPI-10", "nome_comando": "10º Comando de Policiamento do Interior (CPI-10)", "nome_batalhao": "2º BPM/I", "tipo_batalhao": "Interior", "companhia": "1.CIA PM", "pelotao": "1.PEL PM", "cidade": "Aracatuba", "endereco": "RUA VEREADOR SILVA GROTA, 664, RURAL - Aracatuba", "latitude": -21.196436, "longitude": -50.4339414, "fonte_geocodificacao": "Google Geocoding API", "opm_nome": "2.BPM/I 1.CIA PM 1.PEL PM", "opm_descricao": "CPI-10 2.BPM/I 1.CIA PM 1.PEL PM", "opm_codigo": "610021100" }, "geometry": { "type": "Point", "coordinates": [ -50.433941399999988, -21.196436 ] } },
{ "type": "Feature", "properties": { "id_comando": "CPI-10", "nome_comando": "10º Comando de Policiamento do Interior (CPI-10)", "nome_batalhao": "2º BPM/I", "tipo_batalhao": "Interior", "companhia": "1.CIA PM", "pelotao": "2.PEL PM", "cidade": "Aracatuba", "endereco": "RUA VEREADOR SILVA GROTA, 664, RURAL - Aracatuba", "latitude": -21.196436, "longitude": -50.4339414, "fonte_geocodificacao": "Google Geocoding API", "opm_nome": "2.BPM/I 1.CIA PM 2.PEL PM", "opm_descricao": "CPI-10 2.BPM/I 1.CIA PM 2.PEL PM", "opm_codigo": "610021200" }, "geometry": { "type": "Point", "coordinates": [ -50.433941399999988, -21.196436 ] } },
{ "type": "Feature", "properties": { "id_comando": "CPI-10", "nome_comando": "10º Comando de Policiamento do Interior (CPI-10)", "nome_batalhao": "2º BPM/I", "tipo_batalhao": "Interior", "companhia": "1.CIA PM", "pelotao": "ADMINISTRACAO", "cidade": "Aracatuba", "endereco": "RUA VEREADOR SILVA GROTA, 664, AVIACAO - Aracatuba", "latitude": -21.196436, "longitude": -50.4339414, "fonte_geocodificacao": "Google Geocoding API", "opm_nome": "ADMINISTRACAO", "opm_descricao": "CPI-10 2.BPM/I 1.CIA PM ADMINISTRACAO 0", "opm_codigo": "610021300" }, "geometry": { "type": "Point", "coordinates": [ -50.433941399999988, -21.196436 ] } },
{ "type": "Feature", "properties": { "id_comando": "CPI-10", "nome_comando": "10º Comando de Policiamento do Interior (CPI-10)", "nome_batalhao": "2º BPM/I", "tipo_batalhao": "Interior", "companhia": "1.CIA PM", "pelotao": "CGP", "cidade": "Aracatuba", "endereco": "Rua Vereador Silva Grota, 664, Aviação - Aracatuba", "latitude": -21.196436, "longitude": -50.4339414, "fonte_geocodificacao": "Google Geocoding API", "opm_nome": "COMANDO GRUPO PATRULHA", "opm_descricao": "CPI-10 2.BPM/I 1.CIA PM CGP", "opm_codigo": "610021400" }, "geometry": { "type": "Point", "coordinates": [ -50.433941399999988, -21.196436 ] } },
{ "type": "Feature", "properties": { "id_comando": "CPI-10", "nome_comando": "10º Comando de Policiamento do Interior (CPI-10)", "nome_batalhao": "2º BPM/I", "tipo_batalhao": "Interior", "companhia": "2.CIA PM", "pelotao": "1.PEL PM", "cidade": "Penapolis", "endereco": "RUA NAIN EID, 31, JARDIM IPÊ - Penapolis", "latitude": -21.4137579, "longitude": -50.0846634, "fonte_geocodificacao": "Google Geocoding API", "opm_nome": "2.BPM/I 2.CIA PM 1.PEL PM", "opm_descricao": "CPI-10 2.BPM/I 2.CIA PM 1.PEL PM", "opm_codigo": "610022100" }, "geometry": { "type": "Point", "coordinates": [ -50.0846634, -21.4137579 ] } },
{ "type": "Feature", "properties": { "id_comando": "CPI-10", "nome_comando": "10º Comando de Policiamento do Interior (CPI-10)", "nome_batalhao": "2º BPM/I", "tipo_batalhao": "Interior", "companhia": "2.CIA PM", "pelotao": "ADMINISTRACAO", "cidade": "Penapolis", "endereco": "RUA NAIN EID, 31, JARDIM IPE - Penapolis", "latitude": -21.4137579, "longitude": -50.0846634, "fonte_geocodificacao": "Google Geocoding API", "opm_nome": "ADMINISTRACAO", "opm_descricao": "CPI-10 2.BPM/I 2.CIA PM ADMINISTRACAO 0", "opm_codigo": "610022300" }, "geometry": { "type": "Point", "coordinates": [ -50.0846634, -21.4137579 ] } },
{ "type": "Feature", "properties": { "id_comando": "CPI-10", "nome_comando": "10º Comando de Policiamento do Interior (CPI-10)", "nome_batalhao": "2º BPM/I", "tipo_batalhao": "Interior", "companhia": "2.CIA PM", "pelotao": "CGP", "cidade": "Penapolis", "endereco": "Nain Eid, 31, Jd. Ipe - Penapolis", "latitude": -21.4137579, "longitude": -50.0846634, "fonte_geocodificacao": "Google Geocoding API", "opm_nome": "COMANDO GRUPO PATRULHA", "opm_descricao": "CPI-10 2.BPM/I 2.CIA PM CGP", "opm_codigo": "610022400" }, "geometry": { "type": "Point", "coordinates": [ -50.0846634, -21.4137579 ] } },
{ "type": "Feature", "properties": { "id_comando": "CPI-10", "nome_comando": "10º Comando de Policiamento do Interior (CPI-10)", "nome_batalhao": "2º BPM/I", "tipo_batalhao": "Interior", "companhia": "2.CIA PM", "pelotao": "PEL PM", "cidade": "Penapolis", "endereco": "RUA NAIN EID, 31, JARDIM IPE - Penapolis", "latitude": -21.4137579, "longitude": -50.0846634, "fonte_geocodificacao": "Google Geocoding API", "opm_nome": "2.BPM/I - PEL PM", "opm_descricao": "CPI-10 2.BPM/I 2.CIA PM PEL PM 0", "opm_codigo": "610022200" }, "geometry": { "type": "Point", "coordinates": [ -50.0846634, -21.4137579 ] } },
{ "type": "Feature", "properties": { "id_comando": "CPI-10", "nome_comando": "10º Comando de Policiamento do Interior (CPI-10)", "nome_batalhao": "2º BPM/I", "tipo_batalhao": "Interior", "companhia": "3.CIA PM", "pelotao": "0", "cidade": "Auriflama", "endereco": "RUA NATAL MATEUS, 6043, JARDIM ALVORADA - Auriflama", "latitude": -20.6808448, "longitude": -50.5483629, "fonte_geocodificacao": "Google Geocoding API", "opm_nome": "7. GRUPO POLICIAL MILITAR", "opm_descricao": "CPI-10 2.BPM/I 3.CIA PM 0 7.GP/PM", "opm_codigo": "610023007" }, "geometry": { "type": "Point", "coordinates": [ -50.5483629, -20.6808448 ] } },
{ "type": "Feature", "properties": { "id_comando": "CPI-10", "nome_comando": "10º Comando de Policiamento do Interior (CPI-10)", "nome_batalhao": "2º BPM/I", "tipo_batalhao": "Interior", "companhia": "3.CIA PM", "pelotao": "1.PEL PM", "cidade": "General Salgado", "endereco": "RUA ULDERICO VALESE, 800, CENTRO - General Salgado", "latitude": -20.6454833, "longitude": -50.3642271, "fonte_geocodificacao": "Google Geocoding API", "opm_nome": "2.BPM/I 3.CIA PM 1.PEL PM", "opm_descricao": "CPI-10 2.BPM/I 3.CIA PM 1.PEL PM", "opm_codigo": "610023100" }, "geometry": { "type": "Point", "coordinates": [ -50.3642271, -20.6454833 ] } },
{ "type": "Feature", "properties": { "id_comando": "CPI-10", "nome_comando": "10º Comando de Policiamento do Interior (CPI-10)", "nome_batalhao": "2º BPM/I", "tipo_batalhao": "Interior", "companhia": "3.CIA PM", "pelotao": "2.PEL PM", "cidade": "General Salgado", "endereco": "RUA ULDERICO VALESE, 800, CENTRO - General Salgado", "latitude": -20.6454833, "longitude": -50.3642271, "fonte_geocodificacao": "Google Geocoding API", "opm_nome": "2.BPM/I 3.CIA PM 2.PEL PM", "opm_descricao": "CPI-10 2.BPM/I 3.CIA PM 2.PEL PM 0", "opm_codigo": "610023200" }, "geometry": { "type": "Point", "coordinates": [ -50.3642271, -20.6454833 ] } },
{ "type": "Feature", "properties": { "id_comando": "CPI-10", "nome_comando": "10º Comando de Policiamento do Interior (CPI-10)", "nome_batalhao": "2º BPM/I", "tipo_batalhao": "Interior", "companhia": "3.CIA PM", "pelotao": "ADMINISTRACAO", "cidade": "General Salgado", "endereco": "RUA ULDERICO VALESSE, 800, CENTRO - General Salgado", "latitude": -20.6480137, "longitude": -50.3651047, "fonte_geocodificacao": "Google Geocoding API", "opm_nome": "ADMINISTRACAO", "opm_descricao": "CPI-10 2.BPM/I 3.CIA PM ADMINISTRACAO 0", "opm_codigo": "610023300" }, "geometry": { "type": "Point", "coordinates": [ -50.3651047, -20.6480137 ] } },
{ "type": "Feature", "properties": { "id_comando": "CPI-10", "nome_comando": "10º Comando de Policiamento do Interior (CPI-10)", "nome_batalhao": "2º BPM/I", "tipo_batalhao": "Interior", "companhia": "3.CIA PM", "pelotao": "CGP", "cidade": "General Salgado", "endereco": "Ulderico Valese, 800, Bela Vista - General Salgado", "latitude": -20.6454833, "longitude": -50.3642271, "fonte_geocodificacao": "Google Geocoding API", "opm_nome": "COMANDO GRUPO PATRULHA", "opm_descricao": "CPI-10 2.BPM/I 3.CIA PM CGP", "opm_codigo": "610023400" }, "geometry": { "type": "Point", "coordinates": [ -50.3642271, -20.6454833 ] } },
{ "type": "Feature", "properties": { "id_comando": "CPI-10", "nome_comando": "10º Comando de Policiamento do Interior (CPI-10)", "nome_batalhao": "2º BPM/I", "tipo_batalhao": "Interior", "companhia": "4.CIA PM", "pelotao": "0", "cidade": "Bilac", "endereco": "RUA MARECHAL DEODORO DA FONSECA, 1001, CENTRO - Bilac", "latitude": -21.4038743, "longitude": -50.4782936, "fonte_geocodificacao": "Google Geocoding API", "opm_nome": "7. GRUPO POLICIAL MILITAR", "opm_descricao": "CPI-10 2.BPM/I 4.CIA PM 0 7.GP/PM", "opm_codigo": "610024007" }, "geometry": { "type": "Point", "coordinates": [ -50.4782936, -21.4038743 ] } },
{ "type": "Feature", "properties": { "id_comando": "CPI-10", "nome_comando": "10º Comando de Policiamento do Interior (CPI-10)", "nome_batalhao": "2º BPM/I", "tipo_batalhao": "Interior", "companhia": "4.CIA PM", "pelotao": "1.PEL PM", "cidade": "Birigui", "endereco": "RUA ANCHIETA, 857, VILA ANGELICA - Birigui", "latitude": -21.304036, "longitude": -50.3447966, "fonte_geocodificacao": "Google Geocoding API", "opm_nome": "2.BPM/I 4.CIA PM 1.PEL PM", "opm_descricao": "CPI-10 2.BPM/I 4.CIA PM 1.PEL PM 0", "opm_codigo": "610024100" }, "geometry": { "type": "Point", "coordinates": [ -50.3447966, -21.304036 ] } },
{ "type": "Feature", "properties": { "id_comando": "CPI-10", "nome_comando": "10º Comando de Policiamento do Interior (CPI-10)", "nome_batalhao": "2º BPM/I", "tipo_batalhao": "Interior", "companhia": "4.CIA PM", "pelotao": "2.PEL PM", "cidade": "Birigui", "endereco": "RUA ANCHIETA, 857, VILA ANGELICA - Birigui", "latitude": -21.304036, "longitude": -50.3447966, "fonte_geocodificacao": "Google Geocoding API", "opm_nome": "2.BPM/I 4.CIA PM 2.PEL PM", "opm_descricao": "CPI-10 2.BPM/I 4.CIA PM 2.PEL PM 0", "opm_codigo": "610024200" }, "geometry": { "type": "Point", "coordinates": [ -50.3447966, -21.304036 ] } },
{ "type": "Feature", "properties": { "id_comando": "CPI-10", "nome_comando": "10º Comando de Policiamento do Interior (CPI-10)", "nome_batalhao": "2º BPM/I", "tipo_batalhao": "Interior", "companhia": "4.CIA PM", "pelotao": "3.PEL PM", "cidade": "Birigui", "endereco": "RUA ANCHIETA, 857, VILA ANGELICA - Birigui", "latitude": -21.304036, "longitude": -50.3447966, "fonte_geocodificacao": "Google Geocoding API", "opm_nome": "2.BPM/I 4.CIA PM 3.PEL PM", "opm_descricao": "CPI-10 2.BPM/I 4.CIA PM 3.PEL PM 0", "opm_codigo": "610024300" }, "geometry": { "type": "Point", "coordinates": [ -50.3447966, -21.304036 ] } },
{ "type": "Feature", "properties": { "id_comando": "CPI-10", "nome_comando": "10º Comando de Policiamento do Interior (CPI-10)", "nome_batalhao": "2º BPM/I", "tipo_batalhao": "Interior", "companhia": "4.CIA PM", "pelotao": "4.PEL PM", "cidade": "Birigui", "endereco": "RUA ANCHIETA, 857, VILA ANGELICA - Birigui", "latitude": -21.304036, "longitude": -50.3447966, "fonte_geocodificacao": "Google Geocoding API", "opm_nome": "2.BPM/I 4.CIA PM 4.PEL PM", "opm_descricao": "CPI-10 2.BPM/I 4.CIA PM 4.PEL PM", "opm_codigo": "610024400" }, "geometry": { "type": "Point", "coordinates": [ -50.3447966, -21.304036 ] } },
{ "type": "Feature", "properties": { "id_comando": "CPI-10", "nome_comando": "10º Comando de Policiamento do Interior (CPI-10)", "nome_batalhao": "2º BPM/I", "tipo_batalhao": "Interior", "companhia": "4.CIA PM", "pelotao": "ADMINISTRACAO", "cidade": "Birigui", "endereco": "RUA ANCHIETA, 857, VILA ANGELICA - Birigui", "latitude": -21.304036, "longitude": -50.3447966, "fonte_geocodificacao": "Google Geocoding API", "opm_nome": "ADMINISTRACAO", "opm_descricao": "CPI-10 2.BPM/I 4.CIA PM ADMINISTRACAO 0", "opm_codigo": "610024500" }, "geometry": { "type": "Point", "coordinates": [ -50.3447966, -21.304036 ] } },
{ "type": "Feature", "properties": { "id_comando": "CPI-10", "nome_comando": "10º Comando de Policiamento do Interior (CPI-10)", "nome_batalhao": "2º BPM/I", "tipo_batalhao": "Interior", "companhia": "4.CIA PM", "pelotao": "CGP", "cidade": "Birigui", "endereco": "RUA ANCHIETA, 857, VILA GERMANO - Birigui", "latitude": -21.304036, "longitude": -50.3447966, "fonte_geocodificacao": "Google Geocoding API", "opm_nome": "COMANDO GRUPO PATRULHA", "opm_descricao": "CPI-10 2.BPM/I 4.CIA PM CGP", "opm_codigo": "610024600" }, "geometry": { "type": "Point", "coordinates": [ -50.3447966, -21.304036 ] } },
{ "type": "Feature", "properties": { "id_comando": "CPI-10", "nome_comando": "10º Comando de Policiamento do Interior (CPI-10)", "nome_batalhao": "2º BPM/I", "tipo_batalhao": "Interior", "companhia": "4.CIA PM", "pelotao": "PEL FT", "cidade": "Birigui", "endereco": "RUA ANCHIETA, 857, VILA ANGELICA - Birigui", "latitude": -21.304036, "longitude": -50.3447966, "fonte_geocodificacao": "Google Geocoding API", "opm_nome": "PELOTAO DE FORCA TATICA", "opm_descricao": "CPI-10 2.BPM/I 4.CIA PM PEL FT", "opm_codigo": "610024900" }, "geometry": { "type": "Point", "coordinates": [ -50.3447966, -21.304036 ] } },
{ "type": "Feature", "properties": { "id_comando": "CPI-10", "nome_comando": "10º Comando de Policiamento do Interior (CPI-10)", "nome_batalhao": "2º BPM/I", "tipo_batalhao": "Interior", "companhia": "5.CIA PM", "pelotao": "1.PEL PM", "cidade": "Guararapes", "endereco": "RUA DUQUE DE CAXIAS, 1000, CENTRO - Guararapes", "latitude": -21.2480495, "longitude": -50.6415669, "fonte_geocodificacao": "Google Geocoding API", "opm_nome": "2.BPM/I 5.CIA PM 1.PEL PM", "opm_descricao": "CPI-10 2.BPM/I 5.CIA PM 1.PEL PM", "opm_codigo": "610025100" }, "geometry": { "type": "Point", "coordinates": [ -50.6415669, -21.2480495 ] } },
{ "type": "Feature", "properties": { "id_comando": "CPI-10", "nome_comando": "10º Comando de Policiamento do Interior (CPI-10)", "nome_batalhao": "2º BPM/I", "tipo_batalhao": "Interior", "companhia": "5.CIA PM", "pelotao": "ADMINISTRACAO", "cidade": "Guararapes", "endereco": "RUA DUQUE DE CAXIAS, 1000, CENTRO - Guararapes", "latitude": -21.2480495, "longitude": -50.6415669, "fonte_geocodificacao": "Google Geocoding API", "opm_nome": "ADMINISTRACAO", "opm_descricao": "CPI-10 2.BPM/I 5.CIA PM ADMINISTRACAO 0", "opm_codigo": "610025300" }, "geometry": { "type": "Point", "coordinates": [ -50.6415669, -21.2480495 ] } },
{ "type": "Feature", "properties": { "id_comando": "CPI-10", "nome_comando": "10º Comando de Policiamento do Interior (CPI-10)", "nome_batalhao": "2º BPM/I", "tipo_batalhao": "Interior", "companhia": "5.CIA PM", "pelotao": "CGP", "cidade": "Guararapes", "endereco": "Duque de Caxias, 1000, Centro - Guararapes", "latitude": -21.2480495, "longitude": -50.6415669, "fonte_geocodificacao": "Google Geocoding API", "opm_nome": "COMANDO GRUPO PATRULHA", "opm_descricao": "CPI-10 2.BPM/I 5.CIA PM CGP", "opm_codigo": "610025400" }, "geometry": { "type": "Point", "coordinates": [ -50.6415669, -21.2480495 ] } },
{ "type": "Feature", "properties": { "id_comando": "CPI-10", "nome_comando": "10º Comando de Policiamento do Interior (CPI-10)", "nome_batalhao": "2º BPM/I", "tipo_batalhao": "Interior", "companhia": "5.CIA PM", "pelotao": "PEL PM", "cidade": "Guararapes", "endereco": "RUA DUQUE DE CAXIAS, 1000, CENTRO - Guararapes", "latitude": -21.2480495, "longitude": -50.6415669, "fonte_geocodificacao": "Google Geocoding API", "opm_nome": "PELOTAO POLICIAL MILITAR", "opm_descricao": "CPI-10 2.BPM/I 5.CIA PM PEL PM 0", "opm_codigo": "610025200" }, "geometry": { "type": "Point", "coordinates": [ -50.6415669, -21.2480495 ] } },
{ "type": "Feature", "properties": { "id_comando": "CPI-10", "nome_comando": "10º Comando de Policiamento do Interior (CPI-10)", "nome_batalhao": "2º BPM/I", "tipo_batalhao": "Interior", "companhia": "CIA F TAT", "pelotao": "ADMINISTRACAO", "cidade": "Aracatuba", "endereco": "RUA TENENTE ALCIDES THEODORO DOS SANTOS, 345, AVIACAO - Aracatuba", "latitude": -21.1959122, "longitude": -50.4297718, "fonte_geocodificacao": "Google Geocoding API", "opm_nome": "ADMINISTRACAO", "opm_descricao": "CPI-10 2.BPM/I CIA F TAT ADMINISTRACAO 0", "opm_codigo": "610028200" }, "geometry": { "type": "Point", "coordinates": [ -50.4297718, -21.1959122 ] } },
{ "type": "Feature", "properties": { "id_comando": "CPI-10", "nome_comando": "10º Comando de Policiamento do Interior (CPI-10)", "nome_batalhao": "2º BPM/I", "tipo_batalhao": "Interior", "companhia": "CIA F TAT", "pelotao": "PEL FT", "cidade": "Aracatuba", "endereco": "RUA CAPITAO ALBERTO MENDES JUNIOR, 238, AVIACAO - Aracatuba", "latitude": -21.1959925, "longitude": -50.4320202, "fonte_geocodificacao": "Google Geocoding API", "opm_nome": "PELOTAO DE FORCA TATICA", "opm_descricao": "CPI-10 2.BPM/I CIA F TAT PEL FT", "opm_codigo": "610028100" }, "geometry": { "type": "Point", "coordinates": [ -50.4320202, -21.1959925 ] } },
{ "type": "Feature", "properties": { "id_comando": "CPI-10", "nome_comando": "10º Comando de Policiamento do Interior (CPI-10)", "nome_batalhao": "2º BPM/I", "tipo_batalhao": "Interior", "companhia": "COORD OP", "pelotao": "0", "cidade": "Aracatuba", "endereco": "RUA CAPITAO ALBERTO MENDES JUNIOR, 238, AVIACAO - Aracatuba", "latitude": -21.1959925, "longitude": -50.4320202, "fonte_geocodificacao": "Google Geocoding API", "opm_nome": "COORDENADORIA OPERACIONAL", "opm_descricao": "CPI-10 2.BPM/I COORD OP 0 0", "opm_codigo": "610027000" }, "geometry": { "type": "Point", "coordinates": [ -50.4320202, -21.1959925 ] } },
{ "type": "Feature", "properties": { "id_comando": "CPI-10", "nome_comando": "10º Comando de Policiamento do Interior (CPI-10)", "nome_batalhao": "2º BPM/I", "tipo_batalhao": "Interior", "companhia": "EM", "pelotao": "P/1 E P/5", "cidade": "Aracatuba", "endereco": "RUA CAPITAO ALBERTO MENDES JUNIOR, 238, AVIACAO - Aracatuba", "latitude": -21.1959925, "longitude": -50.4320202, "fonte_geocodificacao": "Google Geocoding API", "opm_nome": "P/1 E P/5", "opm_descricao": "CPI-10 2.BPM/I EM P/1 E P/5", "opm_codigo": "610029100" }, "geometry": { "type": "Point", "coordinates": [ -50.4320202, -21.1959925 ] } },
{ "type": "Feature", "properties": { "id_comando": "CPI-10", "nome_comando": "10º Comando de Policiamento do Interior (CPI-10)", "nome_batalhao": "2º BPM/I", "tipo_batalhao": "Interior", "companhia": "EM", "pelotao": "P/2", "cidade": "Aracatuba", "endereco": "RUA CAPITAO ALBERTO MENDES JUNIOR, 238, AVIACAO - Aracatuba", "latitude": -21.1959925, "longitude": -50.4320202, "fonte_geocodificacao": "Google Geocoding API", "opm_nome": "P/2", "opm_descricao": "CPI-10 2.BPM/I EM P/2 0", "opm_codigo": "610029200" }, "geometry": { "type": "Point", "coordinates": [ -50.4320202, -21.1959925 ] } },
{ "type": "Feature", "properties": { "id_comando": "CPI-10", "nome_comando": "10º Comando de Policiamento do Interior (CPI-10)", "nome_batalhao": "2º BPM/I", "tipo_batalhao": "Interior", "companhia": "EM", "pelotao": "P/3", "cidade": "Aracatuba", "endereco": "RUA CAPITAO ALBERTO MENDES JUNIOR, 238, AVIAÇÃO - Aracatuba", "latitude": -21.1959925, "longitude": -50.4320202, "fonte_geocodificacao": "Google Geocoding API", "opm_nome": "P/3", "opm_descricao": "CPI-10 2.BPM/I EM P/3", "opm_codigo": "610029300" }, "geometry": { "type": "Point", "coordinates": [ -50.4320202, -21.1959925 ] } },
{ "type": "Feature", "properties": { "id_comando": "CPI-10", "nome_comando": "10º Comando de Policiamento do Interior (CPI-10)", "nome_batalhao": "2º BPM/I", "tipo_batalhao": "Interior", "companhia": "EM", "pelotao": "P/4", "cidade": "Aracatuba", "endereco": "RUA CAPITAO ALBERTO MENDES JUNIOR, 238, AVIAÇÃO - Aracatuba", "latitude": -21.1959925, "longitude": -50.4320202, "fonte_geocodificacao": "Google Geocoding API", "opm_nome": "P/4", "opm_descricao": "CPI-10 2.BPM/I EM P/4 0", "opm_codigo": "610029400" }, "geometry": { "type": "Point", "coordinates": [ -50.4320202, -21.1959925 ] } },
{ "type": "Feature", "properties": { "id_comando": "CPI-10", "nome_comando": "10º Comando de Policiamento do Interior (CPI-10)", "nome_batalhao": "2º BPM/I", "tipo_batalhao": "Interior", "companhia": "EM", "pelotao": "P/5", "cidade": "Aracatuba", "endereco": "RUA CAPITAO ALBERTO MENDES JUNIOR, 238, AVIAÇÃO - Aracatuba", "latitude": -21.1959925, "longitude": -50.4320202, "fonte_geocodificacao": "Google Geocoding API", "opm_nome": "2.BPM/I - P/5", "opm_descricao": "CPI-10 2.BPM/I EM P/5", "opm_codigo": "610029500" }, "geometry": { "type": "Point", "coordinates": [ -50.4320202, -21.1959925 ] } },
{ "type": "Feature", "properties": { "id_comando": "CPI-10", "nome_comando": "10º Comando de Policiamento do Interior (CPI-10)", "nome_batalhao": "2º BPM/I", "tipo_batalhao": "Interior", "companhia": "EM", "pelotao": "SEC PJMD", "cidade": "Aracatuba", "endereco": "RUA CAPITAO ALBERTO MENDES JUNIOR, 238, AVIAÇÃO - Aracatuba", "latitude": -21.1959925, "longitude": -50.4320202, "fonte_geocodificacao": "Google Geocoding API", "opm_nome": "SECAO POLICIA JUDICIARIA MILITAR E DISCIPLINAR", "opm_descricao": "CPI-10 2.BPM/I EM SEC PJMD 0", "opm_codigo": "610029600" }, "geometry": { "type": "Point", "coordinates": [ -50.4320202, -21.1959925 ] } },
{ "type": "Feature", "properties": { "id_comando": "CPA/M-4", "nome_comando": "4º Comando de Policiamento de Área Metropolitana (CPA/M-4)", "nome_batalhao": "2º BPM/M", "tipo_batalhao": "Metropolitano", "companhia": "1.CIA PM", "pelotao": "TERRITORIAL", "cidade": "Sao Paulo", "endereco": "RUA NHATUMANI, 467, VILA RÉ - Sao Paulo", "latitude": -23.5258528, "longitude": -46.5010127, "fonte_geocodificacao": "Google Geocoding API", "opm_nome": "1.COMPANHIA DE POLICIA MILITAR", "opm_descricao": "CPA/M-4 2.BPM/M 1.CIA PM TERRITORIAL", "opm_codigo": "504021000" }, "geometry": { "type": "Point", "coordinates": [ -46.5010127, -23.5258528 ] } },
{ "type": "Feature", "properties": { "id_comando": "CPA/M-4", "nome_comando": "4º Comando de Policiamento de Área Metropolitana (CPA/M-4)", "nome_batalhao": "2º BPM/M", "tipo_batalhao": "Metropolitano", "companhia": "2.CIA PM", "pelotao": "TERRITORIAL", "cidade": "Sao Paulo", "endereco": "RUA LIBERO ANCONA LOPES, 77  COMPANHIA DA POLICIA MILITAR, VILA JACUI - Sao Paulo", "latitude": -23.4974891, "longitude": -46.4605458, "fonte_geocodificacao": "Google Geocoding API", "opm_nome": "2. COMPANHIA DE POLICIA MILITAR", "opm_descricao": "CPA/M-4 2.BPM/M 2.CIA PM TERRITORIAL", "opm_codigo": "504022000" }, "geometry": { "type": "Point", "coordinates": [ -46.4605458, -23.4974891 ] } },
{ "type": "Feature", "properties": { "id_comando": "CPA/M-4", "nome_comando": "4º Comando de Policiamento de Área Metropolitana (CPA/M-4)", "nome_batalhao": "2º BPM/M", "tipo_batalhao": "Metropolitano", "companhia": "3.CIA PM", "pelotao": "TERRITORIAL", "cidade": "Sao Paulo", "endereco": "RUA ROSA MENDES, 302  COMPANHIA DA POLICIA MILITAR, PONTE RASA - Sao Paulo", "latitude": -23.5095439, "longitude": -46.4982239, "fonte_geocodificacao": "Google Geocoding API", "opm_nome": "3. COMPANHIA DE POLICIA MILITAR", "opm_descricao": "CPA/M-4 2.BPM/M 3.CIA PM TERRITORIAL", "opm_codigo": "504023000" }, "geometry": { "type": "Point", "coordinates": [ -46.4982239, -23.5095439 ] } },
{ "type": "Feature", "properties": { "id_comando": "CPA/M-4", "nome_comando": "4º Comando de Policiamento de Área Metropolitana (CPA/M-4)", "nome_batalhao": "2º BPM/M", "tipo_batalhao": "Metropolitano", "companhia": "4.CIA PM", "pelotao": "TERRITORIAL", "cidade": "Sao Paulo", "endereco": "RUA CERRO DE MATEUS SIMOES, 197  COMPANHIA DA POLICIA MILITAR, ERMELINO MATARAZZO - Sao Paulo", "latitude": -23.5049783, "longitude": -46.4804892, "fonte_geocodificacao": "Google Geocoding API", "opm_nome": "2BPMM 4CIA", "opm_descricao": "CPA/M-4 2.BPM/M 4.CIA PM TERRITORIAL", "opm_codigo": "504024000" }, "geometry": { "type": "Point", "coordinates": [ -46.4804892, -23.5049783 ] } },
{ "type": "Feature", "properties": { "id_comando": "CPI-1", "nome_comando": "1º Comando de Policiamento do Interior (CPI-1)", "nome_batalhao": "20º BPM/I", "tipo_batalhao": "Interior", "companhia": "1.CIA PM", "pelotao": "1.PEL PM", "cidade": "Sao Sebastiao", "endereco": "AVENIDA WALKIR VERGANI, 1, BOIÇUCANGA - Sao Sebastiao", "latitude": -23.78358, "longitude": -45.61616, "fonte_geocodificacao": "Google Geocoding API", "opm_nome": "1. PELOTAO POLICIAL MILITAR", "opm_descricao": "CPI-1 20.BPM/I 1.CIA PM 1.PEL PM 0", "opm_codigo": "601201100" }, "geometry": { "type": "Point", "coordinates": [ -45.61616, -23.78358 ] } },
{ "type": "Feature", "properties": { "id_comando": "CPI-1", "nome_comando": "1º Comando de Policiamento do Interior (CPI-1)", "nome_batalhao": "20º BPM/I", "tipo_batalhao": "Interior", "companhia": "1.CIA PM", "pelotao": "2.PEL PM", "cidade": "Ilhabela", "endereco": "Avenida Princesa Isabel, 2976  21446906850, BARRA VELHA - Ilhabela", "latitude": -23.81837, "longitude": -45.37633, "fonte_geocodificacao": "Google Geocoding API", "opm_nome": "2. PELOTAO POLICIAL MILITAR", "opm_descricao": "CPI-1 20.BPM/I 1.CIA PM 2.PEL PM 0", "opm_codigo": "601201200" }, "geometry": { "type": "Point", "coordinates": [ -45.37633, -23.81837 ] } },
{ "type": "Feature", "properties": { "id_comando": "CPI-1", "nome_comando": "1º Comando de Policiamento do Interior (CPI-1)", "nome_batalhao": "20º BPM/I", "tipo_batalhao": "Interior", "companhia": "1.CIA PM", "pelotao": "3.PEL PM", "cidade": "Ilhabela", "endereco": "AVENIDA PRINCESA ISABEL, 2976, BARRA VELHA - Ilhabela", "latitude": -23.81837, "longitude": -45.37633, "fonte_geocodificacao": "Google Geocoding API", "opm_nome": "20.BPM/I 3. PELOTAO", "opm_descricao": "CPI-1 20.BPM/I 1.CIA PM 3.PEL PM 0", "opm_codigo": "601201300" }, "geometry": { "type": "Point", "coordinates": [ -45.37633, -23.81837 ] } },
{ "type": "Feature", "properties": { "id_comando": "CPI-1", "nome_comando": "1º Comando de Policiamento do Interior (CPI-1)", "nome_batalhao": "20º BPM/I", "tipo_batalhao": "Interior", "companhia": "1.CIA PM", "pelotao": "ADM", "cidade": "Sao Sebastiao", "endereco": "Praça Brigadeiro Rafael Tobias de Aguiar, 1, Centro - Sao Sebastiao", "latitude": -23.8013045, "longitude": -45.3991818, "fonte_geocodificacao": "Google Geocoding API", "opm_nome": "ADMINISTRACAO", "opm_descricao": "CPI-1 20.BPM/I 1.CIA PM ADM 0", "opm_codigo": "601201600" }, "geometry": { "type": "Point", "coordinates": [ -45.3991818, -23.8013045 ] } },
{ "type": "Feature", "properties": { "id_comando": "CPI-1", "nome_comando": "1º Comando de Policiamento do Interior (CPI-1)", "nome_batalhao": "20º BPM/I", "tipo_batalhao": "Interior", "companhia": "1.CIA PM", "pelotao": "TERRITORIAL", "cidade": "Sao Sebastiao", "endereco": "PRAÇA BRIGADEIRA RAFAEL TOBIAS DE AGUIAR, 1, CENTRO - Sao Sebastiao", "latitude": -23.8013045, "longitude": -45.3991818, "fonte_geocodificacao": "Google Geocoding API", "opm_nome": "1. COMPANHIA DE POLICIA MILITAR", "opm_descricao": "CPI-1 20.BPM/I 1.CIA PM TERRITORIAL", "opm_codigo": "601201000" }, "geometry": { "type": "Point", "coordinates": [ -45.3991818, -23.8013045 ] } },
{ "type": "Feature", "properties": { "id_comando": "CPI-1", "nome_comando": "1º Comando de Policiamento do Interior (CPI-1)", "nome_batalhao": "20º BPM/I", "tipo_batalhao": "Interior", "companhia": "2.CIA PM", "pelotao": "ADM", "cidade": "Caraguatatuba", "endereco": "AVENIDA BRASIL, 1001, SUMARÉ - Caraguatatuba", "latitude": -23.6204071, "longitude": -45.3998049, "fonte_geocodificacao": "Google Geocoding API", "opm_nome": "ADMINISTRACAO", "opm_descricao": "CPI-1 20.BPM/I 2.CIA PM ADM 0", "opm_codigo": "601202400" }, "geometry": { "type": "Point", "coordinates": [ -45.3998049, -23.6204071 ] } },
{ "type": "Feature", "properties": { "id_comando": "CPI-1", "nome_comando": "1º Comando de Policiamento do Interior (CPI-1)", "nome_batalhao": "20º BPM/I", "tipo_batalhao": "Interior", "companhia": "2.CIA PM", "pelotao": "TERRITORIAL", "cidade": "Caraguatatuba", "endereco": "AVENIDA BRASIL, 1001, SUMARÉ - Caraguatatuba", "latitude": -23.6204071, "longitude": -45.3998049, "fonte_geocodificacao": "Google Geocoding API", "opm_nome": "2. COMPANHIA DE POLICIA MILITAR", "opm_descricao": "CPI-1 20.BPM/I 2.CIA PM TERRITORIAL", "opm_codigo": "601202000" }, "geometry": { "type": "Point", "coordinates": [ -45.3998049, -23.6204071 ] } },
{ "type": "Feature", "properties": { "id_comando": "CPI-1", "nome_comando": "1º Comando de Policiamento do Interior (CPI-1)", "nome_batalhao": "20º BPM/I", "tipo_batalhao": "Interior", "companhia": "3.CIA PM", "pelotao": "ADM", "cidade": "Ubatuba", "endereco": "Rua João Ramalho, 1, Parque Vivamar - Ubatuba", "latitude": -23.4448103, "longitude": -45.0730229, "fonte_geocodificacao": "Google Geocoding API", "opm_nome": "ADMINISTRACAO", "opm_descricao": "CPI-1 20.BPM/I 3.CIA PM ADM 0", "opm_codigo": "601203400" }, "geometry": { "type": "Point", "coordinates": [ -45.0730229, -23.4448103 ] } },
{ "type": "Feature", "properties": { "id_comando": "CPI-1", "nome_comando": "1º Comando de Policiamento do Interior (CPI-1)", "nome_batalhao": "20º BPM/I", "tipo_batalhao": "Interior", "companhia": "3.CIA PM", "pelotao": "TERRITORIAL", "cidade": "Ubatuba", "endereco": "RUA JOÃO RAMALHO, 1, PARQUE VIVA MAR - Ubatuba", "latitude": -23.4448103, "longitude": -45.0730229, "fonte_geocodificacao": "Google Geocoding API", "opm_nome": "3. COMPANHIA DE POLICIA MILITAR", "opm_descricao": "CPI-1 20.BPM/I 3.CIA PM TERRITORIAL", "opm_codigo": "601203000" }, "geometry": { "type": "Point", "coordinates": [ -45.0730229, -23.4448103 ] } },
{ "type": "Feature", "properties": { "id_comando": "CPI-1", "nome_comando": "1º Comando de Policiamento do Interior (CPI-1)", "nome_batalhao": "20º BPM/I", "tipo_batalhao": "Interior", "companhia": "CIA F TAT", "pelotao": "1.PEL F TAT", "cidade": "Caraguatatuba", "endereco": "AVENIDA BRASIL, 1001, SUMARÉ - Caraguatatuba", "latitude": -23.6204071, "longitude": -45.3998049, "fonte_geocodificacao": "Google Geocoding API", "opm_nome": "1. PELOTAO DE FORCA TATICA", "opm_descricao": "CPI-1 20.BPM/I CIA F TAT 1.PEL F TAT", "opm_codigo": "601205100" }, "geometry": { "type": "Point", "coordinates": [ -45.3998049, -23.6204071 ] } },
{ "type": "Feature", "properties": { "id_comando": "CPI-1", "nome_comando": "1º Comando de Policiamento do Interior (CPI-1)", "nome_batalhao": "20º BPM/I", "tipo_batalhao": "Interior", "companhia": "CIA F TAT", "pelotao": "2.PEL F TAT", "cidade": "Caraguatatuba", "endereco": "AVENIDA BRASIL, 1001, SUMARÉ - Caraguatatuba", "latitude": -23.6204071, "longitude": -45.3998049, "fonte_geocodificacao": "Google Geocoding API", "opm_nome": "2.PELOTAO DE FORCA TATICA", "opm_descricao": "CPI-1 20.BPM/I CIA F TAT 2.PEL F TAT", "opm_codigo": "601205200" }, "geometry": { "type": "Point", "coordinates": [ -45.3998049, -23.6204071 ] } },
{ "type": "Feature", "properties": { "id_comando": "CPI-1", "nome_comando": "1º Comando de Policiamento do Interior (CPI-1)", "nome_batalhao": "20º BPM/I", "tipo_batalhao": "Interior", "companhia": "CIA F TAT", "pelotao": "ADM", "cidade": "Caraguatatuba", "endereco": "AVENIDA BRASIL, 1001, SUMARÉ - Caraguatatuba", "latitude": -23.6204071, "longitude": -45.3998049, "fonte_geocodificacao": "Google Geocoding API", "opm_nome": "ADMINISTRACAO", "opm_descricao": "CPI-1 20.BPM/I CIA F TAT ADM", "opm_codigo": "601205900" }, "geometry": { "type": "Point", "coordinates": [ -45.3998049, -23.6204071 ] } },
{ "type": "Feature", "properties": { "id_comando": "CPI-1", "nome_comando": "1º Comando de Policiamento do Interior (CPI-1)", "nome_batalhao": "20º BPM/I", "tipo_batalhao": "Interior", "companhia": "EM", "pelotao": "AG AREA", "cidade": "Caraguatatuba", "endereco": "AVENIDA BRASIL, 1001, SUMARÉ - Caraguatatuba", "latitude": -23.6204071, "longitude": -45.3998049, "fonte_geocodificacao": "Google Geocoding API", "opm_nome": "AGENCIA DE AREA", "opm_descricao": "CPI-1 20.BPM/I EM AG AREA 0", "opm_codigo": "601208200" }, "geometry": { "type": "Point", "coordinates": [ -45.3998049, -23.6204071 ] } },
{ "type": "Feature", "properties": { "id_comando": "CPI-1", "nome_comando": "1º Comando de Policiamento do Interior (CPI-1)", "nome_batalhao": "20º BPM/I", "tipo_batalhao": "Interior", "companhia": "EM", "pelotao": "DIV OP", "cidade": "Caraguatatuba", "endereco": "AVENIDA BRASIL, 1001, SUMARÉ - Caraguatatuba", "latitude": -23.6204071, "longitude": -45.3998049, "fonte_geocodificacao": "Google Geocoding API", "opm_nome": "DIVISAO OPERACIONAL", "opm_descricao": "CPI-1 20.BPM/I EM DIV OP 0", "opm_codigo": "601208300" }, "geometry": { "type": "Point", "coordinates": [ -45.3998049, -23.6204071 ] } },
{ "type": "Feature", "properties": { "id_comando": "CPI-1", "nome_comando": "1º Comando de Policiamento do Interior (CPI-1)", "nome_batalhao": "20º BPM/I", "tipo_batalhao": "Interior", "companhia": "EM", "pelotao": "MOTOMEC", "cidade": "Caraguatatuba", "endereco": "AVENIDA BRASIL, 1001, SUMARÉ - Caraguatatuba", "latitude": -23.6204071, "longitude": -45.3998049, "fonte_geocodificacao": "Google Geocoding API", "opm_nome": "20.BPM/I EM MOTOMECANIZACAO", "opm_descricao": "CPI-1 20.BPM/I EM MOTOMEC 0", "opm_codigo": "601208700" }, "geometry": { "type": "Point", "coordinates": [ -45.3998049, -23.6204071 ] } },
{ "type": "Feature", "properties": { "id_comando": "CPI-1", "nome_comando": "1º Comando de Policiamento do Interior (CPI-1)", "nome_batalhao": "20º BPM/I", "tipo_batalhao": "Interior", "companhia": "EM", "pelotao": "P/1 E P/5", "cidade": "Caraguatatuba", "endereco": "AVENIDA BRASIL, 1001, SUMARÉ - Caraguatatuba", "latitude": -23.6204071, "longitude": -45.3998049, "fonte_geocodificacao": "Google Geocoding API", "opm_nome": "P/1 E P/5", "opm_descricao": "CPI-1 20.BPM/I EM P/1 E P/5 0", "opm_codigo": "601208100" }, "geometry": { "type": "Point", "coordinates": [ -45.3998049, -23.6204071 ] } },
{ "type": "Feature", "properties": { "id_comando": "CPI-1", "nome_comando": "1º Comando de Policiamento do Interior (CPI-1)", "nome_batalhao": "20º BPM/I", "tipo_batalhao": "Interior", "companhia": "EM", "pelotao": "P/4 MOTOMEC", "cidade": "Caraguatatuba", "endereco": "AVENIDA BRASIL, 1001, SUMARÉ - Caraguatatuba", "latitude": -23.6204071, "longitude": -45.3998049, "fonte_geocodificacao": "Google Geocoding API", "opm_nome": "P/4 E MOTOMECANIZACAO", "opm_descricao": "CPI-1 20.BPM/I EM P/4 MOTOMEC 0", "opm_codigo": "601208400" }, "geometry": { "type": "Point", "coordinates": [ -45.3998049, -23.6204071 ] } },
{ "type": "Feature", "properties": { "id_comando": "CPI-1", "nome_comando": "1º Comando de Policiamento do Interior (CPI-1)", "nome_batalhao": "20º BPM/I", "tipo_batalhao": "Interior", "companhia": "EM", "pelotao": "P/5", "cidade": "Caraguatatuba", "endereco": "AVENIDA BRASIL, 1001, SUMARÉ - Caraguatatuba", "latitude": -23.6204071, "longitude": -45.3998049, "fonte_geocodificacao": "Google Geocoding API", "opm_nome": "20.BPM/I EM P/5", "opm_descricao": "CPI-1 20.BPM/I EM P/5 0", "opm_codigo": "601208500" }, "geometry": { "type": "Point", "coordinates": [ -45.3998049, -23.6204071 ] } },
{ "type": "Feature", "properties": { "id_comando": "CPI-1", "nome_comando": "1º Comando de Policiamento do Interior (CPI-1)", "nome_batalhao": "20º BPM/I", "tipo_batalhao": "Interior", "companhia": "EM", "pelotao": "SEC PJMD", "cidade": "Caraguatatuba", "endereco": "AVENIDA BRASIL, 1001, SUMARÉ - Caraguatatuba", "latitude": -23.6204071, "longitude": -45.3998049, "fonte_geocodificacao": "Google Geocoding API", "opm_nome": "SECAO POLICIA JUDICIARIA MILITAR E DISCIPLINAR", "opm_descricao": "CPI-1 20.BPM/I EM SEC PJMD 0", "opm_codigo": "601208600" }, "geometry": { "type": "Point", "coordinates": [ -45.3998049, -23.6204071 ] } },
{ "type": "Feature", "properties": { "id_comando": "CPI-1", "nome_comando": "1º Comando de Policiamento do Interior (CPI-1)", "nome_batalhao": "20º BPM/I", "tipo_batalhao": "Interior", "companhia": "EM", "pelotao": "UIS", "cidade": "Caraguatatuba", "endereco": "AVENIDA BRASIL, 1001, SUMARÉ - Caraguatatuba", "latitude": -23.6204071, "longitude": -45.3998049, "fonte_geocodificacao": "Google Geocoding API", "opm_nome": "UNIDADE INTEGRADA DE SAUDE", "opm_descricao": "CPI-1 20.BPM/I EM UIS 0", "opm_codigo": "601208010" }, "geometry": { "type": "Point", "coordinates": [ -45.3998049, -23.6204071 ] } },
{ "type": "Feature", "properties": { "id_comando": "CPI-1", "nome_comando": "1º Comando de Policiamento do Interior (CPI-1)", "nome_batalhao": "20º BPM/I", "tipo_batalhao": "Interior", "companhia": "EM", "pelotao": "UIS MEDICA", "cidade": "Caraguatatuba", "endereco": "AVENIDA BRASIL, 1001, SUMARÉ - Caraguatatuba", "latitude": -23.6204071, "longitude": -45.3998049, "fonte_geocodificacao": "Google Geocoding API", "opm_nome": "20.BPM/I EM UIS MEDICA", "opm_descricao": "CPI-1 20.BPM/I EM UIS MEDICA 0", "opm_codigo": "601208800" }, "geometry": { "type": "Point", "coordinates": [ -45.3998049, -23.6204071 ] } },
{ "type": "Feature", "properties": { "id_comando": "CPI-1", "nome_comando": "1º Comando de Policiamento do Interior (CPI-1)", "nome_batalhao": "20º BPM/I", "tipo_batalhao": "Interior", "companhia": "EM", "pelotao": "UIS ODONTO", "cidade": "Caraguatatuba", "endereco": "AVENIDA BRASIL, 1001, SUMARÉ - Caraguatatuba", "latitude": -23.6204071, "longitude": -45.3998049, "fonte_geocodificacao": "Google Geocoding API", "opm_nome": "20.BPM/I EM UIS ODONTO", "opm_descricao": "CPI-1 20.BPM/I EM UIS ODONTO 0", "opm_codigo": "601208900" }, "geometry": { "type": "Point", "coordinates": [ -45.3998049, -23.6204071 ] } },
{ "type": "Feature", "properties": { "id_comando": "CPA/M-8", "nome_comando": "8º Comando de Policiamento de Área Metropolitana (CPA/M-8)", "nome_batalhao": "20º BPM/M", "tipo_batalhao": "Metropolitano", "companhia": "1.CIA PM", "pelotao": "TERRITORIAL", "cidade": "Barueri", "endereco": "AVENIDA ZÉLIA, 1330, PQ DOS CAMARGOS - Barueri", "latitude": -23.5417553, "longitude": -46.8852807, "fonte_geocodificacao": "Google Geocoding API", "opm_nome": "1. COMPANHIA DE POLICIA MILITAR", "opm_descricao": "CPA/M-8 20.BPM/M 1.CIA PM TERRITORIAL", "opm_codigo": "408201000" }, "geometry": { "type": "Point", "coordinates": [ -46.8852807, -23.5417553 ] } },
{ "type": "Feature", "properties": { "id_comando": "CPA/M-8", "nome_comando": "8º Comando de Policiamento de Área Metropolitana (CPA/M-8)", "nome_batalhao": "20º BPM/M", "tipo_batalhao": "Metropolitano", "companhia": "2.CIA PM", "pelotao": "TERRITORIAL", "cidade": "Santana De Parnaiba", "endereco": "RUA PROFESSOR EDGAR DE MORÃES, 22, CENTRO HISTORICO - Santana De Parnaiba", "latitude": -23.4441613, "longitude": -46.9194803, "fonte_geocodificacao": "Google Geocoding API", "opm_nome": "2. COMPANHIA DE POLICIA MILITAR", "opm_descricao": "CPA/M-8 20.BPM/M 2.CIA PM TERRITORIAL", "opm_codigo": "408202000" }, "geometry": { "type": "Point", "coordinates": [ -46.9194803, -23.4441613 ] } },
{ "type": "Feature", "properties": { "id_comando": "CPA/M-8", "nome_comando": "8º Comando de Policiamento de Área Metropolitana (CPA/M-8)", "nome_batalhao": "20º BPM/M", "tipo_batalhao": "Metropolitano", "companhia": "3.CIA PM", "pelotao": "TERRITORIAL", "cidade": "Itapevi", "endereco": "RUA JOAQUIM NUNES, 65, CENTRO - Itapevi", "latitude": -23.546989, "longitude": -46.9341845, "fonte_geocodificacao": "Google Geocoding API", "opm_nome": "3. COMPANHIA DE POLICIA MILITAR", "opm_descricao": "CPA/M-8 20.BPM/M 3.CIA PM TERRITORIAL", "opm_codigo": "408203000" }, "geometry": { "type": "Point", "coordinates": [ -46.9341845, -23.546989 ] } },
{ "type": "Feature", "properties": { "id_comando": "CPA/M-8", "nome_comando": "8º Comando de Policiamento de Área Metropolitana (CPA/M-8)", "nome_batalhao": "20º BPM/M", "tipo_batalhao": "Metropolitano", "companhia": "4.CIA PM", "pelotao": "TERRITORIAL", "cidade": "Jandira", "endereco": "RUA SALOMÃO BARJUD, 190, CENTRO - Jandira", "latitude": -23.5273063, "longitude": -46.8979599, "fonte_geocodificacao": "Google Geocoding API", "opm_nome": "4. COMPANHIA DE POLICIA MILITAR", "opm_descricao": "CPA/M-8 20.BPM/M 4.CIA PM TERRITORIAL", "opm_codigo": "408204000" }, "geometry": { "type": "Point", "coordinates": [ -46.8979599, -23.5273063 ] } },
{ "type": "Feature", "properties": { "id_comando": "CPA/M-8", "nome_comando": "8º Comando de Policiamento de Área Metropolitana (CPA/M-8)", "nome_batalhao": "20º BPM/M", "tipo_batalhao": "Metropolitano", "companhia": "5.CIA PM", "pelotao": "TERRITORIAL", "cidade": "Barueri", "endereco": "RUA CLOVIS EDUARDO SILOTO, 52, VILA SÃO SILVESTRE - Barueri", "latitude": -23.4921355, "longitude": -46.8823769, "fonte_geocodificacao": "Google Geocoding API", "opm_nome": "5. COMPANHIA DE POLICIA MILITAR", "opm_descricao": "CPA/M-8 20.BPM/M 5.CIA PM TERRITORIAL", "opm_codigo": "408205000" }, "geometry": { "type": "Point", "coordinates": [ -46.8823769, -23.4921355 ] } },
{ "type": "Feature", "properties": { "id_comando": "CPI-6", "nome_comando": "6º Comando de Policiamento do Interior (CPI-6)", "nome_batalhao": "21º BPM/I", "tipo_batalhao": "Interior", "companhia": "1.CIA PM", "pelotao": "ADM", "cidade": "Guaruja", "endereco": "RUA MARIO RIBEIRO, 971, CENTRO - Guaruja", "latitude": -23.9984263, "longitude": -46.2609113, "fonte_geocodificacao": "Google Geocoding API", "opm_nome": "ADMINISTRACAO", "opm_descricao": "CPI-6 21.BPM/I 1.CIA PM ADM 0", "opm_codigo": "606211400" }, "geometry": { "type": "Point", "coordinates": [ -46.2609113, -23.9984263 ] } },
{ "type": "Feature", "properties": { "id_comando": "CPI-6", "nome_comando": "6º Comando de Policiamento do Interior (CPI-6)", "nome_batalhao": "21º BPM/I", "tipo_batalhao": "Interior", "companhia": "1.CIA PM", "pelotao": "CGP", "cidade": "Guaruja", "endereco": "RUA MARIO RIBEIRO, 971, CENTRO - Guaruja", "latitude": -23.9984263, "longitude": -46.2609113, "fonte_geocodificacao": "Google Geocoding API", "opm_nome": "COMANDO GRUPO PATRULHA", "opm_descricao": "CPI-6 21.BPM/I 1.CIA PM CGP", "opm_codigo": "606211500" }, "geometry": { "type": "Point", "coordinates": [ -46.2609113, -23.9984263 ] } },
{ "type": "Feature", "properties": { "id_comando": "CPI-6", "nome_comando": "6º Comando de Policiamento do Interior (CPI-6)", "nome_batalhao": "21º BPM/I", "tipo_batalhao": "Interior", "companhia": "1.CIA PM", "pelotao": "TERRITORIAL", "cidade": "Guaruja", "endereco": "RUA MARIO RIBEIRO, 971, CENTRO - Guaruja", "latitude": -23.9984263, "longitude": -46.2609113, "fonte_geocodificacao": "Google Geocoding API", "opm_nome": "1. COMPANHIA DE POLICIA MILITAR", "opm_descricao": "CPI-6 21.BPM/I 1.CIA PM TERRITORIAL", "opm_codigo": "606211000" }, "geometry": { "type": "Point", "coordinates": [ -46.2609113, -23.9984263 ] } },
{ "type": "Feature", "properties": { "id_comando": "CPI-6", "nome_comando": "6º Comando de Policiamento do Interior (CPI-6)", "nome_batalhao": "21º BPM/I", "tipo_batalhao": "Interior", "companhia": "2.CIA PM", "pelotao": "ADM", "cidade": "Guaruja", "endereco": "RUA CAPITÃO ALBERTO MENDES JÚNIOR, 225, JARDIM BOA ESPERANÇA - Guaruja", "latitude": -23.9596098, "longitude": -46.2844025, "fonte_geocodificacao": "Google Geocoding API", "opm_nome": "ADMINISTRACAO", "opm_descricao": "CPI-6 21.BPM/I 2.CIA PM ADM 0", "opm_codigo": "606212300" }, "geometry": { "type": "Point", "coordinates": [ -46.2844025, -23.9596098 ] } },
{ "type": "Feature", "properties": { "id_comando": "CPI-6", "nome_comando": "6º Comando de Policiamento do Interior (CPI-6)", "nome_batalhao": "21º BPM/I", "tipo_batalhao": "Interior", "companhia": "2.CIA PM", "pelotao": "CGP", "cidade": "Guaruja", "endereco": "RUA SANTA ISABEL, 100, PAE CARÁ - Guaruja", "latitude": -23.9534354, "longitude": -46.2887236, "fonte_geocodificacao": "Google Geocoding API", "opm_nome": "COMANDO GRUPO PATRULHA", "opm_descricao": "CPI-6 21.BPM/I 2.CIA PM CGP", "opm_codigo": "606212400" }, "geometry": { "type": "Point", "coordinates": [ -46.2887236, -23.9534354 ] } },
{ "type": "Feature", "properties": { "id_comando": "CPI-6", "nome_comando": "6º Comando de Policiamento do Interior (CPI-6)", "nome_batalhao": "21º BPM/I", "tipo_batalhao": "Interior", "companhia": "2.CIA PM", "pelotao": "TERRITORIAL", "cidade": "Guaruja", "endereco": "RUA CAPITÃO ALBERTO MENDES JÚNIOR, 225, JARDIM BOA ESPERANÇA - Guaruja", "latitude": -23.9596098, "longitude": -46.2844025, "fonte_geocodificacao": "Google Geocoding API", "opm_nome": "2. COMPANHIA DE POLICIA MILITAR", "opm_descricao": "CPI-6 21.BPM/I 2.CIA PM TERRITORIAL", "opm_codigo": "606212000" }, "geometry": { "type": "Point", "coordinates": [ -46.2844025, -23.9596098 ] } },
{ "type": "Feature", "properties": { "id_comando": "CPI-6", "nome_comando": "6º Comando de Policiamento do Interior (CPI-6)", "nome_batalhao": "21º BPM/I", "tipo_batalhao": "Interior", "companhia": "3.CIA PM", "pelotao": "1.PEL PM", "cidade": "Bertioga", "endereco": "RODOVIA MANOEL HIPÓLITO DO REGO, 213  KM 213, RIVIERA DE SÃO LOURENÇO - Bertioga", "latitude": -23.7905309, "longitude": -46.0381835, "fonte_geocodificacao": "Google Geocoding API", "opm_nome": "21.BPM/I 3.CIA PM 1.PEL PM", "opm_descricao": "CPI-6 21.BPM/I 3.CIA PM 1.PEL PM", "opm_codigo": "606213100" }, "geometry": { "type": "Point", "coordinates": [ -46.0381835, -23.7905309 ] } },
{ "type": "Feature", "properties": { "id_comando": "CPI-6", "nome_comando": "6º Comando de Policiamento do Interior (CPI-6)", "nome_batalhao": "21º BPM/I", "tipo_batalhao": "Interior", "companhia": "3.CIA PM", "pelotao": "ADM", "cidade": "Bertioga", "endereco": "RODOVIA MANOEL HIPÓLITO DO REGO, 213  KM 213, RIVIERA DE SÃO LOURENÇO - Bertioga", "latitude": -23.7905309, "longitude": -46.0381835, "fonte_geocodificacao": "Google Geocoding API", "opm_nome": "ADMINISTRACAO", "opm_descricao": "CPI-6 21.BPM/I 3.CIA PM ADM 0", "opm_codigo": "606213300" }, "geometry": { "type": "Point", "coordinates": [ -46.0381835, -23.7905309 ] } },
{ "type": "Feature", "properties": { "id_comando": "CPI-6", "nome_comando": "6º Comando de Policiamento do Interior (CPI-6)", "nome_batalhao": "21º BPM/I", "tipo_batalhao": "Interior", "companhia": "3.CIA PM", "pelotao": "CGP", "cidade": "Bertioga", "endereco": "RODOVIA MANOEL HIPÓLITO DO REGO, 213  KM 213, RIVIERA DE SÃO LOURENÇO - Bertioga", "latitude": -23.7905309, "longitude": -46.0381835, "fonte_geocodificacao": "Google Geocoding API", "opm_nome": "COMANDO GRUPO PATRULHA", "opm_descricao": "CPI-6 21.BPM/I 3.CIA PM CGP", "opm_codigo": "606213400" }, "geometry": { "type": "Point", "coordinates": [ -46.0381835, -23.7905309 ] } },
{ "type": "Feature", "properties": { "id_comando": "CPI-6", "nome_comando": "6º Comando de Policiamento do Interior (CPI-6)", "nome_batalhao": "21º BPM/I", "tipo_batalhao": "Interior", "companhia": "4.CIA PM", "pelotao": "1.PEL PM", "cidade": "Cubatao", "endereco": "AVENIDA JOAQUIM MIGUEL COUTO, 800, VILA PAULISTA - Cubatao", "latitude": -23.8847918, "longitude": -46.4235425, "fonte_geocodificacao": "Google Geocoding API", "opm_nome": "21.BPM/I 4.CIA PM 1.PEL PM", "opm_descricao": "CPI-6 21.BPM/I 4.CIA PM 1.PEL PM", "opm_codigo": "606214100" }, "geometry": { "type": "Point", "coordinates": [ -46.4235425, -23.8847918 ] } },
{ "type": "Feature", "properties": { "id_comando": "CPI-6", "nome_comando": "6º Comando de Policiamento do Interior (CPI-6)", "nome_batalhao": "21º BPM/I", "tipo_batalhao": "Interior", "companhia": "4.CIA PM", "pelotao": "ADM", "cidade": "Cubatao", "endereco": "AVENIDA JOAQUIM MIGUEL COUTO, 800, VILA PAULISTA - Cubatao", "latitude": -23.8847918, "longitude": -46.4235425, "fonte_geocodificacao": "Google Geocoding API", "opm_nome": "ADMINISTRACAO", "opm_descricao": "CPI-6 21.BPM/I 4.CIA PM ADM 0", "opm_codigo": "606214500" }, "geometry": { "type": "Point", "coordinates": [ -46.4235425, -23.8847918 ] } },
{ "type": "Feature", "properties": { "id_comando": "CPI-6", "nome_comando": "6º Comando de Policiamento do Interior (CPI-6)", "nome_batalhao": "21º BPM/I", "tipo_batalhao": "Interior", "companhia": "4.CIA PM", "pelotao": "CGP", "cidade": "Cubatao", "endereco": "AVENIDA JOAQUIM MIGUEL COUTO, 800, VILA PAULISTA - Cubatao", "latitude": -23.8847918, "longitude": -46.4235425, "fonte_geocodificacao": "Google Geocoding API", "opm_nome": "COMANDO GRUPO PATRULHA", "opm_descricao": "CPI-6 21.BPM/I 4.CIA PM CGP", "opm_codigo": "606214600" }, "geometry": { "type": "Point", "coordinates": [ -46.4235425, -23.8847918 ] } },
{ "type": "Feature", "properties": { "id_comando": "CPI-6", "nome_comando": "6º Comando de Policiamento do Interior (CPI-6)", "nome_batalhao": "21º BPM/I", "tipo_batalhao": "Interior", "companhia": "4.CIA PM", "pelotao": "PEL F TAT", "cidade": "Cubatao", "endereco": "AVENIDA JOAQUIM MIGUEL COUTO, 800, VILA PAULISTA - Cubatao", "latitude": -23.8847918, "longitude": -46.4235425, "fonte_geocodificacao": "Google Geocoding API", "opm_nome": "PEL FT", "opm_descricao": "CPI-6 21.BPM/I 4.CIA PM PEL F TAT", "opm_codigo": "606214400" }, "geometry": { "type": "Point", "coordinates": [ -46.4235425, -23.8847918 ] } },
{ "type": "Feature", "properties": { "id_comando": "CPI-6", "nome_comando": "6º Comando de Policiamento do Interior (CPI-6)", "nome_batalhao": "21º BPM/I", "tipo_batalhao": "Interior", "companhia": "5.CIA PM", "pelotao": "ADM", "cidade": "Guaruja", "endereco": "AVENIDA MARJORI PRADO, 1195, BALNEÁRIO PRAIA PERNAMBUCO - Guaruja", "latitude": -23.9693183, "longitude": -46.1880105, "fonte_geocodificacao": "Google Geocoding API", "opm_nome": "ADMINISTRACAO", "opm_descricao": "CPI-6 21.BPM/I 5.CIA PM ADM 0", "opm_codigo": "606215500" }, "geometry": { "type": "Point", "coordinates": [ -46.1880105, -23.9693183 ] } },
{ "type": "Feature", "properties": { "id_comando": "CPI-6", "nome_comando": "6º Comando de Policiamento do Interior (CPI-6)", "nome_batalhao": "21º BPM/I", "tipo_batalhao": "Interior", "companhia": "5.CIA PM", "pelotao": "CGP", "cidade": "Guaruja", "endereco": "AVENIDA MARJORI PRADO, 1195, BALNEÁRIO PRAIA PERNAMBUCO - Guaruja", "latitude": -23.9693183, "longitude": -46.1880105, "fonte_geocodificacao": "Google Geocoding API", "opm_nome": "COMANDO GRUPO PATRULHA", "opm_descricao": "CPI-6 21.BPM/I 5.CIA PM CGP", "opm_codigo": "606215600" }, "geometry": { "type": "Point", "coordinates": [ -46.1880105, -23.9693183 ] } },
{ "type": "Feature", "properties": { "id_comando": "CPI-6", "nome_comando": "6º Comando de Policiamento do Interior (CPI-6)", "nome_batalhao": "21º BPM/I", "tipo_batalhao": "Interior", "companhia": "5.CIA PM", "pelotao": "TERRITORIAL", "cidade": "Guaruja", "endereco": "AVENIDA MARJORI PRADO, 1195, BALNEÁRIO PRAIA PERNAMBUCO - Guaruja", "latitude": -23.9693183, "longitude": -46.1880105, "fonte_geocodificacao": "Google Geocoding API", "opm_nome": "5. COMPANHIA DE POLICIA MILITAR", "opm_descricao": "CPI-6 21.BPM/I 5.CIA PM TERRITORIAL", "opm_codigo": "606215000" }, "geometry": { "type": "Point", "coordinates": [ -46.1880105, -23.9693183 ] } },
{ "type": "Feature", "properties": { "id_comando": "CPI-6", "nome_comando": "6º Comando de Policiamento do Interior (CPI-6)", "nome_batalhao": "21º BPM/I", "tipo_batalhao": "Interior", "companhia": "EM", "pelotao": "DIV OP", "cidade": "Guaruja", "endereco": "RUA JOSÉ AVELINO DE OLIVEIRA, 171, JD GUAIÚBA - Guaruja", "latitude": -24.0132565, "longitude": -46.277159, "fonte_geocodificacao": "Google Geocoding API", "opm_nome": "DIVISAO OPERACIONAL", "opm_descricao": "CPI-6 21.BPM/I EM DIV OP 0", "opm_codigo": "606218300" }, "geometry": { "type": "Point", "coordinates": [ -46.277159, -24.0132565 ] } },
{ "type": "Feature", "properties": { "id_comando": "CPI-6", "nome_comando": "6º Comando de Policiamento do Interior (CPI-6)", "nome_batalhao": "21º BPM/I", "tipo_batalhao": "Interior", "companhia": "EM", "pelotao": "GAB ODONTO", "cidade": "Guaruja", "endereco": "RUA JOSÉ AVELINO DE OLIVEIRA, 171, JD GUAIÚBA - Guaruja", "latitude": -24.0132565, "longitude": -46.277159, "fonte_geocodificacao": "Google Geocoding API", "opm_nome": "GABINETE ODONTOLOGICO", "opm_descricao": "CPI-6 21.BPM/I EM GAB ODONTO 0", "opm_codigo": "606218900" }, "geometry": { "type": "Point", "coordinates": [ -46.277159, -24.0132565 ] } },
{ "type": "Feature", "properties": { "id_comando": "CPI-6", "nome_comando": "6º Comando de Policiamento do Interior (CPI-6)", "nome_batalhao": "21º BPM/I", "tipo_batalhao": "Interior", "companhia": "EM", "pelotao": "MOTOMEC", "cidade": "Guaruja", "endereco": "RUA SANTA ISABEL, 100, PAE CARÁ - Guaruja", "latitude": -23.9534354, "longitude": -46.2887236, "fonte_geocodificacao": "Google Geocoding API", "opm_nome": "21.BPM/I - MOTOMECANIZACAO", "opm_descricao": "CPI-6 21.BPM/I EM MOTOMEC 0", "opm_codigo": "606218700" }, "geometry": { "type": "Point", "coordinates": [ -46.2887236, -23.9534354 ] } },
{ "type": "Feature", "properties": { "id_comando": "CPI-6", "nome_comando": "6º Comando de Policiamento do Interior (CPI-6)", "nome_batalhao": "21º BPM/I", "tipo_batalhao": "Interior", "companhia": "EM", "pelotao": "P/1", "cidade": "Guaruja", "endereco": "RUA JOSÉ AVELINO DE OLIVEIRA, 171, JD GUAIÚBA - Guaruja", "latitude": -24.0132565, "longitude": -46.277159, "fonte_geocodificacao": "Google Geocoding API", "opm_nome": "GUARDA DO QUARTEL", "opm_descricao": "CPI-6 21.BPM/I EM P/1 GD QUARTEL", "opm_codigo": "606218110" }, "geometry": { "type": "Point", "coordinates": [ -46.277159, -24.0132565 ] } },
{ "type": "Feature", "properties": { "id_comando": "CPI-6", "nome_comando": "6º Comando de Policiamento do Interior (CPI-6)", "nome_batalhao": "21º BPM/I", "tipo_batalhao": "Interior", "companhia": "EM", "pelotao": "P/1 P/5", "cidade": "Guaruja", "endereco": "RUA JOSÉ AVELINO DE OLIVEIRA, 171, JD GUAIÚBA - Guaruja", "latitude": -24.0132565, "longitude": -46.277159, "fonte_geocodificacao": "Google Geocoding API", "opm_nome": "P/1 P/5", "opm_descricao": "CPI-6 21.BPM/I EM P/1 P/5", "opm_codigo": "606218100" }, "geometry": { "type": "Point", "coordinates": [ -46.277159, -24.0132565 ] } },
{ "type": "Feature", "properties": { "id_comando": "CPI-6", "nome_comando": "6º Comando de Policiamento do Interior (CPI-6)", "nome_batalhao": "21º BPM/I", "tipo_batalhao": "Interior", "companhia": "EM", "pelotao": "P/2", "cidade": "Guaruja", "endereco": "RUA JOSÉ AVELINO DE OLIVEIRA, 171, JD GUAIÚBA - Guaruja", "latitude": -24.0132565, "longitude": -46.277159, "fonte_geocodificacao": "Google Geocoding API", "opm_nome": "P/2", "opm_descricao": "CPI-6 21.BPM/I EM P/2 0", "opm_codigo": "606218200" }, "geometry": { "type": "Point", "coordinates": [ -46.277159, -24.0132565 ] } },
{ "type": "Feature", "properties": { "id_comando": "CPI-6", "nome_comando": "6º Comando de Policiamento do Interior (CPI-6)", "nome_batalhao": "21º BPM/I", "tipo_batalhao": "Interior", "companhia": "EM", "pelotao": "P/3", "cidade": "Guaruja", "endereco": "RUA JOSÉ AVELINO DE OLIVEIRA, 171, JD GUAIÚBA - Guaruja", "latitude": -24.0132565, "longitude": -46.277159, "fonte_geocodificacao": "Google Geocoding API", "opm_nome": "PEL F T", "opm_descricao": "CPI-6 21.BPM/I EM P/3 PEL FT", "opm_codigo": "606218310" }, "geometry": { "type": "Point", "coordinates": [ -46.277159, -24.0132565 ] } },
{ "type": "Feature", "properties": { "id_comando": "CPI-6", "nome_comando": "6º Comando de Policiamento do Interior (CPI-6)", "nome_batalhao": "21º BPM/I", "tipo_batalhao": "Interior", "companhia": "EM", "pelotao": "P/4 MOTOMEC", "cidade": "Guaruja", "endereco": "RUA JOSÉ AVELINO DE OLIVEIRA, 171, JD GUAIÚBA - Guaruja", "latitude": -24.0132565, "longitude": -46.277159, "fonte_geocodificacao": "Google Geocoding API", "opm_nome": "P/4 E MOTOMECANIZACAO", "opm_descricao": "CPI-6 21.BPM/I EM P/4 MOTOMEC", "opm_codigo": "606218400" }, "geometry": { "type": "Point", "coordinates": [ -46.277159, -24.0132565 ] } },
{ "type": "Feature", "properties": { "id_comando": "CPI-6", "nome_comando": "6º Comando de Policiamento do Interior (CPI-6)", "nome_batalhao": "21º BPM/I", "tipo_batalhao": "Interior", "companhia": "EM", "pelotao": "P/5", "cidade": "Guaruja", "endereco": "RUA JOSÉ AVELINO DE OLIVEIRA, 171, JD GUAIÚBA - Guaruja", "latitude": -24.0132565, "longitude": -46.277159, "fonte_geocodificacao": "Google Geocoding API", "opm_nome": "21.BPM/I - P/5", "opm_descricao": "CPI-6 21.BPM/I EM P/5 0", "opm_codigo": "606218500" }, "geometry": { "type": "Point", "coordinates": [ -46.277159, -24.0132565 ] } },
{ "type": "Feature", "properties": { "id_comando": "CPI-6", "nome_comando": "6º Comando de Policiamento do Interior (CPI-6)", "nome_batalhao": "21º BPM/I", "tipo_batalhao": "Interior", "companhia": "EM", "pelotao": "SEC PJMD", "cidade": "Guaruja", "endereco": "RUA JOSÉ AVELINO DE OLIVEIRA, 171, JD GUAIÚBA - Guaruja", "latitude": -24.0132565, "longitude": -46.277159, "fonte_geocodificacao": "Google Geocoding API", "opm_nome": "SECAO DE POLICIA JUDICIARIA MILITAR E DISCIPLINA", "opm_descricao": "CPI-6 21.BPM/I EM SEC PJMD 0", "opm_codigo": "606218600" }, "geometry": { "type": "Point", "coordinates": [ -46.277159, -24.0132565 ] } },
{ "type": "Feature", "properties": { "id_comando": "CPA/M-11", "nome_comando": "11º Comando de Policiamento de Área Metropolitana (CPA/M-11)", "nome_batalhao": "21º BPM/M", "tipo_batalhao": "Metropolitano", "companhia": "1.CIA PM", "pelotao": "TERRITORIAL", "cidade": "Sao Paulo", "endereco": "RUA PROFESSOR JACOB PENTEADO, 129, MOOCA - Sao Paulo", "latitude": -23.5706871, "longitude": -46.59176, "fonte_geocodificacao": "Google Geocoding API", "opm_nome": "1. COMPANHIA DE POLICIA MILITAR", "opm_descricao": "CPA/M-11 21.BPM/M 1.CIA PM TERRITORIAL", "opm_codigo": "511211000" }, "geometry": { "type": "Point", "coordinates": [ -46.59176, -23.5706871 ] } },
{ "type": "Feature", "properties": { "id_comando": "CPA/M-11", "nome_comando": "11º Comando de Policiamento de Área Metropolitana (CPA/M-11)", "nome_batalhao": "21º BPM/M", "tipo_batalhao": "Metropolitano", "companhia": "2.CIA PM", "pelotao": "TERRITORIAL", "cidade": "Sao Paulo", "endereco": "RUA ARMANDO DIAS, 75  VILA DIVA, AGUA RASA - Sao Paulo", "latitude": -23.5732878, "longitude": -46.5574563, "fonte_geocodificacao": "Google Geocoding API", "opm_nome": "2. COMPANHIA DE POLICIA MILITAR", "opm_descricao": "CPA/M-11 21.BPM/M 2.CIA PM TERRITORIAL", "opm_codigo": "511212000" }, "geometry": { "type": "Point", "coordinates": [ -46.5574563, -23.5732878 ] } },
{ "type": "Feature", "properties": { "id_comando": "CPA/M-11", "nome_comando": "11º Comando de Policiamento de Área Metropolitana (CPA/M-11)", "nome_batalhao": "21º BPM/M", "tipo_batalhao": "Metropolitano", "companhia": "3.CIA PM", "pelotao": "TERRITORIAL", "cidade": "Sao Paulo", "endereco": "RUA BUCUITUBA, 952, VILA FORMOSA - Sao Paulo", "latitude": -23.5784663, "longitude": -46.5478347, "fonte_geocodificacao": "Google Geocoding API", "opm_nome": "3. COMPANHIA DE POLICIA MILITAR", "opm_descricao": "CPA/M-11 21.BPM/M 3.CIA PM TERRITORIAL", "opm_codigo": "511213000" }, "geometry": { "type": "Point", "coordinates": [ -46.5478347, -23.5784663 ] } },
{ "type": "Feature", "properties": { "id_comando": "CPA/M-11", "nome_comando": "11º Comando de Policiamento de Área Metropolitana (CPA/M-11)", "nome_batalhao": "21º BPM/M", "tipo_batalhao": "Metropolitano", "companhia": "4.CIA PM", "pelotao": "TERRITORIAL", "cidade": "Sao Paulo", "endereco": "RUA CAETANO PIMENTEL DO VABO, 78, VILA PRUDENTE - Sao Paulo", "latitude": -23.5895802, "longitude": -46.5681933, "fonte_geocodificacao": "Google Geocoding API", "opm_nome": "4. COMPANHIA DE POLICIA MILITAR", "opm_descricao": "CPA/M-11 21.BPM/M 4.CIA PM TERRITORIAL", "opm_codigo": "511214000" }, "geometry": { "type": "Point", "coordinates": [ -46.5681933, -23.5895802 ] } },
{ "type": "Feature", "properties": { "id_comando": "CPA/M-11", "nome_comando": "11º Comando de Policiamento de Área Metropolitana (CPA/M-11)", "nome_batalhao": "21º BPM/M", "tipo_batalhao": "Metropolitano", "companhia": "5.CIA PM", "pelotao": "TERRITORIAL", "cidade": "Sao Paulo", "endereco": "RUA MAJOR BASILIO, 774, AGUA RASA - Sao Paulo", "latitude": -23.5575517, "longitude": -46.5788276, "fonte_geocodificacao": "Google Geocoding API", "opm_nome": "5. COMPANHIA DE POLICIA MILITAR", "opm_descricao": "CPA/M-11 21.BPM/M 5.CIA PM TERRITORIAL", "opm_codigo": "511215000" }, "geometry": { "type": "Point", "coordinates": [ -46.5788276, -23.5575517 ] } },
{ "type": "Feature", "properties": { "id_comando": "CPI-7", "nome_comando": "7º Comando de Policiamento do Interior (CPI-7)", "nome_batalhao": "22º BPM/I", "tipo_batalhao": "Interior", "companhia": "1.CIA PM", "pelotao": "1.PEL PM", "cidade": "Itapetininga", "endereco": "RUA DOUTOR COUTINHO, 2000  OPM INEXISTENTE, VILA ROCHA - Itapetininga", "latitude": -23.5777482, "longitude": -48.0324007, "fonte_geocodificacao": "Google Geocoding API", "opm_nome": "22.BPM/I 1.CIA PM 1.PEL PM", "opm_descricao": "CPI-7 22.BPM/I 1.CIA PM 1.PEL PM", "opm_codigo": "607221100" }, "geometry": { "type": "Point", "coordinates": [ -48.0324007, -23.5777482 ] } },
{ "type": "Feature", "properties": { "id_comando": "CPI-7", "nome_comando": "7º Comando de Policiamento do Interior (CPI-7)", "nome_batalhao": "22º BPM/I", "tipo_batalhao": "Interior", "companhia": "1.CIA PM", "pelotao": "2.PEL PM", "cidade": "Itapetininga", "endereco": "AVENIDA JOÃO OLÍMPIO DE OLIVEIRA, 10  OPM INEXISTENTE, VILA HARMONIA - Itapetininga", "latitude": -23.5896469, "longitude": -48.0289182, "fonte_geocodificacao": "Google Geocoding API", "opm_nome": "22.BPM/I 1.CIA PM 2.PEL PM", "opm_descricao": "CPI-7 22.BPM/I 1.CIA PM 2.PEL PM", "opm_codigo": "607221200" }, "geometry": { "type": "Point", "coordinates": [ -48.0289182, -23.5896469 ] } },
{ "type": "Feature", "properties": { "id_comando": "CPI-7", "nome_comando": "7º Comando de Policiamento do Interior (CPI-7)", "nome_batalhao": "22º BPM/I", "tipo_batalhao": "Interior", "companhia": "1.CIA PM", "pelotao": "3.PEL PM", "cidade": "Itapetininga", "endereco": "AVENIDA JOÃO OLÍMPIO DE OLIVEIRA, 10  OPM INEXISTENTE, VILA HARMONIA - Itapetininga", "latitude": -23.5896469, "longitude": -48.0289182, "fonte_geocodificacao": "Google Geocoding API", "opm_nome": "22.BPM/I 1.CIA PM 3.PEL PM", "opm_descricao": "CPI-7 22.BPM/I 1.CIA PM 3.PEL PM", "opm_codigo": "607221300" }, "geometry": { "type": "Point", "coordinates": [ -48.0289182, -23.5896469 ] } },
{ "type": "Feature", "properties": { "id_comando": "CPI-7", "nome_comando": "7º Comando de Policiamento do Interior (CPI-7)", "nome_batalhao": "22º BPM/I", "tipo_batalhao": "Interior", "companhia": "1.CIA PM", "pelotao": "ADMINISTRACAO", "cidade": "Itapetininga", "endereco": "AVENIDA JOÃO OLÍMPIO DE OLIVEIRA, 10, VILA HARMONIA - Itapetininga", "latitude": -23.5896469, "longitude": -48.0289182, "fonte_geocodificacao": "Google Geocoding API", "opm_nome": "ADMINISTRACAO", "opm_descricao": "CPI-7 22.BPM/I 1.CIA PM ADMINISTRACAO", "opm_codigo": "607221900" }, "geometry": { "type": "Point", "coordinates": [ -48.0289182, -23.5896469 ] } },
{ "type": "Feature", "properties": { "id_comando": "CPI-7", "nome_comando": "7º Comando de Policiamento do Interior (CPI-7)", "nome_batalhao": "22º BPM/I", "tipo_batalhao": "Interior", "companhia": "1.CIA PM", "pelotao": "CGP", "cidade": "Itapetininga", "endereco": "AVENIDA JOÃO OLÍMPIO DE OLIVEIRA, 10, VILA LEME - Itapetininga", "latitude": -23.5896469, "longitude": -48.0289182, "fonte_geocodificacao": "Google Geocoding API", "opm_nome": "COMANDO GRUPO PATRULHA", "opm_descricao": "CPI-7 22.BPM/I 1.CIA PM CGP", "opm_codigo": "607221990" }, "geometry": { "type": "Point", "coordinates": [ -48.0289182, -23.5896469 ] } },
{ "type": "Feature", "properties": { "id_comando": "CPI-7", "nome_comando": "7º Comando de Policiamento do Interior (CPI-7)", "nome_batalhao": "22º BPM/I", "tipo_batalhao": "Interior", "companhia": "1.CIA PM", "pelotao": "PEL PM", "cidade": "Sao Miguel Arcanjo", "endereco": "VIA ACESSO COMENDADOR JOÃO CEREZER - SÃO M. ARCANJO, 25, MONTE VERDE - Sao Miguel Arcanjo", "latitude": -23.91394812442293, "longitude": -47.993350127749451, "fonte_geocodificacao": "Centroide do município-sede (geocodificação rejeitada: fora dos limites do município)", "opm_nome": "PELOTAO POLICIAL MILITAR", "opm_descricao": "CPI-7 22.BPM/I 1.CIA PM PEL PM", "opm_codigo": "607221400" }, "geometry": { "type": "Point", "coordinates": [ -47.993350127749451, -23.91394812442293 ] } },
{ "type": "Feature", "properties": { "id_comando": "CPI-7", "nome_comando": "7º Comando de Policiamento do Interior (CPI-7)", "nome_batalhao": "22º BPM/I", "tipo_batalhao": "Interior", "companhia": "2.CIA PM", "pelotao": "ADMINISTRACAO", "cidade": "Tatui", "endereco": "RUA BENEDITO FAUSTINO DA ROSA, 1911, JARDIM VANDERLEI - Tatui", "latitude": -23.3425124, "longitude": -47.8738488, "fonte_geocodificacao": "Google Geocoding API", "opm_nome": "ADMINISTRACAO", "opm_descricao": "CPI-7 22.BPM/I 2.CIA PM ADMINISTRACAO", "opm_codigo": "607222600" }, "geometry": { "type": "Point", "coordinates": [ -47.8738488, -23.3425124 ] } },
{ "type": "Feature", "properties": { "id_comando": "CPI-7", "nome_comando": "7º Comando de Policiamento do Interior (CPI-7)", "nome_batalhao": "22º BPM/I", "tipo_batalhao": "Interior", "companhia": "2.CIA PM", "pelotao": "CGP", "cidade": "Tatui", "endereco": "RUA BENEDITO FAUSTINO DA ROSA, 1911, JARDIM VANDERLEI - Tatui", "latitude": -23.3425124, "longitude": -47.8738488, "fonte_geocodificacao": "Google Geocoding API", "opm_nome": "COMANDO GRUPO PATRULHA", "opm_descricao": "CPI-7 22.BPM/I 2.CIA PM CGP", "opm_codigo": "607222700" }, "geometry": { "type": "Point", "coordinates": [ -47.8738488, -23.3425124 ] } },
{ "type": "Feature", "properties": { "id_comando": "CPI-7", "nome_comando": "7º Comando de Policiamento do Interior (CPI-7)", "nome_batalhao": "22º BPM/I", "tipo_batalhao": "Interior", "companhia": "2.CIA PM", "pelotao": "PEL PM", "cidade": "Capela Do Alto", "endereco": "RUA JOSÉ MACHADO, 50, CENTRO - Capela Do Alto", "latitude": -23.4738759, "longitude": -47.736057, "fonte_geocodificacao": "Google Geocoding API", "opm_nome": "PELOTAO POLICIAL MILITAR", "opm_descricao": "CPI-7 22.BPM/I 2.CIA PM PEL PM", "opm_codigo": "607222100" }, "geometry": { "type": "Point", "coordinates": [ -47.736057, -23.4738759 ] } },
{ "type": "Feature", "properties": { "id_comando": "CPI-7", "nome_comando": "7º Comando de Policiamento do Interior (CPI-7)", "nome_batalhao": "22º BPM/I", "tipo_batalhao": "Interior", "companhia": "3.CIA PM", "pelotao": "0", "cidade": "Angatuba", "endereco": "RUA LUDOVICO HOMEM DE GOIS - ANGATUBA, 1229, PORTAL NOVO HORIZONTE - Angatuba", "latitude": -23.5011202, "longitude": -48.407147, "fonte_geocodificacao": "Google Geocoding API", "opm_nome": "22 BPM/I - GP PM DISTR", "opm_descricao": "CPI-7 22.BPM/I 3.CIA PM 0 3.GP/PM", "opm_codigo": "607223003" }, "geometry": { "type": "Point", "coordinates": [ -48.407147, -23.5011202 ] } },
{ "type": "Feature", "properties": { "id_comando": "CPI-7", "nome_comando": "7º Comando de Policiamento do Interior (CPI-7)", "nome_batalhao": "22º BPM/I", "tipo_batalhao": "Interior", "companhia": "3.CIA PM", "pelotao": "1.PEL PM", "cidade": "Itapetininga", "endereco": "RUA DOUTOR COUTINHO, 2000  OPM INEXISTENTE, VILA ROCHA - Itapetininga", "latitude": -23.5777482, "longitude": -48.0324007, "fonte_geocodificacao": "Google Geocoding API", "opm_nome": "22.BPM/I 3.CIA PM 1.PEL PM", "opm_descricao": "CPI-7 22.BPM/I 3.CIA PM 1.PEL PM", "opm_codigo": "607223100" }, "geometry": { "type": "Point", "coordinates": [ -48.0324007, -23.5777482 ] } },
{ "type": "Feature", "properties": { "id_comando": "CPI-7", "nome_comando": "7º Comando de Policiamento do Interior (CPI-7)", "nome_batalhao": "22º BPM/I", "tipo_batalhao": "Interior", "companhia": "3.CIA PM", "pelotao": "2.PEL PM", "cidade": "Itapetininga", "endereco": "AVENIDA PADRE ANTÔNIO BRUNETE, 1132  OPM INEXISTENTE, DO MOQUEM - Itapetininga", "latitude": -23.5903272, "longitude": -48.0697496, "fonte_geocodificacao": "Google Geocoding API", "opm_nome": "22.BPM/I 3.CIA PM 2.PEL PM", "opm_descricao": "CPI-7 22.BPM/I 3.CIA PM 2.PEL PM 0", "opm_codigo": "607223200" }, "geometry": { "type": "Point", "coordinates": [ -48.0697496, -23.5903272 ] } },
{ "type": "Feature", "properties": { "id_comando": "CPI-7", "nome_comando": "7º Comando de Policiamento do Interior (CPI-7)", "nome_batalhao": "22º BPM/I", "tipo_batalhao": "Interior", "companhia": "3.CIA PM", "pelotao": "ADMINISTRACAO", "cidade": "Itapetininga", "endereco": "AVENIDA PADRE ANTÔNIO BRUNETE, 1132, vila rio branco - Itapetininga", "latitude": -23.5906986, "longitude": -48.0680948, "fonte_geocodificacao": "Google Geocoding API", "opm_nome": "ADMINISTRACAO", "opm_descricao": "CPI-7 22.BPM/I 3.CIA PM ADMINISTRACAO", "opm_codigo": "607223400" }, "geometry": { "type": "Point", "coordinates": [ -48.0680948, -23.5906986 ] } },
{ "type": "Feature", "properties": { "id_comando": "CPI-7", "nome_comando": "7º Comando de Policiamento do Interior (CPI-7)", "nome_batalhao": "22º BPM/I", "tipo_batalhao": "Interior", "companhia": "3.CIA PM", "pelotao": "CGP", "cidade": "Itapetininga", "endereco": "AVENIDA PADRE ANTÔNIO BRUNETE, 1132, VILA RIO BRANCO - Itapetininga", "latitude": -23.5906986, "longitude": -48.0680948, "fonte_geocodificacao": "Google Geocoding API", "opm_nome": "COMANDO GRUPO PATRULHA", "opm_descricao": "CPI-7 22.BPM/I 3.CIA PM CGP", "opm_codigo": "607223500" }, "geometry": { "type": "Point", "coordinates": [ -48.0680948, -23.5906986 ] } },
{ "type": "Feature", "properties": { "id_comando": "CPI-7", "nome_comando": "7º Comando de Policiamento do Interior (CPI-7)", "nome_batalhao": "22º BPM/I", "tipo_batalhao": "Interior", "companhia": "3.CIA PM", "pelotao": "PEL PM", "cidade": "Guarei", "endereco": "RUA VIRGILIO TRINDADE DE ÁVILA, 1206, BAIRRO FLORESTA - Guarei", "latitude": -23.3627694, "longitude": -48.1828827, "fonte_geocodificacao": "Google Geocoding API", "opm_nome": "PELOTAO POLICIAL MILITAR", "opm_descricao": "CPI-7 22.BPM/I 3.CIA PM PEL PM", "opm_codigo": "607223300" }, "geometry": { "type": "Point", "coordinates": [ -48.1828827, -23.3627694 ] } },
{ "type": "Feature", "properties": { "id_comando": "CPI-7", "nome_comando": "7º Comando de Policiamento do Interior (CPI-7)", "nome_batalhao": "22º BPM/I", "tipo_batalhao": "Interior", "companhia": "4.CIA PM", "pelotao": "1.PEL PM", "cidade": "Boituva", "endereco": "RUA ANGELO RIBEIRO, 50  OPM INEXISTENTE, CENTRO - Boituva", "latitude": -23.2871494, "longitude": -47.6743354, "fonte_geocodificacao": "Google Geocoding API", "opm_nome": "22.BPM/I 4.CIA PM 1.PEL PM", "opm_descricao": "CPI-7 22.BPM/I 4.CIA PM 1.PEL PM", "opm_codigo": "607224100" }, "geometry": { "type": "Point", "coordinates": [ -47.6743354, -23.2871494 ] } },
{ "type": "Feature", "properties": { "id_comando": "CPI-7", "nome_comando": "7º Comando de Policiamento do Interior (CPI-7)", "nome_batalhao": "22º BPM/I", "tipo_batalhao": "Interior", "companhia": "4.CIA PM", "pelotao": "2.PEL PM", "cidade": "Boituva", "endereco": "RUA ANGELO RIBEIRO, 50  OPM INEXISTENTE, CENTRO - Boituva", "latitude": -23.2871494, "longitude": -47.6743354, "fonte_geocodificacao": "Google Geocoding API", "opm_nome": "22.BPM/I 4.CIA PM 2.PEL PM", "opm_descricao": "CPI-7 22.BPM/I 4.CIA PM 2.PEL PM", "opm_codigo": "607224200" }, "geometry": { "type": "Point", "coordinates": [ -47.6743354, -23.2871494 ] } },
{ "type": "Feature", "properties": { "id_comando": "CPI-7", "nome_comando": "7º Comando de Policiamento do Interior (CPI-7)", "nome_batalhao": "22º BPM/I", "tipo_batalhao": "Interior", "companhia": "4.CIA PM", "pelotao": "ADMINISTRACAO", "cidade": "Boituva", "endereco": "ANGELO RIBEIRO, 50, CENTRO - Boituva", "latitude": -23.2871494, "longitude": -47.6743354, "fonte_geocodificacao": "Google Geocoding API", "opm_nome": "ADMINISTRACAO", "opm_descricao": "CPI-7 22.BPM/I 4.CIA PM ADMINISTRACAO", "opm_codigo": "607224600" }, "geometry": { "type": "Point", "coordinates": [ -47.6743354, -23.2871494 ] } },
{ "type": "Feature", "properties": { "id_comando": "CPI-7", "nome_comando": "7º Comando de Policiamento do Interior (CPI-7)", "nome_batalhao": "22º BPM/I", "tipo_batalhao": "Interior", "companhia": "4.CIA PM", "pelotao": "CGP", "cidade": "Boituva", "endereco": "RUA ANGELO RIBEIRO, 50, CENTRO - Boituva", "latitude": -23.2871494, "longitude": -47.6743354, "fonte_geocodificacao": "Google Geocoding API", "opm_nome": "COMANDO GRUPO PATRULHA", "opm_descricao": "CPI-7 22.BPM/I 4.CIA PM CGP", "opm_codigo": "607224700" }, "geometry": { "type": "Point", "coordinates": [ -47.6743354, -23.2871494 ] } },
{ "type": "Feature", "properties": { "id_comando": "CPI-7", "nome_comando": "7º Comando de Policiamento do Interior (CPI-7)", "nome_batalhao": "22º BPM/I", "tipo_batalhao": "Interior", "companhia": "4.CIA PM", "pelotao": "PEL PM", "cidade": "Cerquilho", "endereco": "AVENIDA FRANCISCO GAIOTTO - CERQUILHO, 111, CENTRO - Cerquilho", "latitude": -23.1602238, "longitude": -47.7458341, "fonte_geocodificacao": "Google Geocoding API", "opm_nome": "PELOTAO POLICIAL MILITAR", "opm_descricao": "CPI-7 22.BPM/I 4.CIA PM PEL PM", "opm_codigo": "607224300" }, "geometry": { "type": "Point", "coordinates": [ -47.7458341, -23.1602238 ] } },
{ "type": "Feature", "properties": { "id_comando": "CPI-7", "nome_comando": "7º Comando de Policiamento do Interior (CPI-7)", "nome_batalhao": "22º BPM/I", "tipo_batalhao": "Interior", "companhia": "CIA F TAT", "pelotao": "1. PEL FT", "cidade": "Itapetininga", "endereco": "RUA DOUTOR COUTINHO, 2000, VILA JUDITH - Itapetininga", "latitude": -23.5777482, "longitude": -48.0324007, "fonte_geocodificacao": "Google Geocoding API", "opm_nome": "1. PELOTAO DE FORÇA TÁTICA", "opm_descricao": "CPI-7 22.BPM/I CIA F TAT 1. PEL FT", "opm_codigo": "607225100" }, "geometry": { "type": "Point", "coordinates": [ -48.0324007, -23.5777482 ] } },
{ "type": "Feature", "properties": { "id_comando": "CPI-7", "nome_comando": "7º Comando de Policiamento do Interior (CPI-7)", "nome_batalhao": "22º BPM/I", "tipo_batalhao": "Interior", "companhia": "CIA F TAT", "pelotao": "2. PEL FT", "cidade": "Itapetininga", "endereco": "RUA DOUTOR COUTINHO, 2000  OPM INEXISTENTE, VILA JUDITH - Itapetininga", "latitude": -23.5777482, "longitude": -48.0324007, "fonte_geocodificacao": "Google Geocoding API", "opm_nome": "2. PELOTAO DE FORÇA TÁTICA", "opm_descricao": "CPI-7 22.BPM/I CIA F TAT 2. PEL FT", "opm_codigo": "607225200" }, "geometry": { "type": "Point", "coordinates": [ -48.0324007, -23.5777482 ] } },
{ "type": "Feature", "properties": { "id_comando": "CPI-7", "nome_comando": "7º Comando de Policiamento do Interior (CPI-7)", "nome_batalhao": "22º BPM/I", "tipo_batalhao": "Interior", "companhia": "CIA F TAT", "pelotao": "ADMINISTRACAO", "cidade": "Itapetininga", "endereco": "RUA DOUTOR COUTINHO, 2000, VILA ROCHA - Itapetininga", "latitude": -23.5777482, "longitude": -48.0324007, "fonte_geocodificacao": "Google Geocoding API", "opm_nome": "ADMINISTRACAO", "opm_descricao": "CPI-7 22.BPM/I CIA F TAT ADMINISTRACAO", "opm_codigo": "607225300" }, "geometry": { "type": "Point", "coordinates": [ -48.0324007, -23.5777482 ] } },
{ "type": "Feature", "properties": { "id_comando": "CPI-7", "nome_comando": "7º Comando de Policiamento do Interior (CPI-7)", "nome_batalhao": "22º BPM/I", "tipo_batalhao": "Interior", "companhia": "EM", "pelotao": "MOTOMEC", "cidade": "Itapetininga", "endereco": "RUA DOUTOR COUTINHO, 2000, VILA JUDITH - Itapetininga", "latitude": -23.5777482, "longitude": -48.0324007, "fonte_geocodificacao": "Google Geocoding API", "opm_nome": "22.BPM/I - MOTOMEC", "opm_descricao": "CPI-7 22.BPM/I EM MOTOMEC 0", "opm_codigo": "607228700" }, "geometry": { "type": "Point", "coordinates": [ -48.0324007, -23.5777482 ] } },
{ "type": "Feature", "properties": { "id_comando": "CPI-7", "nome_comando": "7º Comando de Policiamento do Interior (CPI-7)", "nome_batalhao": "22º BPM/I", "tipo_batalhao": "Interior", "companhia": "EM", "pelotao": "P/1 E P/5", "cidade": "Itapetininga", "endereco": "RUA DOUTOR COUTINHO/ ITAPETININGA, 2000, VILA JUDITH - Itapetininga", "latitude": -23.5777482, "longitude": -48.0324007, "fonte_geocodificacao": "Google Geocoding API", "opm_nome": "P/1 E P/5", "opm_descricao": "CPI-7 22.BPM/I EM P/1 E P/5", "opm_codigo": "607228100" }, "geometry": { "type": "Point", "coordinates": [ -48.0324007, -23.5777482 ] } },
{ "type": "Feature", "properties": { "id_comando": "CPI-7", "nome_comando": "7º Comando de Policiamento do Interior (CPI-7)", "nome_batalhao": "22º BPM/I", "tipo_batalhao": "Interior", "companhia": "EM", "pelotao": "P/2", "cidade": "Itapetininga", "endereco": "RUA DOUTOR COUTINHO, 2000, VILA JUDITH - Itapetininga", "latitude": -23.5777482, "longitude": -48.0324007, "fonte_geocodificacao": "Google Geocoding API", "opm_nome": "P/2", "opm_descricao": "CPI-7 22.BPM/I EM P/2", "opm_codigo": "607228200" }, "geometry": { "type": "Point", "coordinates": [ -48.0324007, -23.5777482 ] } },
{ "type": "Feature", "properties": { "id_comando": "CPI-7", "nome_comando": "7º Comando de Policiamento do Interior (CPI-7)", "nome_batalhao": "22º BPM/I", "tipo_batalhao": "Interior", "companhia": "EM", "pelotao": "P/3", "cidade": "Itapetininga", "endereco": "RUA DOUTOR COUTINHO/ ITAPETININGA, 2000, VILA JUDITH - Itapetininga", "latitude": -23.5777482, "longitude": -48.0324007, "fonte_geocodificacao": "Google Geocoding API", "opm_nome": "P/3", "opm_descricao": "CPI-7 22.BPM/I EM P/3", "opm_codigo": "607228300" }, "geometry": { "type": "Point", "coordinates": [ -48.0324007, -23.5777482 ] } },
{ "type": "Feature", "properties": { "id_comando": "CPI-7", "nome_comando": "7º Comando de Policiamento do Interior (CPI-7)", "nome_batalhao": "22º BPM/I", "tipo_batalhao": "Interior", "companhia": "EM", "pelotao": "P/4 MOTOMEC", "cidade": "Itapetininga", "endereco": "RUA DOUTOR COUTINHO, 2000, VILA JUDITH - Itapetininga", "latitude": -23.5777482, "longitude": -48.0324007, "fonte_geocodificacao": "Google Geocoding API", "opm_nome": "P/4 E MOTOMECANIZACAO", "opm_descricao": "CPI-7 22.BPM/I EM P/4 MOTOMEC", "opm_codigo": "607228400" }, "geometry": { "type": "Point", "coordinates": [ -48.0324007, -23.5777482 ] } },
{ "type": "Feature", "properties": { "id_comando": "CPI-7", "nome_comando": "7º Comando de Policiamento do Interior (CPI-7)", "nome_batalhao": "22º BPM/I", "tipo_batalhao": "Interior", "companhia": "EM", "pelotao": "P/5", "cidade": "Itapetininga", "endereco": "RUA DOUTOR COUTINHO/ ITAPETININGA, 2000, VILA JUDITH - Itapetininga", "latitude": -23.5777482, "longitude": -48.0324007, "fonte_geocodificacao": "Google Geocoding API", "opm_nome": "22.BPM/I - P/5", "opm_descricao": "CPI-7 22.BPM/I EM P/5", "opm_codigo": "607228500" }, "geometry": { "type": "Point", "coordinates": [ -48.0324007, -23.5777482 ] } },
{ "type": "Feature", "properties": { "id_comando": "CPI-7", "nome_comando": "7º Comando de Policiamento do Interior (CPI-7)", "nome_batalhao": "22º BPM/I", "tipo_batalhao": "Interior", "companhia": "EM", "pelotao": "SEC PJMD", "cidade": "Itapetininga", "endereco": "RUA DOUTOR COUTINHO, 2000, VILA ROCHA - Itapetininga", "latitude": -23.5777482, "longitude": -48.0324007, "fonte_geocodificacao": "Google Geocoding API", "opm_nome": "SECAO POLICIA JUDICIARIA MILITAR E DISCIPLINA", "opm_descricao": "CPI-7 22.BPM/I EM SEC PJMD", "opm_codigo": "607228600" }, "geometry": { "type": "Point", "coordinates": [ -48.0324007, -23.5777482 ] } },
{ "type": "Feature", "properties": { "id_comando": "CPI-7", "nome_comando": "7º Comando de Policiamento do Interior (CPI-7)", "nome_batalhao": "22º BPM/I", "tipo_batalhao": "Interior", "companhia": "EM", "pelotao": "UIS", "cidade": "Itapetininga", "endereco": "RUA DOUTOR COUTINHO, 2000, VILA ROCHA - Itapetininga", "latitude": -23.5777482, "longitude": -48.0324007, "fonte_geocodificacao": "Google Geocoding API", "opm_nome": "22.BPM/I UIS", "opm_descricao": "CPI-7 22.BPM/I EM UIS", "opm_codigo": "607228010" }, "geometry": { "type": "Point", "coordinates": [ -48.0324007, -23.5777482 ] } },
{ "type": "Feature", "properties": { "id_comando": "CPI-7", "nome_comando": "7º Comando de Policiamento do Interior (CPI-7)", "nome_batalhao": "22º BPM/I", "tipo_batalhao": "Interior", "companhia": "EM", "pelotao": "UIS MEDICA", "cidade": "Itapetininga", "endereco": "RUA DOUTOR COUTINHO/ ITAPETININGA, 2000, VILA JUDITH - Itapetininga", "latitude": -23.5777482, "longitude": -48.0324007, "fonte_geocodificacao": "Google Geocoding API", "opm_nome": "22.BPM/I EM UIS MEDICA", "opm_descricao": "CPI-7 22.BPM/I EM UIS MEDICA", "opm_codigo": "607228800" }, "geometry": { "type": "Point", "coordinates": [ -48.0324007, -23.5777482 ] } },
{ "type": "Feature", "properties": { "id_comando": "CPI-7", "nome_comando": "7º Comando de Policiamento do Interior (CPI-7)", "nome_batalhao": "22º BPM/I", "tipo_batalhao": "Interior", "companhia": "EM", "pelotao": "UIS ODONTO", "cidade": "Itapetininga", "endereco": "RUA DOUTOR COUTINHO/ ITAPETININGA, 2000, VILA JUDITH - Itapetininga", "latitude": -23.5777482, "longitude": -48.0324007, "fonte_geocodificacao": "Google Geocoding API", "opm_nome": "22.BPM/I EM UIS ODONTO", "opm_descricao": "CPI-7 22.BPM/I EM UIS ODONTO", "opm_codigo": "607228900" }, "geometry": { "type": "Point", "coordinates": [ -48.0324007, -23.5777482 ] } },
{ "type": "Feature", "properties": { "id_comando": "CPI-7", "nome_comando": "7º Comando de Policiamento do Interior (CPI-7)", "nome_batalhao": "22º BPM/I", "tipo_batalhao": "Interior", "companhia": "UIS", "pelotao": "GAB MED", "cidade": "Itapetininga", "endereco": "RUA DOUTOR COUTINHO, 2000, VILA JUDITH - Itapetininga", "latitude": -23.5777482, "longitude": -48.0324007, "fonte_geocodificacao": "Google Geocoding API", "opm_nome": "GABINETE MÉDICO", "opm_descricao": "CPI-7 22.BPM/I UIS GAB MED", "opm_codigo": "607226100" }, "geometry": { "type": "Point", "coordinates": [ -48.0324007, -23.5777482 ] } },
{ "type": "Feature", "properties": { "id_comando": "CPI-7", "nome_comando": "7º Comando de Policiamento do Interior (CPI-7)", "nome_batalhao": "22º BPM/I", "tipo_batalhao": "Interior", "companhia": "UIS", "pelotao": "GAB ODONTO", "cidade": "Itapetininga", "endereco": "RUA DOUTOR COUTINHO, 2000, VILA JUDITH - Itapetininga", "latitude": -23.5777482, "longitude": -48.0324007, "fonte_geocodificacao": "Google Geocoding API", "opm_nome": "GABINETE ODONTOLÓGICO", "opm_descricao": "CPI-7 22.BPM/I UIS GAB ODONTO", "opm_codigo": "607226200" }, "geometry": { "type": "Point", "coordinates": [ -48.0324007, -23.5777482 ] } },
{ "type": "Feature", "properties": { "id_comando": "CPA/M-10", "nome_comando": "10º Comando de Policiamento de Área Metropolitana (CPA/M-10)", "nome_batalhao": "22º BPM/M", "tipo_batalhao": "Metropolitano", "companhia": "1.CIA PM", "pelotao": "TERRITORIAL", "cidade": "Sao Paulo", "endereco": "RUA MIGUEL YUNES, 581, CAMPO GRANDE - Sao Paulo", "latitude": -23.688344, "longitude": -46.6881924, "fonte_geocodificacao": "Google Geocoding API", "opm_nome": "1.COMPANHIA DE POLICIA MILITAR", "opm_descricao": "CPA/M-10 22.BPM/M 1.CIA PM TERRITORIAL", "opm_codigo": "510221000" }, "geometry": { "type": "Point", "coordinates": [ -46.6881924, -23.688344 ] } },
{ "type": "Feature", "properties": { "id_comando": "CPA/M-10", "nome_comando": "10º Comando de Policiamento de Área Metropolitana (CPA/M-10)", "nome_batalhao": "22º BPM/M", "tipo_batalhao": "Metropolitano", "companhia": "2.CIA PM", "pelotao": "TERRITORIAL", "cidade": "Sao Paulo", "endereco": "Av Cupecê, 5934, Jd Miriam - Sao Paulo", "latitude": -23.6836057, "longitude": -46.63472, "fonte_geocodificacao": "Google Geocoding API", "opm_nome": "2.COMPANHIA DE POLICIA MILITAR", "opm_descricao": "CPA/M-10 22.BPM/M 2.CIA PM TERRITORIAL", "opm_codigo": "510222000" }, "geometry": { "type": "Point", "coordinates": [ -46.63472, -23.6836057 ] } },
{ "type": "Feature", "properties": { "id_comando": "CPA/M-10", "nome_comando": "10º Comando de Policiamento de Área Metropolitana (CPA/M-10)", "nome_batalhao": "22º BPM/M", "tipo_batalhao": "Metropolitano", "companhia": "3.CIA PM", "pelotao": "TERRITORIAL", "cidade": "Sao Paulo", "endereco": "AVENIDA CORONEL FRANCISCO JULIO CESAR ALFIERI, 83, CIDADE ADEMAR - Sao Paulo", "latitude": -23.6563623, "longitude": -46.6693379, "fonte_geocodificacao": "Google Geocoding API", "opm_nome": "3.COMPANHIA DE POLICIA MILITAR", "opm_descricao": "CPA/M-10 22.BPM/M 3.CIA PM TERRITORIAL", "opm_codigo": "510223000" }, "geometry": { "type": "Point", "coordinates": [ -46.6693379, -23.6563623 ] } },
{ "type": "Feature", "properties": { "id_comando": "CPA/M-10", "nome_comando": "10º Comando de Policiamento de Área Metropolitana (CPA/M-10)", "nome_batalhao": "22º BPM/M", "tipo_batalhao": "Metropolitano", "companhia": "4.CIA PM", "pelotao": "TERRITORIAL", "cidade": "Sao Paulo", "endereco": "AVENIDA NOSSA SENHORA DO SABARA, 5312, CAMPO GRANDE - Sao Paulo", "latitude": -23.6993287, "longitude": -46.6740345, "fonte_geocodificacao": "Google Geocoding API", "opm_nome": "4.COMPANHIA DE POLICIA MILITAR", "opm_descricao": "CPA/M-10 22.BPM/M 4.CIA PM TERRITORIAL", "opm_codigo": "510224000" }, "geometry": { "type": "Point", "coordinates": [ -46.6740345, -23.6993287 ] } },
{ "type": "Feature", "properties": { "id_comando": "CPI-1", "nome_comando": "1º Comando de Policiamento do Interior (CPI-1)", "nome_batalhao": "23º BPM/I", "tipo_batalhao": "Interior", "companhia": "1.CIA PM", "pelotao": "1.PEL PM", "cidade": "Lorena", "endereco": "AVENIDA SÃO JOSÉ, 357, CENTRO - Lorena", "latitude": -22.7369558, "longitude": -45.123817, "fonte_geocodificacao": "Google Geocoding API", "opm_nome": "23.BPM/I 1.CIA PM 1.PEL PM", "opm_descricao": "CPI-1 23.BPM/I 1.CIA PM 1.PEL PM 0", "opm_codigo": "601231100" }, "geometry": { "type": "Point", "coordinates": [ -45.123817, -22.7369558 ] } },
{ "type": "Feature", "properties": { "id_comando": "CPI-1", "nome_comando": "1º Comando de Policiamento do Interior (CPI-1)", "nome_batalhao": "23º BPM/I", "tipo_batalhao": "Interior", "companhia": "1.CIA PM", "pelotao": "2.PEL PM", "cidade": "Lorena", "endereco": "AVENIDA SÃO JOSÉ, 357, CENTRO - Lorena", "latitude": -22.7369558, "longitude": -45.123817, "fonte_geocodificacao": "Google Geocoding API", "opm_nome": "23.BPM/I 1.CIA PM 2.PEL PM", "opm_descricao": "CPI-1 23.BPM/I 1.CIA PM 2.PEL PM", "opm_codigo": "601231200" }, "geometry": { "type": "Point", "coordinates": [ -45.123817, -22.7369558 ] } },
{ "type": "Feature", "properties": { "id_comando": "CPI-1", "nome_comando": "1º Comando de Policiamento do Interior (CPI-1)", "nome_batalhao": "23º BPM/I", "tipo_batalhao": "Interior", "companhia": "1.CIA PM", "pelotao": "3.PEL PM", "cidade": "Lorena", "endereco": "AVENIDA SÃO JOSÉ, 357, CENTRO - Lorena", "latitude": -22.7369558, "longitude": -45.123817, "fonte_geocodificacao": "Google Geocoding API", "opm_nome": "23.BPM/I 1.CIA PM 3.PEL PM", "opm_descricao": "CPI-1 23.BPM/I 1.CIA PM 3.PEL PM 0", "opm_codigo": "601231300" }, "geometry": { "type": "Point", "coordinates": [ -45.123817, -22.7369558 ] } },
{ "type": "Feature", "properties": { "id_comando": "CPI-1", "nome_comando": "1º Comando de Policiamento do Interior (CPI-1)", "nome_batalhao": "23º BPM/I", "tipo_batalhao": "Interior", "companhia": "1.CIA PM", "pelotao": "ADM", "cidade": "Lorena", "endereco": "AVENIDA SÃO JOSÉ, 357, CENTRO - Lorena", "latitude": -22.7369558, "longitude": -45.123817, "fonte_geocodificacao": "Google Geocoding API", "opm_nome": "ADMINISTRACAO", "opm_descricao": "CPI-1 23.BPM/I 1.CIA PM ADM 0", "opm_codigo": "601231700" }, "geometry": { "type": "Point", "coordinates": [ -45.123817, -22.7369558 ] } },
{ "type": "Feature", "properties": { "id_comando": "CPI-1", "nome_comando": "1º Comando de Policiamento do Interior (CPI-1)", "nome_batalhao": "23º BPM/I", "tipo_batalhao": "Interior", "companhia": "1.CIA PM", "pelotao": "PEL PM", "cidade": "Cachoeira Paulista", "endereco": "RUA SEBASTIÃO FORTES, 294, CENTRO - Cachoeira Paulista", "latitude": -22.6597104, "longitude": -45.0026361, "fonte_geocodificacao": "Google Geocoding API", "opm_nome": "PELOTAO", "opm_descricao": "CPI-1 23.BPM/I 1.CIA PM PEL PM 0", "opm_codigo": "601231400" }, "geometry": { "type": "Point", "coordinates": [ -45.0026361, -22.6597104 ] } },
{ "type": "Feature", "properties": { "id_comando": "CPI-1", "nome_comando": "1º Comando de Policiamento do Interior (CPI-1)", "nome_batalhao": "23º BPM/I", "tipo_batalhao": "Interior", "companhia": "2.CIA PM", "pelotao": "1.PEL PM", "cidade": "Guaratingueta", "endereco": "RUA AMERICO MARTINS MACHADO, 32, FIGUEIRA - Guaratingueta", "latitude": -22.8262709, "longitude": -45.2058208, "fonte_geocodificacao": "Google Geocoding API", "opm_nome": "23.BPM/I 2.CIA PM 1.PEL PM", "opm_descricao": "CPI-1 23.BPM/I 2.CIA PM 1.PEL PM 0", "opm_codigo": "601232100" }, "geometry": { "type": "Point", "coordinates": [ -45.2058208, -22.8262709 ] } },
{ "type": "Feature", "properties": { "id_comando": "CPI-1", "nome_comando": "1º Comando de Policiamento do Interior (CPI-1)", "nome_batalhao": "23º BPM/I", "tipo_batalhao": "Interior", "companhia": "2.CIA PM", "pelotao": "2.PEL PM", "cidade": "Guaratingueta", "endereco": "RUA AMERICO MARTINS MACHADO, 32, FIGUEIRA - Guaratingueta", "latitude": -22.8262709, "longitude": -45.2058208, "fonte_geocodificacao": "Google Geocoding API", "opm_nome": "23.BPM/I 2.CIA PM 2.PEL PM", "opm_descricao": "CPI-1 23.BPM/I 2.CIA PM 2.PEL PM 0", "opm_codigo": "601232200" }, "geometry": { "type": "Point", "coordinates": [ -45.2058208, -22.8262709 ] } },
{ "type": "Feature", "properties": { "id_comando": "CPI-1", "nome_comando": "1º Comando de Policiamento do Interior (CPI-1)", "nome_batalhao": "23º BPM/I", "tipo_batalhao": "Interior", "companhia": "2.CIA PM", "pelotao": "ADM", "cidade": "Guaratingueta", "endereco": "RUA AMÉRICO MARTINS MACHADO, 32, JARDIM NOVA ERA - Guaratingueta", "latitude": -22.8262709, "longitude": -45.2058208, "fonte_geocodificacao": "Google Geocoding API", "opm_nome": "ADMINISTRACAO", "opm_descricao": "CPI-1 23.BPM/I 2.CIA PM ADM 0", "opm_codigo": "601232500" }, "geometry": { "type": "Point", "coordinates": [ -45.2058208, -22.8262709 ] } },
{ "type": "Feature", "properties": { "id_comando": "CPI-1", "nome_comando": "1º Comando de Policiamento do Interior (CPI-1)", "nome_batalhao": "23º BPM/I", "tipo_batalhao": "Interior", "companhia": "2.CIA PM", "pelotao": "PEL F TAT", "cidade": "Guaratingueta", "endereco": "RUA AMERICO MARTINS MACHADO, 32, FIGUEIRA - Guaratingueta", "latitude": -22.8262709, "longitude": -45.2058208, "fonte_geocodificacao": "Google Geocoding API", "opm_nome": "23.BPM/I 2.CIA PM PEL F TAT", "opm_descricao": "CPI-1 23.BPM/I 2.CIA PM PEL F TAT 0", "opm_codigo": "601232400" }, "geometry": { "type": "Point", "coordinates": [ -45.2058208, -22.8262709 ] } },
{ "type": "Feature", "properties": { "id_comando": "CPI-1", "nome_comando": "1º Comando de Policiamento do Interior (CPI-1)", "nome_batalhao": "23º BPM/I", "tipo_batalhao": "Interior", "companhia": "2.CIA PM", "pelotao": "PEL PM", "cidade": "Cunha", "endereco": "ALAMEDA LAVA PÉS, 1  BOX 1 E 2 TERMINAL RODOVIARIO, CENTRO - Cunha", "latitude": -23.07627, "longitude": -44.96138, "fonte_geocodificacao": "Google Geocoding API", "opm_nome": "PELOTAO POLICIAL MILITAR", "opm_descricao": "CPI-1 23.BPM/I 2.CIA PM PEL PM 0", "opm_codigo": "601232300" }, "geometry": { "type": "Point", "coordinates": [ -44.96138, -23.07627 ] } },
{ "type": "Feature", "properties": { "id_comando": "CPI-1", "nome_comando": "1º Comando de Policiamento do Interior (CPI-1)", "nome_batalhao": "23º BPM/I", "tipo_batalhao": "Interior", "companhia": "3.CIA PM", "pelotao": "0", "cidade": "Roseira", "endereco": "RUA DINO BUENO, 25, CENTRO - Roseira", "latitude": -22.8986688, "longitude": -45.3040975, "fonte_geocodificacao": "Google Geocoding API", "opm_nome": "GRUPO", "opm_descricao": "CPI-1 23.BPM/I 3.CIA PM 0 GP/PM", "opm_codigo": "601233001" }, "geometry": { "type": "Point", "coordinates": [ -45.3040975, -22.8986688 ] } },
{ "type": "Feature", "properties": { "id_comando": "CPI-1", "nome_comando": "1º Comando de Policiamento do Interior (CPI-1)", "nome_batalhao": "23º BPM/I", "tipo_batalhao": "Interior", "companhia": "3.CIA PM", "pelotao": "1.PEL PM", "cidade": "Aparecida", "endereco": "RUA BENEDITO SALLES VIEIRA, 800, MONTE AZUL - Aparecida", "latitude": -22.8518943, "longitude": -45.2406134, "fonte_geocodificacao": "Google Geocoding API", "opm_nome": "23.BPM/I 3.CIA PM 1.PEL PM", "opm_descricao": "CPI-1 23.BPM/I 3.CIA PM 1.PEL PM", "opm_codigo": "601233100" }, "geometry": { "type": "Point", "coordinates": [ -45.2406134, -22.8518943 ] } },
{ "type": "Feature", "properties": { "id_comando": "CPI-1", "nome_comando": "1º Comando de Policiamento do Interior (CPI-1)", "nome_batalhao": "23º BPM/I", "tipo_batalhao": "Interior", "companhia": "3.CIA PM", "pelotao": "2.PEL PM", "cidade": "Aparecida", "endereco": "RUA BENEDITO SALLES VIEIRA, 800, MONTE AZUL - Aparecida", "latitude": -22.8518943, "longitude": -45.2406134, "fonte_geocodificacao": "Google Geocoding API", "opm_nome": "23.BPM/I 3.CIA PM 2.PEL PM", "opm_descricao": "CPI-1 23.BPM/I 3.CIA PM 2.PEL PM 0", "opm_codigo": "601233200" }, "geometry": { "type": "Point", "coordinates": [ -45.2406134, -22.8518943 ] } },
{ "type": "Feature", "properties": { "id_comando": "CPI-1", "nome_comando": "1º Comando de Policiamento do Interior (CPI-1)", "nome_batalhao": "23º BPM/I", "tipo_batalhao": "Interior", "companhia": "3.CIA PM", "pelotao": "ADM", "cidade": "Aparecida", "endereco": "RUA BENEDITO SALLES VIEIRA, 800, JARDIM PARAIBA - Aparecida", "latitude": -22.8518943, "longitude": -45.2406134, "fonte_geocodificacao": "Google Geocoding API", "opm_nome": "ADMINISTRACAO", "opm_descricao": "CPI-1 23.BPM/I 3.CIA PM ADM 0", "opm_codigo": "601233500" }, "geometry": { "type": "Point", "coordinates": [ -45.2406134, -22.8518943 ] } },
{ "type": "Feature", "properties": { "id_comando": "CPI-1", "nome_comando": "1º Comando de Policiamento do Interior (CPI-1)", "nome_batalhao": "23º BPM/I", "tipo_batalhao": "Interior", "companhia": "3.CIA PM", "pelotao": "PEL PM", "cidade": "Potim", "endereco": "AVENIDA JUVENAL ANTUNES DE PROENÇA, 200, CENTRO - Potim", "latitude": -22.8336062, "longitude": -45.2592031, "fonte_geocodificacao": "Google Geocoding API", "opm_nome": "PELOTAO", "opm_descricao": "CPI-1 23.BPM/I 3.CIA PM PEL PM 0", "opm_codigo": "601233300" }, "geometry": { "type": "Point", "coordinates": [ -45.2592031, -22.8336062 ] } },
{ "type": "Feature", "properties": { "id_comando": "CPI-1", "nome_comando": "1º Comando de Policiamento do Interior (CPI-1)", "nome_batalhao": "23º BPM/I", "tipo_batalhao": "Interior", "companhia": "4.CIA PM", "pelotao": "0", "cidade": "Bananal", "endereco": "AVENIDA BOM JESUS, 435, CENTRO - Bananal", "latitude": -22.6795139, "longitude": -44.3176975, "fonte_geocodificacao": "Google Geocoding API", "opm_nome": "7. GRUPO", "opm_descricao": "CPI-1 23.BPM/I 4.CIA PM 0 7.GP/PM", "opm_codigo": "601234007" }, "geometry": { "type": "Point", "coordinates": [ -44.3176975, -22.6795139 ] } },
{ "type": "Feature", "properties": { "id_comando": "CPI-1", "nome_comando": "1º Comando de Policiamento do Interior (CPI-1)", "nome_batalhao": "23º BPM/I", "tipo_batalhao": "Interior", "companhia": "4.CIA PM", "pelotao": "1.PEL PM", "cidade": "Cruzeiro", "endereco": "RUA CAPITÃO NECO, 140, CENTRO - Cruzeiro", "latitude": -22.5755791, "longitude": -44.9586504, "fonte_geocodificacao": "Google Geocoding API", "opm_nome": "23.BPM/I 4.CIA PM 1.PEL PM", "opm_descricao": "CPI-1 23.BPM/I 4.CIA PM 1.PEL PM 0", "opm_codigo": "601234100" }, "geometry": { "type": "Point", "coordinates": [ -44.9586504, -22.5755791 ] } },
{ "type": "Feature", "properties": { "id_comando": "CPI-1", "nome_comando": "1º Comando de Policiamento do Interior (CPI-1)", "nome_batalhao": "23º BPM/I", "tipo_batalhao": "Interior", "companhia": "4.CIA PM", "pelotao": "2.PEL PM", "cidade": "Cruzeiro", "endereco": "RUA CAPITÃO NECO, 140, CENTRO - Cruzeiro", "latitude": -22.5755791, "longitude": -44.9586504, "fonte_geocodificacao": "Google Geocoding API", "opm_nome": "23.BPM/I 4.CIA PM 2.PEL PM", "opm_descricao": "CPI-1 23.BPM/I 4.CIA PM 2.PEL PM 0", "opm_codigo": "601234200" }, "geometry": { "type": "Point", "coordinates": [ -44.9586504, -22.5755791 ] } },
{ "type": "Feature", "properties": { "id_comando": "CPI-1", "nome_comando": "1º Comando de Policiamento do Interior (CPI-1)", "nome_batalhao": "23º BPM/I", "tipo_batalhao": "Interior", "companhia": "4.CIA PM", "pelotao": "3.PEL PM", "cidade": "Cruzeiro", "endereco": "RUA CAPITÃO NECO, 140, CENTRO - Cruzeiro", "latitude": -22.5755791, "longitude": -44.9586504, "fonte_geocodificacao": "Google Geocoding API", "opm_nome": "23.BPM/I 4.CIA PM 3.PEL PM", "opm_descricao": "CPI-1 23.BPM/I 4.CIA PM 3.PEL PM", "opm_codigo": "601234300" }, "geometry": { "type": "Point", "coordinates": [ -44.9586504, -22.5755791 ] } },
{ "type": "Feature", "properties": { "id_comando": "CPI-1", "nome_comando": "1º Comando de Policiamento do Interior (CPI-1)", "nome_batalhao": "23º BPM/I", "tipo_batalhao": "Interior", "companhia": "4.CIA PM", "pelotao": "ADM", "cidade": "Cruzeiro", "endereco": "RUA CAPITÃO NECO, 140, V RITA LUCRECIA PINTO - Cruzeiro", "latitude": -22.5755791, "longitude": -44.9586504, "fonte_geocodificacao": "Google Geocoding API", "opm_nome": "ADMINISTRACAO", "opm_descricao": "CPI-1 23.BPM/I 4.CIA PM ADM 0", "opm_codigo": "601234700" }, "geometry": { "type": "Point", "coordinates": [ -44.9586504, -22.5755791 ] } },
{ "type": "Feature", "properties": { "id_comando": "CPI-1", "nome_comando": "1º Comando de Policiamento do Interior (CPI-1)", "nome_batalhao": "23º BPM/I", "tipo_batalhao": "Interior", "companhia": "CIA F TAT", "pelotao": "1.PEL FT", "cidade": "Lorena", "endereco": "RUA CAPITÃO LEOVIGILDO ARECO, 1500, SÃO ROQUE - Lorena", "latitude": -22.7408275, "longitude": -45.1367219, "fonte_geocodificacao": "Google Geocoding API", "opm_nome": "1. PELOTAO DE FORCA TATICA", "opm_descricao": "CPI-1 23.BPM/I CIA F TAT 1.PEL FT 0", "opm_codigo": "601235100" }, "geometry": { "type": "Point", "coordinates": [ -45.1367219, -22.7408275 ] } },
{ "type": "Feature", "properties": { "id_comando": "CPI-1", "nome_comando": "1º Comando de Policiamento do Interior (CPI-1)", "nome_batalhao": "23º BPM/I", "tipo_batalhao": "Interior", "companhia": "CIA F TAT", "pelotao": "ADM", "cidade": "Lorena", "endereco": "AVENIDA CORONEL MÁRCIANO, 209, BAIRRO SANTO ANTONIO - Lorena", "latitude": -22.7402518, "longitude": -45.1272896, "fonte_geocodificacao": "Google Geocoding API", "opm_nome": "ADMINISTRACAO", "opm_descricao": "CPI-1 23.BPM/I CIA F TAT ADM 0", "opm_codigo": "601235400" }, "geometry": { "type": "Point", "coordinates": [ -45.1272896, -22.7402518 ] } },
{ "type": "Feature", "properties": { "id_comando": "CPI-1", "nome_comando": "1º Comando de Policiamento do Interior (CPI-1)", "nome_batalhao": "23º BPM/I", "tipo_batalhao": "Interior", "companhia": "EM", "pelotao": "AA", "cidade": "Lorena", "endereco": "RUA CAPITÃO LEOVIGILDO ARECO, 1500, SÃO ROQUE - Lorena", "latitude": -22.7408275, "longitude": -45.1367219, "fonte_geocodificacao": "Google Geocoding API", "opm_nome": "AGENCIA DE AREA", "opm_descricao": "CPI-1 23.BPM/I EM AA 0", "opm_codigo": "601238200" }, "geometry": { "type": "Point", "coordinates": [ -45.1367219, -22.7408275 ] } },
{ "type": "Feature", "properties": { "id_comando": "CPI-1", "nome_comando": "1º Comando de Policiamento do Interior (CPI-1)", "nome_batalhao": "23º BPM/I", "tipo_batalhao": "Interior", "companhia": "EM", "pelotao": "MOTOMEC", "cidade": "Lorena", "endereco": "RUA CAPITÃO LEOVIGILDO ARECO, 1500, SÃO ROQUE - Lorena", "latitude": -22.7408275, "longitude": -45.1367219, "fonte_geocodificacao": "Google Geocoding API", "opm_nome": "MOTOMECANIZACAO", "opm_descricao": "CPI-1 23.BPM/I EM MOTOMEC 0", "opm_codigo": "601238700" }, "geometry": { "type": "Point", "coordinates": [ -45.1367219, -22.7408275 ] } },
{ "type": "Feature", "properties": { "id_comando": "CPI-1", "nome_comando": "1º Comando de Policiamento do Interior (CPI-1)", "nome_batalhao": "23º BPM/I", "tipo_batalhao": "Interior", "companhia": "EM", "pelotao": "P/1 E P/5", "cidade": "Lorena", "endereco": "AVENIDA CORONEL MÁRCIANO, 209, BAIRRO SANTO ANTONIO - Lorena", "latitude": -22.7402518, "longitude": -45.1272896, "fonte_geocodificacao": "Google Geocoding API", "opm_nome": "GUARDA DO QUARTEL", "opm_descricao": "CPI-1 23.BPM/I EM P/1 E P/5 GD QUARTEL", "opm_codigo": "601238110" }, "geometry": { "type": "Point", "coordinates": [ -45.1272896, -22.7402518 ] } },
{ "type": "Feature", "properties": { "id_comando": "CPI-1", "nome_comando": "1º Comando de Policiamento do Interior (CPI-1)", "nome_batalhao": "23º BPM/I", "tipo_batalhao": "Interior", "companhia": "EM", "pelotao": "P/3", "cidade": "Lorena", "endereco": "AVENIDA CORONEL MÁRCIANO, 209, BAIRRO SANTO ANTONIO - Lorena", "latitude": -22.7402518, "longitude": -45.1272896, "fonte_geocodificacao": "Google Geocoding API", "opm_nome": "COMANDO FORCA PATRULHA", "opm_descricao": "CPI-1 23.BPM/I EM P/3 CFP", "opm_codigo": "601238310" }, "geometry": { "type": "Point", "coordinates": [ -45.1272896, -22.7402518 ] } },
{ "type": "Feature", "properties": { "id_comando": "CPI-1", "nome_comando": "1º Comando de Policiamento do Interior (CPI-1)", "nome_batalhao": "23º BPM/I", "tipo_batalhao": "Interior", "companhia": "EM", "pelotao": "P/4 MOTOMEC", "cidade": "Lorena", "endereco": "AVENIDA CORONEL MÁRCIANO, 209, BAIRRO SANTO ANTONIO - Lorena", "latitude": -22.7402518, "longitude": -45.1272896, "fonte_geocodificacao": "Google Geocoding API", "opm_nome": "P/4 E MOTOMECANIZACAO", "opm_descricao": "CPI-1 23.BPM/I EM P/4 MOTOMEC 0", "opm_codigo": "601238400" }, "geometry": { "type": "Point", "coordinates": [ -45.1272896, -22.7402518 ] } },
{ "type": "Feature", "properties": { "id_comando": "CPI-1", "nome_comando": "1º Comando de Policiamento do Interior (CPI-1)", "nome_batalhao": "23º BPM/I", "tipo_batalhao": "Interior", "companhia": "EM", "pelotao": "P/5", "cidade": "Lorena", "endereco": "RUA CAPITÃO LEOVIGILDO ARECO, 1500, SÃO ROQUE - Lorena", "latitude": -22.7408275, "longitude": -45.1367219, "fonte_geocodificacao": "Google Geocoding API", "opm_nome": "P/5", "opm_descricao": "CPI-1 23.BPM/I EM P/5 0", "opm_codigo": "601238500" }, "geometry": { "type": "Point", "coordinates": [ -45.1367219, -22.7408275 ] } },
{ "type": "Feature", "properties": { "id_comando": "CPI-1", "nome_comando": "1º Comando de Policiamento do Interior (CPI-1)", "nome_batalhao": "23º BPM/I", "tipo_batalhao": "Interior", "companhia": "EM", "pelotao": "SEC PJMD", "cidade": "Lorena", "endereco": "RUA CAPITÃO LEOVIGILDO ARECO, 1500, SÃO ROQUE - Lorena", "latitude": -22.7408275, "longitude": -45.1367219, "fonte_geocodificacao": "Google Geocoding API", "opm_nome": "SECAO POLICIA JUDICIARIA MILITAR E DISCIPLINA", "opm_descricao": "CPI-1 23.BPM/I EM SEC PJMD 0", "opm_codigo": "601238600" }, "geometry": { "type": "Point", "coordinates": [ -45.1367219, -22.7408275 ] } },
{ "type": "Feature", "properties": { "id_comando": "CPI-1", "nome_comando": "1º Comando de Policiamento do Interior (CPI-1)", "nome_batalhao": "23º BPM/I", "tipo_batalhao": "Interior", "companhia": "EM", "pelotao": "UIS", "cidade": "Lorena", "endereco": "AVENIDA CORONEL MÁRCIANO, 209, BAIRRO SANTO ANTONIO - Lorena", "latitude": -22.7402518, "longitude": -45.1272896, "fonte_geocodificacao": "Google Geocoding API", "opm_nome": "UNIDADE INTEGRADA DE SAUDE", "opm_descricao": "CPI-1 23.BPM/I EM UIS 0", "opm_codigo": "601238010" }, "geometry": { "type": "Point", "coordinates": [ -45.1272896, -22.7402518 ] } },
{ "type": "Feature", "properties": { "id_comando": "CPI-1", "nome_comando": "1º Comando de Policiamento do Interior (CPI-1)", "nome_batalhao": "23º BPM/I", "tipo_batalhao": "Interior", "companhia": "EM", "pelotao": "UIS MEDICA", "cidade": "Lorena", "endereco": "RUA CAPITÃO LEOVIGILDO ARECO, 1500, SÃO ROQUE - Lorena", "latitude": -22.7408275, "longitude": -45.1367219, "fonte_geocodificacao": "Google Geocoding API", "opm_nome": "23.BPM/I EM UIS MEDICA", "opm_descricao": "CPI-1 23.BPM/I EM UIS MEDICA 0", "opm_codigo": "601238800" }, "geometry": { "type": "Point", "coordinates": [ -45.1367219, -22.7408275 ] } },
{ "type": "Feature", "properties": { "id_comando": "CPI-1", "nome_comando": "1º Comando de Policiamento do Interior (CPI-1)", "nome_batalhao": "23º BPM/I", "tipo_batalhao": "Interior", "companhia": "EM", "pelotao": "UIS ODONTO", "cidade": "Lorena", "endereco": "RUA CAPITÃO LEOVIGILDO ARECO, 1500, SÃO ROQUE - Lorena", "latitude": -22.7408275, "longitude": -45.1367219, "fonte_geocodificacao": "Google Geocoding API", "opm_nome": "23.BPM/I EM UIS ODONTO", "opm_descricao": "CPI-1 23.BPM/I EM UIS ODONTO 0", "opm_codigo": "601238900" }, "geometry": { "type": "Point", "coordinates": [ -45.1367219, -22.7408275 ] } },
{ "type": "Feature", "properties": { "id_comando": "CPA/M-5", "nome_comando": "5º Comando de Policiamento de Área Metropolitana (CPA/M-5)", "nome_batalhao": "23º BPM/M", "tipo_batalhao": "Metropolitano", "companhia": "1.CIA PM", "pelotao": "TERRITORIAL", "cidade": "Sao Paulo", "endereco": "AVENIDA PROFESSOR FONSECA RODRIGUES, 1655, ALTO DE PINHEIROS - Sao Paulo", "latitude": -23.5448288, "longitude": -46.7222643, "fonte_geocodificacao": "Google Geocoding API", "opm_nome": "1.COMPANHIA DE POLICIA MILITAR", "opm_descricao": "CPA/M-5 23.BPM/M 1.CIA PM TERRITORIAL", "opm_codigo": "505231000" }, "geometry": { "type": "Point", "coordinates": [ -46.722264300000013, -23.5448288 ] } },
{ "type": "Feature", "properties": { "id_comando": "CPA/M-5", "nome_comando": "5º Comando de Policiamento de Área Metropolitana (CPA/M-5)", "nome_batalhao": "23º BPM/M", "tipo_batalhao": "Metropolitano", "companhia": "2.CIA PM", "pelotao": "TERRITORIAL", "cidade": "Sao Paulo", "endereco": "RUA JESUINO ARRUDA, 464, ITAIM BIBI - Sao Paulo", "latitude": -23.5819071, "longitude": -46.6747803, "fonte_geocodificacao": "Google Geocoding API", "opm_nome": "2.COMPANHIA DE POLICIA MILITAR", "opm_descricao": "CPA/M-5 23.BPM/M 2.CIA PM TERRITORIAL", "opm_codigo": "505232000" }, "geometry": { "type": "Point", "coordinates": [ -46.674780299999988, -23.5819071 ] } },
{ "type": "Feature", "properties": { "id_comando": "CPA/M-5", "nome_comando": "5º Comando de Policiamento de Área Metropolitana (CPA/M-5)", "nome_batalhao": "23º BPM/M", "tipo_batalhao": "Metropolitano", "companhia": "3.CIA PM", "pelotao": "TERRITORIAL", "cidade": "Sao Paulo", "endereco": "RUA BARROSO NETO, 60, BUTANTA - Sao Paulo", "latitude": -23.5715369, "longitude": -46.722788, "fonte_geocodificacao": "Google Geocoding API", "opm_nome": "3.COMPANHIA DE POLICIA MILITAR", "opm_descricao": "CPA/M-5 23.BPM/M 3.CIA PM TERRITORIAL", "opm_codigo": "505233000" }, "geometry": { "type": "Point", "coordinates": [ -46.722788, -23.5715369 ] } },
{ "type": "Feature", "properties": { "id_comando": "CPA/M-5", "nome_comando": "5º Comando de Policiamento de Área Metropolitana (CPA/M-5)", "nome_batalhao": "23º BPM/M", "tipo_batalhao": "Metropolitano", "companhia": "4.CIA PM", "pelotao": "TERRITORIAL", "cidade": "Sao Paulo", "endereco": "RUA CONO MATTEO, 17, JAGUARE - Sao Paulo", "latitude": -23.5384942, "longitude": -46.7568821, "fonte_geocodificacao": "Google Geocoding API", "opm_nome": "4.COMPANHIA DE POLICIA MILITAR", "opm_descricao": "CPA/M-5 23.BPM/M 4.CIA PM TERRITORIAL", "opm_codigo": "505234000" }, "geometry": { "type": "Point", "coordinates": [ -46.7568821, -23.5384942 ] } },
{ "type": "Feature", "properties": { "id_comando": "CPI-9", "nome_comando": "9º Comando de Policiamento do Interior (CPI-9)", "nome_batalhao": "24º BPM/I", "tipo_batalhao": "Interior", "companhia": "1.CIA PM", "pelotao": "ADMINISTRACAO", "cidade": "Sao Joao Da Boa Vista", "endereco": "AVENIDA SENADOR MARCOS FREIRE, 380, VILA BRASIL - Sao Joao Da Boa Vista", "latitude": -21.9772637, "longitude": -46.7772441, "fonte_geocodificacao": "Google Geocoding API", "opm_nome": "ADMINISTRACAO", "opm_descricao": "CPI-9 24.BPM/I 1.CIA PM ADMINISTRACAO", "opm_codigo": "609241700" }, "geometry": { "type": "Point", "coordinates": [ -46.7772441, -21.9772637 ] } },
{ "type": "Feature", "properties": { "id_comando": "CPI-9", "nome_comando": "9º Comando de Policiamento do Interior (CPI-9)", "nome_batalhao": "24º BPM/I", "tipo_batalhao": "Interior", "companhia": "1.CIA PM", "pelotao": "CGP", "cidade": "Sao Joao Da Boa Vista", "endereco": "Avenida Senador Marcos Freire  s/nº, 0  24º BPM/I 1ª Cia PM CGP, Jardim Aeroporto - Sao Joao Da Boa Vista", "latitude": -21.9781193, "longitude": -46.7809402, "fonte_geocodificacao": "Google Geocoding API", "opm_nome": "COMANDO GRUPO PATRULHA", "opm_descricao": "CPI-9 24.BPM/I 1.CIA PM CGP", "opm_codigo": "609241800" }, "geometry": { "type": "Point", "coordinates": [ -46.7809402, -21.9781193 ] } },
{ "type": "Feature", "properties": { "id_comando": "CPI-9", "nome_comando": "9º Comando de Policiamento do Interior (CPI-9)", "nome_batalhao": "24º BPM/I", "tipo_batalhao": "Interior", "companhia": "2.CIA PM", "pelotao": "2.PEL PM", "cidade": "Piracicaba", "endereco": "inexistente, 0  inexistente, centro - Piracicaba", "latitude": -22.7269732, "longitude": -47.6505632, "fonte_geocodificacao": "Google Geocoding API", "opm_nome": "24.BPM/I 2.CIA PM 2.PEL PM", "opm_descricao": "CPI-9 24.BPM/I 2.CIA PM 2.PEL PM", "opm_codigo": "609242200" }, "geometry": { "type": "Point", "coordinates": [ -47.6505632, -22.7269732 ] } },
{ "type": "Feature", "properties": { "id_comando": "CPI-9", "nome_comando": "9º Comando de Policiamento do Interior (CPI-9)", "nome_batalhao": "24º BPM/I", "tipo_batalhao": "Interior", "companhia": "2.CIA PM", "pelotao": "ADMINISTRACAO", "cidade": "Casa Branca", "endereco": "RUA RENATO PISTELI, 1200, ODEMIR BUZATTO - Casa Branca", "latitude": -21.7786695, "longitude": -47.0730799, "fonte_geocodificacao": "Google Geocoding API", "opm_nome": "ADMINISTRACAO", "opm_descricao": "CPI-9 24.BPM/I 2.CIA PM ADMINISTRACAO", "opm_codigo": "609242400" }, "geometry": { "type": "Point", "coordinates": [ -47.0730799, -21.7786695 ] } },
{ "type": "Feature", "properties": { "id_comando": "CPI-9", "nome_comando": "9º Comando de Policiamento do Interior (CPI-9)", "nome_batalhao": "24º BPM/I", "tipo_batalhao": "Interior", "companhia": "2.CIA PM", "pelotao": "CGP", "cidade": "Casa Branca", "endereco": "Avenida Renato Pistelli, 1200  24º BPM/I 2ª Cia PM CGP, Jardim Alvorada - Casa Branca", "latitude": -21.7786695, "longitude": -47.0730799, "fonte_geocodificacao": "Google Geocoding API", "opm_nome": "COMANDO GRUPO PATRULHA", "opm_descricao": "CPI-9 24.BPM/I 2.CIA PM CGP", "opm_codigo": "609242500" }, "geometry": { "type": "Point", "coordinates": [ -47.0730799, -21.7786695 ] } },
{ "type": "Feature", "properties": { "id_comando": "CPI-9", "nome_comando": "9º Comando de Policiamento do Interior (CPI-9)", "nome_batalhao": "24º BPM/I", "tipo_batalhao": "Interior", "companhia": "2.CIA PM", "pelotao": "PEL PM", "cidade": "Santa Cruz Das Palmeiras", "endereco": "RUA RUI BARBOSA, 176, CENTRO - Santa Cruz Das Palmeiras", "latitude": -21.8233315, "longitude": -47.2458795, "fonte_geocodificacao": "Google Geocoding API", "opm_nome": "PELOTAO POLICIAL MILITAR", "opm_descricao": "CPI-9 24.BPM/I 2.CIA PM PEL PM", "opm_codigo": "609242300" }, "geometry": { "type": "Point", "coordinates": [ -47.2458795, -21.8233315 ] } },
{ "type": "Feature", "properties": { "id_comando": "CPI-9", "nome_comando": "9º Comando de Policiamento do Interior (CPI-9)", "nome_batalhao": "24º BPM/I", "tipo_batalhao": "Interior", "companhia": "3.CIA PM", "pelotao": "3.PEL PM", "cidade": "Caconde", "endereco": "RUA CEL TITO LEONEL, 113, BELA VISTA - Caconde", "latitude": -21.5347763, "longitude": -46.6428273, "fonte_geocodificacao": "Google Geocoding API", "opm_nome": "24.BPM/I 3.CIA PM 3.PEL PM", "opm_descricao": "CPI-9 24.BPM/I 3.CIA PM 3.PEL PM", "opm_codigo": "609243300" }, "geometry": { "type": "Point", "coordinates": [ -46.6428273, -21.5347763 ] } },
{ "type": "Feature", "properties": { "id_comando": "CPI-9", "nome_comando": "9º Comando de Policiamento do Interior (CPI-9)", "nome_batalhao": "24º BPM/I", "tipo_batalhao": "Interior", "companhia": "3.CIA PM", "pelotao": "ADMINISTRACAO", "cidade": "Mococa", "endereco": "AVENIDA BRASIL, 1685, JARDIM LAVINIA - Mococa", "latitude": -21.4741068, "longitude": -47.0064041, "fonte_geocodificacao": "Google Geocoding API", "opm_nome": "ADMINISTRACAO", "opm_descricao": "CPI-9 24.BPM/I 3.CIA PM ADMINISTRACAO", "opm_codigo": "609243400" }, "geometry": { "type": "Point", "coordinates": [ -47.0064041, -21.4741068 ] } },
{ "type": "Feature", "properties": { "id_comando": "CPI-9", "nome_comando": "9º Comando de Policiamento do Interior (CPI-9)", "nome_batalhao": "24º BPM/I", "tipo_batalhao": "Interior", "companhia": "3.CIA PM", "pelotao": "CGP", "cidade": "Mococa", "endereco": "AVENIDA MONSENHOR DEMOSTHENES PARANÁ BRASIL PONTES, 1685  24º BPM/I 3ª Cia PM CGP, Jardim Lavínia - Mococa", "latitude": -21.4839367, "longitude": -47.0090175, "fonte_geocodificacao": "Google Geocoding API", "opm_nome": "COMANDO GRUPO PATRULHA", "opm_descricao": "CPI-9 24.BPM/I 3.CIA PM CGP", "opm_codigo": "609243500" }, "geometry": { "type": "Point", "coordinates": [ -47.0090175, -21.4839367 ] } },
{ "type": "Feature", "properties": { "id_comando": "CPI-9", "nome_comando": "9º Comando de Policiamento do Interior (CPI-9)", "nome_batalhao": "24º BPM/I", "tipo_batalhao": "Interior", "companhia": "3.CIA PM", "pelotao": "PEL PM", "cidade": "Sao Jose Do Rio Pardo", "endereco": "RUA RUI BARBOSA, 43, CENTRO - Sao Jose Do Rio Pardo", "latitude": -21.5959408, "longitude": -46.8918388, "fonte_geocodificacao": "Google Geocoding API", "opm_nome": "PELOTAO POLICIAL MILITAR", "opm_descricao": "CPI-9 24.BPM/I 3.CIA PM PEL PM", "opm_codigo": "609243200" }, "geometry": { "type": "Point", "coordinates": [ -46.8918388, -21.5959408 ] } },
{ "type": "Feature", "properties": { "id_comando": "CPI-9", "nome_comando": "9º Comando de Policiamento do Interior (CPI-9)", "nome_batalhao": "24º BPM/I", "tipo_batalhao": "Interior", "companhia": "4.CIA PM", "pelotao": "1.PEL PM", "cidade": "Aguai", "endereco": "RUA SETE DE SETEMBRO, 42, SAO JOSE - Aguai", "latitude": -22.0594681, "longitude": -46.9727702, "fonte_geocodificacao": "Google Geocoding API", "opm_nome": "1.PELOTAO POLICIAL MILITAR", "opm_descricao": "CPI-9 24.BPM/I 4.CIA PM 1.PEL PM", "opm_codigo": "609244100" }, "geometry": { "type": "Point", "coordinates": [ -46.9727702, -22.0594681 ] } },
{ "type": "Feature", "properties": { "id_comando": "CPI-9", "nome_comando": "9º Comando de Policiamento do Interior (CPI-9)", "nome_batalhao": "24º BPM/I", "tipo_batalhao": "Interior", "companhia": "4.CIA PM", "pelotao": "2.PEL PM", "cidade": "Vargem Grande Do Sul", "endereco": "RUA EURICO VILELA, 127, JARDIM PACAEMBU - Vargem Grande Do Sul", "latitude": -21.8299553, "longitude": -46.8879054, "fonte_geocodificacao": "Google Geocoding API", "opm_nome": "2.PELOTAO POLICIAL MILITAR", "opm_descricao": "CPI-9 24.BPM/I 4.CIA PM 2.PEL PM", "opm_codigo": "609244200" }, "geometry": { "type": "Point", "coordinates": [ -46.8879054, -21.8299553 ] } },
{ "type": "Feature", "properties": { "id_comando": "CPI-9", "nome_comando": "9º Comando de Policiamento do Interior (CPI-9)", "nome_batalhao": "24º BPM/I", "tipo_batalhao": "Interior", "companhia": "4.CIA PM", "pelotao": "3.PEL PM", "cidade": "Vargem Grande Do Sul", "endereco": "RUA EURICO VILELA, 127  UNIDADE INEXISTENTE, JARDIM PACAEMBU - Vargem Grande Do Sul", "latitude": -21.8299553, "longitude": -46.8879054, "fonte_geocodificacao": "Google Geocoding API", "opm_nome": "24.BPM/I 4.CIA PM 3.PEL PM", "opm_descricao": "CPI-9 24.BPM/I 4.CIA PM 3.PEL PM", "opm_codigo": "609244300" }, "geometry": { "type": "Point", "coordinates": [ -46.8879054, -21.8299553 ] } },
{ "type": "Feature", "properties": { "id_comando": "CPI-9", "nome_comando": "9º Comando de Policiamento do Interior (CPI-9)", "nome_batalhao": "24º BPM/I", "tipo_batalhao": "Interior", "companhia": "4.CIA PM", "pelotao": "ADMINISTRACAO", "cidade": "Espirito Santo Do Pinhal", "endereco": "Rua Vicente Gonçalves, 290, Centro - Espirito Santo Do Pinhal", "latitude": -22.194133, "longitude": -46.7487755, "fonte_geocodificacao": "Google Geocoding API", "opm_nome": "ADMINISTRACAO", "opm_descricao": "CPI-9 24.BPM/I 4.CIA PM ADMINISTRACAO", "opm_codigo": "609244400" }, "geometry": { "type": "Point", "coordinates": [ -46.7487755, -22.194133 ] } },
{ "type": "Feature", "properties": { "id_comando": "CPI-9", "nome_comando": "9º Comando de Policiamento do Interior (CPI-9)", "nome_batalhao": "24º BPM/I", "tipo_batalhao": "Interior", "companhia": "4.CIA PM", "pelotao": "CGP", "cidade": "Espirito Santo Do Pinhal", "endereco": "Praça João Plínio Fernandes, 290  24º BPM/I 4ª Cia PM CGP, Centro - Espirito Santo Do Pinhal", "latitude": -22.1935729, "longitude": -46.7489861, "fonte_geocodificacao": "Google Geocoding API", "opm_nome": "COMANDO GRUPO PATRULHA", "opm_descricao": "CPI-9 24.BPM/I 4.CIA PM CGP", "opm_codigo": "609244500" }, "geometry": { "type": "Point", "coordinates": [ -46.7489861, -22.1935729 ] } },
{ "type": "Feature", "properties": { "id_comando": "CPI-9", "nome_comando": "9º Comando de Policiamento do Interior (CPI-9)", "nome_batalhao": "24º BPM/I", "tipo_batalhao": "Interior", "companhia": "CIA FT", "pelotao": "1.PEL PM", "cidade": "Sao Joao Da Boa Vista", "endereco": "RUA ODILON DE PAULA GIÃO, 105  24.BPM/I CIA FT 1.PEL PM, JARDIM NOVA SÃO JOÃO - Sao Joao Da Boa Vista", "latitude": -21.9705427, "longitude": -46.7810127, "fonte_geocodificacao": "Google Geocoding API", "opm_nome": "1.PELOTAO DE POLICIA MILITAR", "opm_descricao": "CPI-9 24.BPM/I CIA FT 1.PEL PM", "opm_codigo": "609247100" }, "geometry": { "type": "Point", "coordinates": [ -46.781012700000012, -21.9705427 ] } },
{ "type": "Feature", "properties": { "id_comando": "CPI-9", "nome_comando": "9º Comando de Policiamento do Interior (CPI-9)", "nome_batalhao": "24º BPM/I", "tipo_batalhao": "Interior", "companhia": "EM", "pelotao": "DIV OP", "cidade": "Sao Joao Da Boa Vista", "endereco": "RUA ODILON DE PAULA GIÃO, 69, JARDIM NOVA SÃO JOÃO - Sao Joao Da Boa Vista", "latitude": -21.9705238, "longitude": -46.7807548, "fonte_geocodificacao": "Google Geocoding API", "opm_nome": "DIVISAO OPERACIONAL", "opm_descricao": "CPI-9 24.BPM/I EM DIV OP", "opm_codigo": "609248300" }, "geometry": { "type": "Point", "coordinates": [ -46.7807548, -21.9705238 ] } },
{ "type": "Feature", "properties": { "id_comando": "CPI-9", "nome_comando": "9º Comando de Policiamento do Interior (CPI-9)", "nome_batalhao": "24º BPM/I", "tipo_batalhao": "Interior", "companhia": "EM", "pelotao": "MOTOMEC", "cidade": "Sao Joao Da Boa Vista", "endereco": "RUA ODILON DE PAULA GIÃO, 69, JARDIM NOVA SÃO JOÃO - Sao Joao Da Boa Vista", "latitude": -21.9705238, "longitude": -46.7807548, "fonte_geocodificacao": "Google Geocoding API", "opm_nome": "24.BPM/I - MOTOMEC", "opm_descricao": "CPI-9 24.BPM/I EM MOTOMEC", "opm_codigo": "609248700" }, "geometry": { "type": "Point", "coordinates": [ -46.7807548, -21.9705238 ] } },
{ "type": "Feature", "properties": { "id_comando": "CPI-9", "nome_comando": "9º Comando de Policiamento do Interior (CPI-9)", "nome_batalhao": "24º BPM/I", "tipo_batalhao": "Interior", "companhia": "EM", "pelotao": "P/1 E P/5", "cidade": "Sao Joao Da Boa Vista", "endereco": "RUA ODILON DE PAULA GIÃO, 69, JD NOVA  SÃO JOÃO - Sao Joao Da Boa Vista", "latitude": -21.9705238, "longitude": -46.7807548, "fonte_geocodificacao": "Google Geocoding API", "opm_nome": "P/1 E P/5", "opm_descricao": "CPI-9 24.BPM/I EM P/1 E P/5", "opm_codigo": "609248100" }, "geometry": { "type": "Point", "coordinates": [ -46.7807548, -21.9705238 ] } },
{ "type": "Feature", "properties": { "id_comando": "CPI-9", "nome_comando": "9º Comando de Policiamento do Interior (CPI-9)", "nome_batalhao": "24º BPM/I", "tipo_batalhao": "Interior", "companhia": "EM", "pelotao": "P/2", "cidade": "Sao Joao Da Boa Vista", "endereco": "RUA ODILON DE PAULA GIÃO, 69, JARDIM NOVA SÃO JOÃO - Sao Joao Da Boa Vista", "latitude": -21.9705238, "longitude": -46.7807548, "fonte_geocodificacao": "Google Geocoding API", "opm_nome": "P/2", "opm_descricao": "CPI-9 24.BPM/I EM P/2", "opm_codigo": "609248200" }, "geometry": { "type": "Point", "coordinates": [ -46.7807548, -21.9705238 ] } },
{ "type": "Feature", "properties": { "id_comando": "CPI-9", "nome_comando": "9º Comando de Policiamento do Interior (CPI-9)", "nome_batalhao": "24º BPM/I", "tipo_batalhao": "Interior", "companhia": "EM", "pelotao": "P/3", "cidade": "Sao Joao Da Boa Vista", "endereco": "RUA ODILON DE PAULA GIÃO, 69, JARDIM PRISCILLA - Sao Joao Da Boa Vista", "latitude": -21.9705238, "longitude": -46.7807548, "fonte_geocodificacao": "Google Geocoding API", "opm_nome": "EQUIPE DE TELECOMUNICACOES", "opm_descricao": "CPI-9 24.BPM/I EM P/3 EQ TELECOM", "opm_codigo": "609248320" }, "geometry": { "type": "Point", "coordinates": [ -46.7807548, -21.9705238 ] } },
{ "type": "Feature", "properties": { "id_comando": "CPI-9", "nome_comando": "9º Comando de Policiamento do Interior (CPI-9)", "nome_batalhao": "24º BPM/I", "tipo_batalhao": "Interior", "companhia": "EM", "pelotao": "P/4 E MOTOMEC", "cidade": "Sao Joao Da Boa Vista", "endereco": "RUA ODILON DE PAULA GIÃO, 69, JARDIM NOVA SÃO JOÃO - Sao Joao Da Boa Vista", "latitude": -21.9705238, "longitude": -46.7807548, "fonte_geocodificacao": "Google Geocoding API", "opm_nome": "P/4 E MOTOMECANIZACAO", "opm_descricao": "CPI-9 24.BPM/I EM P/4 E MOTOMEC", "opm_codigo": "609248400" }, "geometry": { "type": "Point", "coordinates": [ -46.7807548, -21.9705238 ] } },
{ "type": "Feature", "properties": { "id_comando": "CPI-9", "nome_comando": "9º Comando de Policiamento do Interior (CPI-9)", "nome_batalhao": "24º BPM/I", "tipo_batalhao": "Interior", "companhia": "EM", "pelotao": "P/5", "cidade": "Sao Joao Da Boa Vista", "endereco": "RUA ODILON DE PAULA GIÃO, 69, JARDIM  NOVA SÃO JOÃO - Sao Joao Da Boa Vista", "latitude": -21.9705238, "longitude": -46.7807548, "fonte_geocodificacao": "Google Geocoding API", "opm_nome": "24.BPM/I - P/5", "opm_descricao": "CPI-9 24.BPM/I EM P/5 0", "opm_codigo": "609248500" }, "geometry": { "type": "Point", "coordinates": [ -46.7807548, -21.9705238 ] } },
{ "type": "Feature", "properties": { "id_comando": "CPI-9", "nome_comando": "9º Comando de Policiamento do Interior (CPI-9)", "nome_batalhao": "24º BPM/I", "tipo_batalhao": "Interior", "companhia": "EM", "pelotao": "SEC PJMD", "cidade": "Sao Joao Da Boa Vista", "endereco": "RUA ODILON DE PAULA GIÃO, 69, JARDIM NOVA SÃO JOÃO - Sao Joao Da Boa Vista", "latitude": -21.9705238, "longitude": -46.7807548, "fonte_geocodificacao": "Google Geocoding API", "opm_nome": "SECAO POLICIA JUDICIARIA MILITAR E DISCIPLINAR", "opm_descricao": "CPI-9 24.BPM/I EM SEC PJMD", "opm_codigo": "609248600" }, "geometry": { "type": "Point", "coordinates": [ -46.7807548, -21.9705238 ] } },
{ "type": "Feature", "properties": { "id_comando": "CPI-9", "nome_comando": "9º Comando de Policiamento do Interior (CPI-9)", "nome_batalhao": "24º BPM/I", "tipo_batalhao": "Interior", "companhia": "EM", "pelotao": "UIS", "cidade": "Sao Joao Da Boa Vista", "endereco": "RUA ODILON DE PAULA GIÃO, 69, JARDIM PRISCILLA - Sao Joao Da Boa Vista", "latitude": -21.9705238, "longitude": -46.7807548, "fonte_geocodificacao": "Google Geocoding API", "opm_nome": "UNIDADE INTEGRADA DE SAUDE", "opm_descricao": "CPI-9 24.BPM/I EM UIS", "opm_codigo": "609248010" }, "geometry": { "type": "Point", "coordinates": [ -46.7807548, -21.9705238 ] } },
{ "type": "Feature", "properties": { "id_comando": "CPA/M-6", "nome_comando": "6º Comando de Policiamento de Área Metropolitana (CPA/M-6)", "nome_batalhao": "24º BPM/M", "tipo_batalhao": "Metropolitano", "companhia": "1.CIA PM", "pelotao": "TERRITORIAL", "cidade": "Diadema", "endereco": "RETORNO AVENIDA PARANAPANEMA, 1500, TABOÃO - Diadema", "latitude": -23.6714246, "longitude": -46.6116514, "fonte_geocodificacao": "Google Geocoding API", "opm_nome": "1.COMPANHIA DE POLICIA MILITAR", "opm_descricao": "CPA/M-6 24.BPM/M 1.CIA PM TERRITORIAL", "opm_codigo": "406241000" }, "geometry": { "type": "Point", "coordinates": [ -46.6116514, -23.6714246 ] } },
{ "type": "Feature", "properties": { "id_comando": "CPA/M-6", "nome_comando": "6º Comando de Policiamento de Área Metropolitana (CPA/M-6)", "nome_batalhao": "24º BPM/M", "tipo_batalhao": "Metropolitano", "companhia": "2.CIA PM", "pelotao": "TERRITORIAL", "cidade": "Diadema", "endereco": "RUA BARÃO DE IGUAPE, 64, VILA SÃO JOSÉ - Diadema", "latitude": -23.6777685, "longitude": -46.583829, "fonte_geocodificacao": "Google Geocoding API", "opm_nome": "2.COMPANHIA DE POLICIA MILITAR", "opm_descricao": "CPA/M-6 24.BPM/M 2.CIA PM TERRITORIAL", "opm_codigo": "406242000" }, "geometry": { "type": "Point", "coordinates": [ -46.583829, -23.6777685 ] } },
{ "type": "Feature", "properties": { "id_comando": "CPA/M-6", "nome_comando": "6º Comando de Policiamento de Área Metropolitana (CPA/M-6)", "nome_batalhao": "24º BPM/M", "tipo_batalhao": "Metropolitano", "companhia": "3.CIA PM", "pelotao": "TERRITORIAL", "cidade": "Diadema", "endereco": "RUA MANOEL MOTA, 340, ELDORADO - Diadema", "latitude": -23.7193627, "longitude": -46.6271907, "fonte_geocodificacao": "Google Geocoding API", "opm_nome": "3.COMPANHIA DE POLICIA MILITAR", "opm_descricao": "CPA/M-6 24.BPM/M 3.CIA PM TERRITORIAL", "opm_codigo": "406243000" }, "geometry": { "type": "Point", "coordinates": [ -46.6271907, -23.7193627 ] } },
{ "type": "Feature", "properties": { "id_comando": "CPI-8", "nome_comando": "8º Comando de Policiamento do Interior (CPI-8)", "nome_batalhao": "25º BPM/I", "tipo_batalhao": "Interior", "companhia": "", "pelotao": "PEL F TAT", "cidade": "Dracena", "endereco": "AVENIDA ALCIDES CHACON COUTO, 502, METRÓPOLE - Dracena", "latitude": -21.485574, "longitude": -51.527131, "fonte_geocodificacao": "Google Geocoding API", "opm_nome": "25.BPM/I  PEL F TAT", "opm_descricao": "CPI-8 25.BPM/I PEL F TAT", "opm_codigo": "608250100" }, "geometry": { "type": "Point", "coordinates": [ -51.527131, -21.485574 ] } },
{ "type": "Feature", "properties": { "id_comando": "CPI-8", "nome_comando": "8º Comando de Policiamento do Interior (CPI-8)", "nome_batalhao": "25º BPM/I", "tipo_batalhao": "Interior", "companhia": "1.CIA PM", "pelotao": "0", "cidade": "Ouro Verde", "endereco": "RUA BRASIL, 73, CENTRO - Ouro Verde", "latitude": -21.4887441, "longitude": -51.7025332, "fonte_geocodificacao": "Google Geocoding API", "opm_nome": "GRUPO POLICIAL MILITAR", "opm_descricao": "CPI-8 25.BPM/I 1.CIA PM 0 GP/PM", "opm_codigo": "608251001" }, "geometry": { "type": "Point", "coordinates": [ -51.7025332, -21.4887441 ] } },
{ "type": "Feature", "properties": { "id_comando": "CPI-8", "nome_comando": "8º Comando de Policiamento do Interior (CPI-8)", "nome_batalhao": "25º BPM/I", "tipo_batalhao": "Interior", "companhia": "1.CIA PM", "pelotao": "1.PEL PM", "cidade": "Junqueiropolis", "endereco": "RUA PIAUI, 751, VILA INDUSTRIAL - Junqueiropolis", "latitude": -21.4966537, "longitude": -51.4320068, "fonte_geocodificacao": "Google Geocoding API", "opm_nome": "25.BPM/I 1.CIA PM 1.PEL PM", "opm_descricao": "CPI-8 25.BPM/I 1.CIA PM 1.PEL PM", "opm_codigo": "608251100" }, "geometry": { "type": "Point", "coordinates": [ -51.4320068, -21.4966537 ] } },
{ "type": "Feature", "properties": { "id_comando": "CPI-8", "nome_comando": "8º Comando de Policiamento do Interior (CPI-8)", "nome_batalhao": "25º BPM/I", "tipo_batalhao": "Interior", "companhia": "1.CIA PM", "pelotao": "2.PEL PM", "cidade": "Dracena", "endereco": "RUA MONTE CASTELO, 886, CENTRO - Dracena", "latitude": -21.4909662, "longitude": -51.5339166, "fonte_geocodificacao": "Google Geocoding API", "opm_nome": "25.BPM/I 1.CIA PM 2.PEL PM", "opm_descricao": "CPI-8 25.BPM/I 1.CIA PM 2.PEL PM", "opm_codigo": "608251200" }, "geometry": { "type": "Point", "coordinates": [ -51.5339166, -21.4909662 ] } },
{ "type": "Feature", "properties": { "id_comando": "CPI-8", "nome_comando": "8º Comando de Policiamento do Interior (CPI-8)", "nome_batalhao": "25º BPM/I", "tipo_batalhao": "Interior", "companhia": "1.CIA PM", "pelotao": "ADM", "cidade": "Dracena", "endereco": "RUA MONTE CASTELO, 886, centro - Dracena", "latitude": -21.4909662, "longitude": -51.5339166, "fonte_geocodificacao": "Google Geocoding API", "opm_nome": "ADMINISTRACAO", "opm_descricao": "CPI-8 25.BPM/I 1.CIA PM ADM 0", "opm_codigo": "608251500" }, "geometry": { "type": "Point", "coordinates": [ -51.5339166, -21.4909662 ] } },
{ "type": "Feature", "properties": { "id_comando": "CPI-8", "nome_comando": "8º Comando de Policiamento do Interior (CPI-8)", "nome_batalhao": "25º BPM/I", "tipo_batalhao": "Interior", "companhia": "1.CIA PM", "pelotao": "CGP", "cidade": "Dracena", "endereco": "RUA MONTE CASTELO, 886, CENTRO - Dracena", "latitude": -21.4909662, "longitude": -51.5339166, "fonte_geocodificacao": "Google Geocoding API", "opm_nome": "COMANDO DE GRUPO PATRULHA", "opm_descricao": "CPI-8 25.BPM/I 1.CIA PM CGP", "opm_codigo": "608251600" }, "geometry": { "type": "Point", "coordinates": [ -51.5339166, -21.4909662 ] } },
{ "type": "Feature", "properties": { "id_comando": "CPI-8", "nome_comando": "8º Comando de Policiamento do Interior (CPI-8)", "nome_batalhao": "25º BPM/I", "tipo_batalhao": "Interior", "companhia": "1.CIA PM", "pelotao": "PEL PM", "cidade": "Junqueiropolis", "endereco": "RUA PIAUÍ, 751, VILA INDUSTRIAL - Junqueiropolis", "latitude": -21.4966537, "longitude": -51.4320068, "fonte_geocodificacao": "Google Geocoding API", "opm_nome": "PELOTAO  POLICIAL MILITAR", "opm_descricao": "CPI-8 25.BPM/I 1.CIA PM PEL PM 0", "opm_codigo": "608251300" }, "geometry": { "type": "Point", "coordinates": [ -51.4320068, -21.4966537 ] } },
{ "type": "Feature", "properties": { "id_comando": "CPI-8", "nome_comando": "8º Comando de Policiamento do Interior (CPI-8)", "nome_batalhao": "25º BPM/I", "tipo_batalhao": "Interior", "companhia": "2.CIA PM", "pelotao": "2.PEL PM", "cidade": "Pacaembu", "endereco": "RUA RUI BARBOSA, 530, CENTRO - Pacaembu", "latitude": -21.5697529, "longitude": -51.2640221, "fonte_geocodificacao": "Google Geocoding API", "opm_nome": "25.BPM/I 2.CIA PM 2.PEL PM", "opm_descricao": "CPI-8 25.BPM/I 2.CIA PM 2.PEL PM 0", "opm_codigo": "608252200" }, "geometry": { "type": "Point", "coordinates": [ -51.2640221, -21.5697529 ] } },
{ "type": "Feature", "properties": { "id_comando": "CPI-8", "nome_comando": "8º Comando de Policiamento do Interior (CPI-8)", "nome_batalhao": "25º BPM/I", "tipo_batalhao": "Interior", "companhia": "2.CIA PM", "pelotao": "3.PEL PM", "cidade": "Lucelia", "endereco": "AVENIDA ANTONIO CHAVARELLI, 1011, LARGO PARAGUAÇU - Lucelia", "latitude": -21.7309207, "longitude": -51.0128718, "fonte_geocodificacao": "Google Geocoding API", "opm_nome": "25.BPM/I 2.CIA PM 3.PEL PM", "opm_descricao": "CPI-8 25.BPM/I 2.CIA PM 3.PEL PM", "opm_codigo": "608252300" }, "geometry": { "type": "Point", "coordinates": [ -51.0128718, -21.7309207 ] } },
{ "type": "Feature", "properties": { "id_comando": "CPI-8", "nome_comando": "8º Comando de Policiamento do Interior (CPI-8)", "nome_batalhao": "25º BPM/I", "tipo_batalhao": "Interior", "companhia": "2.CIA PM", "pelotao": "4.PEL PM", "cidade": "Pracinha", "endereco": "ALAMEDA OSVALDO CRUZ, 391  ATUAL 5º GP, CENTRO - Pracinha", "latitude": -21.8523875, "longitude": -51.0854706, "fonte_geocodificacao": "Google Geocoding API", "opm_nome": "25.BPM/I 2.CIA PM 4.PEL PM", "opm_descricao": "CPI-8 25.BPM/I 2.CIA PM 4.PEL PM", "opm_codigo": "608252400" }, "geometry": { "type": "Point", "coordinates": [ -51.0854706, -21.8523875 ] } },
{ "type": "Feature", "properties": { "id_comando": "CPI-8", "nome_comando": "8º Comando de Policiamento do Interior (CPI-8)", "nome_batalhao": "25º BPM/I", "tipo_batalhao": "Interior", "companhia": "2.CIA PM", "pelotao": "ADM", "cidade": "Adamantina", "endereco": "RUA JOSEFINA DALL'ANTONIA TIVERON, 200, CENTRO - Adamantina", "latitude": -21.688654, "longitude": -51.0692428, "fonte_geocodificacao": "Google Geocoding API", "opm_nome": "ADMINISTRACAO", "opm_descricao": "CPI-8 25.BPM/I 2.CIA PM ADM 0", "opm_codigo": "608252500" }, "geometry": { "type": "Point", "coordinates": [ -51.0692428, -21.688654 ] } },
{ "type": "Feature", "properties": { "id_comando": "CPI-8", "nome_comando": "8º Comando de Policiamento do Interior (CPI-8)", "nome_batalhao": "25º BPM/I", "tipo_batalhao": "Interior", "companhia": "2.CIA PM", "pelotao": "CGP", "cidade": "Adamantina", "endereco": "RUA JOSEFINA DALL'ANTONIA TIVERON, 200, CENTRO - Adamantina", "latitude": -21.688654, "longitude": -51.0692428, "fonte_geocodificacao": "Google Geocoding API", "opm_nome": "COMANDO DE GRUPO PATRULHA", "opm_descricao": "CPI-8 25.BPM/I 2.CIA PM CGP", "opm_codigo": "608252600" }, "geometry": { "type": "Point", "coordinates": [ -51.0692428, -21.688654 ] } },
{ "type": "Feature", "properties": { "id_comando": "CPI-8", "nome_comando": "8º Comando de Policiamento do Interior (CPI-8)", "nome_batalhao": "25º BPM/I", "tipo_batalhao": "Interior", "companhia": "2.CIA PM", "pelotao": "PEL PM", "cidade": "Pacaembu", "endereco": "RUA AMADOR RODRIGUES, 903, VILA PERES - Pacaembu", "latitude": -21.5594847, "longitude": -51.2632884, "fonte_geocodificacao": "Google Geocoding API", "opm_nome": "PELOTAO POLICIAL MILITAR", "opm_descricao": "CPI-8 25.BPM/I 2.CIA PM PEL PM 0", "opm_codigo": "608252100" }, "geometry": { "type": "Point", "coordinates": [ -51.2632884, -21.5594847 ] } },
{ "type": "Feature", "properties": { "id_comando": "CPI-8", "nome_comando": "8º Comando de Policiamento do Interior (CPI-8)", "nome_batalhao": "25º BPM/I", "tipo_batalhao": "Interior", "companhia": "3.CIA PM", "pelotao": "0", "cidade": "Pracinha", "endereco": "ALAMEDA OSVALDO CRUZ, 391, CENTRO - Pracinha", "latitude": -21.8523875, "longitude": -51.0854706, "fonte_geocodificacao": "Google Geocoding API", "opm_nome": "4. GRUPO POLICIAL MILITAR", "opm_descricao": "CPI-8 25.BPM/I 3.CIA PM 0 4.GP/PM", "opm_codigo": "608253004" }, "geometry": { "type": "Point", "coordinates": [ -51.0854706, -21.8523875 ] } },
{ "type": "Feature", "properties": { "id_comando": "CPI-8", "nome_comando": "8º Comando de Policiamento do Interior (CPI-8)", "nome_batalhao": "25º BPM/I", "tipo_batalhao": "Interior", "companhia": "3.CIA PM", "pelotao": "1.PEL PM", "cidade": "Osvaldo Cruz", "endereco": "RUA RODOLFO ZAROS, 881, CENTRO - Osvaldo Cruz", "latitude": -21.7922717, "longitude": -50.8750835, "fonte_geocodificacao": "Google Geocoding API", "opm_nome": "25.BPM/I 3.CIA PM 1.PEL PM", "opm_descricao": "CPI-8 25.BPM/I 3.CIA PM 1.PEL PM", "opm_codigo": "608253100" }, "geometry": { "type": "Point", "coordinates": [ -50.8750835, -21.7922717 ] } },
{ "type": "Feature", "properties": { "id_comando": "CPI-8", "nome_comando": "8º Comando de Policiamento do Interior (CPI-8)", "nome_batalhao": "25º BPM/I", "tipo_batalhao": "Interior", "companhia": "3.CIA PM", "pelotao": "2.PEL PM", "cidade": "Osvaldo Cruz", "endereco": "RUA RODOLFO ZAROS, 881, CENTRO - Osvaldo Cruz", "latitude": -21.7922717, "longitude": -50.8750835, "fonte_geocodificacao": "Google Geocoding API", "opm_nome": "25.BPM/I 3.CIA PM 2.PEL PM", "opm_descricao": "CPI-8 25.BPM/I 3.CIA PM 2.PEL PM", "opm_codigo": "608253200" }, "geometry": { "type": "Point", "coordinates": [ -50.8750835, -21.7922717 ] } },
{ "type": "Feature", "properties": { "id_comando": "CPI-8", "nome_comando": "8º Comando de Policiamento do Interior (CPI-8)", "nome_batalhao": "25º BPM/I", "tipo_batalhao": "Interior", "companhia": "3.CIA PM", "pelotao": "ADM", "cidade": "Osvaldo Cruz", "endereco": "RUA RODOLFO ZAROS, 881, CENTRO - Osvaldo Cruz", "latitude": -21.7922717, "longitude": -50.8750835, "fonte_geocodificacao": "Google Geocoding API", "opm_nome": "ADMINISTRACAO", "opm_descricao": "CPI-8 25.BPM/I 3.CIA PM ADM 0", "opm_codigo": "608253400" }, "geometry": { "type": "Point", "coordinates": [ -50.8750835, -21.7922717 ] } },
{ "type": "Feature", "properties": { "id_comando": "CPI-8", "nome_comando": "8º Comando de Policiamento do Interior (CPI-8)", "nome_batalhao": "25º BPM/I", "tipo_batalhao": "Interior", "companhia": "3.CIA PM", "pelotao": "CGP", "cidade": "Osvaldo Cruz", "endereco": "RUA RODOLFO ZAROS, 881, CENTRO - Osvaldo Cruz", "latitude": -21.7922717, "longitude": -50.8750835, "fonte_geocodificacao": "Google Geocoding API", "opm_nome": "COMANDO DE GRUPO PATRULHA", "opm_descricao": "CPI-8 25.BPM/I 3.CIA PM CGP", "opm_codigo": "608253500" }, "geometry": { "type": "Point", "coordinates": [ -50.8750835, -21.7922717 ] } },
{ "type": "Feature", "properties": { "id_comando": "CPI-8", "nome_comando": "8º Comando de Policiamento do Interior (CPI-8)", "nome_batalhao": "25º BPM/I", "tipo_batalhao": "Interior", "companhia": "3.CIA PM", "pelotao": "PEL PM", "cidade": "Lucelia", "endereco": "AVENIDA ANTONIO CHAVARELI, 1011, Centro - Lucelia", "latitude": -21.7309207, "longitude": -51.0128718, "fonte_geocodificacao": "Google Geocoding API", "opm_nome": "PELOTAO POLICIAL MILITAR", "opm_descricao": "CPI-8 25.BPM/I 3.CIA PM PEL PM 0", "opm_codigo": "608253300" }, "geometry": { "type": "Point", "coordinates": [ -51.0128718, -21.7309207 ] } },
{ "type": "Feature", "properties": { "id_comando": "CPI-8", "nome_comando": "8º Comando de Policiamento do Interior (CPI-8)", "nome_batalhao": "25º BPM/I", "tipo_batalhao": "Interior", "companhia": "4.CIA PM", "pelotao": "1.PEL PM", "cidade": "Tupi Paulista", "endereco": "AVENIDA NOVE DE JULHO, 233, CENTRO - Tupi Paulista", "latitude": -21.3813452, "longitude": -51.56486, "fonte_geocodificacao": "Google Geocoding API", "opm_nome": "25.BPM/I 4.CIA PM 1.PEL PM", "opm_descricao": "CPI-8 25.BPM/I 4.CIA PM 1.PEL PM", "opm_codigo": "608254100" }, "geometry": { "type": "Point", "coordinates": [ -51.56486, -21.3813452 ] } },
{ "type": "Feature", "properties": { "id_comando": "CPI-8", "nome_comando": "8º Comando de Policiamento do Interior (CPI-8)", "nome_batalhao": "25º BPM/I", "tipo_batalhao": "Interior", "companhia": "4.CIA PM", "pelotao": "ADM", "cidade": "Tupi Paulista", "endereco": "AVENIDA NOVE DE JULHO, 233, CENTRO - Tupi Paulista", "latitude": -21.3813452, "longitude": -51.56486, "fonte_geocodificacao": "Google Geocoding API", "opm_nome": "ADMINISTRACAO", "opm_descricao": "CPI-8 25.BPM/I 4.CIA PM ADM 0", "opm_codigo": "608254300" }, "geometry": { "type": "Point", "coordinates": [ -51.56486, -21.3813452 ] } },
{ "type": "Feature", "properties": { "id_comando": "CPI-8", "nome_comando": "8º Comando de Policiamento do Interior (CPI-8)", "nome_batalhao": "25º BPM/I", "tipo_batalhao": "Interior", "companhia": "4.CIA PM", "pelotao": "CGP", "cidade": "Tupi Paulista", "endereco": "AVENIDA NOVE DE JULHO, 233, CENTRO - Tupi Paulista", "latitude": -21.3813452, "longitude": -51.56486, "fonte_geocodificacao": "Google Geocoding API", "opm_nome": "COMANDO DE GRUPO PATRULHA", "opm_descricao": "CPI-8 25.BPM/I 4.CIA PM CGP", "opm_codigo": "608254400" }, "geometry": { "type": "Point", "coordinates": [ -51.56486, -21.3813452 ] } },
{ "type": "Feature", "properties": { "id_comando": "CPI-8", "nome_comando": "8º Comando de Policiamento do Interior (CPI-8)", "nome_batalhao": "25º BPM/I", "tipo_batalhao": "Interior", "companhia": "4.CIA PM", "pelotao": "PEL PM", "cidade": "Panorama", "endereco": "RUA DOUTOR MILTON NORONHA GUSTAVO, 985, CENTRO - Panorama", "latitude": -21.3644283, "longitude": -51.8594208, "fonte_geocodificacao": "Google Geocoding API", "opm_nome": "PELOTAO POLICIAL MILITAR", "opm_descricao": "CPI-8 25.BPM/I 4.CIA PM PEL PM 0", "opm_codigo": "608254200" }, "geometry": { "type": "Point", "coordinates": [ -51.8594208, -21.3644283 ] } },
{ "type": "Feature", "properties": { "id_comando": "CPI-8", "nome_comando": "8º Comando de Policiamento do Interior (CPI-8)", "nome_batalhao": "25º BPM/I", "tipo_batalhao": "Interior", "companhia": "CIA FT", "pelotao": "0", "cidade": "Dracena", "endereco": "AVENIDA ALCIDES CHACON COUTO, 502, METROPOLE - Dracena", "latitude": -21.485574, "longitude": -51.527131, "fonte_geocodificacao": "Google Geocoding API", "opm_nome": "COMPANHIA DE FORCA TATICA", "opm_descricao": "CPI-8 25.BPM/I CIA FT 0 0", "opm_codigo": "608256000" }, "geometry": { "type": "Point", "coordinates": [ -51.527131, -21.485574 ] } },
{ "type": "Feature", "properties": { "id_comando": "CPI-8", "nome_comando": "8º Comando de Policiamento do Interior (CPI-8)", "nome_batalhao": "25º BPM/I", "tipo_batalhao": "Interior", "companhia": "CIA FT", "pelotao": "1.PEL FT", "cidade": "Dracena", "endereco": "AVENIDA ALCIDES CHACON COUTO, 502, METROPOLE - Dracena", "latitude": -21.485574, "longitude": -51.527131, "fonte_geocodificacao": "Google Geocoding API", "opm_nome": "1. PELOTAO FORCA TATICA", "opm_descricao": "CPI-8 25.BPM/I CIA FT 1.PEL FT 0", "opm_codigo": "608256200" }, "geometry": { "type": "Point", "coordinates": [ -51.527131, -21.485574 ] } },
{ "type": "Feature", "properties": { "id_comando": "CPI-8", "nome_comando": "8º Comando de Policiamento do Interior (CPI-8)", "nome_batalhao": "25º BPM/I", "tipo_batalhao": "Interior", "companhia": "CIA FT", "pelotao": "ADM", "cidade": "Dracena", "endereco": "AVENIDA ALCIDES CHACON COUTO, 502, METROPOLE - Dracena", "latitude": -21.485574, "longitude": -51.527131, "fonte_geocodificacao": "Google Geocoding API", "opm_nome": "ADMINISTRACAO", "opm_descricao": "CPI-8 25.BPM/I CIA FT ADM 0", "opm_codigo": "608256100" }, "geometry": { "type": "Point", "coordinates": [ -51.527131, -21.485574 ] } },
{ "type": "Feature", "properties": { "id_comando": "CPI-8", "nome_comando": "8º Comando de Policiamento do Interior (CPI-8)", "nome_batalhao": "25º BPM/I", "tipo_batalhao": "Interior", "companhia": "COORD OP", "pelotao": "0", "cidade": "Dracena", "endereco": "AVENIDA ALCIDES CHACON COUTO, 502, METROPOLE - Dracena", "latitude": -21.485574, "longitude": -51.527131, "fonte_geocodificacao": "Google Geocoding API", "opm_nome": "COORDENADORIA OPERACIONAL", "opm_descricao": "CPI-8 25.BPM/I COORD OP 0 0", "opm_codigo": "608255000" }, "geometry": { "type": "Point", "coordinates": [ -51.527131, -21.485574 ] } },
{ "type": "Feature", "properties": { "id_comando": "CPI-8", "nome_comando": "8º Comando de Policiamento do Interior (CPI-8)", "nome_batalhao": "25º BPM/I", "tipo_batalhao": "Interior", "companhia": "EM", "pelotao": "AA", "cidade": "Dracena", "endereco": "AVENIDA ALCIDES CHACON COUTO, 502, METRÓPOLE - Dracena", "latitude": -21.485574, "longitude": -51.527131, "fonte_geocodificacao": "Google Geocoding API", "opm_nome": "AGENCIA DE AREA", "opm_descricao": "CPI-8 25.BPM/I EM AA 0", "opm_codigo": "608258200" }, "geometry": { "type": "Point", "coordinates": [ -51.527131, -21.485574 ] } },
{ "type": "Feature", "properties": { "id_comando": "CPI-8", "nome_comando": "8º Comando de Policiamento do Interior (CPI-8)", "nome_batalhao": "25º BPM/I", "tipo_batalhao": "Interior", "companhia": "EM", "pelotao": "MOTOMEC", "cidade": "Dracena", "endereco": "AVENIDA ALCIDES CHACON COUTO, 502, METRÓPOLE - Dracena", "latitude": -21.485574, "longitude": -51.527131, "fonte_geocodificacao": "Google Geocoding API", "opm_nome": "25.BPM/I - MOTOMECANIZACAO", "opm_descricao": "CPI-8 25.BPM/I EM MOTOMEC 0", "opm_codigo": "608258700" }, "geometry": { "type": "Point", "coordinates": [ -51.527131, -21.485574 ] } },
{ "type": "Feature", "properties": { "id_comando": "CPI-8", "nome_comando": "8º Comando de Policiamento do Interior (CPI-8)", "nome_batalhao": "25º BPM/I", "tipo_batalhao": "Interior", "companhia": "EM", "pelotao": "P/1 E P/5", "cidade": "Dracena", "endereco": "AVENIDA ALCIDES CHACON COUTO, 502, METRÓPOLE - Dracena", "latitude": -21.485574, "longitude": -51.527131, "fonte_geocodificacao": "Google Geocoding API", "opm_nome": "P/1 E P/5", "opm_descricao": "CPI-8 25.BPM/I EM P/1 E P/5 0", "opm_codigo": "608258100" }, "geometry": { "type": "Point", "coordinates": [ -51.527131, -21.485574 ] } },
{ "type": "Feature", "properties": { "id_comando": "CPI-8", "nome_comando": "8º Comando de Policiamento do Interior (CPI-8)", "nome_batalhao": "25º BPM/I", "tipo_batalhao": "Interior", "companhia": "EM", "pelotao": "P/1 P/5", "cidade": "Dracena", "endereco": "AVENIDA ALCIDES CHACON COUTO, 502, METRÓPOLE - Dracena", "latitude": -21.485574, "longitude": -51.527131, "fonte_geocodificacao": "Google Geocoding API", "opm_nome": "NUCLEO DE ATENCAO PSICOSSOCIAL", "opm_descricao": "CPI-8 25.BPM/I EM P/1 P/5 NAPS", "opm_codigo": "608258110" }, "geometry": { "type": "Point", "coordinates": [ -51.527131, -21.485574 ] } },
{ "type": "Feature", "properties": { "id_comando": "CPI-8", "nome_comando": "8º Comando de Policiamento do Interior (CPI-8)", "nome_batalhao": "25º BPM/I", "tipo_batalhao": "Interior", "companhia": "EM", "pelotao": "P/3", "cidade": "Dracena", "endereco": "AVENIDA ALCIDES CHACON COUTO, 502, METRÓPOLE - Dracena", "latitude": -21.485574, "longitude": -51.527131, "fonte_geocodificacao": "Google Geocoding API", "opm_nome": "P/3", "opm_descricao": "CPI-8 25.BPM/I EM P/3", "opm_codigo": "608258300" }, "geometry": { "type": "Point", "coordinates": [ -51.527131, -21.485574 ] } },
{ "type": "Feature", "properties": { "id_comando": "CPI-8", "nome_comando": "8º Comando de Policiamento do Interior (CPI-8)", "nome_batalhao": "25º BPM/I", "tipo_batalhao": "Interior", "companhia": "EM", "pelotao": "P/4 E MOTOMEC", "cidade": "Dracena", "endereco": "AVENIDA ALCIDES CHACON COUTO, 502, METRÓPOLE - Dracena", "latitude": -21.485574, "longitude": -51.527131, "fonte_geocodificacao": "Google Geocoding API", "opm_nome": "P/4 E MOTOMECANIZACAO", "opm_descricao": "CPI-8 25.BPM/I EM P/4 E MOTOMEC", "opm_codigo": "608258400" }, "geometry": { "type": "Point", "coordinates": [ -51.527131, -21.485574 ] } },
{ "type": "Feature", "properties": { "id_comando": "CPI-8", "nome_comando": "8º Comando de Policiamento do Interior (CPI-8)", "nome_batalhao": "25º BPM/I", "tipo_batalhao": "Interior", "companhia": "EM", "pelotao": "P/5", "cidade": "Dracena", "endereco": "AVENIDA ALCIDES CHACON COUTO, 502, METRÓPOLE - Dracena", "latitude": -21.485574, "longitude": -51.527131, "fonte_geocodificacao": "Google Geocoding API", "opm_nome": "25.BPM/I - P/5", "opm_descricao": "CPI-8 25.BPM/I EM P/5 0", "opm_codigo": "608258500" }, "geometry": { "type": "Point", "coordinates": [ -51.527131, -21.485574 ] } },
{ "type": "Feature", "properties": { "id_comando": "CPI-8", "nome_comando": "8º Comando de Policiamento do Interior (CPI-8)", "nome_batalhao": "25º BPM/I", "tipo_batalhao": "Interior", "companhia": "EM", "pelotao": "SEC PJMD", "cidade": "Dracena", "endereco": "AVENIDA ALCIDES CHACON COUTO, 502, METRÓPOLE - Dracena", "latitude": -21.485574, "longitude": -51.527131, "fonte_geocodificacao": "Google Geocoding API", "opm_nome": "SECAO POLICIA JUDICIARIA MILITAR E DISCIPLINAR", "opm_descricao": "CPI-8 25.BPM/I EM SEC PJMD 0", "opm_codigo": "608258600" }, "geometry": { "type": "Point", "coordinates": [ -51.527131, -21.485574 ] } },
{ "type": "Feature", "properties": { "id_comando": "CPI-8", "nome_comando": "8º Comando de Policiamento do Interior (CPI-8)", "nome_batalhao": "25º BPM/I", "tipo_batalhao": "Interior", "companhia": "EM", "pelotao": "UIS", "cidade": "Dracena", "endereco": "AVENIDA ALCIDES CHACON COUTO, 502, METROPOLE - Dracena", "latitude": -21.485574, "longitude": -51.527131, "fonte_geocodificacao": "Google Geocoding API", "opm_nome": "UIS", "opm_descricao": "CPI-8 25.BPM/I EM UIS 0", "opm_codigo": "608258010" }, "geometry": { "type": "Point", "coordinates": [ -51.527131, -21.485574 ] } },
{ "type": "Feature", "properties": { "id_comando": "CPA/M-8", "nome_comando": "8º Comando de Policiamento de Área Metropolitana (CPA/M-8)", "nome_batalhao": "25º BPM/M", "tipo_batalhao": "Metropolitano", "companhia": "1.CIA PM", "pelotao": "TERRITORIAL", "cidade": "Itapecerica Da Serra", "endereco": "RUA MONTEIRO LOBATO, 475, JARDIM JACIRA - Itapecerica Da Serra", "latitude": -23.7465542, "longitude": -46.7973929, "fonte_geocodificacao": "Google Geocoding API", "opm_nome": "1.COMPANHIA DE POLICIA MILITAR", "opm_descricao": "CPA/M-8 25.BPM/M 1.CIA PM TERRITORIAL", "opm_codigo": "408251000" }, "geometry": { "type": "Point", "coordinates": [ -46.7973929, -23.7465542 ] } },
{ "type": "Feature", "properties": { "id_comando": "CPA/M-8", "nome_comando": "8º Comando de Policiamento de Área Metropolitana (CPA/M-8)", "nome_batalhao": "25º BPM/M", "tipo_batalhao": "Metropolitano", "companhia": "2.CIA PM", "pelotao": "TERRITORIAL", "cidade": "Embu-Guacu", "endereco": "RUA CLOTILDE LOURO, 526, CENTRO - Embu-Guacu", "latitude": -23.8299417, "longitude": -46.8181895, "fonte_geocodificacao": "Google Geocoding API", "opm_nome": "2.COMPANHIA DE POLICIA MILITAR", "opm_descricao": "CPA/M-8 25.BPM/M 2.CIA PM TERRITORIAL", "opm_codigo": "408252000" }, "geometry": { "type": "Point", "coordinates": [ -46.8181895, -23.8299417 ] } },
{ "type": "Feature", "properties": { "id_comando": "CPI-2", "nome_comando": "2º Comando de Policiamento do Interior (CPI-2)", "nome_batalhao": "26º BPM/I", "tipo_batalhao": "Interior", "companhia": "1.CIA PM", "pelotao": "ADM", "cidade": "Mogi Guacu", "endereco": "RUA DOUTOR BENEDITO M DE MATOS, 45, JARDIM CENTENARIO - Mogi Guacu", "latitude": -22.3653198, "longitude": -46.9475057, "fonte_geocodificacao": "Google Geocoding API", "opm_nome": "ADMINISTRACAO", "opm_descricao": "CPI-2 26.BPM/I 1.CIA PM ADM", "opm_codigo": "602261600" }, "geometry": { "type": "Point", "coordinates": [ -46.9475057, -22.3653198 ] } },
{ "type": "Feature", "properties": { "id_comando": "CPI-2", "nome_comando": "2º Comando de Policiamento do Interior (CPI-2)", "nome_batalhao": "26º BPM/I", "tipo_batalhao": "Interior", "companhia": "2.CIA PM", "pelotao": "1.PEL PM", "cidade": "Jaguariuna", "endereco": "RUA RIO DE JANEIRO, 80, JARDIM SÃO JOÃO - Jaguariuna", "latitude": -22.6997475, "longitude": -46.9847166, "fonte_geocodificacao": "Google Geocoding API", "opm_nome": "1. PELOTAO POLICIAL MILITAR", "opm_descricao": "CPI-2 26.BPM/I 2.CIA PM 1.PEL PM", "opm_codigo": "602262100" }, "geometry": { "type": "Point", "coordinates": [ -46.9847166, -22.6997475 ] } },
{ "type": "Feature", "properties": { "id_comando": "CPI-2", "nome_comando": "2º Comando de Policiamento do Interior (CPI-2)", "nome_batalhao": "26º BPM/I", "tipo_batalhao": "Interior", "companhia": "2.CIA PM", "pelotao": "2.PEL PM", "cidade": "Pedreira", "endereco": "RUA SIQUEIRA CAMPOS, 294, CENTRO - Pedreira", "latitude": -22.7417074, "longitude": -46.9004316, "fonte_geocodificacao": "Google Geocoding API", "opm_nome": "2. PELOTAO POLICIAL MILITAR", "opm_descricao": "CPI-2 26.BPM/I 2.CIA PM 2.PEL PM", "opm_codigo": "602262200" }, "geometry": { "type": "Point", "coordinates": [ -46.9004316, -22.7417074 ] } },
{ "type": "Feature", "properties": { "id_comando": "CPI-2", "nome_comando": "2º Comando de Policiamento do Interior (CPI-2)", "nome_batalhao": "26º BPM/I", "tipo_batalhao": "Interior", "companhia": "3.CIA PM", "pelotao": "ADM", "cidade": "Itapira", "endereco": "RUA DUQUE DE CAXIAS, 727, RURAL - Itapira", "latitude": -22.4415473, "longitude": -46.8312616, "fonte_geocodificacao": "Google Geocoding API", "opm_nome": "ADMINISTRACAO", "opm_descricao": "CPI-2 26.BPM/I 3.CIA PM ADM", "opm_codigo": "602263500" }, "geometry": { "type": "Point", "coordinates": [ -46.8312616, -22.4415473 ] } },
{ "type": "Feature", "properties": { "id_comando": "CPI-2", "nome_comando": "2º Comando de Policiamento do Interior (CPI-2)", "nome_batalhao": "26º BPM/I", "tipo_batalhao": "Interior", "companhia": "CIA FT", "pelotao": "ADM", "cidade": "Mogi Guacu", "endereco": "RUA JOSE PENTEADO, 90, JARDIM NOVO I - Mogi Guacu", "latitude": -22.3472738, "longitude": -46.9386512, "fonte_geocodificacao": "Google Geocoding API", "opm_nome": "ADMINISTRACAO", "opm_descricao": "CPI-2 26.BPM/I CIA FT ADM", "opm_codigo": "602266900" }, "geometry": { "type": "Point", "coordinates": [ -46.9386512, -22.3472738 ] } },
{ "type": "Feature", "properties": { "id_comando": "CPI-2", "nome_comando": "2º Comando de Policiamento do Interior (CPI-2)", "nome_batalhao": "26º BPM/I", "tipo_batalhao": "Interior", "companhia": "EM", "pelotao": "DIV OP", "cidade": "Mogi Guacu", "endereco": "RUA JOSE PENTEADO, 90, JARDIM NOVO I - Mogi Guacu", "latitude": -22.3472738, "longitude": -46.9386512, "fonte_geocodificacao": "Google Geocoding API", "opm_nome": "DIVISAO OPERACIONAL", "opm_descricao": "CPI-2 26.BPM/I EM DIV OP", "opm_codigo": "602268300" }, "geometry": { "type": "Point", "coordinates": [ -46.9386512, -22.3472738 ] } },
{ "type": "Feature", "properties": { "id_comando": "CPI-2", "nome_comando": "2º Comando de Policiamento do Interior (CPI-2)", "nome_batalhao": "26º BPM/I", "tipo_batalhao": "Interior", "companhia": "EM", "pelotao": "MOTOMEC", "cidade": "Mogi Guacu", "endereco": "RUA JOSE PENTEADO, 90, SAO CARLOS - Mogi Guacu", "latitude": -22.232092691811168, "longitude": -47.028967834947288, "fonte_geocodificacao": "Centroide do município-sede (geocodificação rejeitada: fora dos limites do município)", "opm_nome": "26.BPM/I - MOTOMEC", "opm_descricao": "CPI-2 26.BPM/I EM MOTOMEC 0", "opm_codigo": "602268700" }, "geometry": { "type": "Point", "coordinates": [ -47.028967834947288, -22.232092691811168 ] } },
{ "type": "Feature", "properties": { "id_comando": "CPI-2", "nome_comando": "2º Comando de Policiamento do Interior (CPI-2)", "nome_batalhao": "26º BPM/I", "tipo_batalhao": "Interior", "companhia": "EM", "pelotao": "P/1 P/5", "cidade": "Mogi Guacu", "endereco": "RUA JOSE PENTEADO, 90, JARDIM NOVO I - Mogi Guacu", "latitude": -22.3472738, "longitude": -46.9386512, "fonte_geocodificacao": "Google Geocoding API", "opm_nome": "P/1 P/5", "opm_descricao": "CPI-2 26.BPM/I EM P/1 P/5", "opm_codigo": "602268100" }, "geometry": { "type": "Point", "coordinates": [ -46.9386512, -22.3472738 ] } },
{ "type": "Feature", "properties": { "id_comando": "CPI-2", "nome_comando": "2º Comando de Policiamento do Interior (CPI-2)", "nome_batalhao": "26º BPM/I", "tipo_batalhao": "Interior", "companhia": "EM", "pelotao": "P/2", "cidade": "Mogi Guacu", "endereco": "RUA JOSE PENTEADO, 90, JARDIM NOVO I - Mogi Guacu", "latitude": -22.3472738, "longitude": -46.9386512, "fonte_geocodificacao": "Google Geocoding API", "opm_nome": "P/2", "opm_descricao": "CPI-2 26.BPM/I EM P/2", "opm_codigo": "602268200" }, "geometry": { "type": "Point", "coordinates": [ -46.9386512, -22.3472738 ] } },
{ "type": "Feature", "properties": { "id_comando": "CPI-2", "nome_comando": "2º Comando de Policiamento do Interior (CPI-2)", "nome_batalhao": "26º BPM/I", "tipo_batalhao": "Interior", "companhia": "EM", "pelotao": "P/4", "cidade": "Mogi Guacu", "endereco": "RUA JOSE PENTEADO, 90, SAO CARLOS - Mogi Guacu", "latitude": -22.232092691811168, "longitude": -47.028967834947288, "fonte_geocodificacao": "Centroide do município-sede (geocodificação rejeitada: fora dos limites do município)", "opm_nome": "P/4", "opm_descricao": "CPI-2 26.BPM/I EM P/4", "opm_codigo": "602268400" }, "geometry": { "type": "Point", "coordinates": [ -47.028967834947288, -22.232092691811168 ] } },
{ "type": "Feature", "properties": { "id_comando": "CPI-2", "nome_comando": "2º Comando de Policiamento do Interior (CPI-2)", "nome_batalhao": "26º BPM/I", "tipo_batalhao": "Interior", "companhia": "EM", "pelotao": "P/5", "cidade": "Mogi Guacu", "endereco": "RUA JOSE PENTEADO, 90, JARDIM NOVO I - Mogi Guacu", "latitude": -22.3472738, "longitude": -46.9386512, "fonte_geocodificacao": "Google Geocoding API", "opm_nome": "26.BPM/I - P/5", "opm_descricao": "CPI-2 26.BPM/I EM P/5", "opm_codigo": "602268500" }, "geometry": { "type": "Point", "coordinates": [ -46.9386512, -22.3472738 ] } },
{ "type": "Feature", "properties": { "id_comando": "CPI-2", "nome_comando": "2º Comando de Policiamento do Interior (CPI-2)", "nome_batalhao": "26º BPM/I", "tipo_batalhao": "Interior", "companhia": "EM", "pelotao": "SEC PJMD", "cidade": "Mogi Guacu", "endereco": "RUA JOSE PENTEADO, 90, SAO CARLOS - Mogi Guacu", "latitude": -22.232092691811168, "longitude": -47.028967834947288, "fonte_geocodificacao": "Centroide do município-sede (geocodificação rejeitada: fora dos limites do município)", "opm_nome": "SECAO DE POLICIA JUDICIARIA MILITAR E DISCIPLINA", "opm_descricao": "CPI-2 26.BPM/I EM SEC PJMD", "opm_codigo": "602268600" }, "geometry": { "type": "Point", "coordinates": [ -47.028967834947288, -22.232092691811168 ] } },
{ "type": "Feature", "properties": { "id_comando": "CPA/M-7", "nome_comando": "7º Comando de Policiamento de Área Metropolitana (CPA/M-7)", "nome_batalhao": "26º BPM/M", "tipo_batalhao": "Metropolitano", "companhia": "1.CIA PM", "pelotao": "TERRITORIAL", "cidade": "Franco Da Rocha", "endereco": "R DR FRANCO DA ROCHA, FRANCO DA ROCHA, 201  26BPMM-1CIA, VILA ZANELA - Franco Da Rocha", "latitude": -23.3292393, "longitude": -46.7227872, "fonte_geocodificacao": "Google Geocoding API", "opm_nome": "1.COMPANHIA DE POLICIA MILITAR", "opm_descricao": "CPA/M-7 26.BPM/M 1.CIA PM TERRITORIAL", "opm_codigo": "407261000" }, "geometry": { "type": "Point", "coordinates": [ -46.7227872, -23.3292393 ] } },
{ "type": "Feature", "properties": { "id_comando": "CPA/M-7", "nome_comando": "7º Comando de Policiamento de Área Metropolitana (CPA/M-7)", "nome_batalhao": "26º BPM/M", "tipo_batalhao": "Metropolitano", "companhia": "2.CIA PM", "pelotao": "TERRITORIAL", "cidade": "Mairipora", "endereco": "RUA IPIRANGA, MAIRIPORA, 275  26BPMM-2CIA, CENTRO - Mairipora", "latitude": -23.32113, "longitude": -46.5899021, "fonte_geocodificacao": "Google Geocoding API", "opm_nome": "2.COMPANHIA DE POLICIA MILITAR", "opm_descricao": "CPA/M-7 26.BPM/M 2.CIA PM TERRITORIAL", "opm_codigo": "407262000" }, "geometry": { "type": "Point", "coordinates": [ -46.5899021, -23.32113 ] } },
{ "type": "Feature", "properties": { "id_comando": "CPA/M-7", "nome_comando": "7º Comando de Policiamento de Área Metropolitana (CPA/M-7)", "nome_batalhao": "26º BPM/M", "tipo_batalhao": "Metropolitano", "companhia": "3.CIA PM", "pelotao": "TERRITORIAL", "cidade": "Cajamar", "endereco": "RUA ALFREDO DEL VIGNA, CAJAMAR, 200  26BPMM-3CIA, JORDANESIA - Cajamar", "latitude": -23.3379695, "longitude": -46.8394214, "fonte_geocodificacao": "Google Geocoding API", "opm_nome": "3.COMPANHIA DE POLICIA MILITAR", "opm_descricao": "CPA/M-7 26.BPM/M 3.CIA PM TERRITORIAL", "opm_codigo": "407263000" }, "geometry": { "type": "Point", "coordinates": [ -46.8394214, -23.3379695 ] } },
{ "type": "Feature", "properties": { "id_comando": "CPA/M-7", "nome_comando": "7º Comando de Policiamento de Área Metropolitana (CPA/M-7)", "nome_batalhao": "26º BPM/M", "tipo_batalhao": "Metropolitano", "companhia": "4.CIA PM", "pelotao": "TERRITORIAL", "cidade": "Francisco Morato", "endereco": "RUA VINTE E UM DE MARÇO, FCO MORATO, 530  26BPMM-4CIA, CENTRO - Francisco Morato", "latitude": -23.2839427, "longitude": -46.7463493, "fonte_geocodificacao": "Google Geocoding API", "opm_nome": "4.COMPANHIA DE POLICIA MILITAR", "opm_descricao": "CPA/M-7 26.BPM/M 4.CIA PM TERRITORIAL", "opm_codigo": "407264000" }, "geometry": { "type": "Point", "coordinates": [ -46.7463493, -23.2839427 ] } },
{ "type": "Feature", "properties": { "id_comando": "CPA/M-7", "nome_comando": "7º Comando de Policiamento de Área Metropolitana (CPA/M-7)", "nome_batalhao": "26º BPM/M", "tipo_batalhao": "Metropolitano", "companhia": "5.CIA PM", "pelotao": "TERRITORIAL", "cidade": "Caieiras", "endereco": "RUA AMBROSINA DO CARMO BUONAGUIDE - CAIEIRAS, 438  26BPMM 5ªCIA, CENTRO - Caieiras", "latitude": -23.3629894, "longitude": -46.7422073, "fonte_geocodificacao": "Google Geocoding API", "opm_nome": "5.COMPANHIA DE POLICIA MILITAR", "opm_descricao": "CPA/M-7 26.BPM/M 5.CIA PM TERRITORIAL", "opm_codigo": "407265000" }, "geometry": { "type": "Point", "coordinates": [ -46.7422073, -23.3629894 ] } },
{ "type": "Feature", "properties": { "id_comando": "CPI-4", "nome_comando": "4º Comando de Policiamento do Interior (CPI-4)", "nome_batalhao": "27º BPM/I", "tipo_batalhao": "Interior", "companhia": "1.CIA PM", "pelotao": "ADM", "cidade": "Jau", "endereco": "RUA RIACHUELO, 941, CENTRO - Jau", "latitude": -22.2926945, "longitude": -48.5614857, "fonte_geocodificacao": "Google Geocoding API", "opm_nome": "ADMINISTRACAO", "opm_descricao": "CPI-4 27.BPM/I 1.CIA PM ADM", "opm_codigo": "604271600" }, "geometry": { "type": "Point", "coordinates": [ -48.5614857, -22.2926945 ] } },
{ "type": "Feature", "properties": { "id_comando": "CPI-4", "nome_comando": "4º Comando de Policiamento do Interior (CPI-4)", "nome_batalhao": "27º BPM/I", "tipo_batalhao": "Interior", "companhia": "1.CIA PM", "pelotao": "CGP", "cidade": "Jau", "endereco": "RUA RIACHUELO, 941  27 BPM/I 1ª CIA PM, BAIRRO SANTO ANTONIO - Jau", "latitude": -22.2926945, "longitude": -48.5614857, "fonte_geocodificacao": "Google Geocoding API", "opm_nome": "COMANDO GRUPO PATRULHA", "opm_descricao": "CPI-4 27.BPM/I 1.CIA PM CGP", "opm_codigo": "604271700" }, "geometry": { "type": "Point", "coordinates": [ -48.5614857, -22.2926945 ] } },
{ "type": "Feature", "properties": { "id_comando": "CPI-4", "nome_comando": "4º Comando de Policiamento do Interior (CPI-4)", "nome_batalhao": "27º BPM/I", "tipo_batalhao": "Interior", "companhia": "1.CIA PM", "pelotao": "PEL FT", "cidade": "Jau", "endereco": "AVENIDA JOÃO FERRAZ NETO, 2241  CANIL, JARDIM ITAMARATI - Jau", "latitude": -22.2773618, "longitude": -48.5371315, "fonte_geocodificacao": "Google Geocoding API", "opm_nome": "PEL FT", "opm_descricao": "CPI-4 27.BPM/I 1.CIA PM PEL FT", "opm_codigo": "604271900" }, "geometry": { "type": "Point", "coordinates": [ -48.5371315, -22.2773618 ] } },
{ "type": "Feature", "properties": { "id_comando": "CPI-4", "nome_comando": "4º Comando de Policiamento do Interior (CPI-4)", "nome_batalhao": "27º BPM/I", "tipo_batalhao": "Interior", "companhia": "2.CIA PM", "pelotao": "1.PEL PM", "cidade": "Igaracu Do Tiete", "endereco": "RUA HIPOLITO LOPES, 643, JARDIM NOVA IGARAÇU - Igaracu Do Tiete", "latitude": -22.5149645, "longitude": -48.5632336, "fonte_geocodificacao": "Google Geocoding API", "opm_nome": "1. PELOTAO POLICIAL MILITAR", "opm_descricao": "CPI-4 27.BPM/I 2.CIA PM 1.PEL PM", "opm_codigo": "604272100" }, "geometry": { "type": "Point", "coordinates": [ -48.5632336, -22.5149645 ] } },
{ "type": "Feature", "properties": { "id_comando": "CPI-4", "nome_comando": "4º Comando de Policiamento do Interior (CPI-4)", "nome_batalhao": "27º BPM/I", "tipo_batalhao": "Interior", "companhia": "2.CIA PM", "pelotao": "2.PEL PM", "cidade": "Jau", "endereco": "AVENIDA JOSE ALVES MIRA, 18, CENTRO - Jau", "latitude": -22.296078899740348, "longitude": -48.556055554380116, "fonte_geocodificacao": "Centroide do município-sede (geocodificação rejeitada: fora dos limites do município)", "opm_nome": "2. PELOTAO POLICIAL MILITAR", "opm_descricao": "CPI-4 27.BPM/I 2.CIA PM 2.PEL PM", "opm_codigo": "604272200" }, "geometry": { "type": "Point", "coordinates": [ -48.556055554380116, -22.296078899740348 ] } },
{ "type": "Feature", "properties": { "id_comando": "CPI-4", "nome_comando": "4º Comando de Policiamento do Interior (CPI-4)", "nome_batalhao": "27º BPM/I", "tipo_batalhao": "Interior", "companhia": "2.CIA PM", "pelotao": "3.PEL PM", "cidade": "Bocaina", "endereco": ", 0  OPM INEXISTENTE, 000 - Bocaina", "latitude": -22.1430248, "longitude": -48.5255725, "fonte_geocodificacao": "Google Geocoding API", "opm_nome": "27.BPM/I 2.CIA PM 3.PEL PM", "opm_descricao": "CPI-4 27.BPM/I 2.CIA PM 3.PEL PM", "opm_codigo": "604272300" }, "geometry": { "type": "Point", "coordinates": [ -48.5255725, -22.1430248 ] } },
{ "type": "Feature", "properties": { "id_comando": "CPI-4", "nome_comando": "4º Comando de Policiamento do Interior (CPI-4)", "nome_batalhao": "27º BPM/I", "tipo_batalhao": "Interior", "companhia": "2.CIA PM", "pelotao": "ADM", "cidade": "Barra Bonita", "endereco": "RUA 14 DE DEZEMBRO, 613, CENTRO - Barra Bonita", "latitude": -22.4952062, "longitude": -48.5570441, "fonte_geocodificacao": "Google Geocoding API", "opm_nome": "ADMINISTRACAO", "opm_descricao": "CPI-4 27.BPM/I 2.CIA PM ADM", "opm_codigo": "604272400" }, "geometry": { "type": "Point", "coordinates": [ -48.557044100000013, -22.4952062 ] } },
{ "type": "Feature", "properties": { "id_comando": "CPI-4", "nome_comando": "4º Comando de Policiamento do Interior (CPI-4)", "nome_batalhao": "27º BPM/I", "tipo_batalhao": "Interior", "companhia": "2.CIA PM", "pelotao": "CGP", "cidade": "Barra Bonita", "endereco": "RUA QUATORZE DE DEZEMBRO, 613  27 BPM/I 2ª CIA PM, CENTRO - Barra Bonita", "latitude": -22.4952062, "longitude": -48.5570441, "fonte_geocodificacao": "Google Geocoding API", "opm_nome": "COMANDO GRUPO PATRULHA", "opm_descricao": "CPI-4 27.BPM/I 2.CIA PM CGP", "opm_codigo": "604272500" }, "geometry": { "type": "Point", "coordinates": [ -48.557044100000013, -22.4952062 ] } },
{ "type": "Feature", "properties": { "id_comando": "CPI-4", "nome_comando": "4º Comando de Policiamento do Interior (CPI-4)", "nome_batalhao": "27º BPM/I", "tipo_batalhao": "Interior", "companhia": "3.CIA PM", "pelotao": "ADM", "cidade": "Bariri", "endereco": "Rua Quinze de Novembro, 27, Centro - Bariri", "latitude": -22.066797210325753, "longitude": -48.718829121216423, "fonte_geocodificacao": "Centroide do município-sede (geocodificação rejeitada: fora dos limites do município)", "opm_nome": "ADMINISTRACAO", "opm_descricao": "CPI-4 27.BPM/I 3.CIA PM ADM", "opm_codigo": "604273200" }, "geometry": { "type": "Point", "coordinates": [ -48.718829121216423, -22.066797210325753 ] } },
{ "type": "Feature", "properties": { "id_comando": "CPI-4", "nome_comando": "4º Comando de Policiamento do Interior (CPI-4)", "nome_batalhao": "27º BPM/I", "tipo_batalhao": "Interior", "companhia": "3.CIA PM", "pelotao": "CGP", "cidade": "Bariri", "endereco": "RUA XV DE NOVEMBRO, 27  27 BPM/I 3ª CIA PM, CENTRO - Bariri", "latitude": -22.075931, "longitude": -48.7391153, "fonte_geocodificacao": "Google Geocoding API", "opm_nome": "COMANDO GRUPO PATRULHA", "opm_descricao": "CPI-4 27.BPM/I 3.CIA PM CGP", "opm_codigo": "604273300" }, "geometry": { "type": "Point", "coordinates": [ -48.739115299999987, -22.075931 ] } },
{ "type": "Feature", "properties": { "id_comando": "CPI-4", "nome_comando": "4º Comando de Policiamento do Interior (CPI-4)", "nome_batalhao": "27º BPM/I", "tipo_batalhao": "Interior", "companhia": "CIA FT", "pelotao": "1.PEL FT", "cidade": "Jau", "endereco": "Avenida Capitão Alberto Mendes Júnior, esquina com Av. Pref.  Alfeu Fabris, 15, JARDIM PADRE AUGUSTO SANI - Jau", "latitude": -22.3184904, "longitude": -48.5850265, "fonte_geocodificacao": "Google Geocoding API", "opm_nome": "1. PELOTAO DE FORCA TATICA", "opm_descricao": "CPI-4 27.BPM/I CIA FT 1.PEL FT", "opm_codigo": "604276100" }, "geometry": { "type": "Point", "coordinates": [ -48.5850265, -22.3184904 ] } },
{ "type": "Feature", "properties": { "id_comando": "CPI-4", "nome_comando": "4º Comando de Policiamento do Interior (CPI-4)", "nome_batalhao": "27º BPM/I", "tipo_batalhao": "Interior", "companhia": "CIA FT", "pelotao": "2.PEL FT", "cidade": "Jau", "endereco": "Avenida Capitão Alberto Mendes Júnior, esquina com Av. Pref.  Alfeu Fabris, 15, JARDIM PADRE AUGUSTO SANI - Jau", "latitude": -22.3184904, "longitude": -48.5850265, "fonte_geocodificacao": "Google Geocoding API", "opm_nome": "2. PELOTAO DE FORCA TATICA", "opm_descricao": "CPI-4 27.BPM/I CIA FT 2.PEL FT", "opm_codigo": "604276200" }, "geometry": { "type": "Point", "coordinates": [ -48.5850265, -22.3184904 ] } },
{ "type": "Feature", "properties": { "id_comando": "CPI-4", "nome_comando": "4º Comando de Policiamento do Interior (CPI-4)", "nome_batalhao": "27º BPM/I", "tipo_batalhao": "Interior", "companhia": "CIA FT", "pelotao": "ADM", "cidade": "Jau", "endereco": "Avenida Capitão Alberto Mendes Júnior, esquina com Av. Pref.  Alfeu Fabris, 15, JARDIM PADRE AUGUSTO SANI - Jau", "latitude": -22.3184904, "longitude": -48.5850265, "fonte_geocodificacao": "Google Geocoding API", "opm_nome": "ADMINISTRACAO", "opm_descricao": "CPI-4 27.BPM/I CIA FT ADM", "opm_codigo": "604276500" }, "geometry": { "type": "Point", "coordinates": [ -48.5850265, -22.3184904 ] } },
{ "type": "Feature", "properties": { "id_comando": "CPI-4", "nome_comando": "4º Comando de Policiamento do Interior (CPI-4)", "nome_batalhao": "27º BPM/I", "tipo_batalhao": "Interior", "companhia": "EM", "pelotao": "AG AREA", "cidade": "Jau", "endereco": "RUA VINTE E QUATRO DE MAIO, 943, VILA NOVA - Jau", "latitude": -22.2981208, "longitude": -48.5672303, "fonte_geocodificacao": "Google Geocoding API", "opm_nome": "AGENCIA DE AREA", "opm_descricao": "CPI-4 27.BPM/I EM AG AREA", "opm_codigo": "604278200" }, "geometry": { "type": "Point", "coordinates": [ -48.5672303, -22.2981208 ] } },
{ "type": "Feature", "properties": { "id_comando": "CPI-4", "nome_comando": "4º Comando de Policiamento do Interior (CPI-4)", "nome_batalhao": "27º BPM/I", "tipo_batalhao": "Interior", "companhia": "EM", "pelotao": "DIV OP", "cidade": "Jau", "endereco": "RUA VINTE E QUATRO DE MAIO, 943, VILA NOVA - Jau", "latitude": -22.2981208, "longitude": -48.5672303, "fonte_geocodificacao": "Google Geocoding API", "opm_nome": "DIVISAO OPERACIONAL", "opm_descricao": "CPI-4 27.BPM/I EM DIV OP", "opm_codigo": "604278300" }, "geometry": { "type": "Point", "coordinates": [ -48.5672303, -22.2981208 ] } },
{ "type": "Feature", "properties": { "id_comando": "CPI-4", "nome_comando": "4º Comando de Policiamento do Interior (CPI-4)", "nome_batalhao": "27º BPM/I", "tipo_batalhao": "Interior", "companhia": "EM", "pelotao": "P/1 P/5", "cidade": "Jau", "endereco": "RUA VINTE E QUATRO DE MAIO, 943, VILA NOVA - Jau", "latitude": -22.2981208, "longitude": -48.5672303, "fonte_geocodificacao": "Google Geocoding API", "opm_nome": "P/1 E P/5", "opm_descricao": "CPI-4 27.BPM/I EM P/1 P/5", "opm_codigo": "604278100" }, "geometry": { "type": "Point", "coordinates": [ -48.5672303, -22.2981208 ] } },
{ "type": "Feature", "properties": { "id_comando": "CPI-4", "nome_comando": "4º Comando de Policiamento do Interior (CPI-4)", "nome_batalhao": "27º BPM/I", "tipo_batalhao": "Interior", "companhia": "EM", "pelotao": "P/3", "cidade": "Jau", "endereco": "RUA VINTE E QUATRO DE MAIO, 943, VILA NOVA - Jau", "latitude": -22.2981208, "longitude": -48.5672303, "fonte_geocodificacao": "Google Geocoding API", "opm_nome": "COMANDO FORCA PATRULHA", "opm_descricao": "CPI-4 27.BPM/I EM P/3 CFP", "opm_codigo": "604278310" }, "geometry": { "type": "Point", "coordinates": [ -48.5672303, -22.2981208 ] } },
{ "type": "Feature", "properties": { "id_comando": "CPI-4", "nome_comando": "4º Comando de Policiamento do Interior (CPI-4)", "nome_batalhao": "27º BPM/I", "tipo_batalhao": "Interior", "companhia": "EM", "pelotao": "P/4 MOTOMEC", "cidade": "Jau", "endereco": "RUA VINTE E QUATRO DE MAIO, 943, VILA NOVA - Jau", "latitude": -22.2981208, "longitude": -48.5672303, "fonte_geocodificacao": "Google Geocoding API", "opm_nome": "P/4 E MOTOMECANIZACAO", "opm_descricao": "CPI-4 27.BPM/I EM P/4 MOTOMEC", "opm_codigo": "604278400" }, "geometry": { "type": "Point", "coordinates": [ -48.5672303, -22.2981208 ] } },
{ "type": "Feature", "properties": { "id_comando": "CPI-4", "nome_comando": "4º Comando de Policiamento do Interior (CPI-4)", "nome_batalhao": "27º BPM/I", "tipo_batalhao": "Interior", "companhia": "EM", "pelotao": "SEC PJMD", "cidade": "Jau", "endereco": "RUA VINTE E QUATRO DE MAIO, 943, VILA NOVA - Jau", "latitude": -22.2981208, "longitude": -48.5672303, "fonte_geocodificacao": "Google Geocoding API", "opm_nome": "SECAO DE POLICIA JUDICIARIA MILITAR E DISCIPLINAR", "opm_descricao": "CPI-4 27.BPM/I EM SEC PJMD", "opm_codigo": "604278600" }, "geometry": { "type": "Point", "coordinates": [ -48.5672303, -22.2981208 ] } },
{ "type": "Feature", "properties": { "id_comando": "CPI-4", "nome_comando": "4º Comando de Policiamento do Interior (CPI-4)", "nome_batalhao": "27º BPM/I", "tipo_batalhao": "Interior", "companhia": "EM", "pelotao": "UIS", "cidade": "Jau", "endereco": "RUA VINTE E QUATRO DE MAIO, 943, VILA NOVA - Jau", "latitude": -22.2981208, "longitude": -48.5672303, "fonte_geocodificacao": "Google Geocoding API", "opm_nome": "UNIDADE INTEGRADA DE SAUDE", "opm_descricao": "CPI-4 27.BPM/I EM UIS", "opm_codigo": "604278010" }, "geometry": { "type": "Point", "coordinates": [ -48.5672303, -22.2981208 ] } },
{ "type": "Feature", "properties": { "id_comando": "CPA/M-10", "nome_comando": "10º Comando de Policiamento de Área Metropolitana (CPA/M-10)", "nome_batalhao": "27º BPM/M", "tipo_batalhao": "Metropolitano", "companhia": "1.CIA PM", "pelotao": "TERRITORIAL", "cidade": "Sao Paulo", "endereco": "RUA GIORGIO ALIONE, 23, CIDADE DUTRA - Sao Paulo", "latitude": -23.7380815, "longitude": -46.7041242, "fonte_geocodificacao": "Google Geocoding API", "opm_nome": "1. COMPANHIA DE POLICIA MILITAR", "opm_descricao": "CPA/M-10 27.BPM/M 1.CIA PM TERRITORIAL", "opm_codigo": "510271000" }, "geometry": { "type": "Point", "coordinates": [ -46.7041242, -23.7380815 ] } },
{ "type": "Feature", "properties": { "id_comando": "CPA/M-10", "nome_comando": "10º Comando de Policiamento de Área Metropolitana (CPA/M-10)", "nome_batalhao": "27º BPM/M", "tipo_batalhao": "Metropolitano", "companhia": "2.CIA PM", "pelotao": "TERRITORIAL", "cidade": "Sao Paulo", "endereco": "RUA SADAMU INOUE, 6775, PARELHEIROS - Sao Paulo", "latitude": -23.8263788, "longitude": -46.7322077, "fonte_geocodificacao": "Google Geocoding API", "opm_nome": "2. COMPANHIA DE POLICIA MILITAR", "opm_descricao": "CPA/M-10 27.BPM/M 2.CIA PM TERRITORIAL", "opm_codigo": "510272000" }, "geometry": { "type": "Point", "coordinates": [ -46.7322077, -23.8263788 ] } },
{ "type": "Feature", "properties": { "id_comando": "CPA/M-10", "nome_comando": "10º Comando de Policiamento de Área Metropolitana (CPA/M-10)", "nome_batalhao": "27º BPM/M", "tipo_batalhao": "Metropolitano", "companhia": "3.CIA PM", "pelotao": "TERRITORIAL", "cidade": "Sao Paulo", "endereco": "AVENIDA SENADOR TEOTONIO VILELA, 37, SOCORRO - Sao Paulo", "latitude": -23.7017544, "longitude": -46.7011907, "fonte_geocodificacao": "Google Geocoding API", "opm_nome": "3. COMPANHIA DE POLICIA MILITAR", "opm_descricao": "CPA/M-10 27.BPM/M 3.CIA PM TERRITORIAL", "opm_codigo": "510273000" }, "geometry": { "type": "Point", "coordinates": [ -46.7011907, -23.7017544 ] } },
{ "type": "Feature", "properties": { "id_comando": "CPA/M-10", "nome_comando": "10º Comando de Policiamento de Área Metropolitana (CPA/M-10)", "nome_batalhao": "27º BPM/M", "tipo_batalhao": "Metropolitano", "companhia": "4.CIA PM", "pelotao": "TERRITORIAL", "cidade": "Sao Paulo", "endereco": "RUA ELOI PONTES, 56, JD COLONIAL - Sao Paulo", "latitude": -23.7220403, "longitude": -46.6892795, "fonte_geocodificacao": "Google Geocoding API", "opm_nome": "4. COMPANHIA DE POLICIA MILITAR", "opm_descricao": "CPA/M-10 27.BPM/M 4.CIA PM TERRITORIAL", "opm_codigo": "510274000" }, "geometry": { "type": "Point", "coordinates": [ -46.6892795, -23.7220403 ] } },
{ "type": "Feature", "properties": { "id_comando": "CPI-10", "nome_comando": "10º Comando de Policiamento do Interior (CPI-10)", "nome_batalhao": "28º BPM/I", "tipo_batalhao": "Interior", "companhia": "1.CIA PM", "pelotao": "0", "cidade": "Nova Independencia", "endereco": "RUA SANTA MARIA, 597, CENTRO - Nova Independencia", "latitude": -21.1047613, "longitude": -51.4891569, "fonte_geocodificacao": "Google Geocoding API", "opm_nome": "GRUPO POLICIAL MILITAR", "opm_descricao": "CPI-10 28.BPM/I 1.CIA PM 0 GP/PM", "opm_codigo": "610281001" }, "geometry": { "type": "Point", "coordinates": [ -51.4891569, -21.1047613 ] } },
{ "type": "Feature", "properties": { "id_comando": "CPI-10", "nome_comando": "10º Comando de Policiamento do Interior (CPI-10)", "nome_batalhao": "28º BPM/I", "tipo_batalhao": "Interior", "companhia": "1.CIA PM", "pelotao": "1.PEL PM", "cidade": "Andradina", "endereco": "RUA BARÃO DO RIO BRANCO, 405, PARQUE SANTO ANTONIO - Andradina", "latitude": -20.8965224, "longitude": -51.3835841, "fonte_geocodificacao": "Google Geocoding API", "opm_nome": "28.BPM/I - 1.PEL PM", "opm_descricao": "CPI-10 28.BPM/I 1.CIA PM 1.PEL PM", "opm_codigo": "610281100" }, "geometry": { "type": "Point", "coordinates": [ -51.3835841, -20.8965224 ] } },
{ "type": "Feature", "properties": { "id_comando": "CPI-10", "nome_comando": "10º Comando de Policiamento do Interior (CPI-10)", "nome_batalhao": "28º BPM/I", "tipo_batalhao": "Interior", "companhia": "1.CIA PM", "pelotao": "2.PEL PM", "cidade": "Andradina", "endereco": "AVENIDA BARÃO DO RIO BRANCO, 405, PARQUE SANTO ANTONIO - Andradina", "latitude": -20.8939599, "longitude": -51.3882225, "fonte_geocodificacao": "Google Geocoding API", "opm_nome": "28.BPM/I - 2.PEL PM", "opm_descricao": "CPI-10 28.BPM/I 1.CIA PM 2.PEL PM", "opm_codigo": "610281200" }, "geometry": { "type": "Point", "coordinates": [ -51.3882225, -20.8939599 ] } },
{ "type": "Feature", "properties": { "id_comando": "CPI-10", "nome_comando": "10º Comando de Policiamento do Interior (CPI-10)", "nome_batalhao": "28º BPM/I", "tipo_batalhao": "Interior", "companhia": "1.CIA PM", "pelotao": "ADMINISTRACAO", "cidade": "Andradina", "endereco": "AVENIDA BARÃO DO RIO BRANCO, 405, PQ SANTO ANTONIO - Andradina", "latitude": -20.8939599, "longitude": -51.3882225, "fonte_geocodificacao": "Google Geocoding API", "opm_nome": "ADMINISTRACAO", "opm_descricao": "CPI-10 28.BPM/I 1.CIA PM ADMINISTRACAO 0", "opm_codigo": "610281500" }, "geometry": { "type": "Point", "coordinates": [ -51.3882225, -20.8939599 ] } },
{ "type": "Feature", "properties": { "id_comando": "CPI-10", "nome_comando": "10º Comando de Policiamento do Interior (CPI-10)", "nome_batalhao": "28º BPM/I", "tipo_batalhao": "Interior", "companhia": "1.CIA PM", "pelotao": "CGP", "cidade": "Andradina", "endereco": "AVENIDA BARÃO DO RIO BRANCO, 405, PQ SANTO ANTONIO - Andradina", "latitude": -20.8939599, "longitude": -51.3882225, "fonte_geocodificacao": "Google Geocoding API", "opm_nome": "COMANDO GRUPO PATRULHA", "opm_descricao": "CPI-10 28.BPM/I 1.CIA PM CGP", "opm_codigo": "610281600" }, "geometry": { "type": "Point", "coordinates": [ -51.3882225, -20.8939599 ] } },
{ "type": "Feature", "properties": { "id_comando": "CPI-10", "nome_comando": "10º Comando de Policiamento do Interior (CPI-10)", "nome_batalhao": "28º BPM/I", "tipo_batalhao": "Interior", "companhia": "1.CIA PM", "pelotao": "PEL FT", "cidade": "Andradina", "endereco": "RUA BARÃO DO RIO BRANCO, 405, PARQUE SANTO ANTONIO - Andradina", "latitude": -20.8965224, "longitude": -51.3835841, "fonte_geocodificacao": "Google Geocoding API", "opm_nome": "PEL FT", "opm_descricao": "CPI-10 28.BPM/I 1.CIA PM PEL FT", "opm_codigo": "610281900" }, "geometry": { "type": "Point", "coordinates": [ -51.3835841, -20.8965224 ] } },
{ "type": "Feature", "properties": { "id_comando": "CPI-10", "nome_comando": "10º Comando de Policiamento do Interior (CPI-10)", "nome_batalhao": "28º BPM/I", "tipo_batalhao": "Interior", "companhia": "1.CIA PM", "pelotao": "PEL PM", "cidade": "Andradina", "endereco": "RUA BARÃO DO RIO BRANCO, 405, PARQUE SANTO ANTONIO - Andradina", "latitude": -20.8965224, "longitude": -51.3835841, "fonte_geocodificacao": "Google Geocoding API", "opm_nome": "PELOTAO POLICIAL MILITAR", "opm_descricao": "CPI-10 28.BPM/I 1.CIA PM PEL PM 0", "opm_codigo": "610281300" }, "geometry": { "type": "Point", "coordinates": [ -51.3835841, -20.8965224 ] } },
{ "type": "Feature", "properties": { "id_comando": "CPI-10", "nome_comando": "10º Comando de Policiamento do Interior (CPI-10)", "nome_batalhao": "28º BPM/I", "tipo_batalhao": "Interior", "companhia": "2.CIA PM", "pelotao": "1.PEL PM", "cidade": "Ilha Solteira", "endereco": "ALAMEDA GOIAS, 256, CENTRO - Ilha Solteira", "latitude": -20.4247837, "longitude": -51.3449298, "fonte_geocodificacao": "Google Geocoding API", "opm_nome": "28.BPM/I 2.CIA PM 1.PEL PM", "opm_descricao": "CPI-10 28.BPM/I 2.CIA PM 1.PEL PM", "opm_codigo": "610282100" }, "geometry": { "type": "Point", "coordinates": [ -51.3449298, -20.4247837 ] } },
{ "type": "Feature", "properties": { "id_comando": "CPI-10", "nome_comando": "10º Comando de Policiamento do Interior (CPI-10)", "nome_batalhao": "28º BPM/I", "tipo_batalhao": "Interior", "companhia": "2.CIA PM", "pelotao": "ADMINISTRACAO", "cidade": "Ilha Solteira", "endereco": "ALAMEDA GOIÁS, 256, CENTRO - Ilha Solteira", "latitude": -20.4247837, "longitude": -51.3449298, "fonte_geocodificacao": "Google Geocoding API", "opm_nome": "ADMINISTRACAO", "opm_descricao": "CPI-10 28.BPM/I 2.CIA PM ADMINISTRACAO 0", "opm_codigo": "610282300" }, "geometry": { "type": "Point", "coordinates": [ -51.3449298, -20.4247837 ] } },
{ "type": "Feature", "properties": { "id_comando": "CPI-10", "nome_comando": "10º Comando de Policiamento do Interior (CPI-10)", "nome_batalhao": "28º BPM/I", "tipo_batalhao": "Interior", "companhia": "2.CIA PM", "pelotao": "CGP", "cidade": "Ilha Solteira", "endereco": "ALAMEDA GOIÁS, 256, ZONA NORTE - Ilha Solteira", "latitude": -20.4247837, "longitude": -51.3449298, "fonte_geocodificacao": "Google Geocoding API", "opm_nome": "COMANDO GRUPO PATRULHA", "opm_descricao": "CPI-10 28.BPM/I 2.CIA PM CGP", "opm_codigo": "610282400" }, "geometry": { "type": "Point", "coordinates": [ -51.3449298, -20.4247837 ] } },
{ "type": "Feature", "properties": { "id_comando": "CPI-10", "nome_comando": "10º Comando de Policiamento do Interior (CPI-10)", "nome_batalhao": "28º BPM/I", "tipo_batalhao": "Interior", "companhia": "2.CIA PM", "pelotao": "PEL PM", "cidade": "Ilha Solteira", "endereco": "ALAMEDA GOIAS, 256, CENTRO - Ilha Solteira", "latitude": -20.4247837, "longitude": -51.3449298, "fonte_geocodificacao": "Google Geocoding API", "opm_nome": "PELOTAO POLICIAL MILITAR", "opm_descricao": "CPI-10 28.BPM/I 2.CIA PM PEL PM 0", "opm_codigo": "610282200" }, "geometry": { "type": "Point", "coordinates": [ -51.3449298, -20.4247837 ] } },
{ "type": "Feature", "properties": { "id_comando": "CPI-10", "nome_comando": "10º Comando de Policiamento do Interior (CPI-10)", "nome_batalhao": "28º BPM/I", "tipo_batalhao": "Interior", "companhia": "3.CIA PM", "pelotao": "1.PEL PM", "cidade": "Mirandopolis", "endereco": "AVENIDA SÃO PAULO, 272, BAIRRO PAULICEIA - Mirandopolis", "latitude": -21.081085580381888, "longitude": -51.130531906892152, "fonte_geocodificacao": "Centroide do município-sede (geocodificação rejeitada: fora dos limites do município)", "opm_nome": "28.BPM/I 3.CIA PM 1.PEL PM", "opm_descricao": "CPI-10 28.BPM/I 3.CIA PM 1.PEL PM", "opm_codigo": "610283100" }, "geometry": { "type": "Point", "coordinates": [ -51.130531906892152, -21.081085580381888 ] } },
{ "type": "Feature", "properties": { "id_comando": "CPI-10", "nome_comando": "10º Comando de Policiamento do Interior (CPI-10)", "nome_batalhao": "28º BPM/I", "tipo_batalhao": "Interior", "companhia": "3.CIA PM", "pelotao": "2.PEL PM", "cidade": "Mirandopolis", "endereco": "AVENIDA SÃO PAULO, 272, BAIRRO PAULICEIA - Mirandopolis", "latitude": -21.081085580381888, "longitude": -51.130531906892152, "fonte_geocodificacao": "Centroide do município-sede (geocodificação rejeitada: fora dos limites do município)", "opm_nome": "28.BPM/I 3.CIA PM 2.PEL PM", "opm_descricao": "CPI-10 28.BPM/I 3.CIA PM 2.PEL PM", "opm_codigo": "610283200" }, "geometry": { "type": "Point", "coordinates": [ -51.130531906892152, -21.081085580381888 ] } },
{ "type": "Feature", "properties": { "id_comando": "CPI-10", "nome_comando": "10º Comando de Policiamento do Interior (CPI-10)", "nome_batalhao": "28º BPM/I", "tipo_batalhao": "Interior", "companhia": "3.CIA PM", "pelotao": "ADMINISTRACAO", "cidade": "Mirandopolis", "endereco": "AVENIDA SÃO PAULO, 272, CENTRO - Mirandopolis", "latitude": -21.1289067, "longitude": -51.1000401, "fonte_geocodificacao": "Google Geocoding API", "opm_nome": "ADMINISTRACAO", "opm_descricao": "CPI-10 28.BPM/I 3.CIA PM ADMINISTRACAO 0", "opm_codigo": "610283400" }, "geometry": { "type": "Point", "coordinates": [ -51.1000401, -21.1289067 ] } },
{ "type": "Feature", "properties": { "id_comando": "CPI-10", "nome_comando": "10º Comando de Policiamento do Interior (CPI-10)", "nome_batalhao": "28º BPM/I", "tipo_batalhao": "Interior", "companhia": "3.CIA PM", "pelotao": "CGP", "cidade": "Mirandopolis", "endereco": "AVENIDA SÃO PAULO, 272, JD. PAULICÉIA - Mirandopolis", "latitude": -21.1289067, "longitude": -51.1000401, "fonte_geocodificacao": "Google Geocoding API", "opm_nome": "COMANDO GRUPO PATRULHA", "opm_descricao": "CPI-10 28.BPM/I 3.CIA PM CGP", "opm_codigo": "610283500" }, "geometry": { "type": "Point", "coordinates": [ -51.1000401, -21.1289067 ] } },
{ "type": "Feature", "properties": { "id_comando": "CPI-10", "nome_comando": "10º Comando de Policiamento do Interior (CPI-10)", "nome_batalhao": "28º BPM/I", "tipo_batalhao": "Interior", "companhia": "3.CIA PM", "pelotao": "PEL PM", "cidade": "Mirandopolis", "endereco": "AVENIDA SÃO PAULO, 272, BAIRRO PAULICEIA - Mirandopolis", "latitude": -21.081085580381888, "longitude": -51.130531906892152, "fonte_geocodificacao": "Centroide do município-sede (geocodificação rejeitada: fora dos limites do município)", "opm_nome": "PELOTAO POLICIAL MILITAR", "opm_descricao": "CPI-10 28.BPM/I 3.CIA PM PEL PM 0", "opm_codigo": "610283300" }, "geometry": { "type": "Point", "coordinates": [ -51.130531906892152, -21.081085580381888 ] } },
{ "type": "Feature", "properties": { "id_comando": "CPI-10", "nome_comando": "10º Comando de Policiamento do Interior (CPI-10)", "nome_batalhao": "28º BPM/I", "tipo_batalhao": "Interior", "companhia": "CIA FT", "pelotao": "1.PEL FT", "cidade": "Andradina", "endereco": "AVENIDA BARÃO DO RIO BRANCO, 405, PQ SANTO ANTONIO - Andradina", "latitude": -20.8939599, "longitude": -51.3882225, "fonte_geocodificacao": "Google Geocoding API", "opm_nome": "1. PELOTAO DE FORCA TATICA", "opm_descricao": "CPI-10 28.BPM/I CIA FT 1.PEL FT", "opm_codigo": "610285100" }, "geometry": { "type": "Point", "coordinates": [ -51.3882225, -20.8939599 ] } },
{ "type": "Feature", "properties": { "id_comando": "CPI-10", "nome_comando": "10º Comando de Policiamento do Interior (CPI-10)", "nome_batalhao": "28º BPM/I", "tipo_batalhao": "Interior", "companhia": "CIA FT", "pelotao": "2.PEL FT", "cidade": "Andradina", "endereco": "AVENIDA BARÃO DO RIO BRANCO, 405, PQ SANTO ANTONIO - Andradina", "latitude": -20.8939599, "longitude": -51.3882225, "fonte_geocodificacao": "Google Geocoding API", "opm_nome": "2. PELOTAO DE FORCA TATICA", "opm_descricao": "CPI-10 28.BPM/I CIA FT 2.PEL FT", "opm_codigo": "610285200" }, "geometry": { "type": "Point", "coordinates": [ -51.3882225, -20.8939599 ] } },
{ "type": "Feature", "properties": { "id_comando": "CPI-10", "nome_comando": "10º Comando de Policiamento do Interior (CPI-10)", "nome_batalhao": "28º BPM/I", "tipo_batalhao": "Interior", "companhia": "CIA FT", "pelotao": "ADM", "cidade": "Andradina", "endereco": "AVENIDA BARÃO DO RIO BRANCO, 405, PQ SANTO ANTONIO - Andradina", "latitude": -20.8939599, "longitude": -51.3882225, "fonte_geocodificacao": "Google Geocoding API", "opm_nome": "ADMINISTRACAO", "opm_descricao": "CPI-10 28.BPM/I CIA FT ADM", "opm_codigo": "610285400" }, "geometry": { "type": "Point", "coordinates": [ -51.3882225, -20.8939599 ] } },
{ "type": "Feature", "properties": { "id_comando": "CPI-10", "nome_comando": "10º Comando de Policiamento do Interior (CPI-10)", "nome_batalhao": "28º BPM/I", "tipo_batalhao": "Interior", "companhia": "COORD OP", "pelotao": "0", "cidade": "Andradina", "endereco": "AVENIDA BARÃO DO RIO BRANCO, 405, PQ SANTO ANTONIO - Andradina", "latitude": -20.8939599, "longitude": -51.3882225, "fonte_geocodificacao": "Google Geocoding API", "opm_nome": "COORD OP", "opm_descricao": "CPI-10 28.BPM/I COORD OP 0 0", "opm_codigo": "610284000" }, "geometry": { "type": "Point", "coordinates": [ -51.3882225, -20.8939599 ] } },
{ "type": "Feature", "properties": { "id_comando": "CPI-10", "nome_comando": "10º Comando de Policiamento do Interior (CPI-10)", "nome_batalhao": "28º BPM/I", "tipo_batalhao": "Interior", "companhia": "EM", "pelotao": "AA", "cidade": "Andradina", "endereco": "AVENIDA BARÃO DO RIO BRANCO, 405, PARQUE SANTO ANTONIO - Andradina", "latitude": -20.8939599, "longitude": -51.3882225, "fonte_geocodificacao": "Google Geocoding API", "opm_nome": "AGENCIA DE AREA", "opm_descricao": "CPI-10 28.BPM/I EM AA 0", "opm_codigo": "610288200" }, "geometry": { "type": "Point", "coordinates": [ -51.3882225, -20.8939599 ] } },
{ "type": "Feature", "properties": { "id_comando": "CPI-10", "nome_comando": "10º Comando de Policiamento do Interior (CPI-10)", "nome_batalhao": "28º BPM/I", "tipo_batalhao": "Interior", "companhia": "EM", "pelotao": "DIV OP", "cidade": "Andradina", "endereco": "AVENIDA BARÃO DO RIO BRANCO, 405, PARQUE SANTO ANTONIO - Andradina", "latitude": -20.8939599, "longitude": -51.3882225, "fonte_geocodificacao": "Google Geocoding API", "opm_nome": "DIVISAO OPERACIONAL", "opm_descricao": "CPI-10 28.BPM/I EM DIV OP", "opm_codigo": "610288300" }, "geometry": { "type": "Point", "coordinates": [ -51.3882225, -20.8939599 ] } },
{ "type": "Feature", "properties": { "id_comando": "CPI-10", "nome_comando": "10º Comando de Policiamento do Interior (CPI-10)", "nome_batalhao": "28º BPM/I", "tipo_batalhao": "Interior", "companhia": "EM", "pelotao": "MOTOMEC", "cidade": "Andradina", "endereco": "RUA BARÃO DO RIO BRANCO, 405, PARQUE SANTO ANTONIO - Andradina", "latitude": -20.8965224, "longitude": -51.3835841, "fonte_geocodificacao": "Google Geocoding API", "opm_nome": "28.BPM/I - MOTOMEC", "opm_descricao": "CPI-10 28.BPM/I EM MOTOMEC 0", "opm_codigo": "610288700" }, "geometry": { "type": "Point", "coordinates": [ -51.3835841, -20.8965224 ] } },
{ "type": "Feature", "properties": { "id_comando": "CPI-10", "nome_comando": "10º Comando de Policiamento do Interior (CPI-10)", "nome_batalhao": "28º BPM/I", "tipo_batalhao": "Interior", "companhia": "EM", "pelotao": "P/1 E P/5", "cidade": "Andradina", "endereco": "RUA BARÃO DO RIO BRANCO, 405, PARQUE SANTO ANTONIO - Andradina", "latitude": -20.8965224, "longitude": -51.3835841, "fonte_geocodificacao": "Google Geocoding API", "opm_nome": "P/1 E P/5", "opm_descricao": "CPI-10 28.BPM/I EM P/1 E P/5", "opm_codigo": "610288100" }, "geometry": { "type": "Point", "coordinates": [ -51.3835841, -20.8965224 ] } },
{ "type": "Feature", "properties": { "id_comando": "CPI-10", "nome_comando": "10º Comando de Policiamento do Interior (CPI-10)", "nome_batalhao": "28º BPM/I", "tipo_batalhao": "Interior", "companhia": "EM", "pelotao": "P/4 E MOTOMEC", "cidade": "Andradina", "endereco": "RUA BARÃO DO RIO BRANCO, 405, CENTRO - Andradina", "latitude": -20.8965224, "longitude": -51.3835841, "fonte_geocodificacao": "Google Geocoding API", "opm_nome": "P/4 E MOTOMECANIZACAO", "opm_descricao": "CPI-10 28.BPM/I EM P/4 E MOTOMEC 0", "opm_codigo": "610288400" }, "geometry": { "type": "Point", "coordinates": [ -51.3835841, -20.8965224 ] } },
{ "type": "Feature", "properties": { "id_comando": "CPI-10", "nome_comando": "10º Comando de Policiamento do Interior (CPI-10)", "nome_batalhao": "28º BPM/I", "tipo_batalhao": "Interior", "companhia": "EM", "pelotao": "P/5", "cidade": "Andradina", "endereco": "RUA BARÃO DO RIO BRANCO, 405, PARQUE SANTO ANTONIO - Andradina", "latitude": -20.8965224, "longitude": -51.3835841, "fonte_geocodificacao": "Google Geocoding API", "opm_nome": "28.BPM/I EM P/5", "opm_descricao": "CPI-10 28.BPM/I EM P/5", "opm_codigo": "610288500" }, "geometry": { "type": "Point", "coordinates": [ -51.3835841, -20.8965224 ] } },
{ "type": "Feature", "properties": { "id_comando": "CPI-10", "nome_comando": "10º Comando de Policiamento do Interior (CPI-10)", "nome_batalhao": "28º BPM/I", "tipo_batalhao": "Interior", "companhia": "EM", "pelotao": "ST PJMD", "cidade": "Andradina", "endereco": "RUA BARÃO DO RIO BRANCO, 405, CENTRO - Andradina", "latitude": -20.8965224, "longitude": -51.3835841, "fonte_geocodificacao": "Google Geocoding API", "opm_nome": "SETOR POLICIA JUDICIARIA MILITAR E DISCIPLINAR", "opm_descricao": "CPI-10 28.BPM/I EM ST PJMD 0", "opm_codigo": "610288600" }, "geometry": { "type": "Point", "coordinates": [ -51.3835841, -20.8965224 ] } },
{ "type": "Feature", "properties": { "id_comando": "CPI-10", "nome_comando": "10º Comando de Policiamento do Interior (CPI-10)", "nome_batalhao": "28º BPM/I", "tipo_batalhao": "Interior", "companhia": "EM", "pelotao": "UIS", "cidade": "Andradina", "endereco": "AVENIDA BARÃO DO RIO BRANCO, 405, PQ SANTO ANTONIO - Andradina", "latitude": -20.8939599, "longitude": -51.3882225, "fonte_geocodificacao": "Google Geocoding API", "opm_nome": "UNIDADE INTEGRADA DE SAUDE", "opm_descricao": "CPI-10 28.BPM/I EM UIS 0", "opm_codigo": "610288010" }, "geometry": { "type": "Point", "coordinates": [ -51.3882225, -20.8939599 ] } },
{ "type": "Feature", "properties": { "id_comando": "CPI-10", "nome_comando": "10º Comando de Policiamento do Interior (CPI-10)", "nome_batalhao": "28º BPM/I", "tipo_batalhao": "Interior", "companhia": "EM", "pelotao": "UIS MEDICA", "cidade": "Andradina", "endereco": "RUA BARÃO DO RIO BRANCO, 405, CENTRO - Andradina", "latitude": -20.8965224, "longitude": -51.3835841, "fonte_geocodificacao": "Google Geocoding API", "opm_nome": "28.BPM/I EM UIS MEDICA", "opm_descricao": "CPI-10 28.BPM/I EM UIS MEDICA", "opm_codigo": "610288800" }, "geometry": { "type": "Point", "coordinates": [ -51.3835841, -20.8965224 ] } },
{ "type": "Feature", "properties": { "id_comando": "CPA/M-9", "nome_comando": "9º Comando de Policiamento de Área Metropolitana (CPA/M-9)", "nome_batalhao": "28º BPM/M", "tipo_batalhao": "Metropolitano", "companhia": "1.CIA PM", "pelotao": "TERRITORIAL", "cidade": "Sao Paulo", "endereco": "RUA SALVADOR GIANETTI, 386, GUAIANASES - Sao Paulo", "latitude": -23.5425727, "longitude": -46.4189481, "fonte_geocodificacao": "Google Geocoding API", "opm_nome": "1.COMPANHIA DE POLICIA MILITAR", "opm_descricao": "CPA/M-9 28.BPM/M 1.CIA PM TERRITORIAL", "opm_codigo": "509281000" }, "geometry": { "type": "Point", "coordinates": [ -46.418948099999987, -23.5425727 ] } },
{ "type": "Feature", "properties": { "id_comando": "CPA/M-9", "nome_comando": "9º Comando de Policiamento de Área Metropolitana (CPA/M-9)", "nome_batalhao": "28º BPM/M", "tipo_batalhao": "Metropolitano", "companhia": "2.CIA PM", "pelotao": "TERRITORIAL", "cidade": "Sao Paulo", "endereco": "AVENIDA JACU-PESSEGO, 2708, SAO MIGUEL - Sao Paulo", "latitude": -23.5251282, "longitude": -46.4573004, "fonte_geocodificacao": "Google Geocoding API", "opm_nome": "2.COMPANHIA DE POLICIA MILITAR", "opm_descricao": "CPA/M-9 28.BPM/M 2.CIA PM TERRITORIAL", "opm_codigo": "509282000" }, "geometry": { "type": "Point", "coordinates": [ -46.4573004, -23.5251282 ] } },
{ "type": "Feature", "properties": { "id_comando": "CPA/M-9", "nome_comando": "9º Comando de Policiamento de Área Metropolitana (CPA/M-9)", "nome_batalhao": "28º BPM/M", "tipo_batalhao": "Metropolitano", "companhia": "3.CIA PM", "pelotao": "TERRITORIAL", "cidade": "Sao Paulo", "endereco": "AVENIDA DOS METALURGICOS, 120, CIDADE TIRADENTES - Sao Paulo", "latitude": -23.5841945, "longitude": -46.4091966, "fonte_geocodificacao": "Google Geocoding API", "opm_nome": "3.COMPANHIA DE POLICIA MILITAR", "opm_descricao": "CPA/M-9 28.BPM/M 3.CIA PM TERRITORIAL", "opm_codigo": "509283000" }, "geometry": { "type": "Point", "coordinates": [ -46.4091966, -23.5841945 ] } },
{ "type": "Feature", "properties": { "id_comando": "CPI-6", "nome_comando": "6º Comando de Policiamento do Interior (CPI-6)", "nome_batalhao": "29º BPM/I", "tipo_batalhao": "Interior", "companhia": "1.CIA PM", "pelotao": "1.PEL PM", "cidade": "Mongagua", "endereco": "RUA ANTONIO MARTINS ARAUJO, 180, CENTRO - Mongagua", "latitude": -24.092669, "longitude": -46.620667, "fonte_geocodificacao": "Google Geocoding API", "opm_nome": "29.BPM/I 1.CIA PM 1.PEL PM", "opm_descricao": "CPI-6 29.BPM/I 1.CIA PM 1.PEL PM", "opm_codigo": "606291100" }, "geometry": { "type": "Point", "coordinates": [ -46.620667, -24.092669 ] } },
{ "type": "Feature", "properties": { "id_comando": "CPI-6", "nome_comando": "6º Comando de Policiamento do Interior (CPI-6)", "nome_batalhao": "29º BPM/I", "tipo_batalhao": "Interior", "companhia": "1.CIA PM", "pelotao": "ADM", "cidade": "Mongagua", "endereco": "RUA ANTÔNIO MARTINS ARAUJO, 180, CENTRO - Mongagua", "latitude": -24.092669, "longitude": -46.620667, "fonte_geocodificacao": "Google Geocoding API", "opm_nome": "ADMINISTRACAO", "opm_descricao": "CPI-6 29.BPM/I 1.CIA PM ADM 0", "opm_codigo": "606291400" }, "geometry": { "type": "Point", "coordinates": [ -46.620667, -24.092669 ] } },
{ "type": "Feature", "properties": { "id_comando": "CPI-6", "nome_comando": "6º Comando de Policiamento do Interior (CPI-6)", "nome_batalhao": "29º BPM/I", "tipo_batalhao": "Interior", "companhia": "1.CIA PM", "pelotao": "CGP", "cidade": "Mongagua", "endereco": "RUA ANTÔNIO MARTINS ARAUJO, 180, CENTRO - Mongagua", "latitude": -24.092669, "longitude": -46.620667, "fonte_geocodificacao": "Google Geocoding API", "opm_nome": "COMANDO GRUPO PATRULHA", "opm_descricao": "CPI-6 29.BPM/I 1.CIA PM CGP", "opm_codigo": "606291500" }, "geometry": { "type": "Point", "coordinates": [ -46.620667, -24.092669 ] } },
{ "type": "Feature", "properties": { "id_comando": "CPI-6", "nome_comando": "6º Comando de Policiamento do Interior (CPI-6)", "nome_batalhao": "29º BPM/I", "tipo_batalhao": "Interior", "companhia": "2.CIA PM", "pelotao": "ADM", "cidade": "Itanhaem", "endereco": "RUA JOÃO BATISTA LEAL, 755, CENTRO - Itanhaem", "latitude": -24.1877513, "longitude": -46.7952827, "fonte_geocodificacao": "Google Geocoding API", "opm_nome": "ADMINISTRACAO", "opm_descricao": "CPI-6 29.BPM/I 2.CIA PM ADM 0", "opm_codigo": "606292400" }, "geometry": { "type": "Point", "coordinates": [ -46.7952827, -24.1877513 ] } },
{ "type": "Feature", "properties": { "id_comando": "CPI-6", "nome_comando": "6º Comando de Policiamento do Interior (CPI-6)", "nome_batalhao": "29º BPM/I", "tipo_batalhao": "Interior", "companhia": "2.CIA PM", "pelotao": "CGP", "cidade": "Itanhaem", "endereco": "RUA JOÃO BATISTA LEAL, 755, CENTRO - Itanhaem", "latitude": -24.1877513, "longitude": -46.7952827, "fonte_geocodificacao": "Google Geocoding API", "opm_nome": "COMANDO GRUPO PATRULHA", "opm_descricao": "CPI-6 29.BPM/I 2.CIA PM CGP", "opm_codigo": "606292500" }, "geometry": { "type": "Point", "coordinates": [ -46.7952827, -24.1877513 ] } },
{ "type": "Feature", "properties": { "id_comando": "CPI-6", "nome_comando": "6º Comando de Policiamento do Interior (CPI-6)", "nome_batalhao": "29º BPM/I", "tipo_batalhao": "Interior", "companhia": "3.CIA PM", "pelotao": "1.PEL PM", "cidade": "Peruibe", "endereco": "AVENIDA RIO DE JANEIRO, 330, JARDIM SETLLA MARIS - Peruibe", "latitude": -24.3138781, "longitude": -46.9946506, "fonte_geocodificacao": "Google Geocoding API", "opm_nome": "29.BPM/I 3.CIA PM 1.PEL PM", "opm_descricao": "CPI-6 29.BPM/I 3.CIA PM 1.PEL PM", "opm_codigo": "606293100" }, "geometry": { "type": "Point", "coordinates": [ -46.9946506, -24.3138781 ] } },
{ "type": "Feature", "properties": { "id_comando": "CPI-6", "nome_comando": "6º Comando de Policiamento do Interior (CPI-6)", "nome_batalhao": "29º BPM/I", "tipo_batalhao": "Interior", "companhia": "3.CIA PM", "pelotao": "ADM", "cidade": "Peruibe", "endereco": "RUA RIO DE JANEIRO, 330, JARDIM STELLA MARIS - Peruibe", "latitude": -24.3138781, "longitude": -46.9946506, "fonte_geocodificacao": "Google Geocoding API", "opm_nome": "ADMINISTRACAO", "opm_descricao": "CPI-6 29.BPM/I 3.CIA PM ADM 0", "opm_codigo": "606293400" }, "geometry": { "type": "Point", "coordinates": [ -46.9946506, -24.3138781 ] } },
{ "type": "Feature", "properties": { "id_comando": "CPI-6", "nome_comando": "6º Comando de Policiamento do Interior (CPI-6)", "nome_batalhao": "29º BPM/I", "tipo_batalhao": "Interior", "companhia": "3.CIA PM", "pelotao": "CGP", "cidade": "Peruibe", "endereco": "AVENIDA RIO DE JANEIRO, 330, STELLA MARIS - Peruibe", "latitude": -24.3138781, "longitude": -46.9946506, "fonte_geocodificacao": "Google Geocoding API", "opm_nome": "COMANDO GRUPO PATRULHA", "opm_descricao": "CPI-6 29.BPM/I 3.CIA PM CGP", "opm_codigo": "606293500" }, "geometry": { "type": "Point", "coordinates": [ -46.9946506, -24.3138781 ] } },
{ "type": "Feature", "properties": { "id_comando": "CPI-6", "nome_comando": "6º Comando de Policiamento do Interior (CPI-6)", "nome_batalhao": "29º BPM/I", "tipo_batalhao": "Interior", "companhia": "EM", "pelotao": "AG AREA", "cidade": "Itanhaem", "endereco": "ESTRADA GENTIL PEREZ, 260, JD UMUARAMA - Itanhaem", "latitude": -24.1823399, "longitude": -46.818223, "fonte_geocodificacao": "Google Geocoding API", "opm_nome": "AGENCIA DE AREA", "opm_descricao": "CPI-6 29.BPM/I EM AG AREA 0", "opm_codigo": "606298200" }, "geometry": { "type": "Point", "coordinates": [ -46.818223, -24.1823399 ] } },
{ "type": "Feature", "properties": { "id_comando": "CPI-6", "nome_comando": "6º Comando de Policiamento do Interior (CPI-6)", "nome_batalhao": "29º BPM/I", "tipo_batalhao": "Interior", "companhia": "EM", "pelotao": "DIV OP", "cidade": "Itanhaem", "endereco": "ESTRADA GENTIL PEREZ, 260  BLOCO 3, JARDIM UMUARAMA - Itanhaem", "latitude": -24.1823399, "longitude": -46.818223, "fonte_geocodificacao": "Google Geocoding API", "opm_nome": "DIVISAO OPERACIONAL", "opm_descricao": "CPI-6 29.BPM/I EM DIV OP 0", "opm_codigo": "606298300" }, "geometry": { "type": "Point", "coordinates": [ -46.818223, -24.1823399 ] } },
{ "type": "Feature", "properties": { "id_comando": "CPI-6", "nome_comando": "6º Comando de Policiamento do Interior (CPI-6)", "nome_batalhao": "29º BPM/I", "tipo_batalhao": "Interior", "companhia": "EM", "pelotao": "GAB MEDICO", "cidade": "Itanhaem", "endereco": "ESTRADA GENTIL PEREZ, 260  BLOCO 3, JD UMUARAMA - Itanhaem", "latitude": -24.1823399, "longitude": -46.818223, "fonte_geocodificacao": "Google Geocoding API", "opm_nome": "GABINETE MEDICO", "opm_descricao": "CPI-6 29.BPM/I EM GAB MEDICO 0", "opm_codigo": "606298800" }, "geometry": { "type": "Point", "coordinates": [ -46.818223, -24.1823399 ] } },
{ "type": "Feature", "properties": { "id_comando": "CPI-6", "nome_comando": "6º Comando de Policiamento do Interior (CPI-6)", "nome_batalhao": "29º BPM/I", "tipo_batalhao": "Interior", "companhia": "EM", "pelotao": "P/1 P/5", "cidade": "Itanhaem", "endereco": "ESTRADA GENTIL PEREZ, 260  BLOCO 3, JARDIM UMUARAMA - Itanhaem", "latitude": -24.1823399, "longitude": -46.818223, "fonte_geocodificacao": "Google Geocoding API", "opm_nome": "P/1 E P/5", "opm_descricao": "CPI-6 29.BPM/I EM P/1 P/5 0", "opm_codigo": "606298100" }, "geometry": { "type": "Point", "coordinates": [ -46.818223, -24.1823399 ] } },
{ "type": "Feature", "properties": { "id_comando": "CPI-6", "nome_comando": "6º Comando de Policiamento do Interior (CPI-6)", "nome_batalhao": "29º BPM/I", "tipo_batalhao": "Interior", "companhia": "EM", "pelotao": "P/3", "cidade": "Itanhaem", "endereco": "ESTRADA GENTIL PEREZ, 260  BL-3, JARDIM UMUARAMA - Itanhaem", "latitude": -24.1823399, "longitude": -46.818223, "fonte_geocodificacao": "Google Geocoding API", "opm_nome": "COMANDO FORCA PATRULHA", "opm_descricao": "CPI-6 29.BPM/I EM P/3 CFP", "opm_codigo": "606298330" }, "geometry": { "type": "Point", "coordinates": [ -46.818223, -24.1823399 ] } },
{ "type": "Feature", "properties": { "id_comando": "CPI-6", "nome_comando": "6º Comando de Policiamento do Interior (CPI-6)", "nome_batalhao": "29º BPM/I", "tipo_batalhao": "Interior", "companhia": "EM", "pelotao": "P/4 MOTOMEC", "cidade": "Itanhaem", "endereco": "ESTRADA GENTIL PEREZ,, 260, JD UMUARAMA - Itanhaem", "latitude": -24.1823399, "longitude": -46.818223, "fonte_geocodificacao": "Google Geocoding API", "opm_nome": "P/4 E MOTOMECANIZACAO", "opm_descricao": "CPI-6 29.BPM/I EM P/4 MOTOMEC 0", "opm_codigo": "606298400" }, "geometry": { "type": "Point", "coordinates": [ -46.818223, -24.1823399 ] } },
{ "type": "Feature", "properties": { "id_comando": "CPI-6", "nome_comando": "6º Comando de Policiamento do Interior (CPI-6)", "nome_batalhao": "29º BPM/I", "tipo_batalhao": "Interior", "companhia": "EM", "pelotao": "P/5", "cidade": "Itanhaem", "endereco": "ESTRADA GENTIL PEREZ, 260  BLOCO 3, JD UMUARAMA - Itanhaem", "latitude": -24.1823399, "longitude": -46.818223, "fonte_geocodificacao": "Google Geocoding API", "opm_nome": "29.BPM/I P/5", "opm_descricao": "CPI-6 29.BPM/I EM P/5 0", "opm_codigo": "606298500" }, "geometry": { "type": "Point", "coordinates": [ -46.818223, -24.1823399 ] } },
{ "type": "Feature", "properties": { "id_comando": "CPI-6", "nome_comando": "6º Comando de Policiamento do Interior (CPI-6)", "nome_batalhao": "29º BPM/I", "tipo_batalhao": "Interior", "companhia": "EM", "pelotao": "SEC PJMD", "cidade": "Itanhaem", "endereco": "ESTRADA GENTIL PEREZ, 260  BLOCO 3, JD UMUARAMA - Itanhaem", "latitude": -24.1823399, "longitude": -46.818223, "fonte_geocodificacao": "Google Geocoding API", "opm_nome": "SECAO POLICIA JUDICIARIA MILITAR E DISCIPLINA", "opm_descricao": "CPI-6 29.BPM/I EM SEC PJMD 0", "opm_codigo": "606298600" }, "geometry": { "type": "Point", "coordinates": [ -46.818223, -24.1823399 ] } },
{ "type": "Feature", "properties": { "id_comando": "CPA/M-4", "nome_comando": "4º Comando de Policiamento de Área Metropolitana (CPA/M-4)", "nome_batalhao": "29º BPM/M", "tipo_batalhao": "Metropolitano", "companhia": "1.CIA PM", "pelotao": "TERRITORIAL", "cidade": "Sao Paulo", "endereco": "RUA TIBURCIO DE SOUSA, 860, ITAIM PAULISTA - Sao Paulo", "latitude": -23.5046049, "longitude": -46.3967358, "fonte_geocodificacao": "Google Geocoding API", "opm_nome": "1.COMPANHIA DE POLICIA MILITAR", "opm_descricao": "CPA/M-4 29.BPM/M 1.CIA PM TERRITORIAL", "opm_codigo": "504291000" }, "geometry": { "type": "Point", "coordinates": [ -46.396735799999988, -23.5046049 ] } },
{ "type": "Feature", "properties": { "id_comando": "CPA/M-4", "nome_comando": "4º Comando de Policiamento de Área Metropolitana (CPA/M-4)", "nome_batalhao": "29º BPM/M", "tipo_batalhao": "Metropolitano", "companhia": "2.CIA PM", "pelotao": "TERRITORIAL", "cidade": "Sao Paulo", "endereco": "AVENIDA NORDESTINA, 415  COMPANHIA DA POLICIA MILITAR, SAO MIGUEL - Sao Paulo", "latitude": -23.4968079, "longitude": -46.4414555, "fonte_geocodificacao": "Google Geocoding API", "opm_nome": "2.COMPANHIA DE POLICIA MILITAR", "opm_descricao": "CPA/M-4 29.BPM/M 2.CIA PM TERRITORIAL", "opm_codigo": "504292000" }, "geometry": { "type": "Point", "coordinates": [ -46.4414555, -23.4968079 ] } },
{ "type": "Feature", "properties": { "id_comando": "CPA/M-4", "nome_comando": "4º Comando de Policiamento de Área Metropolitana (CPA/M-4)", "nome_batalhao": "29º BPM/M", "tipo_batalhao": "Metropolitano", "companhia": "3.CIA PM", "pelotao": "TERRITORIAL", "cidade": "Sao Paulo", "endereco": "RUA CORDAO DE S FRANCISCO, 875  COMPANHIA DA POLICIA MILITAR, JARDIM HELENA - Sao Paulo", "latitude": -23.4935729, "longitude": -46.4029608, "fonte_geocodificacao": "Google Geocoding API", "opm_nome": "3.COMPANHIA DE POLICIA MILITAR", "opm_descricao": "CPA/M-4 29.BPM/M 3.CIA PM TERRITORIAL", "opm_codigo": "504293000" }, "geometry": { "type": "Point", "coordinates": [ -46.4029608, -23.4935729 ] } },
{ "type": "Feature", "properties": { "id_comando": "CPI-3", "nome_comando": "3º Comando de Policiamento do Interior (CPI-3)", "nome_batalhao": "3º BPM/I", "tipo_batalhao": "Interior", "companhia": "1.CIA PM", "pelotao": "ADM", "cidade": "Ribeirao Preto", "endereco": "RUA MINAS, 353, CAMPOS ELÍSEOS - Ribeirao Preto", "latitude": -21.166959, "longitude": -47.8088767, "fonte_geocodificacao": "Google Geocoding API", "opm_nome": "ADMINISTRACAO", "opm_descricao": "CPI-3 3.BPM/I 1.CIA PM ADM", "opm_codigo": "603031400" }, "geometry": { "type": "Point", "coordinates": [ -47.808876700000013, -21.166959 ] } },
{ "type": "Feature", "properties": { "id_comando": "CPI-3", "nome_comando": "3º Comando de Policiamento do Interior (CPI-3)", "nome_batalhao": "3º BPM/I", "tipo_batalhao": "Interior", "companhia": "1.CIA PM", "pelotao": "CGP", "cidade": "Ribeirao Preto", "endereco": "RUA MINAS, 352, CAMPOS ELÍSEOS - Ribeirao Preto", "latitude": -21.1673686, "longitude": -47.8091418, "fonte_geocodificacao": "Google Geocoding API", "opm_nome": "COMANDO DE GRUPO PATRULHA", "opm_descricao": "CPI-3 3.BPM/I 1.CIA PM CGP", "opm_codigo": "603031500" }, "geometry": { "type": "Point", "coordinates": [ -47.8091418, -21.1673686 ] } },
{ "type": "Feature", "properties": { "id_comando": "CPI-3", "nome_comando": "3º Comando de Policiamento do Interior (CPI-3)", "nome_batalhao": "3º BPM/I", "tipo_batalhao": "Interior", "companhia": "1.CIA PM", "pelotao": "TERRITORIAL", "cidade": "Ribeirao Preto", "endereco": "VIA SÃO BENTO, 101, JARDIM MOSTEIRO - Ribeirao Preto", "latitude": -21.1726198, "longitude": -47.7984662, "fonte_geocodificacao": "Google Geocoding API", "opm_nome": "1. COMPANHIA DE POLICIA MILITAR", "opm_descricao": "CPI-3 3.BPM/I 1.CIA PM TERRITORIAL", "opm_codigo": "603031000" }, "geometry": { "type": "Point", "coordinates": [ -47.7984662, -21.1726198 ] } },
{ "type": "Feature", "properties": { "id_comando": "CPI-3", "nome_comando": "3º Comando de Policiamento do Interior (CPI-3)", "nome_batalhao": "3º BPM/I", "tipo_batalhao": "Interior", "companhia": "2.CIA PM", "pelotao": "ADM", "cidade": "Ribeirao Preto", "endereco": "RUA DEPUTADO ORLANDO JURCA, 164, CJ. HAB. QUINTINO FACCI II - Ribeirao Preto", "latitude": -21.1121434, "longitude": -47.7928277, "fonte_geocodificacao": "Google Geocoding API", "opm_nome": "ADMINISTRACAO", "opm_descricao": "CPI-3 3.BPM/I 2.CIA PM ADM", "opm_codigo": "603032400" }, "geometry": { "type": "Point", "coordinates": [ -47.7928277, -21.1121434 ] } },
{ "type": "Feature", "properties": { "id_comando": "CPI-3", "nome_comando": "3º Comando de Policiamento do Interior (CPI-3)", "nome_batalhao": "3º BPM/I", "tipo_batalhao": "Interior", "companhia": "2.CIA PM", "pelotao": "CGP", "cidade": "Ribeirao Preto", "endereco": "RUA DEPUTADO ORLANDO JURCA, 164, CJ. HAB. QUINTINO FACCI II - Ribeirao Preto", "latitude": -21.1121434, "longitude": -47.7928277, "fonte_geocodificacao": "Google Geocoding API", "opm_nome": "COMANDO DE GRUPO PATRULHA", "opm_descricao": "CPI-3 3.BPM/I 2.CIA PM CGP", "opm_codigo": "603032500" }, "geometry": { "type": "Point", "coordinates": [ -47.7928277, -21.1121434 ] } },
{ "type": "Feature", "properties": { "id_comando": "CPI-3", "nome_comando": "3º Comando de Policiamento do Interior (CPI-3)", "nome_batalhao": "3º BPM/I", "tipo_batalhao": "Interior", "companhia": "2.CIA PM", "pelotao": "TERRITORIAL", "cidade": "Ribeirao Preto", "endereco": "RUA DEPUTADO ORLANDO JURCA, 164, CJ. HAB. QUINTINO FACCI II - Ribeirao Preto", "latitude": -21.1121434, "longitude": -47.7928277, "fonte_geocodificacao": "Google Geocoding API", "opm_nome": "2. COMPANHIA DE POLICIA MILITAR", "opm_descricao": "CPI-3 3.BPM/I 2.CIA PM TERRITORIAL", "opm_codigo": "603032000" }, "geometry": { "type": "Point", "coordinates": [ -47.7928277, -21.1121434 ] } },
{ "type": "Feature", "properties": { "id_comando": "CPI-3", "nome_comando": "3º Comando de Policiamento do Interior (CPI-3)", "nome_batalhao": "3º BPM/I", "tipo_batalhao": "Interior", "companhia": "3.CIA PM", "pelotao": "1.PEL PM", "cidade": "Cajuru", "endereco": "RUA BARAO DE RIBEIRO BARBOSA, 20, VILA RICA - Cajuru", "latitude": -21.2731128, "longitude": -47.3014429, "fonte_geocodificacao": "Google Geocoding API", "opm_nome": "1. PELOTAO POLICIAL MILITAR", "opm_descricao": "CPI-3 3.BPM/I 3.CIA PM 1.PEL PM", "opm_codigo": "603033100" }, "geometry": { "type": "Point", "coordinates": [ -47.3014429, -21.2731128 ] } },
{ "type": "Feature", "properties": { "id_comando": "CPI-3", "nome_comando": "3º Comando de Policiamento do Interior (CPI-3)", "nome_batalhao": "3º BPM/I", "tipo_batalhao": "Interior", "companhia": "3.CIA PM", "pelotao": "2.PEL PM", "cidade": "Brodowski", "endereco": "RUA FLORIANO PEIXOTO, 231, B NOSSA SRA DE FATIMA - Brodowski", "latitude": -20.9960352, "longitude": -47.6623665, "fonte_geocodificacao": "Google Geocoding API", "opm_nome": "2. PELOTAO POLICIAL MILITAR", "opm_descricao": "CPI-3 3.BPM/I 3.CIA PM 2.PEL PM", "opm_codigo": "603033200" }, "geometry": { "type": "Point", "coordinates": [ -47.6623665, -20.9960352 ] } },
{ "type": "Feature", "properties": { "id_comando": "CPI-3", "nome_comando": "3º Comando de Policiamento do Interior (CPI-3)", "nome_batalhao": "3º BPM/I", "tipo_batalhao": "Interior", "companhia": "3.CIA PM", "pelotao": "3.PEL PM", "cidade": "Jardinopolis", "endereco": "AV PREFEITO NEWTON REIS, 500, CENTRO - Jardinopolis", "latitude": -21.0188392, "longitude": -47.7707487, "fonte_geocodificacao": "Google Geocoding API", "opm_nome": "3. PELOTAO POLICIAL MILITAR", "opm_descricao": "CPI-3 3.BPM/I 3.CIA PM 3.PEL PM", "opm_codigo": "603033300" }, "geometry": { "type": "Point", "coordinates": [ -47.7707487, -21.0188392 ] } },
{ "type": "Feature", "properties": { "id_comando": "CPI-3", "nome_comando": "3º Comando de Policiamento do Interior (CPI-3)", "nome_batalhao": "3º BPM/I", "tipo_batalhao": "Interior", "companhia": "3.CIA PM", "pelotao": "ADM", "cidade": "Altinopolis", "endereco": "RUA FLORIANO LUIZ, 10, CENTRO - Altinopolis", "latitude": -21.0256834, "longitude": -47.3813407, "fonte_geocodificacao": "Google Geocoding API", "opm_nome": "ADMINISTRACAO", "opm_descricao": "CPI-3 3.BPM/I 3.CIA PM ADM", "opm_codigo": "603033500" }, "geometry": { "type": "Point", "coordinates": [ -47.3813407, -21.0256834 ] } },
{ "type": "Feature", "properties": { "id_comando": "CPI-3", "nome_comando": "3º Comando de Policiamento do Interior (CPI-3)", "nome_batalhao": "3º BPM/I", "tipo_batalhao": "Interior", "companhia": "3.CIA PM", "pelotao": "CGP", "cidade": "Altinopolis", "endereco": "RUA FLORIANO LUIZ, 10, CONJ. HAB. SALIM ANTONIO CALIL - Altinopolis", "latitude": -21.0256834, "longitude": -47.3813407, "fonte_geocodificacao": "Google Geocoding API", "opm_nome": "COMANDO DE GRUPO PATRULHA", "opm_descricao": "CPI-3 3.BPM/I 3.CIA PM CGP", "opm_codigo": "603033600" }, "geometry": { "type": "Point", "coordinates": [ -47.3813407, -21.0256834 ] } },
{ "type": "Feature", "properties": { "id_comando": "CPI-3", "nome_comando": "3º Comando de Policiamento do Interior (CPI-3)", "nome_batalhao": "3º BPM/I", "tipo_batalhao": "Interior", "companhia": "CIA F TAT", "pelotao": "0", "cidade": "Ribeirao Preto", "endereco": "AVENIDA CAVALHEIRO PASCHOAL INECHI, 1538, JARDIM INDEPÊNDENCIA - Ribeirao Preto", "latitude": -21.1565907, "longitude": -47.7844688, "fonte_geocodificacao": "Google Geocoding API", "opm_nome": "3.BPM/I GP PM - CANIL", "opm_descricao": "CPI-3 3.BPM/I CIA F TAT 0 GP PM CAN", "opm_codigo": "603036300" }, "geometry": { "type": "Point", "coordinates": [ -47.7844688, -21.1565907 ] } },
{ "type": "Feature", "properties": { "id_comando": "CPI-3", "nome_comando": "3º Comando de Policiamento do Interior (CPI-3)", "nome_batalhao": "3º BPM/I", "tipo_batalhao": "Interior", "companhia": "CIA F TAT", "pelotao": "1.PEL F TAT", "cidade": "Ribeirao Preto", "endereco": "AVENIDA CAVALHEIRO PASCHOAL INECHI, 1538, JARDIM INDEPÊNDENCIA - Ribeirao Preto", "latitude": -21.1565907, "longitude": -47.7844688, "fonte_geocodificacao": "Google Geocoding API", "opm_nome": "1. PELOTAO DE FORCA TATICA", "opm_descricao": "CPI-3 3.BPM/I CIA F TAT 1.PEL F TAT", "opm_codigo": "603036100" }, "geometry": { "type": "Point", "coordinates": [ -47.7844688, -21.1565907 ] } },
{ "type": "Feature", "properties": { "id_comando": "CPI-3", "nome_comando": "3º Comando de Policiamento do Interior (CPI-3)", "nome_batalhao": "3º BPM/I", "tipo_batalhao": "Interior", "companhia": "CIA F TAT", "pelotao": "2.PEL FT", "cidade": "Ribeirao Preto", "endereco": "AV CAVALHEIRO PASCHOAL INNECHI, 1538, JARDIM INDEPENDENCIA - Ribeirao Preto", "latitude": -21.1564842, "longitude": -47.7829877, "fonte_geocodificacao": "Google Geocoding API", "opm_nome": "2. PELOTAO DE FORCA TATICA", "opm_descricao": "CPI-3 3.BPM/I CIA F TAT 2.PEL FT", "opm_codigo": "603036800" }, "geometry": { "type": "Point", "coordinates": [ -47.7829877, -21.1564842 ] } },
{ "type": "Feature", "properties": { "id_comando": "CPI-3", "nome_comando": "3º Comando de Policiamento do Interior (CPI-3)", "nome_batalhao": "3º BPM/I", "tipo_batalhao": "Interior", "companhia": "CIA F TAT", "pelotao": "ADM", "cidade": "Ribeirao Preto", "endereco": "AVENIDA CAVALHEIRO PASCHOAL INECHI, 1538, JARDIM INDEPÊNDENCIA - Ribeirao Preto", "latitude": -21.1565907, "longitude": -47.7844688, "fonte_geocodificacao": "Google Geocoding API", "opm_nome": "ADMINISTRACAO", "opm_descricao": "CPI-3 3.BPM/I CIA F TAT ADM", "opm_codigo": "603036700" }, "geometry": { "type": "Point", "coordinates": [ -47.7844688, -21.1565907 ] } },
{ "type": "Feature", "properties": { "id_comando": "CPI-3", "nome_comando": "3º Comando de Policiamento do Interior (CPI-3)", "nome_batalhao": "3º BPM/I", "tipo_batalhao": "Interior", "companhia": "CIA F TAT", "pelotao": "PEL P MON", "cidade": "Ribeirao Preto", "endereco": "AVENIDA CAVALHEIRO PASCHOAL INECHI, 1538, JARDIM INDEPÊNDENCIA - Ribeirao Preto", "latitude": -21.1565907, "longitude": -47.7844688, "fonte_geocodificacao": "Google Geocoding API", "opm_nome": "3.BPM/I PEL P MON", "opm_descricao": "CPI-3 3.BPM/I CIA F TAT PEL P MON", "opm_codigo": "603036200" }, "geometry": { "type": "Point", "coordinates": [ -47.7844688, -21.1565907 ] } },
{ "type": "Feature", "properties": { "id_comando": "CPI-3", "nome_comando": "3º Comando de Policiamento do Interior (CPI-3)", "nome_batalhao": "3º BPM/I", "tipo_batalhao": "Interior", "companhia": "EM", "pelotao": "AG AREA", "cidade": "Ribeirao Preto", "endereco": "AVENIDA CAVALHEIRO PASCHOAL INECHI, 1538, JARDIM INDEPÊNDENCIA - Ribeirao Preto", "latitude": -21.1565907, "longitude": -47.7844688, "fonte_geocodificacao": "Google Geocoding API", "opm_nome": "AGENCIA DE AREA", "opm_descricao": "CPI-3 3.BPM/I EM AG AREA", "opm_codigo": "603039200" }, "geometry": { "type": "Point", "coordinates": [ -47.7844688, -21.1565907 ] } },
{ "type": "Feature", "properties": { "id_comando": "CPI-3", "nome_comando": "3º Comando de Policiamento do Interior (CPI-3)", "nome_batalhao": "3º BPM/I", "tipo_batalhao": "Interior", "companhia": "EM", "pelotao": "P/1 P/5", "cidade": "Ribeirao Preto", "endereco": "AVENIDA CAVALHEIRO PASCHOAL INECHI, 1538, JARDIM INDEPÊNDENCIA - Ribeirao Preto", "latitude": -21.1565907, "longitude": -47.7844688, "fonte_geocodificacao": "Google Geocoding API", "opm_nome": "P/1 E P/5", "opm_descricao": "CPI-3 3.BPM/I EM P/1 P/5", "opm_codigo": "603039100" }, "geometry": { "type": "Point", "coordinates": [ -47.7844688, -21.1565907 ] } },
{ "type": "Feature", "properties": { "id_comando": "CPI-3", "nome_comando": "3º Comando de Policiamento do Interior (CPI-3)", "nome_batalhao": "3º BPM/I", "tipo_batalhao": "Interior", "companhia": "EM", "pelotao": "P/3", "cidade": "Ribeirao Preto", "endereco": "AVENIDA CAVALHEIRO PASCHOAL INECHI, 1538, JARDIM INDEPÊNDENCIA - Ribeirao Preto", "latitude": -21.1565907, "longitude": -47.7844688, "fonte_geocodificacao": "Google Geocoding API", "opm_nome": "P/3", "opm_descricao": "CPI-3 3.BPM/I EM P/3", "opm_codigo": "603039300" }, "geometry": { "type": "Point", "coordinates": [ -47.7844688, -21.1565907 ] } },
{ "type": "Feature", "properties": { "id_comando": "CPI-3", "nome_comando": "3º Comando de Policiamento do Interior (CPI-3)", "nome_batalhao": "3º BPM/I", "tipo_batalhao": "Interior", "companhia": "EM", "pelotao": "P/4", "cidade": "Ribeirao Preto", "endereco": "AVENIDA CAVALHEIRO PASCHOAL INECHI, 1538, JARDIM INDEPÊNDENCIA - Ribeirao Preto", "latitude": -21.1565907, "longitude": -47.7844688, "fonte_geocodificacao": "Google Geocoding API", "opm_nome": "P/4", "opm_descricao": "CPI-3 3.BPM/I EM P/4", "opm_codigo": "603039400" }, "geometry": { "type": "Point", "coordinates": [ -47.7844688, -21.1565907 ] } },
{ "type": "Feature", "properties": { "id_comando": "CPI-3", "nome_comando": "3º Comando de Policiamento do Interior (CPI-3)", "nome_batalhao": "3º BPM/I", "tipo_batalhao": "Interior", "companhia": "EM", "pelotao": "P/5", "cidade": "Ribeirao Preto", "endereco": "AVENIDA CAVALHEIRO PASCHOAL INECHI, 1538, JARDIM INDEPÊNDENCIA - Ribeirao Preto", "latitude": -21.1565907, "longitude": -47.7844688, "fonte_geocodificacao": "Google Geocoding API", "opm_nome": "3.BPM/I P/5", "opm_descricao": "CPI-3 3.BPM/I EM P/5", "opm_codigo": "603039500" }, "geometry": { "type": "Point", "coordinates": [ -47.7844688, -21.1565907 ] } },
{ "type": "Feature", "properties": { "id_comando": "CPI-3", "nome_comando": "3º Comando de Policiamento do Interior (CPI-3)", "nome_batalhao": "3º BPM/I", "tipo_batalhao": "Interior", "companhia": "EM", "pelotao": "SEC PJMD", "cidade": "Ribeirao Preto", "endereco": "AVENIDA CAVALHEIRO PASCHOAL INECHI, 1538, JARDIM INDEPÊNDENCIA - Ribeirao Preto", "latitude": -21.1565907, "longitude": -47.7844688, "fonte_geocodificacao": "Google Geocoding API", "opm_nome": "SECAO POLICIA JUDICIARIA MILITAR E DISCIPLINA", "opm_descricao": "CPI-3 3.BPM/I EM SEC PJMD", "opm_codigo": "603039600" }, "geometry": { "type": "Point", "coordinates": [ -47.7844688, -21.1565907 ] } },
{ "type": "Feature", "properties": { "id_comando": "CPA/M-2", "nome_comando": "2º Comando de Policiamento de Área Metropolitana (CPA/M-2)", "nome_batalhao": "3º BPM/M", "tipo_batalhao": "Metropolitano", "companhia": "1.CIA PM", "pelotao": "TERRITORIAL", "cidade": "Sao Paulo", "endereco": "AVENIDA GENERAL WALDOMIRO DE LIMA, 286, JABAQUARA - Sao Paulo", "latitude": -23.6394716, "longitude": -46.6436828, "fonte_geocodificacao": "Google Geocoding API", "opm_nome": "1. COMPANHIA DE POLICIA MILITAR", "opm_descricao": "CPA/M-2 3.BPM/M 1.CIA PM TERRITORIAL", "opm_codigo": "502031000" }, "geometry": { "type": "Point", "coordinates": [ -46.6436828, -23.6394716 ] } },
{ "type": "Feature", "properties": { "id_comando": "CPA/M-2", "nome_comando": "2º Comando de Policiamento de Área Metropolitana (CPA/M-2)", "nome_batalhao": "3º BPM/M", "tipo_batalhao": "Metropolitano", "companhia": "2.CIA PM", "pelotao": "TERRITORIAL", "cidade": "Sao Paulo", "endereco": "AVENIDA LINO DE ALMEIDA PIRES, 358  Vila Guarani, JABAQUARA - Sao Paulo", "latitude": -23.6419727, "longitude": -46.6335255, "fonte_geocodificacao": "Google Geocoding API", "opm_nome": "2. COMPANHIA DE POLICIA MILITAR", "opm_descricao": "CPA/M-2 3.BPM/M 2.CIA PM TERRITORIAL", "opm_codigo": "502032000" }, "geometry": { "type": "Point", "coordinates": [ -46.6335255, -23.6419727 ] } },
{ "type": "Feature", "properties": { "id_comando": "CPA/M-2", "nome_comando": "2º Comando de Policiamento de Área Metropolitana (CPA/M-2)", "nome_batalhao": "3º BPM/M", "tipo_batalhao": "Metropolitano", "companhia": "3.CIA PM", "pelotao": "TERRITORIAL", "cidade": "Sao Paulo", "endereco": "AVENIDA ONZE DE JUNHO, 87, SAUDE - Sao Paulo", "latitude": -23.6019106, "longitude": -46.6375755, "fonte_geocodificacao": "Google Geocoding API", "opm_nome": "3. COMPANHIA DE POLICIA MILITAR", "opm_descricao": "CPA/M-2 3.BPM/M 3.CIA PM TERRITORIAL", "opm_codigo": "502033000" }, "geometry": { "type": "Point", "coordinates": [ -46.6375755, -23.6019106 ] } },
{ "type": "Feature", "properties": { "id_comando": "CPA/M-2", "nome_comando": "2º Comando de Policiamento de Área Metropolitana (CPA/M-2)", "nome_batalhao": "3º BPM/M", "tipo_batalhao": "Metropolitano", "companhia": "4.CIA PM", "pelotao": "TERRITORIAL", "cidade": "Sao Paulo", "endereco": "0, 0  UNIDADE INEXISTENTE, 0 - Sao Paulo", "latitude": -23.4643815, "longitude": -46.7829298, "fonte_geocodificacao": "Google Geocoding API", "opm_nome": "3.BPM/M 4.CIA PM TERRITORIAL", "opm_descricao": "CPA/M-2 3.BPM/M 4.CIA PM TERRITORIAL 0", "opm_codigo": "502034000" }, "geometry": { "type": "Point", "coordinates": [ -46.7829298, -23.4643815 ] } },
{ "type": "Feature", "properties": { "id_comando": "CPI-5", "nome_comando": "5º Comando de Policiamento do Interior (CPI-5)", "nome_batalhao": "30º BPM/I", "tipo_batalhao": "Interior", "companhia": "", "pelotao": "PEL FT TAT", "cidade": "Catanduva", "endereco": "RUA OLIMPIA, 97, VILA GUZZO - Catanduva", "latitude": -21.1296712, "longitude": -48.9811633, "fonte_geocodificacao": "Google Geocoding API", "opm_nome": "30.BPM/I  PEL FT TAT", "opm_descricao": "CPI-5 30.BPM/I PEL FT TAT", "opm_codigo": "605300100" }, "geometry": { "type": "Point", "coordinates": [ -48.9811633, -21.1296712 ] } },
{ "type": "Feature", "properties": { "id_comando": "CPI-5", "nome_comando": "5º Comando de Policiamento do Interior (CPI-5)", "nome_batalhao": "30º BPM/I", "tipo_batalhao": "Interior", "companhia": "1.CIA PM", "pelotao": "ADM", "cidade": "Catanduva", "endereco": "RUA BOLIVIA, 48, VILA JUCA PEDRO - Catanduva", "latitude": -21.1503001, "longitude": -48.9793336, "fonte_geocodificacao": "Google Geocoding API", "opm_nome": "ADMINISTRACAO", "opm_descricao": "CPI-5 30.BPM/I 1.CIA PM ADM", "opm_codigo": "605301600" }, "geometry": { "type": "Point", "coordinates": [ -48.9793336, -21.1503001 ] } },
{ "type": "Feature", "properties": { "id_comando": "CPI-5", "nome_comando": "5º Comando de Policiamento do Interior (CPI-5)", "nome_batalhao": "30º BPM/I", "tipo_batalhao": "Interior", "companhia": "1.CIA PM", "pelotao": "CGP", "cidade": "Catanduva", "endereco": "RUA BOLÍVIA, 48, VILA JUCA PEDRO - Catanduva", "latitude": -21.1503001, "longitude": -48.9793336, "fonte_geocodificacao": "Google Geocoding API", "opm_nome": "COMANDO GRUPO PATRULHA", "opm_descricao": "CPI-5 30.BPM/I 1.CIA PM CGP", "opm_codigo": "605301700" }, "geometry": { "type": "Point", "coordinates": [ -48.9793336, -21.1503001 ] } },
{ "type": "Feature", "properties": { "id_comando": "CPI-5", "nome_comando": "5º Comando de Policiamento do Interior (CPI-5)", "nome_batalhao": "30º BPM/I", "tipo_batalhao": "Interior", "companhia": "2.CIA PM", "pelotao": "2.PEL PM", "cidade": "Novo Horizonte", "endereco": "RUA ALTINO ARANTES, 760, CENTRO - Novo Horizonte", "latitude": -21.4690059, "longitude": -49.2231417, "fonte_geocodificacao": "Google Geocoding API", "opm_nome": "30.BPM/I 2.CIA PM 2.PEL PM", "opm_descricao": "CPI-5 30.BPM/I 2.CIA PM 2.PEL PM 0", "opm_codigo": "605302200" }, "geometry": { "type": "Point", "coordinates": [ -49.2231417, -21.4690059 ] } },
{ "type": "Feature", "properties": { "id_comando": "CPI-5", "nome_comando": "5º Comando de Policiamento do Interior (CPI-5)", "nome_batalhao": "30º BPM/I", "tipo_batalhao": "Interior", "companhia": "2.CIA PM", "pelotao": "ADM", "cidade": "Novo Horizonte", "endereco": "RUA ALTINO ARANTES, 760, CENTRO - Novo Horizonte", "latitude": -21.4690059, "longitude": -49.2231417, "fonte_geocodificacao": "Google Geocoding API", "opm_nome": "ADMINISTRACAO", "opm_descricao": "CPI-5 30.BPM/I 2.CIA PM ADM", "opm_codigo": "605302300" }, "geometry": { "type": "Point", "coordinates": [ -49.2231417, -21.4690059 ] } },
{ "type": "Feature", "properties": { "id_comando": "CPI-5", "nome_comando": "5º Comando de Policiamento do Interior (CPI-5)", "nome_batalhao": "30º BPM/I", "tipo_batalhao": "Interior", "companhia": "2.CIA PM", "pelotao": "CGP", "cidade": "Novo Horizonte", "endereco": "RUA ALTINO ARANTES, 760, CENTRO - Novo Horizonte", "latitude": -21.4690059, "longitude": -49.2231417, "fonte_geocodificacao": "Google Geocoding API", "opm_nome": "COMANDO GRUPO PATRULHA", "opm_descricao": "CPI-5 30.BPM/I 2.CIA PM CGP", "opm_codigo": "605302400" }, "geometry": { "type": "Point", "coordinates": [ -49.2231417, -21.4690059 ] } },
{ "type": "Feature", "properties": { "id_comando": "CPI-5", "nome_comando": "5º Comando de Policiamento do Interior (CPI-5)", "nome_batalhao": "30º BPM/I", "tipo_batalhao": "Interior", "companhia": "CIA FT", "pelotao": "1.PEL FT", "cidade": "Catanduva", "endereco": "RUA OLIMPIA, 97, CONJ HABIT RES PANCHA - Catanduva", "latitude": -21.1296712, "longitude": -48.9811633, "fonte_geocodificacao": "Google Geocoding API", "opm_nome": "1.PELOTAO DE FORCA TATICA", "opm_descricao": "CPI-5 30.BPM/I CIA FT 1.PEL FT", "opm_codigo": "605306100" }, "geometry": { "type": "Point", "coordinates": [ -48.9811633, -21.1296712 ] } },
{ "type": "Feature", "properties": { "id_comando": "CPI-5", "nome_comando": "5º Comando de Policiamento do Interior (CPI-5)", "nome_batalhao": "30º BPM/I", "tipo_batalhao": "Interior", "companhia": "CIA FT", "pelotao": "2.PEL FT", "cidade": "Catanduva", "endereco": "RUA OLIMPIA, 97, CONJ HABIT RES PANCHA - Catanduva", "latitude": -21.1296712, "longitude": -48.9811633, "fonte_geocodificacao": "Google Geocoding API", "opm_nome": "2.PELOTAO DE FORCA TATICA", "opm_descricao": "CPI-5 30.BPM/I CIA FT 2.PEL FT", "opm_codigo": "605306200" }, "geometry": { "type": "Point", "coordinates": [ -48.9811633, -21.1296712 ] } },
{ "type": "Feature", "properties": { "id_comando": "CPI-5", "nome_comando": "5º Comando de Policiamento do Interior (CPI-5)", "nome_batalhao": "30º BPM/I", "tipo_batalhao": "Interior", "companhia": "CIA FT", "pelotao": "ADM", "cidade": "Catanduva", "endereco": "RUA OLIMPIA, 97, VILA SÃO LUIZ - Catanduva", "latitude": -21.1296712, "longitude": -48.9811633, "fonte_geocodificacao": "Google Geocoding API", "opm_nome": "ADMINISTRACAO", "opm_descricao": "CPI-5 30.BPM/I CIA FT ADM", "opm_codigo": "605306900" }, "geometry": { "type": "Point", "coordinates": [ -48.9811633, -21.1296712 ] } },
{ "type": "Feature", "properties": { "id_comando": "CPI-5", "nome_comando": "5º Comando de Policiamento do Interior (CPI-5)", "nome_batalhao": "30º BPM/I", "tipo_batalhao": "Interior", "companhia": "EM", "pelotao": "DIV OP", "cidade": "Catanduva", "endereco": "RUA OLIMPIA, 97, DIST INDUSTRIAL - Catanduva", "latitude": -21.1296712, "longitude": -48.9811633, "fonte_geocodificacao": "Google Geocoding API", "opm_nome": "DIVISAO OPERACIONAL", "opm_descricao": "CPI-5 30.BPM/I EM DIV OP", "opm_codigo": "605308300" }, "geometry": { "type": "Point", "coordinates": [ -48.9811633, -21.1296712 ] } },
{ "type": "Feature", "properties": { "id_comando": "CPI-5", "nome_comando": "5º Comando de Policiamento do Interior (CPI-5)", "nome_batalhao": "30º BPM/I", "tipo_batalhao": "Interior", "companhia": "EM", "pelotao": "P/1 E P/5", "cidade": "Catanduva", "endereco": "RUA OLIMPIA, 97, VILA GUZZO - Catanduva", "latitude": -21.1296712, "longitude": -48.9811633, "fonte_geocodificacao": "Google Geocoding API", "opm_nome": "P/1 E P/5", "opm_descricao": "CPI-5 30.BPM/I EM P/1 E P/5", "opm_codigo": "605308100" }, "geometry": { "type": "Point", "coordinates": [ -48.9811633, -21.1296712 ] } },
{ "type": "Feature", "properties": { "id_comando": "CPI-5", "nome_comando": "5º Comando de Policiamento do Interior (CPI-5)", "nome_batalhao": "30º BPM/I", "tipo_batalhao": "Interior", "companhia": "EM", "pelotao": "P/2", "cidade": "Catanduva", "endereco": "RUA OLIMPIA, 97, DIST INDUSTRIAL - Catanduva", "latitude": -21.1296712, "longitude": -48.9811633, "fonte_geocodificacao": "Google Geocoding API", "opm_nome": "P/2", "opm_descricao": "CPI-5 30.BPM/I EM P/2", "opm_codigo": "605308200" }, "geometry": { "type": "Point", "coordinates": [ -48.9811633, -21.1296712 ] } },
{ "type": "Feature", "properties": { "id_comando": "CPI-5", "nome_comando": "5º Comando de Policiamento do Interior (CPI-5)", "nome_batalhao": "30º BPM/I", "tipo_batalhao": "Interior", "companhia": "EM", "pelotao": "P/3", "cidade": "Catanduva", "endereco": "RUA OLIMPIA, 25, vila guzzo - Catanduva", "latitude": -21.1301222, "longitude": -48.9809146, "fonte_geocodificacao": "Google Geocoding API", "opm_nome": "COMANDO DE FORCA PATRULHA", "opm_descricao": "CPI-5 30.BPM/I EM P/3 CFP", "opm_codigo": "605308330" }, "geometry": { "type": "Point", "coordinates": [ -48.9809146, -21.1301222 ] } },
{ "type": "Feature", "properties": { "id_comando": "CPI-5", "nome_comando": "5º Comando de Policiamento do Interior (CPI-5)", "nome_batalhao": "30º BPM/I", "tipo_batalhao": "Interior", "companhia": "EM", "pelotao": "P/4 MOTOMEC", "cidade": "Catanduva", "endereco": "RUA OLIMPIA, 97, DIST INDUSTRIAL - Catanduva", "latitude": -21.1296712, "longitude": -48.9811633, "fonte_geocodificacao": "Google Geocoding API", "opm_nome": "P/4 E MOTOMEC", "opm_descricao": "CPI-5 30.BPM/I EM P/4 MOTOMEC", "opm_codigo": "605308400" }, "geometry": { "type": "Point", "coordinates": [ -48.9811633, -21.1296712 ] } },
{ "type": "Feature", "properties": { "id_comando": "CPI-5", "nome_comando": "5º Comando de Policiamento do Interior (CPI-5)", "nome_batalhao": "30º BPM/I", "tipo_batalhao": "Interior", "companhia": "EM", "pelotao": "P/5", "cidade": "Catanduva", "endereco": "RUA OLIMPIA, 97, DIST INDUSTRIAL - Catanduva", "latitude": -21.1296712, "longitude": -48.9811633, "fonte_geocodificacao": "Google Geocoding API", "opm_nome": "30.BPM/I P/5", "opm_descricao": "CPI-5 30.BPM/I EM P/5 0", "opm_codigo": "605308500" }, "geometry": { "type": "Point", "coordinates": [ -48.9811633, -21.1296712 ] } },
{ "type": "Feature", "properties": { "id_comando": "CPA/M-6", "nome_comando": "6º Comando de Policiamento de Área Metropolitana (CPA/M-6)", "nome_batalhao": "30º BPM/M", "tipo_batalhao": "Metropolitano", "companhia": "1.CIA PM", "pelotao": "TERRITORIAL", "cidade": "Maua", "endereco": "RUA CINEASTA GLÁUBER ROCHA, 55, JARDIM ZAÍRA - Maua", "latitude": -23.6639903, "longitude": -46.4506659, "fonte_geocodificacao": "Google Geocoding API", "opm_nome": "1.COMPANHIA DE POLICIA MILITAR", "opm_descricao": "CPA/M-6 30.BPM/M 1.CIA PM TERRITORIAL", "opm_codigo": "406301000" }, "geometry": { "type": "Point", "coordinates": [ -46.4506659, -23.6639903 ] } },
{ "type": "Feature", "properties": { "id_comando": "CPA/M-6", "nome_comando": "6º Comando de Policiamento de Área Metropolitana (CPA/M-6)", "nome_batalhao": "30º BPM/M", "tipo_batalhao": "Metropolitano", "companhia": "2.CIA PM", "pelotao": "TERRITORIAL", "cidade": "Ribeirao Pires", "endereco": "AVENIDA FRANCISCO MONTEIRO, 254, CENTRO - Ribeirao Pires", "latitude": -23.7104952, "longitude": -46.4100086, "fonte_geocodificacao": "Google Geocoding API", "opm_nome": "2.COMPANHIA DE POLICIA MILITAR", "opm_descricao": "CPA/M-6 30.BPM/M 2.CIA PM TERRITORIAL", "opm_codigo": "406302000" }, "geometry": { "type": "Point", "coordinates": [ -46.4100086, -23.7104952 ] } },
{ "type": "Feature", "properties": { "id_comando": "CPA/M-6", "nome_comando": "6º Comando de Policiamento de Área Metropolitana (CPA/M-6)", "nome_batalhao": "30º BPM/M", "tipo_batalhao": "Metropolitano", "companhia": "3.CIA PM", "pelotao": "TERRITORIAL", "cidade": "Maua", "endereco": "AVENIDA BARÃO DE MUÁ, 4050, JARDIM MARINGÁ - Maua", "latitude": -23.6690271, "longitude": -46.4247984, "fonte_geocodificacao": "Google Geocoding API", "opm_nome": "3.COMPANHIA DE POLICIA MILITAR", "opm_descricao": "CPA/M-6 30.BPM/M 3.CIA PM TERRITORIAL", "opm_codigo": "406303000" }, "geometry": { "type": "Point", "coordinates": [ -46.4247984, -23.6690271 ] } },
{ "type": "Feature", "properties": { "id_comando": "CPI-4", "nome_comando": "4º Comando de Policiamento do Interior (CPI-4)", "nome_batalhao": "31º BPM/I", "tipo_batalhao": "Interior", "companhia": "1.CIA PM", "pelotao": "ADM", "cidade": "Ourinhos", "endereco": "RUA BELO HORIZONTE, 450, CENTRO - Ourinhos", "latitude": -22.9655973, "longitude": -49.866715, "fonte_geocodificacao": "Google Geocoding API", "opm_nome": "ADMINISTRACAO", "opm_descricao": "CPI-4 31.BPM/I 1.CIA PM ADM", "opm_codigo": "604311400" }, "geometry": { "type": "Point", "coordinates": [ -49.866715, -22.9655973 ] } },
{ "type": "Feature", "properties": { "id_comando": "CPI-4", "nome_comando": "4º Comando de Policiamento do Interior (CPI-4)", "nome_batalhao": "31º BPM/I", "tipo_batalhao": "Interior", "companhia": "1.CIA PM", "pelotao": "CGP", "cidade": "Ourinhos", "endereco": "RUA BELO HORIZONTE, 450  31 BPM/I 1ª CIA PM, VILA NOVA - Ourinhos", "latitude": -22.9655973, "longitude": -49.866715, "fonte_geocodificacao": "Google Geocoding API", "opm_nome": "COMANDO GRUPO PATRULHA", "opm_descricao": "CPI-4 31.BPM/I 1.CIA PM CGP", "opm_codigo": "604311500" }, "geometry": { "type": "Point", "coordinates": [ -49.866715, -22.9655973 ] } },
{ "type": "Feature", "properties": { "id_comando": "CPI-4", "nome_comando": "4º Comando de Policiamento do Interior (CPI-4)", "nome_batalhao": "31º BPM/I", "tipo_batalhao": "Interior", "companhia": "2.CIA PM", "pelotao": "ADM", "cidade": "Santa Cruz Do Rio Pardo", "endereco": "AV PEDRO CATALANO, 190, CENTRO - Santa Cruz Do Rio Pardo", "latitude": -22.8971906, "longitude": -49.6210808, "fonte_geocodificacao": "Google Geocoding API", "opm_nome": "ADMINISTRACAO", "opm_descricao": "CPI-4 31.BPM/I 2.CIA PM ADM", "opm_codigo": "604312300" }, "geometry": { "type": "Point", "coordinates": [ -49.621080799999987, -22.8971906 ] } },
{ "type": "Feature", "properties": { "id_comando": "CPI-4", "nome_comando": "4º Comando de Policiamento do Interior (CPI-4)", "nome_batalhao": "31º BPM/I", "tipo_batalhao": "Interior", "companhia": "2.CIA PM", "pelotao": "CGP", "cidade": "Santa Cruz Do Rio Pardo", "endereco": "RUA AVENIDA PEDRO CATALANO PARDO, 190  31 BPM/I 2ª CIA PM, CHÁCARA PEIXE - Santa Cruz Do Rio Pardo", "latitude": -22.8991211, "longitude": -49.6192305, "fonte_geocodificacao": "Google Geocoding API", "opm_nome": "COMANDO GRUPO PATRULHA", "opm_descricao": "CPI-4 31.BPM/I 2.CIA PM CGP", "opm_codigo": "604312400" }, "geometry": { "type": "Point", "coordinates": [ -49.6192305, -22.8991211 ] } },
{ "type": "Feature", "properties": { "id_comando": "CPI-4", "nome_comando": "4º Comando de Policiamento do Interior (CPI-4)", "nome_batalhao": "31º BPM/I", "tipo_batalhao": "Interior", "companhia": "CIA FT", "pelotao": "1. PEL FT", "cidade": "Ourinhos", "endereco": "AVENIDA DOMINGOS PERINO, 1055  31BPMI, VILA PERINO - Ourinhos", "latitude": -22.9659782, "longitude": -49.8660459, "fonte_geocodificacao": "Google Geocoding API", "opm_nome": "1. PELOTAO DE FORCA TATICA", "opm_descricao": "CPI-4 31.BPM/I CIA FT 1. PEL FT", "opm_codigo": "604315100" }, "geometry": { "type": "Point", "coordinates": [ -49.8660459, -22.9659782 ] } },
{ "type": "Feature", "properties": { "id_comando": "CPI-4", "nome_comando": "4º Comando de Policiamento do Interior (CPI-4)", "nome_batalhao": "31º BPM/I", "tipo_batalhao": "Interior", "companhia": "CIA FT", "pelotao": "2. PEL FT", "cidade": "Ourinhos", "endereco": "AVENIDA DOMINGOS PERINO, 1055  31BPMI, VILA PERINO - Ourinhos", "latitude": -22.9659782, "longitude": -49.8660459, "fonte_geocodificacao": "Google Geocoding API", "opm_nome": "2. PELOTAO DE FORCA TATICA", "opm_descricao": "CPI-4 31.BPM/I CIA FT 2. PEL FT", "opm_codigo": "604315200" }, "geometry": { "type": "Point", "coordinates": [ -49.8660459, -22.9659782 ] } },
{ "type": "Feature", "properties": { "id_comando": "CPI-4", "nome_comando": "4º Comando de Policiamento do Interior (CPI-4)", "nome_batalhao": "31º BPM/I", "tipo_batalhao": "Interior", "companhia": "CIA FT", "pelotao": "ADM", "cidade": "Ourinhos", "endereco": "AVENIDA DOMINGOS PERINO, 1055  31BPMI, VILA PERINO - Ourinhos", "latitude": -22.9659782, "longitude": -49.8660459, "fonte_geocodificacao": "Google Geocoding API", "opm_nome": "ADMINISTRACAO", "opm_descricao": "CPI-4 31.BPM/I CIA FT ADM", "opm_codigo": "604315900" }, "geometry": { "type": "Point", "coordinates": [ -49.8660459, -22.9659782 ] } },
{ "type": "Feature", "properties": { "id_comando": "CPI-4", "nome_comando": "4º Comando de Policiamento do Interior (CPI-4)", "nome_batalhao": "31º BPM/I", "tipo_batalhao": "Interior", "companhia": "EM", "pelotao": "DIV OP", "cidade": "Ourinhos", "endereco": "AVENIDA DOMINGOS PERINO, 1055, VILA RECREIO – 2ª SECCAO - Ourinhos", "latitude": -22.9659782, "longitude": -49.8660459, "fonte_geocodificacao": "Google Geocoding API", "opm_nome": "DIVISÃO OPERACIONAL", "opm_descricao": "CPI-4 31.BPM/I EM DIV OP", "opm_codigo": "604318300" }, "geometry": { "type": "Point", "coordinates": [ -49.8660459, -22.9659782 ] } },
{ "type": "Feature", "properties": { "id_comando": "CPI-4", "nome_comando": "4º Comando de Policiamento do Interior (CPI-4)", "nome_batalhao": "31º BPM/I", "tipo_batalhao": "Interior", "companhia": "EM", "pelotao": "P/1 E P/5", "cidade": "Ourinhos", "endereco": "AVENIDA DOMINGOS PERINO, 1055, VILA RECREIO-2ª SECCAO - Ourinhos", "latitude": -22.9659782, "longitude": -49.8660459, "fonte_geocodificacao": "Google Geocoding API", "opm_nome": "P/1 E P/5", "opm_descricao": "CPI-4 31.BPM/I EM P/1 E P/5", "opm_codigo": "604318100" }, "geometry": { "type": "Point", "coordinates": [ -49.8660459, -22.9659782 ] } },
{ "type": "Feature", "properties": { "id_comando": "CPI-4", "nome_comando": "4º Comando de Policiamento do Interior (CPI-4)", "nome_batalhao": "31º BPM/I", "tipo_batalhao": "Interior", "companhia": "EM", "pelotao": "P/1E P/5", "cidade": "Ourinhos", "endereco": "AVENIDA DOMINGOS PERINO, 1055  GUARDA, VILA PERINO - Ourinhos", "latitude": -22.9659782, "longitude": -49.8660459, "fonte_geocodificacao": "Google Geocoding API", "opm_nome": "GUARDA DO QUARTEL", "opm_descricao": "CPI-4 31.BPM/I EM P/1E P/5 GUARDA QUARTEL", "opm_codigo": "604318110" }, "geometry": { "type": "Point", "coordinates": [ -49.8660459, -22.9659782 ] } },
{ "type": "Feature", "properties": { "id_comando": "CPI-4", "nome_comando": "4º Comando de Policiamento do Interior (CPI-4)", "nome_batalhao": "31º BPM/I", "tipo_batalhao": "Interior", "companhia": "EM", "pelotao": "P/2", "cidade": "Ourinhos", "endereco": "AVENIDA DOMINGOS PERINO, 118, VILA RECREIO-2ª SECCAO - Ourinhos", "latitude": -22.9744437, "longitude": -49.8648969, "fonte_geocodificacao": "Google Geocoding API", "opm_nome": "P/2", "opm_descricao": "CPI-4 31.BPM/I EM P/2", "opm_codigo": "604318200" }, "geometry": { "type": "Point", "coordinates": [ -49.8648969, -22.9744437 ] } },
{ "type": "Feature", "properties": { "id_comando": "CPI-4", "nome_comando": "4º Comando de Policiamento do Interior (CPI-4)", "nome_batalhao": "31º BPM/I", "tipo_batalhao": "Interior", "companhia": "EM", "pelotao": "P/3", "cidade": "Ourinhos", "endereco": "AVENIDA DOMINGOS PERINO, 1055, VILA PERINO - Ourinhos", "latitude": -22.9659782, "longitude": -49.8660459, "fonte_geocodificacao": "Google Geocoding API", "opm_nome": "31.BPM/I CAD", "opm_descricao": "CPI-4 31.BPM/I EM P/3 CAD", "opm_codigo": "604318310" }, "geometry": { "type": "Point", "coordinates": [ -49.8660459, -22.9659782 ] } },
{ "type": "Feature", "properties": { "id_comando": "CPI-4", "nome_comando": "4º Comando de Policiamento do Interior (CPI-4)", "nome_batalhao": "31º BPM/I", "tipo_batalhao": "Interior", "companhia": "EM", "pelotao": "P/4 MOTOMEC", "cidade": "Ourinhos", "endereco": "AVENIDA DOMINGOS PERINO, 1055, VILA RECREIO – 2ª SECCAO - Ourinhos", "latitude": -22.9659782, "longitude": -49.8660459, "fonte_geocodificacao": "Google Geocoding API", "opm_nome": "P/4 E MOTOMECANIZACAO", "opm_descricao": "CPI-4 31.BPM/I EM P/4 MOTOMEC", "opm_codigo": "604318400" }, "geometry": { "type": "Point", "coordinates": [ -49.8660459, -22.9659782 ] } },
{ "type": "Feature", "properties": { "id_comando": "CPI-4", "nome_comando": "4º Comando de Policiamento do Interior (CPI-4)", "nome_batalhao": "31º BPM/I", "tipo_batalhao": "Interior", "companhia": "EM", "pelotao": "PEL FT", "cidade": "Ourinhos", "endereco": "AVENIDA DOMINGOS PERINO, 1055  PEL FT, VILA PERINO - Ourinhos", "latitude": -22.9659782, "longitude": -49.8660459, "fonte_geocodificacao": "Google Geocoding API", "opm_nome": "31.BPM/I - PEL FT", "opm_descricao": "CPI-4 31.BPM/I EM PEL FT", "opm_codigo": "604318340" }, "geometry": { "type": "Point", "coordinates": [ -49.8660459, -22.9659782 ] } },
{ "type": "Feature", "properties": { "id_comando": "CPI-4", "nome_comando": "4º Comando de Policiamento do Interior (CPI-4)", "nome_batalhao": "31º BPM/I", "tipo_batalhao": "Interior", "companhia": "EM", "pelotao": "UIS", "cidade": "Ourinhos", "endereco": "AVENIDA DOMINGOS PERINO, 1055, VILA PERINO - Ourinhos", "latitude": -22.9659782, "longitude": -49.8660459, "fonte_geocodificacao": "Google Geocoding API", "opm_nome": "UNIDADE INTEGRADA DE SAUDE", "opm_descricao": "CPI-4 31.BPM/I EM UIS", "opm_codigo": "604318010" }, "geometry": { "type": "Point", "coordinates": [ -49.8660459, -22.9659782 ] } },
{ "type": "Feature", "properties": { "id_comando": "CPA/M-7", "nome_comando": "7º Comando de Policiamento de Área Metropolitana (CPA/M-7)", "nome_batalhao": "31º BPM/M", "tipo_batalhao": "Metropolitano", "companhia": "1.CIA PM", "pelotao": "TERRITORIAL", "cidade": "Guarulhos", "endereco": "AVENIDA CANDÉA, GUARULHOS, 400  31BPMM-1CIA, HAROLDO VELOSO - Guarulhos", "latitude": -23.4160602, "longitude": -46.4671681, "fonte_geocodificacao": "Google Geocoding API", "opm_nome": "1.COMPANHIA DE POLICIA MILITAR", "opm_descricao": "CPA/M-7 31.BPM/M 1.CIA PM TERRITORIAL", "opm_codigo": "407311000" }, "geometry": { "type": "Point", "coordinates": [ -46.467168099999988, -23.4160602 ] } },
{ "type": "Feature", "properties": { "id_comando": "CPA/M-7", "nome_comando": "7º Comando de Policiamento de Área Metropolitana (CPA/M-7)", "nome_batalhao": "31º BPM/M", "tipo_batalhao": "Metropolitano", "companhia": "2.CIA PM", "pelotao": "TERRITORIAL", "cidade": "Guarulhos", "endereco": "AV PAPA JOAO PAULO I, GUARULHOS, 5522  31BPMM-2CIA, INOCOOP - Guarulhos", "latitude": -23.4257324, "longitude": -46.4155189, "fonte_geocodificacao": "Google Geocoding API", "opm_nome": "2.COMPANHIA DE POLICIA MILITAR", "opm_descricao": "CPA/M-7 31.BPM/M 2.CIA PM TERRITORIAL", "opm_codigo": "407312000" }, "geometry": { "type": "Point", "coordinates": [ -46.4155189, -23.4257324 ] } },
{ "type": "Feature", "properties": { "id_comando": "CPA/M-7", "nome_comando": "7º Comando de Policiamento de Área Metropolitana (CPA/M-7)", "nome_batalhao": "31º BPM/M", "tipo_batalhao": "Metropolitano", "companhia": "3.CIA PM", "pelotao": "TERRITORIAL", "cidade": "Aruja", "endereco": "AV JOAO MANOEL, ARUJA, 181  31BPMM-3CIA, CENTRO - Aruja", "latitude": -23.3965386, "longitude": -46.3313555, "fonte_geocodificacao": "Google Geocoding API", "opm_nome": "3.COMPANHIA DE POLICIA MILITAR", "opm_descricao": "CPA/M-7 31.BPM/M 3.CIA PM TERRITORIAL", "opm_codigo": "407313000" }, "geometry": { "type": "Point", "coordinates": [ -46.3313555, -23.3965386 ] } },
{ "type": "Feature", "properties": { "id_comando": "CPI-8", "nome_comando": "8º Comando de Policiamento do Interior (CPI-8)", "nome_batalhao": "32º BPM/I", "tipo_batalhao": "Interior", "companhia": "1.CIA PM", "pelotao": "0", "cidade": "Assis", "endereco": "RUA FLORIANO PEIXOTO, 673, CENTRO - Assis", "latitude": -22.6625784, "longitude": -50.4136099, "fonte_geocodificacao": "Google Geocoding API", "opm_nome": "1. COMPANHIA  DE POLICIA MILITAR", "opm_descricao": "CPI-8 32.BPM/I 1.CIA PM 0 0", "opm_codigo": "608321000" }, "geometry": { "type": "Point", "coordinates": [ -50.4136099, -22.6625784 ] } },
{ "type": "Feature", "properties": { "id_comando": "CPI-8", "nome_comando": "8º Comando de Policiamento do Interior (CPI-8)", "nome_batalhao": "32º BPM/I", "tipo_batalhao": "Interior", "companhia": "1.CIA PM", "pelotao": "ADM", "cidade": "Assis", "endereco": "RUA FLORIANO PEIXOTO, 673, CENTRO - Assis", "latitude": -22.6625784, "longitude": -50.4136099, "fonte_geocodificacao": "Google Geocoding API", "opm_nome": "ADMINISTRACAO", "opm_descricao": "CPI-8 32.BPM/I 1.CIA PM ADM 0", "opm_codigo": "608321100" }, "geometry": { "type": "Point", "coordinates": [ -50.4136099, -22.6625784 ] } },
{ "type": "Feature", "properties": { "id_comando": "CPI-8", "nome_comando": "8º Comando de Policiamento do Interior (CPI-8)", "nome_batalhao": "32º BPM/I", "tipo_batalhao": "Interior", "companhia": "1.CIA PM", "pelotao": "CGP", "cidade": "Assis", "endereco": "RUA FLORIANO PEIXOTO, 673, CENTRO - Assis", "latitude": -22.6625784, "longitude": -50.4136099, "fonte_geocodificacao": "Google Geocoding API", "opm_nome": "COMANDO DE GRUPO PATRULHA", "opm_descricao": "CPI-8 32.BPM/I 1.CIA PM CGP 0", "opm_codigo": "608321300" }, "geometry": { "type": "Point", "coordinates": [ -50.4136099, -22.6625784 ] } },
{ "type": "Feature", "properties": { "id_comando": "CPI-8", "nome_comando": "8º Comando de Policiamento do Interior (CPI-8)", "nome_batalhao": "32º BPM/I", "tipo_batalhao": "Interior", "companhia": "1.CIA PM", "pelotao": "PEL FT-CAN", "cidade": "Assis", "endereco": "VIA CHICO MENDES, 60, QUINTA DOS FLAMBOYANTS - Assis", "latitude": -22.6338549, "longitude": -50.4212531, "fonte_geocodificacao": "Google Geocoding API", "opm_nome": "32.BPM/I - PELOTAO FORÇA TATICA/CANIL", "opm_descricao": "CPI-8 32.BPM/I 1.CIA PM PEL FT-CAN 0", "opm_codigo": "608321200" }, "geometry": { "type": "Point", "coordinates": [ -50.4212531, -22.6338549 ] } },
{ "type": "Feature", "properties": { "id_comando": "CPI-8", "nome_comando": "8º Comando de Policiamento do Interior (CPI-8)", "nome_batalhao": "32º BPM/I", "tipo_batalhao": "Interior", "companhia": "2.CIA PM", "pelotao": "0", "cidade": "Cruzalia", "endereco": "RUA ALBERT HENSCHEL, 77, CENTRO - Cruzalia", "latitude": -22.7406708, "longitude": -50.7923669, "fonte_geocodificacao": "Google Geocoding API", "opm_nome": "3.GRUPO POLICIAL MILITAR", "opm_descricao": "CPI-8 32.BPM/I 2.CIA PM 0 3.GP/PM", "opm_codigo": "608322003" }, "geometry": { "type": "Point", "coordinates": [ -50.7923669, -22.7406708 ] } },
{ "type": "Feature", "properties": { "id_comando": "CPI-8", "nome_comando": "8º Comando de Policiamento do Interior (CPI-8)", "nome_batalhao": "32º BPM/I", "tipo_batalhao": "Interior", "companhia": "2.CIA PM", "pelotao": "ADM", "cidade": "Paraguacu Paulista", "endereco": "RUA IRMÃ GOMES, 223, CENTRO - Paraguacu Paulista", "latitude": -22.4150846, "longitude": -50.5757554, "fonte_geocodificacao": "Google Geocoding API", "opm_nome": "ADMINISTRACAO", "opm_descricao": "CPI-8 32.BPM/I 2.CIA PM ADM 0", "opm_codigo": "608322100" }, "geometry": { "type": "Point", "coordinates": [ -50.5757554, -22.4150846 ] } },
{ "type": "Feature", "properties": { "id_comando": "CPI-8", "nome_comando": "8º Comando de Policiamento do Interior (CPI-8)", "nome_batalhao": "32º BPM/I", "tipo_batalhao": "Interior", "companhia": "2.CIA PM", "pelotao": "CGP", "cidade": "Paraguacu Paulista", "endereco": "RUA IRMÃ GOMES, 223, CENTRO - Paraguacu Paulista", "latitude": -22.4150846, "longitude": -50.5757554, "fonte_geocodificacao": "Google Geocoding API", "opm_nome": "COMANDO DE GRUPO PATRULHA", "opm_descricao": "CPI-8 32.BPM/I 2.CIA PM CGP 0", "opm_codigo": "608322200" }, "geometry": { "type": "Point", "coordinates": [ -50.5757554, -22.4150846 ] } },
{ "type": "Feature", "properties": { "id_comando": "CPI-8", "nome_comando": "8º Comando de Policiamento do Interior (CPI-8)", "nome_batalhao": "32º BPM/I", "tipo_batalhao": "Interior", "companhia": "3.CIA PM", "pelotao": "0", "cidade": "Campos Novos Paulista", "endereco": "RUA ANGELINA BARBARA SOARES CRUZ, 61, CENTRO - Campos Novos Paulista", "latitude": -22.6084194, "longitude": -49.9979534, "fonte_geocodificacao": "Google Geocoding API", "opm_nome": "2. GRUPO POLICIAL MILITAR", "opm_descricao": "CPI-8 32.BPM/I 3.CIA PM 0 2.GP/PM", "opm_codigo": "608323002" }, "geometry": { "type": "Point", "coordinates": [ -49.9979534, -22.6084194 ] } },
{ "type": "Feature", "properties": { "id_comando": "CPI-8", "nome_comando": "8º Comando de Policiamento do Interior (CPI-8)", "nome_batalhao": "32º BPM/I", "tipo_batalhao": "Interior", "companhia": "3.CIA PM", "pelotao": "ADM", "cidade": "Candido Mota", "endereco": "RUA ASSAD CHADDI, 513, CENTRO - Candido Mota", "latitude": -22.7531002, "longitude": -50.3876705, "fonte_geocodificacao": "Google Geocoding API", "opm_nome": "ADMINISTRACAO", "opm_descricao": "CPI-8 32.BPM/I 3.CIA PM ADM 0", "opm_codigo": "608323100" }, "geometry": { "type": "Point", "coordinates": [ -50.3876705, -22.7531002 ] } },
{ "type": "Feature", "properties": { "id_comando": "CPI-8", "nome_comando": "8º Comando de Policiamento do Interior (CPI-8)", "nome_batalhao": "32º BPM/I", "tipo_batalhao": "Interior", "companhia": "3.CIA PM", "pelotao": "CGP", "cidade": "Candido Mota", "endereco": "RUA ASSAD CHADDI, 513, CENTRO - Candido Mota", "latitude": -22.7531002, "longitude": -50.3876705, "fonte_geocodificacao": "Google Geocoding API", "opm_nome": "COMANDO DE GRUPO PATRULHA", "opm_descricao": "CPI-8 32.BPM/I 3.CIA PM CGP 0", "opm_codigo": "608323300" }, "geometry": { "type": "Point", "coordinates": [ -50.3876705, -22.7531002 ] } },
{ "type": "Feature", "properties": { "id_comando": "CPI-8", "nome_comando": "8º Comando de Policiamento do Interior (CPI-8)", "nome_batalhao": "32º BPM/I", "tipo_batalhao": "Interior", "companhia": "3.CIA PM", "pelotao": "PEL PM", "cidade": "Palmital", "endereco": "RUA GUILHERME MAGRINELLI, 201, CENTRO - Palmital", "latitude": -22.7783239, "longitude": -50.2076876, "fonte_geocodificacao": "Google Geocoding API", "opm_nome": "PELOTAO POLICIAL MILITAR", "opm_descricao": "CPI-8 32.BPM/I 3.CIA PM PEL PM 0", "opm_codigo": "608323200" }, "geometry": { "type": "Point", "coordinates": [ -50.2076876, -22.7783239 ] } },
{ "type": "Feature", "properties": { "id_comando": "CPI-8", "nome_comando": "8º Comando de Policiamento do Interior (CPI-8)", "nome_batalhao": "32º BPM/I", "tipo_batalhao": "Interior", "companhia": "CIA FT", "pelotao": "0", "cidade": "Assis", "endereco": "TRAVESSA BRASIL, 275, VILA FIUZA - Assis", "latitude": -22.6533095, "longitude": -50.4086137, "fonte_geocodificacao": "Google Geocoding API", "opm_nome": "COMPANHIA FORCA TATICA", "opm_descricao": "CPI-8 32.BPM/I CIA FT 0 0", "opm_codigo": "608324000" }, "geometry": { "type": "Point", "coordinates": [ -50.4086137, -22.6533095 ] } },
{ "type": "Feature", "properties": { "id_comando": "CPI-8", "nome_comando": "8º Comando de Policiamento do Interior (CPI-8)", "nome_batalhao": "32º BPM/I", "tipo_batalhao": "Interior", "companhia": "CIA FT", "pelotao": "ADM", "cidade": "Assis", "endereco": "TRAVESSA BRASIL, 275, VILA FIUZA - Assis", "latitude": -22.6533095, "longitude": -50.4086137, "fonte_geocodificacao": "Google Geocoding API", "opm_nome": "ADMINISTRATIVA", "opm_descricao": "CPI-8 32.BPM/I CIA FT ADM 0", "opm_codigo": "608324100" }, "geometry": { "type": "Point", "coordinates": [ -50.4086137, -22.6533095 ] } },
{ "type": "Feature", "properties": { "id_comando": "CPI-8", "nome_comando": "8º Comando de Policiamento do Interior (CPI-8)", "nome_batalhao": "32º BPM/I", "tipo_batalhao": "Interior", "companhia": "CIA FT", "pelotao": "PEL FT", "cidade": "Assis", "endereco": "TRAVESSA BRASIL, 275, VILA FIUZA - Assis", "latitude": -22.6533095, "longitude": -50.4086137, "fonte_geocodificacao": "Google Geocoding API", "opm_nome": "PELOTAO FORCA TATICA", "opm_descricao": "CPI-8 32.BPM/I CIA FT PEL FT 0", "opm_codigo": "608324200" }, "geometry": { "type": "Point", "coordinates": [ -50.4086137, -22.6533095 ] } },
{ "type": "Feature", "properties": { "id_comando": "CPI-8", "nome_comando": "8º Comando de Policiamento do Interior (CPI-8)", "nome_batalhao": "32º BPM/I", "tipo_batalhao": "Interior", "companhia": "COORD OP", "pelotao": "0", "cidade": "Assis", "endereco": "TRAVESSA BRASIL, 275, VILA ROSANGELA - Assis", "latitude": -22.6533095, "longitude": -50.4086137, "fonte_geocodificacao": "Google Geocoding API", "opm_nome": "COORDENADORIA  OPERACIONAL", "opm_descricao": "CPI-8 32.BPM/I COORD OP 0 0", "opm_codigo": "608329000" }, "geometry": { "type": "Point", "coordinates": [ -50.4086137, -22.6533095 ] } },
{ "type": "Feature", "properties": { "id_comando": "CPI-8", "nome_comando": "8º Comando de Policiamento do Interior (CPI-8)", "nome_batalhao": "32º BPM/I", "tipo_batalhao": "Interior", "companhia": "EM", "pelotao": "0", "cidade": "Assis", "endereco": "TRAVESSA BRASIL, 275, VILA FIÚZA - Assis", "latitude": -22.6533095, "longitude": -50.4086137, "fonte_geocodificacao": "Google Geocoding API", "opm_nome": "ESTADO MAIOR", "opm_descricao": "CPI-8 32.BPM/I EM 0 0", "opm_codigo": "608328000" }, "geometry": { "type": "Point", "coordinates": [ -50.4086137, -22.6533095 ] } },
{ "type": "Feature", "properties": { "id_comando": "CPI-8", "nome_comando": "8º Comando de Policiamento do Interior (CPI-8)", "nome_batalhao": "32º BPM/I", "tipo_batalhao": "Interior", "companhia": "EM", "pelotao": "AA", "cidade": "Assis", "endereco": "TRAVESSA BRASIL, 275, VILA ROSANGELA - Assis", "latitude": -22.6533095, "longitude": -50.4086137, "fonte_geocodificacao": "Google Geocoding API", "opm_nome": "AGENCIA DE AREA", "opm_descricao": "CPI-8 32.BPM/I EM AA 0", "opm_codigo": "608328200" }, "geometry": { "type": "Point", "coordinates": [ -50.4086137, -22.6533095 ] } },
{ "type": "Feature", "properties": { "id_comando": "CPI-8", "nome_comando": "8º Comando de Policiamento do Interior (CPI-8)", "nome_batalhao": "32º BPM/I", "tipo_batalhao": "Interior", "companhia": "EM", "pelotao": "MOTOMEC", "cidade": "Assis", "endereco": "TRAVESSA BRASIL, 275, VILA ROSANGELA - Assis", "latitude": -22.6533095, "longitude": -50.4086137, "fonte_geocodificacao": "Google Geocoding API", "opm_nome": "32.BPM/I - MOTOMECANIZACAO", "opm_descricao": "CPI-8 32.BPM/I EM MOTOMEC 0", "opm_codigo": "608328700" }, "geometry": { "type": "Point", "coordinates": [ -50.4086137, -22.6533095 ] } },
{ "type": "Feature", "properties": { "id_comando": "CPI-8", "nome_comando": "8º Comando de Policiamento do Interior (CPI-8)", "nome_batalhao": "32º BPM/I", "tipo_batalhao": "Interior", "companhia": "EM", "pelotao": "P/1 E P/5", "cidade": "Assis", "endereco": "TRAVESSA BRASIL, 275, VILA FIUZA - Assis", "latitude": -22.6533095, "longitude": -50.4086137, "fonte_geocodificacao": "Google Geocoding API", "opm_nome": "P/1 E P/5", "opm_descricao": "CPI-8 32.BPM/I EM P/1 E P/5 0", "opm_codigo": "608328100" }, "geometry": { "type": "Point", "coordinates": [ -50.4086137, -22.6533095 ] } },
{ "type": "Feature", "properties": { "id_comando": "CPI-8", "nome_comando": "8º Comando de Policiamento do Interior (CPI-8)", "nome_batalhao": "32º BPM/I", "tipo_batalhao": "Interior", "companhia": "EM", "pelotao": "P/3", "cidade": "Assis", "endereco": "TRAVESSA BRASIL, 275, VILA FIUZA - Assis", "latitude": -22.6533095, "longitude": -50.4086137, "fonte_geocodificacao": "Google Geocoding API", "opm_nome": "COMANDO FORCA PATRULHA", "opm_descricao": "CPI-8 32.BPM/I EM P/3 CFP", "opm_codigo": "608328330" }, "geometry": { "type": "Point", "coordinates": [ -50.4086137, -22.6533095 ] } },
{ "type": "Feature", "properties": { "id_comando": "CPI-8", "nome_comando": "8º Comando de Policiamento do Interior (CPI-8)", "nome_batalhao": "32º BPM/I", "tipo_batalhao": "Interior", "companhia": "EM", "pelotao": "P/4 - MOTOMEC", "cidade": "Assis", "endereco": "TRAVESSA BRASIL, 275, VILA ROSANGELA - Assis", "latitude": -22.6533095, "longitude": -50.4086137, "fonte_geocodificacao": "Google Geocoding API", "opm_nome": "P/4 - MOTOMECANIZACAO", "opm_descricao": "CPI-8 32.BPM/I EM P/4 - MOTOMEC 0", "opm_codigo": "608328400" }, "geometry": { "type": "Point", "coordinates": [ -50.4086137, -22.6533095 ] } },
{ "type": "Feature", "properties": { "id_comando": "CPI-8", "nome_comando": "8º Comando de Policiamento do Interior (CPI-8)", "nome_batalhao": "32º BPM/I", "tipo_batalhao": "Interior", "companhia": "EM", "pelotao": "P/5", "cidade": "Assis", "endereco": "TRAVESSA BRASIL, 275, VILA ROSANGELA - Assis", "latitude": -22.6533095, "longitude": -50.4086137, "fonte_geocodificacao": "Google Geocoding API", "opm_nome": "32.BPM/I - P/5", "opm_descricao": "CPI-8 32.BPM/I EM P/5 0", "opm_codigo": "608328500" }, "geometry": { "type": "Point", "coordinates": [ -50.4086137, -22.6533095 ] } },
{ "type": "Feature", "properties": { "id_comando": "CPI-8", "nome_comando": "8º Comando de Policiamento do Interior (CPI-8)", "nome_batalhao": "32º BPM/I", "tipo_batalhao": "Interior", "companhia": "EM", "pelotao": "SEC PJMD", "cidade": "Assis", "endereco": "TRAVESSA BRASIL, 275, VILA ROSANGELA - Assis", "latitude": -22.6533095, "longitude": -50.4086137, "fonte_geocodificacao": "Google Geocoding API", "opm_nome": "SECAO POLICIA JUDICIARIA MILITAR E DISCIPLINAR", "opm_descricao": "CPI-8 32.BPM/I EM SEC PJMD 0", "opm_codigo": "608328600" }, "geometry": { "type": "Point", "coordinates": [ -50.4086137, -22.6533095 ] } },
{ "type": "Feature", "properties": { "id_comando": "CPI-8", "nome_comando": "8º Comando de Policiamento do Interior (CPI-8)", "nome_batalhao": "32º BPM/I", "tipo_batalhao": "Interior", "companhia": "EM", "pelotao": "UIS", "cidade": "Assis", "endereco": "TRAVESSA BRASIL, 275, VILA FIÚZA - Assis", "latitude": -22.6533095, "longitude": -50.4086137, "fonte_geocodificacao": "Google Geocoding API", "opm_nome": "UNIDADE INTEGRADA DE SAÚDE", "opm_descricao": "CPI-8 32.BPM/I EM UIS 0", "opm_codigo": "608328800" }, "geometry": { "type": "Point", "coordinates": [ -50.4086137, -22.6533095 ] } },
{ "type": "Feature", "properties": { "id_comando": "CPA/M-12", "nome_comando": "12º Comando de Policiamento de Área Metropolitana (CPA/M-12)", "nome_batalhao": "32º BPM/M", "tipo_batalhao": "Metropolitano", "companhia": "1.CIA PM", "pelotao": "TERRITORIAL", "cidade": "Suzano", "endereco": "RUA JOSÉ RENSI, 400 - SUZANO, 400  JD REALCE, JD DOS PINHEIROS - Suzano", "latitude": -23.5579522, "longitude": -46.3207449, "fonte_geocodificacao": "Google Geocoding API", "opm_nome": "1. COMPANHIA DE POLICIA MILITAR", "opm_descricao": "CPA/M-12 32.BPM/M 1.CIA PM TERRITORIAL", "opm_codigo": "412321000" }, "geometry": { "type": "Point", "coordinates": [ -46.3207449, -23.5579522 ] } },
{ "type": "Feature", "properties": { "id_comando": "CPA/M-12", "nome_comando": "12º Comando de Policiamento de Área Metropolitana (CPA/M-12)", "nome_batalhao": "32º BPM/M", "tipo_batalhao": "Metropolitano", "companhia": "2.CIA PM", "pelotao": "TERRITORIAL", "cidade": "Poa", "endereco": "Praça Rui Barbosa, 180 - POÁ, 180, Centro - Poa", "latitude": -23.530544959851721, "longitude": -46.346793219437963, "fonte_geocodificacao": "Centroide do município-sede (geocodificação rejeitada: fora dos limites do município)", "opm_nome": "2. COMPANHIA DE POLICIA MILITAR", "opm_descricao": "CPA/M-12 32.BPM/M 2.CIA PM TERRITORIAL", "opm_codigo": "412322000" }, "geometry": { "type": "Point", "coordinates": [ -46.346793219437963, -23.530544959851721 ] } },
{ "type": "Feature", "properties": { "id_comando": "CPA/M-12", "nome_comando": "12º Comando de Policiamento de Área Metropolitana (CPA/M-12)", "nome_batalhao": "32º BPM/M", "tipo_batalhao": "Metropolitano", "companhia": "3.CIA PM", "pelotao": "TERRITORIAL", "cidade": "Ferraz De Vasconcelos", "endereco": "RUA MARIA CONCEIÇÃO ALVARENGA E SILVA, 86 - FERRAZ DE VASCONCELOS, 86, CONJ. RES. BANDEIRANTES - Ferraz De Vasconcelos", "latitude": -23.5397007, "longitude": -46.3851166, "fonte_geocodificacao": "Google Geocoding API", "opm_nome": "3. COMPANHIA DE POLICIA MILITAR", "opm_descricao": "CPA/M-12 32.BPM/M 3.CIA PM TERRITORIAL", "opm_codigo": "412323000" }, "geometry": { "type": "Point", "coordinates": [ -46.3851166, -23.5397007 ] } },
{ "type": "Feature", "properties": { "id_comando": "CPA/M-12", "nome_comando": "12º Comando de Policiamento de Área Metropolitana (CPA/M-12)", "nome_batalhao": "32º BPM/M", "tipo_batalhao": "Metropolitano", "companhia": "4.CIA PM", "pelotao": "TERRITORIAL", "cidade": "Suzano", "endereco": "AVENIDA FRANCISCO MARENGO, 1564 - SUZANO, 1564, JD. REVISTA - Suzano", "latitude": -23.5054981, "longitude": -46.2995716, "fonte_geocodificacao": "Google Geocoding API", "opm_nome": "4. COMPANHIA DE POLICIA MILITAR", "opm_descricao": "CPA/M-12 32.BPM/M 4.CIA PM TERRITORIAL", "opm_codigo": "412324000" }, "geometry": { "type": "Point", "coordinates": [ -46.2995716, -23.5054981 ] } },
{ "type": "Feature", "properties": { "id_comando": "CPI-3", "nome_comando": "3º Comando de Policiamento do Interior (CPI-3)", "nome_batalhao": "33º BPM/I", "tipo_batalhao": "Interior", "companhia": "1.CIA PM", "pelotao": "0", "cidade": "Barretos", "endereco": "VICINAL LUIS CARLOS ARUTIN, 500, FRIGORIFICO - Barretos", "latitude": -20.5933483, "longitude": -48.552517, "fonte_geocodificacao": "Google Geocoding API", "opm_nome": "33.BPM/I 1.CIA PM  1.GP/PM", "opm_descricao": "CPI-3 33.BPM/I 1.CIA PM 0 1.GP/PM", "opm_codigo": "603331001" }, "geometry": { "type": "Point", "coordinates": [ -48.552517, -20.5933483 ] } },
{ "type": "Feature", "properties": { "id_comando": "CPI-3", "nome_comando": "3º Comando de Policiamento do Interior (CPI-3)", "nome_batalhao": "33º BPM/I", "tipo_batalhao": "Interior", "companhia": "1.CIA PM", "pelotao": "3.PEL PM", "cidade": "Barretos", "endereco": "VICINAL LUIS CARLOS ARUTIN, 500, FRIGORIFICO - Barretos", "latitude": -20.5933483, "longitude": -48.552517, "fonte_geocodificacao": "Google Geocoding API", "opm_nome": "33.BPM/I 1.CIA PM 3.PEL PM", "opm_descricao": "CPI-3 33.BPM/I 1.CIA PM 3.PEL PM", "opm_codigo": "603331300" }, "geometry": { "type": "Point", "coordinates": [ -48.552517, -20.5933483 ] } },
{ "type": "Feature", "properties": { "id_comando": "CPI-3", "nome_comando": "3º Comando de Policiamento do Interior (CPI-3)", "nome_batalhao": "33º BPM/I", "tipo_batalhao": "Interior", "companhia": "1.CIA PM", "pelotao": "ADM", "cidade": "Barretos", "endereco": "ESTRADA VICINAL LUIZ CARLOS ARUTIN, 0, FRIGORÍFICO - Barretos", "latitude": -20.5903048, "longitude": -48.5515236, "fonte_geocodificacao": "Google Geocoding API", "opm_nome": "ADMINISTRACAO", "opm_descricao": "CPI-3 33.BPM/I 1.CIA PM ADM", "opm_codigo": "603331010" }, "geometry": { "type": "Point", "coordinates": [ -48.5515236, -20.5903048 ] } },
{ "type": "Feature", "properties": { "id_comando": "CPI-3", "nome_comando": "3º Comando de Policiamento do Interior (CPI-3)", "nome_batalhao": "33º BPM/I", "tipo_batalhao": "Interior", "companhia": "1.CIA PM", "pelotao": "CGP", "cidade": "Barretos", "endereco": "ESTRADA VICINAL LUIZ CARLOS ARUTIN, 500, FRIGORÍFICO - Barretos", "latitude": -20.5933483, "longitude": -48.552517, "fonte_geocodificacao": "Google Geocoding API", "opm_nome": "COMANDO DE GRUPO PATRULHA", "opm_descricao": "CPI-3 33.BPM/I 1.CIA PM CGP", "opm_codigo": "603331020" }, "geometry": { "type": "Point", "coordinates": [ -48.552517, -20.5933483 ] } },
{ "type": "Feature", "properties": { "id_comando": "CPI-3", "nome_comando": "3º Comando de Policiamento do Interior (CPI-3)", "nome_batalhao": "33º BPM/I", "tipo_batalhao": "Interior", "companhia": "1.CIA PM", "pelotao": "PEL FT", "cidade": "Barretos", "endereco": "VICINAL LUIS CARLOS ARUTIN, 500, FRIGORIFICO - Barretos", "latitude": -20.5933483, "longitude": -48.552517, "fonte_geocodificacao": "Google Geocoding API", "opm_nome": "PEL FT", "opm_descricao": "CPI-3 33.BPM/I 1.CIA PM PEL FT", "opm_codigo": "603331900" }, "geometry": { "type": "Point", "coordinates": [ -48.552517, -20.5933483 ] } },
{ "type": "Feature", "properties": { "id_comando": "CPI-3", "nome_comando": "3º Comando de Policiamento do Interior (CPI-3)", "nome_batalhao": "33º BPM/I", "tipo_batalhao": "Interior", "companhia": "1.CIA PM", "pelotao": "PEL FT/CANIL", "cidade": "Barretos", "endereco": "VICINAL LUIS CARLOS ARUTIN, 500, FRIGORIFICO - Barretos", "latitude": -20.5933483, "longitude": -48.552517, "fonte_geocodificacao": "Google Geocoding API", "opm_nome": "33.BPM/I PEL FT/CANIL", "opm_descricao": "CPI-3 33.BPM/I 1.CIA PM PEL FT/CANIL 0", "opm_codigo": "603331800" }, "geometry": { "type": "Point", "coordinates": [ -48.552517, -20.5933483 ] } },
{ "type": "Feature", "properties": { "id_comando": "CPI-3", "nome_comando": "3º Comando de Policiamento do Interior (CPI-3)", "nome_batalhao": "33º BPM/I", "tipo_batalhao": "Interior", "companhia": "2.CIA PM", "pelotao": "1.PEL PM", "cidade": "Olimpia", "endereco": "Avenida Waldemar Lopes Ferraz, 1277, centro - Olimpia", "latitude": -20.7419159, "longitude": -48.9154281, "fonte_geocodificacao": "Google Geocoding API", "opm_nome": "33.BPM/I 2.CIA PM 1.PEL PM", "opm_descricao": "CPI-3 33.BPM/I 2.CIA PM 1.PEL PM", "opm_codigo": "603332100" }, "geometry": { "type": "Point", "coordinates": [ -48.9154281, -20.7419159 ] } },
{ "type": "Feature", "properties": { "id_comando": "CPI-3", "nome_comando": "3º Comando de Policiamento do Interior (CPI-3)", "nome_batalhao": "33º BPM/I", "tipo_batalhao": "Interior", "companhia": "2.CIA PM", "pelotao": "ADM", "cidade": "Olimpia", "endereco": "AV DR. WALDEMAR LOPES FERRAZ, 1277, CENTRO - Olimpia", "latitude": -20.7419159, "longitude": -48.9154281, "fonte_geocodificacao": "Google Geocoding API", "opm_nome": "ADMINISTRACAO", "opm_descricao": "CPI-3 33.BPM/I 2.CIA PM ADM", "opm_codigo": "603332300" }, "geometry": { "type": "Point", "coordinates": [ -48.9154281, -20.7419159 ] } },
{ "type": "Feature", "properties": { "id_comando": "CPI-3", "nome_comando": "3º Comando de Policiamento do Interior (CPI-3)", "nome_batalhao": "33º BPM/I", "tipo_batalhao": "Interior", "companhia": "2.CIA PM", "pelotao": "CGP", "cidade": "Olimpia", "endereco": "AV DR. WALDEMAR LOPES FERRAZ, 1277, CENTRO - Olimpia", "latitude": -20.7419159, "longitude": -48.9154281, "fonte_geocodificacao": "Google Geocoding API", "opm_nome": "COMANDO DE GRUPO PATRULHA", "opm_descricao": "CPI-3 33.BPM/I 2.CIA PM CGP", "opm_codigo": "603332400" }, "geometry": { "type": "Point", "coordinates": [ -48.9154281, -20.7419159 ] } },
{ "type": "Feature", "properties": { "id_comando": "CPI-3", "nome_comando": "3º Comando de Policiamento do Interior (CPI-3)", "nome_batalhao": "33º BPM/I", "tipo_batalhao": "Interior", "companhia": "3.CIA PM", "pelotao": "2.PEL PM", "cidade": "Taiacu", "endereco": "RUA JOAQUIM GONZAGA, 460, CENTRO - Taiacu", "latitude": -21.1440093, "longitude": -48.5142337, "fonte_geocodificacao": "Google Geocoding API", "opm_nome": "33.BPM/I 3.CIA PM 2.PEL PM", "opm_descricao": "CPI-3 33.BPM/I 3.CIA PM 2.PEL PM", "opm_codigo": "603333200" }, "geometry": { "type": "Point", "coordinates": [ -48.5142337, -21.1440093 ] } },
{ "type": "Feature", "properties": { "id_comando": "CPI-3", "nome_comando": "3º Comando de Policiamento do Interior (CPI-3)", "nome_batalhao": "33º BPM/I", "tipo_batalhao": "Interior", "companhia": "3.CIA PM", "pelotao": "3.PEL PM", "cidade": "Monte Azul Paulista", "endereco": "RUA MARECHAL DEODORO, 557, CENTRO - Monte Azul Paulista", "latitude": -20.9027569, "longitude": -48.6419925, "fonte_geocodificacao": "Nominatim (OpenStreetMap)", "opm_nome": "33.BPM/I 3.CIA PM 3.PEL PM", "opm_descricao": "CPI-3 33.BPM/I 3.CIA PM 3.PEL PM", "opm_codigo": "603333300" }, "geometry": { "type": "Point", "coordinates": [ -48.6419925, -20.9027569 ] } },
{ "type": "Feature", "properties": { "id_comando": "CPI-3", "nome_comando": "3º Comando de Policiamento do Interior (CPI-3)", "nome_batalhao": "33º BPM/I", "tipo_batalhao": "Interior", "companhia": "3.CIA PM", "pelotao": "4.PEL PM", "cidade": "Viradouro", "endereco": "Rua Espírito Santo, 542, CENTRO - Viradouro", "latitude": -20.8705199, "longitude": -48.2937275, "fonte_geocodificacao": "Google Geocoding API", "opm_nome": "33.BPM/I 3.CIA PM 4.PEL PM", "opm_descricao": "CPI-3 33.BPM/I 3.CIA PM 4.PEL PM", "opm_codigo": "603333400" }, "geometry": { "type": "Point", "coordinates": [ -48.2937275, -20.8705199 ] } },
{ "type": "Feature", "properties": { "id_comando": "CPI-3", "nome_comando": "3º Comando de Policiamento do Interior (CPI-3)", "nome_batalhao": "33º BPM/I", "tipo_batalhao": "Interior", "companhia": "3.CIA PM", "pelotao": "ADM", "cidade": "Bebedouro", "endereco": "RUA NOSSA SENHORA DE FÁTIMA, 60, JARDIM ESTORIL - Bebedouro", "latitude": -20.9495368, "longitude": -48.4759785, "fonte_geocodificacao": "Google Geocoding API", "opm_nome": "ADMINISTRACAO", "opm_descricao": "CPI-3 33.BPM/I 3.CIA PM ADM", "opm_codigo": "603333500" }, "geometry": { "type": "Point", "coordinates": [ -48.4759785, -20.9495368 ] } },
{ "type": "Feature", "properties": { "id_comando": "CPI-3", "nome_comando": "3º Comando de Policiamento do Interior (CPI-3)", "nome_batalhao": "33º BPM/I", "tipo_batalhao": "Interior", "companhia": "3.CIA PM", "pelotao": "CGP", "cidade": "Bebedouro", "endereco": "RUA NOSSA SENHORA DE FÁTIMA, 60, JARDIM ESTORIL - Bebedouro", "latitude": -20.9495368, "longitude": -48.4759785, "fonte_geocodificacao": "Google Geocoding API", "opm_nome": "COMANDO DE GRUPO PATRULHA", "opm_descricao": "CPI-3 33.BPM/I 3.CIA PM CGP", "opm_codigo": "603333600" }, "geometry": { "type": "Point", "coordinates": [ -48.4759785, -20.9495368 ] } },
{ "type": "Feature", "properties": { "id_comando": "CPI-3", "nome_comando": "3º Comando de Policiamento do Interior (CPI-3)", "nome_batalhao": "33º BPM/I", "tipo_batalhao": "Interior", "companhia": "3.CIA PM", "pelotao": "PEL PM", "cidade": "Monte Azul Paulista", "endereco": "RUA MARECHAL DEODORO, 557, CENTRO - Monte Azul Paulista", "latitude": -20.9027569, "longitude": -48.6419925, "fonte_geocodificacao": "Nominatim (OpenStreetMap)", "opm_nome": "33.BPM/I PEL PM", "opm_descricao": "CPI-3 33.BPM/I 3.CIA PM PEL PM 0", "opm_codigo": "603333100" }, "geometry": { "type": "Point", "coordinates": [ -48.6419925, -20.9027569 ] } },
{ "type": "Feature", "properties": { "id_comando": "CPI-3", "nome_comando": "3º Comando de Policiamento do Interior (CPI-3)", "nome_batalhao": "33º BPM/I", "tipo_batalhao": "Interior", "companhia": "4.CIA PM", "pelotao": "1.PEL PM", "cidade": "Guaira", "endereco": "RUA 28, 15, CENTRO - Guaira", "latitude": -20.3238723, "longitude": -48.3198679, "fonte_geocodificacao": "Google Geocoding API", "opm_nome": "33.BPM/I 4.CIA PM 1.PEL PM", "opm_descricao": "CPI-3 33.BPM/I 4.CIA PM 1.PEL PM 0", "opm_codigo": "603334100" }, "geometry": { "type": "Point", "coordinates": [ -48.3198679, -20.3238723 ] } },
{ "type": "Feature", "properties": { "id_comando": "CPI-3", "nome_comando": "3º Comando de Policiamento do Interior (CPI-3)", "nome_batalhao": "33º BPM/I", "tipo_batalhao": "Interior", "companhia": "4.CIA PM", "pelotao": "2.PEL PM", "cidade": "Colina", "endereco": "Rua João Silveira, 436, VILA CUNHA - Colina", "latitude": -20.7053443, "longitude": -48.5343943, "fonte_geocodificacao": "Google Geocoding API", "opm_nome": "33.BPM/I 4.CIA PM 2.PEL PM", "opm_descricao": "CPI-3 33.BPM/I 4.CIA PM 2.PEL PM", "opm_codigo": "603334200" }, "geometry": { "type": "Point", "coordinates": [ -48.5343943, -20.7053443 ] } },
{ "type": "Feature", "properties": { "id_comando": "CPI-3", "nome_comando": "3º Comando de Policiamento do Interior (CPI-3)", "nome_batalhao": "33º BPM/I", "tipo_batalhao": "Interior", "companhia": "4.CIA PM", "pelotao": "ADM", "cidade": "Guaira", "endereco": "RUA 28, 15, CENTRO - Guaira", "latitude": -20.3238723, "longitude": -48.3198679, "fonte_geocodificacao": "Google Geocoding API", "opm_nome": "ADMINISTRACAO", "opm_descricao": "CPI-3 33.BPM/I 4.CIA PM ADM", "opm_codigo": "603334400" }, "geometry": { "type": "Point", "coordinates": [ -48.3198679, -20.3238723 ] } },
{ "type": "Feature", "properties": { "id_comando": "CPI-3", "nome_comando": "3º Comando de Policiamento do Interior (CPI-3)", "nome_batalhao": "33º BPM/I", "tipo_batalhao": "Interior", "companhia": "4.CIA PM", "pelotao": "CGP", "cidade": "Guaira", "endereco": "RUA 28, 15, CENTRO - Guaira", "latitude": -20.3238723, "longitude": -48.3198679, "fonte_geocodificacao": "Google Geocoding API", "opm_nome": "COMANDO DE GRUPO PATRULHA", "opm_descricao": "CPI-3 33.BPM/I 4.CIA PM CGP", "opm_codigo": "603334500" }, "geometry": { "type": "Point", "coordinates": [ -48.3198679, -20.3238723 ] } },
{ "type": "Feature", "properties": { "id_comando": "CPI-3", "nome_comando": "3º Comando de Policiamento do Interior (CPI-3)", "nome_batalhao": "33º BPM/I", "tipo_batalhao": "Interior", "companhia": "CIA FT", "pelotao": "1.PEL FT", "cidade": "Barretos", "endereco": "RVIVINAL LUIZ CARLOS ARUTIM, 500, FRIGORÍFICO - Barretos", "latitude": -20.5933483, "longitude": -48.552517, "fonte_geocodificacao": "Google Geocoding API", "opm_nome": "1. PELOTAO DE FORCA TATICA", "opm_descricao": "CPI-3 33.BPM/I CIA FT 1.PEL FT", "opm_codigo": "603337100" }, "geometry": { "type": "Point", "coordinates": [ -48.552517, -20.5933483 ] } },
{ "type": "Feature", "properties": { "id_comando": "CPI-3", "nome_comando": "3º Comando de Policiamento do Interior (CPI-3)", "nome_batalhao": "33º BPM/I", "tipo_batalhao": "Interior", "companhia": "CIA FT", "pelotao": "2.PEL FT", "cidade": "Barretos", "endereco": "ESTRADA VICINAL LUIZ CARLOS ARUTIN, 500  33ºBPM-I, FRIGORÍFICO - Barretos", "latitude": -20.5933483, "longitude": -48.552517, "fonte_geocodificacao": "Google Geocoding API", "opm_nome": "2. PELOTAO DE FORCA TATICA", "opm_descricao": "CPI-3 33.BPM/I CIA FT 2.PEL FT", "opm_codigo": "603337200" }, "geometry": { "type": "Point", "coordinates": [ -48.552517, -20.5933483 ] } },
{ "type": "Feature", "properties": { "id_comando": "CPI-3", "nome_comando": "3º Comando de Policiamento do Interior (CPI-3)", "nome_batalhao": "33º BPM/I", "tipo_batalhao": "Interior", "companhia": "CIA FT", "pelotao": "ADM", "cidade": "Barretos", "endereco": "ESTRADA VICINAL LUIZ CARLOS ARUTIN, 500, FRIGORÍFICO - Barretos", "latitude": -20.5933483, "longitude": -48.552517, "fonte_geocodificacao": "Google Geocoding API", "opm_nome": "ADMINISTRACAO", "opm_descricao": "CPI-3 33.BPM/I CIA FT ADM", "opm_codigo": "603337500" }, "geometry": { "type": "Point", "coordinates": [ -48.552517, -20.5933483 ] } },
{ "type": "Feature", "properties": { "id_comando": "CPI-3", "nome_comando": "3º Comando de Policiamento do Interior (CPI-3)", "nome_batalhao": "33º BPM/I", "tipo_batalhao": "Interior", "companhia": "EM", "pelotao": "AG AREA", "cidade": "Barretos", "endereco": "VICINAL LUIS CARLOS ARUTIN, 500, FRIGORIFICO - Barretos", "latitude": -20.5933483, "longitude": -48.552517, "fonte_geocodificacao": "Google Geocoding API", "opm_nome": "AGENCIA DE AREA", "opm_descricao": "CPI-3 33.BPM/I EM AG AREA", "opm_codigo": "603338200" }, "geometry": { "type": "Point", "coordinates": [ -48.552517, -20.5933483 ] } },
{ "type": "Feature", "properties": { "id_comando": "CPI-3", "nome_comando": "3º Comando de Policiamento do Interior (CPI-3)", "nome_batalhao": "33º BPM/I", "tipo_batalhao": "Interior", "companhia": "EM", "pelotao": "DPIV OP", "cidade": "Barretos", "endereco": "VICINAL LUIS CARLOS ARUTIN, 500, FRIGORIFICO - Barretos", "latitude": -20.5933483, "longitude": -48.552517, "fonte_geocodificacao": "Google Geocoding API", "opm_nome": "DPIV OP", "opm_descricao": "CPI-3 33.BPM/I EM DPIV OP", "opm_codigo": "603338300" }, "geometry": { "type": "Point", "coordinates": [ -48.552517, -20.5933483 ] } },
{ "type": "Feature", "properties": { "id_comando": "CPI-3", "nome_comando": "3º Comando de Policiamento do Interior (CPI-3)", "nome_batalhao": "33º BPM/I", "tipo_batalhao": "Interior", "companhia": "EM", "pelotao": "MOTOMEC", "cidade": "Barretos", "endereco": "VICINAL LUIS CARLOS ARUTIN, 500, FRIGORIFICO - Barretos", "latitude": -20.5933483, "longitude": -48.552517, "fonte_geocodificacao": "Google Geocoding API", "opm_nome": "33.BPM/I MOTOMEC", "opm_descricao": "CPI-3 33.BPM/I EM MOTOMEC 0", "opm_codigo": "603338700" }, "geometry": { "type": "Point", "coordinates": [ -48.552517, -20.5933483 ] } },
{ "type": "Feature", "properties": { "id_comando": "CPI-3", "nome_comando": "3º Comando de Policiamento do Interior (CPI-3)", "nome_batalhao": "33º BPM/I", "tipo_batalhao": "Interior", "companhia": "EM", "pelotao": "P/1 P5", "cidade": "Barretos", "endereco": "VICINAL LUIS CARLOS ARUTIN, 500, FRIGORIFICO - Barretos", "latitude": -20.5933483, "longitude": -48.552517, "fonte_geocodificacao": "Google Geocoding API", "opm_nome": "P/1 E P/5", "opm_descricao": "CPI-3 33.BPM/I EM P/1 P5", "opm_codigo": "603338100" }, "geometry": { "type": "Point", "coordinates": [ -48.552517, -20.5933483 ] } },
{ "type": "Feature", "properties": { "id_comando": "CPI-3", "nome_comando": "3º Comando de Policiamento do Interior (CPI-3)", "nome_batalhao": "33º BPM/I", "tipo_batalhao": "Interior", "companhia": "EM", "pelotao": "P/3", "cidade": "Barretos", "endereco": "ESTRADA VICINAL LUIZ CARLOS ARUTIN, 0, FRIGORÍFICO - Barretos", "latitude": -20.5903048, "longitude": -48.5515236, "fonte_geocodificacao": "Google Geocoding API", "opm_nome": "CAD", "opm_descricao": "CPI-3 33.BPM/I EM P/3 CAD", "opm_codigo": "603338310" }, "geometry": { "type": "Point", "coordinates": [ -48.5515236, -20.5903048 ] } },
{ "type": "Feature", "properties": { "id_comando": "CPI-3", "nome_comando": "3º Comando de Policiamento do Interior (CPI-3)", "nome_batalhao": "33º BPM/I", "tipo_batalhao": "Interior", "companhia": "EM", "pelotao": "P/4 MOTOMEC", "cidade": "Barretos", "endereco": "VICINAL LUIS CARLOS ARUTIN, 500, FRIGORIFICO - Barretos", "latitude": -20.5933483, "longitude": -48.552517, "fonte_geocodificacao": "Google Geocoding API", "opm_nome": "P/4 E MOTOMECANIZACAO", "opm_descricao": "CPI-3 33.BPM/I EM P/4 MOTOMEC", "opm_codigo": "603338400" }, "geometry": { "type": "Point", "coordinates": [ -48.552517, -20.5933483 ] } },
{ "type": "Feature", "properties": { "id_comando": "CPI-3", "nome_comando": "3º Comando de Policiamento do Interior (CPI-3)", "nome_batalhao": "33º BPM/I", "tipo_batalhao": "Interior", "companhia": "EM", "pelotao": "P/5", "cidade": "Barretos", "endereco": "VICINAL LUIS CARLOS ARUTIN, 500, FRIGORIFICO - Barretos", "latitude": -20.5933483, "longitude": -48.552517, "fonte_geocodificacao": "Google Geocoding API", "opm_nome": "33.BPM/I P/5", "opm_descricao": "CPI-3 33.BPM/I EM P/5", "opm_codigo": "603338500" }, "geometry": { "type": "Point", "coordinates": [ -48.552517, -20.5933483 ] } },
{ "type": "Feature", "properties": { "id_comando": "CPI-3", "nome_comando": "3º Comando de Policiamento do Interior (CPI-3)", "nome_batalhao": "33º BPM/I", "tipo_batalhao": "Interior", "companhia": "EM", "pelotao": "SEC PJMD", "cidade": "Barretos", "endereco": "VICINAL LUIS CARLOS ARUTIN, 500, FRIGORIFICO - Barretos", "latitude": -20.5933483, "longitude": -48.552517, "fonte_geocodificacao": "Google Geocoding API", "opm_nome": "SECAO POLICIA JUDICIARIA MILITAR E DISCIPLINA", "opm_descricao": "CPI-3 33.BPM/I EM SEC PJMD", "opm_codigo": "603338600" }, "geometry": { "type": "Point", "coordinates": [ -48.552517, -20.5933483 ] } },
{ "type": "Feature", "properties": { "id_comando": "CPI-3", "nome_comando": "3º Comando de Policiamento do Interior (CPI-3)", "nome_batalhao": "33º BPM/I", "tipo_batalhao": "Interior", "companhia": "EM", "pelotao": "UIS", "cidade": "Barretos", "endereco": "ESTRADA VICINAL LUIZ CARLOS ARUTIN, 0, FRIGORÍFICO - Barretos", "latitude": -20.5903048, "longitude": -48.5515236, "fonte_geocodificacao": "Google Geocoding API", "opm_nome": "UNIDADE INTEGRADA DE SAUDE", "opm_descricao": "CPI-3 33.BPM/I EM UIS", "opm_codigo": "603338010" }, "geometry": { "type": "Point", "coordinates": [ -48.5515236, -20.5903048 ] } },
{ "type": "Feature", "properties": { "id_comando": "CPI-3", "nome_comando": "3º Comando de Policiamento do Interior (CPI-3)", "nome_batalhao": "33º BPM/I", "tipo_batalhao": "Interior", "companhia": "EM", "pelotao": "UIS MEDICA", "cidade": "Barretos", "endereco": "VICINAL LUIS CARLOS ARUTIN, 500, FRIGORIFICO - Barretos", "latitude": -20.5933483, "longitude": -48.552517, "fonte_geocodificacao": "Google Geocoding API", "opm_nome": "33.BPM/I EM UIS MEDICA", "opm_descricao": "CPI-3 33.BPM/I EM UIS MEDICA", "opm_codigo": "603338800" }, "geometry": { "type": "Point", "coordinates": [ -48.552517, -20.5933483 ] } },
{ "type": "Feature", "properties": { "id_comando": "CPI-3", "nome_comando": "3º Comando de Policiamento do Interior (CPI-3)", "nome_batalhao": "33º BPM/I", "tipo_batalhao": "Interior", "companhia": "EM", "pelotao": "UIS ODONTO", "cidade": "Barretos", "endereco": "VICINAL LUIS CARLOS ARUTIN, 500, FRIGORIFICO - Barretos", "latitude": -20.5933483, "longitude": -48.552517, "fonte_geocodificacao": "Google Geocoding API", "opm_nome": "33.BPM/I EM UIS ODONTO", "opm_descricao": "CPI-3 33.BPM/I EM UIS ODONTO", "opm_codigo": "603338900" }, "geometry": { "type": "Point", "coordinates": [ -48.552517, -20.5933483 ] } },
{ "type": "Feature", "properties": { "id_comando": "CPA/M-8", "nome_comando": "8º Comando de Policiamento de Área Metropolitana (CPA/M-8)", "nome_batalhao": "33º BPM/M", "tipo_batalhao": "Metropolitano", "companhia": "1.CIA PM", "pelotao": "TERRITORIAL", "cidade": "Carapicuiba", "endereco": "ESTRADA DO COPIÚVA, 1661, JD SÃO DANIEL - Carapicuiba", "latitude": -23.5561047, "longitude": -46.8282556, "fonte_geocodificacao": "Google Geocoding API", "opm_nome": "1. COMPANHIA DE POLICIA MILITAR", "opm_descricao": "CPA/M-8 33.BPM/M 1.CIA PM TERRITORIAL", "opm_codigo": "408331000" }, "geometry": { "type": "Point", "coordinates": [ -46.828255600000013, -23.5561047 ] } },
{ "type": "Feature", "properties": { "id_comando": "CPA/M-8", "nome_comando": "8º Comando de Policiamento de Área Metropolitana (CPA/M-8)", "nome_batalhao": "33º BPM/M", "tipo_batalhao": "Metropolitano", "companhia": "2.CIA PM", "pelotao": "TERRITORIAL", "cidade": "Carapicuiba", "endereco": "AVENIDA AMAZONAS, 40  0, COHAB II - Carapicuiba", "latitude": -23.5318853, "longitude": -46.829352, "fonte_geocodificacao": "Google Geocoding API", "opm_nome": "2. COMPANHIA DE POLICIA MILITAR", "opm_descricao": "CPA/M-8 33.BPM/M 2.CIA PM TERRITORIAL", "opm_codigo": "408332000" }, "geometry": { "type": "Point", "coordinates": [ -46.829352, -23.5318853 ] } },
{ "type": "Feature", "properties": { "id_comando": "CPA/M-8", "nome_comando": "8º Comando de Policiamento de Área Metropolitana (CPA/M-8)", "nome_batalhao": "33º BPM/M", "tipo_batalhao": "Metropolitano", "companhia": "3.CIA PM", "pelotao": "TERRITORIAL", "cidade": "Cotia", "endereco": "RUA BATISTA CEPELOS, 187  0, CENTRO - Cotia", "latitude": -23.6036661, "longitude": -46.9322409, "fonte_geocodificacao": "Google Geocoding API", "opm_nome": "3. COMPANHIA DE POLICIA MILITAR", "opm_descricao": "CPA/M-8 33.BPM/M 3.CIA PM TERRITORIAL", "opm_codigo": "408333000" }, "geometry": { "type": "Point", "coordinates": [ -46.9322409, -23.6036661 ] } },
{ "type": "Feature", "properties": { "id_comando": "CPA/M-8", "nome_comando": "8º Comando de Policiamento de Área Metropolitana (CPA/M-8)", "nome_batalhao": "33º BPM/M", "tipo_batalhao": "Metropolitano", "companhia": "4.CIA PM", "pelotao": "TERRITORIAL", "cidade": "Vargem Grande Paulista", "endereco": "Avenida Miranda, 319, Jardim Verona - Vargem Grande Paulista", "latitude": -23.6117039, "longitude": -46.9932972, "fonte_geocodificacao": "Google Geocoding API", "opm_nome": "4. COMPANHIA DE POLICIA MILITAR", "opm_descricao": "CPA/M-8 33.BPM/M 4.CIA PM TERRITORIAL", "opm_codigo": "408334000" }, "geometry": { "type": "Point", "coordinates": [ -46.9932972, -23.6117039 ] } },
{ "type": "Feature", "properties": { "id_comando": "CPI-2", "nome_comando": "2º Comando de Policiamento do Interior (CPI-2)", "nome_batalhao": "34º BPM/I", "tipo_batalhao": "Interior", "companhia": "1.CIA PM", "pelotao": "1.PEL PM", "cidade": "Braganca Paulista", "endereco": "AVENIDA DOS IMIGRANTES, 1, DISTRITO INDUSTRIAL III - Braganca Paulista", "latitude": -22.9632987, "longitude": -46.5441184, "fonte_geocodificacao": "Google Geocoding API", "opm_nome": "34.BPM/I 1.CIA PM 1.PEL PM", "opm_descricao": "CPI-2 34.BPM/I 1.CIA PM 1.PEL PM", "opm_codigo": "602341100" }, "geometry": { "type": "Point", "coordinates": [ -46.5441184, -22.9632987 ] } },
{ "type": "Feature", "properties": { "id_comando": "CPI-2", "nome_comando": "2º Comando de Policiamento do Interior (CPI-2)", "nome_batalhao": "34º BPM/I", "tipo_batalhao": "Interior", "companhia": "1.CIA PM", "pelotao": "ADM", "cidade": "Braganca Paulista", "endereco": "AVENIDA DOS IMIGRANTES, 1, JARDIM SÃO JOSÉ - Braganca Paulista", "latitude": -22.9660569, "longitude": -46.5447975, "fonte_geocodificacao": "Google Geocoding API", "opm_nome": "ADMINISTRACAO", "opm_descricao": "CPI-2 34.BPM/I 1.CIA PM ADM", "opm_codigo": "602341600" }, "geometry": { "type": "Point", "coordinates": [ -46.5447975, -22.9660569 ] } },
{ "type": "Feature", "properties": { "id_comando": "CPI-2", "nome_comando": "2º Comando de Policiamento do Interior (CPI-2)", "nome_batalhao": "34º BPM/I", "tipo_batalhao": "Interior", "companhia": "1.CIA PM", "pelotao": "PEL F TAT", "cidade": "Braganca Paulista", "endereco": "AVENIDA JOSÉ GOMES DA ROCHA LEAL, 1651, CENTRO - Braganca Paulista", "latitude": -22.9530263, "longitude": -46.5453018, "fonte_geocodificacao": "Google Geocoding API", "opm_nome": "34.BPM/I 1.CIA PEL FT", "opm_descricao": "CPI-2 34.BPM/I 1.CIA PM PEL F TAT", "opm_codigo": "602341500" }, "geometry": { "type": "Point", "coordinates": [ -46.5453018, -22.9530263 ] } },
{ "type": "Feature", "properties": { "id_comando": "CPI-2", "nome_comando": "2º Comando de Policiamento do Interior (CPI-2)", "nome_batalhao": "34º BPM/I", "tipo_batalhao": "Interior", "companhia": "2.CIA PM", "pelotao": "1.PEL PM", "cidade": "Serra Negra", "endereco": "Rua Orlando Poleto, 141, Jardim Palmeiras - Serra Negra", "latitude": -22.5984295, "longitude": -46.7056246, "fonte_geocodificacao": "Google Geocoding API", "opm_nome": "1. PELOTAO POLICIAL MILITAR", "opm_descricao": "CPI-2 34.BPM/I 2.CIA PM 1.PEL PM", "opm_codigo": "602342100" }, "geometry": { "type": "Point", "coordinates": [ -46.7056246, -22.5984295 ] } },
{ "type": "Feature", "properties": { "id_comando": "CPI-2", "nome_comando": "2º Comando de Policiamento do Interior (CPI-2)", "nome_batalhao": "34º BPM/I", "tipo_batalhao": "Interior", "companhia": "2.CIA PM", "pelotao": "2.PEL PM", "cidade": "Aguas De Lindoia", "endereco": "Avenida das Nações Unidas, 1001, Centro - Aguas De Lindoia", "latitude": -22.4774818, "longitude": -46.6355123, "fonte_geocodificacao": "Google Geocoding API", "opm_nome": "2. PELOTAO POLICIAL MILITAR", "opm_descricao": "CPI-2 34.BPM/I 2.CIA PM 2.PEL PM", "opm_codigo": "602342200" }, "geometry": { "type": "Point", "coordinates": [ -46.635512299999988, -22.4774818 ] } },
{ "type": "Feature", "properties": { "id_comando": "CPI-2", "nome_comando": "2º Comando de Policiamento do Interior (CPI-2)", "nome_batalhao": "34º BPM/I", "tipo_batalhao": "Interior", "companhia": "2.CIA PM", "pelotao": "3.PEL PM", "cidade": "Socorro", "endereco": "RUA GENERAL GLICÉRIO, 165, CENTRO - Socorro", "latitude": -22.5951282, "longitude": -46.530585, "fonte_geocodificacao": "Google Geocoding API", "opm_nome": "3. PELOTAO POLICIAL MILITAR", "opm_descricao": "CPI-2 34.BPM/I 2.CIA PM 3.PEL PM", "opm_codigo": "602342300" }, "geometry": { "type": "Point", "coordinates": [ -46.530585, -22.5951282 ] } },
{ "type": "Feature", "properties": { "id_comando": "CPI-2", "nome_comando": "2º Comando de Policiamento do Interior (CPI-2)", "nome_batalhao": "34º BPM/I", "tipo_batalhao": "Interior", "companhia": "2.CIA PM", "pelotao": "4.PEL PM", "cidade": "Socorro", "endereco": "RUA GENERAL GLICÉRIO, 165, CENTRO - Socorro", "latitude": -22.5951282, "longitude": -46.530585, "fonte_geocodificacao": "Google Geocoding API", "opm_nome": "34.BPM/I 2.CIA PM 4.PEL PM", "opm_descricao": "CPI-2 34.BPM/I 2.CIA PM 4.PEL PM", "opm_codigo": "602342400" }, "geometry": { "type": "Point", "coordinates": [ -46.530585, -22.5951282 ] } },
{ "type": "Feature", "properties": { "id_comando": "CPI-2", "nome_comando": "2º Comando de Policiamento do Interior (CPI-2)", "nome_batalhao": "34º BPM/I", "tipo_batalhao": "Interior", "companhia": "2.CIA PM", "pelotao": "ADM", "cidade": "Amparo", "endereco": "PRAÇA DA BANDEIRA, 5, CENTRO - Amparo", "latitude": -22.7032597, "longitude": -46.7660062, "fonte_geocodificacao": "Google Geocoding API", "opm_nome": "ADMINISTRACAO", "opm_descricao": "CPI-2 34.BPM/I 2.CIA PM ADM", "opm_codigo": "602342500" }, "geometry": { "type": "Point", "coordinates": [ -46.7660062, -22.7032597 ] } },
{ "type": "Feature", "properties": { "id_comando": "CPI-2", "nome_comando": "2º Comando de Policiamento do Interior (CPI-2)", "nome_batalhao": "34º BPM/I", "tipo_batalhao": "Interior", "companhia": "3.CIA PM", "pelotao": "ADM", "cidade": "Atibaia", "endereco": "RUA PROFESSOR JOÃO ANTÔNIO RODRIGUES, 95, VILA THAIS - Atibaia", "latitude": -23.121284, "longitude": -46.5514358, "fonte_geocodificacao": "Google Geocoding API", "opm_nome": "ADMINISTRACAO", "opm_descricao": "CPI-2 34.BPM/I 3.CIA PM ADM", "opm_codigo": "602343500" }, "geometry": { "type": "Point", "coordinates": [ -46.5514358, -23.121284 ] } },
{ "type": "Feature", "properties": { "id_comando": "CPI-2", "nome_comando": "2º Comando de Policiamento do Interior (CPI-2)", "nome_batalhao": "34º BPM/I", "tipo_batalhao": "Interior", "companhia": "3.CIA PM", "pelotao": "PEL F TAT", "cidade": "Atibaia", "endereco": "RUA ADOLFO ANDRÉ, 1750, VILA RICA - Atibaia", "latitude": -23.1126349, "longitude": -46.5433865, "fonte_geocodificacao": "Google Geocoding API", "opm_nome": "34.BPM/I 3.CIA PEL FT", "opm_descricao": "CPI-2 34.BPM/I 3.CIA PM PEL F TAT", "opm_codigo": "602343400" }, "geometry": { "type": "Point", "coordinates": [ -46.5433865, -23.1126349 ] } },
{ "type": "Feature", "properties": { "id_comando": "CPI-2", "nome_comando": "2º Comando de Policiamento do Interior (CPI-2)", "nome_batalhao": "34º BPM/I", "tipo_batalhao": "Interior", "companhia": "3.CIA PM", "pelotao": "PEL PM", "cidade": "Piracaia", "endereco": "AVENIDA PAPA JOÃO XXIII, 104, CENTRO - Piracaia", "latitude": -23.0529684, "longitude": -46.3638313, "fonte_geocodificacao": "Google Geocoding API", "opm_nome": "PELOTAO POLICIAL MILITAR", "opm_descricao": "CPI-2 34.BPM/I 3.CIA PM PEL PM", "opm_codigo": "602343100" }, "geometry": { "type": "Point", "coordinates": [ -46.3638313, -23.0529684 ] } },
{ "type": "Feature", "properties": { "id_comando": "CPI-2", "nome_comando": "2º Comando de Policiamento do Interior (CPI-2)", "nome_batalhao": "34º BPM/I", "tipo_batalhao": "Interior", "companhia": "CIA FT", "pelotao": "1.PEL FT", "cidade": "Braganca Paulista", "endereco": "AVENIDA JOSÉ GOMES DA ROCHA LEAL, 1641, JARDIM AMERICA - Braganca Paulista", "latitude": -22.9530605, "longitude": -46.5453594, "fonte_geocodificacao": "Google Geocoding API", "opm_nome": "1. PELOTAO DE FORCA TATICA", "opm_descricao": "CPI-2 34.BPM/I CIA FT 1.PEL FT", "opm_codigo": "602347100" }, "geometry": { "type": "Point", "coordinates": [ -46.5453594, -22.9530605 ] } },
{ "type": "Feature", "properties": { "id_comando": "CPI-2", "nome_comando": "2º Comando de Policiamento do Interior (CPI-2)", "nome_batalhao": "34º BPM/I", "tipo_batalhao": "Interior", "companhia": "CIA FT", "pelotao": "2.PEL FT", "cidade": "Braganca Paulista", "endereco": "AVENIDA JOSÉ GOMES DA ROCHA LEAL, 1641, JARDIM AMERICA - Braganca Paulista", "latitude": -22.9530605, "longitude": -46.5453594, "fonte_geocodificacao": "Google Geocoding API", "opm_nome": "2. PELOTAO DE FORCA TATICA", "opm_descricao": "CPI-2 34.BPM/I CIA FT 2.PEL FT", "opm_codigo": "602347200" }, "geometry": { "type": "Point", "coordinates": [ -46.5453594, -22.9530605 ] } },
{ "type": "Feature", "properties": { "id_comando": "CPI-2", "nome_comando": "2º Comando de Policiamento do Interior (CPI-2)", "nome_batalhao": "34º BPM/I", "tipo_batalhao": "Interior", "companhia": "EM", "pelotao": "MOTOMEC", "cidade": "Braganca Paulista", "endereco": "AVENIDA JOSÉ GOMES DA ROCHA LEAL, 1651, CENTRO - Braganca Paulista", "latitude": -22.9530263, "longitude": -46.5453018, "fonte_geocodificacao": "Google Geocoding API", "opm_nome": "MOTOMECANIZACAO", "opm_descricao": "CPI-2 34.BPM/I EM MOTOMEC", "opm_codigo": "602348700" }, "geometry": { "type": "Point", "coordinates": [ -46.5453018, -22.9530263 ] } },
{ "type": "Feature", "properties": { "id_comando": "CPI-2", "nome_comando": "2º Comando de Policiamento do Interior (CPI-2)", "nome_batalhao": "34º BPM/I", "tipo_batalhao": "Interior", "companhia": "EM", "pelotao": "P/1 P/5", "cidade": "Braganca Paulista", "endereco": "AVENIDA JOSÉ GOMES DA ROCHA LEAL, 1651, CENTRO - Braganca Paulista", "latitude": -22.9530263, "longitude": -46.5453018, "fonte_geocodificacao": "Google Geocoding API", "opm_nome": "P/1 P/5", "opm_descricao": "CPI-2 34.BPM/I EM P/1 P/5", "opm_codigo": "602348100" }, "geometry": { "type": "Point", "coordinates": [ -46.5453018, -22.9530263 ] } },
{ "type": "Feature", "properties": { "id_comando": "CPI-2", "nome_comando": "2º Comando de Policiamento do Interior (CPI-2)", "nome_batalhao": "34º BPM/I", "tipo_batalhao": "Interior", "companhia": "EM", "pelotao": "P/2", "cidade": "Braganca Paulista", "endereco": "AVENIDA JOSÉ GOMES DA ROCHA LEAL, 1651, JARDIM AMERICA - Braganca Paulista", "latitude": -22.9530263, "longitude": -46.5453018, "fonte_geocodificacao": "Google Geocoding API", "opm_nome": "P/2", "opm_descricao": "CPI-2 34.BPM/I EM P/2", "opm_codigo": "602348200" }, "geometry": { "type": "Point", "coordinates": [ -46.5453018, -22.9530263 ] } },
{ "type": "Feature", "properties": { "id_comando": "CPI-2", "nome_comando": "2º Comando de Policiamento do Interior (CPI-2)", "nome_batalhao": "34º BPM/I", "tipo_batalhao": "Interior", "companhia": "EM", "pelotao": "P/3", "cidade": "Braganca Paulista", "endereco": "AVENIDA JOSÉ GOMES DA ROCHA LEAL, 1651, CENTRO - Braganca Paulista", "latitude": -22.9530263, "longitude": -46.5453018, "fonte_geocodificacao": "Google Geocoding API", "opm_nome": "P/3", "opm_descricao": "CPI-2 34.BPM/I EM P/3", "opm_codigo": "602348300" }, "geometry": { "type": "Point", "coordinates": [ -46.5453018, -22.9530263 ] } },
{ "type": "Feature", "properties": { "id_comando": "CPI-2", "nome_comando": "2º Comando de Policiamento do Interior (CPI-2)", "nome_batalhao": "34º BPM/I", "tipo_batalhao": "Interior", "companhia": "EM", "pelotao": "P/4", "cidade": "Braganca Paulista", "endereco": "AVENIDA JOSÉ GOMES DA ROCHA LEAL, 1651, CENTRO - Braganca Paulista", "latitude": -22.9530263, "longitude": -46.5453018, "fonte_geocodificacao": "Google Geocoding API", "opm_nome": "P/4", "opm_descricao": "CPI-2 34.BPM/I EM P/4", "opm_codigo": "602348400" }, "geometry": { "type": "Point", "coordinates": [ -46.5453018, -22.9530263 ] } },
{ "type": "Feature", "properties": { "id_comando": "CPI-2", "nome_comando": "2º Comando de Policiamento do Interior (CPI-2)", "nome_batalhao": "34º BPM/I", "tipo_batalhao": "Interior", "companhia": "EM", "pelotao": "P/5", "cidade": "Braganca Paulista", "endereco": "AVENIDA JOSÉ GOMES DA ROCHA LEAL, 1651, CENTRO - Braganca Paulista", "latitude": -22.9530263, "longitude": -46.5453018, "fonte_geocodificacao": "Google Geocoding API", "opm_nome": "34.BPM/I - P/5", "opm_descricao": "CPI-2 34.BPM/I EM P/5", "opm_codigo": "602348500" }, "geometry": { "type": "Point", "coordinates": [ -46.5453018, -22.9530263 ] } },
{ "type": "Feature", "properties": { "id_comando": "CPI-2", "nome_comando": "2º Comando de Policiamento do Interior (CPI-2)", "nome_batalhao": "34º BPM/I", "tipo_batalhao": "Interior", "companhia": "EM", "pelotao": "SEC PJMD", "cidade": "Braganca Paulista", "endereco": "AVENIDA JOSÉ GOMES DA ROCHA LEAL, 1651, CENTRO - Braganca Paulista", "latitude": -22.9530263, "longitude": -46.5453018, "fonte_geocodificacao": "Google Geocoding API", "opm_nome": "SECAO DE POLICIA JUDICIARIA MILITAR E DISCIPLINA", "opm_descricao": "CPI-2 34.BPM/I EM SEC PJMD", "opm_codigo": "602348600" }, "geometry": { "type": "Point", "coordinates": [ -46.5453018, -22.9530263 ] } },
{ "type": "Feature", "properties": { "id_comando": "CPI-2", "nome_comando": "2º Comando de Policiamento do Interior (CPI-2)", "nome_batalhao": "34º BPM/I", "tipo_batalhao": "Interior", "companhia": "EM", "pelotao": "UIS MEDICA", "cidade": "Braganca Paulista", "endereco": "AVENIDA JOSÉ GOMES DA ROCHA LEAL, 1651, CENTRO - Braganca Paulista", "latitude": -22.9530263, "longitude": -46.5453018, "fonte_geocodificacao": "Google Geocoding API", "opm_nome": "34.BPM/I EM UIS MEDICA", "opm_descricao": "CPI-2 34.BPM/I EM UIS MEDICA", "opm_codigo": "602348800" }, "geometry": { "type": "Point", "coordinates": [ -46.5453018, -22.9530263 ] } },
{ "type": "Feature", "properties": { "id_comando": "CPI-2", "nome_comando": "2º Comando de Policiamento do Interior (CPI-2)", "nome_batalhao": "34º BPM/I", "tipo_batalhao": "Interior", "companhia": "EM", "pelotao": "UIS ODONTO", "cidade": "Braganca Paulista", "endereco": "AVENIDA JOSÉ GOMES DA ROCHA LEAL, 1651, CENTRO - Braganca Paulista", "latitude": -22.9530263, "longitude": -46.5453018, "fonte_geocodificacao": "Google Geocoding API", "opm_nome": "34.BPM/I EM UIS ODONTO", "opm_descricao": "CPI-2 34.BPM/I EM UIS ODONTO", "opm_codigo": "602348900" }, "geometry": { "type": "Point", "coordinates": [ -46.5453018, -22.9530263 ] } },
{ "type": "Feature", "properties": { "id_comando": "CPI-2", "nome_comando": "2º Comando de Policiamento do Interior (CPI-2)", "nome_batalhao": "35º BPM/I", "tipo_batalhao": "Interior", "companhia": "1.CIA PM", "pelotao": "ADM", "cidade": "Campinas", "endereco": "RUA MACARAI, 120, SANTA ODILA - Campinas", "latitude": -22.9340813, "longitude": -47.0320385, "fonte_geocodificacao": "Google Geocoding API", "opm_nome": "ADMINISTRACAO", "opm_descricao": "CPI-2 35.BPM/I 1.CIA PM ADM 0", "opm_codigo": "602351400" }, "geometry": { "type": "Point", "coordinates": [ -47.0320385, -22.9340813 ] } },
{ "type": "Feature", "properties": { "id_comando": "CPI-2", "nome_comando": "2º Comando de Policiamento do Interior (CPI-2)", "nome_batalhao": "35º BPM/I", "tipo_batalhao": "Interior", "companhia": "1.CIA PM", "pelotao": "TERRITORIAL", "cidade": "Campinas", "endereco": "RUA MACARAI, 120, SÃO GABRIEL - Campinas", "latitude": -22.9340813, "longitude": -47.0320385, "fonte_geocodificacao": "Google Geocoding API", "opm_nome": "1. COMPANHIA DE POLICIA MILITAR", "opm_descricao": "CPI-2 35.BPM/I 1.CIA PM TERRITORIAL", "opm_codigo": "602351000" }, "geometry": { "type": "Point", "coordinates": [ -47.0320385, -22.9340813 ] } },
{ "type": "Feature", "properties": { "id_comando": "CPI-2", "nome_comando": "2º Comando de Policiamento do Interior (CPI-2)", "nome_batalhao": "35º BPM/I", "tipo_batalhao": "Interior", "companhia": "2.CIA PM", "pelotao": "ADM", "cidade": "Campinas", "endereco": "AVENIDA GUARANI, 1190, JARDIM GUARANI - Campinas", "latitude": -22.9076472, "longitude": -47.042134, "fonte_geocodificacao": "Google Geocoding API", "opm_nome": "ADMINISTRACAO", "opm_descricao": "CPI-2 35.BPM/I 2.CIA PM ADM 0", "opm_codigo": "602352500" }, "geometry": { "type": "Point", "coordinates": [ -47.042134, -22.9076472 ] } },
{ "type": "Feature", "properties": { "id_comando": "CPI-2", "nome_comando": "2º Comando de Policiamento do Interior (CPI-2)", "nome_batalhao": "35º BPM/I", "tipo_batalhao": "Interior", "companhia": "2.CIA PM", "pelotao": "TERRITORIAL", "cidade": "Campinas", "endereco": "AVENIDA GUARANI, 1190, JARDIM GUARANI - Campinas", "latitude": -22.9076472, "longitude": -47.042134, "fonte_geocodificacao": "Google Geocoding API", "opm_nome": "2. COMPANHIA DE POLICIA MILITAR", "opm_descricao": "CPI-2 35.BPM/I 2.CIA PM TERRITORIAL", "opm_codigo": "602352000" }, "geometry": { "type": "Point", "coordinates": [ -47.042134, -22.9076472 ] } },
{ "type": "Feature", "properties": { "id_comando": "CPI-2", "nome_comando": "2º Comando de Policiamento do Interior (CPI-2)", "nome_batalhao": "35º BPM/I", "tipo_batalhao": "Interior", "companhia": "3.CIA PM", "pelotao": "ADM", "cidade": "Campinas", "endereco": "AVENIDA BRASIL, 2100, VILA NOVA - Campinas", "latitude": -22.8779294, "longitude": -47.0716582, "fonte_geocodificacao": "Google Geocoding API", "opm_nome": "ADMINISTRACAO", "opm_descricao": "CPI-2 35.BPM/I 3.CIA PM ADM 0", "opm_codigo": "602353700" }, "geometry": { "type": "Point", "coordinates": [ -47.071658199999987, -22.8779294 ] } },
{ "type": "Feature", "properties": { "id_comando": "CPI-2", "nome_comando": "2º Comando de Policiamento do Interior (CPI-2)", "nome_batalhao": "35º BPM/I", "tipo_batalhao": "Interior", "companhia": "3.CIA PM", "pelotao": "CGP", "cidade": "Campinas", "endereco": "AVENIDA BRASIL, 2100, VILA NOVA - Campinas", "latitude": -22.8779294, "longitude": -47.0716582, "fonte_geocodificacao": "Google Geocoding API", "opm_nome": "COMANDO GRUPO PATRULHA", "opm_descricao": "CPI-2 35.BPM/I 3.CIA PM CGP", "opm_codigo": "602353800" }, "geometry": { "type": "Point", "coordinates": [ -47.071658199999987, -22.8779294 ] } },
{ "type": "Feature", "properties": { "id_comando": "CPI-2", "nome_comando": "2º Comando de Policiamento do Interior (CPI-2)", "nome_batalhao": "35º BPM/I", "tipo_batalhao": "Interior", "companhia": "3.CIA PM", "pelotao": "TERRITORIAL", "cidade": "Campinas", "endereco": "AVENIDA BRASIL, 2100, VILA NOVA - Campinas", "latitude": -22.8779294, "longitude": -47.0716582, "fonte_geocodificacao": "Google Geocoding API", "opm_nome": "3. COMPANHIA DE POLICIA MILITAR", "opm_descricao": "CPI-2 35.BPM/I 3.CIA PM TERRITORIAL", "opm_codigo": "602353000" }, "geometry": { "type": "Point", "coordinates": [ -47.071658199999987, -22.8779294 ] } },
{ "type": "Feature", "properties": { "id_comando": "CPI-2", "nome_comando": "2º Comando de Policiamento do Interior (CPI-2)", "nome_batalhao": "35º BPM/I", "tipo_batalhao": "Interior", "companhia": "4.CIA PM", "pelotao": "ADM", "cidade": "Valinhos", "endereco": "RUA ARTUR BERNARDES, 53, VILA ANGELI - Valinhos", "latitude": -22.966434, "longitude": -47.003063, "fonte_geocodificacao": "Google Geocoding API", "opm_nome": "ADMINISTRACAO", "opm_descricao": "CPI-2 35.BPM/I 4.CIA PM ADM 0", "opm_codigo": "602354700" }, "geometry": { "type": "Point", "coordinates": [ -47.003063, -22.966434 ] } },
{ "type": "Feature", "properties": { "id_comando": "CPI-2", "nome_comando": "2º Comando de Policiamento do Interior (CPI-2)", "nome_batalhao": "35º BPM/I", "tipo_batalhao": "Interior", "companhia": "4.CIA PM", "pelotao": "PEL PM", "cidade": "Campinas", "endereco": "RODOVIA EDENOR JOÃO TASCA, 835, LESTE - Campinas", "latitude": -22.883756387554246, "longitude": -47.043796219239638, "fonte_geocodificacao": "Centroide do município-sede (geocodificação rejeitada: fora dos limites do município)", "opm_nome": "PELOTAO POLICIAL MILITAR", "opm_descricao": "CPI-2 35.BPM/I 4.CIA PM PEL PM 0", "opm_codigo": "602354100" }, "geometry": { "type": "Point", "coordinates": [ -47.043796219239638, -22.883756387554246 ] } },
{ "type": "Feature", "properties": { "id_comando": "CPI-2", "nome_comando": "2º Comando de Policiamento do Interior (CPI-2)", "nome_batalhao": "35º BPM/I", "tipo_batalhao": "Interior", "companhia": "4.CIA PM", "pelotao": "TERRITORIAL", "cidade": "Valinhos", "endereco": "RUA ARTHUR BERNARDES, 53, SANTA CRUZ - Valinhos", "latitude": -22.966434, "longitude": -47.003063, "fonte_geocodificacao": "Google Geocoding API", "opm_nome": "4. COMPANHIA DE POLICIA MILITAR", "opm_descricao": "CPI-2 35.BPM/I 4.CIA PM TERRITORIAL", "opm_codigo": "602354000" }, "geometry": { "type": "Point", "coordinates": [ -47.003063, -22.966434 ] } },
{ "type": "Feature", "properties": { "id_comando": "CPI-2", "nome_comando": "2º Comando de Policiamento do Interior (CPI-2)", "nome_batalhao": "35º BPM/I", "tipo_batalhao": "Interior", "companhia": "CIA FT", "pelotao": "1.PEL FT", "cidade": "Campinas", "endereco": "AVENIDA BRASIL, 2100, VILA NOVA - Campinas", "latitude": -22.8779294, "longitude": -47.0716582, "fonte_geocodificacao": "Google Geocoding API", "opm_nome": "1. PELTAO DE FORCA TATICA", "opm_descricao": "CPI-2 35.BPM/I CIA FT 1.PEL FT", "opm_codigo": "602350710" }, "geometry": { "type": "Point", "coordinates": [ -47.071658199999987, -22.8779294 ] } },
{ "type": "Feature", "properties": { "id_comando": "CPI-2", "nome_comando": "2º Comando de Policiamento do Interior (CPI-2)", "nome_batalhao": "35º BPM/I", "tipo_batalhao": "Interior", "companhia": "CIA FT", "pelotao": "2.PEL FT", "cidade": "Campinas", "endereco": "AVENIDA BRASIL, 2100, VILA NOVA - Campinas", "latitude": -22.8779294, "longitude": -47.0716582, "fonte_geocodificacao": "Google Geocoding API", "opm_nome": "2. PELOTAO DE FORCA TATICA", "opm_descricao": "CPI-2 35.BPM/I CIA FT 2.PEL FT", "opm_codigo": "602350720" }, "geometry": { "type": "Point", "coordinates": [ -47.071658199999987, -22.8779294 ] } },
{ "type": "Feature", "properties": { "id_comando": "CPI-2", "nome_comando": "2º Comando de Policiamento do Interior (CPI-2)", "nome_batalhao": "35º BPM/I", "tipo_batalhao": "Interior", "companhia": "CIA FT", "pelotao": "ADM", "cidade": "Campinas", "endereco": "AVENIDA BRASIL, 2100, VILA NOVA - Campinas", "latitude": -22.8779294, "longitude": -47.0716582, "fonte_geocodificacao": "Google Geocoding API", "opm_nome": "ADMINISTRACAO", "opm_descricao": "CPI-2 35.BPM/I CIA FT ADM", "opm_codigo": "602350770" }, "geometry": { "type": "Point", "coordinates": [ -47.071658199999987, -22.8779294 ] } },
{ "type": "Feature", "properties": { "id_comando": "CPI-2", "nome_comando": "2º Comando de Policiamento do Interior (CPI-2)", "nome_batalhao": "35º BPM/I", "tipo_batalhao": "Interior", "companhia": "EM", "pelotao": "DIV OP", "cidade": "Campinas", "endereco": "AVENIDA WASHIGNTON LUÍS, 2300, VL MARIETA - Campinas", "latitude": -22.9356128, "longitude": -47.0509907, "fonte_geocodificacao": "Google Geocoding API", "opm_nome": "DIVISAO OPERACIONAL", "opm_descricao": "CPI-2 35.BPM/I EM DIV OP", "opm_codigo": "602358300" }, "geometry": { "type": "Point", "coordinates": [ -47.0509907, -22.9356128 ] } },
{ "type": "Feature", "properties": { "id_comando": "CPI-2", "nome_comando": "2º Comando de Policiamento do Interior (CPI-2)", "nome_batalhao": "35º BPM/I", "tipo_batalhao": "Interior", "companhia": "EM", "pelotao": "P/1 P/5", "cidade": "Campinas", "endereco": "AVENIDA WASHIGNTON LUÍS, 2300, VL MARIETA - Campinas", "latitude": -22.9356128, "longitude": -47.0509907, "fonte_geocodificacao": "Google Geocoding API", "opm_nome": "P/1 E P/5", "opm_descricao": "CPI-2 35.BPM/I EM P/1 P/5", "opm_codigo": "602358100" }, "geometry": { "type": "Point", "coordinates": [ -47.0509907, -22.9356128 ] } },
{ "type": "Feature", "properties": { "id_comando": "CPI-2", "nome_comando": "2º Comando de Policiamento do Interior (CPI-2)", "nome_batalhao": "35º BPM/I", "tipo_batalhao": "Interior", "companhia": "EM", "pelotao": "P/2", "cidade": "Campinas", "endereco": "AVENIDA WASHIGNTON LUÍS, 2300, VL MARIETA - Campinas", "latitude": -22.9356128, "longitude": -47.0509907, "fonte_geocodificacao": "Google Geocoding API", "opm_nome": "P/2", "opm_descricao": "CPI-2 35.BPM/I EM P/2 0", "opm_codigo": "602358200" }, "geometry": { "type": "Point", "coordinates": [ -47.0509907, -22.9356128 ] } },
{ "type": "Feature", "properties": { "id_comando": "CPI-2", "nome_comando": "2º Comando de Policiamento do Interior (CPI-2)", "nome_batalhao": "35º BPM/I", "tipo_batalhao": "Interior", "companhia": "EM", "pelotao": "P/3", "cidade": "Campinas", "endereco": "AVENIDA WASHIGNTON LUÍS, 2300, VL MARIETA - Campinas", "latitude": -22.9356128, "longitude": -47.0509907, "fonte_geocodificacao": "Google Geocoding API", "opm_nome": "1. PEL F T", "opm_descricao": "CPI-2 35.BPM/I EM P/3 1. PEL F T", "opm_codigo": "602358320" }, "geometry": { "type": "Point", "coordinates": [ -47.0509907, -22.9356128 ] } },
{ "type": "Feature", "properties": { "id_comando": "CPI-2", "nome_comando": "2º Comando de Policiamento do Interior (CPI-2)", "nome_batalhao": "35º BPM/I", "tipo_batalhao": "Interior", "companhia": "EM", "pelotao": "P/4", "cidade": "Campinas", "endereco": "AVENIDA WASHIGNTON LUÍS, 2300, VL MARIETA - Campinas", "latitude": -22.9356128, "longitude": -47.0509907, "fonte_geocodificacao": "Google Geocoding API", "opm_nome": "P/4", "opm_descricao": "CPI-2 35.BPM/I EM P/4 0", "opm_codigo": "602358400" }, "geometry": { "type": "Point", "coordinates": [ -47.0509907, -22.9356128 ] } },
{ "type": "Feature", "properties": { "id_comando": "CPI-2", "nome_comando": "2º Comando de Policiamento do Interior (CPI-2)", "nome_batalhao": "35º BPM/I", "tipo_batalhao": "Interior", "companhia": "EM", "pelotao": "P/5", "cidade": "Campinas", "endereco": "AVENIDA WASHIGNTON LUÍS, 2300, VL MARIETA - Campinas", "latitude": -22.9356128, "longitude": -47.0509907, "fonte_geocodificacao": "Google Geocoding API", "opm_nome": "35.BPM/I P/5", "opm_descricao": "CPI-2 35.BPM/I EM P/5", "opm_codigo": "602358500" }, "geometry": { "type": "Point", "coordinates": [ -47.0509907, -22.9356128 ] } },
{ "type": "Feature", "properties": { "id_comando": "CPI-2", "nome_comando": "2º Comando de Policiamento do Interior (CPI-2)", "nome_batalhao": "35º BPM/I", "tipo_batalhao": "Interior", "companhia": "EM", "pelotao": "SEC PJMD", "cidade": "Campinas", "endereco": "AVENIDA WASHIGNTON LUÍS, 2300, VL MARIETA - Campinas", "latitude": -22.9356128, "longitude": -47.0509907, "fonte_geocodificacao": "Google Geocoding API", "opm_nome": "SECAO DE POLICIA JUDICIARIA MILITAR E DISCIPLINA", "opm_descricao": "CPI-2 35.BPM/I EM SEC PJMD 0", "opm_codigo": "602358600" }, "geometry": { "type": "Point", "coordinates": [ -47.0509907, -22.9356128 ] } },
{ "type": "Feature", "properties": { "id_comando": "CPA/M-12", "nome_comando": "12º Comando de Policiamento de Área Metropolitana (CPA/M-12)", "nome_batalhao": "35º BPM/M", "tipo_batalhao": "Metropolitano", "companhia": "1.CIA PM", "pelotao": "TERRITORIAL", "cidade": "Itaquaquecetuba", "endereco": "RUA SALESOPOLIS, 592 - ITAQUAQUECETUBA, 592, VL BARTIRA - Itaquaquecetuba", "latitude": -23.4829977, "longitude": -46.3745862, "fonte_geocodificacao": "Google Geocoding API", "opm_nome": "1.COMPANHIA DE POLICIA MILITAR", "opm_descricao": "CPA/M-12 35.BPM/M 1.CIA PM TERRITORIAL", "opm_codigo": "412351000" }, "geometry": { "type": "Point", "coordinates": [ -46.3745862, -23.4829977 ] } },
{ "type": "Feature", "properties": { "id_comando": "CPA/M-12", "nome_comando": "12º Comando de Policiamento de Área Metropolitana (CPA/M-12)", "nome_batalhao": "35º BPM/M", "tipo_batalhao": "Metropolitano", "companhia": "2.CIA PM", "pelotao": "TERRITORIAL", "cidade": "Itaquaquecetuba", "endereco": "ESTRADA ALBERTO HINOTO, 6855 - ITAQUAQUECETUBA, 6855, JARDIM NASCENTE - Itaquaquecetuba", "latitude": -23.4360978, "longitude": -46.3271719, "fonte_geocodificacao": "Google Geocoding API", "opm_nome": "2.COMPANHIA DE POLICIA MILITAR", "opm_descricao": "CPA/M-12 35.BPM/M 2.CIA PM TERRITORIAL", "opm_codigo": "412352000" }, "geometry": { "type": "Point", "coordinates": [ -46.3271719, -23.4360978 ] } },
{ "type": "Feature", "properties": { "id_comando": "CPI-9", "nome_comando": "9º Comando de Policiamento do Interior (CPI-9)", "nome_batalhao": "36º BPM/I", "tipo_batalhao": "Interior", "companhia": "1.CIA PM", "pelotao": "1.PEL PM", "cidade": "Limeira", "endereco": "RUA SÃO VICENTE DE PAULA, 375, Vila São Cristóvão - Limeira", "latitude": -22.5838179, "longitude": -47.4097569, "fonte_geocodificacao": "Google Geocoding API", "opm_nome": "36.BPM/I 1.CIA PM 1.PEL PM", "opm_descricao": "CPI-9 36.BPM/I 1.CIA PM 1.PEL PM", "opm_codigo": "609361100" }, "geometry": { "type": "Point", "coordinates": [ -47.4097569, -22.5838179 ] } },
{ "type": "Feature", "properties": { "id_comando": "CPI-9", "nome_comando": "9º Comando de Policiamento do Interior (CPI-9)", "nome_batalhao": "36º BPM/I", "tipo_batalhao": "Interior", "companhia": "1.CIA PM", "pelotao": "2.PEL PM", "cidade": "Limeira", "endereco": "RUA SÃO VICENTE DE PAULA, 375, VILA SÃO CRISTÓVÃO - Limeira", "latitude": -22.5838179, "longitude": -47.4097569, "fonte_geocodificacao": "Google Geocoding API", "opm_nome": "36.BPM/I 1.CIA PM 2.PEL PM", "opm_descricao": "CPI-9 36.BPM/I 1.CIA PM 2.PEL PM", "opm_codigo": "609361200" }, "geometry": { "type": "Point", "coordinates": [ -47.4097569, -22.5838179 ] } },
{ "type": "Feature", "properties": { "id_comando": "CPI-9", "nome_comando": "9º Comando de Policiamento do Interior (CPI-9)", "nome_batalhao": "36º BPM/I", "tipo_batalhao": "Interior", "companhia": "1.CIA PM", "pelotao": "3.PEL PM", "cidade": "Limeira", "endereco": "RUA SÃO VICENTE DE PAULA, 375, JARDIM SAO MANOEL - Limeira", "latitude": -22.5758359, "longitude": -47.4050297, "fonte_geocodificacao": "Google Geocoding API", "opm_nome": "36.BPM/I 1.CIA PM 3.PEL PM", "opm_descricao": "CPI-9 36.BPM/I 1.CIA PM 3.PEL PM", "opm_codigo": "609361300" }, "geometry": { "type": "Point", "coordinates": [ -47.4050297, -22.5758359 ] } },
{ "type": "Feature", "properties": { "id_comando": "CPI-9", "nome_comando": "9º Comando de Policiamento do Interior (CPI-9)", "nome_batalhao": "36º BPM/I", "tipo_batalhao": "Interior", "companhia": "1.CIA PM", "pelotao": "ADMINISTRACAO", "cidade": "Limeira", "endereco": "RUA SÃO VICENTE DE PAULA, 375, VILA CRISTOVAM - Limeira", "latitude": -22.5758359, "longitude": -47.4050297, "fonte_geocodificacao": "Google Geocoding API", "opm_nome": "ADMINISTRACAO", "opm_descricao": "CPI-9 36.BPM/I 1.CIA PM ADMINISTRACAO 0", "opm_codigo": "609361400" }, "geometry": { "type": "Point", "coordinates": [ -47.4050297, -22.5758359 ] } },
{ "type": "Feature", "properties": { "id_comando": "CPI-9", "nome_comando": "9º Comando de Policiamento do Interior (CPI-9)", "nome_batalhao": "36º BPM/I", "tipo_batalhao": "Interior", "companhia": "1.CIA PM", "pelotao": "CGP", "cidade": "Limeira", "endereco": "RUA PERNAMBUCO, 722  36.BPM/I 1.CIA PM CGP, VILA CRISTOVAM - Limeira", "latitude": -22.5770158, "longitude": -47.400935, "fonte_geocodificacao": "Google Geocoding API", "opm_nome": "COMANDO GRUPO PATRULHA", "opm_descricao": "CPI-9 36.BPM/I 1.CIA PM CGP", "opm_codigo": "609361500" }, "geometry": { "type": "Point", "coordinates": [ -47.400935, -22.5770158 ] } },
{ "type": "Feature", "properties": { "id_comando": "CPI-9", "nome_comando": "9º Comando de Policiamento do Interior (CPI-9)", "nome_batalhao": "36º BPM/I", "tipo_batalhao": "Interior", "companhia": "2.CIA PM", "pelotao": "1.PEL PM", "cidade": "Araras", "endereco": "RUA ALAN KARDEC, 143, JARDIM DONA ROSA ZURITA - Araras", "latitude": -22.3743481, "longitude": -47.3875992, "fonte_geocodificacao": "Google Geocoding API", "opm_nome": "36.BPM/I 2.CIA PM 1.PEL PM", "opm_descricao": "CPI-9 36.BPM/I 2.CIA PM 1.PEL PM 0", "opm_codigo": "609362100" }, "geometry": { "type": "Point", "coordinates": [ -47.3875992, -22.3743481 ] } },
{ "type": "Feature", "properties": { "id_comando": "CPI-9", "nome_comando": "9º Comando de Policiamento do Interior (CPI-9)", "nome_batalhao": "36º BPM/I", "tipo_batalhao": "Interior", "companhia": "2.CIA PM", "pelotao": "2.PEL PM", "cidade": "Araras", "endereco": "RUA ALAN KARDEC, 143, JARDIM DONA ROSA ZURITA - Araras", "latitude": -22.3743481, "longitude": -47.3875992, "fonte_geocodificacao": "Google Geocoding API", "opm_nome": "36.BPM/I 2.CIA PM 2.PEL PM", "opm_descricao": "CPI-9 36.BPM/I 2.CIA PM 2.PEL PM", "opm_codigo": "609362200" }, "geometry": { "type": "Point", "coordinates": [ -47.3875992, -22.3743481 ] } },
{ "type": "Feature", "properties": { "id_comando": "CPI-9", "nome_comando": "9º Comando de Policiamento do Interior (CPI-9)", "nome_batalhao": "36º BPM/I", "tipo_batalhao": "Interior", "companhia": "2.CIA PM", "pelotao": "ADMINISTRACAO", "cidade": "Araras", "endereco": "RUA ALAN KARDEC, 143, PARQUE INDUSTRIAL - Araras", "latitude": -22.3743481, "longitude": -47.3875992, "fonte_geocodificacao": "Google Geocoding API", "opm_nome": "ADMINISTRACAO", "opm_descricao": "CPI-9 36.BPM/I 2.CIA PM ADMINISTRACAO 0", "opm_codigo": "609362500" }, "geometry": { "type": "Point", "coordinates": [ -47.3875992, -22.3743481 ] } },
{ "type": "Feature", "properties": { "id_comando": "CPI-9", "nome_comando": "9º Comando de Policiamento do Interior (CPI-9)", "nome_batalhao": "36º BPM/I", "tipo_batalhao": "Interior", "companhia": "2.CIA PM", "pelotao": "CGP", "cidade": "Araras", "endereco": "RUA ALAN KARDEC, 143  36.BPM/I 2.CIA PM CGP, VILA DONA ROSA ZURITA - Araras", "latitude": -22.3743481, "longitude": -47.3875992, "fonte_geocodificacao": "Google Geocoding API", "opm_nome": "COMANDO GRUPO PATRULHA", "opm_descricao": "CPI-9 36.BPM/I 2.CIA PM CGP", "opm_codigo": "609362600" }, "geometry": { "type": "Point", "coordinates": [ -47.3875992, -22.3743481 ] } },
{ "type": "Feature", "properties": { "id_comando": "CPI-9", "nome_comando": "9º Comando de Policiamento do Interior (CPI-9)", "nome_batalhao": "36º BPM/I", "tipo_batalhao": "Interior", "companhia": "2.CIA PM", "pelotao": "PEL F TAT", "cidade": "Araras", "endereco": "RUA ALAN KARDEC, 143, JARDIM DONA ROSA ZURITA - Araras", "latitude": -22.3743481, "longitude": -47.3875992, "fonte_geocodificacao": "Google Geocoding API", "opm_nome": "PEL FT", "opm_descricao": "CPI-9 36.BPM/I 2.CIA PM PEL F TAT", "opm_codigo": "609362400" }, "geometry": { "type": "Point", "coordinates": [ -47.3875992, -22.3743481 ] } },
{ "type": "Feature", "properties": { "id_comando": "CPI-9", "nome_comando": "9º Comando de Policiamento do Interior (CPI-9)", "nome_batalhao": "36º BPM/I", "tipo_batalhao": "Interior", "companhia": "2.CIA PM", "pelotao": "PEL PM", "cidade": "Conchal", "endereco": "RUA DOS MANACÁS, 703, CENTRO - Conchal", "latitude": -22.3388509, "longitude": -47.173833, "fonte_geocodificacao": "Google Geocoding API", "opm_nome": "PELOTAO", "opm_descricao": "CPI-9 36.BPM/I 2.CIA PM PEL PM 0", "opm_codigo": "609362300" }, "geometry": { "type": "Point", "coordinates": [ -47.173833, -22.3388509 ] } },
{ "type": "Feature", "properties": { "id_comando": "CPI-9", "nome_comando": "9º Comando de Policiamento do Interior (CPI-9)", "nome_batalhao": "36º BPM/I", "tipo_batalhao": "Interior", "companhia": "3.CIA PM", "pelotao": "1.PEL PM", "cidade": "Pirassununga", "endereco": "RUA CORONEL FRANCO, 3314, POSTO DE MONTA - Pirassununga", "latitude": -22.0169176, "longitude": -47.427514, "fonte_geocodificacao": "Google Geocoding API", "opm_nome": "36.BPM/I 3.CIA PM 1.PEL PM", "opm_descricao": "CPI-9 36.BPM/I 3.CIA PM 1.PEL PM", "opm_codigo": "609363100" }, "geometry": { "type": "Point", "coordinates": [ -47.427514, -22.0169176 ] } },
{ "type": "Feature", "properties": { "id_comando": "CPI-9", "nome_comando": "9º Comando de Policiamento do Interior (CPI-9)", "nome_batalhao": "36º BPM/I", "tipo_batalhao": "Interior", "companhia": "3.CIA PM", "pelotao": "2.PEL PM", "cidade": "Pirassununga", "endereco": "RUA CORONEL FRANCO, 3314, POSTO DE MONTA - Pirassununga", "latitude": -22.0169176, "longitude": -47.427514, "fonte_geocodificacao": "Google Geocoding API", "opm_nome": "36.BPM/I 3.CIA PM 2.PEL PM", "opm_descricao": "CPI-9 36.BPM/I 3.CIA PM 2.PEL PM", "opm_codigo": "609363200" }, "geometry": { "type": "Point", "coordinates": [ -47.427514, -22.0169176 ] } },
{ "type": "Feature", "properties": { "id_comando": "CPI-9", "nome_comando": "9º Comando de Policiamento do Interior (CPI-9)", "nome_batalhao": "36º BPM/I", "tipo_batalhao": "Interior", "companhia": "3.CIA PM", "pelotao": "ADMINISTRACAO", "cidade": "Pirassununga", "endereco": "RUA CORONEL FRANCO, 3314, JARDIM ELDORADO - POSTO DE MONTA - Pirassununga", "latitude": -22.0169176, "longitude": -47.427514, "fonte_geocodificacao": "Google Geocoding API", "opm_nome": "ADMINISTRACAO", "opm_descricao": "CPI-9 36.BPM/I 3.CIA PM ADMINISTRACAO 0", "opm_codigo": "609363300" }, "geometry": { "type": "Point", "coordinates": [ -47.427514, -22.0169176 ] } },
{ "type": "Feature", "properties": { "id_comando": "CPI-9", "nome_comando": "9º Comando de Policiamento do Interior (CPI-9)", "nome_batalhao": "36º BPM/I", "tipo_batalhao": "Interior", "companhia": "3.CIA PM", "pelotao": "CGP", "cidade": "Pirassununga", "endereco": "RUA CORONEL FRANCO, 3314  36.BPM/I 3.CIA PM CGP, POSTO DE MONTA - Pirassununga", "latitude": -22.0169176, "longitude": -47.427514, "fonte_geocodificacao": "Google Geocoding API", "opm_nome": "COMANDO GRUPO PATRULHA", "opm_descricao": "CPI-9 36.BPM/I 3.CIA PM CGP", "opm_codigo": "609363400" }, "geometry": { "type": "Point", "coordinates": [ -47.427514, -22.0169176 ] } },
{ "type": "Feature", "properties": { "id_comando": "CPI-9", "nome_comando": "9º Comando de Policiamento do Interior (CPI-9)", "nome_batalhao": "36º BPM/I", "tipo_batalhao": "Interior", "companhia": "4.CIA PM", "pelotao": "0", "cidade": "Santa Cruz Da Conceicao", "endereco": "AVENIDA CARLOS RAVANINI SOBRINHO, 418, CENTRO - Santa Cruz Da Conceicao", "latitude": -22.1341149, "longitude": -47.4529416, "fonte_geocodificacao": "Google Geocoding API", "opm_nome": "GRUPO POLICIAL MILITAR", "opm_descricao": "CPI-9 36.BPM/I 4.CIA PM 0 GP/PM", "opm_codigo": "609364001" }, "geometry": { "type": "Point", "coordinates": [ -47.4529416, -22.1341149 ] } },
{ "type": "Feature", "properties": { "id_comando": "CPI-9", "nome_comando": "9º Comando de Policiamento do Interior (CPI-9)", "nome_batalhao": "36º BPM/I", "tipo_batalhao": "Interior", "companhia": "4.CIA PM", "pelotao": "1.PEL PM", "cidade": "Leme", "endereco": "AVENIDA PAUL HARRIS, 1200, JARDIM DO BOSQUE - Leme", "latitude": -22.1768773, "longitude": -47.4020619, "fonte_geocodificacao": "Google Geocoding API", "opm_nome": "36.BPM/I 4.CIA PM 1.PEL PM", "opm_descricao": "CPI-9 36.BPM/I 4.CIA PM 1.PEL PM", "opm_codigo": "609364100" }, "geometry": { "type": "Point", "coordinates": [ -47.4020619, -22.1768773 ] } },
{ "type": "Feature", "properties": { "id_comando": "CPI-9", "nome_comando": "9º Comando de Policiamento do Interior (CPI-9)", "nome_batalhao": "36º BPM/I", "tipo_batalhao": "Interior", "companhia": "4.CIA PM", "pelotao": "2.PEL PM", "cidade": "Leme", "endereco": "AVENIDA PAUL HARRIS, 1200, JARDIM DO BOSQUE - Leme", "latitude": -22.1768773, "longitude": -47.4020619, "fonte_geocodificacao": "Google Geocoding API", "opm_nome": "36.BPM/I 4.CIA PM 2.PEL PM", "opm_descricao": "CPI-9 36.BPM/I 4.CIA PM 2.PEL PM", "opm_codigo": "609364200" }, "geometry": { "type": "Point", "coordinates": [ -47.4020619, -22.1768773 ] } },
{ "type": "Feature", "properties": { "id_comando": "CPI-9", "nome_comando": "9º Comando de Policiamento do Interior (CPI-9)", "nome_batalhao": "36º BPM/I", "tipo_batalhao": "Interior", "companhia": "4.CIA PM", "pelotao": "ADMINISTRACAO", "cidade": "Leme", "endereco": "AVENIDA PAUL HARRIS, 1200, JARDIM DO BOSQUE - Leme", "latitude": -22.1768773, "longitude": -47.4020619, "fonte_geocodificacao": "Google Geocoding API", "opm_nome": "ADMINISTRACAO", "opm_descricao": "CPI-9 36.BPM/I 4.CIA PM ADMINISTRACAO 0", "opm_codigo": "609364300" }, "geometry": { "type": "Point", "coordinates": [ -47.4020619, -22.1768773 ] } },
{ "type": "Feature", "properties": { "id_comando": "CPI-9", "nome_comando": "9º Comando de Policiamento do Interior (CPI-9)", "nome_batalhao": "36º BPM/I", "tipo_batalhao": "Interior", "companhia": "4.CIA PM", "pelotao": "CGP", "cidade": "Leme", "endereco": "AVENIDA PAUL HARRIS, 1200  36.BPM/I 4.CIA PM CGP, JARDIM DO BOSQUE - Leme", "latitude": -22.1768773, "longitude": -47.4020619, "fonte_geocodificacao": "Google Geocoding API", "opm_nome": "COMANDO GRUPO PATRULHA", "opm_descricao": "CPI-9 36.BPM/I 4.CIA PM CGP", "opm_codigo": "609364400" }, "geometry": { "type": "Point", "coordinates": [ -47.4020619, -22.1768773 ] } },
{ "type": "Feature", "properties": { "id_comando": "CPI-9", "nome_comando": "9º Comando de Policiamento do Interior (CPI-9)", "nome_batalhao": "36º BPM/I", "tipo_batalhao": "Interior", "companhia": "5.CIA PM", "pelotao": "0", "cidade": "Cordeiropolis", "endereco": "RUA FRANCISCO MINATEL, 129, JARDIM JAFET - Cordeiropolis", "latitude": -22.4801679, "longitude": -47.462839, "fonte_geocodificacao": "Google Geocoding API", "opm_nome": "2. GRUPO POLICIAL MILITAR", "opm_descricao": "CPI-9 36.BPM/I 5.CIA PM 0 2.GP/PM", "opm_codigo": "609365002" }, "geometry": { "type": "Point", "coordinates": [ -47.462839, -22.4801679 ] } },
{ "type": "Feature", "properties": { "id_comando": "CPI-9", "nome_comando": "9º Comando de Policiamento do Interior (CPI-9)", "nome_batalhao": "36º BPM/I", "tipo_batalhao": "Interior", "companhia": "5.CIA PM", "pelotao": "1.PEL PM", "cidade": "Limeira", "endereco": "RUA PLACIDINA FERREIRA BRAGA, 25  INEXISTENTE, PARQUE HIPPOLYTO II - Limeira", "latitude": -22.572031, "longitude": -47.378803, "fonte_geocodificacao": "Google Geocoding API", "opm_nome": "36.BPM/I 5.CIA PM 1.PEL PM", "opm_descricao": "CPI-9 36.BPM/I 5.CIA PM 1.PEL PM", "opm_codigo": "609365100" }, "geometry": { "type": "Point", "coordinates": [ -47.378803, -22.572031 ] } },
{ "type": "Feature", "properties": { "id_comando": "CPI-9", "nome_comando": "9º Comando de Policiamento do Interior (CPI-9)", "nome_batalhao": "36º BPM/I", "tipo_batalhao": "Interior", "companhia": "5.CIA PM", "pelotao": "2.PEL PM", "cidade": "Limeira", "endereco": "RUA PLACIDINA FERREIRA BRAGA, 25  INEXISTENTE, PARQUE HIPPOLYTO II - Limeira", "latitude": -22.572031, "longitude": -47.378803, "fonte_geocodificacao": "Google Geocoding API", "opm_nome": "36.BPM/I 5.CIA PM 2.PEL PM", "opm_descricao": "CPI-9 36.BPM/I 5.CIA PM 2.PEL PM", "opm_codigo": "609365200" }, "geometry": { "type": "Point", "coordinates": [ -47.378803, -22.572031 ] } },
{ "type": "Feature", "properties": { "id_comando": "CPI-9", "nome_comando": "9º Comando de Policiamento do Interior (CPI-9)", "nome_batalhao": "36º BPM/I", "tipo_batalhao": "Interior", "companhia": "5.CIA PM", "pelotao": "3.PEL PM", "cidade": "Iracemapolis", "endereco": "RUA DUQUE DE CAXIAS, 979  UNIDADE INEXISTENTE, CENTRO - Iracemapolis", "latitude": -22.5864581, "longitude": -47.5199206, "fonte_geocodificacao": "Google Geocoding API", "opm_nome": "36.BPM/I 5.CIA PM 3.PEL PM", "opm_descricao": "CPI-9 36.BPM/I 5.CIA PM 3.PEL PM", "opm_codigo": "609365300" }, "geometry": { "type": "Point", "coordinates": [ -47.5199206, -22.5864581 ] } },
{ "type": "Feature", "properties": { "id_comando": "CPI-9", "nome_comando": "9º Comando de Policiamento do Interior (CPI-9)", "nome_batalhao": "36º BPM/I", "tipo_batalhao": "Interior", "companhia": "5.CIA PM", "pelotao": "ADMINISTRACAO", "cidade": "Limeira", "endereco": "RUA PLACIDINA FERREIRA BRAGA, 25, PARQUE HIPPOLYTO I - Limeira", "latitude": -22.572031, "longitude": -47.378803, "fonte_geocodificacao": "Google Geocoding API", "opm_nome": "ADMINISTRACAO", "opm_descricao": "CPI-9 36.BPM/I 5.CIA PM ADMINISTRACAO 0", "opm_codigo": "609365400" }, "geometry": { "type": "Point", "coordinates": [ -47.378803, -22.572031 ] } },
{ "type": "Feature", "properties": { "id_comando": "CPI-9", "nome_comando": "9º Comando de Policiamento do Interior (CPI-9)", "nome_batalhao": "36º BPM/I", "tipo_batalhao": "Interior", "companhia": "5.CIA PM", "pelotao": "CGP", "cidade": "Limeira", "endereco": "PRAÇA PRIMEIRO DE MAIO, 26  36.BPM/I 5.CIA PM CGP, JARDIM MORRO AZUL - Limeira", "latitude": -22.5589024, "longitude": -47.4305429, "fonte_geocodificacao": "Google Geocoding API", "opm_nome": "COMANDO GRUPO PATRULHA", "opm_descricao": "CPI-9 36.BPM/I 5.CIA PM CGP", "opm_codigo": "609365500" }, "geometry": { "type": "Point", "coordinates": [ -47.4305429, -22.5589024 ] } },
{ "type": "Feature", "properties": { "id_comando": "CPI-9", "nome_comando": "9º Comando de Policiamento do Interior (CPI-9)", "nome_batalhao": "36º BPM/I", "tipo_batalhao": "Interior", "companhia": "CIA F TAT", "pelotao": "1. PEL F TAT", "cidade": "Limeira", "endereco": "RUA JOÃO PICININI, 100, JARDIM DAS LARANJEIRAS - Limeira", "latitude": -22.5441095, "longitude": -47.4151914, "fonte_geocodificacao": "Google Geocoding API", "opm_nome": "1. PELOTAO DE FORCA TATICA", "opm_descricao": "CPI-9 36.BPM/I CIA F TAT 1. PEL F TAT", "opm_codigo": "609366100" }, "geometry": { "type": "Point", "coordinates": [ -47.4151914, -22.5441095 ] } },
{ "type": "Feature", "properties": { "id_comando": "CPI-9", "nome_comando": "9º Comando de Policiamento do Interior (CPI-9)", "nome_batalhao": "36º BPM/I", "tipo_batalhao": "Interior", "companhia": "CIA F TAT", "pelotao": "2. PEL F TAT", "cidade": "Limeira", "endereco": "RUA JOÃO PICININI, 100, JARDIM DAS LARANJEIRAS - Limeira", "latitude": -22.5441095, "longitude": -47.4151914, "fonte_geocodificacao": "Google Geocoding API", "opm_nome": "2. PELOTAO DE FORCA TATICA", "opm_descricao": "CPI-9 36.BPM/I CIA F TAT 2. PEL F TAT 0", "opm_codigo": "609366200" }, "geometry": { "type": "Point", "coordinates": [ -47.4151914, -22.5441095 ] } },
{ "type": "Feature", "properties": { "id_comando": "CPI-9", "nome_comando": "9º Comando de Policiamento do Interior (CPI-9)", "nome_batalhao": "36º BPM/I", "tipo_batalhao": "Interior", "companhia": "CIA F TAT", "pelotao": "ADMINISTRACAO", "cidade": "Limeira", "endereco": "ACESSO JOÃO PICININI, 100, JARDIM DAS LARANJEIRAS - Limeira", "latitude": -22.5441095, "longitude": -47.4151914, "fonte_geocodificacao": "Google Geocoding API", "opm_nome": "ADMINISTRACAO", "opm_descricao": "CPI-9 36.BPM/I CIA F TAT ADMINISTRACAO 0", "opm_codigo": "609366300" }, "geometry": { "type": "Point", "coordinates": [ -47.4151914, -22.5441095 ] } },
{ "type": "Feature", "properties": { "id_comando": "CPI-9", "nome_comando": "9º Comando de Policiamento do Interior (CPI-9)", "nome_batalhao": "36º BPM/I", "tipo_batalhao": "Interior", "companhia": "EM", "pelotao": "MOTOMEC", "cidade": "Limeira", "endereco": "RUA JOÃO PICININI, 100, JARDIM DAS LARANJEIRAS - Limeira", "latitude": -22.5441095, "longitude": -47.4151914, "fonte_geocodificacao": "Google Geocoding API", "opm_nome": "MOTOMECANIZACAO", "opm_descricao": "CPI-9 36.BPM/I EM MOTOMEC 0", "opm_codigo": "609368700" }, "geometry": { "type": "Point", "coordinates": [ -47.4151914, -22.5441095 ] } },
{ "type": "Feature", "properties": { "id_comando": "CPI-9", "nome_comando": "9º Comando de Policiamento do Interior (CPI-9)", "nome_batalhao": "36º BPM/I", "tipo_batalhao": "Interior", "companhia": "EM", "pelotao": "P/1 E P/5", "cidade": "Limeira", "endereco": "RUA JOÃO PICININI, 100, JARDIM DAS LARANJEIRAS - Limeira", "latitude": -22.5441095, "longitude": -47.4151914, "fonte_geocodificacao": "Google Geocoding API", "opm_nome": "P/1 E P/5", "opm_descricao": "CPI-9 36.BPM/I EM P/1 E P/5 0", "opm_codigo": "609368100" }, "geometry": { "type": "Point", "coordinates": [ -47.4151914, -22.5441095 ] } },
{ "type": "Feature", "properties": { "id_comando": "CPI-9", "nome_comando": "9º Comando de Policiamento do Interior (CPI-9)", "nome_batalhao": "36º BPM/I", "tipo_batalhao": "Interior", "companhia": "EM", "pelotao": "P/2", "cidade": "Limeira", "endereco": "RUA JOÃO PICININI, 100, JARDIM DAS LARANJEIRAS - Limeira", "latitude": -22.5441095, "longitude": -47.4151914, "fonte_geocodificacao": "Google Geocoding API", "opm_nome": "P/2", "opm_descricao": "CPI-9 36.BPM/I EM P/2 0", "opm_codigo": "609368200" }, "geometry": { "type": "Point", "coordinates": [ -47.4151914, -22.5441095 ] } },
{ "type": "Feature", "properties": { "id_comando": "CPI-9", "nome_comando": "9º Comando de Policiamento do Interior (CPI-9)", "nome_batalhao": "36º BPM/I", "tipo_batalhao": "Interior", "companhia": "EM", "pelotao": "P/3", "cidade": "Limeira", "endereco": "RUA JOÃO PICININI, 100, JARDIM DAS LARANJEIRAS - Limeira", "latitude": -22.5441095, "longitude": -47.4151914, "fonte_geocodificacao": "Google Geocoding API", "opm_nome": "P/3", "opm_descricao": "CPI-9 36.BPM/I EM P/3 0", "opm_codigo": "609368300" }, "geometry": { "type": "Point", "coordinates": [ -47.4151914, -22.5441095 ] } },
{ "type": "Feature", "properties": { "id_comando": "CPI-9", "nome_comando": "9º Comando de Policiamento do Interior (CPI-9)", "nome_batalhao": "36º BPM/I", "tipo_batalhao": "Interior", "companhia": "EM", "pelotao": "P/4 E MOTOMEC", "cidade": "Limeira", "endereco": "RUA JOÃO PICININI, 100, JARDIM DAS LARANJEIRAS - Limeira", "latitude": -22.5441095, "longitude": -47.4151914, "fonte_geocodificacao": "Google Geocoding API", "opm_nome": "P/4 E MOTOMECANIZACAO", "opm_descricao": "CPI-9 36.BPM/I EM P/4 E MOTOMEC 0", "opm_codigo": "609368400" }, "geometry": { "type": "Point", "coordinates": [ -47.4151914, -22.5441095 ] } },
{ "type": "Feature", "properties": { "id_comando": "CPI-9", "nome_comando": "9º Comando de Policiamento do Interior (CPI-9)", "nome_batalhao": "36º BPM/I", "tipo_batalhao": "Interior", "companhia": "EM", "pelotao": "P/5", "cidade": "Limeira", "endereco": "RUA JOÃO PICININI, 100, JARDIM DAS LARANJEIRAS - Limeira", "latitude": -22.5441095, "longitude": -47.4151914, "fonte_geocodificacao": "Google Geocoding API", "opm_nome": "36.BPM/I - P/5", "opm_descricao": "CPI-9 36.BPM/I EM P/5 0", "opm_codigo": "609368500" }, "geometry": { "type": "Point", "coordinates": [ -47.4151914, -22.5441095 ] } },
{ "type": "Feature", "properties": { "id_comando": "CPI-9", "nome_comando": "9º Comando de Policiamento do Interior (CPI-9)", "nome_batalhao": "36º BPM/I", "tipo_batalhao": "Interior", "companhia": "EM", "pelotao": "SEC PJMD", "cidade": "Limeira", "endereco": "RUA JOÃO PICININI, 100, JARDIM DAS LARANJEIRAS - Limeira", "latitude": -22.5441095, "longitude": -47.4151914, "fonte_geocodificacao": "Google Geocoding API", "opm_nome": "SECAO POLICIA JUDICIARIA MILITAR E DISCIPLINAR", "opm_descricao": "CPI-9 36.BPM/I EM SEC PJMD 0", "opm_codigo": "609368600" }, "geometry": { "type": "Point", "coordinates": [ -47.4151914, -22.5441095 ] } },
{ "type": "Feature", "properties": { "id_comando": "CPI-9", "nome_comando": "9º Comando de Policiamento do Interior (CPI-9)", "nome_batalhao": "36º BPM/I", "tipo_batalhao": "Interior", "companhia": "EM", "pelotao": "UIS", "cidade": "Limeira", "endereco": "ACESSO JOÃO PICININI, 100, JARDIM DAS LARANJEIRAS - Limeira", "latitude": -22.5441095, "longitude": -47.4151914, "fonte_geocodificacao": "Google Geocoding API", "opm_nome": "UNIDADE INTEGRADA DE SAUDE", "opm_descricao": "CPI-9 36.BPM/I EM UIS 0", "opm_codigo": "609368010" }, "geometry": { "type": "Point", "coordinates": [ -47.4151914, -22.5441095 ] } },
{ "type": "Feature", "properties": { "id_comando": "CPA/M-8", "nome_comando": "8º Comando de Policiamento de Área Metropolitana (CPA/M-8)", "nome_batalhao": "36º BPM/M", "tipo_batalhao": "Metropolitano", "companhia": "1.CIA PM", "pelotao": "TERRITORIAL", "cidade": "Embu Das Artes", "endereco": "RUA CAMPOS DO JORDAO, 120  0, JARDIM DON JOSE - Embu Das Artes", "latitude": -23.6705644, "longitude": -46.8042876, "fonte_geocodificacao": "Google Geocoding API", "opm_nome": "1. COMPANHIA DE POLICIA MILITAR", "opm_descricao": "CPA/M-8 36.BPM/M 1.CIA PM TERRITORIAL", "opm_codigo": "408361000" }, "geometry": { "type": "Point", "coordinates": [ -46.804287599999988, -23.6705644 ] } },
{ "type": "Feature", "properties": { "id_comando": "CPA/M-8", "nome_comando": "8º Comando de Policiamento de Área Metropolitana (CPA/M-8)", "nome_batalhao": "36º BPM/M", "tipo_batalhao": "Metropolitano", "companhia": "2.CIA PM", "pelotao": "TERRITORIAL", "cidade": "Taboao Da Serra", "endereco": "RUA HAMILTON FERNANDES, 30  0, JARDIM SANTO ONOFRE - Taboao Da Serra", "latitude": -23.6394127, "longitude": -46.805295, "fonte_geocodificacao": "Google Geocoding API", "opm_nome": "2. COMPANHIA DE POLICIA MILITAR", "opm_descricao": "CPA/M-8 36.BPM/M 2.CIA PM TERRITORIAL", "opm_codigo": "408362000" }, "geometry": { "type": "Point", "coordinates": [ -46.805295, -23.6394127 ] } },
{ "type": "Feature", "properties": { "id_comando": "CPA/M-8", "nome_comando": "8º Comando de Policiamento de Área Metropolitana (CPA/M-8)", "nome_batalhao": "36º BPM/M", "tipo_batalhao": "Metropolitano", "companhia": "3.CIA PM", "pelotao": "TERRITORIAL", "cidade": "Embu Das Artes", "endereco": "RUA BELO HORIZONTE, 224  0, JARDIM ARABUTA - Embu Das Artes", "latitude": -23.6510409, "longitude": -46.8552233, "fonte_geocodificacao": "Google Geocoding API", "opm_nome": "3. COMPANHIA DE POLICIA MILITAR", "opm_descricao": "CPA/M-8 36.BPM/M 3.CIA PM TERRITORIAL", "opm_codigo": "408363000" }, "geometry": { "type": "Point", "coordinates": [ -46.8552233, -23.6510409 ] } },
{ "type": "Feature", "properties": { "id_comando": "CPA/M-8", "nome_comando": "8º Comando de Policiamento de Área Metropolitana (CPA/M-8)", "nome_batalhao": "36º BPM/M", "tipo_batalhao": "Metropolitano", "companhia": "4.CIA PM", "pelotao": "TERRITORIAL", "cidade": "Taboao Da Serra", "endereco": "RUA JOSE SOARES DE AZEVEDO, 94  0, JARDIM SANTA LUZIA - Taboao Da Serra", "latitude": -23.6070547, "longitude": -46.753013, "fonte_geocodificacao": "Google Geocoding API", "opm_nome": "4. COMPANHIA DE POLICIA MILITAR", "opm_descricao": "CPA/M-8 36.BPM/M 4.CIA PM TERRITORIAL", "opm_codigo": "408364000" }, "geometry": { "type": "Point", "coordinates": [ -46.753013, -23.6070547 ] } },
{ "type": "Feature", "properties": { "id_comando": "CPI-9", "nome_comando": "9º Comando de Policiamento do Interior (CPI-9)", "nome_batalhao": "37º BPM/I", "tipo_batalhao": "Interior", "companhia": "1.CIA PM", "pelotao": "ADMINISTRACAO", "cidade": "Rio Claro", "endereco": "RUA 12, 51, BAIRRO BOA MORTE - CONSOLAÇÃO - Rio Claro", "latitude": -22.4215362, "longitude": -47.5646382, "fonte_geocodificacao": "Google Geocoding API", "opm_nome": "ADMINISTRACAO", "opm_descricao": "CPI-9 37.BPM/I 1.CIA PM ADMINISTRACAO 0", "opm_codigo": "609371300" }, "geometry": { "type": "Point", "coordinates": [ -47.5646382, -22.4215362 ] } },
{ "type": "Feature", "properties": { "id_comando": "CPI-9", "nome_comando": "9º Comando de Policiamento do Interior (CPI-9)", "nome_batalhao": "37º BPM/I", "tipo_batalhao": "Interior", "companhia": "1.CIA PM", "pelotao": "CGP", "cidade": "Rio Claro", "endereco": "RUA 12, 51, BAIRRO DA CONSOLACAO - Rio Claro", "latitude": -22.4215362, "longitude": -47.5646382, "fonte_geocodificacao": "Google Geocoding API", "opm_nome": "COMANDO DE GRUPO PATRULHA", "opm_descricao": "CPI-9 37.BPM/I 1.CIA PM CGP", "opm_codigo": "609371200" }, "geometry": { "type": "Point", "coordinates": [ -47.5646382, -22.4215362 ] } },
{ "type": "Feature", "properties": { "id_comando": "CPI-9", "nome_comando": "9º Comando de Policiamento do Interior (CPI-9)", "nome_batalhao": "37º BPM/I", "tipo_batalhao": "Interior", "companhia": "1.CIA PM", "pelotao": "PEL PM", "cidade": "Rio Claro", "endereco": "RUA 12, 51, BAIRRO DA CONSOLACAO - Rio Claro", "latitude": -22.4215362, "longitude": -47.5646382, "fonte_geocodificacao": "Google Geocoding API", "opm_nome": "PELOTAO", "opm_descricao": "CPI-9 37.BPM/I 1.CIA PM PEL PM 0", "opm_codigo": "609371100" }, "geometry": { "type": "Point", "coordinates": [ -47.5646382, -22.4215362 ] } },
{ "type": "Feature", "properties": { "id_comando": "CPI-9", "nome_comando": "9º Comando de Policiamento do Interior (CPI-9)", "nome_batalhao": "37º BPM/I", "tipo_batalhao": "Interior", "companhia": "2.CIA PM", "pelotao": "2.PEL PM", "cidade": "Rio Claro", "endereco": "INEXISTENTE, 0, INEXISTENTE - Rio Claro", "latitude": -22.3844813, "longitude": -47.5820297, "fonte_geocodificacao": "Google Geocoding API", "opm_nome": "37.BPM/I 2.CIA PM 2.PEL PM", "opm_descricao": "CPI-9 37.BPM/I 2.CIA PM 2.PEL PM", "opm_codigo": "609372200" }, "geometry": { "type": "Point", "coordinates": [ -47.5820297, -22.3844813 ] } },
{ "type": "Feature", "properties": { "id_comando": "CPI-9", "nome_comando": "9º Comando de Policiamento do Interior (CPI-9)", "nome_batalhao": "37º BPM/I", "tipo_batalhao": "Interior", "companhia": "2.CIA PM", "pelotao": "ADMINISTRACAO", "cidade": "Itirapina", "endereco": "RUA UM, 510, JARDIM LEMOS - Itirapina", "latitude": -22.2568039, "longitude": -47.8148814, "fonte_geocodificacao": "Google Geocoding API", "opm_nome": "ADMINISTRACAO", "opm_descricao": "CPI-9 37.BPM/I 2.CIA PM ADMINISTRACAO 0", "opm_codigo": "609372400" }, "geometry": { "type": "Point", "coordinates": [ -47.8148814, -22.2568039 ] } },
{ "type": "Feature", "properties": { "id_comando": "CPI-9", "nome_comando": "9º Comando de Policiamento do Interior (CPI-9)", "nome_batalhao": "37º BPM/I", "tipo_batalhao": "Interior", "companhia": "2.CIA PM", "pelotao": "CGP", "cidade": "Rio Claro", "endereco": "RUA, 01, 510, JD. LEMOS - Rio Claro", "latitude": -22.4107652, "longitude": -47.5596215, "fonte_geocodificacao": "Google Geocoding API", "opm_nome": "COMANDO DE GRUPO PATRULHA", "opm_descricao": "CPI-9 37.BPM/I 2.CIA PM CGP", "opm_codigo": "609372100" }, "geometry": { "type": "Point", "coordinates": [ -47.5596215, -22.4107652 ] } },
{ "type": "Feature", "properties": { "id_comando": "CPI-9", "nome_comando": "9º Comando de Policiamento do Interior (CPI-9)", "nome_batalhao": "37º BPM/I", "tipo_batalhao": "Interior", "companhia": "2.CIA PM", "pelotao": "PEL PM", "cidade": "Brotas", "endereco": "Avenida Neves Montefusco, 650, SANTA CECÍLIA - Brotas", "latitude": -22.2779916, "longitude": -48.1230104, "fonte_geocodificacao": "Google Geocoding API", "opm_nome": "PELOTAO", "opm_descricao": "CPI-9 37.BPM/I 2.CIA PM PEL PM 0", "opm_codigo": "609372300" }, "geometry": { "type": "Point", "coordinates": [ -48.1230104, -22.2779916 ] } },
{ "type": "Feature", "properties": { "id_comando": "CPI-9", "nome_comando": "9º Comando de Policiamento do Interior (CPI-9)", "nome_batalhao": "37º BPM/I", "tipo_batalhao": "Interior", "companhia": "CIA F TAT", "pelotao": "1. PEL FT", "cidade": "Rio Claro", "endereco": "RUA M 23, 1649, JD. CERVEZÃO - Rio Claro", "latitude": -22.3833743, "longitude": -47.5729859, "fonte_geocodificacao": "Google Geocoding API", "opm_nome": "1. PELOTAO DE FORCA TATICA", "opm_descricao": "CPI-9 37.BPM/I CIA F TAT 1. PEL FT", "opm_codigo": "609373100" }, "geometry": { "type": "Point", "coordinates": [ -47.5729859, -22.3833743 ] } },
{ "type": "Feature", "properties": { "id_comando": "CPI-9", "nome_comando": "9º Comando de Policiamento do Interior (CPI-9)", "nome_batalhao": "37º BPM/I", "tipo_batalhao": "Interior", "companhia": "CIA F TAT", "pelotao": "ADMINISTRACAO", "cidade": "Rio Claro", "endereco": "AV M-23, 1649, JARDIM HIPODROMO - Rio Claro", "latitude": -22.3833743, "longitude": -47.5729859, "fonte_geocodificacao": "Google Geocoding API", "opm_nome": "ADMINISTRACAO", "opm_descricao": "CPI-9 37.BPM/I CIA F TAT ADMINISTRACAO 0", "opm_codigo": "609373200" }, "geometry": { "type": "Point", "coordinates": [ -47.5729859, -22.3833743 ] } },
{ "type": "Feature", "properties": { "id_comando": "CPI-9", "nome_comando": "9º Comando de Policiamento do Interior (CPI-9)", "nome_batalhao": "37º BPM/I", "tipo_batalhao": "Interior", "companhia": "EM", "pelotao": "MOTOMEC", "cidade": "Rio Claro", "endereco": "RODOVIA WASHIGTON LUIS KM, 172, JARDIM ANHANGUERA - Rio Claro", "latitude": -22.4370491, "longitude": -47.5699382, "fonte_geocodificacao": "Google Geocoding API", "opm_nome": "MOTOMECANIZACAO", "opm_descricao": "CPI-9 37.BPM/I EM MOTOMEC 0", "opm_codigo": "609378700" }, "geometry": { "type": "Point", "coordinates": [ -47.5699382, -22.4370491 ] } },
{ "type": "Feature", "properties": { "id_comando": "CPI-9", "nome_comando": "9º Comando de Policiamento do Interior (CPI-9)", "nome_batalhao": "37º BPM/I", "tipo_batalhao": "Interior", "companhia": "EM", "pelotao": "P/1 E P/5", "cidade": "Rio Claro", "endereco": "RODOVIA WASHINGTON LUIS KM, 172, JARDIM ANHANGUERA - Rio Claro", "latitude": -22.4370491, "longitude": -47.5699382, "fonte_geocodificacao": "Google Geocoding API", "opm_nome": "P/1 E P/5", "opm_descricao": "CPI-9 37.BPM/I EM P/1 E P/5 0", "opm_codigo": "609378100" }, "geometry": { "type": "Point", "coordinates": [ -47.5699382, -22.4370491 ] } },
{ "type": "Feature", "properties": { "id_comando": "CPI-9", "nome_comando": "9º Comando de Policiamento do Interior (CPI-9)", "nome_batalhao": "37º BPM/I", "tipo_batalhao": "Interior", "companhia": "EM", "pelotao": "P/2", "cidade": "Rio Claro", "endereco": "RUA 12, 51, BAIRRO DO ESTADIO - Rio Claro", "latitude": -22.4215362, "longitude": -47.5646382, "fonte_geocodificacao": "Google Geocoding API", "opm_nome": "P/2", "opm_descricao": "CPI-9 37.BPM/I EM P/2 0", "opm_codigo": "609378200" }, "geometry": { "type": "Point", "coordinates": [ -47.5646382, -22.4215362 ] } },
{ "type": "Feature", "properties": { "id_comando": "CPI-9", "nome_comando": "9º Comando de Policiamento do Interior (CPI-9)", "nome_batalhao": "37º BPM/I", "tipo_batalhao": "Interior", "companhia": "EM", "pelotao": "P/3", "cidade": "Rio Claro", "endereco": "RODOVIA WASHINGTON LUIS, 172, JARDIM ANHANGUERA - Rio Claro", "latitude": -22.378044, "longitude": -47.6161971, "fonte_geocodificacao": "Google Geocoding API", "opm_nome": "P/3", "opm_descricao": "CPI-9 37.BPM/I EM P/3 0", "opm_codigo": "609378300" }, "geometry": { "type": "Point", "coordinates": [ -47.6161971, -22.378044 ] } },
{ "type": "Feature", "properties": { "id_comando": "CPI-9", "nome_comando": "9º Comando de Policiamento do Interior (CPI-9)", "nome_batalhao": "37º BPM/I", "tipo_batalhao": "Interior", "companhia": "EM", "pelotao": "P/4 E MOTOMEC", "cidade": "Rio Claro", "endereco": "RODOVIA WASHIGTON LUIS KM, 172, JARDIM ANHANGUERA - Rio Claro", "latitude": -22.4370491, "longitude": -47.5699382, "fonte_geocodificacao": "Google Geocoding API", "opm_nome": "P/4 E MOTOMECANIZACAO", "opm_descricao": "CPI-9 37.BPM/I EM P/4 E MOTOMEC 0", "opm_codigo": "609378400" }, "geometry": { "type": "Point", "coordinates": [ -47.5699382, -22.4370491 ] } },
{ "type": "Feature", "properties": { "id_comando": "CPI-9", "nome_comando": "9º Comando de Policiamento do Interior (CPI-9)", "nome_batalhao": "37º BPM/I", "tipo_batalhao": "Interior", "companhia": "EM", "pelotao": "P/5", "cidade": "Rio Claro", "endereco": "RODOVIA WAHSHINGTON LUIS KM, 172, JARDIM ANHANGUERA - Rio Claro", "latitude": -22.4370491, "longitude": -47.5699382, "fonte_geocodificacao": "Google Geocoding API", "opm_nome": "P/5", "opm_descricao": "CPI-9 37.BPM/I EM P/5 0", "opm_codigo": "609378500" }, "geometry": { "type": "Point", "coordinates": [ -47.5699382, -22.4370491 ] } },
{ "type": "Feature", "properties": { "id_comando": "CPI-9", "nome_comando": "9º Comando de Policiamento do Interior (CPI-9)", "nome_batalhao": "37º BPM/I", "tipo_batalhao": "Interior", "companhia": "EM", "pelotao": "SEC PJMD", "cidade": "Rio Claro", "endereco": "RODOVIA WASHIGTON LUIS KM, 172, JARDIM ANHANGUERA - Rio Claro", "latitude": -22.4370491, "longitude": -47.5699382, "fonte_geocodificacao": "Google Geocoding API", "opm_nome": "SECAO DE POLICIA JUDICIARIA MILITAR E DISCIPLINA", "opm_descricao": "CPI-9 37.BPM/I EM SEC PJMD 0", "opm_codigo": "609378600" }, "geometry": { "type": "Point", "coordinates": [ -47.5699382, -22.4370491 ] } },
{ "type": "Feature", "properties": { "id_comando": "CPI-9", "nome_comando": "9º Comando de Policiamento do Interior (CPI-9)", "nome_batalhao": "37º BPM/I", "tipo_batalhao": "Interior", "companhia": "EM", "pelotao": "UIS", "cidade": "Rio Claro", "endereco": "RODOVIA WASHINGTON LUIZ KM, 172, JARDIM ANHANGÜERA - Rio Claro", "latitude": -22.4370491, "longitude": -47.5699382, "fonte_geocodificacao": "Google Geocoding API", "opm_nome": "UNIDADE INTEGRADA DE SAUDE", "opm_descricao": "CPI-9 37.BPM/I EM UIS 0", "opm_codigo": "609378010" }, "geometry": { "type": "Point", "coordinates": [ -47.5699382, -22.4370491 ] } },
{ "type": "Feature", "properties": { "id_comando": "CPA/M-10", "nome_comando": "10º Comando de Policiamento de Área Metropolitana (CPA/M-10)", "nome_batalhao": "37º BPM/M", "tipo_batalhao": "Metropolitano", "companhia": "1.CIA PM", "pelotao": "TERRITORIAL", "cidade": "Sao Paulo", "endereco": "ESTRADA M'BOI MIRIM, 4884, JD COPACABANA - Sao Paulo", "latitude": -23.6888041, "longitude": -46.7730217, "fonte_geocodificacao": "Google Geocoding API", "opm_nome": "1. COMPANHIA DE POLICIA MILITAR", "opm_descricao": "CPA/M-10 37.BPM/M 1.CIA PM TERRITORIAL", "opm_codigo": "510371000" }, "geometry": { "type": "Point", "coordinates": [ -46.7730217, -23.6888041 ] } },
{ "type": "Feature", "properties": { "id_comando": "CPA/M-10", "nome_comando": "10º Comando de Policiamento de Área Metropolitana (CPA/M-10)", "nome_batalhao": "37º BPM/M", "tipo_batalhao": "Metropolitano", "companhia": "2.CIA PM", "pelotao": "TERRITORIAL", "cidade": "Sao Paulo", "endereco": "ESTRADA CUMBICA, 2005, JARDIM ARACATI - Sao Paulo", "latitude": -23.7162454, "longitude": -46.7671985, "fonte_geocodificacao": "Google Geocoding API", "opm_nome": "2. COMPANHIA DE POLICIA MILITAR", "opm_descricao": "CPA/M-10 37.BPM/M 2.CIA PM TERRITORIAL", "opm_codigo": "510372000" }, "geometry": { "type": "Point", "coordinates": [ -46.7671985, -23.7162454 ] } },
{ "type": "Feature", "properties": { "id_comando": "CPA/M-10", "nome_comando": "10º Comando de Policiamento de Área Metropolitana (CPA/M-10)", "nome_batalhao": "37º BPM/M", "tipo_batalhao": "Metropolitano", "companhia": "3.CIA PM", "pelotao": "TERRITORIAL", "cidade": "Sao Paulo", "endereco": "RUA PASTOR JERONIMO GRANERO GARCIA, 11, JD ALVORADA - Sao Paulo", "latitude": -23.6645224, "longitude": -46.7831027, "fonte_geocodificacao": "Google Geocoding API", "opm_nome": "3. COMPANHIA DE POLICIA MILITAR", "opm_descricao": "CPA/M-10 37.BPM/M 3.CIA PM TERRITORIAL", "opm_codigo": "510373000" }, "geometry": { "type": "Point", "coordinates": [ -46.7831027, -23.6645224 ] } },
{ "type": "Feature", "properties": { "id_comando": "CPA/M-10", "nome_comando": "10º Comando de Policiamento de Área Metropolitana (CPA/M-10)", "nome_batalhao": "37º BPM/M", "tipo_batalhao": "Metropolitano", "companhia": "5.CIA PM", "pelotao": "TERRITORIAL", "cidade": "Sao Paulo", "endereco": "INEXISTENTE, 0, INEXISTENTE - Sao Paulo", "latitude": -23.7193559, "longitude": -46.6899879, "fonte_geocodificacao": "Google Geocoding API", "opm_nome": "37.BPM/M 5.CIA PM TERRITORIAL", "opm_descricao": "CPA/M-10 37.BPM/M 5.CIA PM TERRITORIAL 0", "opm_codigo": "510375000" }, "geometry": { "type": "Point", "coordinates": [ -46.689987900000013, -23.7193559 ] } },
{ "type": "Feature", "properties": { "id_comando": "CPI-3", "nome_comando": "3º Comando de Policiamento do Interior (CPI-3)", "nome_batalhao": "38º BPM/I", "tipo_batalhao": "Interior", "companhia": "1.CIA PM", "pelotao": "ADM", "cidade": "Sao Carlos", "endereco": "RUA SANTOS DUMONT, 260, VILA CELINA - Sao Carlos", "latitude": -21.9949432, "longitude": -47.8858546, "fonte_geocodificacao": "Google Geocoding API", "opm_nome": "ADMINISTRACAO", "opm_descricao": "CPI-3 38.BPM/I 1.CIA PM ADM", "opm_codigo": "603381010" }, "geometry": { "type": "Point", "coordinates": [ -47.885854599999988, -21.9949432 ] } },
{ "type": "Feature", "properties": { "id_comando": "CPI-3", "nome_comando": "3º Comando de Policiamento do Interior (CPI-3)", "nome_batalhao": "38º BPM/I", "tipo_batalhao": "Interior", "companhia": "1.CIA PM", "pelotao": "CGP", "cidade": "Sao Carlos", "endereco": "RUA SANTOS DUMONT, 322, VILA CELINA - Sao Carlos", "latitude": -21.9946667, "longitude": -47.8854082, "fonte_geocodificacao": "Google Geocoding API", "opm_nome": "COMANDO GRUPO PATRULHA", "opm_descricao": "CPI-3 38.BPM/I 1.CIA PM CGP", "opm_codigo": "603381500" }, "geometry": { "type": "Point", "coordinates": [ -47.8854082, -21.9946667 ] } },
{ "type": "Feature", "properties": { "id_comando": "CPI-3", "nome_comando": "3º Comando de Policiamento do Interior (CPI-3)", "nome_batalhao": "38º BPM/I", "tipo_batalhao": "Interior", "companhia": "1.CIA PM", "pelotao": "PEL PM", "cidade": "Ibate", "endereco": "RUA ANGELO PERUCCI, 675, CENTRO - Ibate", "latitude": -21.9564586, "longitude": -48.0012393, "fonte_geocodificacao": "Google Geocoding API", "opm_nome": "PELOTAO DE POLICIA MILITAR", "opm_descricao": "CPI-3 38.BPM/I 1.CIA PM PEL PM", "opm_codigo": "603381900" }, "geometry": { "type": "Point", "coordinates": [ -48.0012393, -21.9564586 ] } },
{ "type": "Feature", "properties": { "id_comando": "CPI-3", "nome_comando": "3º Comando de Policiamento do Interior (CPI-3)", "nome_batalhao": "38º BPM/I", "tipo_batalhao": "Interior", "companhia": "2.CIA PM", "pelotao": "ADM", "cidade": "Sao Carlos", "endereco": "RUA SANTOS DUMONT, 260, VILA CELINA - Sao Carlos", "latitude": -21.9949432, "longitude": -47.8858546, "fonte_geocodificacao": "Google Geocoding API", "opm_nome": "ADMINISTRACAO", "opm_descricao": "CPI-3 38.BPM/I 2.CIA PM ADM", "opm_codigo": "603382300" }, "geometry": { "type": "Point", "coordinates": [ -47.885854599999988, -21.9949432 ] } },
{ "type": "Feature", "properties": { "id_comando": "CPI-3", "nome_comando": "3º Comando de Policiamento do Interior (CPI-3)", "nome_batalhao": "38º BPM/I", "tipo_batalhao": "Interior", "companhia": "2.CIA PM", "pelotao": "CGP", "cidade": "Sao Carlos", "endereco": "RUA SANTOS DUMONT, 260, VILA CELINA - Sao Carlos", "latitude": -21.9949432, "longitude": -47.8858546, "fonte_geocodificacao": "Google Geocoding API", "opm_nome": "COMANDO DE GRUPO PATRULHA", "opm_descricao": "CPI-3 38.BPM/I 2.CIA PM CGP", "opm_codigo": "603382400" }, "geometry": { "type": "Point", "coordinates": [ -47.885854599999988, -21.9949432 ] } },
{ "type": "Feature", "properties": { "id_comando": "CPI-3", "nome_comando": "3º Comando de Policiamento do Interior (CPI-3)", "nome_batalhao": "38º BPM/I", "tipo_batalhao": "Interior", "companhia": "3.CIA PM", "pelotao": "1.PEL PM", "cidade": "Descalvado", "endereco": "RUA FRANCISCO RUIZ, 455, NOVO JARDIM BELEM - Descalvado", "latitude": -21.9171013, "longitude": -47.6284346, "fonte_geocodificacao": "Google Geocoding API", "opm_nome": "1.PEL PM", "opm_descricao": "CPI-3 38.BPM/I 3.CIA PM 1.PEL PM", "opm_codigo": "603383700" }, "geometry": { "type": "Point", "coordinates": [ -47.6284346, -21.9171013 ] } },
{ "type": "Feature", "properties": { "id_comando": "CPI-3", "nome_comando": "3º Comando de Policiamento do Interior (CPI-3)", "nome_batalhao": "38º BPM/I", "tipo_batalhao": "Interior", "companhia": "3.CIA PM", "pelotao": "2.PEL PM", "cidade": "Santa Rita Do Passa Quatro", "endereco": "RUA LUIZ ROVIEIRO, 61, CINELANDIA - Santa Rita Do Passa Quatro", "latitude": -21.7111665, "longitude": -47.4695877, "fonte_geocodificacao": "Google Geocoding API", "opm_nome": "2. PELOTAO POLICIAL MILITAR", "opm_descricao": "CPI-3 38.BPM/I 3.CIA PM 2.PEL PM", "opm_codigo": "603383200" }, "geometry": { "type": "Point", "coordinates": [ -47.4695877, -21.7111665 ] } },
{ "type": "Feature", "properties": { "id_comando": "CPI-3", "nome_comando": "3º Comando de Policiamento do Interior (CPI-3)", "nome_batalhao": "38º BPM/I", "tipo_batalhao": "Interior", "companhia": "3.CIA PM", "pelotao": "ADM", "cidade": "Porto Ferreira", "endereco": "AV GENERAL ALVARO DE GÓES VALERIANI, 1021, JARDIM AEROPORTO - Porto Ferreira", "latitude": -21.8702509, "longitude": -47.4768171, "fonte_geocodificacao": "Google Geocoding API", "opm_nome": "ADMINISTRACAO", "opm_descricao": "CPI-3 38.BPM/I 3.CIA PM ADM", "opm_codigo": "603383300" }, "geometry": { "type": "Point", "coordinates": [ -47.4768171, -21.8702509 ] } },
{ "type": "Feature", "properties": { "id_comando": "CPI-3", "nome_comando": "3º Comando de Policiamento do Interior (CPI-3)", "nome_batalhao": "38º BPM/I", "tipo_batalhao": "Interior", "companhia": "3.CIA PM", "pelotao": "CGP", "cidade": "Porto Ferreira", "endereco": "AV GENERAL ALVARO DE GÓES VALERIANI, 1021, JARDIM AEROPORTO - Porto Ferreira", "latitude": -21.8702509, "longitude": -47.4768171, "fonte_geocodificacao": "Google Geocoding API", "opm_nome": "COMANDO GRUPO PATRULHA", "opm_descricao": "CPI-3 38.BPM/I 3.CIA PM CGP", "opm_codigo": "603383400" }, "geometry": { "type": "Point", "coordinates": [ -47.4768171, -21.8702509 ] } },
{ "type": "Feature", "properties": { "id_comando": "CPI-3", "nome_comando": "3º Comando de Policiamento do Interior (CPI-3)", "nome_batalhao": "38º BPM/I", "tipo_batalhao": "Interior", "companhia": "CIA FT", "pelotao": "1.PEL F TAT", "cidade": "Sao Carlos", "endereco": "RUA RUI BARBOSA, 434, VL MONTEIRO - Sao Carlos", "latitude": -22.0231129, "longitude": -47.8865651, "fonte_geocodificacao": "Google Geocoding API", "opm_nome": "1.PELOTAO DE FORCA TATICA", "opm_descricao": "CPI-3 38.BPM/I CIA FT 1.PEL F TAT", "opm_codigo": "603386100" }, "geometry": { "type": "Point", "coordinates": [ -47.8865651, -22.0231129 ] } },
{ "type": "Feature", "properties": { "id_comando": "CPI-3", "nome_comando": "3º Comando de Policiamento do Interior (CPI-3)", "nome_batalhao": "38º BPM/I", "tipo_batalhao": "Interior", "companhia": "CIA FT", "pelotao": "2.PEL F TAT", "cidade": "Sao Carlos", "endereco": "RUA RUI BARBOSA, 434, VL MONTEIRO - Sao Carlos", "latitude": -22.0231129, "longitude": -47.8865651, "fonte_geocodificacao": "Google Geocoding API", "opm_nome": "2.PELOTAO DE FORCA TATICA", "opm_descricao": "CPI-3 38.BPM/I CIA FT 2.PEL F TAT", "opm_codigo": "603386200" }, "geometry": { "type": "Point", "coordinates": [ -47.8865651, -22.0231129 ] } },
{ "type": "Feature", "properties": { "id_comando": "CPI-3", "nome_comando": "3º Comando de Policiamento do Interior (CPI-3)", "nome_batalhao": "38º BPM/I", "tipo_batalhao": "Interior", "companhia": "CIA FT", "pelotao": "ADM", "cidade": "Sao Carlos", "endereco": "RUA RUI BARBOSA, 434, VL MONTEIRO - Sao Carlos", "latitude": -22.0231129, "longitude": -47.8865651, "fonte_geocodificacao": "Google Geocoding API", "opm_nome": "ADMINISTRACAO", "opm_descricao": "CPI-3 38.BPM/I CIA FT ADM", "opm_codigo": "603386900" }, "geometry": { "type": "Point", "coordinates": [ -47.8865651, -22.0231129 ] } },
{ "type": "Feature", "properties": { "id_comando": "CPI-3", "nome_comando": "3º Comando de Policiamento do Interior (CPI-3)", "nome_batalhao": "38º BPM/I", "tipo_batalhao": "Interior", "companhia": "EM", "pelotao": "AG AREA", "cidade": "Sao Carlos", "endereco": "RUA BENTO CARLOS, 930, CENTREVILLE - Sao Carlos", "latitude": -22.0228882, "longitude": -47.886267, "fonte_geocodificacao": "Google Geocoding API", "opm_nome": "AGENCIA DE AREA", "opm_descricao": "CPI-3 38.BPM/I EM AG AREA", "opm_codigo": "603388200" }, "geometry": { "type": "Point", "coordinates": [ -47.886267, -22.0228882 ] } },
{ "type": "Feature", "properties": { "id_comando": "CPI-3", "nome_comando": "3º Comando de Policiamento do Interior (CPI-3)", "nome_batalhao": "38º BPM/I", "tipo_batalhao": "Interior", "companhia": "EM", "pelotao": "MOTOMEC", "cidade": "Sao Carlos", "endereco": "RUA BENTO CARLOS, 930, CENTREVILLE - Sao Carlos", "latitude": -22.0228882, "longitude": -47.886267, "fonte_geocodificacao": "Google Geocoding API", "opm_nome": "38.BPM/I MOTOMEC", "opm_descricao": "CPI-3 38.BPM/I EM MOTOMEC 0", "opm_codigo": "603388700" }, "geometry": { "type": "Point", "coordinates": [ -47.886267, -22.0228882 ] } },
{ "type": "Feature", "properties": { "id_comando": "CPI-3", "nome_comando": "3º Comando de Policiamento do Interior (CPI-3)", "nome_batalhao": "38º BPM/I", "tipo_batalhao": "Interior", "companhia": "EM", "pelotao": "P/1 P/5", "cidade": "Sao Carlos", "endereco": "RUA BENTO CARLOS, 930, CENTREVILLE - Sao Carlos", "latitude": -22.0228882, "longitude": -47.886267, "fonte_geocodificacao": "Google Geocoding API", "opm_nome": "P/1 E P/5", "opm_descricao": "CPI-3 38.BPM/I EM P/1 P/5", "opm_codigo": "603388100" }, "geometry": { "type": "Point", "coordinates": [ -47.886267, -22.0228882 ] } },
{ "type": "Feature", "properties": { "id_comando": "CPI-3", "nome_comando": "3º Comando de Policiamento do Interior (CPI-3)", "nome_batalhao": "38º BPM/I", "tipo_batalhao": "Interior", "companhia": "EM", "pelotao": "P/3", "cidade": "Sao Carlos", "endereco": "RUA BENTO CARLOS, 930, CENTREVILLE - Sao Carlos", "latitude": -22.0228882, "longitude": -47.886267, "fonte_geocodificacao": "Google Geocoding API", "opm_nome": "P/3", "opm_descricao": "CPI-3 38.BPM/I EM P/3", "opm_codigo": "603388300" }, "geometry": { "type": "Point", "coordinates": [ -47.886267, -22.0228882 ] } },
{ "type": "Feature", "properties": { "id_comando": "CPI-3", "nome_comando": "3º Comando de Policiamento do Interior (CPI-3)", "nome_batalhao": "38º BPM/I", "tipo_batalhao": "Interior", "companhia": "EM", "pelotao": "P/4 MOTOMEC", "cidade": "Sao Carlos", "endereco": "RUA BENTO CARLOS, 930, CENTREVILLE - Sao Carlos", "latitude": -22.0228882, "longitude": -47.886267, "fonte_geocodificacao": "Google Geocoding API", "opm_nome": "P/4 E MOTOMECANIZACAO", "opm_descricao": "CPI-3 38.BPM/I EM P/4 MOTOMEC", "opm_codigo": "603388400" }, "geometry": { "type": "Point", "coordinates": [ -47.886267, -22.0228882 ] } },
{ "type": "Feature", "properties": { "id_comando": "CPI-3", "nome_comando": "3º Comando de Policiamento do Interior (CPI-3)", "nome_batalhao": "38º BPM/I", "tipo_batalhao": "Interior", "companhia": "EM", "pelotao": "P/5", "cidade": "Sao Carlos", "endereco": "RUA BENTO CARLOS, 930, CENTREVILLE - Sao Carlos", "latitude": -22.0228882, "longitude": -47.886267, "fonte_geocodificacao": "Google Geocoding API", "opm_nome": "38.BPM/I P/5", "opm_descricao": "CPI-3 38.BPM/I EM P/5 0", "opm_codigo": "603388500" }, "geometry": { "type": "Point", "coordinates": [ -47.886267, -22.0228882 ] } },
{ "type": "Feature", "properties": { "id_comando": "CPI-3", "nome_comando": "3º Comando de Policiamento do Interior (CPI-3)", "nome_batalhao": "38º BPM/I", "tipo_batalhao": "Interior", "companhia": "EM", "pelotao": "SEC PJMD", "cidade": "Sao Carlos", "endereco": "RUA BENTO CARLOS, 930, CENTREVILLE - Sao Carlos", "latitude": -22.0228882, "longitude": -47.886267, "fonte_geocodificacao": "Google Geocoding API", "opm_nome": "SECAO POLICIA JUDICIARIA MILITAR E DISCIPLINA", "opm_descricao": "CPI-3 38.BPM/I EM SEC PJMD", "opm_codigo": "603388600" }, "geometry": { "type": "Point", "coordinates": [ -47.886267, -22.0228882 ] } },
{ "type": "Feature", "properties": { "id_comando": "CPI-3", "nome_comando": "3º Comando de Policiamento do Interior (CPI-3)", "nome_batalhao": "38º BPM/I", "tipo_batalhao": "Interior", "companhia": "EM", "pelotao": "UIS", "cidade": "Sao Carlos", "endereco": "RUA BENTO CARLOS, 930, CENTREVILLE - Sao Carlos", "latitude": -22.0228882, "longitude": -47.886267, "fonte_geocodificacao": "Google Geocoding API", "opm_nome": "UNIDADE INTEGRADA DE SAUDE", "opm_descricao": "CPI-3 38.BPM/I EM UIS", "opm_codigo": "603388010" }, "geometry": { "type": "Point", "coordinates": [ -47.886267, -22.0228882 ] } },
{ "type": "Feature", "properties": { "id_comando": "CPI-3", "nome_comando": "3º Comando de Policiamento do Interior (CPI-3)", "nome_batalhao": "38º BPM/I", "tipo_batalhao": "Interior", "companhia": "EM", "pelotao": "UIS MEDICA", "cidade": "Sao Carlos", "endereco": "RUA BENTO CARLOS, 930, CENTREVILLE - Sao Carlos", "latitude": -22.0228882, "longitude": -47.886267, "fonte_geocodificacao": "Google Geocoding API", "opm_nome": "38.BPM/I EM UIS MEDICA", "opm_descricao": "CPI-3 38.BPM/I EM UIS MEDICA 0", "opm_codigo": "603388900" }, "geometry": { "type": "Point", "coordinates": [ -47.886267, -22.0228882 ] } },
{ "type": "Feature", "properties": { "id_comando": "CPI-3", "nome_comando": "3º Comando de Policiamento do Interior (CPI-3)", "nome_batalhao": "38º BPM/I", "tipo_batalhao": "Interior", "companhia": "EM", "pelotao": "UIS ODONTO", "cidade": "Sao Carlos", "endereco": "RUA BENTO CARLOS, 930, CENTREVILLE - Sao Carlos", "latitude": -22.0228882, "longitude": -47.886267, "fonte_geocodificacao": "Google Geocoding API", "opm_nome": "38.BPM/I EM UIS ODONTO", "opm_descricao": "CPI-3 38.BPM/I EM UIS ODONTO 0", "opm_codigo": "603388800" }, "geometry": { "type": "Point", "coordinates": [ -47.886267, -22.0228882 ] } },
{ "type": "Feature", "properties": { "id_comando": "CPA/M-9", "nome_comando": "9º Comando de Policiamento de Área Metropolitana (CPA/M-9)", "nome_batalhao": "38º BPM/M", "tipo_batalhao": "Metropolitano", "companhia": "1.CIA PM", "pelotao": "TERRITORIAL", "cidade": "Sao Paulo", "endereco": "ESTRADA DO SAPOPEMBA, 30500, IGUATEMI - Sao Paulo", "latitude": -23.6195283, "longitude": -46.4239477, "fonte_geocodificacao": "Google Geocoding API", "opm_nome": "1. COMPANHIA DE POLICIA MILITAR", "opm_descricao": "CPA/M-9 38.BPM/M 1.CIA PM TERRITORIAL", "opm_codigo": "509381000" }, "geometry": { "type": "Point", "coordinates": [ -46.4239477, -23.6195283 ] } },
{ "type": "Feature", "properties": { "id_comando": "CPA/M-9", "nome_comando": "9º Comando de Policiamento de Área Metropolitana (CPA/M-9)", "nome_batalhao": "38º BPM/M", "tipo_batalhao": "Metropolitano", "companhia": "2.CIA PM", "pelotao": "TERRITORIAL", "cidade": "Sao Paulo", "endereco": "RUA LUIS BARBALHO BEZERRA, 600, SAO MATEUS - Sao Paulo", "latitude": -23.6078486, "longitude": -46.4599856, "fonte_geocodificacao": "Google Geocoding API", "opm_nome": "2. COMPANHIA DE POLICIA MILITAR", "opm_descricao": "CPA/M-9 38.BPM/M 2.CIA PM TERRITORIAL", "opm_codigo": "509382000" }, "geometry": { "type": "Point", "coordinates": [ -46.4599856, -23.6078486 ] } },
{ "type": "Feature", "properties": { "id_comando": "CPA/M-9", "nome_comando": "9º Comando de Policiamento de Área Metropolitana (CPA/M-9)", "nome_batalhao": "38º BPM/M", "tipo_batalhao": "Metropolitano", "companhia": "3.CIA PM", "pelotao": "TERRITORIAL", "cidade": "Sao Paulo", "endereco": "Rua Augustin Luberti, 1100, Fazenda da Juta - Sao Paulo", "latitude": -23.6223149, "longitude": -46.487899, "fonte_geocodificacao": "Google Geocoding API", "opm_nome": "3. COMPANHIA DE POLICIA MILITAR", "opm_descricao": "CPA/M-9 38.BPM/M 3.CIA PM TERRITORIAL", "opm_codigo": "509383000" }, "geometry": { "type": "Point", "coordinates": [ -46.487899, -23.6223149 ] } },
{ "type": "Feature", "properties": { "id_comando": "CPI-6", "nome_comando": "6º Comando de Policiamento do Interior (CPI-6)", "nome_batalhao": "39º BPM/I", "tipo_batalhao": "Interior", "companhia": "1.CIA PM", "pelotao": "ADM", "cidade": "Sao Vicente", "endereco": "RUA JOÃO RAMALHO, 1150, CENTRO - Sao Vicente", "latitude": -23.9633826, "longitude": -46.3878915, "fonte_geocodificacao": "Google Geocoding API", "opm_nome": "ADMINISTRACAO", "opm_descricao": "CPI-6 39.BPM/I 1.CIA PM ADM 0", "opm_codigo": "606391400" }, "geometry": { "type": "Point", "coordinates": [ -46.387891499999988, -23.9633826 ] } },
{ "type": "Feature", "properties": { "id_comando": "CPI-6", "nome_comando": "6º Comando de Policiamento do Interior (CPI-6)", "nome_batalhao": "39º BPM/I", "tipo_batalhao": "Interior", "companhia": "1.CIA PM", "pelotao": "CGP", "cidade": "Sao Vicente", "endereco": "RUA JOÃO RAMALHO, 1150, CENTRO - Sao Vicente", "latitude": -23.9633826, "longitude": -46.3878915, "fonte_geocodificacao": "Google Geocoding API", "opm_nome": "COMANDO GRUPO PATRULHA", "opm_descricao": "CPI-6 39.BPM/I 1.CIA PM CGP", "opm_codigo": "606391500" }, "geometry": { "type": "Point", "coordinates": [ -46.387891499999988, -23.9633826 ] } },
{ "type": "Feature", "properties": { "id_comando": "CPI-6", "nome_comando": "6º Comando de Policiamento do Interior (CPI-6)", "nome_batalhao": "39º BPM/I", "tipo_batalhao": "Interior", "companhia": "1.CIA PM", "pelotao": "TERRITORIAL", "cidade": "Sao Vicente", "endereco": "RUA JOÃO RAMALHO, 1150, CENTRO - Sao Vicente", "latitude": -23.9633826, "longitude": -46.3878915, "fonte_geocodificacao": "Google Geocoding API", "opm_nome": "1. COMPANHIA DE POLICIA MILITAR", "opm_descricao": "CPI-6 39.BPM/I 1.CIA PM TERRITORIAL", "opm_codigo": "606391000" }, "geometry": { "type": "Point", "coordinates": [ -46.387891499999988, -23.9633826 ] } },
{ "type": "Feature", "properties": { "id_comando": "CPI-6", "nome_comando": "6º Comando de Policiamento do Interior (CPI-6)", "nome_batalhao": "39º BPM/I", "tipo_batalhao": "Interior", "companhia": "2.CIA PM", "pelotao": "ADM", "cidade": "Sao Vicente", "endereco": "AVENIDA MANOEL DE ABREU - PRAÇA IMIGRAÇÃO JAPONESA, 0  SEM NÚMERO, CIDADE NAÚTICA - Sao Vicente", "latitude": -23.9508421, "longitude": -46.4075277, "fonte_geocodificacao": "Google Geocoding API", "opm_nome": "ADMINISTRACAO", "opm_descricao": "CPI-6 39.BPM/I 2.CIA PM ADM 0", "opm_codigo": "606392300" }, "geometry": { "type": "Point", "coordinates": [ -46.4075277, -23.9508421 ] } },
{ "type": "Feature", "properties": { "id_comando": "CPI-6", "nome_comando": "6º Comando de Policiamento do Interior (CPI-6)", "nome_batalhao": "39º BPM/I", "tipo_batalhao": "Interior", "companhia": "2.CIA PM", "pelotao": "CGP", "cidade": "Sao Vicente", "endereco": "AVENIDA MANOEL DE ABREU - PRAÇA IMIGRAÇÃO JAPONESA, 0  SEM NÚMERO, CIDADE NAÚTICA - Sao Vicente", "latitude": -23.9508421, "longitude": -46.4075277, "fonte_geocodificacao": "Google Geocoding API", "opm_nome": "COMANDO GRUPO PATRULHA", "opm_descricao": "CPI-6 39.BPM/I 2.CIA PM CGP", "opm_codigo": "606392400" }, "geometry": { "type": "Point", "coordinates": [ -46.4075277, -23.9508421 ] } },
{ "type": "Feature", "properties": { "id_comando": "CPI-6", "nome_comando": "6º Comando de Policiamento do Interior (CPI-6)", "nome_batalhao": "39º BPM/I", "tipo_batalhao": "Interior", "companhia": "2.CIA PM", "pelotao": "TERRITORIAL", "cidade": "Sao Vicente", "endereco": "AVENIDA MANOEL DE ABREU - PRAÇA IMIGRAÇÃO JAPONESA, 0  SEM NÚMERO, CIDADE NAÚTICA - Sao Vicente", "latitude": -23.9508421, "longitude": -46.4075277, "fonte_geocodificacao": "Google Geocoding API", "opm_nome": "2. COMPANHIA DE POLICIA MILITAR", "opm_descricao": "CPI-6 39.BPM/I 2.CIA PM TERRITORIAL", "opm_codigo": "606392000" }, "geometry": { "type": "Point", "coordinates": [ -46.4075277, -23.9508421 ] } },
{ "type": "Feature", "properties": { "id_comando": "CPI-6", "nome_comando": "6º Comando de Policiamento do Interior (CPI-6)", "nome_batalhao": "39º BPM/I", "tipo_batalhao": "Interior", "companhia": "3.CIA PM", "pelotao": "ADM", "cidade": "Sao Vicente", "endereco": "AVENIDA JOSÉ SINGER, 249, HUMAITA - Sao Vicente", "latitude": -23.9484655, "longitude": -46.4619689, "fonte_geocodificacao": "Google Geocoding API", "opm_nome": "ADMINISTRACAO", "opm_descricao": "CPI-6 39.BPM/I 3.CIA PM ADM 0", "opm_codigo": "606393400" }, "geometry": { "type": "Point", "coordinates": [ -46.4619689, -23.9484655 ] } },
{ "type": "Feature", "properties": { "id_comando": "CPI-6", "nome_comando": "6º Comando de Policiamento do Interior (CPI-6)", "nome_batalhao": "39º BPM/I", "tipo_batalhao": "Interior", "companhia": "3.CIA PM", "pelotao": "CGP", "cidade": "Sao Vicente", "endereco": "AVENIDA JOSÉ SINGER, 249, HUMAITA - Sao Vicente", "latitude": -23.9484655, "longitude": -46.4619689, "fonte_geocodificacao": "Google Geocoding API", "opm_nome": "COMANDO GRUPO PATRULHA", "opm_descricao": "CPI-6 39.BPM/I 3.CIA PM CGP", "opm_codigo": "606393500" }, "geometry": { "type": "Point", "coordinates": [ -46.4619689, -23.9484655 ] } },
{ "type": "Feature", "properties": { "id_comando": "CPI-6", "nome_comando": "6º Comando de Policiamento do Interior (CPI-6)", "nome_batalhao": "39º BPM/I", "tipo_batalhao": "Interior", "companhia": "3.CIA PM", "pelotao": "TERRITORIAL", "cidade": "Sao Vicente", "endereco": "AVENIDA JOSÉ SINGER, 249, HUMAITA - Sao Vicente", "latitude": -23.9484655, "longitude": -46.4619689, "fonte_geocodificacao": "Google Geocoding API", "opm_nome": "3. COMPANHIA DE POLICIA MILITAR", "opm_descricao": "CPI-6 39.BPM/I 3.CIA PM TERRITORIAL", "opm_codigo": "606393000" }, "geometry": { "type": "Point", "coordinates": [ -46.4619689, -23.9484655 ] } },
{ "type": "Feature", "properties": { "id_comando": "CPI-6", "nome_comando": "6º Comando de Policiamento do Interior (CPI-6)", "nome_batalhao": "39º BPM/I", "tipo_batalhao": "Interior", "companhia": "CIA F TAT", "pelotao": "0", "cidade": "Sao Vicente", "endereco": "AVENIDA QUINTINO BOCAIUVA, 1376  UNIDADE INEXISTENTE, CENTRO - Sao Vicente", "latitude": -23.9654654, "longitude": -46.379751, "fonte_geocodificacao": "Google Geocoding API", "opm_nome": "39.BPM/I CIA F TAT", "opm_descricao": "CPI-6 39.BPM/I CIA F TAT 0 0", "opm_codigo": "606394000" }, "geometry": { "type": "Point", "coordinates": [ -46.379751, -23.9654654 ] } },
{ "type": "Feature", "properties": { "id_comando": "CPI-6", "nome_comando": "6º Comando de Policiamento do Interior (CPI-6)", "nome_batalhao": "39º BPM/I", "tipo_batalhao": "Interior", "companhia": "CIA F TAT", "pelotao": "1. PEL F TAT", "cidade": "Sao Vicente", "endereco": "RUA JOÃO RAMALHO, 1150, CENTRO - Sao Vicente", "latitude": -23.9633826, "longitude": -46.3878915, "fonte_geocodificacao": "Google Geocoding API", "opm_nome": "1. PELOTAO DE FORCA TATICA", "opm_descricao": "CPI-6 39.BPM/I CIA F TAT 1. PEL F TAT", "opm_codigo": "606397100" }, "geometry": { "type": "Point", "coordinates": [ -46.387891499999988, -23.9633826 ] } },
{ "type": "Feature", "properties": { "id_comando": "CPI-6", "nome_comando": "6º Comando de Policiamento do Interior (CPI-6)", "nome_batalhao": "39º BPM/I", "tipo_batalhao": "Interior", "companhia": "CIA F TAT", "pelotao": "2. PEL F TAT", "cidade": "Sao Vicente", "endereco": "RUA JOÃO RAMALHO, 1150, CENTRO - Sao Vicente", "latitude": -23.9633826, "longitude": -46.3878915, "fonte_geocodificacao": "Google Geocoding API", "opm_nome": "2. PELOTAO DE FORCA TATICA", "opm_descricao": "CPI-6 39.BPM/I CIA F TAT 2. PEL F TAT", "opm_codigo": "606397200" }, "geometry": { "type": "Point", "coordinates": [ -46.387891499999988, -23.9633826 ] } },
{ "type": "Feature", "properties": { "id_comando": "CPI-6", "nome_comando": "6º Comando de Policiamento do Interior (CPI-6)", "nome_batalhao": "39º BPM/I", "tipo_batalhao": "Interior", "companhia": "CIA F TAT", "pelotao": "PEL F TAT", "cidade": "Sao Vicente", "endereco": "AVENIDA QUINTINO BOCAIUVA, 1376  UNIDADE INEXISTENTE, CENTRO - Sao Vicente", "latitude": -23.9654654, "longitude": -46.379751, "fonte_geocodificacao": "Google Geocoding API", "opm_nome": "39.BPM/I CIA F TAT PEL F TAT", "opm_descricao": "CPI-6 39.BPM/I CIA F TAT PEL F TAT", "opm_codigo": "606394400" }, "geometry": { "type": "Point", "coordinates": [ -46.379751, -23.9654654 ] } },
{ "type": "Feature", "properties": { "id_comando": "CPI-6", "nome_comando": "6º Comando de Policiamento do Interior (CPI-6)", "nome_batalhao": "39º BPM/I", "tipo_batalhao": "Interior", "companhia": "EM", "pelotao": "DIV OP", "cidade": "Sao Vicente", "endereco": "RUA FREITAS GUIMARÃES, 340, JARDIM BOA VISTA - Sao Vicente", "latitude": -23.9692497, "longitude": -46.3718367, "fonte_geocodificacao": "Google Geocoding API", "opm_nome": "DIVISAO OPERACIONAL", "opm_descricao": "CPI-6 39.BPM/I EM DIV OP", "opm_codigo": "606398300" }, "geometry": { "type": "Point", "coordinates": [ -46.3718367, -23.9692497 ] } },
{ "type": "Feature", "properties": { "id_comando": "CPI-6", "nome_comando": "6º Comando de Policiamento do Interior (CPI-6)", "nome_batalhao": "39º BPM/I", "tipo_batalhao": "Interior", "companhia": "EM", "pelotao": "MOTOMEC", "cidade": "Sao Vicente", "endereco": "AVENIDA MANOEL DE ABREU - PRAÇA IMIGRAÇÃO JAPONESA, 0  JUNTO DA 2ª CIA PM, CIDADE NAUTICA - Sao Vicente", "latitude": -23.9508421, "longitude": -46.4075277, "fonte_geocodificacao": "Google Geocoding API", "opm_nome": "39.BPM/I - MOTOMECANIZACAO", "opm_descricao": "CPI-6 39.BPM/I EM MOTOMEC 0", "opm_codigo": "606398700" }, "geometry": { "type": "Point", "coordinates": [ -46.4075277, -23.9508421 ] } },
{ "type": "Feature", "properties": { "id_comando": "CPI-6", "nome_comando": "6º Comando de Policiamento do Interior (CPI-6)", "nome_batalhao": "39º BPM/I", "tipo_batalhao": "Interior", "companhia": "EM", "pelotao": "P/1", "cidade": "Sao Vicente", "endereco": "RUA FREITAS GUIMARÃES, 340, JARDIM BOA VISTA - Sao Vicente", "latitude": -23.9692497, "longitude": -46.3718367, "fonte_geocodificacao": "Google Geocoding API", "opm_nome": "GUARDA DO QUARTEL", "opm_descricao": "CPI-6 39.BPM/I EM P/1 GD QUARTEL", "opm_codigo": "606398110" }, "geometry": { "type": "Point", "coordinates": [ -46.3718367, -23.9692497 ] } },
{ "type": "Feature", "properties": { "id_comando": "CPI-6", "nome_comando": "6º Comando de Policiamento do Interior (CPI-6)", "nome_batalhao": "39º BPM/I", "tipo_batalhao": "Interior", "companhia": "EM", "pelotao": "P/1 P/5", "cidade": "Sao Vicente", "endereco": "RUA FREITAS GUIMARÃES, 340, BOA VISTA - Sao Vicente", "latitude": -23.9692497, "longitude": -46.3718367, "fonte_geocodificacao": "Google Geocoding API", "opm_nome": "P/1 P/5", "opm_descricao": "CPI-6 39.BPM/I EM P/1 P/5", "opm_codigo": "606398100" }, "geometry": { "type": "Point", "coordinates": [ -46.3718367, -23.9692497 ] } },
{ "type": "Feature", "properties": { "id_comando": "CPI-6", "nome_comando": "6º Comando de Policiamento do Interior (CPI-6)", "nome_batalhao": "39º BPM/I", "tipo_batalhao": "Interior", "companhia": "EM", "pelotao": "P/2", "cidade": "Sao Vicente", "endereco": "RUA FREITAS GUIMARÃES, 340, BOA VISTA - Sao Vicente", "latitude": -23.9692497, "longitude": -46.3718367, "fonte_geocodificacao": "Google Geocoding API", "opm_nome": "P/2", "opm_descricao": "CPI-6 39.BPM/I EM P/2 0", "opm_codigo": "606398200" }, "geometry": { "type": "Point", "coordinates": [ -46.3718367, -23.9692497 ] } },
{ "type": "Feature", "properties": { "id_comando": "CPI-6", "nome_comando": "6º Comando de Policiamento do Interior (CPI-6)", "nome_batalhao": "39º BPM/I", "tipo_batalhao": "Interior", "companhia": "EM", "pelotao": "P/3", "cidade": "Sao Vicente", "endereco": "RUA FREITAS GUIMARÃES, 340, BOA VISTA - Sao Vicente", "latitude": -23.9692497, "longitude": -46.3718367, "fonte_geocodificacao": "Google Geocoding API", "opm_nome": "39.BPM/I - PELOTAO FORCA  TATICA", "opm_descricao": "CPI-6 39.BPM/I EM P/3 PEL FT", "opm_codigo": "606398310" }, "geometry": { "type": "Point", "coordinates": [ -46.3718367, -23.9692497 ] } },
{ "type": "Feature", "properties": { "id_comando": "CPI-6", "nome_comando": "6º Comando de Policiamento do Interior (CPI-6)", "nome_batalhao": "39º BPM/I", "tipo_batalhao": "Interior", "companhia": "EM", "pelotao": "P/4 MOTOMEC", "cidade": "Sao Vicente", "endereco": "RUA FREITAS GUIMARÃES, 340, JARDIM BOA VISTA - Sao Vicente", "latitude": -23.9692497, "longitude": -46.3718367, "fonte_geocodificacao": "Google Geocoding API", "opm_nome": "P/4 MOTOMECANIZACAO", "opm_descricao": "CPI-6 39.BPM/I EM P/4 MOTOMEC 0", "opm_codigo": "606398400" }, "geometry": { "type": "Point", "coordinates": [ -46.3718367, -23.9692497 ] } },
{ "type": "Feature", "properties": { "id_comando": "CPI-6", "nome_comando": "6º Comando de Policiamento do Interior (CPI-6)", "nome_batalhao": "39º BPM/I", "tipo_batalhao": "Interior", "companhia": "EM", "pelotao": "P/5", "cidade": "Sao Vicente", "endereco": "RUA FREITAS GUIMARÃES, 340, VILA VOTURUA INDEPENDENCIA - Sao Vicente", "latitude": -23.9692497, "longitude": -46.3718367, "fonte_geocodificacao": "Google Geocoding API", "opm_nome": "39.BPM/I - P/5", "opm_descricao": "CPI-6 39.BPM/I EM P/5", "opm_codigo": "606398500" }, "geometry": { "type": "Point", "coordinates": [ -46.3718367, -23.9692497 ] } },
{ "type": "Feature", "properties": { "id_comando": "CPI-6", "nome_comando": "6º Comando de Policiamento do Interior (CPI-6)", "nome_batalhao": "39º BPM/I", "tipo_batalhao": "Interior", "companhia": "EM", "pelotao": "SEC PJMD", "cidade": "Sao Vicente", "endereco": "RUA FREITAS GUIMARÃES, 340, BOA VISTA - Sao Vicente", "latitude": -23.9692497, "longitude": -46.3718367, "fonte_geocodificacao": "Google Geocoding API", "opm_nome": "SECAO POLICIA JUDICIARIA MILITAR E DISCIPLINA", "opm_descricao": "CPI-6 39.BPM/I EM SEC PJMD 0", "opm_codigo": "606398600" }, "geometry": { "type": "Point", "coordinates": [ -46.3718367, -23.9692497 ] } },
{ "type": "Feature", "properties": { "id_comando": "CPA/M-4", "nome_comando": "4º Comando de Policiamento de Área Metropolitana (CPA/M-4)", "nome_batalhao": "39º BPM/M", "tipo_batalhao": "Metropolitano", "companhia": "1.CIA PM", "pelotao": "TERRITORIAL", "cidade": "Sao Paulo", "endereco": "AVENIDA DAVID DOMINGUES FERREIRA, 2, ITAQUERA - Sao Paulo", "latitude": -23.525347, "longitude": -46.44123, "fonte_geocodificacao": "Google Geocoding API", "opm_nome": "1. COMPANHIA DE POLICIA MILITAR", "opm_descricao": "CPA/M-4 39.BPM/M 1.CIA PM TERRITORIAL", "opm_codigo": "504391000" }, "geometry": { "type": "Point", "coordinates": [ -46.44123, -23.525347 ] } },
{ "type": "Feature", "properties": { "id_comando": "CPA/M-4", "nome_comando": "4º Comando de Policiamento de Área Metropolitana (CPA/M-4)", "nome_batalhao": "39º BPM/M", "tipo_batalhao": "Metropolitano", "companhia": "2.CIA PM", "pelotao": "TERRITORIAL", "cidade": "Sao Paulo", "endereco": "AVENIDA WALDEMAR TIETZ, 1160  COMPANHIA DA POLICIA MILITAR, ARTUR ALVIM - Sao Paulo", "latitude": -23.5499379, "longitude": -46.4830755, "fonte_geocodificacao": "Google Geocoding API", "opm_nome": "2. COMPANHIA DE POLICIA MILITAR", "opm_descricao": "CPA/M-4 39.BPM/M 2.CIA PM TERRITORIAL", "opm_codigo": "504392000" }, "geometry": { "type": "Point", "coordinates": [ -46.4830755, -23.5499379 ] } },
{ "type": "Feature", "properties": { "id_comando": "CPA/M-4", "nome_comando": "4º Comando de Policiamento de Área Metropolitana (CPA/M-4)", "nome_batalhao": "39º BPM/M", "tipo_batalhao": "Metropolitano", "companhia": "3.CIA PM", "pelotao": "TERRITORIAL", "cidade": "Sao Paulo", "endereco": "AVENIDA AGUIA DE HAIA,, 3311, ITAQUERA - Sao Paulo", "latitude": -23.5183064, "longitude": -46.4763492, "fonte_geocodificacao": "Google Geocoding API", "opm_nome": "3. COMPANHIA DE POLICIA MILITAR", "opm_descricao": "CPA/M-4 39.BPM/M 3.CIA PM TERRITORIAL", "opm_codigo": "504393000" }, "geometry": { "type": "Point", "coordinates": [ -46.4763492, -23.5183064 ] } },
{ "type": "Feature", "properties": { "id_comando": "CPI-4", "nome_comando": "4º Comando de Policiamento do Interior (CPI-4)", "nome_batalhao": "4º BPM/I", "tipo_batalhao": "Interior", "companhia": "1.CIA PM", "pelotao": "ADM", "cidade": "Bauru", "endereco": "RUA GENERAL MARCONDES SALGADO, 232  QUADRA 02, Nº 32, CENTRO - Bauru", "latitude": -22.3193349, "longitude": -49.0737775, "fonte_geocodificacao": "Google Geocoding API", "opm_nome": "ADMINISTRACAO", "opm_descricao": "CPI-4 4.BPM/I 1.CIA PM ADM", "opm_codigo": "604041500" }, "geometry": { "type": "Point", "coordinates": [ -49.0737775, -22.3193349 ] } },
{ "type": "Feature", "properties": { "id_comando": "CPI-4", "nome_comando": "4º Comando de Policiamento do Interior (CPI-4)", "nome_batalhao": "4º BPM/I", "tipo_batalhao": "Interior", "companhia": "1.CIA PM", "pelotao": "CGP", "cidade": "Bauru", "endereco": "RUA GENERAL MARCONDES SALGADO, 232  QUADRA 2, Nº 32, CENTRO - Bauru", "latitude": -22.3193349, "longitude": -49.0737775, "fonte_geocodificacao": "Google Geocoding API", "opm_nome": "COMANDO GRUPO PATRULHA", "opm_descricao": "CPI-4 4.BPM/I 1.CIA PM CGP", "opm_codigo": "604041600" }, "geometry": { "type": "Point", "coordinates": [ -49.0737775, -22.3193349 ] } },
{ "type": "Feature", "properties": { "id_comando": "CPI-4", "nome_comando": "4º Comando de Policiamento do Interior (CPI-4)", "nome_batalhao": "4º BPM/I", "tipo_batalhao": "Interior", "companhia": "2.CIA PM", "pelotao": "ADM", "cidade": "Pirajui", "endereco": "RUA 9 DE JULHO, 478, CENTRO - Pirajui", "latitude": -21.9930207, "longitude": -49.4583576, "fonte_geocodificacao": "Google Geocoding API", "opm_nome": "ADMINISTRACAO", "opm_descricao": "CPI-4 4.BPM/I 2.CIA PM ADM", "opm_codigo": "604042500" }, "geometry": { "type": "Point", "coordinates": [ -49.4583576, -21.9930207 ] } },
{ "type": "Feature", "properties": { "id_comando": "CPI-4", "nome_comando": "4º Comando de Policiamento do Interior (CPI-4)", "nome_batalhao": "4º BPM/I", "tipo_batalhao": "Interior", "companhia": "2.CIA PM", "pelotao": "CGP", "cidade": "Pirajui", "endereco": "RUA NOVE DE JULHO, 478  4ºBPM/I 2ª CIA PM, CENTRO - Pirajui", "latitude": -21.9930207, "longitude": -49.4583576, "fonte_geocodificacao": "Google Geocoding API", "opm_nome": "COMANDO GRUPO PATRULHA", "opm_descricao": "CPI-4 4.BPM/I 2.CIA PM CGP", "opm_codigo": "604042600" }, "geometry": { "type": "Point", "coordinates": [ -49.4583576, -21.9930207 ] } },
{ "type": "Feature", "properties": { "id_comando": "CPI-4", "nome_comando": "4º Comando de Policiamento do Interior (CPI-4)", "nome_batalhao": "4º BPM/I", "tipo_batalhao": "Interior", "companhia": "2.CIA PM", "pelotao": "PEL PM", "cidade": "Pirajui", "endereco": "RUA NOVE DE JULHO, 478, CENTRO - Pirajui", "latitude": -21.9930207, "longitude": -49.4583576, "fonte_geocodificacao": "Google Geocoding API", "opm_nome": "PELOTAO POLICIAL MILITAR", "opm_descricao": "CPI-4 4.BPM/I 2.CIA PM PEL PM", "opm_codigo": "604042200" }, "geometry": { "type": "Point", "coordinates": [ -49.4583576, -21.9930207 ] } },
{ "type": "Feature", "properties": { "id_comando": "CPI-4", "nome_comando": "4º Comando de Policiamento do Interior (CPI-4)", "nome_batalhao": "4º BPM/I", "tipo_batalhao": "Interior", "companhia": "3.CIA PM", "pelotao": "ADM", "cidade": "Bauru", "endereco": "AVENIDA ITALINA RODRIGUES BERTOLUCCI, 1175  QUDRA 1, Nº 175, PARQUE FORTALEZA - Bauru", "latitude": -22.3314346, "longitude": -49.0878463, "fonte_geocodificacao": "Google Geocoding API", "opm_nome": "ADMINISTRACAO", "opm_descricao": "CPI-4 4.BPM/I 3.CIA PM ADM", "opm_codigo": "604043500" }, "geometry": { "type": "Point", "coordinates": [ -49.0878463, -22.3314346 ] } },
{ "type": "Feature", "properties": { "id_comando": "CPI-4", "nome_comando": "4º Comando de Policiamento do Interior (CPI-4)", "nome_batalhao": "4º BPM/I", "tipo_batalhao": "Interior", "companhia": "3.CIA PM", "pelotao": "CGP", "cidade": "Bauru", "endereco": "AVENIDA ITALINA RODRIGUES BERTOLUCCI, 1175  QUADRA 1, Nº 175, PARQUE FORTALEZA - Bauru", "latitude": -22.3314346, "longitude": -49.0878463, "fonte_geocodificacao": "Google Geocoding API", "opm_nome": "COMANDO GRUPO PATRULHA", "opm_descricao": "CPI-4 4.BPM/I 3.CIA PM CGP", "opm_codigo": "604043600" }, "geometry": { "type": "Point", "coordinates": [ -49.0878463, -22.3314346 ] } },
{ "type": "Feature", "properties": { "id_comando": "CPI-4", "nome_comando": "4º Comando de Policiamento do Interior (CPI-4)", "nome_batalhao": "4º BPM/I", "tipo_batalhao": "Interior", "companhia": "4.CIA PM", "pelotao": "ADM", "cidade": "Bauru", "endereco": "TRAVESSA FRANCISCO CAVALLARE SCRIPELLITI, 175, JARDIM CECAP - Bauru", "latitude": -22.317678, "longitude": -49.0330711, "fonte_geocodificacao": "Google Geocoding API", "opm_nome": "ADMINISTRACAO", "opm_descricao": "CPI-4 4.BPM/I 4.CIA PM ADM", "opm_codigo": "604044500" }, "geometry": { "type": "Point", "coordinates": [ -49.0330711, -22.317678 ] } },
{ "type": "Feature", "properties": { "id_comando": "CPI-4", "nome_comando": "4º Comando de Policiamento do Interior (CPI-4)", "nome_batalhao": "4º BPM/I", "tipo_batalhao": "Interior", "companhia": "4.CIA PM", "pelotao": "CGP", "cidade": "Bauru", "endereco": "TRAVESSA FRANCISCO CAVALLARE SCRIPELLITI, 175, JARDIM CECAP - Bauru", "latitude": -22.317678, "longitude": -49.0330711, "fonte_geocodificacao": "Google Geocoding API", "opm_nome": "COMANDO GRUPO PATRULHA", "opm_descricao": "CPI-4 4.BPM/I 4.CIA PM CGP", "opm_codigo": "604044600" }, "geometry": { "type": "Point", "coordinates": [ -49.0330711, -22.317678 ] } },
{ "type": "Feature", "properties": { "id_comando": "CPI-4", "nome_comando": "4º Comando de Policiamento do Interior (CPI-4)", "nome_batalhao": "4º BPM/I", "tipo_batalhao": "Interior", "companhia": "5.CIA PM", "pelotao": "1.PEL PM", "cidade": "Duartina", "endereco": "AVENIDA SÃO  PAULO, 51, CENTRO - Duartina", "latitude": -22.4134223, "longitude": -49.3986223, "fonte_geocodificacao": "Google Geocoding API", "opm_nome": "4.BPM/I - 1.PEL PM", "opm_descricao": "CPI-4 4.BPM/I 5.CIA PM 1.PEL PM 0", "opm_codigo": "604045100" }, "geometry": { "type": "Point", "coordinates": [ -49.3986223, -22.4134223 ] } },
{ "type": "Feature", "properties": { "id_comando": "CPI-4", "nome_comando": "4º Comando de Policiamento do Interior (CPI-4)", "nome_batalhao": "4º BPM/I", "tipo_batalhao": "Interior", "companhia": "5.CIA PM", "pelotao": "3.PEL PM", "cidade": "Duartina", "endereco": "AVENIDA SÃO PAULO, 0, CENTRO - Duartina", "latitude": -22.4133538, "longitude": -49.3981682, "fonte_geocodificacao": "Google Geocoding API", "opm_nome": "4.BPM/I - 3.PEL PM", "opm_descricao": "CPI-4 4.BPM/I 5.CIA PM 3.PEL PM", "opm_codigo": "604045300" }, "geometry": { "type": "Point", "coordinates": [ -49.3981682, -22.4133538 ] } },
{ "type": "Feature", "properties": { "id_comando": "CPI-4", "nome_comando": "4º Comando de Policiamento do Interior (CPI-4)", "nome_batalhao": "4º BPM/I", "tipo_batalhao": "Interior", "companhia": "5.CIA PM", "pelotao": "4.PEL PM", "cidade": "Agudos", "endereco": "AV CARVALHO PINTO, 2, CENTRO - Agudos", "latitude": -22.4677853, "longitude": -48.9894119, "fonte_geocodificacao": "Google Geocoding API", "opm_nome": "4.BPM/I 5.CIA PM 4.PEL PM", "opm_descricao": "CPI-4 4.BPM/I 5.CIA PM 4.PEL PM", "opm_codigo": "604045400" }, "geometry": { "type": "Point", "coordinates": [ -48.9894119, -22.4677853 ] } },
{ "type": "Feature", "properties": { "id_comando": "CPI-4", "nome_comando": "4º Comando de Policiamento do Interior (CPI-4)", "nome_batalhao": "4º BPM/I", "tipo_batalhao": "Interior", "companhia": "5.CIA PM", "pelotao": "ADM", "cidade": "Lencois Paulista", "endereco": "RUA RAPOSO TAVÁRES, 670, PARQUE ANTARTICA - Lencois Paulista", "latitude": -22.6066618, "longitude": -48.8087072, "fonte_geocodificacao": "Google Geocoding API", "opm_nome": "ADMINISTRACAO", "opm_descricao": "CPI-4 4.BPM/I 5.CIA PM ADM", "opm_codigo": "604045500" }, "geometry": { "type": "Point", "coordinates": [ -48.8087072, -22.6066618 ] } },
{ "type": "Feature", "properties": { "id_comando": "CPI-4", "nome_comando": "4º Comando de Policiamento do Interior (CPI-4)", "nome_batalhao": "4º BPM/I", "tipo_batalhao": "Interior", "companhia": "5.CIA PM", "pelotao": "CGP", "cidade": "Lencois Paulista", "endereco": "RUA RAPOSO TAVÁRES, 670  4ºBPM/I 5ª CIA PM, PARQUE ANTARTICA - Lencois Paulista", "latitude": -22.6066618, "longitude": -48.8087072, "fonte_geocodificacao": "Google Geocoding API", "opm_nome": "COMANDO GRUPO PATRULHA", "opm_descricao": "CPI-4 4.BPM/I 5.CIA PM CGP", "opm_codigo": "604045600" }, "geometry": { "type": "Point", "coordinates": [ -48.8087072, -22.6066618 ] } },
{ "type": "Feature", "properties": { "id_comando": "CPI-4", "nome_comando": "4º Comando de Policiamento do Interior (CPI-4)", "nome_batalhao": "4º BPM/I", "tipo_batalhao": "Interior", "companhia": "5.CIA PM", "pelotao": "PEL PM", "cidade": "Agudos", "endereco": "AV CLEOPHANO PITAGUARY X AV. CARVALHO PINTO, 2, CENTRO - Agudos", "latitude": -22.4655615, "longitude": -48.9881423, "fonte_geocodificacao": "Google Geocoding API", "opm_nome": "PELOTAO POLICIAL MILITAR", "opm_descricao": "CPI-4 4.BPM/I 5.CIA PM PEL PM", "opm_codigo": "604045200" }, "geometry": { "type": "Point", "coordinates": [ -48.9881423, -22.4655615 ] } },
{ "type": "Feature", "properties": { "id_comando": "CPI-4", "nome_comando": "4º Comando de Policiamento do Interior (CPI-4)", "nome_batalhao": "4º BPM/I", "tipo_batalhao": "Interior", "companhia": "6.CIA PM", "pelotao": "ADM", "cidade": "Pederneiras", "endereco": "AVENIDA BENJAMIM MONTEIRO, 697, Jardim Vista Alegre - Pederneiras", "latitude": -22.3503387, "longitude": -48.7782926, "fonte_geocodificacao": "Google Geocoding API", "opm_nome": "ADMINISTRACAO", "opm_descricao": "CPI-4 4.BPM/I 6.CIA PM ADM", "opm_codigo": "604046400" }, "geometry": { "type": "Point", "coordinates": [ -48.7782926, -22.3503387 ] } },
{ "type": "Feature", "properties": { "id_comando": "CPI-4", "nome_comando": "4º Comando de Policiamento do Interior (CPI-4)", "nome_batalhao": "4º BPM/I", "tipo_batalhao": "Interior", "companhia": "6.CIA PM", "pelotao": "CGP", "cidade": "Pederneiras", "endereco": "RUA BENJAMIN MONTEIRO, 697  4ºBPM/I 6ª CIA PM, CENTRO - Pederneiras", "latitude": -22.3533683, "longitude": -48.7832144, "fonte_geocodificacao": "Google Geocoding API", "opm_nome": "COMANDO GRUPO PATRULHA", "opm_descricao": "CPI-4 4.BPM/I 6.CIA PM CGP", "opm_codigo": "604046500" }, "geometry": { "type": "Point", "coordinates": [ -48.7832144, -22.3533683 ] } },
{ "type": "Feature", "properties": { "id_comando": "CPI-4", "nome_comando": "4º Comando de Policiamento do Interior (CPI-4)", "nome_batalhao": "4º BPM/I", "tipo_batalhao": "Interior", "companhia": "6.CIA PM", "pelotao": "PEL PM", "cidade": "Pederneiras", "endereco": "RUA BENJAMIN MONTEIRO, 697  LETRA O, CENTRO - Pederneiras", "latitude": -22.3503387, "longitude": -48.7782926, "fonte_geocodificacao": "Google Geocoding API", "opm_nome": "PELOTAO POLICIAL MILITAR", "opm_descricao": "CPI-4 4.BPM/I 6.CIA PM PEL PM", "opm_codigo": "604046100" }, "geometry": { "type": "Point", "coordinates": [ -48.7782926, -22.3503387 ] } },
{ "type": "Feature", "properties": { "id_comando": "CPI-4", "nome_comando": "4º Comando de Policiamento do Interior (CPI-4)", "nome_batalhao": "4º BPM/I", "tipo_batalhao": "Interior", "companhia": "CIA F TAT", "pelotao": "ADM", "cidade": "Bauru", "endereco": "AVENIDA ENGENHEIRO LUÍS EDMUNDO CARRIJO COUBE, 3165, JD COLONIAL - Bauru", "latitude": -22.3505644, "longitude": -49.0341516, "fonte_geocodificacao": "Google Geocoding API", "opm_nome": "ADMINISTRACAO", "opm_descricao": "CPI-4 4.BPM/I CIA F TAT ADM", "opm_codigo": "604047400" }, "geometry": { "type": "Point", "coordinates": [ -49.0341516, -22.3505644 ] } },
{ "type": "Feature", "properties": { "id_comando": "CPI-4", "nome_comando": "4º Comando de Policiamento do Interior (CPI-4)", "nome_batalhao": "4º BPM/I", "tipo_batalhao": "Interior", "companhia": "CIA F TAT", "pelotao": "PEL F TAT", "cidade": "Bauru", "endereco": "AVENIDA ENGENHEIRO LUÍS EDMUNDO CARRIJO COUBE, 3165, JD COLONIAL - Bauru", "latitude": -22.3505644, "longitude": -49.0341516, "fonte_geocodificacao": "Google Geocoding API", "opm_nome": "PELOTAO DE FORCA TATICA", "opm_descricao": "CPI-4 4.BPM/I CIA F TAT PEL F TAT", "opm_codigo": "604047100" }, "geometry": { "type": "Point", "coordinates": [ -49.0341516, -22.3505644 ] } },
{ "type": "Feature", "properties": { "id_comando": "CPI-4", "nome_comando": "4º Comando de Policiamento do Interior (CPI-4)", "nome_batalhao": "4º BPM/I", "tipo_batalhao": "Interior", "companhia": "EM", "pelotao": "DIV OP", "cidade": "Bauru", "endereco": "AVENIDA ENGENHEIRO LUÍS EDMUNDO CARRIJO COUBE, 3165, JD COLONIAL - Bauru", "latitude": -22.3505644, "longitude": -49.0341516, "fonte_geocodificacao": "Google Geocoding API", "opm_nome": "DIVISAO OPERACIONAL", "opm_descricao": "CPI-4 4.BPM/I EM DIV OP", "opm_codigo": "604048300" }, "geometry": { "type": "Point", "coordinates": [ -49.0341516, -22.3505644 ] } },
{ "type": "Feature", "properties": { "id_comando": "CPI-4", "nome_comando": "4º Comando de Policiamento do Interior (CPI-4)", "nome_batalhao": "4º BPM/I", "tipo_batalhao": "Interior", "companhia": "EM", "pelotao": "P/1 E P/5", "cidade": "Bauru", "endereco": "AVENIDA ENGENHEIRO LUÍS EDMUNDO CARRIJO COUBE, 3165, JD COLONIAL - Bauru", "latitude": -22.3505644, "longitude": -49.0341516, "fonte_geocodificacao": "Google Geocoding API", "opm_nome": "P/1 E P/5", "opm_descricao": "CPI-4 4.BPM/I EM P/1 E P/5", "opm_codigo": "604048100" }, "geometry": { "type": "Point", "coordinates": [ -49.0341516, -22.3505644 ] } },
{ "type": "Feature", "properties": { "id_comando": "CPI-4", "nome_comando": "4º Comando de Policiamento do Interior (CPI-4)", "nome_batalhao": "4º BPM/I", "tipo_batalhao": "Interior", "companhia": "EM", "pelotao": "P/2", "cidade": "Bauru", "endereco": "AVENIDA ENGENHEIRO LUÍS EDMUNDO CARRIJO COUBE, 3165, NUCLEO RES PRES GEISEL - Bauru", "latitude": -22.352465, "longitude": -49.0339359, "fonte_geocodificacao": "Google Geocoding API", "opm_nome": "P/2", "opm_descricao": "CPI-4 4.BPM/I EM P/2", "opm_codigo": "604048200" }, "geometry": { "type": "Point", "coordinates": [ -49.0339359, -22.352465 ] } },
{ "type": "Feature", "properties": { "id_comando": "CPI-4", "nome_comando": "4º Comando de Policiamento do Interior (CPI-4)", "nome_batalhao": "4º BPM/I", "tipo_batalhao": "Interior", "companhia": "EM", "pelotao": "P/3", "cidade": "Bauru", "endereco": "AVENIDA ENGENHEIRO LUÍS EDMUNDO CARRIJO COUBE, 3165, JD COLONIAL - Bauru", "latitude": -22.3505644, "longitude": -49.0341516, "fonte_geocodificacao": "Google Geocoding API", "opm_nome": "COMANDANTE DE FORCA PATRULHA", "opm_descricao": "CPI-4 4.BPM/I EM P/3 CFP", "opm_codigo": "604048310" }, "geometry": { "type": "Point", "coordinates": [ -49.0341516, -22.3505644 ] } },
{ "type": "Feature", "properties": { "id_comando": "CPI-4", "nome_comando": "4º Comando de Policiamento do Interior (CPI-4)", "nome_batalhao": "4º BPM/I", "tipo_batalhao": "Interior", "companhia": "EM", "pelotao": "P/4", "cidade": "Bauru", "endereco": "AVENIDA ENGENHEIRO LUÍS EDMUNDO CARRIJO COUBE, 3165, NUCLEO RES PRES GEISEL - Bauru", "latitude": -22.352465, "longitude": -49.0339359, "fonte_geocodificacao": "Google Geocoding API", "opm_nome": "P/4", "opm_descricao": "CPI-4 4.BPM/I EM P/4", "opm_codigo": "604048400" }, "geometry": { "type": "Point", "coordinates": [ -49.0339359, -22.352465 ] } },
{ "type": "Feature", "properties": { "id_comando": "CPI-4", "nome_comando": "4º Comando de Policiamento do Interior (CPI-4)", "nome_batalhao": "4º BPM/I", "tipo_batalhao": "Interior", "companhia": "EM", "pelotao": "P/5", "cidade": "Bauru", "endereco": "AVENIDA ENGENHEIRO LUÍS EDMUNDO CARRIJO COUBE, 3165, JD COLONIAL - Bauru", "latitude": -22.3505644, "longitude": -49.0341516, "fonte_geocodificacao": "Google Geocoding API", "opm_nome": "4.BPM/I - P/5", "opm_descricao": "CPI-4 4.BPM/I EM P/5", "opm_codigo": "604048500" }, "geometry": { "type": "Point", "coordinates": [ -49.0341516, -22.3505644 ] } },
{ "type": "Feature", "properties": { "id_comando": "CPI-4", "nome_comando": "4º Comando de Policiamento do Interior (CPI-4)", "nome_batalhao": "4º BPM/I", "tipo_batalhao": "Interior", "companhia": "EM", "pelotao": "SEC PJMD", "cidade": "Bauru", "endereco": "AVENIDA ENGENHEIRO LUÍS EDMUNDO CARRIJO COUBE, 3165, NUCLEO RES PRES GEISEL - Bauru", "latitude": -22.352465, "longitude": -49.0339359, "fonte_geocodificacao": "Google Geocoding API", "opm_nome": "SECAO DE POLICIA JUDICIARIA MILITAR E DISCIPLINAR", "opm_descricao": "CPI-4 4.BPM/I EM SEC PJMD", "opm_codigo": "604048600" }, "geometry": { "type": "Point", "coordinates": [ -49.0339359, -22.352465 ] } },
{ "type": "Feature", "properties": { "id_comando": "CPA/M-5", "nome_comando": "5º Comando de Policiamento de Área Metropolitana (CPA/M-5)", "nome_batalhao": "4º BPM/M", "tipo_batalhao": "Metropolitano", "companhia": "1.CIA PM", "pelotao": "TERRITORIAL", "cidade": "Sao Paulo", "endereco": "RUA VESPASIANO, 807, LAPA - Sao Paulo", "latitude": -23.5299418, "longitude": -46.695353, "fonte_geocodificacao": "Google Geocoding API", "opm_nome": "1.COMPANHIA DE POLICIA MILITAR", "opm_descricao": "CPA/M-5 4.BPM/M 1.CIA PM TERRITORIAL", "opm_codigo": "505041000" }, "geometry": { "type": "Point", "coordinates": [ -46.695353, -23.5299418 ] } },
{ "type": "Feature", "properties": { "id_comando": "CPA/M-5", "nome_comando": "5º Comando de Policiamento de Área Metropolitana (CPA/M-5)", "nome_batalhao": "4º BPM/M", "tipo_batalhao": "Metropolitano", "companhia": "2.CIA PM", "pelotao": "TERRITORIAL", "cidade": "Sao Paulo", "endereco": "RUA PASSO DA PATRIA, 2101  2ª CIA, VILA LEOPOLDINA - Sao Paulo", "latitude": -23.5226279, "longitude": -46.732645, "fonte_geocodificacao": "Google Geocoding API", "opm_nome": "2.COMPANHIA DE POLICIA MILITAR", "opm_descricao": "CPA/M-5 4.BPM/M 2.CIA PM TERRITORIAL", "opm_codigo": "505042000" }, "geometry": { "type": "Point", "coordinates": [ -46.732645, -23.5226279 ] } },
{ "type": "Feature", "properties": { "id_comando": "CPA/M-5", "nome_comando": "5º Comando de Policiamento de Área Metropolitana (CPA/M-5)", "nome_batalhao": "4º BPM/M", "tipo_batalhao": "Metropolitano", "companhia": "3.CIA PM", "pelotao": "TERRITORIAL", "cidade": "Sao Paulo", "endereco": "RUA ITAPICURU, 80, PERDIZES - Sao Paulo", "latitude": -23.5369372, "longitude": -46.6652532, "fonte_geocodificacao": "Google Geocoding API", "opm_nome": "3.COMPANHIA DE POLICIA MILITAR", "opm_descricao": "CPA/M-5 4.BPM/M 3.CIA PM TERRITORIAL", "opm_codigo": "505043000" }, "geometry": { "type": "Point", "coordinates": [ -46.6652532, -23.5369372 ] } },
{ "type": "Feature", "properties": { "id_comando": "CPI-7", "nome_comando": "7º Comando de Policiamento do Interior (CPI-7)", "nome_batalhao": "40º BPM/I", "tipo_batalhao": "Interior", "companhia": "0", "pelotao": "PEL F TAT - CAN", "cidade": "Votorantim", "endereco": "RUA GUILHERMINA GLÓRIA MONTEIRO RAMOS, 41, JARDIM ICATU - Votorantim", "latitude": -23.5409571, "longitude": -47.4537448, "fonte_geocodificacao": "Google Geocoding API", "opm_nome": "40.BPM/I  PEL F TAT - CAN", "opm_descricao": "CPI-7 40.BPM/I 0 PEL F TAT - CAN 0", "opm_codigo": "607400100" }, "geometry": { "type": "Point", "coordinates": [ -47.4537448, -23.5409571 ] } },
{ "type": "Feature", "properties": { "id_comando": "CPI-7", "nome_comando": "7º Comando de Policiamento do Interior (CPI-7)", "nome_batalhao": "40º BPM/I", "tipo_batalhao": "Interior", "companhia": "1.CIA PM", "pelotao": "ADMINISTRACAO", "cidade": "Votorantim", "endereco": "RUA GUILHERMINA GLÓRIA MONTEIRO RAMOS, 41, JARDIM ICATU - Votorantim", "latitude": -23.5409571, "longitude": -47.4537448, "fonte_geocodificacao": "Google Geocoding API", "opm_nome": "ADMINISTRACAO", "opm_descricao": "CPI-7 40.BPM/I 1.CIA PM ADMINISTRACAO", "opm_codigo": "607401010" }, "geometry": { "type": "Point", "coordinates": [ -47.4537448, -23.5409571 ] } },
{ "type": "Feature", "properties": { "id_comando": "CPI-7", "nome_comando": "7º Comando de Policiamento do Interior (CPI-7)", "nome_batalhao": "40º BPM/I", "tipo_batalhao": "Interior", "companhia": "1.CIA PM", "pelotao": "PEL FT/CANIL", "cidade": "Votorantim", "endereco": "RUA GUILHERMINA GLÓRIA MONTEIRO RAMOS, 41, JARDIM ICATU - Votorantim", "latitude": -23.5409571, "longitude": -47.4537448, "fonte_geocodificacao": "Google Geocoding API", "opm_nome": "40.BPM/I FT CANIL", "opm_descricao": "CPI-7 40.BPM/I 1.CIA PM PEL FT/CANIL", "opm_codigo": "607401100" }, "geometry": { "type": "Point", "coordinates": [ -47.4537448, -23.5409571 ] } },
{ "type": "Feature", "properties": { "id_comando": "CPI-7", "nome_comando": "7º Comando de Policiamento do Interior (CPI-7)", "nome_batalhao": "40º BPM/I", "tipo_batalhao": "Interior", "companhia": "2.CIA PM", "pelotao": "0", "cidade": "Tapirai", "endereco": "RUA RAUL LEITE MAGALHÃES, 606, CENTRO - Tapirai", "latitude": -23.962819, "longitude": -47.5087882, "fonte_geocodificacao": "Google Geocoding API", "opm_nome": "GRUPO POLICIAL MILITAR", "opm_descricao": "CPI-7 40.BPM/I 2.CIA PM 0 GP/PM", "opm_codigo": "607402001" }, "geometry": { "type": "Point", "coordinates": [ -47.5087882, -23.962819 ] } },
{ "type": "Feature", "properties": { "id_comando": "CPI-7", "nome_comando": "7º Comando de Policiamento do Interior (CPI-7)", "nome_batalhao": "40º BPM/I", "tipo_batalhao": "Interior", "companhia": "2.CIA PM", "pelotao": "1.PEL PM", "cidade": "Piedade", "endereco": "RUA ANTONIO LEITE DE OLIVEIRA, 151, CENTRO - Piedade", "latitude": -23.7077239, "longitude": -47.4245252, "fonte_geocodificacao": "Google Geocoding API", "opm_nome": "40.BPM/I 2.CIA PM 1.PEL PM", "opm_descricao": "CPI-7 40.BPM/I 2.CIA PM 1.PEL PM", "opm_codigo": "607402100" }, "geometry": { "type": "Point", "coordinates": [ -47.4245252, -23.7077239 ] } },
{ "type": "Feature", "properties": { "id_comando": "CPI-7", "nome_comando": "7º Comando de Policiamento do Interior (CPI-7)", "nome_batalhao": "40º BPM/I", "tipo_batalhao": "Interior", "companhia": "2.CIA PM", "pelotao": "ADMINISTRACAO", "cidade": "Ibiuna", "endereco": "ADILSON DA SILVA, 190, CENTRO - Ibiuna", "latitude": -23.665729, "longitude": -47.2267525, "fonte_geocodificacao": "Google Geocoding API", "opm_nome": "ADMINISTRACAO", "opm_descricao": "CPI-7 40.BPM/I 2.CIA PM ADMINISTRACAO", "opm_codigo": "607402600" }, "geometry": { "type": "Point", "coordinates": [ -47.2267525, -23.665729 ] } },
{ "type": "Feature", "properties": { "id_comando": "CPI-7", "nome_comando": "7º Comando de Policiamento do Interior (CPI-7)", "nome_batalhao": "40º BPM/I", "tipo_batalhao": "Interior", "companhia": "2.CIA PM", "pelotao": "PEL PM", "cidade": "Piedade", "endereco": "Rodovia  Antônio Leite de Oliveira, 215, Paulas e Mendes - Piedade", "latitude": -23.7071453, "longitude": -47.4260229, "fonte_geocodificacao": "Google Geocoding API", "opm_nome": "PELOTAO POLICIAL MILITAR", "opm_descricao": "CPI-7 40.BPM/I 2.CIA PM PEL PM", "opm_codigo": "607402300" }, "geometry": { "type": "Point", "coordinates": [ -47.4260229, -23.7071453 ] } },
{ "type": "Feature", "properties": { "id_comando": "CPI-7", "nome_comando": "7º Comando de Policiamento do Interior (CPI-7)", "nome_batalhao": "40º BPM/I", "tipo_batalhao": "Interior", "companhia": "3.CIA PM", "pelotao": "1.PEL PM", "cidade": "Aracoiaba Da Serra", "endereco": "RUA PADRE GASPAR A. MALHEIROS, 93, CENTRO - Aracoiaba Da Serra", "latitude": -23.5061235, "longitude": -47.6146156, "fonte_geocodificacao": "Google Geocoding API", "opm_nome": "1. PELOTAO POLICIAL MILITAR", "opm_descricao": "CPI-7 40.BPM/I 3.CIA PM 1.PEL PM", "opm_codigo": "607403100" }, "geometry": { "type": "Point", "coordinates": [ -47.6146156, -23.5061235 ] } },
{ "type": "Feature", "properties": { "id_comando": "CPI-7", "nome_comando": "7º Comando de Policiamento do Interior (CPI-7)", "nome_batalhao": "40º BPM/I", "tipo_batalhao": "Interior", "companhia": "3.CIA PM", "pelotao": "2.PEL PM", "cidade": "Pilar Do Sul", "endereco": "Rua ORLANDO DE ALMEIDA SALES, 316, CAMPO GRANDE - Pilar Do Sul", "latitude": -23.8134171, "longitude": -47.720304, "fonte_geocodificacao": "Google Geocoding API", "opm_nome": "2. PELOTAO  POLICIAL MILITAR", "opm_descricao": "CPI-7 40.BPM/I 3.CIA PM 2.PEL PM", "opm_codigo": "607403200" }, "geometry": { "type": "Point", "coordinates": [ -47.720304, -23.8134171 ] } },
{ "type": "Feature", "properties": { "id_comando": "CPI-7", "nome_comando": "7º Comando de Policiamento do Interior (CPI-7)", "nome_batalhao": "40º BPM/I", "tipo_batalhao": "Interior", "companhia": "3.CIA PM", "pelotao": "3.PEL PM", "cidade": "Ipero", "endereco": "RUA DOS MOREIRAS, 6, CENTRO - Ipero", "latitude": -23.3523752, "longitude": -47.6876444, "fonte_geocodificacao": "Google Geocoding API", "opm_nome": "3. PELOTAO POLICIAL MILITAR", "opm_descricao": "CPI-7 40.BPM/I 3.CIA PM 3.PEL PM", "opm_codigo": "607403300" }, "geometry": { "type": "Point", "coordinates": [ -47.6876444, -23.3523752 ] } },
{ "type": "Feature", "properties": { "id_comando": "CPI-7", "nome_comando": "7º Comando de Policiamento do Interior (CPI-7)", "nome_batalhao": "40º BPM/I", "tipo_batalhao": "Interior", "companhia": "3.CIA PM", "pelotao": "4.PEL PM", "cidade": "Ipero", "endereco": "RUA DOS MOREIRAS, 6, CENTRO - Ipero", "latitude": -23.3523752, "longitude": -47.6876444, "fonte_geocodificacao": "Google Geocoding API", "opm_nome": "40.BPM/I 3.CIA PM 4.PEL PM", "opm_descricao": "CPI-7 40.BPM/I 3.CIA PM 4.PEL PM", "opm_codigo": "607403400" }, "geometry": { "type": "Point", "coordinates": [ -47.6876444, -23.3523752 ] } },
{ "type": "Feature", "properties": { "id_comando": "CPI-7", "nome_comando": "7º Comando de Policiamento do Interior (CPI-7)", "nome_batalhao": "40º BPM/I", "tipo_batalhao": "Interior", "companhia": "3.CIA PM", "pelotao": "ADMINISTRACAO", "cidade": "Salto De Pirapora", "endereco": "miguel haddad, 93, CENTRO - Salto De Pirapora", "latitude": -23.6465182, "longitude": -47.5705615, "fonte_geocodificacao": "Google Geocoding API", "opm_nome": "ADMINISTRACAO", "opm_descricao": "CPI-7 40.BPM/I 3.CIA PM ADMINISTRACAO", "opm_codigo": "607403600" }, "geometry": { "type": "Point", "coordinates": [ -47.5705615, -23.6465182 ] } },
{ "type": "Feature", "properties": { "id_comando": "CPI-7", "nome_comando": "7º Comando de Policiamento do Interior (CPI-7)", "nome_batalhao": "40º BPM/I", "tipo_batalhao": "Interior", "companhia": "EM", "pelotao": "DIV OP", "cidade": "Votorantim", "endereco": "RUA GUILHERMINA GLÓRIA MONTEIRO RAMOS, 41, JARDIM ICATU - Votorantim", "latitude": -23.5409571, "longitude": -47.4537448, "fonte_geocodificacao": "Google Geocoding API", "opm_nome": "DIVISAO OPERACIONAL", "opm_descricao": "CPI-7 40.BPM/I EM DIV OP", "opm_codigo": "607408300" }, "geometry": { "type": "Point", "coordinates": [ -47.4537448, -23.5409571 ] } },
{ "type": "Feature", "properties": { "id_comando": "CPI-7", "nome_comando": "7º Comando de Policiamento do Interior (CPI-7)", "nome_batalhao": "40º BPM/I", "tipo_batalhao": "Interior", "companhia": "EM", "pelotao": "MOTOMEC", "cidade": "Votorantim", "endereco": "RUA GUILHERMINA DA GLÓRIA MONTEIRO RAMOS, 41, JARDIM ICATU - Votorantim", "latitude": -23.5409571, "longitude": -47.4537448, "fonte_geocodificacao": "Google Geocoding API", "opm_nome": "40.BPM/I MOTOMEC", "opm_descricao": "CPI-7 40.BPM/I EM MOTOMEC", "opm_codigo": "607408700" }, "geometry": { "type": "Point", "coordinates": [ -47.4537448, -23.5409571 ] } },
{ "type": "Feature", "properties": { "id_comando": "CPI-7", "nome_comando": "7º Comando de Policiamento do Interior (CPI-7)", "nome_batalhao": "40º BPM/I", "tipo_batalhao": "Interior", "companhia": "EM", "pelotao": "P/1 P/5", "cidade": "Votorantim", "endereco": "RUA GUILHERMINA GLÓRIA MONTEIRO RAMOS/ VOTORANTIM, 41, JARDIM ICATU - Votorantim", "latitude": -23.5409571, "longitude": -47.4537448, "fonte_geocodificacao": "Google Geocoding API", "opm_nome": "P/1 E P/5", "opm_descricao": "CPI-7 40.BPM/I EM P/1 P/5", "opm_codigo": "607408100" }, "geometry": { "type": "Point", "coordinates": [ -47.4537448, -23.5409571 ] } },
{ "type": "Feature", "properties": { "id_comando": "CPI-7", "nome_comando": "7º Comando de Policiamento do Interior (CPI-7)", "nome_batalhao": "40º BPM/I", "tipo_batalhao": "Interior", "companhia": "EM", "pelotao": "P/2", "cidade": "Votorantim", "endereco": "RUA GUILHERMINA GLÓRIA MONTEIRO RAMOS/ VOTORANTIM, 41, JARDIM ICATU - Votorantim", "latitude": -23.5409571, "longitude": -47.4537448, "fonte_geocodificacao": "Google Geocoding API", "opm_nome": "P/2", "opm_descricao": "CPI-7 40.BPM/I EM P/2", "opm_codigo": "607408200" }, "geometry": { "type": "Point", "coordinates": [ -47.4537448, -23.5409571 ] } },
{ "type": "Feature", "properties": { "id_comando": "CPI-7", "nome_comando": "7º Comando de Policiamento do Interior (CPI-7)", "nome_batalhao": "40º BPM/I", "tipo_batalhao": "Interior", "companhia": "EM", "pelotao": "P/3", "cidade": "Votorantim", "endereco": "RUA GUILHERMINA GLÓRIA MONTEIRO RAMOS, 41, JARDIM ICATU - Votorantim", "latitude": -23.5409571, "longitude": -47.4537448, "fonte_geocodificacao": "Google Geocoding API", "opm_nome": "COMANDO FORCA PATRULHA", "opm_descricao": "CPI-7 40.BPM/I EM P/3 CFP", "opm_codigo": "607408310" }, "geometry": { "type": "Point", "coordinates": [ -47.4537448, -23.5409571 ] } },
{ "type": "Feature", "properties": { "id_comando": "CPI-7", "nome_comando": "7º Comando de Policiamento do Interior (CPI-7)", "nome_batalhao": "40º BPM/I", "tipo_batalhao": "Interior", "companhia": "EM", "pelotao": "P/4 MOTOMEC", "cidade": "Votorantim", "endereco": "RUA GUILHERMINA DA GLÓRIA MONTEIRO RAMOS, 41, JARDIM ICATU - Votorantim", "latitude": -23.5409571, "longitude": -47.4537448, "fonte_geocodificacao": "Google Geocoding API", "opm_nome": "P/4 E MOTOMECANIZAÇÃO", "opm_descricao": "CPI-7 40.BPM/I EM P/4 MOTOMEC", "opm_codigo": "607408400" }, "geometry": { "type": "Point", "coordinates": [ -47.4537448, -23.5409571 ] } },
{ "type": "Feature", "properties": { "id_comando": "CPI-7", "nome_comando": "7º Comando de Policiamento do Interior (CPI-7)", "nome_batalhao": "40º BPM/I", "tipo_batalhao": "Interior", "companhia": "EM", "pelotao": "P/5", "cidade": "Votorantim", "endereco": "RUA GUILHERMINA DA GLÓRIA MONTEIRO RAMOS, 41, JARDIM ICATU - Votorantim", "latitude": -23.5409571, "longitude": -47.4537448, "fonte_geocodificacao": "Google Geocoding API", "opm_nome": "40.BPM/I  P/5", "opm_descricao": "CPI-7 40.BPM/I EM P/5", "opm_codigo": "607408500" }, "geometry": { "type": "Point", "coordinates": [ -47.4537448, -23.5409571 ] } },
{ "type": "Feature", "properties": { "id_comando": "CPI-7", "nome_comando": "7º Comando de Policiamento do Interior (CPI-7)", "nome_batalhao": "40º BPM/I", "tipo_batalhao": "Interior", "companhia": "EM", "pelotao": "SEC PJMD", "cidade": "Votorantim", "endereco": "RUA GUILHERMINA DA GLÓRIA MONTEIRO RAMOS, 41, JARDIM ICATU - Votorantim", "latitude": -23.5409571, "longitude": -47.4537448, "fonte_geocodificacao": "Google Geocoding API", "opm_nome": "SECAO POLICIA JUDICIARIA MILITAR E DISCIPLINA", "opm_descricao": "CPI-7 40.BPM/I EM SEC PJMD", "opm_codigo": "607408600" }, "geometry": { "type": "Point", "coordinates": [ -47.4537448, -23.5409571 ] } },
{ "type": "Feature", "properties": { "id_comando": "CPI-7", "nome_comando": "7º Comando de Policiamento do Interior (CPI-7)", "nome_batalhao": "40º BPM/I", "tipo_batalhao": "Interior", "companhia": "EM", "pelotao": "UIS", "cidade": "Votorantim", "endereco": "RUA GUILHERMINA GLÓRIA MONTEIRO RAMOS, 41, JARDIM ICATU - Votorantim", "latitude": -23.5409571, "longitude": -47.4537448, "fonte_geocodificacao": "Google Geocoding API", "opm_nome": "UNIDADE INTEGRADA DE SAUDE", "opm_descricao": "CPI-7 40.BPM/I EM UIS", "opm_codigo": "607408010" }, "geometry": { "type": "Point", "coordinates": [ -47.4537448, -23.5409571 ] } },
{ "type": "Feature", "properties": { "id_comando": "CPI-7", "nome_comando": "7º Comando de Policiamento do Interior (CPI-7)", "nome_batalhao": "40º BPM/I", "tipo_batalhao": "Interior", "companhia": "UIS MEDICA", "pelotao": "0", "cidade": "Votorantim", "endereco": "RUA GUILHERMINA DA GLÓRIA MONTEIRO RAMOS, 41, JARDIM ICATU - Votorantim", "latitude": -23.5409571, "longitude": -47.4537448, "fonte_geocodificacao": "Google Geocoding API", "opm_nome": "40.BPM/I UIS MEDICA", "opm_descricao": "CPI-7 40.BPM/I UIS MEDICA 0 0", "opm_codigo": "607408800" }, "geometry": { "type": "Point", "coordinates": [ -47.4537448, -23.5409571 ] } },
{ "type": "Feature", "properties": { "id_comando": "CPI-7", "nome_comando": "7º Comando de Policiamento do Interior (CPI-7)", "nome_batalhao": "40º BPM/I", "tipo_batalhao": "Interior", "companhia": "UIS ODONTO", "pelotao": "0", "cidade": "Votorantim", "endereco": "RUA GUILHERMINA DA GLÓRIA MONTEIRO RAMOS, 41, JARDIM ICATU - Votorantim", "latitude": -23.5409571, "longitude": -47.4537448, "fonte_geocodificacao": "Google Geocoding API", "opm_nome": "40.BPM/I UIS ODONTO", "opm_descricao": "CPI-7 40.BPM/I UIS ODONTO 0 0", "opm_codigo": "607408900" }, "geometry": { "type": "Point", "coordinates": [ -47.4537448, -23.5409571 ] } },
{ "type": "Feature", "properties": { "id_comando": "CPI-1", "nome_comando": "1º Comando de Policiamento do Interior (CPI-1)", "nome_batalhao": "41º BPM/I", "tipo_batalhao": "Interior", "companhia": "", "pelotao": "PEL F TAT", "cidade": "Jacarei", "endereco": "AVENIDA GETULIO DORNELES VARGAS, 530, JARDIM PRIMAVERA - Jacarei", "latitude": -23.2846567, "longitude": -45.9524386, "fonte_geocodificacao": "Google Geocoding API", "opm_nome": "41.BPM/I  PEL F TAT", "opm_descricao": "CPI-1 41.BPM/I PEL F TAT", "opm_codigo": "601410100" }, "geometry": { "type": "Point", "coordinates": [ -45.9524386, -23.2846567 ] } },
{ "type": "Feature", "properties": { "id_comando": "CPI-1", "nome_comando": "1º Comando de Policiamento do Interior (CPI-1)", "nome_batalhao": "41º BPM/I", "tipo_batalhao": "Interior", "companhia": "1.CIA PM", "pelotao": "1.PEL PM", "cidade": "Jacarei", "endereco": "RUA DOM PEDRO II, 290, JARDIM LEONIDIA - Jacarei", "latitude": -23.3032629, "longitude": -45.976904, "fonte_geocodificacao": "Google Geocoding API", "opm_nome": "41.BPM/I 1.CIA PM 1.PEL PM", "opm_descricao": "CPI-1 41.BPM/I 1.CIA PM 1.PEL PM", "opm_codigo": "601411100" }, "geometry": { "type": "Point", "coordinates": [ -45.976904, -23.3032629 ] } },
{ "type": "Feature", "properties": { "id_comando": "CPI-1", "nome_comando": "1º Comando de Policiamento do Interior (CPI-1)", "nome_batalhao": "41º BPM/I", "tipo_batalhao": "Interior", "companhia": "1.CIA PM", "pelotao": "2.PEL PM", "cidade": "Jacarei", "endereco": "RUA DOM PEDRO II, 290, JARDIM LEONIDIA - Jacarei", "latitude": -23.3032629, "longitude": -45.976904, "fonte_geocodificacao": "Google Geocoding API", "opm_nome": "41.BPM/I 1.CIA PM 2.PEL PM", "opm_descricao": "CPI-1 41.BPM/I 1.CIA PM 2.PEL PM", "opm_codigo": "601411200" }, "geometry": { "type": "Point", "coordinates": [ -45.976904, -23.3032629 ] } },
{ "type": "Feature", "properties": { "id_comando": "CPI-1", "nome_comando": "1º Comando de Policiamento do Interior (CPI-1)", "nome_batalhao": "41º BPM/I", "tipo_batalhao": "Interior", "companhia": "1.CIA PM", "pelotao": "ADM", "cidade": "Jacarei", "endereco": "RUA DOM PEDRO II, 290, VILA DENISE - Jacarei", "latitude": -23.3032629, "longitude": -45.976904, "fonte_geocodificacao": "Google Geocoding API", "opm_nome": "ADMINISTRACAO", "opm_descricao": "CPI-1 41.BPM/I 1.CIA PM ADM 0", "opm_codigo": "601411500" }, "geometry": { "type": "Point", "coordinates": [ -45.976904, -23.3032629 ] } },
{ "type": "Feature", "properties": { "id_comando": "CPI-1", "nome_comando": "1º Comando de Policiamento do Interior (CPI-1)", "nome_batalhao": "41º BPM/I", "tipo_batalhao": "Interior", "companhia": "2.CIA PM", "pelotao": "4.PEL PM", "cidade": "Jacarei", "endereco": "PRAÇA RAUL CHAVES, 95, CENTRO - Jacarei", "latitude": -23.3046779, "longitude": -45.9668634, "fonte_geocodificacao": "Google Geocoding API", "opm_nome": "41.BPM/I 2.CIA PM 4.PEL PM", "opm_descricao": "CPI-1 41.BPM/I 2.CIA PM 4.PEL PM", "opm_codigo": "601412400" }, "geometry": { "type": "Point", "coordinates": [ -45.9668634, -23.3046779 ] } },
{ "type": "Feature", "properties": { "id_comando": "CPI-1", "nome_comando": "1º Comando de Policiamento do Interior (CPI-1)", "nome_batalhao": "41º BPM/I", "tipo_batalhao": "Interior", "companhia": "2.CIA PM", "pelotao": "ADM", "cidade": "Jacarei", "endereco": "PRAÇA RAUL CHAVES, 95, VILA DENISE - Jacarei", "latitude": -23.3046779, "longitude": -45.9668634, "fonte_geocodificacao": "Google Geocoding API", "opm_nome": "ADMINISTRACAO", "opm_descricao": "CPI-1 41.BPM/I 2.CIA PM ADM 0", "opm_codigo": "601412600" }, "geometry": { "type": "Point", "coordinates": [ -45.9668634, -23.3046779 ] } },
{ "type": "Feature", "properties": { "id_comando": "CPI-1", "nome_comando": "1º Comando de Policiamento do Interior (CPI-1)", "nome_batalhao": "41º BPM/I", "tipo_batalhao": "Interior", "companhia": "CIA FT", "pelotao": "1.PEL FT", "cidade": "Jacarei", "endereco": "AVENIDA FARIA LIMA, 241, CHACARA RURAIS STA MARIA - Jacarei", "latitude": -23.2946016, "longitude": -45.9664301, "fonte_geocodificacao": "Google Geocoding API", "opm_nome": "1. PELOTAO DE FORCA TATICA", "opm_descricao": "CPI-1 41.BPM/I CIA FT 1.PEL FT", "opm_codigo": "601415100" }, "geometry": { "type": "Point", "coordinates": [ -45.9664301, -23.2946016 ] } },
{ "type": "Feature", "properties": { "id_comando": "CPI-1", "nome_comando": "1º Comando de Policiamento do Interior (CPI-1)", "nome_batalhao": "41º BPM/I", "tipo_batalhao": "Interior", "companhia": "CIA FT", "pelotao": "2.PEL FT", "cidade": "Jacarei", "endereco": "AVENIDA FARIA LIMA, 241, CHACARA RURAIS STA MARIA - Jacarei", "latitude": -23.2946016, "longitude": -45.9664301, "fonte_geocodificacao": "Google Geocoding API", "opm_nome": "2. PELOTAO DE FORCA TATICA", "opm_descricao": "CPI-1 41.BPM/I CIA FT 2.PEL FT", "opm_codigo": "601415200" }, "geometry": { "type": "Point", "coordinates": [ -45.9664301, -23.2946016 ] } },
{ "type": "Feature", "properties": { "id_comando": "CPI-1", "nome_comando": "1º Comando de Policiamento do Interior (CPI-1)", "nome_batalhao": "41º BPM/I", "tipo_batalhao": "Interior", "companhia": "CIA FT", "pelotao": "ADM", "cidade": "Jacarei", "endereco": "AVENIDA FARIA LIMA, 241, CHACARA RURAIS STA MARIA - Jacarei", "latitude": -23.2946016, "longitude": -45.9664301, "fonte_geocodificacao": "Google Geocoding API", "opm_nome": "ADMINISTRACAO", "opm_descricao": "CPI-1 41.BPM/I CIA FT ADM", "opm_codigo": "601415600" }, "geometry": { "type": "Point", "coordinates": [ -45.9664301, -23.2946016 ] } },
{ "type": "Feature", "properties": { "id_comando": "CPI-1", "nome_comando": "1º Comando de Policiamento do Interior (CPI-1)", "nome_batalhao": "41º BPM/I", "tipo_batalhao": "Interior", "companhia": "EM", "pelotao": "AG AREA", "cidade": "Jacarei", "endereco": "AVENIDA FARIA LIMA, 241, CHACARA RURAIS STA MARIA - Jacarei", "latitude": -23.2946016, "longitude": -45.9664301, "fonte_geocodificacao": "Google Geocoding API", "opm_nome": "AGENCIA DE AREA", "opm_descricao": "CPI-1 41.BPM/I EM AG AREA 0", "opm_codigo": "601418200" }, "geometry": { "type": "Point", "coordinates": [ -45.9664301, -23.2946016 ] } },
{ "type": "Feature", "properties": { "id_comando": "CPI-1", "nome_comando": "1º Comando de Policiamento do Interior (CPI-1)", "nome_batalhao": "41º BPM/I", "tipo_batalhao": "Interior", "companhia": "EM", "pelotao": "P/1 E P/5", "cidade": "Jacarei", "endereco": "AVENIDA FARIA LIMA, 225  nº 225/241, CHACARA RURAIS STA MARIA - Jacarei", "latitude": -23.29461, "longitude": -45.9666645, "fonte_geocodificacao": "Google Geocoding API", "opm_nome": "P/1 E P/5", "opm_descricao": "CPI-1 41.BPM/I EM P/1 E P/5 0", "opm_codigo": "601418100" }, "geometry": { "type": "Point", "coordinates": [ -45.9666645, -23.29461 ] } },
{ "type": "Feature", "properties": { "id_comando": "CPI-1", "nome_comando": "1º Comando de Policiamento do Interior (CPI-1)", "nome_batalhao": "41º BPM/I", "tipo_batalhao": "Interior", "companhia": "EM", "pelotao": "P/3", "cidade": "Jacarei", "endereco": "AVENIDA GETULIO DORNELES VARGAS, 530, JARDIM PRIMAVERA - Jacarei", "latitude": -23.2846567, "longitude": -45.9524386, "fonte_geocodificacao": "Google Geocoding API", "opm_nome": "P/3", "opm_descricao": "CPI-1 41.BPM/I EM P/3", "opm_codigo": "601418300" }, "geometry": { "type": "Point", "coordinates": [ -45.9524386, -23.2846567 ] } },
{ "type": "Feature", "properties": { "id_comando": "CPI-1", "nome_comando": "1º Comando de Policiamento do Interior (CPI-1)", "nome_batalhao": "41º BPM/I", "tipo_batalhao": "Interior", "companhia": "EM", "pelotao": "P/4", "cidade": "Jacarei", "endereco": "AVENIDA GETULIO DORNELES VARGAS, 530, JARDIM PRIMAVERA - Jacarei", "latitude": -23.2846567, "longitude": -45.9524386, "fonte_geocodificacao": "Google Geocoding API", "opm_nome": "P/4", "opm_descricao": "CPI-1 41.BPM/I EM P/4 0", "opm_codigo": "601418400" }, "geometry": { "type": "Point", "coordinates": [ -45.9524386, -23.2846567 ] } },
{ "type": "Feature", "properties": { "id_comando": "CPI-1", "nome_comando": "1º Comando de Policiamento do Interior (CPI-1)", "nome_batalhao": "41º BPM/I", "tipo_batalhao": "Interior", "companhia": "EM", "pelotao": "P/5", "cidade": "Jacarei", "endereco": "AVENIDA GETULIO DORNELES VARGAS, 530, JARDIM PRIMAVERA - Jacarei", "latitude": -23.2846567, "longitude": -45.9524386, "fonte_geocodificacao": "Google Geocoding API", "opm_nome": "41.BPM/I - P/5", "opm_descricao": "CPI-1 41.BPM/I EM P/5", "opm_codigo": "601418500" }, "geometry": { "type": "Point", "coordinates": [ -45.9524386, -23.2846567 ] } },
{ "type": "Feature", "properties": { "id_comando": "CPI-1", "nome_comando": "1º Comando de Policiamento do Interior (CPI-1)", "nome_batalhao": "41º BPM/I", "tipo_batalhao": "Interior", "companhia": "EM", "pelotao": "ST PJMD", "cidade": "Jacarei", "endereco": "AVENIDA GETULIO DORNELES VARGAS, 530, JARDIM PRIMAVERA - Jacarei", "latitude": -23.2846567, "longitude": -45.9524386, "fonte_geocodificacao": "Google Geocoding API", "opm_nome": "SETOR POLICIA JUDICIARIA MILITAR E DISCIPINAR", "opm_descricao": "CPI-1 41.BPM/I EM ST PJMD 0", "opm_codigo": "601418600" }, "geometry": { "type": "Point", "coordinates": [ -45.9524386, -23.2846567 ] } },
{ "type": "Feature", "properties": { "id_comando": "CPI-8", "nome_comando": "8º Comando de Policiamento do Interior (CPI-8)", "nome_batalhao": "42º BPM/I", "tipo_batalhao": "Interior", "companhia": "1.CIA PM", "pelotao": "1.PEL PM", "cidade": "Santo Anastacio", "endereco": "RUA PADRE ANTÔNIO VELASCO ARAGON, 670, RURAL - Santo Anastacio", "latitude": -21.9766631, "longitude": -51.6533162, "fonte_geocodificacao": "Google Geocoding API", "opm_nome": "42.BPM/I 1.CIA PM 1.PEL PM", "opm_descricao": "CPI-8 42.BPM/I 1.CIA PM 1.PEL PM", "opm_codigo": "608421100" }, "geometry": { "type": "Point", "coordinates": [ -51.653316200000013, -21.9766631 ] } },
{ "type": "Feature", "properties": { "id_comando": "CPI-8", "nome_comando": "8º Comando de Policiamento do Interior (CPI-8)", "nome_batalhao": "42º BPM/I", "tipo_batalhao": "Interior", "companhia": "1.CIA PM", "pelotao": "2.PEL PM", "cidade": "Presidente Venceslau", "endereco": "ACESSO RODOVIA RAPOSO TAVÁRES, 623  KM 623/PENITENCIARIA II, RURAL - Presidente Venceslau", "latitude": -21.792996452922296, "longitude": -51.838333410968794, "fonte_geocodificacao": "Centroide do município-sede (geocodificação rejeitada: fora dos limites do município)", "opm_nome": "42.BPM/I 1.CIA PM 2.PEL PM", "opm_descricao": "CPI-8 42.BPM/I 1.CIA PM 2.PEL PM", "opm_codigo": "608421200" }, "geometry": { "type": "Point", "coordinates": [ -51.838333410968794, -21.792996452922296 ] } },
{ "type": "Feature", "properties": { "id_comando": "CPI-8", "nome_comando": "8º Comando de Policiamento do Interior (CPI-8)", "nome_batalhao": "42º BPM/I", "tipo_batalhao": "Interior", "companhia": "1.CIA PM", "pelotao": "3.PEL PM", "cidade": "Presidente Venceslau", "endereco": "RODOVIA RAPOSO TAVARES KM 623 PENITENCIARIA II, 623, RURAL - Presidente Venceslau", "latitude": -21.792996452922296, "longitude": -51.838333410968794, "fonte_geocodificacao": "Centroide do município-sede (geocodificação rejeitada: fora dos limites do município)", "opm_nome": "42.BPM/I 1.CIA PM 3.PEL PM", "opm_descricao": "CPI-8 42.BPM/I 1.CIA PM 3.PEL PM", "opm_codigo": "608421300" }, "geometry": { "type": "Point", "coordinates": [ -51.838333410968794, -21.792996452922296 ] } },
{ "type": "Feature", "properties": { "id_comando": "CPI-8", "nome_comando": "8º Comando de Policiamento do Interior (CPI-8)", "nome_batalhao": "42º BPM/I", "tipo_batalhao": "Interior", "companhia": "1.CIA PM", "pelotao": "ADMINISTRACAO", "cidade": "Presidente Venceslau", "endereco": "RUA PADRE ANCHIETA, 15, JARDIM EUROPA - Presidente Venceslau", "latitude": -21.8762273, "longitude": -51.8479354, "fonte_geocodificacao": "Google Geocoding API", "opm_nome": "ADMINISTRACAO", "opm_descricao": "CPI-8 42.BPM/I 1.CIA PM ADMINISTRACAO 0", "opm_codigo": "608421500" }, "geometry": { "type": "Point", "coordinates": [ -51.8479354, -21.8762273 ] } },
{ "type": "Feature", "properties": { "id_comando": "CPI-8", "nome_comando": "8º Comando de Policiamento do Interior (CPI-8)", "nome_batalhao": "42º BPM/I", "tipo_batalhao": "Interior", "companhia": "1.CIA PM", "pelotao": "CGP", "cidade": "Presidente Venceslau", "endereco": "AVENIDA JOAO PESSOA, 710  1, CENTRO - Presidente Venceslau", "latitude": -21.8764427, "longitude": -51.8473443, "fonte_geocodificacao": "Google Geocoding API", "opm_nome": "COMANDO DE GRUPO PATRULHA", "opm_descricao": "CPI-8 42.BPM/I 1.CIA PM CGP", "opm_codigo": "608421600" }, "geometry": { "type": "Point", "coordinates": [ -51.8473443, -21.8764427 ] } },
{ "type": "Feature", "properties": { "id_comando": "CPI-8", "nome_comando": "8º Comando de Policiamento do Interior (CPI-8)", "nome_batalhao": "42º BPM/I", "tipo_batalhao": "Interior", "companhia": "1.CIA PM", "pelotao": "PEL PM", "cidade": "Santo Anastacio", "endereco": "RUA PADRE ANTONIO VELASCO ARAGON, 670, CENTRO - Santo Anastacio", "latitude": -21.9766631, "longitude": -51.6533162, "fonte_geocodificacao": "Google Geocoding API", "opm_nome": "PELOTAO POLICIAL MILITAR", "opm_descricao": "CPI-8 42.BPM/I 1.CIA PM PEL PM 0", "opm_codigo": "608421400" }, "geometry": { "type": "Point", "coordinates": [ -51.653316200000013, -21.9766631 ] } },
{ "type": "Feature", "properties": { "id_comando": "CPI-8", "nome_comando": "8º Comando de Policiamento do Interior (CPI-8)", "nome_batalhao": "42º BPM/I", "tipo_batalhao": "Interior", "companhia": "2.CIA PM", "pelotao": "0", "cidade": "Caiua", "endereco": "RUA ANTONIO MARINHO, 470, CENTRO - Caiua", "latitude": -21.8321117, "longitude": -51.9856097, "fonte_geocodificacao": "Google Geocoding API", "opm_nome": "GRUPO POLICIAL MILITAR", "opm_descricao": "CPI-8 42.BPM/I 2.CIA PM 0 GP/PM", "opm_codigo": "608422001" }, "geometry": { "type": "Point", "coordinates": [ -51.9856097, -21.8321117 ] } },
{ "type": "Feature", "properties": { "id_comando": "CPI-8", "nome_comando": "8º Comando de Policiamento do Interior (CPI-8)", "nome_batalhao": "42º BPM/I", "tipo_batalhao": "Interior", "companhia": "2.CIA PM", "pelotao": "1.PEL PM", "cidade": "Caiua", "endereco": "AVENIDA ANTÔNIO MARINHO, 470, CENTRO - Caiua", "latitude": -21.8321117, "longitude": -51.9856097, "fonte_geocodificacao": "Google Geocoding API", "opm_nome": "42.BPM/I 2.CIA PM 1.PEL PM", "opm_descricao": "CPI-8 42.BPM/I 2.CIA PM 1.PEL PM", "opm_codigo": "608422100" }, "geometry": { "type": "Point", "coordinates": [ -51.9856097, -21.8321117 ] } },
{ "type": "Feature", "properties": { "id_comando": "CPI-8", "nome_comando": "8º Comando de Policiamento do Interior (CPI-8)", "nome_batalhao": "42º BPM/I", "tipo_batalhao": "Interior", "companhia": "2.CIA PM", "pelotao": "2.PEL PM", "cidade": "Presidente Epitacio", "endereco": "RUA VENCESLAU BRAZ, 775, CENTRO - Presidente Epitacio", "latitude": -21.7722058, "longitude": -52.1101697, "fonte_geocodificacao": "Google Geocoding API", "opm_nome": "42.BPM/I 2.CIA PM 2.PEL PM", "opm_descricao": "CPI-8 42.BPM/I 2.CIA PM 2.PEL PM", "opm_codigo": "608422200" }, "geometry": { "type": "Point", "coordinates": [ -52.1101697, -21.7722058 ] } },
{ "type": "Feature", "properties": { "id_comando": "CPI-8", "nome_comando": "8º Comando de Policiamento do Interior (CPI-8)", "nome_batalhao": "42º BPM/I", "tipo_batalhao": "Interior", "companhia": "2.CIA PM", "pelotao": "ADMINISTRACAO", "cidade": "Presidente Epitacio", "endereco": "RUA VENCESLAU BRÁS, 775, CENTRO - Presidente Epitacio", "latitude": -21.7722058, "longitude": -52.1101697, "fonte_geocodificacao": "Google Geocoding API", "opm_nome": "ADMINISTRACAO", "opm_descricao": "CPI-8 42.BPM/I 2.CIA PM ADMINISTRACAO 0", "opm_codigo": "608422300" }, "geometry": { "type": "Point", "coordinates": [ -52.1101697, -21.7722058 ] } },
{ "type": "Feature", "properties": { "id_comando": "CPI-8", "nome_comando": "8º Comando de Policiamento do Interior (CPI-8)", "nome_batalhao": "42º BPM/I", "tipo_batalhao": "Interior", "companhia": "2.CIA PM", "pelotao": "CGP", "cidade": "Presidente Epitacio", "endereco": "RUA VENCESLAU BRAZ, 775, CENTRO - Presidente Epitacio", "latitude": -21.7722058, "longitude": -52.1101697, "fonte_geocodificacao": "Google Geocoding API", "opm_nome": "COMANDO DE GRUPO PATRULHA", "opm_descricao": "CPI-8 42.BPM/I 2.CIA PM CGP", "opm_codigo": "608422400" }, "geometry": { "type": "Point", "coordinates": [ -52.1101697, -21.7722058 ] } },
{ "type": "Feature", "properties": { "id_comando": "CPI-8", "nome_comando": "8º Comando de Policiamento do Interior (CPI-8)", "nome_batalhao": "42º BPM/I", "tipo_batalhao": "Interior", "companhia": "3.CIA PM", "pelotao": "0", "cidade": "Euclides Da Cunha Paulista", "endereco": "RUA GILBERTO LUIZ DA ROCHA, 1574, VILA VASCONCELOS - Euclides Da Cunha Paulista", "latitude": -22.5555249, "longitude": -52.5941104, "fonte_geocodificacao": "Google Geocoding API", "opm_nome": "GRUPO POLICIAL MILITAR", "opm_descricao": "CPI-8 42.BPM/I 3.CIA PM 0 GP/PM", "opm_codigo": "608423001" }, "geometry": { "type": "Point", "coordinates": [ -52.5941104, -22.5555249 ] } },
{ "type": "Feature", "properties": { "id_comando": "CPI-8", "nome_comando": "8º Comando de Policiamento do Interior (CPI-8)", "nome_batalhao": "42º BPM/I", "tipo_batalhao": "Interior", "companhia": "3.CIA PM", "pelotao": "1.PEL PM", "cidade": "Mirante Do Paranapanema", "endereco": "AVENIDA ZIL BRASIL, 141, RURAL - Mirante Do Paranapanema", "latitude": -22.2841761, "longitude": -51.9067376, "fonte_geocodificacao": "Google Geocoding API", "opm_nome": "1. PELOTAO POLICIAL MILITAR", "opm_descricao": "CPI-8 42.BPM/I 3.CIA PM 1.PEL PM 0", "opm_codigo": "608423100" }, "geometry": { "type": "Point", "coordinates": [ -51.9067376, -22.2841761 ] } },
{ "type": "Feature", "properties": { "id_comando": "CPI-8", "nome_comando": "8º Comando de Policiamento do Interior (CPI-8)", "nome_batalhao": "42º BPM/I", "tipo_batalhao": "Interior", "companhia": "3.CIA PM", "pelotao": "2.PEL PM", "cidade": "Rosana", "endereco": "RUA SANTA HELVÉCIA, 0  QUADRA 53-B S/Nº, PRIMAVERA - Rosana", "latitude": -22.5308625, "longitude": -52.9424267, "fonte_geocodificacao": "Google Geocoding API", "opm_nome": "2. PELOTAO POLICIAL MILITAR", "opm_descricao": "CPI-8 42.BPM/I 3.CIA PM 2.PEL PM 0", "opm_codigo": "608423200" }, "geometry": { "type": "Point", "coordinates": [ -52.9424267, -22.5308625 ] } },
{ "type": "Feature", "properties": { "id_comando": "CPI-8", "nome_comando": "8º Comando de Policiamento do Interior (CPI-8)", "nome_batalhao": "42º BPM/I", "tipo_batalhao": "Interior", "companhia": "3.CIA PM", "pelotao": "3.PEL PM", "cidade": "Rosana", "endereco": "RUA SANTA HELVÉCIA, 0  S/Nº, CENTRO - Rosana", "latitude": -22.5308625, "longitude": -52.9424267, "fonte_geocodificacao": "Google Geocoding API", "opm_nome": "42.BPM/I 3.CIA PM 3.PEL PM", "opm_descricao": "CPI-8 42.BPM/I 3.CIA PM 3.PEL PM", "opm_codigo": "608423300" }, "geometry": { "type": "Point", "coordinates": [ -52.9424267, -22.5308625 ] } },
{ "type": "Feature", "properties": { "id_comando": "CPI-8", "nome_comando": "8º Comando de Policiamento do Interior (CPI-8)", "nome_batalhao": "42º BPM/I", "tipo_batalhao": "Interior", "companhia": "3.CIA PM", "pelotao": "ADMINISTRACAO", "cidade": "Teodoro Sampaio", "endereco": "AVENIDA CUIABA, 321, CENTRO - Teodoro Sampaio", "latitude": -22.5270612, "longitude": -52.1618632, "fonte_geocodificacao": "Google Geocoding API", "opm_nome": "ADMINISTRACAO", "opm_descricao": "CPI-8 42.BPM/I 3.CIA PM ADMINISTRACAO 0", "opm_codigo": "608423400" }, "geometry": { "type": "Point", "coordinates": [ -52.1618632, -22.5270612 ] } },
{ "type": "Feature", "properties": { "id_comando": "CPI-8", "nome_comando": "8º Comando de Policiamento do Interior (CPI-8)", "nome_batalhao": "42º BPM/I", "tipo_batalhao": "Interior", "companhia": "3.CIA PM", "pelotao": "CGP", "cidade": "Teodoro Sampaio", "endereco": "AVENIDA CUIABA, 321, CENTRO - Teodoro Sampaio", "latitude": -22.5270612, "longitude": -52.1618632, "fonte_geocodificacao": "Google Geocoding API", "opm_nome": "COMANDO DE GRUPO PATRULHA", "opm_descricao": "CPI-8 42.BPM/I 3.CIA PM CGP", "opm_codigo": "608423500" }, "geometry": { "type": "Point", "coordinates": [ -52.1618632, -22.5270612 ] } },
{ "type": "Feature", "properties": { "id_comando": "CPI-8", "nome_comando": "8º Comando de Policiamento do Interior (CPI-8)", "nome_batalhao": "42º BPM/I", "tipo_batalhao": "Interior", "companhia": "3.CIA PM", "pelotao": "SUBAGENCIA INFO", "cidade": "Teodoro Sampaio", "endereco": "AVENIDA CUIABA, 321, CENTRO - Teodoro Sampaio", "latitude": -22.5270612, "longitude": -52.1618632, "fonte_geocodificacao": "Google Geocoding API", "opm_nome": "SUBAGENCIA DE INFORMACOES", "opm_descricao": "CPI-8 42.BPM/I 3.CIA PM SUBAGENCIA INFO 0", "opm_codigo": "608423010" }, "geometry": { "type": "Point", "coordinates": [ -52.1618632, -22.5270612 ] } },
{ "type": "Feature", "properties": { "id_comando": "CPI-8", "nome_comando": "8º Comando de Policiamento do Interior (CPI-8)", "nome_batalhao": "42º BPM/I", "tipo_batalhao": "Interior", "companhia": "CIA F TAT", "pelotao": "ADMINISTRACAO", "cidade": "Presidente Venceslau", "endereco": "AVENIDA CARLOS PLATZEK, 597, JARDIM COROADOS - Presidente Venceslau", "latitude": -21.8773951, "longitude": -51.8547478, "fonte_geocodificacao": "Google Geocoding API", "opm_nome": "ADMINISTRACAO", "opm_descricao": "CPI-8 42.BPM/I CIA F TAT ADMINISTRACAO 0", "opm_codigo": "608427300" }, "geometry": { "type": "Point", "coordinates": [ -51.8547478, -21.8773951 ] } },
{ "type": "Feature", "properties": { "id_comando": "CPI-8", "nome_comando": "8º Comando de Policiamento do Interior (CPI-8)", "nome_batalhao": "42º BPM/I", "tipo_batalhao": "Interior", "companhia": "CIA F TAT", "pelotao": "PEL F TAT", "cidade": "Presidente Venceslau", "endereco": "AVENIDA CARLOS PLATZEK, 597, JD COROADOS - Presidente Venceslau", "latitude": -21.8773951, "longitude": -51.8547478, "fonte_geocodificacao": "Google Geocoding API", "opm_nome": "PELOTAO DE FORCA TATICA", "opm_descricao": "CPI-8 42.BPM/I CIA F TAT PEL F TAT", "opm_codigo": "608427100" }, "geometry": { "type": "Point", "coordinates": [ -51.8547478, -21.8773951 ] } },
{ "type": "Feature", "properties": { "id_comando": "CPI-8", "nome_comando": "8º Comando de Policiamento do Interior (CPI-8)", "nome_batalhao": "42º BPM/I", "tipo_batalhao": "Interior", "companhia": "EM", "pelotao": "AA", "cidade": "Presidente Venceslau", "endereco": "AVENIDA CARLOS PLATEZECK, 597, JARDIM COROADOS - Presidente Venceslau", "latitude": -21.8773951, "longitude": -51.8547478, "fonte_geocodificacao": "Google Geocoding API", "opm_nome": "AGENCIA DE APOIO", "opm_descricao": "CPI-8 42.BPM/I EM AA 0", "opm_codigo": "608428200" }, "geometry": { "type": "Point", "coordinates": [ -51.8547478, -21.8773951 ] } },
{ "type": "Feature", "properties": { "id_comando": "CPI-8", "nome_comando": "8º Comando de Policiamento do Interior (CPI-8)", "nome_batalhao": "42º BPM/I", "tipo_batalhao": "Interior", "companhia": "EM", "pelotao": "GAB ODONTO", "cidade": "Presidente Venceslau", "endereco": "AVENIDA CARLOS PLATEZECK, 597, JARDIM COROADOS - Presidente Venceslau", "latitude": -21.8773951, "longitude": -51.8547478, "fonte_geocodificacao": "Google Geocoding API", "opm_nome": "GABINETE ODONTOLOGICO", "opm_descricao": "CPI-8 42.BPM/I EM GAB ODONTO 0", "opm_codigo": "608428800" }, "geometry": { "type": "Point", "coordinates": [ -51.8547478, -21.8773951 ] } },
{ "type": "Feature", "properties": { "id_comando": "CPI-8", "nome_comando": "8º Comando de Policiamento do Interior (CPI-8)", "nome_batalhao": "42º BPM/I", "tipo_batalhao": "Interior", "companhia": "EM", "pelotao": "MOTOMEC", "cidade": "Presidente Venceslau", "endereco": "AVENIDA CARLOS PLATEZECK, 597, JARDIM COROADOS - Presidente Venceslau", "latitude": -21.8773951, "longitude": -51.8547478, "fonte_geocodificacao": "Google Geocoding API", "opm_nome": "42.BPM/I - MOTOMECANIZACAO", "opm_descricao": "CPI-8 42.BPM/I EM MOTOMEC 0", "opm_codigo": "608428700" }, "geometry": { "type": "Point", "coordinates": [ -51.8547478, -21.8773951 ] } },
{ "type": "Feature", "properties": { "id_comando": "CPI-8", "nome_comando": "8º Comando de Policiamento do Interior (CPI-8)", "nome_batalhao": "42º BPM/I", "tipo_batalhao": "Interior", "companhia": "EM", "pelotao": "P/1 E P/5", "cidade": "Presidente Venceslau", "endereco": "AVENIDA CARLOS PLATZECK, 597, centro - Presidente Venceslau", "latitude": -21.8773951, "longitude": -51.8547478, "fonte_geocodificacao": "Google Geocoding API", "opm_nome": "GUARDA DO QUARTEL", "opm_descricao": "CPI-8 42.BPM/I EM P/1 E P/5 GD QUARTEL", "opm_codigo": "608428110" }, "geometry": { "type": "Point", "coordinates": [ -51.8547478, -21.8773951 ] } },
{ "type": "Feature", "properties": { "id_comando": "CPI-8", "nome_comando": "8º Comando de Policiamento do Interior (CPI-8)", "nome_batalhao": "42º BPM/I", "tipo_batalhao": "Interior", "companhia": "EM", "pelotao": "P/3", "cidade": "Presidente Venceslau", "endereco": "AVENIDA CARLOS PLATZECK, 597, centro - Presidente Venceslau", "latitude": -21.8773951, "longitude": -51.8547478, "fonte_geocodificacao": "Google Geocoding API", "opm_nome": "COMANDO FORCA PATRULHA", "opm_descricao": "CPI-8 42.BPM/I EM P/3 CFP", "opm_codigo": "608428310" }, "geometry": { "type": "Point", "coordinates": [ -51.8547478, -21.8773951 ] } },
{ "type": "Feature", "properties": { "id_comando": "CPI-8", "nome_comando": "8º Comando de Policiamento do Interior (CPI-8)", "nome_batalhao": "42º BPM/I", "tipo_batalhao": "Interior", "companhia": "EM", "pelotao": "P/4 E MOTOMEC", "cidade": "Presidente Venceslau", "endereco": "AVENIDA CARLOS PLATEZECK, 597, JARDIM COROADOS - Presidente Venceslau", "latitude": -21.8773951, "longitude": -51.8547478, "fonte_geocodificacao": "Google Geocoding API", "opm_nome": "P/4 E MOTOMECANIZACAO", "opm_descricao": "CPI-8 42.BPM/I EM P/4 E MOTOMEC 0", "opm_codigo": "608428400" }, "geometry": { "type": "Point", "coordinates": [ -51.8547478, -21.8773951 ] } },
{ "type": "Feature", "properties": { "id_comando": "CPI-8", "nome_comando": "8º Comando de Policiamento do Interior (CPI-8)", "nome_batalhao": "42º BPM/I", "tipo_batalhao": "Interior", "companhia": "EM", "pelotao": "P/5", "cidade": "Presidente Venceslau", "endereco": "AVENIDA CARLOS PLATEZECK, 597, JARDIM COROADOS - Presidente Venceslau", "latitude": -21.8773951, "longitude": -51.8547478, "fonte_geocodificacao": "Google Geocoding API", "opm_nome": "42.BPM/I - P/5", "opm_descricao": "CPI-8 42.BPM/I EM P/5 0", "opm_codigo": "608428500" }, "geometry": { "type": "Point", "coordinates": [ -51.8547478, -21.8773951 ] } },
{ "type": "Feature", "properties": { "id_comando": "CPI-8", "nome_comando": "8º Comando de Policiamento do Interior (CPI-8)", "nome_batalhao": "42º BPM/I", "tipo_batalhao": "Interior", "companhia": "EM", "pelotao": "SEC PJMD", "cidade": "Presidente Venceslau", "endereco": "AVENIDA CARLOS PLATEZECK, 597, JARDIM COROADOS - Presidente Venceslau", "latitude": -21.8773951, "longitude": -51.8547478, "fonte_geocodificacao": "Google Geocoding API", "opm_nome": "SECAO POLICIA JUDICIARIA MILITAR E DISCIPLINAR", "opm_descricao": "CPI-8 42.BPM/I EM SEC PJMD 0", "opm_codigo": "608428600" }, "geometry": { "type": "Point", "coordinates": [ -51.8547478, -21.8773951 ] } },
{ "type": "Feature", "properties": { "id_comando": "CPI-3", "nome_comando": "3º Comando de Policiamento do Interior (CPI-3)", "nome_batalhao": "43º BPM/I", "tipo_batalhao": "Interior", "companhia": "1.CIA PM", "pelotao": "1.PEL PM", "cidade": "Pitangueiras", "endereco": "rua são paulo, 109, centro - Pitangueiras", "latitude": -21.011058, "longitude": -48.2203156, "fonte_geocodificacao": "Google Geocoding API", "opm_nome": "1. PELOTAO POLICIAL MILITAR", "opm_descricao": "CPI-3 43.BPM/I 1.CIA PM 1.PEL PM", "opm_codigo": "603431100" }, "geometry": { "type": "Point", "coordinates": [ -48.2203156, -21.011058 ] } },
{ "type": "Feature", "properties": { "id_comando": "CPI-3", "nome_comando": "3º Comando de Policiamento do Interior (CPI-3)", "nome_batalhao": "43º BPM/I", "tipo_batalhao": "Interior", "companhia": "1.CIA PM", "pelotao": "2.PEL PM", "cidade": "Barrinha", "endereco": "RUA URBABO VELUDO, 58, PARQUE MOGI - Barrinha", "latitude": -21.1910051, "longitude": -48.1603981, "fonte_geocodificacao": "Google Geocoding API", "opm_nome": "2. PELOTAO POLICIAL MILITAR", "opm_descricao": "CPI-3 43.BPM/I 1.CIA PM 2.PEL PM", "opm_codigo": "603431200" }, "geometry": { "type": "Point", "coordinates": [ -48.160398099999988, -21.1910051 ] } },
{ "type": "Feature", "properties": { "id_comando": "CPI-3", "nome_comando": "3º Comando de Policiamento do Interior (CPI-3)", "nome_batalhao": "43º BPM/I", "tipo_batalhao": "Interior", "companhia": "1.CIA PM", "pelotao": "3.PEL PM", "cidade": "Pontal", "endereco": "RUA EXPEDICIONÁRIO BENEDITO MOREIRA, 700, RESI. PIRAMIDE DOS DEUSES II - Pontal", "latitude": -21.0339252, "longitude": -48.0326298, "fonte_geocodificacao": "Google Geocoding API", "opm_nome": "3. PELOTAO POLICIAL MILITAR", "opm_descricao": "CPI-3 43.BPM/I 1.CIA PM 3.PEL PM", "opm_codigo": "603431300" }, "geometry": { "type": "Point", "coordinates": [ -48.0326298, -21.0339252 ] } },
{ "type": "Feature", "properties": { "id_comando": "CPI-3", "nome_comando": "3º Comando de Policiamento do Interior (CPI-3)", "nome_batalhao": "43º BPM/I", "tipo_batalhao": "Interior", "companhia": "1.CIA PM", "pelotao": "4.PEL PM", "cidade": "Pitangueiras", "endereco": "SAO PAULO, 109, CENTRO - Pitangueiras", "latitude": -21.011058, "longitude": -48.2203156, "fonte_geocodificacao": "Google Geocoding API", "opm_nome": "43.BPM/I 1.CIA PM 4.PEL PM", "opm_descricao": "CPI-3 43.BPM/I 1.CIA PM 4.PEL PM", "opm_codigo": "603431400" }, "geometry": { "type": "Point", "coordinates": [ -48.2203156, -21.011058 ] } },
{ "type": "Feature", "properties": { "id_comando": "CPI-3", "nome_comando": "3º Comando de Policiamento do Interior (CPI-3)", "nome_batalhao": "43º BPM/I", "tipo_batalhao": "Interior", "companhia": "1.CIA PM", "pelotao": "6.PEL PM", "cidade": "Pontal", "endereco": "EXPEDICIONÁRIO BENEDITO MOREIRA, 700, RES PIRAMIDE DOS DEUSES II - Pontal", "latitude": -21.0339252, "longitude": -48.0326298, "fonte_geocodificacao": "Google Geocoding API", "opm_nome": "43.BPM/I 1.CIA PM 6.PEL PM", "opm_descricao": "CPI-3 43.BPM/I 1.CIA PM 6.PEL PM", "opm_codigo": "603431600" }, "geometry": { "type": "Point", "coordinates": [ -48.0326298, -21.0339252 ] } },
{ "type": "Feature", "properties": { "id_comando": "CPI-3", "nome_comando": "3º Comando de Policiamento do Interior (CPI-3)", "nome_batalhao": "43º BPM/I", "tipo_batalhao": "Interior", "companhia": "1.CIA PM", "pelotao": "ADM", "cidade": "Sertaozinho", "endereco": "AVENIDA JOÃO PIGNATA, 922, JARDIM SÃO SEBASTIÃO - Sertaozinho", "latitude": -21.1401208, "longitude": -47.9733972, "fonte_geocodificacao": "Google Geocoding API", "opm_nome": "ADMINISTRACAO", "opm_descricao": "CPI-3 43.BPM/I 1.CIA PM ADM", "opm_codigo": "603431800" }, "geometry": { "type": "Point", "coordinates": [ -47.9733972, -21.1401208 ] } },
{ "type": "Feature", "properties": { "id_comando": "CPI-3", "nome_comando": "3º Comando de Policiamento do Interior (CPI-3)", "nome_batalhao": "43º BPM/I", "tipo_batalhao": "Interior", "companhia": "1.CIA PM", "pelotao": "CGP", "cidade": "Sertaozinho", "endereco": "RUA ÁLVARO ANTÔNIO MOSSIN, 291, JARDIM DIAMANTE - Sertaozinho", "latitude": -21.1294738, "longitude": -48.0092526, "fonte_geocodificacao": "Google Geocoding API", "opm_nome": "COMANDO GRUPO PATRULHA", "opm_descricao": "CPI-3 43.BPM/I 1.CIA PM CGP", "opm_codigo": "603431900" }, "geometry": { "type": "Point", "coordinates": [ -48.0092526, -21.1294738 ] } },
{ "type": "Feature", "properties": { "id_comando": "CPI-3", "nome_comando": "3º Comando de Policiamento do Interior (CPI-3)", "nome_batalhao": "43º BPM/I", "tipo_batalhao": "Interior", "companhia": "1.CIA PM", "pelotao": "PEL FT", "cidade": "Sertaozinho", "endereco": "AVENIDA JOÃO PIGNATA, 922, JD SAO SEBASTIAO - Sertaozinho", "latitude": -21.1401208, "longitude": -47.9733972, "fonte_geocodificacao": "Google Geocoding API", "opm_nome": "PEL FT", "opm_descricao": "CPI-3 43.BPM/I 1.CIA PM PEL FT", "opm_codigo": "603431700" }, "geometry": { "type": "Point", "coordinates": [ -47.9733972, -21.1401208 ] } },
{ "type": "Feature", "properties": { "id_comando": "CPI-3", "nome_comando": "3º Comando de Policiamento do Interior (CPI-3)", "nome_batalhao": "43º BPM/I", "tipo_batalhao": "Interior", "companhia": "2.CIA PM", "pelotao": "1.PEL PM", "cidade": "Monte Alto", "endereco": "RUA GUSTAVO DE GODOY, 684, VILA AERO CLUBE - Monte Alto", "latitude": -21.2644392, "longitude": -48.4991028, "fonte_geocodificacao": "Google Geocoding API", "opm_nome": "1. PELOTAO POLICIAL MILITAR", "opm_descricao": "CPI-3 43.BPM/I 2.CIA PM 1.PEL PM", "opm_codigo": "603432100" }, "geometry": { "type": "Point", "coordinates": [ -48.4991028, -21.2644392 ] } },
{ "type": "Feature", "properties": { "id_comando": "CPI-3", "nome_comando": "3º Comando de Policiamento do Interior (CPI-3)", "nome_batalhao": "43º BPM/I", "tipo_batalhao": "Interior", "companhia": "2.CIA PM", "pelotao": "2.PEL PM", "cidade": "Guariba", "endereco": "RUA CASTELO BRANCO, 1541, PQ. IND. LAGOINHA - Guariba", "latitude": -21.3622175, "longitude": -48.2369666, "fonte_geocodificacao": "Google Geocoding API", "opm_nome": "2. PELOTAO POLICIAL MILITAR", "opm_descricao": "CPI-3 43.BPM/I 2.CIA PM 2.PEL PM", "opm_codigo": "603432200" }, "geometry": { "type": "Point", "coordinates": [ -48.2369666, -21.3622175 ] } },
{ "type": "Feature", "properties": { "id_comando": "CPI-3", "nome_comando": "3º Comando de Policiamento do Interior (CPI-3)", "nome_batalhao": "43º BPM/I", "tipo_batalhao": "Interior", "companhia": "2.CIA PM", "pelotao": "ADM", "cidade": "Jaboticabal", "endereco": "RUA FLORIANO PEIXOTO, 1310, CENTRO - Jaboticabal", "latitude": -21.2555327, "longitude": -48.3248759, "fonte_geocodificacao": "Google Geocoding API", "opm_nome": "ADMINISTRACAO", "opm_descricao": "CPI-3 43.BPM/I 2.CIA PM ADM", "opm_codigo": "603432400" }, "geometry": { "type": "Point", "coordinates": [ -48.324875899999988, -21.2555327 ] } },
{ "type": "Feature", "properties": { "id_comando": "CPI-3", "nome_comando": "3º Comando de Policiamento do Interior (CPI-3)", "nome_batalhao": "43º BPM/I", "tipo_batalhao": "Interior", "companhia": "2.CIA PM", "pelotao": "CGP", "cidade": "Jaboticabal", "endereco": "RUA ANTÔNIETA ALEIXO DE PAULA, 70, CONJ HAB. MARGARIDA R. BERCHIERI - Jaboticabal", "latitude": -21.2571417, "longitude": -48.3391943, "fonte_geocodificacao": "Google Geocoding API", "opm_nome": "COMANDO GRUPO PATRULHA", "opm_descricao": "CPI-3 43.BPM/I 2.CIA PM CGP", "opm_codigo": "603432500" }, "geometry": { "type": "Point", "coordinates": [ -48.3391943, -21.2571417 ] } },
{ "type": "Feature", "properties": { "id_comando": "CPI-3", "nome_comando": "3º Comando de Policiamento do Interior (CPI-3)", "nome_batalhao": "43º BPM/I", "tipo_batalhao": "Interior", "companhia": "CIA FT", "pelotao": "1.PEL FT", "cidade": "Sertaozinho", "endereco": "AVENIDA JOÃO PIGNATA, 922, JARDIM SÃO SEBASTIÃO - Sertaozinho", "latitude": -21.1401208, "longitude": -47.9733972, "fonte_geocodificacao": "Google Geocoding API", "opm_nome": "1. PELOTAO DE FORCA TATICA", "opm_descricao": "CPI-3 43.BPM/I CIA FT 1.PEL FT", "opm_codigo": "603435100" }, "geometry": { "type": "Point", "coordinates": [ -47.9733972, -21.1401208 ] } },
{ "type": "Feature", "properties": { "id_comando": "CPI-3", "nome_comando": "3º Comando de Policiamento do Interior (CPI-3)", "nome_batalhao": "43º BPM/I", "tipo_batalhao": "Interior", "companhia": "CIA FT", "pelotao": "2.PEL FT", "cidade": "Sertaozinho", "endereco": "AVENIDA JOÃO PIGNATA, 922, JARDIM SÃO SEBASTIÃO - Sertaozinho", "latitude": -21.1401208, "longitude": -47.9733972, "fonte_geocodificacao": "Google Geocoding API", "opm_nome": "2. PELOTAO DE FORCA TATICA", "opm_descricao": "CPI-3 43.BPM/I CIA FT 2.PEL FT", "opm_codigo": "603435200" }, "geometry": { "type": "Point", "coordinates": [ -47.9733972, -21.1401208 ] } },
{ "type": "Feature", "properties": { "id_comando": "CPI-3", "nome_comando": "3º Comando de Policiamento do Interior (CPI-3)", "nome_batalhao": "43º BPM/I", "tipo_batalhao": "Interior", "companhia": "CIA FT", "pelotao": "ADM", "cidade": "Sertaozinho", "endereco": "AVENIDA JOÃO PIGNATA, 922  ', JARDIM SÃO SEBASTIÃO - Sertaozinho", "latitude": -21.1401208, "longitude": -47.9733972, "fonte_geocodificacao": "Google Geocoding API", "opm_nome": "ADMINISTRACAO", "opm_descricao": "CPI-3 43.BPM/I CIA FT ADM", "opm_codigo": "603435500" }, "geometry": { "type": "Point", "coordinates": [ -47.9733972, -21.1401208 ] } },
{ "type": "Feature", "properties": { "id_comando": "CPI-3", "nome_comando": "3º Comando de Policiamento do Interior (CPI-3)", "nome_batalhao": "43º BPM/I", "tipo_batalhao": "Interior", "companhia": "EM", "pelotao": "AG AREA", "cidade": "Sertaozinho", "endereco": "JOAO PIGNATA, 922, JD SAO SEBASTIAO - Sertaozinho", "latitude": -21.1401208, "longitude": -47.9733972, "fonte_geocodificacao": "Google Geocoding API", "opm_nome": "AGENCIA DE AREA", "opm_descricao": "CPI-3 43.BPM/I EM AG AREA", "opm_codigo": "603438200" }, "geometry": { "type": "Point", "coordinates": [ -47.9733972, -21.1401208 ] } },
{ "type": "Feature", "properties": { "id_comando": "CPI-3", "nome_comando": "3º Comando de Policiamento do Interior (CPI-3)", "nome_batalhao": "43º BPM/I", "tipo_batalhao": "Interior", "companhia": "EM", "pelotao": "DIV OP", "cidade": "Sertaozinho", "endereco": "JOAO PIGNATA, 922, JD SAO SEBASTIAO - Sertaozinho", "latitude": -21.1401208, "longitude": -47.9733972, "fonte_geocodificacao": "Google Geocoding API", "opm_nome": "DIVISAO OPERACIONAL", "opm_descricao": "CPI-3 43.BPM/I EM DIV OP", "opm_codigo": "603438300" }, "geometry": { "type": "Point", "coordinates": [ -47.9733972, -21.1401208 ] } },
{ "type": "Feature", "properties": { "id_comando": "CPI-3", "nome_comando": "3º Comando de Policiamento do Interior (CPI-3)", "nome_batalhao": "43º BPM/I", "tipo_batalhao": "Interior", "companhia": "EM", "pelotao": "MOTOMEC", "cidade": "Sertaozinho", "endereco": "AV. JOAO PIGNATA, 922, JD SÃO SEBASTIAO - Sertaozinho", "latitude": -21.1401208, "longitude": -47.9733972, "fonte_geocodificacao": "Google Geocoding API", "opm_nome": "43.BPM/I MOTOMEC", "opm_descricao": "CPI-3 43.BPM/I EM MOTOMEC 0", "opm_codigo": "603438700" }, "geometry": { "type": "Point", "coordinates": [ -47.9733972, -21.1401208 ] } },
{ "type": "Feature", "properties": { "id_comando": "CPI-3", "nome_comando": "3º Comando de Policiamento do Interior (CPI-3)", "nome_batalhao": "43º BPM/I", "tipo_batalhao": "Interior", "companhia": "EM", "pelotao": "P/1 P/5", "cidade": "Sertaozinho", "endereco": "AV JOAO PIGNATA, 922, JD SAO SEBASTIAO - Sertaozinho", "latitude": -21.1401208, "longitude": -47.9733972, "fonte_geocodificacao": "Google Geocoding API", "opm_nome": "P/1 E P/5", "opm_descricao": "CPI-3 43.BPM/I EM P/1 P/5", "opm_codigo": "603438100" }, "geometry": { "type": "Point", "coordinates": [ -47.9733972, -21.1401208 ] } },
{ "type": "Feature", "properties": { "id_comando": "CPI-3", "nome_comando": "3º Comando de Policiamento do Interior (CPI-3)", "nome_batalhao": "43º BPM/I", "tipo_batalhao": "Interior", "companhia": "EM", "pelotao": "P/4 MOTOMEC", "cidade": "Sertaozinho", "endereco": "JOAO PIGNATA, 922, JD SAO SEBASTIAO - Sertaozinho", "latitude": -21.1401208, "longitude": -47.9733972, "fonte_geocodificacao": "Google Geocoding API", "opm_nome": "P/4 E MOTOMECANIZACAO", "opm_descricao": "CPI-3 43.BPM/I EM P/4 MOTOMEC", "opm_codigo": "603438400" }, "geometry": { "type": "Point", "coordinates": [ -47.9733972, -21.1401208 ] } },
{ "type": "Feature", "properties": { "id_comando": "CPI-3", "nome_comando": "3º Comando de Policiamento do Interior (CPI-3)", "nome_batalhao": "43º BPM/I", "tipo_batalhao": "Interior", "companhia": "EM", "pelotao": "P/5", "cidade": "Sertaozinho", "endereco": "JOAO PIGNATA, 922, JD SAO SEBASTIAO - Sertaozinho", "latitude": -21.1401208, "longitude": -47.9733972, "fonte_geocodificacao": "Google Geocoding API", "opm_nome": "43.BPM/I P/5", "opm_descricao": "CPI-3 43.BPM/I EM P/5", "opm_codigo": "603438500" }, "geometry": { "type": "Point", "coordinates": [ -47.9733972, -21.1401208 ] } },
{ "type": "Feature", "properties": { "id_comando": "CPI-3", "nome_comando": "3º Comando de Policiamento do Interior (CPI-3)", "nome_batalhao": "43º BPM/I", "tipo_batalhao": "Interior", "companhia": "EM", "pelotao": "SEC PJMD", "cidade": "Sertaozinho", "endereco": "JOAO PIGNATA, 922, JD SAO SEBASTIAO - Sertaozinho", "latitude": -21.1401208, "longitude": -47.9733972, "fonte_geocodificacao": "Google Geocoding API", "opm_nome": "SECAO POLICIA JUDICIARIA MILITAR E DISCIPLINA", "opm_descricao": "CPI-3 43.BPM/I EM SEC PJMD", "opm_codigo": "603438600" }, "geometry": { "type": "Point", "coordinates": [ -47.9733972, -21.1401208 ] } },
{ "type": "Feature", "properties": { "id_comando": "CPA/M-3", "nome_comando": "3º Comando de Policiamento de Área Metropolitana (CPA/M-3)", "nome_batalhao": "43º BPM/M", "tipo_batalhao": "Metropolitano", "companhia": "1.CIA PM", "pelotao": "TERRITORIAL", "cidade": "Sao Paulo", "endereco": "RUA MICHEL OUCHANA, 194, JACANA - Sao Paulo", "latitude": -23.4597972, "longitude": -46.5813122, "fonte_geocodificacao": "Google Geocoding API", "opm_nome": "1.COMPANHIA DE POLICIA MILITAR", "opm_descricao": "CPA/M-3 43.BPM/M 1.CIA PM TERRITORIAL", "opm_codigo": "503431000" }, "geometry": { "type": "Point", "coordinates": [ -46.5813122, -23.4597972 ] } },
{ "type": "Feature", "properties": { "id_comando": "CPA/M-3", "nome_comando": "3º Comando de Policiamento de Área Metropolitana (CPA/M-3)", "nome_batalhao": "43º BPM/M", "tipo_batalhao": "Metropolitano", "companhia": "2.CIA PM", "pelotao": "TERRITORIAL", "cidade": "Sao Paulo", "endereco": "RUA SAO ZEFERINO, 34, TUCURUVI - Sao Paulo", "latitude": -23.4782595, "longitude": -46.6207263, "fonte_geocodificacao": "Google Geocoding API", "opm_nome": "2. COMPANHIA DE POLICIA MILITAR", "opm_descricao": "CPA/M-3 43.BPM/M 2.CIA PM TERRITORIAL", "opm_codigo": "503432000" }, "geometry": { "type": "Point", "coordinates": [ -46.6207263, -23.4782595 ] } },
{ "type": "Feature", "properties": { "id_comando": "CPA/M-3", "nome_comando": "3º Comando de Policiamento de Área Metropolitana (CPA/M-3)", "nome_batalhao": "43º BPM/M", "tipo_batalhao": "Metropolitano", "companhia": "3.CIA PM", "pelotao": "TERRITORIAL", "cidade": "Sao Paulo", "endereco": "0, 0  OPM INEXISTENTE, 0 - Sao Paulo", "latitude": -23.6037024, "longitude": -46.6246845, "fonte_geocodificacao": "Google Geocoding API", "opm_nome": "43.BPM/M 3.CIA PM TERRITORIAL", "opm_descricao": "CPA/M-3 43.BPM/M 3.CIA PM TERRITORIAL 0", "opm_codigo": "503433000" }, "geometry": { "type": "Point", "coordinates": [ -46.6246845, -23.6037024 ] } },
{ "type": "Feature", "properties": { "id_comando": "CPI-4", "nome_comando": "4º Comando de Policiamento do Interior (CPI-4)", "nome_batalhao": "44º BPM/I", "tipo_batalhao": "Interior", "companhia": "1.CIA PM", "pelotao": "ADM", "cidade": "Lins", "endereco": "RUA SARKIS DJANIKIAN, 35, RESIDENCIAL FLORESTAN FERNANDES - Lins", "latitude": -21.6765055, "longitude": -49.7406716, "fonte_geocodificacao": "Google Geocoding API", "opm_nome": "ADMINISTRACAO", "opm_descricao": "CPI-4 44.BPM/I 1.CIA PM ADM", "opm_codigo": "604441400" }, "geometry": { "type": "Point", "coordinates": [ -49.7406716, -21.6765055 ] } },
{ "type": "Feature", "properties": { "id_comando": "CPI-4", "nome_comando": "4º Comando de Policiamento do Interior (CPI-4)", "nome_batalhao": "44º BPM/I", "tipo_batalhao": "Interior", "companhia": "1.CIA PM", "pelotao": "CGP", "cidade": "Lins", "endereco": "RUA SARKIS DJANIKIAN, 44  44 BPM/I 1ª CIA PM, RESIDENCIAL FLORESTAN FERNANDES - Lins", "latitude": -21.6784574, "longitude": -49.7385312, "fonte_geocodificacao": "Google Geocoding API", "opm_nome": "COMANDO GRUPO PATRULHA", "opm_descricao": "CPI-4 44.BPM/I 1.CIA PM CGP", "opm_codigo": "604441500" }, "geometry": { "type": "Point", "coordinates": [ -49.7385312, -21.6784574 ] } },
{ "type": "Feature", "properties": { "id_comando": "CPI-4", "nome_comando": "4º Comando de Policiamento do Interior (CPI-4)", "nome_batalhao": "44º BPM/I", "tipo_batalhao": "Interior", "companhia": "2.CIA PM", "pelotao": "ADM", "cidade": "Promissao", "endereco": "RUA RIO GRANDE, 195, CENTRO - Promissao", "latitude": -21.5358724, "longitude": -49.8610608, "fonte_geocodificacao": "Google Geocoding API", "opm_nome": "ADMINISTRACAO", "opm_descricao": "CPI-4 44.BPM/I 2.CIA PM ADM", "opm_codigo": "604442400" }, "geometry": { "type": "Point", "coordinates": [ -49.8610608, -21.5358724 ] } },
{ "type": "Feature", "properties": { "id_comando": "CPI-4", "nome_comando": "4º Comando de Policiamento do Interior (CPI-4)", "nome_batalhao": "44º BPM/I", "tipo_batalhao": "Interior", "companhia": "2.CIA PM", "pelotao": "CGP", "cidade": "Promissao", "endereco": "AVENIDA JULIO PRESTES, 368  44 BPM/I 2ª CIA PM, CENTRO - Promissao", "latitude": -21.531831, "longitude": -49.860696, "fonte_geocodificacao": "Google Geocoding API", "opm_nome": "COMANDO GRUPO PATRULHA", "opm_descricao": "CPI-4 44.BPM/I 2.CIA PM CGP", "opm_codigo": "604442500" }, "geometry": { "type": "Point", "coordinates": [ -49.860696, -21.531831 ] } },
{ "type": "Feature", "properties": { "id_comando": "CPI-4", "nome_comando": "4º Comando de Policiamento do Interior (CPI-4)", "nome_batalhao": "44º BPM/I", "tipo_batalhao": "Interior", "companhia": "2.CIA PM", "pelotao": "PEL PM", "cidade": "Getulina", "endereco": "RUA DOUTOR VENCESLAU BRAZ, 291, CENTRO - Getulina", "latitude": -21.7986116, "longitude": -49.9256551, "fonte_geocodificacao": "Google Geocoding API", "opm_nome": "PELOTAO POLICAL MILITAR", "opm_descricao": "CPI-4 44.BPM/I 2.CIA PM PEL PM", "opm_codigo": "604442100" }, "geometry": { "type": "Point", "coordinates": [ -49.9256551, -21.7986116 ] } },
{ "type": "Feature", "properties": { "id_comando": "CPI-4", "nome_comando": "4º Comando de Policiamento do Interior (CPI-4)", "nome_batalhao": "44º BPM/I", "tipo_batalhao": "Interior", "companhia": "CIA FT", "pelotao": "1.PEL FT", "cidade": "Lins", "endereco": "RUA SARKIS DJANIKIAN, 44  44BPMI, RESIDENCIAL FLORESTAN FERNANDES - Lins", "latitude": -21.6784574, "longitude": -49.7385312, "fonte_geocodificacao": "Google Geocoding API", "opm_nome": "1.PELOTAO DE FORCA TATICA", "opm_descricao": "CPI-4 44.BPM/I CIA FT 1.PEL FT", "opm_codigo": "604445100" }, "geometry": { "type": "Point", "coordinates": [ -49.7385312, -21.6784574 ] } },
{ "type": "Feature", "properties": { "id_comando": "CPI-4", "nome_comando": "4º Comando de Policiamento do Interior (CPI-4)", "nome_batalhao": "44º BPM/I", "tipo_batalhao": "Interior", "companhia": "CIA FT", "pelotao": "2.PEL FT", "cidade": "Lins", "endereco": "RUA SARKIS DJANIKIAN, 44  44BPMI, RESIDENCIAL FLORESTAN FERNANDES - Lins", "latitude": -21.6784574, "longitude": -49.7385312, "fonte_geocodificacao": "Google Geocoding API", "opm_nome": "2.PELOTAO DE FORCA TATICA", "opm_descricao": "CPI-4 44.BPM/I CIA FT 2.PEL FT", "opm_codigo": "604445200" }, "geometry": { "type": "Point", "coordinates": [ -49.7385312, -21.6784574 ] } },
{ "type": "Feature", "properties": { "id_comando": "CPI-4", "nome_comando": "4º Comando de Policiamento do Interior (CPI-4)", "nome_batalhao": "44º BPM/I", "tipo_batalhao": "Interior", "companhia": "CIA FT", "pelotao": "ADM", "cidade": "Lins", "endereco": "RUA SARKIS DJANIKIAN, 44  44BPMI, RESIDENCIAL FLORESTAN FERNANDES - Lins", "latitude": -21.6784574, "longitude": -49.7385312, "fonte_geocodificacao": "Google Geocoding API", "opm_nome": "ADMINISTRACAO FORCA TATICA", "opm_descricao": "CPI-4 44.BPM/I CIA FT ADM", "opm_codigo": "604445900" }, "geometry": { "type": "Point", "coordinates": [ -49.7385312, -21.6784574 ] } },
{ "type": "Feature", "properties": { "id_comando": "CPI-4", "nome_comando": "4º Comando de Policiamento do Interior (CPI-4)", "nome_batalhao": "44º BPM/I", "tipo_batalhao": "Interior", "companhia": "EM", "pelotao": "P/1 E P/5", "cidade": "Lins", "endereco": "RUA SARKIS DJANIKIAN MARACH, 44, RESIDENCIAL FLORESTAN FERNANDES - Lins", "latitude": -21.6784574, "longitude": -49.7385312, "fonte_geocodificacao": "Google Geocoding API", "opm_nome": "P/1 E P/5", "opm_descricao": "CPI-4 44.BPM/I EM P/1 E P/5", "opm_codigo": "604448100" }, "geometry": { "type": "Point", "coordinates": [ -49.7385312, -21.6784574 ] } },
{ "type": "Feature", "properties": { "id_comando": "CPI-4", "nome_comando": "4º Comando de Policiamento do Interior (CPI-4)", "nome_batalhao": "44º BPM/I", "tipo_batalhao": "Interior", "companhia": "EM", "pelotao": "P/2", "cidade": "Lins", "endereco": "RUA SARKIS DJANIKIAN, 44, RESIDENCIAL FLORESTAN FERNANDES - Lins", "latitude": -21.6784574, "longitude": -49.7385312, "fonte_geocodificacao": "Google Geocoding API", "opm_nome": "P/2", "opm_descricao": "CPI-4 44.BPM/I EM P/2", "opm_codigo": "604448200" }, "geometry": { "type": "Point", "coordinates": [ -49.7385312, -21.6784574 ] } },
{ "type": "Feature", "properties": { "id_comando": "CPI-4", "nome_comando": "4º Comando de Policiamento do Interior (CPI-4)", "nome_batalhao": "44º BPM/I", "tipo_batalhao": "Interior", "companhia": "EM", "pelotao": "P/3", "cidade": "Lins", "endereco": "RUA SARKIS DJANIKIAN MARACH, 44, RESIDENCIAL FLORESTAN FERNANDES - Lins", "latitude": -21.6784574, "longitude": -49.7385312, "fonte_geocodificacao": "Google Geocoding API", "opm_nome": "P/3", "opm_descricao": "CPI-4 44.BPM/I EM P/3", "opm_codigo": "604448300" }, "geometry": { "type": "Point", "coordinates": [ -49.7385312, -21.6784574 ] } },
{ "type": "Feature", "properties": { "id_comando": "CPI-4", "nome_comando": "4º Comando de Policiamento do Interior (CPI-4)", "nome_batalhao": "44º BPM/I", "tipo_batalhao": "Interior", "companhia": "EM", "pelotao": "P/4 E MOTOMEC", "cidade": "Lins", "endereco": "RUA SARKIS DJANIKIAN MARACH, 44, RESIDENCIAL FLORESTAN FERNANDES - Lins", "latitude": -21.6784574, "longitude": -49.7385312, "fonte_geocodificacao": "Google Geocoding API", "opm_nome": "P/4 E MOTOMECANIZACAO", "opm_descricao": "CPI-4 44.BPM/I EM P/4 E MOTOMEC", "opm_codigo": "604448400" }, "geometry": { "type": "Point", "coordinates": [ -49.7385312, -21.6784574 ] } },
{ "type": "Feature", "properties": { "id_comando": "CPI-4", "nome_comando": "4º Comando de Policiamento do Interior (CPI-4)", "nome_batalhao": "44º BPM/I", "tipo_batalhao": "Interior", "companhia": "EM", "pelotao": "P/5", "cidade": "Lins", "endereco": "RUA SARKIS DJANIKIAN MARACH, 44, RESIDENCIAL FLORESTAN FERNANDES - Lins", "latitude": -21.6784574, "longitude": -49.7385312, "fonte_geocodificacao": "Google Geocoding API", "opm_nome": "44.BPM/I - P/5", "opm_descricao": "CPI-4 44.BPM/I EM P/5", "opm_codigo": "604448500" }, "geometry": { "type": "Point", "coordinates": [ -49.7385312, -21.6784574 ] } },
{ "type": "Feature", "properties": { "id_comando": "CPI-4", "nome_comando": "4º Comando de Policiamento do Interior (CPI-4)", "nome_batalhao": "44º BPM/I", "tipo_batalhao": "Interior", "companhia": "EM", "pelotao": "UIS", "cidade": "Lins", "endereco": "RUA SARKIS DJANIKIAN, 44, RESIDENCIAL FLORESTAN FERNANDES - Lins", "latitude": -21.6784574, "longitude": -49.7385312, "fonte_geocodificacao": "Google Geocoding API", "opm_nome": "UNIDADE INTEGRADA DE SAUDE", "opm_descricao": "CPI-4 44.BPM/I EM UIS", "opm_codigo": "604448010" }, "geometry": { "type": "Point", "coordinates": [ -49.7385312, -21.6784574 ] } },
{ "type": "Feature", "properties": { "id_comando": "CPI-6", "nome_comando": "6º Comando de Policiamento do Interior (CPI-6)", "nome_batalhao": "45º BPM/I", "tipo_batalhao": "Interior", "companhia": "1.CIA PM", "pelotao": "ADM", "cidade": "Praia Grande", "endereco": "RUA AMÁLIA BELLOTTI PASTORELLO, 94, SÍTIO DO CAMPO - Praia Grande", "latitude": -24.0013256, "longitude": -46.4199286, "fonte_geocodificacao": "Google Geocoding API", "opm_nome": "ADMINISTRACAO", "opm_descricao": "CPI-6 45.BPM/I 1.CIA PM ADM 0", "opm_codigo": "606451300" }, "geometry": { "type": "Point", "coordinates": [ -46.4199286, -24.0013256 ] } },
{ "type": "Feature", "properties": { "id_comando": "CPI-6", "nome_comando": "6º Comando de Policiamento do Interior (CPI-6)", "nome_batalhao": "45º BPM/I", "tipo_batalhao": "Interior", "companhia": "1.CIA PM", "pelotao": "CGP", "cidade": "Praia Grande", "endereco": "RUA AMÁLIA BELLOTTI PASTORELLO, 94, SÍTIO DO CAMPO - Praia Grande", "latitude": -24.0013256, "longitude": -46.4199286, "fonte_geocodificacao": "Google Geocoding API", "opm_nome": "COMANDO GRUPO PATRULHA", "opm_descricao": "CPI-6 45.BPM/I 1.CIA PM CGP", "opm_codigo": "606451400" }, "geometry": { "type": "Point", "coordinates": [ -46.4199286, -24.0013256 ] } },
{ "type": "Feature", "properties": { "id_comando": "CPI-6", "nome_comando": "6º Comando de Policiamento do Interior (CPI-6)", "nome_batalhao": "45º BPM/I", "tipo_batalhao": "Interior", "companhia": "1.CIA PM", "pelotao": "TERRITORIAL", "cidade": "Praia Grande", "endereco": "RUA AMÁLIA BELLOTTI PASTORELLO, 94, SÍTIO DO CAMPO - Praia Grande", "latitude": -24.0013256, "longitude": -46.4199286, "fonte_geocodificacao": "Google Geocoding API", "opm_nome": "1. COMPANHIA DE POLICIA MILITAR", "opm_descricao": "CPI-6 45.BPM/I 1.CIA PM TERRITORIAL", "opm_codigo": "606451000" }, "geometry": { "type": "Point", "coordinates": [ -46.4199286, -24.0013256 ] } },
{ "type": "Feature", "properties": { "id_comando": "CPI-6", "nome_comando": "6º Comando de Policiamento do Interior (CPI-6)", "nome_batalhao": "45º BPM/I", "tipo_batalhao": "Interior", "companhia": "2.CIA PM", "pelotao": "ADM", "cidade": "Praia Grande", "endereco": "AVENIDA PRESIDENTE KENNEDY, 147914, JD FLÓRIDA - Praia Grande", "latitude": -24.0692606, "longitude": -46.5734661, "fonte_geocodificacao": "Google Geocoding API", "opm_nome": "ADMINISTRACAO", "opm_descricao": "CPI-6 45.BPM/I 2.CIA PM ADM 0", "opm_codigo": "606452400" }, "geometry": { "type": "Point", "coordinates": [ -46.5734661, -24.0692606 ] } },
{ "type": "Feature", "properties": { "id_comando": "CPI-6", "nome_comando": "6º Comando de Policiamento do Interior (CPI-6)", "nome_batalhao": "45º BPM/I", "tipo_batalhao": "Interior", "companhia": "2.CIA PM", "pelotao": "CGP", "cidade": "Praia Grande", "endereco": "AVENIDA PRESIDENTE KENNEDY, 17914, JD FLÓRIDA - Praia Grande", "latitude": -24.0684325, "longitude": -46.5723703, "fonte_geocodificacao": "Google Geocoding API", "opm_nome": "COMANDO GRUPO PATRULHA", "opm_descricao": "CPI-6 45.BPM/I 2.CIA PM CGP", "opm_codigo": "606452500" }, "geometry": { "type": "Point", "coordinates": [ -46.5723703, -24.0684325 ] } },
{ "type": "Feature", "properties": { "id_comando": "CPI-6", "nome_comando": "6º Comando de Policiamento do Interior (CPI-6)", "nome_batalhao": "45º BPM/I", "tipo_batalhao": "Interior", "companhia": "2.CIA PM", "pelotao": "TERRITORIAL", "cidade": "Praia Grande", "endereco": "AVENIDA PRESIDENTE KENNEDY, 17914, JD FLÓRIDA - Praia Grande", "latitude": -24.0684325, "longitude": -46.5723703, "fonte_geocodificacao": "Google Geocoding API", "opm_nome": "2. COMPANHIA DE POLICIA MILITAR", "opm_descricao": "CPI-6 45.BPM/I 2.CIA PM TERRITORIAL", "opm_codigo": "606452000" }, "geometry": { "type": "Point", "coordinates": [ -46.5723703, -24.0684325 ] } },
{ "type": "Feature", "properties": { "id_comando": "CPI-6", "nome_comando": "6º Comando de Policiamento do Interior (CPI-6)", "nome_batalhao": "45º BPM/I", "tipo_batalhao": "Interior", "companhia": "3.CIA PM", "pelotao": "ADM", "cidade": "Praia Grande", "endereco": "RUA GUIMARÃES ROSA, 1069, OCIAN - Praia Grande", "latitude": -24.0217256, "longitude": -46.4781821, "fonte_geocodificacao": "Google Geocoding API", "opm_nome": "ADMINISTRACAO", "opm_descricao": "CPI-6 45.BPM/I 3.CIA PM ADM", "opm_codigo": "606454100" }, "geometry": { "type": "Point", "coordinates": [ -46.4781821, -24.0217256 ] } },
{ "type": "Feature", "properties": { "id_comando": "CPI-6", "nome_comando": "6º Comando de Policiamento do Interior (CPI-6)", "nome_batalhao": "45º BPM/I", "tipo_batalhao": "Interior", "companhia": "3.CIA PM", "pelotao": "CGP", "cidade": "Praia Grande", "endereco": "RUA GUIMARÃES ROSA, 1069, OCIAN - Praia Grande", "latitude": -24.0217256, "longitude": -46.4781821, "fonte_geocodificacao": "Google Geocoding API", "opm_nome": "COMANDO GRUPO PATRULHA", "opm_descricao": "CPI-6 45.BPM/I 3.CIA PM CGP", "opm_codigo": "606454200" }, "geometry": { "type": "Point", "coordinates": [ -46.4781821, -24.0217256 ] } },
{ "type": "Feature", "properties": { "id_comando": "CPI-6", "nome_comando": "6º Comando de Policiamento do Interior (CPI-6)", "nome_batalhao": "45º BPM/I", "tipo_batalhao": "Interior", "companhia": "3.CIA PM", "pelotao": "TERRITORIAL", "cidade": "Praia Grande", "endereco": "RUA GUIMARÃES ROSA, 1069, OCIAN - Praia Grande", "latitude": -24.0217256, "longitude": -46.4781821, "fonte_geocodificacao": "Google Geocoding API", "opm_nome": "3. COMPANHIA DE POLICIA MILITAR", "opm_descricao": "CPI-6 45.BPM/I 3.CIA PM TERRITORIAL", "opm_codigo": "606454000" }, "geometry": { "type": "Point", "coordinates": [ -46.4781821, -24.0217256 ] } },
{ "type": "Feature", "properties": { "id_comando": "CPI-6", "nome_comando": "6º Comando de Policiamento do Interior (CPI-6)", "nome_batalhao": "45º BPM/I", "tipo_batalhao": "Interior", "companhia": "EM", "pelotao": "DIV OP", "cidade": "Praia Grande", "endereco": "AVENIDA AYRTON SENNA DA SILVA, 1511, SÍTIO DO CAMPO - Praia Grande", "latitude": -23.9960843, "longitude": -46.4076257, "fonte_geocodificacao": "Google Geocoding API", "opm_nome": "DIVISAO OPERACIONAL", "opm_descricao": "CPI-6 45.BPM/I EM DIV OP", "opm_codigo": "606458300" }, "geometry": { "type": "Point", "coordinates": [ -46.4076257, -23.9960843 ] } },
{ "type": "Feature", "properties": { "id_comando": "CPI-6", "nome_comando": "6º Comando de Policiamento do Interior (CPI-6)", "nome_batalhao": "45º BPM/I", "tipo_batalhao": "Interior", "companhia": "EM", "pelotao": "MOTOMEC", "cidade": "Praia Grande", "endereco": "RUA GUIMARÃES ROSA, 1069  Sede 3ª Cia, OCIAN - Praia Grande", "latitude": -24.0217256, "longitude": -46.4781821, "fonte_geocodificacao": "Google Geocoding API", "opm_nome": "45.BPM/I - MOTOMECANIZACAO", "opm_descricao": "CPI-6 45.BPM/I EM MOTOMEC 0", "opm_codigo": "606458700" }, "geometry": { "type": "Point", "coordinates": [ -46.4781821, -24.0217256 ] } },
{ "type": "Feature", "properties": { "id_comando": "CPI-6", "nome_comando": "6º Comando de Policiamento do Interior (CPI-6)", "nome_batalhao": "45º BPM/I", "tipo_batalhao": "Interior", "companhia": "EM", "pelotao": "P/1 P/5", "cidade": "Praia Grande", "endereco": "AVENIDA AYRTON SENNA DA SILVA, 1511, SÍTIO DO CAMPO - Praia Grande", "latitude": -23.9960843, "longitude": -46.4076257, "fonte_geocodificacao": "Google Geocoding API", "opm_nome": "P/1 P/5", "opm_descricao": "CPI-6 45.BPM/I EM P/1 P/5", "opm_codigo": "606458100" }, "geometry": { "type": "Point", "coordinates": [ -46.4076257, -23.9960843 ] } },
{ "type": "Feature", "properties": { "id_comando": "CPI-6", "nome_comando": "6º Comando de Policiamento do Interior (CPI-6)", "nome_batalhao": "45º BPM/I", "tipo_batalhao": "Interior", "companhia": "EM", "pelotao": "P/2", "cidade": "Praia Grande", "endereco": "AVENIDA AYRTON SENNA DA SILVA, 1511, SÍTIO DO CAMPO - Praia Grande", "latitude": -23.9960843, "longitude": -46.4076257, "fonte_geocodificacao": "Google Geocoding API", "opm_nome": "P/2", "opm_descricao": "CPI-6 45.BPM/I EM P/2 0", "opm_codigo": "606458200" }, "geometry": { "type": "Point", "coordinates": [ -46.4076257, -23.9960843 ] } },
{ "type": "Feature", "properties": { "id_comando": "CPI-6", "nome_comando": "6º Comando de Policiamento do Interior (CPI-6)", "nome_batalhao": "45º BPM/I", "tipo_batalhao": "Interior", "companhia": "EM", "pelotao": "P/4 MOTOMEC", "cidade": "Praia Grande", "endereco": "AVENIDA AYRTON SENNA DA SILVA, 1511, SÍTIO DO CAMPO - Praia Grande", "latitude": -23.9960843, "longitude": -46.4076257, "fonte_geocodificacao": "Google Geocoding API", "opm_nome": "P/4 MOTOMECANIZACAO", "opm_descricao": "CPI-6 45.BPM/I EM P/4 MOTOMEC 0", "opm_codigo": "606458400" }, "geometry": { "type": "Point", "coordinates": [ -46.4076257, -23.9960843 ] } },
{ "type": "Feature", "properties": { "id_comando": "CPI-6", "nome_comando": "6º Comando de Policiamento do Interior (CPI-6)", "nome_batalhao": "45º BPM/I", "tipo_batalhao": "Interior", "companhia": "EM", "pelotao": "P/5", "cidade": "Praia Grande", "endereco": "AVENIDA AYRTON SENNA DA SILVA, 1511, SÍTIO DO CAMPO - Praia Grande", "latitude": -23.9960843, "longitude": -46.4076257, "fonte_geocodificacao": "Google Geocoding API", "opm_nome": "45.BPM/I P/5", "opm_descricao": "CPI-6 45.BPM/I EM P/5", "opm_codigo": "606458500" }, "geometry": { "type": "Point", "coordinates": [ -46.4076257, -23.9960843 ] } },
{ "type": "Feature", "properties": { "id_comando": "CPI-6", "nome_comando": "6º Comando de Policiamento do Interior (CPI-6)", "nome_batalhao": "45º BPM/I", "tipo_batalhao": "Interior", "companhia": "EM", "pelotao": "SEC PJMD", "cidade": "Praia Grande", "endereco": "AVENIDA AYRTON SENNA DA SILVA, 1511, SÍTIO DO CAMPO - Praia Grande", "latitude": -23.9960843, "longitude": -46.4076257, "fonte_geocodificacao": "Google Geocoding API", "opm_nome": "SECAO DE POLICIA JUDICIARIA MILITAR E DISCIPLINA", "opm_descricao": "CPI-6 45.BPM/I EM SEC PJMD 0", "opm_codigo": "606458600" }, "geometry": { "type": "Point", "coordinates": [ -46.4076257, -23.9960843 ] } },
{ "type": "Feature", "properties": { "id_comando": "CPI-1", "nome_comando": "1º Comando de Policiamento do Interior (CPI-1)", "nome_batalhao": "46º BPM/I", "tipo_batalhao": "Interior", "companhia": "1.CIA PM", "pelotao": "ADM", "cidade": "Jacarei", "endereco": "RUA DOM PEDRO II, 290, VILA DENISE - Jacarei", "latitude": -23.3032629, "longitude": -45.976904, "fonte_geocodificacao": "Google Geocoding API", "opm_nome": "ADMINISTRACAO", "opm_descricao": "CPI-1 46.BPM/I 1.CIA PM ADM", "opm_codigo": "601461400" }, "geometry": { "type": "Point", "coordinates": [ -45.976904, -23.3032629 ] } },
{ "type": "Feature", "properties": { "id_comando": "CPI-1", "nome_comando": "1º Comando de Policiamento do Interior (CPI-1)", "nome_batalhao": "46º BPM/I", "tipo_batalhao": "Interior", "companhia": "1.CIA PM", "pelotao": "TERRITORIAL", "cidade": "Sao Jose Dos Campos", "endereco": "PRAÇA JOÃO BATISTA PENELUPPI, 200, JARDIM DIAMANTE - Sao Jose Dos Campos", "latitude": -23.181798, "longitude": -45.8420279, "fonte_geocodificacao": "Google Geocoding API", "opm_nome": "1. COMPANHIA DE POLICIA MILITAR", "opm_descricao": "CPI-1 46.BPM/I 1.CIA PM TERRITORIAL", "opm_codigo": "601461000" }, "geometry": { "type": "Point", "coordinates": [ -45.8420279, -23.181798 ] } },
{ "type": "Feature", "properties": { "id_comando": "CPI-1", "nome_comando": "1º Comando de Policiamento do Interior (CPI-1)", "nome_batalhao": "46º BPM/I", "tipo_batalhao": "Interior", "companhia": "2.CIA PM", "pelotao": "ADM", "cidade": "Jacarei", "endereco": "PRAÇA RAUL CHAVES, 95, VILA DENISE - Jacarei", "latitude": -23.3046779, "longitude": -45.9668634, "fonte_geocodificacao": "Google Geocoding API", "opm_nome": "ADMINISTRACAO", "opm_descricao": "CPI-1 46.BPM/I 2.CIA PM ADM", "opm_codigo": "601462400" }, "geometry": { "type": "Point", "coordinates": [ -45.9668634, -23.3046779 ] } },
{ "type": "Feature", "properties": { "id_comando": "CPI-1", "nome_comando": "1º Comando de Policiamento do Interior (CPI-1)", "nome_batalhao": "46º BPM/I", "tipo_batalhao": "Interior", "companhia": "2.CIA PM", "pelotao": "TERRITORIAL", "cidade": "Sao Jose Dos Campos", "endereco": "AVENIDA CIDADE JARDIM, 5130, BOSQUE DOS EUCALIPTOS - Sao Jose Dos Campos", "latitude": -23.2587507, "longitude": -45.8865225, "fonte_geocodificacao": "Google Geocoding API", "opm_nome": "2. COMPANHIA DE POLICIA MILITAR", "opm_descricao": "CPI-1 46.BPM/I 2.CIA PM TERRITORIAL", "opm_codigo": "601462000" }, "geometry": { "type": "Point", "coordinates": [ -45.8865225, -23.2587507 ] } },
{ "type": "Feature", "properties": { "id_comando": "CPI-1", "nome_comando": "1º Comando de Policiamento do Interior (CPI-1)", "nome_batalhao": "46º BPM/I", "tipo_batalhao": "Interior", "companhia": "3.CIA PM", "pelotao": "ADM", "cidade": "Cacapava", "endereco": "RUA SÃO FRANCISCO, 900, VERA CRUZ - Cacapava", "latitude": -23.1111596, "longitude": -45.710062, "fonte_geocodificacao": "Google Geocoding API", "opm_nome": "ADMINISTRACAO", "opm_descricao": "CPI-1 46.BPM/I 3.CIA PM ADM 0", "opm_codigo": "601463400" }, "geometry": { "type": "Point", "coordinates": [ -45.710062, -23.1111596 ] } },
{ "type": "Feature", "properties": { "id_comando": "CPI-1", "nome_comando": "1º Comando de Policiamento do Interior (CPI-1)", "nome_batalhao": "46º BPM/I", "tipo_batalhao": "Interior", "companhia": "3.CIA PM", "pelotao": "TERRITORIAL", "cidade": "Cacapava", "endereco": "RUA SÃO FRANCISCO, 900, VILA ANTÔNIO AUGUSTO LUIZ - Cacapava", "latitude": -23.1111596, "longitude": -45.710062, "fonte_geocodificacao": "Google Geocoding API", "opm_nome": "3. COMPANHIA DE POLICIA MILITAR", "opm_descricao": "CPI-1 46.BPM/I 3.CIA PM TERRITORIAL", "opm_codigo": "601463000" }, "geometry": { "type": "Point", "coordinates": [ -45.710062, -23.1111596 ] } },
{ "type": "Feature", "properties": { "id_comando": "CPI-1", "nome_comando": "1º Comando de Policiamento do Interior (CPI-1)", "nome_batalhao": "46º BPM/I", "tipo_batalhao": "Interior", "companhia": "EM", "pelotao": "AG AREA", "cidade": "Sao Jose Dos Campos", "endereco": "RUA JOANA MARIA CORREA LARANJEIRA, 255, JARDIM PETROPOLIS - Sao Jose Dos Campos", "latitude": -23.2417451, "longitude": -45.9145239, "fonte_geocodificacao": "Google Geocoding API", "opm_nome": "AGENCIA DE AREA", "opm_descricao": "CPI-1 46.BPM/I EM AG AREA", "opm_codigo": "601468200" }, "geometry": { "type": "Point", "coordinates": [ -45.9145239, -23.2417451 ] } },
{ "type": "Feature", "properties": { "id_comando": "CPI-1", "nome_comando": "1º Comando de Policiamento do Interior (CPI-1)", "nome_batalhao": "46º BPM/I", "tipo_batalhao": "Interior", "companhia": "EM", "pelotao": "DIV OP", "cidade": "Sao Jose Dos Campos", "endereco": "RUA JOANA MARIA CORREA LARANJEIRA, 255, JARDIM PETROPOLIS - Sao Jose Dos Campos", "latitude": -23.2417451, "longitude": -45.9145239, "fonte_geocodificacao": "Google Geocoding API", "opm_nome": "DIVISAO OPERACIONAL", "opm_descricao": "CPI-1 46.BPM/I EM DIV OP", "opm_codigo": "601468300" }, "geometry": { "type": "Point", "coordinates": [ -45.9145239, -23.2417451 ] } },
{ "type": "Feature", "properties": { "id_comando": "CPI-1", "nome_comando": "1º Comando de Policiamento do Interior (CPI-1)", "nome_batalhao": "46º BPM/I", "tipo_batalhao": "Interior", "companhia": "EM", "pelotao": "P/1 E P/5", "cidade": "Sao Jose Dos Campos", "endereco": "RUA JOANA MARIA CORREA LARANJEIRA, 255, JARDIM PETROPOLIS - Sao Jose Dos Campos", "latitude": -23.2417451, "longitude": -45.9145239, "fonte_geocodificacao": "Google Geocoding API", "opm_nome": "P/1 E P/5", "opm_descricao": "CPI-1 46.BPM/I EM P/1 E P/5", "opm_codigo": "601468100" }, "geometry": { "type": "Point", "coordinates": [ -45.9145239, -23.2417451 ] } },
{ "type": "Feature", "properties": { "id_comando": "CPI-1", "nome_comando": "1º Comando de Policiamento do Interior (CPI-1)", "nome_batalhao": "46º BPM/I", "tipo_batalhao": "Interior", "companhia": "EM", "pelotao": "P/3", "cidade": "Sao Jose Dos Campos", "endereco": "RUA JOANA MARIA CORREA LARANJEIRA, 255, JARDIM PETROPOLIS - Sao Jose Dos Campos", "latitude": -23.2417451, "longitude": -45.9145239, "fonte_geocodificacao": "Google Geocoding API", "opm_nome": "46.BPM/I PEL FT", "opm_descricao": "CPI-1 46.BPM/I EM P/3 PEL FT", "opm_codigo": "601468310" }, "geometry": { "type": "Point", "coordinates": [ -45.9145239, -23.2417451 ] } },
{ "type": "Feature", "properties": { "id_comando": "CPI-1", "nome_comando": "1º Comando de Policiamento do Interior (CPI-1)", "nome_batalhao": "46º BPM/I", "tipo_batalhao": "Interior", "companhia": "EM", "pelotao": "P/4", "cidade": "Sao Jose Dos Campos", "endereco": "RUA JOANA MARIA CORREA LARANJEIRA, 255, JARDIM PETROPOLIS - Sao Jose Dos Campos", "latitude": -23.2417451, "longitude": -45.9145239, "fonte_geocodificacao": "Google Geocoding API", "opm_nome": "P/4", "opm_descricao": "CPI-1 46.BPM/I EM P/4", "opm_codigo": "601468400" }, "geometry": { "type": "Point", "coordinates": [ -45.9145239, -23.2417451 ] } },
{ "type": "Feature", "properties": { "id_comando": "CPI-1", "nome_comando": "1º Comando de Policiamento do Interior (CPI-1)", "nome_batalhao": "46º BPM/I", "tipo_batalhao": "Interior", "companhia": "EM", "pelotao": "P/5", "cidade": "Sao Jose Dos Campos", "endereco": "RUA JOANA MARIA CORREA LARANJEIRA, 255, JARDIM PETROPOLIS - Sao Jose Dos Campos", "latitude": -23.2417451, "longitude": -45.9145239, "fonte_geocodificacao": "Google Geocoding API", "opm_nome": "46.BPM/I EM P/5", "opm_descricao": "CPI-1 46.BPM/I EM P/5", "opm_codigo": "601468500" }, "geometry": { "type": "Point", "coordinates": [ -45.9145239, -23.2417451 ] } },
{ "type": "Feature", "properties": { "id_comando": "CPI-1", "nome_comando": "1º Comando de Policiamento do Interior (CPI-1)", "nome_batalhao": "46º BPM/I", "tipo_batalhao": "Interior", "companhia": "EM", "pelotao": "SEC PJMD", "cidade": "Sao Jose Dos Campos", "endereco": "RUA JOANA MARIA CORREA LARANJEIRA, 255, JARDIM PETROPOLIS - Sao Jose Dos Campos", "latitude": -23.2417451, "longitude": -45.9145239, "fonte_geocodificacao": "Google Geocoding API", "opm_nome": "SECAO POLICIA JUDICIARIA MILITAR E DISCIPLINA", "opm_descricao": "CPI-1 46.BPM/I EM SEC PJMD", "opm_codigo": "601468600" }, "geometry": { "type": "Point", "coordinates": [ -45.9145239, -23.2417451 ] } },
{ "type": "Feature", "properties": { "id_comando": "CPA/M-2", "nome_comando": "2º Comando de Policiamento de Área Metropolitana (CPA/M-2)", "nome_batalhao": "46º BPM/M", "tipo_batalhao": "Metropolitano", "companhia": "1.CIA PM", "pelotao": "TERRITORIAL", "cidade": "Sao Paulo", "endereco": "VIA ANCHIETA, 1838, VILA MOINHO VELHO - Sao Paulo", "latitude": -23.6177045, "longitude": -46.6020077, "fonte_geocodificacao": "Google Geocoding API", "opm_nome": "1. COMPANHIA DE POLICIA MILITAR", "opm_descricao": "CPA/M-2 46.BPM/M 1.CIA PM TERRITORIAL", "opm_codigo": "502461000" }, "geometry": { "type": "Point", "coordinates": [ -46.602007699999987, -23.6177045 ] } },
{ "type": "Feature", "properties": { "id_comando": "CPA/M-2", "nome_comando": "2º Comando de Policiamento de Área Metropolitana (CPA/M-2)", "nome_batalhao": "46º BPM/M", "tipo_batalhao": "Metropolitano", "companhia": "2.CIA PM", "pelotao": "TERRITORIAL", "cidade": "Sao Paulo", "endereco": "RUA DOM LUIZ LAZAGNA, 534, IPIRANGA - Sao Paulo", "latitude": -23.5909342, "longitude": -46.608728, "fonte_geocodificacao": "Google Geocoding API", "opm_nome": "2. COMPANHIA DE POLICIA MILITAR", "opm_descricao": "CPA/M-2 46.BPM/M 2.CIA PM TERRITORIAL", "opm_codigo": "502462000" }, "geometry": { "type": "Point", "coordinates": [ -46.608728, -23.5909342 ] } },
{ "type": "Feature", "properties": { "id_comando": "CPA/M-2", "nome_comando": "2º Comando de Policiamento de Área Metropolitana (CPA/M-2)", "nome_batalhao": "46º BPM/M", "tipo_batalhao": "Metropolitano", "companhia": "3.CIA PM", "pelotao": "TERRITORIAL", "cidade": "Sao Paulo", "endereco": "AVENIDA PADRE ARLINDO VIEIRA, 50  VILA VERMELHA, SACOMA - Sao Paulo", "latitude": -23.6227386, "longitude": -46.6020818, "fonte_geocodificacao": "Google Geocoding API", "opm_nome": "3. COMPANHIA DE POLICIA MILITAR", "opm_descricao": "CPA/M-2 46.BPM/M 3.CIA PM TERRITORIAL", "opm_codigo": "502463000" }, "geometry": { "type": "Point", "coordinates": [ -46.6020818, -23.6227386 ] } },
{ "type": "Feature", "properties": { "id_comando": "CPA/M-2", "nome_comando": "2º Comando de Policiamento de Área Metropolitana (CPA/M-2)", "nome_batalhao": "46º BPM/M", "tipo_batalhao": "Metropolitano", "companhia": "4.CIA PM", "pelotao": "TERRITORIAL", "cidade": "Sao Paulo", "endereco": "RUA FRANCISCO BAUTISTA, 471  JARDIM SANTA EMÍLIA, SACOMA - Sao Paulo", "latitude": -23.6418375, "longitude": -46.5960601, "fonte_geocodificacao": "Google Geocoding API", "opm_nome": "4. COMPANHIA DE POLICIA MILITAR", "opm_descricao": "CPA/M-2 46.BPM/M 4.CIA PM TERRITORIAL", "opm_codigo": "502464000" }, "geometry": { "type": "Point", "coordinates": [ -46.5960601, -23.6418375 ] } },
{ "type": "Feature", "properties": { "id_comando": "CPI-2", "nome_comando": "2º Comando de Policiamento do Interior (CPI-2)", "nome_batalhao": "47º BPM/I", "tipo_batalhao": "Interior", "companhia": "1.CIA PM", "pelotao": "ADM", "cidade": "Campinas", "endereco": "RODOVIA SANTOS DUMONT KM 66, 0  S/N, PARQUE VIRACOPOS - Campinas", "latitude": -23.0162871, "longitude": -47.1417296, "fonte_geocodificacao": "Google Geocoding API", "opm_nome": "ADMINISTRACAO", "opm_descricao": "CPI-2 47.BPM/I 1.CIA PM ADM 0", "opm_codigo": "602471500" }, "geometry": { "type": "Point", "coordinates": [ -47.1417296, -23.0162871 ] } },
{ "type": "Feature", "properties": { "id_comando": "CPI-2", "nome_comando": "2º Comando de Policiamento do Interior (CPI-2)", "nome_batalhao": "47º BPM/I", "tipo_batalhao": "Interior", "companhia": "1.CIA PM", "pelotao": "TERRITORIAL", "cidade": "Campinas", "endereco": "RODOVIA SANTOS DUMONT, 66, AEROPORTO DE VIRACOPOS - Campinas", "latitude": -23.0105, "longitude": -47.141926, "fonte_geocodificacao": "Google Geocoding API", "opm_nome": "1. COMPANHIA DE POLICIA MILITAR", "opm_descricao": "CPI-2 47.BPM/I 1.CIA PM TERRITORIAL", "opm_codigo": "602471000" }, "geometry": { "type": "Point", "coordinates": [ -47.141926, -23.0105 ] } },
{ "type": "Feature", "properties": { "id_comando": "CPI-2", "nome_comando": "2º Comando de Policiamento do Interior (CPI-2)", "nome_batalhao": "47º BPM/I", "tipo_batalhao": "Interior", "companhia": "2.CIA PM", "pelotao": "ADM", "cidade": "Campinas", "endereco": "RUA NATALE BERTUCI, 138, PARQUE VALENÇA - Campinas", "latitude": -22.9490019, "longitude": -47.1881646, "fonte_geocodificacao": "Google Geocoding API", "opm_nome": "ADMINISTRACAO", "opm_descricao": "CPI-2 47.BPM/I 2.CIA PM ADM 0", "opm_codigo": "602472500" }, "geometry": { "type": "Point", "coordinates": [ -47.1881646, -22.9490019 ] } },
{ "type": "Feature", "properties": { "id_comando": "CPI-2", "nome_comando": "2º Comando de Policiamento do Interior (CPI-2)", "nome_batalhao": "47º BPM/I", "tipo_batalhao": "Interior", "companhia": "2.CIA PM", "pelotao": "TERRITORIAL", "cidade": "Campinas", "endereco": "RUA NATALE BERTUCI, 138, PARQUE VALENÇA - Campinas", "latitude": -22.9490019, "longitude": -47.1881646, "fonte_geocodificacao": "Google Geocoding API", "opm_nome": "2. COMPANHIA DE POLICIA MILITAR", "opm_descricao": "CPI-2 47.BPM/I 2.CIA PM TERRITORIAL", "opm_codigo": "602472000" }, "geometry": { "type": "Point", "coordinates": [ -47.1881646, -22.9490019 ] } },
{ "type": "Feature", "properties": { "id_comando": "CPI-2", "nome_comando": "2º Comando de Policiamento do Interior (CPI-2)", "nome_batalhao": "47º BPM/I", "tipo_batalhao": "Interior", "companhia": "3.CIA PM", "pelotao": "ADM", "cidade": "Campinas", "endereco": "RUA JOÃO CARDOSO, 47, VILA TEIXEIRA - Campinas", "latitude": -22.9037036, "longitude": -47.0817348, "fonte_geocodificacao": "Google Geocoding API", "opm_nome": "ADMINISTRACAO", "opm_descricao": "CPI-2 47.BPM/I 3.CIA PM ADM 0", "opm_codigo": "602473400" }, "geometry": { "type": "Point", "coordinates": [ -47.0817348, -22.9037036 ] } },
{ "type": "Feature", "properties": { "id_comando": "CPI-2", "nome_comando": "2º Comando de Policiamento do Interior (CPI-2)", "nome_batalhao": "47º BPM/I", "tipo_batalhao": "Interior", "companhia": "3.CIA PM", "pelotao": "TERRITORIAL", "cidade": "Campinas", "endereco": "RUA LEÔNCIO BRASILEIRO, 174, JARDIM SANTA TEREZINHA - Campinas", "latitude": -22.9631966, "longitude": -47.1119083, "fonte_geocodificacao": "Google Geocoding API", "opm_nome": "3. COMPANHIA DE POLICIA MILITAR", "opm_descricao": "CPI-2 47.BPM/I 3.CIA PM TERRITORIAL", "opm_codigo": "602473000" }, "geometry": { "type": "Point", "coordinates": [ -47.1119083, -22.9631966 ] } },
{ "type": "Feature", "properties": { "id_comando": "CPI-2", "nome_comando": "2º Comando de Policiamento do Interior (CPI-2)", "nome_batalhao": "47º BPM/I", "tipo_batalhao": "Interior", "companhia": "4.CIA PM", "pelotao": "ADM", "cidade": "Indaiatuba", "endereco": "RUA ARMANDO SALLES DE OLIVEIRA, 473, VILA DE TODOS OS SANTOS - Indaiatuba", "latitude": -23.0798756, "longitude": -47.2132384, "fonte_geocodificacao": "Google Geocoding API", "opm_nome": "27.BPM/I MOTOMECANIZACAO", "opm_descricao": "CPI-2 47.BPM/I 4.CIA PM ADM MOTOMEC", "opm_codigo": "602474410" }, "geometry": { "type": "Point", "coordinates": [ -47.2132384, -23.0798756 ] } },
{ "type": "Feature", "properties": { "id_comando": "CPI-2", "nome_comando": "2º Comando de Policiamento do Interior (CPI-2)", "nome_batalhao": "47º BPM/I", "tipo_batalhao": "Interior", "companhia": "4.CIA PM", "pelotao": "TERRITORIAL", "cidade": "Indaiatuba", "endereco": "RUA ARMANDO SALLES DE OLIVEIRA, 473, VILA TODOS OS SANTOS - Indaiatuba", "latitude": -23.0798756, "longitude": -47.2132384, "fonte_geocodificacao": "Google Geocoding API", "opm_nome": "4. COMPANHIA DE POLICIA MILITAR", "opm_descricao": "CPI-2 47.BPM/I 4.CIA PM TERRITORIAL", "opm_codigo": "602474000" }, "geometry": { "type": "Point", "coordinates": [ -47.2132384, -23.0798756 ] } },
{ "type": "Feature", "properties": { "id_comando": "CPI-2", "nome_comando": "2º Comando de Policiamento do Interior (CPI-2)", "nome_batalhao": "47º BPM/I", "tipo_batalhao": "Interior", "companhia": "5.CIA PM", "pelotao": "0", "cidade": "Campinas", "endereco": "RUA JURANDIR FERRAZ DE CAMPOS, 545, JARDIM NOVA APARECIDA - Campinas", "latitude": -22.8537538, "longitude": -47.1569909, "fonte_geocodificacao": "Google Geocoding API", "opm_nome": "5. COMPANHIA DE POLICIA MILITAR", "opm_descricao": "CPI-2 47.BPM/I 5.CIA PM 0 0", "opm_codigo": "602475000" }, "geometry": { "type": "Point", "coordinates": [ -47.1569909, -22.8537538 ] } },
{ "type": "Feature", "properties": { "id_comando": "CPI-2", "nome_comando": "2º Comando de Policiamento do Interior (CPI-2)", "nome_batalhao": "47º BPM/I", "tipo_batalhao": "Interior", "companhia": "5.CIA PM", "pelotao": "ADM", "cidade": "Campinas", "endereco": "RUA JURANDIR FERRAZ DE CAMPOS, 545, VILA PADRE ANCHIETA - Campinas", "latitude": -22.8537538, "longitude": -47.1569909, "fonte_geocodificacao": "Google Geocoding API", "opm_nome": "ADMINISTRACAO", "opm_descricao": "CPI-2 47.BPM/I 5.CIA PM ADM 0", "opm_codigo": "602475500" }, "geometry": { "type": "Point", "coordinates": [ -47.1569909, -22.8537538 ] } },
{ "type": "Feature", "properties": { "id_comando": "CPI-2", "nome_comando": "2º Comando de Policiamento do Interior (CPI-2)", "nome_batalhao": "47º BPM/I", "tipo_batalhao": "Interior", "companhia": "6.CIA PM", "pelotao": "0", "cidade": "Campinas", "endereco": "RUA JOÃO CARDOSO, 47, VILA TEIXEIRA - Campinas", "latitude": -22.9037036, "longitude": -47.0817348, "fonte_geocodificacao": "Google Geocoding API", "opm_nome": "6. COMPANHIA DE POLICIA MILITAR", "opm_descricao": "CPI-2 47.BPM/I 6.CIA PM 0 0", "opm_codigo": "602476000" }, "geometry": { "type": "Point", "coordinates": [ -47.0817348, -22.9037036 ] } },
{ "type": "Feature", "properties": { "id_comando": "CPI-2", "nome_comando": "2º Comando de Policiamento do Interior (CPI-2)", "nome_batalhao": "47º BPM/I", "tipo_batalhao": "Interior", "companhia": "6.CIA PM", "pelotao": "ADM", "cidade": "Campinas", "endereco": "RUA JOÃO CARDOSO, 47, VILA TEIXEIRA - Campinas", "latitude": -22.9037036, "longitude": -47.0817348, "fonte_geocodificacao": "Google Geocoding API", "opm_nome": "ADMINISTRACAO", "opm_descricao": "CPI-2 47.BPM/I 6.CIA PM ADM 0", "opm_codigo": "602476100" }, "geometry": { "type": "Point", "coordinates": [ -47.0817348, -22.9037036 ] } },
{ "type": "Feature", "properties": { "id_comando": "CPI-2", "nome_comando": "2º Comando de Policiamento do Interior (CPI-2)", "nome_batalhao": "47º BPM/I", "tipo_batalhao": "Interior", "companhia": "CIA F T", "pelotao": "ADM", "cidade": "Campinas", "endereco": "RUA JOÃO TEIXEIRA, 47, VILA TEIXEIRA - Campinas", "latitude": -22.9030832, "longitude": -47.082763, "fonte_geocodificacao": "Google Geocoding API", "opm_nome": "ADMINISTRACAO", "opm_descricao": "CPI-2 47.BPM/I CIA F T ADM", "opm_codigo": "602477100" }, "geometry": { "type": "Point", "coordinates": [ -47.082763, -22.9030832 ] } },
{ "type": "Feature", "properties": { "id_comando": "CPI-2", "nome_comando": "2º Comando de Policiamento do Interior (CPI-2)", "nome_batalhao": "47º BPM/I", "tipo_batalhao": "Interior", "companhia": "EM", "pelotao": "P/1 P/5", "cidade": "Campinas", "endereco": "RUA JOÃO CARDOSO, 47  SEM NUMERO, VILA TEIXEIRA - Campinas", "latitude": -22.9037036, "longitude": -47.0817348, "fonte_geocodificacao": "Google Geocoding API", "opm_nome": "P/1 E P/5", "opm_descricao": "CPI-2 47.BPM/I EM P/1 P/5", "opm_codigo": "602479100" }, "geometry": { "type": "Point", "coordinates": [ -47.0817348, -22.9037036 ] } },
{ "type": "Feature", "properties": { "id_comando": "CPI-2", "nome_comando": "2º Comando de Policiamento do Interior (CPI-2)", "nome_batalhao": "47º BPM/I", "tipo_batalhao": "Interior", "companhia": "EM", "pelotao": "P/2", "cidade": "Campinas", "endereco": "RUA JOÃO CARDOSO, 0  SEM NUMERO, VILA TEIXEIRA - Campinas", "latitude": -22.9033204, "longitude": -47.0822128, "fonte_geocodificacao": "Google Geocoding API", "opm_nome": "P/2", "opm_descricao": "CPI-2 47.BPM/I EM P/2 0", "opm_codigo": "602479200" }, "geometry": { "type": "Point", "coordinates": [ -47.0822128, -22.9033204 ] } },
{ "type": "Feature", "properties": { "id_comando": "CPI-2", "nome_comando": "2º Comando de Policiamento do Interior (CPI-2)", "nome_batalhao": "47º BPM/I", "tipo_batalhao": "Interior", "companhia": "EM", "pelotao": "P/3", "cidade": "Campinas", "endereco": "RUA JOÃO CARDOSO, 0  SEM NUMERO, VILA TEIXEIRA - Campinas", "latitude": -22.9033204, "longitude": -47.0822128, "fonte_geocodificacao": "Google Geocoding API", "opm_nome": "P/3", "opm_descricao": "CPI-2 47.BPM/I EM P/3", "opm_codigo": "602479300" }, "geometry": { "type": "Point", "coordinates": [ -47.0822128, -22.9033204 ] } },
{ "type": "Feature", "properties": { "id_comando": "CPI-2", "nome_comando": "2º Comando de Policiamento do Interior (CPI-2)", "nome_batalhao": "47º BPM/I", "tipo_batalhao": "Interior", "companhia": "EM", "pelotao": "P/4", "cidade": "Campinas", "endereco": "RUA JOÃO CARDOSO, 47, VILA TEIXEIRA - Campinas", "latitude": -22.9037036, "longitude": -47.0817348, "fonte_geocodificacao": "Google Geocoding API", "opm_nome": "P/4", "opm_descricao": "CPI-2 47.BPM/I EM P/4 0", "opm_codigo": "602479400" }, "geometry": { "type": "Point", "coordinates": [ -47.0817348, -22.9037036 ] } },
{ "type": "Feature", "properties": { "id_comando": "CPI-2", "nome_comando": "2º Comando de Policiamento do Interior (CPI-2)", "nome_batalhao": "47º BPM/I", "tipo_batalhao": "Interior", "companhia": "EM", "pelotao": "P/5", "cidade": "Campinas", "endereco": "RUA JOÃO CARDOSO, 0  SEM NUMERO, VILA TEIXEIRA - Campinas", "latitude": -22.9033204, "longitude": -47.0822128, "fonte_geocodificacao": "Google Geocoding API", "opm_nome": "47.BPM/M P/5", "opm_descricao": "CPI-2 47.BPM/I EM P/5", "opm_codigo": "602479500" }, "geometry": { "type": "Point", "coordinates": [ -47.0822128, -22.9033204 ] } },
{ "type": "Feature", "properties": { "id_comando": "CPI-2", "nome_comando": "2º Comando de Policiamento do Interior (CPI-2)", "nome_batalhao": "47º BPM/I", "tipo_batalhao": "Interior", "companhia": "EM", "pelotao": "SEC PJMD", "cidade": "Campinas", "endereco": "RUA JOÃO CARDOSO, 0  SEM NUMERO, VILA TEIXEIRA - Campinas", "latitude": -22.9033204, "longitude": -47.0822128, "fonte_geocodificacao": "Google Geocoding API", "opm_nome": "SECAO POLICIA JUDICIARIA MILITAR E DISCIPLINA", "opm_descricao": "CPI-2 47.BPM/I EM SEC PJMD 0", "opm_codigo": "602479600" }, "geometry": { "type": "Point", "coordinates": [ -47.0822128, -22.9033204 ] } },
{ "type": "Feature", "properties": { "id_comando": "CPI-9", "nome_comando": "9º Comando de Policiamento do Interior (CPI-9)", "nome_batalhao": "48º BPM/I", "tipo_batalhao": "Interior", "companhia": "", "pelotao": "PEL F TAT", "cidade": "Sumare", "endereco": "AV. REBOUÇAS, 2796, VILA YOLANDA - Sumare", "latitude": -22.812777, "longitude": -47.2791211, "fonte_geocodificacao": "Google Geocoding API", "opm_nome": "48.BPM/I  PEL F TAT", "opm_descricao": "CPI-9 48.BPM/I PEL F TAT", "opm_codigo": "609480100" }, "geometry": { "type": "Point", "coordinates": [ -47.2791211, -22.812777 ] } },
{ "type": "Feature", "properties": { "id_comando": "CPI-9", "nome_comando": "9º Comando de Policiamento do Interior (CPI-9)", "nome_batalhao": "48º BPM/I", "tipo_batalhao": "Interior", "companhia": "1.CIA PM", "pelotao": "ADMINISTRACAO", "cidade": "Sumare", "endereco": "RUA IPIRANGA, 530, CENTRO - Sumare", "latitude": -22.8222581, "longitude": -47.2699605, "fonte_geocodificacao": "Google Geocoding API", "opm_nome": "ADMINISTRACAO", "opm_descricao": "CPI-9 48.BPM/I 1.CIA PM ADMINISTRACAO 0", "opm_codigo": "609481400" }, "geometry": { "type": "Point", "coordinates": [ -47.2699605, -22.8222581 ] } },
{ "type": "Feature", "properties": { "id_comando": "CPI-9", "nome_comando": "9º Comando de Policiamento do Interior (CPI-9)", "nome_batalhao": "48º BPM/I", "tipo_batalhao": "Interior", "companhia": "1.CIA PM", "pelotao": "CGP", "cidade": "Sumare", "endereco": "UNIDADE INEXISTENTE, 0  UNIDADE INEXISTENTE, 0 - Sumare", "latitude": -22.8244116, "longitude": -47.2707792, "fonte_geocodificacao": "Google Geocoding API", "opm_nome": "COMANDO DE GRUPO PATRULHA", "opm_descricao": "CPI-9 48.BPM/I 1.CIA PM CGP 0", "opm_codigo": "609481100" }, "geometry": { "type": "Point", "coordinates": [ -47.2707792, -22.8244116 ] } },
{ "type": "Feature", "properties": { "id_comando": "CPI-9", "nome_comando": "9º Comando de Policiamento do Interior (CPI-9)", "nome_batalhao": "48º BPM/I", "tipo_batalhao": "Interior", "companhia": "1.CIA PM", "pelotao": "PEL PM", "cidade": "Nova Odessa", "endereco": "RUA EDUARDO LEEKING, 611  2º PEL 1º CIA 48º BPMI, JARDIM BELA VISTA - Nova Odessa", "latitude": -22.7868145, "longitude": -47.2974928, "fonte_geocodificacao": "Google Geocoding API", "opm_nome": "PELOTAO POLICIAL MILITAR", "opm_descricao": "CPI-9 48.BPM/I 1.CIA PM PEL PM 0", "opm_codigo": "609481200" }, "geometry": { "type": "Point", "coordinates": [ -47.2974928, -22.7868145 ] } },
{ "type": "Feature", "properties": { "id_comando": "CPI-9", "nome_comando": "9º Comando de Policiamento do Interior (CPI-9)", "nome_batalhao": "48º BPM/I", "tipo_batalhao": "Interior", "companhia": "3.CIA PM", "pelotao": "ADMINISTRACAO", "cidade": "Hortolandia", "endereco": "RUA JOSÉ CAMARGO, 21  3ª Cia PM 48º BPM-I, REMANSO CAMPINEIRO - Hortolandia", "latitude": -22.8688683, "longitude": -47.2161941, "fonte_geocodificacao": "Google Geocoding API", "opm_nome": "ADMINISTRACAO", "opm_descricao": "CPI-9 48.BPM/I 3.CIA PM ADMINISTRACAO 0", "opm_codigo": "609483400" }, "geometry": { "type": "Point", "coordinates": [ -47.2161941, -22.8688683 ] } },
{ "type": "Feature", "properties": { "id_comando": "CPI-9", "nome_comando": "9º Comando de Policiamento do Interior (CPI-9)", "nome_batalhao": "48º BPM/I", "tipo_batalhao": "Interior", "companhia": "4.CIA PM", "pelotao": "ADMINISTRACAO", "cidade": "Hortolandia", "endereco": "AVENIDA SANTANA, 73  4ª Cia do 48º BPM/I, JARDIM AMANDA I - Hortolandia", "latitude": -22.9026542, "longitude": -47.2297708, "fonte_geocodificacao": "Google Geocoding API", "opm_nome": "ADMINISTRACAO", "opm_descricao": "CPI-9 48.BPM/I 4.CIA PM ADMINISTRACAO 0", "opm_codigo": "609484300" }, "geometry": { "type": "Point", "coordinates": [ -47.2297708, -22.9026542 ] } },
{ "type": "Feature", "properties": { "id_comando": "CPI-9", "nome_comando": "9º Comando de Policiamento do Interior (CPI-9)", "nome_batalhao": "48º BPM/I", "tipo_batalhao": "Interior", "companhia": "4.CIA PM", "pelotao": "CGP", "cidade": "Hortolandia", "endereco": "AVENIDA SANTANA, 73  4ª Cia do 48º BPM/I, JARDIM AMANDA I - Hortolandia", "latitude": -22.9026542, "longitude": -47.2297708, "fonte_geocodificacao": "Google Geocoding API", "opm_nome": "COMANDO DE GRUPO PATRULHA", "opm_descricao": "CPI-9 48.BPM/I 4.CIA PM CGP 0", "opm_codigo": "609484100" }, "geometry": { "type": "Point", "coordinates": [ -47.2297708, -22.9026542 ] } },
{ "type": "Feature", "properties": { "id_comando": "CPI-9", "nome_comando": "9º Comando de Policiamento do Interior (CPI-9)", "nome_batalhao": "48º BPM/I", "tipo_batalhao": "Interior", "companhia": "4.CIA PM", "pelotao": "PEL PM", "cidade": "Monte Mor", "endereco": "RUA DOUTOR CARLOS DE CAMPOS, 181  2º PEL 4ª CIA 48º BPMI, CENTRO - Monte Mor", "latitude": -22.9473391, "longitude": -47.3165341, "fonte_geocodificacao": "Google Geocoding API", "opm_nome": "PELOTAO POLICIAL MILITAR", "opm_descricao": "CPI-9 48.BPM/I 4.CIA PM PEL PM 0", "opm_codigo": "609484200" }, "geometry": { "type": "Point", "coordinates": [ -47.3165341, -22.9473391 ] } },
{ "type": "Feature", "properties": { "id_comando": "CPI-9", "nome_comando": "9º Comando de Policiamento do Interior (CPI-9)", "nome_batalhao": "48º BPM/I", "tipo_batalhao": "Interior", "companhia": "CIA FT", "pelotao": "0", "cidade": "Sumare", "endereco": "AVENIDA REBOUÇAS, 2796, CENTRO - VL YOLANDA COSTA & SILVA - Sumare", "latitude": -22.812777, "longitude": -47.2791211, "fonte_geocodificacao": "Google Geocoding API", "opm_nome": "COMPANHIA FORCA TATICA DA POLICIA MILITAR", "opm_descricao": "CPI-9 48.BPM/I CIA FT 0 0", "opm_codigo": "609485000" }, "geometry": { "type": "Point", "coordinates": [ -47.2791211, -22.812777 ] } },
{ "type": "Feature", "properties": { "id_comando": "CPI-9", "nome_comando": "9º Comando de Policiamento do Interior (CPI-9)", "nome_batalhao": "48º BPM/I", "tipo_batalhao": "Interior", "companhia": "CIA FT", "pelotao": "1. PEL FT", "cidade": "Sumare", "endereco": "AVENIDA REBOUÇAS, 2796, CENTRO - VL YOLANDA COSTA & SILVA - Sumare", "latitude": -22.812777, "longitude": -47.2791211, "fonte_geocodificacao": "Google Geocoding API", "opm_nome": "1. PELOTAO FORCA TATICA", "opm_descricao": "CPI-9 48.BPM/I CIA FT 1. PEL FT 0", "opm_codigo": "609485100" }, "geometry": { "type": "Point", "coordinates": [ -47.2791211, -22.812777 ] } },
{ "type": "Feature", "properties": { "id_comando": "CPI-9", "nome_comando": "9º Comando de Policiamento do Interior (CPI-9)", "nome_batalhao": "48º BPM/I", "tipo_batalhao": "Interior", "companhia": "CIA FT", "pelotao": "2. PEL FT", "cidade": "Sumare", "endereco": "AVENIDA REBOUÇAS, 2796, CENTRO - VL YOLANDA COSTA & SILVA - Sumare", "latitude": -22.812777, "longitude": -47.2791211, "fonte_geocodificacao": "Google Geocoding API", "opm_nome": "2. PELOTAO DE FORCA TATICA", "opm_descricao": "CPI-9 48.BPM/I CIA FT 2. PEL FT 0", "opm_codigo": "609485200" }, "geometry": { "type": "Point", "coordinates": [ -47.2791211, -22.812777 ] } },
{ "type": "Feature", "properties": { "id_comando": "CPI-9", "nome_comando": "9º Comando de Policiamento do Interior (CPI-9)", "nome_batalhao": "48º BPM/I", "tipo_batalhao": "Interior", "companhia": "CIA FT", "pelotao": "ADMINISTRACAO", "cidade": "Sumare", "endereco": "AVENIDA REBOUÇAS, 2796, CENTRO - VL YOLANDA COSTA & SILVA - Sumare", "latitude": -22.812777, "longitude": -47.2791211, "fonte_geocodificacao": "Google Geocoding API", "opm_nome": "ADMINISTRACAO", "opm_descricao": "CPI-9 48.BPM/I CIA FT ADMINISTRACAO 0", "opm_codigo": "609485300" }, "geometry": { "type": "Point", "coordinates": [ -47.2791211, -22.812777 ] } },
{ "type": "Feature", "properties": { "id_comando": "CPI-9", "nome_comando": "9º Comando de Policiamento do Interior (CPI-9)", "nome_batalhao": "48º BPM/I", "tipo_batalhao": "Interior", "companhia": "EM", "pelotao": "DIV OP", "cidade": "Nova Odessa", "endereco": "AVENIDA REBOUÇAS, 2796, VILA YOLANDA - Nova Odessa", "latitude": -22.812777, "longitude": -47.2791211, "fonte_geocodificacao": "Google Geocoding API", "opm_nome": "DIVISAO OPERACIONAL", "opm_descricao": "CPI-9 48.BPM/I EM DIV OP", "opm_codigo": "609488300" }, "geometry": { "type": "Point", "coordinates": [ -47.2791211, -22.812777 ] } },
{ "type": "Feature", "properties": { "id_comando": "CPI-9", "nome_comando": "9º Comando de Policiamento do Interior (CPI-9)", "nome_batalhao": "48º BPM/I", "tipo_batalhao": "Interior", "companhia": "EM", "pelotao": "MOTOMEC", "cidade": "Sumare", "endereco": "AVENIDA REBOUÇAS, 2796, VILA YOLANDA - Sumare", "latitude": -22.812777, "longitude": -47.2791211, "fonte_geocodificacao": "Google Geocoding API", "opm_nome": "48.BPMI - MOTOMEC", "opm_descricao": "CPI-9 48.BPM/I EM MOTOMEC 0", "opm_codigo": "609488700" }, "geometry": { "type": "Point", "coordinates": [ -47.2791211, -22.812777 ] } },
{ "type": "Feature", "properties": { "id_comando": "CPI-9", "nome_comando": "9º Comando de Policiamento do Interior (CPI-9)", "nome_batalhao": "48º BPM/I", "tipo_batalhao": "Interior", "companhia": "EM", "pelotao": "P/1 E P/5", "cidade": "Sumare", "endereco": "AVENIDA REBOUÇAS, 1796, VILA YOLANDA - Sumare", "latitude": -22.8181334, "longitude": -47.2756118, "fonte_geocodificacao": "Google Geocoding API", "opm_nome": "P/1 E P/5", "opm_descricao": "CPI-9 48.BPM/I EM P/1 E P/5", "opm_codigo": "609488100" }, "geometry": { "type": "Point", "coordinates": [ -47.2756118, -22.8181334 ] } },
{ "type": "Feature", "properties": { "id_comando": "CPI-9", "nome_comando": "9º Comando de Policiamento do Interior (CPI-9)", "nome_batalhao": "48º BPM/I", "tipo_batalhao": "Interior", "companhia": "EM", "pelotao": "P/2", "cidade": "Sumare", "endereco": "AVENIDA REBOUÇAS, 2796, VL YOLANDA COSTA & SILVA - Sumare", "latitude": -22.812777, "longitude": -47.2791211, "fonte_geocodificacao": "Google Geocoding API", "opm_nome": "P/2", "opm_descricao": "CPI-9 48.BPM/I EM P/2 0", "opm_codigo": "609488200" }, "geometry": { "type": "Point", "coordinates": [ -47.2791211, -22.812777 ] } },
{ "type": "Feature", "properties": { "id_comando": "CPI-9", "nome_comando": "9º Comando de Policiamento do Interior (CPI-9)", "nome_batalhao": "48º BPM/I", "tipo_batalhao": "Interior", "companhia": "EM", "pelotao": "P/3", "cidade": "Sumare", "endereco": "AVENIDA REBOUÇAS, 1918, CENTRO - Sumare", "latitude": -22.8191416, "longitude": -47.2748098, "fonte_geocodificacao": "Google Geocoding API", "opm_nome": "COMANDO FORCA PATRULHA", "opm_descricao": "CPI-9 48.BPM/I EM P/3 CFP", "opm_codigo": "609488330" }, "geometry": { "type": "Point", "coordinates": [ -47.2748098, -22.8191416 ] } },
{ "type": "Feature", "properties": { "id_comando": "CPI-9", "nome_comando": "9º Comando de Policiamento do Interior (CPI-9)", "nome_batalhao": "48º BPM/I", "tipo_batalhao": "Interior", "companhia": "EM", "pelotao": "P/4 E MOTOMEC", "cidade": "Sumare", "endereco": "AVENIDA REBOUÇAS, 2796, VILA YOLANDA - Sumare", "latitude": -22.812777, "longitude": -47.2791211, "fonte_geocodificacao": "Google Geocoding API", "opm_nome": "P/4 E MOTOMECANIZACAO", "opm_descricao": "CPI-9 48.BPM/I EM P/4 E MOTOMEC 0", "opm_codigo": "609488400" }, "geometry": { "type": "Point", "coordinates": [ -47.2791211, -22.812777 ] } },
{ "type": "Feature", "properties": { "id_comando": "CPI-9", "nome_comando": "9º Comando de Policiamento do Interior (CPI-9)", "nome_batalhao": "48º BPM/I", "tipo_batalhao": "Interior", "companhia": "EM", "pelotao": "P/5", "cidade": "Sumare", "endereco": "AVENIDA REBOUÇAS, 2796, VILA YOLANDA - Sumare", "latitude": -22.812777, "longitude": -47.2791211, "fonte_geocodificacao": "Google Geocoding API", "opm_nome": "48.BPMI - P/5", "opm_descricao": "CPI-9 48.BPM/I EM P/5 0", "opm_codigo": "609488500" }, "geometry": { "type": "Point", "coordinates": [ -47.2791211, -22.812777 ] } },
{ "type": "Feature", "properties": { "id_comando": "CPI-9", "nome_comando": "9º Comando de Policiamento do Interior (CPI-9)", "nome_batalhao": "48º BPM/I", "tipo_batalhao": "Interior", "companhia": "EM", "pelotao": "SEC PJMD", "cidade": "Sumare", "endereco": "AVENIDA REBOUÇAS, 2796, VILA YOLANDA - Sumare", "latitude": -22.812777, "longitude": -47.2791211, "fonte_geocodificacao": "Google Geocoding API", "opm_nome": "SECAO POLICIA JUDICIARIA MILITAR E DISCIPLINAR", "opm_descricao": "CPI-9 48.BPM/I EM SEC PJMD 0", "opm_codigo": "609488600" }, "geometry": { "type": "Point", "coordinates": [ -47.2791211, -22.812777 ] } },
{ "type": "Feature", "properties": { "id_comando": "CPA/M-4", "nome_comando": "4º Comando de Policiamento de Área Metropolitana (CPA/M-4)", "nome_batalhao": "48º BPM/M", "tipo_batalhao": "Metropolitano", "companhia": "1.CIA PM", "pelotao": "TERRITORIAL", "cidade": "Sao Paulo", "endereco": "RUA PAULINO PACHECO DE MELO, 13  COMPANHIA DA POLICIA MILITAR, VILA CURUCA - Sao Paulo", "latitude": -23.5242365, "longitude": -46.4143476, "fonte_geocodificacao": "Google Geocoding API", "opm_nome": "1. COMPANHIA DE POLICIA MILITAR", "opm_descricao": "CPA/M-4 48.BPM/M 1.CIA PM TERRITORIAL", "opm_codigo": "504481000" }, "geometry": { "type": "Point", "coordinates": [ -46.4143476, -23.5242365 ] } },
{ "type": "Feature", "properties": { "id_comando": "CPA/M-4", "nome_comando": "4º Comando de Policiamento de Área Metropolitana (CPA/M-4)", "nome_batalhao": "48º BPM/M", "tipo_batalhao": "Metropolitano", "companhia": "2.CIA PM", "pelotao": "TERRITORIAL", "cidade": "Sao Paulo", "endereco": "RUA CARLO MANNELLI, 206  COMPANHIA DA PM, LAJEADO - Sao Paulo", "latitude": -23.5228826, "longitude": -46.4282145, "fonte_geocodificacao": "Google Geocoding API", "opm_nome": "2. COMPANHIA DE POLICIA MILITAR", "opm_descricao": "CPA/M-4 48.BPM/M 2.CIA PM TERRITORIAL", "opm_codigo": "504482000" }, "geometry": { "type": "Point", "coordinates": [ -46.4282145, -23.5228826 ] } },
{ "type": "Feature", "properties": { "id_comando": "CPA/M-4", "nome_comando": "4º Comando de Policiamento de Área Metropolitana (CPA/M-4)", "nome_batalhao": "48º BPM/M", "tipo_batalhao": "Metropolitano", "companhia": "3.CIA PM", "pelotao": "TERRITORIAL", "cidade": "Sao Paulo", "endereco": "ESTRADA ITAQUERA GUAIANAZES, 80  COMPANHIA DA POLICIA MILITAR, JOSE BONIFACIO - Sao Paulo", "latitude": -23.5308713, "longitude": -46.443534, "fonte_geocodificacao": "Google Geocoding API", "opm_nome": "3. COMPANHIA DE POLICIA MILITAR", "opm_descricao": "CPA/M-4 48.BPM/M 3.CIA PM TERRITORIAL", "opm_codigo": "504483000" }, "geometry": { "type": "Point", "coordinates": [ -46.443534, -23.5308713 ] } },
{ "type": "Feature", "properties": { "id_comando": "CPI-2", "nome_comando": "2º Comando de Policiamento do Interior (CPI-2)", "nome_batalhao": "49º BPM/I", "tipo_batalhao": "Interior", "companhia": "", "pelotao": "PEL F TAT", "cidade": "Jundiai", "endereco": "AVENIDA COMENDADOR ANTÔNIO BORIN, 3480, CAXAMBU - Jundiai", "latitude": -23.1548962, "longitude": -46.8489858, "fonte_geocodificacao": "Google Geocoding API", "opm_nome": "49.BPM/I  PEL F TAT", "opm_descricao": "CPI-2 49.BPM/I PEL F TAT", "opm_codigo": "602490100" }, "geometry": { "type": "Point", "coordinates": [ -46.8489858, -23.1548962 ] } },
{ "type": "Feature", "properties": { "id_comando": "CPI-2", "nome_comando": "2º Comando de Policiamento do Interior (CPI-2)", "nome_batalhao": "49º BPM/I", "tipo_batalhao": "Interior", "companhia": "1.CIA PM", "pelotao": "ADM", "cidade": "Jundiai", "endereco": "AVENIDA COMENDADOR ANTÔNIO BORIN, 3480, CAXAMBÚ - Jundiai", "latitude": -23.1548962, "longitude": -46.8489858, "fonte_geocodificacao": "Google Geocoding API", "opm_nome": "ADMINISTRACAO", "opm_descricao": "CPI-2 49.BPM/I 1.CIA PM ADM 0", "opm_codigo": "602491500" }, "geometry": { "type": "Point", "coordinates": [ -46.8489858, -23.1548962 ] } },
{ "type": "Feature", "properties": { "id_comando": "CPI-2", "nome_comando": "2º Comando de Policiamento do Interior (CPI-2)", "nome_batalhao": "49º BPM/I", "tipo_batalhao": "Interior", "companhia": "2.CIA PM", "pelotao": "0", "cidade": "Morungaba", "endereco": "RUA PEREIRA CARDOSO, 34, CENTRO - Morungaba", "latitude": -22.8799298, "longitude": -46.7917631, "fonte_geocodificacao": "Google Geocoding API", "opm_nome": "GRUPO POLICIAL MILITAR", "opm_descricao": "CPI-2 49.BPM/I 2.CIA PM 0 GP/PM", "opm_codigo": "602492001" }, "geometry": { "type": "Point", "coordinates": [ -46.7917631, -22.8799298 ] } },
{ "type": "Feature", "properties": { "id_comando": "CPI-2", "nome_comando": "2º Comando de Policiamento do Interior (CPI-2)", "nome_batalhao": "49º BPM/I", "tipo_batalhao": "Interior", "companhia": "2.CIA PM", "pelotao": "ADM", "cidade": "Itatiba", "endereco": "RUA CASTRO ALVES, 372, VL SANTA TEREZINHA - Itatiba", "latitude": -23.0088185, "longitude": -46.8303863, "fonte_geocodificacao": "Google Geocoding API", "opm_nome": "ADMINISTRACAO", "opm_descricao": "CPI-2 49.BPM/I 2.CIA PM ADM 0", "opm_codigo": "602492300" }, "geometry": { "type": "Point", "coordinates": [ -46.8303863, -23.0088185 ] } },
{ "type": "Feature", "properties": { "id_comando": "CPI-2", "nome_comando": "2º Comando de Policiamento do Interior (CPI-2)", "nome_batalhao": "49º BPM/I", "tipo_batalhao": "Interior", "companhia": "2.CIA PM", "pelotao": "PEL PM", "cidade": "Louveira", "endereco": "rua vinte e um de março, 66, vila pasti - Louveira", "latitude": -23.0854578, "longitude": -46.9485431, "fonte_geocodificacao": "Google Geocoding API", "opm_nome": "PELOTAO POLICIAL MILITAR", "opm_descricao": "CPI-2 49.BPM/I 2.CIA PM PEL PM 0", "opm_codigo": "602492100" }, "geometry": { "type": "Point", "coordinates": [ -46.948543099999988, -23.0854578 ] } },
{ "type": "Feature", "properties": { "id_comando": "CPI-2", "nome_comando": "2º Comando de Policiamento do Interior (CPI-2)", "nome_batalhao": "49º BPM/I", "tipo_batalhao": "Interior", "companhia": "3.CIA PM", "pelotao": "0", "cidade": "Jarinu", "endereco": "RUA EUGÊNIO DA SILVA BRESSANE, 76, JARDIM SAUDE - Jarinu", "latitude": -23.1023357, "longitude": -46.730258, "fonte_geocodificacao": "Google Geocoding API", "opm_nome": "GRUPO POLICIAL MILITAR", "opm_descricao": "CPI-2 49.BPM/I 3.CIA PM 0 GP/PM", "opm_codigo": "602493001" }, "geometry": { "type": "Point", "coordinates": [ -46.730258, -23.1023357 ] } },
{ "type": "Feature", "properties": { "id_comando": "CPI-2", "nome_comando": "2º Comando de Policiamento do Interior (CPI-2)", "nome_batalhao": "49º BPM/I", "tipo_batalhao": "Interior", "companhia": "3.CIA PM", "pelotao": "2.PEL PM", "cidade": "Itatiba", "endereco": "INEXISTENTE, 0, INEXISTENTE - Itatiba", "latitude": -23.0116481, "longitude": -46.8376019, "fonte_geocodificacao": "Google Geocoding API", "opm_nome": "49.BPM/I 3.CIA PM 2.PEL PM", "opm_descricao": "CPI-2 49.BPM/I 3.CIA PM 2.PEL PM 0", "opm_codigo": "602493200" }, "geometry": { "type": "Point", "coordinates": [ -46.8376019, -23.0116481 ] } },
{ "type": "Feature", "properties": { "id_comando": "CPI-2", "nome_comando": "2º Comando de Policiamento do Interior (CPI-2)", "nome_batalhao": "49º BPM/I", "tipo_batalhao": "Interior", "companhia": "3.CIA PM", "pelotao": "3.PEL PM", "cidade": "Itatiba", "endereco": "INEXISTENTE, 0, INEXISTENTE - Itatiba", "latitude": -23.0116481, "longitude": -46.8376019, "fonte_geocodificacao": "Google Geocoding API", "opm_nome": "49.BPM/I 3.CIA PM 3.PEL PM", "opm_descricao": "CPI-2 49.BPM/I 3.CIA PM 3.PEL PM 0", "opm_codigo": "602493300" }, "geometry": { "type": "Point", "coordinates": [ -46.8376019, -23.0116481 ] } },
{ "type": "Feature", "properties": { "id_comando": "CPI-2", "nome_comando": "2º Comando de Policiamento do Interior (CPI-2)", "nome_batalhao": "49º BPM/I", "tipo_batalhao": "Interior", "companhia": "3.CIA PM", "pelotao": "ADM", "cidade": "Varzea Paulista", "endereco": "RUA FREI HENRIQUE DE COIMBRA, 42, JARDIM DAS ACÁCIAS - Varzea Paulista", "latitude": -23.2116108, "longitude": -46.8079879, "fonte_geocodificacao": "Google Geocoding API", "opm_nome": "ADMINISTRACAO", "opm_descricao": "CPI-2 49.BPM/I 3.CIA PM ADM 0", "opm_codigo": "602493600" }, "geometry": { "type": "Point", "coordinates": [ -46.8079879, -23.2116108 ] } },
{ "type": "Feature", "properties": { "id_comando": "CPI-2", "nome_comando": "2º Comando de Policiamento do Interior (CPI-2)", "nome_batalhao": "49º BPM/I", "tipo_batalhao": "Interior", "companhia": "3.CIA PM", "pelotao": "PEL PM", "cidade": "Campo Limpo Paulista", "endereco": "AVENIDA DOS EMANCIPADORES, 633, JARDIM SANTA CATARINA - Campo Limpo Paulista", "latitude": -23.206869, "longitude": -46.7779454, "fonte_geocodificacao": "Google Geocoding API", "opm_nome": "PELOTAO POLICIAL MILITAR", "opm_descricao": "CPI-2 49.BPM/I 3.CIA PM PEL PM 0", "opm_codigo": "602493100" }, "geometry": { "type": "Point", "coordinates": [ -46.7779454, -23.206869 ] } },
{ "type": "Feature", "properties": { "id_comando": "CPI-2", "nome_comando": "2º Comando de Policiamento do Interior (CPI-2)", "nome_batalhao": "49º BPM/I", "tipo_batalhao": "Interior", "companhia": "CIA FT", "pelotao": "1.PEL FT", "cidade": "Jundiai", "endereco": "AVENIDA COMENDADOR ANTÔNIO BORIN, 3480, CAXAMBU - Jundiai", "latitude": -23.1548962, "longitude": -46.8489858, "fonte_geocodificacao": "Google Geocoding API", "opm_nome": "1. PELOTAO DE FORCA TATICA", "opm_descricao": "CPI-2 49.BPM/I CIA FT 1.PEL FT", "opm_codigo": "602497100" }, "geometry": { "type": "Point", "coordinates": [ -46.8489858, -23.1548962 ] } },
{ "type": "Feature", "properties": { "id_comando": "CPI-2", "nome_comando": "2º Comando de Policiamento do Interior (CPI-2)", "nome_batalhao": "49º BPM/I", "tipo_batalhao": "Interior", "companhia": "CIA FT", "pelotao": "2.PEL FT", "cidade": "Jundiai", "endereco": "AVENIDA COMENDADOR ANTÔNIO BORIN, 3480, Caxambu - Jundiai", "latitude": -23.1548962, "longitude": -46.8489858, "fonte_geocodificacao": "Google Geocoding API", "opm_nome": "2. PELOTAO DE FORCA TATICA", "opm_descricao": "CPI-2 49.BPM/I CIA FT 2.PEL FT", "opm_codigo": "602497200" }, "geometry": { "type": "Point", "coordinates": [ -46.8489858, -23.1548962 ] } },
{ "type": "Feature", "properties": { "id_comando": "CPI-2", "nome_comando": "2º Comando de Policiamento do Interior (CPI-2)", "nome_batalhao": "49º BPM/I", "tipo_batalhao": "Interior", "companhia": "CIA FT", "pelotao": "ADM", "cidade": "Jundiai", "endereco": "AVENIDA COMENDADOR ANTÔNIO BORIN, 3480, caxambu - Jundiai", "latitude": -23.1548962, "longitude": -46.8489858, "fonte_geocodificacao": "Google Geocoding API", "opm_nome": "ADMINISTRACAO", "opm_descricao": "CPI-2 49.BPM/I CIA FT ADM", "opm_codigo": "602497700" }, "geometry": { "type": "Point", "coordinates": [ -46.8489858, -23.1548962 ] } },
{ "type": "Feature", "properties": { "id_comando": "CPI-2", "nome_comando": "2º Comando de Policiamento do Interior (CPI-2)", "nome_batalhao": "49º BPM/I", "tipo_batalhao": "Interior", "companhia": "EM", "pelotao": "DIV OP", "cidade": "Jundiai", "endereco": "Rua Barão do Rio Branco, 318, Vila Santa Rosa - Jundiai", "latitude": -23.1956012, "longitude": -46.8760892, "fonte_geocodificacao": "Google Geocoding API", "opm_nome": "DIVISAO OPERACIONAL", "opm_descricao": "CPI-2 49.BPM/I EM DIV OP 0", "opm_codigo": "602499300" }, "geometry": { "type": "Point", "coordinates": [ -46.8760892, -23.1956012 ] } },
{ "type": "Feature", "properties": { "id_comando": "CPI-2", "nome_comando": "2º Comando de Policiamento do Interior (CPI-2)", "nome_batalhao": "49º BPM/I", "tipo_batalhao": "Interior", "companhia": "EM", "pelotao": "MOTOMEC", "cidade": "Jundiai", "endereco": "RUA BARÃO DO RIO BRANCO, 318, VILA SANTA ROSA - Jundiai", "latitude": -23.1956012, "longitude": -46.8760892, "fonte_geocodificacao": "Google Geocoding API", "opm_nome": "49.BPM/I EM MOTOMEC", "opm_descricao": "CPI-2 49.BPM/I EM MOTOMEC 0", "opm_codigo": "602499700" }, "geometry": { "type": "Point", "coordinates": [ -46.8760892, -23.1956012 ] } },
{ "type": "Feature", "properties": { "id_comando": "CPI-2", "nome_comando": "2º Comando de Policiamento do Interior (CPI-2)", "nome_batalhao": "49º BPM/I", "tipo_batalhao": "Interior", "companhia": "EM", "pelotao": "P/1 E P/5", "cidade": "Jundiai", "endereco": "RUA BARÃO DO RIO BRANCO, 318, VILA ARENS - Jundiai", "latitude": -23.1956012, "longitude": -46.8760892, "fonte_geocodificacao": "Google Geocoding API", "opm_nome": "GUARDA DO QUARTEL", "opm_descricao": "CPI-2 49.BPM/I EM P/1 E P/5 GD QUARTEL", "opm_codigo": "602499110" }, "geometry": { "type": "Point", "coordinates": [ -46.8760892, -23.1956012 ] } },
{ "type": "Feature", "properties": { "id_comando": "CPI-2", "nome_comando": "2º Comando de Policiamento do Interior (CPI-2)", "nome_batalhao": "49º BPM/I", "tipo_batalhao": "Interior", "companhia": "EM", "pelotao": "P/2", "cidade": "Jundiai", "endereco": "RUA BARÃO DO RIO BRANCO, 318, VILA ARENS E PROGRESSO - Jundiai", "latitude": -23.1956012, "longitude": -46.8760892, "fonte_geocodificacao": "Google Geocoding API", "opm_nome": "P/2", "opm_descricao": "CPI-2 49.BPM/I EM P/2 0", "opm_codigo": "602499200" }, "geometry": { "type": "Point", "coordinates": [ -46.8760892, -23.1956012 ] } },
{ "type": "Feature", "properties": { "id_comando": "CPI-2", "nome_comando": "2º Comando de Policiamento do Interior (CPI-2)", "nome_batalhao": "49º BPM/I", "tipo_batalhao": "Interior", "companhia": "EM", "pelotao": "P/3", "cidade": "Jundiai", "endereco": "AVENIDA COMENDADOR ANTÔNIO BORIN, 3480, CAXAMBU - Jundiai", "latitude": -23.1548962, "longitude": -46.8489858, "fonte_geocodificacao": "Google Geocoding API", "opm_nome": "1. PEL FT", "opm_descricao": "CPI-2 49.BPM/I EM P/3 1. PEL FT", "opm_codigo": "602499310" }, "geometry": { "type": "Point", "coordinates": [ -46.8489858, -23.1548962 ] } },
{ "type": "Feature", "properties": { "id_comando": "CPI-2", "nome_comando": "2º Comando de Policiamento do Interior (CPI-2)", "nome_batalhao": "49º BPM/I", "tipo_batalhao": "Interior", "companhia": "EM", "pelotao": "P/4", "cidade": "Jundiai", "endereco": "RUA BARÃO DO RIO BRANCO, 318, VILA ARENS E PROGRESSO - Jundiai", "latitude": -23.1956012, "longitude": -46.8760892, "fonte_geocodificacao": "Google Geocoding API", "opm_nome": "P/4", "opm_descricao": "CPI-2 49.BPM/I EM P/4 0", "opm_codigo": "602499400" }, "geometry": { "type": "Point", "coordinates": [ -46.8760892, -23.1956012 ] } },
{ "type": "Feature", "properties": { "id_comando": "CPI-2", "nome_comando": "2º Comando de Policiamento do Interior (CPI-2)", "nome_batalhao": "49º BPM/I", "tipo_batalhao": "Interior", "companhia": "EM", "pelotao": "P/5", "cidade": "Jundiai", "endereco": "RUA BARÃO DO RIO BRANCO, 318, VILA ARENS E PROGRESSO - Jundiai", "latitude": -23.1956012, "longitude": -46.8760892, "fonte_geocodificacao": "Google Geocoding API", "opm_nome": "49.BPM/I P/5", "opm_descricao": "CPI-2 49.BPM/I EM P/5 0", "opm_codigo": "602499500" }, "geometry": { "type": "Point", "coordinates": [ -46.8760892, -23.1956012 ] } },
{ "type": "Feature", "properties": { "id_comando": "CPI-2", "nome_comando": "2º Comando de Policiamento do Interior (CPI-2)", "nome_batalhao": "49º BPM/I", "tipo_batalhao": "Interior", "companhia": "EM", "pelotao": "SEC PJMD", "cidade": "Jundiai", "endereco": "RUA BARÃO DO RIO BRANCO, 318, VILA ARENS E PROGRESSO - Jundiai", "latitude": -23.1956012, "longitude": -46.8760892, "fonte_geocodificacao": "Google Geocoding API", "opm_nome": "SECAO DE POLICIA JUDICIARIA MILITAR E DISCIPLINA", "opm_descricao": "CPI-2 49.BPM/I EM SEC PJMD 0", "opm_codigo": "602499600" }, "geometry": { "type": "Point", "coordinates": [ -46.8760892, -23.1956012 ] } },
{ "type": "Feature", "properties": { "id_comando": "CPI-2", "nome_comando": "2º Comando de Policiamento do Interior (CPI-2)", "nome_batalhao": "49º BPM/I", "tipo_batalhao": "Interior", "companhia": "EM", "pelotao": "UIS", "cidade": "Jundiai", "endereco": "RUA BARÃO DO RIO BRANCO, 318, VILA SANTA ROSA - Jundiai", "latitude": -23.1956012, "longitude": -46.8760892, "fonte_geocodificacao": "Google Geocoding API", "opm_nome": "UNIDADE INTEGRADA DE SAUDE", "opm_descricao": "CPI-2 49.BPM/I EM UIS 0", "opm_codigo": "602499010" }, "geometry": { "type": "Point", "coordinates": [ -46.8760892, -23.1956012 ] } },
{ "type": "Feature", "properties": { "id_comando": "CPI-2", "nome_comando": "2º Comando de Policiamento do Interior (CPI-2)", "nome_batalhao": "49º BPM/I", "tipo_batalhao": "Interior", "companhia": "EM", "pelotao": "UIS MEDICA", "cidade": "Jundiai", "endereco": "RUA BARÃO DO RIO BRANCO, 318, VILA SANTA ROSA - Jundiai", "latitude": -23.1956012, "longitude": -46.8760892, "fonte_geocodificacao": "Google Geocoding API", "opm_nome": "49.BPM/I EM UIS MEDICA", "opm_descricao": "CPI-2 49.BPM/I EM UIS MEDICA 0", "opm_codigo": "602499800" }, "geometry": { "type": "Point", "coordinates": [ -46.8760892, -23.1956012 ] } },
{ "type": "Feature", "properties": { "id_comando": "CPI-2", "nome_comando": "2º Comando de Policiamento do Interior (CPI-2)", "nome_batalhao": "49º BPM/I", "tipo_batalhao": "Interior", "companhia": "EM", "pelotao": "UIS ODONTO", "cidade": "Jundiai", "endereco": "RUA BARÃO DO RIO BRANCO, 318, VILA SANTA ROSA - Jundiai", "latitude": -23.1956012, "longitude": -46.8760892, "fonte_geocodificacao": "Google Geocoding API", "opm_nome": "49.BPM/I EM UIS ODONTO", "opm_descricao": "CPI-2 49.BPM/I EM UIS ODONTO 0", "opm_codigo": "602499900" }, "geometry": { "type": "Point", "coordinates": [ -46.8760892, -23.1956012 ] } },
{ "type": "Feature", "properties": { "id_comando": "CPA/M-5", "nome_comando": "5º Comando de Policiamento de Área Metropolitana (CPA/M-5)", "nome_batalhao": "49º BPM/M", "tipo_batalhao": "Metropolitano", "companhia": "1.CIA PM", "pelotao": "TERRITORIAL", "cidade": "Sao Paulo", "endereco": "RUA JULIO DE OLIVEIRA, 8, PERUS - Sao Paulo", "latitude": -23.404486, "longitude": -46.7384741, "fonte_geocodificacao": "Google Geocoding API", "opm_nome": "1.COMPANHIA DE POLICIA MILITAR", "opm_descricao": "CPA/M-5 49.BPM/M 1.CIA PM TERRITORIAL", "opm_codigo": "505491000" }, "geometry": { "type": "Point", "coordinates": [ -46.7384741, -23.404486 ] } },
{ "type": "Feature", "properties": { "id_comando": "CPA/M-5", "nome_comando": "5º Comando de Policiamento de Área Metropolitana (CPA/M-5)", "nome_batalhao": "49º BPM/M", "tipo_batalhao": "Metropolitano", "companhia": "2.CIA PM", "pelotao": "TERRITORIAL", "cidade": "Sao Paulo", "endereco": "AVENIDA RAIMUNDO PEREIRA DE MAGALHAES, 2340, JARDIM ÍRIS - Sao Paulo", "latitude": -23.502859, "longitude": -46.7206533, "fonte_geocodificacao": "Google Geocoding API", "opm_nome": "2.COMPANHIA DE POLICIA MILITAR", "opm_descricao": "CPA/M-5 49.BPM/M 2.CIA PM TERRITORIAL", "opm_codigo": "505492000" }, "geometry": { "type": "Point", "coordinates": [ -46.7206533, -23.502859 ] } },
{ "type": "Feature", "properties": { "id_comando": "CPA/M-5", "nome_comando": "5º Comando de Policiamento de Área Metropolitana (CPA/M-5)", "nome_batalhao": "49º BPM/M", "tipo_batalhao": "Metropolitano", "companhia": "3.CIA PM", "pelotao": "TERRITORIAL", "cidade": "Sao Paulo", "endereco": "RUA JOAQUIM OLIVEIRA FREITAS, 1170, SAO DOMINGOS - Sao Paulo", "latitude": -23.497318, "longitude": -46.7457456, "fonte_geocodificacao": "Google Geocoding API", "opm_nome": "3.COMPANHIA DE POLICIA MILITAR", "opm_descricao": "CPA/M-5 49.BPM/M 3.CIA PM TERRITORIAL", "opm_codigo": "505493000" }, "geometry": { "type": "Point", "coordinates": [ -46.7457456, -23.497318 ] } },
{ "type": "Feature", "properties": { "id_comando": "CPI-1", "nome_comando": "1º Comando de Policiamento do Interior (CPI-1)", "nome_batalhao": "5º BPM/I", "tipo_batalhao": "Interior", "companhia": "1.CIA PM", "pelotao": "ADM", "cidade": "Taubate", "endereco": "AVENIDA INDEPENDÊNCIA, 247, JARDIM INDEPENDÊNCIA - Taubate", "latitude": -23.0367252, "longitude": -45.5742331, "fonte_geocodificacao": "Google Geocoding API", "opm_nome": "ADMINISTRACAO", "opm_descricao": "CPI-1 5.BPM/I 1.CIA PM ADM 0", "opm_codigo": "601051500" }, "geometry": { "type": "Point", "coordinates": [ -45.5742331, -23.0367252 ] } },
{ "type": "Feature", "properties": { "id_comando": "CPI-1", "nome_comando": "1º Comando de Policiamento do Interior (CPI-1)", "nome_batalhao": "5º BPM/I", "tipo_batalhao": "Interior", "companhia": "1.CIA PM", "pelotao": "PEL PM", "cidade": "Tremembe", "endereco": "Rua Artur de Souza Praça, 299, Jardim Bom Jesus - Tremembe", "latitude": -22.9656429, "longitude": -45.5445301, "fonte_geocodificacao": "Google Geocoding API", "opm_nome": "PELOTAO", "opm_descricao": "CPI-1 5.BPM/I 1.CIA PM PEL PM 0", "opm_codigo": "601051100" }, "geometry": { "type": "Point", "coordinates": [ -45.5445301, -22.9656429 ] } },
{ "type": "Feature", "properties": { "id_comando": "CPI-1", "nome_comando": "1º Comando de Policiamento do Interior (CPI-1)", "nome_batalhao": "5º BPM/I", "tipo_batalhao": "Interior", "companhia": "2.CIA PM", "pelotao": "1.PEL PM", "cidade": "Pindamonhangaba", "endereco": "AVENIDA DOS LIRIOS, 17, MOREIRA CESAR - Pindamonhangaba", "latitude": -22.9106744, "longitude": -45.3696462, "fonte_geocodificacao": "Google Geocoding API", "opm_nome": "5.BPM/I 2.CIA PM 1.PEL PM", "opm_descricao": "CPI-1 5.BPM/I 2.CIA PM 1.PEL PM 0", "opm_codigo": "601052100" }, "geometry": { "type": "Point", "coordinates": [ -45.3696462, -22.9106744 ] } },
{ "type": "Feature", "properties": { "id_comando": "CPI-1", "nome_comando": "1º Comando de Policiamento do Interior (CPI-1)", "nome_batalhao": "5º BPM/I", "tipo_batalhao": "Interior", "companhia": "2.CIA PM", "pelotao": "2.PEL PM", "cidade": "Pindamonhangaba", "endereco": "RUA PREFEITO NICANOR RAMOS NOGUEIRA, 1240  BCS DO ARARETAMA DA 2ª CIA DO 5º BPM/I, CONJUNTO RESIDENCIAL ARARETAMA - Pindamonhangaba", "latitude": -22.9456968, "longitude": -45.5061427, "fonte_geocodificacao": "Google Geocoding API", "opm_nome": "5.BPM/I 2.CIA PM 2.PEL PM", "opm_descricao": "CPI-1 5.BPM/I 2.CIA PM 2.PEL PM", "opm_codigo": "601052200" }, "geometry": { "type": "Point", "coordinates": [ -45.5061427, -22.9456968 ] } },
{ "type": "Feature", "properties": { "id_comando": "CPI-1", "nome_comando": "1º Comando de Policiamento do Interior (CPI-1)", "nome_batalhao": "5º BPM/I", "tipo_batalhao": "Interior", "companhia": "2.CIA PM", "pelotao": "ADM", "cidade": "Pindamonhangaba", "endereco": "RUA DOS SAGRADOS CORAÇÕES, 1309, VILA SAO JUDAS TADEU - Pindamonhangaba", "latitude": -22.9309913, "longitude": -45.4478033, "fonte_geocodificacao": "Google Geocoding API", "opm_nome": "ADMINISTRACAO", "opm_descricao": "CPI-1 5.BPM/I 2.CIA PM ADM 0", "opm_codigo": "601052400" }, "geometry": { "type": "Point", "coordinates": [ -45.4478033, -22.9309913 ] } },
{ "type": "Feature", "properties": { "id_comando": "CPI-1", "nome_comando": "1º Comando de Policiamento do Interior (CPI-1)", "nome_batalhao": "5º BPM/I", "tipo_batalhao": "Interior", "companhia": "2.CIA PM", "pelotao": "PEL F TAT", "cidade": "Pindamonhangaba", "endereco": "AVENIDA DOS LÍRIOS, 17  BCS MOREIRA CÉSAR 2ª CIA DO 5º BPM/I, RESIDENCIAL VALE DAS ACÁCIAS - Pindamonhangaba", "latitude": -22.9106744, "longitude": -45.3696462, "fonte_geocodificacao": "Google Geocoding API", "opm_nome": "PELOTAO FORCA TATICA", "opm_descricao": "CPI-1 5.BPM/I 2.CIA PM PEL F TAT 0", "opm_codigo": "601052300" }, "geometry": { "type": "Point", "coordinates": [ -45.3696462, -22.9106744 ] } },
{ "type": "Feature", "properties": { "id_comando": "CPI-1", "nome_comando": "1º Comando de Policiamento do Interior (CPI-1)", "nome_batalhao": "5º BPM/I", "tipo_batalhao": "Interior", "companhia": "3.CIA PM", "pelotao": "0", "cidade": "Santo Antonio Do Pinhal", "endereco": "AV ANTONIO JOAQUIM DE OLIVEIRA, 481, CENTRO - Santo Antonio Do Pinhal", "latitude": -22.8258619, "longitude": -45.6569476, "fonte_geocodificacao": "Google Geocoding API", "opm_nome": "2. GRUPO", "opm_descricao": "CPI-1 5.BPM/I 3.CIA PM 0 2.GP/PM", "opm_codigo": "601053002" }, "geometry": { "type": "Point", "coordinates": [ -45.6569476, -22.8258619 ] } },
{ "type": "Feature", "properties": { "id_comando": "CPI-1", "nome_comando": "1º Comando de Policiamento do Interior (CPI-1)", "nome_batalhao": "5º BPM/I", "tipo_batalhao": "Interior", "companhia": "3.CIA PM", "pelotao": "ADM", "cidade": "Campos Do Jordao", "endereco": "Av. Orestes Girardi, 4120, Capivari - Campos Do Jordao", "latitude": -22.7367813, "longitude": -45.5908718, "fonte_geocodificacao": "Google Geocoding API", "opm_nome": "ADMINISTRACAO", "opm_descricao": "CPI-1 5.BPM/I 3.CIA PM ADM 0", "opm_codigo": "601053400" }, "geometry": { "type": "Point", "coordinates": [ -45.5908718, -22.7367813 ] } },
{ "type": "Feature", "properties": { "id_comando": "CPI-1", "nome_comando": "1º Comando de Policiamento do Interior (CPI-1)", "nome_batalhao": "5º BPM/I", "tipo_batalhao": "Interior", "companhia": "3.CIA PM", "pelotao": "PEL FT", "cidade": "Santo Antonio Do Pinhal", "endereco": "AVENIDA INDUSTRIAL, 81  BCSD JOSÉ DA ROSA 3ªCIA DO 5º BPM/I, SANTO ANTÔNIO DO PINHAL/SP - Santo Antonio Do Pinhal", "latitude": -22.8248431, "longitude": -45.667181, "fonte_geocodificacao": "Google Geocoding API", "opm_nome": "PELOTAO FORCA TATICA", "opm_descricao": "CPI-1 5.BPM/I 3.CIA PM PEL FT 0", "opm_codigo": "601053300" }, "geometry": { "type": "Point", "coordinates": [ -45.667181, -22.8248431 ] } },
{ "type": "Feature", "properties": { "id_comando": "CPI-1", "nome_comando": "1º Comando de Policiamento do Interior (CPI-1)", "nome_batalhao": "5º BPM/I", "tipo_batalhao": "Interior", "companhia": "4.CIA PM", "pelotao": "1.PEL PM", "cidade": "Taubate", "endereco": "PARQUE DOUTOR BARBOSA DE OLIVEIRA, 0  BCS RODOVIÁRIA VELHA 4ª CIA 5º BPM/I, CENTRO - Taubate", "latitude": -23.0221039, "longitude": -45.5592727, "fonte_geocodificacao": "Google Geocoding API", "opm_nome": "5.BPM/I 4.CIA PM 1.PEL PM", "opm_descricao": "CPI-1 5.BPM/I 4.CIA PM 1.PEL PM", "opm_codigo": "601054100" }, "geometry": { "type": "Point", "coordinates": [ -45.5592727, -23.0221039 ] } },
{ "type": "Feature", "properties": { "id_comando": "CPI-1", "nome_comando": "1º Comando de Policiamento do Interior (CPI-1)", "nome_batalhao": "5º BPM/I", "tipo_batalhao": "Interior", "companhia": "4.CIA PM", "pelotao": "2.PEL PM", "cidade": "Taubate", "endereco": "Avenida Independência, 247, Independência - Taubate", "latitude": -23.0367252, "longitude": -45.5742331, "fonte_geocodificacao": "Google Geocoding API", "opm_nome": "5.BPM/I 4.CIA PM 2.PEL PM", "opm_descricao": "CPI-1 5.BPM/I 4.CIA PM 2.PEL PM 0", "opm_codigo": "601054200" }, "geometry": { "type": "Point", "coordinates": [ -45.5742331, -23.0367252 ] } },
{ "type": "Feature", "properties": { "id_comando": "CPI-1", "nome_comando": "1º Comando de Policiamento do Interior (CPI-1)", "nome_batalhao": "5º BPM/I", "tipo_batalhao": "Interior", "companhia": "4.CIA PM", "pelotao": "3.PEL PM", "cidade": "Taubate", "endereco": "AVENIDA INDEPENDENCIA, 247  3º PEL DA 4ª CIA DO 5º BPM/I, JARDIM INDEPENDENCIA - Taubate", "latitude": -23.0367252, "longitude": -45.5742331, "fonte_geocodificacao": "Google Geocoding API", "opm_nome": "5.BPM/I 4.CIA PM 3.PEL PM", "opm_descricao": "CPI-1 5.BPM/I 4.CIA PM 3.PEL PM", "opm_codigo": "601054300" }, "geometry": { "type": "Point", "coordinates": [ -45.5742331, -23.0367252 ] } },
{ "type": "Feature", "properties": { "id_comando": "CPI-1", "nome_comando": "1º Comando de Policiamento do Interior (CPI-1)", "nome_batalhao": "5º BPM/I", "tipo_batalhao": "Interior", "companhia": "4.CIA PM", "pelotao": "ADM", "cidade": "Taubate", "endereco": "AVENIDA INDEPENDÊNCIA, 247, JARDIM INDEPENDÊNCIA - Taubate", "latitude": -23.0367252, "longitude": -45.5742331, "fonte_geocodificacao": "Google Geocoding API", "opm_nome": "ADMINISTRACAO", "opm_descricao": "CPI-1 5.BPM/I 4.CIA PM ADM 0", "opm_codigo": "601054400" }, "geometry": { "type": "Point", "coordinates": [ -45.5742331, -23.0367252 ] } },
{ "type": "Feature", "properties": { "id_comando": "CPI-1", "nome_comando": "1º Comando de Policiamento do Interior (CPI-1)", "nome_batalhao": "5º BPM/I", "tipo_batalhao": "Interior", "companhia": "5.CIA PM", "pelotao": "0", "cidade": "Lagoinha", "endereco": "PRAÇA AUGUSTO RIBEIRO, 120  1º GP DA 5ª CIA DO 5º BPM/I, CENTRO - Lagoinha", "latitude": -23.0889678, "longitude": -45.1904562, "fonte_geocodificacao": "Google Geocoding API", "opm_nome": "1. GRUPO", "opm_descricao": "CPI-1 5.BPM/I 5.CIA PM 0 1.GP/PM", "opm_codigo": "601055001" }, "geometry": { "type": "Point", "coordinates": [ -45.1904562, -23.0889678 ] } },
{ "type": "Feature", "properties": { "id_comando": "CPI-1", "nome_comando": "1º Comando de Policiamento do Interior (CPI-1)", "nome_batalhao": "5º BPM/I", "tipo_batalhao": "Interior", "companhia": "5.CIA PM", "pelotao": "1.PEL PM", "cidade": "Taubate", "endereco": "AVENIDA OSWALDO ARANHA, 645, BOSQUE DA SAÚDE - Taubate", "latitude": -23.0265701, "longitude": -45.5400478, "fonte_geocodificacao": "Google Geocoding API", "opm_nome": "5.BPM/I 5.CIA PM 1.PEL PM", "opm_descricao": "CPI-1 5.BPM/I 5.CIA PM 1.PEL PM 0", "opm_codigo": "601055100" }, "geometry": { "type": "Point", "coordinates": [ -45.5400478, -23.0265701 ] } },
{ "type": "Feature", "properties": { "id_comando": "CPI-1", "nome_comando": "1º Comando de Policiamento do Interior (CPI-1)", "nome_batalhao": "5º BPM/I", "tipo_batalhao": "Interior", "companhia": "5.CIA PM", "pelotao": "3.PEL PM", "cidade": "Taubate", "endereco": "AVENIDA OSWALDO ARANHA, 645, PARQUE TRÊS MARIAS - Taubate", "latitude": -23.0265701, "longitude": -45.5400478, "fonte_geocodificacao": "Google Geocoding API", "opm_nome": "5.BPM/I 5.CIA PM 3.PEL PM", "opm_descricao": "CPI-1 5.BPM/I 5.CIA PM 3.PEL PM 0", "opm_codigo": "601055300" }, "geometry": { "type": "Point", "coordinates": [ -45.5400478, -23.0265701 ] } },
{ "type": "Feature", "properties": { "id_comando": "CPI-1", "nome_comando": "1º Comando de Policiamento do Interior (CPI-1)", "nome_batalhao": "5º BPM/I", "tipo_batalhao": "Interior", "companhia": "5.CIA PM", "pelotao": "ADM", "cidade": "Taubate", "endereco": "AVENIDA OSVALDO ARANHA, 645, IMACULADA CONCEICAO - Taubate", "latitude": -23.0265701, "longitude": -45.5400478, "fonte_geocodificacao": "Google Geocoding API", "opm_nome": "ADMINISTRACAO", "opm_descricao": "CPI-1 5.BPM/I 5.CIA PM ADM 0", "opm_codigo": "601055500" }, "geometry": { "type": "Point", "coordinates": [ -45.5400478, -23.0265701 ] } },
{ "type": "Feature", "properties": { "id_comando": "CPI-1", "nome_comando": "1º Comando de Policiamento do Interior (CPI-1)", "nome_batalhao": "5º BPM/I", "tipo_batalhao": "Interior", "companhia": "CIA F TAT", "pelotao": "1.PEL F TAT", "cidade": "Taubate", "endereco": "AVENIDA INDEPENDENCIA, 247  PEL FT DO 5º BPM/I, INDEPENDENCIA - Taubate", "latitude": -23.0367252, "longitude": -45.5742331, "fonte_geocodificacao": "Google Geocoding API", "opm_nome": "1. PELOTAO FORCA TATICA", "opm_descricao": "CPI-1 5.BPM/I CIA F TAT 1.PEL F TAT", "opm_codigo": "601056100" }, "geometry": { "type": "Point", "coordinates": [ -45.5742331, -23.0367252 ] } },
{ "type": "Feature", "properties": { "id_comando": "CPI-1", "nome_comando": "1º Comando de Policiamento do Interior (CPI-1)", "nome_batalhao": "5º BPM/I", "tipo_batalhao": "Interior", "companhia": "CIA F TAT", "pelotao": "2.PEL FT", "cidade": "Taubate", "endereco": "AVENIDA INDEPENDÊNCIA, 247, VILA JABOTICABEIRA - Taubate", "latitude": -23.0367252, "longitude": -45.5742331, "fonte_geocodificacao": "Google Geocoding API", "opm_nome": "2. PELOTAO DE FORCA TATICA", "opm_descricao": "CPI-1 5.BPM/I CIA F TAT 2.PEL FT", "opm_codigo": "601056400" }, "geometry": { "type": "Point", "coordinates": [ -45.5742331, -23.0367252 ] } },
{ "type": "Feature", "properties": { "id_comando": "CPI-1", "nome_comando": "1º Comando de Policiamento do Interior (CPI-1)", "nome_batalhao": "5º BPM/I", "tipo_batalhao": "Interior", "companhia": "CIA F TAT", "pelotao": "ADM", "cidade": "Taubate", "endereco": "AVENIDA INDEPENDÊNCIA, 247, JARDIM INDEPENDÊNCIA - Taubate", "latitude": -23.0367252, "longitude": -45.5742331, "fonte_geocodificacao": "Google Geocoding API", "opm_nome": "ADMINISTRACAO", "opm_descricao": "CPI-1 5.BPM/I CIA F TAT ADM 0", "opm_codigo": "601056300" }, "geometry": { "type": "Point", "coordinates": [ -45.5742331, -23.0367252 ] } },
{ "type": "Feature", "properties": { "id_comando": "CPI-1", "nome_comando": "1º Comando de Policiamento do Interior (CPI-1)", "nome_batalhao": "5º BPM/I", "tipo_batalhao": "Interior", "companhia": "EM", "pelotao": "AG AREA", "cidade": "Taubate", "endereco": "AVENIDA INDEPENDENCIA, 247  EM P/2 DO 5º BPM/I, INDEPENDENCIA - Taubate", "latitude": -23.0367252, "longitude": -45.5742331, "fonte_geocodificacao": "Google Geocoding API", "opm_nome": "AGENCIA DE AREA", "opm_descricao": "CPI-1 5.BPM/I EM AG AREA", "opm_codigo": "601058200" }, "geometry": { "type": "Point", "coordinates": [ -45.5742331, -23.0367252 ] } },
{ "type": "Feature", "properties": { "id_comando": "CPI-1", "nome_comando": "1º Comando de Policiamento do Interior (CPI-1)", "nome_batalhao": "5º BPM/I", "tipo_batalhao": "Interior", "companhia": "EM", "pelotao": "DIV OP", "cidade": "Taubate", "endereco": "AVENIDA INDEPENDENCIA, 247  EM P/3 DO 5º BPM/I, INDEPENDENCIA - Taubate", "latitude": -23.0367252, "longitude": -45.5742331, "fonte_geocodificacao": "Google Geocoding API", "opm_nome": "DVISAO OPERACIONAL", "opm_descricao": "CPI-1 5.BPM/I EM DIV OP 0", "opm_codigo": "601058300" }, "geometry": { "type": "Point", "coordinates": [ -45.5742331, -23.0367252 ] } },
{ "type": "Feature", "properties": { "id_comando": "CPI-1", "nome_comando": "1º Comando de Policiamento do Interior (CPI-1)", "nome_batalhao": "5º BPM/I", "tipo_batalhao": "Interior", "companhia": "EM", "pelotao": "MOTOMEC", "cidade": "Taubate", "endereco": "AVENIDA INDEPENDENCIA, 247  EM MOTOMEC DO 5º BPM/I, INDEPENDENCIA - Taubate", "latitude": -23.0367252, "longitude": -45.5742331, "fonte_geocodificacao": "Google Geocoding API", "opm_nome": "MOTOMECANIZACAO", "opm_descricao": "CPI-1 5.BPM/I EM MOTOMEC 0", "opm_codigo": "601058700" }, "geometry": { "type": "Point", "coordinates": [ -45.5742331, -23.0367252 ] } },
{ "type": "Feature", "properties": { "id_comando": "CPI-1", "nome_comando": "1º Comando de Policiamento do Interior (CPI-1)", "nome_batalhao": "5º BPM/I", "tipo_batalhao": "Interior", "companhia": "EM", "pelotao": "P/1 E P/5", "cidade": "Taubate", "endereco": "AVENIDA INDEPENDENCIA, 247  EM P/1 DO 5º BPM/I, INDEPENDENCIA - Taubate", "latitude": -23.0367252, "longitude": -45.5742331, "fonte_geocodificacao": "Google Geocoding API", "opm_nome": "P/1 E P/5", "opm_descricao": "CPI-1 5.BPM/I EM P/1 E P/5 0", "opm_codigo": "601058100" }, "geometry": { "type": "Point", "coordinates": [ -45.5742331, -23.0367252 ] } },
{ "type": "Feature", "properties": { "id_comando": "CPI-1", "nome_comando": "1º Comando de Policiamento do Interior (CPI-1)", "nome_batalhao": "5º BPM/I", "tipo_batalhao": "Interior", "companhia": "EM", "pelotao": "P/4 MOTOME", "cidade": "Taubate", "endereco": "AVENIDA INDEPENDENCIA, 247  EM P/4 DO 5º BPM/I, INDEPENDENCIA - Taubate", "latitude": -23.0367252, "longitude": -45.5742331, "fonte_geocodificacao": "Google Geocoding API", "opm_nome": "P/4 E MOTOMEC", "opm_descricao": "CPI-1 5.BPM/I EM P/4 MOTOME 0", "opm_codigo": "601058400" }, "geometry": { "type": "Point", "coordinates": [ -45.5742331, -23.0367252 ] } },
{ "type": "Feature", "properties": { "id_comando": "CPI-1", "nome_comando": "1º Comando de Policiamento do Interior (CPI-1)", "nome_batalhao": "5º BPM/I", "tipo_batalhao": "Interior", "companhia": "EM", "pelotao": "P/5", "cidade": "Taubate", "endereco": "AVENIDA INDEPENDENCIA, 247  EM P/5 DO 5º BPM/I, INDEPENDENCIA - Taubate", "latitude": -23.0367252, "longitude": -45.5742331, "fonte_geocodificacao": "Google Geocoding API", "opm_nome": "P/5", "opm_descricao": "CPI-1 5.BPM/I EM P/5 0", "opm_codigo": "601058500" }, "geometry": { "type": "Point", "coordinates": [ -45.5742331, -23.0367252 ] } },
{ "type": "Feature", "properties": { "id_comando": "CPI-1", "nome_comando": "1º Comando de Policiamento do Interior (CPI-1)", "nome_batalhao": "5º BPM/I", "tipo_batalhao": "Interior", "companhia": "EM", "pelotao": "SEC PJMD", "cidade": "Taubate", "endereco": "AVENIDA INDEPENDENCIA, 247  EM SJD DO 5º BPM/I, INDEPENDENCIA - Taubate", "latitude": -23.0367252, "longitude": -45.5742331, "fonte_geocodificacao": "Google Geocoding API", "opm_nome": "SECAO POLICIA JUDICIARIA MILITAR E DISCIPLINAR", "opm_descricao": "CPI-1 5.BPM/I EM SEC PJMD 0", "opm_codigo": "601058600" }, "geometry": { "type": "Point", "coordinates": [ -45.5742331, -23.0367252 ] } },
{ "type": "Feature", "properties": { "id_comando": "CPI-1", "nome_comando": "1º Comando de Policiamento do Interior (CPI-1)", "nome_batalhao": "5º BPM/I", "tipo_batalhao": "Interior", "companhia": "EM", "pelotao": "UIS", "cidade": "Taubate", "endereco": "AVENIDA INDEPENDÊNCIA, 247, JARDIM INDEPENDÊNCIA - Taubate", "latitude": -23.0367252, "longitude": -45.5742331, "fonte_geocodificacao": "Google Geocoding API", "opm_nome": "GABINETE MEDICO", "opm_descricao": "CPI-1 5.BPM/I EM UIS GAB MEDICO", "opm_codigo": "601058011" }, "geometry": { "type": "Point", "coordinates": [ -45.5742331, -23.0367252 ] } },
{ "type": "Feature", "properties": { "id_comando": "CPI-1", "nome_comando": "1º Comando de Policiamento do Interior (CPI-1)", "nome_batalhao": "5º BPM/I", "tipo_batalhao": "Interior", "companhia": "EM", "pelotao": "UIS MEDICA", "cidade": "Taubate", "endereco": "AVENIDA INDEPENDENCIA, 247  EM UIS MÉDICA DO 5º BPM/I, INDEPENDENCIA - Taubate", "latitude": -23.0367252, "longitude": -45.5742331, "fonte_geocodificacao": "Google Geocoding API", "opm_nome": "5.BPM/I EM UIS MEDICA", "opm_descricao": "CPI-1 5.BPM/I EM UIS MEDICA 0", "opm_codigo": "601058800" }, "geometry": { "type": "Point", "coordinates": [ -45.5742331, -23.0367252 ] } },
{ "type": "Feature", "properties": { "id_comando": "CPI-1", "nome_comando": "1º Comando de Policiamento do Interior (CPI-1)", "nome_batalhao": "5º BPM/I", "tipo_batalhao": "Interior", "companhia": "EM", "pelotao": "UIS ODONTO", "cidade": "Taubate", "endereco": "AVENIDA INDEPENDENCIA, 247  EM UIS ODONTO DO 5º BPM/I, INDEPENDENCIA - Taubate", "latitude": -23.0367252, "longitude": -45.5742331, "fonte_geocodificacao": "Google Geocoding API", "opm_nome": "5.BPM/I EM UIS ODONTO", "opm_descricao": "CPI-1 5.BPM/I EM UIS ODONTO 0", "opm_codigo": "601058900" }, "geometry": { "type": "Point", "coordinates": [ -45.5742331, -23.0367252 ] } },
{ "type": "Feature", "properties": { "id_comando": "CPA/M-3", "nome_comando": "3º Comando de Policiamento de Área Metropolitana (CPA/M-3)", "nome_batalhao": "5º BPM/M", "tipo_batalhao": "Metropolitano", "companhia": "1.CIA PM", "pelotao": "TERRITORIAL", "cidade": "Sao Paulo", "endereco": "RUA SOLDADO JOSE SERAFIM, 136, PARQUE NOVO MUNDO - Sao Paulo", "latitude": -23.5062486, "longitude": -46.5681603, "fonte_geocodificacao": "Google Geocoding API", "opm_nome": "1. COMPANHIA DE POLICIA MILITAR", "opm_descricao": "CPA/M-3 5.BPM/M 1.CIA PM TERRITORIAL", "opm_codigo": "503051000" }, "geometry": { "type": "Point", "coordinates": [ -46.5681603, -23.5062486 ] } },
{ "type": "Feature", "properties": { "id_comando": "CPA/M-3", "nome_comando": "3º Comando de Policiamento de Área Metropolitana (CPA/M-3)", "nome_batalhao": "5º BPM/M", "tipo_batalhao": "Metropolitano", "companhia": "2.CIA PM", "pelotao": "TERRITORIAL", "cidade": "Sao Paulo", "endereco": "RUA AMAMBAI, 1181, VILA MARIA - Sao Paulo", "latitude": -23.5178375, "longitude": -46.584771, "fonte_geocodificacao": "Google Geocoding API", "opm_nome": "2. COMPANHIA DE POLICIA MILITAR", "opm_descricao": "CPA/M-3 5.BPM/M 2.CIA PM TERRITORIAL", "opm_codigo": "503052000" }, "geometry": { "type": "Point", "coordinates": [ -46.584771, -23.5178375 ] } },
{ "type": "Feature", "properties": { "id_comando": "CPA/M-3", "nome_comando": "3º Comando de Policiamento de Área Metropolitana (CPA/M-3)", "nome_batalhao": "5º BPM/M", "tipo_batalhao": "Metropolitano", "companhia": "3.CIA PM", "pelotao": "TERRITORIAL", "cidade": "Sao Paulo", "endereco": "RUA DA ESPERANCA, 797, TUCURUVI - Sao Paulo", "latitude": -23.4832396, "longitude": -46.5898624, "fonte_geocodificacao": "Google Geocoding API", "opm_nome": "3. COMPANHIA DE POLICIA MILITAR", "opm_descricao": "CPA/M-3 5.BPM/M 3.CIA PM TERRITORIAL", "opm_codigo": "503053000" }, "geometry": { "type": "Point", "coordinates": [ -46.5898624, -23.4832396 ] } },
{ "type": "Feature", "properties": { "id_comando": "CPA/M-3", "nome_comando": "3º Comando de Policiamento de Área Metropolitana (CPA/M-3)", "nome_batalhao": "5º BPM/M", "tipo_batalhao": "Metropolitano", "companhia": "4.CIA PM", "pelotao": "TERRITORIAL", "cidade": "Sao Paulo", "endereco": "RUA SAO MARCELO, 399, TUCURUVI - Sao Paulo", "latitude": -23.4873928, "longitude": -46.5955182, "fonte_geocodificacao": "Google Geocoding API", "opm_nome": "4. COMPANHIA DE POLICIA MILITAR", "opm_descricao": "CPA/M-3 5.BPM/M 4.CIA PM TERRITORIAL", "opm_codigo": "503054000" }, "geometry": { "type": "Point", "coordinates": [ -46.5955182, -23.4873928 ] } },
{ "type": "Feature", "properties": { "id_comando": "CPI-7", "nome_comando": "7º Comando de Policiamento do Interior (CPI-7)", "nome_batalhao": "50º BPM/I", "tipo_batalhao": "Interior", "companhia": "", "pelotao": "PEL F TAT", "cidade": "Itu", "endereco": "RUA ARQUITETO MARCIO JOÃO DE ARRUDA, 400, VILA LEIS - Itu", "latitude": -23.2787559, "longitude": -47.2857834, "fonte_geocodificacao": "Google Geocoding API", "opm_nome": "50.BPM/I  PEL F TAT", "opm_descricao": "CPI-7 50.BPM/I PEL F TAT", "opm_codigo": "607500100" }, "geometry": { "type": "Point", "coordinates": [ -47.2857834, -23.2787559 ] } },
{ "type": "Feature", "properties": { "id_comando": "CPI-7", "nome_comando": "7º Comando de Policiamento do Interior (CPI-7)", "nome_batalhao": "50º BPM/I", "tipo_batalhao": "Interior", "companhia": "1.CIA PM", "pelotao": "1.PEL PM", "cidade": "Itu", "endereco": "RUA PIAUI, 133, VL BRASIL - Itu", "latitude": -23.2585425, "longitude": -47.2922917, "fonte_geocodificacao": "Google Geocoding API", "opm_nome": "50.BPM/I 1.CIA PM 1.PEL PM", "opm_descricao": "CPI-7 50.BPM/I 1.CIA PM 1.PEL PM", "opm_codigo": "607501100" }, "geometry": { "type": "Point", "coordinates": [ -47.2922917, -23.2585425 ] } },
{ "type": "Feature", "properties": { "id_comando": "CPI-7", "nome_comando": "7º Comando de Policiamento do Interior (CPI-7)", "nome_batalhao": "50º BPM/I", "tipo_batalhao": "Interior", "companhia": "1.CIA PM", "pelotao": "2.PEL PM", "cidade": "Itu", "endereco": "RUA PIAUI, 133, VL BRASIL - Itu", "latitude": -23.2585425, "longitude": -47.2922917, "fonte_geocodificacao": "Google Geocoding API", "opm_nome": "50.BPM/I 1.CIA PM 2.PEL PM", "opm_descricao": "CPI-7 50.BPM/I 1.CIA PM 2.PEL PM", "opm_codigo": "607501200" }, "geometry": { "type": "Point", "coordinates": [ -47.2922917, -23.2585425 ] } },
{ "type": "Feature", "properties": { "id_comando": "CPI-7", "nome_comando": "7º Comando de Policiamento do Interior (CPI-7)", "nome_batalhao": "50º BPM/I", "tipo_batalhao": "Interior", "companhia": "1.CIA PM", "pelotao": "ADM", "cidade": "Itu", "endereco": "RUA PIAUÍ, 133, BRASIL - Itu", "latitude": -23.2585425, "longitude": -47.2922917, "fonte_geocodificacao": "Google Geocoding API", "opm_nome": "ADMINISTRACAO", "opm_descricao": "CPI-7 50.BPM/I 1.CIA PM ADM", "opm_codigo": "607501600" }, "geometry": { "type": "Point", "coordinates": [ -47.2922917, -23.2585425 ] } },
{ "type": "Feature", "properties": { "id_comando": "CPI-7", "nome_comando": "7º Comando de Policiamento do Interior (CPI-7)", "nome_batalhao": "50º BPM/I", "tipo_batalhao": "Interior", "companhia": "1.CIA PM", "pelotao": "CGP", "cidade": "Itu", "endereco": "RUA PIAUÍ, 133, BRASIL - Itu", "latitude": -23.2585425, "longitude": -47.2922917, "fonte_geocodificacao": "Google Geocoding API", "opm_nome": "COMANDO GRUPO PATRULHO", "opm_descricao": "CPI-7 50.BPM/I 1.CIA PM CGP", "opm_codigo": "607501700" }, "geometry": { "type": "Point", "coordinates": [ -47.2922917, -23.2585425 ] } },
{ "type": "Feature", "properties": { "id_comando": "CPI-7", "nome_comando": "7º Comando de Policiamento do Interior (CPI-7)", "nome_batalhao": "50º BPM/I", "tipo_batalhao": "Interior", "companhia": "2.CIA PM", "pelotao": "1.PEL PM", "cidade": "Mairinque", "endereco": "RUA ANA NERI, 197, JARDIM CRUZEIRO - Mairinque", "latitude": -23.547725, "longitude": -47.1920283, "fonte_geocodificacao": "Google Geocoding API", "opm_nome": "1. PELOTAO POLICIAL MILITAR", "opm_descricao": "CPI-7 50.BPM/I 2.CIA PM 1.PEL PM", "opm_codigo": "607502100" }, "geometry": { "type": "Point", "coordinates": [ -47.1920283, -23.547725 ] } },
{ "type": "Feature", "properties": { "id_comando": "CPI-7", "nome_comando": "7º Comando de Policiamento do Interior (CPI-7)", "nome_batalhao": "50º BPM/I", "tipo_batalhao": "Interior", "companhia": "2.CIA PM", "pelotao": "2.PEL PM", "cidade": "Aracariguama", "endereco": "RUA CEL JOAQUIM AUGUSTO, 39, CENTRO - Aracariguama", "latitude": -23.4382492, "longitude": -47.0635291, "fonte_geocodificacao": "Google Geocoding API", "opm_nome": "2. PELOTAO POLICIAL MILITAR", "opm_descricao": "CPI-7 50.BPM/I 2.CIA PM 2.PEL PM", "opm_codigo": "607502200" }, "geometry": { "type": "Point", "coordinates": [ -47.0635291, -23.4382492 ] } },
{ "type": "Feature", "properties": { "id_comando": "CPI-7", "nome_comando": "7º Comando de Policiamento do Interior (CPI-7)", "nome_batalhao": "50º BPM/I", "tipo_batalhao": "Interior", "companhia": "2.CIA PM", "pelotao": "3.PEL PM", "cidade": "Sao Roque", "endereco": "RUA ~MONSENHOR, 171, SANTA ROSALIA - Sao Roque", "latitude": -23.5433799, "longitude": -47.1323886, "fonte_geocodificacao": "Google Geocoding API", "opm_nome": "50.BPM/I 2.CIA PM 3.PEL PM", "opm_descricao": "CPI-7 50.BPM/I 2.CIA PM 3.PEL PM", "opm_codigo": "607502300" }, "geometry": { "type": "Point", "coordinates": [ -47.1323886, -23.5433799 ] } },
{ "type": "Feature", "properties": { "id_comando": "CPI-7", "nome_comando": "7º Comando de Policiamento do Interior (CPI-7)", "nome_batalhao": "50º BPM/I", "tipo_batalhao": "Interior", "companhia": "2.CIA PM", "pelotao": "ADM", "cidade": "Sao Roque", "endereco": "RUA MONSENHOR, 171, JARDIM SANTA ROSALIA - Sao Roque", "latitude": -23.5433799, "longitude": -47.1323886, "fonte_geocodificacao": "Google Geocoding API", "opm_nome": "ADMINISTRACAO", "opm_descricao": "CPI-7 50.BPM/I 2.CIA PM ADM", "opm_codigo": "607502400" }, "geometry": { "type": "Point", "coordinates": [ -47.1323886, -23.5433799 ] } },
{ "type": "Feature", "properties": { "id_comando": "CPI-7", "nome_comando": "7º Comando de Policiamento do Interior (CPI-7)", "nome_batalhao": "50º BPM/I", "tipo_batalhao": "Interior", "companhia": "3.CIA PM", "pelotao": "1.PEL PM", "cidade": "Salto", "endereco": "RUA FAGUNDES VARELLA, 73, TRÊS MARIAS - Salto", "latitude": -23.2004699, "longitude": -47.3070743, "fonte_geocodificacao": "Google Geocoding API", "opm_nome": "50.BPM/I 3.CIA PM 1.PEL PM", "opm_descricao": "CPI-7 50.BPM/I 3.CIA PM 1.PEL PM 0", "opm_codigo": "607503100" }, "geometry": { "type": "Point", "coordinates": [ -47.3070743, -23.2004699 ] } },
{ "type": "Feature", "properties": { "id_comando": "CPI-7", "nome_comando": "7º Comando de Policiamento do Interior (CPI-7)", "nome_batalhao": "50º BPM/I", "tipo_batalhao": "Interior", "companhia": "3.CIA PM", "pelotao": "ADM", "cidade": "Salto", "endereco": "RUA FAGUNDES VARELA, 73, JARDIM SEVILHA - Salto", "latitude": -23.2004699, "longitude": -47.3070743, "fonte_geocodificacao": "Google Geocoding API", "opm_nome": "ADMINISTRACAO", "opm_descricao": "CPI-7 50.BPM/I 3.CIA PM ADM", "opm_codigo": "607503700" }, "geometry": { "type": "Point", "coordinates": [ -47.3070743, -23.2004699 ] } },
{ "type": "Feature", "properties": { "id_comando": "CPI-7", "nome_comando": "7º Comando de Policiamento do Interior (CPI-7)", "nome_batalhao": "50º BPM/I", "tipo_batalhao": "Interior", "companhia": "3.CIA PM", "pelotao": "PEL F TAT", "cidade": "Salto", "endereco": "RUA FAGUNDES VARELLA, 73, JD TRÊS MARIAS - Salto", "latitude": -23.2004699, "longitude": -47.3070743, "fonte_geocodificacao": "Google Geocoding API", "opm_nome": "50.BPM/I 3.CIA FT", "opm_descricao": "CPI-7 50.BPM/I 3.CIA PM PEL F TAT", "opm_codigo": "607503600" }, "geometry": { "type": "Point", "coordinates": [ -47.3070743, -23.2004699 ] } },
{ "type": "Feature", "properties": { "id_comando": "CPI-7", "nome_comando": "7º Comando de Policiamento do Interior (CPI-7)", "nome_batalhao": "50º BPM/I", "tipo_batalhao": "Interior", "companhia": "4.CIA PM", "pelotao": "1.PEL PM", "cidade": "Tiete", "endereco": "Rua Marcos Marcuz/ TIÊTE, 465, BAIRRO CAIXA D ÁGUA - Tiete", "latitude": -23.1110801, "longitude": -47.7160872, "fonte_geocodificacao": "Google Geocoding API", "opm_nome": "50.BPM/I 4.CIA PM 1.PEL PM", "opm_descricao": "CPI-7 50.BPM/I 4.CIA PM 1.PEL PM", "opm_codigo": "607504100" }, "geometry": { "type": "Point", "coordinates": [ -47.7160872, -23.1110801 ] } },
{ "type": "Feature", "properties": { "id_comando": "CPI-7", "nome_comando": "7º Comando de Policiamento do Interior (CPI-7)", "nome_batalhao": "50º BPM/I", "tipo_batalhao": "Interior", "companhia": "4.CIA PM", "pelotao": "2.PEL PM", "cidade": "Porto Feliz", "endereco": "RUA MILTON BISTAFA, 190, PORTO FELIZ - Porto Feliz", "latitude": -23.2192199, "longitude": -47.5214816, "fonte_geocodificacao": "Google Geocoding API", "opm_nome": "50.BPM/I 4.CIA PM 2.PEL PM", "opm_descricao": "CPI-7 50.BPM/I 4.CIA PM 2.PEL PM", "opm_codigo": "607504200" }, "geometry": { "type": "Point", "coordinates": [ -47.5214816, -23.2192199 ] } },
{ "type": "Feature", "properties": { "id_comando": "CPI-7", "nome_comando": "7º Comando de Policiamento do Interior (CPI-7)", "nome_batalhao": "50º BPM/I", "tipo_batalhao": "Interior", "companhia": "4.CIA PM", "pelotao": "ADM", "cidade": "Porto Feliz", "endereco": "milton bistafa, 190, jardim araritaguaba - Porto Feliz", "latitude": -23.2192199, "longitude": -47.5214816, "fonte_geocodificacao": "Google Geocoding API", "opm_nome": "ADMINISTRACAO", "opm_descricao": "CPI-7 50.BPM/I 4.CIA PM ADM", "opm_codigo": "607504400" }, "geometry": { "type": "Point", "coordinates": [ -47.5214816, -23.2192199 ] } },
{ "type": "Feature", "properties": { "id_comando": "CPI-7", "nome_comando": "7º Comando de Policiamento do Interior (CPI-7)", "nome_batalhao": "50º BPM/I", "tipo_batalhao": "Interior", "companhia": "4.CIA PM", "pelotao": "PEL PM", "cidade": "Porto Feliz", "endereco": "RUA MILTON BISTAFA, 190, JD ARARITAGUA - Porto Feliz", "latitude": -23.2192199, "longitude": -47.5214816, "fonte_geocodificacao": "Google Geocoding API", "opm_nome": "PELOTAO POLICIAL MILITAR", "opm_descricao": "CPI-7 50.BPM/I 4.CIA PM PEL PM", "opm_codigo": "607504300" }, "geometry": { "type": "Point", "coordinates": [ -47.5214816, -23.2192199 ] } },
{ "type": "Feature", "properties": { "id_comando": "CPI-7", "nome_comando": "7º Comando de Policiamento do Interior (CPI-7)", "nome_batalhao": "50º BPM/I", "tipo_batalhao": "Interior", "companhia": "5.CIA PM", "pelotao": "ADM", "cidade": "Itu", "endereco": "RUA ATIBAIA, 4, CIDADE NOVA - Itu", "latitude": -23.3836552, "longitude": -47.3358819, "fonte_geocodificacao": "Google Geocoding API", "opm_nome": "ADMINISTRACAO", "opm_descricao": "CPI-7 50.BPM/I 5.CIA PM ADM", "opm_codigo": "607505200" }, "geometry": { "type": "Point", "coordinates": [ -47.3358819, -23.3836552 ] } },
{ "type": "Feature", "properties": { "id_comando": "CPI-7", "nome_comando": "7º Comando de Policiamento do Interior (CPI-7)", "nome_batalhao": "50º BPM/I", "tipo_batalhao": "Interior", "companhia": "EM", "pelotao": "DIV OP", "cidade": "Itu", "endereco": "RUA ARQUITETO MARCIO JOÃO DE ARRUDA, 400, VILA LEIS - Itu", "latitude": -23.2787559, "longitude": -47.2857834, "fonte_geocodificacao": "Google Geocoding API", "opm_nome": "DIVISAO OPERACIONAL", "opm_descricao": "CPI-7 50.BPM/I EM DIV OP", "opm_codigo": "607509300" }, "geometry": { "type": "Point", "coordinates": [ -47.2857834, -23.2787559 ] } },
{ "type": "Feature", "properties": { "id_comando": "CPI-7", "nome_comando": "7º Comando de Policiamento do Interior (CPI-7)", "nome_batalhao": "50º BPM/I", "tipo_batalhao": "Interior", "companhia": "EM", "pelotao": "MOTOMEC", "cidade": "Itu", "endereco": "RUA ARQUITETO MARCIO JOÃO DE ARRUDA, 400, VILA LEIS - Itu", "latitude": -23.2787559, "longitude": -47.2857834, "fonte_geocodificacao": "Google Geocoding API", "opm_nome": "50.BPM/I MOTOMEC", "opm_descricao": "CPI-7 50.BPM/I EM MOTOMEC", "opm_codigo": "607509700" }, "geometry": { "type": "Point", "coordinates": [ -47.2857834, -23.2787559 ] } },
{ "type": "Feature", "properties": { "id_comando": "CPI-7", "nome_comando": "7º Comando de Policiamento do Interior (CPI-7)", "nome_batalhao": "50º BPM/I", "tipo_batalhao": "Interior", "companhia": "EM", "pelotao": "P/1 P/5", "cidade": "Itu", "endereco": "Rua Arquiteto Marcio João de Arruda, 400, VILA LEIS - Itu", "latitude": -23.2787559, "longitude": -47.2857834, "fonte_geocodificacao": "Google Geocoding API", "opm_nome": "P/1 E P/5", "opm_descricao": "CPI-7 50.BPM/I EM P/1 P/5", "opm_codigo": "607509100" }, "geometry": { "type": "Point", "coordinates": [ -47.2857834, -23.2787559 ] } },
{ "type": "Feature", "properties": { "id_comando": "CPI-7", "nome_comando": "7º Comando de Policiamento do Interior (CPI-7)", "nome_batalhao": "50º BPM/I", "tipo_batalhao": "Interior", "companhia": "EM", "pelotao": "P/2", "cidade": "Itu", "endereco": "RUA ARQUITETO MARCIO JOÃO DE ARRUDA, 400, VILA LEIS - Itu", "latitude": -23.2787559, "longitude": -47.2857834, "fonte_geocodificacao": "Google Geocoding API", "opm_nome": "P/2", "opm_descricao": "CPI-7 50.BPM/I EM P/2", "opm_codigo": "607509200" }, "geometry": { "type": "Point", "coordinates": [ -47.2857834, -23.2787559 ] } },
{ "type": "Feature", "properties": { "id_comando": "CPI-7", "nome_comando": "7º Comando de Policiamento do Interior (CPI-7)", "nome_batalhao": "50º BPM/I", "tipo_batalhao": "Interior", "companhia": "EM", "pelotao": "P/3", "cidade": "Itu", "endereco": "RUA ARQUITETO MARCIO JOÃO DE ARRUDA, 400, VILA LEIS - Itu", "latitude": -23.2787559, "longitude": -47.2857834, "fonte_geocodificacao": "Google Geocoding API", "opm_nome": "1. PEL FT", "opm_descricao": "CPI-7 50.BPM/I EM P/3 1.PEL FT", "opm_codigo": "607509310" }, "geometry": { "type": "Point", "coordinates": [ -47.2857834, -23.2787559 ] } },
{ "type": "Feature", "properties": { "id_comando": "CPI-7", "nome_comando": "7º Comando de Policiamento do Interior (CPI-7)", "nome_batalhao": "50º BPM/I", "tipo_batalhao": "Interior", "companhia": "EM", "pelotao": "P/4 MOTOMEC", "cidade": "Itu", "endereco": "RUA ARQUITETO MARCIO JOÃO DE ARRUDA, 400, VILA LEIS - Itu", "latitude": -23.2787559, "longitude": -47.2857834, "fonte_geocodificacao": "Google Geocoding API", "opm_nome": "P/4 E MOTOMECANIZAÇÃO", "opm_descricao": "CPI-7 50.BPM/I EM P/4 MOTOMEC", "opm_codigo": "607509400" }, "geometry": { "type": "Point", "coordinates": [ -47.2857834, -23.2787559 ] } },
{ "type": "Feature", "properties": { "id_comando": "CPI-7", "nome_comando": "7º Comando de Policiamento do Interior (CPI-7)", "nome_batalhao": "50º BPM/I", "tipo_batalhao": "Interior", "companhia": "EM", "pelotao": "P/5", "cidade": "Itu", "endereco": "Rua Arquiteto Marcio João de Arruda, 400, VILA LEIS - Itu", "latitude": -23.2787559, "longitude": -47.2857834, "fonte_geocodificacao": "Google Geocoding API", "opm_nome": "50.BPM/I P/5", "opm_descricao": "CPI-7 50.BPM/I EM P/5", "opm_codigo": "607509500" }, "geometry": { "type": "Point", "coordinates": [ -47.2857834, -23.2787559 ] } },
{ "type": "Feature", "properties": { "id_comando": "CPI-7", "nome_comando": "7º Comando de Policiamento do Interior (CPI-7)", "nome_batalhao": "50º BPM/I", "tipo_batalhao": "Interior", "companhia": "EM", "pelotao": "SEC PJMD", "cidade": "Itu", "endereco": "RUA ARQUITETO MARCIO JOÃO DE ARRUDA, 400, VILA LEIS - Itu", "latitude": -23.2787559, "longitude": -47.2857834, "fonte_geocodificacao": "Google Geocoding API", "opm_nome": "SECAO POLICIA JUDICIARIA MILITAR E DISCIPLINA", "opm_descricao": "CPI-7 50.BPM/I EM SEC PJMD", "opm_codigo": "607509600" }, "geometry": { "type": "Point", "coordinates": [ -47.2857834, -23.2787559 ] } },
{ "type": "Feature", "properties": { "id_comando": "CPI-3", "nome_comando": "3º Comando de Policiamento do Interior (CPI-3)", "nome_batalhao": "51º BPM/I", "tipo_batalhao": "Interior", "companhia": "1.CIA PM", "pelotao": "ADM", "cidade": "Ribeirao Preto", "endereco": "AVENIDA INDEPENDÊNCIA, 715, VILA SEIXAS - Ribeirao Preto", "latitude": -21.1852861, "longitude": -47.8045203, "fonte_geocodificacao": "Google Geocoding API", "opm_nome": "ADMINISTRACAO", "opm_descricao": "CPI-3 51.BPM/I 1.CIA PM ADM", "opm_codigo": "603511200" }, "geometry": { "type": "Point", "coordinates": [ -47.8045203, -21.1852861 ] } },
{ "type": "Feature", "properties": { "id_comando": "CPI-3", "nome_comando": "3º Comando de Policiamento do Interior (CPI-3)", "nome_batalhao": "51º BPM/I", "tipo_batalhao": "Interior", "companhia": "1.CIA PM", "pelotao": "CGP", "cidade": "Ribeirao Preto", "endereco": "RUA FLORÊNCIO DE ABREU, 411, CENTRO - Ribeirao Preto", "latitude": -21.1772004, "longitude": -47.8112199, "fonte_geocodificacao": "Google Geocoding API", "opm_nome": "COMANDO GRUPO PATRULHA", "opm_descricao": "CPI-3 51.BPM/I 1.CIA PM CGP", "opm_codigo": "603511300" }, "geometry": { "type": "Point", "coordinates": [ -47.8112199, -21.1772004 ] } },
{ "type": "Feature", "properties": { "id_comando": "CPI-3", "nome_comando": "3º Comando de Policiamento do Interior (CPI-3)", "nome_batalhao": "51º BPM/I", "tipo_batalhao": "Interior", "companhia": "1.CIA PM", "pelotao": "TERRITORIAL", "cidade": "Ribeirao Preto", "endereco": "AVENIDA INDEPENDÊNCIA, 715, VILA SEIXAS - Ribeirao Preto", "latitude": -21.1852861, "longitude": -47.8045203, "fonte_geocodificacao": "Google Geocoding API", "opm_nome": "1. COMPANHIA DE POLICIA MILITAR", "opm_descricao": "CPI-3 51.BPM/I 1.CIA PM TERRITORIAL", "opm_codigo": "603511000" }, "geometry": { "type": "Point", "coordinates": [ -47.8045203, -21.1852861 ] } },
{ "type": "Feature", "properties": { "id_comando": "CPI-3", "nome_comando": "3º Comando de Policiamento do Interior (CPI-3)", "nome_batalhao": "51º BPM/I", "tipo_batalhao": "Interior", "companhia": "2.CIA PM", "pelotao": "ADM", "cidade": "Ribeirao Preto", "endereco": "AV. PROFESSOR JOÃO FIÚSA, 1586, ALTO DA BOA VISTA - Ribeirao Preto", "latitude": -21.2003535, "longitude": -47.8146975, "fonte_geocodificacao": "Google Geocoding API", "opm_nome": "ADMINISTRACAO", "opm_descricao": "CPI-3 51.BPM/I 2.CIA PM ADM", "opm_codigo": "603512100" }, "geometry": { "type": "Point", "coordinates": [ -47.8146975, -21.2003535 ] } },
{ "type": "Feature", "properties": { "id_comando": "CPI-3", "nome_comando": "3º Comando de Policiamento do Interior (CPI-3)", "nome_batalhao": "51º BPM/I", "tipo_batalhao": "Interior", "companhia": "2.CIA PM", "pelotao": "CGP", "cidade": "Ribeirao Preto", "endereco": "AVENIDA PROFESSOR JOÃO FIÚSA, 1586, JARDIM SÃO LUIZ - Ribeirao Preto", "latitude": -21.2054788, "longitude": -47.809531, "fonte_geocodificacao": "Google Geocoding API", "opm_nome": "COMANDO GRUPO PATRULHA", "opm_descricao": "CPI-3 51.BPM/I 2.CIA PM CGP", "opm_codigo": "603512200" }, "geometry": { "type": "Point", "coordinates": [ -47.809531, -21.2054788 ] } },
{ "type": "Feature", "properties": { "id_comando": "CPI-3", "nome_comando": "3º Comando de Policiamento do Interior (CPI-3)", "nome_batalhao": "51º BPM/I", "tipo_batalhao": "Interior", "companhia": "2.CIA PM", "pelotao": "TERRITORIAL", "cidade": "Ribeirao Preto", "endereco": "AV. PROF JOAO FIUSA, 1586, ALTO DA BOA VISTA - Ribeirao Preto", "latitude": -21.2054788, "longitude": -47.809531, "fonte_geocodificacao": "Google Geocoding API", "opm_nome": "2. COMPANHIA DE POLICIA MILITAR", "opm_descricao": "CPI-3 51.BPM/I 2.CIA PM TERRITORIAL", "opm_codigo": "603512000" }, "geometry": { "type": "Point", "coordinates": [ -47.809531, -21.2054788 ] } },
{ "type": "Feature", "properties": { "id_comando": "CPI-3", "nome_comando": "3º Comando de Policiamento do Interior (CPI-3)", "nome_batalhao": "51º BPM/I", "tipo_batalhao": "Interior", "companhia": "3.CIA PM", "pelotao": "ADM", "cidade": "Ribeirao Preto", "endereco": "AVENIDA PIO XII, 1300, VILA VIRGÍNIA - Ribeirao Preto", "latitude": -21.1864923, "longitude": -47.8330849, "fonte_geocodificacao": "Google Geocoding API", "opm_nome": "ADMINISTRACAO", "opm_descricao": "CPI-3 51.BPM/I 3.CIA PM ADM", "opm_codigo": "603513100" }, "geometry": { "type": "Point", "coordinates": [ -47.8330849, -21.1864923 ] } },
{ "type": "Feature", "properties": { "id_comando": "CPI-3", "nome_comando": "3º Comando de Policiamento do Interior (CPI-3)", "nome_batalhao": "51º BPM/I", "tipo_batalhao": "Interior", "companhia": "3.CIA PM", "pelotao": "CGP", "cidade": "Ribeirao Preto", "endereco": "AVENIDA PIO XII, 1300, VILA VIRGÍNIA - Ribeirao Preto", "latitude": -21.1864923, "longitude": -47.8330849, "fonte_geocodificacao": "Google Geocoding API", "opm_nome": "COMANDO GRUPO PATRULHA", "opm_descricao": "CPI-3 51.BPM/I 3.CIA PM CGP", "opm_codigo": "603513200" }, "geometry": { "type": "Point", "coordinates": [ -47.8330849, -21.1864923 ] } },
{ "type": "Feature", "properties": { "id_comando": "CPI-3", "nome_comando": "3º Comando de Policiamento do Interior (CPI-3)", "nome_batalhao": "51º BPM/I", "tipo_batalhao": "Interior", "companhia": "3.CIA PM", "pelotao": "TERRITORIAL", "cidade": "Ribeirao Preto", "endereco": "AVENIDA PIO XII, 1300, VILA VIRGÍNIA - Ribeirao Preto", "latitude": -21.1864923, "longitude": -47.8330849, "fonte_geocodificacao": "Google Geocoding API", "opm_nome": "3. COMPANHIA DE POLICIA MILITAR", "opm_descricao": "CPI-3 51.BPM/I 3.CIA PM TERRITORIAL", "opm_codigo": "603513000" }, "geometry": { "type": "Point", "coordinates": [ -47.8330849, -21.1864923 ] } },
{ "type": "Feature", "properties": { "id_comando": "CPI-3", "nome_comando": "3º Comando de Policiamento do Interior (CPI-3)", "nome_batalhao": "51º BPM/I", "tipo_batalhao": "Interior", "companhia": "4.CIA PM", "pelotao": "1.PEL PM", "cidade": "Serra Azul", "endereco": "RUA CORONEL VENÂNCIO MARTINS, 435, CENTRO - Serra Azul", "latitude": -21.3102028, "longitude": -47.5661144, "fonte_geocodificacao": "Google Geocoding API", "opm_nome": "1. PEL PM", "opm_descricao": "CPI-3 51.BPM/I 4.CIA PM 1.PEL PM", "opm_codigo": "603514100" }, "geometry": { "type": "Point", "coordinates": [ -47.5661144, -21.3102028 ] } },
{ "type": "Feature", "properties": { "id_comando": "CPI-3", "nome_comando": "3º Comando de Policiamento do Interior (CPI-3)", "nome_batalhao": "51º BPM/I", "tipo_batalhao": "Interior", "companhia": "4.CIA PM", "pelotao": "2.PEL PM", "cidade": "Cravinhos", "endereco": "AV. PEDRO AMOROSO, 1293, JD. JOÃO BERBEL - Cravinhos", "latitude": -21.3376168, "longitude": -47.7489103, "fonte_geocodificacao": "Google Geocoding API", "opm_nome": "2.PEL PM", "opm_descricao": "CPI-3 51.BPM/I 4.CIA PM 2.PEL PM", "opm_codigo": "603514200" }, "geometry": { "type": "Point", "coordinates": [ -47.7489103, -21.3376168 ] } },
{ "type": "Feature", "properties": { "id_comando": "CPI-3", "nome_comando": "3º Comando de Policiamento do Interior (CPI-3)", "nome_batalhao": "51º BPM/I", "tipo_batalhao": "Interior", "companhia": "4.CIA PM", "pelotao": "3.PEL PM", "cidade": "Serrana", "endereco": "HABBIB JABALI, 260, JD ROMULO MONTANARI - Serrana", "latitude": -21.2063484, "longitude": -47.6015396, "fonte_geocodificacao": "Google Geocoding API", "opm_nome": "3.PEL PM", "opm_descricao": "CPI-3 51.BPM/I 4.CIA PM 3.PEL PM", "opm_codigo": "603514300" }, "geometry": { "type": "Point", "coordinates": [ -47.6015396, -21.2063484 ] } },
{ "type": "Feature", "properties": { "id_comando": "CPI-3", "nome_comando": "3º Comando de Policiamento do Interior (CPI-3)", "nome_batalhao": "51º BPM/I", "tipo_batalhao": "Interior", "companhia": "4.CIA PM", "pelotao": "ADM", "cidade": "Sao Simao", "endereco": "RUA 7 DE SETEMBRO, 549, CENTRO - Sao Simao", "latitude": -21.4803238, "longitude": -47.5546313, "fonte_geocodificacao": "Google Geocoding API", "opm_nome": "ADM", "opm_descricao": "CPI-3 51.BPM/I 4.CIA PM ADM", "opm_codigo": "603514600" }, "geometry": { "type": "Point", "coordinates": [ -47.5546313, -21.4803238 ] } },
{ "type": "Feature", "properties": { "id_comando": "CPI-3", "nome_comando": "3º Comando de Policiamento do Interior (CPI-3)", "nome_batalhao": "51º BPM/I", "tipo_batalhao": "Interior", "companhia": "4.CIA PM", "pelotao": "CGP", "cidade": "Cravinhos", "endereco": "AV. PEDRO DUARTE AMOROSO, 1293, JD. JOÃO BERBEL II - Cravinhos", "latitude": -21.3376168, "longitude": -47.7489103, "fonte_geocodificacao": "Google Geocoding API", "opm_nome": "COMANDO GRUPO PATRULHA", "opm_descricao": "CPI-3 51.BPM/I 4.CIA PM CGP", "opm_codigo": "603516700" }, "geometry": { "type": "Point", "coordinates": [ -47.7489103, -21.3376168 ] } },
{ "type": "Feature", "properties": { "id_comando": "CPI-3", "nome_comando": "3º Comando de Policiamento do Interior (CPI-3)", "nome_batalhao": "51º BPM/I", "tipo_batalhao": "Interior", "companhia": "CIA F TAT", "pelotao": "1.PEL FT", "cidade": "Ribeirao Preto", "endereco": "AVENIDA PRESIDENTE KENEDY, 1570, NOVA RIBEIRANIA - Ribeirao Preto", "latitude": -21.2036029, "longitude": -47.7675024, "fonte_geocodificacao": "Google Geocoding API", "opm_nome": "1. PELOTAO FORCA TATICA", "opm_descricao": "CPI-3 51.BPM/I CIA F TAT 1.PEL FT", "opm_codigo": "603515100" }, "geometry": { "type": "Point", "coordinates": [ -47.7675024, -21.2036029 ] } },
{ "type": "Feature", "properties": { "id_comando": "CPI-3", "nome_comando": "3º Comando de Policiamento do Interior (CPI-3)", "nome_batalhao": "51º BPM/I", "tipo_batalhao": "Interior", "companhia": "CIA F TAT", "pelotao": "2.PEL FT", "cidade": "Ribeirao Preto", "endereco": "AVENIDA PRESIDENTE KENEDY, 1570, NOVA RIBEIRANIA - Ribeirao Preto", "latitude": -21.2036029, "longitude": -47.7675024, "fonte_geocodificacao": "Google Geocoding API", "opm_nome": "2. PELOTAO DE FORCA TATICA", "opm_descricao": "CPI-3 51.BPM/I CIA F TAT 2.PEL FT 0", "opm_codigo": "603515200" }, "geometry": { "type": "Point", "coordinates": [ -47.7675024, -21.2036029 ] } },
{ "type": "Feature", "properties": { "id_comando": "CPI-3", "nome_comando": "3º Comando de Policiamento do Interior (CPI-3)", "nome_batalhao": "51º BPM/I", "tipo_batalhao": "Interior", "companhia": "CIA F TAT", "pelotao": "ADM", "cidade": "Ribeirao Preto", "endereco": "AVENIDA PRESIDENTE KENEDY, 1570, NOVA RIBEIRANIA - Ribeirao Preto", "latitude": -21.2036029, "longitude": -47.7675024, "fonte_geocodificacao": "Google Geocoding API", "opm_nome": "ADMINISTRACAO", "opm_descricao": "CPI-3 51.BPM/I CIA F TAT ADM", "opm_codigo": "603515500" }, "geometry": { "type": "Point", "coordinates": [ -47.7675024, -21.2036029 ] } },
{ "type": "Feature", "properties": { "id_comando": "CPI-3", "nome_comando": "3º Comando de Policiamento do Interior (CPI-3)", "nome_batalhao": "51º BPM/I", "tipo_batalhao": "Interior", "companhia": "CIA F TAT", "pelotao": "PEL F TAT", "cidade": "Ribeirao Preto", "endereco": "AVENIDA PRESIDENTE KENEDY, 1570, NOVA RIBEIRANIA - Ribeirao Preto", "latitude": -21.2036029, "longitude": -47.7675024, "fonte_geocodificacao": "Google Geocoding API", "opm_nome": "51.BPM/I CIA F TAT PEL F TAT", "opm_descricao": "CPI-3 51.BPM/I CIA F TAT PEL F TAT 0", "opm_codigo": "603515300" }, "geometry": { "type": "Point", "coordinates": [ -47.7675024, -21.2036029 ] } },
{ "type": "Feature", "properties": { "id_comando": "CPI-3", "nome_comando": "3º Comando de Policiamento do Interior (CPI-3)", "nome_batalhao": "51º BPM/I", "tipo_batalhao": "Interior", "companhia": "EM", "pelotao": "P/1 P/5", "cidade": "Ribeirao Preto", "endereco": "AVENIDA PRESIDENTE KENEDY, 1570, NOVA RIBEIRANIA - Ribeirao Preto", "latitude": -21.2036029, "longitude": -47.7675024, "fonte_geocodificacao": "Google Geocoding API", "opm_nome": "P/1 E P/5", "opm_descricao": "CPI-3 51.BPM/I EM P/1 P/5", "opm_codigo": "603518100" }, "geometry": { "type": "Point", "coordinates": [ -47.7675024, -21.2036029 ] } },
{ "type": "Feature", "properties": { "id_comando": "CPI-3", "nome_comando": "3º Comando de Policiamento do Interior (CPI-3)", "nome_batalhao": "51º BPM/I", "tipo_batalhao": "Interior", "companhia": "EM", "pelotao": "P/2", "cidade": "Ribeirao Preto", "endereco": "AVENIDA PRESIDENTE KENEDY, 1570, NOVA RIBEIRANIA - Ribeirao Preto", "latitude": -21.2036029, "longitude": -47.7675024, "fonte_geocodificacao": "Google Geocoding API", "opm_nome": "AGENCIA DE AREA", "opm_descricao": "CPI-3 51.BPM/I EM P/2 AG AREA", "opm_codigo": "603518200" }, "geometry": { "type": "Point", "coordinates": [ -47.7675024, -21.2036029 ] } },
{ "type": "Feature", "properties": { "id_comando": "CPI-3", "nome_comando": "3º Comando de Policiamento do Interior (CPI-3)", "nome_batalhao": "51º BPM/I", "tipo_batalhao": "Interior", "companhia": "EM", "pelotao": "P/3", "cidade": "Ribeirao Preto", "endereco": "AVENIDA PRESIDENTE KENEDY, 1570, NOVA RIBEIRANIA - Ribeirao Preto", "latitude": -21.2036029, "longitude": -47.7675024, "fonte_geocodificacao": "Google Geocoding API", "opm_nome": "P/3", "opm_descricao": "CPI-3 51.BPM/I EM P/3", "opm_codigo": "603518300" }, "geometry": { "type": "Point", "coordinates": [ -47.7675024, -21.2036029 ] } },
{ "type": "Feature", "properties": { "id_comando": "CPI-3", "nome_comando": "3º Comando de Policiamento do Interior (CPI-3)", "nome_batalhao": "51º BPM/I", "tipo_batalhao": "Interior", "companhia": "EM", "pelotao": "P/4", "cidade": "Ribeirao Preto", "endereco": "AVENIDA PRESIDENTE KENEDY, 1570, NOVA RIBEIRANIA - Ribeirao Preto", "latitude": -21.2036029, "longitude": -47.7675024, "fonte_geocodificacao": "Google Geocoding API", "opm_nome": "P/4", "opm_descricao": "CPI-3 51.BPM/I EM P/4", "opm_codigo": "603518400" }, "geometry": { "type": "Point", "coordinates": [ -47.7675024, -21.2036029 ] } },
{ "type": "Feature", "properties": { "id_comando": "CPI-3", "nome_comando": "3º Comando de Policiamento do Interior (CPI-3)", "nome_batalhao": "51º BPM/I", "tipo_batalhao": "Interior", "companhia": "EM", "pelotao": "P/5", "cidade": "Ribeirao Preto", "endereco": "AVENIDA PRESIDENTE KENEDY, 1570, NOVA RIBEIRANIA - Ribeirao Preto", "latitude": -21.2036029, "longitude": -47.7675024, "fonte_geocodificacao": "Google Geocoding API", "opm_nome": "51.BPM/I P/5", "opm_descricao": "CPI-3 51.BPM/I EM P/5", "opm_codigo": "603518500" }, "geometry": { "type": "Point", "coordinates": [ -47.7675024, -21.2036029 ] } },
{ "type": "Feature", "properties": { "id_comando": "CPI-3", "nome_comando": "3º Comando de Policiamento do Interior (CPI-3)", "nome_batalhao": "51º BPM/I", "tipo_batalhao": "Interior", "companhia": "EM", "pelotao": "SEC PJMD", "cidade": "Ribeirao Preto", "endereco": "AVENIDA PRESIDENTE KENEDY, 1570, NOVA RIBEIRANIA - Ribeirao Preto", "latitude": -21.2036029, "longitude": -47.7675024, "fonte_geocodificacao": "Google Geocoding API", "opm_nome": "SECAO POLICIA JUDICIARIA MILITAR E DISCIPLINA", "opm_descricao": "CPI-3 51.BPM/I EM SEC PJMD", "opm_codigo": "603518600" }, "geometry": { "type": "Point", "coordinates": [ -47.7675024, -21.2036029 ] } },
{ "type": "Feature", "properties": { "id_comando": "CPI-5", "nome_comando": "5º Comando de Policiamento do Interior (CPI-5)", "nome_batalhao": "52º BPM/I", "tipo_batalhao": "Interior", "companhia": "1.CIA PM", "pelotao": "0", "cidade": "Balsamo", "endereco": "RUA PARÁ, 168, JARDIM CANOVA - Balsamo", "latitude": -20.7335815, "longitude": -49.5823663, "fonte_geocodificacao": "Google Geocoding API", "opm_nome": "4. GRUPO POLICIAL MILITAR", "opm_descricao": "CPI-5 52.BPM/I 1.CIA PM 0 4.GP/PM", "opm_codigo": "605521004" }, "geometry": { "type": "Point", "coordinates": [ -49.5823663, -20.7335815 ] } },
{ "type": "Feature", "properties": { "id_comando": "CPI-5", "nome_comando": "5º Comando de Policiamento do Interior (CPI-5)", "nome_batalhao": "52º BPM/I", "tipo_batalhao": "Interior", "companhia": "1.CIA PM", "pelotao": "1.PEL PM", "cidade": "Tanabi", "endereco": "RUA JOSÉ SIRIANI, 819, CENTRO - Tanabi", "latitude": -20.6277076, "longitude": -49.653093, "fonte_geocodificacao": "Google Geocoding API", "opm_nome": "1. PELOTAO POLICIAL MILITAR", "opm_descricao": "CPI-5 52.BPM/I 1.CIA PM 1.PEL PM 0", "opm_codigo": "605521100" }, "geometry": { "type": "Point", "coordinates": [ -49.653093, -20.6277076 ] } },
{ "type": "Feature", "properties": { "id_comando": "CPI-5", "nome_comando": "5º Comando de Policiamento do Interior (CPI-5)", "nome_batalhao": "52º BPM/I", "tipo_batalhao": "Interior", "companhia": "1.CIA PM", "pelotao": "8.GP PM", "cidade": "Monte Aprazivel", "endereco": "RUA 26 DE MAIO, 1231, VILA APARECIDA - Monte Aprazivel", "latitude": -20.7647234, "longitude": -49.7131876, "fonte_geocodificacao": "Google Geocoding API", "opm_nome": "8. GRUPO POLICIAL MILITAR", "opm_descricao": "CPI-5 52.BPM/I 1.CIA PM 8.GP PM 0", "opm_codigo": "605521200" }, "geometry": { "type": "Point", "coordinates": [ -49.7131876, -20.7647234 ] } },
{ "type": "Feature", "properties": { "id_comando": "CPI-5", "nome_comando": "5º Comando de Policiamento do Interior (CPI-5)", "nome_batalhao": "52º BPM/I", "tipo_batalhao": "Interior", "companhia": "1.CIA PM", "pelotao": "ADM", "cidade": "Mirassol", "endereco": "av. victório baccan, 2485, são josé - Mirassol", "latitude": -20.8157834, "longitude": -49.5047862, "fonte_geocodificacao": "Google Geocoding API", "opm_nome": "ADMINISTRACAO", "opm_descricao": "CPI-5 52.BPM/I 1.CIA PM ADM 0", "opm_codigo": "605521400" }, "geometry": { "type": "Point", "coordinates": [ -49.5047862, -20.8157834 ] } },
{ "type": "Feature", "properties": { "id_comando": "CPI-5", "nome_comando": "5º Comando de Policiamento do Interior (CPI-5)", "nome_batalhao": "52º BPM/I", "tipo_batalhao": "Interior", "companhia": "1.CIA PM", "pelotao": "CGP", "cidade": "Mirassol", "endereco": "AVENIDA VITÓRIO BACAN, 2485, SÃO JOSÉ - Mirassol", "latitude": -20.8140835, "longitude": -49.5231701, "fonte_geocodificacao": "Google Geocoding API", "opm_nome": "COMANDO DE GRUPO PATRULHA", "opm_descricao": "CPI-5 52.BPM/I 1.CIA PM CGP 0", "opm_codigo": "605521500" }, "geometry": { "type": "Point", "coordinates": [ -49.523170099999987, -20.8140835 ] } },
{ "type": "Feature", "properties": { "id_comando": "CPI-5", "nome_comando": "5º Comando de Policiamento do Interior (CPI-5)", "nome_batalhao": "52º BPM/I", "tipo_batalhao": "Interior", "companhia": "2.CIA PM", "pelotao": "0", "cidade": "Cedral", "endereco": "RUA DAS BANDEIRA, 149, CENTRO - Cedral", "latitude": -20.913902474165752, "longitude": -49.263925484470299, "fonte_geocodificacao": "Centroide do município-sede (geocodificação rejeitada: fora dos limites do município)", "opm_nome": "3. GRUPO POLICIAL MILITAR", "opm_descricao": "CPI-5 52.BPM/I 2.CIA PM 0 3.GP/PM", "opm_codigo": "605522003" }, "geometry": { "type": "Point", "coordinates": [ -49.263925484470299, -20.913902474165752 ] } },
{ "type": "Feature", "properties": { "id_comando": "CPI-5", "nome_comando": "5º Comando de Policiamento do Interior (CPI-5)", "nome_batalhao": "52º BPM/I", "tipo_batalhao": "Interior", "companhia": "2.CIA PM", "pelotao": "1.PEL PM", "cidade": "Nova Granada", "endereco": "RUA MARIA ROSA DO NASCIMENTO, 101, PARQUE DAS AMÉRICAS - Nova Granada", "latitude": -20.533559, "longitude": -49.3197746, "fonte_geocodificacao": "Google Geocoding API", "opm_nome": "52.BPM/I 2.CIA PM 1.PEL PM", "opm_descricao": "CPI-5 52.BPM/I 2.CIA PM 1.PEL PM 0", "opm_codigo": "605522100" }, "geometry": { "type": "Point", "coordinates": [ -49.3197746, -20.533559 ] } },
{ "type": "Feature", "properties": { "id_comando": "CPI-5", "nome_comando": "5º Comando de Policiamento do Interior (CPI-5)", "nome_batalhao": "52º BPM/I", "tipo_batalhao": "Interior", "companhia": "2.CIA PM", "pelotao": "ADM", "cidade": "Nova Granada", "endereco": "rua maria rosa do nascimento, 101, parque das américas - Nova Granada", "latitude": -20.533559, "longitude": -49.3197746, "fonte_geocodificacao": "Google Geocoding API", "opm_nome": "ADMINISTRACAO", "opm_descricao": "CPI-5 52.BPM/I 2.CIA PM ADM 0", "opm_codigo": "605522400" }, "geometry": { "type": "Point", "coordinates": [ -49.3197746, -20.533559 ] } },
{ "type": "Feature", "properties": { "id_comando": "CPI-5", "nome_comando": "5º Comando de Policiamento do Interior (CPI-5)", "nome_batalhao": "52º BPM/I", "tipo_batalhao": "Interior", "companhia": "2.CIA PM", "pelotao": "CGP", "cidade": "Nova Granada", "endereco": "RUA MARIA ROSA DO NASCIMENTO, 101, PARQUE AMÉRICAS - Nova Granada", "latitude": -20.5332079, "longitude": -49.3269175, "fonte_geocodificacao": "Google Geocoding API", "opm_nome": "COMANDO DE GRUPO PATRULHA", "opm_descricao": "CPI-5 52.BPM/I 2.CIA PM CGP 0", "opm_codigo": "605522500" }, "geometry": { "type": "Point", "coordinates": [ -49.3269175, -20.5332079 ] } },
{ "type": "Feature", "properties": { "id_comando": "CPI-5", "nome_comando": "5º Comando de Policiamento do Interior (CPI-5)", "nome_batalhao": "52º BPM/I", "tipo_batalhao": "Interior", "companhia": "3.CIA PM", "pelotao": "ADM", "cidade": "Jose Bonifacio", "endereco": "AV CAMPOS SALES, 523, CENTRO - Jose Bonifacio", "latitude": -21.0530926, "longitude": -49.6874065, "fonte_geocodificacao": "Google Geocoding API", "opm_nome": "ADMINISTRACAO", "opm_descricao": "CPI-5 52.BPM/I 3.CIA PM ADM 0", "opm_codigo": "605523200" }, "geometry": { "type": "Point", "coordinates": [ -49.687406499999987, -21.0530926 ] } },
{ "type": "Feature", "properties": { "id_comando": "CPI-5", "nome_comando": "5º Comando de Policiamento do Interior (CPI-5)", "nome_batalhao": "52º BPM/I", "tipo_batalhao": "Interior", "companhia": "3.CIA PM", "pelotao": "CGP", "cidade": "Jose Bonifacio", "endereco": "AVENIDA CAMPOS SALES, 523, CENTRO - Jose Bonifacio", "latitude": -21.0530926, "longitude": -49.6874065, "fonte_geocodificacao": "Google Geocoding API", "opm_nome": "COMANDO DE GRUPO PATRULHA", "opm_descricao": "CPI-5 52.BPM/I 3.CIA PM CGP", "opm_codigo": "605523300" }, "geometry": { "type": "Point", "coordinates": [ -49.687406499999987, -21.0530926 ] } },
{ "type": "Feature", "properties": { "id_comando": "CPI-5", "nome_comando": "5º Comando de Policiamento do Interior (CPI-5)", "nome_batalhao": "52º BPM/I", "tipo_batalhao": "Interior", "companhia": "3.CIA PM", "pelotao": "PEL PM", "cidade": "Bady Bassitt", "endereco": "RUA SEBASTIÃO VAZ DE LIMA, 150, CENTRO - Bady Bassitt", "latitude": -20.9169334, "longitude": -49.4501414, "fonte_geocodificacao": "Google Geocoding API", "opm_nome": "PELOTAO DE POLICIA MILITAR", "opm_descricao": "CPI-5 52.BPM/I 3.CIA PM PEL PM", "opm_codigo": "605523007" }, "geometry": { "type": "Point", "coordinates": [ -49.4501414, -20.9169334 ] } },
{ "type": "Feature", "properties": { "id_comando": "CPI-5", "nome_comando": "5º Comando de Policiamento do Interior (CPI-5)", "nome_batalhao": "52º BPM/I", "tipo_batalhao": "Interior", "companhia": "COORD OP", "pelotao": "0", "cidade": "Mirassol", "endereco": "AV. VICTÓRIO BACCAN, 2485, São José - Mirassol", "latitude": -20.8157834, "longitude": -49.5047862, "fonte_geocodificacao": "Google Geocoding API", "opm_nome": "52.BPM/I - COORD PM", "opm_descricao": "CPI-5 52.BPM/I COORD OP 0 0", "opm_codigo": "605528000" }, "geometry": { "type": "Point", "coordinates": [ -49.5047862, -20.8157834 ] } },
{ "type": "Feature", "properties": { "id_comando": "CPI-5", "nome_comando": "5º Comando de Policiamento do Interior (CPI-5)", "nome_batalhao": "52º BPM/I", "tipo_batalhao": "Interior", "companhia": "EM", "pelotao": "0", "cidade": "Mirassol", "endereco": "AV. VICTÓRIO BACCAN, 24-85, 2485, SÃO JOSÉ - Mirassol", "latitude": -20.8148468, "longitude": -49.5061157, "fonte_geocodificacao": "Google Geocoding API", "opm_nome": "ESTADO-MAIOR", "opm_descricao": "CPI-5 52.BPM/I EM 0 0", "opm_codigo": "605529000" }, "geometry": { "type": "Point", "coordinates": [ -49.5061157, -20.8148468 ] } },
{ "type": "Feature", "properties": { "id_comando": "CPI-5", "nome_comando": "5º Comando de Policiamento do Interior (CPI-5)", "nome_batalhao": "52º BPM/I", "tipo_batalhao": "Interior", "companhia": "EM", "pelotao": "DIV OP", "cidade": "Mirassol", "endereco": "AV. VICTÓRIO BACCAN, 24-85, 2485, SÃO JOSÉ - Mirassol", "latitude": -20.8148468, "longitude": -49.5061157, "fonte_geocodificacao": "Google Geocoding API", "opm_nome": "DIVISAO OPERACIONAL", "opm_descricao": "CPI-5 52.BPM/I EM DIV OP 0", "opm_codigo": "605529300" }, "geometry": { "type": "Point", "coordinates": [ -49.5061157, -20.8148468 ] } },
{ "type": "Feature", "properties": { "id_comando": "CPI-5", "nome_comando": "5º Comando de Policiamento do Interior (CPI-5)", "nome_batalhao": "52º BPM/I", "tipo_batalhao": "Interior", "companhia": "EM", "pelotao": "P/1 E P/5", "cidade": "Mirassol", "endereco": "AV. VICTÓRIO BACCAN, 24-85, 2485, SÃO JOSÉ - Mirassol", "latitude": -20.8148468, "longitude": -49.5061157, "fonte_geocodificacao": "Google Geocoding API", "opm_nome": "P/1 E P/5", "opm_descricao": "CPI-5 52.BPM/I EM P/1 E P/5 0", "opm_codigo": "605529100" }, "geometry": { "type": "Point", "coordinates": [ -49.5061157, -20.8148468 ] } },
{ "type": "Feature", "properties": { "id_comando": "CPI-5", "nome_comando": "5º Comando de Policiamento do Interior (CPI-5)", "nome_batalhao": "52º BPM/I", "tipo_batalhao": "Interior", "companhia": "EM", "pelotao": "P/2", "cidade": "Mirassol", "endereco": "AV. VICTÓRIO BACCAN, 24-85, 2485, SÃO JOSÉ - Mirassol", "latitude": -20.8148468, "longitude": -49.5061157, "fonte_geocodificacao": "Google Geocoding API", "opm_nome": "P/2", "opm_descricao": "CPI-5 52.BPM/I EM P/2 0", "opm_codigo": "605529200" }, "geometry": { "type": "Point", "coordinates": [ -49.5061157, -20.8148468 ] } },
{ "type": "Feature", "properties": { "id_comando": "CPI-5", "nome_comando": "5º Comando de Policiamento do Interior (CPI-5)", "nome_batalhao": "52º BPM/I", "tipo_batalhao": "Interior", "companhia": "EM", "pelotao": "P/3", "cidade": "Mirassol", "endereco": "RUA VICTÓRIO BACCAN, 2485, SÃO JOSÉ - Mirassol", "latitude": -20.8157834, "longitude": -49.5047862, "fonte_geocodificacao": "Google Geocoding API", "opm_nome": "COMANDO FORCA PATRULHA", "opm_descricao": "CPI-5 52.BPM/I EM P/3 CFP", "opm_codigo": "605529310" }, "geometry": { "type": "Point", "coordinates": [ -49.5047862, -20.8157834 ] } },
{ "type": "Feature", "properties": { "id_comando": "CPI-5", "nome_comando": "5º Comando de Policiamento do Interior (CPI-5)", "nome_batalhao": "52º BPM/I", "tipo_batalhao": "Interior", "companhia": "EM", "pelotao": "P/4 E MOTOMEC", "cidade": "Mirassol", "endereco": "AV. VICTÓRIO BACCAN, 24-85, 2485, SÃO JOSÉ - Mirassol", "latitude": -20.8148468, "longitude": -49.5061157, "fonte_geocodificacao": "Google Geocoding API", "opm_nome": "P/4 E MOTOMECANIZACAO", "opm_descricao": "CPI-5 52.BPM/I EM P/4 E MOTOMEC 0", "opm_codigo": "605529400" }, "geometry": { "type": "Point", "coordinates": [ -49.5061157, -20.8148468 ] } },
{ "type": "Feature", "properties": { "id_comando": "CPI-5", "nome_comando": "5º Comando de Policiamento do Interior (CPI-5)", "nome_batalhao": "52º BPM/I", "tipo_batalhao": "Interior", "companhia": "EM", "pelotao": "P/5", "cidade": "Mirassol", "endereco": "AV. VICTÓRIO BACCAN, 24-85, 2485, SÃO JOSÉ - Mirassol", "latitude": -20.8148468, "longitude": -49.5061157, "fonte_geocodificacao": "Google Geocoding API", "opm_nome": "52.BPM/I P/5", "opm_descricao": "CPI-5 52.BPM/I EM P/5 0", "opm_codigo": "605529500" }, "geometry": { "type": "Point", "coordinates": [ -49.5061157, -20.8148468 ] } },
{ "type": "Feature", "properties": { "id_comando": "CPI-5", "nome_comando": "5º Comando de Policiamento do Interior (CPI-5)", "nome_batalhao": "52º BPM/I", "tipo_batalhao": "Interior", "companhia": "EM", "pelotao": "SEC PJMD", "cidade": "Mirassol", "endereco": "AV. VICTÓRIO BACCAN, 24-85, 2485, SÃO JOSÉ - Mirassol", "latitude": -20.8148468, "longitude": -49.5061157, "fonte_geocodificacao": "Google Geocoding API", "opm_nome": "SECAO POLICIA JUDICIARIA MILITAR E DISCIPLINA", "opm_descricao": "CPI-5 52.BPM/I EM SEC PJMD 0", "opm_codigo": "605529600" }, "geometry": { "type": "Point", "coordinates": [ -49.5061157, -20.8148468 ] } },
{ "type": "Feature", "properties": { "id_comando": "CPI-7", "nome_comando": "7º Comando de Policiamento do Interior (CPI-7)", "nome_batalhao": "53º BPM/I", "tipo_batalhao": "Interior", "companhia": "1.CIA PM", "pelotao": "3.PEL PM", "cidade": "Avare", "endereco": "RUA BAHIA, 100  OPM INEXISTENTE, CENTRO - Avare", "latitude": -23.1101681, "longitude": -48.9281151, "fonte_geocodificacao": "Google Geocoding API", "opm_nome": "53.BPM/I 1.CIA PM 3.PEL PM", "opm_descricao": "CPI-7 53.BPM/I 1.CIA PM 3.PEL PM", "opm_codigo": "607531300" }, "geometry": { "type": "Point", "coordinates": [ -48.9281151, -23.1101681 ] } },
{ "type": "Feature", "properties": { "id_comando": "CPI-7", "nome_comando": "7º Comando de Policiamento do Interior (CPI-7)", "nome_batalhao": "53º BPM/I", "tipo_batalhao": "Interior", "companhia": "1.CIA PM", "pelotao": "ADM", "cidade": "Avare", "endereco": "Rua Maneco Dionizio, 318, vila martins II - Avare", "latitude": -23.1108144, "longitude": -48.9127606, "fonte_geocodificacao": "Google Geocoding API", "opm_nome": "ADMINISTRACAO", "opm_descricao": "CPI-7 53.BPM/I 1.CIA PM ADM", "opm_codigo": "607531500" }, "geometry": { "type": "Point", "coordinates": [ -48.9127606, -23.1108144 ] } },
{ "type": "Feature", "properties": { "id_comando": "CPI-7", "nome_comando": "7º Comando de Policiamento do Interior (CPI-7)", "nome_batalhao": "53º BPM/I", "tipo_batalhao": "Interior", "companhia": "1.CIA PM", "pelotao": "CGP", "cidade": "Avare", "endereco": "RUA MANECO DIONÍSIO, 318, JARDIM PLANALTO - Avare", "latitude": -23.1108144, "longitude": -48.9127606, "fonte_geocodificacao": "Google Geocoding API", "opm_nome": "COMANDO GRUPO PATRULHA", "opm_descricao": "CPI-7 53.BPM/I 1.CIA PM CGP", "opm_codigo": "607531600" }, "geometry": { "type": "Point", "coordinates": [ -48.9127606, -23.1108144 ] } },
{ "type": "Feature", "properties": { "id_comando": "CPI-7", "nome_comando": "7º Comando de Policiamento do Interior (CPI-7)", "nome_batalhao": "53º BPM/I", "tipo_batalhao": "Interior", "companhia": "1.CIA PM", "pelotao": "PEL FT / P MON", "cidade": "Avare", "endereco": "PQ FERNANDO CRUZ PIMENTEL S/N EMAPA, 1, BAIRRO NOVA AVARE - Avare", "latitude": -23.106256, "longitude": -48.8880269, "fonte_geocodificacao": "Google Geocoding API", "opm_nome": "53.BPM/I 1.CIA FT P MON", "opm_descricao": "CPI-7 53.BPM/I 1.CIA PM PEL FT / P MON", "opm_codigo": "607531100" }, "geometry": { "type": "Point", "coordinates": [ -48.8880269, -23.106256 ] } },
{ "type": "Feature", "properties": { "id_comando": "CPI-7", "nome_comando": "7º Comando de Policiamento do Interior (CPI-7)", "nome_batalhao": "53º BPM/I", "tipo_batalhao": "Interior", "companhia": "2.CIA PM", "pelotao": "4.PEL PM", "cidade": "Avare", "endereco": "RUA BAHIA, 100  OPM INEXISTENTE, CENTRO - Avare", "latitude": -23.1101681, "longitude": -48.9281151, "fonte_geocodificacao": "Google Geocoding API", "opm_nome": "53.BPM/I 2.CIA PM 4.PEL PM", "opm_descricao": "CPI-7 53.BPM/I 2.CIA PM 4.PEL PM 0", "opm_codigo": "607532400" }, "geometry": { "type": "Point", "coordinates": [ -48.9281151, -23.1101681 ] } },
{ "type": "Feature", "properties": { "id_comando": "CPI-7", "nome_comando": "7º Comando de Policiamento do Interior (CPI-7)", "nome_batalhao": "53º BPM/I", "tipo_batalhao": "Interior", "companhia": "2.CIA PM", "pelotao": "ADM", "cidade": "Piraju", "endereco": "RUA NICOLA IZZO, 40, JARDIM EUROPA - Piraju", "latitude": -23.2004693, "longitude": -49.3754637, "fonte_geocodificacao": "Google Geocoding API", "opm_nome": "ADMINISTRACAO", "opm_descricao": "CPI-7 53.BPM/I 2.CIA PM ADM", "opm_codigo": "607532600" }, "geometry": { "type": "Point", "coordinates": [ -49.3754637, -23.2004693 ] } },
{ "type": "Feature", "properties": { "id_comando": "CPI-7", "nome_comando": "7º Comando de Policiamento do Interior (CPI-7)", "nome_batalhao": "53º BPM/I", "tipo_batalhao": "Interior", "companhia": "2.CIA PM", "pelotao": "CAD", "cidade": "Piraju", "endereco": "Rua Nícola Izzo, 40, Jardim Europa - Piraju", "latitude": -23.2004693, "longitude": -49.3754637, "fonte_geocodificacao": "Google Geocoding API", "opm_nome": "CENTRO DE ATENDIMENTO E DESPACHO", "opm_descricao": "CPI-7 53.BPM/I 2.CIA PM CAD", "opm_codigo": "607532601" }, "geometry": { "type": "Point", "coordinates": [ -49.3754637, -23.2004693 ] } },
{ "type": "Feature", "properties": { "id_comando": "CPI-7", "nome_comando": "7º Comando de Policiamento do Interior (CPI-7)", "nome_batalhao": "53º BPM/I", "tipo_batalhao": "Interior", "companhia": "2.CIA PM", "pelotao": "CGP", "cidade": "Avare", "endereco": "Rua Nícola Izzo, 40, Jardim Europa - Avare", "latitude": -23.0991209, "longitude": -48.9228793, "fonte_geocodificacao": "Google Geocoding API", "opm_nome": "COMANDO GRUPO PATRULHA", "opm_descricao": "CPI-7 53.BPM/I 2.CIA PM CGP", "opm_codigo": "607532700" }, "geometry": { "type": "Point", "coordinates": [ -48.9228793, -23.0991209 ] } },
{ "type": "Feature", "properties": { "id_comando": "CPI-7", "nome_comando": "7º Comando de Policiamento do Interior (CPI-7)", "nome_batalhao": "53º BPM/I", "tipo_batalhao": "Interior", "companhia": "2.CIA PM", "pelotao": "PEL PM", "cidade": "Cerqueira Cesar", "endereco": "RUA RIACHUELO, 265, centro - Cerqueira Cesar", "latitude": -23.0352334, "longitude": -49.1698372, "fonte_geocodificacao": "Google Geocoding API", "opm_nome": "PELOTAO POLICIAL MILITAR", "opm_descricao": "CPI-7 53.BPM/I 2.CIA PM PEL PM", "opm_codigo": "607532100" }, "geometry": { "type": "Point", "coordinates": [ -49.1698372, -23.0352334 ] } },
{ "type": "Feature", "properties": { "id_comando": "CPI-7", "nome_comando": "7º Comando de Policiamento do Interior (CPI-7)", "nome_batalhao": "53º BPM/I", "tipo_batalhao": "Interior", "companhia": "3.CIA PM", "pelotao": "1.PEL PM", "cidade": "Itai", "endereco": "RUA AGOSTINHO MORGATO, 19  CASA, JD MONTE ALTO - Itai", "latitude": -23.4183452, "longitude": -49.0967199, "fonte_geocodificacao": "Google Geocoding API", "opm_nome": "1. PELOTAO POLICIAL MILITAR", "opm_descricao": "CPI-7 53.BPM/I 3.CIA PM 1.PEL PM", "opm_codigo": "607533100" }, "geometry": { "type": "Point", "coordinates": [ -49.0967199, -23.4183452 ] } },
{ "type": "Feature", "properties": { "id_comando": "CPI-7", "nome_comando": "7º Comando de Policiamento do Interior (CPI-7)", "nome_batalhao": "53º BPM/I", "tipo_batalhao": "Interior", "companhia": "3.CIA PM", "pelotao": "2.PEL PM", "cidade": "Paranapanema", "endereco": "AV NEOPOLO TEODORO DA SILVA, 69, VILA LEME - Paranapanema", "latitude": -23.3807183, "longitude": -48.7254651, "fonte_geocodificacao": "Google Geocoding API", "opm_nome": "2. PELOTAO POLICIAL MILITAR", "opm_descricao": "CPI-7 53.BPM/I 3.CIA PM 2.PEL PM", "opm_codigo": "607533200" }, "geometry": { "type": "Point", "coordinates": [ -48.7254651, -23.3807183 ] } },
{ "type": "Feature", "properties": { "id_comando": "CPI-7", "nome_comando": "7º Comando de Policiamento do Interior (CPI-7)", "nome_batalhao": "53º BPM/I", "tipo_batalhao": "Interior", "companhia": "3.CIA PM", "pelotao": "ADM", "cidade": "Taquarituba", "endereco": "Rua manoel joaquim mendes, 116, jd sao vicente - Taquarituba", "latitude": -23.5233444, "longitude": -49.2435417, "fonte_geocodificacao": "Google Geocoding API", "opm_nome": "ADMINISTRACAO", "opm_descricao": "CPI-7 53.BPM/I 3.CIA PM ADM", "opm_codigo": "607533500" }, "geometry": { "type": "Point", "coordinates": [ -49.243541699999987, -23.5233444 ] } },
{ "type": "Feature", "properties": { "id_comando": "CPI-7", "nome_comando": "7º Comando de Policiamento do Interior (CPI-7)", "nome_batalhao": "53º BPM/I", "tipo_batalhao": "Interior", "companhia": "3.CIA PM", "pelotao": "CGP", "cidade": "Taquarituba", "endereco": "Rua Manoel Joaquim Mendes, 116, Vila Mendes - Taquarituba", "latitude": -23.5233444, "longitude": -49.2435417, "fonte_geocodificacao": "Google Geocoding API", "opm_nome": "COMANDO GRUPO PATRULHA", "opm_descricao": "CPI-7 53.BPM/I 3.CIA PM CGP", "opm_codigo": "607533600" }, "geometry": { "type": "Point", "coordinates": [ -49.243541699999987, -23.5233444 ] } },
{ "type": "Feature", "properties": { "id_comando": "CPI-7", "nome_comando": "7º Comando de Policiamento do Interior (CPI-7)", "nome_batalhao": "53º BPM/I", "tipo_batalhao": "Interior", "companhia": "CIA FT", "pelotao": "1. PEL FT", "cidade": "Avare", "endereco": "AVENIDA SALIM ANTÔNIO CURIATI, 333  CIA FORÇA TATICA - 1 PEL, BAIRRO DO BRAZ - Avare", "latitude": -23.1016183, "longitude": -48.9105235, "fonte_geocodificacao": "Google Geocoding API", "opm_nome": "1. PELOTÃO DE FORÇA TÁTICA", "opm_descricao": "CPI-7 53.BPM/I CIA FT 1. PEL FT", "opm_codigo": "607537100" }, "geometry": { "type": "Point", "coordinates": [ -48.9105235, -23.1016183 ] } },
{ "type": "Feature", "properties": { "id_comando": "CPI-7", "nome_comando": "7º Comando de Policiamento do Interior (CPI-7)", "nome_batalhao": "53º BPM/I", "tipo_batalhao": "Interior", "companhia": "CIA FT", "pelotao": "2. PEL FT", "cidade": "Avare", "endereco": "AVENIDA SALIM ANTÔNIO CURIATI, 333  CIA FORÇA TATICA, BAIRRO DO BRAZ - Avare", "latitude": -23.1016183, "longitude": -48.9105235, "fonte_geocodificacao": "Google Geocoding API", "opm_nome": "2. PELOTÃO DE FORÇA TÁTICA", "opm_descricao": "CPI-7 53.BPM/I CIA FT 2. PEL FT", "opm_codigo": "607537200" }, "geometry": { "type": "Point", "coordinates": [ -48.9105235, -23.1016183 ] } },
{ "type": "Feature", "properties": { "id_comando": "CPI-7", "nome_comando": "7º Comando de Policiamento do Interior (CPI-7)", "nome_batalhao": "53º BPM/I", "tipo_batalhao": "Interior", "companhia": "EM", "pelotao": "MOTOMEC", "cidade": "Avare", "endereco": "RUA BAHIA, 100, JARDIM BOM SUCESSO - Avare", "latitude": -23.1101681, "longitude": -48.9281151, "fonte_geocodificacao": "Google Geocoding API", "opm_nome": "53.BPM/I MOTOMEC", "opm_descricao": "CPI-7 53.BPM/I EM MOTOMEC", "opm_codigo": "607539700" }, "geometry": { "type": "Point", "coordinates": [ -48.9281151, -23.1101681 ] } },
{ "type": "Feature", "properties": { "id_comando": "CPI-7", "nome_comando": "7º Comando de Policiamento do Interior (CPI-7)", "nome_batalhao": "53º BPM/I", "tipo_batalhao": "Interior", "companhia": "EM", "pelotao": "P/1", "cidade": "Avare", "endereco": "RUA BAHIA, 100, BAIRRO ÁGUA BRANCA - Avare", "latitude": -23.1101681, "longitude": -48.9281151, "fonte_geocodificacao": "Google Geocoding API", "opm_nome": "GUARDA DO QUARTEL", "opm_descricao": "CPI-7 53.BPM/I EM P/1 GD QUARTEL", "opm_codigo": "607539110" }, "geometry": { "type": "Point", "coordinates": [ -48.9281151, -23.1101681 ] } },
{ "type": "Feature", "properties": { "id_comando": "CPI-7", "nome_comando": "7º Comando de Policiamento do Interior (CPI-7)", "nome_batalhao": "53º BPM/I", "tipo_batalhao": "Interior", "companhia": "EM", "pelotao": "P/1 P/5", "cidade": "Avare", "endereco": "RUA BAHIA, 100, CENTRO - Avare", "latitude": -23.1101681, "longitude": -48.9281151, "fonte_geocodificacao": "Google Geocoding API", "opm_nome": "P/1 E P/5", "opm_descricao": "CPI-7 53.BPM/I EM P/1 P/5", "opm_codigo": "607539100" }, "geometry": { "type": "Point", "coordinates": [ -48.9281151, -23.1101681 ] } },
{ "type": "Feature", "properties": { "id_comando": "CPI-7", "nome_comando": "7º Comando de Policiamento do Interior (CPI-7)", "nome_batalhao": "53º BPM/I", "tipo_batalhao": "Interior", "companhia": "EM", "pelotao": "P/2", "cidade": "Avare", "endereco": "RUA BAHIA/ AVARE, 100, CENTRO - Avare", "latitude": -23.1101681, "longitude": -48.9281151, "fonte_geocodificacao": "Google Geocoding API", "opm_nome": "P/2", "opm_descricao": "CPI-7 53.BPM/I EM P/2", "opm_codigo": "607539200" }, "geometry": { "type": "Point", "coordinates": [ -48.9281151, -23.1101681 ] } },
{ "type": "Feature", "properties": { "id_comando": "CPI-7", "nome_comando": "7º Comando de Policiamento do Interior (CPI-7)", "nome_batalhao": "53º BPM/I", "tipo_batalhao": "Interior", "companhia": "EM", "pelotao": "P/3", "cidade": "Avare", "endereco": "RUA BAHIA, 100, JARDIM BOM SUCESSO - Avare", "latitude": -23.1101681, "longitude": -48.9281151, "fonte_geocodificacao": "Google Geocoding API", "opm_nome": "P/3", "opm_descricao": "CPI-7 53.BPM/I EM P/3", "opm_codigo": "607539300" }, "geometry": { "type": "Point", "coordinates": [ -48.9281151, -23.1101681 ] } },
{ "type": "Feature", "properties": { "id_comando": "CPI-7", "nome_comando": "7º Comando de Policiamento do Interior (CPI-7)", "nome_batalhao": "53º BPM/I", "tipo_batalhao": "Interior", "companhia": "EM", "pelotao": "P/4 MOTOMEC", "cidade": "Avare", "endereco": "RUA BAHIA, 100, JARDIM BOM SUCESSO - Avare", "latitude": -23.1101681, "longitude": -48.9281151, "fonte_geocodificacao": "Google Geocoding API", "opm_nome": "P/4 E MOTOMECANIZAÇÃO", "opm_descricao": "CPI-7 53.BPM/I EM P/4 MOTOMEC", "opm_codigo": "607539400" }, "geometry": { "type": "Point", "coordinates": [ -48.9281151, -23.1101681 ] } },
{ "type": "Feature", "properties": { "id_comando": "CPI-7", "nome_comando": "7º Comando de Policiamento do Interior (CPI-7)", "nome_batalhao": "53º BPM/I", "tipo_batalhao": "Interior", "companhia": "EM", "pelotao": "P/5", "cidade": "Avare", "endereco": "RUA BAHIA, 100, JARDIM BOM SUCESSO - Avare", "latitude": -23.1101681, "longitude": -48.9281151, "fonte_geocodificacao": "Google Geocoding API", "opm_nome": "53.BPM/I P/5", "opm_descricao": "CPI-7 53.BPM/I EM P/5", "opm_codigo": "607539500" }, "geometry": { "type": "Point", "coordinates": [ -48.9281151, -23.1101681 ] } },
{ "type": "Feature", "properties": { "id_comando": "CPI-7", "nome_comando": "7º Comando de Policiamento do Interior (CPI-7)", "nome_batalhao": "53º BPM/I", "tipo_batalhao": "Interior", "companhia": "EM", "pelotao": "SEC PJMD", "cidade": "Avare", "endereco": "RUA BAHIA, 100, JARDIM BOM SUCESSO - Avare", "latitude": -23.1101681, "longitude": -48.9281151, "fonte_geocodificacao": "Google Geocoding API", "opm_nome": "SECAO POLICIA JUDICIARIA MILITAR E DISCIPLINA", "opm_descricao": "CPI-7 53.BPM/I EM SEC PJMD", "opm_codigo": "607539600" }, "geometry": { "type": "Point", "coordinates": [ -48.9281151, -23.1101681 ] } },
{ "type": "Feature", "properties": { "id_comando": "CPI-7", "nome_comando": "7º Comando de Policiamento do Interior (CPI-7)", "nome_batalhao": "53º BPM/I", "tipo_batalhao": "Interior", "companhia": "EM", "pelotao": "UIS", "cidade": "Avare", "endereco": "RUA BAHIA, 100, CENTRO - Avare", "latitude": -23.1101681, "longitude": -48.9281151, "fonte_geocodificacao": "Google Geocoding API", "opm_nome": "UNIDADE INTEGRADA DE SAUDE", "opm_descricao": "CPI-7 53.BPM/I EM UIS", "opm_codigo": "607539010" }, "geometry": { "type": "Point", "coordinates": [ -48.9281151, -23.1101681 ] } },
{ "type": "Feature", "properties": { "id_comando": "CPI-7", "nome_comando": "7º Comando de Policiamento do Interior (CPI-7)", "nome_batalhao": "53º BPM/I", "tipo_batalhao": "Interior", "companhia": "EM", "pelotao": "UIS MEDICA", "cidade": "Avare", "endereco": "RUA BAHIA, 100, JARDIM BOM SUCESSO - Avare", "latitude": -23.1101681, "longitude": -48.9281151, "fonte_geocodificacao": "Google Geocoding API", "opm_nome": "53.BPM/I EM UIS MEDICA", "opm_descricao": "CPI-7 53.BPM/I EM UIS MEDICA 0", "opm_codigo": "607539800" }, "geometry": { "type": "Point", "coordinates": [ -48.9281151, -23.1101681 ] } },
{ "type": "Feature", "properties": { "id_comando": "CPI-7", "nome_comando": "7º Comando de Policiamento do Interior (CPI-7)", "nome_batalhao": "54º BPM/I", "tipo_batalhao": "Interior", "companhia": "1.CIA PM", "pelotao": "ADM", "cidade": "Itapeva", "endereco": "RUA GRIGORIJUS BYKOVAS, 100, HORTO DO IPE - Itapeva", "latitude": -23.9854317, "longitude": -48.8882936, "fonte_geocodificacao": "Google Geocoding API", "opm_nome": "ADMINISTRACAO", "opm_descricao": "CPI-7 54.BPM/I 1.CIA PM ADM", "opm_codigo": "607541300" }, "geometry": { "type": "Point", "coordinates": [ -48.8882936, -23.9854317 ] } },
{ "type": "Feature", "properties": { "id_comando": "CPI-7", "nome_comando": "7º Comando de Policiamento do Interior (CPI-7)", "nome_batalhao": "54º BPM/I", "tipo_batalhao": "Interior", "companhia": "1.CIA PM", "pelotao": "CGP", "cidade": "Itapeva", "endereco": "RUA GRIGORIJUS BYKOVAS, 36, HORTO DO IPE - Itapeva", "latitude": -23.9854428, "longitude": -48.8876847, "fonte_geocodificacao": "Google Geocoding API", "opm_nome": "COMANDO GRUPO PATRULHA", "opm_descricao": "CPI-7 54.BPM/I 1.CIA PM CGP", "opm_codigo": "607541400" }, "geometry": { "type": "Point", "coordinates": [ -48.8876847, -23.9854428 ] } },
{ "type": "Feature", "properties": { "id_comando": "CPI-7", "nome_comando": "7º Comando de Policiamento do Interior (CPI-7)", "nome_batalhao": "54º BPM/I", "tipo_batalhao": "Interior", "companhia": "1.CIA PM", "pelotao": "PEL FT", "cidade": "Itapeva", "endereco": "RUA CORONEL CRESCÊNCIO, 592, CENTRO - Itapeva", "latitude": -23.9853816, "longitude": -48.8750751, "fonte_geocodificacao": "Google Geocoding API", "opm_nome": "54.BPM/I 1. CIA PEL FT", "opm_descricao": "CPI-7 54.BPM/I 1.CIA PM PEL FT", "opm_codigo": "607541900" }, "geometry": { "type": "Point", "coordinates": [ -48.8750751, -23.9853816 ] } },
{ "type": "Feature", "properties": { "id_comando": "CPI-7", "nome_comando": "7º Comando de Policiamento do Interior (CPI-7)", "nome_batalhao": "54º BPM/I", "tipo_batalhao": "Interior", "companhia": "2.CIA PM", "pelotao": "ADM", "cidade": "Capao Bonito", "endereco": "RUA PEDRO ALVES XAVIER, 100, BELA VISTA - Capao Bonito", "latitude": -23.9931375, "longitude": -48.3502779, "fonte_geocodificacao": "Google Geocoding API", "opm_nome": "ADMINISTRACAO", "opm_descricao": "CPI-7 54.BPM/I 2.CIA PM ADM", "opm_codigo": "607542300" }, "geometry": { "type": "Point", "coordinates": [ -48.350277899999988, -23.9931375 ] } },
{ "type": "Feature", "properties": { "id_comando": "CPI-7", "nome_comando": "7º Comando de Policiamento do Interior (CPI-7)", "nome_batalhao": "54º BPM/I", "tipo_batalhao": "Interior", "companhia": "2.CIA PM", "pelotao": "CGP", "cidade": "Capao Bonito", "endereco": "RUA PEDRO ALVES XAVIER, 100, BELA VISTA - Capao Bonito", "latitude": -23.9931375, "longitude": -48.3502779, "fonte_geocodificacao": "Google Geocoding API", "opm_nome": "COMANDO GRUPO PATRULHA", "opm_descricao": "CPI-7 54.BPM/I 2.CIA PM CGP", "opm_codigo": "607542400" }, "geometry": { "type": "Point", "coordinates": [ -48.350277899999988, -23.9931375 ] } },
{ "type": "Feature", "properties": { "id_comando": "CPI-7", "nome_comando": "7º Comando de Policiamento do Interior (CPI-7)", "nome_batalhao": "54º BPM/I", "tipo_batalhao": "Interior", "companhia": "2.CIA PM", "pelotao": "PEL PM", "cidade": "Apiai", "endereco": "XV DE NOVEMBRO, 164, CENTRO - Apiai", "latitude": -24.421467380540186, "longitude": -48.817372200286705, "fonte_geocodificacao": "Centroide do município-sede (geocodificação rejeitada: fora dos limites do município)", "opm_nome": "PELOTAO POLICIAL MILITAR", "opm_descricao": "CPI-7 54.BPM/I 2.CIA PM PEL PM", "opm_codigo": "607542200" }, "geometry": { "type": "Point", "coordinates": [ -48.817372200286705, -24.421467380540186 ] } },
{ "type": "Feature", "properties": { "id_comando": "CPI-7", "nome_comando": "7º Comando de Policiamento do Interior (CPI-7)", "nome_batalhao": "54º BPM/I", "tipo_batalhao": "Interior", "companhia": "3.CIA PM", "pelotao": "ADM", "cidade": "Itarare", "endereco": "RUA MAJOR SALVADOR RUFINO, 180, VILA OSORIO - Itarare", "latitude": -24.1093344, "longitude": -49.3333231, "fonte_geocodificacao": "Google Geocoding API", "opm_nome": "ADMINISTRACAO", "opm_descricao": "CPI-7 54.BPM/I 3.CIA PM ADM", "opm_codigo": "607543300" }, "geometry": { "type": "Point", "coordinates": [ -49.3333231, -24.1093344 ] } },
{ "type": "Feature", "properties": { "id_comando": "CPI-7", "nome_comando": "7º Comando de Policiamento do Interior (CPI-7)", "nome_batalhao": "54º BPM/I", "tipo_batalhao": "Interior", "companhia": "3.CIA PM", "pelotao": "CGP", "cidade": "Itarare", "endereco": "RUA MAJOR SALVADOR RUFINO NETTO,, 180, vila osorio - Itarare", "latitude": -24.1082633, "longitude": -49.3274367, "fonte_geocodificacao": "Google Geocoding API", "opm_nome": "COMANDO GRUPO PATRULHA", "opm_descricao": "CPI-7 54.BPM/I 3.CIA PM CGP", "opm_codigo": "607543400" }, "geometry": { "type": "Point", "coordinates": [ -49.3274367, -24.1082633 ] } },
{ "type": "Feature", "properties": { "id_comando": "CPI-7", "nome_comando": "7º Comando de Policiamento do Interior (CPI-7)", "nome_batalhao": "54º BPM/I", "tipo_batalhao": "Interior", "companhia": "3.CIA PM", "pelotao": "PEL PM", "cidade": "Riversul", "endereco": "Rua Processo Martiniano de Oliveira/ RIVERSUL, 31, CENTRO - Riversul", "latitude": -23.8289974, "longitude": -49.4356759, "fonte_geocodificacao": "Google Geocoding API", "opm_nome": "PELOTAO POLICIAL MILITAR", "opm_descricao": "CPI-7 54.BPM/I 3.CIA PM PEL PM", "opm_codigo": "607543001" }, "geometry": { "type": "Point", "coordinates": [ -49.4356759, -23.8289974 ] } },
{ "type": "Feature", "properties": { "id_comando": "CPI-7", "nome_comando": "7º Comando de Policiamento do Interior (CPI-7)", "nome_batalhao": "54º BPM/I", "tipo_batalhao": "Interior", "companhia": "CIA FT", "pelotao": "1.PEL FT", "cidade": "Itapeva", "endereco": "Rua Coronel Crescêncio, 592, Vila Santana - Itapeva", "latitude": -23.9853816, "longitude": -48.8750751, "fonte_geocodificacao": "Google Geocoding API", "opm_nome": "1. PELOTAO DE FORCA TATICA", "opm_descricao": "CPI-7 54.BPM/I CIA FT 1.PEL FT", "opm_codigo": "607545100" }, "geometry": { "type": "Point", "coordinates": [ -48.8750751, -23.9853816 ] } },
{ "type": "Feature", "properties": { "id_comando": "CPI-7", "nome_comando": "7º Comando de Policiamento do Interior (CPI-7)", "nome_batalhao": "54º BPM/I", "tipo_batalhao": "Interior", "companhia": "CIA FT", "pelotao": "2.PEL FT", "cidade": "Capao Bonito", "endereco": "Rua Pedro Alves Xavier, 100, CENTRO - Capao Bonito", "latitude": -23.9931375, "longitude": -48.3502779, "fonte_geocodificacao": "Google Geocoding API", "opm_nome": "2. PELOTAO DE FORCA TATICA", "opm_descricao": "CPI-7 54.BPM/I CIA FT 2.PEL FT", "opm_codigo": "607545200" }, "geometry": { "type": "Point", "coordinates": [ -48.350277899999988, -23.9931375 ] } },
{ "type": "Feature", "properties": { "id_comando": "CPI-7", "nome_comando": "7º Comando de Policiamento do Interior (CPI-7)", "nome_batalhao": "54º BPM/I", "tipo_batalhao": "Interior", "companhia": "CIA FT", "pelotao": "ADM", "cidade": "Itapeva", "endereco": "RUA CORONEL CRESCÊNCIO, 592, CENTRO - Itapeva", "latitude": -23.9853816, "longitude": -48.8750751, "fonte_geocodificacao": "Google Geocoding API", "opm_nome": "ADMINISTRACAO", "opm_descricao": "CPI-7 54.BPM/I CIA FT ADM", "opm_codigo": "607545300" }, "geometry": { "type": "Point", "coordinates": [ -48.8750751, -23.9853816 ] } },
{ "type": "Feature", "properties": { "id_comando": "CPI-7", "nome_comando": "7º Comando de Policiamento do Interior (CPI-7)", "nome_batalhao": "54º BPM/I", "tipo_batalhao": "Interior", "companhia": "EM", "pelotao": "AG AREA", "cidade": "Itapeva", "endereco": "RUA CORONEL CRESCÊNCIO/ ITAPEVA, 592, CENTRO - Itapeva", "latitude": -23.9853816, "longitude": -48.8750751, "fonte_geocodificacao": "Google Geocoding API", "opm_nome": "AGENCIA DE AREA", "opm_descricao": "CPI-7 54.BPM/I EM AG AREA", "opm_codigo": "607549200" }, "geometry": { "type": "Point", "coordinates": [ -48.8750751, -23.9853816 ] } },
{ "type": "Feature", "properties": { "id_comando": "CPI-7", "nome_comando": "7º Comando de Policiamento do Interior (CPI-7)", "nome_batalhao": "54º BPM/I", "tipo_batalhao": "Interior", "companhia": "EM", "pelotao": "DIV OP", "cidade": "Itapeva", "endereco": "RUA CORONEL CRESCÊNCIO/ ITAPEVA, 592, CENTRO - Itapeva", "latitude": -23.9853816, "longitude": -48.8750751, "fonte_geocodificacao": "Google Geocoding API", "opm_nome": "DIVISAO OPERACIONAL", "opm_descricao": "CPI-7 54.BPM/I EM DIV OP", "opm_codigo": "607549300" }, "geometry": { "type": "Point", "coordinates": [ -48.8750751, -23.9853816 ] } },
{ "type": "Feature", "properties": { "id_comando": "CPI-7", "nome_comando": "7º Comando de Policiamento do Interior (CPI-7)", "nome_batalhao": "54º BPM/I", "tipo_batalhao": "Interior", "companhia": "EM", "pelotao": "P/1 P/5", "cidade": "Itapeva", "endereco": "RUA CORONEL CRESCÊNCIO/ ITAPEVA, 592, CENTRO - Itapeva", "latitude": -23.9853816, "longitude": -48.8750751, "fonte_geocodificacao": "Google Geocoding API", "opm_nome": "P/1 E P/5", "opm_descricao": "CPI-7 54.BPM/I EM P/1 P/5", "opm_codigo": "607549100" }, "geometry": { "type": "Point", "coordinates": [ -48.8750751, -23.9853816 ] } },
{ "type": "Feature", "properties": { "id_comando": "CPI-7", "nome_comando": "7º Comando de Policiamento do Interior (CPI-7)", "nome_batalhao": "54º BPM/I", "tipo_batalhao": "Interior", "companhia": "EM", "pelotao": "P/3", "cidade": "Capao Bonito", "endereco": "RUA PEDRO ALVES XAVIER, 100, BELA VISTA - Capao Bonito", "latitude": -23.9931375, "longitude": -48.3502779, "fonte_geocodificacao": "Google Geocoding API", "opm_nome": "2. PEL FT", "opm_descricao": "CPI-7 54.BPM/I EM P/3 2.PEL FT", "opm_codigo": "607549340" }, "geometry": { "type": "Point", "coordinates": [ -48.350277899999988, -23.9931375 ] } },
{ "type": "Feature", "properties": { "id_comando": "CPI-7", "nome_comando": "7º Comando de Policiamento do Interior (CPI-7)", "nome_batalhao": "54º BPM/I", "tipo_batalhao": "Interior", "companhia": "EM", "pelotao": "P/4 MOTOMEC", "cidade": "Itapeva", "endereco": "RUA CORONEL CRESCÊNCIO, 592, CENTRO - Itapeva", "latitude": -23.9853816, "longitude": -48.8750751, "fonte_geocodificacao": "Google Geocoding API", "opm_nome": "P/4 E MOTOMECANIZACAO", "opm_descricao": "CPI-7 54.BPM/I EM P/4 MOTOMEC", "opm_codigo": "607549400" }, "geometry": { "type": "Point", "coordinates": [ -48.8750751, -23.9853816 ] } },
{ "type": "Feature", "properties": { "id_comando": "CPI-7", "nome_comando": "7º Comando de Policiamento do Interior (CPI-7)", "nome_batalhao": "54º BPM/I", "tipo_batalhao": "Interior", "companhia": "EM", "pelotao": "P/5", "cidade": "Itapeva", "endereco": "RUA CORONEL CRESCÊNCIO/ ITAPEVA, 592, CENTRO - Itapeva", "latitude": -23.9853816, "longitude": -48.8750751, "fonte_geocodificacao": "Google Geocoding API", "opm_nome": "54.BPM/I P/5", "opm_descricao": "CPI-7 54.BPM/I EM P/5", "opm_codigo": "607549500" }, "geometry": { "type": "Point", "coordinates": [ -48.8750751, -23.9853816 ] } },
{ "type": "Feature", "properties": { "id_comando": "CPI-7", "nome_comando": "7º Comando de Policiamento do Interior (CPI-7)", "nome_batalhao": "54º BPM/I", "tipo_batalhao": "Interior", "companhia": "EM", "pelotao": "SEC PJMD", "cidade": "Itapeva", "endereco": "RUA CORONEL CRESCÊNCIO, 592, CENTRO - Itapeva", "latitude": -23.9853816, "longitude": -48.8750751, "fonte_geocodificacao": "Google Geocoding API", "opm_nome": "SECAO POLICIA JUDICIARIA MILITAR E DISCIPLINA", "opm_descricao": "CPI-7 54.BPM/I EM SEC PJMD", "opm_codigo": "607549600" }, "geometry": { "type": "Point", "coordinates": [ -48.8750751, -23.9853816 ] } },
{ "type": "Feature", "properties": { "id_comando": "CPI-7", "nome_comando": "7º Comando de Policiamento do Interior (CPI-7)", "nome_batalhao": "54º BPM/I", "tipo_batalhao": "Interior", "companhia": "EM", "pelotao": "UIS", "cidade": "Itapeva", "endereco": "RUA CORONEL CRESCÊNCIO, 592, CENTRO - Itapeva", "latitude": -23.9853816, "longitude": -48.8750751, "fonte_geocodificacao": "Google Geocoding API", "opm_nome": "UNIDADE INTEGRADA DE SAUDE", "opm_descricao": "CPI-7 54.BPM/I EM UIS", "opm_codigo": "607544000" }, "geometry": { "type": "Point", "coordinates": [ -48.8750751, -23.9853816 ] } },
{ "type": "Feature", "properties": { "id_comando": "CPI-7", "nome_comando": "7º Comando de Policiamento do Interior (CPI-7)", "nome_batalhao": "55º BPM/I", "tipo_batalhao": "Interior", "companhia": "1.CIA", "pelotao": "ADM", "cidade": "Sorocaba", "endereco": "AVENIDA GENERAL OSÓRIO, 986, VILA TRUJILLO - Sorocaba", "latitude": -23.4909081, "longitude": -47.471432, "fonte_geocodificacao": "Google Geocoding API", "opm_nome": "ADMINISTRACAO", "opm_descricao": "CPI-7 55.BPM/I 1.CIA ADM", "opm_codigo": "607551900" }, "geometry": { "type": "Point", "coordinates": [ -47.471432, -23.4909081 ] } },
{ "type": "Feature", "properties": { "id_comando": "CPI-7", "nome_comando": "7º Comando de Policiamento do Interior (CPI-7)", "nome_batalhao": "55º BPM/I", "tipo_batalhao": "Interior", "companhia": "1.CIA", "pelotao": "CGP", "cidade": "Sorocaba", "endereco": "AVENIDA GENERAL OSÓRIO, 986, VILA TRUJILLO - Sorocaba", "latitude": -23.4909081, "longitude": -47.471432, "fonte_geocodificacao": "Google Geocoding API", "opm_nome": "COMANDO GRUPO PATRULHA", "opm_descricao": "CPI-7 55.BPM/I 1.CIA CGP", "opm_codigo": "607551800" }, "geometry": { "type": "Point", "coordinates": [ -47.471432, -23.4909081 ] } },
{ "type": "Feature", "properties": { "id_comando": "CPI-7", "nome_comando": "7º Comando de Policiamento do Interior (CPI-7)", "nome_batalhao": "55º BPM/I", "tipo_batalhao": "Interior", "companhia": "1.CIA", "pelotao": "TERRITORIAL", "cidade": "Sorocaba", "endereco": "AVENIDA SANTOS DUMONT, 1285, JARDIM GELISA MARIA - Sorocaba", "latitude": -23.4784392, "longitude": -47.4882836, "fonte_geocodificacao": "Google Geocoding API", "opm_nome": "1.COMPANHIA DE POLICIA MILITAR", "opm_descricao": "CPI-7 55.BPM/I 1.CIA TERRITORIAL", "opm_codigo": "607551000" }, "geometry": { "type": "Point", "coordinates": [ -47.4882836, -23.4784392 ] } },
{ "type": "Feature", "properties": { "id_comando": "CPI-7", "nome_comando": "7º Comando de Policiamento do Interior (CPI-7)", "nome_batalhao": "55º BPM/I", "tipo_batalhao": "Interior", "companhia": "2.CIA", "pelotao": "ADM", "cidade": "Sorocaba", "endereco": "AVENIDA GENERAL OSÓRIO, 986, VILA TRUJILLO - Sorocaba", "latitude": -23.4909081, "longitude": -47.471432, "fonte_geocodificacao": "Google Geocoding API", "opm_nome": "ADMINISTRACAO", "opm_descricao": "CPI-7 55.BPM/I 2.CIA ADM", "opm_codigo": "607552900" }, "geometry": { "type": "Point", "coordinates": [ -47.471432, -23.4909081 ] } },
{ "type": "Feature", "properties": { "id_comando": "CPI-7", "nome_comando": "7º Comando de Policiamento do Interior (CPI-7)", "nome_batalhao": "55º BPM/I", "tipo_batalhao": "Interior", "companhia": "2.CIA", "pelotao": "CGP", "cidade": "Sorocaba", "endereco": "AVENIDA GENERAL OSÓRIO, 986, VILA TRUJILLO - Sorocaba", "latitude": -23.4909081, "longitude": -47.471432, "fonte_geocodificacao": "Google Geocoding API", "opm_nome": "COMANDO GRUPO PATRULHA", "opm_descricao": "CPI-7 55.BPM/I 2.CIA CGP", "opm_codigo": "607552800" }, "geometry": { "type": "Point", "coordinates": [ -47.471432, -23.4909081 ] } },
{ "type": "Feature", "properties": { "id_comando": "CPI-7", "nome_comando": "7º Comando de Policiamento do Interior (CPI-7)", "nome_batalhao": "55º BPM/I", "tipo_batalhao": "Interior", "companhia": "2.CIA", "pelotao": "TERRITORIAL", "cidade": "Sorocaba", "endereco": "AVENIDA GENERAL OSÓRIO, 986, VILA TRUJILLO - Sorocaba", "latitude": -23.4909081, "longitude": -47.471432, "fonte_geocodificacao": "Google Geocoding API", "opm_nome": "2.COMPANHIA DE POLICIA MILITAR", "opm_descricao": "CPI-7 55.BPM/I 2.CIA TERRITORIAL", "opm_codigo": "607552000" }, "geometry": { "type": "Point", "coordinates": [ -47.471432, -23.4909081 ] } },
{ "type": "Feature", "properties": { "id_comando": "CPI-7", "nome_comando": "7º Comando de Policiamento do Interior (CPI-7)", "nome_batalhao": "55º BPM/I", "tipo_batalhao": "Interior", "companhia": "CIA FT", "pelotao": "1.PEL FT", "cidade": "Sorocaba", "endereco": "AVENIDA GENERAL OSÓRIO, 986, VILA TRUJILLO - Sorocaba", "latitude": -23.4909081, "longitude": -47.471432, "fonte_geocodificacao": "Google Geocoding API", "opm_nome": "1.PELOTAO DE FORCA TATICA", "opm_descricao": "CPI-7 55.BPM/I CIA FT 1.PEL FT", "opm_codigo": "607556100" }, "geometry": { "type": "Point", "coordinates": [ -47.471432, -23.4909081 ] } },
{ "type": "Feature", "properties": { "id_comando": "CPI-7", "nome_comando": "7º Comando de Policiamento do Interior (CPI-7)", "nome_batalhao": "55º BPM/I", "tipo_batalhao": "Interior", "companhia": "CIA FT", "pelotao": "2.PEL FT", "cidade": "Sorocaba", "endereco": "AVENIDA GENERAL OSÓRIO, 986, VILA TRUJILLO - Sorocaba", "latitude": -23.4909081, "longitude": -47.471432, "fonte_geocodificacao": "Google Geocoding API", "opm_nome": "2.PELOTAO DE FORCA TATICA", "opm_descricao": "CPI-7 55.BPM/I CIA FT 2.PEL FT", "opm_codigo": "607556200" }, "geometry": { "type": "Point", "coordinates": [ -47.471432, -23.4909081 ] } },
{ "type": "Feature", "properties": { "id_comando": "CPI-7", "nome_comando": "7º Comando de Policiamento do Interior (CPI-7)", "nome_batalhao": "55º BPM/I", "tipo_batalhao": "Interior", "companhia": "EM", "pelotao": "DIV OP", "cidade": "Sorocaba", "endereco": "RUA BENTO MANUEL RIBEIRO, 209  ., JARDIM RADIO CLUB - Sorocaba", "latitude": -23.5036701, "longitude": -47.4829101, "fonte_geocodificacao": "Google Geocoding API", "opm_nome": "DIVISAO OPERACIONAL", "opm_descricao": "CPI-7 55.BPM/I EM DIV OP", "opm_codigo": "607559300" }, "geometry": { "type": "Point", "coordinates": [ -47.4829101, -23.5036701 ] } },
{ "type": "Feature", "properties": { "id_comando": "CPI-7", "nome_comando": "7º Comando de Policiamento do Interior (CPI-7)", "nome_batalhao": "55º BPM/I", "tipo_batalhao": "Interior", "companhia": "EM", "pelotao": "P/2", "cidade": "Sorocaba", "endereco": "RUA GENERAL OSÓRIO, 450, VILA TRUJILO - Sorocaba", "latitude": -23.4930495, "longitude": -47.4669433, "fonte_geocodificacao": "Google Geocoding API", "opm_nome": "P/2", "opm_descricao": "CPI-7 55.BPM/I EM P/2", "opm_codigo": "607559200" }, "geometry": { "type": "Point", "coordinates": [ -47.4669433, -23.4930495 ] } },
{ "type": "Feature", "properties": { "id_comando": "CPI-7", "nome_comando": "7º Comando de Policiamento do Interior (CPI-7)", "nome_batalhao": "55º BPM/I", "tipo_batalhao": "Interior", "companhia": "EM", "pelotao": "P/3", "cidade": "Sorocaba", "endereco": "AVENIDA GENERAL OSÓRIO, 986, VILA TRUJILLO - Sorocaba", "latitude": -23.4909081, "longitude": -47.471432, "fonte_geocodificacao": "Google Geocoding API", "opm_nome": "COMANDO FORCA PATRULHA", "opm_descricao": "CPI-7 55.BPM/I EM P/3 CFP", "opm_codigo": "607559310" }, "geometry": { "type": "Point", "coordinates": [ -47.471432, -23.4909081 ] } },
{ "type": "Feature", "properties": { "id_comando": "CPI-7", "nome_comando": "7º Comando de Policiamento do Interior (CPI-7)", "nome_batalhao": "55º BPM/I", "tipo_batalhao": "Interior", "companhia": "EM", "pelotao": "P/4", "cidade": "Sorocaba", "endereco": "AVENIDA GENERAL OSÓRIO, 986, VILA TRUJILLO - Sorocaba", "latitude": -23.4909081, "longitude": -47.471432, "fonte_geocodificacao": "Google Geocoding API", "opm_nome": "P/4", "opm_descricao": "CPI-7 55.BPM/I EM P/4", "opm_codigo": "607559400" }, "geometry": { "type": "Point", "coordinates": [ -47.471432, -23.4909081 ] } },
{ "type": "Feature", "properties": { "id_comando": "CPI-7", "nome_comando": "7º Comando de Policiamento do Interior (CPI-7)", "nome_batalhao": "55º BPM/I", "tipo_batalhao": "Interior", "companhia": "EM", "pelotao": "SEC PJMD", "cidade": "Sorocaba", "endereco": "AVENIDA GENERAL OSÓRIO, 986, VILA TRUJILLO - Sorocaba", "latitude": -23.4909081, "longitude": -47.471432, "fonte_geocodificacao": "Google Geocoding API", "opm_nome": "SECAO DE POLICIA JUDICIARIA MILITAR E DISCIPLINA", "opm_descricao": "CPI-7 55.BPM/I EM SEC PJMD", "opm_codigo": "607559500" }, "geometry": { "type": "Point", "coordinates": [ -47.471432, -23.4909081 ] } },
{ "type": "Feature", "properties": { "id_comando": "CPI-6", "nome_comando": "6º Comando de Policiamento do Interior (CPI-6)", "nome_batalhao": "6º BPM/I", "tipo_batalhao": "Interior", "companhia": "1.CIA PM", "pelotao": "ADM", "cidade": "Santos", "endereco": "AVENIDA GOVERNADOR MÁRIO COVAS JÚNIOR, 3060, PONTA DA PRAIA - Santos", "latitude": -23.9848417, "longitude": -46.2951269, "fonte_geocodificacao": "Google Geocoding API", "opm_nome": "ADMINISTRACAO", "opm_descricao": "CPI-6 6.BPM/I 1.CIA PM ADM 0", "opm_codigo": "606061400" }, "geometry": { "type": "Point", "coordinates": [ -46.2951269, -23.9848417 ] } },
{ "type": "Feature", "properties": { "id_comando": "CPI-6", "nome_comando": "6º Comando de Policiamento do Interior (CPI-6)", "nome_batalhao": "6º BPM/I", "tipo_batalhao": "Interior", "companhia": "1.CIA PM", "pelotao": "CGP", "cidade": "Santos", "endereco": "AVENIDA GOVERNADOR MÁRIO COVAS JÚNIOR, 3060, PONTA DA PRAIA - Santos", "latitude": -23.9848417, "longitude": -46.2951269, "fonte_geocodificacao": "Google Geocoding API", "opm_nome": "COMANDO GRUPO PATRULHA", "opm_descricao": "CPI-6 6.BPM/I 1.CIA PM CGP", "opm_codigo": "606061500" }, "geometry": { "type": "Point", "coordinates": [ -46.2951269, -23.9848417 ] } },
{ "type": "Feature", "properties": { "id_comando": "CPI-6", "nome_comando": "6º Comando de Policiamento do Interior (CPI-6)", "nome_batalhao": "6º BPM/I", "tipo_batalhao": "Interior", "companhia": "1.CIA PM", "pelotao": "TERRITORIAL", "cidade": "Santos", "endereco": "AVENIDA GOVERNADOR MÁRIO COVAS, 3060  SEDE 1ª CIA PM, PONTA DA PRAIA - Santos", "latitude": -23.9848417, "longitude": -46.2951269, "fonte_geocodificacao": "Google Geocoding API", "opm_nome": "1. COMPANHIA DE POLICIA MILITAR", "opm_descricao": "CPI-6 6.BPM/I 1.CIA PM TERRITORIAL", "opm_codigo": "606061000" }, "geometry": { "type": "Point", "coordinates": [ -46.2951269, -23.9848417 ] } },
{ "type": "Feature", "properties": { "id_comando": "CPI-6", "nome_comando": "6º Comando de Policiamento do Interior (CPI-6)", "nome_batalhao": "6º BPM/I", "tipo_batalhao": "Interior", "companhia": "2.CIA PM", "pelotao": "ADM", "cidade": "Santos", "endereco": "AVENIDA GENERAL FRANCISCO GLICÉRIO, 305, GONZAGA - Santos", "latitude": -23.9609637, "longitude": -46.3361398, "fonte_geocodificacao": "Google Geocoding API", "opm_nome": "ADMINISTRACAO", "opm_descricao": "CPI-6 6.BPM/I 2.CIA PM ADM 0", "opm_codigo": "606062300" }, "geometry": { "type": "Point", "coordinates": [ -46.3361398, -23.9609637 ] } },
{ "type": "Feature", "properties": { "id_comando": "CPI-6", "nome_comando": "6º Comando de Policiamento do Interior (CPI-6)", "nome_batalhao": "6º BPM/I", "tipo_batalhao": "Interior", "companhia": "2.CIA PM", "pelotao": "CGP", "cidade": "Santos", "endereco": "AVENIDA GENERAL FRANCISCO GLICÉRIO, 305, GONZAGA - Santos", "latitude": -23.9609637, "longitude": -46.3361398, "fonte_geocodificacao": "Google Geocoding API", "opm_nome": "COMANDO GRUPO PATRULHA", "opm_descricao": "CPI-6 6.BPM/I 2.CIA PM CGP", "opm_codigo": "606062400" }, "geometry": { "type": "Point", "coordinates": [ -46.3361398, -23.9609637 ] } },
{ "type": "Feature", "properties": { "id_comando": "CPI-6", "nome_comando": "6º Comando de Policiamento do Interior (CPI-6)", "nome_batalhao": "6º BPM/I", "tipo_batalhao": "Interior", "companhia": "2.CIA PM", "pelotao": "TERRITORIAL", "cidade": "Santos", "endereco": "AVENIDA GENERAL FRANCISCO GLICÉRIO, 305, GONZAGA - Santos", "latitude": -23.9609637, "longitude": -46.3361398, "fonte_geocodificacao": "Google Geocoding API", "opm_nome": "2. COMPANHIA DE POLICIA MILITAR", "opm_descricao": "CPI-6 6.BPM/I 2.CIA PM TERRITORIAL", "opm_codigo": "606062000" }, "geometry": { "type": "Point", "coordinates": [ -46.3361398, -23.9609637 ] } },
{ "type": "Feature", "properties": { "id_comando": "CPI-6", "nome_comando": "6º Comando de Policiamento do Interior (CPI-6)", "nome_batalhao": "6º BPM/I", "tipo_batalhao": "Interior", "companhia": "3.CIA PM", "pelotao": "ADM", "cidade": "Santos", "endereco": "RUA SÃO FRANCISCO, 500, CENTRO - Santos", "latitude": -23.9392929, "longitude": -46.3171165, "fonte_geocodificacao": "Google Geocoding API", "opm_nome": "ADMINISTRACAO", "opm_descricao": "CPI-6 6.BPM/I 3.CIA PM ADM 0", "opm_codigo": "606063300" }, "geometry": { "type": "Point", "coordinates": [ -46.3171165, -23.9392929 ] } },
{ "type": "Feature", "properties": { "id_comando": "CPI-6", "nome_comando": "6º Comando de Policiamento do Interior (CPI-6)", "nome_batalhao": "6º BPM/I", "tipo_batalhao": "Interior", "companhia": "3.CIA PM", "pelotao": "CGP", "cidade": "Santos", "endereco": "RUA SÃO FRANCISCO, 500, CENTRO - Santos", "latitude": -23.9392929, "longitude": -46.3171165, "fonte_geocodificacao": "Google Geocoding API", "opm_nome": "COMANDO GRUPO PATRULHA", "opm_descricao": "CPI-6 6.BPM/I 3.CIA PM CGP", "opm_codigo": "606063400" }, "geometry": { "type": "Point", "coordinates": [ -46.3171165, -23.9392929 ] } },
{ "type": "Feature", "properties": { "id_comando": "CPI-6", "nome_comando": "6º Comando de Policiamento do Interior (CPI-6)", "nome_batalhao": "6º BPM/I", "tipo_batalhao": "Interior", "companhia": "3.CIA PM", "pelotao": "TERRITORIAL", "cidade": "Santos", "endereco": "RUA SÃO FRANCISCO, 500, CENTRO - Santos", "latitude": -23.9392929, "longitude": -46.3171165, "fonte_geocodificacao": "Google Geocoding API", "opm_nome": "3. COMPANHIA DE POLICIA MILITAR", "opm_descricao": "CPI-6 6.BPM/I 3.CIA PM TERRITORIAL", "opm_codigo": "606063000" }, "geometry": { "type": "Point", "coordinates": [ -46.3171165, -23.9392929 ] } },
{ "type": "Feature", "properties": { "id_comando": "CPI-6", "nome_comando": "6º Comando de Policiamento do Interior (CPI-6)", "nome_batalhao": "6º BPM/I", "tipo_batalhao": "Interior", "companhia": "4.CIA PM", "pelotao": "ADM", "cidade": "Santos", "endereco": "AVENIDA NOSSA SENHORA DE FÁTIMA, 285, CHICO DE PAULA - Santos", "latitude": -23.9349783, "longitude": -46.3615623, "fonte_geocodificacao": "Google Geocoding API", "opm_nome": "ADMINISTRACAO", "opm_descricao": "CPI-6 6.BPM/I 4.CIA PM ADM 0", "opm_codigo": "606064400" }, "geometry": { "type": "Point", "coordinates": [ -46.3615623, -23.9349783 ] } },
{ "type": "Feature", "properties": { "id_comando": "CPI-6", "nome_comando": "6º Comando de Policiamento do Interior (CPI-6)", "nome_batalhao": "6º BPM/I", "tipo_batalhao": "Interior", "companhia": "4.CIA PM", "pelotao": "CGP", "cidade": "Santos", "endereco": "AVENIDA NOSSA SENHORA DE FÁTIMA, 285, CHICO DE PAULA - Santos", "latitude": -23.9349783, "longitude": -46.3615623, "fonte_geocodificacao": "Google Geocoding API", "opm_nome": "COMANDO GRUPO PATRULHA", "opm_descricao": "CPI-6 6.BPM/I 4.CIA PM CGP", "opm_codigo": "606064500" }, "geometry": { "type": "Point", "coordinates": [ -46.3615623, -23.9349783 ] } },
{ "type": "Feature", "properties": { "id_comando": "CPI-6", "nome_comando": "6º Comando de Policiamento do Interior (CPI-6)", "nome_batalhao": "6º BPM/I", "tipo_batalhao": "Interior", "companhia": "4.CIA PM", "pelotao": "TERRITORIAL", "cidade": "Santos", "endereco": "AVENIDA NOSSA SENHORA DE FÁTIMA, 285, CHICO DE PAULA - Santos", "latitude": -23.9349783, "longitude": -46.3615623, "fonte_geocodificacao": "Google Geocoding API", "opm_nome": "4. COMPANHIA DE POLICIA MILITAR", "opm_descricao": "CPI-6 6.BPM/I 4.CIA PM TERRITORIAL", "opm_codigo": "606064000" }, "geometry": { "type": "Point", "coordinates": [ -46.3615623, -23.9349783 ] } },
{ "type": "Feature", "properties": { "id_comando": "CPI-6", "nome_comando": "6º Comando de Policiamento do Interior (CPI-6)", "nome_batalhao": "6º BPM/I", "tipo_batalhao": "Interior", "companhia": "5.CIA PM", "pelotao": "ADM", "cidade": "Santos", "endereco": "RUA HEITOR PENTEADO, 62, MARAPE - Santos", "latitude": -23.9570521, "longitude": -46.3476357, "fonte_geocodificacao": "Google Geocoding API", "opm_nome": "ADMINISTRACAO", "opm_descricao": "CPI-6 6.BPM/I 5.CIA PM ADM 0", "opm_codigo": "606065400" }, "geometry": { "type": "Point", "coordinates": [ -46.3476357, -23.9570521 ] } },
{ "type": "Feature", "properties": { "id_comando": "CPI-6", "nome_comando": "6º Comando de Policiamento do Interior (CPI-6)", "nome_batalhao": "6º BPM/I", "tipo_batalhao": "Interior", "companhia": "5.CIA PM", "pelotao": "CGP", "cidade": "Santos", "endereco": "RUA HEITOR PENTEADO, 62, MARAPE - Santos", "latitude": -23.9570521, "longitude": -46.3476357, "fonte_geocodificacao": "Google Geocoding API", "opm_nome": "COMANDO GRUPO PATRULHA", "opm_descricao": "CPI-6 6.BPM/I 5.CIA PM CGP", "opm_codigo": "606065500" }, "geometry": { "type": "Point", "coordinates": [ -46.3476357, -23.9570521 ] } },
{ "type": "Feature", "properties": { "id_comando": "CPI-6", "nome_comando": "6º Comando de Policiamento do Interior (CPI-6)", "nome_batalhao": "6º BPM/I", "tipo_batalhao": "Interior", "companhia": "5.CIA PM", "pelotao": "TERRITORIAL", "cidade": "Santos", "endereco": "RUA HEITOR PENTEADO, 62, MARAPE - Santos", "latitude": -23.9570521, "longitude": -46.3476357, "fonte_geocodificacao": "Google Geocoding API", "opm_nome": "5. COMPANHIA DE POLICIA MILITAR", "opm_descricao": "CPI-6 6.BPM/I 5.CIA PM TERRITORIAL", "opm_codigo": "606065000" }, "geometry": { "type": "Point", "coordinates": [ -46.3476357, -23.9570521 ] } },
{ "type": "Feature", "properties": { "id_comando": "CPI-6", "nome_comando": "6º Comando de Policiamento do Interior (CPI-6)", "nome_batalhao": "6º BPM/I", "tipo_batalhao": "Interior", "companhia": "CIA F TAT", "pelotao": "ADM", "cidade": "Santos", "endereco": "AVENIDA ANA COSTA, 389, GONZAGA - Santos", "latitude": -23.9614503, "longitude": -46.3317, "fonte_geocodificacao": "Google Geocoding API", "opm_nome": "ADMINISTRACAO", "opm_descricao": "CPI-6 6.BPM/I CIA F TAT ADM", "opm_codigo": "606067600" }, "geometry": { "type": "Point", "coordinates": [ -46.3317, -23.9614503 ] } },
{ "type": "Feature", "properties": { "id_comando": "CPI-6", "nome_comando": "6º Comando de Policiamento do Interior (CPI-6)", "nome_batalhao": "6º BPM/I", "tipo_batalhao": "Interior", "companhia": "EM", "pelotao": "AG AREA", "cidade": "Santos", "endereco": "AVENIDA ANA COSTA, 389, GONZAGA - Santos", "latitude": -23.9614503, "longitude": -46.3317, "fonte_geocodificacao": "Google Geocoding API", "opm_nome": "AGENCIA DE AREA", "opm_descricao": "CPI-6 6.BPM/I EM AG AREA", "opm_codigo": "606068200" }, "geometry": { "type": "Point", "coordinates": [ -46.3317, -23.9614503 ] } },
{ "type": "Feature", "properties": { "id_comando": "CPI-6", "nome_comando": "6º Comando de Policiamento do Interior (CPI-6)", "nome_batalhao": "6º BPM/I", "tipo_batalhao": "Interior", "companhia": "EM", "pelotao": "DIV OP", "cidade": "Santos", "endereco": "AVENIDA ANA COSTA, 389, GONZAGA - Santos", "latitude": -23.9614503, "longitude": -46.3317, "fonte_geocodificacao": "Google Geocoding API", "opm_nome": "DIVISAO OPERACIONAL", "opm_descricao": "CPI-6 6.BPM/I EM DIV OP", "opm_codigo": "606068300" }, "geometry": { "type": "Point", "coordinates": [ -46.3317, -23.9614503 ] } },
{ "type": "Feature", "properties": { "id_comando": "CPI-6", "nome_comando": "6º Comando de Policiamento do Interior (CPI-6)", "nome_batalhao": "6º BPM/I", "tipo_batalhao": "Interior", "companhia": "EM", "pelotao": "GAB ODONTO", "cidade": "Santos", "endereco": "AVENIDA ANA COSTA, 389, GONZAGA - Santos", "latitude": -23.9614503, "longitude": -46.3317, "fonte_geocodificacao": "Google Geocoding API", "opm_nome": "GABINETE ODONTOLOGICO", "opm_descricao": "CPI-6 6.BPM/I EM GAB ODONTO 0", "opm_codigo": "606068700" }, "geometry": { "type": "Point", "coordinates": [ -46.3317, -23.9614503 ] } },
{ "type": "Feature", "properties": { "id_comando": "CPI-6", "nome_comando": "6º Comando de Policiamento do Interior (CPI-6)", "nome_batalhao": "6º BPM/I", "tipo_batalhao": "Interior", "companhia": "EM", "pelotao": "P/1 P/5", "cidade": "Santos", "endereco": "AVENIDA ANA COSTA, 389, GONZAGA - Santos", "latitude": -23.9614503, "longitude": -46.3317, "fonte_geocodificacao": "Google Geocoding API", "opm_nome": "P/1 E P/5", "opm_descricao": "CPI-6 6.BPM/I EM P/1 P/5", "opm_codigo": "606068100" }, "geometry": { "type": "Point", "coordinates": [ -46.3317, -23.9614503 ] } },
{ "type": "Feature", "properties": { "id_comando": "CPI-6", "nome_comando": "6º Comando de Policiamento do Interior (CPI-6)", "nome_batalhao": "6º BPM/I", "tipo_batalhao": "Interior", "companhia": "EM", "pelotao": "P/3", "cidade": "Santos", "endereco": "AVENIDA ANA COSTA, 389, GONZAGA - Santos", "latitude": -23.9614503, "longitude": -46.3317, "fonte_geocodificacao": "Google Geocoding API", "opm_nome": "6.BPM/I - PELOTAO FORCA TATICA", "opm_descricao": "CPI-6 6.BPM/I EM P/3 PEL FT", "opm_codigo": "606068310" }, "geometry": { "type": "Point", "coordinates": [ -46.3317, -23.9614503 ] } },
{ "type": "Feature", "properties": { "id_comando": "CPI-6", "nome_comando": "6º Comando de Policiamento do Interior (CPI-6)", "nome_batalhao": "6º BPM/I", "tipo_batalhao": "Interior", "companhia": "EM", "pelotao": "P/4", "cidade": "Santos", "endereco": "AVENIDA ANA COSTA, 389, GONZAGA - Santos", "latitude": -23.9614503, "longitude": -46.3317, "fonte_geocodificacao": "Google Geocoding API", "opm_nome": "P/4", "opm_descricao": "CPI-6 6.BPM/I EM P/4 0", "opm_codigo": "606068400" }, "geometry": { "type": "Point", "coordinates": [ -46.3317, -23.9614503 ] } },
{ "type": "Feature", "properties": { "id_comando": "CPI-6", "nome_comando": "6º Comando de Policiamento do Interior (CPI-6)", "nome_batalhao": "6º BPM/I", "tipo_batalhao": "Interior", "companhia": "EM", "pelotao": "P/5", "cidade": "Santos", "endereco": "AVENIDA ANA COSTA, 389, GONZAGA - Santos", "latitude": -23.9614503, "longitude": -46.3317, "fonte_geocodificacao": "Google Geocoding API", "opm_nome": "6.BPM/I P/5", "opm_descricao": "CPI-6 6.BPM/I EM P/5", "opm_codigo": "606068500" }, "geometry": { "type": "Point", "coordinates": [ -46.3317, -23.9614503 ] } },
{ "type": "Feature", "properties": { "id_comando": "CPI-6", "nome_comando": "6º Comando de Policiamento do Interior (CPI-6)", "nome_batalhao": "6º BPM/I", "tipo_batalhao": "Interior", "companhia": "EM", "pelotao": "SEC PJMD", "cidade": "Santos", "endereco": "AVENIDA ANA COSTA, 389, GONZAGA - Santos", "latitude": -23.9614503, "longitude": -46.3317, "fonte_geocodificacao": "Google Geocoding API", "opm_nome": "SECAO DE POLICIA JUDICIARIA MILITAR E DISCIPLINA", "opm_descricao": "CPI-6 6.BPM/I EM SEC PJMD 0", "opm_codigo": "606068600" }, "geometry": { "type": "Point", "coordinates": [ -46.3317, -23.9614503 ] } },
{ "type": "Feature", "properties": { "id_comando": "CPA/M-6", "nome_comando": "6º Comando de Policiamento de Área Metropolitana (CPA/M-6)", "nome_batalhao": "6º BPM/M", "tipo_batalhao": "Metropolitano", "companhia": "1.CIA PM", "pelotao": "TERRITORIAL", "cidade": "Sao Bernardo Do Campo", "endereco": "RUA DOM PAULO MARIANO, 245, NOVA PETRÓPOLIS - Sao Bernardo Do Campo", "latitude": -23.7035202, "longitude": -46.5488768, "fonte_geocodificacao": "Google Geocoding API", "opm_nome": "1. COMPANHIA DE POLICIA MILITAR", "opm_descricao": "CPA/M-6 6.BPM/M 1.CIA PM TERRITORIAL", "opm_codigo": "406061000" }, "geometry": { "type": "Point", "coordinates": [ -46.5488768, -23.7035202 ] } },
{ "type": "Feature", "properties": { "id_comando": "CPA/M-6", "nome_comando": "6º Comando de Policiamento de Área Metropolitana (CPA/M-6)", "nome_batalhao": "6º BPM/M", "tipo_batalhao": "Metropolitano", "companhia": "2.CIA PM", "pelotao": "TERRITORIAL", "cidade": "Sao Bernardo Do Campo", "endereco": "AVENIDA TABOÃO, 3000, TABOÃO - Sao Bernardo Do Campo", "latitude": -23.6573537, "longitude": -46.6015286, "fonte_geocodificacao": "Google Geocoding API", "opm_nome": "2. COMPANHIA DE POLICIA MILITAR", "opm_descricao": "CPA/M-6 6.BPM/M 2.CIA PM TERRITORIAL", "opm_codigo": "406062000" }, "geometry": { "type": "Point", "coordinates": [ -46.601528599999988, -23.6573537 ] } },
{ "type": "Feature", "properties": { "id_comando": "CPA/M-6", "nome_comando": "6º Comando de Policiamento de Área Metropolitana (CPA/M-6)", "nome_batalhao": "6º BPM/M", "tipo_batalhao": "Metropolitano", "companhia": "3.CIA PM", "pelotao": "TERRITORIAL", "cidade": "Sao Caetano Do Sul", "endereco": "AVENIDA GOIÁS, 2000, SANTA PAULA - Sao Caetano Do Sul", "latitude": -23.616813, "longitude": -46.5569571, "fonte_geocodificacao": "Google Geocoding API", "opm_nome": "3. COMPANHIA DE POLICIA MILITAR", "opm_descricao": "CPA/M-6 6.BPM/M 3.CIA PM TERRITORIAL", "opm_codigo": "406063000" }, "geometry": { "type": "Point", "coordinates": [ -46.5569571, -23.616813 ] } },
{ "type": "Feature", "properties": { "id_comando": "CPA/M-6", "nome_comando": "6º Comando de Policiamento de Área Metropolitana (CPA/M-6)", "nome_batalhao": "6º BPM/M", "tipo_batalhao": "Metropolitano", "companhia": "4.CIA PM", "pelotao": "TERRITORIAL", "cidade": "Sao Bernardo Do Campo", "endereco": "RUA GIACINTO TOGNATO, 290, BAETA NEVES - Sao Bernardo Do Campo", "latitude": -23.6909768, "longitude": -46.5420624, "fonte_geocodificacao": "Google Geocoding API", "opm_nome": "4. COMPANHIA DE POLICIA MILITAR", "opm_descricao": "CPA/M-6 6.BPM/M 4.CIA PM TERRITORIAL", "opm_codigo": "406064000" }, "geometry": { "type": "Point", "coordinates": [ -46.5420624, -23.6909768 ] } },
{ "type": "Feature", "properties": { "id_comando": "CPI-7", "nome_comando": "7º Comando de Policiamento do Interior (CPI-7)", "nome_batalhao": "7º BPM/I", "tipo_batalhao": "Interior", "companhia": "1.CIA PM", "pelotao": "ADMINISTRACAO", "cidade": "Sorocaba", "endereco": "RUA GENERAL MENA BARRETO, 190, JARDIM SAO CAETANO - Sorocaba", "latitude": -23.5047884, "longitude": -47.483184, "fonte_geocodificacao": "Google Geocoding API", "opm_nome": "7.BPM/I - ADM", "opm_descricao": "CPI-7 7.BPM/I 1.CIA PM ADMINISTRACAO", "opm_codigo": "607071600" }, "geometry": { "type": "Point", "coordinates": [ -47.483184, -23.5047884 ] } },
{ "type": "Feature", "properties": { "id_comando": "CPI-7", "nome_comando": "7º Comando de Policiamento do Interior (CPI-7)", "nome_batalhao": "7º BPM/I", "tipo_batalhao": "Interior", "companhia": "1.CIA PM", "pelotao": "CGP", "cidade": "Sorocaba", "endereco": "AVENIDA PEREIRA DA SILVA, 1285, JARDIM SANTA ROSALIA - Sorocaba", "latitude": -23.4869566, "longitude": -47.4441756, "fonte_geocodificacao": "Google Geocoding API", "opm_nome": "7.BPM/I - CGP", "opm_descricao": "CPI-7 7.BPM/I 1.CIA PM CGP", "opm_codigo": "607071700" }, "geometry": { "type": "Point", "coordinates": [ -47.4441756, -23.4869566 ] } },
{ "type": "Feature", "properties": { "id_comando": "CPI-7", "nome_comando": "7º Comando de Policiamento do Interior (CPI-7)", "nome_batalhao": "7º BPM/I", "tipo_batalhao": "Interior", "companhia": "1.CIA PM", "pelotao": "TERRITORIAL", "cidade": "Sorocaba", "endereco": "RUA GENERAL MENA BARRETO, 190, JARDIM SAO CAETANO - Sorocaba", "latitude": -23.5047884, "longitude": -47.483184, "fonte_geocodificacao": "Google Geocoding API", "opm_nome": "7.BPM/I - 1.CIA", "opm_descricao": "CPI-7 7.BPM/I 1.CIA PM TERRITORIAL", "opm_codigo": "607071000" }, "geometry": { "type": "Point", "coordinates": [ -47.483184, -23.5047884 ] } },
{ "type": "Feature", "properties": { "id_comando": "CPI-7", "nome_comando": "7º Comando de Policiamento do Interior (CPI-7)", "nome_batalhao": "7º BPM/I", "tipo_batalhao": "Interior", "companhia": "2.CIA PM", "pelotao": "ADMINISTRACAO", "cidade": "Sorocaba", "endereco": "RUA GENERAL MENA BARRETO, 190, JARDIM SAO CAETANO - Sorocaba", "latitude": -23.5047884, "longitude": -47.483184, "fonte_geocodificacao": "Google Geocoding API", "opm_nome": "7.BPM/I - ADM", "opm_descricao": "CPI-7 7.BPM/I 2.CIA PM ADMINISTRACAO", "opm_codigo": "607072500" }, "geometry": { "type": "Point", "coordinates": [ -47.483184, -23.5047884 ] } },
{ "type": "Feature", "properties": { "id_comando": "CPI-7", "nome_comando": "7º Comando de Policiamento do Interior (CPI-7)", "nome_batalhao": "7º BPM/I", "tipo_batalhao": "Interior", "companhia": "2.CIA PM", "pelotao": "CGP", "cidade": "Sorocaba", "endereco": "AVENIDA SANTOS DUMONT, 1285, VILA ELZA - Sorocaba", "latitude": -23.4829878, "longitude": -47.4850998, "fonte_geocodificacao": "Google Geocoding API", "opm_nome": "7.BPM/I - CGP", "opm_descricao": "CPI-7 7.BPM/I 2.CIA PM CGP", "opm_codigo": "607072600" }, "geometry": { "type": "Point", "coordinates": [ -47.4850998, -23.4829878 ] } },
{ "type": "Feature", "properties": { "id_comando": "CPI-7", "nome_comando": "7º Comando de Policiamento do Interior (CPI-7)", "nome_batalhao": "7º BPM/I", "tipo_batalhao": "Interior", "companhia": "2.CIA PM", "pelotao": "TERRITORIAL", "cidade": "Sorocaba", "endereco": "RUA GENERAL MENA BARRETO, 190, JARDIM SAO CAETANO - Sorocaba", "latitude": -23.5047884, "longitude": -47.483184, "fonte_geocodificacao": "Google Geocoding API", "opm_nome": "7.BPM/I - 2.CIA", "opm_descricao": "CPI-7 7.BPM/I 2.CIA PM TERRITORIAL", "opm_codigo": "607072000" }, "geometry": { "type": "Point", "coordinates": [ -47.483184, -23.5047884 ] } },
{ "type": "Feature", "properties": { "id_comando": "CPI-7", "nome_comando": "7º Comando de Policiamento do Interior (CPI-7)", "nome_batalhao": "7º BPM/I", "tipo_batalhao": "Interior", "companhia": "3.CIA PM", "pelotao": "ADMINISTRACAO", "cidade": "Sorocaba", "endereco": "RUA AVELINO ARGENTO, 190, JARDIM DO COLEGIO SALESIANO - Sorocaba", "latitude": -23.510043, "longitude": -47.468738, "fonte_geocodificacao": "Google Geocoding API", "opm_nome": "7.BPM/I - ADM", "opm_descricao": "CPI-7 7.BPM/I 3.CIA PM ADMINISTRACAO", "opm_codigo": "607073400" }, "geometry": { "type": "Point", "coordinates": [ -47.468738, -23.510043 ] } },
{ "type": "Feature", "properties": { "id_comando": "CPI-7", "nome_comando": "7º Comando de Policiamento do Interior (CPI-7)", "nome_batalhao": "7º BPM/I", "tipo_batalhao": "Interior", "companhia": "3.CIA PM", "pelotao": "CGP", "cidade": "Sorocaba", "endereco": "PRAÇA DA MAÇONARIA, 1, JD PAULISTANO - Sorocaba", "latitude": -23.5107215, "longitude": -47.470028, "fonte_geocodificacao": "Google Geocoding API", "opm_nome": "7.BPM/I - CGP", "opm_descricao": "CPI-7 7.BPM/I 3.CIA PM CGP", "opm_codigo": "607073500" }, "geometry": { "type": "Point", "coordinates": [ -47.470028, -23.5107215 ] } },
{ "type": "Feature", "properties": { "id_comando": "CPI-7", "nome_comando": "7º Comando de Policiamento do Interior (CPI-7)", "nome_batalhao": "7º BPM/I", "tipo_batalhao": "Interior", "companhia": "3.CIA PM", "pelotao": "TERRITORIAL", "cidade": "Sorocaba", "endereco": "RUA AVELINO ARGENTO, 0, JARDIM DO COLEGIO SALESIANO - Sorocaba", "latitude": -23.5092543, "longitude": -47.4665958, "fonte_geocodificacao": "Google Geocoding API", "opm_nome": "7.BPM/I - 3.CIA", "opm_descricao": "CPI-7 7.BPM/I 3.CIA PM TERRITORIAL", "opm_codigo": "607073000" }, "geometry": { "type": "Point", "coordinates": [ -47.4665958, -23.5092543 ] } },
{ "type": "Feature", "properties": { "id_comando": "CPI-7", "nome_comando": "7º Comando de Policiamento do Interior (CPI-7)", "nome_batalhao": "7º BPM/I", "tipo_batalhao": "Interior", "companhia": "4.CIA PM", "pelotao": "ADMINISTRACAO", "cidade": "Sorocaba", "endereco": "RUA GENERAL MENA BARRETO, 190, JARDIM SAO CAETANO - Sorocaba", "latitude": -23.5047884, "longitude": -47.483184, "fonte_geocodificacao": "Google Geocoding API", "opm_nome": "7.BPM/I - ADM", "opm_descricao": "CPI-7 7.BPM/I 4.CIA PM ADMINISTRACAO", "opm_codigo": "607074400" }, "geometry": { "type": "Point", "coordinates": [ -47.483184, -23.5047884 ] } },
{ "type": "Feature", "properties": { "id_comando": "CPI-7", "nome_comando": "7º Comando de Policiamento do Interior (CPI-7)", "nome_batalhao": "7º BPM/I", "tipo_batalhao": "Interior", "companhia": "4.CIA PM", "pelotao": "CGP", "cidade": "Sorocaba", "endereco": "PRAÇA DA MAÇONARIA, 1, JD PAULISTANO - Sorocaba", "latitude": -23.5107215, "longitude": -47.470028, "fonte_geocodificacao": "Google Geocoding API", "opm_nome": "7.BPM/I - CGP", "opm_descricao": "CPI-7 7.BPM/I 4.CIA PM CGP", "opm_codigo": "607074500" }, "geometry": { "type": "Point", "coordinates": [ -47.470028, -23.5107215 ] } },
{ "type": "Feature", "properties": { "id_comando": "CPI-7", "nome_comando": "7º Comando de Policiamento do Interior (CPI-7)", "nome_batalhao": "7º BPM/I", "tipo_batalhao": "Interior", "companhia": "4.CIA PM", "pelotao": "TERRITORIAL", "cidade": "Sorocaba", "endereco": "RUA GENERAL MENA BARRETO, 190, JARDIM SAO CAETANO - Sorocaba", "latitude": -23.5047884, "longitude": -47.483184, "fonte_geocodificacao": "Google Geocoding API", "opm_nome": "7.BPM/I - 4.CIA", "opm_descricao": "CPI-7 7.BPM/I 4.CIA PM TERRITORIAL", "opm_codigo": "607074000" }, "geometry": { "type": "Point", "coordinates": [ -47.483184, -23.5047884 ] } },
{ "type": "Feature", "properties": { "id_comando": "CPI-7", "nome_comando": "7º Comando de Policiamento do Interior (CPI-7)", "nome_batalhao": "7º BPM/I", "tipo_batalhao": "Interior", "companhia": "5.CIA PM", "pelotao": "ADMINISTRACAO", "cidade": "Sorocaba", "endereco": "RUA GENERAL MENA BARRETO, 190, JARDIM SAO CAETANO - Sorocaba", "latitude": -23.5047884, "longitude": -47.483184, "fonte_geocodificacao": "Google Geocoding API", "opm_nome": "7.BPM/I - ADM", "opm_descricao": "CPI-7 7.BPM/I 5.CIA PM ADMINISTRACAO", "opm_codigo": "607075400" }, "geometry": { "type": "Point", "coordinates": [ -47.483184, -23.5047884 ] } },
{ "type": "Feature", "properties": { "id_comando": "CPI-7", "nome_comando": "7º Comando de Policiamento do Interior (CPI-7)", "nome_batalhao": "7º BPM/I", "tipo_batalhao": "Interior", "companhia": "5.CIA PM", "pelotao": "CGP", "cidade": "Sorocaba", "endereco": "AVENIDA RODOLFO DAFERNER, 65, ALTO DA BOA VISTA - Sorocaba", "latitude": -23.4743977, "longitude": -47.4236654, "fonte_geocodificacao": "Google Geocoding API", "opm_nome": "7.BPM/I - CGP", "opm_descricao": "CPI-7 7.BPM/I 5.CIA PM CGP", "opm_codigo": "607075500" }, "geometry": { "type": "Point", "coordinates": [ -47.4236654, -23.4743977 ] } },
{ "type": "Feature", "properties": { "id_comando": "CPI-7", "nome_comando": "7º Comando de Policiamento do Interior (CPI-7)", "nome_batalhao": "7º BPM/I", "tipo_batalhao": "Interior", "companhia": "5.CIA PM", "pelotao": "TERRITORIAL", "cidade": "Sorocaba", "endereco": "RUA GENERAL MENA BARRETO, 190, JARDIM SAO CAETANO - Sorocaba", "latitude": -23.5047884, "longitude": -47.483184, "fonte_geocodificacao": "Google Geocoding API", "opm_nome": "7.BPM/I - 5.CIA", "opm_descricao": "CPI-7 7.BPM/I 5.CIA PM TERRITORIAL", "opm_codigo": "607075000" }, "geometry": { "type": "Point", "coordinates": [ -47.483184, -23.5047884 ] } },
{ "type": "Feature", "properties": { "id_comando": "CPI-7", "nome_comando": "7º Comando de Policiamento do Interior (CPI-7)", "nome_batalhao": "7º BPM/I", "tipo_batalhao": "Interior", "companhia": "CIA F TAT", "pelotao": "1 PEL FT", "cidade": "Sorocaba", "endereco": "RUA GENERAL MENA BARRETO, 190, JARDIM SAO CAETANO - Sorocaba", "latitude": -23.5047884, "longitude": -47.483184, "fonte_geocodificacao": "Google Geocoding API", "opm_nome": "1º PELOTÃO DE FORÇA TÁTICA", "opm_descricao": "CPI-7 7.BPM/I CIA F TAT 1 PEL FT", "opm_codigo": "607076100" }, "geometry": { "type": "Point", "coordinates": [ -47.483184, -23.5047884 ] } },
{ "type": "Feature", "properties": { "id_comando": "CPI-7", "nome_comando": "7º Comando de Policiamento do Interior (CPI-7)", "nome_batalhao": "7º BPM/I", "tipo_batalhao": "Interior", "companhia": "CIA F TAT", "pelotao": "2 PEL FT", "cidade": "Sorocaba", "endereco": "RUA GENERAL MENA BARRETO, 190, JARDIM SAO CAETANO - Sorocaba", "latitude": -23.5047884, "longitude": -47.483184, "fonte_geocodificacao": "Google Geocoding API", "opm_nome": "2º PELOTÃO DE FORÇA TÁTICA", "opm_descricao": "CPI-7 7.BPM/I CIA F TAT 2 PEL FT", "opm_codigo": "607076200" }, "geometry": { "type": "Point", "coordinates": [ -47.483184, -23.5047884 ] } },
{ "type": "Feature", "properties": { "id_comando": "CPI-7", "nome_comando": "7º Comando de Policiamento do Interior (CPI-7)", "nome_batalhao": "7º BPM/I", "tipo_batalhao": "Interior", "companhia": "CIA F TAT", "pelotao": "ADM", "cidade": "Sorocaba", "endereco": "RUA GENERAL MENA BARRETO, 190, JARDIM SAO CAETANO - Sorocaba", "latitude": -23.5047884, "longitude": -47.483184, "fonte_geocodificacao": "Google Geocoding API", "opm_nome": "ADMINISTRACAO", "opm_descricao": "CPI-7 7.BPM/I CIA F TAT ADM", "opm_codigo": "607076700" }, "geometry": { "type": "Point", "coordinates": [ -47.483184, -23.5047884 ] } },
{ "type": "Feature", "properties": { "id_comando": "CPI-7", "nome_comando": "7º Comando de Policiamento do Interior (CPI-7)", "nome_batalhao": "7º BPM/I", "tipo_batalhao": "Interior", "companhia": "CIA F TAT", "pelotao": "GP CANIL", "cidade": "Sorocaba", "endereco": "RUA GENERAL MENA BARRETO, 190, JARDIM SAO CAETANO - Sorocaba", "latitude": -23.5047884, "longitude": -47.483184, "fonte_geocodificacao": "Google Geocoding API", "opm_nome": "7.BPM/I - GP CANIL", "opm_descricao": "CPI-7 7.BPM/I CIA F TAT GP CANIL", "opm_codigo": "607076600" }, "geometry": { "type": "Point", "coordinates": [ -47.483184, -23.5047884 ] } },
{ "type": "Feature", "properties": { "id_comando": "CPI-7", "nome_comando": "7º Comando de Policiamento do Interior (CPI-7)", "nome_batalhao": "7º BPM/I", "tipo_batalhao": "Interior", "companhia": "CIA F TAT", "pelotao": "GP P MON", "cidade": "Sorocaba", "endereco": "RUA GENERAL MENA BARRETO, 190, JARDIM SAO CAETANO - Sorocaba", "latitude": -23.5047884, "longitude": -47.483184, "fonte_geocodificacao": "Google Geocoding API", "opm_nome": "7.BPM/I - GP P MON", "opm_descricao": "CPI-7 7.BPM/I CIA F TAT GP P MON", "opm_codigo": "607076400" }, "geometry": { "type": "Point", "coordinates": [ -47.483184, -23.5047884 ] } },
{ "type": "Feature", "properties": { "id_comando": "CPI-7", "nome_comando": "7º Comando de Policiamento do Interior (CPI-7)", "nome_batalhao": "7º BPM/I", "tipo_batalhao": "Interior", "companhia": "EM", "pelotao": "P/1 P/5", "cidade": "Sorocaba", "endereco": "RUA GENERAL MENA BARRETO, 190, JARDIM SAO CAETANO - Sorocaba", "latitude": -23.5047884, "longitude": -47.483184, "fonte_geocodificacao": "Google Geocoding API", "opm_nome": "P/1 E P/5", "opm_descricao": "CPI-7 7.BPM/I EM P/1 P/5", "opm_codigo": "607078100" }, "geometry": { "type": "Point", "coordinates": [ -47.483184, -23.5047884 ] } },
{ "type": "Feature", "properties": { "id_comando": "CPI-7", "nome_comando": "7º Comando de Policiamento do Interior (CPI-7)", "nome_batalhao": "7º BPM/I", "tipo_batalhao": "Interior", "companhia": "EM", "pelotao": "P/2", "cidade": "Sorocaba", "endereco": "RUA GENERAL MENA BARRETO, 190, JARDIM SAO CAETANO - Sorocaba", "latitude": -23.5047884, "longitude": -47.483184, "fonte_geocodificacao": "Google Geocoding API", "opm_nome": "P/2", "opm_descricao": "CPI-7 7.BPM/I EM P/2", "opm_codigo": "607078200" }, "geometry": { "type": "Point", "coordinates": [ -47.483184, -23.5047884 ] } },
{ "type": "Feature", "properties": { "id_comando": "CPI-7", "nome_comando": "7º Comando de Policiamento do Interior (CPI-7)", "nome_batalhao": "7º BPM/I", "tipo_batalhao": "Interior", "companhia": "EM", "pelotao": "P/3", "cidade": "Sorocaba", "endereco": "RUA GENERAL MENA BARRETO, 190, JARDIM SAO CAETANO - Sorocaba", "latitude": -23.5047884, "longitude": -47.483184, "fonte_geocodificacao": "Google Geocoding API", "opm_nome": "P/3", "opm_descricao": "CPI-7 7.BPM/I EM P/3", "opm_codigo": "607078300" }, "geometry": { "type": "Point", "coordinates": [ -47.483184, -23.5047884 ] } },
{ "type": "Feature", "properties": { "id_comando": "CPI-7", "nome_comando": "7º Comando de Policiamento do Interior (CPI-7)", "nome_batalhao": "7º BPM/I", "tipo_batalhao": "Interior", "companhia": "EM", "pelotao": "P/4", "cidade": "Sorocaba", "endereco": "RUA GENERAL MENA BARRETO, 190, JARDIM SAO CAETANO - Sorocaba", "latitude": -23.5047884, "longitude": -47.483184, "fonte_geocodificacao": "Google Geocoding API", "opm_nome": "P/4", "opm_descricao": "CPI-7 7.BPM/I EM P/4", "opm_codigo": "607078400" }, "geometry": { "type": "Point", "coordinates": [ -47.483184, -23.5047884 ] } },
{ "type": "Feature", "properties": { "id_comando": "CPI-7", "nome_comando": "7º Comando de Policiamento do Interior (CPI-7)", "nome_batalhao": "7º BPM/I", "tipo_batalhao": "Interior", "companhia": "EM", "pelotao": "P/5", "cidade": "Sorocaba", "endereco": "RUA GENERAL MENA BARRETO, 190, JARDIM SAO CAETANO - Sorocaba", "latitude": -23.5047884, "longitude": -47.483184, "fonte_geocodificacao": "Google Geocoding API", "opm_nome": "7.BPM/I - P/5", "opm_descricao": "CPI-7 7.BPM/I EM P/5", "opm_codigo": "607078500" }, "geometry": { "type": "Point", "coordinates": [ -47.483184, -23.5047884 ] } },
{ "type": "Feature", "properties": { "id_comando": "CPI-7", "nome_comando": "7º Comando de Policiamento do Interior (CPI-7)", "nome_batalhao": "7º BPM/I", "tipo_batalhao": "Interior", "companhia": "EM", "pelotao": "SEC PJMD", "cidade": "Sorocaba", "endereco": "RUA GENERAL MENA BARRETO, 190, JARDIM SAO CAETANO - Sorocaba", "latitude": -23.5047884, "longitude": -47.483184, "fonte_geocodificacao": "Google Geocoding API", "opm_nome": "SECAO POLICIA JUDICIARIA MILITAR E DISCIPLINA", "opm_descricao": "CPI-7 7.BPM/I EM SEC PJMD", "opm_codigo": "607078600" }, "geometry": { "type": "Point", "coordinates": [ -47.483184, -23.5047884 ] } },
{ "type": "Feature", "properties": { "id_comando": "CPA/M-1", "nome_comando": "1º Comando de Policiamento de Área Metropolitana (CPA/M-1)", "nome_batalhao": "7º BPM/M", "tipo_batalhao": "Metropolitano", "companhia": "1.CIA PM", "pelotao": "TERRITORIAL", "cidade": "Sao Paulo", "endereco": "RUA JOAO GUIMARAES ROSA, 1, CONSOLACAO - Sao Paulo", "latitude": -23.5501548, "longitude": -46.6467178, "fonte_geocodificacao": "Google Geocoding API", "opm_nome": "1. COMPANHIA DE POLICIA MILITAR", "opm_descricao": "CPA/M-1 7.BPM/M 1.CIA PM TERRITORIAL", "opm_codigo": "501071000" }, "geometry": { "type": "Point", "coordinates": [ -46.6467178, -23.5501548 ] } },
{ "type": "Feature", "properties": { "id_comando": "CPA/M-1", "nome_comando": "1º Comando de Policiamento de Área Metropolitana (CPA/M-1)", "nome_batalhao": "7º BPM/M", "tipo_batalhao": "Metropolitano", "companhia": "2.CIA PM", "pelotao": "TERRITORIAL", "cidade": "Sao Paulo", "endereco": "RUA ABOLICAO, 349, BELA VISTA - Sao Paulo", "latitude": -23.5537955, "longitude": -46.6418121, "fonte_geocodificacao": "Google Geocoding API", "opm_nome": "2. COMPANHIA DE POLICIA MILITAR", "opm_descricao": "CPA/M-1 7.BPM/M 2.CIA PM TERRITORIAL", "opm_codigo": "501072000" }, "geometry": { "type": "Point", "coordinates": [ -46.6418121, -23.5537955 ] } },
{ "type": "Feature", "properties": { "id_comando": "CPA/M-1", "nome_comando": "1º Comando de Policiamento de Área Metropolitana (CPA/M-1)", "nome_batalhao": "7º BPM/M", "tipo_batalhao": "Metropolitano", "companhia": "3.CIA PM", "pelotao": "TERRITORIAL", "cidade": "Sao Paulo", "endereco": "RUA ABOLICAO, 349  CIA NÃO EXISTE, BELA VISTA - Sao Paulo", "latitude": -23.5537955, "longitude": -46.6418121, "fonte_geocodificacao": "Google Geocoding API", "opm_nome": "3. COMPANHIA DE POLICIA MILITAR", "opm_descricao": "CPA/M-1 7.BPM/M 3.CIA PM TERRITORIAL 0", "opm_codigo": "501073000" }, "geometry": { "type": "Point", "coordinates": [ -46.6418121, -23.5537955 ] } },
{ "type": "Feature", "properties": { "id_comando": "CPA/M-1", "nome_comando": "1º Comando de Policiamento de Área Metropolitana (CPA/M-1)", "nome_batalhao": "7º BPM/M", "tipo_batalhao": "Metropolitano", "companhia": "4.CIA PM", "pelotao": "TERRITORIAL", "cidade": "Sao Paulo", "endereco": "RUA GENERAL CARNEIRO, 100, SE - Sao Paulo", "latitude": -23.5476104, "longitude": -46.6333322, "fonte_geocodificacao": "Google Geocoding API", "opm_nome": "4. COMPANHIA DE POLICIA MILITAR", "opm_descricao": "CPA/M-1 7.BPM/M 4.CIA PM TERRITORIAL", "opm_codigo": "501076000" }, "geometry": { "type": "Point", "coordinates": [ -46.6333322, -23.5476104 ] } },
{ "type": "Feature", "properties": { "id_comando": "CPI-2", "nome_comando": "2º Comando de Policiamento do Interior (CPI-2)", "nome_batalhao": "8º BPM/I", "tipo_batalhao": "Interior", "companhia": "1.CIA PM", "pelotao": "ADM", "cidade": "Campinas", "endereco": "RUA LUÍS GAMA, 298, BONFIM - Campinas", "latitude": -22.900205, "longitude": -47.078595, "fonte_geocodificacao": "Google Geocoding API", "opm_nome": "ADMINISTRACAO", "opm_descricao": "CPI-2 8.BPM/I 1.CIA PM ADM 0", "opm_codigo": "602081600" }, "geometry": { "type": "Point", "coordinates": [ -47.078595, -22.900205 ] } },
{ "type": "Feature", "properties": { "id_comando": "CPI-2", "nome_comando": "2º Comando de Policiamento do Interior (CPI-2)", "nome_batalhao": "8º BPM/I", "tipo_batalhao": "Interior", "companhia": "1.CIA PM", "pelotao": "CGP", "cidade": "Campinas", "endereco": "RUA LUÍS GAMA, 298, BONFIM - Campinas", "latitude": -22.900205, "longitude": -47.078595, "fonte_geocodificacao": "Google Geocoding API", "opm_nome": "COMANDO GRUPO PATRULHA", "opm_descricao": "CPI-2 8.BPM/I 1.CIA PM CGP", "opm_codigo": "602081700" }, "geometry": { "type": "Point", "coordinates": [ -47.078595, -22.900205 ] } },
{ "type": "Feature", "properties": { "id_comando": "CPI-2", "nome_comando": "2º Comando de Policiamento do Interior (CPI-2)", "nome_batalhao": "8º BPM/I", "tipo_batalhao": "Interior", "companhia": "1.CIA PM", "pelotao": "TERRITORIAL", "cidade": "Campinas", "endereco": "RUA LUÍS GAMA, 298, BONFIM - Campinas", "latitude": -22.900205, "longitude": -47.078595, "fonte_geocodificacao": "Google Geocoding API", "opm_nome": "1. COMPANHIA DE POLICIA MILITAR", "opm_descricao": "CPI-2 8.BPM/I 1.CIA PM TERRITORIAL", "opm_codigo": "602081000" }, "geometry": { "type": "Point", "coordinates": [ -47.078595, -22.900205 ] } },
{ "type": "Feature", "properties": { "id_comando": "CPI-2", "nome_comando": "2º Comando de Policiamento do Interior (CPI-2)", "nome_batalhao": "8º BPM/I", "tipo_batalhao": "Interior", "companhia": "2.CIA PM", "pelotao": "ADM", "cidade": "Campinas", "endereco": "RUA MARQUÊS DE ABRANTES, 221, JARDIM SANTA GENEBRA - Campinas", "latitude": -22.8457239, "longitude": -47.0681794, "fonte_geocodificacao": "Google Geocoding API", "opm_nome": "ADMINISTRACAO", "opm_descricao": "CPI-2 8.BPM/I 2.CIA PM ADM 0", "opm_codigo": "602082500" }, "geometry": { "type": "Point", "coordinates": [ -47.0681794, -22.8457239 ] } },
{ "type": "Feature", "properties": { "id_comando": "CPI-2", "nome_comando": "2º Comando de Policiamento do Interior (CPI-2)", "nome_batalhao": "8º BPM/I", "tipo_batalhao": "Interior", "companhia": "2.CIA PM", "pelotao": "CGP", "cidade": "Campinas", "endereco": "RUA MARQUÊS DE ABRANTES, 221, JARDIM SANTA GENEBRA - Campinas", "latitude": -22.8457239, "longitude": -47.0681794, "fonte_geocodificacao": "Google Geocoding API", "opm_nome": "COMANDO GRUPO PATRULHA", "opm_descricao": "CPI-2 8.BPM/I 2.CIA PM CGP", "opm_codigo": "602082600" }, "geometry": { "type": "Point", "coordinates": [ -47.0681794, -22.8457239 ] } },
{ "type": "Feature", "properties": { "id_comando": "CPI-2", "nome_comando": "2º Comando de Policiamento do Interior (CPI-2)", "nome_batalhao": "8º BPM/I", "tipo_batalhao": "Interior", "companhia": "2.CIA PM", "pelotao": "TERRITORIAL", "cidade": "Campinas", "endereco": "RUA MARQUES DE ABRANTES, 221, SANTA GENEBRA - Campinas", "latitude": -22.8457239, "longitude": -47.0681794, "fonte_geocodificacao": "Google Geocoding API", "opm_nome": "2. COMPANHIA DE POLICIA MILITAR", "opm_descricao": "CPI-2 8.BPM/I 2.CIA PM TERRITORIAL", "opm_codigo": "602082000" }, "geometry": { "type": "Point", "coordinates": [ -47.0681794, -22.8457239 ] } },
{ "type": "Feature", "properties": { "id_comando": "CPI-2", "nome_comando": "2º Comando de Policiamento do Interior (CPI-2)", "nome_batalhao": "8º BPM/I", "tipo_batalhao": "Interior", "companhia": "3.CIA PM", "pelotao": "ADM", "cidade": "Campinas", "endereco": "RUA ANA MARIA DE SOUZA, 61, JD STA GENEBRA - Campinas", "latitude": -22.8346555, "longitude": -47.0779868, "fonte_geocodificacao": "Google Geocoding API", "opm_nome": "ADMINISTRACAO", "opm_descricao": "CPI-2 8.BPM/I 3.CIA PM ADM 0", "opm_codigo": "602083600" }, "geometry": { "type": "Point", "coordinates": [ -47.0779868, -22.8346555 ] } },
{ "type": "Feature", "properties": { "id_comando": "CPI-2", "nome_comando": "2º Comando de Policiamento do Interior (CPI-2)", "nome_batalhao": "8º BPM/I", "tipo_batalhao": "Interior", "companhia": "3.CIA PM", "pelotao": "CGP", "cidade": "Campinas", "endereco": "RUA ANA MARIA DE SOUZA, 61, JD STA GENEBRA II - Campinas", "latitude": -22.8346555, "longitude": -47.0779868, "fonte_geocodificacao": "Google Geocoding API", "opm_nome": "COMANDO GRUPO PATRULHA", "opm_descricao": "CPI-2 8.BPM/I 3.CIA PM CGP", "opm_codigo": "602083700" }, "geometry": { "type": "Point", "coordinates": [ -47.0779868, -22.8346555 ] } },
{ "type": "Feature", "properties": { "id_comando": "CPI-2", "nome_comando": "2º Comando de Policiamento do Interior (CPI-2)", "nome_batalhao": "8º BPM/I", "tipo_batalhao": "Interior", "companhia": "3.CIA PM", "pelotao": "TERRITORIAL", "cidade": "Campinas", "endereco": "RUA ANA MARIA DE SOUZA, 61, JD STA GENEBRA II - Campinas", "latitude": -22.8346555, "longitude": -47.0779868, "fonte_geocodificacao": "Google Geocoding API", "opm_nome": "3. COMPANHIA DE POLICIA MILITAR", "opm_descricao": "CPI-2 8.BPM/I 3.CIA PM TERRITORIAL", "opm_codigo": "602083000" }, "geometry": { "type": "Point", "coordinates": [ -47.0779868, -22.8346555 ] } },
{ "type": "Feature", "properties": { "id_comando": "CPI-2", "nome_comando": "2º Comando de Policiamento do Interior (CPI-2)", "nome_batalhao": "8º BPM/I", "tipo_batalhao": "Interior", "companhia": "4.CIA PM", "pelotao": "ADM", "cidade": "Paulinia", "endereco": "AVENIDA JOSÉ PAULINO, 3112, JARDIM EUROPA - Paulinia", "latitude": -22.7785335, "longitude": -47.1441084, "fonte_geocodificacao": "Google Geocoding API", "opm_nome": "ADMINISTRACAO", "opm_descricao": "CPI-2 8.BPM/I 4.CIA PM ADM 0", "opm_codigo": "602084500" }, "geometry": { "type": "Point", "coordinates": [ -47.1441084, -22.7785335 ] } },
{ "type": "Feature", "properties": { "id_comando": "CPI-2", "nome_comando": "2º Comando de Policiamento do Interior (CPI-2)", "nome_batalhao": "8º BPM/I", "tipo_batalhao": "Interior", "companhia": "4.CIA PM", "pelotao": "CGP", "cidade": "Paulinia", "endereco": "AVENIDA JOSÉ PAULINO, 3112, JARDIM EUROPA - Paulinia", "latitude": -22.7785335, "longitude": -47.1441084, "fonte_geocodificacao": "Google Geocoding API", "opm_nome": "COMANDO GRUPO PATRULHA", "opm_descricao": "CPI-2 8.BPM/I 4.CIA PM CGP", "opm_codigo": "602084600" }, "geometry": { "type": "Point", "coordinates": [ -47.1441084, -22.7785335 ] } },
{ "type": "Feature", "properties": { "id_comando": "CPI-2", "nome_comando": "2º Comando de Policiamento do Interior (CPI-2)", "nome_batalhao": "8º BPM/I", "tipo_batalhao": "Interior", "companhia": "4.CIA PM", "pelotao": "TERRITORIAL", "cidade": "Paulinia", "endereco": "Avenida José Paulino, 3112, NOVA EUROPA - Paulinia", "latitude": -22.7785335, "longitude": -47.1441084, "fonte_geocodificacao": "Google Geocoding API", "opm_nome": "4. COMPANHIA DE POLICIA MILITAR", "opm_descricao": "CPI-2 8.BPM/I 4.CIA PM TERRITORIAL", "opm_codigo": "602084000" }, "geometry": { "type": "Point", "coordinates": [ -47.1441084, -22.7785335 ] } },
{ "type": "Feature", "properties": { "id_comando": "CPI-2", "nome_comando": "2º Comando de Policiamento do Interior (CPI-2)", "nome_batalhao": "8º BPM/I", "tipo_batalhao": "Interior", "companhia": "CIA F TAT", "pelotao": "1.PEL F TAT", "cidade": "Campinas", "endereco": "RUA LUÍS GAMA, 298, BONFIM - Campinas", "latitude": -22.900205, "longitude": -47.078595, "fonte_geocodificacao": "Google Geocoding API", "opm_nome": "1.PELOTAO FORCA TATICA", "opm_descricao": "CPI-2 8.BPM/I CIA F TAT 1.PEL F TAT 0", "opm_codigo": "602089100" }, "geometry": { "type": "Point", "coordinates": [ -47.078595, -22.900205 ] } },
{ "type": "Feature", "properties": { "id_comando": "CPI-2", "nome_comando": "2º Comando de Policiamento do Interior (CPI-2)", "nome_batalhao": "8º BPM/I", "tipo_batalhao": "Interior", "companhia": "CIA F TAT", "pelotao": "ADM", "cidade": "Campinas", "endereco": "RUA LUÍS GAMA, 298, BONFIM - Campinas", "latitude": -22.900205, "longitude": -47.078595, "fonte_geocodificacao": "Google Geocoding API", "opm_nome": "ADMINISTRACAO", "opm_descricao": "CPI-2 8.BPM/I CIA F TAT ADM", "opm_codigo": "602089500" }, "geometry": { "type": "Point", "coordinates": [ -47.078595, -22.900205 ] } },
{ "type": "Feature", "properties": { "id_comando": "CPI-2", "nome_comando": "2º Comando de Policiamento do Interior (CPI-2)", "nome_batalhao": "8º BPM/I", "tipo_batalhao": "Interior", "companhia": "EM", "pelotao": "DIV OP", "cidade": "Campinas", "endereco": "RUA LUÍS GAMA, 298, BONFIM - Campinas", "latitude": -22.900205, "longitude": -47.078595, "fonte_geocodificacao": "Google Geocoding API", "opm_nome": "DIVISAO OPERACIONAL", "opm_descricao": "CPI-2 8.BPM/I EM DIV OP", "opm_codigo": "602088300" }, "geometry": { "type": "Point", "coordinates": [ -47.078595, -22.900205 ] } },
{ "type": "Feature", "properties": { "id_comando": "CPI-2", "nome_comando": "2º Comando de Policiamento do Interior (CPI-2)", "nome_batalhao": "8º BPM/I", "tipo_batalhao": "Interior", "companhia": "EM", "pelotao": "P/1 P/5", "cidade": "Campinas", "endereco": "RUA LUÍS GAMA, 298, BONFIM - Campinas", "latitude": -22.900205, "longitude": -47.078595, "fonte_geocodificacao": "Google Geocoding API", "opm_nome": "P/1 E P/5", "opm_descricao": "CPI-2 8.BPM/I EM P/1 P/5", "opm_codigo": "602088100" }, "geometry": { "type": "Point", "coordinates": [ -47.078595, -22.900205 ] } },
{ "type": "Feature", "properties": { "id_comando": "CPI-2", "nome_comando": "2º Comando de Policiamento do Interior (CPI-2)", "nome_batalhao": "8º BPM/I", "tipo_batalhao": "Interior", "companhia": "EM", "pelotao": "P/2", "cidade": "Campinas", "endereco": "RUA LUÍS GAMA, 298, BONFIM - Campinas", "latitude": -22.900205, "longitude": -47.078595, "fonte_geocodificacao": "Google Geocoding API", "opm_nome": "P/2", "opm_descricao": "CPI-2 8.BPM/I EM P/2 0", "opm_codigo": "602088200" }, "geometry": { "type": "Point", "coordinates": [ -47.078595, -22.900205 ] } },
{ "type": "Feature", "properties": { "id_comando": "CPI-2", "nome_comando": "2º Comando de Policiamento do Interior (CPI-2)", "nome_batalhao": "8º BPM/I", "tipo_batalhao": "Interior", "companhia": "EM", "pelotao": "P/3", "cidade": "Campinas", "endereco": "RUA LUÍS GAMA, 298, BONFIM - Campinas", "latitude": -22.900205, "longitude": -47.078595, "fonte_geocodificacao": "Google Geocoding API", "opm_nome": "COMANDO FORCA PATRULHA", "opm_descricao": "CPI-2 8.BPM/I EM P/3 CFP", "opm_codigo": "602088310" }, "geometry": { "type": "Point", "coordinates": [ -47.078595, -22.900205 ] } },
{ "type": "Feature", "properties": { "id_comando": "CPI-2", "nome_comando": "2º Comando de Policiamento do Interior (CPI-2)", "nome_batalhao": "8º BPM/I", "tipo_batalhao": "Interior", "companhia": "EM", "pelotao": "P/4", "cidade": "Campinas", "endereco": "RUA LUÍS GAMA, 298, BONFIM - Campinas", "latitude": -22.900205, "longitude": -47.078595, "fonte_geocodificacao": "Google Geocoding API", "opm_nome": "P/4", "opm_descricao": "CPI-2 8.BPM/I EM P/4 0", "opm_codigo": "602088400" }, "geometry": { "type": "Point", "coordinates": [ -47.078595, -22.900205 ] } },
{ "type": "Feature", "properties": { "id_comando": "CPI-2", "nome_comando": "2º Comando de Policiamento do Interior (CPI-2)", "nome_batalhao": "8º BPM/I", "tipo_batalhao": "Interior", "companhia": "EM", "pelotao": "P/5", "cidade": "Campinas", "endereco": "RUA LUÍS GAMA, 298, BONFIM - Campinas", "latitude": -22.900205, "longitude": -47.078595, "fonte_geocodificacao": "Google Geocoding API", "opm_nome": "8.BPM/I P/5", "opm_descricao": "CPI-2 8.BPM/I EM P/5", "opm_codigo": "602088500" }, "geometry": { "type": "Point", "coordinates": [ -47.078595, -22.900205 ] } },
{ "type": "Feature", "properties": { "id_comando": "CPI-2", "nome_comando": "2º Comando de Policiamento do Interior (CPI-2)", "nome_batalhao": "8º BPM/I", "tipo_batalhao": "Interior", "companhia": "EM", "pelotao": "SEC PJMD", "cidade": "Campinas", "endereco": "RUA LUÍS GAMA, 298, BONFIM - Campinas", "latitude": -22.900205, "longitude": -47.078595, "fonte_geocodificacao": "Google Geocoding API", "opm_nome": "SECAO DE POLICIA JUDICIARIA MILITAR E DISCIPLINA", "opm_descricao": "CPI-2 8.BPM/I EM SEC PJMD 0", "opm_codigo": "602088600" }, "geometry": { "type": "Point", "coordinates": [ -47.078595, -22.900205 ] } },
{ "type": "Feature", "properties": { "id_comando": "CPA/M-11", "nome_comando": "11º Comando de Policiamento de Área Metropolitana (CPA/M-11)", "nome_batalhao": "8º BPM/M", "tipo_batalhao": "Metropolitano", "companhia": "1.CIA PM", "pelotao": "TERRITORIAL", "cidade": "Sao Paulo", "endereco": "RUA ANTONIO DE CAMARDO, 69, VILA GOMES CARDIM - Sao Paulo", "latitude": -23.5499498, "longitude": -46.5677144, "fonte_geocodificacao": "Google Geocoding API", "opm_nome": "1. COMPANHIA DE POLICIA MILITAR", "opm_descricao": "CPA/M-11 8.BPM/M 1.CIA PM TERRITORIAL", "opm_codigo": "511081000" }, "geometry": { "type": "Point", "coordinates": [ -46.5677144, -23.5499498 ] } },
{ "type": "Feature", "properties": { "id_comando": "CPA/M-11", "nome_comando": "11º Comando de Policiamento de Área Metropolitana (CPA/M-11)", "nome_batalhao": "8º BPM/M", "tipo_batalhao": "Metropolitano", "companhia": "2.CIA PM", "pelotao": "TERRITORIAL", "cidade": "Sao Paulo", "endereco": "AVENIDA CONSELHEIRO CARRAO, 2582, CARRAO - Sao Paulo", "latitude": -23.5489757, "longitude": -46.5371807, "fonte_geocodificacao": "Google Geocoding API", "opm_nome": "2. COMPANHIA DE POLICIA MILITAR", "opm_descricao": "CPA/M-11 8.BPM/M 2.CIA PM TERRITORIAL", "opm_codigo": "511082000" }, "geometry": { "type": "Point", "coordinates": [ -46.5371807, -23.5489757 ] } },
{ "type": "Feature", "properties": { "id_comando": "CPA/M-11", "nome_comando": "11º Comando de Policiamento de Área Metropolitana (CPA/M-11)", "nome_batalhao": "8º BPM/M", "tipo_batalhao": "Metropolitano", "companhia": "3.CIA PM", "pelotao": "TERRITORIAL", "cidade": "Sao Paulo", "endereco": "RUA DOUTOR PELAGIO MARQUES, 2582, VILA MATILDE - Sao Paulo", "latitude": -23.5386867, "longitude": -46.5264753, "fonte_geocodificacao": "Google Geocoding API", "opm_nome": "3. COMPANHIA DE POLICIA MILITAR", "opm_descricao": "CPA/M-11 8.BPM/M 3.CIA PM TERRITORIAL", "opm_codigo": "511083000" }, "geometry": { "type": "Point", "coordinates": [ -46.5264753, -23.5386867 ] } },
{ "type": "Feature", "properties": { "id_comando": "CPA/M-11", "nome_comando": "11º Comando de Policiamento de Área Metropolitana (CPA/M-11)", "nome_batalhao": "8º BPM/M", "tipo_batalhao": "Metropolitano", "companhia": "4.CIA PM", "pelotao": "TERRITORIAL", "cidade": "Sao Paulo", "endereco": "RUA SAIGON, 201, VILA FORMOSA - Sao Paulo", "latitude": -23.5687414, "longitude": -46.5447476, "fonte_geocodificacao": "Google Geocoding API", "opm_nome": "4. COMPANHIA DE POLICIA MILITAR", "opm_descricao": "CPA/M-11 8.BPM/M 4.CIA PM TERRITORIAL", "opm_codigo": "511084000" }, "geometry": { "type": "Point", "coordinates": [ -46.5447476, -23.5687414 ] } },
{ "type": "Feature", "properties": { "id_comando": "CPI-4", "nome_comando": "4º Comando de Policiamento do Interior (CPI-4)", "nome_batalhao": "9º BPM/I", "tipo_batalhao": "Interior", "companhia": "1.CIA PM", "pelotao": "ADM", "cidade": "Marilia", "endereco": "AVENIDA NELSOM SPIELMAN, 1240, PALMITAL - Marilia", "latitude": -22.2096328, "longitude": -49.9507182, "fonte_geocodificacao": "Google Geocoding API", "opm_nome": "ADMINISTRACAO", "opm_descricao": "CPI-4 9.BPM/I 1.CIA PM ADM", "opm_codigo": "604091400" }, "geometry": { "type": "Point", "coordinates": [ -49.9507182, -22.2096328 ] } },
{ "type": "Feature", "properties": { "id_comando": "CPI-4", "nome_comando": "4º Comando de Policiamento do Interior (CPI-4)", "nome_batalhao": "9º BPM/I", "tipo_batalhao": "Interior", "companhia": "1.CIA PM", "pelotao": "CGP", "cidade": "Marilia", "endereco": "AVENIDA NELSOM SPIELMAN, 1240  9ºBPM/I 1ª CIA PM, MARILIA - Marilia", "latitude": -22.2114045, "longitude": -49.9495393, "fonte_geocodificacao": "Google Geocoding API", "opm_nome": "COMANDO GRUPO PATRULHA", "opm_descricao": "CPI-4 9.BPM/I 1.CIA PM CGP", "opm_codigo": "604091500" }, "geometry": { "type": "Point", "coordinates": [ -49.9495393, -22.2114045 ] } },
{ "type": "Feature", "properties": { "id_comando": "CPI-4", "nome_comando": "4º Comando de Policiamento do Interior (CPI-4)", "nome_batalhao": "9º BPM/I", "tipo_batalhao": "Interior", "companhia": "2.CIA PM", "pelotao": "4.PEL PM", "cidade": "Quata", "endereco": "COMENDADOR JOSÉ GIORGIO, 5, SANTA TEREZA - Quata", "latitude": -22.2541287, "longitude": -50.696586, "fonte_geocodificacao": "Google Geocoding API", "opm_nome": "9.BPM/I 2.CIA PM 4.PEL PM", "opm_descricao": "CPI-4 9.BPM/I 2.CIA PM 4.PEL PM", "opm_codigo": "604092400" }, "geometry": { "type": "Point", "coordinates": [ -50.696586, -22.2541287 ] } },
{ "type": "Feature", "properties": { "id_comando": "CPI-4", "nome_comando": "4º Comando de Policiamento do Interior (CPI-4)", "nome_batalhao": "9º BPM/I", "tipo_batalhao": "Interior", "companhia": "2.CIA PM", "pelotao": "5.PEL PM", "cidade": "Rinopolis", "endereco": "RUA SÃO LUIZ, 535  OPM INEXISTENTE, CENTRO - Rinopolis", "latitude": -21.7287438, "longitude": -50.7194283, "fonte_geocodificacao": "Google Geocoding API", "opm_nome": "9.BPM/I 2.CIA PM 5.PEL PM", "opm_descricao": "CPI-4 9.BPM/I 2.CIA PM 5.PEL PM", "opm_codigo": "604092500" }, "geometry": { "type": "Point", "coordinates": [ -50.7194283, -21.7287438 ] } },
{ "type": "Feature", "properties": { "id_comando": "CPI-4", "nome_comando": "4º Comando de Policiamento do Interior (CPI-4)", "nome_batalhao": "9º BPM/I", "tipo_batalhao": "Interior", "companhia": "2.CIA PM", "pelotao": "ADM", "cidade": "Tupa", "endereco": "AVENIDA TAMOIOS, 1700, CENTRO - Tupa", "latitude": -21.934904, "longitude": -50.5199107, "fonte_geocodificacao": "Google Geocoding API", "opm_nome": "ADMINISTRACAO", "opm_descricao": "CPI-4 9.BPM/I 2.CIA PM ADM", "opm_codigo": "604092600" }, "geometry": { "type": "Point", "coordinates": [ -50.5199107, -21.934904 ] } },
{ "type": "Feature", "properties": { "id_comando": "CPI-4", "nome_comando": "4º Comando de Policiamento do Interior (CPI-4)", "nome_batalhao": "9º BPM/I", "tipo_batalhao": "Interior", "companhia": "2.CIA PM", "pelotao": "CGP", "cidade": "Tupa", "endereco": "AVENIDA TAMOIOS, 1700  9ºBPM/I 2ª CIA PM, CENTRO - Tupa", "latitude": -21.934904, "longitude": -50.5199107, "fonte_geocodificacao": "Google Geocoding API", "opm_nome": "COMANDO GRUPO PATRULHA", "opm_descricao": "CPI-4 9.BPM/I 2.CIA PM CGP", "opm_codigo": "604092700" }, "geometry": { "type": "Point", "coordinates": [ -50.5199107, -21.934904 ] } },
{ "type": "Feature", "properties": { "id_comando": "CPI-4", "nome_comando": "4º Comando de Policiamento do Interior (CPI-4)", "nome_batalhao": "9º BPM/I", "tipo_batalhao": "Interior", "companhia": "2.CIA PM", "pelotao": "PEL PM", "cidade": "Bastos", "endereco": "AVENIDA DEZOITO DE JUNHO, 90, CENTRO - Bastos", "latitude": -21.9227889, "longitude": -50.7300518, "fonte_geocodificacao": "Google Geocoding API", "opm_nome": "PELOTAO POLICIAL MILITAR", "opm_descricao": "CPI-4 9.BPM/I 2.CIA PM PEL PM", "opm_codigo": "604092300" }, "geometry": { "type": "Point", "coordinates": [ -50.7300518, -21.9227889 ] } },
{ "type": "Feature", "properties": { "id_comando": "CPI-4", "nome_comando": "4º Comando de Policiamento do Interior (CPI-4)", "nome_batalhao": "9º BPM/I", "tipo_batalhao": "Interior", "companhia": "3.CIA PM", "pelotao": "ADM", "cidade": "Marilia", "endereco": "AVENIDA NELSOM SPIELMAN, 1240, PALMITAL - Marilia", "latitude": -22.2096328, "longitude": -49.9507182, "fonte_geocodificacao": "Google Geocoding API", "opm_nome": "ADMINISTRACAO", "opm_descricao": "CPI-4 9.BPM/I 3.CIA PM ADM", "opm_codigo": "604093400" }, "geometry": { "type": "Point", "coordinates": [ -49.9507182, -22.2096328 ] } },
{ "type": "Feature", "properties": { "id_comando": "CPI-4", "nome_comando": "4º Comando de Policiamento do Interior (CPI-4)", "nome_batalhao": "9º BPM/I", "tipo_batalhao": "Interior", "companhia": "3.CIA PM", "pelotao": "CGP", "cidade": "Marilia", "endereco": "AVENIDA NELSOM SPIELMAN, 1240  9ºBPM/I 3ª CIA PM, MARILIA - Marilia", "latitude": -22.2114045, "longitude": -49.9495393, "fonte_geocodificacao": "Google Geocoding API", "opm_nome": "COMANDO GRUPO PATRULHA", "opm_descricao": "CPI-4 9.BPM/I 3.CIA PM CGP", "opm_codigo": "604093500" }, "geometry": { "type": "Point", "coordinates": [ -49.9495393, -22.2114045 ] } },
{ "type": "Feature", "properties": { "id_comando": "CPI-4", "nome_comando": "4º Comando de Policiamento do Interior (CPI-4)", "nome_batalhao": "9º BPM/I", "tipo_batalhao": "Interior", "companhia": "3.CIA PM", "pelotao": "PEL PM", "cidade": "Pompeia", "endereco": "AVENIDA VOLUNTÁRIOS DE POMPÉIA, 215, CENTRO - Pompeia", "latitude": -22.1060594, "longitude": -50.1736915, "fonte_geocodificacao": "Google Geocoding API", "opm_nome": "PELOTAO POLICIAL MILITAR", "opm_descricao": "CPI-4 9.BPM/I 3.CIA PM PEL PM", "opm_codigo": "604093300" }, "geometry": { "type": "Point", "coordinates": [ -50.1736915, -22.1060594 ] } },
{ "type": "Feature", "properties": { "id_comando": "CPI-4", "nome_comando": "4º Comando de Policiamento do Interior (CPI-4)", "nome_batalhao": "9º BPM/I", "tipo_batalhao": "Interior", "companhia": "4.CIA PM", "pelotao": "1.PEL PM", "cidade": "Garca", "endereco": "RUA GETULIO VARGAS, 55, VILA WILLIANS I, II E III - Garca", "latitude": -22.2238167, "longitude": -49.647998, "fonte_geocodificacao": "Google Geocoding API", "opm_nome": "9.BPM/I - 1.PEL PM", "opm_descricao": "CPI-4 9.BPM/I 4.CIA PM 1.PEL PM", "opm_codigo": "604094100" }, "geometry": { "type": "Point", "coordinates": [ -49.647998, -22.2238167 ] } },
{ "type": "Feature", "properties": { "id_comando": "CPI-4", "nome_comando": "4º Comando de Policiamento do Interior (CPI-4)", "nome_batalhao": "9º BPM/I", "tipo_batalhao": "Interior", "companhia": "4.CIA PM", "pelotao": "ADM", "cidade": "Garca", "endereco": "RUA GETÚLIO VARGAS, 55, CENTRO - Garca", "latitude": -22.2238167, "longitude": -49.647998, "fonte_geocodificacao": "Google Geocoding API", "opm_nome": "ADMINISTRACAO", "opm_descricao": "CPI-4 9.BPM/I 4.CIA PM ADM", "opm_codigo": "604094500" }, "geometry": { "type": "Point", "coordinates": [ -49.647998, -22.2238167 ] } },
{ "type": "Feature", "properties": { "id_comando": "CPI-4", "nome_comando": "4º Comando de Policiamento do Interior (CPI-4)", "nome_batalhao": "9º BPM/I", "tipo_batalhao": "Interior", "companhia": "4.CIA PM", "pelotao": "CGP", "cidade": "Palmital", "endereco": "RUA GETÚLIO VARGAS, 55  9ºBPM/I 4ª CIA PM, CENTRO - Palmital", "latitude": -22.7881823, "longitude": -50.2189581, "fonte_geocodificacao": "Google Geocoding API", "opm_nome": "COMANDO GRUPO PATRULHA", "opm_descricao": "CPI-4 9.BPM/I 4.CIA PM CGP", "opm_codigo": "604094600" }, "geometry": { "type": "Point", "coordinates": [ -50.218958099999988, -22.7881823 ] } },
{ "type": "Feature", "properties": { "id_comando": "CPI-4", "nome_comando": "4º Comando de Policiamento do Interior (CPI-4)", "nome_batalhao": "9º BPM/I", "tipo_batalhao": "Interior", "companhia": "5.CIA PM", "pelotao": "ADM", "cidade": "Marilia", "endereco": "AVENIDA BRIGADEIRO EDUARDO GOMES, 369, SAO JOAO - Marilia", "latitude": -22.2096304, "longitude": -49.9367803, "fonte_geocodificacao": "Google Geocoding API", "opm_nome": "ADMINISTRACAO", "opm_descricao": "CPI-4 9.BPM/I 5.CIA PM ADM", "opm_codigo": "604095400" }, "geometry": { "type": "Point", "coordinates": [ -49.9367803, -22.2096304 ] } },
{ "type": "Feature", "properties": { "id_comando": "CPI-4", "nome_comando": "4º Comando de Policiamento do Interior (CPI-4)", "nome_batalhao": "9º BPM/I", "tipo_batalhao": "Interior", "companhia": "5.CIA PM", "pelotao": "CGP", "cidade": "Marilia", "endereco": "RUA CAPITÃO ALBERTO MENDES JÚNIOR, 118  9ºBPM/I 5ª CIA PM, JARDIM REGINA - Marilia", "latitude": -22.2329254, "longitude": -49.9213482, "fonte_geocodificacao": "Google Geocoding API", "opm_nome": "COMANDO GRUPO PATRULHA", "opm_descricao": "CPI-4 9.BPM/I 5.CIA PM CGP", "opm_codigo": "604095500" }, "geometry": { "type": "Point", "coordinates": [ -49.9213482, -22.2329254 ] } },
{ "type": "Feature", "properties": { "id_comando": "CPI-4", "nome_comando": "4º Comando de Policiamento do Interior (CPI-4)", "nome_batalhao": "9º BPM/I", "tipo_batalhao": "Interior", "companhia": "CIA F TAT", "pelotao": "1.PEL F TAT", "cidade": "Marilia", "endereco": "RUA CAPITÃO ALBERTO MENDES JÚNIOR, 118  QUARTEL DO 9º BPM/I, JARDIM VITORIA - Marilia", "latitude": -22.2329254, "longitude": -49.9213482, "fonte_geocodificacao": "Google Geocoding API", "opm_nome": "1.PELOTAO FORCA TATICA", "opm_descricao": "CPI-4 9.BPM/I CIA F TAT 1.PEL F TAT", "opm_codigo": "604096100" }, "geometry": { "type": "Point", "coordinates": [ -49.9213482, -22.2329254 ] } },
{ "type": "Feature", "properties": { "id_comando": "CPI-4", "nome_comando": "4º Comando de Policiamento do Interior (CPI-4)", "nome_batalhao": "9º BPM/I", "tipo_batalhao": "Interior", "companhia": "CIA F TAT", "pelotao": "2.PEL F TAT", "cidade": "Marilia", "endereco": "RUA CAPITÃO ALBERTO MENDES JÚNIOR, 118, JARDIM REGINA - Marilia", "latitude": -22.2329254, "longitude": -49.9213482, "fonte_geocodificacao": "Google Geocoding API", "opm_nome": "2.PELOTAO DE FORCA TATICA", "opm_descricao": "CPI-4 9.BPM/I CIA F TAT 2.PEL F TAT", "opm_codigo": "604096700" }, "geometry": { "type": "Point", "coordinates": [ -49.9213482, -22.2329254 ] } },
{ "type": "Feature", "properties": { "id_comando": "CPI-4", "nome_comando": "4º Comando de Policiamento do Interior (CPI-4)", "nome_batalhao": "9º BPM/I", "tipo_batalhao": "Interior", "companhia": "CIA F TAT", "pelotao": "ADM", "cidade": "Marilia", "endereco": "RUA CAPITÃO ALBERTO MENDES JÚNIOR, 118, JARDIM REGINA - Marilia", "latitude": -22.2329254, "longitude": -49.9213482, "fonte_geocodificacao": "Google Geocoding API", "opm_nome": "ADMINISTRACAO", "opm_descricao": "CPI-4 9.BPM/I CIA F TAT ADM", "opm_codigo": "604096500" }, "geometry": { "type": "Point", "coordinates": [ -49.9213482, -22.2329254 ] } },
{ "type": "Feature", "properties": { "id_comando": "CPI-4", "nome_comando": "4º Comando de Policiamento do Interior (CPI-4)", "nome_batalhao": "9º BPM/I", "tipo_batalhao": "Interior", "companhia": "EM", "pelotao": "AG AREA", "cidade": "Marilia", "endereco": "RUA CAPITÃO ALBERTO MENDES JÚNIOR, 118, JARDIM VITORIA - Marilia", "latitude": -22.2329254, "longitude": -49.9213482, "fonte_geocodificacao": "Google Geocoding API", "opm_nome": "AGENCIA DE AREA", "opm_descricao": "CPI-4 9.BPM/I EM AG AREA", "opm_codigo": "604098200" }, "geometry": { "type": "Point", "coordinates": [ -49.9213482, -22.2329254 ] } },
{ "type": "Feature", "properties": { "id_comando": "CPI-4", "nome_comando": "4º Comando de Policiamento do Interior (CPI-4)", "nome_batalhao": "9º BPM/I", "tipo_batalhao": "Interior", "companhia": "EM", "pelotao": "P/1 P/5", "cidade": "Marilia", "endereco": "RUA CAPITÃO ALBERTO MENDES JÚNIOR, 118, JARDIM REGINA - Marilia", "latitude": -22.2329254, "longitude": -49.9213482, "fonte_geocodificacao": "Google Geocoding API", "opm_nome": "P/1 E P/5", "opm_descricao": "CPI-4 9.BPM/I EM P/1 P/5", "opm_codigo": "604098100" }, "geometry": { "type": "Point", "coordinates": [ -49.9213482, -22.2329254 ] } },
{ "type": "Feature", "properties": { "id_comando": "CPI-4", "nome_comando": "4º Comando de Policiamento do Interior (CPI-4)", "nome_batalhao": "9º BPM/I", "tipo_batalhao": "Interior", "companhia": "EM", "pelotao": "P/3", "cidade": "Marilia", "endereco": "RUA CAPITÃO ALBERTO MENDES JÚNIOR, 118, JARDIM REGINA - Marilia", "latitude": -22.2329254, "longitude": -49.9213482, "fonte_geocodificacao": "Google Geocoding API", "opm_nome": "P/3", "opm_descricao": "CPI-4 9.BPM/I EM P/3", "opm_codigo": "604098300" }, "geometry": { "type": "Point", "coordinates": [ -49.9213482, -22.2329254 ] } },
{ "type": "Feature", "properties": { "id_comando": "CPI-4", "nome_comando": "4º Comando de Policiamento do Interior (CPI-4)", "nome_batalhao": "9º BPM/I", "tipo_batalhao": "Interior", "companhia": "EM", "pelotao": "P/4 E MOTOMEC", "cidade": "Marilia", "endereco": "RUA CAPITÃO ALBERTO MENDES JÚNIOR, 118  QUARTEL, JARDIM VITORIA - Marilia", "latitude": -22.2329254, "longitude": -49.9213482, "fonte_geocodificacao": "Google Geocoding API", "opm_nome": "P/4 E MOTOMEC", "opm_descricao": "CPI-4 9.BPM/I EM P/4 E MOTOMEC", "opm_codigo": "604098400" }, "geometry": { "type": "Point", "coordinates": [ -49.9213482, -22.2329254 ] } },
{ "type": "Feature", "properties": { "id_comando": "CPI-4", "nome_comando": "4º Comando de Policiamento do Interior (CPI-4)", "nome_batalhao": "9º BPM/I", "tipo_batalhao": "Interior", "companhia": "EM", "pelotao": "SEC PJMD", "cidade": "Marilia", "endereco": "RUA CAPITÃO ALBERTO MENDES JÚNIOR, 118  QUARTEL, JARDIM VITORIA - Marilia", "latitude": -22.2329254, "longitude": -49.9213482, "fonte_geocodificacao": "Google Geocoding API", "opm_nome": "SECAO DE POLICIA JUDICIARIA MILITAR E DISCIPLINAR", "opm_descricao": "CPI-4 9.BPM/I EM SEC PJMD", "opm_codigo": "604098600" }, "geometry": { "type": "Point", "coordinates": [ -49.9213482, -22.2329254 ] } },
{ "type": "Feature", "properties": { "id_comando": "CPI-4", "nome_comando": "4º Comando de Policiamento do Interior (CPI-4)", "nome_batalhao": "9º BPM/I", "tipo_batalhao": "Interior", "companhia": "EM", "pelotao": "UIS", "cidade": "Marilia", "endereco": "RUA CAPITÃO ALBERTO MENDES JÚNIOR, 118  QUARTEL DO 9º BPM/I, JARDIM VITORIA - Marilia", "latitude": -22.2329254, "longitude": -49.9213482, "fonte_geocodificacao": "Google Geocoding API", "opm_nome": "UNIDADE INTEGRADA DE SAUDE", "opm_descricao": "CPI-4 9.BPM/I EM UIS", "opm_codigo": "604098800" }, "geometry": { "type": "Point", "coordinates": [ -49.9213482, -22.2329254 ] } },
{ "type": "Feature", "properties": { "id_comando": "CPA/M-3", "nome_comando": "3º Comando de Policiamento de Área Metropolitana (CPA/M-3)", "nome_batalhao": "9º BPM/M", "tipo_batalhao": "Metropolitano", "companhia": "1.CIA PM", "pelotao": "TERRITORIAL", "cidade": "Sao Paulo", "endereco": "AVENIDA CASA VERDE, 677, CASA VERDE - Sao Paulo", "latitude": -23.5004626, "longitude": -46.6494316, "fonte_geocodificacao": "Google Geocoding API", "opm_nome": "1. COMPANHIA DE POLICIA MILITAR", "opm_descricao": "CPA/M-3 9.BPM/M 1.CIA PM TERRITORIAL", "opm_codigo": "503091000" }, "geometry": { "type": "Point", "coordinates": [ -46.6494316, -23.5004626 ] } },
{ "type": "Feature", "properties": { "id_comando": "CPA/M-3", "nome_comando": "3º Comando de Policiamento de Área Metropolitana (CPA/M-3)", "nome_batalhao": "9º BPM/M", "tipo_batalhao": "Metropolitano", "companhia": "2.CIA PM", "pelotao": "TERRITORIAL", "cidade": "Sao Paulo", "endereco": "AVENIDA GASPAR VAZ DA CUNHA, 113, LIMAO - Sao Paulo", "latitude": -23.4940483, "longitude": -46.6778864, "fonte_geocodificacao": "Google Geocoding API", "opm_nome": "2. COMPANHIA DE POLICIA MILITAR", "opm_descricao": "CPA/M-3 9.BPM/M 2.CIA PM TERRITORIAL", "opm_codigo": "503092000" }, "geometry": { "type": "Point", "coordinates": [ -46.6778864, -23.4940483 ] } },
{ "type": "Feature", "properties": { "id_comando": "CPA/M-3", "nome_comando": "3º Comando de Policiamento de Área Metropolitana (CPA/M-3)", "nome_batalhao": "9º BPM/M", "tipo_batalhao": "Metropolitano", "companhia": "3.CIA PM", "pelotao": "TERRITORIAL", "cidade": "Sao Paulo", "endereco": "AVENIDA PARADA PINTO, 3132, CACHOEIRINHA - Sao Paulo", "latitude": -23.4668698, "longitude": -46.6403953, "fonte_geocodificacao": "Google Geocoding API", "opm_nome": "3. COMPANHIA DE POLICIA MILITAR", "opm_descricao": "CPA/M-3 9.BPM/M 3.CIA PM TERRITORIAL", "opm_codigo": "503096000" }, "geometry": { "type": "Point", "coordinates": [ -46.640395299999987, -23.4668698 ] } },
{ "type": "Feature", "properties": { "id_comando": "CPA/M-3", "nome_comando": "3º Comando de Policiamento de Área Metropolitana (CPA/M-3)", "nome_batalhao": "9º BPM/M", "tipo_batalhao": "Metropolitano", "companhia": "4.CIA PM", "pelotao": "TERRITORIAL", "cidade": "Sao Paulo", "endereco": "RUA SAO GONCALO DO ABAETE, 571, BRASILANDIA - Sao Paulo", "latitude": -23.4613854, "longitude": -46.6791149, "fonte_geocodificacao": "Google Geocoding API", "opm_nome": "4. COMPANHIA DE POLICIA MILITAR", "opm_descricao": "CPA/M-3 9.BPM/M 4.CIA PM TERRITORIAL", "opm_codigo": "503097000" }, "geometry": { "type": "Point", "coordinates": [ -46.6791149, -23.4613854 ] } }
]
}
