{
"type": "FeatureCollection",
"name": "foros_sedes_sp",
"features": [
{ "type": "Feature", "properties": { "ID Foro": 3500105.0, "Nome do Foro": "Adamantina", "Endereco": "Avenida Ademar de Barros , 133 - Centro, 17800-000", "Nome da CJ": "Tupã", "ID CJ": 30.0, "Nome da RAJ": "5ª RAJ Presidente Prudente", "Cidades no Foro": "Adamantina, Mariápolis", "Cidades na CJ": "Adamantina, Arco-Íris, Bastos, Flórida Paulista, Herculândia, Iacri, Inúbia Paulista, Lucélia, Mariápolis, Osvaldo Cruz, Parapuã, Pracinha, Queiroz, Rinópolis, Sagres, Salmourão, Tupã", "Populacao Municipio Sede": 34687 }, "geometry": { "type": "Point", "coordinates": [ -51.056812445653414, -21.576695151888305 ] } },
{ "type": "Feature", "properties": { "ID Foro": 3500303.0, "Nome do Foro": "Aguaí", "Endereco": "Rua Joaquim Paula Cruz , 900 - Jd. Sta. Úrsula, 13863-044", "Nome da CJ": "São João da Boa Vista", "ID CJ": 50.0, "Nome da RAJ": "4ª RAJ Campinas", "Cidades no Foro": "Aguaí", "Cidades na CJ": "Aguaí, Espírito Santo do Pinhal, Santo Antônio do Jardim, São João da Boa Vista, Vargem Grande do Sul, Águas da Prata", "Populacao Municipio Sede": 32072 }, "geometry": { "type": "Point", "coordinates": [ -47.040328913184439, -22.049949649172998 ] } },
{ "type": "Feature", "properties": { "ID Foro": 3500709.0, "Nome do Foro": "Agudos", "Endereco": "Rua Paulo Nelli , 276 - Vila Andreotti, 17120-370", "Nome da CJ": "Bauru", "ID CJ": 32.0, "Nome da RAJ": "3ª RAJ Bauru", "Cidades no Foro": "Agudos, Paulistânia", "Cidades na CJ": "Agudos, Arealva, Avaí, Balbinos, Bauru, Borebi, Cabrália Paulista, Duartina, Lençóis Paulista, Lucianópolis, Paulistânia, Pirajuí, Piratininga, Pongaí, Presidente Alves, Reginópolis, Ubirajara, Uru", "Populacao Municipio Sede": 37680 }, "geometry": { "type": "Point", "coordinates": [ -49.108745175740339, -22.571924916922669 ] } },
{ "type": "Feature", "properties": { "ID Foro": 3501004.0, "Nome do Foro": "Altinópolis", "Endereco": "Avenida Doutor Alberto Crivelenti , 555 - Centro, 14350-005", "Nome da CJ": "Batatais", "ID CJ": 39.0, "Nome da RAJ": "6ª RAJ Ribeirão Preto", "Cidades no Foro": "Altinópolis, Santo Antônio da Alegria", "Cidades na CJ": "Altinópolis, Batatais, Brodowski, Morro Agudo, Nuporanga, Orlândia, Sales Oliveira, Santo Antônio da Alegria", "Populacao Municipio Sede": 16818 }, "geometry": { "type": "Point", "coordinates": [ -47.386230467667289, -21.018030684452601 ] } },
{ "type": "Feature", "properties": { "ID Foro": 3501608.0, "Nome do Foro": "Americana", "Endereco": "Avenida Brasil Sul , 2669 - Parque Res. Nardini, 13468-390", "Nome da CJ": "Americana", "ID CJ": 53.0, "Nome da RAJ": "4ª RAJ Campinas", "Cidades no Foro": "Americana", "Cidades na CJ": "Americana, Hortolândia, Nova Odessa, Santa Bárbara d'Oeste, Sumaré", "Populacao Municipio Sede": 237240 }, "geometry": { "type": "Point", "coordinates": [ -47.289106161757132, -22.723245297674573 ] } },
{ "type": "Feature", "properties": { "ID Foro": 3501905.0, "Nome do Foro": "Amparo", "Endereco": "Praça Tenente José Ferraz de Oliveira , 55 - Centro, 13900-900", "Nome da CJ": "Amparo", "ID CJ": 54.0, "Nome da RAJ": "4ª RAJ Campinas", "Cidades no Foro": "Amparo, Monte Alegre do Sul", "Cidades na CJ": "Amparo, Jaguariúna, Lindóia, Monte Alegre do Sul, Pedreira, Santo Antônio de Posse, Serra Negra, Socorro, Águas de Lindóia", "Populacao Municipio Sede": 68008 }, "geometry": { "type": "Point", "coordinates": [ -46.798714032867565, -22.699126517157588 ] } },
{ "type": "Feature", "properties": { "ID Foro": 3501707.0, "Nome do Foro": "Américo Brasiliense", "Endereco": "Rua D. Pedro II , 65 - Centro, 14820-000", "Nome da CJ": "Araraquara", "ID CJ": 13.0, "Nome da RAJ": "6ª RAJ Ribeirão Preto", "Cidades no Foro": "Américo Brasiliense, Motuca, Rincão, Santa Lúcia", "Cidades na CJ": "Américo Brasiliense, Araraquara, Borborema, Dobrada, Gavião Peixoto, Iacanga, Ibitinga, Itápolis, Matão, Motuca, Nova Europa, Rincão, Santa Lúcia, Tabatinga", "Populacao Municipio Sede": 33019 }, "geometry": { "type": "Point", "coordinates": [ -48.032366372665919, -21.722318557494347 ] } },
{ "type": "Feature", "properties": { "ID Foro": 3502101.0, "Nome do Foro": "Andradina", "Endereco": "Rua Paes Leme , 2052 - Stella Maris, 16901-907", "Nome da CJ": "Andradina", "ID CJ": 37.0, "Nome da RAJ": "2ª RAJ Araçatuba", "Cidades no Foro": "Andradina, Castilho, Murutinga do Sul, Nova Independência", "Cidades na CJ": "Andradina, Castilho, Guaraçaí, Ilha Solteira, Itapura, Lavínia, Mirandópolis, Murutinga do Sul, Nova Independência, Pereira Barreto, Sud Mennucci, Suzanápolis", "Populacao Municipio Sede": 59783 }, "geometry": { "type": "Point", "coordinates": [ -51.329727883803223, -20.835605724040704 ] } },
{ "type": "Feature", "properties": { "ID Foro": 3502200.0, "Nome do Foro": "Angatuba", "Endereco": "Rua Públio de Almeida Melo , 832 - Centro, 18240-000", "Nome da CJ": "Itapetininga", "ID CJ": 22.0, "Nome da RAJ": "10ª RAJ Sorocaba", "Cidades no Foro": "Angatuba, Campina do Monte Alegre", "Cidades na CJ": "Alambari, Angatuba, Bofete, Campina do Monte Alegre, Capela do Alto, Capão Bonito, Cesário Lange, Guapiara, Guareí, Itapetininga, Porangaba, Quadra, Ribeirão Grande, Sarapuí, São Miguel Arcanjo, Tatuí, Torre de Pedra", "Populacao Municipio Sede": 24022 }, "geometry": { "type": "Point", "coordinates": [ -48.459328173024673, -23.436845924831584 ] } },
{ "type": "Feature", "properties": { "ID Foro": 3502507.0, "Nome do Foro": "Aparecida", "Endereco": "Avenida Padroeira do Brasil , 180 - São Roque, 12573-276", "Nome da CJ": "Guaratinguetá", "ID CJ": 48.0, "Nome da RAJ": "9ª RAJ São José dos Campos", "Cidades no Foro": "Aparecida, Potim", "Cidades na CJ": "Aparecida, Arapeí, Areias, Bananal, Cachoeira Paulista, Canas, Cruzeiro, Cunha, Guaratinguetá, Lavrinhas, Lorena, Piquete, Potim, Queluz, Roseira, Silveiras, São José do Barreiro", "Populacao Municipio Sede": 32569 }, "geometry": { "type": "Point", "coordinates": [ -45.237219519445574, -22.914206366020995 ] } },
{ "type": "Feature", "properties": { "ID Foro": 3502705.0, "Nome do Foro": "Apiaí", "Endereco": "Praça Francisco Xavier da Rocha , 182 - Centro, 18320-000", "Nome da CJ": "Itapeva", "ID CJ": 49.0, "Nome da RAJ": "10ª RAJ Sorocaba", "Cidades no Foro": "Apiaí, Barra do Chapéu, Itapirapuã Paulista, Itaóca, Ribeira", "Cidades na CJ": "Apiaí, Barra do Chapéu, Barão de Antonina, Bom Sucesso de Itararé, Buri, Itaberá, Itapeva, Itapirapuã Paulista, Itaporanga, Itararé, Itaóca, Nova Campina, Ribeira, Ribeirão Branco, Riversul, Taquarivaí", "Populacao Municipio Sede": 24585 }, "geometry": { "type": "Point", "coordinates": [ -48.817372200286705, -24.421467380540186 ] } },
{ "type": "Feature", "properties": { "ID Foro": 3503208.0, "Nome do Foro": "Araraquara", "Endereco": "Rua dos Libaneses , 1998 - Carmo, 14801-425", "Nome da CJ": "Araraquara", "ID CJ": 13.0, "Nome da RAJ": "6ª RAJ Ribeirão Preto", "Cidades no Foro": "Araraquara, Gavião Peixoto, Nova Europa", "Cidades na CJ": "Américo Brasiliense, Araraquara, Borborema, Dobrada, Gavião Peixoto, Iacanga, Ibitinga, Itápolis, Matão, Motuca, Nova Europa, Rincão, Santa Lúcia, Tabatinga", "Populacao Municipio Sede": 242228 }, "geometry": { "type": "Point", "coordinates": [ -48.181323820515914, -21.791630848881979 ] } },
{ "type": "Feature", "properties": { "ID Foro": 3503307.0, "Nome do Foro": "Araras", "Endereco": "Avenida Antônio Prudente , 322 - Jd. Universitário, 13607-335", "Nome da CJ": "Limeira", "ID CJ": 10.0, "Nome da RAJ": "4ª RAJ Campinas", "Cidades no Foro": "Araras", "Cidades na CJ": "Araras, Cordeirópolis, Iracemápolis, Limeira", "Populacao Municipio Sede": 130866 }, "geometry": { "type": "Point", "coordinates": [ -47.32385729530246, -22.346162293409549 ] } },
{ "type": "Feature", "properties": { "ID Foro": 3502804.0, "Nome do Foro": "Araçatuba", "Endereco": "Praça Doutor Maurício Martins Leite , 60 - Vila São Paulo, 16015-600", "Nome da CJ": "Araçatuba", "ID CJ": 36.0, "Nome da RAJ": "2ª RAJ Araçatuba", "Cidades no Foro": "Araçatuba, Santo Antônio do Aracanguá", "Cidades na CJ": "Alto Alegre, Araçatuba, Avanhandava, Barbosa, Bento de Abreu, Bilac, Birigui, Braúna, Brejo Alegre, Buritama, Clementina, Coroados, Gabriel Monteiro, Glicério, Guararapes, Lourdes, Luiziânia, Penápolis, Piacatu, Planalto, Rubiácea, Santo Antônio do Aracanguá, Santópolis do Aguapeí, Turiúba, Valparaíso, Zacarias", "Populacao Municipio Sede": 200124 }, "geometry": { "type": "Point", "coordinates": [ -50.574492456687608, -21.113865960040386 ] } },
{ "type": "Feature", "properties": { "ID Foro": 3503802.0, "Nome do Foro": "Artur Nogueira", "Endereco": "Rua 13 de Maio , 140/150 - Centro, 13160-170", "Nome da CJ": "Mogi Mirim", "ID CJ": 7.0, "Nome da RAJ": "4ª RAJ Campinas", "Cidades no Foro": "Artur Nogueira, Engenheiro Coelho, Holambra", "Cidades na CJ": "Artur Nogueira, Conchal, Engenheiro Coelho, Estiva Gerbi, Holambra, Itapira, Mogi Guaçu, Mogi Mirim", "Populacao Municipio Sede": 51456 }, "geometry": { "type": "Point", "coordinates": [ -47.132156814443142, -22.561187581845694 ] } },
{ "type": "Feature", "properties": { "ID Foro": 3503901.0, "Nome do Foro": "Arujá", "Endereco": "Rua Albino Rodrigues Neves , 585 - Center Ville, 07401-125", "Nome da CJ": "Guarulhos", "ID CJ": 44.0, "Nome da RAJ": "1ª RAJ Grande São Paulo", "Cidades no Foro": "Arujá", "Cidades na CJ": "Arujá, Guarulhos, Igaratá, Mairiporã, Santa Isabel", "Populacao Municipio Sede": 86678 }, "geometry": { "type": "Point", "coordinates": [ -46.319035002988109, -23.386006966979739 ] } },
{ "type": "Feature", "properties": { "ID Foro": 3504008.0, "Nome do Foro": "Assis", "Endereco": "Rua Doutor Lício Brandão de Camargo , 50 - Vila Clementina, 19802-300", "Nome da CJ": "Assis", "ID CJ": 26.0, "Nome da RAJ": "5ª RAJ Presidente Prudente", "Cidades no Foro": "Assis, Echaporã, Florínia, Tarumã", "Cidades na CJ": "Assis, Borá, Campos Novos Paulista, Cruzália, Cândido Mota, Echaporã, Florínia, Ibirarema, João Ramalho, Lutécia, Maracaí, Oscar Bressane, Palmital, Paraguaçu Paulista, Pedrinhas Paulista, Platina, Quatá, Tarumã", "Populacao Municipio Sede": 101409 }, "geometry": { "type": "Point", "coordinates": [ -50.420761155060511, -22.601732995882681 ] } },
{ "type": "Feature", "properties": { "ID Foro": 3504107.0, "Nome do Foro": "Atibaia", "Endereco": "Rua Doutor José Roberto Paim , 99 - Parque dos Coqueiros, 12945-007", "Nome da CJ": "Bragança Paulista", "ID CJ": 6.0, "Nome da RAJ": "4ª RAJ Campinas", "Cidades no Foro": "Atibaia", "Cidades na CJ": "Atibaia, Bom Jesus dos Perdões, Bragança Paulista, Jarinu, Joanópolis, Nazaré Paulista, Pedra Bela, Pinhalzinho, Piracaia, Tuiuti, Vargem", "Populacao Municipio Sede": 158647 }, "geometry": { "type": "Point", "coordinates": [ -46.58678903900698, -23.123277247572176 ] } },
{ "type": "Feature", "properties": { "ID Foro": 3504206.0, "Nome do Foro": "Auriflama", "Endereco": "Rua Doutor Márcio da Mata Bianco , 52/25 - centro, 15350-000", "Nome da CJ": "Jales", "ID CJ": 55.0, "Nome da RAJ": "2ª RAJ Araçatuba", "Cidades no Foro": "Auriflama, Guzolândia", "Cidades na CJ": "Aparecida d'Oeste, Aspásia, Auriflama, Dirce Reis, Guzolândia, Jales, Marinópolis, Mesópolis, Nova Canaã Paulista, Palmeira d'Oeste, Paranapuã, Pontalinda, Rubinéia, Santa Albertina, Santa Clara d'Oeste, Santa Fé do Sul, Santa Rita d'Oeste, Santa Salete, Santana da Ponte Pensa, São Francisco, Três Fronteiras, Urânia, Vitória Brasil", "Populacao Municipio Sede": 13692 }, "geometry": { "type": "Point", "coordinates": [ -50.579955333538045, -20.644145665799488 ] } },
{ "type": "Feature", "properties": { "ID Foro": 3504503.0, "Nome do Foro": "Avaré", "Endereco": "Rua: ABILIO GARCIA , 527 - Vila Jussara Maria, 18706-040", "Nome da CJ": "Avaré", "ID CJ": 24.0, "Nome da RAJ": "3ª RAJ Bauru", "Cidades no Foro": "Arandu, Avaré", "Cidades na CJ": "Arandu, Avaré, Cerqueira César, Coronel Macedo, Fartura, Iaras, Itaí, Paranapanema, Taguaí, Taquarituba, Águas de Santa Bárbara", "Populacao Municipio Sede": 6885 }, "geometry": { "type": "Point", "coordinates": [ -49.064022798365471, -23.17769301399181 ] } },
{ "type": "Feature", "properties": { "ID Foro": 3504909.0, "Nome do Foro": "Bananal", "Endereco": "Praça Rubião Jr. 305 , 305 - Centro, 12850-000", "Nome da CJ": "Guaratinguetá", "ID CJ": 48.0, "Nome da RAJ": "9ª RAJ São José dos Campos", "Cidades no Foro": "Arapeí, Bananal, São José do Barreiro", "Cidades na CJ": "Aparecida, Arapeí, Areias, Bananal, Cachoeira Paulista, Canas, Cruzeiro, Cunha, Guaratinguetá, Lavrinhas, Lorena, Piquete, Potim, Queluz, Roseira, Silveiras, São José do Barreiro", "Populacao Municipio Sede": 2330 }, "geometry": { "type": "Point", "coordinates": [ -44.438610638857689, -22.672931269734363 ] } },
{ "type": "Feature", "properties": { "ID Foro": 3505203.0, "Nome do Foro": "Bariri", "Endereco": "Avenida Claudionor Barbieri nº 488 ,  - Centro, 17250-027", "Nome da CJ": "Jaú", "ID CJ": 33.0, "Nome da RAJ": "3ª RAJ Bauru", "Cidades no Foro": "Bariri, Itaju", "Cidades na CJ": "Bariri, Barra Bonita, Bocaina, Boracéia, Dois Córregos, Igaraçu do Tietê, Itaju, Itapuí, Jaú, Macatuba, Mineiros do Tietê, Pederneiras", "Populacao Municipio Sede": 31595 }, "geometry": { "type": "Point", "coordinates": [ -48.718829121216423, -22.066797210325753 ] } },
{ "type": "Feature", "properties": { "ID Foro": 3505302.0, "Nome do Foro": "Barra Bonita", "Endereco": "Rua Prudente de Moraes - Praça Emydio Meira , 520 - Jardim Vista Alegre, 17340-102", "Nome da CJ": "Jaú", "ID CJ": 33.0, "Nome da RAJ": "3ª RAJ Bauru", "Cidades no Foro": "Barra Bonita, Igaraçu do Tietê", "Cidades na CJ": "Bariri, Barra Bonita, Bocaina, Boracéia, Dois Córregos, Igaraçu do Tietê, Itaju, Itapuí, Jaú, Macatuba, Mineiros do Tietê, Pederneiras", "Populacao Municipio Sede": 34346 }, "geometry": { "type": "Point", "coordinates": [ -48.541756337972721, -22.479482493867387 ] } },
{ "type": "Feature", "properties": { "ID Foro": 3505500.0, "Nome do Foro": "Barretos", "Endereco": "Avenida Centenário da Abolição , 1500 - América, 14783-195", "Nome da CJ": "Barretos", "ID CJ": 14.0, "Nome da RAJ": "8ª RAJ São José do Rio Preto", "Cidades no Foro": "Barretos, Colômbia", "Cidades na CJ": "Altair, Barretos, Bebedouro, Cajobi, Colina, Colômbia, Embaúba, Guaraci, Guaíra, Jaborandi, Monte Azul Paulista, Olímpia, Paraíso, Severínia, Terra Roxa, Viradouro", "Populacao Municipio Sede": 122485 }, "geometry": { "type": "Point", "coordinates": [ -48.651946251036421, -20.514159236060067 ] } },
{ "type": "Feature", "properties": { "ID Foro": 3505708.0, "Nome do Foro": "Barueri", "Endereco": "Rua Ministro Raphael de Barros Monteiro , 110 - Jardim dos Camargos, 06410080", "Nome da CJ": "Osasco", "ID CJ": 4.0, "Nome da RAJ": "1ª RAJ Grande São Paulo", "Cidades no Foro": "Barueri", "Cidades na CJ": "Barueri, Carapicuíba, Jandira, Osasco, Pirapora do Bom Jesus, Santana de Parnaíba", "Populacao Municipio Sede": 316473 }, "geometry": { "type": "Point", "coordinates": [ -46.877262261679462, -23.505281144747251 ] } },
{ "type": "Feature", "properties": { "ID Foro": 3505807.0, "Nome do Foro": "Bastos", "Endereco": "Rua XV de Novembro , 50 - Jardim Hikari, 17690-000", "Nome da CJ": "Tupã", "ID CJ": 30.0, "Nome da RAJ": "5ª RAJ Presidente Prudente", "Cidades no Foro": "Bastos, Iacri", "Cidades na CJ": "Adamantina, Arco-Íris, Bastos, Flórida Paulista, Herculândia, Iacri, Inúbia Paulista, Lucélia, Mariápolis, Osvaldo Cruz, Parapuã, Pracinha, Queiroz, Rinópolis, Sagres, Salmourão, Tupã", "Populacao Municipio Sede": 21503 }, "geometry": { "type": "Point", "coordinates": [ -50.743985565256672, -21.950215380270784 ] } },
{ "type": "Feature", "properties": { "ID Foro": 3505906.0, "Nome do Foro": "Batatais", "Endereco": "Praça Doutor José Arantes Junqueira , 01 - Centro, 14300-023", "Nome da CJ": "Batatais", "ID CJ": 39.0, "Nome da RAJ": "6ª RAJ Ribeirão Preto", "Cidades no Foro": "Batatais", "Cidades na CJ": "Altinópolis, Batatais, Brodowski, Morro Agudo, Nuporanga, Orlândia, Sales Oliveira, Santo Antônio da Alegria", "Populacao Municipio Sede": 58402 }, "geometry": { "type": "Point", "coordinates": [ -47.574749152674762, -20.867797330288386 ] } },
{ "type": "Feature", "properties": { "ID Foro": 3506003.0, "Nome do Foro": "Bauru", "Endereco": "Rua Afonso Pena , 5-40 - Bela Vista, 17060-900", "Nome da CJ": "Bauru", "ID CJ": 32.0, "Nome da RAJ": "3ª RAJ Bauru", "Cidades no Foro": "Arealva, Avaí, Bauru", "Cidades na CJ": "Agudos, Arealva, Avaí, Balbinos, Bauru, Borebi, Cabrália Paulista, Duartina, Lençóis Paulista, Lucianópolis, Paulistânia, Pirajuí, Piratininga, Pongaí, Presidente Alves, Reginópolis, Ubirajara, Uru", "Populacao Municipio Sede": 8130 }, "geometry": { "type": "Point", "coordinates": [ -48.981889391604533, -22.076287855352579 ] } },
{ "type": "Feature", "properties": { "ID Foro": 3506102.0, "Nome do Foro": "Bebedouro", "Endereco": "Avenida Oswaldo Perrone , 218 - Parque Eldorado, 14706-136", "Nome da CJ": "Barretos", "ID CJ": 14.0, "Nome da RAJ": "8ª RAJ São José do Rio Preto", "Cidades no Foro": "Bebedouro", "Cidades na CJ": "Altair, Barretos, Bebedouro, Cajobi, Colina, Colômbia, Embaúba, Guaraci, Guaíra, Jaborandi, Monte Azul Paulista, Olímpia, Paraíso, Severínia, Terra Roxa, Viradouro", "Populacao Municipio Sede": 76373 }, "geometry": { "type": "Point", "coordinates": [ -48.510750396914212, -20.940469192385677 ] } },
{ "type": "Feature", "properties": { "ID Foro": 3506359.0, "Nome do Foro": "Bertioga", "Endereco": "Avenida Anchieta , 162/192 - Centro, 11250-039", "Nome da CJ": "Santos", "ID CJ": 1.0, "Nome da RAJ": "7ª RAJ Santos", "Cidades no Foro": "Bertioga", "Cidades na CJ": "Bertioga, Cubatão, Guarujá, Praia Grande, Santos, São Vicente", "Populacao Municipio Sede": 64188 }, "geometry": { "type": "Point", "coordinates": [ -46.02999978005262, -23.759745361741807 ] } },
{ "type": "Feature", "properties": { "ID Foro": 3506409.0, "Nome do Foro": "Bilac", "Endereco": "Rua Olavo Bilac , 466 - Centro, 16210-000", "Nome da CJ": "Araçatuba", "ID CJ": 36.0, "Nome da RAJ": "2ª RAJ Araçatuba", "Cidades no Foro": "Bilac, Gabriel Monteiro, Piacatu", "Cidades na CJ": "Alto Alegre, Araçatuba, Avanhandava, Barbosa, Bento de Abreu, Bilac, Birigui, Braúna, Brejo Alegre, Buritama, Clementina, Coroados, Gabriel Monteiro, Glicério, Guararapes, Lourdes, Luiziânia, Penápolis, Piacatu, Planalto, Rubiácea, Santo Antônio do Aracanguá, Santópolis do Aguapeí, Turiúba, Valparaíso, Zacarias", "Populacao Municipio Sede": 7319 }, "geometry": { "type": "Point", "coordinates": [ -50.479257524885895, -21.427784634718797 ] } },
{ "type": "Feature", "properties": { "ID Foro": 3506508.0, "Nome do Foro": "Birigui", "Endereco": "Rua Faustino Segura , 214 - Parque São Vicente, 16200-370", "Nome da CJ": "Araçatuba", "ID CJ": 36.0, "Nome da RAJ": "2ª RAJ Araçatuba", "Cidades no Foro": "Birigui, Brejo Alegre, Clementina, Coroados, Santópolis do Aguapeí", "Cidades na CJ": "Alto Alegre, Araçatuba, Avanhandava, Barbosa, Bento de Abreu, Bilac, Birigui, Braúna, Brejo Alegre, Buritama, Clementina, Coroados, Gabriel Monteiro, Glicério, Guararapes, Lourdes, Luiziânia, Penápolis, Piacatu, Planalto, Rubiácea, Santo Antônio do Aracanguá, Santópolis do Aguapeí, Turiúba, Valparaíso, Zacarias", "Populacao Municipio Sede": 118979 }, "geometry": { "type": "Point", "coordinates": [ -50.350988803810999, -21.261609517109836 ] } },
{ "type": "Feature", "properties": { "ID Foro": 3507001.0, "Nome do Foro": "Boituva", "Endereco": "Rua Manoel dos Santos Freire , 161 - Centro, 18550-073", "Nome da CJ": "Itu", "ID CJ": 20.0, "Nome da RAJ": "10ª RAJ Sorocaba", "Cidades no Foro": "Boituva, Iperó", "Cidades na CJ": "Boituva, Cabreúva, Indaiatuba, Iperó, Itu, Porto Feliz, Salto", "Populacao Municipio Sede": 61081 }, "geometry": { "type": "Point", "coordinates": [ -47.674940102138699, -23.287595475603581 ] } },
{ "type": "Feature", "properties": { "ID Foro": 3507407.0, "Nome do Foro": "Borborema", "Endereco": "Rua Joaquim Martins Carvalho , 676 - Centro, 14955-000", "Nome da CJ": "Araraquara", "ID CJ": 13.0, "Nome da RAJ": "6ª RAJ Ribeirão Preto", "Cidades no Foro": "Borborema", "Cidades na CJ": "Américo Brasiliense, Araraquara, Borborema, Dobrada, Gavião Peixoto, Iacanga, Ibitinga, Itápolis, Matão, Motuca, Nova Europa, Rincão, Santa Lúcia, Tabatinga", "Populacao Municipio Sede": 14226 }, "geometry": { "type": "Point", "coordinates": [ -49.071994217736162, -21.610788219033367 ] } },
{ "type": "Feature", "properties": { "ID Foro": 3507506.0, "Nome do Foro": "Botucatu", "Endereco": "Praça Iole Dinucci Fernandes , s/nº - Jardim Rivieira, 18606-572", "Nome da CJ": "Botucatu", "ID CJ": 23.0, "Nome da RAJ": "3ª RAJ Bauru", "Cidades no Foro": "Botucatu, Pardinho", "Cidades na CJ": "Anhembi, Areiópolis, Botucatu, Conchas, Itatinga, Pardinho, Pereiras, Pratânia, São Manuel", "Populacao Municipio Sede": 145155 }, "geometry": { "type": "Point", "coordinates": [ -48.468329454913601, -22.863442205116957 ] } },
{ "type": "Feature", "properties": { "ID Foro": 3507605.0, "Nome do Foro": "Bragança Paulista", "Endereco": "Avenida dos Imigrantes , 1501 - Jd. America, 12902-000", "Nome da CJ": "Bragança Paulista", "ID CJ": 6.0, "Nome da RAJ": "4ª RAJ Campinas", "Cidades no Foro": "Bragança Paulista, Pedra Bela, Tuiuti, Vargem", "Cidades na CJ": "Atibaia, Bom Jesus dos Perdões, Bragança Paulista, Jarinu, Joanópolis, Nazaré Paulista, Pedra Bela, Pinhalzinho, Piracaia, Tuiuti, Vargem", "Populacao Municipio Sede": 176811 }, "geometry": { "type": "Point", "coordinates": [ -46.555949879414001, -22.938347735956711 ] } },
{ "type": "Feature", "properties": { "ID Foro": 3507803.0, "Nome do Foro": "Brodowski", "Endereco": "Avenida Papa João XXIII, 1550 , 1550 - Jd. Champagnat, 14340-000", "Nome da CJ": "Batatais", "ID CJ": 39.0, "Nome da RAJ": "6ª RAJ Ribeirão Preto", "Cidades no Foro": "Brodowski", "Cidades na CJ": "Altinópolis, Batatais, Brodowski, Morro Agudo, Nuporanga, Orlândia, Sales Oliveira, Santo Antônio da Alegria", "Populacao Municipio Sede": 25201 }, "geometry": { "type": "Point", "coordinates": [ -47.627771920044843, -21.049526568961763 ] } },
{ "type": "Feature", "properties": { "ID Foro": 3507902.0, "Nome do Foro": "Brotas", "Endereco": "Praça Nove de Julho , 26 - Centro, 17380-000", "Nome da CJ": "Rio Claro", "ID CJ": 9.0, "Nome da RAJ": "4ª RAJ Campinas", "Cidades no Foro": "Brotas, Torrinha", "Cidades na CJ": "Analândia, Brotas, Corumbataí, Ipeúna, Itirapina, Rio Claro, Santa Gertrudes, Torrinha", "Populacao Municipio Sede": 23898 }, "geometry": { "type": "Point", "coordinates": [ -48.081215436022063, -22.273287624091111 ] } },
{ "type": "Feature", "properties": { "ID Foro": 3508009.0, "Nome do Foro": "Buri", "Endereco": "Rua Carlos Alberto Pereira Júnior , 549 - Vila Sene, 18290-000", "Nome da CJ": "Itapeva", "ID CJ": 49.0, "Nome da RAJ": "10ª RAJ Sorocaba", "Cidades no Foro": "Buri", "Cidades na CJ": "Apiaí, Barra do Chapéu, Barão de Antonina, Bom Sucesso de Itararé, Buri, Itaberá, Itapeva, Itapirapuã Paulista, Itaporanga, Itararé, Itaóca, Nova Campina, Ribeira, Ribeirão Branco, Riversul, Taquarivaí", "Populacao Municipio Sede": 20250 }, "geometry": { "type": "Point", "coordinates": [ -48.575314062279048, -23.752043527311034 ] } },
{ "type": "Feature", "properties": { "ID Foro": 3508108.0, "Nome do Foro": "Buritama", "Endereco": "Avenida Frei Marcelo Manilia , 739 - Centro, 15290-000", "Nome da CJ": "Araçatuba", "ID CJ": 36.0, "Nome da RAJ": "2ª RAJ Araçatuba", "Cidades no Foro": "Buritama, Lourdes, Planalto, Turiúba, Zacarias", "Cidades na CJ": "Alto Alegre, Araçatuba, Avanhandava, Barbosa, Bento de Abreu, Bilac, Birigui, Braúna, Brejo Alegre, Buritama, Clementina, Coroados, Gabriel Monteiro, Glicério, Guararapes, Lourdes, Luiziânia, Penápolis, Piacatu, Planalto, Rubiácea, Santo Antônio do Aracanguá, Santópolis do Aguapeí, Turiúba, Valparaíso, Zacarias", "Populacao Municipio Sede": 17210 }, "geometry": { "type": "Point", "coordinates": [ -50.200223959610859, -21.049110632537641 ] } },
{ "type": "Feature", "properties": { "ID Foro": 3508405.0, "Nome do Foro": "Cabreúva", "Endereco": "Rua Adhemar Clemente Nunes , 11 - Jacaré, 13318-136", "Nome da CJ": "Itu", "ID CJ": 20.0, "Nome da RAJ": "10ª RAJ Sorocaba", "Cidades no Foro": "Cabreúva", "Cidades na CJ": "Boituva, Cabreúva, Indaiatuba, Iperó, Itu, Porto Feliz, Salto", "Populacao Municipio Sede": 47011 }, "geometry": { "type": "Point", "coordinates": [ -47.080213667881942, -23.301302729368476 ] } },
{ "type": "Feature", "properties": { "ID Foro": 3508603.0, "Nome do Foro": "Cachoeira Paulista", "Endereco": "Praça Prefeito Prado Filho , s/n - Centro, 12630-000", "Nome da CJ": "Guaratinguetá", "ID CJ": 48.0, "Nome da RAJ": "9ª RAJ São José dos Campos", "Cidades no Foro": "Cachoeira Paulista, Silveiras", "Cidades na CJ": "Aparecida, Arapeí, Areias, Bananal, Cachoeira Paulista, Canas, Cruzeiro, Cunha, Guaratinguetá, Lavrinhas, Lorena, Piquete, Potim, Queluz, Roseira, Silveiras, São José do Barreiro", "Populacao Municipio Sede": 31564 }, "geometry": { "type": "Point", "coordinates": [ -44.991691927143485, -22.702356699905327 ] } },
{ "type": "Feature", "properties": { "ID Foro": 3508702.0, "Nome do Foro": "Caconde", "Endereco": "Praça Coronel Gustavo Ribeiro , 50 - Centro, 13770-000", "Nome da CJ": "Casa Branca", "ID CJ": 43.0, "Nome da RAJ": "6ª RAJ Ribeirão Preto", "Cidades no Foro": "Caconde, Tapiratiba", "Cidades na CJ": "Caconde, Casa Branca, Divinolândia, Itobi, Mococa, Santa Cruz das Palmeiras, São José do Rio Pardo, São Sebastião da Grama, Tambaú, Tapiratiba", "Populacao Municipio Sede": 17101 }, "geometry": { "type": "Point", "coordinates": [ -46.617034059758389, -21.539522373123869 ] } },
{ "type": "Feature", "properties": { "ID Foro": 3508801.0, "Nome do Foro": "Cafelândia", "Endereco": "Avenida Dionísia Zucchi , 330 - centro, 16503034", "Nome da CJ": "Lins", "ID CJ": 35.0, "Nome da RAJ": "2ª RAJ Araçatuba", "Cidades no Foro": "Cafelândia, Guarantã, Júlio Mesquita", "Cidades na CJ": "Cafelândia, Getulina, Guaimbê, Guaiçara, Guarantã, Júlio Mesquita, Lins, Promissão, Sabino", "Populacao Municipio Sede": 16654 }, "geometry": { "type": "Point", "coordinates": [ -49.548691771064128, -21.731146931511869 ] } },
{ "type": "Feature", "properties": { "ID Foro": 3509007.0, "Nome do Foro": "Caieiras", "Endereco": "Rua Doutor Armando Pinto , 360 - Centro, 07700-175", "Nome da CJ": "Jundiaí", "ID CJ": 5.0, "Nome da RAJ": "4ª RAJ Campinas", "Cidades no Foro": "Caieiras", "Cidades na CJ": "Caieiras, Cajamar, Campo Limpo Paulista, Francisco Morato, Franco da Rocha, Itatiba, Itupeva, Jundiaí, Louveira, Morungaba, Vinhedo, Várzea Paulista", "Populacao Municipio Sede": 95032 }, "geometry": { "type": "Point", "coordinates": [ -46.745238177371363, -23.375909580044201 ] } },
{ "type": "Feature", "properties": { "ID Foro": 3509205.0, "Nome do Foro": "Cajamar", "Endereco": "Avenida Joaquim Janus Penteado , 96 - Distrito de Jordanésia, 07786-520", "Nome da CJ": "Jundiaí", "ID CJ": 5.0, "Nome da RAJ": "4ª RAJ Campinas", "Cidades no Foro": "Cajamar", "Cidades na CJ": "Caieiras, Cajamar, Campo Limpo Paulista, Francisco Morato, Franco da Rocha, Itatiba, Itupeva, Jundiaí, Louveira, Morungaba, Vinhedo, Várzea Paulista", "Populacao Municipio Sede": 92689 }, "geometry": { "type": "Point", "coordinates": [ -46.872043517888727, -23.351447107733712 ] } },
{ "type": "Feature", "properties": { "ID Foro": 3509403.0, "Nome do Foro": "Cajuru", "Endereco": "Rua José Bonifácio , 817 - Centro, 14240-000", "Nome da CJ": "Ribeirão Preto", "ID CJ": 41.0, "Nome da RAJ": "6ª RAJ Ribeirão Preto", "Cidades no Foro": "Cajuru, Cássia dos Coqueiros, Santa Cruz da Esperança", "Cidades na CJ": "Barrinha, Cajuru, Cravinhos, Cássia dos Coqueiros, Dumont, Guatapará, Jardinópolis, Luís Antônio, Pontal, Ribeirão Preto, Santa Cruz da Esperança, Santa Rosa de Viterbo, Serra Azul, Serrana, Sertãozinho, São Simão", "Populacao Municipio Sede": 23830 }, "geometry": { "type": "Point", "coordinates": [ -47.310304489456094, -21.275965150296621 ] } },
{ "type": "Feature", "properties": { "ID Foro": 3509502.0, "Nome do Foro": "Campinas", "Endereco": "Rua Regente Feijó , s/nº - Centro, 13019-900", "Nome da CJ": "Campinas", "ID CJ": 8.0, "Nome da RAJ": "4ª RAJ Campinas", "Cidades no Foro": "Campinas", "Cidades na CJ": "Campinas, Cosmópolis, Paulínia, Valinhos", "Populacao Municipio Sede": 1139047 }, "geometry": { "type": "Point", "coordinates": [ -47.043796219239638, -22.883756387554246 ] } },
{ "type": "Feature", "properties": { "ID Foro": 3509601.0, "Nome do Foro": "Campo Limpo Paulista", "Endereco": "Rua Marechal Deodoro da Fonseca , 550 - Vila Tavares, 13230-130", "Nome da CJ": "Jundiaí", "ID CJ": 5.0, "Nome da RAJ": "4ª RAJ Campinas", "Cidades no Foro": "Campo Limpo Paulista", "Cidades na CJ": "Caieiras, Cajamar, Campo Limpo Paulista, Francisco Morato, Franco da Rocha, Itatiba, Itupeva, Jundiaí, Louveira, Morungaba, Vinhedo, Várzea Paulista", "Populacao Municipio Sede": 77632 }, "geometry": { "type": "Point", "coordinates": [ -46.760057983110265, -23.21793230908407 ] } },
{ "type": "Feature", "properties": { "ID Foro": 3509700.0, "Nome do Foro": "Campos do Jordão", "Endereco": "Avenida Doutor Januário Miráglia , 1200 - Vila Abernéssia, 12460-000", "Nome da CJ": "Taubaté", "ID CJ": 47.0, "Nome da RAJ": "9ª RAJ São José dos Campos", "Cidades no Foro": "Campos do Jordão", "Cidades na CJ": "Campos do Jordão, Caçapava, Jambeiro, Lagoinha, Pindamonhangaba, Redenção da Serra, Santo Antônio do Pinhal, São Bento do Sapucaí, São Luiz do Paraitinga, Taubaté, Tremembé", "Populacao Municipio Sede": 46974 }, "geometry": { "type": "Point", "coordinates": [ -45.533060681321174, -22.701626949837301 ] } },
{ "type": "Feature", "properties": { "ID Foro": 3509908.0, "Nome do Foro": "Cananéia", "Endereco": "Rua Pero Lobo , 75 - CENTRO, 11990-000", "Nome da CJ": "Registro", "ID CJ": 21.0, "Nome da RAJ": "7ª RAJ Santos", "Cidades no Foro": "Cananéia", "Cidades na CJ": "Barra do Turvo, Cajati, Cananéia, Eldorado, Iguape, Ilha Comprida, Iporanga, Jacupiranga, Juquiá, Miracatu, Pariquera-Açu, Registro, Sete Barras", "Populacao Municipio Sede": 12289 }, "geometry": { "type": "Point", "coordinates": [ -48.008556806974063, -25.018433108061409 ] } },
{ "type": "Feature", "properties": { "ID Foro": 3510401.0, "Nome do Foro": "Capivari", "Endereco": "Rua Doutor João Adolfo Stein , 171 - Pão de Açucar, 13360-000", "Nome da CJ": "Piracicaba", "ID CJ": 34.0, "Nome da RAJ": "4ª RAJ Campinas", "Cidades no Foro": "Capivari, Mombuca, Rafard", "Cidades na CJ": "Capivari, Cerquilho, Charqueada, Elias Fausto, Jumirim, Laranjal Paulista, Mombuca, Monte Mor, Piracicaba, Rafard, Rio das Pedras, Saltinho, Santa Maria da Serra, São Pedro, Tietê, Águas de São Pedro", "Populacao Municipio Sede": 50068 }, "geometry": { "type": "Point", "coordinates": [ -47.478027624894459, -22.980721625435358 ] } },
{ "type": "Feature", "properties": { "ID Foro": 3510203.0, "Nome do Foro": "Capão Bonito", "Endereco": "R. Rafael Machado Neto , 50 - V. Nova Capão Bonito, 18304-130", "Nome da CJ": "Itapetininga", "ID CJ": 22.0, "Nome da RAJ": "10ª RAJ Sorocaba", "Cidades no Foro": "Capão Bonito, Guapiara, Ribeirão Grande", "Cidades na CJ": "Alambari, Angatuba, Bofete, Campina do Monte Alegre, Capela do Alto, Capão Bonito, Cesário Lange, Guapiara, Guareí, Itapetininga, Porangaba, Quadra, Ribeirão Grande, Sarapuí, São Miguel Arcanjo, Tatuí, Torre de Pedra", "Populacao Municipio Sede": 46337 }, "geometry": { "type": "Point", "coordinates": [ -48.289834761740153, -24.039195109679952 ] } },
{ "type": "Feature", "properties": { "ID Foro": 3510500.0, "Nome do Foro": "Caraguatatuba", "Endereco": "Praça Doutor José Rebello da Cunha , 73 - Sumaré, 11661-050", "Nome da CJ": "Caraguatatuba", "ID CJ": 51.0, "Nome da RAJ": "9ª RAJ São José dos Campos", "Cidades no Foro": "Caraguatatuba", "Cidades na CJ": "Caraguatatuba, Ilhabela, São Sebastião, Ubatuba", "Populacao Municipio Sede": 134873 }, "geometry": { "type": "Point", "coordinates": [ -45.488124790172854, -23.63965981743717 ] } },
{ "type": "Feature", "properties": { "ID Foro": 3510609.0, "Nome do Foro": "Carapicuíba", "Endereco": "Avenida Des. Eduardo Cunha de Abreu , 215 - Vila Municipal, 06328-330", "Nome da CJ": "Osasco", "ID CJ": 4.0, "Nome da RAJ": "1ª RAJ Grande São Paulo", "Cidades no Foro": "Carapicuíba", "Cidades na CJ": "Barueri, Carapicuíba, Jandira, Osasco, Pirapora do Bom Jesus, Santana de Parnaíba", "Populacao Municipio Sede": 386984 }, "geometry": { "type": "Point", "coordinates": [ -46.841919667149952, -23.55005749518746 ] } },
{ "type": "Feature", "properties": { "ID Foro": 3510708.0, "Nome do Foro": "Cardoso", "Endereco": "Rua Urias de Paula e Silva , 1351 - Jd Gouvêa, 15570-000", "Nome da CJ": "Votuporanga", "ID CJ": 17.0, "Nome da RAJ": "8ª RAJ São José do Rio Preto", "Cidades no Foro": "Cardoso, Mira Estrela, Pontes Gestal", "Cidades na CJ": "Cardoso, Floreal, Gastão Vidigal, Magda, Mira Estrela, Monções, Nhandeara, Nova Luzitânia, Parisi, Pontes Gestal, Valentim Gentil, Votuporanga, Álvares Florence", "Populacao Municipio Sede": 11345 }, "geometry": { "type": "Point", "coordinates": [ -49.947601107218908, -20.067188064523144 ] } },
{ "type": "Feature", "properties": { "ID Foro": 3510807.0, "Nome do Foro": "Casa Branca", "Endereco": "Praça Ministro Costa Manso , 78 - centro, 13700-000", "Nome da CJ": "Casa Branca", "ID CJ": 43.0, "Nome da RAJ": "6ª RAJ Ribeirão Preto", "Cidades no Foro": "Casa Branca, Itobi", "Cidades na CJ": "Caconde, Casa Branca, Divinolândia, Itobi, Mococa, Santa Cruz das Palmeiras, São José do Rio Pardo, São Sebastião da Grama, Tambaú, Tapiratiba", "Populacao Municipio Sede": 28083 }, "geometry": { "type": "Point", "coordinates": [ -47.088125787767581, -21.800543636164964 ] } },
{ "type": "Feature", "properties": { "ID Foro": 3511102.0, "Nome do Foro": "Catanduva", "Endereco": "Parque da Américas , 55 - Centro, 15800-032", "Nome da CJ": "Catanduva", "ID CJ": 15.0, "Nome da RAJ": "8ª RAJ São José do Rio Preto", "Cidades no Foro": "Catanduva, Elisiário, Ibirá, Pindorama", "Cidades na CJ": "Ariranha, Catanduva, Catiguá, Elisiário, Ibirá, Irapuã, Itajobi, Marapoama, Novais, Novo Horizonte, Palmares Paulista, Pindorama, Sales, Santa Adélia, Tabapuã, Urupês", "Populacao Municipio Sede": 115791 }, "geometry": { "type": "Point", "coordinates": [ -48.963683344957076, -21.1337504667109 ] } },
{ "type": "Feature", "properties": { "ID Foro": 3508504.0, "Nome do Foro": "Caçapava", "Endereco": "Praça da Bandeira , 177 - Centro, 12281-630", "Nome da CJ": "Taubaté", "ID CJ": 47.0, "Nome da RAJ": "9ª RAJ São José dos Campos", "Cidades no Foro": "Caçapava, Jambeiro", "Cidades na CJ": "Campos do Jordão, Caçapava, Jambeiro, Lagoinha, Pindamonhangaba, Redenção da Serra, Santo Antônio do Pinhal, São Bento do Sapucaí, São Luiz do Paraitinga, Taubaté, Tremembé", "Populacao Municipio Sede": 96202 }, "geometry": { "type": "Point", "coordinates": [ -45.713307578068019, -23.103740331551936 ] } },
{ "type": "Feature", "properties": { "ID Foro": 3511409.0, "Nome do Foro": "Cerqueira César", "Endereco": "Rua Olimpio Pavan , 355 - Centro, 18760015", "Nome da CJ": "Avaré", "ID CJ": 24.0, "Nome da RAJ": "3ª RAJ Bauru", "Cidades no Foro": "Cerqueira César, Iaras, Águas de Santa Bárbara", "Cidades na CJ": "Arandu, Avaré, Cerqueira César, Coronel Macedo, Fartura, Iaras, Itaí, Paranapanema, Taguaí, Taquarituba, Águas de Santa Bárbara", "Populacao Municipio Sede": 7177 }, "geometry": { "type": "Point", "coordinates": [ -49.261047130347876, -22.857950069569672 ] } },
{ "type": "Feature", "properties": { "ID Foro": 3511508.0, "Nome do Foro": "Cerquilho", "Endereco": "Avenida Washington Luiz , 2.501 - Chave Barros, 18523-480", "Nome da CJ": "Piracicaba", "ID CJ": 34.0, "Nome da RAJ": "4ª RAJ Campinas", "Cidades no Foro": "Cerquilho", "Cidades na CJ": "Capivari, Cerquilho, Charqueada, Elias Fausto, Jumirim, Laranjal Paulista, Mombuca, Monte Mor, Piracicaba, Rafard, Rio das Pedras, Saltinho, Santa Maria da Serra, São Pedro, Tietê, Águas de São Pedro", "Populacao Municipio Sede": 44695 }, "geometry": { "type": "Point", "coordinates": [ -47.757134625660505, -23.187123842014113 ] } },
{ "type": "Feature", "properties": { "ID Foro": 3511607.0, "Nome do Foro": "Cesário Lange", "Endereco": "Rua do Comércio , 691 - Centro, 18285-000", "Nome da CJ": "Itapetininga", "ID CJ": 22.0, "Nome da RAJ": "10ª RAJ Sorocaba", "Cidades no Foro": "Cesário Lange", "Cidades na CJ": "Alambari, Angatuba, Bofete, Campina do Monte Alegre, Capela do Alto, Capão Bonito, Cesário Lange, Guapiara, Guareí, Itapetininga, Porangaba, Quadra, Ribeirão Grande, Sarapuí, São Miguel Arcanjo, Tatuí, Torre de Pedra", "Populacao Municipio Sede": 19048 }, "geometry": { "type": "Point", "coordinates": [ -47.903889133069917, -23.216507831969452 ] } },
{ "type": "Feature", "properties": { "ID Foro": 3557204.0, "Nome do Foro": "Chavantes", "Endereco": "Avenida Governador Adhemar Pereira de Barros , 1007 - Chavantes Novo, 18970-284", "Nome da CJ": "Ourinhos", "ID CJ": 25.0, "Nome da RAJ": "3ª RAJ Bauru", "Cidades no Foro": "Canitar, Chavantes", "Cidades na CJ": "Bernardino de Campos, Canitar, Chavantes, Espírito Santo do Turvo, Ipaussu, Manduri, Ourinhos, Piraju, Ribeirão do Sul, Salto Grande, Santa Cruz do Rio Pardo, Sarutaiá, São Pedro do Turvo, Tejupá, Timburi, Óleo", "Populacao Municipio Sede": 6283 }, "geometry": { "type": "Point", "coordinates": [ -49.791857736618773, -23.018717302144708 ] } },
{ "type": "Feature", "properties": { "ID Foro": 3512001.0, "Nome do Foro": "Colina", "Endereco": "Rua Nestor Silveira Guimarães , 45 - CECAP, 14770-000", "Nome da CJ": "Barretos", "ID CJ": 14.0, "Nome da RAJ": "8ª RAJ São José do Rio Preto", "Cidades no Foro": "Colina, Jaborandi", "Cidades na CJ": "Altair, Barretos, Bebedouro, Cajobi, Colina, Colômbia, Embaúba, Guaraci, Guaíra, Jaborandi, Monte Azul Paulista, Olímpia, Paraíso, Severínia, Terra Roxa, Viradouro", "Populacao Municipio Sede": 18486 }, "geometry": { "type": "Point", "coordinates": [ -48.588857511081365, -20.746170779314237 ] } },
{ "type": "Feature", "properties": { "ID Foro": 3512209.0, "Nome do Foro": "Conchal", "Endereco": "Rua XV de Novembro , 449 - Centro, 13835-000", "Nome da CJ": "Mogi Mirim", "ID CJ": 7.0, "Nome da RAJ": "4ª RAJ Campinas", "Cidades no Foro": "Conchal", "Cidades na CJ": "Artur Nogueira, Conchal, Engenheiro Coelho, Estiva Gerbi, Holambra, Itapira, Mogi Guaçu, Mogi Mirim", "Populacao Municipio Sede": 28101 }, "geometry": { "type": "Point", "coordinates": [ -47.141119828923372, -22.369311979245804 ] } },
{ "type": "Feature", "properties": { "ID Foro": 3512308.0, "Nome do Foro": "Conchas", "Endereco": "Praça Prefeito Ismael Morato do Amaral , 43-fundos - Centro, 18620-000", "Nome da CJ": "Botucatu", "ID CJ": 23.0, "Nome da RAJ": "3ª RAJ Bauru", "Cidades no Foro": "Anhembi, Conchas, Pereiras", "Cidades na CJ": "Anhembi, Areiópolis, Botucatu, Conchas, Itatinga, Pardinho, Pereiras, Pratânia, São Manuel", "Populacao Municipio Sede": 5674 }, "geometry": { "type": "Point", "coordinates": [ -48.174722503165476, -22.80008290926887 ] } },
{ "type": "Feature", "properties": { "ID Foro": 3512407.0, "Nome do Foro": "Cordeirópolis", "Endereco": "Rua Sete de Setembro , 350/376 - Centro, 13490-000", "Nome da CJ": "Limeira", "ID CJ": 10.0, "Nome da RAJ": "4ª RAJ Campinas", "Cidades no Foro": "Cordeirópolis", "Cidades na CJ": "Araras, Cordeirópolis, Iracemápolis, Limeira", "Populacao Municipio Sede": 24514 }, "geometry": { "type": "Point", "coordinates": [ -47.414678668026582, -22.479545522350154 ] } },
{ "type": "Feature", "properties": { "ID Foro": 3512803.0, "Nome do Foro": "Cosmópolis", "Endereco": "R. RAMOS DE AZEVEDO , 365 - Centro, 13150-025", "Nome da CJ": "Campinas", "ID CJ": 8.0, "Nome da RAJ": "4ª RAJ Campinas", "Cidades no Foro": "Cosmópolis", "Cidades na CJ": "Campinas, Cosmópolis, Paulínia, Valinhos", "Populacao Municipio Sede": 59773 }, "geometry": { "type": "Point", "coordinates": [ -47.186353562954856, -22.651638950185717 ] } },
{ "type": "Feature", "properties": { "ID Foro": 3513009.0, "Nome do Foro": "Cotia", "Endereco": "Rua Topázio , 585 - Jardim nomura, 06717-235", "Nome da CJ": "Itapecerica da Serra", "ID CJ": 52.0, "Nome da RAJ": "1ª RAJ Grande São Paulo", "Cidades no Foro": "Cotia", "Cidades na CJ": "Cotia, Embu das Artes, Embu-Guaçu, Itapecerica da Serra, Itapevi, Juquitiba, São Lourenço da Serra, Taboão da Serra, Vargem Grande Paulista", "Populacao Municipio Sede": 274413 }, "geometry": { "type": "Point", "coordinates": [ -46.960519476898689, -23.675143362869015 ] } },
{ "type": "Feature", "properties": { "ID Foro": 3513108.0, "Nome do Foro": "Cravinhos", "Endereco": "Avenida Fagundes , 29 - centro, 14140-000", "Nome da CJ": "Ribeirão Preto", "ID CJ": 41.0, "Nome da RAJ": "6ª RAJ Ribeirão Preto", "Cidades no Foro": "Cravinhos, Serra Azul", "Cidades na CJ": "Barrinha, Cajuru, Cravinhos, Cássia dos Coqueiros, Dumont, Guatapará, Jardinópolis, Luís Antônio, Pontal, Ribeirão Preto, Santa Cruz da Esperança, Santa Rosa de Viterbo, Serra Azul, Serrana, Sertãozinho, São Simão", "Populacao Municipio Sede": 33281 }, "geometry": { "type": "Point", "coordinates": [ -47.744564842803342, -21.33964467704924 ] } },
{ "type": "Feature", "properties": { "ID Foro": 3513405.0, "Nome do Foro": "Cruzeiro", "Endereco": "Rua Francisco Marzano , 100 - Vila Celestina, 12710-900", "Nome da CJ": "Guaratinguetá", "ID CJ": 48.0, "Nome da RAJ": "9ª RAJ São José dos Campos", "Cidades no Foro": "Cruzeiro, Lavrinhas", "Cidades na CJ": "Aparecida, Arapeí, Areias, Bananal, Cachoeira Paulista, Canas, Cruzeiro, Cunha, Guaratinguetá, Lavrinhas, Lorena, Piquete, Potim, Queluz, Roseira, Silveiras, São José do Barreiro", "Populacao Municipio Sede": 74961 }, "geometry": { "type": "Point", "coordinates": [ -45.006287636936356, -22.551429992324532 ] } },
{ "type": "Feature", "properties": { "ID Foro": 3513504.0, "Nome do Foro": "Cubatão", "Endereco": "Avenida Joaquim Miguel Couto , 320 - Jd. São Francisco, 11500-005", "Nome da CJ": "Santos", "ID CJ": 1.0, "Nome da RAJ": "7ª RAJ Santos", "Cidades no Foro": "Cubatão", "Cidades na CJ": "Bertioga, Cubatão, Guarujá, Praia Grande, Santos, São Vicente", "Populacao Municipio Sede": 112476 }, "geometry": { "type": "Point", "coordinates": [ -46.408201000818622, -23.865904021553941 ] } },
{ "type": "Feature", "properties": { "ID Foro": 3513603.0, "Nome do Foro": "Cunha", "Endereco": "Praça Doutor Prudente Guimarães , 12 - Centro, 12530-000", "Nome da CJ": "Guaratinguetá", "ID CJ": 48.0, "Nome da RAJ": "9ª RAJ São José dos Campos", "Cidades no Foro": "Cunha", "Cidades na CJ": "Aparecida, Arapeí, Areias, Bananal, Cachoeira Paulista, Canas, Cruzeiro, Cunha, Guaratinguetá, Lavrinhas, Lorena, Piquete, Potim, Queluz, Roseira, Silveiras, São José do Barreiro", "Populacao Municipio Sede": 22110 }, "geometry": { "type": "Point", "coordinates": [ -44.94213404249367, -23.05286788761401 ] } },
{ "type": "Feature", "properties": { "ID Foro": 3510005.0, "Nome do Foro": "Cândido Mota", "Endereco": "Praça Antonio Pípolo , s/n - Centro, 19880-047", "Nome da CJ": "Assis", "ID CJ": 26.0, "Nome da RAJ": "5ª RAJ Presidente Prudente", "Cidades no Foro": "Cândido Mota", "Cidades na CJ": "Assis, Borá, Campos Novos Paulista, Cruzália, Cândido Mota, Echaporã, Florínia, Ibirarema, João Ramalho, Lutécia, Maracaí, Oscar Bressane, Palmital, Paraguaçu Paulista, Pedrinhas Paulista, Platina, Quatá, Tarumã", "Populacao Municipio Sede": 29449 }, "geometry": { "type": "Point", "coordinates": [ -50.421699675700346, -22.808680371048059 ] } },
{ "type": "Feature", "properties": { "ID Foro": 3513702.0, "Nome do Foro": "Descalvado", "Endereco": "Praça Dr. Luciano Esteves , s/n - Centro, 13690-000", "Nome da CJ": "São Carlos", "ID CJ": 12.0, "Nome da RAJ": "6ª RAJ Ribeirão Preto", "Cidades no Foro": "Descalvado", "Cidades na CJ": "Boa Esperança do Sul, Descalvado, Dourado, Ibaté, Ribeirão Bonito, São Carlos, Trabiju", "Populacao Municipio Sede": 31756 }, "geometry": { "type": "Point", "coordinates": [ -47.65460428011496, -21.881228423188347 ] } },
{ "type": "Feature", "properties": { "ID Foro": 3513801.0, "Nome do Foro": "Diadema", "Endereco": "Avenida Sete de Setembro , 399 - Vila Conceição, 09912-010", "Nome da CJ": "São Bernardo do Campo", "ID CJ": 2.0, "Nome da RAJ": "1ª RAJ Grande São Paulo", "Cidades no Foro": "Diadema", "Cidades na CJ": "Diadema, São Bernardo do Campo", "Populacao Municipio Sede": 393237 }, "geometry": { "type": "Point", "coordinates": [ -46.611426224560084, -23.697240937421849 ] } },
{ "type": "Feature", "properties": { "ID Foro": 3514106.0, "Nome do Foro": "Dois Córregos", "Endereco": "Praça Francisco Simões , 142 - Centro, 17300-055", "Nome da CJ": "Jaú", "ID CJ": 33.0, "Nome da RAJ": "3ª RAJ Bauru", "Cidades no Foro": "Dois Córregos", "Cidades na CJ": "Bariri, Barra Bonita, Bocaina, Boracéia, Dois Córregos, Igaraçu do Tietê, Itaju, Itapuí, Jaú, Macatuba, Mineiros do Tietê, Pederneiras", "Populacao Municipio Sede": 24510 }, "geometry": { "type": "Point", "coordinates": [ -48.340491222551989, -22.395910522453374 ] } },
{ "type": "Feature", "properties": { "ID Foro": 3514403.0, "Nome do Foro": "Dracena", "Endereco": "Rua Bolívia , 137 - Jd América, 17911-250", "Nome da CJ": "Dracena", "ID CJ": 29.0, "Nome da RAJ": "5ª RAJ Presidente Prudente", "Cidades no Foro": "Dracena, Ouro Verde", "Cidades na CJ": "Dracena, Flora Rica, Irapuru, Junqueirópolis, Monte Castelo, Nova Guataporanga, Ouro Verde, Pacaembu, Panorama, Paulicéia, Santa Mercedes, São João do Pau d'Alho, Tupi Paulista", "Populacao Municipio Sede": 45474 }, "geometry": { "type": "Point", "coordinates": [ -51.584043300429961, -21.556701707535147 ] } },
{ "type": "Feature", "properties": { "ID Foro": 3514502.0, "Nome do Foro": "Duartina", "Endereco": "Rua Sete de Setembro , 486 - centro, 17470-000", "Nome da CJ": "Bauru", "ID CJ": 32.0, "Nome da RAJ": "3ª RAJ Bauru", "Cidades no Foro": "Cabrália Paulista, Duartina, Lucianópolis, Ubirajara", "Cidades na CJ": "Agudos, Arealva, Avaí, Balbinos, Bauru, Borebi, Cabrália Paulista, Duartina, Lençóis Paulista, Lucianópolis, Paulistânia, Pirajuí, Piratininga, Pongaí, Presidente Alves, Reginópolis, Ubirajara, Uru", "Populacao Municipio Sede": 4299 }, "geometry": { "type": "Point", "coordinates": [ -49.372996817144646, -22.489471178093282 ] } },
{ "type": "Feature", "properties": { "ID Foro": 3514809.0, "Nome do Foro": "Eldorado", "Endereco": "Rua Professor Francisco Canto , 14 - Centro, 11960-000", "Nome da CJ": "Registro", "ID CJ": 21.0, "Nome da RAJ": "7ª RAJ Santos", "Cidades no Foro": "Eldorado, Iporanga", "Cidades na CJ": "Barra do Turvo, Cajati, Cananéia, Eldorado, Iguape, Ilha Comprida, Iporanga, Jacupiranga, Juquiá, Miracatu, Pariquera-Açu, Registro, Sete Barras", "Populacao Municipio Sede": 13069 }, "geometry": { "type": "Point", "coordinates": [ -48.233639176839873, -24.495026834592917 ] } },
{ "type": "Feature", "properties": { "ID Foro": 3515004.0, "Nome do Foro": "Embu das Artes", "Endereco": "Av. Vereador Jorge de Souza , 855 - Tingidor, 06803270", "Nome da CJ": "Itapecerica da Serra", "ID CJ": 52.0, "Nome da RAJ": "1ª RAJ Grande São Paulo", "Cidades no Foro": "Embu das Artes", "Cidades na CJ": "Cotia, Embu das Artes, Embu-Guaçu, Itapecerica da Serra, Itapevi, Juquitiba, São Lourenço da Serra, Taboão da Serra, Vargem Grande Paulista", "Populacao Municipio Sede": 250691 }, "geometry": { "type": "Point", "coordinates": [ -46.851535664994806, -23.651339266234622 ] } },
{ "type": "Feature", "properties": { "ID Foro": 3515103.0, "Nome do Foro": "Embu-Guaçu", "Endereco": "Rua Boa Vista , 10 - Centro, 06900-000", "Nome da CJ": "Itapecerica da Serra", "ID CJ": 52.0, "Nome da RAJ": "1ª RAJ Grande São Paulo", "Cidades no Foro": "Embu-Guaçu", "Cidades na CJ": "Cotia, Embu das Artes, Embu-Guaçu, Itapecerica da Serra, Itapevi, Juquitiba, São Lourenço da Serra, Taboão da Serra, Vargem Grande Paulista", "Populacao Municipio Sede": 66970 }, "geometry": { "type": "Point", "coordinates": [ -46.830654423650749, -23.854284511410924 ] } },
{ "type": "Feature", "properties": { "ID Foro": 3515186.0, "Nome do Foro": "Espírito Santo do Pinhal", "Endereco": "Avenida 9 de Julho , 90 - Centro, 13990-000", "Nome da CJ": "São João da Boa Vista", "ID CJ": 50.0, "Nome da RAJ": "4ª RAJ Campinas", "Cidades no Foro": "Espírito Santo do Pinhal, Santo Antônio do Jardim", "Cidades na CJ": "Aguaí, Espírito Santo do Pinhal, Santo Antônio do Jardim, São João da Boa Vista, Vargem Grande do Sul, Águas da Prata", "Populacao Municipio Sede": 39816 }, "geometry": { "type": "Point", "coordinates": [ -46.793323434656003, -22.192499064827103 ] } },
{ "type": "Feature", "properties": { "ID Foro": 3515400.0, "Nome do Foro": "Fartura", "Endereco": "Rua Anacleto Gonçalves Neves , 250 - Centro, 18870-007", "Nome da CJ": "Avaré", "ID CJ": 24.0, "Nome da RAJ": "3ª RAJ Bauru", "Cidades no Foro": "Fartura, Taguaí", "Cidades na CJ": "Arandu, Avaré, Cerqueira César, Coronel Macedo, Fartura, Iaras, Itaí, Paranapanema, Taguaí, Taquarituba, Águas de Santa Bárbara", "Populacao Municipio Sede": 16641 }, "geometry": { "type": "Point", "coordinates": [ -49.51967844188836, -23.390179084345064 ] } },
{ "type": "Feature", "properties": { "ID Foro": 3515509.0, "Nome do Foro": "Fernandópolis", "Endereco": "Avenida Raul Gonçalves Júnior , 850 - Jardim Santa Rita, 15610-000", "Nome da CJ": "Fernandópolis", "ID CJ": 18.0, "Nome da RAJ": "8ª RAJ São José do Rio Preto", "Cidades no Foro": "Fernandópolis, Macedônia, Meridiano, Pedranópolis", "Cidades na CJ": "Fernandópolis, General Salgado, Guarani d'Oeste, Indiaporã, Macedônia, Meridiano, Nova Castilho, Ouroeste, Pedranópolis, São João de Iracema", "Populacao Municipio Sede": 71186 }, "geometry": { "type": "Point", "coordinates": [ -50.283015230356867, -20.271768816132493 ] } },
{ "type": "Feature", "properties": { "ID Foro": 3515707.0, "Nome do Foro": "Ferraz de Vasconcelos", "Endereco": "Av. Santos Dumont , 1.535 - Jardim Vista Alegre, 08531-100", "Nome da CJ": "Mogi das Cruzes", "ID CJ": 45.0, "Nome da RAJ": "1ª RAJ Grande São Paulo", "Cidades no Foro": "Ferraz de Vasconcelos", "Cidades na CJ": "Biritiba-Mirim, Ferraz de Vasconcelos, Guararema, Itaquaquecetuba, Mogi das Cruzes, Poá, Suzano", "Populacao Municipio Sede": 179198 }, "geometry": { "type": "Point", "coordinates": [ -46.373929057272392, -23.560997052862469 ] } },
{ "type": "Feature", "properties": { "ID Foro": 3516002.0, "Nome do Foro": "Flórida Paulista", "Endereco": "Praça Gerson Veronese Ferracini , 184 - Centro, 17830-000", "Nome da CJ": "Tupã", "ID CJ": 30.0, "Nome da RAJ": "5ª RAJ Presidente Prudente", "Cidades no Foro": "Flórida Paulista", "Cidades na CJ": "Adamantina, Arco-Íris, Bastos, Flórida Paulista, Herculândia, Iacri, Inúbia Paulista, Lucélia, Mariápolis, Osvaldo Cruz, Parapuã, Pracinha, Queiroz, Rinópolis, Sagres, Salmourão, Tupã", "Populacao Municipio Sede": 12958 }, "geometry": { "type": "Point", "coordinates": [ -51.170657825374491, -21.539971168107648 ] } },
{ "type": "Feature", "properties": { "ID Foro": 3516200.0, "Nome do Foro": "Franca", "Endereco": "Av. Presidente Vargas , 2.650 - Jardim Dr. Antonio Petraglia, 14402-000", "Nome da CJ": "Franca", "ID CJ": 38.0, "Nome da RAJ": "6ª RAJ Ribeirão Preto", "Cidades no Foro": "Cristais Paulista, Franca, Restinga, Ribeirão Corrente, São José da Bela Vista", "Cidades na CJ": "Cristais Paulista, Franca, Itirapuã, Jeriquara, Patrocínio Paulista, Pedregulho, Restinga, Ribeirão Corrente, Rifaina, São José da Bela Vista", "Populacao Municipio Sede": 9272 }, "geometry": { "type": "Point", "coordinates": [ -47.400914492073248, -20.371324736349266 ] } },
{ "type": "Feature", "properties": { "ID Foro": 3516309.0, "Nome do Foro": "Francisco Morato", "Endereco": "Rua João Mendes Júnior , 626 - Jardim Professor Francisco Morato, 07910-220", "Nome da CJ": "Jundiaí", "ID CJ": 5.0, "Nome da RAJ": "4ª RAJ Campinas", "Cidades no Foro": "Francisco Morato", "Cidades na CJ": "Caieiras, Cajamar, Campo Limpo Paulista, Francisco Morato, Franco da Rocha, Itatiba, Itupeva, Jundiaí, Louveira, Morungaba, Vinhedo, Várzea Paulista", "Populacao Municipio Sede": 165139 }, "geometry": { "type": "Point", "coordinates": [ -46.723540788145279, -23.273714099445513 ] } },
{ "type": "Feature", "properties": { "ID Foro": 3516408.0, "Nome do Foro": "Franco da Rocha", "Endereco": "Praça Ministro Nelson Hungria , 01 - Centro, 07850-900", "Nome da CJ": "Jundiaí", "ID CJ": 5.0, "Nome da RAJ": "4ª RAJ Campinas", "Cidades no Foro": "Franco da Rocha", "Cidades na CJ": "Caieiras, Cajamar, Campo Limpo Paulista, Francisco Morato, Franco da Rocha, Itatiba, Itupeva, Jundiaí, Louveira, Morungaba, Vinhedo, Várzea Paulista", "Populacao Municipio Sede": 144849 }, "geometry": { "type": "Point", "coordinates": [ -46.735763593927956, -23.314182473656874 ] } },
{ "type": "Feature", "properties": { "ID Foro": 3516705.0, "Nome do Foro": "Garça", "Endereco": "Praça Doutor Martino Funchal de Barros , 50 - Willians, 17402-059", "Nome da CJ": "Marília", "ID CJ": 31.0, "Nome da RAJ": "5ª RAJ Presidente Prudente", "Cidades no Foro": "Alvinlândia, Garça, Lupércio, Álvaro de Carvalho", "Cidades na CJ": "Alvinlândia, Fernão, Garça, Gália, Lupércio, Marília, Ocauçu, Oriente, Pompéia, Quintana, Vera Cruz, Álvaro de Carvalho", "Populacao Municipio Sede": 4808 }, "geometry": { "type": "Point", "coordinates": [ -49.734001190994107, -22.086532409070195 ] } },
{ "type": "Feature", "properties": { "ID Foro": 3516903.0, "Nome do Foro": "General Salgado", "Endereco": "Rua Azílio Antonio do Prado , 991 - centro, 15300-000", "Nome da CJ": "Fernandópolis", "ID CJ": 18.0, "Nome da RAJ": "8ª RAJ São José do Rio Preto", "Cidades no Foro": "General Salgado, Nova Castilho, São João de Iracema", "Cidades na CJ": "Fernandópolis, General Salgado, Guarani d'Oeste, Indiaporã, Macedônia, Meridiano, Nova Castilho, Ouroeste, Pedranópolis, São João de Iracema", "Populacao Municipio Sede": 10312 }, "geometry": { "type": "Point", "coordinates": [ -50.415780544539686, -20.638274026252329 ] } },
{ "type": "Feature", "properties": { "ID Foro": 3517000.0, "Nome do Foro": "Getulina", "Endereco": "Rua Doutor Carlos de Campos , 660 - Centro, 16450-000", "Nome da CJ": "Lins", "ID CJ": 35.0, "Nome da RAJ": "2ª RAJ Araçatuba", "Cidades no Foro": "Getulina, Guaimbê", "Cidades na CJ": "Cafelândia, Getulina, Guaimbê, Guaiçara, Guarantã, Júlio Mesquita, Lins, Promissão, Sabino", "Populacao Municipio Sede": 10232 }, "geometry": { "type": "Point", "coordinates": [ -50.027919161461192, -21.783266675580951 ] } },
{ "type": "Feature", "properties": { "ID Foro": 3518206.0, "Nome do Foro": "Guararapes", "Endereco": "Rua Luiz Lincoln de Oliveira , s/n - Centro, 16700-000", "Nome da CJ": "Araçatuba", "ID CJ": 36.0, "Nome da RAJ": "2ª RAJ Araçatuba", "Cidades no Foro": "Guararapes, Rubiácea", "Cidades na CJ": "Alto Alegre, Araçatuba, Avanhandava, Barbosa, Bento de Abreu, Bilac, Birigui, Braúna, Brejo Alegre, Buritama, Clementina, Coroados, Gabriel Monteiro, Glicério, Guararapes, Lourdes, Luiziânia, Penápolis, Piacatu, Planalto, Rubiácea, Santo Antônio do Aracanguá, Santópolis do Aguapeí, Turiúba, Valparaíso, Zacarias", "Populacao Municipio Sede": 31043 }, "geometry": { "type": "Point", "coordinates": [ -50.695138077514358, -21.2852034913439 ] } },
{ "type": "Feature", "properties": { "ID Foro": 3518305.0, "Nome do Foro": "Guararema", "Endereco": "Rua Expedicionário Brasílio Pinto de Almeida , 42 - Centro, 08900-000", "Nome da CJ": "Mogi das Cruzes", "ID CJ": 45.0, "Nome da RAJ": "1ª RAJ Grande São Paulo", "Cidades no Foro": "Guararema", "Cidades na CJ": "Biritiba-Mirim, Ferraz de Vasconcelos, Guararema, Itaquaquecetuba, Mogi das Cruzes, Poá, Suzano", "Populacao Municipio Sede": 31236 }, "geometry": { "type": "Point", "coordinates": [ -46.058553519440672, -23.427585077797989 ] } },
{ "type": "Feature", "properties": { "ID Foro": 3518404.0, "Nome do Foro": "Guaratinguetá", "Endereco": "Av. Dr. Ariberto Pereira da Cunha , 280 - Alberto Byington, 12516-410", "Nome da CJ": "Guaratinguetá", "ID CJ": 48.0, "Nome da RAJ": "9ª RAJ São José dos Campos", "Cidades no Foro": "Guaratinguetá", "Cidades na CJ": "Aparecida, Arapeí, Areias, Bananal, Cachoeira Paulista, Canas, Cruzeiro, Cunha, Guaratinguetá, Lavrinhas, Lorena, Piquete, Potim, Queluz, Roseira, Silveiras, São José do Barreiro", "Populacao Municipio Sede": 118044 }, "geometry": { "type": "Point", "coordinates": [ -45.232850004750418, -22.793493019718316 ] } },
{ "type": "Feature", "properties": { "ID Foro": 3518602.0, "Nome do Foro": "Guariba", "Endereco": "Rua Feres Sadalla , 761 - Centro, 14840-000", "Nome da CJ": "Jaboticabal", "ID CJ": 42.0, "Nome da RAJ": "6ª RAJ Ribeirão Preto", "Cidades no Foro": "Guariba, Pradópolis", "Cidades na CJ": "Cândido Rodrigues, Fernando Prestes, Guariba, Jaboticabal, Monte Alto, Pirangi, Pitangueiras, Pradópolis, Santa Ernestina, Taiaçu, Taiúva, Taquaral, Taquaritinga, Vista Alegre do Alto", "Populacao Municipio Sede": 37498 }, "geometry": { "type": "Point", "coordinates": [ -48.226566969775043, -21.395946131178565 ] } },
{ "type": "Feature", "properties": { "ID Foro": 3518701.0, "Nome do Foro": "Guarujá", "Endereco": "Rua Silvio Daige , 280 - Enseada, 11440550", "Nome da CJ": "Santos", "ID CJ": 1.0, "Nome da RAJ": "7ª RAJ Santos", "Cidades no Foro": "Guarujá", "Cidades na CJ": "Bertioga, Cubatão, Guarujá, Praia Grande, Santos, São Vicente", "Populacao Municipio Sede": 287634 }, "geometry": { "type": "Point", "coordinates": [ -46.235257233507681, -23.951235664864903 ] } },
{ "type": "Feature", "properties": { "ID Foro": 3518800.0, "Nome do Foro": "Guarulhos", "Endereco": "Rua José Maurício , 103 - Centro, 07011-060", "Nome da CJ": "Guarulhos", "ID CJ": 44.0, "Nome da RAJ": "1ª RAJ Grande São Paulo", "Cidades no Foro": "Guarulhos", "Cidades na CJ": "Arujá, Guarulhos, Igaratá, Mairiporã, Santa Isabel", "Populacao Municipio Sede": 1291771 }, "geometry": { "type": "Point", "coordinates": [ -46.454879453332005, -23.402680095273084 ] } },
{ "type": "Feature", "properties": { "ID Foro": 3517703.0, "Nome do Foro": "Guará", "Endereco": "Rua Carlos de Campos , 260 - Centro, 14580-000", "Nome da CJ": "Ituverava", "ID CJ": 40.0, "Nome da RAJ": "6ª RAJ Ribeirão Preto", "Cidades no Foro": "Guará", "Cidades na CJ": "Aramina, Buritizal, Guará, Igarapava, Ipuã, Ituverava, Miguelópolis, São Joaquim da Barra", "Populacao Municipio Sede": 18606 }, "geometry": { "type": "Point", "coordinates": [ -47.775239952510681, -20.482585327584282 ] } },
{ "type": "Feature", "properties": { "ID Foro": 3517406.0, "Nome do Foro": "Guaíra", "Endereco": "Avenida 17 , 414 - Centro, 14790-000", "Nome da CJ": "Barretos", "ID CJ": 14.0, "Nome da RAJ": "8ª RAJ São José do Rio Preto", "Cidades no Foro": "Guaíra", "Cidades na CJ": "Altair, Barretos, Bebedouro, Cajobi, Colina, Colômbia, Embaúba, Guaraci, Guaíra, Jaborandi, Monte Azul Paulista, Olímpia, Paraíso, Severínia, Terra Roxa, Viradouro", "Populacao Municipio Sede": 39279 }, "geometry": { "type": "Point", "coordinates": [ -48.36413841122743, -20.314035131426682 ] } },
{ "type": "Feature", "properties": { "ID Foro": 3516606.0, "Nome do Foro": "Gália", "Endereco": "Avenida São José , 431 - Centro, 17450-001", "Nome da CJ": "Marília", "ID CJ": 31.0, "Nome da RAJ": "5ª RAJ Presidente Prudente", "Cidades no Foro": "Fernão, Gália", "Cidades na CJ": "Alvinlândia, Fernão, Garça, Gália, Lupércio, Marília, Ocauçu, Oriente, Pompéia, Quintana, Vera Cruz, Álvaro de Carvalho", "Populacao Municipio Sede": 1656 }, "geometry": { "type": "Point", "coordinates": [ -49.542389557975696, -22.365799411415971 ] } },
{ "type": "Feature", "properties": { "ID Foro": 3519071.0, "Nome do Foro": "Hortolândia", "Endereco": "RUA ÍMOLA , 75 - JARDIM RESIDENCIAL FIRENZE, 13189-212", "Nome da CJ": "Americana", "ID CJ": 53.0, "Nome da RAJ": "4ª RAJ Campinas", "Cidades no Foro": "Hortolândia", "Cidades na CJ": "Americana, Hortolândia, Nova Odessa, Santa Bárbara d'Oeste, Sumaré", "Populacao Municipio Sede": 236641 }, "geometry": { "type": "Point", "coordinates": [ -47.207744365648317, -22.878430283614694 ] } },
{ "type": "Feature", "properties": { "ID Foro": 3519105.0, "Nome do Foro": "Iacanga", "Endereco": "Rua Padre Jorge Mattar , 150 - Centro, 17180-041", "Nome da CJ": "Araraquara", "ID CJ": 13.0, "Nome da RAJ": "6ª RAJ Ribeirão Preto", "Cidades no Foro": "Iacanga", "Cidades na CJ": "Américo Brasiliense, Araraquara, Borborema, Dobrada, Gavião Peixoto, Iacanga, Ibitinga, Itápolis, Matão, Motuca, Nova Europa, Rincão, Santa Lúcia, Tabatinga", "Populacao Municipio Sede": 10437 }, "geometry": { "type": "Point", "coordinates": [ -49.039623733723268, -21.890904932117188 ] } },
{ "type": "Feature", "properties": { "ID Foro": 3519303.0, "Nome do Foro": "Ibaté", "Endereco": "Rua Albano Buzo , 367 - Jd. Mariana, 14817-012", "Nome da CJ": "São Carlos", "ID CJ": 12.0, "Nome da RAJ": "6ª RAJ Ribeirão Preto", "Cidades no Foro": "Ibaté", "Cidades na CJ": "Boa Esperança do Sul, Descalvado, Dourado, Ibaté, Ribeirão Bonito, São Carlos, Trabiju", "Populacao Municipio Sede": 32178 }, "geometry": { "type": "Point", "coordinates": [ -48.027302313941078, -21.950923781574271 ] } },
{ "type": "Feature", "properties": { "ID Foro": 3519600.0, "Nome do Foro": "Ibitinga", "Endereco": "Rua Prudente de Moraes , 570 - Centro, 14940-103", "Nome da CJ": "Araraquara", "ID CJ": 13.0, "Nome da RAJ": "6ª RAJ Ribeirão Preto", "Cidades no Foro": "Ibitinga, Tabatinga", "Cidades na CJ": "Américo Brasiliense, Araraquara, Borborema, Dobrada, Gavião Peixoto, Iacanga, Ibitinga, Itápolis, Matão, Motuca, Nova Europa, Rincão, Santa Lúcia, Tabatinga", "Populacao Municipio Sede": 60033 }, "geometry": { "type": "Point", "coordinates": [ -48.847812502235001, -21.792952728970263 ] } },
{ "type": "Feature", "properties": { "ID Foro": 3519709.0, "Nome do Foro": "Ibiúna", "Endereco": "Praça Monsenhor Antonio Pepe , 2 - Centro, 18150-000", "Nome da CJ": "Sorocaba", "ID CJ": 19.0, "Nome da RAJ": "10ª RAJ Sorocaba", "Cidades no Foro": "Ibiúna", "Cidades na CJ": "Alumínio, Araçariguama, Araçoiaba da Serra, Ibiúna, Mairinque, Piedade, Pilar do Sul, Salto de Pirapora, Sorocaba, São Roque, Tapiraí, Votorantim", "Populacao Municipio Sede": 75605 }, "geometry": { "type": "Point", "coordinates": [ -47.215251895267095, -23.802382308770163 ] } },
{ "type": "Feature", "properties": { "ID Foro": 3519907.0, "Nome do Foro": "Iepê", "Endereco": "Rua Minas Gerais , 343 - Centro, 19640-000", "Nome da CJ": "Presidente Prudente", "ID CJ": 27.0, "Nome da RAJ": "5ª RAJ Presidente Prudente", "Cidades no Foro": "Iepê, Nantes", "Cidades na CJ": "Alfredo Marcondes, Anhumas, Caiabu, Emilianópolis, Estrela do Norte, Iepê, Indiana, Martinópolis, Nantes, Narandiba, Pirapozinho, Presidente Bernardes, Presidente Prudente, Rancharia, Regente Feijó, Sandovalina, Santo Expedito, Taciba, Tarabai, Álvares Machado", "Populacao Municipio Sede": 7619 }, "geometry": { "type": "Point", "coordinates": [ -51.057179990810205, -22.648630936676575 ] } },
{ "type": "Feature", "properties": { "ID Foro": 3520103.0, "Nome do Foro": "Igarapava", "Endereco": "Rua Capitão Antonio Augusto Maciel , 130 - centro, 14540-000", "Nome da CJ": "Ituverava", "ID CJ": 40.0, "Nome da RAJ": "6ª RAJ Ribeirão Preto", "Cidades no Foro": "Aramina, Buritizal, Igarapava", "Cidades na CJ": "Aramina, Buritizal, Guará, Igarapava, Ipuã, Ituverava, Miguelópolis, São Joaquim da Barra", "Populacao Municipio Sede": 5420 }, "geometry": { "type": "Point", "coordinates": [ -47.820617188572257, -20.145043894570517 ] } },
{ "type": "Feature", "properties": { "ID Foro": 3520301.0, "Nome do Foro": "Iguape", "Endereco": "Rua dos Estudantes , 106 - CENTRO, 11920-000", "Nome da CJ": "Registro", "ID CJ": 21.0, "Nome da RAJ": "7ª RAJ Santos", "Cidades no Foro": "Iguape, Ilha Comprida", "Cidades na CJ": "Barra do Turvo, Cajati, Cananéia, Eldorado, Iguape, Ilha Comprida, Iporanga, Jacupiranga, Juquiá, Miracatu, Pariquera-Açu, Registro, Sete Barras", "Populacao Municipio Sede": 29115 }, "geometry": { "type": "Point", "coordinates": [ -47.47440767441342, -24.549539166672272 ] } },
{ "type": "Feature", "properties": { "ID Foro": 3520442.0, "Nome do Foro": "Ilha Solteira", "Endereco": "Av. Brasil Norte , 1.680 - Zona Norte, 15385-136", "Nome da CJ": "Andradina", "ID CJ": 37.0, "Nome da RAJ": "2ª RAJ Araçatuba", "Cidades no Foro": "Ilha Solteira, Itapura", "Cidades na CJ": "Andradina, Castilho, Guaraçaí, Ilha Solteira, Itapura, Lavínia, Mirandópolis, Murutinga do Sul, Nova Independência, Pereira Barreto, Sud Mennucci, Suzanápolis", "Populacao Municipio Sede": 25549 }, "geometry": { "type": "Point", "coordinates": [ -51.258968089789562, -20.43142785339586 ] } },
{ "type": "Feature", "properties": { "ID Foro": 3520400.0, "Nome do Foro": "Ilhabela", "Endereco": "Rua Benedito dos Anjos Sampaio , 29 - Barra Velha, 11630-091", "Nome da CJ": "Caraguatatuba", "ID CJ": 51.0, "Nome da RAJ": "9ª RAJ São José dos Campos", "Cidades no Foro": "Ilhabela", "Cidades na CJ": "Caraguatatuba, Ilhabela, São Sebastião, Ubatuba", "Populacao Municipio Sede": 34934 }, "geometry": { "type": "Point", "coordinates": [ -45.323223552757618, -23.848501634370152 ] } },
{ "type": "Feature", "properties": { "ID Foro": 3520509.0, "Nome do Foro": "Indaiatuba", "Endereco": "Rua Ademar de Barros , 774 - Centro, 13330-901", "Nome da CJ": "Itu", "ID CJ": 20.0, "Nome da RAJ": "10ª RAJ Sorocaba", "Cidades no Foro": "Indaiatuba", "Cidades na CJ": "Boituva, Cabreúva, Indaiatuba, Iperó, Itu, Porto Feliz, Salto", "Populacao Municipio Sede": 255748 }, "geometry": { "type": "Point", "coordinates": [ -47.202505310875694, -23.106094625770101 ] } },
{ "type": "Feature", "properties": { "ID Foro": 3520905.0, "Nome do Foro": "Ipaussu", "Endereco": "Praça Doutor Breno Noronha , 374 - centro, 18950-024", "Nome da CJ": "Ourinhos", "ID CJ": 25.0, "Nome da RAJ": "3ª RAJ Bauru", "Cidades no Foro": "Bernardino de Campos, Ipaussu", "Cidades na CJ": "Bernardino de Campos, Canitar, Chavantes, Espírito Santo do Turvo, Ipaussu, Manduri, Ourinhos, Piraju, Ribeirão do Sul, Salto Grande, Santa Cruz do Rio Pardo, Sarutaiá, São Pedro do Turvo, Tejupá, Timburi, Óleo", "Populacao Municipio Sede": 11607 }, "geometry": { "type": "Point", "coordinates": [ -49.491890226096082, -23.030760641843031 ] } },
{ "type": "Feature", "properties": { "ID Foro": 3521309.0, "Nome do Foro": "Ipuã", "Endereco": "Avenida Carlos Fernandes , 320 - Centro, 14610-000", "Nome da CJ": "Ituverava", "ID CJ": 40.0, "Nome da RAJ": "6ª RAJ Ribeirão Preto", "Cidades no Foro": "Ipuã", "Cidades na CJ": "Aramina, Buritizal, Guará, Igarapava, Ipuã, Ituverava, Miguelópolis, São Joaquim da Barra", "Populacao Municipio Sede": 14454 }, "geometry": { "type": "Point", "coordinates": [ -48.066501120125267, -20.417485812586236 ] } },
{ "type": "Feature", "properties": { "ID Foro": 3521705.0, "Nome do Foro": "Itaberá", "Endereco": "Rua Coronel José Pedro de Lima , 266 - Centro, 18440-000", "Nome da CJ": "Itapeva", "ID CJ": 49.0, "Nome da RAJ": "10ª RAJ Sorocaba", "Cidades no Foro": "Itaberá", "Cidades na CJ": "Apiaí, Barra do Chapéu, Barão de Antonina, Bom Sucesso de Itararé, Buri, Itaberá, Itapeva, Itapirapuã Paulista, Itaporanga, Itararé, Itaóca, Nova Campina, Ribeira, Ribeirão Branco, Riversul, Taquarivaí", "Populacao Municipio Sede": 17983 }, "geometry": { "type": "Point", "coordinates": [ -49.1424850298854, -23.871310695657101 ] } },
{ "type": "Feature", "properties": { "ID Foro": 3521903.0, "Nome do Foro": "Itajobi", "Endereco": "Rua Said Farhat , 100 - Centro, 15840-000", "Nome da CJ": "Catanduva", "ID CJ": 15.0, "Nome da RAJ": "8ª RAJ São José do Rio Preto", "Cidades no Foro": "Itajobi, Marapoama", "Cidades na CJ": "Ariranha, Catanduva, Catiguá, Elisiário, Ibirá, Irapuã, Itajobi, Marapoama, Novais, Novo Horizonte, Palmares Paulista, Pindorama, Sales, Santa Adélia, Tabapuã, Urupês", "Populacao Municipio Sede": 16989 }, "geometry": { "type": "Point", "coordinates": [ -49.053716820805171, -21.355539414457848 ] } },
{ "type": "Feature", "properties": { "ID Foro": 3522109.0, "Nome do Foro": "Itanhaém", "Endereco": "Avenida Rui Barbosa , 867 - Centro, 11740-000", "Nome da CJ": "Itanhaém", "ID CJ": 56.0, "Nome da RAJ": "7ª RAJ Santos", "Cidades no Foro": "Itanhaém", "Cidades na CJ": "Itanhaém, Itariri, Mongaguá, Pedro de Toledo, Peruíbe", "Populacao Municipio Sede": 112476 }, "geometry": { "type": "Point", "coordinates": [ -46.834539966647007, -24.092243808710752 ] } },
{ "type": "Feature", "properties": { "ID Foro": 3522208.0, "Nome do Foro": "Itapecerica da Serra", "Endereco": "Rua Major Matheus Rotger Domingues , 155 - Centro, 06850-850", "Nome da CJ": "Itapecerica da Serra", "ID CJ": 52.0, "Nome da RAJ": "1ª RAJ Grande São Paulo", "Cidades no Foro": "Itapecerica da Serra, Juquitiba, São Lourenço da Serra", "Cidades na CJ": "Cotia, Embu das Artes, Embu-Guaçu, Itapecerica da Serra, Itapevi, Juquitiba, São Lourenço da Serra, Taboão da Serra, Vargem Grande Paulista", "Populacao Municipio Sede": 158522 }, "geometry": { "type": "Point", "coordinates": [ -46.858805196593451, -23.737198937333201 ] } },
{ "type": "Feature", "properties": { "ID Foro": 3522307.0, "Nome do Foro": "Itapetininga", "Endereco": "Praça Três Poderes , s/n - Jd. Marabá, 18213-540", "Nome da CJ": "Itapetininga", "ID CJ": 22.0, "Nome da RAJ": "10ª RAJ Sorocaba", "Cidades no Foro": "Alambari, Itapetininga, Sarapuí", "Cidades na CJ": "Alambari, Angatuba, Bofete, Campina do Monte Alegre, Capela do Alto, Capão Bonito, Cesário Lange, Guapiara, Guareí, Itapetininga, Porangaba, Quadra, Ribeirão Grande, Sarapuí, São Miguel Arcanjo, Tatuí, Torre de Pedra", "Populacao Municipio Sede": 6141 }, "geometry": { "type": "Point", "coordinates": [ -47.869050653725246, -23.548927142975408 ] } },
{ "type": "Feature", "properties": { "ID Foro": 3522406.0, "Nome do Foro": "Itapeva", "Endereco": "Avenida Dona Paulina de Morais , 444 - Vila Ophélia, 18400-818", "Nome da CJ": "Itapeva", "ID CJ": 49.0, "Nome da RAJ": "10ª RAJ Sorocaba", "Cidades no Foro": "Itapeva, Nova Campina, Ribeirão Branco, Taquarivaí", "Cidades na CJ": "Apiaí, Barra do Chapéu, Barão de Antonina, Bom Sucesso de Itararé, Buri, Itaberá, Itapeva, Itapirapuã Paulista, Itaporanga, Itararé, Itaóca, Nova Campina, Ribeira, Ribeirão Branco, Riversul, Taquarivaí", "Populacao Municipio Sede": 89728 }, "geometry": { "type": "Point", "coordinates": [ -48.871716777680028, -23.914075364377432 ] } },
{ "type": "Feature", "properties": { "ID Foro": 3522505.0, "Nome do Foro": "Itapevi", "Endereco": "Rua Vereador Dr. Cid Manoel de Oliveira , 405 - Jd. Santa Rita, 06660-280", "Nome da CJ": "Itapecerica da Serra", "ID CJ": 52.0, "Nome da RAJ": "1ª RAJ Grande São Paulo", "Cidades no Foro": "Itapevi", "Cidades na CJ": "Cotia, Embu das Artes, Embu-Guaçu, Itapecerica da Serra, Itapevi, Juquitiba, São Lourenço da Serra, Taboão da Serra, Vargem Grande Paulista", "Populacao Municipio Sede": 232297 }, "geometry": { "type": "Point", "coordinates": [ -46.967658182131906, -23.55095591925911 ] } },
{ "type": "Feature", "properties": { "ID Foro": 3522604.0, "Nome do Foro": "Itapira", "Endereco": "Praça Coronel Souza Ferreira , s/n - Centro, 13970-906", "Nome da CJ": "Mogi Mirim", "ID CJ": 7.0, "Nome da RAJ": "4ª RAJ Campinas", "Cidades no Foro": "Itapira", "Cidades na CJ": "Artur Nogueira, Conchal, Engenheiro Coelho, Estiva Gerbi, Holambra, Itapira, Mogi Guaçu, Mogi Mirim", "Populacao Municipio Sede": 72022 }, "geometry": { "type": "Point", "coordinates": [ -46.772094279843479, -22.431962884646559 ] } },
{ "type": "Feature", "properties": { "ID Foro": 3522802.0, "Nome do Foro": "Itaporanga", "Endereco": "Avenida Santa Cruz , 59 - Centro, 18480-000", "Nome da CJ": "Itapeva", "ID CJ": 49.0, "Nome da RAJ": "10ª RAJ Sorocaba", "Cidades no Foro": "Barão de Antonina, Itaporanga, Riversul", "Cidades na CJ": "Apiaí, Barra do Chapéu, Barão de Antonina, Bom Sucesso de Itararé, Buri, Itaberá, Itapeva, Itapirapuã Paulista, Itaporanga, Itararé, Itaóca, Nova Campina, Ribeira, Ribeirão Branco, Riversul, Taquarivaí", "Populacao Municipio Sede": 3531 }, "geometry": { "type": "Point", "coordinates": [ -49.571965283854702, -23.582917921998124 ] } },
{ "type": "Feature", "properties": { "ID Foro": 3523107.0, "Nome do Foro": "Itaquaquecetuba", "Endereco": "Estr. Santa Isabel , 1170-1194 - Jd Cláudia, 08570-080", "Nome da CJ": "Mogi das Cruzes", "ID CJ": 45.0, "Nome da RAJ": "1ª RAJ Grande São Paulo", "Cidades no Foro": "Itaquaquecetuba", "Cidades na CJ": "Biritiba-Mirim, Ferraz de Vasconcelos, Guararema, Itaquaquecetuba, Mogi das Cruzes, Poá, Suzano", "Populacao Municipio Sede": 369275 }, "geometry": { "type": "Point", "coordinates": [ -46.333863792703951, -23.461458057813434 ] } },
{ "type": "Feature", "properties": { "ID Foro": 3523206.0, "Nome do Foro": "Itararé", "Endereco": "Rua Frei Caneca , 982 - Vila Jurandir, 18460-164", "Nome da CJ": "Itapeva", "ID CJ": 49.0, "Nome da RAJ": "10ª RAJ Sorocaba", "Cidades no Foro": "Bom Sucesso de Itararé, Itararé", "Cidades na CJ": "Apiaí, Barra do Chapéu, Barão de Antonina, Bom Sucesso de Itararé, Buri, Itaberá, Itapeva, Itapirapuã Paulista, Itaporanga, Itararé, Itaóca, Nova Campina, Ribeira, Ribeirão Branco, Riversul, Taquarivaí", "Populacao Municipio Sede": 3555 }, "geometry": { "type": "Point", "coordinates": [ -49.164620418677544, -24.315950348423247 ] } },
{ "type": "Feature", "properties": { "ID Foro": 3523305.0, "Nome do Foro": "Itariri", "Endereco": "Rua Engº José Claret de Toledo Goulart , 41 - Centro, 11760-000", "Nome da CJ": "Itanhaém", "ID CJ": 56.0, "Nome da RAJ": "7ª RAJ Santos", "Cidades no Foro": "Itariri, Pedro de Toledo", "Cidades na CJ": "Itanhaém, Itariri, Mongaguá, Pedro de Toledo, Peruíbe", "Populacao Municipio Sede": 15528 }, "geometry": { "type": "Point", "coordinates": [ -47.128140707910994, -24.292699162757536 ] } },
{ "type": "Feature", "properties": { "ID Foro": 3523404.0, "Nome do Foro": "Itatiba", "Endereco": "Avenida Barão de Itapema , 181 - Centro, 13250-902", "Nome da CJ": "Jundiaí", "ID CJ": 5.0, "Nome da RAJ": "4ª RAJ Campinas", "Cidades no Foro": "Itatiba, Morungaba", "Cidades na CJ": "Caieiras, Cajamar, Campo Limpo Paulista, Francisco Morato, Franco da Rocha, Itatiba, Itupeva, Jundiaí, Louveira, Morungaba, Vinhedo, Várzea Paulista", "Populacao Municipio Sede": 121590 }, "geometry": { "type": "Point", "coordinates": [ -46.81431206915196, -23.006710595128183 ] } },
{ "type": "Feature", "properties": { "ID Foro": 3523503.0, "Nome do Foro": "Itatinga", "Endereco": "Rua Major Prado , 405 - Centro, 18690-000", "Nome da CJ": "Botucatu", "ID CJ": 23.0, "Nome da RAJ": "3ª RAJ Bauru", "Cidades no Foro": "Itatinga", "Cidades na CJ": "Anhembi, Areiópolis, Botucatu, Conchas, Itatinga, Pardinho, Pereiras, Pratânia, São Manuel", "Populacao Municipio Sede": 19070 }, "geometry": { "type": "Point", "coordinates": [ -48.629363838580858, -23.153661867360277 ] } },
{ "type": "Feature", "properties": { "ID Foro": 3521804.0, "Nome do Foro": "Itaí", "Endereco": "Praça da Colonização Japonesa , 220 - V. Florentino Dognani, 18730-000", "Nome da CJ": "Avaré", "ID CJ": 24.0, "Nome da RAJ": "3ª RAJ Bauru", "Cidades no Foro": "Itaí", "Cidades na CJ": "Arandu, Avaré, Cerqueira César, Coronel Macedo, Fartura, Iaras, Itaí, Paranapanema, Taguaí, Taquarituba, Águas de Santa Bárbara", "Populacao Municipio Sede": 25180 }, "geometry": { "type": "Point", "coordinates": [ -49.054163327394626, -23.471482174573211 ] } },
{ "type": "Feature", "properties": { "ID Foro": 3523602.0, "Nome do Foro": "Itirapina", "Endereco": "Rua 1 , 180 - Centro, 13530-000", "Nome da CJ": "Rio Claro", "ID CJ": 9.0, "Nome da RAJ": "4ª RAJ Campinas", "Cidades no Foro": "Analândia, Itirapina", "Cidades na CJ": "Analândia, Brotas, Corumbataí, Ipeúna, Itirapina, Rio Claro, Santa Gertrudes, Torrinha", "Populacao Municipio Sede": 4589 }, "geometry": { "type": "Point", "coordinates": [ -47.677953119847963, -22.121096551043888 ] } },
{ "type": "Feature", "properties": { "ID Foro": 3523909.0, "Nome do Foro": "Itu", "Endereco": "Rua Luiz Bolognesi , s/n - Brasil, 13301-900", "Nome da CJ": "Itu", "ID CJ": 20.0, "Nome da RAJ": "10ª RAJ Sorocaba", "Cidades no Foro": "Itu", "Cidades na CJ": "Boituva, Cabreúva, Indaiatuba, Iperó, Itu, Porto Feliz, Salto", "Populacao Municipio Sede": 168240 }, "geometry": { "type": "Point", "coordinates": [ -47.284608501163831, -23.307142541691867 ] } },
{ "type": "Feature", "properties": { "ID Foro": 3524006.0, "Nome do Foro": "Itupeva", "Endereco": "Avenida Brasil , 1765, equina c/ Rua Arnaldo Zumstein - Jardim Brasil, 13296082", "Nome da CJ": "Jundiaí", "ID CJ": 5.0, "Nome da RAJ": "4ª RAJ Campinas", "Cidades no Foro": "Itupeva", "Cidades na CJ": "Caieiras, Cajamar, Campo Limpo Paulista, Francisco Morato, Franco da Rocha, Itatiba, Itupeva, Jundiaí, Louveira, Morungaba, Vinhedo, Várzea Paulista", "Populacao Municipio Sede": 70616 }, "geometry": { "type": "Point", "coordinates": [ -47.068382006269779, -23.14649173418924 ] } },
{ "type": "Feature", "properties": { "ID Foro": 3524105.0, "Nome do Foro": "Ituverava", "Endereco": "Avenida Anhanguera , 778 - Cidade Universitária, 14500-000", "Nome da CJ": "Ituverava", "ID CJ": 40.0, "Nome da RAJ": "6ª RAJ Ribeirão Preto", "Cidades no Foro": "Ituverava", "Cidades na CJ": "Aramina, Buritizal, Guará, Igarapava, Ipuã, Ituverava, Miguelópolis, São Joaquim da Barra", "Populacao Municipio Sede": 37571 }, "geometry": { "type": "Point", "coordinates": [ -47.809610344596081, -20.329521852376647 ] } },
{ "type": "Feature", "properties": { "ID Foro": 3522703.0, "Nome do Foro": "Itápolis", "Endereco": "Avenida dos Amaros , 800 - Centro, 14900-000", "Nome da CJ": "Araraquara", "ID CJ": 13.0, "Nome da RAJ": "6ª RAJ Ribeirão Preto", "Cidades no Foro": "Itápolis", "Cidades na CJ": "Américo Brasiliense, Araraquara, Borborema, Dobrada, Gavião Peixoto, Iacanga, Ibitinga, Itápolis, Matão, Motuca, Nova Europa, Rincão, Santa Lúcia, Tabatinga", "Populacao Municipio Sede": 39493 }, "geometry": { "type": "Point", "coordinates": [ -48.815469006560242, -21.548101493672625 ] } },
{ "type": "Feature", "properties": { "ID Foro": 3524303.0, "Nome do Foro": "Jaboticabal", "Endereco": "Praça do Café , s/n - Jardim Bela Vista, 14870-901", "Nome da CJ": "Jaboticabal", "ID CJ": 42.0, "Nome da RAJ": "6ª RAJ Ribeirão Preto", "Cidades no Foro": "Jaboticabal, Taiaçu, Taiúva", "Cidades na CJ": "Cândido Rodrigues, Fernando Prestes, Guariba, Jaboticabal, Monte Alto, Pirangi, Pitangueiras, Pradópolis, Santa Ernestina, Taiaçu, Taiúva, Taquaral, Taquaritinga, Vista Alegre do Alto", "Populacao Municipio Sede": 71821 }, "geometry": { "type": "Point", "coordinates": [ -48.287935442728759, -21.218324623706089 ] } },
{ "type": "Feature", "properties": { "ID Foro": 3524402.0, "Nome do Foro": "Jacareí", "Endereco": "Praça dos Três Poderes , s/n - Centro, 12327-902", "Nome da CJ": "São José dos Campos", "ID CJ": 46.0, "Nome da RAJ": "9ª RAJ São José dos Campos", "Cidades no Foro": "Jacareí", "Cidades na CJ": "Jacareí, Monteiro Lobato, Natividade da Serra, Paraibuna, Salesópolis, Santa Branca, São José dos Campos", "Populacao Municipio Sede": 240275 }, "geometry": { "type": "Point", "coordinates": [ -45.990471909179355, -23.29889086135929 ] } },
{ "type": "Feature", "properties": { "ID Foro": 3524600.0, "Nome do Foro": "Jacupiranga", "Endereco": "Avenida Presidente Kennedy , 299 - Centro, 11940-000", "Nome da CJ": "Registro", "ID CJ": 21.0, "Nome da RAJ": "7ª RAJ Santos", "Cidades no Foro": "Barra do Turvo, Cajati, Jacupiranga", "Cidades na CJ": "Barra do Turvo, Cajati, Cananéia, Eldorado, Iguape, Ilha Comprida, Iporanga, Jacupiranga, Juquiá, Miracatu, Pariquera-Açu, Registro, Sete Barras", "Populacao Municipio Sede": 6876 }, "geometry": { "type": "Point", "coordinates": [ -48.426977387526129, -24.888751336861397 ] } },
{ "type": "Feature", "properties": { "ID Foro": 3524709.0, "Nome do Foro": "Jaguariúna", "Endereco": "Rua Santo Antônio de Posse , 259 - Jd. Dom Bosco (Loteamento Prefeitura), 13911-016", "Nome da CJ": "Amparo", "ID CJ": 54.0, "Nome da RAJ": "4ª RAJ Campinas", "Cidades no Foro": "Jaguariúna, Santo Antônio de Posse", "Cidades na CJ": "Amparo, Jaguariúna, Lindóia, Monte Alegre do Sul, Pedreira, Santo Antônio de Posse, Serra Negra, Socorro, Águas de Lindóia", "Populacao Municipio Sede": 59347 }, "geometry": { "type": "Point", "coordinates": [ -47.012774338423519, -22.691981725193241 ] } },
{ "type": "Feature", "properties": { "ID Foro": 3524808.0, "Nome do Foro": "Jales", "Endereco": "Rua Nove , 2.231 - Centro, 15700-018", "Nome da CJ": "Jales", "ID CJ": 55.0, "Nome da RAJ": "2ª RAJ Araçatuba", "Cidades no Foro": "Dirce Reis, Jales, Mesópolis, Paranapuã, Pontalinda, Santa Albertina, Vitória Brasil", "Cidades na CJ": "Aparecida d'Oeste, Aspásia, Auriflama, Dirce Reis, Guzolândia, Jales, Marinópolis, Mesópolis, Nova Canaã Paulista, Palmeira d'Oeste, Paranapuã, Pontalinda, Rubinéia, Santa Albertina, Santa Clara d'Oeste, Santa Fé do Sul, Santa Rita d'Oeste, Santa Salete, Santana da Ponte Pensa, São Francisco, Três Fronteiras, Urânia, Vitória Brasil", "Populacao Municipio Sede": 1620 }, "geometry": { "type": "Point", "coordinates": [ -50.628139882529062, -20.448445011558874 ] } },
{ "type": "Feature", "properties": { "ID Foro": 3525003.0, "Nome do Foro": "Jandira", "Endereco": "Avenida Antonio Bardella , 401 - JD. SÃO LUIZ, 06618-000", "Nome da CJ": "Osasco", "ID CJ": 4.0, "Nome da RAJ": "1ª RAJ Grande São Paulo", "Cidades no Foro": "Jandira", "Cidades na CJ": "Barueri, Carapicuíba, Jandira, Osasco, Pirapora do Bom Jesus, Santana de Parnaíba", "Populacao Municipio Sede": 118045 }, "geometry": { "type": "Point", "coordinates": [ -46.899684105067777, -23.544151647623032 ] } },
{ "type": "Feature", "properties": { "ID Foro": 3525102.0, "Nome do Foro": "Jardinópolis", "Endereco": "Praça Doutor Mário Lins , s/n - centro, 14680-000", "Nome da CJ": "Ribeirão Preto", "ID CJ": 41.0, "Nome da RAJ": "6ª RAJ Ribeirão Preto", "Cidades no Foro": "Jardinópolis", "Cidades na CJ": "Barrinha, Cajuru, Cravinhos, Cássia dos Coqueiros, Dumont, Guatapará, Jardinópolis, Luís Antônio, Pontal, Ribeirão Preto, Santa Cruz da Esperança, Santa Rosa de Viterbo, Serra Azul, Serrana, Sertãozinho, São Simão", "Populacao Municipio Sede": 45282 }, "geometry": { "type": "Point", "coordinates": [ -47.826020590316489, -20.992048702032452 ] } },
{ "type": "Feature", "properties": { "ID Foro": 3525201.0, "Nome do Foro": "Jarinu", "Endereco": "Avenida Dr. Antenor Soares Gandra , 465 - Jardim da Saúde, 13240-000", "Nome da CJ": "Bragança Paulista", "ID CJ": 6.0, "Nome da RAJ": "4ª RAJ Campinas", "Cidades no Foro": "Jarinu", "Cidades na CJ": "Atibaia, Bom Jesus dos Perdões, Bragança Paulista, Jarinu, Joanópolis, Nazaré Paulista, Pedra Bela, Pinhalzinho, Piracaia, Tuiuti, Vargem", "Populacao Municipio Sede": 37535 }, "geometry": { "type": "Point", "coordinates": [ -46.721309807263999, -23.111969777200351 ] } },
{ "type": "Feature", "properties": { "ID Foro": 3525300.0, "Nome do Foro": "Jaú", "Endereco": "Avenida Rodolpho Magnani , s/n - Centro, 17210-100", "Nome da CJ": "Jaú", "ID CJ": 33.0, "Nome da RAJ": "3ª RAJ Bauru", "Cidades no Foro": "Bocaina, Itapuí, Jaú, Mineiros do Tietê", "Cidades na CJ": "Bariri, Barra Bonita, Bocaina, Boracéia, Dois Córregos, Igaraçu do Tietê, Itaju, Itapuí, Jaú, Macatuba, Mineiros do Tietê, Pederneiras", "Populacao Municipio Sede": 11259 }, "geometry": { "type": "Point", "coordinates": [ -48.529067121495238, -22.105439225619772 ] } },
{ "type": "Feature", "properties": { "ID Foro": 3525706.0, "Nome do Foro": "José Bonifácio", "Endereco": "Av. Monsenhor Ângelo Angioni , 1.000 - Jd. das Palmeiras, 15200-000", "Nome da CJ": "São José do Rio Preto", "ID CJ": 16.0, "Nome da RAJ": "8ª RAJ São José do Rio Preto", "Cidades no Foro": "Adolfo, José Bonifácio, Mendonça, Ubarana", "Cidades na CJ": "Adolfo, Américo de Campos, Bady Bassitt, Bálsamo, Cedral, Cosmorama, Guapiaçu, Icém, Ipiguá, Jaci, José Bonifácio, Macaubal, Mendonça, Mirassol, Mirassolândia, Monte Aprazível, Neves Paulista, Nipoã, Nova Aliança, Nova Granada, Onda Verde, Orindiúva, Palestina, Paulo de Faria, Poloni, Potirendaba, Riolândia, Sebastianópolis do Sul, São José do Rio Preto, Tanabi, Ubarana, Uchoa, União Paulista", "Populacao Municipio Sede": 4351 }, "geometry": { "type": "Point", "coordinates": [ -49.653273609806782, -21.288681407336686 ] } },
{ "type": "Feature", "properties": { "ID Foro": 3525904.0, "Nome do Foro": "Jundiaí", "Endereco": "Largo São Bento , s/nº - Centro, 13201-035", "Nome da CJ": "Jundiaí", "ID CJ": 5.0, "Nome da RAJ": "4ª RAJ Campinas", "Cidades no Foro": "Jundiaí", "Cidades na CJ": "Caieiras, Cajamar, Campo Limpo Paulista, Francisco Morato, Franco da Rocha, Itatiba, Itupeva, Jundiaí, Louveira, Morungaba, Vinhedo, Várzea Paulista", "Populacao Municipio Sede": 443221 }, "geometry": { "type": "Point", "coordinates": [ -46.913012423273564, -23.194607493643787 ] } },
{ "type": "Feature", "properties": { "ID Foro": 3526001.0, "Nome do Foro": "Junqueirópolis", "Endereco": "Rua Porto Alegre , 1230 - Centro, 17890-000", "Nome da CJ": "Dracena", "ID CJ": 29.0, "Nome da RAJ": "5ª RAJ Presidente Prudente", "Cidades no Foro": "Junqueirópolis", "Cidades na CJ": "Dracena, Flora Rica, Irapuru, Junqueirópolis, Monte Castelo, Nova Guataporanga, Ouro Verde, Pacaembu, Panorama, Paulicéia, Santa Mercedes, São João do Pau d'Alho, Tupi Paulista", "Populacao Municipio Sede": 20448 }, "geometry": { "type": "Point", "coordinates": [ -51.435060416620637, -21.448922591576313 ] } },
{ "type": "Feature", "properties": { "ID Foro": 3526100.0, "Nome do Foro": "Juquiá", "Endereco": "Rua Major Martins Coelho , 439 - Centro, 11800-000", "Nome da CJ": "Registro", "ID CJ": 21.0, "Nome da RAJ": "7ª RAJ Santos", "Cidades no Foro": "Juquiá", "Cidades na CJ": "Barra do Turvo, Cajati, Cananéia, Eldorado, Iguape, Ilha Comprida, Iporanga, Jacupiranga, Juquiá, Miracatu, Pariquera-Açu, Registro, Sete Barras", "Populacao Municipio Sede": 17154 }, "geometry": { "type": "Point", "coordinates": [ -47.65226402519442, -24.213669496574166 ] } },
{ "type": "Feature", "properties": { "ID Foro": 3526407.0, "Nome do Foro": "Laranjal Paulista", "Endereco": "Avenida Prefeito Hermelindo Pillon , s/n - Jardim Elite, 18500-000", "Nome da CJ": "Piracicaba", "ID CJ": 34.0, "Nome da RAJ": "4ª RAJ Campinas", "Cidades no Foro": "Laranjal Paulista", "Cidades na CJ": "Capivari, Cerquilho, Charqueada, Elias Fausto, Jumirim, Laranjal Paulista, Mombuca, Monte Mor, Piracicaba, Rafard, Rio das Pedras, Saltinho, Santa Maria da Serra, São Pedro, Tietê, Águas de São Pedro", "Populacao Municipio Sede": 26261 }, "geometry": { "type": "Point", "coordinates": [ -47.865683385731771, -23.012174981902223 ] } },
{ "type": "Feature", "properties": { "ID Foro": 3526704.0, "Nome do Foro": "Leme", "Endereco": "Rua Bernardino de Campos , 770 - Centro, 13610-901", "Nome da CJ": "Pirassununga", "ID CJ": 11.0, "Nome da RAJ": "4ª RAJ Campinas", "Cidades no Foro": "Leme, Santa Cruz da Conceição", "Cidades na CJ": "Leme, Pirassununga, Porto Ferreira, Santa Cruz da Conceição, Santa Rita do Passa Quatro", "Populacao Municipio Sede": 98161 }, "geometry": { "type": "Point", "coordinates": [ -47.337624951954488, -22.172152285313231 ] } },
{ "type": "Feature", "properties": { "ID Foro": 3526803.0, "Nome do Foro": "Lençóis Paulista", "Endereco": "Avenida Padre Salústio Rodrigues Machado , 599 - Jardim Ubirama, 18683-471", "Nome da CJ": "Bauru", "ID CJ": 32.0, "Nome da RAJ": "3ª RAJ Bauru", "Cidades no Foro": "Borebi, Lençóis Paulista", "Cidades na CJ": "Agudos, Arealva, Avaí, Balbinos, Bauru, Borebi, Cabrália Paulista, Duartina, Lençóis Paulista, Lucianópolis, Paulistânia, Pirajuí, Piratininga, Pongaí, Presidente Alves, Reginópolis, Ubirajara, Uru", "Populacao Municipio Sede": 2713 }, "geometry": { "type": "Point", "coordinates": [ -48.992301101201562, -22.680680432377574 ] } },
{ "type": "Feature", "properties": { "ID Foro": 3526902.0, "Nome do Foro": "Limeira", "Endereco": "VIA ANTONIO CRUÃNES FILHO , 300 - JD STA CECILIA, 13480-672", "Nome da CJ": "Limeira", "ID CJ": 10.0, "Nome da RAJ": "4ª RAJ Campinas", "Cidades no Foro": "Iracemápolis, Limeira", "Cidades na CJ": "Araras, Cordeirópolis, Iracemápolis, Limeira", "Populacao Municipio Sede": 21967 }, "geometry": { "type": "Point", "coordinates": [ -47.524214000954302, -22.593701991259717 ] } },
{ "type": "Feature", "properties": { "ID Foro": 3527108.0, "Nome do Foro": "Lins", "Endereco": "Rua Gil Pimentel Moura , 51 - Jd. Americano, 16400-920", "Nome da CJ": "Lins", "ID CJ": 35.0, "Nome da RAJ": "2ª RAJ Araçatuba", "Cidades no Foro": "Guaiçara, Lins, Sabino", "Cidades na CJ": "Cafelândia, Getulina, Guaimbê, Guaiçara, Guarantã, Júlio Mesquita, Lins, Promissão, Sabino", "Populacao Municipio Sede": 11239 }, "geometry": { "type": "Point", "coordinates": [ -49.76274893658109, -21.569507576785892 ] } },
{ "type": "Feature", "properties": { "ID Foro": 3527207.0, "Nome do Foro": "Lorena", "Endereco": "Rua Doutor Epitácio Santiago , 99 - Centro, 12600-530", "Nome da CJ": "Guaratinguetá", "ID CJ": 48.0, "Nome da RAJ": "9ª RAJ São José dos Campos", "Cidades no Foro": "Canas, Lorena", "Cidades na CJ": "Aparecida, Arapeí, Areias, Bananal, Cachoeira Paulista, Canas, Cruzeiro, Cunha, Guaratinguetá, Lavrinhas, Lorena, Piquete, Potim, Queluz, Roseira, Silveiras, São José do Barreiro", "Populacao Municipio Sede": 4931 }, "geometry": { "type": "Point", "coordinates": [ -45.041337096269139, -22.730069918526297 ] } },
{ "type": "Feature", "properties": { "ID Foro": 3527306.0, "Nome do Foro": "Louveira", "Endereco": "Rua Antonio Schiamanna , 126 - Vila Nova, 13290-024", "Nome da CJ": "Jundiaí", "ID CJ": 5.0, "Nome da RAJ": "4ª RAJ Campinas", "Cidades no Foro": "Louveira", "Cidades na CJ": "Caieiras, Cajamar, Campo Limpo Paulista, Francisco Morato, Franco da Rocha, Itatiba, Itupeva, Jundiaí, Louveira, Morungaba, Vinhedo, Várzea Paulista", "Populacao Municipio Sede": 51847 }, "geometry": { "type": "Point", "coordinates": [ -46.937610331914549, -23.084042066600194 ] } },
{ "type": "Feature", "properties": { "ID Foro": 3527405.0, "Nome do Foro": "Lucélia", "Endereco": "Praça José Firpo , s/nº - Centro, 17780-000", "Nome da CJ": "Tupã", "ID CJ": 30.0, "Nome da RAJ": "5ª RAJ Presidente Prudente", "Cidades no Foro": "Inúbia Paulista, Lucélia, Pracinha", "Cidades na CJ": "Adamantina, Arco-Íris, Bastos, Flórida Paulista, Herculândia, Iacri, Inúbia Paulista, Lucélia, Mariápolis, Osvaldo Cruz, Parapuã, Pracinha, Queiroz, Rinópolis, Sagres, Salmourão, Tupã", "Populacao Municipio Sede": 3615 }, "geometry": { "type": "Point", "coordinates": [ -50.957405742460246, -21.739019182550759 ] } },
{ "type": "Feature", "properties": { "ID Foro": 3528007.0, "Nome do Foro": "Macatuba", "Endereco": "Rua Sergipe , 1-36 - Jd. Panorama, 17290-326", "Nome da CJ": "Jaú", "ID CJ": 33.0, "Nome da RAJ": "3ª RAJ Bauru", "Cidades no Foro": "Macatuba", "Cidades na CJ": "Bariri, Barra Bonita, Bocaina, Boracéia, Dois Córregos, Igaraçu do Tietê, Itaju, Itapuí, Jaú, Macatuba, Mineiros do Tietê, Pederneiras", "Populacao Municipio Sede": 16829 }, "geometry": { "type": "Point", "coordinates": [ -48.719376393274949, -22.487127739151671 ] } },
{ "type": "Feature", "properties": { "ID Foro": 3528106.0, "Nome do Foro": "Macaubal", "Endereco": "Rua Sebastião Dib , 668 - Centro, 15270-000", "Nome da CJ": "São José do Rio Preto", "ID CJ": 16.0, "Nome da RAJ": "8ª RAJ São José do Rio Preto", "Cidades no Foro": "Macaubal, Sebastianópolis do Sul, União Paulista", "Cidades na CJ": "Adolfo, Américo de Campos, Bady Bassitt, Bálsamo, Cedral, Cosmorama, Guapiaçu, Icém, Ipiguá, Jaci, José Bonifácio, Macaubal, Mendonça, Mirassol, Mirassolândia, Monte Aprazível, Neves Paulista, Nipoã, Nova Aliança, Nova Granada, Onda Verde, Orindiúva, Palestina, Paulo de Faria, Poloni, Potirendaba, Riolândia, Sebastianópolis do Sul, São José do Rio Preto, Tanabi, Ubarana, Uchoa, União Paulista", "Populacao Municipio Sede": 7481 }, "geometry": { "type": "Point", "coordinates": [ -49.975005422834968, -20.83793023133331 ] } },
{ "type": "Feature", "properties": { "ID Foro": 3528403.0, "Nome do Foro": "Mairinque", "Endereco": "Avenida Doutor Gaspar Ricardo Jr. , 185 - Centro, 18120-000", "Nome da CJ": "Sorocaba", "ID CJ": 19.0, "Nome da RAJ": "10ª RAJ Sorocaba", "Cidades no Foro": "Alumínio, Mairinque", "Cidades na CJ": "Alumínio, Araçariguama, Araçoiaba da Serra, Ibiúna, Mairinque, Piedade, Pilar do Sul, Salto de Pirapora, Sorocaba, São Roque, Tapiraí, Votorantim", "Populacao Municipio Sede": 17301 }, "geometry": { "type": "Point", "coordinates": [ -47.281265506124967, -23.532997569272133 ] } },
{ "type": "Feature", "properties": { "ID Foro": 3528502.0, "Nome do Foro": "Mairiporã", "Endereco": "Rua Doutor José Adriano Marrey Jr. , 780 - Jardim Galrão, 07600-225", "Nome da CJ": "Guarulhos", "ID CJ": 44.0, "Nome da RAJ": "1ª RAJ Grande São Paulo", "Cidades no Foro": "Mairiporã", "Cidades na CJ": "Arujá, Guarulhos, Igaratá, Mairiporã, Santa Isabel", "Populacao Municipio Sede": 93853 }, "geometry": { "type": "Point", "coordinates": [ -46.561281528404471, -23.317257149885325 ] } },
{ "type": "Feature", "properties": { "ID Foro": 3528809.0, "Nome do Foro": "Maracaí", "Endereco": "Avenida São Paulo , 440 - Centro, 19840-011", "Nome da CJ": "Assis", "ID CJ": 26.0, "Nome da RAJ": "5ª RAJ Presidente Prudente", "Cidades no Foro": "Cruzália, Maracaí, Pedrinhas Paulista", "Cidades na CJ": "Assis, Borá, Campos Novos Paulista, Cruzália, Cândido Mota, Echaporã, Florínia, Ibirarema, João Ramalho, Lutécia, Maracaí, Oscar Bressane, Palmital, Paraguaçu Paulista, Pedrinhas Paulista, Platina, Quatá, Tarumã", "Populacao Municipio Sede": 2108 }, "geometry": { "type": "Point", "coordinates": [ -50.769050051920651, -22.73799088098756 ] } },
{ "type": "Feature", "properties": { "ID Foro": 3529203.0, "Nome do Foro": "Martinópolis", "Endereco": "Rua José Henrique de Mello , 158 - Centro, 19500-000", "Nome da CJ": "Presidente Prudente", "ID CJ": 27.0, "Nome da RAJ": "5ª RAJ Presidente Prudente", "Cidades no Foro": "Indiana, Martinópolis", "Cidades na CJ": "Alfredo Marcondes, Anhumas, Caiabu, Emilianópolis, Estrela do Norte, Iepê, Indiana, Martinópolis, Nantes, Narandiba, Pirapozinho, Presidente Bernardes, Presidente Prudente, Rancharia, Regente Feijó, Sandovalina, Santo Expedito, Taciba, Tarabai, Álvares Machado", "Populacao Municipio Sede": 5090 }, "geometry": { "type": "Point", "coordinates": [ -51.262551520608163, -22.133236730770534 ] } },
{ "type": "Feature", "properties": { "ID Foro": 3529005.0, "Nome do Foro": "Marília", "Endereco": "Rua Lourival Freire , 120 - Fragata, 17519-902", "Nome da CJ": "Marília", "ID CJ": 31.0, "Nome da RAJ": "5ª RAJ Presidente Prudente", "Cidades no Foro": "Marília, Ocauçu, Vera Cruz", "Cidades na CJ": "Alvinlândia, Fernão, Garça, Gália, Lupércio, Marília, Ocauçu, Oriente, Pompéia, Quintana, Vera Cruz, Álvaro de Carvalho", "Populacao Municipio Sede": 237627 }, "geometry": { "type": "Point", "coordinates": [ -49.983091663084451, -22.177788412785993 ] } },
{ "type": "Feature", "properties": { "ID Foro": 3529302.0, "Nome do Foro": "Matão", "Endereco": "Rua Leandro Bocchi , 560 - Residencial Monte Carlo, 15991-152", "Nome da CJ": "Araraquara", "ID CJ": 13.0, "Nome da RAJ": "6ª RAJ Ribeirão Preto", "Cidades no Foro": "Dobrada, Matão", "Cidades na CJ": "Américo Brasiliense, Araraquara, Borborema, Dobrada, Gavião Peixoto, Iacanga, Ibitinga, Itápolis, Matão, Motuca, Nova Europa, Rincão, Santa Lúcia, Tabatinga", "Populacao Municipio Sede": 8759 }, "geometry": { "type": "Point", "coordinates": [ -48.357317210679028, -21.516124151090299 ] } },
{ "type": "Feature", "properties": { "ID Foro": 3529401.0, "Nome do Foro": "Mauá", "Endereco": "Avenida João Ramalho , 111 - Centro, 09371-901", "Nome da CJ": "Santo André", "ID CJ": 3.0, "Nome da RAJ": "1ª RAJ Grande São Paulo", "Cidades no Foro": "Mauá", "Cidades na CJ": "Mauá, Ribeirão Pires, Rio Grande da Serra, Santo André, São Caetano do Sul", "Populacao Municipio Sede": 418261 }, "geometry": { "type": "Point", "coordinates": [ -46.446382664082066, -23.666162041835744 ] } },
{ "type": "Feature", "properties": { "ID Foro": 3529708.0, "Nome do Foro": "Miguelópolis", "Endereco": "Rua Pedro Cristino da Silva , 1005 - Centro, 14530-000", "Nome da CJ": "Ituverava", "ID CJ": 40.0, "Nome da RAJ": "6ª RAJ Ribeirão Preto", "Cidades no Foro": "Miguelópolis", "Cidades na CJ": "Aramina, Buritizal, Guará, Igarapava, Ipuã, Ituverava, Miguelópolis, São Joaquim da Barra", "Populacao Municipio Sede": 19441 }, "geometry": { "type": "Point", "coordinates": [ -48.105475609080493, -20.184696977010333 ] } },
{ "type": "Feature", "properties": { "ID Foro": 3529906.0, "Nome do Foro": "Miracatu", "Endereco": "Avenida Dona Evarista de Castro Ferreira , 50 - Centro, 11850-000", "Nome da CJ": "Registro", "ID CJ": 21.0, "Nome da RAJ": "7ª RAJ Santos", "Cidades no Foro": "Miracatu", "Cidades na CJ": "Barra do Turvo, Cajati, Cananéia, Eldorado, Iguape, Ilha Comprida, Iporanga, Jacupiranga, Juquiá, Miracatu, Pariquera-Açu, Registro, Sete Barras", "Populacao Municipio Sede": 18553 }, "geometry": { "type": "Point", "coordinates": [ -47.394686482705445, -24.195064161742913 ] } },
{ "type": "Feature", "properties": { "ID Foro": 3530102.0, "Nome do Foro": "Mirandópolis", "Endereco": "Rua Adelino Minari , 726 - Centro, 16800-000", "Nome da CJ": "Andradina", "ID CJ": 37.0, "Nome da RAJ": "2ª RAJ Araçatuba", "Cidades no Foro": "Guaraçaí, Lavínia, Mirandópolis", "Cidades na CJ": "Andradina, Castilho, Guaraçaí, Ilha Solteira, Itapura, Lavínia, Mirandópolis, Murutinga do Sul, Nova Independência, Pereira Barreto, Sud Mennucci, Suzanápolis", "Populacao Municipio Sede": 7441 }, "geometry": { "type": "Point", "coordinates": [ -51.279456156565082, -21.086433327785539 ] } },
{ "type": "Feature", "properties": { "ID Foro": 3530201.0, "Nome do Foro": "Mirante do Paranapanema", "Endereco": "Rua Maria Lucia Rodrigues de Almeida , 455 - Centro, 19260-000", "Nome da CJ": "Presidente Venceslau", "ID CJ": 28.0, "Nome da RAJ": "5ª RAJ Presidente Prudente", "Cidades no Foro": "Mirante do Paranapanema", "Cidades na CJ": "Caiuá, Euclides da Cunha Paulista, Marabá Paulista, Mirante do Paranapanema, Piquerobi, Presidente Epitácio, Presidente Venceslau, Ribeirão dos Índios, Rosana, Santo Anastácio, Teodoro Sampaio", "Populacao Municipio Sede": 15917 }, "geometry": { "type": "Point", "coordinates": [ -51.9979610321896, -22.349239209761787 ] } },
{ "type": "Feature", "properties": { "ID Foro": 3530300.0, "Nome do Foro": "Mirassol", "Endereco": "Rua Floriano Peixoto , 17-50 - Centro, 15130-007", "Nome da CJ": "São José do Rio Preto", "ID CJ": 16.0, "Nome da RAJ": "8ª RAJ São José do Rio Preto", "Cidades no Foro": "Bálsamo, Jaci, Mirassol, Mirassolândia", "Cidades na CJ": "Adolfo, Américo de Campos, Bady Bassitt, Bálsamo, Cedral, Cosmorama, Guapiaçu, Icém, Ipiguá, Jaci, José Bonifácio, Macaubal, Mendonça, Mirassol, Mirassolândia, Monte Aprazível, Neves Paulista, Nipoã, Nova Aliança, Nova Granada, Onda Verde, Orindiúva, Palestina, Paulo de Faria, Poloni, Potirendaba, Riolândia, Sebastianópolis do Sul, São José do Rio Preto, Tanabi, Ubarana, Uchoa, União Paulista", "Populacao Municipio Sede": 9596 }, "geometry": { "type": "Point", "coordinates": [ -49.551782461174298, -20.709543373372377 ] } },
{ "type": "Feature", "properties": { "ID Foro": 3530508.0, "Nome do Foro": "Mococa", "Endereco": "Avenida Doutor Gabriel do Ó , 1203 - Cohab I, 13732-620", "Nome da CJ": "Casa Branca", "ID CJ": 43.0, "Nome da RAJ": "6ª RAJ Ribeirão Preto", "Cidades no Foro": "Mococa", "Cidades na CJ": "Caconde, Casa Branca, Divinolândia, Itobi, Mococa, Santa Cruz das Palmeiras, São José do Rio Pardo, São Sebastião da Grama, Tambaú, Tapiratiba", "Populacao Municipio Sede": 67681 }, "geometry": { "type": "Point", "coordinates": [ -47.032965258669982, -21.449468034534075 ] } },
{ "type": "Feature", "properties": { "ID Foro": 3530706.0, "Nome do Foro": "Mogi Guaçu", "Endereco": "Rua José Colombo , 45 - Morro do Ouro, 13840-065", "Nome da CJ": "Mogi Mirim", "ID CJ": 7.0, "Nome da RAJ": "4ª RAJ Campinas", "Cidades no Foro": "Estiva Gerbi, Mogi Guaçu", "Cidades na CJ": "Artur Nogueira, Conchal, Engenheiro Coelho, Estiva Gerbi, Holambra, Itapira, Mogi Guaçu, Mogi Mirim", "Populacao Municipio Sede": 153658 }, "geometry": { "type": "Point", "coordinates": [ -47.028967834947288, -22.232092691811168 ] } },
{ "type": "Feature", "properties": { "ID Foro": 3530805.0, "Nome do Foro": "Mogi Mirim", "Endereco": "Rua Coronel Venâncio Ferreira Alves Adorno , 60 - Saúde, 13800-221", "Nome da CJ": "Mogi Mirim", "ID CJ": 7.0, "Nome da RAJ": "4ª RAJ Campinas", "Cidades no Foro": "Mogi Mirim", "Cidades na CJ": "Artur Nogueira, Conchal, Engenheiro Coelho, Estiva Gerbi, Holambra, Itapira, Mogi Guaçu, Mogi Mirim", "Populacao Municipio Sede": 92558 }, "geometry": { "type": "Point", "coordinates": [ -46.988371456170213, -22.45136975196041 ] } },
{ "type": "Feature", "properties": { "ID Foro": 3530607.0, "Nome do Foro": "Mogi das Cruzes", "Endereco": "Avenida Cândido Xavier de Almeida Souza , 159 - Vila Partênio, 08780-912", "Nome da CJ": "Mogi das Cruzes", "ID CJ": 45.0, "Nome da RAJ": "1ª RAJ Grande São Paulo", "Cidades no Foro": "Biritiba-Mirim, Mogi das Cruzes", "Cidades na CJ": "Biritiba-Mirim, Ferraz de Vasconcelos, Guararema, Itaquaquecetuba, Mogi das Cruzes, Poá, Suzano", "Populacao Municipio Sede": 29683 }, "geometry": { "type": "Point", "coordinates": [ -46.021332283766618, -23.624167232580483 ] } },
{ "type": "Feature", "properties": { "ID Foro": 3531100.0, "Nome do Foro": "Mongaguá", "Endereco": "Avenida São Paulo , 300 - Vila São Paulo, 11730-000", "Nome da CJ": "Itanhaém", "ID CJ": 56.0, "Nome da RAJ": "7ª RAJ Santos", "Cidades no Foro": "Mongaguá", "Cidades na CJ": "Itanhaém, Itariri, Mongaguá, Pedro de Toledo, Peruíbe", "Populacao Municipio Sede": 61951 }, "geometry": { "type": "Point", "coordinates": [ -46.66806629411127, -24.070175627101182 ] } },
{ "type": "Feature", "properties": { "ID Foro": 3531308.0, "Nome do Foro": "Monte Alto", "Endereco": "Rua Dr. Raul da Rocha Medeiros , 1251 - Centro, 15910-000", "Nome da CJ": "Jaboticabal", "ID CJ": 42.0, "Nome da RAJ": "6ª RAJ Ribeirão Preto", "Cidades no Foro": "Monte Alto", "Cidades na CJ": "Cândido Rodrigues, Fernando Prestes, Guariba, Jaboticabal, Monte Alto, Pirangi, Pitangueiras, Pradópolis, Santa Ernestina, Taiaçu, Taiúva, Taquaral, Taquaritinga, Vista Alegre do Alto", "Populacao Municipio Sede": 47574 }, "geometry": { "type": "Point", "coordinates": [ -48.533019610735337, -21.259310285952889 ] } },
{ "type": "Feature", "properties": { "ID Foro": 3531407.0, "Nome do Foro": "Monte Aprazível", "Endereco": "Rua Monteiro Lobato , 269 - Centro, 15150-000", "Nome da CJ": "São José do Rio Preto", "ID CJ": 16.0, "Nome da RAJ": "8ª RAJ São José do Rio Preto", "Cidades no Foro": "Monte Aprazível, Nipoã, Poloni", "Cidades na CJ": "Adolfo, Américo de Campos, Bady Bassitt, Bálsamo, Cedral, Cosmorama, Guapiaçu, Icém, Ipiguá, Jaci, José Bonifácio, Macaubal, Mendonça, Mirassol, Mirassolândia, Monte Aprazível, Neves Paulista, Nipoã, Nova Aliança, Nova Granada, Onda Verde, Orindiúva, Palestina, Paulo de Faria, Poloni, Potirendaba, Riolândia, Sebastianópolis do Sul, São José do Rio Preto, Tanabi, Ubarana, Uchoa, União Paulista", "Populacao Municipio Sede": 22280 }, "geometry": { "type": "Point", "coordinates": [ -49.765834626826923, -20.737478869111115 ] } },
{ "type": "Feature", "properties": { "ID Foro": 3531506.0, "Nome do Foro": "Monte Azul Paulista", "Endereco": "Rua Floriano Peixoto , 515 - Centro, 14730-000", "Nome da CJ": "Barretos", "ID CJ": 14.0, "Nome da RAJ": "8ª RAJ São José do Rio Preto", "Cidades no Foro": "Monte Azul Paulista, Paraíso", "Cidades na CJ": "Altair, Barretos, Bebedouro, Cajobi, Colina, Colômbia, Embaúba, Guaraci, Guaíra, Jaborandi, Monte Azul Paulista, Olímpia, Paraíso, Severínia, Terra Roxa, Viradouro", "Populacao Municipio Sede": 18151 }, "geometry": { "type": "Point", "coordinates": [ -48.681308532474283, -20.90887674217257 ] } },
{ "type": "Feature", "properties": { "ID Foro": 3531803.0, "Nome do Foro": "Monte Mor", "Endereco": "Rua João Carlos Gomes Carneiro , 12 - Jd. Guanabara, 13190-664", "Nome da CJ": "Piracicaba", "ID CJ": 34.0, "Nome da RAJ": "4ª RAJ Campinas", "Cidades no Foro": "Elias Fausto, Monte Mor", "Cidades na CJ": "Capivari, Cerquilho, Charqueada, Elias Fausto, Jumirim, Laranjal Paulista, Mombuca, Monte Mor, Piracicaba, Rafard, Rio das Pedras, Saltinho, Santa Maria da Serra, São Pedro, Tietê, Águas de São Pedro", "Populacao Municipio Sede": 17699 }, "geometry": { "type": "Point", "coordinates": [ -47.370652676629092, -23.070641301219514 ] } },
{ "type": "Feature", "properties": { "ID Foro": 3531902.0, "Nome do Foro": "Morro Agudo", "Endereco": "Rua Basilio Otavio , 313 - Cj. Hab. José Benedetti, 14640-000", "Nome da CJ": "Batatais", "ID CJ": 39.0, "Nome da RAJ": "6ª RAJ Ribeirão Preto", "Cidades no Foro": "Morro Agudo", "Cidades na CJ": "Altinópolis, Batatais, Brodowski, Morro Agudo, Nuporanga, Orlândia, Sales Oliveira, Santo Antônio da Alegria", "Populacao Municipio Sede": 27933 }, "geometry": { "type": "Point", "coordinates": [ -48.153323184292702, -20.688723846640741 ] } },
{ "type": "Feature", "properties": { "ID Foro": 3532405.0, "Nome do Foro": "Nazaré Paulista", "Endereco": "R. Clementino de Almeida Passos , 35 - Vicente Nunes, 12960-000", "Nome da CJ": "Bragança Paulista", "ID CJ": 6.0, "Nome da RAJ": "4ª RAJ Campinas", "Cidades no Foro": "Bom Jesus dos Perdões, Nazaré Paulista", "Cidades na CJ": "Atibaia, Bom Jesus dos Perdões, Bragança Paulista, Jarinu, Joanópolis, Nazaré Paulista, Pedra Bela, Pinhalzinho, Piracaia, Tuiuti, Vargem", "Populacao Municipio Sede": 22006 }, "geometry": { "type": "Point", "coordinates": [ -46.478964556730318, -23.172517001505597 ] } },
{ "type": "Feature", "properties": { "ID Foro": 3532504.0, "Nome do Foro": "Neves Paulista", "Endereco": "Rua Rui Barbosa , 100 - Centro, 15120-061", "Nome da CJ": "São José do Rio Preto", "ID CJ": 16.0, "Nome da RAJ": "8ª RAJ São José do Rio Preto", "Cidades no Foro": "Neves Paulista", "Cidades na CJ": "Adolfo, Américo de Campos, Bady Bassitt, Bálsamo, Cedral, Cosmorama, Guapiaçu, Icém, Ipiguá, Jaci, José Bonifácio, Macaubal, Mendonça, Mirassol, Mirassolândia, Monte Aprazível, Neves Paulista, Nipoã, Nova Aliança, Nova Granada, Onda Verde, Orindiúva, Palestina, Paulo de Faria, Poloni, Potirendaba, Riolândia, Sebastianópolis do Sul, São José do Rio Preto, Tanabi, Ubarana, Uchoa, União Paulista", "Populacao Municipio Sede": 9699 }, "geometry": { "type": "Point", "coordinates": [ -49.646489175747234, -20.870479125762483 ] } },
{ "type": "Feature", "properties": { "ID Foro": 3532603.0, "Nome do Foro": "Nhandeara", "Endereco": "Rua Raul Cardoso de Souza, 197 , 197 - centro, 15190-000", "Nome da CJ": "Votuporanga", "ID CJ": 17.0, "Nome da RAJ": "8ª RAJ São José do Rio Preto", "Cidades no Foro": "Floreal, Gastão Vidigal, Magda, Monções, Nhandeara, Nova Luzitânia", "Cidades na CJ": "Cardoso, Floreal, Gastão Vidigal, Magda, Mira Estrela, Monções, Nhandeara, Nova Luzitânia, Parisi, Pontes Gestal, Valentim Gentil, Votuporanga, Álvares Florence", "Populacao Municipio Sede": 2733 }, "geometry": { "type": "Point", "coordinates": [ -50.15481961542811, -20.669576776904812 ] } },
{ "type": "Feature", "properties": { "ID Foro": 3533007.0, "Nome do Foro": "Nova Granada", "Endereco": "Avenida Doutor Hildeberto Albuquerque Ferreira , 1001 - Centro, 15440-000", "Nome da CJ": "São José do Rio Preto", "ID CJ": 16.0, "Nome da RAJ": "8ª RAJ São José do Rio Preto", "Cidades no Foro": "Icém, Nova Granada, Onda Verde", "Cidades na CJ": "Adolfo, Américo de Campos, Bady Bassitt, Bálsamo, Cedral, Cosmorama, Guapiaçu, Icém, Ipiguá, Jaci, José Bonifácio, Macaubal, Mendonça, Mirassol, Mirassolândia, Monte Aprazível, Neves Paulista, Nipoã, Nova Aliança, Nova Granada, Onda Verde, Orindiúva, Palestina, Paulo de Faria, Poloni, Potirendaba, Riolândia, Sebastianópolis do Sul, São José do Rio Preto, Tanabi, Ubarana, Uchoa, União Paulista", "Populacao Municipio Sede": 7819 }, "geometry": { "type": "Point", "coordinates": [ -49.185303395006521, -20.367269131329159 ] } },
{ "type": "Feature", "properties": { "ID Foro": 3533403.0, "Nome do Foro": "Nova Odessa", "Endereco": "AV JOÃO PESSOA , 1270/1300 - BOSQUE DOS CEDROS, 13380-094", "Nome da CJ": "Americana", "ID CJ": 53.0, "Nome da RAJ": "4ª RAJ Campinas", "Cidades no Foro": "Nova Odessa", "Cidades na CJ": "Americana, Hortolândia, Nova Odessa, Santa Bárbara d'Oeste, Sumaré", "Populacao Municipio Sede": 62019 }, "geometry": { "type": "Point", "coordinates": [ -47.285178044270289, -22.78410467139469 ] } },
{ "type": "Feature", "properties": { "ID Foro": 3533502.0, "Nome do Foro": "Novo Horizonte", "Endereco": "Rua São Sebastião , 779 - Centro, 14960-040", "Nome da CJ": "Catanduva", "ID CJ": 15.0, "Nome da RAJ": "8ª RAJ São José do Rio Preto", "Cidades no Foro": "Novo Horizonte", "Cidades na CJ": "Ariranha, Catanduva, Catiguá, Elisiário, Ibirá, Irapuã, Itajobi, Marapoama, Novais, Novo Horizonte, Palmares Paulista, Pindorama, Sales, Santa Adélia, Tabapuã, Urupês", "Populacao Municipio Sede": 38324 }, "geometry": { "type": "Point", "coordinates": [ -49.283798098585812, -21.469174460413605 ] } },
{ "type": "Feature", "properties": { "ID Foro": 3533601.0, "Nome do Foro": "Nuporanga", "Endereco": "Avenida Padre Geraldo Trossel , 369 - centro, 14670-000", "Nome da CJ": "Batatais", "ID CJ": 39.0, "Nome da RAJ": "6ª RAJ Ribeirão Preto", "Cidades no Foro": "Nuporanga, Sales Oliveira", "Cidades na CJ": "Altinópolis, Batatais, Brodowski, Morro Agudo, Nuporanga, Orlândia, Sales Oliveira, Santo Antônio da Alegria", "Populacao Municipio Sede": 7391 }, "geometry": { "type": "Point", "coordinates": [ -47.729070720288384, -20.704860662270221 ] } },
{ "type": "Feature", "properties": { "ID Foro": 3533908.0, "Nome do Foro": "Olímpia", "Endereco": "Rua Engenheiro Reid , 377 - Patrimônio de São João Batista, 15400-091", "Nome da CJ": "Barretos", "ID CJ": 14.0, "Nome da RAJ": "8ª RAJ São José do Rio Preto", "Cidades no Foro": "Altair, Cajobi, Embaúba, Guaraci, Olímpia, Severínia", "Cidades na CJ": "Altair, Barretos, Bebedouro, Cajobi, Colina, Colômbia, Embaúba, Guaraci, Guaíra, Jaborandi, Monte Azul Paulista, Olímpia, Paraíso, Severínia, Terra Roxa, Viradouro", "Populacao Municipio Sede": 3451 }, "geometry": { "type": "Point", "coordinates": [ -49.093837483150551, -20.533346676749151 ] } },
{ "type": "Feature", "properties": { "ID Foro": 3534302.0, "Nome do Foro": "Orlândia", "Endereco": "Praça Coronel Francisco Orlando , s/n - Centro, 14620-000", "Nome da CJ": "Batatais", "ID CJ": 39.0, "Nome da RAJ": "6ª RAJ Ribeirão Preto", "Cidades no Foro": "Orlândia", "Cidades na CJ": "Altinópolis, Batatais, Brodowski, Morro Agudo, Nuporanga, Orlândia, Sales Oliveira, Santo Antônio da Alegria", "Populacao Municipio Sede": 38319 }, "geometry": { "type": "Point", "coordinates": [ -47.905833131875809, -20.69788120993876 ] } },
{ "type": "Feature", "properties": { "ID Foro": 3534401.0, "Nome do Foro": "Osasco", "Endereco": "Avenida das Flores , 703 - Jardim das Flores, 06110-100", "Nome da CJ": "Osasco", "ID CJ": 4.0, "Nome da RAJ": "1ª RAJ Grande São Paulo", "Cidades no Foro": "Osasco", "Cidades na CJ": "Barueri, Carapicuíba, Jandira, Osasco, Pirapora do Bom Jesus, Santana de Parnaíba", "Populacao Municipio Sede": 728615 }, "geometry": { "type": "Point", "coordinates": [ -46.789270793005308, -23.528778472360688 ] } },
{ "type": "Feature", "properties": { "ID Foro": 3534609.0, "Nome do Foro": "Osvaldo Cruz", "Endereco": "Avenida Estados Unidos , 480 - Jardim das Bandeiras, 17700-000", "Nome da CJ": "Tupã", "ID CJ": 30.0, "Nome da RAJ": "5ª RAJ Presidente Prudente", "Cidades no Foro": "Osvaldo Cruz, Parapuã, Sagres, Salmourão", "Cidades na CJ": "Adamantina, Arco-Íris, Bastos, Flórida Paulista, Herculândia, Iacri, Inúbia Paulista, Lucélia, Mariápolis, Osvaldo Cruz, Parapuã, Pracinha, Queiroz, Rinópolis, Sagres, Salmourão, Tupã", "Populacao Municipio Sede": 31272 }, "geometry": { "type": "Point", "coordinates": [ -50.873898903445813, -21.732767414081351 ] } },
{ "type": "Feature", "properties": { "ID Foro": 3534708.0, "Nome do Foro": "Ourinhos", "Endereco": "Rua dos Expedicionários , 1895 - Jardim Matilde, 19902-610", "Nome da CJ": "Ourinhos", "ID CJ": 25.0, "Nome da RAJ": "3ª RAJ Bauru", "Cidades no Foro": "Ourinhos, Ribeirão do Sul, Salto Grande", "Cidades na CJ": "Bernardino de Campos, Canitar, Chavantes, Espírito Santo do Turvo, Ipaussu, Manduri, Ourinhos, Piraju, Ribeirão do Sul, Salto Grande, Santa Cruz do Rio Pardo, Sarutaiá, São Pedro do Turvo, Tejupá, Timburi, Óleo", "Populacao Municipio Sede": 103970 }, "geometry": { "type": "Point", "coordinates": [ -49.852417421597444, -22.952676958562666 ] } },
{ "type": "Feature", "properties": { "ID Foro": 3534757.0, "Nome do Foro": "Ouroeste", "Endereco": "Rua Brás Cubas , 1315 - centro, 15685-000", "Nome da CJ": "Fernandópolis", "ID CJ": 18.0, "Nome da RAJ": "8ª RAJ São José do Rio Preto", "Cidades no Foro": "Guarani d'Oeste, Indiaporã, Ouroeste", "Cidades na CJ": "Fernandópolis, General Salgado, Guarani d'Oeste, Indiaporã, Macedônia, Meridiano, Nova Castilho, Ouroeste, Pedranópolis, São João de Iracema", "Populacao Municipio Sede": 1968 }, "geometry": { "type": "Point", "coordinates": [ -50.344609140299987, -20.066825028465544 ] } },
{ "type": "Feature", "properties": { "ID Foro": 3534906.0, "Nome do Foro": "Pacaembu", "Endereco": "Av. São João , 1361 - Guaraniúva, 17860-000", "Nome da CJ": "Dracena", "ID CJ": 29.0, "Nome da RAJ": "5ª RAJ Presidente Prudente", "Cidades no Foro": "Flora Rica, Irapuru, Pacaembu", "Cidades na CJ": "Dracena, Flora Rica, Irapuru, Junqueirópolis, Monte Castelo, Nova Guataporanga, Ouro Verde, Pacaembu, Panorama, Paulicéia, Santa Mercedes, São João do Pau d'Alho, Tupi Paulista", "Populacao Municipio Sede": 1487 }, "geometry": { "type": "Point", "coordinates": [ -51.374254597308976, -21.698455585759234 ] } },
{ "type": "Feature", "properties": { "ID Foro": 3535002.0, "Nome do Foro": "Palestina", "Endereco": "Rua Capitão Faria , 1048 - Centro, 15470-000", "Nome da CJ": "São José do Rio Preto", "ID CJ": 16.0, "Nome da RAJ": "8ª RAJ São José do Rio Preto", "Cidades no Foro": "Palestina", "Cidades na CJ": "Adolfo, Américo de Campos, Bady Bassitt, Bálsamo, Cedral, Cosmorama, Guapiaçu, Icém, Ipiguá, Jaci, José Bonifácio, Macaubal, Mendonça, Mirassol, Mirassolândia, Monte Aprazível, Neves Paulista, Nipoã, Nova Aliança, Nova Granada, Onda Verde, Orindiúva, Palestina, Paulo de Faria, Poloni, Potirendaba, Riolândia, Sebastianópolis do Sul, São José do Rio Preto, Tanabi, Ubarana, Uchoa, União Paulista", "Populacao Municipio Sede": 11476 }, "geometry": { "type": "Point", "coordinates": [ -49.497628748277407, -20.321143711977555 ] } },
{ "type": "Feature", "properties": { "ID Foro": 3535200.0, "Nome do Foro": "Palmeira d'Oeste", "Endereco": "Rua XV de Novembro , 48-71 - centro, 15720-000", "Nome da CJ": "Jales", "ID CJ": 55.0, "Nome da RAJ": "2ª RAJ Araçatuba", "Cidades no Foro": "Aparecida d'Oeste, Marinópolis, Palmeira d'Oeste, São Francisco", "Cidades na CJ": "Aparecida d'Oeste, Aspásia, Auriflama, Dirce Reis, Guzolândia, Jales, Marinópolis, Mesópolis, Nova Canaã Paulista, Palmeira d'Oeste, Paranapuã, Pontalinda, Rubinéia, Santa Albertina, Santa Clara d'Oeste, Santa Fé do Sul, Santa Rita d'Oeste, Santa Salete, Santana da Ponte Pensa, São Francisco, Três Fronteiras, Urânia, Vitória Brasil", "Populacao Municipio Sede": 4086 }, "geometry": { "type": "Point", "coordinates": [ -50.921975776904496, -20.478816149261011 ] } },
{ "type": "Feature", "properties": { "ID Foro": 3535309.0, "Nome do Foro": "Palmital", "Endereco": "Avenida Reginalda Leão , 1500 - Centro, 19970-050", "Nome da CJ": "Assis", "ID CJ": 26.0, "Nome da RAJ": "5ª RAJ Presidente Prudente", "Cidades no Foro": "Campos Novos Paulista, Ibirarema, Palmital, Platina", "Cidades na CJ": "Assis, Borá, Campos Novos Paulista, Cruzália, Cândido Mota, Echaporã, Florínia, Ibirarema, João Ramalho, Lutécia, Maracaí, Oscar Bressane, Palmital, Paraguaçu Paulista, Pedrinhas Paulista, Platina, Quatá, Tarumã", "Populacao Municipio Sede": 4888 }, "geometry": { "type": "Point", "coordinates": [ -50.010286324434702, -22.61087918714794 ] } },
{ "type": "Feature", "properties": { "ID Foro": 3535408.0, "Nome do Foro": "Panorama", "Endereco": "Rua Manoel Fernandes da Cunha , 1308 - Centro, 17980-000", "Nome da CJ": "Dracena", "ID CJ": 29.0, "Nome da RAJ": "5ª RAJ Presidente Prudente", "Cidades no Foro": "Panorama, Paulicéia, Santa Mercedes", "Cidades na CJ": "Dracena, Flora Rica, Irapuru, Junqueirópolis, Monte Castelo, Nova Guataporanga, Ouro Verde, Pacaembu, Panorama, Paulicéia, Santa Mercedes, São João do Pau d'Alho, Tupi Paulista", "Populacao Municipio Sede": 14964 }, "geometry": { "type": "Point", "coordinates": [ -51.858086971015823, -21.463313395992934 ] } },
{ "type": "Feature", "properties": { "ID Foro": 3535507.0, "Nome do Foro": "Paraguaçu Paulista", "Endereco": "Avenida Siqueira Campos , 1429 - Vila Affini, 19703-001", "Nome da CJ": "Assis", "ID CJ": 26.0, "Nome da RAJ": "5ª RAJ Presidente Prudente", "Cidades no Foro": "Borá, Lutécia, Oscar Bressane, Paraguaçu Paulista", "Cidades na CJ": "Assis, Borá, Campos Novos Paulista, Cruzália, Cândido Mota, Echaporã, Florínia, Ibirarema, João Ramalho, Lutécia, Maracaí, Oscar Bressane, Palmital, Paraguaçu Paulista, Pedrinhas Paulista, Platina, Quatá, Tarumã", "Populacao Municipio Sede": 907 }, "geometry": { "type": "Point", "coordinates": [ -50.502125571270312, -22.244208646341416 ] } },
{ "type": "Feature", "properties": { "ID Foro": 3535606.0, "Nome do Foro": "Paraibuna", "Endereco": "Rua  Major João Elias Calazans , 565 - Centro, 12260-000", "Nome da CJ": "São José dos Campos", "ID CJ": 46.0, "Nome da RAJ": "9ª RAJ São José dos Campos", "Cidades no Foro": "Natividade da Serra, Paraibuna", "Cidades na CJ": "Jacareí, Monteiro Lobato, Natividade da Serra, Paraibuna, Salesópolis, Santa Branca, São José dos Campos", "Populacao Municipio Sede": 6999 }, "geometry": { "type": "Point", "coordinates": [ -45.381457654054756, -23.415144678310757 ] } },
{ "type": "Feature", "properties": { "ID Foro": 3535804.0, "Nome do Foro": "Paranapanema", "Endereco": "Rua Doutor Fortunato Martins de Camargo , 610 - centro, 18720-057", "Nome da CJ": "Avaré", "ID CJ": 24.0, "Nome da RAJ": "3ª RAJ Bauru", "Cidades no Foro": "Paranapanema", "Cidades na CJ": "Arandu, Avaré, Cerqueira César, Coronel Macedo, Fartura, Iaras, Itaí, Paranapanema, Taguaí, Taquarituba, Águas de Santa Bárbara", "Populacao Municipio Sede": 19395 }, "geometry": { "type": "Point", "coordinates": [ -48.795214945488652, -23.438480281822866 ] } },
{ "type": "Feature", "properties": { "ID Foro": 3536208.0, "Nome do Foro": "Pariquera-Açu", "Endereco": "Av. Doutor Fernando Costa , 215 - Centro, 11930-000", "Nome da CJ": "Registro", "ID CJ": 21.0, "Nome da RAJ": "7ª RAJ Santos", "Cidades no Foro": "Pariquera-Açu", "Cidades na CJ": "Barra do Turvo, Cajati, Cananéia, Eldorado, Iguape, Ilha Comprida, Iporanga, Jacupiranga, Juquiá, Miracatu, Pariquera-Açu, Registro, Sete Barras", "Populacao Municipio Sede": 19233 }, "geometry": { "type": "Point", "coordinates": [ -47.850094983186963, -24.67824851480179 ] } },
{ "type": "Feature", "properties": { "ID Foro": 3536307.0, "Nome do Foro": "Patrocínio Paulista", "Endereco": "Praça Nossa Senhora do Patrocínio , 1118 - centro, 14415-000", "Nome da CJ": "Franca", "ID CJ": 38.0, "Nome da RAJ": "6ª RAJ Ribeirão Preto", "Cidades no Foro": "Itirapuã, Patrocínio Paulista", "Cidades na CJ": "Cristais Paulista, Franca, Itirapuã, Jeriquara, Patrocínio Paulista, Pedregulho, Restinga, Ribeirão Corrente, Rifaina, São José da Bela Vista", "Populacao Municipio Sede": 5779 }, "geometry": { "type": "Point", "coordinates": [ -47.169390888962184, -20.657571140106484 ] } },
{ "type": "Feature", "properties": { "ID Foro": 3536604.0, "Nome do Foro": "Paulo de Faria", "Endereco": "Rua XV de Novembro , 809 - centro, 15490-000", "Nome da CJ": "São José do Rio Preto", "ID CJ": 16.0, "Nome da RAJ": "8ª RAJ São José do Rio Preto", "Cidades no Foro": "Orindiúva, Paulo de Faria, Riolândia", "Cidades na CJ": "Adolfo, Américo de Campos, Bady Bassitt, Bálsamo, Cedral, Cosmorama, Guapiaçu, Icém, Ipiguá, Jaci, José Bonifácio, Macaubal, Mendonça, Mirassol, Mirassolândia, Monte Aprazível, Neves Paulista, Nipoã, Nova Aliança, Nova Granada, Onda Verde, Orindiúva, Palestina, Paulo de Faria, Poloni, Potirendaba, Riolândia, Sebastianópolis do Sul, São José do Rio Preto, Tanabi, Ubarana, Uchoa, União Paulista", "Populacao Municipio Sede": 6024 }, "geometry": { "type": "Point", "coordinates": [ -49.355484179977395, -20.201593924571881 ] } },
{ "type": "Feature", "properties": { "ID Foro": 3536505.0, "Nome do Foro": "Paulínia", "Endereco": "Praça Vinte e Oito de Fevereiro , 180 - Centro, 13140-285", "Nome da CJ": "Campinas", "ID CJ": 8.0, "Nome da RAJ": "4ª RAJ Campinas", "Cidades no Foro": "Paulínia", "Cidades na CJ": "Campinas, Cosmópolis, Paulínia, Valinhos", "Populacao Municipio Sede": 110537 }, "geometry": { "type": "Point", "coordinates": [ -47.145065464629056, -22.748361708452858 ] } },
{ "type": "Feature", "properties": { "ID Foro": 3536703.0, "Nome do Foro": "Pederneiras", "Endereco": "Rua Belmiro Pereira , 367 - Centro, 17280-061", "Nome da CJ": "Jaú", "ID CJ": 33.0, "Nome da RAJ": "3ª RAJ Bauru", "Cidades no Foro": "Boracéia, Pederneiras", "Cidades na CJ": "Bariri, Barra Bonita, Bocaina, Boracéia, Dois Córregos, Igaraçu do Tietê, Itaju, Itapuí, Jaú, Macatuba, Mineiros do Tietê, Pederneiras", "Populacao Municipio Sede": 4715 }, "geometry": { "type": "Point", "coordinates": [ -48.788336705516798, -22.170151228757089 ] } },
{ "type": "Feature", "properties": { "ID Foro": 3537008.0, "Nome do Foro": "Pedregulho", "Endereco": "Praça Padre Luís Sávio , s/n - centro, 14470-000", "Nome da CJ": "Franca", "ID CJ": 38.0, "Nome da RAJ": "6ª RAJ Ribeirão Preto", "Cidades no Foro": "Jeriquara, Pedregulho, Rifaina", "Cidades na CJ": "Cristais Paulista, Franca, Itirapuã, Jeriquara, Patrocínio Paulista, Pedregulho, Restinga, Ribeirão Corrente, Rifaina, São José da Bela Vista", "Populacao Municipio Sede": 3863 }, "geometry": { "type": "Point", "coordinates": [ -47.57419263082997, -20.340127069856365 ] } },
{ "type": "Feature", "properties": { "ID Foro": 3537107.0, "Nome do Foro": "Pedreira", "Endereco": "Rua Odavilso Uttembergue , 80 - Pq. Industrial, 13920-284", "Nome da CJ": "Amparo", "ID CJ": 54.0, "Nome da RAJ": "4ª RAJ Campinas", "Cidades no Foro": "Pedreira", "Cidades na CJ": "Amparo, Jaguariúna, Lindóia, Monte Alegre do Sul, Pedreira, Santo Antônio de Posse, Serra Negra, Socorro, Águas de Lindóia", "Populacao Municipio Sede": 43112 }, "geometry": { "type": "Point", "coordinates": [ -46.888549861380227, -22.754706189736027 ] } },
{ "type": "Feature", "properties": { "ID Foro": 3537305.0, "Nome do Foro": "Penápolis", "Endereco": "Praça Doutor Carlos Sampaio Filho , 190 - Centro, 16300-000", "Nome da CJ": "Araçatuba", "ID CJ": 36.0, "Nome da RAJ": "2ª RAJ Araçatuba", "Cidades no Foro": "Alto Alegre, Avanhandava, Barbosa, Braúna, Glicério, Luiziânia, Penápolis", "Cidades na CJ": "Alto Alegre, Araçatuba, Avanhandava, Barbosa, Bento de Abreu, Bilac, Birigui, Braúna, Brejo Alegre, Buritama, Clementina, Coroados, Gabriel Monteiro, Glicério, Guararapes, Lourdes, Luiziânia, Penápolis, Piacatu, Planalto, Rubiácea, Santo Antônio do Aracanguá, Santópolis do Aguapeí, Turiúba, Valparaíso, Zacarias", "Populacao Municipio Sede": 3841 }, "geometry": { "type": "Point", "coordinates": [ -50.192117852564756, -21.612519926495519 ] } },
{ "type": "Feature", "properties": { "ID Foro": 3537404.0, "Nome do Foro": "Pereira Barreto", "Endereco": "Rua Francisca Senhorinha Carneiro , s/n - Vila Municipal, 15371-274", "Nome da CJ": "Andradina", "ID CJ": 37.0, "Nome da RAJ": "2ª RAJ Araçatuba", "Cidades no Foro": "Pereira Barreto, Sud Mennucci, Suzanápolis", "Cidades na CJ": "Andradina, Castilho, Guaraçaí, Ilha Solteira, Itapura, Lavínia, Mirandópolis, Murutinga do Sul, Nova Independência, Pereira Barreto, Sud Mennucci, Suzanápolis", "Populacao Municipio Sede": 24095 }, "geometry": { "type": "Point", "coordinates": [ -51.106471907687883, -20.677761179179669 ] } },
{ "type": "Feature", "properties": { "ID Foro": 3537602.0, "Nome do Foro": "Peruíbe", "Endereco": "Rua Nilo Soares Ferreira , 185 - Centro, 11750-000", "Nome da CJ": "Itanhaém", "ID CJ": 56.0, "Nome da RAJ": "7ª RAJ Santos", "Cidades no Foro": "Peruíbe", "Cidades na CJ": "Itanhaém, Itariri, Mongaguá, Pedro de Toledo, Peruíbe", "Populacao Municipio Sede": 68352 }, "geometry": { "type": "Point", "coordinates": [ -47.013007162740649, -24.27929969960179 ] } },
{ "type": "Feature", "properties": { "ID Foro": 3537800.0, "Nome do Foro": "Piedade", "Endereco": "Praça Raul Gomes de Abreu , 73 - Centro, 18170-000", "Nome da CJ": "Sorocaba", "ID CJ": 19.0, "Nome da RAJ": "10ª RAJ Sorocaba", "Cidades no Foro": "Piedade, Tapiraí", "Cidades na CJ": "Alumínio, Araçariguama, Araçoiaba da Serra, Ibiúna, Mairinque, Piedade, Pilar do Sul, Salto de Pirapora, Sorocaba, São Roque, Tapiraí, Votorantim", "Populacao Municipio Sede": 52970 }, "geometry": { "type": "Point", "coordinates": [ -47.438132801848049, -23.787008344192724 ] } },
{ "type": "Feature", "properties": { "ID Foro": 3537909.0, "Nome do Foro": "Pilar do Sul", "Endereco": "Praça Padre Luis Trentini , 330 - centro, 18185-000", "Nome da CJ": "Sorocaba", "ID CJ": 19.0, "Nome da RAJ": "10ª RAJ Sorocaba", "Cidades no Foro": "Pilar do Sul", "Cidades na CJ": "Alumínio, Araçariguama, Araçoiaba da Serra, Ibiúna, Mairinque, Piedade, Pilar do Sul, Salto de Pirapora, Sorocaba, São Roque, Tapiraí, Votorantim", "Populacao Municipio Sede": 27619 }, "geometry": { "type": "Point", "coordinates": [ -47.728124860917411, -23.85636602575428 ] } },
{ "type": "Feature", "properties": { "ID Foro": 3538006.0, "Nome do Foro": "Pindamonhangaba", "Endereco": "Rua Alcides Ramos Nogueira , nº 780 - Socorro, 12421705", "Nome da CJ": "Taubaté", "ID CJ": 47.0, "Nome da RAJ": "9ª RAJ São José dos Campos", "Cidades no Foro": "Pindamonhangaba", "Cidades na CJ": "Campos do Jordão, Caçapava, Jambeiro, Lagoinha, Pindamonhangaba, Redenção da Serra, Santo Antônio do Pinhal, São Bento do Sapucaí, São Luiz do Paraitinga, Taubaté, Tremembé", "Populacao Municipio Sede": 165428 }, "geometry": { "type": "Point", "coordinates": [ -45.459274831809694, -22.880008804127293 ] } },
{ "type": "Feature", "properties": { "ID Foro": 3538204.0, "Nome do Foro": "Pinhalzinho", "Endereco": "Rua Boa Esperança , 266 - Centro, 12995-000", "Nome da CJ": "Bragança Paulista", "ID CJ": 6.0, "Nome da RAJ": "4ª RAJ Campinas", "Cidades no Foro": "Pinhalzinho", "Cidades na CJ": "Atibaia, Bom Jesus dos Perdões, Bragança Paulista, Jarinu, Joanópolis, Nazaré Paulista, Pedra Bela, Pinhalzinho, Piracaia, Tuiuti, Vargem", "Populacao Municipio Sede": 15224 }, "geometry": { "type": "Point", "coordinates": [ -46.57343109827039, -22.778693964166759 ] } },
{ "type": "Feature", "properties": { "ID Foro": 3538501.0, "Nome do Foro": "Piquete", "Endereco": "Rua Professora Maria de Lourdes Brito Vilar , s/n - Centro, 12620-000", "Nome da CJ": "Guaratinguetá", "ID CJ": 48.0, "Nome da RAJ": "9ª RAJ São José dos Campos", "Cidades no Foro": "Piquete", "Cidades na CJ": "Aparecida, Arapeí, Areias, Bananal, Cachoeira Paulista, Canas, Cruzeiro, Cunha, Guaratinguetá, Lavrinhas, Lorena, Piquete, Potim, Queluz, Roseira, Silveiras, São José do Barreiro", "Populacao Municipio Sede": 12490 }, "geometry": { "type": "Point", "coordinates": [ -45.173762773525965, -22.590275440993793 ] } },
{ "type": "Feature", "properties": { "ID Foro": 3538600.0, "Nome do Foro": "Piracaia", "Endereco": "Rua Benedito Vieira da Silva , 300 - Centro, 12970-000", "Nome da CJ": "Bragança Paulista", "ID CJ": 6.0, "Nome da RAJ": "4ª RAJ Campinas", "Cidades no Foro": "Joanópolis, Piracaia", "Cidades na CJ": "Atibaia, Bom Jesus dos Perdões, Bragança Paulista, Jarinu, Joanópolis, Nazaré Paulista, Pedra Bela, Pinhalzinho, Piracaia, Tuiuti, Vargem", "Populacao Municipio Sede": 12815 }, "geometry": { "type": "Point", "coordinates": [ -46.209186359177416, -22.938802538035134 ] } },
{ "type": "Feature", "properties": { "ID Foro": 3538709.0, "Nome do Foro": "Piracicaba", "Endereco": "Rua Bernardino de Campos , 55 - Alemães, 13417-901", "Nome da CJ": "Piracicaba", "ID CJ": 34.0, "Nome da RAJ": "4ª RAJ Campinas", "Cidades no Foro": "Charqueada, Piracicaba, Saltinho", "Cidades na CJ": "Capivari, Cerquilho, Charqueada, Elias Fausto, Jumirim, Laranjal Paulista, Mombuca, Monte Mor, Piracicaba, Rafard, Rio das Pedras, Saltinho, Santa Maria da Serra, São Pedro, Tietê, Águas de São Pedro", "Populacao Municipio Sede": 15535 }, "geometry": { "type": "Point", "coordinates": [ -47.746202307422131, -22.530151386762256 ] } },
{ "type": "Feature", "properties": { "ID Foro": 3538808.0, "Nome do Foro": "Piraju", "Endereco": "Praça Joaquim Antonio Arruda , 126 - Centro, 18800-049", "Nome da CJ": "Ourinhos", "ID CJ": 25.0, "Nome da RAJ": "3ª RAJ Bauru", "Cidades no Foro": "Manduri, Piraju, Sarutaiá, Tejupá, Timburi, Óleo", "Cidades na CJ": "Bernardino de Campos, Canitar, Chavantes, Espírito Santo do Turvo, Ipaussu, Manduri, Ourinhos, Piraju, Ribeirão do Sul, Salto Grande, Santa Cruz do Rio Pardo, Sarutaiá, São Pedro do Turvo, Tejupá, Timburi, Óleo", "Populacao Municipio Sede": 9871 }, "geometry": { "type": "Point", "coordinates": [ -49.303641687631838, -23.047001103939792 ] } },
{ "type": "Feature", "properties": { "ID Foro": 3538907.0, "Nome do Foro": "Pirajuí", "Endereco": "Praça Doutor Pedro da Rocha Braga , 43 - Centro, 16600-041", "Nome da CJ": "Bauru", "ID CJ": 32.0, "Nome da RAJ": "3ª RAJ Bauru", "Cidades no Foro": "Balbinos, Pirajuí, Pongaí, Presidente Alves, Reginópolis, Uru", "Cidades na CJ": "Agudos, Arealva, Avaí, Balbinos, Bauru, Borebi, Cabrália Paulista, Duartina, Lençóis Paulista, Lucianópolis, Paulistânia, Pirajuí, Piratininga, Pongaí, Presidente Alves, Reginópolis, Ubirajara, Uru", "Populacao Municipio Sede": 3887 }, "geometry": { "type": "Point", "coordinates": [ -49.333088210275356, -21.892420496619796 ] } },
{ "type": "Feature", "properties": { "ID Foro": 3539004.0, "Nome do Foro": "Pirangi", "Endereco": "Travessa Vereador Rafael João Giglio , s/n - Centro, 15820-000", "Nome da CJ": "Jaboticabal", "ID CJ": 42.0, "Nome da RAJ": "6ª RAJ Ribeirão Preto", "Cidades no Foro": "Pirangi, Vista Alegre do Alto", "Cidades na CJ": "Cândido Rodrigues, Fernando Prestes, Guariba, Jaboticabal, Monte Alto, Pirangi, Pitangueiras, Pradópolis, Santa Ernestina, Taiaçu, Taiúva, Taquaral, Taquaritinga, Vista Alegre do Alto", "Populacao Municipio Sede": 10885 }, "geometry": { "type": "Point", "coordinates": [ -48.66945074305756, -21.093857619466252 ] } },
{ "type": "Feature", "properties": { "ID Foro": 3539202.0, "Nome do Foro": "Pirapozinho", "Endereco": "Rua Dr. Carlos Alberto Leite Boulhosa, 525 , 525 - Jardim Morada do Sol, 19200-000", "Nome da CJ": "Presidente Prudente", "ID CJ": 27.0, "Nome da RAJ": "5ª RAJ Presidente Prudente", "Cidades no Foro": "Estrela do Norte, Narandiba, Pirapozinho, Sandovalina, Tarabai", "Cidades na CJ": "Alfredo Marcondes, Anhumas, Caiabu, Emilianópolis, Estrela do Norte, Iepê, Indiana, Martinópolis, Nantes, Narandiba, Pirapozinho, Presidente Bernardes, Presidente Prudente, Rancharia, Regente Feijó, Sandovalina, Santo Expedito, Taciba, Tarabai, Álvares Machado", "Populacao Municipio Sede": 2703 }, "geometry": { "type": "Point", "coordinates": [ -51.669090349193297, -22.48563050394581 ] } },
{ "type": "Feature", "properties": { "ID Foro": 3539301.0, "Nome do Foro": "Pirassununga", "Endereco": "Rua José Bonifácio , 70 - Centro, 13631-062", "Nome da CJ": "Pirassununga", "ID CJ": 11.0, "Nome da RAJ": "4ª RAJ Campinas", "Cidades no Foro": "Pirassununga", "Cidades na CJ": "Leme, Pirassununga, Porto Ferreira, Santa Cruz da Conceição, Santa Rita do Passa Quatro", "Populacao Municipio Sede": 73545 }, "geometry": { "type": "Point", "coordinates": [ -47.389884018763588, -21.995925586957153 ] } },
{ "type": "Feature", "properties": { "ID Foro": 3539400.0, "Nome do Foro": "Piratininga", "Endereco": "Rua Doutor José Lisboa Jr. , 67 - Centro, 17490058", "Nome da CJ": "Bauru", "ID CJ": 32.0, "Nome da RAJ": "3ª RAJ Bauru", "Cidades no Foro": "Piratininga", "Cidades na CJ": "Agudos, Arealva, Avaí, Balbinos, Bauru, Borebi, Cabrália Paulista, Duartina, Lençóis Paulista, Lucianópolis, Paulistânia, Pirajuí, Piratininga, Pongaí, Presidente Alves, Reginópolis, Ubirajara, Uru", "Populacao Municipio Sede": 15108 }, "geometry": { "type": "Point", "coordinates": [ -49.191811518196666, -22.4249662001357 ] } },
{ "type": "Feature", "properties": { "ID Foro": 3539509.0, "Nome do Foro": "Pitangueiras", "Endereco": "Rua Doutor Euclides Zanini Caldas , 713 - Centro, 14750-000", "Nome da CJ": "Jaboticabal", "ID CJ": 42.0, "Nome da RAJ": "6ª RAJ Ribeirão Preto", "Cidades no Foro": "Pitangueiras, Taquaral", "Cidades na CJ": "Cândido Rodrigues, Fernando Prestes, Guariba, Jaboticabal, Monte Alto, Pirangi, Pitangueiras, Pradópolis, Santa Ernestina, Taiaçu, Taiúva, Taquaral, Taquaritinga, Vista Alegre do Alto", "Populacao Municipio Sede": 33674 }, "geometry": { "type": "Point", "coordinates": [ -48.249375087426337, -21.006236530177024 ] } },
{ "type": "Feature", "properties": { "ID Foro": 3540002.0, "Nome do Foro": "Pompéia", "Endereco": "Rua Clementino José de Paula , 387 - Centro, 17580-089", "Nome da CJ": "Marília", "ID CJ": 31.0, "Nome da RAJ": "5ª RAJ Presidente Prudente", "Cidades no Foro": "Oriente, Pompéia, Quintana", "Cidades na CJ": "Alvinlândia, Fernão, Garça, Gália, Lupércio, Marília, Ocauçu, Oriente, Pompéia, Quintana, Vera Cruz, Álvaro de Carvalho", "Populacao Municipio Sede": 6085 }, "geometry": { "type": "Point", "coordinates": [ -50.09374918461355, -22.141959195577538 ] } },
{ "type": "Feature", "properties": { "ID Foro": 3540200.0, "Nome do Foro": "Pontal", "Endereco": "Rua João dos Reis , 544 - centro, 14180-000", "Nome da CJ": "Ribeirão Preto", "ID CJ": 41.0, "Nome da RAJ": "6ª RAJ Ribeirão Preto", "Cidades no Foro": "Pontal", "Cidades na CJ": "Barrinha, Cajuru, Cravinhos, Cássia dos Coqueiros, Dumont, Guatapará, Jardinópolis, Luís Antônio, Pontal, Ribeirão Preto, Santa Cruz da Esperança, Santa Rosa de Viterbo, Serra Azul, Serrana, Sertãozinho, São Simão", "Populacao Municipio Sede": 37607 }, "geometry": { "type": "Point", "coordinates": [ -48.064423432830566, -20.984576998627762 ] } },
{ "type": "Feature", "properties": { "ID Foro": 3540507.0, "Nome do Foro": "Porangaba", "Endereco": "Rua Vereador Braz Gica da Paz , 193 - Centro, 18260-000", "Nome da CJ": "Itapetininga", "ID CJ": 22.0, "Nome da RAJ": "10ª RAJ Sorocaba", "Cidades no Foro": "Bofete, Guareí, Porangaba, Torre de Pedra", "Cidades na CJ": "Alambari, Angatuba, Bofete, Campina do Monte Alegre, Capela do Alto, Capão Bonito, Cesário Lange, Guapiara, Guareí, Itapetininga, Porangaba, Quadra, Ribeirão Grande, Sarapuí, São Miguel Arcanjo, Tatuí, Torre de Pedra", "Populacao Municipio Sede": 10460 }, "geometry": { "type": "Point", "coordinates": [ -48.285870903700904, -23.128957176635719 ] } },
{ "type": "Feature", "properties": { "ID Foro": 3540606.0, "Nome do Foro": "Porto Feliz", "Endereco": "Avenida José Maurino , 252 - Centro, 18540-000", "Nome da CJ": "Itu", "ID CJ": 20.0, "Nome da RAJ": "10ª RAJ Sorocaba", "Cidades no Foro": "Porto Feliz", "Cidades na CJ": "Boituva, Cabreúva, Indaiatuba, Iperó, Itu, Porto Feliz, Salto", "Populacao Municipio Sede": 56497 }, "geometry": { "type": "Point", "coordinates": [ -47.516912039493739, -23.230331975064779 ] } },
{ "type": "Feature", "properties": { "ID Foro": 3540705.0, "Nome do Foro": "Porto Ferreira", "Endereco": "Rua Doutor Carlindo Valeriani , 525 - Centro, 13660-017", "Nome da CJ": "Pirassununga", "ID CJ": 11.0, "Nome da RAJ": "4ª RAJ Campinas", "Cidades no Foro": "Porto Ferreira", "Cidades na CJ": "Leme, Pirassununga, Porto Ferreira, Santa Cruz da Conceição, Santa Rita do Passa Quatro", "Populacao Municipio Sede": 52649 }, "geometry": { "type": "Point", "coordinates": [ -47.447178408467614, -21.842608378003831 ] } },
{ "type": "Feature", "properties": { "ID Foro": 3540804.0, "Nome do Foro": "Potirendaba", "Endereco": "Rua Pedro Siqueira , 1042 - Jardim do Bosque, 15105-000", "Nome da CJ": "São José do Rio Preto", "ID CJ": 16.0, "Nome da RAJ": "8ª RAJ São José do Rio Preto", "Cidades no Foro": "Nova Aliança, Potirendaba", "Cidades na CJ": "Adolfo, Américo de Campos, Bady Bassitt, Bálsamo, Cedral, Cosmorama, Guapiaçu, Icém, Ipiguá, Jaci, José Bonifácio, Macaubal, Mendonça, Mirassol, Mirassolândia, Monte Aprazível, Neves Paulista, Nipoã, Nova Aliança, Nova Granada, Onda Verde, Orindiúva, Palestina, Paulo de Faria, Poloni, Potirendaba, Riolândia, Sebastianópolis do Sul, São José do Rio Preto, Tanabi, Ubarana, Uchoa, União Paulista", "Populacao Municipio Sede": 6693 }, "geometry": { "type": "Point", "coordinates": [ -49.515975739610276, -21.062616080169093 ] } },
{ "type": "Feature", "properties": { "ID Foro": 3539806.0, "Nome do Foro": "Poá", "Endereco": "Av. Nove de Julho , 478 - Centro, 08557-100", "Nome da CJ": "Mogi das Cruzes", "ID CJ": 45.0, "Nome da RAJ": "1ª RAJ Grande São Paulo", "Cidades no Foro": "Poá", "Cidades na CJ": "Biritiba-Mirim, Ferraz de Vasconcelos, Guararema, Itaquaquecetuba, Mogi das Cruzes, Poá, Suzano", "Populacao Municipio Sede": 103765 }, "geometry": { "type": "Point", "coordinates": [ -46.346793219437963, -23.530544959851721 ] } },
{ "type": "Feature", "properties": { "ID Foro": 3541000.0, "Nome do Foro": "Praia Grande", "Endereco": "Avenida Doutor Roberto de Almeida Vinhas , 9101 - Vila Mirim, 11705-900", "Nome da CJ": "Santos", "ID CJ": 1.0, "Nome da RAJ": "7ª RAJ Santos", "Cidades no Foro": "Praia Grande", "Cidades na CJ": "Bertioga, Cubatão, Guarujá, Praia Grande, Santos, São Vicente", "Populacao Municipio Sede": 349935 }, "geometry": { "type": "Point", "coordinates": [ -46.522731690035826, -24.015596163308423 ] } },
{ "type": "Feature", "properties": { "ID Foro": 3541208.0, "Nome do Foro": "Presidente Bernardes", "Endereco": "Rua Dr. Armando Falcone , s/n - Centro, 19300-000", "Nome da CJ": "Presidente Prudente", "ID CJ": 27.0, "Nome da RAJ": "5ª RAJ Presidente Prudente", "Cidades no Foro": "Emilianópolis, Presidente Bernardes", "Cidades na CJ": "Alfredo Marcondes, Anhumas, Caiabu, Emilianópolis, Estrela do Norte, Iepê, Indiana, Martinópolis, Nantes, Narandiba, Pirapozinho, Presidente Bernardes, Presidente Prudente, Rancharia, Regente Feijó, Sandovalina, Santo Expedito, Taciba, Tarabai, Álvares Machado", "Populacao Municipio Sede": 3014 }, "geometry": { "type": "Point", "coordinates": [ -51.472144024440809, -21.800984041142737 ] } },
{ "type": "Feature", "properties": { "ID Foro": 3541307.0, "Nome do Foro": "Presidente Epitácio", "Endereco": "Avenida Pres. Vargas , 1-31 - centro, 19470-000", "Nome da CJ": "Presidente Venceslau", "ID CJ": 28.0, "Nome da RAJ": "5ª RAJ Presidente Prudente", "Cidades no Foro": "Caiuá, Presidente Epitácio", "Cidades na CJ": "Caiuá, Euclides da Cunha Paulista, Marabá Paulista, Mirante do Paranapanema, Piquerobi, Presidente Epitácio, Presidente Venceslau, Ribeirão dos Índios, Rosana, Santo Anastácio, Teodoro Sampaio", "Populacao Municipio Sede": 5466 }, "geometry": { "type": "Point", "coordinates": [ -51.986631465001579, -21.801436960567482 ] } },
{ "type": "Feature", "properties": { "ID Foro": 3541406.0, "Nome do Foro": "Presidente Prudente", "Endereco": "Avenida Coronel José Soares Marcondes , 2201 - Vila Comercial, 19013-050", "Nome da CJ": "Presidente Prudente", "ID CJ": 27.0, "Nome da RAJ": "5ª RAJ Presidente Prudente", "Cidades no Foro": "Alfredo Marcondes, Anhumas, Presidente Prudente, Santo Expedito, Álvares Machado", "Cidades na CJ": "Alfredo Marcondes, Anhumas, Caiabu, Emilianópolis, Estrela do Norte, Iepê, Indiana, Martinópolis, Nantes, Narandiba, Pirapozinho, Presidente Bernardes, Presidente Prudente, Rancharia, Regente Feijó, Sandovalina, Santo Expedito, Taciba, Tarabai, Álvares Machado", "Populacao Municipio Sede": 4445 }, "geometry": { "type": "Point", "coordinates": [ -51.395676235730207, -21.934984760848767 ] } },
{ "type": "Feature", "properties": { "ID Foro": 3541505.0, "Nome do Foro": "Presidente Venceslau", "Endereco": "Avenida Faustino Rodrigues Azenha , 1500 - Jd Europa, 19400-117", "Nome da CJ": "Presidente Venceslau", "ID CJ": 28.0, "Nome da RAJ": "5ª RAJ Presidente Prudente", "Cidades no Foro": "Marabá Paulista, Presidente Venceslau", "Cidades na CJ": "Caiuá, Euclides da Cunha Paulista, Marabá Paulista, Mirante do Paranapanema, Piquerobi, Presidente Epitácio, Presidente Venceslau, Ribeirão dos Índios, Rosana, Santo Anastácio, Teodoro Sampaio", "Populacao Municipio Sede": 4573 }, "geometry": { "type": "Point", "coordinates": [ -52.056590832695306, -22.127693317010205 ] } },
{ "type": "Feature", "properties": { "ID Foro": 3541604.0, "Nome do Foro": "Promissão", "Endereco": "Avenida Rio Grande , 730 - Centro, 16370-000", "Nome da CJ": "Lins", "ID CJ": 35.0, "Nome da RAJ": "2ª RAJ Araçatuba", "Cidades no Foro": "Promissão", "Cidades na CJ": "Cafelândia, Getulina, Guaimbê, Guaiçara, Guarantã, Júlio Mesquita, Lins, Promissão, Sabino", "Populacao Municipio Sede": 35131 }, "geometry": { "type": "Point", "coordinates": [ -49.870472031923768, -21.52453120133082 ] } },
{ "type": "Feature", "properties": { "ID Foro": 3541703.0, "Nome do Foro": "Quatá", "Endereco": "Avenida Rui Barbosa , 844 - Centro, 19780-000", "Nome da CJ": "Assis", "ID CJ": 26.0, "Nome da RAJ": "5ª RAJ Presidente Prudente", "Cidades no Foro": "João Ramalho, Quatá", "Cidades na CJ": "Assis, Borá, Campos Novos Paulista, Cruzália, Cândido Mota, Echaporã, Florínia, Ibirarema, João Ramalho, Lutécia, Maracaí, Oscar Bressane, Palmital, Paraguaçu Paulista, Pedrinhas Paulista, Platina, Quatá, Tarumã", "Populacao Municipio Sede": 4371 }, "geometry": { "type": "Point", "coordinates": [ -50.799149905738155, -22.277956413598062 ] } },
{ "type": "Feature", "properties": { "ID Foro": 3541901.0, "Nome do Foro": "Queluz", "Endereco": "Praça Portugal , 174 - Centro, 12800-000", "Nome da CJ": "Guaratinguetá", "ID CJ": 48.0, "Nome da RAJ": "9ª RAJ São José dos Campos", "Cidades no Foro": "Areias, Queluz", "Cidades na CJ": "Aparecida, Arapeí, Areias, Bananal, Cachoeira Paulista, Canas, Cruzeiro, Cunha, Guaratinguetá, Lavrinhas, Lorena, Piquete, Potim, Queluz, Roseira, Silveiras, São José do Barreiro", "Populacao Municipio Sede": 3577 }, "geometry": { "type": "Point", "coordinates": [ -44.712355738032279, -22.673122188973831 ] } },
{ "type": "Feature", "properties": { "ID Foro": 3542206.0, "Nome do Foro": "Rancharia", "Endereco": "Rua Marcílio Dias , 615 - Centro, 19600-035", "Nome da CJ": "Presidente Prudente", "ID CJ": 27.0, "Nome da RAJ": "5ª RAJ Presidente Prudente", "Cidades no Foro": "Rancharia", "Cidades na CJ": "Alfredo Marcondes, Anhumas, Caiabu, Emilianópolis, Estrela do Norte, Iepê, Indiana, Martinópolis, Nantes, Narandiba, Pirapozinho, Presidente Bernardes, Presidente Prudente, Rancharia, Regente Feijó, Sandovalina, Santo Expedito, Taciba, Tarabai, Álvares Machado", "Populacao Municipio Sede": 28588 }, "geometry": { "type": "Point", "coordinates": [ -50.928325201051855, -22.282754200834439 ] } },
{ "type": "Feature", "properties": { "ID Foro": 3542404.0, "Nome do Foro": "Regente Feijó", "Endereco": "Rua Carlos Beltrami , 10 - Portal do Sol, 19570-000", "Nome da CJ": "Presidente Prudente", "ID CJ": 27.0, "Nome da RAJ": "5ª RAJ Presidente Prudente", "Cidades no Foro": "Caiabu, Regente Feijó, Taciba", "Cidades na CJ": "Alfredo Marcondes, Anhumas, Caiabu, Emilianópolis, Estrela do Norte, Iepê, Indiana, Martinópolis, Nantes, Narandiba, Pirapozinho, Presidente Bernardes, Presidente Prudente, Rancharia, Regente Feijó, Sandovalina, Santo Expedito, Taciba, Tarabai, Álvares Machado", "Populacao Municipio Sede": 3712 }, "geometry": { "type": "Point", "coordinates": [ -51.22389980507743, -21.949757217979215 ] } },
{ "type": "Feature", "properties": { "ID Foro": 3542602.0, "Nome do Foro": "Registro", "Endereco": "Rua Jerônimo Monteiro Lopes , 93 - V. S. Francisco, 11900-000", "Nome da CJ": "Registro", "ID CJ": 21.0, "Nome da RAJ": "7ª RAJ Santos", "Cidades no Foro": "Registro, Sete Barras", "Cidades na CJ": "Barra do Turvo, Cajati, Cananéia, Eldorado, Iguape, Ilha Comprida, Iporanga, Jacupiranga, Juquiá, Miracatu, Pariquera-Açu, Registro, Sete Barras", "Populacao Municipio Sede": 59947 }, "geometry": { "type": "Point", "coordinates": [ -47.820761734951169, -24.503987639410806 ] } },
{ "type": "Feature", "properties": { "ID Foro": 3542909.0, "Nome do Foro": "Ribeirão Bonito", "Endereco": "Rua Governador Pedro de Toledo , 231 - Centro, 13580-000", "Nome da CJ": "São Carlos", "ID CJ": 12.0, "Nome da RAJ": "6ª RAJ Ribeirão Preto", "Cidades no Foro": "Boa Esperança do Sul, Dourado, Ribeirão Bonito, Trabiju", "Cidades na CJ": "Boa Esperança do Sul, Descalvado, Dourado, Ibaté, Ribeirão Bonito, São Carlos, Trabiju", "Populacao Municipio Sede": 12978 }, "geometry": { "type": "Point", "coordinates": [ -48.463593364912562, -21.934999662030442 ] } },
{ "type": "Feature", "properties": { "ID Foro": 3543303.0, "Nome do Foro": "Ribeirão Pires", "Endereco": "Avenida Prefeito Valdirio Prisco , 150 - Centro, 09400-005", "Nome da CJ": "Santo André", "ID CJ": 3.0, "Nome da RAJ": "1ª RAJ Grande São Paulo", "Cidades no Foro": "Ribeirão Pires", "Cidades na CJ": "Mauá, Ribeirão Pires, Rio Grande da Serra, Santo André, São Caetano do Sul", "Populacao Municipio Sede": 115559 }, "geometry": { "type": "Point", "coordinates": [ -46.402804864815025, -23.701052795140612 ] } },
{ "type": "Feature", "properties": { "ID Foro": 3543402.0, "Nome do Foro": "Ribeirão Preto", "Endereco": "Rua Alice Alem Saadi,1010 , 1010 - Nova Ribeirânia, 14096-570", "Nome da CJ": "Ribeirão Preto", "ID CJ": 41.0, "Nome da RAJ": "6ª RAJ Ribeirão Preto", "Cidades no Foro": "Guatapará, Ribeirão Preto", "Cidades na CJ": "Barrinha, Cajuru, Cravinhos, Cássia dos Coqueiros, Dumont, Guatapará, Jardinópolis, Luís Antônio, Pontal, Ribeirão Preto, Santa Cruz da Esperança, Santa Rosa de Viterbo, Serra Azul, Serrana, Sertãozinho, São Simão", "Populacao Municipio Sede": 7320 }, "geometry": { "type": "Point", "coordinates": [ -47.979902702381295, -21.453280383783142 ] } },
{ "type": "Feature", "properties": { "ID Foro": 3543907.0, "Nome do Foro": "Rio Claro", "Endereco": "Avenida 5 nº 535 , 535 - Centro, 13500-380", "Nome da CJ": "Rio Claro", "ID CJ": 9.0, "Nome da RAJ": "4ª RAJ Campinas", "Cidades no Foro": "Corumbataí, Ipeúna, Rio Claro, Santa Gertrudes", "Cidades na CJ": "Analândia, Brotas, Corumbataí, Ipeúna, Itirapina, Rio Claro, Santa Gertrudes, Torrinha", "Populacao Municipio Sede": 4195 }, "geometry": { "type": "Point", "coordinates": [ -47.611063118735196, -22.236398815694315 ] } },
{ "type": "Feature", "properties": { "ID Foro": 3544103.0, "Nome do Foro": "Rio Grande da Serra", "Endereco": "Rua Agostinho Cardoso , 176 - Vila Figueiredo, 09450-000", "Nome da CJ": "Santo André", "ID CJ": 3.0, "Nome da RAJ": "1ª RAJ Grande São Paulo", "Cidades no Foro": "Rio Grande da Serra", "Cidades na CJ": "Mauá, Ribeirão Pires, Rio Grande da Serra, Santo André, São Caetano do Sul", "Populacao Municipio Sede": 44170 }, "geometry": { "type": "Point", "coordinates": [ -46.379464585740607, -23.737851433082774 ] } },
{ "type": "Feature", "properties": { "ID Foro": 3544004.0, "Nome do Foro": "Rio das Pedras", "Endereco": "Rua Prudente de Morais , 136 - Centro, 13390-003", "Nome da CJ": "Piracicaba", "ID CJ": 34.0, "Nome da RAJ": "4ª RAJ Campinas", "Cidades no Foro": "Rio das Pedras", "Cidades na CJ": "Capivari, Cerquilho, Charqueada, Elias Fausto, Jumirim, Laranjal Paulista, Mombuca, Monte Mor, Piracicaba, Rafard, Rio das Pedras, Saltinho, Santa Maria da Serra, São Pedro, Tietê, Águas de São Pedro", "Populacao Municipio Sede": 31328 }, "geometry": { "type": "Point", "coordinates": [ -47.598381193547098, -22.850340446968197 ] } },
{ "type": "Feature", "properties": { "ID Foro": 3544251.0, "Nome do Foro": "Rosana", "Endereco": "Rua Curimbatá , 788/802 - Primavera, 19274-000", "Nome da CJ": "Presidente Venceslau", "ID CJ": 28.0, "Nome da RAJ": "5ª RAJ Presidente Prudente", "Cidades no Foro": "Rosana", "Cidades na CJ": "Caiuá, Euclides da Cunha Paulista, Marabá Paulista, Mirante do Paranapanema, Piquerobi, Presidente Epitácio, Presidente Venceslau, Ribeirão dos Índios, Rosana, Santo Anastácio, Teodoro Sampaio", "Populacao Municipio Sede": 17440 }, "geometry": { "type": "Point", "coordinates": [ -52.836899274869729, -22.489150754679287 ] } },
{ "type": "Feature", "properties": { "ID Foro": 3544301.0, "Nome do Foro": "Roseira", "Endereco": "Rua Dom Epaminondas , 54 - Centro, 12580-000", "Nome da CJ": "Guaratinguetá", "ID CJ": 48.0, "Nome da RAJ": "9ª RAJ São José dos Campos", "Cidades no Foro": "Roseira", "Cidades na CJ": "Aparecida, Arapeí, Areias, Bananal, Cachoeira Paulista, Canas, Cruzeiro, Cunha, Guaratinguetá, Lavrinhas, Lorena, Piquete, Potim, Queluz, Roseira, Silveiras, São José do Barreiro", "Populacao Municipio Sede": 10832 }, "geometry": { "type": "Point", "coordinates": [ -45.302471539769421, -22.933045335947391 ] } },
{ "type": "Feature", "properties": { "ID Foro": 3545001.0, "Nome do Foro": "Salesópolis", "Endereco": "Rua Antonio Pereira de Souza , 30 - Centro, 08970-000", "Nome da CJ": "São José dos Campos", "ID CJ": 46.0, "Nome da RAJ": "9ª RAJ São José dos Campos", "Cidades no Foro": "Salesópolis", "Cidades na CJ": "Jacareí, Monteiro Lobato, Natividade da Serra, Paraibuna, Salesópolis, Santa Branca, São José dos Campos", "Populacao Municipio Sede": 15202 }, "geometry": { "type": "Point", "coordinates": [ -45.842585084155708, -23.580193820121451 ] } },
{ "type": "Feature", "properties": { "ID Foro": 3545209.0, "Nome do Foro": "Salto", "Endereco": "Avenida Dom Pedro II , 261 - Centro, 13320-240", "Nome da CJ": "Itu", "ID CJ": 20.0, "Nome da RAJ": "10ª RAJ Sorocaba", "Cidades no Foro": "Salto", "Cidades na CJ": "Boituva, Cabreúva, Indaiatuba, Iperó, Itu, Porto Feliz, Salto", "Populacao Municipio Sede": 134319 }, "geometry": { "type": "Point", "coordinates": [ -47.302607795246558, -23.180478889801115 ] } },
{ "type": "Feature", "properties": { "ID Foro": 3545308.0, "Nome do Foro": "Salto de Pirapora", "Endereco": "Rua Francisco de Barros Leite , 708 - Centro, 18160-000", "Nome da CJ": "Sorocaba", "ID CJ": 19.0, "Nome da RAJ": "10ª RAJ Sorocaba", "Cidades no Foro": "Salto de Pirapora", "Cidades na CJ": "Alumínio, Araçariguama, Araçoiaba da Serra, Ibiúna, Mairinque, Piedade, Pilar do Sul, Salto de Pirapora, Sorocaba, São Roque, Tapiraí, Votorantim", "Populacao Municipio Sede": 43748 }, "geometry": { "type": "Point", "coordinates": [ -47.580631826369086, -23.652776419606376 ] } },
{ "type": "Feature", "properties": { "ID Foro": 3545605.0, "Nome do Foro": "Santa Adélia", "Endereco": "Praça Doutor Adhemar de Barros , 255 - Centro, 15950-000", "Nome da CJ": "Catanduva", "ID CJ": 15.0, "Nome da RAJ": "8ª RAJ São José do Rio Preto", "Cidades no Foro": "Ariranha, Palmares Paulista, Santa Adélia", "Cidades na CJ": "Ariranha, Catanduva, Catiguá, Elisiário, Ibirá, Irapuã, Itajobi, Marapoama, Novais, Novo Horizonte, Palmares Paulista, Pindorama, Sales, Santa Adélia, Tabapuã, Urupês", "Populacao Municipio Sede": 7602 }, "geometry": { "type": "Point", "coordinates": [ -48.779198313469685, -21.18566290582736 ] } },
{ "type": "Feature", "properties": { "ID Foro": 3546009.0, "Nome do Foro": "Santa Branca", "Endereco": "Rua Coronel Alfredo de Lima , 90 - Centro, 12380-000", "Nome da CJ": "São José dos Campos", "ID CJ": 46.0, "Nome da RAJ": "9ª RAJ São José dos Campos", "Cidades no Foro": "Santa Branca", "Cidades na CJ": "Jacareí, Monteiro Lobato, Natividade da Serra, Paraibuna, Salesópolis, Santa Branca, São José dos Campos", "Populacao Municipio Sede": 13975 }, "geometry": { "type": "Point", "coordinates": [ -45.863308018773914, -23.426395367523419 ] } },
{ "type": "Feature", "properties": { "ID Foro": 3545803.0, "Nome do Foro": "Santa Bárbara d'Oeste", "Endereco": "Praça D.Carolina , 40 - Jardim Panambi, 13450-515", "Nome da CJ": "Americana", "ID CJ": 53.0, "Nome da RAJ": "4ª RAJ Campinas", "Cidades no Foro": "Santa Bárbara d'Oeste", "Cidades na CJ": "Americana, Hortolândia, Nova Odessa, Santa Bárbara d'Oeste, Sumaré", "Populacao Municipio Sede": 183347 }, "geometry": { "type": "Point", "coordinates": [ -47.428075244620729, -22.800621232557365 ] } },
{ "type": "Feature", "properties": { "ID Foro": 3546306.0, "Nome do Foro": "Santa Cruz das Palmeiras", "Endereco": "Avenida do Café , 665 - Centro, 13650-013", "Nome da CJ": "Casa Branca", "ID CJ": 43.0, "Nome da RAJ": "6ª RAJ Ribeirão Preto", "Cidades no Foro": "Santa Cruz das Palmeiras", "Cidades na CJ": "Caconde, Casa Branca, Divinolândia, Itobi, Mococa, Santa Cruz das Palmeiras, São José do Rio Pardo, São Sebastião da Grama, Tambaú, Tapiratiba", "Populacao Municipio Sede": 28864 }, "geometry": { "type": "Point", "coordinates": [ -47.250136157857767, -21.855511323313735 ] } },
{ "type": "Feature", "properties": { "ID Foro": 3546405.0, "Nome do Foro": "Santa Cruz do Rio Pardo", "Endereco": "Av Doutor Cyro de Mello Camarinha , 606 - Centro, 18900-073", "Nome da CJ": "Ourinhos", "ID CJ": 25.0, "Nome da RAJ": "3ª RAJ Bauru", "Cidades no Foro": "Espírito Santo do Turvo, Santa Cruz do Rio Pardo, São Pedro do Turvo", "Cidades na CJ": "Bernardino de Campos, Canitar, Chavantes, Espírito Santo do Turvo, Ipaussu, Manduri, Ourinhos, Piraju, Ribeirão do Sul, Salto Grande, Santa Cruz do Rio Pardo, Sarutaiá, São Pedro do Turvo, Tejupá, Timburi, Óleo", "Populacao Municipio Sede": 4157 }, "geometry": { "type": "Point", "coordinates": [ -49.432944519801744, -22.67089384692725 ] } },
{ "type": "Feature", "properties": { "ID Foro": 3546603.0, "Nome do Foro": "Santa Fé do Sul", "Endereco": "Avenida Conselheiro Antonio Prado , 1662 - Centro, 15775-000", "Nome da CJ": "Jales", "ID CJ": 55.0, "Nome da RAJ": "2ª RAJ Araçatuba", "Cidades no Foro": "Nova Canaã Paulista, Rubinéia, Santa Clara d'Oeste, Santa Fé do Sul, Santa Rita d'Oeste, Santana da Ponte Pensa, Três Fronteiras", "Cidades na CJ": "Aparecida d'Oeste, Aspásia, Auriflama, Dirce Reis, Guzolândia, Jales, Marinópolis, Mesópolis, Nova Canaã Paulista, Palmeira d'Oeste, Paranapuã, Pontalinda, Rubinéia, Santa Albertina, Santa Clara d'Oeste, Santa Fé do Sul, Santa Rita d'Oeste, Santa Salete, Santana da Ponte Pensa, São Francisco, Três Fronteiras, Urânia, Vitória Brasil", "Populacao Municipio Sede": 2032 }, "geometry": { "type": "Point", "coordinates": [ -50.910558182544953, -20.372039844388723 ] } },
{ "type": "Feature", "properties": { "ID Foro": 3546801.0, "Nome do Foro": "Santa Isabel", "Endereco": "Praça da Bandeira , s/n - Centro, 07500-000", "Nome da CJ": "Guarulhos", "ID CJ": 44.0, "Nome da RAJ": "1ª RAJ Grande São Paulo", "Cidades no Foro": "Igaratá, Santa Isabel", "Cidades na CJ": "Arujá, Guarulhos, Igaratá, Mairiporã, Santa Isabel", "Populacao Municipio Sede": 10605 }, "geometry": { "type": "Point", "coordinates": [ -46.150345270227682, -23.134848095170796 ] } },
{ "type": "Feature", "properties": { "ID Foro": 3547502.0, "Nome do Foro": "Santa Rita do Passa Quatro", "Endereco": "Rua Victor Annibal Rosin , 251 - Jd. América, 13670-970", "Nome da CJ": "Pirassununga", "ID CJ": 11.0, "Nome da RAJ": "4ª RAJ Campinas", "Cidades no Foro": "Santa Rita do Passa Quatro", "Cidades na CJ": "Leme, Pirassununga, Porto Ferreira, Santa Cruz da Conceição, Santa Rita do Passa Quatro", "Populacao Municipio Sede": 24833 }, "geometry": { "type": "Point", "coordinates": [ -47.507923437226225, -21.682507023403389 ] } },
{ "type": "Feature", "properties": { "ID Foro": 3547601.0, "Nome do Foro": "Santa Rosa de Viterbo", "Endereco": "Rua Francisco Carvalho de Andrade , 121 - Centro, 14270-000", "Nome da CJ": "Ribeirão Preto", "ID CJ": 41.0, "Nome da RAJ": "6ª RAJ Ribeirão Preto", "Cidades no Foro": "Santa Rosa de Viterbo", "Cidades na CJ": "Barrinha, Cajuru, Cravinhos, Cássia dos Coqueiros, Dumont, Guatapará, Jardinópolis, Luís Antônio, Pontal, Ribeirão Preto, Santa Cruz da Esperança, Santa Rosa de Viterbo, Serra Azul, Serrana, Sertãozinho, São Simão", "Populacao Municipio Sede": 23411 }, "geometry": { "type": "Point", "coordinates": [ -47.366203320786596, -21.50376542407157 ] } },
{ "type": "Feature", "properties": { "ID Foro": 3547304.0, "Nome do Foro": "Santana de Parnaíba", "Endereco": "Rua Professor Eugênio Teani , 215 - Jardim Professor Benoá, 06502-025", "Nome da CJ": "Osasco", "ID CJ": 4.0, "Nome da RAJ": "1ª RAJ Grande São Paulo", "Cidades no Foro": "Pirapora do Bom Jesus, Santana de Parnaíba", "Cidades na CJ": "Barueri, Carapicuíba, Jandira, Osasco, Pirapora do Bom Jesus, Santana de Parnaíba", "Populacao Municipio Sede": 18370 }, "geometry": { "type": "Point", "coordinates": [ -46.984919409719012, -23.37835989936886 ] } },
{ "type": "Feature", "properties": { "ID Foro": 3547700.0, "Nome do Foro": "Santo Anastácio", "Endereco": "Praça Ataliba Leonel , 251 - Centro, 19360-000", "Nome da CJ": "Presidente Venceslau", "ID CJ": 28.0, "Nome da RAJ": "5ª RAJ Presidente Prudente", "Cidades no Foro": "Piquerobi, Ribeirão dos Índios, Santo Anastácio", "Cidades na CJ": "Caiuá, Euclides da Cunha Paulista, Marabá Paulista, Mirante do Paranapanema, Piquerobi, Presidente Epitácio, Presidente Venceslau, Ribeirão dos Índios, Rosana, Santo Anastácio, Teodoro Sampaio", "Populacao Municipio Sede": 3264 }, "geometry": { "type": "Point", "coordinates": [ -51.731582435174651, -21.852681849614925 ] } },
{ "type": "Feature", "properties": { "ID Foro": 3547809.0, "Nome do Foro": "Santo André", "Endereco": "Praça IV Centenário , 03 - Centro, 09040-906", "Nome da CJ": "Santo André", "ID CJ": 3.0, "Nome da RAJ": "1ª RAJ Grande São Paulo", "Cidades no Foro": "Santo André", "Cidades na CJ": "Mauá, Ribeirão Pires, Rio Grande da Serra, Santo André, São Caetano do Sul", "Populacao Municipio Sede": 748919 }, "geometry": { "type": "Point", "coordinates": [ -46.441579581384403, -23.72795030787147 ] } },
{ "type": "Feature", "properties": { "ID Foro": 3548500.0, "Nome do Foro": "Santos", "Endereco": "Praça Patriarca José Bonifácio , s/nº - Centro, 11013-190", "Nome da CJ": "Santos", "ID CJ": 1.0, "Nome da RAJ": "7ª RAJ Santos", "Cidades no Foro": "Santos", "Cidades na CJ": "Bertioga, Cubatão, Guarujá, Praia Grande, Santos, São Vicente", "Populacao Municipio Sede": 418608 }, "geometry": { "type": "Point", "coordinates": [ -46.291518789361234, -23.86889817250297 ] } },
{ "type": "Feature", "properties": { "ID Foro": 3551603.0, "Nome do Foro": "Serra Negra", "Endereco": "Praça Barão do Rio Branco , 71 - centro, 13930-000", "Nome da CJ": "Amparo", "ID CJ": 54.0, "Nome da RAJ": "4ª RAJ Campinas", "Cidades no Foro": "Serra Negra", "Cidades na CJ": "Amparo, Jaguariúna, Lindóia, Monte Alegre do Sul, Pedreira, Santo Antônio de Posse, Serra Negra, Socorro, Águas de Lindóia", "Populacao Municipio Sede": 29894 }, "geometry": { "type": "Point", "coordinates": [ -46.687285599798209, -22.589097694829519 ] } },
{ "type": "Feature", "properties": { "ID Foro": 3551504.0, "Nome do Foro": "Serrana", "Endereco": "Avenida Habib Jabali , 500 - Jardim Boa Vista, 14150-000", "Nome da CJ": "Ribeirão Preto", "ID CJ": 41.0, "Nome da RAJ": "6ª RAJ Ribeirão Preto", "Cidades no Foro": "Serrana", "Cidades na CJ": "Barrinha, Cajuru, Cravinhos, Cássia dos Coqueiros, Dumont, Guatapará, Jardinópolis, Luís Antônio, Pontal, Ribeirão Preto, Santa Cruz da Esperança, Santa Rosa de Viterbo, Serra Azul, Serrana, Sertãozinho, São Simão", "Populacao Municipio Sede": 43909 }, "geometry": { "type": "Point", "coordinates": [ -47.612347895027106, -21.216896021392202 ] } },
{ "type": "Feature", "properties": { "ID Foro": 3551702.0, "Nome do Foro": "Sertãozinho", "Endereco": "Avenida Pedro Strini , 71 - Jd. América, 14160-260", "Nome da CJ": "Ribeirão Preto", "ID CJ": 41.0, "Nome da RAJ": "6ª RAJ Ribeirão Preto", "Cidades no Foro": "Barrinha, Dumont, Sertãozinho", "Cidades na CJ": "Barrinha, Cajuru, Cravinhos, Cássia dos Coqueiros, Dumont, Guatapará, Jardinópolis, Luís Antônio, Pontal, Ribeirão Preto, Santa Cruz da Esperança, Santa Rosa de Viterbo, Serra Azul, Serrana, Sertãozinho, São Simão", "Populacao Municipio Sede": 32092 }, "geometry": { "type": "Point", "coordinates": [ -48.095031722615744, -21.232526983826094 ] } },
{ "type": "Feature", "properties": { "ID Foro": 3552106.0, "Nome do Foro": "Socorro", "Endereco": "Praça 9 de Julho , 222 - Centro, 13960-000", "Nome da CJ": "Amparo", "ID CJ": 54.0, "Nome da RAJ": "4ª RAJ Campinas", "Cidades no Foro": "Socorro", "Cidades na CJ": "Amparo, Jaguariúna, Lindóia, Monte Alegre do Sul, Pedreira, Santo Antônio de Posse, Serra Negra, Socorro, Águas de Lindóia", "Populacao Municipio Sede": 40122 }, "geometry": { "type": "Point", "coordinates": [ -46.524386317668984, -22.611180087724321 ] } },
{ "type": "Feature", "properties": { "ID Foro": 3552205.0, "Nome do Foro": "Sorocaba", "Endereco": "Rua 28 de Outubro , 691 - Alto da Boa Vista, 18087-080", "Nome da CJ": "Sorocaba", "ID CJ": 19.0, "Nome da RAJ": "10ª RAJ Sorocaba", "Cidades no Foro": "Araçoiaba da Serra, Sorocaba", "Cidades na CJ": "Alumínio, Araçariguama, Araçoiaba da Serra, Ibiúna, Mairinque, Piedade, Pilar do Sul, Salto de Pirapora, Sorocaba, São Roque, Tapiraí, Votorantim", "Populacao Municipio Sede": 32443 }, "geometry": { "type": "Point", "coordinates": [ -47.65151185063727, -23.543853987288919 ] } },
{ "type": "Feature", "properties": { "ID Foro": 3552403.0, "Nome do Foro": "Sumaré", "Endereco": "Rua Antonio de Carvalho , 170 - Centro, 13170-901", "Nome da CJ": "Americana", "ID CJ": 53.0, "Nome da RAJ": "4ª RAJ Campinas", "Cidades no Foro": "Sumaré", "Cidades na CJ": "Americana, Hortolândia, Nova Odessa, Santa Bárbara d'Oeste, Sumaré", "Populacao Municipio Sede": 279545 }, "geometry": { "type": "Point", "coordinates": [ -47.26297363906891, -22.841846924398379 ] } },
{ "type": "Feature", "properties": { "ID Foro": 3552502.0, "Nome do Foro": "Suzano", "Endereco": "Avenida Paulo Portela , s/n - Jd. Paulista, 08675-230", "Nome da CJ": "Mogi das Cruzes", "ID CJ": 45.0, "Nome da RAJ": "1ª RAJ Grande São Paulo", "Cidades no Foro": "Suzano", "Cidades na CJ": "Biritiba-Mirim, Ferraz de Vasconcelos, Guararema, Itaquaquecetuba, Mogi das Cruzes, Poá, Suzano", "Populacao Municipio Sede": 307429 }, "geometry": { "type": "Point", "coordinates": [ -46.310439553065528, -23.608379629957874 ] } },
{ "type": "Feature", "properties": { "ID Foro": 3548609.0, "Nome do Foro": "São Bento do Sapucaí", "Endereco": "Rua Capitão Procópio Marcondes Azeredo , 43 - Centro, 12490-000", "Nome da CJ": "Taubaté", "ID CJ": 47.0, "Nome da RAJ": "9ª RAJ São José dos Campos", "Cidades no Foro": "Santo Antônio do Pinhal, São Bento do Sapucaí", "Cidades na CJ": "Campos do Jordão, Caçapava, Jambeiro, Lagoinha, Pindamonhangaba, Redenção da Serra, Santo Antônio do Pinhal, São Bento do Sapucaí, São Luiz do Paraitinga, Taubaté, Tremembé", "Populacao Municipio Sede": 7133 }, "geometry": { "type": "Point", "coordinates": [ -45.698060283318576, -22.831794899264516 ] } },
{ "type": "Feature", "properties": { "ID Foro": 3548708.0, "Nome do Foro": "São Bernardo do Campo", "Endereco": "Rua 23 de Maio , 107 - Vila Tereza, 09606-000", "Nome da CJ": "São Bernardo do Campo", "ID CJ": 2.0, "Nome da RAJ": "1ª RAJ Grande São Paulo", "Cidades no Foro": "São Bernardo do Campo", "Cidades na CJ": "Diadema, São Bernardo do Campo", "Populacao Municipio Sede": 810729 }, "geometry": { "type": "Point", "coordinates": [ -46.550794169412889, -23.812966499924777 ] } },
{ "type": "Feature", "properties": { "ID Foro": 3548807.0, "Nome do Foro": "São Caetano do Sul", "Endereco": "Praça Doutor Joviano Pacheco de Aguirre , s/nº - Jardim São Caetano, 09581-540", "Nome da CJ": "Santo André", "ID CJ": 3.0, "Nome da RAJ": "1ª RAJ Grande São Paulo", "Cidades no Foro": "São Caetano do Sul", "Cidades na CJ": "Mauá, Ribeirão Pires, Rio Grande da Serra, Santo André, São Caetano do Sul", "Populacao Municipio Sede": 165655 }, "geometry": { "type": "Point", "coordinates": [ -46.566046489799426, -23.626137485660252 ] } },
{ "type": "Feature", "properties": { "ID Foro": 3548906.0, "Nome do Foro": "São Carlos", "Endereco": "Rua Conde do Pinhal , 2061 - Centro, 13560-648", "Nome da CJ": "São Carlos", "ID CJ": 12.0, "Nome da RAJ": "6ª RAJ Ribeirão Preto", "Cidades no Foro": "São Carlos", "Cidades na CJ": "Boa Esperança do Sul, Descalvado, Dourado, Ibaté, Ribeirão Bonito, São Carlos, Trabiju", "Populacao Municipio Sede": 254857 }, "geometry": { "type": "Point", "coordinates": [ -47.86716700640671, -21.918880504809721 ] } },
{ "type": "Feature", "properties": { "ID Foro": 3549409.0, "Nome do Foro": "São Joaquim da Barra", "Endereco": "Travessa Cleiton Zanini , 300 - Jardim Canadá, 14600-000", "Nome da CJ": "Ituverava", "ID CJ": 40.0, "Nome da RAJ": "6ª RAJ Ribeirão Preto", "Cidades no Foro": "São Joaquim da Barra", "Cidades na CJ": "Aramina, Buritizal, Guará, Igarapava, Ipuã, Ituverava, Miguelópolis, São Joaquim da Barra", "Populacao Municipio Sede": 48558 }, "geometry": { "type": "Point", "coordinates": [ -47.938550140544351, -20.55051834021338 ] } },
{ "type": "Feature", "properties": { "ID Foro": 3549706.0, "Nome do Foro": "São José do Rio Pardo", "Endereco": "Praça dos Três Poderes , 03 - Centro, 13720-000", "Nome da CJ": "Casa Branca", "ID CJ": 43.0, "Nome da RAJ": "6ª RAJ Ribeirão Preto", "Cidades no Foro": "São José do Rio Pardo", "Cidades na CJ": "Caconde, Casa Branca, Divinolândia, Itobi, Mococa, Santa Cruz das Palmeiras, São José do Rio Pardo, São Sebastião da Grama, Tambaú, Tapiratiba", "Populacao Municipio Sede": 52205 }, "geometry": { "type": "Point", "coordinates": [ -46.87952384655167, -21.603697704038993 ] } },
{ "type": "Feature", "properties": { "ID Foro": 3549805.0, "Nome do Foro": "São José do Rio Preto", "Endereco": "Rua Marechal Deodoro da Fonseca , 3036 - Centro, 15010-902", "Nome da CJ": "São José do Rio Preto", "ID CJ": 16.0, "Nome da RAJ": "8ª RAJ São José do Rio Preto", "Cidades no Foro": "Bady Bassitt, Cedral, Guapiaçu, Ipiguá, São José do Rio Preto, Uchoa", "Cidades na CJ": "Adolfo, Américo de Campos, Bady Bassitt, Bálsamo, Cedral, Cosmorama, Guapiaçu, Icém, Ipiguá, Jaci, José Bonifácio, Macaubal, Mendonça, Mirassol, Mirassolândia, Monte Aprazível, Neves Paulista, Nipoã, Nova Aliança, Nova Granada, Onda Verde, Orindiúva, Palestina, Paulo de Faria, Poloni, Potirendaba, Riolândia, Sebastianópolis do Sul, São José do Rio Preto, Tanabi, Ubarana, Uchoa, União Paulista", "Populacao Municipio Sede": 27260 }, "geometry": { "type": "Point", "coordinates": [ -49.437627910764213, -20.931530268724984 ] } },
{ "type": "Feature", "properties": { "ID Foro": 3549904.0, "Nome do Foro": "São José dos Campos", "Endereco": "Avenida Salmão , 678 - Parque Residencial Aquarius, 12246-260", "Nome da CJ": "São José dos Campos", "ID CJ": 46.0, "Nome da RAJ": "9ª RAJ São José dos Campos", "Cidades no Foro": "Monteiro Lobato, São José dos Campos", "Cidades na CJ": "Jacareí, Monteiro Lobato, Natividade da Serra, Paraibuna, Salesópolis, Santa Branca, São José dos Campos", "Populacao Municipio Sede": 4138 }, "geometry": { "type": "Point", "coordinates": [ -45.804279087541936, -22.936568068326618 ] } },
{ "type": "Feature", "properties": { "ID Foro": 3549102.0, "Nome do Foro": "São João da Boa Vista", "Endereco": "Avenida Doutor Octávio da Silva Bastos , 2.150 - Jardim Nova São João, 13874-149", "Nome da CJ": "São João da Boa Vista", "ID CJ": 50.0, "Nome da RAJ": "4ª RAJ Campinas", "Cidades no Foro": "São João da Boa Vista, Águas da Prata", "Cidades na CJ": "Aguaí, Espírito Santo do Pinhal, Santo Antônio do Jardim, São João da Boa Vista, Vargem Grande do Sul, Águas da Prata", "Populacao Municipio Sede": 7369 }, "geometry": { "type": "Point", "coordinates": [ -46.691692325442673, -21.913708919257115 ] } },
{ "type": "Feature", "properties": { "ID Foro": 3550001.0, "Nome do Foro": "São Luiz do Paraitinga", "Endereco": "Via de Acesso Vereador José Adolfo Pinto de Souza , s/n - Várzea dos Passarinhos, 12140-000", "Nome da CJ": "Taubaté", "ID CJ": 47.0, "Nome da RAJ": "9ª RAJ São José dos Campos", "Cidades no Foro": "Lagoinha, São Luiz do Paraitinga", "Cidades na CJ": "Campos do Jordão, Caçapava, Jambeiro, Lagoinha, Pindamonhangaba, Redenção da Serra, Santo Antônio do Pinhal, São Bento do Sapucaí, São Luiz do Paraitinga, Taubaté, Tremembé", "Populacao Municipio Sede": 5083 }, "geometry": { "type": "Point", "coordinates": [ -45.206785511257522, -23.085799794448445 ] } },
{ "type": "Feature", "properties": { "ID Foro": 3550100.0, "Nome do Foro": "São Manuel", "Endereco": "Rua Ettore Targa , s/nº - Centro, 18652330", "Nome da CJ": "Botucatu", "ID CJ": 23.0, "Nome da RAJ": "3ª RAJ Bauru", "Cidades no Foro": "Areiópolis, Pratânia, São Manuel", "Cidades na CJ": "Anhembi, Areiópolis, Botucatu, Conchas, Itatinga, Pardinho, Pereiras, Pratânia, São Manuel", "Populacao Municipio Sede": 10130 }, "geometry": { "type": "Point", "coordinates": [ -48.652858001886244, -22.631844910844926 ] } },
{ "type": "Feature", "properties": { "ID Foro": 3550209.0, "Nome do Foro": "São Miguel Arcanjo", "Endereco": "Rua Bento França , 332 - Centro, 18230-000", "Nome da CJ": "Itapetininga", "ID CJ": 22.0, "Nome da RAJ": "10ª RAJ Sorocaba", "Cidades no Foro": "São Miguel Arcanjo", "Cidades na CJ": "Alambari, Angatuba, Bofete, Campina do Monte Alegre, Capela do Alto, Capão Bonito, Cesário Lange, Guapiara, Guareí, Itapetininga, Porangaba, Quadra, Ribeirão Grande, Sarapuí, São Miguel Arcanjo, Tatuí, Torre de Pedra", "Populacao Municipio Sede": 32039 }, "geometry": { "type": "Point", "coordinates": [ -47.993350127749451, -23.91394812442293 ] } },
{ "type": "Feature", "properties": { "ID Foro": 3550308.0, "Nome do Foro": "São Paulo", "Endereco": "Rua Piratininga , N° 105 - Brás urb/sp, 03042-001", "Nome da CJ": "São Paulo", "ID CJ": 0.0, "Nome da RAJ": "1ª RAJ Grande São Paulo", "Cidades no Foro": "São Paulo", "Cidades na CJ": "São Paulo", "Populacao Municipio Sede": 11451999 }, "geometry": { "type": "Point", "coordinates": [ -46.648086000083495, -23.650049140286697 ] } },
{ "type": "Feature", "properties": { "ID Foro": 3550407.0, "Nome do Foro": "São Pedro", "Endereco": "Praça Adolpho Bonifácio Bragaia , s/nº - Centro, 13520-028", "Nome da CJ": "Piracicaba", "ID CJ": 34.0, "Nome da RAJ": "4ª RAJ Campinas", "Cidades no Foro": "Santa Maria da Serra, São Pedro, Águas de São Pedro", "Cidades na CJ": "Capivari, Cerquilho, Charqueada, Elias Fausto, Jumirim, Laranjal Paulista, Mombuca, Monte Mor, Piracicaba, Rafard, Rio das Pedras, Saltinho, Santa Maria da Serra, São Pedro, Tietê, Águas de São Pedro", "Populacao Municipio Sede": 2780 }, "geometry": { "type": "Point", "coordinates": [ -47.876100454478419, -22.598649166877312 ] } },
{ "type": "Feature", "properties": { "ID Foro": 3550605.0, "Nome do Foro": "São Roque", "Endereco": "Avenida John Fitzgerald Kennedy , 355 - Centro, 18130-510", "Nome da CJ": "Sorocaba", "ID CJ": 19.0, "Nome da RAJ": "10ª RAJ Sorocaba", "Cidades no Foro": "Araçariguama, São Roque", "Cidades na CJ": "Alumínio, Araçariguama, Araçoiaba da Serra, Ibiúna, Mairinque, Piedade, Pilar do Sul, Salto de Pirapora, Sorocaba, São Roque, Tapiraí, Votorantim", "Populacao Municipio Sede": 21522 }, "geometry": { "type": "Point", "coordinates": [ -47.072394659201301, -23.434445382345821 ] } },
{ "type": "Feature", "properties": { "ID Foro": 3550704.0, "Nome do Foro": "São Sebastião", "Endereco": "Rua Emídio Orselli , 333 - Varadouro, 11611-627", "Nome da CJ": "Caraguatatuba", "ID CJ": 51.0, "Nome da RAJ": "9ª RAJ São José dos Campos", "Cidades no Foro": "São Sebastião", "Cidades na CJ": "Caraguatatuba, Ilhabela, São Sebastião, Ubatuba", "Populacao Municipio Sede": 81595 }, "geometry": { "type": "Point", "coordinates": [ -45.60676565373813, -23.754240287880098 ] } },
{ "type": "Feature", "properties": { "ID Foro": 3550803.0, "Nome do Foro": "São Sebastião da Grama", "Endereco": "Praça São Sebastião , 126 - Centro, 13790-000", "Nome da CJ": "Casa Branca", "ID CJ": 43.0, "Nome da RAJ": "6ª RAJ Ribeirão Preto", "Cidades no Foro": "Divinolândia, São Sebastião da Grama", "Cidades na CJ": "Caconde, Casa Branca, Divinolândia, Itobi, Mococa, Santa Cruz das Palmeiras, São José do Rio Pardo, São Sebastião da Grama, Tambaú, Tapiratiba", "Populacao Municipio Sede": 11158 }, "geometry": { "type": "Point", "coordinates": [ -46.697410134635703, -21.661681232648768 ] } },
{ "type": "Feature", "properties": { "ID Foro": 3550902.0, "Nome do Foro": "São Simão", "Endereco": "Rua 20 de Agosto , 258 - Centro, 14200-000", "Nome da CJ": "Ribeirão Preto", "ID CJ": 41.0, "Nome da RAJ": "6ª RAJ Ribeirão Preto", "Cidades no Foro": "Luís Antônio, São Simão", "Cidades na CJ": "Barrinha, Cajuru, Cravinhos, Cássia dos Coqueiros, Dumont, Guatapará, Jardinópolis, Luís Antônio, Pontal, Ribeirão Preto, Santa Cruz da Esperança, Santa Rosa de Viterbo, Serra Azul, Serrana, Sertãozinho, São Simão", "Populacao Municipio Sede": 12265 }, "geometry": { "type": "Point", "coordinates": [ -47.781892326420689, -21.552663112908377 ] } },
{ "type": "Feature", "properties": { "ID Foro": 3551009.0, "Nome do Foro": "São Vicente", "Endereco": "Rua Jacob Emerich , 1367 - Parque Bitarú, 11310-906", "Nome da CJ": "Santos", "ID CJ": 1.0, "Nome da RAJ": "7ª RAJ Santos", "Cidades no Foro": "São Vicente", "Cidades na CJ": "Bertioga, Cubatão, Guarujá, Praia Grande, Santos, São Vicente", "Populacao Municipio Sede": 329911 }, "geometry": { "type": "Point", "coordinates": [ -46.488282720972457, -23.959230748201488 ] } },
{ "type": "Feature", "properties": { "ID Foro": 3552601.0, "Nome do Foro": "Tabapuã", "Endereco": "Rua Eugênio Ulian , 1265 - centro, 15880-023", "Nome da CJ": "Catanduva", "ID CJ": 15.0, "Nome da RAJ": "8ª RAJ São José do Rio Preto", "Cidades no Foro": "Catiguá, Novais, Tabapuã", "Cidades na CJ": "Ariranha, Catanduva, Catiguá, Elisiário, Ibirá, Irapuã, Itajobi, Marapoama, Novais, Novo Horizonte, Palmares Paulista, Pindorama, Sales, Santa Adélia, Tabapuã, Urupês", "Populacao Municipio Sede": 7003 }, "geometry": { "type": "Point", "coordinates": [ -49.052787391269128, -21.06283533002329 ] } },
{ "type": "Feature", "properties": { "ID Foro": 3552809.0, "Nome do Foro": "Taboão da Serra", "Endereco": "Rua Mario Latorre , 96 - Pq. Pinheiros, 06767-230", "Nome da CJ": "Itapecerica da Serra", "ID CJ": 52.0, "Nome da RAJ": "1ª RAJ Grande São Paulo", "Cidades no Foro": "Taboão da Serra", "Cidades na CJ": "Cotia, Embu das Artes, Embu-Guaçu, Itapecerica da Serra, Itapevi, Juquitiba, São Lourenço da Serra, Taboão da Serra, Vargem Grande Paulista", "Populacao Municipio Sede": 273542 }, "geometry": { "type": "Point", "coordinates": [ -46.786404778234527, -23.620534666622344 ] } },
{ "type": "Feature", "properties": { "ID Foro": 3553302.0, "Nome do Foro": "Tambaú", "Endereco": "Rua Campos Salles , 345 - Centro, 13710-000", "Nome da CJ": "Casa Branca", "ID CJ": 43.0, "Nome da RAJ": "6ª RAJ Ribeirão Preto", "Cidades no Foro": "Tambaú", "Cidades na CJ": "Caconde, Casa Branca, Divinolândia, Itobi, Mococa, Santa Cruz das Palmeiras, São José do Rio Pardo, São Sebastião da Grama, Tambaú, Tapiratiba", "Populacao Municipio Sede": 21435 }, "geometry": { "type": "Point", "coordinates": [ -47.239026847226206, -21.601786059624061 ] } },
{ "type": "Feature", "properties": { "ID Foro": 3553401.0, "Nome do Foro": "Tanabi", "Endereco": "Praça Stélio Machado Loureiro, , 273 - Centro, 15170-000", "Nome da CJ": "São José do Rio Preto", "ID CJ": 16.0, "Nome da RAJ": "8ª RAJ São José do Rio Preto", "Cidades no Foro": "Américo de Campos, Cosmorama, Tanabi", "Cidades na CJ": "Adolfo, Américo de Campos, Bady Bassitt, Bálsamo, Cedral, Cosmorama, Guapiaçu, Icém, Ipiguá, Jaci, José Bonifácio, Macaubal, Mendonça, Mirassol, Mirassolândia, Monte Aprazível, Neves Paulista, Nipoã, Nova Aliança, Nova Granada, Onda Verde, Orindiúva, Palestina, Paulo de Faria, Poloni, Potirendaba, Riolândia, Sebastianópolis do Sul, São José do Rio Preto, Tanabi, Ubarana, Uchoa, União Paulista", "Populacao Municipio Sede": 5870 }, "geometry": { "type": "Point", "coordinates": [ -49.767983703235927, -20.289375013126747 ] } },
{ "type": "Feature", "properties": { "ID Foro": 3553708.0, "Nome do Foro": "Taquaritinga", "Endereco": "Rua Duque de Caxias , 267 - Centro, 15900-017", "Nome da CJ": "Jaboticabal", "ID CJ": 42.0, "Nome da RAJ": "6ª RAJ Ribeirão Preto", "Cidades no Foro": "Cândido Rodrigues, Fernando Prestes, Santa Ernestina, Taquaritinga", "Cidades na CJ": "Cândido Rodrigues, Fernando Prestes, Guariba, Jaboticabal, Monte Alto, Pirangi, Pitangueiras, Pradópolis, Santa Ernestina, Taiaçu, Taiúva, Taquaral, Taquaritinga, Vista Alegre do Alto", "Populacao Municipio Sede": 2889 }, "geometry": { "type": "Point", "coordinates": [ -48.628622210488736, -21.342839633844566 ] } },
{ "type": "Feature", "properties": { "ID Foro": 3553807.0, "Nome do Foro": "Taquarituba", "Endereco": "Avenida Coronel João Quintino , 137 - Centro, 18740-000", "Nome da CJ": "Avaré", "ID CJ": 24.0, "Nome da RAJ": "3ª RAJ Bauru", "Cidades no Foro": "Coronel Macedo, Taquarituba", "Cidades na CJ": "Arandu, Avaré, Cerqueira César, Coronel Macedo, Fartura, Iaras, Itaí, Paranapanema, Taguaí, Taquarituba, Águas de Santa Bárbara", "Populacao Municipio Sede": 4280 }, "geometry": { "type": "Point", "coordinates": [ -49.306852982563299, -23.630125408568865 ] } },
{ "type": "Feature", "properties": { "ID Foro": 3554003.0, "Nome do Foro": "Tatuí", "Endereco": "Avenida Virginio Montezzo Filho , 2009 - Nova Tatui, 18278-440", "Nome da CJ": "Itapetininga", "ID CJ": 22.0, "Nome da RAJ": "10ª RAJ Sorocaba", "Cidades no Foro": "Capela do Alto, Quadra, Tatuí", "Cidades na CJ": "Alambari, Angatuba, Bofete, Campina do Monte Alegre, Capela do Alto, Capão Bonito, Cesário Lange, Guapiara, Guareí, Itapetininga, Porangaba, Quadra, Ribeirão Grande, Sarapuí, São Miguel Arcanjo, Tatuí, Torre de Pedra", "Populacao Municipio Sede": 22866 }, "geometry": { "type": "Point", "coordinates": [ -47.730963935986338, -23.467425435348922 ] } },
{ "type": "Feature", "properties": { "ID Foro": 3554102.0, "Nome do Foro": "Taubaté", "Endereco": "Praça Monsenhor Silva Barros , s/n - Centro, 12020-070", "Nome da CJ": "Taubaté", "ID CJ": 47.0, "Nome da RAJ": "9ª RAJ São José dos Campos", "Cidades no Foro": "Redenção da Serra, Taubaté", "Cidades na CJ": "Campos do Jordão, Caçapava, Jambeiro, Lagoinha, Pindamonhangaba, Redenção da Serra, Santo Antônio do Pinhal, São Bento do Sapucaí, São Luiz do Paraitinga, Taubaté, Tremembé", "Populacao Municipio Sede": 4494 }, "geometry": { "type": "Point", "coordinates": [ -45.526165962218379, -23.253649836688087 ] } },
{ "type": "Feature", "properties": { "ID Foro": 3554300.0, "Nome do Foro": "Teodoro Sampaio", "Endereco": "Avenida Manoel Guirado Segura , 2080 - Vila Furlan, 19282160", "Nome da CJ": "Presidente Venceslau", "ID CJ": 28.0, "Nome da RAJ": "5ª RAJ Presidente Prudente", "Cidades no Foro": "Euclides da Cunha Paulista, Teodoro Sampaio", "Cidades na CJ": "Caiuá, Euclides da Cunha Paulista, Marabá Paulista, Mirante do Paranapanema, Piquerobi, Presidente Epitácio, Presidente Venceslau, Ribeirão dos Índios, Rosana, Santo Anastácio, Teodoro Sampaio", "Populacao Municipio Sede": 7924 }, "geometry": { "type": "Point", "coordinates": [ -52.588599542952743, -22.518967673625788 ] } },
{ "type": "Feature", "properties": { "ID Foro": 3554508.0, "Nome do Foro": "Tietê", "Endereco": "Av. XI de Agosto , 130 - centro, 18530-000", "Nome da CJ": "Piracicaba", "ID CJ": 34.0, "Nome da RAJ": "4ª RAJ Campinas", "Cidades no Foro": "Jumirim, Tietê", "Cidades na CJ": "Capivari, Cerquilho, Charqueada, Elias Fausto, Jumirim, Laranjal Paulista, Mombuca, Monte Mor, Piracicaba, Rafard, Rio das Pedras, Saltinho, Santa Maria da Serra, São Pedro, Tietê, Águas de São Pedro", "Populacao Municipio Sede": 3056 }, "geometry": { "type": "Point", "coordinates": [ -47.788126056045158, -23.099632368121718 ] } },
{ "type": "Feature", "properties": { "ID Foro": 3554805.0, "Nome do Foro": "Tremembé", "Endereco": "Rua Costa Cabral , 1183 - Centro, 12120-013", "Nome da CJ": "Taubaté", "ID CJ": 47.0, "Nome da RAJ": "9ª RAJ São José dos Campos", "Cidades no Foro": "Tremembé", "Cidades na CJ": "Campos do Jordão, Caçapava, Jambeiro, Lagoinha, Pindamonhangaba, Redenção da Serra, Santo Antônio do Pinhal, São Bento do Sapucaí, São Luiz do Paraitinga, Taubaté, Tremembé", "Populacao Municipio Sede": 51173 }, "geometry": { "type": "Point", "coordinates": [ -45.604213058046433, -22.940847506417793 ] } },
{ "type": "Feature", "properties": { "ID Foro": 3555109.0, "Nome do Foro": "Tupi Paulista", "Endereco": "Rua Tiradentes , 877 - centro, 17930-000", "Nome da CJ": "Dracena", "ID CJ": 29.0, "Nome da RAJ": "5ª RAJ Presidente Prudente", "Cidades no Foro": "Monte Castelo, Nova Guataporanga, São João do Pau d'Alho, Tupi Paulista", "Cidades na CJ": "Dracena, Flora Rica, Irapuru, Junqueirópolis, Monte Castelo, Nova Guataporanga, Ouro Verde, Pacaembu, Panorama, Paulicéia, Santa Mercedes, São João do Pau d'Alho, Tupi Paulista", "Populacao Municipio Sede": 4222 }, "geometry": { "type": "Point", "coordinates": [ -51.571373773249164, -21.254860560116395 ] } },
{ "type": "Feature", "properties": { "ID Foro": 3555000.0, "Nome do Foro": "Tupã", "Endereco": "Rua Colômbia , 200 - Jardim América, 17605-900", "Nome da CJ": "Tupã", "ID CJ": 30.0, "Nome da RAJ": "5ª RAJ Presidente Prudente", "Cidades no Foro": "Arco-Íris, Herculândia, Queiroz, Rinópolis, Tupã", "Cidades na CJ": "Adamantina, Arco-Íris, Bastos, Flórida Paulista, Herculândia, Iacri, Inúbia Paulista, Lucélia, Mariápolis, Osvaldo Cruz, Parapuã, Pracinha, Queiroz, Rinópolis, Sagres, Salmourão, Tupã", "Populacao Municipio Sede": 2044 }, "geometry": { "type": "Point", "coordinates": [ -50.430941593256684, -21.766344934120397 ] } },
{ "type": "Feature", "properties": { "ID Foro": 3555406.0, "Nome do Foro": "Ubatuba", "Endereco": "Rua Sérgio Lucindo da Silva , 571 - Estufa II, 11689-416", "Nome da CJ": "Caraguatatuba", "ID CJ": 51.0, "Nome da RAJ": "9ª RAJ São José dos Campos", "Cidades no Foro": "Ubatuba", "Cidades na CJ": "Caraguatatuba, Ilhabela, São Sebastião, Ubatuba", "Populacao Municipio Sede": 92981 }, "geometry": { "type": "Point", "coordinates": [ -45.02408953518848, -23.381088005306378 ] } },
{ "type": "Feature", "properties": { "ID Foro": 3556008.0, "Nome do Foro": "Urupês", "Endereco": "Praça Jardim Bela Vista , s/n - Jardim Bela Vista, 15850-019", "Nome da CJ": "Catanduva", "ID CJ": 15.0, "Nome da RAJ": "8ª RAJ São José do Rio Preto", "Cidades no Foro": "Irapuã, Sales, Urupês", "Cidades na CJ": "Ariranha, Catanduva, Catiguá, Elisiário, Ibirá, Irapuã, Itajobi, Marapoama, Novais, Novo Horizonte, Palmares Paulista, Pindorama, Sales, Santa Adélia, Tabapuã, Urupês", "Populacao Municipio Sede": 6867 }, "geometry": { "type": "Point", "coordinates": [ -49.397438191579504, -21.267696141008322 ] } },
{ "type": "Feature", "properties": { "ID Foro": 3555802.0, "Nome do Foro": "Urânia", "Endereco": "Avenida Barão do Rio Branco , 818 - Centro, 15760-000", "Nome da CJ": "Jales", "ID CJ": 55.0, "Nome da RAJ": "2ª RAJ Araçatuba", "Cidades no Foro": "Aspásia, Santa Salete, Urânia", "Cidades na CJ": "Aparecida d'Oeste, Aspásia, Auriflama, Dirce Reis, Guzolândia, Jales, Marinópolis, Mesópolis, Nova Canaã Paulista, Palmeira d'Oeste, Paranapuã, Pontalinda, Rubinéia, Santa Albertina, Santa Clara d'Oeste, Santa Fé do Sul, Santa Rita d'Oeste, Santa Salete, Santana da Ponte Pensa, São Francisco, Três Fronteiras, Urânia, Vitória Brasil", "Populacao Municipio Sede": 1842 }, "geometry": { "type": "Point", "coordinates": [ -50.728050089087589, -20.183556506620405 ] } },
{ "type": "Feature", "properties": { "ID Foro": 3556206.0, "Nome do Foro": "Valinhos", "Endereco": "Rua Professor Ataliba Nogueira, 36 , 36 - Jd. Santo Antonio, 13270-660", "Nome da CJ": "Campinas", "ID CJ": 8.0, "Nome da RAJ": "4ª RAJ Campinas", "Cidades no Foro": "Valinhos", "Cidades na CJ": "Campinas, Cosmópolis, Paulínia, Valinhos", "Populacao Municipio Sede": 126373 }, "geometry": { "type": "Point", "coordinates": [ -46.981296033824478, -22.975119305544684 ] } },
{ "type": "Feature", "properties": { "ID Foro": 3556305.0, "Nome do Foro": "Valparaíso", "Endereco": "Rua Padre Mauro Eduardo , s/n - Centro, 16880-000", "Nome da CJ": "Araçatuba", "ID CJ": 36.0, "Nome da RAJ": "2ª RAJ Araçatuba", "Cidades no Foro": "Bento de Abreu, Valparaíso", "Cidades na CJ": "Alto Alegre, Araçatuba, Avanhandava, Barbosa, Bento de Abreu, Bilac, Birigui, Braúna, Brejo Alegre, Buritama, Clementina, Coroados, Gabriel Monteiro, Glicério, Guararapes, Lourdes, Luiziânia, Penápolis, Piacatu, Planalto, Rubiácea, Santo Antônio do Aracanguá, Santópolis do Aguapeí, Turiúba, Valparaíso, Zacarias", "Populacao Municipio Sede": 2606 }, "geometry": { "type": "Point", "coordinates": [ -50.861970210809609, -21.331750650159744 ] } },
{ "type": "Feature", "properties": { "ID Foro": 3556453.0, "Nome do Foro": "Vargem Grande Paulista", "Endereco": "Avenida Miranda , 25 - Jd. Verona, 06735-020", "Nome da CJ": "Itapecerica da Serra", "ID CJ": 52.0, "Nome da RAJ": "1ª RAJ Grande São Paulo", "Cidades no Foro": "Vargem Grande Paulista", "Cidades na CJ": "Cotia, Embu das Artes, Embu-Guaçu, Itapecerica da Serra, Itapevi, Juquitiba, São Lourenço da Serra, Taboão da Serra, Vargem Grande Paulista", "Populacao Municipio Sede": 50415 }, "geometry": { "type": "Point", "coordinates": [ -47.014710384656688, -23.620895414923897 ] } },
{ "type": "Feature", "properties": { "ID Foro": 3556404.0, "Nome do Foro": "Vargem Grande do Sul", "Endereco": "Avenida Walter Tatoni , 343 - Vila Sant'Ana, 13880-000", "Nome da CJ": "São João da Boa Vista", "ID CJ": 50.0, "Nome da RAJ": "4ª RAJ Campinas", "Cidades no Foro": "Vargem Grande do Sul", "Cidades na CJ": "Aguaí, Espírito Santo do Pinhal, Santo Antônio do Jardim, São João da Boa Vista, Vargem Grande do Sul, Águas da Prata", "Populacao Municipio Sede": 40133 }, "geometry": { "type": "Point", "coordinates": [ -46.898962354647594, -21.860698914449298 ] } },
{ "type": "Feature", "properties": { "ID Foro": 3556701.0, "Nome do Foro": "Vinhedo", "Endereco": "Estrada da Boiada , 530 - Jardim Brasil, 13289-084", "Nome da CJ": "Jundiaí", "ID CJ": 5.0, "Nome da RAJ": "4ª RAJ Campinas", "Cidades no Foro": "Vinhedo", "Cidades na CJ": "Caieiras, Cajamar, Campo Limpo Paulista, Francisco Morato, Franco da Rocha, Itatiba, Itupeva, Jundiaí, Louveira, Morungaba, Vinhedo, Várzea Paulista", "Populacao Municipio Sede": 76540 }, "geometry": { "type": "Point", "coordinates": [ -46.97922688392979, -23.04647122354406 ] } },
{ "type": "Feature", "properties": { "ID Foro": 3556800.0, "Nome do Foro": "Viradouro", "Endereco": "Rua José Borelli , 10 - Centro, 14740-000", "Nome da CJ": "Barretos", "ID CJ": 14.0, "Nome da RAJ": "8ª RAJ São José do Rio Preto", "Cidades no Foro": "Terra Roxa, Viradouro", "Cidades na CJ": "Altair, Barretos, Bebedouro, Cajobi, Colina, Colômbia, Embaúba, Guaraci, Guaíra, Jaborandi, Monte Azul Paulista, Olímpia, Paraíso, Severínia, Terra Roxa, Viradouro", "Populacao Municipio Sede": 7904 }, "geometry": { "type": "Point", "coordinates": [ -48.345770707687912, -20.778767131180363 ] } },
{ "type": "Feature", "properties": { "ID Foro": 3557006.0, "Nome do Foro": "Votorantim", "Endereco": "Avenida Luiz do Patrocínio Fernandes , 762 - Rio Acima, 18114-001", "Nome da CJ": "Sorocaba", "ID CJ": 19.0, "Nome da RAJ": "10ª RAJ Sorocaba", "Cidades no Foro": "Votorantim", "Cidades na CJ": "Alumínio, Araçariguama, Araçoiaba da Serra, Ibiúna, Mairinque, Piedade, Pilar do Sul, Salto de Pirapora, Sorocaba, São Roque, Tapiraí, Votorantim", "Populacao Municipio Sede": 127923 }, "geometry": { "type": "Point", "coordinates": [ -47.40655958900939, -23.579865772853115 ] } },
{ "type": "Feature", "properties": { "ID Foro": 3557105.0, "Nome do Foro": "Votuporanga", "Endereco": "Rua Espírito Santo , 2497 - Cia Melhoramentos, 15501-221", "Nome da CJ": "Votuporanga", "ID CJ": 17.0, "Nome da RAJ": "8ª RAJ São José do Rio Preto", "Cidades no Foro": "Parisi, Valentim Gentil, Votuporanga, Álvares Florence", "Cidades na CJ": "Cardoso, Floreal, Gastão Vidigal, Magda, Mira Estrela, Monções, Nhandeara, Nova Luzitânia, Parisi, Pontes Gestal, Valentim Gentil, Votuporanga, Álvares Florence", "Populacao Municipio Sede": 3915 }, "geometry": { "type": "Point", "coordinates": [ -49.920249525216413, -20.289540956754252 ] } },
{ "type": "Feature", "properties": { "ID Foro": 3556503.0, "Nome do Foro": "Várzea Paulista", "Endereco": "Av. Fernão Dias Paes Leme , 2323 - V.Santa Terezinha, 13220-005", "Nome da CJ": "Jundiaí", "ID CJ": 5.0, "Nome da RAJ": "4ª RAJ Campinas", "Cidades no Foro": "Várzea Paulista", "Cidades na CJ": "Caieiras, Cajamar, Campo Limpo Paulista, Francisco Morato, Franco da Rocha, Itatiba, Itupeva, Jundiaí, Louveira, Morungaba, Vinhedo, Várzea Paulista", "Populacao Municipio Sede": 115771 }, "geometry": { "type": "Point", "coordinates": [ -46.824904031818789, -23.219260443622119 ] } },
{ "type": "Feature", "properties": { "ID Foro": 3500501.0, "Nome do Foro": "Águas de Lindóia", "Endereco": "Rua Francisco Spartani , 66 - Jd. Le Villete, 13940-000", "Nome da CJ": "Amparo", "ID CJ": 54.0, "Nome da RAJ": "4ª RAJ Campinas", "Cidades no Foro": "Lindóia, Águas de Lindóia", "Cidades na CJ": "Amparo, Jaguariúna, Lindóia, Monte Alegre do Sul, Pedreira, Santo Antônio de Posse, Serra Negra, Socorro, Águas de Lindóia", "Populacao Municipio Sede": 17930 }, "geometry": { "type": "Point", "coordinates": [ -46.6036501530808, -22.474824935145158 ] } }
]
}
