{
"type": "FeatureCollection",
"name": "pm_grupos_pontos_sp.geojson",
"crs": { "type": "name", "properties": { "name": "urn:ogc:def:crs:OGC:1.3:CRS84" } },
"features": [
{ "type": "Feature", "properties": { "id_comando": "CPA/M-1", "nome_comando": "1º Comando de Policiamento de Área Metropolitana (CPA/M-1)", "nome_batalhao": "11º BPM/M", "tipo_batalhao": "Metropolitano", "companhia": "3.CIA PM", "pelotao": "TERRITORIAL", "grupo": "0", "cidade": "Sao Paulo", "endereco": "RUA MAESTRO ELIAS LOBO, 127, JARDIM PAULISTA - Sao Paulo", "latitude": -23.5727904, "longitude": -46.6636329, "fonte_geocodificacao": "Google Geocoding API", "opm_nome": "3. COMPANHIA DE POLICIA MILITAR", "opm_descricao": "CPA/M-1 11.BPM/M 3.CIA PM TERRITORIAL 0", "opm_codigo": "501113000" }, "geometry": { "type": "Point", "coordinates": [ -46.6636329, -23.5727904 ] } },
{ "type": "Feature", "properties": { "id_comando": "CPA/M-1", "nome_comando": "1º Comando de Policiamento de Área Metropolitana (CPA/M-1)", "nome_batalhao": "7º BPM/M", "tipo_batalhao": "Metropolitano", "companhia": "3.CIA PM", "pelotao": "TERRITORIAL", "grupo": "0", "cidade": "Sao Paulo", "endereco": "RUA ABOLICAO, 349  CIA NÃO EXISTE, BELA VISTA - Sao Paulo", "latitude": -23.5537955, "longitude": -46.6418121, "fonte_geocodificacao": "Google Geocoding API", "opm_nome": "3. COMPANHIA DE POLICIA MILITAR", "opm_descricao": "CPA/M-1 7.BPM/M 3.CIA PM TERRITORIAL 0", "opm_codigo": "501073000" }, "geometry": { "type": "Point", "coordinates": [ -46.6418121, -23.5537955 ] } },
{ "type": "Feature", "properties": { "id_comando": "CPA/M-10", "nome_comando": "10º Comando de Policiamento de Área Metropolitana (CPA/M-10)", "nome_batalhao": "37º BPM/M", "tipo_batalhao": "Metropolitano", "companhia": "5.CIA PM", "pelotao": "TERRITORIAL", "grupo": "0", "cidade": "Sao Paulo", "endereco": "INEXISTENTE, 0, INEXISTENTE - Sao Paulo", "latitude": -23.7193559, "longitude": -46.6899879, "fonte_geocodificacao": "Google Geocoding API", "opm_nome": "37.BPM/M 5.CIA PM TERRITORIAL", "opm_descricao": "CPA/M-10 37.BPM/M 5.CIA PM TERRITORIAL 0", "opm_codigo": "510375000" }, "geometry": { "type": "Point", "coordinates": [ -46.689987900000013, -23.7193559 ] } },
{ "type": "Feature", "properties": { "id_comando": "CPA/M-2", "nome_comando": "2º Comando de Policiamento de Área Metropolitana (CPA/M-2)", "nome_batalhao": "3º BPM/M", "tipo_batalhao": "Metropolitano", "companhia": "4.CIA PM", "pelotao": "TERRITORIAL", "grupo": "0", "cidade": "Sao Paulo", "endereco": "0, 0  UNIDADE INEXISTENTE, 0 - Sao Paulo", "latitude": -23.4643815, "longitude": -46.7829298, "fonte_geocodificacao": "Google Geocoding API", "opm_nome": "3.BPM/M 4.CIA PM TERRITORIAL", "opm_descricao": "CPA/M-2 3.BPM/M 4.CIA PM TERRITORIAL 0", "opm_codigo": "502034000" }, "geometry": { "type": "Point", "coordinates": [ -46.7829298, -23.4643815 ] } },
{ "type": "Feature", "properties": { "id_comando": "CPA/M-3", "nome_comando": "3º Comando de Policiamento de Área Metropolitana (CPA/M-3)", "nome_batalhao": "43º BPM/M", "tipo_batalhao": "Metropolitano", "companhia": "3.CIA PM", "pelotao": "TERRITORIAL", "grupo": "0", "cidade": "Sao Paulo", "endereco": "0, 0  OPM INEXISTENTE, 0 - Sao Paulo", "latitude": -23.6037024, "longitude": -46.6246845, "fonte_geocodificacao": "Google Geocoding API", "opm_nome": "43.BPM/M 3.CIA PM TERRITORIAL", "opm_descricao": "CPA/M-3 43.BPM/M 3.CIA PM TERRITORIAL 0", "opm_codigo": "503433000" }, "geometry": { "type": "Point", "coordinates": [ -46.6246845, -23.6037024 ] } },
{ "type": "Feature", "properties": { "id_comando": "CPA/M-5", "nome_comando": "5º Comando de Policiamento de Área Metropolitana (CPA/M-5)", "nome_batalhao": "16º BPM/M", "tipo_batalhao": "Metropolitano", "companhia": "6.CIA PM", "pelotao": "TERRITORIAL", "grupo": "0", "cidade": "Sao Paulo", "endereco": "0, 0  INEXISTENTE, 0 - Sao Paulo", "latitude": -23.4643815, "longitude": -46.7829298, "fonte_geocodificacao": "Google Geocoding API", "opm_nome": "16.BPM/M 6.CIA PM TERRITORIAL", "opm_descricao": "CPA/M-5 16.BPM/M 6.CIA PM TERRITORIAL 0", "opm_codigo": "505166000" }, "geometry": { "type": "Point", "coordinates": [ -46.7829298, -23.4643815 ] } },
{ "type": "Feature", "properties": { "id_comando": "CPI-1", "nome_comando": "1º Comando de Policiamento do Interior (CPI-1)", "nome_batalhao": "1º BPM/I", "tipo_batalhao": "Interior", "companhia": "1.CIA PM", "pelotao": "0", "grupo": "GP/PM", "cidade": "Monteiro Lobato", "endereco": "RUA CRISTIANE DA SILVA THOMAZ, 1  GP MONTEIRO, CENTRO - Monteiro Lobato", "latitude": -22.9595602, "longitude": -45.8383344, "fonte_geocodificacao": "Google Geocoding API", "opm_nome": "GRUPO POLICIAL MILITAR", "opm_descricao": "CPI-1 1.BPM/I 1.CIA PM 0 GP/PM", "opm_codigo": "601011001" }, "geometry": { "type": "Point", "coordinates": [ -45.8383344, -22.9595602 ] } },
{ "type": "Feature", "properties": { "id_comando": "CPI-1", "nome_comando": "1º Comando de Policiamento do Interior (CPI-1)", "nome_batalhao": "1º BPM/I", "tipo_batalhao": "Interior", "companhia": "CIA F TAT", "pelotao": "PEL F TAT", "grupo": "0", "cidade": "Sao Jose Dos Campos", "endereco": "RUA GENÉSIA BERNARDINELLI TARANTINO, 1000, JARDIM AUGUSTA - Sao Jose Dos Campos", "latitude": -23.1952568, "longitude": -45.8745657, "fonte_geocodificacao": "Google Geocoding API", "opm_nome": "1.BPM/I CIA F TAT PEL F TAT", "opm_descricao": "CPI-1 1.BPM/I CIA F TAT PEL F TAT 0", "opm_codigo": "601017300" }, "geometry": { "type": "Point", "coordinates": [ -45.8745657, -23.1952568 ] } },
{ "type": "Feature", "properties": { "id_comando": "CPI-1", "nome_comando": "1º Comando de Policiamento do Interior (CPI-1)", "nome_batalhao": "1º BPM/I", "tipo_batalhao": "Interior", "companhia": "EM", "pelotao": "AG AREA", "grupo": "0", "cidade": "Sao Jose Dos Campos", "endereco": "RUA GENÉSIA BERNARDINELLI TARANTINO, 1000  1º BPM/I, JARDIM AUGUSTA - Sao Jose Dos Campos", "latitude": -23.1952568, "longitude": -45.8745657, "fonte_geocodificacao": "Google Geocoding API", "opm_nome": "AGENCIA DE AREA", "opm_descricao": "CPI-1 1.BPM/I EM AG AREA 0", "opm_codigo": "601018200" }, "geometry": { "type": "Point", "coordinates": [ -45.8745657, -23.1952568 ] } },
{ "type": "Feature", "properties": { "id_comando": "CPI-1", "nome_comando": "1º Comando de Policiamento do Interior (CPI-1)", "nome_batalhao": "1º BPM/I", "tipo_batalhao": "Interior", "companhia": "EM", "pelotao": "P/3", "grupo": "PEL FT", "cidade": "Sao Jose Dos Campos", "endereco": "RUA GENÉSIA BERNARDINELLI TARANTINO, 1000  1º BPM/I, JARDIM AUGUSTA - Sao Jose Dos Campos", "latitude": -23.1952568, "longitude": -45.8745657, "fonte_geocodificacao": "Google Geocoding API", "opm_nome": "PEL FT", "opm_descricao": "CPI-1 1.BPM/I EM P/3 PEL FT", "opm_codigo": "601018310" }, "geometry": { "type": "Point", "coordinates": [ -45.8745657, -23.1952568 ] } },
{ "type": "Feature", "properties": { "id_comando": "CPI-1", "nome_comando": "1º Comando de Policiamento do Interior (CPI-1)", "nome_batalhao": "1º BPM/I", "tipo_batalhao": "Interior", "companhia": "EM", "pelotao": "DIV OP", "grupo": "CFP", "cidade": "Sao Jose Dos Campos", "endereco": "RUA GENESIA BERARDINELLI TARANTINO, 1000, JARDIM AUGUSTA - Sao Jose Dos Campos", "latitude": -23.1952568, "longitude": -45.8745657, "fonte_geocodificacao": "Google Geocoding API", "opm_nome": "COMANDO FORCA PATRULHA", "opm_descricao": "CPI-1 1.BPM/I EM DIV OP CFP", "opm_codigo": "601018320" }, "geometry": { "type": "Point", "coordinates": [ -45.8745657, -23.1952568 ] } },
{ "type": "Feature", "properties": { "id_comando": "CPI-1", "nome_comando": "1º Comando de Policiamento do Interior (CPI-1)", "nome_batalhao": "1º BPM/I", "tipo_batalhao": "Interior", "companhia": "EM", "pelotao": "P/4", "grupo": "0", "cidade": "Sao Jose Dos Campos", "endereco": "RUA GENÉSIA BERNARDINELLI TARANTINO, 1000  1º BPM/I, JARDIM AUGUSTA - Sao Jose Dos Campos", "latitude": -23.1952568, "longitude": -45.8745657, "fonte_geocodificacao": "Google Geocoding API", "opm_nome": "P/4", "opm_descricao": "CPI-1 1.BPM/I EM P/4 0", "opm_codigo": "601018400" }, "geometry": { "type": "Point", "coordinates": [ -45.8745657, -23.1952568 ] } },
{ "type": "Feature", "properties": { "id_comando": "CPI-1", "nome_comando": "1º Comando de Policiamento do Interior (CPI-1)", "nome_batalhao": "1º BPM/I", "tipo_batalhao": "Interior", "companhia": "EM", "pelotao": "SEC JD", "grupo": "0", "cidade": "Sao Jose Dos Campos", "endereco": "RUA GENÉSIA BERNARDINELLI TARANTINO, 1000  1º BPM/I, JARDIM AUGUSTA - Sao Jose Dos Campos", "latitude": -23.1952568, "longitude": -45.8745657, "fonte_geocodificacao": "Google Geocoding API", "opm_nome": "SEC JD", "opm_descricao": "CPI-1 1.BPM/I EM SEC JD 0", "opm_codigo": "601019600" }, "geometry": { "type": "Point", "coordinates": [ -45.8745657, -23.1952568 ] } },
{ "type": "Feature", "properties": { "id_comando": "CPI-1", "nome_comando": "1º Comando de Policiamento do Interior (CPI-1)", "nome_batalhao": "20º BPM/I", "tipo_batalhao": "Interior", "companhia": "1.CIA PM", "pelotao": "2.PEL PM", "grupo": "0", "cidade": "Ilhabela", "endereco": "Avenida Princesa Isabel, 2976  21446906850, BARRA VELHA - Ilhabela", "latitude": -23.81837, "longitude": -45.37633, "fonte_geocodificacao": "Google Geocoding API", "opm_nome": "2. PELOTAO POLICIAL MILITAR", "opm_descricao": "CPI-1 20.BPM/I 1.CIA PM 2.PEL PM 0", "opm_codigo": "601201200" }, "geometry": { "type": "Point", "coordinates": [ -45.37633, -23.81837 ] } },
{ "type": "Feature", "properties": { "id_comando": "CPI-1", "nome_comando": "1º Comando de Policiamento do Interior (CPI-1)", "nome_batalhao": "20º BPM/I", "tipo_batalhao": "Interior", "companhia": "1.CIA PM", "pelotao": "3.PEL PM", "grupo": "0", "cidade": "Ilhabela", "endereco": "AVENIDA PRINCESA ISABEL, 2976, BARRA VELHA - Ilhabela", "latitude": -23.81837, "longitude": -45.37633, "fonte_geocodificacao": "Google Geocoding API", "opm_nome": "20.BPM/I 3. PELOTAO", "opm_descricao": "CPI-1 20.BPM/I 1.CIA PM 3.PEL PM 0", "opm_codigo": "601201300" }, "geometry": { "type": "Point", "coordinates": [ -45.37633, -23.81837 ] } },
{ "type": "Feature", "properties": { "id_comando": "CPI-1", "nome_comando": "1º Comando de Policiamento do Interior (CPI-1)", "nome_batalhao": "20º BPM/I", "tipo_batalhao": "Interior", "companhia": "1.CIA PM", "pelotao": "1.PEL PM", "grupo": "0", "cidade": "Sao Sebastiao", "endereco": "AVENIDA WALKIR VERGANI, 1, BOIÇUCANGA - Sao Sebastiao", "latitude": -23.78358, "longitude": -45.61616, "fonte_geocodificacao": "Google Geocoding API", "opm_nome": "1. PELOTAO POLICIAL MILITAR", "opm_descricao": "CPI-1 20.BPM/I 1.CIA PM 1.PEL PM 0", "opm_codigo": "601201100" }, "geometry": { "type": "Point", "coordinates": [ -45.61616, -23.78358 ] } },
{ "type": "Feature", "properties": { "id_comando": "CPI-1", "nome_comando": "1º Comando de Policiamento do Interior (CPI-1)", "nome_batalhao": "20º BPM/I", "tipo_batalhao": "Interior", "companhia": "1.CIA PM", "pelotao": "ADM", "grupo": "0", "cidade": "Sao Sebastiao", "endereco": "Praça Brigadeiro Rafael Tobias de Aguiar, 1, Centro - Sao Sebastiao", "latitude": -23.8013045, "longitude": -45.3991818, "fonte_geocodificacao": "Google Geocoding API", "opm_nome": "ADMINISTRACAO", "opm_descricao": "CPI-1 20.BPM/I 1.CIA PM ADM 0", "opm_codigo": "601201600" }, "geometry": { "type": "Point", "coordinates": [ -45.3991818, -23.8013045 ] } },
{ "type": "Feature", "properties": { "id_comando": "CPI-1", "nome_comando": "1º Comando de Policiamento do Interior (CPI-1)", "nome_batalhao": "20º BPM/I", "tipo_batalhao": "Interior", "companhia": "1.CIA PM", "pelotao": "", "grupo": "GP F TAT", "cidade": "Sao Sebastiao", "endereco": "EXPEDICIONARIOS BRASILEIROS, 1, CENTRO - Sao Sebastiao", "latitude": -23.8014814, "longitude": -45.398683, "fonte_geocodificacao": "Google Geocoding API", "opm_nome": "20.BPM/M - GRUPO FORCA TATICA", "opm_descricao": "CPI-1 20.BPM/I 1.CIA PM GP F TAT", "opm_codigo": "601201001" }, "geometry": { "type": "Point", "coordinates": [ -45.398683, -23.8014814 ] } },
{ "type": "Feature", "properties": { "id_comando": "CPI-1", "nome_comando": "1º Comando de Policiamento do Interior (CPI-1)", "nome_batalhao": "20º BPM/I", "tipo_batalhao": "Interior", "companhia": "2.CIA PM", "pelotao": "", "grupo": "GP F TAT", "cidade": "Caraguatatuba", "endereco": "AVENIDA BRASIL, 1001, SUMARÉ - Caraguatatuba", "latitude": -23.6204071, "longitude": -45.3998049, "fonte_geocodificacao": "Google Geocoding API", "opm_nome": "20.BPM/M - GRUPO FORCA TATICA", "opm_descricao": "CPI-1 20.BPM/I 2.CIA PM GP F TAT", "opm_codigo": "601202001" }, "geometry": { "type": "Point", "coordinates": [ -45.3998049, -23.6204071 ] } },
{ "type": "Feature", "properties": { "id_comando": "CPI-1", "nome_comando": "1º Comando de Policiamento do Interior (CPI-1)", "nome_batalhao": "20º BPM/I", "tipo_batalhao": "Interior", "companhia": "2.CIA PM", "pelotao": "ADM", "grupo": "0", "cidade": "Caraguatatuba", "endereco": "AVENIDA BRASIL, 1001, SUMARÉ - Caraguatatuba", "latitude": -23.6204071, "longitude": -45.3998049, "fonte_geocodificacao": "Google Geocoding API", "opm_nome": "ADMINISTRACAO", "opm_descricao": "CPI-1 20.BPM/I 2.CIA PM ADM 0", "opm_codigo": "601202400" }, "geometry": { "type": "Point", "coordinates": [ -45.3998049, -23.6204071 ] } },
{ "type": "Feature", "properties": { "id_comando": "CPI-1", "nome_comando": "1º Comando de Policiamento do Interior (CPI-1)", "nome_batalhao": "20º BPM/I", "tipo_batalhao": "Interior", "companhia": "3.CIA PM", "pelotao": "", "grupo": "GP F TAT", "cidade": "Ubatuba", "endereco": "RUA JOÃO RAMALHO, 1, PARQUE VIVA MAR - Ubatuba", "latitude": -23.4448103, "longitude": -45.0730229, "fonte_geocodificacao": "Google Geocoding API", "opm_nome": "20.BPM/M - GRUPO FORCA TATICA", "opm_descricao": "CPI-1 20.BPM/I 3.CIA PM GP F TAT", "opm_codigo": "601203001" }, "geometry": { "type": "Point", "coordinates": [ -45.0730229, -23.4448103 ] } },
{ "type": "Feature", "properties": { "id_comando": "CPI-1", "nome_comando": "1º Comando de Policiamento do Interior (CPI-1)", "nome_batalhao": "20º BPM/I", "tipo_batalhao": "Interior", "companhia": "3.CIA PM", "pelotao": "ADM", "grupo": "0", "cidade": "Ubatuba", "endereco": "Rua João Ramalho, 1, Parque Vivamar - Ubatuba", "latitude": -23.4448103, "longitude": -45.0730229, "fonte_geocodificacao": "Google Geocoding API", "opm_nome": "ADMINISTRACAO", "opm_descricao": "CPI-1 20.BPM/I 3.CIA PM ADM 0", "opm_codigo": "601203400" }, "geometry": { "type": "Point", "coordinates": [ -45.0730229, -23.4448103 ] } },
{ "type": "Feature", "properties": { "id_comando": "CPI-1", "nome_comando": "1º Comando de Policiamento do Interior (CPI-1)", "nome_batalhao": "20º BPM/I", "tipo_batalhao": "Interior", "companhia": "EM", "pelotao": "UIS", "grupo": "0", "cidade": "Caraguatatuba", "endereco": "AVENIDA BRASIL, 1001, SUMARÉ - Caraguatatuba", "latitude": -23.6204071, "longitude": -45.3998049, "fonte_geocodificacao": "Google Geocoding API", "opm_nome": "UNIDADE INTEGRADA DE SAUDE", "opm_descricao": "CPI-1 20.BPM/I EM UIS 0", "opm_codigo": "601208010" }, "geometry": { "type": "Point", "coordinates": [ -45.3998049, -23.6204071 ] } },
{ "type": "Feature", "properties": { "id_comando": "CPI-1", "nome_comando": "1º Comando de Policiamento do Interior (CPI-1)", "nome_batalhao": "20º BPM/I", "tipo_batalhao": "Interior", "companhia": "EM", "pelotao": "UIS", "grupo": "GAB MEDICO", "cidade": "Caraguatatuba", "endereco": "AVENIDA BRASIL, 1001, SUMARÉ - Caraguatatuba", "latitude": -23.6204071, "longitude": -45.3998049, "fonte_geocodificacao": "Google Geocoding API", "opm_nome": "GABINETE MEDICO", "opm_descricao": "CPI-1 20.BPM/I EM UIS GAB MEDICO", "opm_codigo": "601208011" }, "geometry": { "type": "Point", "coordinates": [ -45.3998049, -23.6204071 ] } },
{ "type": "Feature", "properties": { "id_comando": "CPI-1", "nome_comando": "1º Comando de Policiamento do Interior (CPI-1)", "nome_batalhao": "20º BPM/I", "tipo_batalhao": "Interior", "companhia": "EM", "pelotao": "UIS", "grupo": "GAB ODONTO", "cidade": "Caraguatatuba", "endereco": "AVENIDA BRASIL, 1001, SUMARÉ - Caraguatatuba", "latitude": -23.6204071, "longitude": -45.3998049, "fonte_geocodificacao": "Google Geocoding API", "opm_nome": "GABINETE ODONTOLOGICO", "opm_descricao": "CPI-1 20.BPM/I EM UIS GAB ODONTO", "opm_codigo": "601208012" }, "geometry": { "type": "Point", "coordinates": [ -45.3998049, -23.6204071 ] } },
{ "type": "Feature", "properties": { "id_comando": "CPI-1", "nome_comando": "1º Comando de Policiamento do Interior (CPI-1)", "nome_batalhao": "20º BPM/I", "tipo_batalhao": "Interior", "companhia": "EM", "pelotao": "P/1 E P/5", "grupo": "0", "cidade": "Caraguatatuba", "endereco": "AVENIDA BRASIL, 1001, SUMARÉ - Caraguatatuba", "latitude": -23.6204071, "longitude": -45.3998049, "fonte_geocodificacao": "Google Geocoding API", "opm_nome": "P/1 E P/5", "opm_descricao": "CPI-1 20.BPM/I EM P/1 E P/5 0", "opm_codigo": "601208100" }, "geometry": { "type": "Point", "coordinates": [ -45.3998049, -23.6204071 ] } },
{ "type": "Feature", "properties": { "id_comando": "CPI-1", "nome_comando": "1º Comando de Policiamento do Interior (CPI-1)", "nome_batalhao": "20º BPM/I", "tipo_batalhao": "Interior", "companhia": "EM", "pelotao": "P/1 E P/5", "grupo": "GD QUARTEL", "cidade": "Caraguatatuba", "endereco": "AVENIDA BRASIL, 1001, SUMARÉ - Caraguatatuba", "latitude": -23.6204071, "longitude": -45.3998049, "fonte_geocodificacao": "Google Geocoding API", "opm_nome": "GUARDA DO QUARTEL", "opm_descricao": "CPI-1 20.BPM/I EM P/1 E P/5 GD QUARTEL", "opm_codigo": "601208110" }, "geometry": { "type": "Point", "coordinates": [ -45.3998049, -23.6204071 ] } },
{ "type": "Feature", "properties": { "id_comando": "CPI-1", "nome_comando": "1º Comando de Policiamento do Interior (CPI-1)", "nome_batalhao": "20º BPM/I", "tipo_batalhao": "Interior", "companhia": "EM", "pelotao": "AG AREA", "grupo": "0", "cidade": "Caraguatatuba", "endereco": "AVENIDA BRASIL, 1001, SUMARÉ - Caraguatatuba", "latitude": -23.6204071, "longitude": -45.3998049, "fonte_geocodificacao": "Google Geocoding API", "opm_nome": "AGENCIA DE AREA", "opm_descricao": "CPI-1 20.BPM/I EM AG AREA 0", "opm_codigo": "601208200" }, "geometry": { "type": "Point", "coordinates": [ -45.3998049, -23.6204071 ] } },
{ "type": "Feature", "properties": { "id_comando": "CPI-1", "nome_comando": "1º Comando de Policiamento do Interior (CPI-1)", "nome_batalhao": "20º BPM/I", "tipo_batalhao": "Interior", "companhia": "EM", "pelotao": "DIV OP", "grupo": "0", "cidade": "Caraguatatuba", "endereco": "AVENIDA BRASIL, 1001, SUMARÉ - Caraguatatuba", "latitude": -23.6204071, "longitude": -45.3998049, "fonte_geocodificacao": "Google Geocoding API", "opm_nome": "DIVISAO OPERACIONAL", "opm_descricao": "CPI-1 20.BPM/I EM DIV OP 0", "opm_codigo": "601208300" }, "geometry": { "type": "Point", "coordinates": [ -45.3998049, -23.6204071 ] } },
{ "type": "Feature", "properties": { "id_comando": "CPI-1", "nome_comando": "1º Comando de Policiamento do Interior (CPI-1)", "nome_batalhao": "20º BPM/I", "tipo_batalhao": "Interior", "companhia": "EM", "pelotao": "DIV OP", "grupo": "CFP", "cidade": "Caraguatatuba", "endereco": "AVENIDA BRASIL, 1001, SUMARÉ - Caraguatatuba", "latitude": -23.6204071, "longitude": -45.3998049, "fonte_geocodificacao": "Google Geocoding API", "opm_nome": "COMANDO FORCA PATRULHA", "opm_descricao": "CPI-1 20.BPM/I EM DIV OP CFP", "opm_codigo": "601208310" }, "geometry": { "type": "Point", "coordinates": [ -45.3998049, -23.6204071 ] } },
{ "type": "Feature", "properties": { "id_comando": "CPI-1", "nome_comando": "1º Comando de Policiamento do Interior (CPI-1)", "nome_batalhao": "20º BPM/I", "tipo_batalhao": "Interior", "companhia": "EM", "pelotao": "P/4 MOTOMEC", "grupo": "0", "cidade": "Caraguatatuba", "endereco": "AVENIDA BRASIL, 1001, SUMARÉ - Caraguatatuba", "latitude": -23.6204071, "longitude": -45.3998049, "fonte_geocodificacao": "Google Geocoding API", "opm_nome": "P/4 E MOTOMECANIZACAO", "opm_descricao": "CPI-1 20.BPM/I EM P/4 MOTOMEC 0", "opm_codigo": "601208400" }, "geometry": { "type": "Point", "coordinates": [ -45.3998049, -23.6204071 ] } },
{ "type": "Feature", "properties": { "id_comando": "CPI-1", "nome_comando": "1º Comando de Policiamento do Interior (CPI-1)", "nome_batalhao": "20º BPM/I", "tipo_batalhao": "Interior", "companhia": "EM", "pelotao": "P/4 MOTOMEC", "grupo": "ST TELECOM TEL", "cidade": "Caraguatatuba", "endereco": "AVENIDA BRASIL, 1001, SUMARÉ - Caraguatatuba", "latitude": -23.6204071, "longitude": -45.3998049, "fonte_geocodificacao": "Google Geocoding API", "opm_nome": "SETOR TELECOMUNICACAO E TELEMATICA", "opm_descricao": "CPI-1 20.BPM/I EM P/4 MOTOMEC ST TELECOM TEL", "opm_codigo": "601208410" }, "geometry": { "type": "Point", "coordinates": [ -45.3998049, -23.6204071 ] } },
{ "type": "Feature", "properties": { "id_comando": "CPI-1", "nome_comando": "1º Comando de Policiamento do Interior (CPI-1)", "nome_batalhao": "20º BPM/I", "tipo_batalhao": "Interior", "companhia": "EM", "pelotao": "P/5", "grupo": "0", "cidade": "Caraguatatuba", "endereco": "AVENIDA BRASIL, 1001, SUMARÉ - Caraguatatuba", "latitude": -23.6204071, "longitude": -45.3998049, "fonte_geocodificacao": "Google Geocoding API", "opm_nome": "20.BPM/I EM P/5", "opm_descricao": "CPI-1 20.BPM/I EM P/5 0", "opm_codigo": "601208500" }, "geometry": { "type": "Point", "coordinates": [ -45.3998049, -23.6204071 ] } },
{ "type": "Feature", "properties": { "id_comando": "CPI-1", "nome_comando": "1º Comando de Policiamento do Interior (CPI-1)", "nome_batalhao": "20º BPM/I", "tipo_batalhao": "Interior", "companhia": "EM", "pelotao": "SEC PJMD", "grupo": "0", "cidade": "Caraguatatuba", "endereco": "AVENIDA BRASIL, 1001, SUMARÉ - Caraguatatuba", "latitude": -23.6204071, "longitude": -45.3998049, "fonte_geocodificacao": "Google Geocoding API", "opm_nome": "SECAO POLICIA JUDICIARIA MILITAR E DISCIPLINAR", "opm_descricao": "CPI-1 20.BPM/I EM SEC PJMD 0", "opm_codigo": "601208600" }, "geometry": { "type": "Point", "coordinates": [ -45.3998049, -23.6204071 ] } },
{ "type": "Feature", "properties": { "id_comando": "CPI-1", "nome_comando": "1º Comando de Policiamento do Interior (CPI-1)", "nome_batalhao": "20º BPM/I", "tipo_batalhao": "Interior", "companhia": "EM", "pelotao": "MOTOMEC", "grupo": "0", "cidade": "Caraguatatuba", "endereco": "AVENIDA BRASIL, 1001, SUMARÉ - Caraguatatuba", "latitude": -23.6204071, "longitude": -45.3998049, "fonte_geocodificacao": "Google Geocoding API", "opm_nome": "20.BPM/I EM MOTOMECANIZACAO", "opm_descricao": "CPI-1 20.BPM/I EM MOTOMEC 0", "opm_codigo": "601208700" }, "geometry": { "type": "Point", "coordinates": [ -45.3998049, -23.6204071 ] } },
{ "type": "Feature", "properties": { "id_comando": "CPI-1", "nome_comando": "1º Comando de Policiamento do Interior (CPI-1)", "nome_batalhao": "20º BPM/I", "tipo_batalhao": "Interior", "companhia": "EM", "pelotao": "UIS MEDICA", "grupo": "0", "cidade": "Caraguatatuba", "endereco": "AVENIDA BRASIL, 1001, SUMARÉ - Caraguatatuba", "latitude": -23.6204071, "longitude": -45.3998049, "fonte_geocodificacao": "Google Geocoding API", "opm_nome": "20.BPM/I EM UIS MEDICA", "opm_descricao": "CPI-1 20.BPM/I EM UIS MEDICA 0", "opm_codigo": "601208800" }, "geometry": { "type": "Point", "coordinates": [ -45.3998049, -23.6204071 ] } },
{ "type": "Feature", "properties": { "id_comando": "CPI-1", "nome_comando": "1º Comando de Policiamento do Interior (CPI-1)", "nome_batalhao": "20º BPM/I", "tipo_batalhao": "Interior", "companhia": "EM", "pelotao": "UIS ODONTO", "grupo": "0", "cidade": "Caraguatatuba", "endereco": "AVENIDA BRASIL, 1001, SUMARÉ - Caraguatatuba", "latitude": -23.6204071, "longitude": -45.3998049, "fonte_geocodificacao": "Google Geocoding API", "opm_nome": "20.BPM/I EM UIS ODONTO", "opm_descricao": "CPI-1 20.BPM/I EM UIS ODONTO 0", "opm_codigo": "601208900" }, "geometry": { "type": "Point", "coordinates": [ -45.3998049, -23.6204071 ] } },
{ "type": "Feature", "properties": { "id_comando": "CPI-1", "nome_comando": "1º Comando de Policiamento do Interior (CPI-1)", "nome_batalhao": "23º BPM/I", "tipo_batalhao": "Interior", "companhia": "1.CIA PM", "pelotao": "PEL PM", "grupo": "0", "cidade": "Cachoeira Paulista", "endereco": "RUA SEBASTIÃO FORTES, 294, CENTRO - Cachoeira Paulista", "latitude": -22.6597104, "longitude": -45.0026361, "fonte_geocodificacao": "Google Geocoding API", "opm_nome": "PELOTAO", "opm_descricao": "CPI-1 23.BPM/I 1.CIA PM PEL PM 0", "opm_codigo": "601231400" }, "geometry": { "type": "Point", "coordinates": [ -45.0026361, -22.6597104 ] } },
{ "type": "Feature", "properties": { "id_comando": "CPI-1", "nome_comando": "1º Comando de Policiamento do Interior (CPI-1)", "nome_batalhao": "23º BPM/I", "tipo_batalhao": "Interior", "companhia": "1.CIA PM", "pelotao": "", "grupo": "1.GP/PM", "cidade": "Canas", "endereco": "AVENIDA VINTE E DOIS DE MARÇO, 106, CENTRO - Canas", "latitude": -22.707209, "longitude": -45.056005, "fonte_geocodificacao": "Google Geocoding API", "opm_nome": "1. GRUPO", "opm_descricao": "CPI-1 23.BPM/I 1.CIA PM 1.GP/PM", "opm_codigo": "601231001" }, "geometry": { "type": "Point", "coordinates": [ -45.056005, -22.707209 ] } },
{ "type": "Feature", "properties": { "id_comando": "CPI-1", "nome_comando": "1º Comando de Policiamento do Interior (CPI-1)", "nome_batalhao": "23º BPM/I", "tipo_batalhao": "Interior", "companhia": "1.CIA PM", "pelotao": "1.PEL PM", "grupo": "0", "cidade": "Lorena", "endereco": "AVENIDA SÃO JOSÉ, 357, CENTRO - Lorena", "latitude": -22.7369558, "longitude": -45.123817, "fonte_geocodificacao": "Google Geocoding API", "opm_nome": "23.BPM/I 1.CIA PM 1.PEL PM", "opm_descricao": "CPI-1 23.BPM/I 1.CIA PM 1.PEL PM 0", "opm_codigo": "601231100" }, "geometry": { "type": "Point", "coordinates": [ -45.123817, -22.7369558 ] } },
{ "type": "Feature", "properties": { "id_comando": "CPI-1", "nome_comando": "1º Comando de Policiamento do Interior (CPI-1)", "nome_batalhao": "23º BPM/I", "tipo_batalhao": "Interior", "companhia": "1.CIA PM", "pelotao": "3.PEL PM", "grupo": "0", "cidade": "Lorena", "endereco": "AVENIDA SÃO JOSÉ, 357, CENTRO - Lorena", "latitude": -22.7369558, "longitude": -45.123817, "fonte_geocodificacao": "Google Geocoding API", "opm_nome": "23.BPM/I 1.CIA PM 3.PEL PM", "opm_descricao": "CPI-1 23.BPM/I 1.CIA PM 3.PEL PM 0", "opm_codigo": "601231300" }, "geometry": { "type": "Point", "coordinates": [ -45.123817, -22.7369558 ] } },
{ "type": "Feature", "properties": { "id_comando": "CPI-1", "nome_comando": "1º Comando de Policiamento do Interior (CPI-1)", "nome_batalhao": "23º BPM/I", "tipo_batalhao": "Interior", "companhia": "1.CIA PM", "pelotao": "ADM", "grupo": "0", "cidade": "Lorena", "endereco": "AVENIDA SÃO JOSÉ, 357, CENTRO - Lorena", "latitude": -22.7369558, "longitude": -45.123817, "fonte_geocodificacao": "Google Geocoding API", "opm_nome": "ADMINISTRACAO", "opm_descricao": "CPI-1 23.BPM/I 1.CIA PM ADM 0", "opm_codigo": "601231700" }, "geometry": { "type": "Point", "coordinates": [ -45.123817, -22.7369558 ] } },
{ "type": "Feature", "properties": { "id_comando": "CPI-1", "nome_comando": "1º Comando de Policiamento do Interior (CPI-1)", "nome_batalhao": "23º BPM/I", "tipo_batalhao": "Interior", "companhia": "1.CIA PM", "pelotao": "", "grupo": "2.GP/PM", "cidade": "Piquete", "endereco": "RUA PROJETADA, 50, VILA GENERAL OSORIO - Piquete", "latitude": -22.6187787, "longitude": -45.1749329, "fonte_geocodificacao": "Google Geocoding API", "opm_nome": "2. GRUPO", "opm_descricao": "CPI-1 23.BPM/I 1.CIA PM 2.GP/PM", "opm_codigo": "601231002" }, "geometry": { "type": "Point", "coordinates": [ -45.174932899999988, -22.6187787 ] } },
{ "type": "Feature", "properties": { "id_comando": "CPI-1", "nome_comando": "1º Comando de Policiamento do Interior (CPI-1)", "nome_batalhao": "23º BPM/I", "tipo_batalhao": "Interior", "companhia": "2.CIA PM", "pelotao": "PEL PM", "grupo": "0", "cidade": "Cunha", "endereco": "ALAMEDA LAVA PÉS, 1  BOX 1 E 2 TERMINAL RODOVIARIO, CENTRO - Cunha", "latitude": -23.07627, "longitude": -44.96138, "fonte_geocodificacao": "Google Geocoding API", "opm_nome": "PELOTAO POLICIAL MILITAR", "opm_descricao": "CPI-1 23.BPM/I 2.CIA PM PEL PM 0", "opm_codigo": "601232300" }, "geometry": { "type": "Point", "coordinates": [ -44.96138, -23.07627 ] } },
{ "type": "Feature", "properties": { "id_comando": "CPI-1", "nome_comando": "1º Comando de Policiamento do Interior (CPI-1)", "nome_batalhao": "23º BPM/I", "tipo_batalhao": "Interior", "companhia": "2.CIA PM", "pelotao": "1.PEL PM", "grupo": "0", "cidade": "Guaratingueta", "endereco": "RUA AMERICO MARTINS MACHADO, 32, FIGUEIRA - Guaratingueta", "latitude": -22.8262709, "longitude": -45.2058208, "fonte_geocodificacao": "Google Geocoding API", "opm_nome": "23.BPM/I 2.CIA PM 1.PEL PM", "opm_descricao": "CPI-1 23.BPM/I 2.CIA PM 1.PEL PM 0", "opm_codigo": "601232100" }, "geometry": { "type": "Point", "coordinates": [ -45.2058208, -22.8262709 ] } },
{ "type": "Feature", "properties": { "id_comando": "CPI-1", "nome_comando": "1º Comando de Policiamento do Interior (CPI-1)", "nome_batalhao": "23º BPM/I", "tipo_batalhao": "Interior", "companhia": "2.CIA PM", "pelotao": "2.PEL PM", "grupo": "0", "cidade": "Guaratingueta", "endereco": "RUA AMERICO MARTINS MACHADO, 32, FIGUEIRA - Guaratingueta", "latitude": -22.8262709, "longitude": -45.2058208, "fonte_geocodificacao": "Google Geocoding API", "opm_nome": "23.BPM/I 2.CIA PM 2.PEL PM", "opm_descricao": "CPI-1 23.BPM/I 2.CIA PM 2.PEL PM 0", "opm_codigo": "601232200" }, "geometry": { "type": "Point", "coordinates": [ -45.2058208, -22.8262709 ] } },
{ "type": "Feature", "properties": { "id_comando": "CPI-1", "nome_comando": "1º Comando de Policiamento do Interior (CPI-1)", "nome_batalhao": "23º BPM/I", "tipo_batalhao": "Interior", "companhia": "2.CIA PM", "pelotao": "PEL F TAT", "grupo": "0", "cidade": "Guaratingueta", "endereco": "RUA AMERICO MARTINS MACHADO, 32, FIGUEIRA - Guaratingueta", "latitude": -22.8262709, "longitude": -45.2058208, "fonte_geocodificacao": "Google Geocoding API", "opm_nome": "23.BPM/I 2.CIA PM PEL F TAT", "opm_descricao": "CPI-1 23.BPM/I 2.CIA PM PEL F TAT 0", "opm_codigo": "601232400" }, "geometry": { "type": "Point", "coordinates": [ -45.2058208, -22.8262709 ] } },
{ "type": "Feature", "properties": { "id_comando": "CPI-1", "nome_comando": "1º Comando de Policiamento do Interior (CPI-1)", "nome_batalhao": "23º BPM/I", "tipo_batalhao": "Interior", "companhia": "2.CIA PM", "pelotao": "ADM", "grupo": "0", "cidade": "Guaratingueta", "endereco": "RUA AMÉRICO MARTINS MACHADO, 32, JARDIM NOVA ERA - Guaratingueta", "latitude": -22.8262709, "longitude": -45.2058208, "fonte_geocodificacao": "Google Geocoding API", "opm_nome": "ADMINISTRACAO", "opm_descricao": "CPI-1 23.BPM/I 2.CIA PM ADM 0", "opm_codigo": "601232500" }, "geometry": { "type": "Point", "coordinates": [ -45.2058208, -22.8262709 ] } },
{ "type": "Feature", "properties": { "id_comando": "CPI-1", "nome_comando": "1º Comando de Policiamento do Interior (CPI-1)", "nome_batalhao": "23º BPM/I", "tipo_batalhao": "Interior", "companhia": "3.CIA PM", "pelotao": "ADM", "grupo": "0", "cidade": "Aparecida", "endereco": "RUA BENEDITO SALLES VIEIRA, 800, JARDIM PARAIBA - Aparecida", "latitude": -22.8518943, "longitude": -45.2406134, "fonte_geocodificacao": "Google Geocoding API", "opm_nome": "ADMINISTRACAO", "opm_descricao": "CPI-1 23.BPM/I 3.CIA PM ADM 0", "opm_codigo": "601233500" }, "geometry": { "type": "Point", "coordinates": [ -45.2406134, -22.8518943 ] } },
{ "type": "Feature", "properties": { "id_comando": "CPI-1", "nome_comando": "1º Comando de Policiamento do Interior (CPI-1)", "nome_batalhao": "23º BPM/I", "tipo_batalhao": "Interior", "companhia": "3.CIA PM", "pelotao": "2.PEL PM", "grupo": "0", "cidade": "Aparecida", "endereco": "RUA BENEDITO SALLES VIEIRA, 800, MONTE AZUL - Aparecida", "latitude": -22.8518943, "longitude": -45.2406134, "fonte_geocodificacao": "Google Geocoding API", "opm_nome": "23.BPM/I 3.CIA PM 2.PEL PM", "opm_descricao": "CPI-1 23.BPM/I 3.CIA PM 2.PEL PM 0", "opm_codigo": "601233200" }, "geometry": { "type": "Point", "coordinates": [ -45.2406134, -22.8518943 ] } },
{ "type": "Feature", "properties": { "id_comando": "CPI-1", "nome_comando": "1º Comando de Policiamento do Interior (CPI-1)", "nome_batalhao": "23º BPM/I", "tipo_batalhao": "Interior", "companhia": "3.CIA PM", "pelotao": "PEL PM", "grupo": "0", "cidade": "Potim", "endereco": "AVENIDA JUVENAL ANTUNES DE PROENÇA, 200, CENTRO - Potim", "latitude": -22.8336062, "longitude": -45.2592031, "fonte_geocodificacao": "Google Geocoding API", "opm_nome": "PELOTAO", "opm_descricao": "CPI-1 23.BPM/I 3.CIA PM PEL PM 0", "opm_codigo": "601233300" }, "geometry": { "type": "Point", "coordinates": [ -45.2592031, -22.8336062 ] } },
{ "type": "Feature", "properties": { "id_comando": "CPI-1", "nome_comando": "1º Comando de Policiamento do Interior (CPI-1)", "nome_batalhao": "23º BPM/I", "tipo_batalhao": "Interior", "companhia": "3.CIA PM", "pelotao": "0", "grupo": "GP/PM", "cidade": "Roseira", "endereco": "RUA DINO BUENO, 25, CENTRO - Roseira", "latitude": -22.8986688, "longitude": -45.3040975, "fonte_geocodificacao": "Google Geocoding API", "opm_nome": "GRUPO", "opm_descricao": "CPI-1 23.BPM/I 3.CIA PM 0 GP/PM", "opm_codigo": "601233001" }, "geometry": { "type": "Point", "coordinates": [ -45.3040975, -22.8986688 ] } },
{ "type": "Feature", "properties": { "id_comando": "CPI-1", "nome_comando": "1º Comando de Policiamento do Interior (CPI-1)", "nome_batalhao": "23º BPM/I", "tipo_batalhao": "Interior", "companhia": "4.CIA PM", "pelotao": "", "grupo": "6.GP/PM", "cidade": "Arapei", "endereco": "RUA MARIA DE LOURDES RODRIGUES, 112, CENTRO - Arapei", "latitude": -22.672931269734363, "longitude": -44.438610638857689, "fonte_geocodificacao": "Centroide do município-sede (geocodificação rejeitada: fora dos limites do município)", "opm_nome": "6. GRUPO", "opm_descricao": "CPI-1 23.BPM/I 4.CIA PM 6.GP/PM", "opm_codigo": "601234006" }, "geometry": { "type": "Point", "coordinates": [ -44.438610638857689, -22.672931269734363 ] } },
{ "type": "Feature", "properties": { "id_comando": "CPI-1", "nome_comando": "1º Comando de Policiamento do Interior (CPI-1)", "nome_batalhao": "23º BPM/I", "tipo_batalhao": "Interior", "companhia": "4.CIA PM", "pelotao": "", "grupo": "5.GP PM", "cidade": "Areias", "endereco": "PRAÇA MANOEL DA SILVA LEME, 50, CENTRO - Areias", "latitude": -22.5791092, "longitude": -44.6996754, "fonte_geocodificacao": "Google Geocoding API", "opm_nome": "5. GRUPO", "opm_descricao": "CPI-1 23.BPM/I 4.CIA PM 5.GP PM", "opm_codigo": "601234005" }, "geometry": { "type": "Point", "coordinates": [ -44.6996754, -22.5791092 ] } },
{ "type": "Feature", "properties": { "id_comando": "CPI-1", "nome_comando": "1º Comando de Policiamento do Interior (CPI-1)", "nome_batalhao": "23º BPM/I", "tipo_batalhao": "Interior", "companhia": "4.CIA PM", "pelotao": "0", "grupo": "7.GP/PM", "cidade": "Bananal", "endereco": "AVENIDA BOM JESUS, 435, CENTRO - Bananal", "latitude": -22.6795139, "longitude": -44.3176975, "fonte_geocodificacao": "Google Geocoding API", "opm_nome": "7. GRUPO", "opm_descricao": "CPI-1 23.BPM/I 4.CIA PM 0 7.GP/PM", "opm_codigo": "601234007" }, "geometry": { "type": "Point", "coordinates": [ -44.3176975, -22.6795139 ] } },
{ "type": "Feature", "properties": { "id_comando": "CPI-1", "nome_comando": "1º Comando de Policiamento do Interior (CPI-1)", "nome_batalhao": "23º BPM/I", "tipo_batalhao": "Interior", "companhia": "4.CIA PM", "pelotao": "0", "grupo": "GP FT", "cidade": "Cruzeiro", "endereco": "RUA CAPITÃO NECO, 140, CENTRO - Cruzeiro", "latitude": -22.5755791, "longitude": -44.9586504, "fonte_geocodificacao": "Google Geocoding API", "opm_nome": "GP FT", "opm_descricao": "CPI-1 23.BPM/I 4.CIA PM 0 GP FT", "opm_codigo": "601234008" }, "geometry": { "type": "Point", "coordinates": [ -44.9586504, -22.5755791 ] } },
{ "type": "Feature", "properties": { "id_comando": "CPI-1", "nome_comando": "1º Comando de Policiamento do Interior (CPI-1)", "nome_batalhao": "23º BPM/I", "tipo_batalhao": "Interior", "companhia": "4.CIA PM", "pelotao": "1.PEL PM", "grupo": "0", "cidade": "Cruzeiro", "endereco": "RUA CAPITÃO NECO, 140, CENTRO - Cruzeiro", "latitude": -22.5755791, "longitude": -44.9586504, "fonte_geocodificacao": "Google Geocoding API", "opm_nome": "23.BPM/I 4.CIA PM 1.PEL PM", "opm_descricao": "CPI-1 23.BPM/I 4.CIA PM 1.PEL PM 0", "opm_codigo": "601234100" }, "geometry": { "type": "Point", "coordinates": [ -44.9586504, -22.5755791 ] } },
{ "type": "Feature", "properties": { "id_comando": "CPI-1", "nome_comando": "1º Comando de Policiamento do Interior (CPI-1)", "nome_batalhao": "23º BPM/I", "tipo_batalhao": "Interior", "companhia": "4.CIA PM", "pelotao": "2.PEL PM", "grupo": "0", "cidade": "Cruzeiro", "endereco": "RUA CAPITÃO NECO, 140, CENTRO - Cruzeiro", "latitude": -22.5755791, "longitude": -44.9586504, "fonte_geocodificacao": "Google Geocoding API", "opm_nome": "23.BPM/I 4.CIA PM 2.PEL PM", "opm_descricao": "CPI-1 23.BPM/I 4.CIA PM 2.PEL PM 0", "opm_codigo": "601234200" }, "geometry": { "type": "Point", "coordinates": [ -44.9586504, -22.5755791 ] } },
{ "type": "Feature", "properties": { "id_comando": "CPI-1", "nome_comando": "1º Comando de Policiamento do Interior (CPI-1)", "nome_batalhao": "23º BPM/I", "tipo_batalhao": "Interior", "companhia": "4.CIA PM", "pelotao": "ADM", "grupo": "0", "cidade": "Cruzeiro", "endereco": "RUA CAPITÃO NECO, 140, V RITA LUCRECIA PINTO - Cruzeiro", "latitude": -22.5755791, "longitude": -44.9586504, "fonte_geocodificacao": "Google Geocoding API", "opm_nome": "ADMINISTRACAO", "opm_descricao": "CPI-1 23.BPM/I 4.CIA PM ADM 0", "opm_codigo": "601234700" }, "geometry": { "type": "Point", "coordinates": [ -44.9586504, -22.5755791 ] } },
{ "type": "Feature", "properties": { "id_comando": "CPI-1", "nome_comando": "1º Comando de Policiamento do Interior (CPI-1)", "nome_batalhao": "23º BPM/I", "tipo_batalhao": "Interior", "companhia": "4.CIA PM", "pelotao": "", "grupo": "4.GP/PM", "cidade": "Lavrinhas", "endereco": "RUA CORONEL MANOEL HORTA, 280, CENTRO - Lavrinhas", "latitude": -22.5682817, "longitude": -44.9067047, "fonte_geocodificacao": "Google Geocoding API", "opm_nome": "4. GRUPO", "opm_descricao": "CPI-1 23.BPM/I 4.CIA PM 4.GP/PM", "opm_codigo": "601234004" }, "geometry": { "type": "Point", "coordinates": [ -44.9067047, -22.5682817 ] } },
{ "type": "Feature", "properties": { "id_comando": "CPI-1", "nome_comando": "1º Comando de Policiamento do Interior (CPI-1)", "nome_batalhao": "23º BPM/I", "tipo_batalhao": "Interior", "companhia": "4.CIA PM", "pelotao": "", "grupo": "1.GP/PM", "cidade": "Queluz", "endereco": "RUA PREFEITO ANTONINHO FRANÇA, 181, CENTRO - Queluz", "latitude": -22.5458626, "longitude": -44.7811457, "fonte_geocodificacao": "Google Geocoding API", "opm_nome": "1. GRUPO", "opm_descricao": "CPI-1 23.BPM/I 4.CIA PM 1.GP/PM", "opm_codigo": "601234001" }, "geometry": { "type": "Point", "coordinates": [ -44.7811457, -22.5458626 ] } },
{ "type": "Feature", "properties": { "id_comando": "CPI-1", "nome_comando": "1º Comando de Policiamento do Interior (CPI-1)", "nome_batalhao": "23º BPM/I", "tipo_batalhao": "Interior", "companhia": "4.CIA PM", "pelotao": "", "grupo": "2.GP/PM", "cidade": "Sao Jose Do Barreiro", "endereco": "AVENIDA FORTUNADO LOBÃO, 119, CENTRO - Sao Jose Do Barreiro", "latitude": -22.6444691, "longitude": -44.5856195, "fonte_geocodificacao": "Google Geocoding API", "opm_nome": "2. GRUPO", "opm_descricao": "CPI-1 23.BPM/I 4.CIA PM 2.GP/PM", "opm_codigo": "601234002" }, "geometry": { "type": "Point", "coordinates": [ -44.5856195, -22.6444691 ] } },
{ "type": "Feature", "properties": { "id_comando": "CPI-1", "nome_comando": "1º Comando de Policiamento do Interior (CPI-1)", "nome_batalhao": "23º BPM/I", "tipo_batalhao": "Interior", "companhia": "4.CIA PM", "pelotao": "", "grupo": "3.GP/PM", "cidade": "Silveiras", "endereco": "PRAÇA TENENTE ANACLETO FERREIRA PINTO, 1, CENTRO - Silveiras", "latitude": -22.6664621, "longitude": -44.8530662, "fonte_geocodificacao": "Google Geocoding API", "opm_nome": "3. GRUPO", "opm_descricao": "CPI-1 23.BPM/I 4.CIA PM 3.GP/PM", "opm_codigo": "601234003" }, "geometry": { "type": "Point", "coordinates": [ -44.8530662, -22.6664621 ] } },
{ "type": "Feature", "properties": { "id_comando": "CPI-1", "nome_comando": "1º Comando de Policiamento do Interior (CPI-1)", "nome_batalhao": "23º BPM/I", "tipo_batalhao": "Interior", "companhia": "CIA F TAT", "pelotao": "ADM", "grupo": "0", "cidade": "Lorena", "endereco": "AVENIDA CORONEL MÁRCIANO, 209, BAIRRO SANTO ANTONIO - Lorena", "latitude": -22.7402518, "longitude": -45.1272896, "fonte_geocodificacao": "Google Geocoding API", "opm_nome": "ADMINISTRACAO", "opm_descricao": "CPI-1 23.BPM/I CIA F TAT ADM 0", "opm_codigo": "601235400" }, "geometry": { "type": "Point", "coordinates": [ -45.1272896, -22.7402518 ] } },
{ "type": "Feature", "properties": { "id_comando": "CPI-1", "nome_comando": "1º Comando de Policiamento do Interior (CPI-1)", "nome_batalhao": "23º BPM/I", "tipo_batalhao": "Interior", "companhia": "CIA F TAT", "pelotao": "1.PEL FT", "grupo": "0", "cidade": "Lorena", "endereco": "RUA CAPITÃO LEOVIGILDO ARECO, 1500, SÃO ROQUE - Lorena", "latitude": -22.7408275, "longitude": -45.1367219, "fonte_geocodificacao": "Google Geocoding API", "opm_nome": "1. PELOTAO DE FORCA TATICA", "opm_descricao": "CPI-1 23.BPM/I CIA F TAT 1.PEL FT 0", "opm_codigo": "601235100" }, "geometry": { "type": "Point", "coordinates": [ -45.1367219, -22.7408275 ] } },
{ "type": "Feature", "properties": { "id_comando": "CPI-1", "nome_comando": "1º Comando de Policiamento do Interior (CPI-1)", "nome_batalhao": "23º BPM/I", "tipo_batalhao": "Interior", "companhia": "EM", "pelotao": "UIS", "grupo": "0", "cidade": "Lorena", "endereco": "AVENIDA CORONEL MÁRCIANO, 209, BAIRRO SANTO ANTONIO - Lorena", "latitude": -22.7402518, "longitude": -45.1272896, "fonte_geocodificacao": "Google Geocoding API", "opm_nome": "UNIDADE INTEGRADA DE SAUDE", "opm_descricao": "CPI-1 23.BPM/I EM UIS 0", "opm_codigo": "601238010" }, "geometry": { "type": "Point", "coordinates": [ -45.1272896, -22.7402518 ] } },
{ "type": "Feature", "properties": { "id_comando": "CPI-1", "nome_comando": "1º Comando de Policiamento do Interior (CPI-1)", "nome_batalhao": "23º BPM/I", "tipo_batalhao": "Interior", "companhia": "EM", "pelotao": "UIS", "grupo": "GAB MEDICO", "cidade": "Lorena", "endereco": "AVENIDA CORONEL MÁRCIANO, 209, BAIRRO SANTO ANTONIO - Lorena", "latitude": -22.7402518, "longitude": -45.1272896, "fonte_geocodificacao": "Google Geocoding API", "opm_nome": "GABINETE MEDICO", "opm_descricao": "CPI-1 23.BPM/I EM UIS GAB MEDICO", "opm_codigo": "601238011" }, "geometry": { "type": "Point", "coordinates": [ -45.1272896, -22.7402518 ] } },
{ "type": "Feature", "properties": { "id_comando": "CPI-1", "nome_comando": "1º Comando de Policiamento do Interior (CPI-1)", "nome_batalhao": "23º BPM/I", "tipo_batalhao": "Interior", "companhia": "EM", "pelotao": "UIS", "grupo": "GAB ODONTO", "cidade": "Lorena", "endereco": "AVENIDA CORONEL MÁRCIANO, 209, BAIRRO SANTO ANTONIO - Lorena", "latitude": -22.7402518, "longitude": -45.1272896, "fonte_geocodificacao": "Google Geocoding API", "opm_nome": "GABINETE ODONTOLOGICO", "opm_descricao": "CPI-1 23.BPM/I EM UIS GAB ODONTO", "opm_codigo": "601238012" }, "geometry": { "type": "Point", "coordinates": [ -45.1272896, -22.7402518 ] } },
{ "type": "Feature", "properties": { "id_comando": "CPI-1", "nome_comando": "1º Comando de Policiamento do Interior (CPI-1)", "nome_batalhao": "23º BPM/I", "tipo_batalhao": "Interior", "companhia": "EM", "pelotao": "P/1 E P/5", "grupo": "GD QUARTEL", "cidade": "Lorena", "endereco": "AVENIDA CORONEL MÁRCIANO, 209, BAIRRO SANTO ANTONIO - Lorena", "latitude": -22.7402518, "longitude": -45.1272896, "fonte_geocodificacao": "Google Geocoding API", "opm_nome": "GUARDA DO QUARTEL", "opm_descricao": "CPI-1 23.BPM/I EM P/1 E P/5 GD QUARTEL", "opm_codigo": "601238110" }, "geometry": { "type": "Point", "coordinates": [ -45.1272896, -22.7402518 ] } },
{ "type": "Feature", "properties": { "id_comando": "CPI-1", "nome_comando": "1º Comando de Policiamento do Interior (CPI-1)", "nome_batalhao": "23º BPM/I", "tipo_batalhao": "Interior", "companhia": "EM", "pelotao": "P/3", "grupo": "CFP", "cidade": "Lorena", "endereco": "AVENIDA CORONEL MÁRCIANO, 209, BAIRRO SANTO ANTONIO - Lorena", "latitude": -22.7402518, "longitude": -45.1272896, "fonte_geocodificacao": "Google Geocoding API", "opm_nome": "COMANDO FORCA PATRULHA", "opm_descricao": "CPI-1 23.BPM/I EM P/3 CFP", "opm_codigo": "601238310" }, "geometry": { "type": "Point", "coordinates": [ -45.1272896, -22.7402518 ] } },
{ "type": "Feature", "properties": { "id_comando": "CPI-1", "nome_comando": "1º Comando de Policiamento do Interior (CPI-1)", "nome_batalhao": "23º BPM/I", "tipo_batalhao": "Interior", "companhia": "EM", "pelotao": "P/4 MOTOMEC", "grupo": "0", "cidade": "Lorena", "endereco": "AVENIDA CORONEL MÁRCIANO, 209, BAIRRO SANTO ANTONIO - Lorena", "latitude": -22.7402518, "longitude": -45.1272896, "fonte_geocodificacao": "Google Geocoding API", "opm_nome": "P/4 E MOTOMECANIZACAO", "opm_descricao": "CPI-1 23.BPM/I EM P/4 MOTOMEC 0", "opm_codigo": "601238400" }, "geometry": { "type": "Point", "coordinates": [ -45.1272896, -22.7402518 ] } },
{ "type": "Feature", "properties": { "id_comando": "CPI-1", "nome_comando": "1º Comando de Policiamento do Interior (CPI-1)", "nome_batalhao": "23º BPM/I", "tipo_batalhao": "Interior", "companhia": "EM", "pelotao": "P/4 MOTOMEC", "grupo": "ST TELECOM TEL", "cidade": "Lorena", "endereco": "AVENIDA CORONEL MÁRCIANO, 209, BAIRRO SANTO ANTONIO - Lorena", "latitude": -22.7402518, "longitude": -45.1272896, "fonte_geocodificacao": "Google Geocoding API", "opm_nome": "SETOR TELECOMUNICACAO E TELEMATICA", "opm_descricao": "CPI-1 23.BPM/I EM P/4 MOTOMEC ST TELECOM TEL", "opm_codigo": "601238410" }, "geometry": { "type": "Point", "coordinates": [ -45.1272896, -22.7402518 ] } },
{ "type": "Feature", "properties": { "id_comando": "CPI-1", "nome_comando": "1º Comando de Policiamento do Interior (CPI-1)", "nome_batalhao": "23º BPM/I", "tipo_batalhao": "Interior", "companhia": "EM", "pelotao": "P/1 E P/5", "grupo": "0", "cidade": "Lorena", "endereco": "RUA CAPITÃO LEOVIGILDO ARECO, 1500, SÃO ROQUE - Lorena", "latitude": -22.7408275, "longitude": -45.1367219, "fonte_geocodificacao": "Google Geocoding API", "opm_nome": "P/1 E P/5", "opm_descricao": "CPI-1 23.BPM/I EM P/1 E P/5 0", "opm_codigo": "601238100" }, "geometry": { "type": "Point", "coordinates": [ -45.1367219, -22.7408275 ] } },
{ "type": "Feature", "properties": { "id_comando": "CPI-1", "nome_comando": "1º Comando de Policiamento do Interior (CPI-1)", "nome_batalhao": "23º BPM/I", "tipo_batalhao": "Interior", "companhia": "EM", "pelotao": "AA", "grupo": "0", "cidade": "Lorena", "endereco": "RUA CAPITÃO LEOVIGILDO ARECO, 1500, SÃO ROQUE - Lorena", "latitude": -22.7408275, "longitude": -45.1367219, "fonte_geocodificacao": "Google Geocoding API", "opm_nome": "AGENCIA DE AREA", "opm_descricao": "CPI-1 23.BPM/I EM AA 0", "opm_codigo": "601238200" }, "geometry": { "type": "Point", "coordinates": [ -45.1367219, -22.7408275 ] } },
{ "type": "Feature", "properties": { "id_comando": "CPI-1", "nome_comando": "1º Comando de Policiamento do Interior (CPI-1)", "nome_batalhao": "23º BPM/I", "tipo_batalhao": "Interior", "companhia": "EM", "pelotao": "P/3", "grupo": "0", "cidade": "Lorena", "endereco": "RUA CAPITÃO LEOVIGILDO ARECO, 1500, SÃO ROQUE - Lorena", "latitude": -22.7408275, "longitude": -45.1367219, "fonte_geocodificacao": "Google Geocoding API", "opm_nome": "P/3", "opm_descricao": "CPI-1 23.BPM/I EM P/3 0", "opm_codigo": "601238300" }, "geometry": { "type": "Point", "coordinates": [ -45.1367219, -22.7408275 ] } },
{ "type": "Feature", "properties": { "id_comando": "CPI-1", "nome_comando": "1º Comando de Policiamento do Interior (CPI-1)", "nome_batalhao": "23º BPM/I", "tipo_batalhao": "Interior", "companhia": "EM", "pelotao": "P/5", "grupo": "0", "cidade": "Lorena", "endereco": "RUA CAPITÃO LEOVIGILDO ARECO, 1500, SÃO ROQUE - Lorena", "latitude": -22.7408275, "longitude": -45.1367219, "fonte_geocodificacao": "Google Geocoding API", "opm_nome": "P/5", "opm_descricao": "CPI-1 23.BPM/I EM P/5 0", "opm_codigo": "601238500" }, "geometry": { "type": "Point", "coordinates": [ -45.1367219, -22.7408275 ] } },
{ "type": "Feature", "properties": { "id_comando": "CPI-1", "nome_comando": "1º Comando de Policiamento do Interior (CPI-1)", "nome_batalhao": "23º BPM/I", "tipo_batalhao": "Interior", "companhia": "EM", "pelotao": "SEC PJMD", "grupo": "0", "cidade": "Lorena", "endereco": "RUA CAPITÃO LEOVIGILDO ARECO, 1500, SÃO ROQUE - Lorena", "latitude": -22.7408275, "longitude": -45.1367219, "fonte_geocodificacao": "Google Geocoding API", "opm_nome": "SECAO POLICIA JUDICIARIA MILITAR E DISCIPLINA", "opm_descricao": "CPI-1 23.BPM/I EM SEC PJMD 0", "opm_codigo": "601238600" }, "geometry": { "type": "Point", "coordinates": [ -45.1367219, -22.7408275 ] } },
{ "type": "Feature", "properties": { "id_comando": "CPI-1", "nome_comando": "1º Comando de Policiamento do Interior (CPI-1)", "nome_batalhao": "23º BPM/I", "tipo_batalhao": "Interior", "companhia": "EM", "pelotao": "MOTOMEC", "grupo": "0", "cidade": "Lorena", "endereco": "RUA CAPITÃO LEOVIGILDO ARECO, 1500, SÃO ROQUE - Lorena", "latitude": -22.7408275, "longitude": -45.1367219, "fonte_geocodificacao": "Google Geocoding API", "opm_nome": "MOTOMECANIZACAO", "opm_descricao": "CPI-1 23.BPM/I EM MOTOMEC 0", "opm_codigo": "601238700" }, "geometry": { "type": "Point", "coordinates": [ -45.1367219, -22.7408275 ] } },
{ "type": "Feature", "properties": { "id_comando": "CPI-1", "nome_comando": "1º Comando de Policiamento do Interior (CPI-1)", "nome_batalhao": "23º BPM/I", "tipo_batalhao": "Interior", "companhia": "EM", "pelotao": "UIS MEDICA", "grupo": "0", "cidade": "Lorena", "endereco": "RUA CAPITÃO LEOVIGILDO ARECO, 1500, SÃO ROQUE - Lorena", "latitude": -22.7408275, "longitude": -45.1367219, "fonte_geocodificacao": "Google Geocoding API", "opm_nome": "23.BPM/I EM UIS MEDICA", "opm_descricao": "CPI-1 23.BPM/I EM UIS MEDICA 0", "opm_codigo": "601238800" }, "geometry": { "type": "Point", "coordinates": [ -45.1367219, -22.7408275 ] } },
{ "type": "Feature", "properties": { "id_comando": "CPI-1", "nome_comando": "1º Comando de Policiamento do Interior (CPI-1)", "nome_batalhao": "23º BPM/I", "tipo_batalhao": "Interior", "companhia": "EM", "pelotao": "UIS ODONTO", "grupo": "0", "cidade": "Lorena", "endereco": "RUA CAPITÃO LEOVIGILDO ARECO, 1500, SÃO ROQUE - Lorena", "latitude": -22.7408275, "longitude": -45.1367219, "fonte_geocodificacao": "Google Geocoding API", "opm_nome": "23.BPM/I EM UIS ODONTO", "opm_descricao": "CPI-1 23.BPM/I EM UIS ODONTO 0", "opm_codigo": "601238900" }, "geometry": { "type": "Point", "coordinates": [ -45.1367219, -22.7408275 ] } },
{ "type": "Feature", "properties": { "id_comando": "CPI-1", "nome_comando": "1º Comando de Policiamento do Interior (CPI-1)", "nome_batalhao": "41º BPM/I", "tipo_batalhao": "Interior", "companhia": "1.CIA PM", "pelotao": "", "grupo": "2.GP/PM", "cidade": "Igarata", "endereco": "RUA IRINEU PRIANTI CHAVES, 295, CENTRO - Igarata", "latitude": -23.2028444, "longitude": -46.1602988, "fonte_geocodificacao": "Google Geocoding API", "opm_nome": "2. GRUPO", "opm_descricao": "CPI-1 41.BPM/I 1.CIA PM 2.GP/PM", "opm_codigo": "601411002" }, "geometry": { "type": "Point", "coordinates": [ -46.1602988, -23.2028444 ] } },
{ "type": "Feature", "properties": { "id_comando": "CPI-1", "nome_comando": "1º Comando de Policiamento do Interior (CPI-1)", "nome_batalhao": "41º BPM/I", "tipo_batalhao": "Interior", "companhia": "1.CIA PM", "pelotao": "ADM", "grupo": "0", "cidade": "Jacarei", "endereco": "RUA DOM PEDRO II, 290, VILA DENISE - Jacarei", "latitude": -23.3032629, "longitude": -45.976904, "fonte_geocodificacao": "Google Geocoding API", "opm_nome": "ADMINISTRACAO", "opm_descricao": "CPI-1 41.BPM/I 1.CIA PM ADM 0", "opm_codigo": "601411500" }, "geometry": { "type": "Point", "coordinates": [ -45.976904, -23.3032629 ] } },
{ "type": "Feature", "properties": { "id_comando": "CPI-1", "nome_comando": "1º Comando de Policiamento do Interior (CPI-1)", "nome_batalhao": "41º BPM/I", "tipo_batalhao": "Interior", "companhia": "1.CIA PM", "pelotao": "", "grupo": "1.GP/PM", "cidade": "Paraibuna", "endereco": "RUA CORONEL MARCELINO, 179, CENTRO - Paraibuna", "latitude": -23.3888968, "longitude": -45.6626055, "fonte_geocodificacao": "Google Geocoding API", "opm_nome": "1. GRUPO", "opm_descricao": "CPI-1 41.BPM/I 1.CIA PM 1.GP/PM", "opm_codigo": "601411001" }, "geometry": { "type": "Point", "coordinates": [ -45.6626055, -23.3888968 ] } },
{ "type": "Feature", "properties": { "id_comando": "CPI-1", "nome_comando": "1º Comando de Policiamento do Interior (CPI-1)", "nome_batalhao": "41º BPM/I", "tipo_batalhao": "Interior", "companhia": "1.CIA PM", "pelotao": "", "grupo": "3.GP/PM", "cidade": "Santa Branca", "endereco": "RUA ARTHUR ROSA PORTO FILHO, 200, JARDIM SÃO JOSÉ - Santa Branca", "latitude": -23.4067851, "longitude": -45.8874036, "fonte_geocodificacao": "Google Geocoding API", "opm_nome": "3. GRUPO", "opm_descricao": "CPI-1 41.BPM/I 1.CIA PM 3.GP/PM", "opm_codigo": "601411003" }, "geometry": { "type": "Point", "coordinates": [ -45.8874036, -23.4067851 ] } },
{ "type": "Feature", "properties": { "id_comando": "CPI-1", "nome_comando": "1º Comando de Policiamento do Interior (CPI-1)", "nome_batalhao": "41º BPM/I", "tipo_batalhao": "Interior", "companhia": "2.CIA PM", "pelotao": "ADM", "grupo": "0", "cidade": "Jacarei", "endereco": "PRAÇA RAUL CHAVES, 95, VILA DENISE - Jacarei", "latitude": -23.3046779, "longitude": -45.9668634, "fonte_geocodificacao": "Google Geocoding API", "opm_nome": "ADMINISTRACAO", "opm_descricao": "CPI-1 41.BPM/I 2.CIA PM ADM 0", "opm_codigo": "601412600" }, "geometry": { "type": "Point", "coordinates": [ -45.9668634, -23.3046779 ] } },
{ "type": "Feature", "properties": { "id_comando": "CPI-1", "nome_comando": "1º Comando de Policiamento do Interior (CPI-1)", "nome_batalhao": "41º BPM/I", "tipo_batalhao": "Interior", "companhia": "EM", "pelotao": "P/1 E P/5", "grupo": "0", "cidade": "Jacarei", "endereco": "AVENIDA FARIA LIMA, 225  nº 225/241, CHACARA RURAIS STA MARIA - Jacarei", "latitude": -23.29461, "longitude": -45.9666645, "fonte_geocodificacao": "Google Geocoding API", "opm_nome": "P/1 E P/5", "opm_descricao": "CPI-1 41.BPM/I EM P/1 E P/5 0", "opm_codigo": "601418100" }, "geometry": { "type": "Point", "coordinates": [ -45.9666645, -23.29461 ] } },
{ "type": "Feature", "properties": { "id_comando": "CPI-1", "nome_comando": "1º Comando de Policiamento do Interior (CPI-1)", "nome_batalhao": "41º BPM/I", "tipo_batalhao": "Interior", "companhia": "EM", "pelotao": "AG AREA", "grupo": "0", "cidade": "Jacarei", "endereco": "AVENIDA FARIA LIMA, 241, CHACARA RURAIS STA MARIA - Jacarei", "latitude": -23.2946016, "longitude": -45.9664301, "fonte_geocodificacao": "Google Geocoding API", "opm_nome": "AGENCIA DE AREA", "opm_descricao": "CPI-1 41.BPM/I EM AG AREA 0", "opm_codigo": "601418200" }, "geometry": { "type": "Point", "coordinates": [ -45.9664301, -23.2946016 ] } },
{ "type": "Feature", "properties": { "id_comando": "CPI-1", "nome_comando": "1º Comando de Policiamento do Interior (CPI-1)", "nome_batalhao": "41º BPM/I", "tipo_batalhao": "Interior", "companhia": "EM", "pelotao": "P/4", "grupo": "0", "cidade": "Jacarei", "endereco": "AVENIDA GETULIO DORNELES VARGAS, 530, JARDIM PRIMAVERA - Jacarei", "latitude": -23.2846567, "longitude": -45.9524386, "fonte_geocodificacao": "Google Geocoding API", "opm_nome": "P/4", "opm_descricao": "CPI-1 41.BPM/I EM P/4 0", "opm_codigo": "601418400" }, "geometry": { "type": "Point", "coordinates": [ -45.9524386, -23.2846567 ] } },
{ "type": "Feature", "properties": { "id_comando": "CPI-1", "nome_comando": "1º Comando de Policiamento do Interior (CPI-1)", "nome_batalhao": "41º BPM/I", "tipo_batalhao": "Interior", "companhia": "EM", "pelotao": "ST PJMD", "grupo": "0", "cidade": "Jacarei", "endereco": "AVENIDA GETULIO DORNELES VARGAS, 530, JARDIM PRIMAVERA - Jacarei", "latitude": -23.2846567, "longitude": -45.9524386, "fonte_geocodificacao": "Google Geocoding API", "opm_nome": "SETOR POLICIA JUDICIARIA MILITAR E DISCIPINAR", "opm_descricao": "CPI-1 41.BPM/I EM ST PJMD 0", "opm_codigo": "601418600" }, "geometry": { "type": "Point", "coordinates": [ -45.9524386, -23.2846567 ] } },
{ "type": "Feature", "properties": { "id_comando": "CPI-1", "nome_comando": "1º Comando de Policiamento do Interior (CPI-1)", "nome_batalhao": "41º BPM/I", "tipo_batalhao": "Interior", "companhia": "EM", "pelotao": "P/1 E P/5", "grupo": "GUARDA QUARTEL", "cidade": "Jacarei", "endereco": "Av. GETÚLIO DORNELES VARGAS, 530, VILA LOPES - Jacarei", "latitude": -23.2846567, "longitude": -45.9524386, "fonte_geocodificacao": "Google Geocoding API", "opm_nome": "GUARDA DO QUARTEL", "opm_descricao": "CPI-1 41.BPM/I EM P/1 E P/5 GUARDA QUARTEL", "opm_codigo": "601418110" }, "geometry": { "type": "Point", "coordinates": [ -45.9524386, -23.2846567 ] } },
{ "type": "Feature", "properties": { "id_comando": "CPI-1", "nome_comando": "1º Comando de Policiamento do Interior (CPI-1)", "nome_batalhao": "41º BPM/I", "tipo_batalhao": "Interior", "companhia": "EM", "pelotao": "P/3", "grupo": "PEL FT", "cidade": "Jacarei", "endereco": "AV. GETÚLIO DORNELES VARGAS, 530, VILA LOPES - Jacarei", "latitude": -23.2846567, "longitude": -45.9524386, "fonte_geocodificacao": "Google Geocoding API", "opm_nome": "PEL FT", "opm_descricao": "CPI-1 41.BPM/I EM P/3 PEL FT", "opm_codigo": "601418310" }, "geometry": { "type": "Point", "coordinates": [ -45.9524386, -23.2846567 ] } },
{ "type": "Feature", "properties": { "id_comando": "CPI-1", "nome_comando": "1º Comando de Policiamento do Interior (CPI-1)", "nome_batalhao": "41º BPM/I", "tipo_batalhao": "Interior", "companhia": "EM", "pelotao": "P/3", "grupo": "CFP", "cidade": "Jacarei", "endereco": "Av. GETÚLIO DORNELES VARGAS, 530, VILA LOPES - Jacarei", "latitude": -23.2846567, "longitude": -45.9524386, "fonte_geocodificacao": "Google Geocoding API", "opm_nome": "COMANDO FORCA PATRULHA", "opm_descricao": "CPI-1 41.BPM/I EM P/3 CFP", "opm_codigo": "601418320" }, "geometry": { "type": "Point", "coordinates": [ -45.9524386, -23.2846567 ] } },
{ "type": "Feature", "properties": { "id_comando": "CPI-1", "nome_comando": "1º Comando de Policiamento do Interior (CPI-1)", "nome_batalhao": "46º BPM/I", "tipo_batalhao": "Interior", "companhia": "3.CIA PM", "pelotao": "", "grupo": "GP F TAT", "cidade": "Cacapava", "endereco": "RODOVIA VITO ARDITO, 999, CAMPO GRANDE - Cacapava", "latitude": -23.0964506, "longitude": -45.6919439, "fonte_geocodificacao": "Google Geocoding API", "opm_nome": "46.BPM/I GP FT", "opm_descricao": "CPI-1 46.BPM/I 3.CIA PM GP F TAT", "opm_codigo": "601463002" }, "geometry": { "type": "Point", "coordinates": [ -45.6919439, -23.0964506 ] } },
{ "type": "Feature", "properties": { "id_comando": "CPI-1", "nome_comando": "1º Comando de Policiamento do Interior (CPI-1)", "nome_batalhao": "46º BPM/I", "tipo_batalhao": "Interior", "companhia": "3.CIA PM", "pelotao": "ADM", "grupo": "0", "cidade": "Cacapava", "endereco": "RUA SÃO FRANCISCO, 900, VERA CRUZ - Cacapava", "latitude": -23.1111596, "longitude": -45.710062, "fonte_geocodificacao": "Google Geocoding API", "opm_nome": "ADMINISTRACAO", "opm_descricao": "CPI-1 46.BPM/I 3.CIA PM ADM 0", "opm_codigo": "601463400" }, "geometry": { "type": "Point", "coordinates": [ -45.710062, -23.1111596 ] } },
{ "type": "Feature", "properties": { "id_comando": "CPI-1", "nome_comando": "1º Comando de Policiamento do Interior (CPI-1)", "nome_batalhao": "46º BPM/I", "tipo_batalhao": "Interior", "companhia": "3.CIA PM", "pelotao": "", "grupo": "GP/PM", "cidade": "Jambeiro", "endereco": "RUA MAJOR GURJEL, 133, CENTRO - Jambeiro", "latitude": -23.2550013, "longitude": -45.6926186, "fonte_geocodificacao": "Google Geocoding API", "opm_nome": "GRUPO", "opm_descricao": "CPI-1 46.BPM/I 3.CIA PM GP/PM", "opm_codigo": "601463001" }, "geometry": { "type": "Point", "coordinates": [ -45.6926186, -23.2550013 ] } },
{ "type": "Feature", "properties": { "id_comando": "CPI-1", "nome_comando": "1º Comando de Policiamento do Interior (CPI-1)", "nome_batalhao": "46º BPM/I", "tipo_batalhao": "Interior", "companhia": "EM", "pelotao": "P/1 E P/5", "grupo": "GUARDA QUARTEL", "cidade": "Sao Jose Dos Campos", "endereco": "RUA JOANA MARIA CORREA LARANJEIRA, 255, CONJUNTO RESIDENCIAL 31 DE MARÇO - Sao Jose Dos Campos", "latitude": -23.2417451, "longitude": -45.9145239, "fonte_geocodificacao": "Google Geocoding API", "opm_nome": "GUARDA DO QUARTEL", "opm_descricao": "CPI-1 46.BPM/I EM P/1 E P/5 GUARDA QUARTEL", "opm_codigo": "601468110" }, "geometry": { "type": "Point", "coordinates": [ -45.9145239, -23.2417451 ] } },
{ "type": "Feature", "properties": { "id_comando": "CPI-1", "nome_comando": "1º Comando de Policiamento do Interior (CPI-1)", "nome_batalhao": "46º BPM/I", "tipo_batalhao": "Interior", "companhia": "EM", "pelotao": "DIV OP", "grupo": "CFP", "cidade": "Sao Jose Dos Campos", "endereco": "RUA JOANA MARIA CORREA LARANJEIRA, 255, CONJUNTO RESIDENCIAL 31 DE MARÇO - Sao Jose Dos Campos", "latitude": -23.2417451, "longitude": -45.9145239, "fonte_geocodificacao": "Google Geocoding API", "opm_nome": "COMANDO FORCA PATRULHA", "opm_descricao": "CPI-1 46.BPM/I EM DIV OP CFP", "opm_codigo": "601468320" }, "geometry": { "type": "Point", "coordinates": [ -45.9145239, -23.2417451 ] } },
{ "type": "Feature", "properties": { "id_comando": "CPI-1", "nome_comando": "1º Comando de Policiamento do Interior (CPI-1)", "nome_batalhao": "46º BPM/I", "tipo_batalhao": "Interior", "companhia": "EM", "pelotao": "P/3", "grupo": "PEL FT", "cidade": "Sao Jose Dos Campos", "endereco": "RUA JOANA MARIA CORREA LARANJEIRA, 255, JARDIM PETROPOLIS - Sao Jose Dos Campos", "latitude": -23.2417451, "longitude": -45.9145239, "fonte_geocodificacao": "Google Geocoding API", "opm_nome": "46.BPM/I PEL FT", "opm_descricao": "CPI-1 46.BPM/I EM P/3 PEL FT", "opm_codigo": "601468310" }, "geometry": { "type": "Point", "coordinates": [ -45.9145239, -23.2417451 ] } },
{ "type": "Feature", "properties": { "id_comando": "CPI-1", "nome_comando": "1º Comando de Policiamento do Interior (CPI-1)", "nome_batalhao": "5º BPM/I", "tipo_batalhao": "Interior", "companhia": "1.CIA PM", "pelotao": "ADM", "grupo": "0", "cidade": "Taubate", "endereco": "AVENIDA INDEPENDÊNCIA, 247, JARDIM INDEPENDÊNCIA - Taubate", "latitude": -23.0367252, "longitude": -45.5742331, "fonte_geocodificacao": "Google Geocoding API", "opm_nome": "ADMINISTRACAO", "opm_descricao": "CPI-1 5.BPM/I 1.CIA PM ADM 0", "opm_codigo": "601051500" }, "geometry": { "type": "Point", "coordinates": [ -45.5742331, -23.0367252 ] } },
{ "type": "Feature", "properties": { "id_comando": "CPI-1", "nome_comando": "1º Comando de Policiamento do Interior (CPI-1)", "nome_batalhao": "5º BPM/I", "tipo_batalhao": "Interior", "companhia": "1.CIA PM", "pelotao": "PEL PM", "grupo": "0", "cidade": "Tremembe", "endereco": "Rua Artur de Souza Praça, 299, Jardim Bom Jesus - Tremembe", "latitude": -22.9656429, "longitude": -45.5445301, "fonte_geocodificacao": "Google Geocoding API", "opm_nome": "PELOTAO", "opm_descricao": "CPI-1 5.BPM/I 1.CIA PM PEL PM 0", "opm_codigo": "601051100" }, "geometry": { "type": "Point", "coordinates": [ -45.5445301, -22.9656429 ] } },
{ "type": "Feature", "properties": { "id_comando": "CPI-1", "nome_comando": "1º Comando de Policiamento do Interior (CPI-1)", "nome_batalhao": "5º BPM/I", "tipo_batalhao": "Interior", "companhia": "2.CIA PM", "pelotao": "1.PEL PM", "grupo": "0", "cidade": "Pindamonhangaba", "endereco": "AVENIDA DOS LIRIOS, 17, MOREIRA CESAR - Pindamonhangaba", "latitude": -22.9106744, "longitude": -45.3696462, "fonte_geocodificacao": "Google Geocoding API", "opm_nome": "5.BPM/I 2.CIA PM 1.PEL PM", "opm_descricao": "CPI-1 5.BPM/I 2.CIA PM 1.PEL PM 0", "opm_codigo": "601052100" }, "geometry": { "type": "Point", "coordinates": [ -45.3696462, -22.9106744 ] } },
{ "type": "Feature", "properties": { "id_comando": "CPI-1", "nome_comando": "1º Comando de Policiamento do Interior (CPI-1)", "nome_batalhao": "5º BPM/I", "tipo_batalhao": "Interior", "companhia": "2.CIA PM", "pelotao": "PEL F TAT", "grupo": "0", "cidade": "Pindamonhangaba", "endereco": "AVENIDA DOS LÍRIOS, 17  BCS MOREIRA CÉSAR 2ª CIA DO 5º BPM/I, RESIDENCIAL VALE DAS ACÁCIAS - Pindamonhangaba", "latitude": -22.9106744, "longitude": -45.3696462, "fonte_geocodificacao": "Google Geocoding API", "opm_nome": "PELOTAO FORCA TATICA", "opm_descricao": "CPI-1 5.BPM/I 2.CIA PM PEL F TAT 0", "opm_codigo": "601052300" }, "geometry": { "type": "Point", "coordinates": [ -45.3696462, -22.9106744 ] } },
{ "type": "Feature", "properties": { "id_comando": "CPI-1", "nome_comando": "1º Comando de Policiamento do Interior (CPI-1)", "nome_batalhao": "5º BPM/I", "tipo_batalhao": "Interior", "companhia": "2.CIA PM", "pelotao": "ADM", "grupo": "0", "cidade": "Pindamonhangaba", "endereco": "RUA DOS SAGRADOS CORAÇÕES, 1309, VILA SAO JUDAS TADEU - Pindamonhangaba", "latitude": -22.9309913, "longitude": -45.4478033, "fonte_geocodificacao": "Google Geocoding API", "opm_nome": "ADMINISTRACAO", "opm_descricao": "CPI-1 5.BPM/I 2.CIA PM ADM 0", "opm_codigo": "601052400" }, "geometry": { "type": "Point", "coordinates": [ -45.4478033, -22.9309913 ] } },
{ "type": "Feature", "properties": { "id_comando": "CPI-1", "nome_comando": "1º Comando de Policiamento do Interior (CPI-1)", "nome_batalhao": "5º BPM/I", "tipo_batalhao": "Interior", "companhia": "3.CIA PM", "pelotao": "ADM", "grupo": "0", "cidade": "Campos Do Jordao", "endereco": "Av. Orestes Girardi, 4120, Capivari - Campos Do Jordao", "latitude": -22.7367813, "longitude": -45.5908718, "fonte_geocodificacao": "Google Geocoding API", "opm_nome": "ADMINISTRACAO", "opm_descricao": "CPI-1 5.BPM/I 3.CIA PM ADM 0", "opm_codigo": "601053400" }, "geometry": { "type": "Point", "coordinates": [ -45.5908718, -22.7367813 ] } },
{ "type": "Feature", "properties": { "id_comando": "CPI-1", "nome_comando": "1º Comando de Policiamento do Interior (CPI-1)", "nome_batalhao": "5º BPM/I", "tipo_batalhao": "Interior", "companhia": "3.CIA PM", "pelotao": "0", "grupo": "2.GP/PM", "cidade": "Santo Antonio Do Pinhal", "endereco": "AV ANTONIO JOAQUIM DE OLIVEIRA, 481, CENTRO - Santo Antonio Do Pinhal", "latitude": -22.8258619, "longitude": -45.6569476, "fonte_geocodificacao": "Google Geocoding API", "opm_nome": "2. GRUPO", "opm_descricao": "CPI-1 5.BPM/I 3.CIA PM 0 2.GP/PM", "opm_codigo": "601053002" }, "geometry": { "type": "Point", "coordinates": [ -45.6569476, -22.8258619 ] } },
{ "type": "Feature", "properties": { "id_comando": "CPI-1", "nome_comando": "1º Comando de Policiamento do Interior (CPI-1)", "nome_batalhao": "5º BPM/I", "tipo_batalhao": "Interior", "companhia": "3.CIA PM", "pelotao": "PEL FT", "grupo": "0", "cidade": "Santo Antonio Do Pinhal", "endereco": "AVENIDA INDUSTRIAL, 81  BCSD JOSÉ DA ROSA 3ªCIA DO 5º BPM/I, SANTO ANTÔNIO DO PINHAL/SP - Santo Antonio Do Pinhal", "latitude": -22.8248431, "longitude": -45.667181, "fonte_geocodificacao": "Google Geocoding API", "opm_nome": "PELOTAO FORCA TATICA", "opm_descricao": "CPI-1 5.BPM/I 3.CIA PM PEL FT 0", "opm_codigo": "601053300" }, "geometry": { "type": "Point", "coordinates": [ -45.667181, -22.8248431 ] } },
{ "type": "Feature", "properties": { "id_comando": "CPI-1", "nome_comando": "1º Comando de Policiamento do Interior (CPI-1)", "nome_batalhao": "5º BPM/I", "tipo_batalhao": "Interior", "companhia": "3.CIA PM", "pelotao": "0", "grupo": "1.GP/PM", "cidade": "Sao Bento Do Sapucai", "endereco": "PRAÇA ADHEMAR PEREIRA BARROS, 85  1º GP DA 3ª CIA DO 5º BPM/I, SÃO BENTO DO SAPUCAÍ/SP - Sao Bento Do Sapucai", "latitude": -22.689161, "longitude": -45.7338435, "fonte_geocodificacao": "Google Geocoding API", "opm_nome": "1. GRUPO", "opm_descricao": "CPI-1 5.BPM/I 3.CIA PM 0 1.GP/PM", "opm_codigo": "601053001" }, "geometry": { "type": "Point", "coordinates": [ -45.7338435, -22.689161 ] } },
{ "type": "Feature", "properties": { "id_comando": "CPI-1", "nome_comando": "1º Comando de Policiamento do Interior (CPI-1)", "nome_batalhao": "5º BPM/I", "tipo_batalhao": "Interior", "companhia": "4.CIA PM", "pelotao": "2.PEL PM", "grupo": "0", "cidade": "Taubate", "endereco": "Avenida Independência, 247, Independência - Taubate", "latitude": -23.0367252, "longitude": -45.5742331, "fonte_geocodificacao": "Google Geocoding API", "opm_nome": "5.BPM/I 4.CIA PM 2.PEL PM", "opm_descricao": "CPI-1 5.BPM/I 4.CIA PM 2.PEL PM 0", "opm_codigo": "601054200" }, "geometry": { "type": "Point", "coordinates": [ -45.5742331, -23.0367252 ] } },
{ "type": "Feature", "properties": { "id_comando": "CPI-1", "nome_comando": "1º Comando de Policiamento do Interior (CPI-1)", "nome_batalhao": "5º BPM/I", "tipo_batalhao": "Interior", "companhia": "4.CIA PM", "pelotao": "ADM", "grupo": "0", "cidade": "Taubate", "endereco": "AVENIDA INDEPENDÊNCIA, 247, JARDIM INDEPENDÊNCIA - Taubate", "latitude": -23.0367252, "longitude": -45.5742331, "fonte_geocodificacao": "Google Geocoding API", "opm_nome": "ADMINISTRACAO", "opm_descricao": "CPI-1 5.BPM/I 4.CIA PM ADM 0", "opm_codigo": "601054400" }, "geometry": { "type": "Point", "coordinates": [ -45.5742331, -23.0367252 ] } },
{ "type": "Feature", "properties": { "id_comando": "CPI-1", "nome_comando": "1º Comando de Policiamento do Interior (CPI-1)", "nome_batalhao": "5º BPM/I", "tipo_batalhao": "Interior", "companhia": "5.CIA PM", "pelotao": "0", "grupo": "1.GP/PM", "cidade": "Lagoinha", "endereco": "PRAÇA AUGUSTO RIBEIRO, 120  1º GP DA 5ª CIA DO 5º BPM/I, CENTRO - Lagoinha", "latitude": -23.0889678, "longitude": -45.1904562, "fonte_geocodificacao": "Google Geocoding API", "opm_nome": "1. GRUPO", "opm_descricao": "CPI-1 5.BPM/I 5.CIA PM 0 1.GP/PM", "opm_codigo": "601055001" }, "geometry": { "type": "Point", "coordinates": [ -45.1904562, -23.0889678 ] } },
{ "type": "Feature", "properties": { "id_comando": "CPI-1", "nome_comando": "1º Comando de Policiamento do Interior (CPI-1)", "nome_batalhao": "5º BPM/I", "tipo_batalhao": "Interior", "companhia": "5.CIA PM", "pelotao": "0", "grupo": "2.GP/PM", "cidade": "Natividade Da Serra", "endereco": "RUA CORONEL LUIZ FERNANDES DA SILVA, 506, CENTRO - Natividade Da Serra", "latitude": -23.3789161, "longitude": -45.4441419, "fonte_geocodificacao": "Google Geocoding API", "opm_nome": "2. GRUPO", "opm_descricao": "CPI-1 5.BPM/I 5.CIA PM 0 2.GP/PM", "opm_codigo": "601055002" }, "geometry": { "type": "Point", "coordinates": [ -45.4441419, -23.3789161 ] } },
{ "type": "Feature", "properties": { "id_comando": "CPI-1", "nome_comando": "1º Comando de Policiamento do Interior (CPI-1)", "nome_batalhao": "5º BPM/I", "tipo_batalhao": "Interior", "companhia": "5.CIA PM", "pelotao": "0", "grupo": "3.GP/PM", "cidade": "Redencao Da Serra", "endereco": "AVENIDA XV DE NOVEMBRO, 495  3º GP DA 5ª CIA DO 5º BPM/I, CENTRO - Redencao Da Serra", "latitude": -23.2622085, "longitude": -45.5292636, "fonte_geocodificacao": "Google Geocoding API", "opm_nome": "3. GRUPO", "opm_descricao": "CPI-1 5.BPM/I 5.CIA PM 0 3.GP/PM", "opm_codigo": "601055003" }, "geometry": { "type": "Point", "coordinates": [ -45.5292636, -23.2622085 ] } },
{ "type": "Feature", "properties": { "id_comando": "CPI-1", "nome_comando": "1º Comando de Policiamento do Interior (CPI-1)", "nome_batalhao": "5º BPM/I", "tipo_batalhao": "Interior", "companhia": "5.CIA PM", "pelotao": "0", "grupo": "4.GP/PM", "cidade": "Sao Luiz Do Paraitinga", "endereco": "RUA DO CARVALHO, 2  4º GP DA 5ª CIA DO 5º BPM/I, PRAÇA OSVALDO CRUZ - Sao Luiz Do Paraitinga", "latitude": -23.2221237, "longitude": -45.3106341, "fonte_geocodificacao": "Google Geocoding API", "opm_nome": "4. GRUPO", "opm_descricao": "CPI-1 5.BPM/I 5.CIA PM 0 4.GP/PM", "opm_codigo": "601055004" }, "geometry": { "type": "Point", "coordinates": [ -45.3106341, -23.2221237 ] } },
{ "type": "Feature", "properties": { "id_comando": "CPI-1", "nome_comando": "1º Comando de Policiamento do Interior (CPI-1)", "nome_batalhao": "5º BPM/I", "tipo_batalhao": "Interior", "companhia": "5.CIA PM", "pelotao": "1.PEL PM", "grupo": "0", "cidade": "Taubate", "endereco": "AVENIDA OSWALDO ARANHA, 645, BOSQUE DA SAÚDE - Taubate", "latitude": -23.0265701, "longitude": -45.5400478, "fonte_geocodificacao": "Google Geocoding API", "opm_nome": "5.BPM/I 5.CIA PM 1.PEL PM", "opm_descricao": "CPI-1 5.BPM/I 5.CIA PM 1.PEL PM 0", "opm_codigo": "601055100" }, "geometry": { "type": "Point", "coordinates": [ -45.5400478, -23.0265701 ] } },
{ "type": "Feature", "properties": { "id_comando": "CPI-1", "nome_comando": "1º Comando de Policiamento do Interior (CPI-1)", "nome_batalhao": "5º BPM/I", "tipo_batalhao": "Interior", "companhia": "5.CIA PM", "pelotao": "ADM", "grupo": "0", "cidade": "Taubate", "endereco": "AVENIDA OSVALDO ARANHA, 645, IMACULADA CONCEICAO - Taubate", "latitude": -23.0265701, "longitude": -45.5400478, "fonte_geocodificacao": "Google Geocoding API", "opm_nome": "ADMINISTRACAO", "opm_descricao": "CPI-1 5.BPM/I 5.CIA PM ADM 0", "opm_codigo": "601055500" }, "geometry": { "type": "Point", "coordinates": [ -45.5400478, -23.0265701 ] } },
{ "type": "Feature", "properties": { "id_comando": "CPI-1", "nome_comando": "1º Comando de Policiamento do Interior (CPI-1)", "nome_batalhao": "5º BPM/I", "tipo_batalhao": "Interior", "companhia": "5.CIA PM", "pelotao": "3.PEL PM", "grupo": "0", "cidade": "Taubate", "endereco": "AVENIDA OSWALDO ARANHA, 645, PARQUE TRÊS MARIAS - Taubate", "latitude": -23.0265701, "longitude": -45.5400478, "fonte_geocodificacao": "Google Geocoding API", "opm_nome": "5.BPM/I 5.CIA PM 3.PEL PM", "opm_descricao": "CPI-1 5.BPM/I 5.CIA PM 3.PEL PM 0", "opm_codigo": "601055300" }, "geometry": { "type": "Point", "coordinates": [ -45.5400478, -23.0265701 ] } },
{ "type": "Feature", "properties": { "id_comando": "CPI-1", "nome_comando": "1º Comando de Policiamento do Interior (CPI-1)", "nome_batalhao": "5º BPM/I", "tipo_batalhao": "Interior", "companhia": "CIA F TAT", "pelotao": "ADM", "grupo": "0", "cidade": "Taubate", "endereco": "AVENIDA INDEPENDÊNCIA, 247, JARDIM INDEPENDÊNCIA - Taubate", "latitude": -23.0367252, "longitude": -45.5742331, "fonte_geocodificacao": "Google Geocoding API", "opm_nome": "ADMINISTRACAO", "opm_descricao": "CPI-1 5.BPM/I CIA F TAT ADM 0", "opm_codigo": "601056300" }, "geometry": { "type": "Point", "coordinates": [ -45.5742331, -23.0367252 ] } },
{ "type": "Feature", "properties": { "id_comando": "CPI-1", "nome_comando": "1º Comando de Policiamento do Interior (CPI-1)", "nome_batalhao": "5º BPM/I", "tipo_batalhao": "Interior", "companhia": "EM", "pelotao": "P/1 E P/5", "grupo": "0", "cidade": "Taubate", "endereco": "AVENIDA INDEPENDENCIA, 247  EM P/1 DO 5º BPM/I, INDEPENDENCIA - Taubate", "latitude": -23.0367252, "longitude": -45.5742331, "fonte_geocodificacao": "Google Geocoding API", "opm_nome": "P/1 E P/5", "opm_descricao": "CPI-1 5.BPM/I EM P/1 E P/5 0", "opm_codigo": "601058100" }, "geometry": { "type": "Point", "coordinates": [ -45.5742331, -23.0367252 ] } },
{ "type": "Feature", "properties": { "id_comando": "CPI-1", "nome_comando": "1º Comando de Policiamento do Interior (CPI-1)", "nome_batalhao": "5º BPM/I", "tipo_batalhao": "Interior", "companhia": "EM", "pelotao": "DIV OP", "grupo": "0", "cidade": "Taubate", "endereco": "AVENIDA INDEPENDENCIA, 247  EM P/3 DO 5º BPM/I, INDEPENDENCIA - Taubate", "latitude": -23.0367252, "longitude": -45.5742331, "fonte_geocodificacao": "Google Geocoding API", "opm_nome": "DVISAO OPERACIONAL", "opm_descricao": "CPI-1 5.BPM/I EM DIV OP 0", "opm_codigo": "601058300" }, "geometry": { "type": "Point", "coordinates": [ -45.5742331, -23.0367252 ] } },
{ "type": "Feature", "properties": { "id_comando": "CPI-1", "nome_comando": "1º Comando de Policiamento do Interior (CPI-1)", "nome_batalhao": "5º BPM/I", "tipo_batalhao": "Interior", "companhia": "EM", "pelotao": "P/4 MOTOME", "grupo": "0", "cidade": "Taubate", "endereco": "AVENIDA INDEPENDENCIA, 247  EM P/4 DO 5º BPM/I, INDEPENDENCIA - Taubate", "latitude": -23.0367252, "longitude": -45.5742331, "fonte_geocodificacao": "Google Geocoding API", "opm_nome": "P/4 E MOTOMEC", "opm_descricao": "CPI-1 5.BPM/I EM P/4 MOTOME 0", "opm_codigo": "601058400" }, "geometry": { "type": "Point", "coordinates": [ -45.5742331, -23.0367252 ] } },
{ "type": "Feature", "properties": { "id_comando": "CPI-1", "nome_comando": "1º Comando de Policiamento do Interior (CPI-1)", "nome_batalhao": "5º BPM/I", "tipo_batalhao": "Interior", "companhia": "EM", "pelotao": "P/5", "grupo": "0", "cidade": "Taubate", "endereco": "AVENIDA INDEPENDENCIA, 247  EM P/5 DO 5º BPM/I, INDEPENDENCIA - Taubate", "latitude": -23.0367252, "longitude": -45.5742331, "fonte_geocodificacao": "Google Geocoding API", "opm_nome": "P/5", "opm_descricao": "CPI-1 5.BPM/I EM P/5 0", "opm_codigo": "601058500" }, "geometry": { "type": "Point", "coordinates": [ -45.5742331, -23.0367252 ] } },
{ "type": "Feature", "properties": { "id_comando": "CPI-1", "nome_comando": "1º Comando de Policiamento do Interior (CPI-1)", "nome_batalhao": "5º BPM/I", "tipo_batalhao": "Interior", "companhia": "EM", "pelotao": "SEC PJMD", "grupo": "0", "cidade": "Taubate", "endereco": "AVENIDA INDEPENDENCIA, 247  EM SJD DO 5º BPM/I, INDEPENDENCIA - Taubate", "latitude": -23.0367252, "longitude": -45.5742331, "fonte_geocodificacao": "Google Geocoding API", "opm_nome": "SECAO POLICIA JUDICIARIA MILITAR E DISCIPLINAR", "opm_descricao": "CPI-1 5.BPM/I EM SEC PJMD 0", "opm_codigo": "601058600" }, "geometry": { "type": "Point", "coordinates": [ -45.5742331, -23.0367252 ] } },
{ "type": "Feature", "properties": { "id_comando": "CPI-1", "nome_comando": "1º Comando de Policiamento do Interior (CPI-1)", "nome_batalhao": "5º BPM/I", "tipo_batalhao": "Interior", "companhia": "EM", "pelotao": "MOTOMEC", "grupo": "0", "cidade": "Taubate", "endereco": "AVENIDA INDEPENDENCIA, 247  EM MOTOMEC DO 5º BPM/I, INDEPENDENCIA - Taubate", "latitude": -23.0367252, "longitude": -45.5742331, "fonte_geocodificacao": "Google Geocoding API", "opm_nome": "MOTOMECANIZACAO", "opm_descricao": "CPI-1 5.BPM/I EM MOTOMEC 0", "opm_codigo": "601058700" }, "geometry": { "type": "Point", "coordinates": [ -45.5742331, -23.0367252 ] } },
{ "type": "Feature", "properties": { "id_comando": "CPI-1", "nome_comando": "1º Comando de Policiamento do Interior (CPI-1)", "nome_batalhao": "5º BPM/I", "tipo_batalhao": "Interior", "companhia": "EM", "pelotao": "UIS MEDICA", "grupo": "0", "cidade": "Taubate", "endereco": "AVENIDA INDEPENDENCIA, 247  EM UIS MÉDICA DO 5º BPM/I, INDEPENDENCIA - Taubate", "latitude": -23.0367252, "longitude": -45.5742331, "fonte_geocodificacao": "Google Geocoding API", "opm_nome": "5.BPM/I EM UIS MEDICA", "opm_descricao": "CPI-1 5.BPM/I EM UIS MEDICA 0", "opm_codigo": "601058800" }, "geometry": { "type": "Point", "coordinates": [ -45.5742331, -23.0367252 ] } },
{ "type": "Feature", "properties": { "id_comando": "CPI-1", "nome_comando": "1º Comando de Policiamento do Interior (CPI-1)", "nome_batalhao": "5º BPM/I", "tipo_batalhao": "Interior", "companhia": "EM", "pelotao": "UIS ODONTO", "grupo": "0", "cidade": "Taubate", "endereco": "AVENIDA INDEPENDENCIA, 247  EM UIS ODONTO DO 5º BPM/I, INDEPENDENCIA - Taubate", "latitude": -23.0367252, "longitude": -45.5742331, "fonte_geocodificacao": "Google Geocoding API", "opm_nome": "5.BPM/I EM UIS ODONTO", "opm_descricao": "CPI-1 5.BPM/I EM UIS ODONTO 0", "opm_codigo": "601058900" }, "geometry": { "type": "Point", "coordinates": [ -45.5742331, -23.0367252 ] } },
{ "type": "Feature", "properties": { "id_comando": "CPI-1", "nome_comando": "1º Comando de Policiamento do Interior (CPI-1)", "nome_batalhao": "5º BPM/I", "tipo_batalhao": "Interior", "companhia": "EM", "pelotao": "UIS", "grupo": "GAB MEDICO", "cidade": "Taubate", "endereco": "AVENIDA INDEPENDÊNCIA, 247, JARDIM INDEPENDÊNCIA - Taubate", "latitude": -23.0367252, "longitude": -45.5742331, "fonte_geocodificacao": "Google Geocoding API", "opm_nome": "GABINETE MEDICO", "opm_descricao": "CPI-1 5.BPM/I EM UIS GAB MEDICO", "opm_codigo": "601058011" }, "geometry": { "type": "Point", "coordinates": [ -45.5742331, -23.0367252 ] } },
{ "type": "Feature", "properties": { "id_comando": "CPI-1", "nome_comando": "1º Comando de Policiamento do Interior (CPI-1)", "nome_batalhao": "5º BPM/I", "tipo_batalhao": "Interior", "companhia": "EM", "pelotao": "UIS", "grupo": "GAB ODONTO", "cidade": "Taubate", "endereco": "AVENIDA INDEPENDÊNCIA, 247, JARDIM INDEPENDÊNCIA - Taubate", "latitude": -23.0367252, "longitude": -45.5742331, "fonte_geocodificacao": "Google Geocoding API", "opm_nome": "GABINETE ODONTOLOGICO", "opm_descricao": "CPI-1 5.BPM/I EM UIS GAB ODONTO", "opm_codigo": "601058012" }, "geometry": { "type": "Point", "coordinates": [ -45.5742331, -23.0367252 ] } },
{ "type": "Feature", "properties": { "id_comando": "CPI-1", "nome_comando": "1º Comando de Policiamento do Interior (CPI-1)", "nome_batalhao": "5º BPM/I", "tipo_batalhao": "Interior", "companhia": "EM", "pelotao": "P/1 E P/5", "grupo": "GD QUARTEL", "cidade": "Taubate", "endereco": "AVENIDA INDEPENDÊNCIA, 247, JARDIM INDEPENDÊNCIA - Taubate", "latitude": -23.0367252, "longitude": -45.5742331, "fonte_geocodificacao": "Google Geocoding API", "opm_nome": "GUARDA DO QUARTEL", "opm_descricao": "CPI-1 5.BPM/I EM P/1 E P/5 GD QUARTEL", "opm_codigo": "601058130" }, "geometry": { "type": "Point", "coordinates": [ -45.5742331, -23.0367252 ] } },
{ "type": "Feature", "properties": { "id_comando": "CPI-1", "nome_comando": "1º Comando de Policiamento do Interior (CPI-1)", "nome_batalhao": "5º BPM/I", "tipo_batalhao": "Interior", "companhia": "EM", "pelotao": "DIV OP", "grupo": "CFP", "cidade": "Taubate", "endereco": "AVENIDA INDEPENDÊNCIA, 247, JARDIM INDEPENDÊNCIA - Taubate", "latitude": -23.0367252, "longitude": -45.5742331, "fonte_geocodificacao": "Google Geocoding API", "opm_nome": "COMANDO FORCA PATRULHA", "opm_descricao": "CPI-1 5.BPM/I EM DIV OP CFP", "opm_codigo": "601058310" }, "geometry": { "type": "Point", "coordinates": [ -45.5742331, -23.0367252 ] } },
{ "type": "Feature", "properties": { "id_comando": "CPI-1", "nome_comando": "1º Comando de Policiamento do Interior (CPI-1)", "nome_batalhao": "5º BPM/I", "tipo_batalhao": "Interior", "companhia": "EM", "pelotao": "P/4 MOTOME", "grupo": "TELECOM", "cidade": "Taubate", "endereco": "AVENIDA INDEPENDÊNCIA, 247, JARDIM INDEPENDÊNCIA - Taubate", "latitude": -23.0367252, "longitude": -45.5742331, "fonte_geocodificacao": "Google Geocoding API", "opm_nome": "TELECOMUNICACOES E TELEMATICA", "opm_descricao": "CPI-1 5.BPM/I EM P/4 MOTOME TELECOM", "opm_codigo": "601058410" }, "geometry": { "type": "Point", "coordinates": [ -45.5742331, -23.0367252 ] } },
{ "type": "Feature", "properties": { "id_comando": "CPI-10", "nome_comando": "10º Comando de Policiamento do Interior (CPI-10)", "nome_batalhao": "2º BPM/I", "tipo_batalhao": "Interior", "companhia": "1.CIA PM", "pelotao": "ADMINISTRACAO", "grupo": "0", "cidade": "Aracatuba", "endereco": "RUA VEREADOR SILVA GROTA, 664, AVIACAO - Aracatuba", "latitude": -21.196436, "longitude": -50.4339414, "fonte_geocodificacao": "Google Geocoding API", "opm_nome": "ADMINISTRACAO", "opm_descricao": "CPI-10 2.BPM/I 1.CIA PM ADMINISTRACAO 0", "opm_codigo": "610021300" }, "geometry": { "type": "Point", "coordinates": [ -50.433941399999988, -21.196436 ] } },
{ "type": "Feature", "properties": { "id_comando": "CPI-10", "nome_comando": "10º Comando de Policiamento do Interior (CPI-10)", "nome_batalhao": "2º BPM/I", "tipo_batalhao": "Interior", "companhia": "2.CIA PM", "pelotao": "", "grupo": "7.GP/PM", "cidade": "Alto Alegre", "endereco": "RUA MIGUEL RIVERA, 545, CENTRO - Alto Alegre", "latitude": -21.586572, "longitude": -50.1715128, "fonte_geocodificacao": "Google Geocoding API", "opm_nome": "7. GRUPO POLICIAL MILITAR", "opm_descricao": "CPI-10 2.BPM/I 2.CIA PM 7.GP/PM", "opm_codigo": "610022007" }, "geometry": { "type": "Point", "coordinates": [ -50.1715128, -21.586572 ] } },
{ "type": "Feature", "properties": { "id_comando": "CPI-10", "nome_comando": "10º Comando de Policiamento do Interior (CPI-10)", "nome_batalhao": "2º BPM/I", "tipo_batalhao": "Interior", "companhia": "2.CIA PM", "pelotao": "", "grupo": "8. GP/PM", "cidade": "Avanhandava", "endereco": "PRAÇA DA BANDEIRA, 78, CENTRO - Avanhandava", "latitude": -21.4637691, "longitude": -49.9478717, "fonte_geocodificacao": "Google Geocoding API", "opm_nome": "8. GRUPO POLICIAL MILITAR", "opm_descricao": "CPI-10 2.BPM/I 2.CIA PM 8. GP/PM", "opm_codigo": "610022008" }, "geometry": { "type": "Point", "coordinates": [ -49.9478717, -21.4637691 ] } },
{ "type": "Feature", "properties": { "id_comando": "CPI-10", "nome_comando": "10º Comando de Policiamento do Interior (CPI-10)", "nome_batalhao": "2º BPM/I", "tipo_batalhao": "Interior", "companhia": "2.CIA PM", "pelotao": "", "grupo": "6.GP/PM", "cidade": "Barbosa", "endereco": "RUA SETE DE SETEMBRO, 867, CENTRO - Barbosa", "latitude": -21.2640217, "longitude": -49.9510999, "fonte_geocodificacao": "Google Geocoding API", "opm_nome": "6. GRUPO POLICIAL MILITAR", "opm_descricao": "CPI-10 2.BPM/I 2.CIA PM 6.GP/PM", "opm_codigo": "610022006" }, "geometry": { "type": "Point", "coordinates": [ -49.9510999, -21.2640217 ] } },
{ "type": "Feature", "properties": { "id_comando": "CPI-10", "nome_comando": "10º Comando de Policiamento do Interior (CPI-10)", "nome_batalhao": "2º BPM/I", "tipo_batalhao": "Interior", "companhia": "2.CIA PM", "pelotao": "", "grupo": "3.GP/PM", "cidade": "Brauna", "endereco": "RUA FLORIANO PEIXOTO, 520, VILA NOVA - Brauna", "latitude": -21.5006583, "longitude": -50.3186959, "fonte_geocodificacao": "Google Geocoding API", "opm_nome": "3. GRUPO POLICIAL MILITAR", "opm_descricao": "CPI-10 2.BPM/I 2.CIA PM 3.GP/PM", "opm_codigo": "610022003" }, "geometry": { "type": "Point", "coordinates": [ -50.3186959, -21.5006583 ] } },
{ "type": "Feature", "properties": { "id_comando": "CPI-10", "nome_comando": "10º Comando de Policiamento do Interior (CPI-10)", "nome_batalhao": "2º BPM/I", "tipo_batalhao": "Interior", "companhia": "2.CIA PM", "pelotao": "", "grupo": "5.GP/PM", "cidade": "Clementina", "endereco": "RUA BAHIA, 36, CENTRO - Clementina", "latitude": -21.558025, "longitude": -50.4489762, "fonte_geocodificacao": "Google Geocoding API", "opm_nome": "5. GRUPO POLICIAL MILITAR", "opm_descricao": "CPI-10 2.BPM/I 2.CIA PM 5.GP/PM", "opm_codigo": "610022005" }, "geometry": { "type": "Point", "coordinates": [ -50.4489762, -21.558025 ] } },
{ "type": "Feature", "properties": { "id_comando": "CPI-10", "nome_comando": "10º Comando de Policiamento do Interior (CPI-10)", "nome_batalhao": "2º BPM/I", "tipo_batalhao": "Interior", "companhia": "2.CIA PM", "pelotao": "", "grupo": "4.GP/PM", "cidade": "Glicerio", "endereco": "RUA PREFE, 510, CENTRO - Glicerio", "latitude": -21.3801752, "longitude": -50.2087582, "fonte_geocodificacao": "Google Geocoding API", "opm_nome": "4. GRUPO POLICIAL MILITAR", "opm_descricao": "CPI-10 2.BPM/I 2.CIA PM 4.GP/PM", "opm_codigo": "610022004" }, "geometry": { "type": "Point", "coordinates": [ -50.208758200000013, -21.3801752 ] } },
{ "type": "Feature", "properties": { "id_comando": "CPI-10", "nome_comando": "10º Comando de Policiamento do Interior (CPI-10)", "nome_batalhao": "2º BPM/I", "tipo_batalhao": "Interior", "companhia": "2.CIA PM", "pelotao": "", "grupo": "2.GP/PM", "cidade": "Luiziania", "endereco": "AVENIDA PADRE ANCHIETA, 212, CENTRO - Luiziania", "latitude": -21.6748313, "longitude": -50.3251303, "fonte_geocodificacao": "Google Geocoding API", "opm_nome": "2. GRUPO POLICIAL MILITAR", "opm_descricao": "CPI-10 2.BPM/I 2.CIA PM 2.GP/PM", "opm_codigo": "610022002" }, "geometry": { "type": "Point", "coordinates": [ -50.3251303, -21.6748313 ] } },
{ "type": "Feature", "properties": { "id_comando": "CPI-10", "nome_comando": "10º Comando de Policiamento do Interior (CPI-10)", "nome_batalhao": "2º BPM/I", "tipo_batalhao": "Interior", "companhia": "2.CIA PM", "pelotao": "PEL PM", "grupo": "0", "cidade": "Penapolis", "endereco": "RUA NAIN EID, 31, JARDIM IPE - Penapolis", "latitude": -21.4137579, "longitude": -50.0846634, "fonte_geocodificacao": "Google Geocoding API", "opm_nome": "2.BPM/I - PEL PM", "opm_descricao": "CPI-10 2.BPM/I 2.CIA PM PEL PM 0", "opm_codigo": "610022200" }, "geometry": { "type": "Point", "coordinates": [ -50.0846634, -21.4137579 ] } },
{ "type": "Feature", "properties": { "id_comando": "CPI-10", "nome_comando": "10º Comando de Policiamento do Interior (CPI-10)", "nome_batalhao": "2º BPM/I", "tipo_batalhao": "Interior", "companhia": "2.CIA PM", "pelotao": "ADMINISTRACAO", "grupo": "0", "cidade": "Penapolis", "endereco": "RUA NAIN EID, 31, JARDIM IPE - Penapolis", "latitude": -21.4137579, "longitude": -50.0846634, "fonte_geocodificacao": "Google Geocoding API", "opm_nome": "ADMINISTRACAO", "opm_descricao": "CPI-10 2.BPM/I 2.CIA PM ADMINISTRACAO 0", "opm_codigo": "610022300" }, "geometry": { "type": "Point", "coordinates": [ -50.0846634, -21.4137579 ] } },
{ "type": "Feature", "properties": { "id_comando": "CPI-10", "nome_comando": "10º Comando de Policiamento do Interior (CPI-10)", "nome_batalhao": "2º BPM/I", "tipo_batalhao": "Interior", "companhia": "2.CIA PM", "pelotao": "", "grupo": "1.GP/PM", "cidade": "Santopolis Do Aguapei", "endereco": "RUA TEOLINO JOSÉ CORREIA, 410, CENTRO - Santopolis Do Aguapei", "latitude": -21.6374428, "longitude": -50.5022534, "fonte_geocodificacao": "Google Geocoding API", "opm_nome": "1. GRUPO POLICIAL MILITAR", "opm_descricao": "CPI-10 2.BPM/I 2.CIA PM 1.GP/PM", "opm_codigo": "610022001" }, "geometry": { "type": "Point", "coordinates": [ -50.5022534, -21.6374428 ] } },
{ "type": "Feature", "properties": { "id_comando": "CPI-10", "nome_comando": "10º Comando de Policiamento do Interior (CPI-10)", "nome_batalhao": "2º BPM/I", "tipo_batalhao": "Interior", "companhia": "3.CIA PM", "pelotao": "0", "grupo": "7.GP/PM", "cidade": "Auriflama", "endereco": "RUA NATAL MATEUS, 6043, JARDIM ALVORADA - Auriflama", "latitude": -20.6808448, "longitude": -50.5483629, "fonte_geocodificacao": "Google Geocoding API", "opm_nome": "7. GRUPO POLICIAL MILITAR", "opm_descricao": "CPI-10 2.BPM/I 3.CIA PM 0 7.GP/PM", "opm_codigo": "610023007" }, "geometry": { "type": "Point", "coordinates": [ -50.5483629, -20.6808448 ] } },
{ "type": "Feature", "properties": { "id_comando": "CPI-10", "nome_comando": "10º Comando de Policiamento do Interior (CPI-10)", "nome_batalhao": "2º BPM/I", "tipo_batalhao": "Interior", "companhia": "3.CIA PM", "pelotao": "", "grupo": "2.GP/PM", "cidade": "Gastao Vidigal", "endereco": "RUA JOSÉ DE OLIVEIRA MARQUES, 265, CENTRO - Gastao Vidigal", "latitude": -20.7986222, "longitude": -50.1886893, "fonte_geocodificacao": "Google Geocoding API", "opm_nome": "2. GRUPO POLICIAL MILITAR", "opm_descricao": "CPI-10 2.BPM/I 3.CIA PM 2.GP/PM", "opm_codigo": "610023002" }, "geometry": { "type": "Point", "coordinates": [ -50.1886893, -20.7986222 ] } },
{ "type": "Feature", "properties": { "id_comando": "CPI-10", "nome_comando": "10º Comando de Policiamento do Interior (CPI-10)", "nome_batalhao": "2º BPM/I", "tipo_batalhao": "Interior", "companhia": "3.CIA PM", "pelotao": "2.PEL PM", "grupo": "0", "cidade": "General Salgado", "endereco": "RUA ULDERICO VALESE, 800, CENTRO - General Salgado", "latitude": -20.6454833, "longitude": -50.3642271, "fonte_geocodificacao": "Google Geocoding API", "opm_nome": "2.BPM/I 3.CIA PM 2.PEL PM", "opm_descricao": "CPI-10 2.BPM/I 3.CIA PM 2.PEL PM 0", "opm_codigo": "610023200" }, "geometry": { "type": "Point", "coordinates": [ -50.3642271, -20.6454833 ] } },
{ "type": "Feature", "properties": { "id_comando": "CPI-10", "nome_comando": "10º Comando de Policiamento do Interior (CPI-10)", "nome_batalhao": "2º BPM/I", "tipo_batalhao": "Interior", "companhia": "3.CIA PM", "pelotao": "ADMINISTRACAO", "grupo": "0", "cidade": "General Salgado", "endereco": "RUA ULDERICO VALESSE, 800, CENTRO - General Salgado", "latitude": -20.6480137, "longitude": -50.3651047, "fonte_geocodificacao": "Google Geocoding API", "opm_nome": "ADMINISTRACAO", "opm_descricao": "CPI-10 2.BPM/I 3.CIA PM ADMINISTRACAO 0", "opm_codigo": "610023300" }, "geometry": { "type": "Point", "coordinates": [ -50.3651047, -20.6480137 ] } },
{ "type": "Feature", "properties": { "id_comando": "CPI-10", "nome_comando": "10º Comando de Policiamento do Interior (CPI-10)", "nome_batalhao": "2º BPM/I", "tipo_batalhao": "Interior", "companhia": "3.CIA PM", "pelotao": "", "grupo": "3.GP/PM", "cidade": "Guzolandia", "endereco": "RUA AUGUSTO DONEGAR, 476, CENTRO - Guzolandia", "latitude": -20.6510849, "longitude": -50.6643391, "fonte_geocodificacao": "Google Geocoding API", "opm_nome": "3. GRUPO POLICIAL MILITAR", "opm_descricao": "CPI-10 2.BPM/I 3.CIA PM 3.GP/PM", "opm_codigo": "610023003" }, "geometry": { "type": "Point", "coordinates": [ -50.6643391, -20.6510849 ] } },
{ "type": "Feature", "properties": { "id_comando": "CPI-10", "nome_comando": "10º Comando de Policiamento do Interior (CPI-10)", "nome_batalhao": "2º BPM/I", "tipo_batalhao": "Interior", "companhia": "3.CIA PM", "pelotao": "", "grupo": "6.GP/PM", "cidade": "Nova Castilho", "endereco": "RUA EUCLÍDES CUNHA, 196, CENTRO - Nova Castilho", "latitude": -20.7629605, "longitude": -50.3424462, "fonte_geocodificacao": "Google Geocoding API", "opm_nome": "6. GRUPO POLICIAL MILITAR", "opm_descricao": "CPI-10 2.BPM/I 3.CIA PM 6.GP/PM", "opm_codigo": "610023006" }, "geometry": { "type": "Point", "coordinates": [ -50.3424462, -20.7629605 ] } },
{ "type": "Feature", "properties": { "id_comando": "CPI-10", "nome_comando": "10º Comando de Policiamento do Interior (CPI-10)", "nome_batalhao": "2º BPM/I", "tipo_batalhao": "Interior", "companhia": "3.CIA PM", "pelotao": "", "grupo": "1.GP/PM", "cidade": "Nova Luzitania", "endereco": "RUA PEDRO PEREIRA DIAS, 1871, BELA VISTA - Nova Luzitania", "latitude": -20.8571799, "longitude": -50.2625909, "fonte_geocodificacao": "Google Geocoding API", "opm_nome": "1. GRUPO POLICIAL MILITAR", "opm_descricao": "CPI-10 2.BPM/I 3.CIA PM 1.GP/PM", "opm_codigo": "610023001" }, "geometry": { "type": "Point", "coordinates": [ -50.2625909, -20.8571799 ] } },
{ "type": "Feature", "properties": { "id_comando": "CPI-10", "nome_comando": "10º Comando de Policiamento do Interior (CPI-10)", "nome_batalhao": "2º BPM/I", "tipo_batalhao": "Interior", "companhia": "3.CIA PM", "pelotao": "", "grupo": "5.GP/PM", "cidade": "Santo Antonio Do Aracangua", "endereco": "RUA THOMAZ MENDONÇA, 259, CENTRO - Santo Antonio Do Aracangua", "latitude": -20.9349555, "longitude": -50.4968413, "fonte_geocodificacao": "Google Geocoding API", "opm_nome": "5. GRUPO POLICIAL MILITAR", "opm_descricao": "CPI-10 2.BPM/I 3.CIA PM 5.GP/PM", "opm_codigo": "610023005" }, "geometry": { "type": "Point", "coordinates": [ -50.4968413, -20.9349555 ] } },
{ "type": "Feature", "properties": { "id_comando": "CPI-10", "nome_comando": "10º Comando de Policiamento do Interior (CPI-10)", "nome_batalhao": "2º BPM/I", "tipo_batalhao": "Interior", "companhia": "3.CIA PM", "pelotao": "", "grupo": "4.GP/PM", "cidade": "Sao Joao De Iracema", "endereco": "RUA SEBASTIAO BATISTA DOS SANTOS, 480, CENTRO - Sao Joao De Iracema", "latitude": -20.5133041, "longitude": -50.3531549, "fonte_geocodificacao": "Google Geocoding API", "opm_nome": "4. GRUPO POLICIAL MILITAR", "opm_descricao": "CPI-10 2.BPM/I 3.CIA PM 4.GP/PM", "opm_codigo": "610023004" }, "geometry": { "type": "Point", "coordinates": [ -50.3531549, -20.5133041 ] } },
{ "type": "Feature", "properties": { "id_comando": "CPI-10", "nome_comando": "10º Comando de Policiamento do Interior (CPI-10)", "nome_batalhao": "2º BPM/I", "tipo_batalhao": "Interior", "companhia": "4.CIA PM", "pelotao": "0", "grupo": "7.GP/PM", "cidade": "Bilac", "endereco": "RUA MARECHAL DEODORO DA FONSECA, 1001, CENTRO - Bilac", "latitude": -21.4038743, "longitude": -50.4782936, "fonte_geocodificacao": "Google Geocoding API", "opm_nome": "7. GRUPO POLICIAL MILITAR", "opm_descricao": "CPI-10 2.BPM/I 4.CIA PM 0 7.GP/PM", "opm_codigo": "610024007" }, "geometry": { "type": "Point", "coordinates": [ -50.4782936, -21.4038743 ] } },
{ "type": "Feature", "properties": { "id_comando": "CPI-10", "nome_comando": "10º Comando de Policiamento do Interior (CPI-10)", "nome_batalhao": "2º BPM/I", "tipo_batalhao": "Interior", "companhia": "4.CIA PM", "pelotao": "1.PEL PM", "grupo": "0", "cidade": "Birigui", "endereco": "RUA ANCHIETA, 857, VILA ANGELICA - Birigui", "latitude": -21.304036, "longitude": -50.3447966, "fonte_geocodificacao": "Google Geocoding API", "opm_nome": "2.BPM/I 4.CIA PM 1.PEL PM", "opm_descricao": "CPI-10 2.BPM/I 4.CIA PM 1.PEL PM 0", "opm_codigo": "610024100" }, "geometry": { "type": "Point", "coordinates": [ -50.3447966, -21.304036 ] } },
{ "type": "Feature", "properties": { "id_comando": "CPI-10", "nome_comando": "10º Comando de Policiamento do Interior (CPI-10)", "nome_batalhao": "2º BPM/I", "tipo_batalhao": "Interior", "companhia": "4.CIA PM", "pelotao": "2.PEL PM", "grupo": "0", "cidade": "Birigui", "endereco": "RUA ANCHIETA, 857, VILA ANGELICA - Birigui", "latitude": -21.304036, "longitude": -50.3447966, "fonte_geocodificacao": "Google Geocoding API", "opm_nome": "2.BPM/I 4.CIA PM 2.PEL PM", "opm_descricao": "CPI-10 2.BPM/I 4.CIA PM 2.PEL PM 0", "opm_codigo": "610024200" }, "geometry": { "type": "Point", "coordinates": [ -50.3447966, -21.304036 ] } },
{ "type": "Feature", "properties": { "id_comando": "CPI-10", "nome_comando": "10º Comando de Policiamento do Interior (CPI-10)", "nome_batalhao": "2º BPM/I", "tipo_batalhao": "Interior", "companhia": "4.CIA PM", "pelotao": "3.PEL PM", "grupo": "0", "cidade": "Birigui", "endereco": "RUA ANCHIETA, 857, VILA ANGELICA - Birigui", "latitude": -21.304036, "longitude": -50.3447966, "fonte_geocodificacao": "Google Geocoding API", "opm_nome": "2.BPM/I 4.CIA PM 3.PEL PM", "opm_descricao": "CPI-10 2.BPM/I 4.CIA PM 3.PEL PM 0", "opm_codigo": "610024300" }, "geometry": { "type": "Point", "coordinates": [ -50.3447966, -21.304036 ] } },
{ "type": "Feature", "properties": { "id_comando": "CPI-10", "nome_comando": "10º Comando de Policiamento do Interior (CPI-10)", "nome_batalhao": "2º BPM/I", "tipo_batalhao": "Interior", "companhia": "4.CIA PM", "pelotao": "ADMINISTRACAO", "grupo": "0", "cidade": "Birigui", "endereco": "RUA ANCHIETA, 857, VILA ANGELICA - Birigui", "latitude": -21.304036, "longitude": -50.3447966, "fonte_geocodificacao": "Google Geocoding API", "opm_nome": "ADMINISTRACAO", "opm_descricao": "CPI-10 2.BPM/I 4.CIA PM ADMINISTRACAO 0", "opm_codigo": "610024500" }, "geometry": { "type": "Point", "coordinates": [ -50.3447966, -21.304036 ] } },
{ "type": "Feature", "properties": { "id_comando": "CPI-10", "nome_comando": "10º Comando de Policiamento do Interior (CPI-10)", "nome_batalhao": "2º BPM/I", "tipo_batalhao": "Interior", "companhia": "4.CIA PM", "pelotao": "", "grupo": "6.GP/PM", "cidade": "Brejo Alegre", "endereco": "Avenida Pedro de Paula Castilho, 1030, CENTRO - Brejo Alegre", "latitude": -21.1672386, "longitude": -50.1855885, "fonte_geocodificacao": "Google Geocoding API", "opm_nome": "6. GRUPO POLICIAL MILITAR", "opm_descricao": "CPI-10 2.BPM/I 4.CIA PM 6.GP/PM", "opm_codigo": "610024006" }, "geometry": { "type": "Point", "coordinates": [ -50.185588499999987, -21.1672386 ] } },
{ "type": "Feature", "properties": { "id_comando": "CPI-10", "nome_comando": "10º Comando de Policiamento do Interior (CPI-10)", "nome_batalhao": "2º BPM/I", "tipo_batalhao": "Interior", "companhia": "4.CIA PM", "pelotao": "0", "grupo": "8.GP/PM", "cidade": "Buritama", "endereco": "RUA MARIA FLORINDA, 1142, CENTRO - Buritama", "latitude": -21.0696785, "longitude": -50.142156, "fonte_geocodificacao": "Google Geocoding API", "opm_nome": "8. GRUPO POLICIAL MILITAR", "opm_descricao": "CPI-10 2.BPM/I 4.CIA PM 0 8.GP/PM", "opm_codigo": "610024008" }, "geometry": { "type": "Point", "coordinates": [ -50.142156, -21.0696785 ] } },
{ "type": "Feature", "properties": { "id_comando": "CPI-10", "nome_comando": "10º Comando de Policiamento do Interior (CPI-10)", "nome_batalhao": "2º BPM/I", "tipo_batalhao": "Interior", "companhia": "4.CIA PM", "pelotao": "", "grupo": "4.GP/PM", "cidade": "Coroados", "endereco": "RUA TREZE DE MAIO, 19, CENTRO - Coroados", "latitude": -21.3584822, "longitude": -50.2874472, "fonte_geocodificacao": "Google Geocoding API", "opm_nome": "4. GRUPO POLICIAL MILITAR", "opm_descricao": "CPI-10 2.BPM/I 4.CIA PM 4.GP/PM", "opm_codigo": "610024004" }, "geometry": { "type": "Point", "coordinates": [ -50.2874472, -21.3584822 ] } },
{ "type": "Feature", "properties": { "id_comando": "CPI-10", "nome_comando": "10º Comando de Policiamento do Interior (CPI-10)", "nome_batalhao": "2º BPM/I", "tipo_batalhao": "Interior", "companhia": "4.CIA PM", "pelotao": "", "grupo": "1.GP/PM", "cidade": "Lourdes", "endereco": "RUA CINCO DE MARÇO, 4, NOVO MILÊNIO - Lourdes", "latitude": -20.9639026, "longitude": -50.2254147, "fonte_geocodificacao": "Google Geocoding API", "opm_nome": "1. GRUPO POLICIAL MILITAR", "opm_descricao": "CPI-10 2.BPM/I 4.CIA PM 1.GP/PM", "opm_codigo": "610024001" }, "geometry": { "type": "Point", "coordinates": [ -50.225414699999988, -20.9639026 ] } },
{ "type": "Feature", "properties": { "id_comando": "CPI-10", "nome_comando": "10º Comando de Policiamento do Interior (CPI-10)", "nome_batalhao": "2º BPM/I", "tipo_batalhao": "Interior", "companhia": "4.CIA PM", "pelotao": "", "grupo": "2.GP/PM", "cidade": "Piacatu", "endereco": "ACESSO AVENIDA PADRE TIAGO JACUJUS BUNER, 1195, CENTRO - Piacatu", "latitude": -21.5255498, "longitude": -50.5518955, "fonte_geocodificacao": "Google Geocoding API", "opm_nome": "2. GRUPO POLICIAL MILITAR", "opm_descricao": "CPI-10 2.BPM/I 4.CIA PM 2.GP/PM", "opm_codigo": "610024002" }, "geometry": { "type": "Point", "coordinates": [ -50.5518955, -21.5255498 ] } },
{ "type": "Feature", "properties": { "id_comando": "CPI-10", "nome_comando": "10º Comando de Policiamento do Interior (CPI-10)", "nome_batalhao": "2º BPM/I", "tipo_batalhao": "Interior", "companhia": "4.CIA PM", "pelotao": "", "grupo": "3.GP/PM", "cidade": "Piacatu", "endereco": "RUA DOMINGOS PESTANA GARCEZ, 931, CENTRO - Piacatu", "latitude": -21.587525, "longitude": -50.5962198, "fonte_geocodificacao": "Google Geocoding API", "opm_nome": "3. GRUPO POLICIAL MILITAR", "opm_descricao": "CPI-10 2.BPM/I 4.CIA PM 3.GP/PM", "opm_codigo": "610024003" }, "geometry": { "type": "Point", "coordinates": [ -50.5962198, -21.587525 ] } },
{ "type": "Feature", "properties": { "id_comando": "CPI-10", "nome_comando": "10º Comando de Policiamento do Interior (CPI-10)", "nome_batalhao": "2º BPM/I", "tipo_batalhao": "Interior", "companhia": "4.CIA PM", "pelotao": "", "grupo": "5.GP/PM", "cidade": "Turiuba", "endereco": "RUA BELIZÁRIO GOULART DOS SANTOS, 480, CENTRO - Turiuba", "latitude": -20.9485921, "longitude": -50.1077711, "fonte_geocodificacao": "Google Geocoding API", "opm_nome": "5. GRUPO POLICIAL MILITAR", "opm_descricao": "CPI-10 2.BPM/I 4.CIA PM 5.GP/PM", "opm_codigo": "610024005" }, "geometry": { "type": "Point", "coordinates": [ -50.1077711, -20.9485921 ] } },
{ "type": "Feature", "properties": { "id_comando": "CPI-10", "nome_comando": "10º Comando de Policiamento do Interior (CPI-10)", "nome_batalhao": "2º BPM/I", "tipo_batalhao": "Interior", "companhia": "5.CIA PM", "pelotao": "", "grupo": "2.GP/PM", "cidade": "Bento De Abreu", "endereco": "RUA JOÃO BELMIRO DE BRITO, 202, CENTRO - Bento De Abreu", "latitude": -21.2684357, "longitude": -50.8116276, "fonte_geocodificacao": "Google Geocoding API", "opm_nome": "2. GRUPO POLICIAL MILITAR", "opm_descricao": "CPI-10 2.BPM/I 5.CIA PM 2.GP/PM", "opm_codigo": "610025002" }, "geometry": { "type": "Point", "coordinates": [ -50.811627599999987, -21.2684357 ] } },
{ "type": "Feature", "properties": { "id_comando": "CPI-10", "nome_comando": "10º Comando de Policiamento do Interior (CPI-10)", "nome_batalhao": "2º BPM/I", "tipo_batalhao": "Interior", "companhia": "5.CIA PM", "pelotao": "PEL PM", "grupo": "0", "cidade": "Guararapes", "endereco": "RUA DUQUE DE CAXIAS, 1000, CENTRO - Guararapes", "latitude": -21.2480495, "longitude": -50.6415669, "fonte_geocodificacao": "Google Geocoding API", "opm_nome": "PELOTAO POLICIAL MILITAR", "opm_descricao": "CPI-10 2.BPM/I 5.CIA PM PEL PM 0", "opm_codigo": "610025200" }, "geometry": { "type": "Point", "coordinates": [ -50.6415669, -21.2480495 ] } },
{ "type": "Feature", "properties": { "id_comando": "CPI-10", "nome_comando": "10º Comando de Policiamento do Interior (CPI-10)", "nome_batalhao": "2º BPM/I", "tipo_batalhao": "Interior", "companhia": "5.CIA PM", "pelotao": "ADMINISTRACAO", "grupo": "0", "cidade": "Guararapes", "endereco": "RUA DUQUE DE CAXIAS, 1000, CENTRO - Guararapes", "latitude": -21.2480495, "longitude": -50.6415669, "fonte_geocodificacao": "Google Geocoding API", "opm_nome": "ADMINISTRACAO", "opm_descricao": "CPI-10 2.BPM/I 5.CIA PM ADMINISTRACAO 0", "opm_codigo": "610025300" }, "geometry": { "type": "Point", "coordinates": [ -50.6415669, -21.2480495 ] } },
{ "type": "Feature", "properties": { "id_comando": "CPI-10", "nome_comando": "10º Comando de Policiamento do Interior (CPI-10)", "nome_batalhao": "2º BPM/I", "tipo_batalhao": "Interior", "companhia": "5.CIA PM", "pelotao": "", "grupo": "1.GP/PM", "cidade": "Rubiacea", "endereco": "RUA MINISTRO KONDER, 112, CENTRO - Rubiacea", "latitude": -21.360886192612892, "longitude": -50.785822536302781, "fonte_geocodificacao": "Centroide do município-sede (geocodificação rejeitada: fora dos limites do município)", "opm_nome": "1. GRUPO POLICIAL MILITAR", "opm_descricao": "CPI-10 2.BPM/I 5.CIA PM 1.GP/PM", "opm_codigo": "610025001" }, "geometry": { "type": "Point", "coordinates": [ -50.785822536302781, -21.360886192612892 ] } },
{ "type": "Feature", "properties": { "id_comando": "CPI-10", "nome_comando": "10º Comando de Policiamento do Interior (CPI-10)", "nome_batalhao": "2º BPM/I", "tipo_batalhao": "Interior", "companhia": "CIA F TAT", "pelotao": "ADMINISTRACAO", "grupo": "0", "cidade": "Aracatuba", "endereco": "RUA TENENTE ALCIDES THEODORO DOS SANTOS, 345, AVIACAO - Aracatuba", "latitude": -21.1959122, "longitude": -50.4297718, "fonte_geocodificacao": "Google Geocoding API", "opm_nome": "ADMINISTRACAO", "opm_descricao": "CPI-10 2.BPM/I CIA F TAT ADMINISTRACAO 0", "opm_codigo": "610028200" }, "geometry": { "type": "Point", "coordinates": [ -50.4297718, -21.1959122 ] } },
{ "type": "Feature", "properties": { "id_comando": "CPI-10", "nome_comando": "10º Comando de Policiamento do Interior (CPI-10)", "nome_batalhao": "2º BPM/I", "tipo_batalhao": "Interior", "companhia": "CIA F TAT", "pelotao": "", "grupo": "GP/PM - CANIL", "cidade": "Aracatuba", "endereco": "RUA CAPITAO ALBERTO MENDES JUNIOR, 238, AVIAÇÃO - Aracatuba", "latitude": -21.1959925, "longitude": -50.4320202, "fonte_geocodificacao": "Google Geocoding API", "opm_nome": "2.BPM/I - GP CANIL", "opm_descricao": "CPI-10 2.BPM/I CIA F TAT GP/PM - CANIL", "opm_codigo": "610028001" }, "geometry": { "type": "Point", "coordinates": [ -50.4320202, -21.1959925 ] } },
{ "type": "Feature", "properties": { "id_comando": "CPI-10", "nome_comando": "10º Comando de Policiamento do Interior (CPI-10)", "nome_batalhao": "2º BPM/I", "tipo_batalhao": "Interior", "companhia": "COORD OP", "pelotao": "0", "grupo": "0", "cidade": "Aracatuba", "endereco": "RUA CAPITAO ALBERTO MENDES JUNIOR, 238, AVIACAO - Aracatuba", "latitude": -21.1959925, "longitude": -50.4320202, "fonte_geocodificacao": "Google Geocoding API", "opm_nome": "COORDENADORIA OPERACIONAL", "opm_descricao": "CPI-10 2.BPM/I COORD OP 0 0", "opm_codigo": "610027000" }, "geometry": { "type": "Point", "coordinates": [ -50.4320202, -21.1959925 ] } },
{ "type": "Feature", "properties": { "id_comando": "CPI-10", "nome_comando": "10º Comando de Policiamento do Interior (CPI-10)", "nome_batalhao": "2º BPM/I", "tipo_batalhao": "Interior", "companhia": "EM", "pelotao": "P/2", "grupo": "0", "cidade": "Aracatuba", "endereco": "RUA CAPITAO ALBERTO MENDES JUNIOR, 238, AVIACAO - Aracatuba", "latitude": -21.1959925, "longitude": -50.4320202, "fonte_geocodificacao": "Google Geocoding API", "opm_nome": "P/2", "opm_descricao": "CPI-10 2.BPM/I EM P/2 0", "opm_codigo": "610029200" }, "geometry": { "type": "Point", "coordinates": [ -50.4320202, -21.1959925 ] } },
{ "type": "Feature", "properties": { "id_comando": "CPI-10", "nome_comando": "10º Comando de Policiamento do Interior (CPI-10)", "nome_batalhao": "2º BPM/I", "tipo_batalhao": "Interior", "companhia": "EM", "pelotao": "P/3", "grupo": "CFP", "cidade": "Aracatuba", "endereco": "RUA CAPITAO ALBERTO MENDES JUNIOR, 238, AVIAÇÃO - Aracatuba", "latitude": -21.1959925, "longitude": -50.4320202, "fonte_geocodificacao": "Google Geocoding API", "opm_nome": "COMANDO FORCA PATRULHA", "opm_descricao": "CPI-10 2.BPM/I EM P/3 CFP", "opm_codigo": "610029310" }, "geometry": { "type": "Point", "coordinates": [ -50.4320202, -21.1959925 ] } },
{ "type": "Feature", "properties": { "id_comando": "CPI-10", "nome_comando": "10º Comando de Policiamento do Interior (CPI-10)", "nome_batalhao": "2º BPM/I", "tipo_batalhao": "Interior", "companhia": "EM", "pelotao": "P/4", "grupo": "0", "cidade": "Aracatuba", "endereco": "RUA CAPITAO ALBERTO MENDES JUNIOR, 238, AVIAÇÃO - Aracatuba", "latitude": -21.1959925, "longitude": -50.4320202, "fonte_geocodificacao": "Google Geocoding API", "opm_nome": "P/4", "opm_descricao": "CPI-10 2.BPM/I EM P/4 0", "opm_codigo": "610029400" }, "geometry": { "type": "Point", "coordinates": [ -50.4320202, -21.1959925 ] } },
{ "type": "Feature", "properties": { "id_comando": "CPI-10", "nome_comando": "10º Comando de Policiamento do Interior (CPI-10)", "nome_batalhao": "2º BPM/I", "tipo_batalhao": "Interior", "companhia": "EM", "pelotao": "SEC PJMD", "grupo": "0", "cidade": "Aracatuba", "endereco": "RUA CAPITAO ALBERTO MENDES JUNIOR, 238, AVIAÇÃO - Aracatuba", "latitude": -21.1959925, "longitude": -50.4320202, "fonte_geocodificacao": "Google Geocoding API", "opm_nome": "SECAO POLICIA JUDICIARIA MILITAR E DISCIPLINAR", "opm_descricao": "CPI-10 2.BPM/I EM SEC PJMD 0", "opm_codigo": "610029600" }, "geometry": { "type": "Point", "coordinates": [ -50.4320202, -21.1959925 ] } },
{ "type": "Feature", "properties": { "id_comando": "CPI-10", "nome_comando": "10º Comando de Policiamento do Interior (CPI-10)", "nome_batalhao": "28º BPM/I", "tipo_batalhao": "Interior", "companhia": "1.CIA PM", "pelotao": "PEL PM", "grupo": "0", "cidade": "Andradina", "endereco": "RUA BARÃO DO RIO BRANCO, 405, PARQUE SANTO ANTONIO - Andradina", "latitude": -20.8965224, "longitude": -51.3835841, "fonte_geocodificacao": "Google Geocoding API", "opm_nome": "PELOTAO POLICIAL MILITAR", "opm_descricao": "CPI-10 28.BPM/I 1.CIA PM PEL PM 0", "opm_codigo": "610281300" }, "geometry": { "type": "Point", "coordinates": [ -51.3835841, -20.8965224 ] } },
{ "type": "Feature", "properties": { "id_comando": "CPI-10", "nome_comando": "10º Comando de Policiamento do Interior (CPI-10)", "nome_batalhao": "28º BPM/I", "tipo_batalhao": "Interior", "companhia": "1.CIA PM", "pelotao": "ADMINISTRACAO", "grupo": "0", "cidade": "Andradina", "endereco": "AVENIDA BARÃO DO RIO BRANCO, 405, PQ SANTO ANTONIO - Andradina", "latitude": -20.8939599, "longitude": -51.3882225, "fonte_geocodificacao": "Google Geocoding API", "opm_nome": "ADMINISTRACAO", "opm_descricao": "CPI-10 28.BPM/I 1.CIA PM ADMINISTRACAO 0", "opm_codigo": "610281500" }, "geometry": { "type": "Point", "coordinates": [ -51.3882225, -20.8939599 ] } },
{ "type": "Feature", "properties": { "id_comando": "CPI-10", "nome_comando": "10º Comando de Policiamento do Interior (CPI-10)", "nome_batalhao": "28º BPM/I", "tipo_batalhao": "Interior", "companhia": "1.CIA PM", "pelotao": "0", "grupo": "GP/PM", "cidade": "Nova Independencia", "endereco": "RUA SANTA MARIA, 597, CENTRO - Nova Independencia", "latitude": -21.1047613, "longitude": -51.4891569, "fonte_geocodificacao": "Google Geocoding API", "opm_nome": "GRUPO POLICIAL MILITAR", "opm_descricao": "CPI-10 28.BPM/I 1.CIA PM 0 GP/PM", "opm_codigo": "610281001" }, "geometry": { "type": "Point", "coordinates": [ -51.4891569, -21.1047613 ] } },
{ "type": "Feature", "properties": { "id_comando": "CPI-10", "nome_comando": "10º Comando de Policiamento do Interior (CPI-10)", "nome_batalhao": "28º BPM/I", "tipo_batalhao": "Interior", "companhia": "2.CIA PM", "pelotao": "PEL PM", "grupo": "0", "cidade": "Ilha Solteira", "endereco": "ALAMEDA GOIAS, 256, CENTRO - Ilha Solteira", "latitude": -20.4247837, "longitude": -51.3449298, "fonte_geocodificacao": "Google Geocoding API", "opm_nome": "PELOTAO POLICIAL MILITAR", "opm_descricao": "CPI-10 28.BPM/I 2.CIA PM PEL PM 0", "opm_codigo": "610282200" }, "geometry": { "type": "Point", "coordinates": [ -51.3449298, -20.4247837 ] } },
{ "type": "Feature", "properties": { "id_comando": "CPI-10", "nome_comando": "10º Comando de Policiamento do Interior (CPI-10)", "nome_batalhao": "28º BPM/I", "tipo_batalhao": "Interior", "companhia": "2.CIA PM", "pelotao": "ADMINISTRACAO", "grupo": "0", "cidade": "Ilha Solteira", "endereco": "ALAMEDA GOIÁS, 256, CENTRO - Ilha Solteira", "latitude": -20.4247837, "longitude": -51.3449298, "fonte_geocodificacao": "Google Geocoding API", "opm_nome": "ADMINISTRACAO", "opm_descricao": "CPI-10 28.BPM/I 2.CIA PM ADMINISTRACAO 0", "opm_codigo": "610282300" }, "geometry": { "type": "Point", "coordinates": [ -51.3449298, -20.4247837 ] } },
{ "type": "Feature", "properties": { "id_comando": "CPI-10", "nome_comando": "10º Comando de Policiamento do Interior (CPI-10)", "nome_batalhao": "28º BPM/I", "tipo_batalhao": "Interior", "companhia": "2.CIA PM", "pelotao": "", "grupo": "1.GP/PM", "cidade": "Itapura", "endereco": "RUA BARÃO DO RIO BRANCO, 426, CENTRO - Itapura", "latitude": -20.6448067, "longitude": -51.5052635, "fonte_geocodificacao": "Google Geocoding API", "opm_nome": "1. GRUPO POLICIAL MILITAR", "opm_descricao": "CPI-10 28.BPM/I 2.CIA PM 1.GP/PM", "opm_codigo": "610282001" }, "geometry": { "type": "Point", "coordinates": [ -51.5052635, -20.6448067 ] } },
{ "type": "Feature", "properties": { "id_comando": "CPI-10", "nome_comando": "10º Comando de Policiamento do Interior (CPI-10)", "nome_batalhao": "28º BPM/I", "tipo_batalhao": "Interior", "companhia": "2.CIA PM", "pelotao": "", "grupo": "2.GP/PM", "cidade": "Sud Mennucci", "endereco": "AVENIDA BENTO ALVES NATEL, 728, CENTRO - Sud Mennucci", "latitude": -20.6904507, "longitude": -50.9235901, "fonte_geocodificacao": "Google Geocoding API", "opm_nome": "2. GRUPO POLICIAL MILITAR", "opm_descricao": "CPI-10 28.BPM/I 2.CIA PM 2.GP/PM", "opm_codigo": "610282002" }, "geometry": { "type": "Point", "coordinates": [ -50.9235901, -20.6904507 ] } },
{ "type": "Feature", "properties": { "id_comando": "CPI-10", "nome_comando": "10º Comando de Policiamento do Interior (CPI-10)", "nome_batalhao": "28º BPM/I", "tipo_batalhao": "Interior", "companhia": "2.CIA PM", "pelotao": "", "grupo": "3.GP/PM", "cidade": "Suzanapolis", "endereco": "RUA DUQUE DE CAXIAS, 740, CENTRO - Suzanapolis", "latitude": -20.5020347, "longitude": -51.0283828, "fonte_geocodificacao": "Google Geocoding API", "opm_nome": "3. GRUPO POLICIAL MILITAR", "opm_descricao": "CPI-10 28.BPM/I 2.CIA PM 3.GP/PM", "opm_codigo": "610282003" }, "geometry": { "type": "Point", "coordinates": [ -51.0283828, -20.5020347 ] } },
{ "type": "Feature", "properties": { "id_comando": "CPI-10", "nome_comando": "10º Comando de Policiamento do Interior (CPI-10)", "nome_batalhao": "28º BPM/I", "tipo_batalhao": "Interior", "companhia": "3.CIA PM", "pelotao": "", "grupo": "1.GP/PM", "cidade": "Guaracai", "endereco": "RUA BENEDITO BEN HUR LOUZADA, 1195, CENTRO - Guaracai", "latitude": -21.0336155, "longitude": -51.2059499, "fonte_geocodificacao": "Google Geocoding API", "opm_nome": "1. GRUPO POLICIAL MILITAR", "opm_descricao": "CPI-10 28.BPM/I 3.CIA PM 1.GP/PM", "opm_codigo": "610283001" }, "geometry": { "type": "Point", "coordinates": [ -51.2059499, -21.0336155 ] } },
{ "type": "Feature", "properties": { "id_comando": "CPI-10", "nome_comando": "10º Comando de Policiamento do Interior (CPI-10)", "nome_batalhao": "28º BPM/I", "tipo_batalhao": "Interior", "companhia": "3.CIA PM", "pelotao": "PEL PM", "grupo": "0", "cidade": "Mirandopolis", "endereco": "AVENIDA SÃO PAULO, 272, BAIRRO PAULICEIA - Mirandopolis", "latitude": -21.081085580381888, "longitude": -51.130531906892152, "fonte_geocodificacao": "Centroide do município-sede (geocodificação rejeitada: fora dos limites do município)", "opm_nome": "PELOTAO POLICIAL MILITAR", "opm_descricao": "CPI-10 28.BPM/I 3.CIA PM PEL PM 0", "opm_codigo": "610283300" }, "geometry": { "type": "Point", "coordinates": [ -51.130531906892152, -21.081085580381888 ] } },
{ "type": "Feature", "properties": { "id_comando": "CPI-10", "nome_comando": "10º Comando de Policiamento do Interior (CPI-10)", "nome_batalhao": "28º BPM/I", "tipo_batalhao": "Interior", "companhia": "3.CIA PM", "pelotao": "ADMINISTRACAO", "grupo": "0", "cidade": "Mirandopolis", "endereco": "AVENIDA SÃO PAULO, 272, CENTRO - Mirandopolis", "latitude": -21.1289067, "longitude": -51.1000401, "fonte_geocodificacao": "Google Geocoding API", "opm_nome": "ADMINISTRACAO", "opm_descricao": "CPI-10 28.BPM/I 3.CIA PM ADMINISTRACAO 0", "opm_codigo": "610283400" }, "geometry": { "type": "Point", "coordinates": [ -51.1000401, -21.1289067 ] } },
{ "type": "Feature", "properties": { "id_comando": "CPI-10", "nome_comando": "10º Comando de Policiamento do Interior (CPI-10)", "nome_batalhao": "28º BPM/I", "tipo_batalhao": "Interior", "companhia": "3.CIA PM", "pelotao": "", "grupo": "2.GP/PM", "cidade": "Murutinga Do Sul", "endereco": "AVENIDA PREFEITO ROMEU CESTARI, 56, CENTRO - Murutinga Do Sul", "latitude": -20.9888444, "longitude": -51.2795089, "fonte_geocodificacao": "Google Geocoding API", "opm_nome": "2. GRUPO POLICIAL MILITAR", "opm_descricao": "CPI-10 28.BPM/I 3.CIA PM 2.GP/PM", "opm_codigo": "610283002" }, "geometry": { "type": "Point", "coordinates": [ -51.2795089, -20.9888444 ] } },
{ "type": "Feature", "properties": { "id_comando": "CPI-10", "nome_comando": "10º Comando de Policiamento do Interior (CPI-10)", "nome_batalhao": "28º BPM/I", "tipo_batalhao": "Interior", "companhia": "COORD OP", "pelotao": "0", "grupo": "0", "cidade": "Andradina", "endereco": "AVENIDA BARÃO DO RIO BRANCO, 405, PQ SANTO ANTONIO - Andradina", "latitude": -20.8939599, "longitude": -51.3882225, "fonte_geocodificacao": "Google Geocoding API", "opm_nome": "COORD OP", "opm_descricao": "CPI-10 28.BPM/I COORD OP 0 0", "opm_codigo": "610284000" }, "geometry": { "type": "Point", "coordinates": [ -51.3882225, -20.8939599 ] } },
{ "type": "Feature", "properties": { "id_comando": "CPI-10", "nome_comando": "10º Comando de Policiamento do Interior (CPI-10)", "nome_batalhao": "28º BPM/I", "tipo_batalhao": "Interior", "companhia": "EM", "pelotao": "P/4 E MOTOMEC", "grupo": "0", "cidade": "Andradina", "endereco": "RUA BARÃO DO RIO BRANCO, 405, CENTRO - Andradina", "latitude": -20.8965224, "longitude": -51.3835841, "fonte_geocodificacao": "Google Geocoding API", "opm_nome": "P/4 E MOTOMECANIZACAO", "opm_descricao": "CPI-10 28.BPM/I EM P/4 E MOTOMEC 0", "opm_codigo": "610288400" }, "geometry": { "type": "Point", "coordinates": [ -51.3835841, -20.8965224 ] } },
{ "type": "Feature", "properties": { "id_comando": "CPI-10", "nome_comando": "10º Comando de Policiamento do Interior (CPI-10)", "nome_batalhao": "28º BPM/I", "tipo_batalhao": "Interior", "companhia": "EM", "pelotao": "ST PJMD", "grupo": "0", "cidade": "Andradina", "endereco": "RUA BARÃO DO RIO BRANCO, 405, CENTRO - Andradina", "latitude": -20.8965224, "longitude": -51.3835841, "fonte_geocodificacao": "Google Geocoding API", "opm_nome": "SETOR POLICIA JUDICIARIA MILITAR E DISCIPLINAR", "opm_descricao": "CPI-10 28.BPM/I EM ST PJMD 0", "opm_codigo": "610288600" }, "geometry": { "type": "Point", "coordinates": [ -51.3835841, -20.8965224 ] } },
{ "type": "Feature", "properties": { "id_comando": "CPI-10", "nome_comando": "10º Comando de Policiamento do Interior (CPI-10)", "nome_batalhao": "28º BPM/I", "tipo_batalhao": "Interior", "companhia": "EM", "pelotao": "P/1 E P/5", "grupo": "GD QUARTEL", "cidade": "Andradina", "endereco": "AVENIDA BARÃO DO RIO BRANCO, 405, PARQUE SANTO ANTONIO - Andradina", "latitude": -20.8939599, "longitude": -51.3882225, "fonte_geocodificacao": "Google Geocoding API", "opm_nome": "GUARDA DO QUARTEL", "opm_descricao": "CPI-10 28.BPM/I EM P/1 E P/5 GD QUARTEL", "opm_codigo": "610288110" }, "geometry": { "type": "Point", "coordinates": [ -51.3882225, -20.8939599 ] } },
{ "type": "Feature", "properties": { "id_comando": "CPI-10", "nome_comando": "10º Comando de Policiamento do Interior (CPI-10)", "nome_batalhao": "28º BPM/I", "tipo_batalhao": "Interior", "companhia": "EM", "pelotao": "AA", "grupo": "0", "cidade": "Andradina", "endereco": "AVENIDA BARÃO DO RIO BRANCO, 405, PARQUE SANTO ANTONIO - Andradina", "latitude": -20.8939599, "longitude": -51.3882225, "fonte_geocodificacao": "Google Geocoding API", "opm_nome": "AGENCIA DE AREA", "opm_descricao": "CPI-10 28.BPM/I EM AA 0", "opm_codigo": "610288200" }, "geometry": { "type": "Point", "coordinates": [ -51.3882225, -20.8939599 ] } },
{ "type": "Feature", "properties": { "id_comando": "CPI-10", "nome_comando": "10º Comando de Policiamento do Interior (CPI-10)", "nome_batalhao": "28º BPM/I", "tipo_batalhao": "Interior", "companhia": "EM", "pelotao": "DIV OP", "grupo": "CFP", "cidade": "Andradina", "endereco": "AVENIDA BARÃO DO RIO BRANCO, 405, PARQUE SANTO ANTONIO - Andradina", "latitude": -20.8939599, "longitude": -51.3882225, "fonte_geocodificacao": "Google Geocoding API", "opm_nome": "COMANDO FORCA PATRULHA", "opm_descricao": "CPI-10 28.BPM/I EM DIV OP CFP", "opm_codigo": "610288310" }, "geometry": { "type": "Point", "coordinates": [ -51.3882225, -20.8939599 ] } },
{ "type": "Feature", "properties": { "id_comando": "CPI-10", "nome_comando": "10º Comando de Policiamento do Interior (CPI-10)", "nome_batalhao": "28º BPM/I", "tipo_batalhao": "Interior", "companhia": "EM", "pelotao": "MOTOMEC", "grupo": "0", "cidade": "Andradina", "endereco": "RUA BARÃO DO RIO BRANCO, 405, PARQUE SANTO ANTONIO - Andradina", "latitude": -20.8965224, "longitude": -51.3835841, "fonte_geocodificacao": "Google Geocoding API", "opm_nome": "28.BPM/I - MOTOMEC", "opm_descricao": "CPI-10 28.BPM/I EM MOTOMEC 0", "opm_codigo": "610288700" }, "geometry": { "type": "Point", "coordinates": [ -51.3835841, -20.8965224 ] } },
{ "type": "Feature", "properties": { "id_comando": "CPI-10", "nome_comando": "10º Comando de Policiamento do Interior (CPI-10)", "nome_batalhao": "28º BPM/I", "tipo_batalhao": "Interior", "companhia": "EM", "pelotao": "UIS", "grupo": "0", "cidade": "Andradina", "endereco": "AVENIDA BARÃO DO RIO BRANCO, 405, PQ SANTO ANTONIO - Andradina", "latitude": -20.8939599, "longitude": -51.3882225, "fonte_geocodificacao": "Google Geocoding API", "opm_nome": "UNIDADE INTEGRADA DE SAUDE", "opm_descricao": "CPI-10 28.BPM/I EM UIS 0", "opm_codigo": "610288010" }, "geometry": { "type": "Point", "coordinates": [ -51.3882225, -20.8939599 ] } },
{ "type": "Feature", "properties": { "id_comando": "CPI-10", "nome_comando": "10º Comando de Policiamento do Interior (CPI-10)", "nome_batalhao": "28º BPM/I", "tipo_batalhao": "Interior", "companhia": "EM", "pelotao": "UIS", "grupo": "GAB MED", "cidade": "Andradina", "endereco": "AVENIDA BARÃO DO RIO BRANCO, 405, PQ SANTO ANTONIO - Andradina", "latitude": -20.8939599, "longitude": -51.3882225, "fonte_geocodificacao": "Google Geocoding API", "opm_nome": "GABINETE MEDICO", "opm_descricao": "CPI-10 28.BPM/I EM UIS GAB MED", "opm_codigo": "610288011" }, "geometry": { "type": "Point", "coordinates": [ -51.3882225, -20.8939599 ] } },
{ "type": "Feature", "properties": { "id_comando": "CPI-10", "nome_comando": "10º Comando de Policiamento do Interior (CPI-10)", "nome_batalhao": "28º BPM/I", "tipo_batalhao": "Interior", "companhia": "EM", "pelotao": "UIS", "grupo": "GAB ODONTO", "cidade": "Andradina", "endereco": "AVENIDA BARÃO DO RIO BRANCO, 405, PQ SANTO ANTONIO - Andradina", "latitude": -20.8939599, "longitude": -51.3882225, "fonte_geocodificacao": "Google Geocoding API", "opm_nome": "GABINETE ODONTOLOGICO", "opm_descricao": "CPI-10 28.BPM/I EM UIS GAB ODONTO", "opm_codigo": "610288012" }, "geometry": { "type": "Point", "coordinates": [ -51.3882225, -20.8939599 ] } },
{ "type": "Feature", "properties": { "id_comando": "CPI-2", "nome_comando": "2º Comando de Policiamento do Interior (CPI-2)", "nome_batalhao": "11º BPM/I", "tipo_batalhao": "Interior", "companhia": "1.CIA PM", "pelotao": "ADM", "grupo": "0", "cidade": "Jundiai", "endereco": "RUA JOSÉ ROMEIRO PEREIRA, 0, CENTRO - Jundiai", "latitude": -23.1864795, "longitude": -46.8877798, "fonte_geocodificacao": "Google Geocoding API", "opm_nome": "ADMINISTRACAO", "opm_descricao": "CPI-2 11.BPM/I 1.CIA PM ADM 0", "opm_codigo": "602111400" }, "geometry": { "type": "Point", "coordinates": [ -46.8877798, -23.1864795 ] } },
{ "type": "Feature", "properties": { "id_comando": "CPI-2", "nome_comando": "2º Comando de Policiamento do Interior (CPI-2)", "nome_batalhao": "11º BPM/I", "tipo_batalhao": "Interior", "companhia": "2.CIA PM", "pelotao": "1.PEL PM", "grupo": "0", "cidade": "Cabreuva", "endereco": "RUA CONSELHEIRO ALVES, 0  SEM NÚMERO, CENTRO - Cabreuva", "latitude": -23.301302729368476, "longitude": -47.080213667881942, "fonte_geocodificacao": "Centroide do município-sede (geocodificação rejeitada: fora dos limites do município)", "opm_nome": "1. PELOTAO DE POLICIA MILITAR", "opm_descricao": "CPI-2 11.BPM/I 2.CIA PM 1.PEL PM 0", "opm_codigo": "602112100" }, "geometry": { "type": "Point", "coordinates": [ -47.080213667881942, -23.301302729368476 ] } },
{ "type": "Feature", "properties": { "id_comando": "CPI-2", "nome_comando": "2º Comando de Policiamento do Interior (CPI-2)", "nome_batalhao": "11º BPM/I", "tipo_batalhao": "Interior", "companhia": "2.CIA PM", "pelotao": "2.PEL PM", "grupo": "0", "cidade": "Itupeva", "endereco": "RUA PROFESSORA DEOLINDA SILVEIRA DE CAMARGO, 93, JARDIM SÃO VICENTE - Itupeva", "latitude": -23.1560424, "longitude": -47.0583594, "fonte_geocodificacao": "Google Geocoding API", "opm_nome": "2. PELOTAO DE POLICIA MILITAR", "opm_descricao": "CPI-2 11.BPM/I 2.CIA PM 2.PEL PM 0", "opm_codigo": "602112200" }, "geometry": { "type": "Point", "coordinates": [ -47.0583594, -23.1560424 ] } },
{ "type": "Feature", "properties": { "id_comando": "CPI-2", "nome_comando": "2º Comando de Policiamento do Interior (CPI-2)", "nome_batalhao": "11º BPM/I", "tipo_batalhao": "Interior", "companhia": "2.CIA PM", "pelotao": "ADM", "grupo": "0", "cidade": "Jundiai", "endereco": "AVENIDA REYNALDO DE PORCARI, 2597, MEDEIROS - Jundiai", "latitude": -23.1733885, "longitude": -47.0014649, "fonte_geocodificacao": "Google Geocoding API", "opm_nome": "ADMINISTRACAO", "opm_descricao": "CPI-2 11.BPM/I 2.CIA PM ADM 0", "opm_codigo": "602112500" }, "geometry": { "type": "Point", "coordinates": [ -47.001464899999988, -23.1733885 ] } },
{ "type": "Feature", "properties": { "id_comando": "CPI-2", "nome_comando": "2º Comando de Policiamento do Interior (CPI-2)", "nome_batalhao": "11º BPM/I", "tipo_batalhao": "Interior", "companhia": "EM", "pelotao": "P/1 P/5", "grupo": "GUARDA QUARTEL", "cidade": "Jundiai", "endereco": "AVENIDA CARLOS SALES BLOCK, 568, ANHANGABAÚ - Jundiai", "latitude": -23.1941197, "longitude": -46.8922354, "fonte_geocodificacao": "Google Geocoding API", "opm_nome": "GUARDA  DO QUARTEL", "opm_descricao": "CPI-2 11.BPM/I EM P/1 P/5 GUARDA QUARTEL", "opm_codigo": "602118110" }, "geometry": { "type": "Point", "coordinates": [ -46.8922354, -23.1941197 ] } },
{ "type": "Feature", "properties": { "id_comando": "CPI-2", "nome_comando": "2º Comando de Policiamento do Interior (CPI-2)", "nome_batalhao": "11º BPM/I", "tipo_batalhao": "Interior", "companhia": "EM", "pelotao": "P/2", "grupo": "0", "cidade": "Jundiai", "endereco": "AVENIDA CARLOS SALES BLOCK, 568, ANHANGABAÚ - Jundiai", "latitude": -23.1941197, "longitude": -46.8922354, "fonte_geocodificacao": "Google Geocoding API", "opm_nome": "P/2", "opm_descricao": "CPI-2 11.BPM/I EM P/2 0", "opm_codigo": "602118200" }, "geometry": { "type": "Point", "coordinates": [ -46.8922354, -23.1941197 ] } },
{ "type": "Feature", "properties": { "id_comando": "CPI-2", "nome_comando": "2º Comando de Policiamento do Interior (CPI-2)", "nome_batalhao": "11º BPM/I", "tipo_batalhao": "Interior", "companhia": "EM", "pelotao": "DIV OP", "grupo": "CFP", "cidade": "Jundiai", "endereco": "AVENIDA CARLOS SALES BLOCK, 568, ANHANGABAÚ - Jundiai", "latitude": -23.1941197, "longitude": -46.8922354, "fonte_geocodificacao": "Google Geocoding API", "opm_nome": "COMANDO FORCA PATRULHA", "opm_descricao": "CPI-2 11.BPM/I EM DIV OP CFP", "opm_codigo": "602118301" }, "geometry": { "type": "Point", "coordinates": [ -46.8922354, -23.1941197 ] } },
{ "type": "Feature", "properties": { "id_comando": "CPI-2", "nome_comando": "2º Comando de Policiamento do Interior (CPI-2)", "nome_batalhao": "11º BPM/I", "tipo_batalhao": "Interior", "companhia": "EM", "pelotao": "P/3", "grupo": "PEL FT", "cidade": "Jundiai", "endereco": "AVENIDA CARLOS SALES BLOCK, 568, ANHANGABAÚ - Jundiai", "latitude": -23.1941197, "longitude": -46.8922354, "fonte_geocodificacao": "Google Geocoding API", "opm_nome": "PEL FT", "opm_descricao": "CPI-2 11.BPM/I EM P/3 PEL FT", "opm_codigo": "602118310" }, "geometry": { "type": "Point", "coordinates": [ -46.8922354, -23.1941197 ] } },
{ "type": "Feature", "properties": { "id_comando": "CPI-2", "nome_comando": "2º Comando de Policiamento do Interior (CPI-2)", "nome_batalhao": "11º BPM/I", "tipo_batalhao": "Interior", "companhia": "EM", "pelotao": "P/4 MOTOMEC", "grupo": "0", "cidade": "Jundiai", "endereco": "AVENIDA CARLOS SALES BLOCK, 568, ANHANGABAÚ - Jundiai", "latitude": -23.1941197, "longitude": -46.8922354, "fonte_geocodificacao": "Google Geocoding API", "opm_nome": "P/4 E MOTOMECANIZACAO", "opm_descricao": "CPI-2 11.BPM/I EM P/4 MOTOMEC 0", "opm_codigo": "602118400" }, "geometry": { "type": "Point", "coordinates": [ -46.8922354, -23.1941197 ] } },
{ "type": "Feature", "properties": { "id_comando": "CPI-2", "nome_comando": "2º Comando de Policiamento do Interior (CPI-2)", "nome_batalhao": "11º BPM/I", "tipo_batalhao": "Interior", "companhia": "EM", "pelotao": "SEC PJMD", "grupo": "0", "cidade": "Jundiai", "endereco": "AVENIDA CARLOS SALES BLOCK, 568, ANHANGABAÚ - Jundiai", "latitude": -23.1941197, "longitude": -46.8922354, "fonte_geocodificacao": "Google Geocoding API", "opm_nome": "SECAO DE POLICIA JUDICIARIA MILITAR E DISCIPLINA", "opm_descricao": "CPI-2 11.BPM/I EM SEC PJMD 0", "opm_codigo": "602118600" }, "geometry": { "type": "Point", "coordinates": [ -46.8922354, -23.1941197 ] } },
{ "type": "Feature", "properties": { "id_comando": "CPI-2", "nome_comando": "2º Comando de Policiamento do Interior (CPI-2)", "nome_batalhao": "11º BPM/I", "tipo_batalhao": "Interior", "companhia": "EM", "pelotao": "MOTOMEC", "grupo": "0", "cidade": "Jundiai", "endereco": "AVENIDA CARLOS SALES BLOCK, 568, ANHANGABAÚ - Jundiai", "latitude": -23.1941197, "longitude": -46.8922354, "fonte_geocodificacao": "Google Geocoding API", "opm_nome": "11.BPM/I MOTOMEC", "opm_descricao": "CPI-2 11.BPM/I EM MOTOMEC 0", "opm_codigo": "602118700" }, "geometry": { "type": "Point", "coordinates": [ -46.8922354, -23.1941197 ] } },
{ "type": "Feature", "properties": { "id_comando": "CPI-2", "nome_comando": "2º Comando de Policiamento do Interior (CPI-2)", "nome_batalhao": "26º BPM/I", "tipo_batalhao": "Interior", "companhia": "1.CIA PM", "pelotao": "", "grupo": "GP/PM", "cidade": "Estiva Gerbi", "endereco": "RUA ANGELO ZANCO, 774, CENTRO - Estiva Gerbi", "latitude": -22.2768617, "longitude": -46.9525652, "fonte_geocodificacao": "Google Geocoding API", "opm_nome": "GRUPO POLICIAL MILITAR", "opm_descricao": "CPI-2 26.BPM/I 1.CIA PM GP/PM", "opm_codigo": "602261001" }, "geometry": { "type": "Point", "coordinates": [ -46.9525652, -22.2768617 ] } },
{ "type": "Feature", "properties": { "id_comando": "CPI-2", "nome_comando": "2º Comando de Policiamento do Interior (CPI-2)", "nome_batalhao": "26º BPM/I", "tipo_batalhao": "Interior", "companhia": "2.CIA PM", "pelotao": "", "grupo": "GP/PM", "cidade": "Holambra", "endereco": "RUA DOUTOR JORGE LATOUR, 393, CENTRO - Holambra", "latitude": -22.634349, "longitude": -47.0558525, "fonte_geocodificacao": "Google Geocoding API", "opm_nome": "GRUPO POLICIAL MILITAR", "opm_descricao": "CPI-2 26.BPM/I 2.CIA PM GP/PM", "opm_codigo": "602262001" }, "geometry": { "type": "Point", "coordinates": [ -47.0558525, -22.634349 ] } },
{ "type": "Feature", "properties": { "id_comando": "CPI-2", "nome_comando": "2º Comando de Policiamento do Interior (CPI-2)", "nome_batalhao": "26º BPM/I", "tipo_batalhao": "Interior", "companhia": "3.CIA PM", "pelotao": "", "grupo": "GP/PM", "cidade": "Santo Antonio De Posse", "endereco": "RUA SENADOR PAULA RAMOS, 420, CENTRO - Santo Antonio De Posse", "latitude": -22.6074724, "longitude": -46.9181356, "fonte_geocodificacao": "Google Geocoding API", "opm_nome": "GRUPO POLICIAL MILITAR", "opm_descricao": "CPI-2 26.BPM/I 3.CIA PM GP/PM", "opm_codigo": "602263001" }, "geometry": { "type": "Point", "coordinates": [ -46.9181356, -22.6074724 ] } },
{ "type": "Feature", "properties": { "id_comando": "CPI-2", "nome_comando": "2º Comando de Policiamento do Interior (CPI-2)", "nome_batalhao": "26º BPM/I", "tipo_batalhao": "Interior", "companhia": "EM", "pelotao": "DIV OP", "grupo": "CFP", "cidade": "Mogi Guacu", "endereco": "RUA JOSE PENTEADO, 90, SAO CARLOS - Mogi Guacu", "latitude": -22.232092691811168, "longitude": -47.028967834947288, "fonte_geocodificacao": "Centroide do município-sede (geocodificação rejeitada: fora dos limites do município)", "opm_nome": "COMANDO DE FORCA PATRULHA", "opm_descricao": "CPI-2 26.BPM/I EM DIV OP CFP", "opm_codigo": "602268320" }, "geometry": { "type": "Point", "coordinates": [ -47.028967834947288, -22.232092691811168 ] } },
{ "type": "Feature", "properties": { "id_comando": "CPI-2", "nome_comando": "2º Comando de Policiamento do Interior (CPI-2)", "nome_batalhao": "26º BPM/I", "tipo_batalhao": "Interior", "companhia": "EM", "pelotao": "MOTOMEC", "grupo": "0", "cidade": "Mogi Guacu", "endereco": "RUA JOSE PENTEADO, 90, SAO CARLOS - Mogi Guacu", "latitude": -22.232092691811168, "longitude": -47.028967834947288, "fonte_geocodificacao": "Centroide do município-sede (geocodificação rejeitada: fora dos limites do município)", "opm_nome": "26.BPM/I - MOTOMEC", "opm_descricao": "CPI-2 26.BPM/I EM MOTOMEC 0", "opm_codigo": "602268700" }, "geometry": { "type": "Point", "coordinates": [ -47.028967834947288, -22.232092691811168 ] } },
{ "type": "Feature", "properties": { "id_comando": "CPI-2", "nome_comando": "2º Comando de Policiamento do Interior (CPI-2)", "nome_batalhao": "26º BPM/I", "tipo_batalhao": "Interior", "companhia": "EM", "pelotao": "P/1 P/5", "grupo": "GUARDA QUARTEL", "cidade": "Mogi Guacu", "endereco": "RUA JOSÉ PENTEADO, 90, SÃO CARLOS - Mogi Guacu", "latitude": -22.232092691811168, "longitude": -47.028967834947288, "fonte_geocodificacao": "Centroide do município-sede (geocodificação rejeitada: fora dos limites do município)", "opm_nome": "GUARDA DO QUARTEL", "opm_descricao": "CPI-2 26.BPM/I EM P/1 P/5 GUARDA QUARTEL", "opm_codigo": "602268110" }, "geometry": { "type": "Point", "coordinates": [ -47.028967834947288, -22.232092691811168 ] } },
{ "type": "Feature", "properties": { "id_comando": "CPI-2", "nome_comando": "2º Comando de Policiamento do Interior (CPI-2)", "nome_batalhao": "34º BPM/I", "tipo_batalhao": "Interior", "companhia": "1.CIA PM", "pelotao": "", "grupo": "4.GP/PM", "cidade": "Joanopolis", "endereco": "Rua Francisco Wohlers, 357, Centro - Joanopolis", "latitude": -22.9324388, "longitude": -46.2706868, "fonte_geocodificacao": "Google Geocoding API", "opm_nome": "34.BPMI - 4. GP PM", "opm_descricao": "CPI-2 34.BPM/I 1.CIA PM 4.GP/PM", "opm_codigo": "602341004" }, "geometry": { "type": "Point", "coordinates": [ -46.2706868, -22.9324388 ] } },
{ "type": "Feature", "properties": { "id_comando": "CPI-2", "nome_comando": "2º Comando de Policiamento do Interior (CPI-2)", "nome_batalhao": "34º BPM/I", "tipo_batalhao": "Interior", "companhia": "1.CIA PM", "pelotao": "", "grupo": "1.GP/PM", "cidade": "Pedra Bela", "endereco": "RUA BERNARDINO DE LIMA PAES, 47, CENTRO - Pedra Bela", "latitude": -22.7960959, "longitude": -46.443495, "fonte_geocodificacao": "Google Geocoding API", "opm_nome": "1. GRUPO POLICIAL MILITAR", "opm_descricao": "CPI-2 34.BPM/I 1.CIA PM 1.GP/PM", "opm_codigo": "602341001" }, "geometry": { "type": "Point", "coordinates": [ -46.443495, -22.7960959 ] } },
{ "type": "Feature", "properties": { "id_comando": "CPI-2", "nome_comando": "2º Comando de Policiamento do Interior (CPI-2)", "nome_batalhao": "34º BPM/I", "tipo_batalhao": "Interior", "companhia": "1.CIA PM", "pelotao": "", "grupo": "2.GP/PM", "cidade": "Pinhalzinho", "endereco": "RUA BOA ESPERANÇA, 100, CENTRO - Pinhalzinho", "latitude": -22.7793928, "longitude": -46.5915041, "fonte_geocodificacao": "Google Geocoding API", "opm_nome": "2. GRUPO POLICIAL MILITAR", "opm_descricao": "CPI-2 34.BPM/I 1.CIA PM 2.GP/PM", "opm_codigo": "602341002" }, "geometry": { "type": "Point", "coordinates": [ -46.591504099999987, -22.7793928 ] } },
{ "type": "Feature", "properties": { "id_comando": "CPI-2", "nome_comando": "2º Comando de Policiamento do Interior (CPI-2)", "nome_batalhao": "34º BPM/I", "tipo_batalhao": "Interior", "companhia": "1.CIA PM", "pelotao": "", "grupo": "3.GP/PM", "cidade": "Tuiuti", "endereco": "RUA VIRGÍLIO JOAQUIM DE LIMA, 389, CENTRO - Tuiuti", "latitude": -22.8145085, "longitude": -46.695772, "fonte_geocodificacao": "Google Geocoding API", "opm_nome": "3. GRUPO POLICIAL MILITAR", "opm_descricao": "CPI-2 34.BPM/I 1.CIA PM 3.GP/PM", "opm_codigo": "602341003" }, "geometry": { "type": "Point", "coordinates": [ -46.695772, -22.8145085 ] } },
{ "type": "Feature", "properties": { "id_comando": "CPI-2", "nome_comando": "2º Comando de Policiamento do Interior (CPI-2)", "nome_batalhao": "34º BPM/I", "tipo_batalhao": "Interior", "companhia": "1.CIA PM", "pelotao": "", "grupo": "5.GP/PM", "cidade": "Vargem", "endereco": "AVENIDA SENHORA DE FÁTIMA, 51, CENTRO - Vargem", "latitude": -22.8974876, "longitude": -46.4198566, "fonte_geocodificacao": "Google Geocoding API", "opm_nome": "34.BPMI - 5.GP PM", "opm_descricao": "CPI-2 34.BPM/I 1.CIA PM 5.GP/PM", "opm_codigo": "602341005" }, "geometry": { "type": "Point", "coordinates": [ -46.4198566, -22.8974876 ] } },
{ "type": "Feature", "properties": { "id_comando": "CPI-2", "nome_comando": "2º Comando de Policiamento do Interior (CPI-2)", "nome_batalhao": "34º BPM/I", "tipo_batalhao": "Interior", "companhia": "2.CIA PM", "pelotao": "", "grupo": "2.GP/PM", "cidade": "Lindoia", "endereco": "RUA LOURENÇO LORENÇONI, 52, CENTRO - Lindoia", "latitude": -22.5225788, "longitude": -46.6493354, "fonte_geocodificacao": "Google Geocoding API", "opm_nome": "2. GRUPO POLICIAL MILITAR", "opm_descricao": "CPI-2 34.BPM/I 2.CIA PM 2.GP/PM", "opm_codigo": "602342002" }, "geometry": { "type": "Point", "coordinates": [ -46.6493354, -22.5225788 ] } },
{ "type": "Feature", "properties": { "id_comando": "CPI-2", "nome_comando": "2º Comando de Policiamento do Interior (CPI-2)", "nome_batalhao": "34º BPM/I", "tipo_batalhao": "Interior", "companhia": "2.CIA PM", "pelotao": "", "grupo": "1.GP/PM", "cidade": "Monte Alegre Do Sul", "endereco": "RUA JOÃO DA SERRA, 50, CENTRO - Monte Alegre Do Sul", "latitude": -22.6879144, "longitude": -46.6842432, "fonte_geocodificacao": "Google Geocoding API", "opm_nome": "1. GRUPO POLICIAL MILITAR", "opm_descricao": "CPI-2 34.BPM/I 2.CIA PM 1.GP/PM", "opm_codigo": "602342001" }, "geometry": { "type": "Point", "coordinates": [ -46.6842432, -22.6879144 ] } },
{ "type": "Feature", "properties": { "id_comando": "CPI-2", "nome_comando": "2º Comando de Policiamento do Interior (CPI-2)", "nome_batalhao": "34º BPM/I", "tipo_batalhao": "Interior", "companhia": "3.CIA PM", "pelotao": "", "grupo": "1.GP/PM", "cidade": "Bom Jesus Dos Perdoes", "endereco": "RUA DOM DUARTE LEOPOLDO, 131, Centro - Bom Jesus Dos Perdoes", "latitude": -23.1363525, "longitude": -46.4656616, "fonte_geocodificacao": "Google Geocoding API", "opm_nome": "1. GRUPO POLICIAL MILITAR", "opm_descricao": "CPI-2 34.BPM/I 3.CIA PM 1.GP/PM", "opm_codigo": "602343001" }, "geometry": { "type": "Point", "coordinates": [ -46.4656616, -23.1363525 ] } },
{ "type": "Feature", "properties": { "id_comando": "CPI-2", "nome_comando": "2º Comando de Policiamento do Interior (CPI-2)", "nome_batalhao": "34º BPM/I", "tipo_batalhao": "Interior", "companhia": "3.CIA PM", "pelotao": "", "grupo": "2.GP/PM", "cidade": "Nazare Paulista", "endereco": "RUA JACOB RODRIGUES DOS SANTOS, 113, CENTRO - Nazare Paulista", "latitude": -23.191433526631474, "longitude": -46.36649210618279, "fonte_geocodificacao": "Centroide do município-sede (geocodificação rejeitada: fora dos limites do município)", "opm_nome": "2. GRUPO POLICIAL MILITAR", "opm_descricao": "CPI-2 34.BPM/I 3.CIA PM 2.GP/PM", "opm_codigo": "602343002" }, "geometry": { "type": "Point", "coordinates": [ -46.36649210618279, -23.191433526631474 ] } },
{ "type": "Feature", "properties": { "id_comando": "CPI-2", "nome_comando": "2º Comando de Policiamento do Interior (CPI-2)", "nome_batalhao": "34º BPM/I", "tipo_batalhao": "Interior", "companhia": "EM", "pelotao": "P/1 P/5", "grupo": "GUARDA QUARTEL", "cidade": "Braganca Paulista", "endereco": "AVENIDA JOSÉ GOMES DA ROCHA LEAL, 1651, CENTRO - Braganca Paulista", "latitude": -22.9530263, "longitude": -46.5453018, "fonte_geocodificacao": "Google Geocoding API", "opm_nome": "GUARDA DO QUARTEL", "opm_descricao": "CPI-2 34.BPM/I EM P/1 P/5 GUARDA QUARTEL", "opm_codigo": "602348110" }, "geometry": { "type": "Point", "coordinates": [ -46.5453018, -22.9530263 ] } },
{ "type": "Feature", "properties": { "id_comando": "CPI-2", "nome_comando": "2º Comando de Policiamento do Interior (CPI-2)", "nome_batalhao": "34º BPM/I", "tipo_batalhao": "Interior", "companhia": "EM", "pelotao": "P/3", "grupo": "CFP", "cidade": "Braganca Paulista", "endereco": "AVENIDA JOSÉ GOMES DA ROCHA LEAL, 1651, CENTRO - Braganca Paulista", "latitude": -22.9530263, "longitude": -46.5453018, "fonte_geocodificacao": "Google Geocoding API", "opm_nome": "COMANDO FORCA PATRULHA", "opm_descricao": "CPI-2 34.BPM/I EM P/3 CFP", "opm_codigo": "602348320" }, "geometry": { "type": "Point", "coordinates": [ -46.5453018, -22.9530263 ] } },
{ "type": "Feature", "properties": { "id_comando": "CPI-2", "nome_comando": "2º Comando de Policiamento do Interior (CPI-2)", "nome_batalhao": "35º BPM/I", "tipo_batalhao": "Interior", "companhia": "1.CIA PM", "pelotao": "ADM", "grupo": "0", "cidade": "Campinas", "endereco": "RUA MACARAI, 120, SANTA ODILA - Campinas", "latitude": -22.9340813, "longitude": -47.0320385, "fonte_geocodificacao": "Google Geocoding API", "opm_nome": "ADMINISTRACAO", "opm_descricao": "CPI-2 35.BPM/I 1.CIA PM ADM 0", "opm_codigo": "602351400" }, "geometry": { "type": "Point", "coordinates": [ -47.0320385, -22.9340813 ] } },
{ "type": "Feature", "properties": { "id_comando": "CPI-2", "nome_comando": "2º Comando de Policiamento do Interior (CPI-2)", "nome_batalhao": "35º BPM/I", "tipo_batalhao": "Interior", "companhia": "2.CIA PM", "pelotao": "ADM", "grupo": "0", "cidade": "Campinas", "endereco": "AVENIDA GUARANI, 1190, JARDIM GUARANI - Campinas", "latitude": -22.9076472, "longitude": -47.042134, "fonte_geocodificacao": "Google Geocoding API", "opm_nome": "ADMINISTRACAO", "opm_descricao": "CPI-2 35.BPM/I 2.CIA PM ADM 0", "opm_codigo": "602352500" }, "geometry": { "type": "Point", "coordinates": [ -47.042134, -22.9076472 ] } },
{ "type": "Feature", "properties": { "id_comando": "CPI-2", "nome_comando": "2º Comando de Policiamento do Interior (CPI-2)", "nome_batalhao": "35º BPM/I", "tipo_batalhao": "Interior", "companhia": "3.CIA PM", "pelotao": "ADM", "grupo": "0", "cidade": "Campinas", "endereco": "AVENIDA BRASIL, 2100, VILA NOVA - Campinas", "latitude": -22.8779294, "longitude": -47.0716582, "fonte_geocodificacao": "Google Geocoding API", "opm_nome": "ADMINISTRACAO", "opm_descricao": "CPI-2 35.BPM/I 3.CIA PM ADM 0", "opm_codigo": "602353700" }, "geometry": { "type": "Point", "coordinates": [ -47.071658199999987, -22.8779294 ] } },
{ "type": "Feature", "properties": { "id_comando": "CPI-2", "nome_comando": "2º Comando de Policiamento do Interior (CPI-2)", "nome_batalhao": "35º BPM/I", "tipo_batalhao": "Interior", "companhia": "4.CIA PM", "pelotao": "PEL PM", "grupo": "0", "cidade": "Campinas", "endereco": "RODOVIA EDENOR JOÃO TASCA, 835, LESTE - Campinas", "latitude": -22.883756387554246, "longitude": -47.043796219239638, "fonte_geocodificacao": "Centroide do município-sede (geocodificação rejeitada: fora dos limites do município)", "opm_nome": "PELOTAO POLICIAL MILITAR", "opm_descricao": "CPI-2 35.BPM/I 4.CIA PM PEL PM 0", "opm_codigo": "602354100" }, "geometry": { "type": "Point", "coordinates": [ -47.043796219239638, -22.883756387554246 ] } },
{ "type": "Feature", "properties": { "id_comando": "CPI-2", "nome_comando": "2º Comando de Policiamento do Interior (CPI-2)", "nome_batalhao": "35º BPM/I", "tipo_batalhao": "Interior", "companhia": "4.CIA PM", "pelotao": "ADM", "grupo": "0", "cidade": "Valinhos", "endereco": "RUA ARTUR BERNARDES, 53, VILA ANGELI - Valinhos", "latitude": -22.966434, "longitude": -47.003063, "fonte_geocodificacao": "Google Geocoding API", "opm_nome": "ADMINISTRACAO", "opm_descricao": "CPI-2 35.BPM/I 4.CIA PM ADM 0", "opm_codigo": "602354700" }, "geometry": { "type": "Point", "coordinates": [ -47.003063, -22.966434 ] } },
{ "type": "Feature", "properties": { "id_comando": "CPI-2", "nome_comando": "2º Comando de Policiamento do Interior (CPI-2)", "nome_batalhao": "35º BPM/I", "tipo_batalhao": "Interior", "companhia": "EM", "pelotao": "P/1 P/5", "grupo": "GD QUARTEL", "cidade": "Campinas", "endereco": "AVENIDA WASHIGNTON LUÍS, 2300, VL MARIETA - Campinas", "latitude": -22.9356128, "longitude": -47.0509907, "fonte_geocodificacao": "Google Geocoding API", "opm_nome": "GUARDA DO QUARTEL", "opm_descricao": "CPI-2 35.BPM/I EM P/1 P/5 GD QUARTEL", "opm_codigo": "602358110" }, "geometry": { "type": "Point", "coordinates": [ -47.0509907, -22.9356128 ] } },
{ "type": "Feature", "properties": { "id_comando": "CPI-2", "nome_comando": "2º Comando de Policiamento do Interior (CPI-2)", "nome_batalhao": "35º BPM/I", "tipo_batalhao": "Interior", "companhia": "EM", "pelotao": "P/2", "grupo": "0", "cidade": "Campinas", "endereco": "AVENIDA WASHIGNTON LUÍS, 2300, VL MARIETA - Campinas", "latitude": -22.9356128, "longitude": -47.0509907, "fonte_geocodificacao": "Google Geocoding API", "opm_nome": "P/2", "opm_descricao": "CPI-2 35.BPM/I EM P/2 0", "opm_codigo": "602358200" }, "geometry": { "type": "Point", "coordinates": [ -47.0509907, -22.9356128 ] } },
{ "type": "Feature", "properties": { "id_comando": "CPI-2", "nome_comando": "2º Comando de Policiamento do Interior (CPI-2)", "nome_batalhao": "35º BPM/I", "tipo_batalhao": "Interior", "companhia": "EM", "pelotao": "DIV OP", "grupo": "CFP", "cidade": "Campinas", "endereco": "AVENIDA WASHIGNTON LUÍS, 2300, VL MARIETA - Campinas", "latitude": -22.9356128, "longitude": -47.0509907, "fonte_geocodificacao": "Google Geocoding API", "opm_nome": "COMANDO DE FORCA PATRULHA", "opm_descricao": "CPI-2 35.BPM/I EM DIV OP CFP", "opm_codigo": "602358310" }, "geometry": { "type": "Point", "coordinates": [ -47.0509907, -22.9356128 ] } },
{ "type": "Feature", "properties": { "id_comando": "CPI-2", "nome_comando": "2º Comando de Policiamento do Interior (CPI-2)", "nome_batalhao": "35º BPM/I", "tipo_batalhao": "Interior", "companhia": "EM", "pelotao": "P/3", "grupo": "1. PEL F T", "cidade": "Campinas", "endereco": "AVENIDA WASHIGNTON LUÍS, 2300, VL MARIETA - Campinas", "latitude": -22.9356128, "longitude": -47.0509907, "fonte_geocodificacao": "Google Geocoding API", "opm_nome": "1. PEL F T", "opm_descricao": "CPI-2 35.BPM/I EM P/3 1. PEL F T", "opm_codigo": "602358320" }, "geometry": { "type": "Point", "coordinates": [ -47.0509907, -22.9356128 ] } },
{ "type": "Feature", "properties": { "id_comando": "CPI-2", "nome_comando": "2º Comando de Policiamento do Interior (CPI-2)", "nome_batalhao": "35º BPM/I", "tipo_batalhao": "Interior", "companhia": "EM", "pelotao": "P/3", "grupo": "2. PEL F T", "cidade": "Campinas", "endereco": "AVENIDA WASHIGNTON LUÍS, 2300, VL MARIETA - Campinas", "latitude": -22.9356128, "longitude": -47.0509907, "fonte_geocodificacao": "Google Geocoding API", "opm_nome": "2. PEL F T", "opm_descricao": "CPI-2 35.BPM/I EM P/3 2. PEL F T", "opm_codigo": "602358330" }, "geometry": { "type": "Point", "coordinates": [ -47.0509907, -22.9356128 ] } },
{ "type": "Feature", "properties": { "id_comando": "CPI-2", "nome_comando": "2º Comando de Policiamento do Interior (CPI-2)", "nome_batalhao": "35º BPM/I", "tipo_batalhao": "Interior", "companhia": "EM", "pelotao": "P/4", "grupo": "0", "cidade": "Campinas", "endereco": "AVENIDA WASHIGNTON LUÍS, 2300, VL MARIETA - Campinas", "latitude": -22.9356128, "longitude": -47.0509907, "fonte_geocodificacao": "Google Geocoding API", "opm_nome": "P/4", "opm_descricao": "CPI-2 35.BPM/I EM P/4 0", "opm_codigo": "602358400" }, "geometry": { "type": "Point", "coordinates": [ -47.0509907, -22.9356128 ] } },
{ "type": "Feature", "properties": { "id_comando": "CPI-2", "nome_comando": "2º Comando de Policiamento do Interior (CPI-2)", "nome_batalhao": "35º BPM/I", "tipo_batalhao": "Interior", "companhia": "EM", "pelotao": "SEC PJMD", "grupo": "0", "cidade": "Campinas", "endereco": "AVENIDA WASHIGNTON LUÍS, 2300, VL MARIETA - Campinas", "latitude": -22.9356128, "longitude": -47.0509907, "fonte_geocodificacao": "Google Geocoding API", "opm_nome": "SECAO DE POLICIA JUDICIARIA MILITAR E DISCIPLINA", "opm_descricao": "CPI-2 35.BPM/I EM SEC PJMD 0", "opm_codigo": "602358600" }, "geometry": { "type": "Point", "coordinates": [ -47.0509907, -22.9356128 ] } },
{ "type": "Feature", "properties": { "id_comando": "CPI-2", "nome_comando": "2º Comando de Policiamento do Interior (CPI-2)", "nome_batalhao": "47º BPM/I", "tipo_batalhao": "Interior", "companhia": "1.CIA PM", "pelotao": "ADM", "grupo": "0", "cidade": "Campinas", "endereco": "RODOVIA SANTOS DUMONT KM 66, 0  S/N, PARQUE VIRACOPOS - Campinas", "latitude": -23.0162871, "longitude": -47.1417296, "fonte_geocodificacao": "Google Geocoding API", "opm_nome": "ADMINISTRACAO", "opm_descricao": "CPI-2 47.BPM/I 1.CIA PM ADM 0", "opm_codigo": "602471500" }, "geometry": { "type": "Point", "coordinates": [ -47.1417296, -23.0162871 ] } },
{ "type": "Feature", "properties": { "id_comando": "CPI-2", "nome_comando": "2º Comando de Policiamento do Interior (CPI-2)", "nome_batalhao": "47º BPM/I", "tipo_batalhao": "Interior", "companhia": "2.CIA PM", "pelotao": "ADM", "grupo": "0", "cidade": "Campinas", "endereco": "RUA NATALE BERTUCI, 138, PARQUE VALENÇA - Campinas", "latitude": -22.9490019, "longitude": -47.1881646, "fonte_geocodificacao": "Google Geocoding API", "opm_nome": "ADMINISTRACAO", "opm_descricao": "CPI-2 47.BPM/I 2.CIA PM ADM 0", "opm_codigo": "602472500" }, "geometry": { "type": "Point", "coordinates": [ -47.1881646, -22.9490019 ] } },
{ "type": "Feature", "properties": { "id_comando": "CPI-2", "nome_comando": "2º Comando de Policiamento do Interior (CPI-2)", "nome_batalhao": "47º BPM/I", "tipo_batalhao": "Interior", "companhia": "3.CIA PM", "pelotao": "ADM", "grupo": "0", "cidade": "Campinas", "endereco": "RUA JOÃO CARDOSO, 47, VILA TEIXEIRA - Campinas", "latitude": -22.9037036, "longitude": -47.0817348, "fonte_geocodificacao": "Google Geocoding API", "opm_nome": "ADMINISTRACAO", "opm_descricao": "CPI-2 47.BPM/I 3.CIA PM ADM 0", "opm_codigo": "602473400" }, "geometry": { "type": "Point", "coordinates": [ -47.0817348, -22.9037036 ] } },
{ "type": "Feature", "properties": { "id_comando": "CPI-2", "nome_comando": "2º Comando de Policiamento do Interior (CPI-2)", "nome_batalhao": "47º BPM/I", "tipo_batalhao": "Interior", "companhia": "4.CIA PM", "pelotao": "ADM", "grupo": "MOTOMEC", "cidade": "Indaiatuba", "endereco": "RUA ARMANDO SALLES DE OLIVEIRA, 473, VILA DE TODOS OS SANTOS - Indaiatuba", "latitude": -23.0798756, "longitude": -47.2132384, "fonte_geocodificacao": "Google Geocoding API", "opm_nome": "27.BPM/I MOTOMECANIZACAO", "opm_descricao": "CPI-2 47.BPM/I 4.CIA PM ADM MOTOMEC", "opm_codigo": "602474410" }, "geometry": { "type": "Point", "coordinates": [ -47.2132384, -23.0798756 ] } },
{ "type": "Feature", "properties": { "id_comando": "CPI-2", "nome_comando": "2º Comando de Policiamento do Interior (CPI-2)", "nome_batalhao": "47º BPM/I", "tipo_batalhao": "Interior", "companhia": "4.CIA PM", "pelotao": "ADM", "grupo": "0", "cidade": "Indaiatuba", "endereco": "RUA ARMANDO SALLES DE OLIVEIRA, 473, VILA TODOS OS SANTOS - Indaiatuba", "latitude": -23.0798756, "longitude": -47.2132384, "fonte_geocodificacao": "Google Geocoding API", "opm_nome": "ADMINISTRACAO", "opm_descricao": "CPI-2 47.BPM/I 4.CIA PM ADM 0", "opm_codigo": "602474400" }, "geometry": { "type": "Point", "coordinates": [ -47.2132384, -23.0798756 ] } },
{ "type": "Feature", "properties": { "id_comando": "CPI-2", "nome_comando": "2º Comando de Policiamento do Interior (CPI-2)", "nome_batalhao": "47º BPM/I", "tipo_batalhao": "Interior", "companhia": "5.CIA PM", "pelotao": "0", "grupo": "0", "cidade": "Campinas", "endereco": "RUA JURANDIR FERRAZ DE CAMPOS, 545, JARDIM NOVA APARECIDA - Campinas", "latitude": -22.8537538, "longitude": -47.1569909, "fonte_geocodificacao": "Google Geocoding API", "opm_nome": "5. COMPANHIA DE POLICIA MILITAR", "opm_descricao": "CPI-2 47.BPM/I 5.CIA PM 0 0", "opm_codigo": "602475000" }, "geometry": { "type": "Point", "coordinates": [ -47.1569909, -22.8537538 ] } },
{ "type": "Feature", "properties": { "id_comando": "CPI-2", "nome_comando": "2º Comando de Policiamento do Interior (CPI-2)", "nome_batalhao": "47º BPM/I", "tipo_batalhao": "Interior", "companhia": "5.CIA PM", "pelotao": "ADM", "grupo": "0", "cidade": "Campinas", "endereco": "RUA JURANDIR FERRAZ DE CAMPOS, 545, VILA PADRE ANCHIETA - Campinas", "latitude": -22.8537538, "longitude": -47.1569909, "fonte_geocodificacao": "Google Geocoding API", "opm_nome": "ADMINISTRACAO", "opm_descricao": "CPI-2 47.BPM/I 5.CIA PM ADM 0", "opm_codigo": "602475500" }, "geometry": { "type": "Point", "coordinates": [ -47.1569909, -22.8537538 ] } },
{ "type": "Feature", "properties": { "id_comando": "CPI-2", "nome_comando": "2º Comando de Policiamento do Interior (CPI-2)", "nome_batalhao": "47º BPM/I", "tipo_batalhao": "Interior", "companhia": "6.CIA PM", "pelotao": "0", "grupo": "0", "cidade": "Campinas", "endereco": "RUA JOÃO CARDOSO, 47, VILA TEIXEIRA - Campinas", "latitude": -22.9037036, "longitude": -47.0817348, "fonte_geocodificacao": "Google Geocoding API", "opm_nome": "6. COMPANHIA DE POLICIA MILITAR", "opm_descricao": "CPI-2 47.BPM/I 6.CIA PM 0 0", "opm_codigo": "602476000" }, "geometry": { "type": "Point", "coordinates": [ -47.0817348, -22.9037036 ] } },
{ "type": "Feature", "properties": { "id_comando": "CPI-2", "nome_comando": "2º Comando de Policiamento do Interior (CPI-2)", "nome_batalhao": "47º BPM/I", "tipo_batalhao": "Interior", "companhia": "6.CIA PM", "pelotao": "ADM", "grupo": "0", "cidade": "Campinas", "endereco": "RUA JOÃO CARDOSO, 47, VILA TEIXEIRA - Campinas", "latitude": -22.9037036, "longitude": -47.0817348, "fonte_geocodificacao": "Google Geocoding API", "opm_nome": "ADMINISTRACAO", "opm_descricao": "CPI-2 47.BPM/I 6.CIA PM ADM 0", "opm_codigo": "602476100" }, "geometry": { "type": "Point", "coordinates": [ -47.0817348, -22.9037036 ] } },
{ "type": "Feature", "properties": { "id_comando": "CPI-2", "nome_comando": "2º Comando de Policiamento do Interior (CPI-2)", "nome_batalhao": "47º BPM/I", "tipo_batalhao": "Interior", "companhia": "EM", "pelotao": "P/1 P/5", "grupo": "GUARDA QUARTEL", "cidade": "Campinas", "endereco": "RUA JOÃO CARDOSO, 47, VILA TEIXEIRA - Campinas", "latitude": -22.9037036, "longitude": -47.0817348, "fonte_geocodificacao": "Google Geocoding API", "opm_nome": "GUARDA DO QUARTEL", "opm_descricao": "CPI-2 47.BPM/I EM P/1 P/5 GUARDA QUARTEL", "opm_codigo": "602479110" }, "geometry": { "type": "Point", "coordinates": [ -47.0817348, -22.9037036 ] } },
{ "type": "Feature", "properties": { "id_comando": "CPI-2", "nome_comando": "2º Comando de Policiamento do Interior (CPI-2)", "nome_batalhao": "47º BPM/I", "tipo_batalhao": "Interior", "companhia": "EM", "pelotao": "P/2", "grupo": "0", "cidade": "Campinas", "endereco": "RUA JOÃO CARDOSO, 0  SEM NUMERO, VILA TEIXEIRA - Campinas", "latitude": -22.9033204, "longitude": -47.0822128, "fonte_geocodificacao": "Google Geocoding API", "opm_nome": "P/2", "opm_descricao": "CPI-2 47.BPM/I EM P/2 0", "opm_codigo": "602479200" }, "geometry": { "type": "Point", "coordinates": [ -47.0822128, -22.9033204 ] } },
{ "type": "Feature", "properties": { "id_comando": "CPI-2", "nome_comando": "2º Comando de Policiamento do Interior (CPI-2)", "nome_batalhao": "47º BPM/I", "tipo_batalhao": "Interior", "companhia": "EM", "pelotao": "P/3", "grupo": "CFP", "cidade": "Campinas", "endereco": "RUA JOÃO CARDOSO, 47, VILA TEIXEIRA - Campinas", "latitude": -22.9037036, "longitude": -47.0817348, "fonte_geocodificacao": "Google Geocoding API", "opm_nome": "COMANDO DE FORCA  PATRULHA", "opm_descricao": "CPI-2 47.BPM/I EM P/3 CFP", "opm_codigo": "602479310" }, "geometry": { "type": "Point", "coordinates": [ -47.0817348, -22.9037036 ] } },
{ "type": "Feature", "properties": { "id_comando": "CPI-2", "nome_comando": "2º Comando de Policiamento do Interior (CPI-2)", "nome_batalhao": "47º BPM/I", "tipo_batalhao": "Interior", "companhia": "EM", "pelotao": "P/4", "grupo": "0", "cidade": "Campinas", "endereco": "RUA JOÃO CARDOSO, 47, VILA TEIXEIRA - Campinas", "latitude": -22.9037036, "longitude": -47.0817348, "fonte_geocodificacao": "Google Geocoding API", "opm_nome": "P/4", "opm_descricao": "CPI-2 47.BPM/I EM P/4 0", "opm_codigo": "602479400" }, "geometry": { "type": "Point", "coordinates": [ -47.0817348, -22.9037036 ] } },
{ "type": "Feature", "properties": { "id_comando": "CPI-2", "nome_comando": "2º Comando de Policiamento do Interior (CPI-2)", "nome_batalhao": "47º BPM/I", "tipo_batalhao": "Interior", "companhia": "EM", "pelotao": "SEC PJMD", "grupo": "0", "cidade": "Campinas", "endereco": "RUA JOÃO CARDOSO, 0  SEM NUMERO, VILA TEIXEIRA - Campinas", "latitude": -22.9033204, "longitude": -47.0822128, "fonte_geocodificacao": "Google Geocoding API", "opm_nome": "SECAO POLICIA JUDICIARIA MILITAR E DISCIPLINA", "opm_descricao": "CPI-2 47.BPM/I EM SEC PJMD 0", "opm_codigo": "602479600" }, "geometry": { "type": "Point", "coordinates": [ -47.0822128, -22.9033204 ] } },
{ "type": "Feature", "properties": { "id_comando": "CPI-2", "nome_comando": "2º Comando de Policiamento do Interior (CPI-2)", "nome_batalhao": "49º BPM/I", "tipo_batalhao": "Interior", "companhia": "1.CIA PM", "pelotao": "ADM", "grupo": "0", "cidade": "Jundiai", "endereco": "AVENIDA COMENDADOR ANTÔNIO BORIN, 3480, CAXAMBÚ - Jundiai", "latitude": -23.1548962, "longitude": -46.8489858, "fonte_geocodificacao": "Google Geocoding API", "opm_nome": "ADMINISTRACAO", "opm_descricao": "CPI-2 49.BPM/I 1.CIA PM ADM 0", "opm_codigo": "602491500" }, "geometry": { "type": "Point", "coordinates": [ -46.8489858, -23.1548962 ] } },
{ "type": "Feature", "properties": { "id_comando": "CPI-2", "nome_comando": "2º Comando de Policiamento do Interior (CPI-2)", "nome_batalhao": "49º BPM/I", "tipo_batalhao": "Interior", "companhia": "2.CIA PM", "pelotao": "", "grupo": "GP/F TAT", "cidade": "Itatiba", "endereco": "RUA CASTRO ALVES, 372, JARDIM SANTA TEREZINHA - Itatiba", "latitude": -23.0088185, "longitude": -46.8303863, "fonte_geocodificacao": "Google Geocoding API", "opm_nome": "GP FT", "opm_descricao": "CPI-2 49.BPM/I 2.CIA PM GP/F TAT", "opm_codigo": "602492004" }, "geometry": { "type": "Point", "coordinates": [ -46.8303863, -23.0088185 ] } },
{ "type": "Feature", "properties": { "id_comando": "CPI-2", "nome_comando": "2º Comando de Policiamento do Interior (CPI-2)", "nome_batalhao": "49º BPM/I", "tipo_batalhao": "Interior", "companhia": "2.CIA PM", "pelotao": "ADM", "grupo": "0", "cidade": "Itatiba", "endereco": "RUA CASTRO ALVES, 372, VL SANTA TEREZINHA - Itatiba", "latitude": -23.0088185, "longitude": -46.8303863, "fonte_geocodificacao": "Google Geocoding API", "opm_nome": "ADMINISTRACAO", "opm_descricao": "CPI-2 49.BPM/I 2.CIA PM ADM 0", "opm_codigo": "602492300" }, "geometry": { "type": "Point", "coordinates": [ -46.8303863, -23.0088185 ] } },
{ "type": "Feature", "properties": { "id_comando": "CPI-2", "nome_comando": "2º Comando de Policiamento do Interior (CPI-2)", "nome_batalhao": "49º BPM/I", "tipo_batalhao": "Interior", "companhia": "2.CIA PM", "pelotao": "PEL PM", "grupo": "0", "cidade": "Louveira", "endereco": "rua vinte e um de março, 66, vila pasti - Louveira", "latitude": -23.0854578, "longitude": -46.9485431, "fonte_geocodificacao": "Google Geocoding API", "opm_nome": "PELOTAO POLICIAL MILITAR", "opm_descricao": "CPI-2 49.BPM/I 2.CIA PM PEL PM 0", "opm_codigo": "602492100" }, "geometry": { "type": "Point", "coordinates": [ -46.948543099999988, -23.0854578 ] } },
{ "type": "Feature", "properties": { "id_comando": "CPI-2", "nome_comando": "2º Comando de Policiamento do Interior (CPI-2)", "nome_batalhao": "49º BPM/I", "tipo_batalhao": "Interior", "companhia": "2.CIA PM", "pelotao": "0", "grupo": "GP/PM", "cidade": "Morungaba", "endereco": "RUA PEREIRA CARDOSO, 34, CENTRO - Morungaba", "latitude": -22.8799298, "longitude": -46.7917631, "fonte_geocodificacao": "Google Geocoding API", "opm_nome": "GRUPO POLICIAL MILITAR", "opm_descricao": "CPI-2 49.BPM/I 2.CIA PM 0 GP/PM", "opm_codigo": "602492001" }, "geometry": { "type": "Point", "coordinates": [ -46.7917631, -22.8799298 ] } },
{ "type": "Feature", "properties": { "id_comando": "CPI-2", "nome_comando": "2º Comando de Policiamento do Interior (CPI-2)", "nome_batalhao": "49º BPM/I", "tipo_batalhao": "Interior", "companhia": "3.CIA PM", "pelotao": "PEL PM", "grupo": "0", "cidade": "Campo Limpo Paulista", "endereco": "AVENIDA DOS EMANCIPADORES, 633, JARDIM SANTA CATARINA - Campo Limpo Paulista", "latitude": -23.206869, "longitude": -46.7779454, "fonte_geocodificacao": "Google Geocoding API", "opm_nome": "PELOTAO POLICIAL MILITAR", "opm_descricao": "CPI-2 49.BPM/I 3.CIA PM PEL PM 0", "opm_codigo": "602493100" }, "geometry": { "type": "Point", "coordinates": [ -46.7779454, -23.206869 ] } },
{ "type": "Feature", "properties": { "id_comando": "CPI-2", "nome_comando": "2º Comando de Policiamento do Interior (CPI-2)", "nome_batalhao": "49º BPM/I", "tipo_batalhao": "Interior", "companhia": "3.CIA PM", "pelotao": "2.PEL PM", "grupo": "0", "cidade": "Itatiba", "endereco": "INEXISTENTE, 0, INEXISTENTE - Itatiba", "latitude": -23.0116481, "longitude": -46.8376019, "fonte_geocodificacao": "Google Geocoding API", "opm_nome": "49.BPM/I 3.CIA PM 2.PEL PM", "opm_descricao": "CPI-2 49.BPM/I 3.CIA PM 2.PEL PM 0", "opm_codigo": "602493200" }, "geometry": { "type": "Point", "coordinates": [ -46.8376019, -23.0116481 ] } },
{ "type": "Feature", "properties": { "id_comando": "CPI-2", "nome_comando": "2º Comando de Policiamento do Interior (CPI-2)", "nome_batalhao": "49º BPM/I", "tipo_batalhao": "Interior", "companhia": "3.CIA PM", "pelotao": "3.PEL PM", "grupo": "0", "cidade": "Itatiba", "endereco": "INEXISTENTE, 0, INEXISTENTE - Itatiba", "latitude": -23.0116481, "longitude": -46.8376019, "fonte_geocodificacao": "Google Geocoding API", "opm_nome": "49.BPM/I 3.CIA PM 3.PEL PM", "opm_descricao": "CPI-2 49.BPM/I 3.CIA PM 3.PEL PM 0", "opm_codigo": "602493300" }, "geometry": { "type": "Point", "coordinates": [ -46.8376019, -23.0116481 ] } },
{ "type": "Feature", "properties": { "id_comando": "CPI-2", "nome_comando": "2º Comando de Policiamento do Interior (CPI-2)", "nome_batalhao": "49º BPM/I", "tipo_batalhao": "Interior", "companhia": "3.CIA PM", "pelotao": "0", "grupo": "GP/PM", "cidade": "Jarinu", "endereco": "RUA EUGÊNIO DA SILVA BRESSANE, 76, JARDIM SAUDE - Jarinu", "latitude": -23.1023357, "longitude": -46.730258, "fonte_geocodificacao": "Google Geocoding API", "opm_nome": "GRUPO POLICIAL MILITAR", "opm_descricao": "CPI-2 49.BPM/I 3.CIA PM 0 GP/PM", "opm_codigo": "602493001" }, "geometry": { "type": "Point", "coordinates": [ -46.730258, -23.1023357 ] } },
{ "type": "Feature", "properties": { "id_comando": "CPI-2", "nome_comando": "2º Comando de Policiamento do Interior (CPI-2)", "nome_batalhao": "49º BPM/I", "tipo_batalhao": "Interior", "companhia": "3.CIA PM", "pelotao": "", "grupo": "GP FT", "cidade": "Jundiai", "endereco": "AVENIDA COMENDADOR ANTÔNIO BORIN, 3480, CAXAMBÚ - Jundiai", "latitude": -23.1548962, "longitude": -46.8489858, "fonte_geocodificacao": "Google Geocoding API", "opm_nome": "GP FT", "opm_descricao": "CPI-2 49.BPM/I 3.CIA PM GP FT", "opm_codigo": "602493002" }, "geometry": { "type": "Point", "coordinates": [ -46.8489858, -23.1548962 ] } },
{ "type": "Feature", "properties": { "id_comando": "CPI-2", "nome_comando": "2º Comando de Policiamento do Interior (CPI-2)", "nome_batalhao": "49º BPM/I", "tipo_batalhao": "Interior", "companhia": "3.CIA PM", "pelotao": "ADM", "grupo": "0", "cidade": "Varzea Paulista", "endereco": "RUA FREI HENRIQUE DE COIMBRA, 42, JARDIM DAS ACÁCIAS - Varzea Paulista", "latitude": -23.2116108, "longitude": -46.8079879, "fonte_geocodificacao": "Google Geocoding API", "opm_nome": "ADMINISTRACAO", "opm_descricao": "CPI-2 49.BPM/I 3.CIA PM ADM 0", "opm_codigo": "602493600" }, "geometry": { "type": "Point", "coordinates": [ -46.8079879, -23.2116108 ] } },
{ "type": "Feature", "properties": { "id_comando": "CPI-2", "nome_comando": "2º Comando de Policiamento do Interior (CPI-2)", "nome_batalhao": "49º BPM/I", "tipo_batalhao": "Interior", "companhia": "EM", "pelotao": "P/3", "grupo": "1. PEL FT", "cidade": "Jundiai", "endereco": "AVENIDA COMENDADOR ANTÔNIO BORIN, 3480, CAXAMBU - Jundiai", "latitude": -23.1548962, "longitude": -46.8489858, "fonte_geocodificacao": "Google Geocoding API", "opm_nome": "1. PEL FT", "opm_descricao": "CPI-2 49.BPM/I EM P/3 1. PEL FT", "opm_codigo": "602499310" }, "geometry": { "type": "Point", "coordinates": [ -46.8489858, -23.1548962 ] } },
{ "type": "Feature", "properties": { "id_comando": "CPI-2", "nome_comando": "2º Comando de Policiamento do Interior (CPI-2)", "nome_batalhao": "49º BPM/I", "tipo_batalhao": "Interior", "companhia": "EM", "pelotao": "P/3", "grupo": "2. PEL FT", "cidade": "Jundiai", "endereco": "AVENIDA COMENDADOR ANTÔNIO BORIN, 3480, CAXAMBÚ - Jundiai", "latitude": -23.1548962, "longitude": -46.8489858, "fonte_geocodificacao": "Google Geocoding API", "opm_nome": "2. PEL FT", "opm_descricao": "CPI-2 49.BPM/I EM P/3 2. PEL FT", "opm_codigo": "602499320" }, "geometry": { "type": "Point", "coordinates": [ -46.8489858, -23.1548962 ] } },
{ "type": "Feature", "properties": { "id_comando": "CPI-2", "nome_comando": "2º Comando de Policiamento do Interior (CPI-2)", "nome_batalhao": "49º BPM/I", "tipo_batalhao": "Interior", "companhia": "EM", "pelotao": "P/1 E P/5", "grupo": "GD QUARTEL", "cidade": "Jundiai", "endereco": "RUA BARÃO DO RIO BRANCO, 318, VILA ARENS - Jundiai", "latitude": -23.1956012, "longitude": -46.8760892, "fonte_geocodificacao": "Google Geocoding API", "opm_nome": "GUARDA DO QUARTEL", "opm_descricao": "CPI-2 49.BPM/I EM P/1 E P/5 GD QUARTEL", "opm_codigo": "602499110" }, "geometry": { "type": "Point", "coordinates": [ -46.8760892, -23.1956012 ] } },
{ "type": "Feature", "properties": { "id_comando": "CPI-2", "nome_comando": "2º Comando de Policiamento do Interior (CPI-2)", "nome_batalhao": "49º BPM/I", "tipo_batalhao": "Interior", "companhia": "EM", "pelotao": "P/3", "grupo": "CFP", "cidade": "Jundiai", "endereco": "RUA BARÃO DO RIO BRANCO, 318, VILA ARENS - Jundiai", "latitude": -23.1956012, "longitude": -46.8760892, "fonte_geocodificacao": "Google Geocoding API", "opm_nome": "COMANDO FORCA PATRULHA", "opm_descricao": "CPI-2 49.BPM/I EM P/3 CFP", "opm_codigo": "602499330" }, "geometry": { "type": "Point", "coordinates": [ -46.8760892, -23.1956012 ] } },
{ "type": "Feature", "properties": { "id_comando": "CPI-2", "nome_comando": "2º Comando de Policiamento do Interior (CPI-2)", "nome_batalhao": "49º BPM/I", "tipo_batalhao": "Interior", "companhia": "EM", "pelotao": "P/1 E P/5", "grupo": "0", "cidade": "Jundiai", "endereco": "RUA BARÃO DO RIO BRANCO, 318, VILA ARENS E PROGRESSO - Jundiai", "latitude": -23.1956012, "longitude": -46.8760892, "fonte_geocodificacao": "Google Geocoding API", "opm_nome": "P/1 E P/5", "opm_descricao": "CPI-2 49.BPM/I EM P/1 E P/5 0", "opm_codigo": "602499100" }, "geometry": { "type": "Point", "coordinates": [ -46.8760892, -23.1956012 ] } },
{ "type": "Feature", "properties": { "id_comando": "CPI-2", "nome_comando": "2º Comando de Policiamento do Interior (CPI-2)", "nome_batalhao": "49º BPM/I", "tipo_batalhao": "Interior", "companhia": "EM", "pelotao": "P/2", "grupo": "0", "cidade": "Jundiai", "endereco": "RUA BARÃO DO RIO BRANCO, 318, VILA ARENS E PROGRESSO - Jundiai", "latitude": -23.1956012, "longitude": -46.8760892, "fonte_geocodificacao": "Google Geocoding API", "opm_nome": "P/2", "opm_descricao": "CPI-2 49.BPM/I EM P/2 0", "opm_codigo": "602499200" }, "geometry": { "type": "Point", "coordinates": [ -46.8760892, -23.1956012 ] } },
{ "type": "Feature", "properties": { "id_comando": "CPI-2", "nome_comando": "2º Comando de Policiamento do Interior (CPI-2)", "nome_batalhao": "49º BPM/I", "tipo_batalhao": "Interior", "companhia": "EM", "pelotao": "P/4", "grupo": "0", "cidade": "Jundiai", "endereco": "RUA BARÃO DO RIO BRANCO, 318, VILA ARENS E PROGRESSO - Jundiai", "latitude": -23.1956012, "longitude": -46.8760892, "fonte_geocodificacao": "Google Geocoding API", "opm_nome": "P/4", "opm_descricao": "CPI-2 49.BPM/I EM P/4 0", "opm_codigo": "602499400" }, "geometry": { "type": "Point", "coordinates": [ -46.8760892, -23.1956012 ] } },
{ "type": "Feature", "properties": { "id_comando": "CPI-2", "nome_comando": "2º Comando de Policiamento do Interior (CPI-2)", "nome_batalhao": "49º BPM/I", "tipo_batalhao": "Interior", "companhia": "EM", "pelotao": "P/5", "grupo": "0", "cidade": "Jundiai", "endereco": "RUA BARÃO DO RIO BRANCO, 318, VILA ARENS E PROGRESSO - Jundiai", "latitude": -23.1956012, "longitude": -46.8760892, "fonte_geocodificacao": "Google Geocoding API", "opm_nome": "49.BPM/I P/5", "opm_descricao": "CPI-2 49.BPM/I EM P/5 0", "opm_codigo": "602499500" }, "geometry": { "type": "Point", "coordinates": [ -46.8760892, -23.1956012 ] } },
{ "type": "Feature", "properties": { "id_comando": "CPI-2", "nome_comando": "2º Comando de Policiamento do Interior (CPI-2)", "nome_batalhao": "49º BPM/I", "tipo_batalhao": "Interior", "companhia": "EM", "pelotao": "SEC PJMD", "grupo": "0", "cidade": "Jundiai", "endereco": "RUA BARÃO DO RIO BRANCO, 318, VILA ARENS E PROGRESSO - Jundiai", "latitude": -23.1956012, "longitude": -46.8760892, "fonte_geocodificacao": "Google Geocoding API", "opm_nome": "SECAO DE POLICIA JUDICIARIA MILITAR E DISCIPLINA", "opm_descricao": "CPI-2 49.BPM/I EM SEC PJMD 0", "opm_codigo": "602499600" }, "geometry": { "type": "Point", "coordinates": [ -46.8760892, -23.1956012 ] } },
{ "type": "Feature", "properties": { "id_comando": "CPI-2", "nome_comando": "2º Comando de Policiamento do Interior (CPI-2)", "nome_batalhao": "49º BPM/I", "tipo_batalhao": "Interior", "companhia": "EM", "pelotao": "DIV OP", "grupo": "0", "cidade": "Jundiai", "endereco": "Rua Barão do Rio Branco, 318, Vila Santa Rosa - Jundiai", "latitude": -23.1956012, "longitude": -46.8760892, "fonte_geocodificacao": "Google Geocoding API", "opm_nome": "DIVISAO OPERACIONAL", "opm_descricao": "CPI-2 49.BPM/I EM DIV OP 0", "opm_codigo": "602499300" }, "geometry": { "type": "Point", "coordinates": [ -46.8760892, -23.1956012 ] } },
{ "type": "Feature", "properties": { "id_comando": "CPI-2", "nome_comando": "2º Comando de Policiamento do Interior (CPI-2)", "nome_batalhao": "49º BPM/I", "tipo_batalhao": "Interior", "companhia": "EM", "pelotao": "P/3", "grupo": "0", "cidade": "Jundiai", "endereco": "RUA BARÃO DO RIO BRANCO, 318, VILA SANTA ROSA - Jundiai", "latitude": -23.1956012, "longitude": -46.8760892, "fonte_geocodificacao": "Google Geocoding API", "opm_nome": "P/3", "opm_descricao": "CPI-2 49.BPM/I EM P/3 0", "opm_codigo": "602490930" }, "geometry": { "type": "Point", "coordinates": [ -46.8760892, -23.1956012 ] } },
{ "type": "Feature", "properties": { "id_comando": "CPI-2", "nome_comando": "2º Comando de Policiamento do Interior (CPI-2)", "nome_batalhao": "49º BPM/I", "tipo_batalhao": "Interior", "companhia": "EM", "pelotao": "UIS", "grupo": "0", "cidade": "Jundiai", "endereco": "RUA BARÃO DO RIO BRANCO, 318, VILA SANTA ROSA - Jundiai", "latitude": -23.1956012, "longitude": -46.8760892, "fonte_geocodificacao": "Google Geocoding API", "opm_nome": "UNIDADE INTEGRADA DE SAUDE", "opm_descricao": "CPI-2 49.BPM/I EM UIS 0", "opm_codigo": "602499010" }, "geometry": { "type": "Point", "coordinates": [ -46.8760892, -23.1956012 ] } },
{ "type": "Feature", "properties": { "id_comando": "CPI-2", "nome_comando": "2º Comando de Policiamento do Interior (CPI-2)", "nome_batalhao": "49º BPM/I", "tipo_batalhao": "Interior", "companhia": "EM", "pelotao": "UIS", "grupo": "GAB MEDICO", "cidade": "Jundiai", "endereco": "RUA BARÃO DO RIO BRANCO, 318, VILA SANTA ROSA - Jundiai", "latitude": -23.1956012, "longitude": -46.8760892, "fonte_geocodificacao": "Google Geocoding API", "opm_nome": "GABINETE MEDICO", "opm_descricao": "CPI-2 49.BPM/I EM UIS GAB MEDICO", "opm_codigo": "602499011" }, "geometry": { "type": "Point", "coordinates": [ -46.8760892, -23.1956012 ] } },
{ "type": "Feature", "properties": { "id_comando": "CPI-2", "nome_comando": "2º Comando de Policiamento do Interior (CPI-2)", "nome_batalhao": "49º BPM/I", "tipo_batalhao": "Interior", "companhia": "EM", "pelotao": "UIS", "grupo": "GAB ODONTO", "cidade": "Jundiai", "endereco": "RUA BARÃO DO RIO BRANCO, 318, VILA SANTA ROSA - Jundiai", "latitude": -23.1956012, "longitude": -46.8760892, "fonte_geocodificacao": "Google Geocoding API", "opm_nome": "GABINETE ODONTOLOGICO", "opm_descricao": "CPI-2 49.BPM/I EM UIS GAB ODONTO", "opm_codigo": "602499012" }, "geometry": { "type": "Point", "coordinates": [ -46.8760892, -23.1956012 ] } },
{ "type": "Feature", "properties": { "id_comando": "CPI-2", "nome_comando": "2º Comando de Policiamento do Interior (CPI-2)", "nome_batalhao": "49º BPM/I", "tipo_batalhao": "Interior", "companhia": "EM", "pelotao": "MOTOMEC", "grupo": "0", "cidade": "Jundiai", "endereco": "RUA BARÃO DO RIO BRANCO, 318, VILA SANTA ROSA - Jundiai", "latitude": -23.1956012, "longitude": -46.8760892, "fonte_geocodificacao": "Google Geocoding API", "opm_nome": "49.BPM/I EM MOTOMEC", "opm_descricao": "CPI-2 49.BPM/I EM MOTOMEC 0", "opm_codigo": "602499700" }, "geometry": { "type": "Point", "coordinates": [ -46.8760892, -23.1956012 ] } },
{ "type": "Feature", "properties": { "id_comando": "CPI-2", "nome_comando": "2º Comando de Policiamento do Interior (CPI-2)", "nome_batalhao": "49º BPM/I", "tipo_batalhao": "Interior", "companhia": "EM", "pelotao": "UIS MEDICA", "grupo": "0", "cidade": "Jundiai", "endereco": "RUA BARÃO DO RIO BRANCO, 318, VILA SANTA ROSA - Jundiai", "latitude": -23.1956012, "longitude": -46.8760892, "fonte_geocodificacao": "Google Geocoding API", "opm_nome": "49.BPM/I EM UIS MEDICA", "opm_descricao": "CPI-2 49.BPM/I EM UIS MEDICA 0", "opm_codigo": "602499800" }, "geometry": { "type": "Point", "coordinates": [ -46.8760892, -23.1956012 ] } },
{ "type": "Feature", "properties": { "id_comando": "CPI-2", "nome_comando": "2º Comando de Policiamento do Interior (CPI-2)", "nome_batalhao": "49º BPM/I", "tipo_batalhao": "Interior", "companhia": "EM", "pelotao": "UIS ODONTO", "grupo": "0", "cidade": "Jundiai", "endereco": "RUA BARÃO DO RIO BRANCO, 318, VILA SANTA ROSA - Jundiai", "latitude": -23.1956012, "longitude": -46.8760892, "fonte_geocodificacao": "Google Geocoding API", "opm_nome": "49.BPM/I EM UIS ODONTO", "opm_descricao": "CPI-2 49.BPM/I EM UIS ODONTO 0", "opm_codigo": "602499900" }, "geometry": { "type": "Point", "coordinates": [ -46.8760892, -23.1956012 ] } },
{ "type": "Feature", "properties": { "id_comando": "CPI-2", "nome_comando": "2º Comando de Policiamento do Interior (CPI-2)", "nome_batalhao": "8º BPM/I", "tipo_batalhao": "Interior", "companhia": "1.CIA PM", "pelotao": "ADM", "grupo": "0", "cidade": "Campinas", "endereco": "RUA LUÍS GAMA, 298, BONFIM - Campinas", "latitude": -22.900205, "longitude": -47.078595, "fonte_geocodificacao": "Google Geocoding API", "opm_nome": "ADMINISTRACAO", "opm_descricao": "CPI-2 8.BPM/I 1.CIA PM ADM 0", "opm_codigo": "602081600" }, "geometry": { "type": "Point", "coordinates": [ -47.078595, -22.900205 ] } },
{ "type": "Feature", "properties": { "id_comando": "CPI-2", "nome_comando": "2º Comando de Policiamento do Interior (CPI-2)", "nome_batalhao": "8º BPM/I", "tipo_batalhao": "Interior", "companhia": "2.CIA PM", "pelotao": "ADM", "grupo": "0", "cidade": "Campinas", "endereco": "RUA MARQUÊS DE ABRANTES, 221, JARDIM SANTA GENEBRA - Campinas", "latitude": -22.8457239, "longitude": -47.0681794, "fonte_geocodificacao": "Google Geocoding API", "opm_nome": "ADMINISTRACAO", "opm_descricao": "CPI-2 8.BPM/I 2.CIA PM ADM 0", "opm_codigo": "602082500" }, "geometry": { "type": "Point", "coordinates": [ -47.0681794, -22.8457239 ] } },
{ "type": "Feature", "properties": { "id_comando": "CPI-2", "nome_comando": "2º Comando de Policiamento do Interior (CPI-2)", "nome_batalhao": "8º BPM/I", "tipo_batalhao": "Interior", "companhia": "3.CIA PM", "pelotao": "ADM", "grupo": "0", "cidade": "Campinas", "endereco": "RUA ANA MARIA DE SOUZA, 61, JD STA GENEBRA - Campinas", "latitude": -22.8346555, "longitude": -47.0779868, "fonte_geocodificacao": "Google Geocoding API", "opm_nome": "ADMINISTRACAO", "opm_descricao": "CPI-2 8.BPM/I 3.CIA PM ADM 0", "opm_codigo": "602083600" }, "geometry": { "type": "Point", "coordinates": [ -47.0779868, -22.8346555 ] } },
{ "type": "Feature", "properties": { "id_comando": "CPI-2", "nome_comando": "2º Comando de Policiamento do Interior (CPI-2)", "nome_batalhao": "8º BPM/I", "tipo_batalhao": "Interior", "companhia": "4.CIA PM", "pelotao": "ADM", "grupo": "0", "cidade": "Paulinia", "endereco": "AVENIDA JOSÉ PAULINO, 3112, JARDIM EUROPA - Paulinia", "latitude": -22.7785335, "longitude": -47.1441084, "fonte_geocodificacao": "Google Geocoding API", "opm_nome": "ADMINISTRACAO", "opm_descricao": "CPI-2 8.BPM/I 4.CIA PM ADM 0", "opm_codigo": "602084500" }, "geometry": { "type": "Point", "coordinates": [ -47.1441084, -22.7785335 ] } },
{ "type": "Feature", "properties": { "id_comando": "CPI-2", "nome_comando": "2º Comando de Policiamento do Interior (CPI-2)", "nome_batalhao": "8º BPM/I", "tipo_batalhao": "Interior", "companhia": "CIA F TAT", "pelotao": "1.PEL F TAT", "grupo": "0", "cidade": "Campinas", "endereco": "RUA LUÍS GAMA, 298, BONFIM - Campinas", "latitude": -22.900205, "longitude": -47.078595, "fonte_geocodificacao": "Google Geocoding API", "opm_nome": "1.PELOTAO FORCA TATICA", "opm_descricao": "CPI-2 8.BPM/I CIA F TAT 1.PEL F TAT 0", "opm_codigo": "602089100" }, "geometry": { "type": "Point", "coordinates": [ -47.078595, -22.900205 ] } },
{ "type": "Feature", "properties": { "id_comando": "CPI-2", "nome_comando": "2º Comando de Policiamento do Interior (CPI-2)", "nome_batalhao": "8º BPM/I", "tipo_batalhao": "Interior", "companhia": "EM", "pelotao": "P/1 P/5", "grupo": "GUARDA QUARTEL", "cidade": "Campinas", "endereco": "RUA LUÍS GAMA, 298, BONFIM - Campinas", "latitude": -22.900205, "longitude": -47.078595, "fonte_geocodificacao": "Google Geocoding API", "opm_nome": "GUARDA DO QUARTEL", "opm_descricao": "CPI-2 8.BPM/I EM P/1 P/5 GUARDA QUARTEL", "opm_codigo": "602088110" }, "geometry": { "type": "Point", "coordinates": [ -47.078595, -22.900205 ] } },
{ "type": "Feature", "properties": { "id_comando": "CPI-2", "nome_comando": "2º Comando de Policiamento do Interior (CPI-2)", "nome_batalhao": "8º BPM/I", "tipo_batalhao": "Interior", "companhia": "EM", "pelotao": "P/2", "grupo": "0", "cidade": "Campinas", "endereco": "RUA LUÍS GAMA, 298, BONFIM - Campinas", "latitude": -22.900205, "longitude": -47.078595, "fonte_geocodificacao": "Google Geocoding API", "opm_nome": "P/2", "opm_descricao": "CPI-2 8.BPM/I EM P/2 0", "opm_codigo": "602088200" }, "geometry": { "type": "Point", "coordinates": [ -47.078595, -22.900205 ] } },
{ "type": "Feature", "properties": { "id_comando": "CPI-2", "nome_comando": "2º Comando de Policiamento do Interior (CPI-2)", "nome_batalhao": "8º BPM/I", "tipo_batalhao": "Interior", "companhia": "EM", "pelotao": "P/3", "grupo": "CFP", "cidade": "Campinas", "endereco": "RUA LUÍS GAMA, 298, BONFIM - Campinas", "latitude": -22.900205, "longitude": -47.078595, "fonte_geocodificacao": "Google Geocoding API", "opm_nome": "COMANDO FORCA PATRULHA", "opm_descricao": "CPI-2 8.BPM/I EM P/3 CFP", "opm_codigo": "602088310" }, "geometry": { "type": "Point", "coordinates": [ -47.078595, -22.900205 ] } },
{ "type": "Feature", "properties": { "id_comando": "CPI-2", "nome_comando": "2º Comando de Policiamento do Interior (CPI-2)", "nome_batalhao": "8º BPM/I", "tipo_batalhao": "Interior", "companhia": "EM", "pelotao": "P/4", "grupo": "0", "cidade": "Campinas", "endereco": "RUA LUÍS GAMA, 298, BONFIM - Campinas", "latitude": -22.900205, "longitude": -47.078595, "fonte_geocodificacao": "Google Geocoding API", "opm_nome": "P/4", "opm_descricao": "CPI-2 8.BPM/I EM P/4 0", "opm_codigo": "602088400" }, "geometry": { "type": "Point", "coordinates": [ -47.078595, -22.900205 ] } },
{ "type": "Feature", "properties": { "id_comando": "CPI-2", "nome_comando": "2º Comando de Policiamento do Interior (CPI-2)", "nome_batalhao": "8º BPM/I", "tipo_batalhao": "Interior", "companhia": "EM", "pelotao": "SEC PJMD", "grupo": "0", "cidade": "Campinas", "endereco": "RUA LUÍS GAMA, 298, BONFIM - Campinas", "latitude": -22.900205, "longitude": -47.078595, "fonte_geocodificacao": "Google Geocoding API", "opm_nome": "SECAO DE POLICIA JUDICIARIA MILITAR E DISCIPLINA", "opm_descricao": "CPI-2 8.BPM/I EM SEC PJMD 0", "opm_codigo": "602088600" }, "geometry": { "type": "Point", "coordinates": [ -47.078595, -22.900205 ] } },
{ "type": "Feature", "properties": { "id_comando": "CPI-3", "nome_comando": "3º Comando de Policiamento do Interior (CPI-3)", "nome_batalhao": "13º BPM/I", "tipo_batalhao": "Interior", "companhia": "1.CIA PM", "pelotao": "", "grupo": "1.GP/PM", "cidade": "Boa Esperanca Do Sul", "endereco": "RUA JOSÉ BONIFÁCIO, 481, CENTRO - Boa Esperanca Do Sul", "latitude": -21.9949176, "longitude": -48.3913528, "fonte_geocodificacao": "Google Geocoding API", "opm_nome": "1. GRUPO POLICIAL MILITAR", "opm_descricao": "CPI-3 13.BPM/I 1.CIA PM 1.GP/PM", "opm_codigo": "603131001" }, "geometry": { "type": "Point", "coordinates": [ -48.3913528, -21.9949176 ] } },
{ "type": "Feature", "properties": { "id_comando": "CPI-3", "nome_comando": "3º Comando de Policiamento do Interior (CPI-3)", "nome_batalhao": "13º BPM/I", "tipo_batalhao": "Interior", "companhia": "1.CIA PM", "pelotao": "", "grupo": "2.GP/PM", "cidade": "Gaviao Peixoto", "endereco": "ALAMEDA PICCOLO, 76, CENTRO - Gaviao Peixoto", "latitude": -21.8396053, "longitude": -48.4936988, "fonte_geocodificacao": "Google Geocoding API", "opm_nome": "2. GRUPO POLICIAL MILITAR", "opm_descricao": "CPI-3 13.BPM/I 1.CIA PM 2.GP/PM", "opm_codigo": "603131002" }, "geometry": { "type": "Point", "coordinates": [ -48.4936988, -21.8396053 ] } },
{ "type": "Feature", "properties": { "id_comando": "CPI-3", "nome_comando": "3º Comando de Policiamento do Interior (CPI-3)", "nome_batalhao": "13º BPM/I", "tipo_batalhao": "Interior", "companhia": "1.CIA PM", "pelotao": "", "grupo": "3.GP/PM", "cidade": "Trabiju", "endereco": "RUA SAO BENEDITO, 317, CENTRO - Trabiju", "latitude": -22.0421579, "longitude": -48.336691, "fonte_geocodificacao": "Google Geocoding API", "opm_nome": "3. GRUPO POLICIAL MILITAR", "opm_descricao": "CPI-3 13.BPM/I 1.CIA PM 3.GP/PM", "opm_codigo": "603131003" }, "geometry": { "type": "Point", "coordinates": [ -48.336691, -22.0421579 ] } },
{ "type": "Feature", "properties": { "id_comando": "CPI-3", "nome_comando": "3º Comando de Policiamento do Interior (CPI-3)", "nome_batalhao": "13º BPM/I", "tipo_batalhao": "Interior", "companhia": "2.CIA PM", "pelotao": "", "grupo": "3.GP/PM", "cidade": "Borborema", "endereco": "AVENIDA DA SAUDADE, 26  UNIDADE INEXISTENTE, VILA MARIANA - Borborema", "latitude": -21.6219061, "longitude": -49.0729871, "fonte_geocodificacao": "Google Geocoding API", "opm_nome": "13.BPM/I 2.CIA PM  3.GP/PM", "opm_descricao": "CPI-3 13.BPM/I 2.CIA PM 3.GP/PM", "opm_codigo": "603132003" }, "geometry": { "type": "Point", "coordinates": [ -49.0729871, -21.6219061 ] } },
{ "type": "Feature", "properties": { "id_comando": "CPI-3", "nome_comando": "3º Comando de Policiamento do Interior (CPI-3)", "nome_batalhao": "13º BPM/I", "tipo_batalhao": "Interior", "companhia": "2.CIA PM", "pelotao": "", "grupo": "1.GP/PM", "cidade": "Candido Rodrigues", "endereco": "RUA SÃO PAULO, 566, CENTRO - Candido Rodrigues", "latitude": -21.3248823, "longitude": -48.6324419, "fonte_geocodificacao": "Google Geocoding API", "opm_nome": "1. GRUPO POLICIAL MILITAR", "opm_descricao": "CPI-3 13.BPM/I 2.CIA PM 1.GP/PM", "opm_codigo": "603132001" }, "geometry": { "type": "Point", "coordinates": [ -48.6324419, -21.3248823 ] } },
{ "type": "Feature", "properties": { "id_comando": "CPI-3", "nome_comando": "3º Comando de Policiamento do Interior (CPI-3)", "nome_batalhao": "13º BPM/I", "tipo_batalhao": "Interior", "companhia": "2.CIA PM", "pelotao": "", "grupo": "2.GP/PM", "cidade": "Fernando Prestes", "endereco": "RUA STELIO MACHADO LOUREIRO, 369, CENTRO - Fernando Prestes", "latitude": -21.265378, "longitude": -48.6856333, "fonte_geocodificacao": "Google Geocoding API", "opm_nome": "2. GRUPO POLICIAL MILITAR", "opm_descricao": "CPI-3 13.BPM/I 2.CIA PM 2.GP/PM", "opm_codigo": "603132002" }, "geometry": { "type": "Point", "coordinates": [ -48.6856333, -21.265378 ] } },
{ "type": "Feature", "properties": { "id_comando": "CPI-3", "nome_comando": "3º Comando de Policiamento do Interior (CPI-3)", "nome_batalhao": "13º BPM/I", "tipo_batalhao": "Interior", "companhia": "2.CIA PM", "pelotao": "0", "grupo": "4.GP/PM", "cidade": "Tabatinga", "endereco": "RUA CATANDUVA, 146, CENTRO - Tabatinga", "latitude": -21.7384494, "longitude": -48.6861527, "fonte_geocodificacao": "Google Geocoding API", "opm_nome": "13.BPM/I 2.CIA PM  4.GP/PM", "opm_descricao": "CPI-3 13.BPM/I 2.CIA PM 0 4.GP/PM", "opm_codigo": "603132005" }, "geometry": { "type": "Point", "coordinates": [ -48.6861527, -21.7384494 ] } },
{ "type": "Feature", "properties": { "id_comando": "CPI-3", "nome_comando": "3º Comando de Policiamento do Interior (CPI-3)", "nome_batalhao": "13º BPM/I", "tipo_batalhao": "Interior", "companhia": "2.CIA PM", "pelotao": "", "grupo": "GP FT", "cidade": "Taquaritinga", "endereco": "AVENIDA JOÃO DE JORGE, 111, VILA ROSA - Taquaritinga", "latitude": -21.4121336, "longitude": -48.4975886, "fonte_geocodificacao": "Google Geocoding API", "opm_nome": "GRUPO FORCA TATICA", "opm_descricao": "CPI-3 13.BPM/I 2.CIA PM GP FT", "opm_codigo": "603132006" }, "geometry": { "type": "Point", "coordinates": [ -48.4975886, -21.4121336 ] } },
{ "type": "Feature", "properties": { "id_comando": "CPI-3", "nome_comando": "3º Comando de Policiamento do Interior (CPI-3)", "nome_batalhao": "13º BPM/I", "tipo_batalhao": "Interior", "companhia": "2.CIA PM", "pelotao": "ADM", "grupo": "CAD", "cidade": "Taquaritinga", "endereco": "AVENIDA JOÃO JORGE, 111, VILA ROSA - Taquaritinga", "latitude": -21.4121336, "longitude": -48.4975886, "fonte_geocodificacao": "Google Geocoding API", "opm_nome": "CAD", "opm_descricao": "CPI-3 13.BPM/I 2.CIA PM ADM CAD", "opm_codigo": "603132301" }, "geometry": { "type": "Point", "coordinates": [ -48.4975886, -21.4121336 ] } },
{ "type": "Feature", "properties": { "id_comando": "CPI-3", "nome_comando": "3º Comando de Policiamento do Interior (CPI-3)", "nome_batalhao": "13º BPM/I", "tipo_batalhao": "Interior", "companhia": "3.CIA PM", "pelotao": "", "grupo": "2.GP/PM", "cidade": "Rincao", "endereco": "RUA PRUDENTE DE MORAES, 158, CENTRO - Rincao", "latitude": -21.5868778, "longitude": -48.0713067, "fonte_geocodificacao": "Google Geocoding API", "opm_nome": "2. GRUPO POLICIAL MILITAR", "opm_descricao": "CPI-3 13.BPM/I 3.CIA PM 2.GP/PM", "opm_codigo": "603133002" }, "geometry": { "type": "Point", "coordinates": [ -48.0713067, -21.5868778 ] } },
{ "type": "Feature", "properties": { "id_comando": "CPI-3", "nome_comando": "3º Comando de Policiamento do Interior (CPI-3)", "nome_batalhao": "13º BPM/I", "tipo_batalhao": "Interior", "companhia": "3.CIA PM", "pelotao": "", "grupo": "1.GP/PM", "cidade": "Santa Lucia", "endereco": "RUA BENTO DE ABREU, 904, CENTRO - Santa Lucia", "latitude": -21.6897737, "longitude": -48.0845952, "fonte_geocodificacao": "Google Geocoding API", "opm_nome": "1. GRUPO POLICIAL MILITAR", "opm_descricao": "CPI-3 13.BPM/I 3.CIA PM 1.GP/PM", "opm_codigo": "603133001" }, "geometry": { "type": "Point", "coordinates": [ -48.0845952, -21.6897737 ] } },
{ "type": "Feature", "properties": { "id_comando": "CPI-3", "nome_comando": "3º Comando de Policiamento do Interior (CPI-3)", "nome_batalhao": "13º BPM/I", "tipo_batalhao": "Interior", "companhia": "4.CIA PM", "pelotao": "", "grupo": "2.GP/PM", "cidade": "Dobrada", "endereco": "RUA CAPITÃO ALBERTO MENDES JUNIOR, 704, CENTRO - Dobrada", "latitude": -21.5232927, "longitude": -48.39229, "fonte_geocodificacao": "Google Geocoding API", "opm_nome": "2. GRUPO POLICIAL MILITAR", "opm_descricao": "CPI-3 13.BPM/I 4.CIA PM 2.GP/PM", "opm_codigo": "603134002" }, "geometry": { "type": "Point", "coordinates": [ -48.39229, -21.5232927 ] } },
{ "type": "Feature", "properties": { "id_comando": "CPI-3", "nome_comando": "3º Comando de Policiamento do Interior (CPI-3)", "nome_batalhao": "13º BPM/I", "tipo_batalhao": "Interior", "companhia": "4.CIA PM", "pelotao": "2.PEL PM", "grupo": "0", "cidade": "Dobrada", "endereco": "RUA CAP ALBERTO MENDES JUNIOR, 270, CENTRO - Dobrada", "latitude": -21.5197173, "longitude": -48.3940393, "fonte_geocodificacao": "Google Geocoding API", "opm_nome": "13.BPM/I 4.CIA PM 2.PEL PM", "opm_descricao": "CPI-3 13.BPM/I 4.CIA PM 2.PEL PM 0", "opm_codigo": "603134200" }, "geometry": { "type": "Point", "coordinates": [ -48.3940393, -21.5197173 ] } },
{ "type": "Feature", "properties": { "id_comando": "CPI-3", "nome_comando": "3º Comando de Policiamento do Interior (CPI-3)", "nome_batalhao": "13º BPM/I", "tipo_batalhao": "Interior", "companhia": "4.CIA PM", "pelotao": "", "grupo": "GP/FT", "cidade": "Matao", "endereco": "RUA RUI BARBOSA, 580, CENTRO - Matao", "latitude": -21.6018679, "longitude": -48.3681636, "fonte_geocodificacao": "Google Geocoding API", "opm_nome": "GRUPO FORCA TATICA", "opm_descricao": "CPI-3 13.BPM/I 4.CIA PM GP/FT", "opm_codigo": "603134005" }, "geometry": { "type": "Point", "coordinates": [ -48.3681636, -21.6018679 ] } },
{ "type": "Feature", "properties": { "id_comando": "CPI-3", "nome_comando": "3º Comando de Policiamento do Interior (CPI-3)", "nome_batalhao": "13º BPM/I", "tipo_batalhao": "Interior", "companhia": "4.CIA PM", "pelotao": "ADM", "grupo": "CAD", "cidade": "Matao", "endereco": "RUA RUI BARBOSA, 580, CENTRO - Matao", "latitude": -21.6018679, "longitude": -48.3681636, "fonte_geocodificacao": "Google Geocoding API", "opm_nome": "CAD", "opm_descricao": "CPI-3 13.BPM/I 4.CIA PM ADM CAD", "opm_codigo": "603134301" }, "geometry": { "type": "Point", "coordinates": [ -48.3681636, -21.6018679 ] } },
{ "type": "Feature", "properties": { "id_comando": "CPI-3", "nome_comando": "3º Comando de Policiamento do Interior (CPI-3)", "nome_batalhao": "13º BPM/I", "tipo_batalhao": "Interior", "companhia": "4.CIA PM", "pelotao": "", "grupo": "1.GP/PM", "cidade": "Motuca", "endereco": "RUA ADOLFO TOMAZ DE AQUINO, 430, CENTRO - Motuca", "latitude": -21.5089452, "longitude": -48.1528103, "fonte_geocodificacao": "Google Geocoding API", "opm_nome": "1. GRUPO POLICIAL MILITAR", "opm_descricao": "CPI-3 13.BPM/I 4.CIA PM 1.GP/PM", "opm_codigo": "603134001" }, "geometry": { "type": "Point", "coordinates": [ -48.1528103, -21.5089452 ] } },
{ "type": "Feature", "properties": { "id_comando": "CPI-3", "nome_comando": "3º Comando de Policiamento do Interior (CPI-3)", "nome_batalhao": "13º BPM/I", "tipo_batalhao": "Interior", "companhia": "4.CIA PM", "pelotao": "", "grupo": "3.GP/PM", "cidade": "Santa Ernestina", "endereco": "RUA VINTE UM DE MARÇO, 50, CENTRO - Santa Ernestina", "latitude": -21.4598701, "longitude": -48.3903275, "fonte_geocodificacao": "Google Geocoding API", "opm_nome": "3. GRUPO POLICIAL MILITAR", "opm_descricao": "CPI-3 13.BPM/I 4.CIA PM 3.GP/PM", "opm_codigo": "603134003" }, "geometry": { "type": "Point", "coordinates": [ -48.3903275, -21.4598701 ] } },
{ "type": "Feature", "properties": { "id_comando": "CPI-3", "nome_comando": "3º Comando de Policiamento do Interior (CPI-3)", "nome_batalhao": "13º BPM/I", "tipo_batalhao": "Interior", "companhia": "4.CIA PM", "pelotao": "0", "grupo": "4.GP/PM", "cidade": "Tabatinga", "endereco": "RUA CATANDUVA, 146, CENTRO - Tabatinga", "latitude": -21.7384494, "longitude": -48.6861527, "fonte_geocodificacao": "Google Geocoding API", "opm_nome": "13.BPM/I 4.CIA PM  4.GP/PM", "opm_descricao": "CPI-3 13.BPM/I 4.CIA PM 0 4.GP/PM", "opm_codigo": "603134004" }, "geometry": { "type": "Point", "coordinates": [ -48.6861527, -21.7384494 ] } },
{ "type": "Feature", "properties": { "id_comando": "CPI-3", "nome_comando": "3º Comando de Policiamento do Interior (CPI-3)", "nome_batalhao": "13º BPM/I", "tipo_batalhao": "Interior", "companhia": "5.CIA PM", "pelotao": "", "grupo": "1.GP/PM", "cidade": "Borborema", "endereco": "RUA DR. VATENTIM GENTIL, 7, CENTRO - Borborema", "latitude": -21.620177, "longitude": -49.072112, "fonte_geocodificacao": "Google Geocoding API", "opm_nome": "1. GRUPO POLICIAL MILITAR", "opm_descricao": "CPI-3 13.BPM/I 5.CIA PM 1.GP/PM", "opm_codigo": "603135001" }, "geometry": { "type": "Point", "coordinates": [ -49.072112, -21.620177 ] } },
{ "type": "Feature", "properties": { "id_comando": "CPI-3", "nome_comando": "3º Comando de Policiamento do Interior (CPI-3)", "nome_batalhao": "13º BPM/I", "tipo_batalhao": "Interior", "companhia": "5.CIA PM", "pelotao": "", "grupo": "GP/FT", "cidade": "Ibitinga", "endereco": "RUA DOMINGOS ROBERT, 671, CENTRO - Ibitinga", "latitude": -21.7558911, "longitude": -48.8291642, "fonte_geocodificacao": "Google Geocoding API", "opm_nome": "GRUPO FORCA TATICA", "opm_descricao": "CPI-3 13.BPM/I 5.CIA PM GP/FT", "opm_codigo": "603135004" }, "geometry": { "type": "Point", "coordinates": [ -48.8291642, -21.7558911 ] } },
{ "type": "Feature", "properties": { "id_comando": "CPI-3", "nome_comando": "3º Comando de Policiamento do Interior (CPI-3)", "nome_batalhao": "13º BPM/I", "tipo_batalhao": "Interior", "companhia": "5.CIA PM", "pelotao": "", "grupo": "3.GP/PM", "cidade": "Nova Europa", "endereco": "RUA CAMPOS SALES, 408, CENTRO - Nova Europa", "latitude": -21.7799452, "longitude": -48.5648741, "fonte_geocodificacao": "Google Geocoding API", "opm_nome": "3. GRUPO POLICIAL MILITAR", "opm_descricao": "CPI-3 13.BPM/I 5.CIA PM 3.GP/PM", "opm_codigo": "603135003" }, "geometry": { "type": "Point", "coordinates": [ -48.5648741, -21.7799452 ] } },
{ "type": "Feature", "properties": { "id_comando": "CPI-3", "nome_comando": "3º Comando de Policiamento do Interior (CPI-3)", "nome_batalhao": "13º BPM/I", "tipo_batalhao": "Interior", "companhia": "5.CIA PM", "pelotao": "", "grupo": "2.GP/PM", "cidade": "Tabatinga", "endereco": "RUA PRUDENTE DE MORAES, 705, CENTRO - Tabatinga", "latitude": -21.735334, "longitude": -48.6882741, "fonte_geocodificacao": "Google Geocoding API", "opm_nome": "2. GRUPO POLICIAL MILITAR", "opm_descricao": "CPI-3 13.BPM/I 5.CIA PM 2.GP/PM", "opm_codigo": "603135002" }, "geometry": { "type": "Point", "coordinates": [ -48.6882741, -21.735334 ] } },
{ "type": "Feature", "properties": { "id_comando": "CPI-3", "nome_comando": "3º Comando de Policiamento do Interior (CPI-3)", "nome_batalhao": "13º BPM/I", "tipo_batalhao": "Interior", "companhia": "CIA F TAT", "pelotao": "", "grupo": "GP/PM CA", "cidade": "Araraquara", "endereco": "AVENIDA JORGE BILLER TEIXEIRA, 519, VILA FERROVIÁRIA - Araraquara", "latitude": -21.7792197, "longitude": -48.1738321, "fonte_geocodificacao": "Google Geocoding API", "opm_nome": "13.BPM/I GP PM - CANIL", "opm_descricao": "CPI-3 13.BPM/I CIA F TAT GP/PM CA", "opm_codigo": "603137001" }, "geometry": { "type": "Point", "coordinates": [ -48.1738321, -21.7792197 ] } },
{ "type": "Feature", "properties": { "id_comando": "CPI-3", "nome_comando": "3º Comando de Policiamento do Interior (CPI-3)", "nome_batalhao": "13º BPM/I", "tipo_batalhao": "Interior", "companhia": "EM", "pelotao": "MOTOMEC", "grupo": "0", "cidade": "Araraquara", "endereco": "AVENIDA JORGE BILLER TEIXEIRA, 519, VILA FERROVIARIA - Araraquara", "latitude": -21.7792197, "longitude": -48.1738321, "fonte_geocodificacao": "Google Geocoding API", "opm_nome": "13. BPM/I MOTOMEC", "opm_descricao": "CPI-3 13.BPM/I EM MOTOMEC 0", "opm_codigo": "603138700" }, "geometry": { "type": "Point", "coordinates": [ -48.1738321, -21.7792197 ] } },
{ "type": "Feature", "properties": { "id_comando": "CPI-3", "nome_comando": "3º Comando de Policiamento do Interior (CPI-3)", "nome_batalhao": "13º BPM/I", "tipo_batalhao": "Interior", "companhia": "EM", "pelotao": "UIS", "grupo": "GAB MED", "cidade": "Araraquara", "endereco": "AVENIDA JORGE BILLER TEIXEIRA, 519, VILA GODOI - Araraquara", "latitude": -21.7792197, "longitude": -48.1738321, "fonte_geocodificacao": "Google Geocoding API", "opm_nome": "GABINETE MEDICO", "opm_descricao": "CPI-3 13.BPM/I EM UIS GAB MED", "opm_codigo": "603138011" }, "geometry": { "type": "Point", "coordinates": [ -48.1738321, -21.7792197 ] } },
{ "type": "Feature", "properties": { "id_comando": "CPI-3", "nome_comando": "3º Comando de Policiamento do Interior (CPI-3)", "nome_batalhao": "13º BPM/I", "tipo_batalhao": "Interior", "companhia": "EM", "pelotao": "UIS", "grupo": "GAB ODONTO", "cidade": "Araraquara", "endereco": "AVENIDA JORGE BILLER TEIXEIRA, 519, VILA GODOI - Araraquara", "latitude": -21.7792197, "longitude": -48.1738321, "fonte_geocodificacao": "Google Geocoding API", "opm_nome": "GABINETE ODONTOLOGICO", "opm_descricao": "CPI-3 13.BPM/I EM UIS GAB ODONTO", "opm_codigo": "603138012" }, "geometry": { "type": "Point", "coordinates": [ -48.1738321, -21.7792197 ] } },
{ "type": "Feature", "properties": { "id_comando": "CPI-3", "nome_comando": "3º Comando de Policiamento do Interior (CPI-3)", "nome_batalhao": "13º BPM/I", "tipo_batalhao": "Interior", "companhia": "EM", "pelotao": "P/1 P/5", "grupo": "GD QUARTEL", "cidade": "Araraquara", "endereco": "AVENIDA JORGE BILLER TEIXEIRA, 519, VILA GODOI - Araraquara", "latitude": -21.7792197, "longitude": -48.1738321, "fonte_geocodificacao": "Google Geocoding API", "opm_nome": "GUARDA DO QUARTEL", "opm_descricao": "CPI-3 13.BPM/I EM P/1 P/5 GD QUARTEL", "opm_codigo": "603138110" }, "geometry": { "type": "Point", "coordinates": [ -48.1738321, -21.7792197 ] } },
{ "type": "Feature", "properties": { "id_comando": "CPI-3", "nome_comando": "3º Comando de Policiamento do Interior (CPI-3)", "nome_batalhao": "13º BPM/I", "tipo_batalhao": "Interior", "companhia": "EM", "pelotao": "P/3", "grupo": "CAD", "cidade": "Araraquara", "endereco": "AVENIDA JORGE BILLER TEIXEIRA, 519, VILA GODOI - Araraquara", "latitude": -21.7792197, "longitude": -48.1738321, "fonte_geocodificacao": "Google Geocoding API", "opm_nome": "CAD", "opm_descricao": "CPI-3 13.BPM/I EM P/3 CAD", "opm_codigo": "603138310" }, "geometry": { "type": "Point", "coordinates": [ -48.1738321, -21.7792197 ] } },
{ "type": "Feature", "properties": { "id_comando": "CPI-3", "nome_comando": "3º Comando de Policiamento do Interior (CPI-3)", "nome_batalhao": "13º BPM/I", "tipo_batalhao": "Interior", "companhia": "EM", "pelotao": "DIV OP", "grupo": "CFP", "cidade": "Araraquara", "endereco": "AVENIDA JORGE BILLER TEIXEIRA, 519, VILA GODOI - Araraquara", "latitude": -21.7792197, "longitude": -48.1738321, "fonte_geocodificacao": "Google Geocoding API", "opm_nome": "COMANDO FORCA PATRULHA", "opm_descricao": "CPI-3 13.BPM/I EM DIV OP CFP", "opm_codigo": "603138320" }, "geometry": { "type": "Point", "coordinates": [ -48.1738321, -21.7792197 ] } },
{ "type": "Feature", "properties": { "id_comando": "CPI-3", "nome_comando": "3º Comando de Policiamento do Interior (CPI-3)", "nome_batalhao": "13º BPM/I", "tipo_batalhao": "Interior", "companhia": "EM", "pelotao": "DIV OP", "grupo": "TELECOM", "cidade": "Araraquara", "endereco": "AVENIDA JORGE BILLER TEIXEIRA, 519, VILA GODOI - Araraquara", "latitude": -21.7792197, "longitude": -48.1738321, "fonte_geocodificacao": "Google Geocoding API", "opm_nome": "TELECOMUNICACAO", "opm_descricao": "CPI-3 13.BPM/I EM DIV OP TELECOM", "opm_codigo": "603138330" }, "geometry": { "type": "Point", "coordinates": [ -48.1738321, -21.7792197 ] } },
{ "type": "Feature", "properties": { "id_comando": "CPI-3", "nome_comando": "3º Comando de Policiamento do Interior (CPI-3)", "nome_batalhao": "15º BPM/I", "tipo_batalhao": "Interior", "companhia": "2.CIA PM", "pelotao": "", "grupo": "1.GP/PM", "cidade": "Itirapua", "endereco": "RUA JEQUITIBA, 4110, RESIDENCIAL NASCIMENTO - Itirapua", "latitude": -20.6420108, "longitude": -47.219853, "fonte_geocodificacao": "Google Geocoding API", "opm_nome": "1. GRUPO POLICIAL MILITAR", "opm_descricao": "CPI-3 15.BPM/I 2.CIA PM 1.GP/PM", "opm_codigo": "603152001" }, "geometry": { "type": "Point", "coordinates": [ -47.219853, -20.6420108 ] } },
{ "type": "Feature", "properties": { "id_comando": "CPI-3", "nome_comando": "3º Comando de Policiamento do Interior (CPI-3)", "nome_batalhao": "15º BPM/I", "tipo_batalhao": "Interior", "companhia": "2.CIA PM", "pelotao": "", "grupo": "4.GP/PM", "cidade": "Patrocinio Paulista", "endereco": "RUA CORONEL JOAO VILELA, 1341, CENTRO - Patrocinio Paulista", "latitude": -20.642406, "longitude": -47.2823279, "fonte_geocodificacao": "Google Geocoding API", "opm_nome": "4. GRUPO POLICIAL MILITAR", "opm_descricao": "CPI-3 15.BPM/I 2.CIA PM 4.GP/PM", "opm_codigo": "603152004" }, "geometry": { "type": "Point", "coordinates": [ -47.2823279, -20.642406 ] } },
{ "type": "Feature", "properties": { "id_comando": "CPI-3", "nome_comando": "3º Comando de Policiamento do Interior (CPI-3)", "nome_batalhao": "15º BPM/I", "tipo_batalhao": "Interior", "companhia": "2.CIA PM", "pelotao": "2.PEL PM", "grupo": "0", "cidade": "Patrocinio Paulista", "endereco": "RUA CORONEL JOÃO VILELA, 1341, CENTRO - Patrocinio Paulista", "latitude": -20.642406, "longitude": -47.2823279, "fonte_geocodificacao": "Google Geocoding API", "opm_nome": "15.BPM/I 2.CIA PM 2.PEL PM", "opm_descricao": "CPI-3 15.BPM/I 2.CIA PM 2.PEL PM 0", "opm_codigo": "603152200" }, "geometry": { "type": "Point", "coordinates": [ -47.2823279, -20.642406 ] } },
{ "type": "Feature", "properties": { "id_comando": "CPI-3", "nome_comando": "3º Comando de Policiamento do Interior (CPI-3)", "nome_batalhao": "15º BPM/I", "tipo_batalhao": "Interior", "companhia": "2.CIA PM", "pelotao": "", "grupo": "3.GP/PM", "cidade": "Restinga", "endereco": "RUA JOSÉ LUIS FERRACIOLI, 224, PARQUE NOVA MOGIANA III - Restinga", "latitude": -20.5976421, "longitude": -47.4775625, "fonte_geocodificacao": "Google Geocoding API", "opm_nome": "3. GRUPO POLICIAL MILITAR", "opm_descricao": "CPI-3 15.BPM/I 2.CIA PM 3.GP/PM", "opm_codigo": "603152003" }, "geometry": { "type": "Point", "coordinates": [ -47.4775625, -20.5976421 ] } },
{ "type": "Feature", "properties": { "id_comando": "CPI-3", "nome_comando": "3º Comando de Policiamento do Interior (CPI-3)", "nome_batalhao": "15º BPM/I", "tipo_batalhao": "Interior", "companhia": "2.CIA PM", "pelotao": "", "grupo": "2.GP/PM", "cidade": "Sao Jose Da Bela Vista", "endereco": "RUA PADRE MODESTO DA COSTA, 328, CENTRO - Sao Jose Da Bela Vista", "latitude": -20.5935436, "longitude": -47.640054, "fonte_geocodificacao": "Google Geocoding API", "opm_nome": "2. GRUPO POLICIAL MILITAR", "opm_descricao": "CPI-3 15.BPM/I 2.CIA PM 2.GP/PM", "opm_codigo": "603152002" }, "geometry": { "type": "Point", "coordinates": [ -47.640054, -20.5935436 ] } },
{ "type": "Feature", "properties": { "id_comando": "CPI-3", "nome_comando": "3º Comando de Policiamento do Interior (CPI-3)", "nome_batalhao": "15º BPM/I", "tipo_batalhao": "Interior", "companhia": "3.CIA PM", "pelotao": "", "grupo": "1.GP/PM", "cidade": "Aramina", "endereco": "RUA FRANCISCO GAMA, 200, CENTRO - Aramina", "latitude": -20.0857753, "longitude": -47.7874719, "fonte_geocodificacao": "Google Geocoding API", "opm_nome": "1. GRUPO POLICIAL MILITAR", "opm_descricao": "CPI-3 15.BPM/I 3.CIA PM 1.GP/PM", "opm_codigo": "603153001" }, "geometry": { "type": "Point", "coordinates": [ -47.7874719, -20.0857753 ] } },
{ "type": "Feature", "properties": { "id_comando": "CPI-3", "nome_comando": "3º Comando de Policiamento do Interior (CPI-3)", "nome_batalhao": "15º BPM/I", "tipo_batalhao": "Interior", "companhia": "3.CIA PM", "pelotao": "", "grupo": "2.GP/PM", "cidade": "Buritizal", "endereco": "RUA: ALFERES MANOEL JOAQUIM, 654, CENTRO - Buritizal", "latitude": -20.1913941, "longitude": -47.7073924, "fonte_geocodificacao": "Google Geocoding API", "opm_nome": "2. GRUPO POLICIAL MILITAR", "opm_descricao": "CPI-3 15.BPM/I 3.CIA PM 2.GP/PM", "opm_codigo": "603153002" }, "geometry": { "type": "Point", "coordinates": [ -47.7073924, -20.1913941 ] } },
{ "type": "Feature", "properties": { "id_comando": "CPI-3", "nome_comando": "3º Comando de Policiamento do Interior (CPI-3)", "nome_batalhao": "15º BPM/I", "tipo_batalhao": "Interior", "companhia": "3.CIA PM", "pelotao": "", "grupo": "4.GP/PM", "cidade": "Jeriquara", "endereco": "RUA: CEL FRANCISCO LINO, 335, CENTRO - Jeriquara", "latitude": -20.310686, "longitude": -47.5921612, "fonte_geocodificacao": "Google Geocoding API", "opm_nome": "4. GRUPO POLICIAL MILITAR", "opm_descricao": "CPI-3 15.BPM/I 3.CIA PM 4.GP/PM", "opm_codigo": "603153004" }, "geometry": { "type": "Point", "coordinates": [ -47.5921612, -20.310686 ] } },
{ "type": "Feature", "properties": { "id_comando": "CPI-3", "nome_comando": "3º Comando de Policiamento do Interior (CPI-3)", "nome_batalhao": "15º BPM/I", "tipo_batalhao": "Interior", "companhia": "3.CIA PM", "pelotao": "4.PEL PM", "grupo": "0", "cidade": "Miguelopolis", "endereco": "RUA: SÉRGIO DE FREITAS BARBOSA, 860, CENTRO - Miguelopolis", "latitude": -20.1815026, "longitude": -48.0304714, "fonte_geocodificacao": "Google Geocoding API", "opm_nome": "15.BPM/I 3.CIA PM 4.PEL PM", "opm_descricao": "CPI-3 15.BPM/I 3.CIA PM 4.PEL PM 0", "opm_codigo": "603153400" }, "geometry": { "type": "Point", "coordinates": [ -48.0304714, -20.1815026 ] } },
{ "type": "Feature", "properties": { "id_comando": "CPI-3", "nome_comando": "3º Comando de Policiamento do Interior (CPI-3)", "nome_batalhao": "15º BPM/I", "tipo_batalhao": "Interior", "companhia": "3.CIA PM", "pelotao": "", "grupo": "3.GP/PM", "cidade": "Ribeirao Corrente", "endereco": "RUA SAO PAULO, 591, CENTRO - Ribeirao Corrente", "latitude": -20.4552472, "longitude": -47.5901222, "fonte_geocodificacao": "Google Geocoding API", "opm_nome": "3. GRUPO POLICIAL MILITAR", "opm_descricao": "CPI-3 15.BPM/I 3.CIA PM 3.GP/PM", "opm_codigo": "603153003" }, "geometry": { "type": "Point", "coordinates": [ -47.5901222, -20.4552472 ] } },
{ "type": "Feature", "properties": { "id_comando": "CPI-3", "nome_comando": "3º Comando de Policiamento do Interior (CPI-3)", "nome_batalhao": "15º BPM/I", "tipo_batalhao": "Interior", "companhia": "4.CIA PM", "pelotao": "", "grupo": "2.GP/PM", "cidade": "Ipua", "endereco": "RUA FLORIANO PEIXOTO, 1294, centro - Ipua", "latitude": -20.4383185, "longitude": -48.0137495, "fonte_geocodificacao": "Google Geocoding API", "opm_nome": "2. GRUPO POLICIAL MILITAR", "opm_descricao": "CPI-3 15.BPM/I 4.CIA PM 2.GP/PM", "opm_codigo": "603154002" }, "geometry": { "type": "Point", "coordinates": [ -48.0137495, -20.4383185 ] } },
{ "type": "Feature", "properties": { "id_comando": "CPI-3", "nome_comando": "3º Comando de Policiamento do Interior (CPI-3)", "nome_batalhao": "15º BPM/I", "tipo_batalhao": "Interior", "companhia": "4.CIA PM", "pelotao": "", "grupo": "3.GP/PM", "cidade": "Nuporanga", "endereco": "RUA VOLUNTARIO ETELVINO BORGES, 1140, JARDIM ESTANCIA - Nuporanga", "latitude": -20.735922, "longitude": -47.7524933, "fonte_geocodificacao": "Google Geocoding API", "opm_nome": "3. GRUPO POLICIAL MILITAR", "opm_descricao": "CPI-3 15.BPM/I 4.CIA PM 3.GP/PM", "opm_codigo": "603154003" }, "geometry": { "type": "Point", "coordinates": [ -47.7524933, -20.735922 ] } },
{ "type": "Feature", "properties": { "id_comando": "CPI-3", "nome_comando": "3º Comando de Policiamento do Interior (CPI-3)", "nome_batalhao": "15º BPM/I", "tipo_batalhao": "Interior", "companhia": "4.CIA PM", "pelotao": "", "grupo": "1.GP/PM", "cidade": "Sales Oliveira", "endereco": "RUA ROTARY INTERNACIONAL, 1, CENTRO - Sales Oliveira", "latitude": -20.7688954, "longitude": -47.8408929, "fonte_geocodificacao": "Google Geocoding API", "opm_nome": "1. GRUPO POLICIAL MILITAR", "opm_descricao": "CPI-3 15.BPM/I 4.CIA PM 1.GP/PM", "opm_codigo": "603154001" }, "geometry": { "type": "Point", "coordinates": [ -47.8408929, -20.7688954 ] } },
{ "type": "Feature", "properties": { "id_comando": "CPI-3", "nome_comando": "3º Comando de Policiamento do Interior (CPI-3)", "nome_batalhao": "15º BPM/I", "tipo_batalhao": "Interior", "companhia": "5.CIA PM", "pelotao": "", "grupo": "2.GP/PM", "cidade": "Cristais Paulista", "endereco": "RUA TIRADENTES, 65, CENTRO - Cristais Paulista", "latitude": -20.371324736349266, "longitude": -47.400914492073248, "fonte_geocodificacao": "Centroide do município-sede (geocodificação rejeitada: fora dos limites do município)", "opm_nome": "2. GRUPO POLICIAL MILITAR", "opm_descricao": "CPI-3 15.BPM/I 5.CIA PM 2.GP/PM", "opm_codigo": "603155002" }, "geometry": { "type": "Point", "coordinates": [ -47.400914492073248, -20.371324736349266 ] } },
{ "type": "Feature", "properties": { "id_comando": "CPI-3", "nome_comando": "3º Comando de Policiamento do Interior (CPI-3)", "nome_batalhao": "15º BPM/I", "tipo_batalhao": "Interior", "companhia": "5.CIA PM", "pelotao": "", "grupo": "3.GP/PM", "cidade": "Pedregulho", "endereco": "RUA JOÃO PEREIRA DE ALMEIDA, 200, CENTRO - Pedregulho", "latitude": -20.257389, "longitude": -47.4790583, "fonte_geocodificacao": "Google Geocoding API", "opm_nome": "3. GRUPO POLICIAL MILITAR", "opm_descricao": "CPI-3 15.BPM/I 5.CIA PM 3.GP/PM", "opm_codigo": "603155003" }, "geometry": { "type": "Point", "coordinates": [ -47.4790583, -20.257389 ] } },
{ "type": "Feature", "properties": { "id_comando": "CPI-3", "nome_comando": "3º Comando de Policiamento do Interior (CPI-3)", "nome_batalhao": "15º BPM/I", "tipo_batalhao": "Interior", "companhia": "5.CIA PM", "pelotao": "", "grupo": "1.GP/PM", "cidade": "Rifaina", "endereco": "RUA DR LUIZ RODRIGUES NUNES, 2290, centro - Rifaina", "latitude": -20.0801439, "longitude": -47.423747, "fonte_geocodificacao": "Google Geocoding API", "opm_nome": "1. GRUPO POLICIAL MILITAR", "opm_descricao": "CPI-3 15.BPM/I 5.CIA PM 1.GP/PM", "opm_codigo": "603155001" }, "geometry": { "type": "Point", "coordinates": [ -47.423747, -20.0801439 ] } },
{ "type": "Feature", "properties": { "id_comando": "CPI-3", "nome_comando": "3º Comando de Policiamento do Interior (CPI-3)", "nome_batalhao": "15º BPM/I", "tipo_batalhao": "Interior", "companhia": "CIA F TAT", "pelotao": "0", "grupo": "GP PM - CANIL", "cidade": "Franca", "endereco": "RUA ALFREDO TOSI, 1200, NÚCLEO ALPHA - Franca", "latitude": -20.5669191, "longitude": -47.4010625, "fonte_geocodificacao": "Google Geocoding API", "opm_nome": "15.BPM/I GP PM - CANIL", "opm_descricao": "CPI-3 15.BPM/I CIA F TAT 0 GP PM - CANIL", "opm_codigo": "603159010" }, "geometry": { "type": "Point", "coordinates": [ -47.401062499999988, -20.5669191 ] } },
{ "type": "Feature", "properties": { "id_comando": "CPI-3", "nome_comando": "3º Comando de Policiamento do Interior (CPI-3)", "nome_batalhao": "15º BPM/I", "tipo_batalhao": "Interior", "companhia": "EM", "pelotao": "MOTOMEC", "grupo": "0", "cidade": "Franca", "endereco": "RUA ALFREDO TOSI, 1200, nucleo alpha - Franca", "latitude": -20.5669191, "longitude": -47.4010625, "fonte_geocodificacao": "Google Geocoding API", "opm_nome": "15.BPM/I MOTOMEC", "opm_descricao": "CPI-3 15.BPM/I EM MOTOMEC 0", "opm_codigo": "603158700" }, "geometry": { "type": "Point", "coordinates": [ -47.401062499999988, -20.5669191 ] } },
{ "type": "Feature", "properties": { "id_comando": "CPI-3", "nome_comando": "3º Comando de Policiamento do Interior (CPI-3)", "nome_batalhao": "15º BPM/I", "tipo_batalhao": "Interior", "companhia": "EM", "pelotao": "UIS", "grupo": "GAB MED", "cidade": "Franca", "endereco": "RUA ALFREDO TOSI, 1200, NUCLEO ALPHA - Franca", "latitude": -20.5669191, "longitude": -47.4010625, "fonte_geocodificacao": "Google Geocoding API", "opm_nome": "GABINETE MEDICO", "opm_descricao": "CPI-3 15.BPM/I EM UIS GAB MED", "opm_codigo": "603158011" }, "geometry": { "type": "Point", "coordinates": [ -47.401062499999988, -20.5669191 ] } },
{ "type": "Feature", "properties": { "id_comando": "CPI-3", "nome_comando": "3º Comando de Policiamento do Interior (CPI-3)", "nome_batalhao": "15º BPM/I", "tipo_batalhao": "Interior", "companhia": "EM", "pelotao": "P/1 P/5", "grupo": "NAPS", "cidade": "Franca", "endereco": "RUA ALFREDO TOSI, 1200, NUCLEO ALPHA - Franca", "latitude": -20.5669191, "longitude": -47.4010625, "fonte_geocodificacao": "Google Geocoding API", "opm_nome": "NUCLEO DE ATENCAO PSICOSSOCIAL", "opm_descricao": "CPI-3 15.BPM/I EM P/1 P/5 NAPS", "opm_codigo": "603158110" }, "geometry": { "type": "Point", "coordinates": [ -47.401062499999988, -20.5669191 ] } },
{ "type": "Feature", "properties": { "id_comando": "CPI-3", "nome_comando": "3º Comando de Policiamento do Interior (CPI-3)", "nome_batalhao": "15º BPM/I", "tipo_batalhao": "Interior", "companhia": "EM", "pelotao": "P/3", "grupo": "CAD", "cidade": "Franca", "endereco": "RUA ALFREDO TOSI, 1200, NUCLEO ALPHA - Franca", "latitude": -20.5669191, "longitude": -47.4010625, "fonte_geocodificacao": "Google Geocoding API", "opm_nome": "CAD", "opm_descricao": "CPI-3 15.BPM/I EM P/3 CAD", "opm_codigo": "603158310" }, "geometry": { "type": "Point", "coordinates": [ -47.401062499999988, -20.5669191 ] } },
{ "type": "Feature", "properties": { "id_comando": "CPI-3", "nome_comando": "3º Comando de Policiamento do Interior (CPI-3)", "nome_batalhao": "15º BPM/I", "tipo_batalhao": "Interior", "companhia": "EM", "pelotao": "UIS", "grupo": "GAB ODONTO", "cidade": "Franca", "endereco": "RUA ALFREDO TOSI, 1200, NÚCLEO ALPHA - Franca", "latitude": -20.5669191, "longitude": -47.4010625, "fonte_geocodificacao": "Google Geocoding API", "opm_nome": "GABINETE ODONTOLOGICO", "opm_descricao": "CPI-3 15.BPM/I EM UIS GAB ODONTO", "opm_codigo": "603158012" }, "geometry": { "type": "Point", "coordinates": [ -47.401062499999988, -20.5669191 ] } },
{ "type": "Feature", "properties": { "id_comando": "CPI-3", "nome_comando": "3º Comando de Policiamento do Interior (CPI-3)", "nome_batalhao": "15º BPM/I", "tipo_batalhao": "Interior", "companhia": "EM", "pelotao": "P/1 P/5", "grupo": "GD QUARTEL", "cidade": "Franca", "endereco": "RUA ALFREDO TOSI, 1200, RURAL - Franca", "latitude": -20.5669191, "longitude": -47.4010625, "fonte_geocodificacao": "Google Geocoding API", "opm_nome": "GUARDA DO QUARTEL", "opm_descricao": "CPI-3 15.BPM/I EM P/1 P/5 GD QUARTEL", "opm_codigo": "603158120" }, "geometry": { "type": "Point", "coordinates": [ -47.401062499999988, -20.5669191 ] } },
{ "type": "Feature", "properties": { "id_comando": "CPI-3", "nome_comando": "3º Comando de Policiamento do Interior (CPI-3)", "nome_batalhao": "15º BPM/I", "tipo_batalhao": "Interior", "companhia": "EM", "pelotao": "P/3", "grupo": "CFP", "cidade": "Franca", "endereco": "RUA ALFREDO TOSI, 1200, RURAL - Franca", "latitude": -20.5669191, "longitude": -47.4010625, "fonte_geocodificacao": "Google Geocoding API", "opm_nome": "COMANDO FORCA PATRULHA", "opm_descricao": "CPI-3 15.BPM/I EM P/3 CFP", "opm_codigo": "603158320" }, "geometry": { "type": "Point", "coordinates": [ -47.401062499999988, -20.5669191 ] } },
{ "type": "Feature", "properties": { "id_comando": "CPI-3", "nome_comando": "3º Comando de Policiamento do Interior (CPI-3)", "nome_batalhao": "15º BPM/I", "tipo_batalhao": "Interior", "companhia": "EM", "pelotao": "P/3", "grupo": "TELECOM", "cidade": "Franca", "endereco": "RUA ALFREDO TOSI, 1200, RURAL - Franca", "latitude": -20.5669191, "longitude": -47.4010625, "fonte_geocodificacao": "Google Geocoding API", "opm_nome": "TELECOMUNICACAO", "opm_descricao": "CPI-3 15.BPM/I EM P/3 TELECOM", "opm_codigo": "603158330" }, "geometry": { "type": "Point", "coordinates": [ -47.401062499999988, -20.5669191 ] } },
{ "type": "Feature", "properties": { "id_comando": "CPI-3", "nome_comando": "3º Comando de Policiamento do Interior (CPI-3)", "nome_batalhao": "3º BPM/I", "tipo_batalhao": "Interior", "companhia": "3.CIA PM", "pelotao": "", "grupo": "1.GP/PM", "cidade": "Cassia Dos Coqueiros", "endereco": "RUA ABEL DOS REIS, 751, CENTRO - Cassia Dos Coqueiros", "latitude": -21.2819965, "longitude": -47.1674535, "fonte_geocodificacao": "Google Geocoding API", "opm_nome": "1. GRUPO POLICIAL MILITAR", "opm_descricao": "CPI-3 3.BPM/I 3.CIA PM 1.GP/PM", "opm_codigo": "603033001" }, "geometry": { "type": "Point", "coordinates": [ -47.1674535, -21.2819965 ] } },
{ "type": "Feature", "properties": { "id_comando": "CPI-3", "nome_comando": "3º Comando de Policiamento do Interior (CPI-3)", "nome_batalhao": "3º BPM/I", "tipo_batalhao": "Interior", "companhia": "3.CIA PM", "pelotao": "", "grupo": "3.GP/PM", "cidade": "Santa Cruz Da Esperanca", "endereco": "RUA MAJOR AVELINO PALMA, 500, SANTA CRUZ DA ESPERANCA - Santa Cruz Da Esperanca", "latitude": -21.2922758, "longitude": -47.4319351, "fonte_geocodificacao": "Google Geocoding API", "opm_nome": "3. GRUPO POLICIAL MILITAR", "opm_descricao": "CPI-3 3.BPM/I 3.CIA PM 3.GP/PM", "opm_codigo": "603033003" }, "geometry": { "type": "Point", "coordinates": [ -47.4319351, -21.2922758 ] } },
{ "type": "Feature", "properties": { "id_comando": "CPI-3", "nome_comando": "3º Comando de Policiamento do Interior (CPI-3)", "nome_batalhao": "3º BPM/I", "tipo_batalhao": "Interior", "companhia": "3.CIA PM", "pelotao": "", "grupo": "2.GP/PM", "cidade": "Santo Antonio Da Alegria", "endereco": "rua carlos de campos, 1450, centro - Santo Antonio Da Alegria", "latitude": -21.0944404, "longitude": -47.1479072, "fonte_geocodificacao": "Google Geocoding API", "opm_nome": "2. GRUPO POLICIAL MILITAR", "opm_descricao": "CPI-3 3.BPM/I 3.CIA PM 2.GP/PM", "opm_codigo": "603033002" }, "geometry": { "type": "Point", "coordinates": [ -47.1479072, -21.0944404 ] } },
{ "type": "Feature", "properties": { "id_comando": "CPI-3", "nome_comando": "3º Comando de Policiamento do Interior (CPI-3)", "nome_batalhao": "3º BPM/I", "tipo_batalhao": "Interior", "companhia": "CIA F TAT", "pelotao": "0", "grupo": "GP PM CAN", "cidade": "Ribeirao Preto", "endereco": "AVENIDA CAVALHEIRO PASCHOAL INECHI, 1538, JARDIM INDEPÊNDENCIA - Ribeirao Preto", "latitude": -21.1565907, "longitude": -47.7844688, "fonte_geocodificacao": "Google Geocoding API", "opm_nome": "3.BPM/I GP PM - CANIL", "opm_descricao": "CPI-3 3.BPM/I CIA F TAT 0 GP PM CAN", "opm_codigo": "603036300" }, "geometry": { "type": "Point", "coordinates": [ -47.7844688, -21.1565907 ] } },
{ "type": "Feature", "properties": { "id_comando": "CPI-3", "nome_comando": "3º Comando de Policiamento do Interior (CPI-3)", "nome_batalhao": "3º BPM/I", "tipo_batalhao": "Interior", "companhia": "EM", "pelotao": "P/3", "grupo": "CFP", "cidade": "Ribeirao Preto", "endereco": "AVENIDA CAVALHEIRO PASCHOAL INECHI, 1538, JARDIM INDEPÊNDENCIA - Ribeirao Preto", "latitude": -21.1565907, "longitude": -47.7844688, "fonte_geocodificacao": "Google Geocoding API", "opm_nome": "COMANDO FORCA PATRULHA", "opm_descricao": "CPI-3 3.BPM/I EM P/3 CFP", "opm_codigo": "603039310" }, "geometry": { "type": "Point", "coordinates": [ -47.7844688, -21.1565907 ] } },
{ "type": "Feature", "properties": { "id_comando": "CPI-3", "nome_comando": "3º Comando de Policiamento do Interior (CPI-3)", "nome_batalhao": "33º BPM/I", "tipo_batalhao": "Interior", "companhia": "1.CIA PM", "pelotao": "0", "grupo": "1.GP/PM", "cidade": "Barretos", "endereco": "VICINAL LUIS CARLOS ARUTIN, 500, FRIGORIFICO - Barretos", "latitude": -20.5933483, "longitude": -48.552517, "fonte_geocodificacao": "Google Geocoding API", "opm_nome": "33.BPM/I 1.CIA PM  1.GP/PM", "opm_descricao": "CPI-3 33.BPM/I 1.CIA PM 0 1.GP/PM", "opm_codigo": "603331001" }, "geometry": { "type": "Point", "coordinates": [ -48.552517, -20.5933483 ] } },
{ "type": "Feature", "properties": { "id_comando": "CPI-3", "nome_comando": "3º Comando de Policiamento do Interior (CPI-3)", "nome_batalhao": "33º BPM/I", "tipo_batalhao": "Interior", "companhia": "1.CIA PM", "pelotao": "PEL FT/CANIL", "grupo": "0", "cidade": "Barretos", "endereco": "VICINAL LUIS CARLOS ARUTIN, 500, FRIGORIFICO - Barretos", "latitude": -20.5933483, "longitude": -48.552517, "fonte_geocodificacao": "Google Geocoding API", "opm_nome": "33.BPM/I PEL FT/CANIL", "opm_descricao": "CPI-3 33.BPM/I 1.CIA PM PEL FT/CANIL 0", "opm_codigo": "603331800" }, "geometry": { "type": "Point", "coordinates": [ -48.552517, -20.5933483 ] } },
{ "type": "Feature", "properties": { "id_comando": "CPI-3", "nome_comando": "3º Comando de Policiamento do Interior (CPI-3)", "nome_batalhao": "33º BPM/I", "tipo_batalhao": "Interior", "companhia": "2.CIA PM", "pelotao": "", "grupo": "1.GP/PM", "cidade": "Altair", "endereco": "AVENIDA TRÊS, 225, CENTRO - Altair", "latitude": -20.523622, "longitude": -49.060618, "fonte_geocodificacao": "Google Geocoding API", "opm_nome": "1. GRUPO POLICIAL MILITAR", "opm_descricao": "CPI-3 33.BPM/I 2.CIA PM 1.GP/PM", "opm_codigo": "603332001" }, "geometry": { "type": "Point", "coordinates": [ -49.060618, -20.523622 ] } },
{ "type": "Feature", "properties": { "id_comando": "CPI-3", "nome_comando": "3º Comando de Policiamento do Interior (CPI-3)", "nome_batalhao": "33º BPM/I", "tipo_batalhao": "Interior", "companhia": "2.CIA PM", "pelotao": "", "grupo": "4.GP/PM", "cidade": "Cajobi", "endereco": "RUA OLGA BERNARDES ZAMPERLINI, 401, CENTRO - Cajobi", "latitude": -20.877757, "longitude": -48.8078439, "fonte_geocodificacao": "Google Geocoding API", "opm_nome": "4. GRUPO POLICIAL MILITAR", "opm_descricao": "CPI-3 33.BPM/I 2.CIA PM 4.GP/PM", "opm_codigo": "603332004" }, "geometry": { "type": "Point", "coordinates": [ -48.807843899999988, -20.877757 ] } },
{ "type": "Feature", "properties": { "id_comando": "CPI-3", "nome_comando": "3º Comando de Policiamento do Interior (CPI-3)", "nome_batalhao": "33º BPM/I", "tipo_batalhao": "Interior", "companhia": "2.CIA PM", "pelotao": "", "grupo": "5.GP/PM", "cidade": "Embauba", "endereco": "RUA AVELINO ALVES, 190, CENTRO - Embauba", "latitude": -20.9834936, "longitude": -48.8381609, "fonte_geocodificacao": "Google Geocoding API", "opm_nome": "5. GRUPO POLICIAL MILITAR", "opm_descricao": "CPI-3 33.BPM/I 2.CIA PM 5.GP/PM", "opm_codigo": "603332005" }, "geometry": { "type": "Point", "coordinates": [ -48.8381609, -20.9834936 ] } },
{ "type": "Feature", "properties": { "id_comando": "CPI-3", "nome_comando": "3º Comando de Policiamento do Interior (CPI-3)", "nome_batalhao": "33º BPM/I", "tipo_batalhao": "Interior", "companhia": "2.CIA PM", "pelotao": "", "grupo": "2.GP/PM", "cidade": "Guaraci", "endereco": "RUA MARECHAL DEODORO, 1082, CENTRO - Guaraci", "latitude": -20.5002522, "longitude": -48.9439674, "fonte_geocodificacao": "Google Geocoding API", "opm_nome": "2. GRUPO POLICIAL MILITAR", "opm_descricao": "CPI-3 33.BPM/I 2.CIA PM 2.GP/PM", "opm_codigo": "603332002" }, "geometry": { "type": "Point", "coordinates": [ -48.9439674, -20.5002522 ] } },
{ "type": "Feature", "properties": { "id_comando": "CPI-3", "nome_comando": "3º Comando de Policiamento do Interior (CPI-3)", "nome_batalhao": "33º BPM/I", "tipo_batalhao": "Interior", "companhia": "2.CIA PM", "pelotao": "", "grupo": "GP FT", "cidade": "Olimpia", "endereco": "AV. WALDEMAR LOPES FERRAZ, 1277, CENTRO - Olimpia", "latitude": -20.7419159, "longitude": -48.9154281, "fonte_geocodificacao": "Google Geocoding API", "opm_nome": "GP FT", "opm_descricao": "CPI-3 33.BPM/I 2.CIA PM GP FT", "opm_codigo": "603332010" }, "geometry": { "type": "Point", "coordinates": [ -48.9154281, -20.7419159 ] } },
{ "type": "Feature", "properties": { "id_comando": "CPI-3", "nome_comando": "3º Comando de Policiamento do Interior (CPI-3)", "nome_batalhao": "33º BPM/I", "tipo_batalhao": "Interior", "companhia": "2.CIA PM", "pelotao": "", "grupo": "3.GP/PM", "cidade": "Severinia", "endereco": "RUA CAPITÃO AUGUSTO DE ALMEIDA, 68, CENTRO - Severinia", "latitude": -20.8081491, "longitude": -48.8011965, "fonte_geocodificacao": "Google Geocoding API", "opm_nome": "3. GRUPO POLICIAL MILITAR", "opm_descricao": "CPI-3 33.BPM/I 2.CIA PM 3.GP/PM", "opm_codigo": "603332003" }, "geometry": { "type": "Point", "coordinates": [ -48.8011965, -20.8081491 ] } },
{ "type": "Feature", "properties": { "id_comando": "CPI-3", "nome_comando": "3º Comando de Policiamento do Interior (CPI-3)", "nome_batalhao": "33º BPM/I", "tipo_batalhao": "Interior", "companhia": "3.CIA PM", "pelotao": "", "grupo": "GP/FT", "cidade": "Bebedouro", "endereco": "RUA NOSSA SENHORA DE FÁTIMA, 60, CENTRO - Bebedouro", "latitude": -20.9495368, "longitude": -48.4759785, "fonte_geocodificacao": "Google Geocoding API", "opm_nome": "GP FT", "opm_descricao": "CPI-3 33.BPM/I 3.CIA PM GP/FT", "opm_codigo": "603333008" }, "geometry": { "type": "Point", "coordinates": [ -48.4759785, -20.9495368 ] } },
{ "type": "Feature", "properties": { "id_comando": "CPI-3", "nome_comando": "3º Comando de Policiamento do Interior (CPI-3)", "nome_batalhao": "33º BPM/I", "tipo_batalhao": "Interior", "companhia": "3.CIA PM", "pelotao": "PEL PM", "grupo": "0", "cidade": "Monte Azul Paulista", "endereco": "RUA MARECHAL DEODORO, 557, CENTRO - Monte Azul Paulista", "latitude": -20.9027569, "longitude": -48.6419925, "fonte_geocodificacao": "Nominatim (OpenStreetMap)", "opm_nome": "33.BPM/I PEL PM", "opm_descricao": "CPI-3 33.BPM/I 3.CIA PM PEL PM 0", "opm_codigo": "603333100" }, "geometry": { "type": "Point", "coordinates": [ -48.6419925, -20.9027569 ] } },
{ "type": "Feature", "properties": { "id_comando": "CPI-3", "nome_comando": "3º Comando de Policiamento do Interior (CPI-3)", "nome_batalhao": "33º BPM/I", "tipo_batalhao": "Interior", "companhia": "3.CIA PM", "pelotao": "", "grupo": "6.GP/PM", "cidade": "Monte Azul Paulista", "endereco": "RUA MARIA MERCEDES BARATO, 92, PIRAJUSSARA - Monte Azul Paulista", "latitude": -20.8990567, "longitude": -48.6371007, "fonte_geocodificacao": "Google Geocoding API", "opm_nome": "6. GRUPO POLICIAL MILITAR", "opm_descricao": "CPI-3 33.BPM/I 3.CIA PM 6.GP/PM", "opm_codigo": "603333006" }, "geometry": { "type": "Point", "coordinates": [ -48.6371007, -20.8990567 ] } },
{ "type": "Feature", "properties": { "id_comando": "CPI-3", "nome_comando": "3º Comando de Policiamento do Interior (CPI-3)", "nome_batalhao": "33º BPM/I", "tipo_batalhao": "Interior", "companhia": "3.CIA PM", "pelotao": "", "grupo": "4.GP/PM", "cidade": "Pirangi", "endereco": "AV SAUDADE, 1130, CENTRO - Pirangi", "latitude": -21.0937246, "longitude": -48.664842, "fonte_geocodificacao": "Google Geocoding API", "opm_nome": "4. GRUPO POLICIAL MILITAR", "opm_descricao": "CPI-3 33.BPM/I 3.CIA PM 4.GP/PM", "opm_codigo": "603333004" }, "geometry": { "type": "Point", "coordinates": [ -48.664842, -21.0937246 ] } },
{ "type": "Feature", "properties": { "id_comando": "CPI-3", "nome_comando": "3º Comando de Policiamento do Interior (CPI-3)", "nome_batalhao": "33º BPM/I", "tipo_batalhao": "Interior", "companhia": "3.CIA PM", "pelotao": "", "grupo": "2.GP/PM", "cidade": "Taiacu", "endereco": "RUA JOAQUIM GONÇALVES DE GONZAGA, 460, CENTRO - Taiacu", "latitude": -21.1407595, "longitude": -48.5129879, "fonte_geocodificacao": "Google Geocoding API", "opm_nome": "2. GRUPO POLICIAL MILITAR", "opm_descricao": "CPI-3 33.BPM/I 3.CIA PM 2.GP/PM", "opm_codigo": "603333002" }, "geometry": { "type": "Point", "coordinates": [ -48.5129879, -21.1407595 ] } },
{ "type": "Feature", "properties": { "id_comando": "CPI-3", "nome_comando": "3º Comando de Policiamento do Interior (CPI-3)", "nome_batalhao": "33º BPM/I", "tipo_batalhao": "Interior", "companhia": "3.CIA PM", "pelotao": "", "grupo": "3.GP/PM", "cidade": "Taiuva", "endereco": "RUA SAO PAULO, 94, CENTRO - Taiuva", "latitude": -21.123921, "longitude": -48.4549517, "fonte_geocodificacao": "Google Geocoding API", "opm_nome": "3. GRUPO POLICIAL MILITAR", "opm_descricao": "CPI-3 33.BPM/I 3.CIA PM 3.GP/PM", "opm_codigo": "603333003" }, "geometry": { "type": "Point", "coordinates": [ -48.4549517, -21.123921 ] } },
{ "type": "Feature", "properties": { "id_comando": "CPI-3", "nome_comando": "3º Comando de Policiamento do Interior (CPI-3)", "nome_batalhao": "33º BPM/I", "tipo_batalhao": "Interior", "companhia": "3.CIA PM", "pelotao": "", "grupo": "5.GP/PM", "cidade": "Terra Roxa", "endereco": "RUA DR. OSVALDO PRUDENTE DE CORREIA, 512, CENTRO - Terra Roxa", "latitude": -20.7880441, "longitude": -48.3286637, "fonte_geocodificacao": "Google Geocoding API", "opm_nome": "5. GRUPO POLICIAL MILITAR", "opm_descricao": "CPI-3 33.BPM/I 3.CIA PM 5.GP/PM", "opm_codigo": "603333005" }, "geometry": { "type": "Point", "coordinates": [ -48.3286637, -20.7880441 ] } },
{ "type": "Feature", "properties": { "id_comando": "CPI-3", "nome_comando": "3º Comando de Policiamento do Interior (CPI-3)", "nome_batalhao": "33º BPM/I", "tipo_batalhao": "Interior", "companhia": "3.CIA PM", "pelotao": "", "grupo": "7.GP/PM", "cidade": "Viradouro", "endereco": "RUA TIRADENTES, 231, CENTRO - Viradouro", "latitude": -20.8785544, "longitude": -48.2968454, "fonte_geocodificacao": "Google Geocoding API", "opm_nome": "7. GRUPO POLICIAL MILITAR", "opm_descricao": "CPI-3 33.BPM/I 3.CIA PM 7.GP/PM", "opm_codigo": "603333007" }, "geometry": { "type": "Point", "coordinates": [ -48.2968454, -20.8785544 ] } },
{ "type": "Feature", "properties": { "id_comando": "CPI-3", "nome_comando": "3º Comando de Policiamento do Interior (CPI-3)", "nome_batalhao": "33º BPM/I", "tipo_batalhao": "Interior", "companhia": "3.CIA PM", "pelotao": "", "grupo": "1.GP/PM", "cidade": "Vista Alegre Do Alto", "endereco": "AV. SANTOS DUMONT, 130, centro - Vista Alegre Do Alto", "latitude": -21.1725488, "longitude": -48.6277092, "fonte_geocodificacao": "Google Geocoding API", "opm_nome": "1. GRUPO POLICIAL MILITAR", "opm_descricao": "CPI-3 33.BPM/I 3.CIA PM 1.GP/PM", "opm_codigo": "603333001" }, "geometry": { "type": "Point", "coordinates": [ -48.6277092, -21.1725488 ] } },
{ "type": "Feature", "properties": { "id_comando": "CPI-3", "nome_comando": "3º Comando de Policiamento do Interior (CPI-3)", "nome_batalhao": "33º BPM/I", "tipo_batalhao": "Interior", "companhia": "4.CIA PM", "pelotao": "", "grupo": "3. GP PM", "cidade": "Colina", "endereco": "Rua João Silveira, 436, VILA CUNHA - Colina", "latitude": -20.7053443, "longitude": -48.5343943, "fonte_geocodificacao": "Google Geocoding API", "opm_nome": "3. GRUPO POLICIAL MILITAR", "opm_descricao": "CPI-3 33.BPM/I 4.CIA PM 3. GP PM", "opm_codigo": "603334003" }, "geometry": { "type": "Point", "coordinates": [ -48.5343943, -20.7053443 ] } },
{ "type": "Feature", "properties": { "id_comando": "CPI-3", "nome_comando": "3º Comando de Policiamento do Interior (CPI-3)", "nome_batalhao": "33º BPM/I", "tipo_batalhao": "Interior", "companhia": "4.CIA PM", "pelotao": "", "grupo": "1.GP/PM", "cidade": "Colombia", "endereco": "RUA ANTONIO PRADO, 1228, CENTRO - Colombia", "latitude": -20.1783848, "longitude": -48.6890712, "fonte_geocodificacao": "Google Geocoding API", "opm_nome": "1. GRUPO POLICIAL MILITAR", "opm_descricao": "CPI-3 33.BPM/I 4.CIA PM 1.GP/PM", "opm_codigo": "603334001" }, "geometry": { "type": "Point", "coordinates": [ -48.6890712, -20.1783848 ] } },
{ "type": "Feature", "properties": { "id_comando": "CPI-3", "nome_comando": "3º Comando de Policiamento do Interior (CPI-3)", "nome_batalhao": "33º BPM/I", "tipo_batalhao": "Interior", "companhia": "4.CIA PM", "pelotao": "1.PEL PM", "grupo": "0", "cidade": "Guaira", "endereco": "RUA 28, 15, CENTRO - Guaira", "latitude": -20.3238723, "longitude": -48.3198679, "fonte_geocodificacao": "Google Geocoding API", "opm_nome": "33.BPM/I 4.CIA PM 1.PEL PM", "opm_descricao": "CPI-3 33.BPM/I 4.CIA PM 1.PEL PM 0", "opm_codigo": "603334100" }, "geometry": { "type": "Point", "coordinates": [ -48.3198679, -20.3238723 ] } },
{ "type": "Feature", "properties": { "id_comando": "CPI-3", "nome_comando": "3º Comando de Policiamento do Interior (CPI-3)", "nome_batalhao": "33º BPM/I", "tipo_batalhao": "Interior", "companhia": "4.CIA PM", "pelotao": "", "grupo": "2. GP PM", "cidade": "Jaborandi", "endereco": "RUA ALEXANDRE DE AVILA BORGES, 960, CENTRO - Jaborandi", "latitude": -20.6944168, "longitude": -48.4110728, "fonte_geocodificacao": "Google Geocoding API", "opm_nome": "2. GRUPO POLICIAL MILITAR", "opm_descricao": "CPI-3 33.BPM/I 4.CIA PM 2. GP PM", "opm_codigo": "603334002" }, "geometry": { "type": "Point", "coordinates": [ -48.4110728, -20.6944168 ] } },
{ "type": "Feature", "properties": { "id_comando": "CPI-3", "nome_comando": "3º Comando de Policiamento do Interior (CPI-3)", "nome_batalhao": "33º BPM/I", "tipo_batalhao": "Interior", "companhia": "EM", "pelotao": "MOTOMEC", "grupo": "0", "cidade": "Barretos", "endereco": "VICINAL LUIS CARLOS ARUTIN, 500, FRIGORIFICO - Barretos", "latitude": -20.5933483, "longitude": -48.552517, "fonte_geocodificacao": "Google Geocoding API", "opm_nome": "33.BPM/I MOTOMEC", "opm_descricao": "CPI-3 33.BPM/I EM MOTOMEC 0", "opm_codigo": "603338700" }, "geometry": { "type": "Point", "coordinates": [ -48.552517, -20.5933483 ] } },
{ "type": "Feature", "properties": { "id_comando": "CPI-3", "nome_comando": "3º Comando de Policiamento do Interior (CPI-3)", "nome_batalhao": "33º BPM/I", "tipo_batalhao": "Interior", "companhia": "EM", "pelotao": "UIS", "grupo": "GAB MED", "cidade": "Barretos", "endereco": "ESTRADA VICINAL LUIZ CARLOS ARUTIN, 0, FRIGORÍFICO - Barretos", "latitude": -20.5903048, "longitude": -48.5515236, "fonte_geocodificacao": "Google Geocoding API", "opm_nome": "GABINETE MEDICO", "opm_descricao": "CPI-3 33.BPM/I EM UIS GAB MED", "opm_codigo": "603338011" }, "geometry": { "type": "Point", "coordinates": [ -48.5515236, -20.5903048 ] } },
{ "type": "Feature", "properties": { "id_comando": "CPI-3", "nome_comando": "3º Comando de Policiamento do Interior (CPI-3)", "nome_batalhao": "33º BPM/I", "tipo_batalhao": "Interior", "companhia": "EM", "pelotao": "UIS", "grupo": "GAB ODONTO", "cidade": "Barretos", "endereco": "ESTRADA VICINAL LUIZ CARLOS ARUTIN, 0, FRIGORÍFICO - Barretos", "latitude": -20.5903048, "longitude": -48.5515236, "fonte_geocodificacao": "Google Geocoding API", "opm_nome": "GABINETE ODONTOLOGICO", "opm_descricao": "CPI-3 33.BPM/I EM UIS GAB ODONTO", "opm_codigo": "603338012" }, "geometry": { "type": "Point", "coordinates": [ -48.5515236, -20.5903048 ] } },
{ "type": "Feature", "properties": { "id_comando": "CPI-3", "nome_comando": "3º Comando de Policiamento do Interior (CPI-3)", "nome_batalhao": "33º BPM/I", "tipo_batalhao": "Interior", "companhia": "EM", "pelotao": "P/1 P5", "grupo": "GD QUARTEL", "cidade": "Barretos", "endereco": "ESTRADA VICINAL LUIZ CARLOS ARUTIN, 500, FRIGORÍFICO - Barretos", "latitude": -20.5933483, "longitude": -48.552517, "fonte_geocodificacao": "Google Geocoding API", "opm_nome": "GUARDA DO QUARTEL", "opm_descricao": "CPI-3 33.BPM/I EM P/1 P5 GD QUARTEL", "opm_codigo": "603338110" }, "geometry": { "type": "Point", "coordinates": [ -48.552517, -20.5933483 ] } },
{ "type": "Feature", "properties": { "id_comando": "CPI-3", "nome_comando": "3º Comando de Policiamento do Interior (CPI-3)", "nome_batalhao": "33º BPM/I", "tipo_batalhao": "Interior", "companhia": "EM", "pelotao": "P/3", "grupo": "CAD", "cidade": "Barretos", "endereco": "ESTRADA VICINAL LUIZ CARLOS ARUTIN, 0, FRIGORÍFICO - Barretos", "latitude": -20.5903048, "longitude": -48.5515236, "fonte_geocodificacao": "Google Geocoding API", "opm_nome": "CAD", "opm_descricao": "CPI-3 33.BPM/I EM P/3 CAD", "opm_codigo": "603338310" }, "geometry": { "type": "Point", "coordinates": [ -48.5515236, -20.5903048 ] } },
{ "type": "Feature", "properties": { "id_comando": "CPI-3", "nome_comando": "3º Comando de Policiamento do Interior (CPI-3)", "nome_batalhao": "33º BPM/I", "tipo_batalhao": "Interior", "companhia": "EM", "pelotao": "P/3", "grupo": "CFP", "cidade": "Barretos", "endereco": "ESTRADA VICINAL LUIZ CARLOS ARUTIN, 500, FRIGORÍFICO - Barretos", "latitude": -20.5933483, "longitude": -48.552517, "fonte_geocodificacao": "Google Geocoding API", "opm_nome": "COMANDO FORCA PATRULHA", "opm_descricao": "CPI-3 33.BPM/I EM P/3 CFP", "opm_codigo": "603338320" }, "geometry": { "type": "Point", "coordinates": [ -48.552517, -20.5933483 ] } },
{ "type": "Feature", "properties": { "id_comando": "CPI-3", "nome_comando": "3º Comando de Policiamento do Interior (CPI-3)", "nome_batalhao": "33º BPM/I", "tipo_batalhao": "Interior", "companhia": "EM", "pelotao": "P/3", "grupo": "TELECOM", "cidade": "Barretos", "endereco": "ESTRADA VICINAL LUIZ CARLOS ARUTIN, 500, FRIGORÍFICO - Barretos", "latitude": -20.5933483, "longitude": -48.552517, "fonte_geocodificacao": "Google Geocoding API", "opm_nome": "TELECOMUNICACAO", "opm_descricao": "CPI-3 33.BPM/I EM P/3 TELECOM", "opm_codigo": "603338330" }, "geometry": { "type": "Point", "coordinates": [ -48.552517, -20.5933483 ] } },
{ "type": "Feature", "properties": { "id_comando": "CPI-3", "nome_comando": "3º Comando de Policiamento do Interior (CPI-3)", "nome_batalhao": "38º BPM/I", "tipo_batalhao": "Interior", "companhia": "2.CIA PM", "pelotao": "", "grupo": "2.GP PM", "cidade": "Dourado", "endereco": "RUA DR MARQUES FERREIRA, 288, CENTRO - Dourado", "latitude": -22.1147177, "longitude": -48.3165212, "fonte_geocodificacao": "Google Geocoding API", "opm_nome": "2.GRUPO POLICIAL MILITAR", "opm_descricao": "CPI-3 38.BPM/I 2.CIA PM 2.GP PM", "opm_codigo": "603382002" }, "geometry": { "type": "Point", "coordinates": [ -48.3165212, -22.1147177 ] } },
{ "type": "Feature", "properties": { "id_comando": "CPI-3", "nome_comando": "3º Comando de Policiamento do Interior (CPI-3)", "nome_batalhao": "38º BPM/I", "tipo_batalhao": "Interior", "companhia": "2.CIA PM", "pelotao": "", "grupo": "1.GP/PM", "cidade": "Ribeirao Bonito", "endereco": "RUA DOMINGOS DE ALMEIDA, 323, JARDIM CENTENÁRIO - Ribeirao Bonito", "latitude": -22.0600796, "longitude": -48.183132, "fonte_geocodificacao": "Google Geocoding API", "opm_nome": "1.GRUPO POLICIAL MILITAR", "opm_descricao": "CPI-3 38.BPM/I 2.CIA PM 1.GP/PM", "opm_codigo": "603382001" }, "geometry": { "type": "Point", "coordinates": [ -48.183132, -22.0600796 ] } },
{ "type": "Feature", "properties": { "id_comando": "CPI-3", "nome_comando": "3º Comando de Policiamento do Interior (CPI-3)", "nome_batalhao": "38º BPM/I", "tipo_batalhao": "Interior", "companhia": "EM", "pelotao": "UIS", "grupo": "GAB MED", "cidade": "Descalvado", "endereco": "RUA BENTO CARLOS, 930, CENTREVILLE - Descalvado", "latitude": -21.881228423188347, "longitude": -47.65460428011496, "fonte_geocodificacao": "Centroide do município-sede (geocodificação rejeitada: fora dos limites do município)", "opm_nome": "GABINETE MEDICO", "opm_descricao": "CPI-3 38.BPM/I EM UIS GAB MED", "opm_codigo": "603388011" }, "geometry": { "type": "Point", "coordinates": [ -47.65460428011496, -21.881228423188347 ] } },
{ "type": "Feature", "properties": { "id_comando": "CPI-3", "nome_comando": "3º Comando de Policiamento do Interior (CPI-3)", "nome_batalhao": "38º BPM/I", "tipo_batalhao": "Interior", "companhia": "EM", "pelotao": "UIS", "grupo": "GAB ODONTO", "cidade": "Sao Carlos", "endereco": "RUA BENTO CARLOS, 930, CENTREVILLE - Sao Carlos", "latitude": -22.0228882, "longitude": -47.886267, "fonte_geocodificacao": "Google Geocoding API", "opm_nome": "GABINETE ODONTOLOGICO", "opm_descricao": "CPI-3 38.BPM/I EM UIS GAB ODONTO", "opm_codigo": "603388012" }, "geometry": { "type": "Point", "coordinates": [ -47.886267, -22.0228882 ] } },
{ "type": "Feature", "properties": { "id_comando": "CPI-3", "nome_comando": "3º Comando de Policiamento do Interior (CPI-3)", "nome_batalhao": "38º BPM/I", "tipo_batalhao": "Interior", "companhia": "EM", "pelotao": "P/3", "grupo": "CFP", "cidade": "Sao Carlos", "endereco": "RUA BENTO CARLOS, 930, CENTREVILLE - Sao Carlos", "latitude": -22.0228882, "longitude": -47.886267, "fonte_geocodificacao": "Google Geocoding API", "opm_nome": "COMANDO FORCA PATRULHA", "opm_descricao": "CPI-3 38.BPM/I EM P/3 CFP", "opm_codigo": "603388310" }, "geometry": { "type": "Point", "coordinates": [ -47.886267, -22.0228882 ] } },
{ "type": "Feature", "properties": { "id_comando": "CPI-3", "nome_comando": "3º Comando de Policiamento do Interior (CPI-3)", "nome_batalhao": "38º BPM/I", "tipo_batalhao": "Interior", "companhia": "EM", "pelotao": "P/3", "grupo": "TELECOM", "cidade": "Sao Carlos", "endereco": "RUA BENTO CARLOS, 930, CENTREVILLE - Sao Carlos", "latitude": -22.0228882, "longitude": -47.886267, "fonte_geocodificacao": "Google Geocoding API", "opm_nome": "TELECOMUNICACAO", "opm_descricao": "CPI-3 38.BPM/I EM P/3 TELECOM", "opm_codigo": "603388320" }, "geometry": { "type": "Point", "coordinates": [ -47.886267, -22.0228882 ] } },
{ "type": "Feature", "properties": { "id_comando": "CPI-3", "nome_comando": "3º Comando de Policiamento do Interior (CPI-3)", "nome_batalhao": "38º BPM/I", "tipo_batalhao": "Interior", "companhia": "EM", "pelotao": "P/5", "grupo": "0", "cidade": "Sao Carlos", "endereco": "RUA BENTO CARLOS, 930, CENTREVILLE - Sao Carlos", "latitude": -22.0228882, "longitude": -47.886267, "fonte_geocodificacao": "Google Geocoding API", "opm_nome": "38.BPM/I P/5", "opm_descricao": "CPI-3 38.BPM/I EM P/5 0", "opm_codigo": "603388500" }, "geometry": { "type": "Point", "coordinates": [ -47.886267, -22.0228882 ] } },
{ "type": "Feature", "properties": { "id_comando": "CPI-3", "nome_comando": "3º Comando de Policiamento do Interior (CPI-3)", "nome_batalhao": "38º BPM/I", "tipo_batalhao": "Interior", "companhia": "EM", "pelotao": "MOTOMEC", "grupo": "0", "cidade": "Sao Carlos", "endereco": "RUA BENTO CARLOS, 930, CENTREVILLE - Sao Carlos", "latitude": -22.0228882, "longitude": -47.886267, "fonte_geocodificacao": "Google Geocoding API", "opm_nome": "38.BPM/I MOTOMEC", "opm_descricao": "CPI-3 38.BPM/I EM MOTOMEC 0", "opm_codigo": "603388700" }, "geometry": { "type": "Point", "coordinates": [ -47.886267, -22.0228882 ] } },
{ "type": "Feature", "properties": { "id_comando": "CPI-3", "nome_comando": "3º Comando de Policiamento do Interior (CPI-3)", "nome_batalhao": "38º BPM/I", "tipo_batalhao": "Interior", "companhia": "EM", "pelotao": "UIS ODONTO", "grupo": "0", "cidade": "Sao Carlos", "endereco": "RUA BENTO CARLOS, 930, CENTREVILLE - Sao Carlos", "latitude": -22.0228882, "longitude": -47.886267, "fonte_geocodificacao": "Google Geocoding API", "opm_nome": "38.BPM/I EM UIS ODONTO", "opm_descricao": "CPI-3 38.BPM/I EM UIS ODONTO 0", "opm_codigo": "603388800" }, "geometry": { "type": "Point", "coordinates": [ -47.886267, -22.0228882 ] } },
{ "type": "Feature", "properties": { "id_comando": "CPI-3", "nome_comando": "3º Comando de Policiamento do Interior (CPI-3)", "nome_batalhao": "38º BPM/I", "tipo_batalhao": "Interior", "companhia": "EM", "pelotao": "UIS MEDICA", "grupo": "0", "cidade": "Sao Carlos", "endereco": "RUA BENTO CARLOS, 930, CENTREVILLE - Sao Carlos", "latitude": -22.0228882, "longitude": -47.886267, "fonte_geocodificacao": "Google Geocoding API", "opm_nome": "38.BPM/I EM UIS MEDICA", "opm_descricao": "CPI-3 38.BPM/I EM UIS MEDICA 0", "opm_codigo": "603388900" }, "geometry": { "type": "Point", "coordinates": [ -47.886267, -22.0228882 ] } },
{ "type": "Feature", "properties": { "id_comando": "CPI-3", "nome_comando": "3º Comando de Policiamento do Interior (CPI-3)", "nome_batalhao": "43º BPM/I", "tipo_batalhao": "Interior", "companhia": "1.CIA PM", "pelotao": "", "grupo": "GP/PM", "cidade": "Dumont", "endereco": "ALFREDO CONDEIXA, 382, CENTRO - Dumont", "latitude": -21.2393779, "longitude": -47.9784861, "fonte_geocodificacao": "Google Geocoding API", "opm_nome": "GRUPO POLICIAL MILITAR", "opm_descricao": "CPI-3 43.BPM/I 1.CIA PM GP/PM", "opm_codigo": "603431001" }, "geometry": { "type": "Point", "coordinates": [ -47.9784861, -21.2393779 ] } },
{ "type": "Feature", "properties": { "id_comando": "CPI-3", "nome_comando": "3º Comando de Policiamento do Interior (CPI-3)", "nome_batalhao": "43º BPM/I", "tipo_batalhao": "Interior", "companhia": "2.CIA PM", "pelotao": "", "grupo": "GP/FT", "cidade": "Jaboticabal", "endereco": "RUA FLORIANO PEIXOTO, 1310, CENTRO - Jaboticabal", "latitude": -21.2555327, "longitude": -48.3248759, "fonte_geocodificacao": "Google Geocoding API", "opm_nome": "GP FT", "opm_descricao": "CPI-3 43.BPM/I 2.CIA PM GP/FT", "opm_codigo": "603432003" }, "geometry": { "type": "Point", "coordinates": [ -48.324875899999988, -21.2555327 ] } },
{ "type": "Feature", "properties": { "id_comando": "CPI-3", "nome_comando": "3º Comando de Policiamento do Interior (CPI-3)", "nome_batalhao": "43º BPM/I", "tipo_batalhao": "Interior", "companhia": "2.CIA PM", "pelotao": "ADM", "grupo": "CAD", "cidade": "Jaboticabal", "endereco": "RUA ANTÔNIETA ALEIXO DE PAULA, 0, LOT JARDIM MORUMBI - Jaboticabal", "latitude": -21.2696454, "longitude": -48.3217183, "fonte_geocodificacao": "Google Geocoding API", "opm_nome": "CAD", "opm_descricao": "CPI-3 43.BPM/I 2.CIA PM ADM CAD", "opm_codigo": "603432401" }, "geometry": { "type": "Point", "coordinates": [ -48.3217183, -21.2696454 ] } },
{ "type": "Feature", "properties": { "id_comando": "CPI-3", "nome_comando": "3º Comando de Policiamento do Interior (CPI-3)", "nome_batalhao": "43º BPM/I", "tipo_batalhao": "Interior", "companhia": "2.CIA PM", "pelotao": "", "grupo": "1.GP/PM", "cidade": "Pradopolis", "endereco": "PRESIDENTE VARGAS, 1188, CENTRO - Pradopolis", "latitude": -21.3628616, "longitude": -48.0655133, "fonte_geocodificacao": "Google Geocoding API", "opm_nome": "1. GRUPO POLICIAL MILITAR", "opm_descricao": "CPI-3 43.BPM/I 2.CIA PM 1.GP/PM", "opm_codigo": "603432001" }, "geometry": { "type": "Point", "coordinates": [ -48.0655133, -21.3628616 ] } },
{ "type": "Feature", "properties": { "id_comando": "CPI-3", "nome_comando": "3º Comando de Policiamento do Interior (CPI-3)", "nome_batalhao": "43º BPM/I", "tipo_batalhao": "Interior", "companhia": "2.CIA PM", "pelotao": "", "grupo": "2.GP/PM", "cidade": "Taquaral", "endereco": "RUA DO CAFEZAL, 746, CDHU - Taquaral", "latitude": -21.0719643, "longitude": -48.4161206, "fonte_geocodificacao": "Google Geocoding API", "opm_nome": "2. GRUPO POLICIAL MILITAR", "opm_descricao": "CPI-3 43.BPM/I 2.CIA PM 2.GP/PM", "opm_codigo": "603432002" }, "geometry": { "type": "Point", "coordinates": [ -48.4161206, -21.0719643 ] } },
{ "type": "Feature", "properties": { "id_comando": "CPI-3", "nome_comando": "3º Comando de Policiamento do Interior (CPI-3)", "nome_batalhao": "43º BPM/I", "tipo_batalhao": "Interior", "companhia": "EM", "pelotao": "P/1 P/5", "grupo": "GD QUARTEL", "cidade": "Sertaozinho", "endereco": "AVENIDA JOÃO PIGNATA, 922, JARDIM SÃO SEBASTIÃO - Sertaozinho", "latitude": -21.1401208, "longitude": -47.9733972, "fonte_geocodificacao": "Google Geocoding API", "opm_nome": "GUARDA DO QUARTEL", "opm_descricao": "CPI-3 43.BPM/I EM P/1 P/5 GD QUARTEL", "opm_codigo": "603438110" }, "geometry": { "type": "Point", "coordinates": [ -47.9733972, -21.1401208 ] } },
{ "type": "Feature", "properties": { "id_comando": "CPI-3", "nome_comando": "3º Comando de Policiamento do Interior (CPI-3)", "nome_batalhao": "43º BPM/I", "tipo_batalhao": "Interior", "companhia": "EM", "pelotao": "DIV OP", "grupo": "CFP", "cidade": "Sertaozinho", "endereco": "AVENIDA JOÃO PIGNATA, 922, JARDIM SÃO SEBASTIÃO - Sertaozinho", "latitude": -21.1401208, "longitude": -47.9733972, "fonte_geocodificacao": "Google Geocoding API", "opm_nome": "COMANDO FORCA PATRULHA", "opm_descricao": "CPI-3 43.BPM/I EM DIV OP CFP", "opm_codigo": "603438320" }, "geometry": { "type": "Point", "coordinates": [ -47.9733972, -21.1401208 ] } },
{ "type": "Feature", "properties": { "id_comando": "CPI-3", "nome_comando": "3º Comando de Policiamento do Interior (CPI-3)", "nome_batalhao": "43º BPM/I", "tipo_batalhao": "Interior", "companhia": "EM", "pelotao": "MOTOMEC", "grupo": "0", "cidade": "Sertaozinho", "endereco": "AV. JOAO PIGNATA, 922, JD SÃO SEBASTIAO - Sertaozinho", "latitude": -21.1401208, "longitude": -47.9733972, "fonte_geocodificacao": "Google Geocoding API", "opm_nome": "43.BPM/I MOTOMEC", "opm_descricao": "CPI-3 43.BPM/I EM MOTOMEC 0", "opm_codigo": "603438700" }, "geometry": { "type": "Point", "coordinates": [ -47.9733972, -21.1401208 ] } },
{ "type": "Feature", "properties": { "id_comando": "CPI-3", "nome_comando": "3º Comando de Policiamento do Interior (CPI-3)", "nome_batalhao": "51º BPM/I", "tipo_batalhao": "Interior", "companhia": "4.CIA PM", "pelotao": "", "grupo": "2.GP PM", "cidade": "Guatapara", "endereco": "RUA SANDRIM E SERTORI, 135, CENTRO - Guatapara", "latitude": -21.4994763, "longitude": -48.0360074, "fonte_geocodificacao": "Google Geocoding API", "opm_nome": "2. GRUPO POLICIAL MILITAR", "opm_descricao": "CPI-3 51.BPM/I 4.CIA PM 2.GP PM", "opm_codigo": "603516002" }, "geometry": { "type": "Point", "coordinates": [ -48.0360074, -21.4994763 ] } },
{ "type": "Feature", "properties": { "id_comando": "CPI-3", "nome_comando": "3º Comando de Policiamento do Interior (CPI-3)", "nome_batalhao": "51º BPM/I", "tipo_batalhao": "Interior", "companhia": "4.CIA PM", "pelotao": "", "grupo": "2.GP/PM", "cidade": "Guatapara", "endereco": "RUA SANDRIM E SARTORI, 153, NOVA GUATAPARA - Guatapara", "latitude": -21.4992142, "longitude": -48.0341494, "fonte_geocodificacao": "Google Geocoding API", "opm_nome": "2.GP/PM", "opm_descricao": "CPI-3 51.BPM/I 4.CIA PM 2.GP/PM", "opm_codigo": "603514002" }, "geometry": { "type": "Point", "coordinates": [ -48.0341494, -21.4992142 ] } },
{ "type": "Feature", "properties": { "id_comando": "CPI-3", "nome_comando": "3º Comando de Policiamento do Interior (CPI-3)", "nome_batalhao": "51º BPM/I", "tipo_batalhao": "Interior", "companhia": "4.CIA PM", "pelotao": "", "grupo": "1.GP/PM", "cidade": "Luis Antonio", "endereco": "AV. SAUDADE, 309, CENTRO - Luis Antonio", "latitude": -21.5520884, "longitude": -47.7065633, "fonte_geocodificacao": "Google Geocoding API", "opm_nome": "1.GP/PM", "opm_descricao": "CPI-3 51.BPM/I 4.CIA PM 1.GP/PM", "opm_codigo": "603514001" }, "geometry": { "type": "Point", "coordinates": [ -47.7065633, -21.5520884 ] } },
{ "type": "Feature", "properties": { "id_comando": "CPI-3", "nome_comando": "3º Comando de Policiamento do Interior (CPI-3)", "nome_batalhao": "51º BPM/I", "tipo_batalhao": "Interior", "companhia": "4.CIA PM", "pelotao": "", "grupo": "1.GP PM", "cidade": "Luis Antonio", "endereco": "AV. SAUDADE, 309, CENTRO - Luis Antonio", "latitude": -21.5520884, "longitude": -47.7065633, "fonte_geocodificacao": "Google Geocoding API", "opm_nome": "1. GRUPO POLICIAL MILITAR", "opm_descricao": "CPI-3 51.BPM/I 4.CIA PM 1.GP PM", "opm_codigo": "603516001" }, "geometry": { "type": "Point", "coordinates": [ -47.7065633, -21.5520884 ] } },
{ "type": "Feature", "properties": { "id_comando": "CPI-3", "nome_comando": "3º Comando de Policiamento do Interior (CPI-3)", "nome_batalhao": "51º BPM/I", "tipo_batalhao": "Interior", "companhia": "4.CIA PM", "pelotao": "", "grupo": "3. GP PM", "cidade": "Santa Rosa De Viterbo", "endereco": "RUA DR MARIO CARNEIRO DA CUNHA, 141, JARDIM GURILANDIA - Santa Rosa De Viterbo", "latitude": -21.4851774, "longitude": -47.3615731, "fonte_geocodificacao": "Google Geocoding API", "opm_nome": "3. GP PM", "opm_descricao": "CPI-3 51.BPM/I 4.CIA PM 3. GP PM", "opm_codigo": "603514003" }, "geometry": { "type": "Point", "coordinates": [ -47.3615731, -21.4851774 ] } },
{ "type": "Feature", "properties": { "id_comando": "CPI-3", "nome_comando": "3º Comando de Policiamento do Interior (CPI-3)", "nome_batalhao": "51º BPM/I", "tipo_batalhao": "Interior", "companhia": "4.CIA PM", "pelotao": "", "grupo": "3.GP PM", "cidade": "Santa Rosa De Viterbo", "endereco": "RUA DR. MÁRIO CARNEIRO DA CUNHA, 141, JD. GURILÂNDIA - Santa Rosa De Viterbo", "latitude": -21.4851774, "longitude": -47.3615731, "fonte_geocodificacao": "Google Geocoding API", "opm_nome": "3. GRUPO POLICIAL MILITAR", "opm_descricao": "CPI-3 51.BPM/I 4.CIA PM 3.GP PM", "opm_codigo": "603516003" }, "geometry": { "type": "Point", "coordinates": [ -47.3615731, -21.4851774 ] } },
{ "type": "Feature", "properties": { "id_comando": "CPI-3", "nome_comando": "3º Comando de Policiamento do Interior (CPI-3)", "nome_batalhao": "51º BPM/I", "tipo_batalhao": "Interior", "companhia": "CIA F TAT", "pelotao": "2.PEL FT", "grupo": "0", "cidade": "Ribeirao Preto", "endereco": "AVENIDA PRESIDENTE KENEDY, 1570, NOVA RIBEIRANIA - Ribeirao Preto", "latitude": -21.2036029, "longitude": -47.7675024, "fonte_geocodificacao": "Google Geocoding API", "opm_nome": "2. PELOTAO DE FORCA TATICA", "opm_descricao": "CPI-3 51.BPM/I CIA F TAT 2.PEL FT 0", "opm_codigo": "603515200" }, "geometry": { "type": "Point", "coordinates": [ -47.7675024, -21.2036029 ] } },
{ "type": "Feature", "properties": { "id_comando": "CPI-3", "nome_comando": "3º Comando de Policiamento do Interior (CPI-3)", "nome_batalhao": "51º BPM/I", "tipo_batalhao": "Interior", "companhia": "CIA F TAT", "pelotao": "PEL F TAT", "grupo": "0", "cidade": "Ribeirao Preto", "endereco": "AVENIDA PRESIDENTE KENEDY, 1570, NOVA RIBEIRANIA - Ribeirao Preto", "latitude": -21.2036029, "longitude": -47.7675024, "fonte_geocodificacao": "Google Geocoding API", "opm_nome": "51.BPM/I CIA F TAT PEL F TAT", "opm_descricao": "CPI-3 51.BPM/I CIA F TAT PEL F TAT 0", "opm_codigo": "603515300" }, "geometry": { "type": "Point", "coordinates": [ -47.7675024, -21.2036029 ] } },
{ "type": "Feature", "properties": { "id_comando": "CPI-3", "nome_comando": "3º Comando de Policiamento do Interior (CPI-3)", "nome_batalhao": "51º BPM/I", "tipo_batalhao": "Interior", "companhia": "EM", "pelotao": "P/2", "grupo": "AG AREA", "cidade": "Ribeirao Preto", "endereco": "AVENIDA PRESIDENTE KENEDY, 1570, NOVA RIBEIRANIA - Ribeirao Preto", "latitude": -21.2036029, "longitude": -47.7675024, "fonte_geocodificacao": "Google Geocoding API", "opm_nome": "AGENCIA DE AREA", "opm_descricao": "CPI-3 51.BPM/I EM P/2 AG AREA", "opm_codigo": "603518200" }, "geometry": { "type": "Point", "coordinates": [ -47.7675024, -21.2036029 ] } },
{ "type": "Feature", "properties": { "id_comando": "CPI-3", "nome_comando": "3º Comando de Policiamento do Interior (CPI-3)", "nome_batalhao": "51º BPM/I", "tipo_batalhao": "Interior", "companhia": "EM", "pelotao": "P/1 P/5", "grupo": "GD QUARTEL", "cidade": "Ribeirao Preto", "endereco": "AVENIDA PRESIDENTE KENEDY, 1570, PQ CIDADE IND. LAGOINHA - Ribeirao Preto", "latitude": -21.2036029, "longitude": -47.7675024, "fonte_geocodificacao": "Google Geocoding API", "opm_nome": "GUARDA DO QUARTEL", "opm_descricao": "CPI-3 51.BPM/I EM P/1 P/5 GD QUARTEL", "opm_codigo": "603518110" }, "geometry": { "type": "Point", "coordinates": [ -47.7675024, -21.2036029 ] } },
{ "type": "Feature", "properties": { "id_comando": "CPI-3", "nome_comando": "3º Comando de Policiamento do Interior (CPI-3)", "nome_batalhao": "51º BPM/I", "tipo_batalhao": "Interior", "companhia": "EM", "pelotao": "P/3", "grupo": "CFP", "cidade": "Ribeirao Preto", "endereco": "AVENIDA PRESIDENTE KENEDY, 1570, PQ CIDADE IND. LAGOINHA - Ribeirao Preto", "latitude": -21.2036029, "longitude": -47.7675024, "fonte_geocodificacao": "Google Geocoding API", "opm_nome": "COMANDO FORCA PATRULHA", "opm_descricao": "CPI-3 51.BPM/I EM P/3 CFP", "opm_codigo": "603518310" }, "geometry": { "type": "Point", "coordinates": [ -47.7675024, -21.2036029 ] } },
{ "type": "Feature", "properties": { "id_comando": "CPI-4", "nome_comando": "4º Comando de Policiamento do Interior (CPI-4)", "nome_batalhao": "27º BPM/I", "tipo_batalhao": "Interior", "companhia": "2.CIA PM", "pelotao": "", "grupo": "GP/PM", "cidade": "Mineiros Do Tiete", "endereco": "RUA VINTE E SETE DE AGOSTO, 0  S/N, CENTRO - Mineiros Do Tiete", "latitude": -22.4082123, "longitude": -48.4486513, "fonte_geocodificacao": "Google Geocoding API", "opm_nome": "GRUPO POLICIAL MILITAR", "opm_descricao": "CPI-4 27.BPM/I 2.CIA PM GP/PM", "opm_codigo": "604272001" }, "geometry": { "type": "Point", "coordinates": [ -48.448651299999987, -22.4082123 ] } },
{ "type": "Feature", "properties": { "id_comando": "CPI-4", "nome_comando": "4º Comando de Policiamento do Interior (CPI-4)", "nome_batalhao": "27º BPM/I", "tipo_batalhao": "Interior", "companhia": "3.CIA PM", "pelotao": "", "grupo": "2.GP/PM", "cidade": "Bocaina", "endereco": "RUA DOUTOR OSORIO FERREIRA DIAS, 301, CENTRO - Bocaina", "latitude": -22.1441656, "longitude": -48.5248411, "fonte_geocodificacao": "Google Geocoding API", "opm_nome": "2. GRUPO  POLICIAL MILITAR", "opm_descricao": "CPI-4 27.BPM/I 3.CIA PM 2.GP/PM", "opm_codigo": "604273002" }, "geometry": { "type": "Point", "coordinates": [ -48.5248411, -22.1441656 ] } },
{ "type": "Feature", "properties": { "id_comando": "CPI-4", "nome_comando": "4º Comando de Policiamento do Interior (CPI-4)", "nome_batalhao": "27º BPM/I", "tipo_batalhao": "Interior", "companhia": "3.CIA PM", "pelotao": "", "grupo": "4.GP/PM", "cidade": "Boraceia", "endereco": "RUA OSWALDO ANTONIO PITON, 503, CENTRO - Boraceia", "latitude": -22.1984636, "longitude": -48.7769537, "fonte_geocodificacao": "Google Geocoding API", "opm_nome": "4. GRUPO POLICIAL MILITAR", "opm_descricao": "CPI-4 27.BPM/I 3.CIA PM 4.GP/PM", "opm_codigo": "604273004" }, "geometry": { "type": "Point", "coordinates": [ -48.7769537, -22.1984636 ] } },
{ "type": "Feature", "properties": { "id_comando": "CPI-4", "nome_comando": "4º Comando de Policiamento do Interior (CPI-4)", "nome_batalhao": "27º BPM/I", "tipo_batalhao": "Interior", "companhia": "3.CIA PM", "pelotao": "", "grupo": "1.GP/PM", "cidade": "Itaju", "endereco": "RUA MIGUEL BRAZ ARROTEIA, 570, SALEM SAAD - Itaju", "latitude": -21.9811917, "longitude": -48.8029304, "fonte_geocodificacao": "Google Geocoding API", "opm_nome": "1. GRUPO  POLICIAL MILITAR", "opm_descricao": "CPI-4 27.BPM/I 3.CIA PM 1.GP/PM", "opm_codigo": "604273001" }, "geometry": { "type": "Point", "coordinates": [ -48.8029304, -21.9811917 ] } },
{ "type": "Feature", "properties": { "id_comando": "CPI-4", "nome_comando": "4º Comando de Policiamento do Interior (CPI-4)", "nome_batalhao": "27º BPM/I", "tipo_batalhao": "Interior", "companhia": "3.CIA PM", "pelotao": "", "grupo": "3.GP/PM", "cidade": "Itapui", "endereco": "RUA SETE DE SETEMBRO, 314, CENTRO - Itapui", "latitude": -22.2352428, "longitude": -48.7198409, "fonte_geocodificacao": "Google Geocoding API", "opm_nome": "3. GRUPO POLICIAL MILITAR", "opm_descricao": "CPI-4 27.BPM/I 3.CIA PM 3.GP/PM", "opm_codigo": "604273003" }, "geometry": { "type": "Point", "coordinates": [ -48.7198409, -22.2352428 ] } },
{ "type": "Feature", "properties": { "id_comando": "CPI-4", "nome_comando": "4º Comando de Policiamento do Interior (CPI-4)", "nome_batalhao": "27º BPM/I", "tipo_batalhao": "Interior", "companhia": "EM", "pelotao": "UIS", "grupo": "GAB MEDICO", "cidade": "Jau", "endereco": "RUA VINTE E QUATRO DE MAIO, 943, VILA NOVA - Jau", "latitude": -22.2981208, "longitude": -48.5672303, "fonte_geocodificacao": "Google Geocoding API", "opm_nome": "GABINETE MEDICO", "opm_descricao": "CPI-4 27.BPM/I EM UIS GAB MEDICO", "opm_codigo": "604278011" }, "geometry": { "type": "Point", "coordinates": [ -48.5672303, -22.2981208 ] } },
{ "type": "Feature", "properties": { "id_comando": "CPI-4", "nome_comando": "4º Comando de Policiamento do Interior (CPI-4)", "nome_batalhao": "27º BPM/I", "tipo_batalhao": "Interior", "companhia": "EM", "pelotao": "UIS", "grupo": "GAB ODONTO", "cidade": "Jau", "endereco": "RUA VINTE E QUATRO DE MAIO, 943, VILA NOVA - Jau", "latitude": -22.2981208, "longitude": -48.5672303, "fonte_geocodificacao": "Google Geocoding API", "opm_nome": "GABINETE ODONTOLOGICO", "opm_descricao": "CPI-4 27.BPM/I EM UIS GAB ODONTO", "opm_codigo": "604278012" }, "geometry": { "type": "Point", "coordinates": [ -48.5672303, -22.2981208 ] } },
{ "type": "Feature", "properties": { "id_comando": "CPI-4", "nome_comando": "4º Comando de Policiamento do Interior (CPI-4)", "nome_batalhao": "27º BPM/I", "tipo_batalhao": "Interior", "companhia": "EM", "pelotao": "P/1 P/5", "grupo": "GUARDA QUARTEL", "cidade": "Jau", "endereco": "RUA VINTE E QUATRO DE MAIO, 943, VILA NOVA - Jau", "latitude": -22.2981208, "longitude": -48.5672303, "fonte_geocodificacao": "Google Geocoding API", "opm_nome": "GUARDA DO QUARTEL", "opm_descricao": "CPI-4 27.BPM/I EM P/1 P/5 GUARDA QUARTEL", "opm_codigo": "604278110" }, "geometry": { "type": "Point", "coordinates": [ -48.5672303, -22.2981208 ] } },
{ "type": "Feature", "properties": { "id_comando": "CPI-4", "nome_comando": "4º Comando de Policiamento do Interior (CPI-4)", "nome_batalhao": "27º BPM/I", "tipo_batalhao": "Interior", "companhia": "EM", "pelotao": "P/3", "grupo": "CFP", "cidade": "Jau", "endereco": "RUA VINTE E QUATRO DE MAIO, 943, VILA NOVA - Jau", "latitude": -22.2981208, "longitude": -48.5672303, "fonte_geocodificacao": "Google Geocoding API", "opm_nome": "COMANDO FORCA PATRULHA", "opm_descricao": "CPI-4 27.BPM/I EM P/3 CFP", "opm_codigo": "604278310" }, "geometry": { "type": "Point", "coordinates": [ -48.5672303, -22.2981208 ] } },
{ "type": "Feature", "properties": { "id_comando": "CPI-4", "nome_comando": "4º Comando de Policiamento do Interior (CPI-4)", "nome_batalhao": "27º BPM/I", "tipo_batalhao": "Interior", "companhia": "EM", "pelotao": "P/3", "grupo": "PEL FT - JAU", "cidade": "Jau", "endereco": "RUA VINTE E QUATRO DE MAIO, 943  FORÇA TÁTICA, VILA NOVA - Jau", "latitude": -22.2981208, "longitude": -48.5672303, "fonte_geocodificacao": "Google Geocoding API", "opm_nome": "27.BPM/I PEL FT", "opm_descricao": "CPI-4 27.BPM/I EM P/3 PEL FT - JAU", "opm_codigo": "604278320" }, "geometry": { "type": "Point", "coordinates": [ -48.5672303, -22.2981208 ] } },
{ "type": "Feature", "properties": { "id_comando": "CPI-4", "nome_comando": "4º Comando de Policiamento do Interior (CPI-4)", "nome_batalhao": "31º BPM/I", "tipo_batalhao": "Interior", "companhia": "1.CIA PM", "pelotao": "", "grupo": "2.GP/PM", "cidade": "Canitar", "endereco": "VEREADOR PEDRO MACEDO, 657, CENTRO - Canitar", "latitude": -23.006969, "longitude": -49.7827024, "fonte_geocodificacao": "Google Geocoding API", "opm_nome": "2. GRUPO POLICIAL MILITAR", "opm_descricao": "CPI-4 31.BPM/I 1.CIA PM 2.GP/PM", "opm_codigo": "604311002" }, "geometry": { "type": "Point", "coordinates": [ -49.7827024, -23.006969 ] } },
{ "type": "Feature", "properties": { "id_comando": "CPI-4", "nome_comando": "4º Comando de Policiamento do Interior (CPI-4)", "nome_batalhao": "31º BPM/I", "tipo_batalhao": "Interior", "companhia": "1.CIA PM", "pelotao": "", "grupo": "4.GP/PM", "cidade": "Chavantes", "endereco": "AV CONCEIÇÃO, 33, CENTRO - Chavantes", "latitude": -23.0414787, "longitude": -49.7091639, "fonte_geocodificacao": "Google Geocoding API", "opm_nome": "4. GRUPO POLICIAL MILITAR", "opm_descricao": "CPI-4 31.BPM/I 1.CIA PM 4.GP/PM", "opm_codigo": "604311004" }, "geometry": { "type": "Point", "coordinates": [ -49.7091639, -23.0414787 ] } },
{ "type": "Feature", "properties": { "id_comando": "CPI-4", "nome_comando": "4º Comando de Policiamento do Interior (CPI-4)", "nome_batalhao": "31º BPM/I", "tipo_batalhao": "Interior", "companhia": "1.CIA PM", "pelotao": "", "grupo": "GP FT", "cidade": "Ourinhos", "endereco": "RUA BELO HORIZONTE, 450  SOBRADO - 2ª SECCAO, VILA RECREIO - Ourinhos", "latitude": -22.9655973, "longitude": -49.866715, "fonte_geocodificacao": "Google Geocoding API", "opm_nome": "31.BPM/I 1.CIA GP FT", "opm_descricao": "CPI-4 31.BPM/I 1.CIA PM GP FT", "opm_codigo": "604311005" }, "geometry": { "type": "Point", "coordinates": [ -49.866715, -22.9655973 ] } },
{ "type": "Feature", "properties": { "id_comando": "CPI-4", "nome_comando": "4º Comando de Policiamento do Interior (CPI-4)", "nome_batalhao": "31º BPM/I", "tipo_batalhao": "Interior", "companhia": "1.CIA PM", "pelotao": "", "grupo": "1.GP/PM", "cidade": "Ribeirao Do Sul", "endereco": "RUA AUGUSTO CORREA GOMES, 264, CENTRO - Ribeirao Do Sul", "latitude": -22.7876967, "longitude": -49.9271928, "fonte_geocodificacao": "Google Geocoding API", "opm_nome": "1. GRUPO POLICIAL MILITAR", "opm_descricao": "CPI-4 31.BPM/I 1.CIA PM 1.GP/PM", "opm_codigo": "604311001" }, "geometry": { "type": "Point", "coordinates": [ -49.9271928, -22.7876967 ] } },
{ "type": "Feature", "properties": { "id_comando": "CPI-4", "nome_comando": "4º Comando de Policiamento do Interior (CPI-4)", "nome_batalhao": "31º BPM/I", "tipo_batalhao": "Interior", "companhia": "1.CIA PM", "pelotao": "", "grupo": "3.GP/PM", "cidade": "Salto Grande", "endereco": "RUA DR JOSE FERRAZ DA ROSA, 41, VILA SAO PAULO - Salto Grande", "latitude": -22.8859462, "longitude": -49.9820359, "fonte_geocodificacao": "Google Geocoding API", "opm_nome": "3. GRUPO POLICIAL MILITAR", "opm_descricao": "CPI-4 31.BPM/I 1.CIA PM 3.GP/PM", "opm_codigo": "604311003" }, "geometry": { "type": "Point", "coordinates": [ -49.9820359, -22.8859462 ] } },
{ "type": "Feature", "properties": { "id_comando": "CPI-4", "nome_comando": "4º Comando de Policiamento do Interior (CPI-4)", "nome_batalhao": "31º BPM/I", "tipo_batalhao": "Interior", "companhia": "2.CIA PM", "pelotao": "", "grupo": "4.GP/PM", "cidade": "Bernardino De Campos", "endereco": "AV DA SAUDADE, 99, CENTRO - Bernardino De Campos", "latitude": -23.0178182, "longitude": -49.4728662, "fonte_geocodificacao": "Google Geocoding API", "opm_nome": "4. GRUPO POLICIAL MILITAR", "opm_descricao": "CPI-4 31.BPM/I 2.CIA PM 4.GP/PM", "opm_codigo": "604312004" }, "geometry": { "type": "Point", "coordinates": [ -49.4728662, -23.0178182 ] } },
{ "type": "Feature", "properties": { "id_comando": "CPI-4", "nome_comando": "4º Comando de Policiamento do Interior (CPI-4)", "nome_batalhao": "31º BPM/I", "tipo_batalhao": "Interior", "companhia": "2.CIA PM", "pelotao": "", "grupo": "6.GP/PM", "cidade": "Espirito Santo Do Turvo", "endereco": "RUA HENRIQUE CORUMBABA, 202, AREA RURAL - Espirito Santo Do Turvo", "latitude": -22.7005641, "longitude": -49.4325072, "fonte_geocodificacao": "Google Geocoding API", "opm_nome": "6. GRUPO POLICIAL MILITAR", "opm_descricao": "CPI-4 31.BPM/I 2.CIA PM 6.GP/PM", "opm_codigo": "604312006" }, "geometry": { "type": "Point", "coordinates": [ -49.4325072, -22.7005641 ] } },
{ "type": "Feature", "properties": { "id_comando": "CPI-4", "nome_comando": "4º Comando de Policiamento do Interior (CPI-4)", "nome_batalhao": "31º BPM/I", "tipo_batalhao": "Interior", "companhia": "2.CIA PM", "pelotao": "", "grupo": "5.GP/PM", "cidade": "Ipaussu", "endereco": "RUA SALVADOR MELCHIOR, 240, CENTRO - Ipaussu", "latitude": -23.0538512, "longitude": -49.6283038, "fonte_geocodificacao": "Google Geocoding API", "opm_nome": "5. GRUPO POLICIAL MILITAR", "opm_descricao": "CPI-4 31.BPM/I 2.CIA PM 5.GP/PM", "opm_codigo": "604312005" }, "geometry": { "type": "Point", "coordinates": [ -49.6283038, -23.0538512 ] } },
{ "type": "Feature", "properties": { "id_comando": "CPI-4", "nome_comando": "4º Comando de Policiamento do Interior (CPI-4)", "nome_batalhao": "31º BPM/I", "tipo_batalhao": "Interior", "companhia": "2.CIA PM", "pelotao": "", "grupo": "2.GP/PM", "cidade": "Oleo", "endereco": "RUA ANTONIO CATANELI, 320, CENTRO - Oleo", "latitude": -22.9382587, "longitude": -49.4344013, "fonte_geocodificacao": "Google Geocoding API", "opm_nome": "2. GRUPO POLICIAL MILITAR", "opm_descricao": "CPI-4 31.BPM/I 2.CIA PM 2.GP/PM", "opm_codigo": "604312002" }, "geometry": { "type": "Point", "coordinates": [ -49.4344013, -22.9382587 ] } },
{ "type": "Feature", "properties": { "id_comando": "CPI-4", "nome_comando": "4º Comando de Policiamento do Interior (CPI-4)", "nome_batalhao": "31º BPM/I", "tipo_batalhao": "Interior", "companhia": "2.CIA PM", "pelotao": "ADM", "grupo": "CAD", "cidade": "Ourinhos", "endereco": "AVENIDA PEDRO CATALANO, 190  31ºBPM/I CAD, VILA PERINO - Ourinhos", "latitude": -22.9719988, "longitude": -49.8713936, "fonte_geocodificacao": "Google Geocoding API", "opm_nome": "31.BPM/I CAD", "opm_descricao": "CPI-4 31.BPM/I 2.CIA PM ADM CAD", "opm_codigo": "604312310" }, "geometry": { "type": "Point", "coordinates": [ -49.8713936, -22.9719988 ] } },
{ "type": "Feature", "properties": { "id_comando": "CPI-4", "nome_comando": "4º Comando de Policiamento do Interior (CPI-4)", "nome_batalhao": "31º BPM/I", "tipo_batalhao": "Interior", "companhia": "2.CIA PM", "pelotao": "", "grupo": "3.GP/PM", "cidade": "Sao Pedro Do Turvo", "endereco": "RUA CORONEL GARCIA BRAGA, 74, CENTRO - Sao Pedro Do Turvo", "latitude": -22.7495431, "longitude": -49.7385134, "fonte_geocodificacao": "Google Geocoding API", "opm_nome": "3. GRUPO POLICIAL MILITAR", "opm_descricao": "CPI-4 31.BPM/I 2.CIA PM 3.GP/PM", "opm_codigo": "604312003" }, "geometry": { "type": "Point", "coordinates": [ -49.7385134, -22.7495431 ] } },
{ "type": "Feature", "properties": { "id_comando": "CPI-4", "nome_comando": "4º Comando de Policiamento do Interior (CPI-4)", "nome_batalhao": "31º BPM/I", "tipo_batalhao": "Interior", "companhia": "2.CIA PM", "pelotao": "", "grupo": "1.GP/PM", "cidade": "Timburi", "endereco": "RUA LINDOLFO CAMARGO ALVES, 1035, CENTRO - Timburi", "latitude": -23.2065179, "longitude": -49.6047832, "fonte_geocodificacao": "Google Geocoding API", "opm_nome": "1. GRUPO POLICIAL MILITAR", "opm_descricao": "CPI-4 31.BPM/I 2.CIA PM 1.GP/PM", "opm_codigo": "604312001" }, "geometry": { "type": "Point", "coordinates": [ -49.6047832, -23.2065179 ] } },
{ "type": "Feature", "properties": { "id_comando": "CPI-4", "nome_comando": "4º Comando de Policiamento do Interior (CPI-4)", "nome_batalhao": "31º BPM/I", "tipo_batalhao": "Interior", "companhia": "EM", "pelotao": "UIS", "grupo": "GAB MEDICO", "cidade": "Ourinhos", "endereco": "AVENIDA DOMINGOS PERINO, 1055, VILA PERINO - Ourinhos", "latitude": -22.9659782, "longitude": -49.8660459, "fonte_geocodificacao": "Google Geocoding API", "opm_nome": "GABINETE MEDICO", "opm_descricao": "CPI-4 31.BPM/I EM UIS GAB MEDICO", "opm_codigo": "604318011" }, "geometry": { "type": "Point", "coordinates": [ -49.8660459, -22.9659782 ] } },
{ "type": "Feature", "properties": { "id_comando": "CPI-4", "nome_comando": "4º Comando de Policiamento do Interior (CPI-4)", "nome_batalhao": "31º BPM/I", "tipo_batalhao": "Interior", "companhia": "EM", "pelotao": "UIS", "grupo": "GAB ODONTO", "cidade": "Ourinhos", "endereco": "AVENIDA DOMINGOS PERINO, 1055, VILA PERINO - Ourinhos", "latitude": -22.9659782, "longitude": -49.8660459, "fonte_geocodificacao": "Google Geocoding API", "opm_nome": "GABINETE ODONTOLOGICO", "opm_descricao": "CPI-4 31.BPM/I EM UIS GAB ODONTO", "opm_codigo": "604318012" }, "geometry": { "type": "Point", "coordinates": [ -49.8660459, -22.9659782 ] } },
{ "type": "Feature", "properties": { "id_comando": "CPI-4", "nome_comando": "4º Comando de Policiamento do Interior (CPI-4)", "nome_batalhao": "31º BPM/I", "tipo_batalhao": "Interior", "companhia": "EM", "pelotao": "P/1E P/5", "grupo": "GUARDA QUARTEL", "cidade": "Ourinhos", "endereco": "AVENIDA DOMINGOS PERINO, 1055  GUARDA, VILA PERINO - Ourinhos", "latitude": -22.9659782, "longitude": -49.8660459, "fonte_geocodificacao": "Google Geocoding API", "opm_nome": "GUARDA DO QUARTEL", "opm_descricao": "CPI-4 31.BPM/I EM P/1E P/5 GUARDA QUARTEL", "opm_codigo": "604318110" }, "geometry": { "type": "Point", "coordinates": [ -49.8660459, -22.9659782 ] } },
{ "type": "Feature", "properties": { "id_comando": "CPI-4", "nome_comando": "4º Comando de Policiamento do Interior (CPI-4)", "nome_batalhao": "31º BPM/I", "tipo_batalhao": "Interior", "companhia": "EM", "pelotao": "P/3", "grupo": "CAD", "cidade": "Ourinhos", "endereco": "AVENIDA DOMINGOS PERINO, 1055, VILA PERINO - Ourinhos", "latitude": -22.9659782, "longitude": -49.8660459, "fonte_geocodificacao": "Google Geocoding API", "opm_nome": "31.BPM/I CAD", "opm_descricao": "CPI-4 31.BPM/I EM P/3 CAD", "opm_codigo": "604318310" }, "geometry": { "type": "Point", "coordinates": [ -49.8660459, -22.9659782 ] } },
{ "type": "Feature", "properties": { "id_comando": "CPI-4", "nome_comando": "4º Comando de Policiamento do Interior (CPI-4)", "nome_batalhao": "31º BPM/I", "tipo_batalhao": "Interior", "companhia": "EM", "pelotao": "DIV OP", "grupo": "CFP", "cidade": "Ourinhos", "endereco": "AVENIDA DOMINGOS PERINO, 1055, VILA PERINO - Ourinhos", "latitude": -22.9659782, "longitude": -49.8660459, "fonte_geocodificacao": "Google Geocoding API", "opm_nome": "COMANDO FORCA PATRULHA", "opm_descricao": "CPI-4 31.BPM/I EM DIV OP CFP", "opm_codigo": "604318320" }, "geometry": { "type": "Point", "coordinates": [ -49.8660459, -22.9659782 ] } },
{ "type": "Feature", "properties": { "id_comando": "CPI-4", "nome_comando": "4º Comando de Policiamento do Interior (CPI-4)", "nome_batalhao": "31º BPM/I", "tipo_batalhao": "Interior", "companhia": "EM", "pelotao": "DIV OP", "grupo": "TELECOM", "cidade": "Ourinhos", "endereco": "AVENIDA DOMINGOS PERINO, 1055  31ºBPM/I TELECOM, VILA PERINO - Ourinhos", "latitude": -22.9659782, "longitude": -49.8660459, "fonte_geocodificacao": "Google Geocoding API", "opm_nome": "TELECOMUNICACAO", "opm_descricao": "CPI-4 31.BPM/I EM DIV OP TELECOM", "opm_codigo": "604318330" }, "geometry": { "type": "Point", "coordinates": [ -49.8660459, -22.9659782 ] } },
{ "type": "Feature", "properties": { "id_comando": "CPI-4", "nome_comando": "4º Comando de Policiamento do Interior (CPI-4)", "nome_batalhao": "31º BPM/I", "tipo_batalhao": "Interior", "companhia": "EM", "pelotao": "", "grupo": "ST PJMD", "cidade": "Ourinhos", "endereco": "AVENIDA DOMINGOS PERINO, 1055, VILA RECREIO – 2ª SECCAO - Ourinhos", "latitude": -22.9659782, "longitude": -49.8660459, "fonte_geocodificacao": "Google Geocoding API", "opm_nome": "SETOR DE POLICIA JUDICIARIA MILITAR E DISCIPLINAR", "opm_descricao": "CPI-4 31.BPM/I EM ST PJMD", "opm_codigo": "604318600" }, "geometry": { "type": "Point", "coordinates": [ -49.8660459, -22.9659782 ] } },
{ "type": "Feature", "properties": { "id_comando": "CPI-4", "nome_comando": "4º Comando de Policiamento do Interior (CPI-4)", "nome_batalhao": "4º BPM/I", "tipo_batalhao": "Interior", "companhia": "2.CIA PM", "pelotao": "", "grupo": "1.GP/PM", "cidade": "Avai", "endereco": "RUA BARÃO DO RIO BRANCO, 385, CENTRO - Avai", "latitude": -22.1553809, "longitude": -49.3337782, "fonte_geocodificacao": "Google Geocoding API", "opm_nome": "1. GRUPO POLICIAL MILITAR", "opm_descricao": "CPI-4 4.BPM/I 2.CIA PM 1.GP/PM", "opm_codigo": "604042001" }, "geometry": { "type": "Point", "coordinates": [ -49.3337782, -22.1553809 ] } },
{ "type": "Feature", "properties": { "id_comando": "CPI-4", "nome_comando": "4º Comando de Policiamento do Interior (CPI-4)", "nome_batalhao": "4º BPM/I", "tipo_batalhao": "Interior", "companhia": "2.CIA PM", "pelotao": "", "grupo": "3.GP/PM", "cidade": "Balbinos", "endereco": "RUA SANTINA PASQUIM LUISÃO, 115, JARDIM BELA VISTA - Balbinos", "latitude": -21.892420496619796, "longitude": -49.333088210275356, "fonte_geocodificacao": "Centroide do município-sede (geocodificação rejeitada: fora dos limites do município)", "opm_nome": "3. GRUPO POLICIAL MILITAR", "opm_descricao": "CPI-4 4.BPM/I 2.CIA PM 3.GP/PM", "opm_codigo": "604042003" }, "geometry": { "type": "Point", "coordinates": [ -49.333088210275356, -21.892420496619796 ] } },
{ "type": "Feature", "properties": { "id_comando": "CPI-4", "nome_comando": "4º Comando de Policiamento do Interior (CPI-4)", "nome_batalhao": "4º BPM/I", "tipo_batalhao": "Interior", "companhia": "2.CIA PM", "pelotao": "", "grupo": "2.GP/PM", "cidade": "Presidente Alves", "endereco": "RUA MESSIAS TOMAS DE PAIVA, 95, JD. COLINA DO SOL II - Presidente Alves", "latitude": -22.0931623, "longitude": -49.4385715, "fonte_geocodificacao": "Google Geocoding API", "opm_nome": "2. GRUPO POLICIAL MILITAR", "opm_descricao": "CPI-4 4.BPM/I 2.CIA PM 2.GP/PM", "opm_codigo": "604042002" }, "geometry": { "type": "Point", "coordinates": [ -49.438571499999988, -22.0931623 ] } },
{ "type": "Feature", "properties": { "id_comando": "CPI-4", "nome_comando": "4º Comando de Policiamento do Interior (CPI-4)", "nome_batalhao": "4º BPM/I", "tipo_batalhao": "Interior", "companhia": "3.CIA PM", "pelotao": "", "grupo": "GP/PM", "cidade": "Piratininga", "endereco": "RUA NAIR DE CARVALHO TIMACHI, 5, CENTRO - Piratininga", "latitude": -22.4084682, "longitude": -49.1305843, "fonte_geocodificacao": "Google Geocoding API", "opm_nome": "GRUPO  POLICIAL MILITAR", "opm_descricao": "CPI-4 4.BPM/I 3.CIA PM GP/PM", "opm_codigo": "604043001" }, "geometry": { "type": "Point", "coordinates": [ -49.1305843, -22.4084682 ] } },
{ "type": "Feature", "properties": { "id_comando": "CPI-4", "nome_comando": "4º Comando de Policiamento do Interior (CPI-4)", "nome_batalhao": "4º BPM/I", "tipo_batalhao": "Interior", "companhia": "5.CIA PM", "pelotao": "", "grupo": "2.GP/PM", "cidade": "Bauru", "endereco": "RUA CORONEL LEITE, 1035, CENTRO - Bauru", "latitude": -22.253995421795278, "longitude": -49.12613527219807, "fonte_geocodificacao": "Centroide do município-sede (geocodificação rejeitada: fora dos limites do município)", "opm_nome": "2. GRUPO  POLICIAL MILITAR", "opm_descricao": "CPI-4 4.BPM/I 5.CIA PM 2.GP/PM", "opm_codigo": "604045002" }, "geometry": { "type": "Point", "coordinates": [ -49.12613527219807, -22.253995421795278 ] } },
{ "type": "Feature", "properties": { "id_comando": "CPI-4", "nome_comando": "4º Comando de Policiamento do Interior (CPI-4)", "nome_batalhao": "4º BPM/I", "tipo_batalhao": "Interior", "companhia": "5.CIA PM", "pelotao": "", "grupo": "4.GP/PM", "cidade": "Cabralia Paulista", "endereco": "RUA MANOEL FRANCISCO DO NASCIMENTO, 311, CENTRO - Cabralia Paulista", "latitude": -22.4584747, "longitude": -49.3341148, "fonte_geocodificacao": "Google Geocoding API", "opm_nome": "4. GRUPO  POLICIAL MILITAR", "opm_descricao": "CPI-4 4.BPM/I 5.CIA PM 4.GP/PM", "opm_codigo": "604045004" }, "geometry": { "type": "Point", "coordinates": [ -49.334114799999988, -22.4584747 ] } },
{ "type": "Feature", "properties": { "id_comando": "CPI-4", "nome_comando": "4º Comando de Policiamento do Interior (CPI-4)", "nome_batalhao": "4º BPM/I", "tipo_batalhao": "Interior", "companhia": "5.CIA PM", "pelotao": "", "grupo": "6.GP/PM", "cidade": "Duartina", "endereco": "AVENIDA SAO PAULO, 51, CENTRO - Duartina", "latitude": -22.4134223, "longitude": -49.3986223, "fonte_geocodificacao": "Google Geocoding API", "opm_nome": "6. GRUPO POLICIAL MILITAR", "opm_descricao": "CPI-4 4.BPM/I 5.CIA PM 6.GP/PM", "opm_codigo": "604045006" }, "geometry": { "type": "Point", "coordinates": [ -49.3986223, -22.4134223 ] } },
{ "type": "Feature", "properties": { "id_comando": "CPI-4", "nome_comando": "4º Comando de Policiamento do Interior (CPI-4)", "nome_batalhao": "4º BPM/I", "tipo_batalhao": "Interior", "companhia": "5.CIA PM", "pelotao": "1.PEL PM", "grupo": "0", "cidade": "Duartina", "endereco": "AVENIDA SÃO  PAULO, 51, CENTRO - Duartina", "latitude": -22.4134223, "longitude": -49.3986223, "fonte_geocodificacao": "Google Geocoding API", "opm_nome": "4.BPM/I - 1.PEL PM", "opm_descricao": "CPI-4 4.BPM/I 5.CIA PM 1.PEL PM 0", "opm_codigo": "604045100" }, "geometry": { "type": "Point", "coordinates": [ -49.3986223, -22.4134223 ] } },
{ "type": "Feature", "properties": { "id_comando": "CPI-4", "nome_comando": "4º Comando de Policiamento do Interior (CPI-4)", "nome_batalhao": "4º BPM/I", "tipo_batalhao": "Interior", "companhia": "5.CIA PM", "pelotao": "", "grupo": "GP/FT", "cidade": "Lencois Paulista", "endereco": "RUA RAPOSO TAVÁRES, 670, JARIM UBIRAMA - Lencois Paulista", "latitude": -22.6066618, "longitude": -48.8087072, "fonte_geocodificacao": "Google Geocoding API", "opm_nome": "GRUPO FORCA TATICA", "opm_descricao": "CPI-4 4.BPM/I 5.CIA PM GP/FT", "opm_codigo": "604045009" }, "geometry": { "type": "Point", "coordinates": [ -48.8087072, -22.6066618 ] } },
{ "type": "Feature", "properties": { "id_comando": "CPI-4", "nome_comando": "4º Comando de Policiamento do Interior (CPI-4)", "nome_batalhao": "4º BPM/I", "tipo_batalhao": "Interior", "companhia": "5.CIA PM", "pelotao": "", "grupo": "3.GP/PM", "cidade": "Lucianopolis", "endereco": "RUA MAURILIO ROQUE TOASSA, 546, CENTRO - Lucianopolis", "latitude": -22.4329403, "longitude": -49.5223222, "fonte_geocodificacao": "Google Geocoding API", "opm_nome": "3. GRUPO  POLICIAL MILITAR", "opm_descricao": "CPI-4 4.BPM/I 5.CIA PM 3.GP/PM", "opm_codigo": "604045003" }, "geometry": { "type": "Point", "coordinates": [ -49.5223222, -22.4329403 ] } },
{ "type": "Feature", "properties": { "id_comando": "CPI-4", "nome_comando": "4º Comando de Policiamento do Interior (CPI-4)", "nome_batalhao": "4º BPM/I", "tipo_batalhao": "Interior", "companhia": "5.CIA PM", "pelotao": "", "grupo": "5.GP/PM", "cidade": "Paulistania", "endereco": "TRAVESSA ROSINEI CODATO, 102, NUC. HAB. MANOEL FRANCISCO CASACA - Paulistania", "latitude": -22.5724878, "longitude": -49.3968467, "fonte_geocodificacao": "Google Geocoding API", "opm_nome": "5. GRUPO POLICIAL MILITAR", "opm_descricao": "CPI-4 4.BPM/I 5.CIA PM 5.GP/PM", "opm_codigo": "604045005" }, "geometry": { "type": "Point", "coordinates": [ -49.3968467, -22.5724878 ] } },
{ "type": "Feature", "properties": { "id_comando": "CPI-4", "nome_comando": "4º Comando de Policiamento do Interior (CPI-4)", "nome_batalhao": "4º BPM/I", "tipo_batalhao": "Interior", "companhia": "5.CIA PM", "pelotao": "", "grupo": "1.GP/PM", "cidade": "Ubirajara", "endereco": "MAJOR LEONIDAS VIERIA, 517, CENTRO - Ubirajara", "latitude": -22.5241214, "longitude": -49.6636561, "fonte_geocodificacao": "Google Geocoding API", "opm_nome": "1. GRUPO POLICIAL MILITAR", "opm_descricao": "CPI-4 4.BPM/I 5.CIA PM 1.GP/PM", "opm_codigo": "604045001" }, "geometry": { "type": "Point", "coordinates": [ -49.6636561, -22.5241214 ] } },
{ "type": "Feature", "properties": { "id_comando": "CPI-4", "nome_comando": "4º Comando de Policiamento do Interior (CPI-4)", "nome_batalhao": "4º BPM/I", "tipo_batalhao": "Interior", "companhia": "6.CIA PM", "pelotao": "", "grupo": "1.GP/PM", "cidade": "Arealva", "endereco": "RUA PRIMEIRO DE ABRIL, 20, CENTRO - Arealva", "latitude": -22.0292004, "longitude": -48.9078034, "fonte_geocodificacao": "Google Geocoding API", "opm_nome": "1. GRUPO POLICIAL MILITAR", "opm_descricao": "CPI-4 4.BPM/I 6.CIA PM 1.GP/PM", "opm_codigo": "604046001" }, "geometry": { "type": "Point", "coordinates": [ -48.9078034, -22.0292004 ] } },
{ "type": "Feature", "properties": { "id_comando": "CPI-4", "nome_comando": "4º Comando de Policiamento do Interior (CPI-4)", "nome_batalhao": "4º BPM/I", "tipo_batalhao": "Interior", "companhia": "6.CIA PM", "pelotao": "", "grupo": "2.GP/PM", "cidade": "Iacanga", "endereco": "AV RUI BARBOSA, 475, CENTRO - Iacanga", "latitude": -21.8915382, "longitude": -49.0186358, "fonte_geocodificacao": "Google Geocoding API", "opm_nome": "2. GRUPO POLICIAL MILITAR", "opm_descricao": "CPI-4 4.BPM/I 6.CIA PM 2.GP/PM", "opm_codigo": "604046002" }, "geometry": { "type": "Point", "coordinates": [ -49.0186358, -21.8915382 ] } },
{ "type": "Feature", "properties": { "id_comando": "CPI-4", "nome_comando": "4º Comando de Policiamento do Interior (CPI-4)", "nome_batalhao": "4º BPM/I", "tipo_batalhao": "Interior", "companhia": "6.CIA PM", "pelotao": "", "grupo": "3.GP/PM", "cidade": "Macatuba", "endereco": "RUA ARLINDO BATISTA ARTIOLI, 180, CENTRO - Macatuba", "latitude": -22.5061187, "longitude": -48.7085579, "fonte_geocodificacao": "Google Geocoding API", "opm_nome": "4.BPM/I 6.CIA PM  3.GP/PM", "opm_descricao": "CPI-4 4.BPM/I 6.CIA PM 3.GP/PM", "opm_codigo": "604046003" }, "geometry": { "type": "Point", "coordinates": [ -48.7085579, -22.5061187 ] } },
{ "type": "Feature", "properties": { "id_comando": "CPI-4", "nome_comando": "4º Comando de Policiamento do Interior (CPI-4)", "nome_batalhao": "4º BPM/I", "tipo_batalhao": "Interior", "companhia": "6.CIA PM", "pelotao": "", "grupo": "GP/FT", "cidade": "Pederneiras", "endereco": "RUA BENJAMIN MONTEIRO, 697  LETRA O, CENTRO - Pederneiras", "latitude": -22.3503387, "longitude": -48.7782926, "fonte_geocodificacao": "Google Geocoding API", "opm_nome": "GRUPO FORCA TATICA", "opm_descricao": "CPI-4 4.BPM/I 6.CIA PM GP/FT", "opm_codigo": "604046004" }, "geometry": { "type": "Point", "coordinates": [ -48.7782926, -22.3503387 ] } },
{ "type": "Feature", "properties": { "id_comando": "CPI-4", "nome_comando": "4º Comando de Policiamento do Interior (CPI-4)", "nome_batalhao": "4º BPM/I", "tipo_batalhao": "Interior", "companhia": "EM", "pelotao": "P/1 E P/5", "grupo": "GUARDA QUARTEL", "cidade": "Bauru", "endereco": "AVENIDA ENGENHEIRO LUÍS EDMUNDO CARRIJO COUBE, 3165, JD COLONIAL - Bauru", "latitude": -22.3505644, "longitude": -49.0341516, "fonte_geocodificacao": "Google Geocoding API", "opm_nome": "GUARDA DO QUARTEL", "opm_descricao": "CPI-4 4.BPM/I EM P/1 E P/5 GUARDA QUARTEL", "opm_codigo": "604048110" }, "geometry": { "type": "Point", "coordinates": [ -49.0341516, -22.3505644 ] } },
{ "type": "Feature", "properties": { "id_comando": "CPI-4", "nome_comando": "4º Comando de Policiamento do Interior (CPI-4)", "nome_batalhao": "4º BPM/I", "tipo_batalhao": "Interior", "companhia": "EM", "pelotao": "P/3", "grupo": "CFP", "cidade": "Bauru", "endereco": "AVENIDA ENGENHEIRO LUÍS EDMUNDO CARRIJO COUBE, 3165, JD COLONIAL - Bauru", "latitude": -22.3505644, "longitude": -49.0341516, "fonte_geocodificacao": "Google Geocoding API", "opm_nome": "COMANDANTE DE FORCA PATRULHA", "opm_descricao": "CPI-4 4.BPM/I EM P/3 CFP", "opm_codigo": "604048310" }, "geometry": { "type": "Point", "coordinates": [ -49.0341516, -22.3505644 ] } },
{ "type": "Feature", "properties": { "id_comando": "CPI-4", "nome_comando": "4º Comando de Policiamento do Interior (CPI-4)", "nome_batalhao": "44º BPM/I", "tipo_batalhao": "Interior", "companhia": "1.CIA PM", "pelotao": "", "grupo": "5.GP/PM", "cidade": "Cafelandia", "endereco": "AVENIDA GOVERNADOR MARIO COVAS, 190, CENTRO - Cafelandia", "latitude": -21.8046105, "longitude": -49.6033531, "fonte_geocodificacao": "Google Geocoding API", "opm_nome": "5. GRUPO POLICAL MILITAR", "opm_descricao": "CPI-4 44.BPM/I 1.CIA PM 5.GP/PM", "opm_codigo": "604441006" }, "geometry": { "type": "Point", "coordinates": [ -49.6033531, -21.8046105 ] } },
{ "type": "Feature", "properties": { "id_comando": "CPI-4", "nome_comando": "4º Comando de Policiamento do Interior (CPI-4)", "nome_batalhao": "44º BPM/I", "tipo_batalhao": "Interior", "companhia": "1.CIA PM", "pelotao": "", "grupo": "4.GP/PM", "cidade": "Guaranta", "endereco": "RUA OTAVIANO PIZA, 3, CANTINHO DO CEU - Guaranta", "latitude": -21.898578, "longitude": -49.5872806, "fonte_geocodificacao": "Google Geocoding API", "opm_nome": "4. GRUPO POLICAL MILITAR", "opm_descricao": "CPI-4 44.BPM/I 1.CIA PM 4.GP/PM", "opm_codigo": "604441004" }, "geometry": { "type": "Point", "coordinates": [ -49.5872806, -21.898578 ] } },
{ "type": "Feature", "properties": { "id_comando": "CPI-4", "nome_comando": "4º Comando de Policiamento do Interior (CPI-4)", "nome_batalhao": "44º BPM/I", "tipo_batalhao": "Interior", "companhia": "1.CIA PM", "pelotao": "", "grupo": "GP/FT", "cidade": "Lins", "endereco": "RUA SARKIS DJANIKIAN MARACH, 44, RESIDENCIAL FLORESTAN FERNANDES - Lins", "latitude": -21.6784574, "longitude": -49.7385312, "fonte_geocodificacao": "Google Geocoding API", "opm_nome": "44.BPM/I - GRUPO DE FORCA TATICA", "opm_descricao": "CPI-4 44.BPM/I 1.CIA PM GP/FT", "opm_codigo": "604441005" }, "geometry": { "type": "Point", "coordinates": [ -49.7385312, -21.6784574 ] } },
{ "type": "Feature", "properties": { "id_comando": "CPI-4", "nome_comando": "4º Comando de Policiamento do Interior (CPI-4)", "nome_batalhao": "44º BPM/I", "tipo_batalhao": "Interior", "companhia": "1.CIA PM", "pelotao": "", "grupo": "2.GP/PM", "cidade": "Pongai", "endereco": "RUA GILDO ROQUE, 245, CENTRO - Pongai", "latitude": -21.7340339, "longitude": -49.3577969, "fonte_geocodificacao": "Google Geocoding API", "opm_nome": "2. GRUPO POLICAL MILITAR", "opm_descricao": "CPI-4 44.BPM/I 1.CIA PM 2.GP/PM", "opm_codigo": "604441002" }, "geometry": { "type": "Point", "coordinates": [ -49.3577969, -21.7340339 ] } },
{ "type": "Feature", "properties": { "id_comando": "CPI-4", "nome_comando": "4º Comando de Policiamento do Interior (CPI-4)", "nome_batalhao": "44º BPM/I", "tipo_batalhao": "Interior", "companhia": "1.CIA PM", "pelotao": "", "grupo": "3.GP/PM", "cidade": "Sabino", "endereco": "RUA PADRE ANCHIETA, 608, CENTRO - Sabino", "latitude": -21.4607186, "longitude": -49.5791074, "fonte_geocodificacao": "Google Geocoding API", "opm_nome": "3. GRUPO POLICAL MILITAR", "opm_descricao": "CPI-4 44.BPM/I 1.CIA PM 3.GP/PM", "opm_codigo": "604441003" }, "geometry": { "type": "Point", "coordinates": [ -49.5791074, -21.4607186 ] } },
{ "type": "Feature", "properties": { "id_comando": "CPI-4", "nome_comando": "4º Comando de Policiamento do Interior (CPI-4)", "nome_batalhao": "44º BPM/I", "tipo_batalhao": "Interior", "companhia": "1.CIA PM", "pelotao": "", "grupo": "1.GP/PM", "cidade": "Uru", "endereco": "RUA FRANCISCO TELES, 564, CENTRO - Uru", "latitude": -21.7824469, "longitude": -49.2801423, "fonte_geocodificacao": "Google Geocoding API", "opm_nome": "1. GRUPO POLICAL MILITAR", "opm_descricao": "CPI-4 44.BPM/I 1.CIA PM 1.GP/PM", "opm_codigo": "604441001" }, "geometry": { "type": "Point", "coordinates": [ -49.280142299999987, -21.7824469 ] } },
{ "type": "Feature", "properties": { "id_comando": "CPI-4", "nome_comando": "4º Comando de Policiamento do Interior (CPI-4)", "nome_batalhao": "44º BPM/I", "tipo_batalhao": "Interior", "companhia": "2.CIA PM", "pelotao": "", "grupo": "2.GP/PM", "cidade": "Guaicara", "endereco": "RUA ANTONIO BUZINARO, 487, CENTRO - Guaicara", "latitude": -21.6238835, "longitude": -49.7992235, "fonte_geocodificacao": "Google Geocoding API", "opm_nome": "2. GRUPO POLICAL MILITAR", "opm_descricao": "CPI-4 44.BPM/I 2.CIA PM 2.GP/PM", "opm_codigo": "604442002" }, "geometry": { "type": "Point", "coordinates": [ -49.7992235, -21.6238835 ] } },
{ "type": "Feature", "properties": { "id_comando": "CPI-4", "nome_comando": "4º Comando de Policiamento do Interior (CPI-4)", "nome_batalhao": "44º BPM/I", "tipo_batalhao": "Interior", "companhia": "2.CIA PM", "pelotao": "", "grupo": "1.GP/PM", "cidade": "Guaimbe", "endereco": "RUA FERNANDO MARTINS PAREDES, 128, CENTRO - Guaimbe", "latitude": -21.9124893, "longitude": -49.8987974, "fonte_geocodificacao": "Google Geocoding API", "opm_nome": "1. GRUPO  POLICAL MILITAR", "opm_descricao": "CPI-4 44.BPM/I 2.CIA PM 1.GP/PM", "opm_codigo": "604442001" }, "geometry": { "type": "Point", "coordinates": [ -49.8987974, -21.9124893 ] } },
{ "type": "Feature", "properties": { "id_comando": "CPI-4", "nome_comando": "4º Comando de Policiamento do Interior (CPI-4)", "nome_batalhao": "44º BPM/I", "tipo_batalhao": "Interior", "companhia": "EM", "pelotao": "UIS", "grupo": "GAB MEDICO", "cidade": "Lins", "endereco": "RUA SARKIS DJANIKIAN, 44, RESIDENCIAL FLORESTAN FERNANDES - Lins", "latitude": -21.6784574, "longitude": -49.7385312, "fonte_geocodificacao": "Google Geocoding API", "opm_nome": "GABINETE MEDICO", "opm_descricao": "CPI-4 44.BPM/I EM UIS GAB MEDICO", "opm_codigo": "604448011" }, "geometry": { "type": "Point", "coordinates": [ -49.7385312, -21.6784574 ] } },
{ "type": "Feature", "properties": { "id_comando": "CPI-4", "nome_comando": "4º Comando de Policiamento do Interior (CPI-4)", "nome_batalhao": "44º BPM/I", "tipo_batalhao": "Interior", "companhia": "EM", "pelotao": "UIS", "grupo": "GAB ODONTO", "cidade": "Lins", "endereco": "RUA SARKIS DJANIKIAN, 44, RESIDENCIAL FLORESTAN FERNANDES - Lins", "latitude": -21.6784574, "longitude": -49.7385312, "fonte_geocodificacao": "Google Geocoding API", "opm_nome": "GABINETE ODONTOLOGICO", "opm_descricao": "CPI-4 44.BPM/I EM UIS GAB ODONTO", "opm_codigo": "604448012" }, "geometry": { "type": "Point", "coordinates": [ -49.7385312, -21.6784574 ] } },
{ "type": "Feature", "properties": { "id_comando": "CPI-4", "nome_comando": "4º Comando de Policiamento do Interior (CPI-4)", "nome_batalhao": "44º BPM/I", "tipo_batalhao": "Interior", "companhia": "EM", "pelotao": "P/1 E P/5", "grupo": "GUARDA QUARTEL", "cidade": "Lins", "endereco": "RUA SARKIS DJANIKIAN, 44  GUARDA, RESIDENCIAL FLORESTAN FERNANDES - Lins", "latitude": -21.6784574, "longitude": -49.7385312, "fonte_geocodificacao": "Google Geocoding API", "opm_nome": "GUARDA DO QUARTEL", "opm_descricao": "CPI-4 44.BPM/I EM P/1 E P/5 GUARDA QUARTEL", "opm_codigo": "604448110" }, "geometry": { "type": "Point", "coordinates": [ -49.7385312, -21.6784574 ] } },
{ "type": "Feature", "properties": { "id_comando": "CPI-4", "nome_comando": "4º Comando de Policiamento do Interior (CPI-4)", "nome_batalhao": "44º BPM/I", "tipo_batalhao": "Interior", "companhia": "EM", "pelotao": "P/3", "grupo": "CFP", "cidade": "Lins", "endereco": "RUA SARKIS DJANIKIAN, 44, RESIDENCIAL FLORESTAN FERNANDES - Lins", "latitude": -21.6784574, "longitude": -49.7385312, "fonte_geocodificacao": "Google Geocoding API", "opm_nome": "COMANDO DE FORCA  PATRULHA", "opm_descricao": "CPI-4 44.BPM/I EM P/3 CFP", "opm_codigo": "604448310" }, "geometry": { "type": "Point", "coordinates": [ -49.7385312, -21.6784574 ] } },
{ "type": "Feature", "properties": { "id_comando": "CPI-4", "nome_comando": "4º Comando de Policiamento do Interior (CPI-4)", "nome_batalhao": "44º BPM/I", "tipo_batalhao": "Interior", "companhia": "EM", "pelotao": "", "grupo": "ST PJMD", "cidade": "Lins", "endereco": "RUA SARKIS DJANIKIAN MARACH, 44, RESIDENCIAL FLORESTAN FERNANDES - Lins", "latitude": -21.6784574, "longitude": -49.7385312, "fonte_geocodificacao": "Google Geocoding API", "opm_nome": "SETOR DE POLICIA  JUDICIARIA  MILITAR E DISCIPLINAR", "opm_descricao": "CPI-4 44.BPM/I EM ST PJMD", "opm_codigo": "604448600" }, "geometry": { "type": "Point", "coordinates": [ -49.7385312, -21.6784574 ] } },
{ "type": "Feature", "properties": { "id_comando": "CPI-4", "nome_comando": "4º Comando de Policiamento do Interior (CPI-4)", "nome_batalhao": "9º BPM/I", "tipo_batalhao": "Interior", "companhia": "1.CIA PM", "pelotao": "", "grupo": "2.GP PM", "cidade": "Echapora", "endereco": "Rua Paraíba, 103, Centro - Echapora", "latitude": -22.4293631, "longitude": -50.203685, "fonte_geocodificacao": "Google Geocoding API", "opm_nome": "2.GRUPO POLICIAL MILITAR", "opm_descricao": "CPI-4 9.BPM/I 1.CIA PM 2.GP PM", "opm_codigo": "604091002" }, "geometry": { "type": "Point", "coordinates": [ -50.203685, -22.4293631 ] } },
{ "type": "Feature", "properties": { "id_comando": "CPI-4", "nome_comando": "4º Comando de Policiamento do Interior (CPI-4)", "nome_batalhao": "9º BPM/I", "tipo_batalhao": "Interior", "companhia": "1.CIA PM", "pelotao": "", "grupo": "1.GP/PM", "cidade": "Oscar Bressane", "endereco": "RUA ALEXANDRE GIROTO JUNIOR, 77, CONJUNTO HABITACIONAL LUIS SASSAKI - Oscar Bressane", "latitude": -22.3183963, "longitude": -50.2840672, "fonte_geocodificacao": "Google Geocoding API", "opm_nome": "1.GRUPO POLICIAL MILITAR", "opm_descricao": "CPI-4 9.BPM/I 1.CIA PM 1.GP/PM", "opm_codigo": "604091001" }, "geometry": { "type": "Point", "coordinates": [ -50.2840672, -22.3183963 ] } },
{ "type": "Feature", "properties": { "id_comando": "CPI-4", "nome_comando": "4º Comando de Policiamento do Interior (CPI-4)", "nome_batalhao": "9º BPM/I", "tipo_batalhao": "Interior", "companhia": "2.CIA PM", "pelotao": "", "grupo": "2.GP/PM", "cidade": "Arco-Iris", "endereco": "RUA ANGELO SANCHES PARRA, 426  JUNTO A POLICIA CIVIL, CENTRO - Arco-Iris", "latitude": -21.7747456, "longitude": -50.4672043, "fonte_geocodificacao": "Google Geocoding API", "opm_nome": "2.GRUPO POLICIAL MILITAR", "opm_descricao": "CPI-4 9.BPM/I 2.CIA PM 2.GP/PM", "opm_codigo": "604092002" }, "geometry": { "type": "Point", "coordinates": [ -50.4672043, -21.7747456 ] } },
{ "type": "Feature", "properties": { "id_comando": "CPI-4", "nome_comando": "4º Comando de Policiamento do Interior (CPI-4)", "nome_batalhao": "9º BPM/I", "tipo_batalhao": "Interior", "companhia": "2.CIA PM", "pelotao": "", "grupo": "1.GP/PM", "cidade": "Bora", "endereco": "RUA JOÃO MERCI, 59, CENTRO - Bora", "latitude": -22.2696034, "longitude": -50.5446403, "fonte_geocodificacao": "Google Geocoding API", "opm_nome": "1.GRUPO POLICIAL MILITAR", "opm_descricao": "CPI-4 9.BPM/I 2.CIA PM 1.GP/PM", "opm_codigo": "604092001" }, "geometry": { "type": "Point", "coordinates": [ -50.5446403, -22.2696034 ] } },
{ "type": "Feature", "properties": { "id_comando": "CPI-4", "nome_comando": "4º Comando de Policiamento do Interior (CPI-4)", "nome_batalhao": "9º BPM/I", "tipo_batalhao": "Interior", "companhia": "2.CIA PM", "pelotao": "", "grupo": "6.GP/PM", "cidade": "Herculandia", "endereco": "RUA EUCLIDES DA CUNHA, 735  BASE 6º GP PM, CENTRO - Herculandia", "latitude": -22.0027071, "longitude": -50.3838341, "fonte_geocodificacao": "Google Geocoding API", "opm_nome": "6.GRUPO POLICIAL MILITAR", "opm_descricao": "CPI-4 9.BPM/I 2.CIA PM 6.GP/PM", "opm_codigo": "604092006" }, "geometry": { "type": "Point", "coordinates": [ -50.383834099999987, -22.0027071 ] } },
{ "type": "Feature", "properties": { "id_comando": "CPI-4", "nome_comando": "4º Comando de Policiamento do Interior (CPI-4)", "nome_batalhao": "9º BPM/I", "tipo_batalhao": "Interior", "companhia": "2.CIA PM", "pelotao": "", "grupo": "5.GP/PM", "cidade": "Iacri", "endereco": "RUA CEARÁ, 1436, CENTRO - Iacri", "latitude": -21.8610775, "longitude": -50.6868245, "fonte_geocodificacao": "Google Geocoding API", "opm_nome": "5.GRUPO POLICIAL MILITAR", "opm_descricao": "CPI-4 9.BPM/I 2.CIA PM 5.GP/PM", "opm_codigo": "604092005" }, "geometry": { "type": "Point", "coordinates": [ -50.6868245, -21.8610775 ] } },
{ "type": "Feature", "properties": { "id_comando": "CPI-4", "nome_comando": "4º Comando de Policiamento do Interior (CPI-4)", "nome_batalhao": "9º BPM/I", "tipo_batalhao": "Interior", "companhia": "2.CIA PM", "pelotao": "", "grupo": "7.GP/PM", "cidade": "Parapua", "endereco": "RUA SERGIPE, 550, JARDIM PRIMAVERA - Parapua", "latitude": -21.7817963, "longitude": -50.7908048, "fonte_geocodificacao": "Google Geocoding API", "opm_nome": "7.GRUPO POLICIAL MILITAR", "opm_descricao": "CPI-4 9.BPM/I 2.CIA PM 7.GP/PM", "opm_codigo": "604092007" }, "geometry": { "type": "Point", "coordinates": [ -50.7908048, -21.7817963 ] } },
{ "type": "Feature", "properties": { "id_comando": "CPI-4", "nome_comando": "4º Comando de Policiamento do Interior (CPI-4)", "nome_batalhao": "9º BPM/I", "tipo_batalhao": "Interior", "companhia": "2.CIA PM", "pelotao": "", "grupo": "8.GP/PM", "cidade": "Quata", "endereco": "AVENIDA COMENDADOR JOSÉ GIORGI, 5, AREA RURAL - Quata", "latitude": -22.2541287, "longitude": -50.696586, "fonte_geocodificacao": "Google Geocoding API", "opm_nome": "8.GRUPO POLICIAL MILITAR", "opm_descricao": "CPI-4 9.BPM/I 2.CIA PM 8.GP/PM", "opm_codigo": "604092008" }, "geometry": { "type": "Point", "coordinates": [ -50.696586, -22.2541287 ] } },
{ "type": "Feature", "properties": { "id_comando": "CPI-4", "nome_comando": "4º Comando de Policiamento do Interior (CPI-4)", "nome_batalhao": "9º BPM/I", "tipo_batalhao": "Interior", "companhia": "2.CIA PM", "pelotao": "", "grupo": "3.GP/PM", "cidade": "Queiroz", "endereco": "AVENIDA BARAO DO RIO BRANCO, 6, CENTRO - Queiroz", "latitude": -21.7985246, "longitude": -50.2379855, "fonte_geocodificacao": "Google Geocoding API", "opm_nome": "3.GRUPO POLICIAL MILITAR", "opm_descricao": "CPI-4 9.BPM/I 2.CIA PM 3.GP/PM", "opm_codigo": "604092003" }, "geometry": { "type": "Point", "coordinates": [ -50.2379855, -21.7985246 ] } },
{ "type": "Feature", "properties": { "id_comando": "CPI-4", "nome_comando": "4º Comando de Policiamento do Interior (CPI-4)", "nome_batalhao": "9º BPM/I", "tipo_batalhao": "Interior", "companhia": "2.CIA PM", "pelotao": "", "grupo": "4.GP/PM", "cidade": "Quintana", "endereco": "AVENIDA SANTOS, 225, CENTRO - Quintana", "latitude": -22.0697989, "longitude": -50.3048608, "fonte_geocodificacao": "Google Geocoding API", "opm_nome": "4.GRUPO POLICIAL MILITAR", "opm_descricao": "CPI-4 9.BPM/I 2.CIA PM 4.GP/PM", "opm_codigo": "604092004" }, "geometry": { "type": "Point", "coordinates": [ -50.3048608, -22.0697989 ] } },
{ "type": "Feature", "properties": { "id_comando": "CPI-4", "nome_comando": "4º Comando de Policiamento do Interior (CPI-4)", "nome_batalhao": "9º BPM/I", "tipo_batalhao": "Interior", "companhia": "2.CIA PM", "pelotao": "", "grupo": "9.GP/PM", "cidade": "Rinopolis", "endereco": "RUA SÃO LUIS, 535, CENTRO - Rinopolis", "latitude": -21.7287438, "longitude": -50.7194283, "fonte_geocodificacao": "Google Geocoding API", "opm_nome": "9.GRUPO POLICIAL MILITAR", "opm_descricao": "CPI-4 9.BPM/I 2.CIA PM 9.GP/PM", "opm_codigo": "604092009" }, "geometry": { "type": "Point", "coordinates": [ -50.7194283, -21.7287438 ] } },
{ "type": "Feature", "properties": { "id_comando": "CPI-4", "nome_comando": "4º Comando de Policiamento do Interior (CPI-4)", "nome_batalhao": "9º BPM/I", "tipo_batalhao": "Interior", "companhia": "2.CIA PM", "pelotao": "", "grupo": "GP/FT", "cidade": "Tupa", "endereco": "AVENIDA TAMOIOS, 1700, CENTRO - Tupa", "latitude": -21.934904, "longitude": -50.5199107, "fonte_geocodificacao": "Google Geocoding API", "opm_nome": "GRUPO FORCA TATICA", "opm_descricao": "CPI-4 9.BPM/I 2.CIA PM GP/FT", "opm_codigo": "604092010" }, "geometry": { "type": "Point", "coordinates": [ -50.5199107, -21.934904 ] } },
{ "type": "Feature", "properties": { "id_comando": "CPI-4", "nome_comando": "4º Comando de Policiamento do Interior (CPI-4)", "nome_batalhao": "9º BPM/I", "tipo_batalhao": "Interior", "companhia": "3.CIA PM", "pelotao": "", "grupo": "GP/PM", "cidade": "Oriente", "endereco": "RUA RODOLFO DARÉ, 85, RURAL - Oriente", "latitude": -22.1508132, "longitude": -50.0919324, "fonte_geocodificacao": "Google Geocoding API", "opm_nome": "GRUPO POLICIAL MILITAR", "opm_descricao": "CPI-4 9.BPM/I 3.CIA PM GP/PM", "opm_codigo": "604093001" }, "geometry": { "type": "Point", "coordinates": [ -50.0919324, -22.1508132 ] } },
{ "type": "Feature", "properties": { "id_comando": "CPI-4", "nome_comando": "4º Comando de Policiamento do Interior (CPI-4)", "nome_batalhao": "9º BPM/I", "tipo_batalhao": "Interior", "companhia": "4.CIA PM", "pelotao": "", "grupo": "7.GP/PM", "cidade": "Alvaro De Carvalho", "endereco": "RUA PASCHOAL PIETRO MAESTRA, 69, CENTRO - Alvaro De Carvalho", "latitude": -22.077817, "longitude": -49.7217291, "fonte_geocodificacao": "Google Geocoding API", "opm_nome": "7.GRUPO POLICIAL MILITAR", "opm_descricao": "CPI-4 9.BPM/I 4.CIA PM 7.GP/PM", "opm_codigo": "604094008" }, "geometry": { "type": "Point", "coordinates": [ -49.7217291, -22.077817 ] } },
{ "type": "Feature", "properties": { "id_comando": "CPI-4", "nome_comando": "4º Comando de Policiamento do Interior (CPI-4)", "nome_batalhao": "9º BPM/I", "tipo_batalhao": "Interior", "companhia": "4.CIA PM", "pelotao": "", "grupo": "1.GP/PM", "cidade": "Alvinlandia", "endereco": "RUA IRACEMA, 225, JARDIM TERUEL - Alvinlandia", "latitude": -22.4430043, "longitude": -49.7629423, "fonte_geocodificacao": "Google Geocoding API", "opm_nome": "1.GRUPO POLICIAL MILITAR", "opm_descricao": "CPI-4 9.BPM/I 4.CIA PM 1.GP/PM", "opm_codigo": "604094001" }, "geometry": { "type": "Point", "coordinates": [ -49.7629423, -22.4430043 ] } },
{ "type": "Feature", "properties": { "id_comando": "CPI-4", "nome_comando": "4º Comando de Policiamento do Interior (CPI-4)", "nome_batalhao": "9º BPM/I", "tipo_batalhao": "Interior", "companhia": "4.CIA PM", "pelotao": "", "grupo": "GP FT", "cidade": "Bauru", "endereco": "RUA CAP ALBERTO MENDES JUNIOR, 118, JD VISTA ALEGRE - Bauru", "latitude": -22.253995421795278, "longitude": -49.12613527219807, "fonte_geocodificacao": "Centroide do município-sede (geocodificação rejeitada: fora dos limites do município)", "opm_nome": "GRUPAMENTO DE FORCA TATICA", "opm_descricao": "CPI-4 9.BPM/I 4.CIA PM GP FT", "opm_codigo": "604094009" }, "geometry": { "type": "Point", "coordinates": [ -49.12613527219807, -22.253995421795278 ] } },
{ "type": "Feature", "properties": { "id_comando": "CPI-4", "nome_comando": "4º Comando de Policiamento do Interior (CPI-4)", "nome_batalhao": "9º BPM/I", "tipo_batalhao": "Interior", "companhia": "4.CIA PM", "pelotao": "", "grupo": "5.GP/PM", "cidade": "Fernao", "endereco": "AVENIDA CORONEL EDUARDO DE SOUZA PÔRTO, 300, JARDIM BELA VISTA - Fernao", "latitude": -22.3591746, "longitude": -49.5207506, "fonte_geocodificacao": "Google Geocoding API", "opm_nome": "5.GRUPO POLICIAL MILITAR", "opm_descricao": "CPI-4 9.BPM/I 4.CIA PM 5.GP/PM", "opm_codigo": "604094005" }, "geometry": { "type": "Point", "coordinates": [ -49.5207506, -22.3591746 ] } },
{ "type": "Feature", "properties": { "id_comando": "CPI-4", "nome_comando": "4º Comando de Policiamento do Interior (CPI-4)", "nome_batalhao": "9º BPM/I", "tipo_batalhao": "Interior", "companhia": "4.CIA PM", "pelotao": "", "grupo": "8.GP/PM", "cidade": "Galia", "endereco": "RUA PEDRO MARONESI, 90, DISTRITO INDUSTRIAL - Galia", "latitude": -22.2918956, "longitude": -49.5459471, "fonte_geocodificacao": "Google Geocoding API", "opm_nome": "8.GRUPO POLICIAL MILITAR", "opm_descricao": "CPI-4 9.BPM/I 4.CIA PM 8.GP/PM", "opm_codigo": "604094007" }, "geometry": { "type": "Point", "coordinates": [ -49.5459471, -22.2918956 ] } },
{ "type": "Feature", "properties": { "id_comando": "CPI-4", "nome_comando": "4º Comando de Policiamento do Interior (CPI-4)", "nome_batalhao": "9º BPM/I", "tipo_batalhao": "Interior", "companhia": "4.CIA PM", "pelotao": "", "grupo": "2.GP/PM", "cidade": "Julio Mesquita", "endereco": "RUA AGENOR ROGERIO DOS SANTOS, 213, CENTRO - Julio Mesquita", "latitude": -22.0105894, "longitude": -49.7890276, "fonte_geocodificacao": "Google Geocoding API", "opm_nome": "2.GRUPO POLICIAL MILITAR", "opm_descricao": "CPI-4 9.BPM/I 4.CIA PM 2.GP/PM", "opm_codigo": "604094002" }, "geometry": { "type": "Point", "coordinates": [ -49.7890276, -22.0105894 ] } },
{ "type": "Feature", "properties": { "id_comando": "CPI-4", "nome_comando": "4º Comando de Policiamento do Interior (CPI-4)", "nome_batalhao": "9º BPM/I", "tipo_batalhao": "Interior", "companhia": "4.CIA PM", "pelotao": "", "grupo": "3.GP/PM", "cidade": "Lupercio", "endereco": "RUA LUÍS REGANHAN, 214, CENTRO - Lupercio", "latitude": -22.4146551, "longitude": -49.8198332, "fonte_geocodificacao": "Google Geocoding API", "opm_nome": "3.GRUPO POLICIAL MILITAR", "opm_descricao": "CPI-4 9.BPM/I 4.CIA PM 3.GP/PM", "opm_codigo": "604094003" }, "geometry": { "type": "Point", "coordinates": [ -49.8198332, -22.4146551 ] } },
{ "type": "Feature", "properties": { "id_comando": "CPI-4", "nome_comando": "4º Comando de Policiamento do Interior (CPI-4)", "nome_batalhao": "9º BPM/I", "tipo_batalhao": "Interior", "companhia": "4.CIA PM", "pelotao": "", "grupo": "4.GP/PM", "cidade": "Ocaucu", "endereco": "RUA JOSÉ CASAGRANDE, 220, AREA RURAL - Ocaucu", "latitude": -22.4388161, "longitude": -49.924321, "fonte_geocodificacao": "Google Geocoding API", "opm_nome": "4.GRUPO POLICIAL MILITAR", "opm_descricao": "CPI-4 9.BPM/I 4.CIA PM 4.GP/PM", "opm_codigo": "604094004" }, "geometry": { "type": "Point", "coordinates": [ -49.924321, -22.4388161 ] } },
{ "type": "Feature", "properties": { "id_comando": "CPI-4", "nome_comando": "4º Comando de Policiamento do Interior (CPI-4)", "nome_batalhao": "9º BPM/I", "tipo_batalhao": "Interior", "companhia": "4.CIA PM", "pelotao": "", "grupo": "6.GP/PM", "cidade": "Vera Cruz", "endereco": "RUA GENERAL OSÓRIO, 0  PÁTIO FERROBAN, AREA CENTRAL - Vera Cruz", "latitude": -22.218367, "longitude": -49.8261441, "fonte_geocodificacao": "Google Geocoding API", "opm_nome": "6.GRUPO POLICIAL MILITAR", "opm_descricao": "CPI-4 9.BPM/I 4.CIA PM 6.GP/PM", "opm_codigo": "604094006" }, "geometry": { "type": "Point", "coordinates": [ -49.8261441, -22.218367 ] } },
{ "type": "Feature", "properties": { "id_comando": "CPI-4", "nome_comando": "4º Comando de Policiamento do Interior (CPI-4)", "nome_batalhao": "9º BPM/I", "tipo_batalhao": "Interior", "companhia": "EM", "pelotao": "P/1 P/5", "grupo": "GUARDA QUARTEL", "cidade": "Marilia", "endereco": "RUA CAPITÃO ALBERTO MENDES JÚNIOR, 118  GUARDA, JARDIM REGINA - Marilia", "latitude": -22.2329254, "longitude": -49.9213482, "fonte_geocodificacao": "Google Geocoding API", "opm_nome": "GUARDA DO QUARTEL", "opm_descricao": "CPI-4 9.BPM/I EM P/1 P/5 GUARDA QUARTEL", "opm_codigo": "604098110" }, "geometry": { "type": "Point", "coordinates": [ -49.9213482, -22.2329254 ] } },
{ "type": "Feature", "properties": { "id_comando": "CPI-4", "nome_comando": "4º Comando de Policiamento do Interior (CPI-4)", "nome_batalhao": "9º BPM/I", "tipo_batalhao": "Interior", "companhia": "EM", "pelotao": "P/3", "grupo": "CAD", "cidade": "Marilia", "endereco": "RUA CAPITÃO ALBERTO MENDES JÚNIOR, 118, JARDIM REGINA - Marilia", "latitude": -22.2329254, "longitude": -49.9213482, "fonte_geocodificacao": "Google Geocoding API", "opm_nome": "9BPMI - CAD", "opm_descricao": "CPI-4 9.BPM/I EM P/3 CAD", "opm_codigo": "604098310" }, "geometry": { "type": "Point", "coordinates": [ -49.9213482, -22.2329254 ] } },
{ "type": "Feature", "properties": { "id_comando": "CPI-4", "nome_comando": "4º Comando de Policiamento do Interior (CPI-4)", "nome_batalhao": "9º BPM/I", "tipo_batalhao": "Interior", "companhia": "EM", "pelotao": "P/3", "grupo": "CFP", "cidade": "Marilia", "endereco": "RUA CAPITÃO ALBERTO MENDES JÚNIOR, 118, JARDIM REGINA - Marilia", "latitude": -22.2329254, "longitude": -49.9213482, "fonte_geocodificacao": "Google Geocoding API", "opm_nome": "COMANDO FORCA PATRULHA", "opm_descricao": "CPI-4 9.BPM/I EM P/3 CFP", "opm_codigo": "604098320" }, "geometry": { "type": "Point", "coordinates": [ -49.9213482, -22.2329254 ] } },
{ "type": "Feature", "properties": { "id_comando": "CPI-4", "nome_comando": "4º Comando de Policiamento do Interior (CPI-4)", "nome_batalhao": "9º BPM/I", "tipo_batalhao": "Interior", "companhia": "EM", "pelotao": "P/3", "grupo": "TELECOM", "cidade": "Marilia", "endereco": "RUA CAPITÃO ALBERTO MENDES JÚNIOR, 118  9ºBPMI/I, JARDIM REGINA - Marilia", "latitude": -22.2329254, "longitude": -49.9213482, "fonte_geocodificacao": "Google Geocoding API", "opm_nome": "TELECOMUNICACAO", "opm_descricao": "CPI-4 9.BPM/I EM P/3 TELECOM", "opm_codigo": "604098330" }, "geometry": { "type": "Point", "coordinates": [ -49.9213482, -22.2329254 ] } },
{ "type": "Feature", "properties": { "id_comando": "CPI-4", "nome_comando": "4º Comando de Policiamento do Interior (CPI-4)", "nome_batalhao": "9º BPM/I", "tipo_batalhao": "Interior", "companhia": "EM", "pelotao": "UIS", "grupo": "GAB MEDICO", "cidade": "Marilia", "endereco": "RUA CAPITÃO ALBERTO MENDES JÚNIOR, 118  UIS, JARDIM REGINA - Marilia", "latitude": -22.2329254, "longitude": -49.9213482, "fonte_geocodificacao": "Google Geocoding API", "opm_nome": "GABINETE MEDICO", "opm_descricao": "CPI-4 9.BPM/I EM UIS GAB MEDICO", "opm_codigo": "604098810" }, "geometry": { "type": "Point", "coordinates": [ -49.9213482, -22.2329254 ] } },
{ "type": "Feature", "properties": { "id_comando": "CPI-4", "nome_comando": "4º Comando de Policiamento do Interior (CPI-4)", "nome_batalhao": "9º BPM/I", "tipo_batalhao": "Interior", "companhia": "EM", "pelotao": "UIS", "grupo": "GAB ODONTO", "cidade": "Marilia", "endereco": "RUA CAPITÃO ALBERTO MENDES JÚNIOR, 118  UIS, JARDIM REGINA - Marilia", "latitude": -22.2329254, "longitude": -49.9213482, "fonte_geocodificacao": "Google Geocoding API", "opm_nome": "GABINETE ODONTOLOGICO", "opm_descricao": "CPI-4 9.BPM/I EM UIS GAB ODONTO", "opm_codigo": "604098820" }, "geometry": { "type": "Point", "coordinates": [ -49.9213482, -22.2329254 ] } },
{ "type": "Feature", "properties": { "id_comando": "CPI-5", "nome_comando": "5º Comando de Policiamento do Interior (CPI-5)", "nome_batalhao": "16º BPM/I", "tipo_batalhao": "Interior", "companhia": "1.CIA PM", "pelotao": "", "grupo": "11.GP PM", "cidade": "Estrela D Oeste", "endereco": "RUA RIO GRANDE DO NORTE, 14, CENTRO - Estrela D Oeste", "latitude": -20.2842238, "longitude": -50.3946058, "fonte_geocodificacao": "Google Geocoding API", "opm_nome": "11. GRUPO POLICIAL MILITAR", "opm_descricao": "CPI-5 16.BPM/I 1.CIA PM 11.GP PM", "opm_codigo": "605161011" }, "geometry": { "type": "Point", "coordinates": [ -50.3946058, -20.2842238 ] } },
{ "type": "Feature", "properties": { "id_comando": "CPI-5", "nome_comando": "5º Comando de Policiamento do Interior (CPI-5)", "nome_batalhao": "16º BPM/I", "tipo_batalhao": "Interior", "companhia": "1.CIA PM", "pelotao": "", "grupo": "GP/FT", "cidade": "Fernandopolis", "endereco": "AV. LÍBERO DE ALMEIDA SILVARES, 3105, COESTER - Fernandopolis", "latitude": -20.282805, "longitude": -50.2388891, "fonte_geocodificacao": "Google Geocoding API", "opm_nome": "16.BPM/I - GRUPO DE FORCA TATICA", "opm_descricao": "CPI-5 16.BPM/I 1.CIA PM GP/FT", "opm_codigo": "605161012" }, "geometry": { "type": "Point", "coordinates": [ -50.238889099999987, -20.282805 ] } },
{ "type": "Feature", "properties": { "id_comando": "CPI-5", "nome_comando": "5º Comando de Policiamento do Interior (CPI-5)", "nome_batalhao": "16º BPM/I", "tipo_batalhao": "Interior", "companhia": "1.CIA PM", "pelotao": "ADM", "grupo": "0", "cidade": "Fernandopolis", "endereco": "AV. LÍBERO DE ALMEIDA SILVARES, 3105, COESTER - Fernandopolis", "latitude": -20.282805, "longitude": -50.2388891, "fonte_geocodificacao": "Google Geocoding API", "opm_nome": "ADMINISTRACAO", "opm_descricao": "CPI-5 16.BPM/I 1.CIA PM ADM 0", "opm_codigo": "605161500" }, "geometry": { "type": "Point", "coordinates": [ -50.238889099999987, -20.282805 ] } },
{ "type": "Feature", "properties": { "id_comando": "CPI-5", "nome_comando": "5º Comando de Policiamento do Interior (CPI-5)", "nome_batalhao": "16º BPM/I", "tipo_batalhao": "Interior", "companhia": "1.CIA PM", "pelotao": "", "grupo": "8.GP/PM", "cidade": "Guarani D Oeste", "endereco": "RUA JOÃO NEVES PONTES, 1400, CENTRO - Guarani D Oeste", "latitude": -20.0736655, "longitude": -50.3370442, "fonte_geocodificacao": "Google Geocoding API", "opm_nome": "8. GRUPO POLICIAL MILITAR", "opm_descricao": "CPI-5 16.BPM/I 1.CIA PM 8.GP/PM", "opm_codigo": "605161008" }, "geometry": { "type": "Point", "coordinates": [ -50.3370442, -20.0736655 ] } },
{ "type": "Feature", "properties": { "id_comando": "CPI-5", "nome_comando": "5º Comando de Policiamento do Interior (CPI-5)", "nome_batalhao": "16º BPM/I", "tipo_batalhao": "Interior", "companhia": "1.CIA PM", "pelotao": "", "grupo": "9.GP/PM", "cidade": "Indiapora", "endereco": "AV. DA SAUDADE, 1065, CENTRO - Indiapora", "latitude": -19.9752123, "longitude": -50.2836441, "fonte_geocodificacao": "Google Geocoding API", "opm_nome": "9. GRUPO POLICIAL MILITAR", "opm_descricao": "CPI-5 16.BPM/I 1.CIA PM 9.GP/PM", "opm_codigo": "605161009" }, "geometry": { "type": "Point", "coordinates": [ -50.2836441, -19.9752123 ] } },
{ "type": "Feature", "properties": { "id_comando": "CPI-5", "nome_comando": "5º Comando de Policiamento do Interior (CPI-5)", "nome_batalhao": "16º BPM/I", "tipo_batalhao": "Interior", "companhia": "1.CIA PM", "pelotao": "", "grupo": "4.GP/PM", "cidade": "Macedonia", "endereco": "RUA COMENDADOR ANTENOR MACHADO, 2020, CENTRO - Macedonia", "latitude": -20.1444139, "longitude": -50.1956697, "fonte_geocodificacao": "Google Geocoding API", "opm_nome": "4. GRUPO POLICIAL MILITAR", "opm_descricao": "CPI-5 16.BPM/I 1.CIA PM 4.GP/PM", "opm_codigo": "605161004" }, "geometry": { "type": "Point", "coordinates": [ -50.1956697, -20.1444139 ] } },
{ "type": "Feature", "properties": { "id_comando": "CPI-5", "nome_comando": "5º Comando de Policiamento do Interior (CPI-5)", "nome_batalhao": "16º BPM/I", "tipo_batalhao": "Interior", "companhia": "1.CIA PM", "pelotao": "", "grupo": "3.GP/PM", "cidade": "Meridiano", "endereco": "RUA SETE DE SETEMBRO, 2036, CENTRO - Meridiano", "latitude": -20.3568849, "longitude": -50.1766325, "fonte_geocodificacao": "Google Geocoding API", "opm_nome": "3. GRUPO POLICIAL MILITAR", "opm_descricao": "CPI-5 16.BPM/I 1.CIA PM 3.GP/PM", "opm_codigo": "605161003" }, "geometry": { "type": "Point", "coordinates": [ -50.1766325, -20.3568849 ] } },
{ "type": "Feature", "properties": { "id_comando": "CPI-5", "nome_comando": "5º Comando de Policiamento do Interior (CPI-5)", "nome_batalhao": "16º BPM/I", "tipo_batalhao": "Interior", "companhia": "1.CIA PM", "pelotao": "", "grupo": "5.GP/PM", "cidade": "Mira Estrela", "endereco": "RUA VICENTE CASTREQUINI, 557, CENTRO - Mira Estrela", "latitude": -19.979074, "longitude": -50.136671, "fonte_geocodificacao": "Google Geocoding API", "opm_nome": "5. GRUPO POLICIAL MILITAR", "opm_descricao": "CPI-5 16.BPM/I 1.CIA PM 5.GP/PM", "opm_codigo": "605161005" }, "geometry": { "type": "Point", "coordinates": [ -50.136671, -19.979074 ] } },
{ "type": "Feature", "properties": { "id_comando": "CPI-5", "nome_comando": "5º Comando de Policiamento do Interior (CPI-5)", "nome_batalhao": "16º BPM/I", "tipo_batalhao": "Interior", "companhia": "1.CIA PM", "pelotao": "", "grupo": "10.GP/PM", "cidade": "Ouroeste", "endereco": "RUA LOURENÇO TAQUES, 1454, CENTRO - Ouroeste", "latitude": -20.0024505, "longitude": -50.3697862, "fonte_geocodificacao": "Google Geocoding API", "opm_nome": "10. GRUPO POLICIAL MILITAR", "opm_descricao": "CPI-5 16.BPM/I 1.CIA PM 10.GP/PM", "opm_codigo": "605161010" }, "geometry": { "type": "Point", "coordinates": [ -50.3697862, -20.0024505 ] } },
{ "type": "Feature", "properties": { "id_comando": "CPI-5", "nome_comando": "5º Comando de Policiamento do Interior (CPI-5)", "nome_batalhao": "16º BPM/I", "tipo_batalhao": "Interior", "companhia": "1.CIA PM", "pelotao": "", "grupo": "7.GP/PM", "cidade": "Pedranopolis", "endereco": "RUA SÃO PEDRO, 235, CENTRO - Pedranopolis", "latitude": -20.2478981, "longitude": -50.1132175, "fonte_geocodificacao": "Google Geocoding API", "opm_nome": "7. GRUPO POLICIAL MILITAR", "opm_descricao": "CPI-5 16.BPM/I 1.CIA PM 7.GP/PM", "opm_codigo": "605161007" }, "geometry": { "type": "Point", "coordinates": [ -50.1132175, -20.2478981 ] } },
{ "type": "Feature", "properties": { "id_comando": "CPI-5", "nome_comando": "5º Comando de Policiamento do Interior (CPI-5)", "nome_batalhao": "16º BPM/I", "tipo_batalhao": "Interior", "companhia": "1.CIA PM", "pelotao": "", "grupo": "1.GP/PM", "cidade": "Populina", "endereco": "RUA PARANA, 1501, CENTRO - Populina", "latitude": -19.9421354, "longitude": -50.537462, "fonte_geocodificacao": "Google Geocoding API", "opm_nome": "1. GRUPO POLICIAL MILITAR", "opm_descricao": "CPI-5 16.BPM/I 1.CIA PM 1.GP/PM", "opm_codigo": "605161001" }, "geometry": { "type": "Point", "coordinates": [ -50.537462, -19.9421354 ] } },
{ "type": "Feature", "properties": { "id_comando": "CPI-5", "nome_comando": "5º Comando de Policiamento do Interior (CPI-5)", "nome_batalhao": "16º BPM/I", "tipo_batalhao": "Interior", "companhia": "1.CIA PM", "pelotao": "", "grupo": "6.GP/PM", "cidade": "Sao Joao Das Duas Pontes", "endereco": "RUA MATO GROSSO, 428, CENTRO - Sao Joao Das Duas Pontes", "latitude": -20.3865695, "longitude": -50.3768553, "fonte_geocodificacao": "Google Geocoding API", "opm_nome": "6. GRUPO POLICIAL MILITAR", "opm_descricao": "CPI-5 16.BPM/I 1.CIA PM 6.GP/PM", "opm_codigo": "605161006" }, "geometry": { "type": "Point", "coordinates": [ -50.3768553, -20.3865695 ] } },
{ "type": "Feature", "properties": { "id_comando": "CPI-5", "nome_comando": "5º Comando de Policiamento do Interior (CPI-5)", "nome_batalhao": "16º BPM/I", "tipo_batalhao": "Interior", "companhia": "1.CIA PM", "pelotao": "", "grupo": "2.GP/PM", "cidade": "Turmalina", "endereco": "RUA BRASIL, 487, TURMALINA - Turmalina", "latitude": -20.0529575, "longitude": -50.4748275, "fonte_geocodificacao": "Google Geocoding API", "opm_nome": "2. GRUPO POLICIAL MILITAR", "opm_descricao": "CPI-5 16.BPM/I 1.CIA PM 2.GP/PM", "opm_codigo": "605161002" }, "geometry": { "type": "Point", "coordinates": [ -50.4748275, -20.0529575 ] } },
{ "type": "Feature", "properties": { "id_comando": "CPI-5", "nome_comando": "5º Comando de Policiamento do Interior (CPI-5)", "nome_batalhao": "16º BPM/I", "tipo_batalhao": "Interior", "companhia": "2.CIA PM", "pelotao": "", "grupo": "4.GP/PM", "cidade": "Aspasia", "endereco": "RUA SANTOS, 180, CENTRO - Aspasia", "latitude": -20.1585873, "longitude": -50.7264278, "fonte_geocodificacao": "Google Geocoding API", "opm_nome": "4. GRUPO POLICIAL MILITAR", "opm_descricao": "CPI-5 16.BPM/I 2.CIA PM 4.GP/PM", "opm_codigo": "605162004" }, "geometry": { "type": "Point", "coordinates": [ -50.7264278, -20.1585873 ] } },
{ "type": "Feature", "properties": { "id_comando": "CPI-5", "nome_comando": "5º Comando de Policiamento do Interior (CPI-5)", "nome_batalhao": "16º BPM/I", "tipo_batalhao": "Interior", "companhia": "2.CIA PM", "pelotao": "", "grupo": "3.GP/PM", "cidade": "Dirce Reis", "endereco": "RUA CARLOS GOMES, 2174, CENTRO - Dirce Reis", "latitude": -20.4666751, "longitude": -50.606811, "fonte_geocodificacao": "Google Geocoding API", "opm_nome": "3. GRUPO  POLICIAL MILITAR", "opm_descricao": "CPI-5 16.BPM/I 2.CIA PM 3.GP/PM", "opm_codigo": "605162003" }, "geometry": { "type": "Point", "coordinates": [ -50.606811, -20.4666751 ] } },
{ "type": "Feature", "properties": { "id_comando": "CPI-5", "nome_comando": "5º Comando de Policiamento do Interior (CPI-5)", "nome_batalhao": "16º BPM/I", "tipo_batalhao": "Interior", "companhia": "2.CIA PM", "pelotao": "", "grupo": "7.GP/PM", "cidade": "Dolcinopolis", "endereco": "RUA FERNANDO ANDREOTTI, 1385, CENTRO - Dolcinopolis", "latitude": -20.1245086, "longitude": -50.51538, "fonte_geocodificacao": "Google Geocoding API", "opm_nome": "7. GRUPO POLICIAL MILITAR", "opm_descricao": "CPI-5 16.BPM/I 2.CIA PM 7.GP/PM", "opm_codigo": "605162007" }, "geometry": { "type": "Point", "coordinates": [ -50.51538, -20.1245086 ] } },
{ "type": "Feature", "properties": { "id_comando": "CPI-5", "nome_comando": "5º Comando de Policiamento do Interior (CPI-5)", "nome_batalhao": "16º BPM/I", "tipo_batalhao": "Interior", "companhia": "2.CIA PM", "pelotao": "", "grupo": "11.GP/PM", "cidade": "Estrela D Oeste", "endereco": "RUA RIO GRANDE DO NORTE, 14, CENTRO - Estrela D Oeste", "latitude": -20.2842238, "longitude": -50.3946058, "fonte_geocodificacao": "Google Geocoding API", "opm_nome": "11. GRUPO POLICIAL MILITAR", "opm_descricao": "CPI-5 16.BPM/I 2.CIA PM 11.GP/PM", "opm_codigo": "605162011" }, "geometry": { "type": "Point", "coordinates": [ -50.3946058, -20.2842238 ] } },
{ "type": "Feature", "properties": { "id_comando": "CPI-5", "nome_comando": "5º Comando de Policiamento do Interior (CPI-5)", "nome_batalhao": "16º BPM/I", "tipo_batalhao": "Interior", "companhia": "2.CIA PM", "pelotao": "ADM", "grupo": "0", "cidade": "Jales", "endereco": "rua cinco, 2027, centro - Jales", "latitude": -20.2743942, "longitude": -50.5479936, "fonte_geocodificacao": "Google Geocoding API", "opm_nome": "ADMINISTRACAO", "opm_descricao": "CPI-5 16.BPM/I 2.CIA PM ADM 0", "opm_codigo": "605162300" }, "geometry": { "type": "Point", "coordinates": [ -50.5479936, -20.2743942 ] } },
{ "type": "Feature", "properties": { "id_comando": "CPI-5", "nome_comando": "5º Comando de Policiamento do Interior (CPI-5)", "nome_batalhao": "16º BPM/I", "tipo_batalhao": "Interior", "companhia": "2.CIA PM", "pelotao": "", "grupo": "5.GP/PM", "cidade": "Mesopolis", "endereco": "RUA ANDRELINO G. RIBEIRO, 1758, CENTRO - Mesopolis", "latitude": -19.9670882, "longitude": -50.6216036, "fonte_geocodificacao": "Google Geocoding API", "opm_nome": "5. GRUPO  POLICIAL MILITAR", "opm_descricao": "CPI-5 16.BPM/I 2.CIA PM 5.GP/PM", "opm_codigo": "605162005" }, "geometry": { "type": "Point", "coordinates": [ -50.6216036, -19.9670882 ] } },
{ "type": "Feature", "properties": { "id_comando": "CPI-5", "nome_comando": "5º Comando de Policiamento do Interior (CPI-5)", "nome_batalhao": "16º BPM/I", "tipo_batalhao": "Interior", "companhia": "2.CIA PM", "pelotao": "", "grupo": "10.GP/PM", "cidade": "Paranapua", "endereco": "RUA PEDRO LANZONI, 2183, CENTRO - Paranapua", "latitude": -20.1046421, "longitude": -50.5894952, "fonte_geocodificacao": "Google Geocoding API", "opm_nome": "10. GRUPO POLICIAL MILITAR", "opm_descricao": "CPI-5 16.BPM/I 2.CIA PM 10.GP/PM", "opm_codigo": "605162010" }, "geometry": { "type": "Point", "coordinates": [ -50.5894952, -20.1046421 ] } },
{ "type": "Feature", "properties": { "id_comando": "CPI-5", "nome_comando": "5º Comando de Policiamento do Interior (CPI-5)", "nome_batalhao": "16º BPM/I", "tipo_batalhao": "Interior", "companhia": "2.CIA PM", "pelotao": "", "grupo": "9.GP/PM", "cidade": "Pontalinda", "endereco": "RUA ADALBERTO BRANDÃO, 1277, CENTRO - Pontalinda", "latitude": -20.4399248, "longitude": -50.522783, "fonte_geocodificacao": "Google Geocoding API", "opm_nome": "9. GRUPO POLICIAL MILITAR", "opm_descricao": "CPI-5 16.BPM/I 2.CIA PM 9.GP/PM", "opm_codigo": "605162009" }, "geometry": { "type": "Point", "coordinates": [ -50.522783, -20.4399248 ] } },
{ "type": "Feature", "properties": { "id_comando": "CPI-5", "nome_comando": "5º Comando de Policiamento do Interior (CPI-5)", "nome_batalhao": "16º BPM/I", "tipo_batalhao": "Interior", "companhia": "2.CIA PM", "pelotao": "", "grupo": "2.GP/PM", "cidade": "Santa Salete", "endereco": "AVENIDA XV DE NOVEMBRO, 299, CENTRO - Santa Salete", "latitude": -20.2465374, "longitude": -50.6862588, "fonte_geocodificacao": "Google Geocoding API", "opm_nome": "2. GRUPO POLICIAL MILITAR", "opm_descricao": "CPI-5 16.BPM/I 2.CIA PM 2.GP/PM", "opm_codigo": "605162002" }, "geometry": { "type": "Point", "coordinates": [ -50.6862588, -20.2465374 ] } },
{ "type": "Feature", "properties": { "id_comando": "CPI-5", "nome_comando": "5º Comando de Policiamento do Interior (CPI-5)", "nome_batalhao": "16º BPM/I", "tipo_batalhao": "Interior", "companhia": "2.CIA PM", "pelotao": "", "grupo": "8.GP/PM", "cidade": "Sao Francisco", "endereco": "RUA RIO DE JANEIRO, 1272, CENTRO - Sao Francisco", "latitude": -20.3578896, "longitude": -50.6991679, "fonte_geocodificacao": "Google Geocoding API", "opm_nome": "8. GRUPO POLICIAL MILITAR", "opm_descricao": "CPI-5 16.BPM/I 2.CIA PM 8.GP/PM", "opm_codigo": "605162008" }, "geometry": { "type": "Point", "coordinates": [ -50.6991679, -20.3578896 ] } },
{ "type": "Feature", "properties": { "id_comando": "CPI-5", "nome_comando": "5º Comando de Policiamento do Interior (CPI-5)", "nome_batalhao": "16º BPM/I", "tipo_batalhao": "Interior", "companhia": "2.CIA PM", "pelotao": "", "grupo": "6.GP/PM", "cidade": "Urania", "endereco": "AV. BRASIL, 108, CENTRO - Urania", "latitude": -20.247564, "longitude": -50.6442715, "fonte_geocodificacao": "Google Geocoding API", "opm_nome": "6. GRUPO POLICIAL MILITAR", "opm_descricao": "CPI-5 16.BPM/I 2.CIA PM 6.GP/PM", "opm_codigo": "605162006" }, "geometry": { "type": "Point", "coordinates": [ -50.6442715, -20.247564 ] } },
{ "type": "Feature", "properties": { "id_comando": "CPI-5", "nome_comando": "5º Comando de Policiamento do Interior (CPI-5)", "nome_batalhao": "16º BPM/I", "tipo_batalhao": "Interior", "companhia": "2.CIA PM", "pelotao": "", "grupo": "1.GP/PM", "cidade": "Vitoria Brasil", "endereco": "RUA MATO GROSSO, 411, CENTRO - Vitoria Brasil", "latitude": -20.1987508, "longitude": -50.4828777, "fonte_geocodificacao": "Google Geocoding API", "opm_nome": "1. GRUPO POLICIAL MILITAR", "opm_descricao": "CPI-5 16.BPM/I 2.CIA PM 1.GP/PM", "opm_codigo": "605162001" }, "geometry": { "type": "Point", "coordinates": [ -50.4828777, -20.1987508 ] } },
{ "type": "Feature", "properties": { "id_comando": "CPI-5", "nome_comando": "5º Comando de Policiamento do Interior (CPI-5)", "nome_batalhao": "16º BPM/I", "tipo_batalhao": "Interior", "companhia": "3.CIA PM", "pelotao": "0", "grupo": "2.GP/PM", "cidade": "Floreal", "endereco": "RUA PROCÓPIO DAVIDOFF, 188, CENTRO - Floreal", "latitude": -20.6711703, "longitude": -50.1452299, "fonte_geocodificacao": "Google Geocoding API", "opm_nome": "2. GRUPO POLICIAL MILITAR", "opm_descricao": "CPI-5 16.BPM/I 3.CIA PM 0 2.GP/PM", "opm_codigo": "605163002" }, "geometry": { "type": "Point", "coordinates": [ -50.1452299, -20.6711703 ] } },
{ "type": "Feature", "properties": { "id_comando": "CPI-5", "nome_comando": "5º Comando de Policiamento do Interior (CPI-5)", "nome_batalhao": "16º BPM/I", "tipo_batalhao": "Interior", "companhia": "3.CIA PM", "pelotao": "0", "grupo": "6.GP/PM", "cidade": "Macaubal", "endereco": "RUA SEBASTIÃO DIBO, 460, CENTRO - Macaubal", "latitude": -20.8048316, "longitude": -49.9646007, "fonte_geocodificacao": "Google Geocoding API", "opm_nome": "6. GRUPO POLICIAL MILITAR", "opm_descricao": "CPI-5 16.BPM/I 3.CIA PM 0 6.GP/PM", "opm_codigo": "605163006" }, "geometry": { "type": "Point", "coordinates": [ -49.9646007, -20.8048316 ] } },
{ "type": "Feature", "properties": { "id_comando": "CPI-5", "nome_comando": "5º Comando de Policiamento do Interior (CPI-5)", "nome_batalhao": "16º BPM/I", "tipo_batalhao": "Interior", "companhia": "3.CIA PM", "pelotao": "0", "grupo": "3.GP/PM", "cidade": "Magda", "endereco": "RUA SÃO PAULO, 475, CENTRO - Magda", "latitude": -20.6459983, "longitude": -50.2259746, "fonte_geocodificacao": "Google Geocoding API", "opm_nome": "3. GRUPO POLICIAL MILITAR", "opm_descricao": "CPI-5 16.BPM/I 3.CIA PM 0 3.GP/PM", "opm_codigo": "605163003" }, "geometry": { "type": "Point", "coordinates": [ -50.2259746, -20.6459983 ] } },
{ "type": "Feature", "properties": { "id_comando": "CPI-5", "nome_comando": "5º Comando de Policiamento do Interior (CPI-5)", "nome_batalhao": "16º BPM/I", "tipo_batalhao": "Interior", "companhia": "3.CIA PM", "pelotao": "0", "grupo": "4.GP/PM", "cidade": "Moncoes", "endereco": "RUA SÃO PAULO, 831, CENTRO - Moncoes", "latitude": -20.8553392, "longitude": -50.0896907, "fonte_geocodificacao": "Google Geocoding API", "opm_nome": "4. GRUPO POLICIAL MILITAR", "opm_descricao": "CPI-5 16.BPM/I 3.CIA PM 0 4.GP/PM", "opm_codigo": "605163004" }, "geometry": { "type": "Point", "coordinates": [ -50.0896907, -20.8553392 ] } },
{ "type": "Feature", "properties": { "id_comando": "CPI-5", "nome_comando": "5º Comando de Policiamento do Interior (CPI-5)", "nome_batalhao": "16º BPM/I", "tipo_batalhao": "Interior", "companhia": "3.CIA PM", "pelotao": "0", "grupo": "1.GP/PM", "cidade": "Nhandeara", "endereco": "RUA ANTONIO BENTO DE OLIVEIRA, 470, CENTRO - Nhandeara", "latitude": -20.6938501, "longitude": -50.0397828, "fonte_geocodificacao": "Google Geocoding API", "opm_nome": "1. GRUPO POLICIAL MILITAR", "opm_descricao": "CPI-5 16.BPM/I 3.CIA PM 0 1.GP/PM", "opm_codigo": "605163001" }, "geometry": { "type": "Point", "coordinates": [ -50.0397828, -20.6938501 ] } },
{ "type": "Feature", "properties": { "id_comando": "CPI-5", "nome_comando": "5º Comando de Policiamento do Interior (CPI-5)", "nome_batalhao": "16º BPM/I", "tipo_batalhao": "Interior", "companhia": "3.CIA PM", "pelotao": "0", "grupo": "5.GP/PM", "cidade": "Sebastianopolis Do Sul", "endereco": "RUA ATAÍDE JOSÉ BATISTA, 196, CENTRO - Sebastianopolis Do Sul", "latitude": -20.6582161, "longitude": -49.9233515, "fonte_geocodificacao": "Google Geocoding API", "opm_nome": "5. GRUPO POLICIAL MILITAR", "opm_descricao": "CPI-5 16.BPM/I 3.CIA PM 0 5.GP/PM", "opm_codigo": "605163005" }, "geometry": { "type": "Point", "coordinates": [ -49.9233515, -20.6582161 ] } },
{ "type": "Feature", "properties": { "id_comando": "CPI-5", "nome_comando": "5º Comando de Policiamento do Interior (CPI-5)", "nome_batalhao": "16º BPM/I", "tipo_batalhao": "Interior", "companhia": "3.CIA PM", "pelotao": "0", "grupo": "7.GP/PM", "cidade": "Valentim Gentil", "endereco": "AVENIDA EDUARDO VICENTE, 447, CENTRO - Valentim Gentil", "latitude": -20.4174295, "longitude": -50.0857938, "fonte_geocodificacao": "Google Geocoding API", "opm_nome": "7. GRUPO POLICIAL MILITAR", "opm_descricao": "CPI-5 16.BPM/I 3.CIA PM 0 7.GP/PM", "opm_codigo": "605163007" }, "geometry": { "type": "Point", "coordinates": [ -50.0857938, -20.4174295 ] } },
{ "type": "Feature", "properties": { "id_comando": "CPI-5", "nome_comando": "5º Comando de Policiamento do Interior (CPI-5)", "nome_batalhao": "16º BPM/I", "tipo_batalhao": "Interior", "companhia": "3.CIA PM", "pelotao": "", "grupo": "GP/FT", "cidade": "Votuporanga", "endereco": "RUA MINAS GERAIS, 3548, CENTRO - Votuporanga", "latitude": -20.4217455, "longitude": -49.9781955, "fonte_geocodificacao": "Google Geocoding API", "opm_nome": "16.BPM/I - GRUPO DEFORCA TATICA", "opm_descricao": "CPI-5 16.BPM/I 3.CIA PM GP/FT", "opm_codigo": "605163009" }, "geometry": { "type": "Point", "coordinates": [ -49.9781955, -20.4217455 ] } },
{ "type": "Feature", "properties": { "id_comando": "CPI-5", "nome_comando": "5º Comando de Policiamento do Interior (CPI-5)", "nome_batalhao": "16º BPM/I", "tipo_batalhao": "Interior", "companhia": "3.CIA PM", "pelotao": "4.PEL PM", "grupo": "0", "cidade": "Votuporanga", "endereco": "RUA MINAS GERAIS, 3548, CENTRO - Votuporanga", "latitude": -20.4217455, "longitude": -49.9781955, "fonte_geocodificacao": "Google Geocoding API", "opm_nome": "16.BPM/I 3.CIA PM 4.PEL PM", "opm_descricao": "CPI-5 16.BPM/I 3.CIA PM 4.PEL PM 0", "opm_codigo": "605163400" }, "geometry": { "type": "Point", "coordinates": [ -49.9781955, -20.4217455 ] } },
{ "type": "Feature", "properties": { "id_comando": "CPI-5", "nome_comando": "5º Comando de Policiamento do Interior (CPI-5)", "nome_batalhao": "16º BPM/I", "tipo_batalhao": "Interior", "companhia": "3.CIA PM", "pelotao": "ADM", "grupo": "0", "cidade": "Votuporanga", "endereco": "RUA MINAS GERAIS, 3548, PATRIMÔNIO NOVO - Votuporanga", "latitude": -20.4217455, "longitude": -49.9781955, "fonte_geocodificacao": "Google Geocoding API", "opm_nome": "ADMINISTRACAO", "opm_descricao": "CPI-5 16.BPM/I 3.CIA PM ADM 0", "opm_codigo": "605163500" }, "geometry": { "type": "Point", "coordinates": [ -49.9781955, -20.4217455 ] } },
{ "type": "Feature", "properties": { "id_comando": "CPI-5", "nome_comando": "5º Comando de Policiamento do Interior (CPI-5)", "nome_batalhao": "16º BPM/I", "tipo_batalhao": "Interior", "companhia": "4.CIA PM", "pelotao": "", "grupo": "8.GP/PM", "cidade": "Aparecida D Oeste", "endereco": "RUA ADELAIDE TINARELI, 990, V. N. S. DA PAZ - Aparecida D Oeste", "latitude": -20.4512671, "longitude": -50.8819141, "fonte_geocodificacao": "Google Geocoding API", "opm_nome": "8. GRUPO POLICIAL MILITAR", "opm_descricao": "CPI-5 16.BPM/I 4.CIA PM 8.GP/PM", "opm_codigo": "605164008" }, "geometry": { "type": "Point", "coordinates": [ -50.8819141, -20.4512671 ] } },
{ "type": "Feature", "properties": { "id_comando": "CPI-5", "nome_comando": "5º Comando de Policiamento do Interior (CPI-5)", "nome_batalhao": "16º BPM/I", "tipo_batalhao": "Interior", "companhia": "4.CIA PM", "pelotao": "", "grupo": "7.GP/PM", "cidade": "Marinopolis", "endereco": "RUA ESPIRITO SANTO, 127, CENTRO - Marinopolis", "latitude": -20.4404066, "longitude": -50.8243997, "fonte_geocodificacao": "Google Geocoding API", "opm_nome": "7. GRUPO POLICIAL MILITAR", "opm_descricao": "CPI-5 16.BPM/I 4.CIA PM 7.GP/PM", "opm_codigo": "605164007" }, "geometry": { "type": "Point", "coordinates": [ -50.8243997, -20.4404066 ] } },
{ "type": "Feature", "properties": { "id_comando": "CPI-5", "nome_comando": "5º Comando de Policiamento do Interior (CPI-5)", "nome_batalhao": "16º BPM/I", "tipo_batalhao": "Interior", "companhia": "4.CIA PM", "pelotao": "", "grupo": "1.GP/PM", "cidade": "Nova Canaa Paulista", "endereco": "RUA UM, 397, CENTRO - Nova Canaa Paulista", "latitude": -20.3856169, "longitude": -50.9479786, "fonte_geocodificacao": "Google Geocoding API", "opm_nome": "1. GRUPO POLICIAL MILITAR", "opm_descricao": "CPI-5 16.BPM/I 4.CIA PM 1.GP/PM", "opm_codigo": "605164001" }, "geometry": { "type": "Point", "coordinates": [ -50.9479786, -20.3856169 ] } },
{ "type": "Feature", "properties": { "id_comando": "CPI-5", "nome_comando": "5º Comando de Policiamento do Interior (CPI-5)", "nome_batalhao": "16º BPM/I", "tipo_batalhao": "Interior", "companhia": "4.CIA PM", "pelotao": "", "grupo": "2.GP/PM", "cidade": "Rubineia", "endereco": "AVENIDA PRESIDENTE CASTELO BRANCO, 590, CENTRO - Rubineia", "latitude": -20.1721703, "longitude": -51.0003891, "fonte_geocodificacao": "Google Geocoding API", "opm_nome": "2. GRUPO POLICIAL MILITAR", "opm_descricao": "CPI-5 16.BPM/I 4.CIA PM 2.GP/PM", "opm_codigo": "605164002" }, "geometry": { "type": "Point", "coordinates": [ -51.0003891, -20.1721703 ] } },
{ "type": "Feature", "properties": { "id_comando": "CPI-5", "nome_comando": "5º Comando de Policiamento do Interior (CPI-5)", "nome_batalhao": "16º BPM/I", "tipo_batalhao": "Interior", "companhia": "4.CIA PM", "pelotao": "", "grupo": "9.GP/PM", "cidade": "Santa Albertina", "endereco": "RUA ARMINDO PILHALARME, 720, CENTRO - Santa Albertina", "latitude": -20.0331685, "longitude": -50.7293801, "fonte_geocodificacao": "Google Geocoding API", "opm_nome": "9. GRUPO POLICIAL MILITAR", "opm_descricao": "CPI-5 16.BPM/I 4.CIA PM 9.GP/PM", "opm_codigo": "605164009" }, "geometry": { "type": "Point", "coordinates": [ -50.7293801, -20.0331685 ] } },
{ "type": "Feature", "properties": { "id_comando": "CPI-5", "nome_comando": "5º Comando de Policiamento do Interior (CPI-5)", "nome_batalhao": "16º BPM/I", "tipo_batalhao": "Interior", "companhia": "4.CIA PM", "pelotao": "", "grupo": "4.GP/PM", "cidade": "Santa Clara D Oeste", "endereco": "AVENIDA ANTONIO SINDEAUX DE LIMA, 255, CENTRO - Santa Clara D Oeste", "latitude": -20.0921009, "longitude": -50.9301214, "fonte_geocodificacao": "Google Geocoding API", "opm_nome": "4. GRUPO POLICIAL MILITAR", "opm_descricao": "CPI-5 16.BPM/I 4.CIA PM 4.GP/PM", "opm_codigo": "605164004" }, "geometry": { "type": "Point", "coordinates": [ -50.9301214, -20.0921009 ] } },
{ "type": "Feature", "properties": { "id_comando": "CPI-5", "nome_comando": "5º Comando de Policiamento do Interior (CPI-5)", "nome_batalhao": "16º BPM/I", "tipo_batalhao": "Interior", "companhia": "4.CIA PM", "pelotao": "ADM", "grupo": "0", "cidade": "Santa Fe Do Sul", "endereco": "rua dezoito, 65, centro - Santa Fe Do Sul", "latitude": -20.2139694, "longitude": -50.9309188, "fonte_geocodificacao": "Google Geocoding API", "opm_nome": "ADMINISTRACAO", "opm_descricao": "CPI-5 16.BPM/I 4.CIA PM ADM 0", "opm_codigo": "605164300" }, "geometry": { "type": "Point", "coordinates": [ -50.9309188, -20.2139694 ] } },
{ "type": "Feature", "properties": { "id_comando": "CPI-5", "nome_comando": "5º Comando de Policiamento do Interior (CPI-5)", "nome_batalhao": "16º BPM/I", "tipo_batalhao": "Interior", "companhia": "4.CIA PM", "pelotao": "", "grupo": "5.GP/PM", "cidade": "Santa Rita D Oeste", "endereco": "RUA ANTONIO TAVARES, 250, CENTRO - Santa Rita D Oeste", "latitude": -20.1443913, "longitude": -50.8305384, "fonte_geocodificacao": "Google Geocoding API", "opm_nome": "5. GRUPO POLICIAL MILITAR", "opm_descricao": "CPI-5 16.BPM/I 4.CIA PM 5.GP/PM", "opm_codigo": "605164005" }, "geometry": { "type": "Point", "coordinates": [ -50.830538399999988, -20.1443913 ] } },
{ "type": "Feature", "properties": { "id_comando": "CPI-5", "nome_comando": "5º Comando de Policiamento do Interior (CPI-5)", "nome_batalhao": "16º BPM/I", "tipo_batalhao": "Interior", "companhia": "4.CIA PM", "pelotao": "", "grupo": "3.GP/PM", "cidade": "Santana Da Ponte Pensa", "endereco": "RUA MANOEL CLEMENTE DE SOUZA, 303, CENTRO - Santana Da Ponte Pensa", "latitude": -20.2536659, "longitude": -50.7975517, "fonte_geocodificacao": "Google Geocoding API", "opm_nome": "3. GRUPO POLICIAL MILITAR", "opm_descricao": "CPI-5 16.BPM/I 4.CIA PM 3.GP/PM", "opm_codigo": "605164003" }, "geometry": { "type": "Point", "coordinates": [ -50.7975517, -20.2536659 ] } },
{ "type": "Feature", "properties": { "id_comando": "CPI-5", "nome_comando": "5º Comando de Policiamento do Interior (CPI-5)", "nome_batalhao": "16º BPM/I", "tipo_batalhao": "Interior", "companhia": "4.CIA PM", "pelotao": "", "grupo": "6.GP/PM", "cidade": "Tres Fronteiras", "endereco": "AVENIDA PRESIDENTE VARGAS, 161, CENTRO - Tres Fronteiras", "latitude": -20.2377755, "longitude": -50.8895261, "fonte_geocodificacao": "Google Geocoding API", "opm_nome": "6. GRUPO POLICIAL MILITAR", "opm_descricao": "CPI-5 16.BPM/I 4.CIA PM 6.GP/PM", "opm_codigo": "605164006" }, "geometry": { "type": "Point", "coordinates": [ -50.8895261, -20.2377755 ] } },
{ "type": "Feature", "properties": { "id_comando": "CPI-5", "nome_comando": "5º Comando de Policiamento do Interior (CPI-5)", "nome_batalhao": "16º BPM/I", "tipo_batalhao": "Interior", "companhia": "5.CIA PM", "pelotao": "0", "grupo": "3.GP/PM", "cidade": "Alvares Florence", "endereco": "RUA MARANHÃO, 1690, CENTRO - Alvares Florence", "latitude": -20.3205257, "longitude": -49.910171, "fonte_geocodificacao": "Google Geocoding API", "opm_nome": "3. GRUPO POLICIAL MILITAR", "opm_descricao": "CPI-5 16.BPM/I 5.CIA PM 0 3.GP/PM", "opm_codigo": "605165003" }, "geometry": { "type": "Point", "coordinates": [ -49.910171, -20.3205257 ] } },
{ "type": "Feature", "properties": { "id_comando": "CPI-5", "nome_comando": "5º Comando de Policiamento do Interior (CPI-5)", "nome_batalhao": "16º BPM/I", "tipo_batalhao": "Interior", "companhia": "5.CIA PM", "pelotao": "0", "grupo": "4.GP/PM", "cidade": "Americo De Campos", "endereco": "RUA SÃO JOÃO, 1058, AMERICO DE CAMPOS - Americo De Campos", "latitude": -20.2977783, "longitude": -49.7317014, "fonte_geocodificacao": "Google Geocoding API", "opm_nome": "4. GRUPO POLICIAL MILITAR", "opm_descricao": "CPI-5 16.BPM/I 5.CIA PM 0 4.GP/PM", "opm_codigo": "605165004" }, "geometry": { "type": "Point", "coordinates": [ -49.7317014, -20.2977783 ] } },
{ "type": "Feature", "properties": { "id_comando": "CPI-5", "nome_comando": "5º Comando de Policiamento do Interior (CPI-5)", "nome_batalhao": "16º BPM/I", "tipo_batalhao": "Interior", "companhia": "5.CIA PM", "pelotao": "ADM", "grupo": "0", "cidade": "Cardoso", "endereco": "AV. ROMEU VIANA ROMANELI, 1570, centro - Cardoso", "latitude": -20.0869628, "longitude": -49.9142016, "fonte_geocodificacao": "Google Geocoding API", "opm_nome": "ADMINISTRACAO", "opm_descricao": "CPI-5 16.BPM/I 5.CIA PM ADM 0", "opm_codigo": "605165300" }, "geometry": { "type": "Point", "coordinates": [ -49.9142016, -20.0869628 ] } },
{ "type": "Feature", "properties": { "id_comando": "CPI-5", "nome_comando": "5º Comando de Policiamento do Interior (CPI-5)", "nome_batalhao": "16º BPM/I", "tipo_batalhao": "Interior", "companhia": "5.CIA PM", "pelotao": "0", "grupo": "0", "cidade": "Cardoso", "endereco": "AV. ROMEU VIANA ROMANELI, 1570, CENTRO - Cardoso", "latitude": -20.0869628, "longitude": -49.9142016, "fonte_geocodificacao": "Google Geocoding API", "opm_nome": "5. COMPANHIA DE POLICIA MILITAR", "opm_descricao": "CPI-5 16.BPM/I 5.CIA PM 0 0", "opm_codigo": "605165000" }, "geometry": { "type": "Point", "coordinates": [ -49.9142016, -20.0869628 ] } },
{ "type": "Feature", "properties": { "id_comando": "CPI-5", "nome_comando": "5º Comando de Policiamento do Interior (CPI-5)", "nome_batalhao": "16º BPM/I", "tipo_batalhao": "Interior", "companhia": "5.CIA PM", "pelotao": "CGP", "grupo": "0", "cidade": "Cardoso", "endereco": "AVENIDA ROMEU VIANA ROMANELI, 1570, CENTRO - Cardoso", "latitude": -20.0869628, "longitude": -49.9142016, "fonte_geocodificacao": "Google Geocoding API", "opm_nome": "COMANDO GRUPO PATRULHA", "opm_descricao": "CPI-5 16.BPM/I 5.CIA PM CGP 0", "opm_codigo": "605165400" }, "geometry": { "type": "Point", "coordinates": [ -49.9142016, -20.0869628 ] } },
{ "type": "Feature", "properties": { "id_comando": "CPI-5", "nome_comando": "5º Comando de Policiamento do Interior (CPI-5)", "nome_batalhao": "16º BPM/I", "tipo_batalhao": "Interior", "companhia": "5.CIA PM", "pelotao": "0", "grupo": "5.GP/PM", "cidade": "Cosmorama", "endereco": "AVENIDA JOÃO BELILA, 750, CENTRO - Cosmorama", "latitude": -20.481944, "longitude": -49.7781678, "fonte_geocodificacao": "Google Geocoding API", "opm_nome": "5. GRUPO POLICIAL MILITAR", "opm_descricao": "CPI-5 16.BPM/I 5.CIA PM 0 5.GP/PM", "opm_codigo": "605165005" }, "geometry": { "type": "Point", "coordinates": [ -49.7781678, -20.481944 ] } },
{ "type": "Feature", "properties": { "id_comando": "CPI-5", "nome_comando": "5º Comando de Policiamento do Interior (CPI-5)", "nome_batalhao": "16º BPM/I", "tipo_batalhao": "Interior", "companhia": "5.CIA PM", "pelotao": "0", "grupo": "1.GP/PM", "cidade": "Parisi", "endereco": "RUA ANGELO TROLEZZI, 511, CENTRO - Parisi", "latitude": -20.3029759, "longitude": -50.0139802, "fonte_geocodificacao": "Google Geocoding API", "opm_nome": "1.GRUPO POLICIAL MILITAR", "opm_descricao": "CPI-5 16.BPM/I 5.CIA PM 0 1.GP/PM", "opm_codigo": "605165001" }, "geometry": { "type": "Point", "coordinates": [ -50.0139802, -20.3029759 ] } },
{ "type": "Feature", "properties": { "id_comando": "CPI-5", "nome_comando": "5º Comando de Policiamento do Interior (CPI-5)", "nome_batalhao": "16º BPM/I", "tipo_batalhao": "Interior", "companhia": "5.CIA PM", "pelotao": "0", "grupo": "2.GP/PM", "cidade": "Pontes Gestal", "endereco": "RUA LAURO MOREIRA DOS SANTOS, 641, CENTRO - Pontes Gestal", "latitude": -20.1855775, "longitude": -49.7018448, "fonte_geocodificacao": "Google Geocoding API", "opm_nome": "2. GRUPO POLICIAL MILITAR", "opm_descricao": "CPI-5 16.BPM/I 5.CIA PM 0 2.GP/PM", "opm_codigo": "605165002" }, "geometry": { "type": "Point", "coordinates": [ -49.7018448, -20.1855775 ] } },
{ "type": "Feature", "properties": { "id_comando": "CPI-5", "nome_comando": "5º Comando de Policiamento do Interior (CPI-5)", "nome_batalhao": "16º BPM/I", "tipo_batalhao": "Interior", "companhia": "5.CIA PM", "pelotao": "PEL PM", "grupo": "0", "cidade": "Riolandia", "endereco": "RUA 14, 329, CENTRO - Riolandia", "latitude": -19.9793675, "longitude": -49.6818935, "fonte_geocodificacao": "Google Geocoding API", "opm_nome": "16.BPM/I - PEL POL MIL", "opm_descricao": "CPI-5 16.BPM/I 5.CIA PM PEL PM 0", "opm_codigo": "605165100" }, "geometry": { "type": "Point", "coordinates": [ -49.6818935, -19.9793675 ] } },
{ "type": "Feature", "properties": { "id_comando": "CPI-5", "nome_comando": "5º Comando de Policiamento do Interior (CPI-5)", "nome_batalhao": "16º BPM/I", "tipo_batalhao": "Interior", "companhia": "CIA FT", "pelotao": "0", "grupo": "GP FT", "cidade": "Fernandopolis", "endereco": "Avenida Libero de Almeida Silvares, 3105, Coester - Fernandopolis", "latitude": -20.282805, "longitude": -50.2388891, "fonte_geocodificacao": "Google Geocoding API", "opm_nome": "GRUPAMENTO DE FORCA TATICA", "opm_descricao": "CPI-5 16.BPM/I CIA FT 0 GP FT", "opm_codigo": "605166001" }, "geometry": { "type": "Point", "coordinates": [ -50.238889099999987, -20.282805 ] } },
{ "type": "Feature", "properties": { "id_comando": "CPI-5", "nome_comando": "5º Comando de Policiamento do Interior (CPI-5)", "nome_batalhao": "16º BPM/I", "tipo_batalhao": "Interior", "companhia": "EM", "pelotao": "UIS", "grupo": "0", "cidade": "Fernandopolis", "endereco": "AV. LÍBERO DE ALMEIDA SILVARES, 3105, coester - Fernandopolis", "latitude": -20.282805, "longitude": -50.2388891, "fonte_geocodificacao": "Google Geocoding API", "opm_nome": "UNIDADE INTEGRADA DE SAUDE", "opm_descricao": "CPI-5 16.BPM/I EM UIS 0", "opm_codigo": "605168010" }, "geometry": { "type": "Point", "coordinates": [ -50.238889099999987, -20.282805 ] } },
{ "type": "Feature", "properties": { "id_comando": "CPI-5", "nome_comando": "5º Comando de Policiamento do Interior (CPI-5)", "nome_batalhao": "16º BPM/I", "tipo_batalhao": "Interior", "companhia": "EM", "pelotao": "UIS", "grupo": "GAB MED", "cidade": "Fernandopolis", "endereco": "AV. LÍBERO DE ALMEIDA SILVARES, 3105, coester - Fernandopolis", "latitude": -20.282805, "longitude": -50.2388891, "fonte_geocodificacao": "Google Geocoding API", "opm_nome": "GABINETE MEDICO", "opm_descricao": "CPI-5 16.BPM/I EM UIS GAB MED", "opm_codigo": "605168011" }, "geometry": { "type": "Point", "coordinates": [ -50.238889099999987, -20.282805 ] } },
{ "type": "Feature", "properties": { "id_comando": "CPI-5", "nome_comando": "5º Comando de Policiamento do Interior (CPI-5)", "nome_batalhao": "16º BPM/I", "tipo_batalhao": "Interior", "companhia": "EM", "pelotao": "UIS", "grupo": "GAB ODONTO", "cidade": "Fernandopolis", "endereco": "AV. LÍBERO DE ALMEIDA SILVARES, 3105, coester - Fernandopolis", "latitude": -20.282805, "longitude": -50.2388891, "fonte_geocodificacao": "Google Geocoding API", "opm_nome": "GABINETE ODONTOLOGICO", "opm_descricao": "CPI-5 16.BPM/I EM UIS GAB ODONTO", "opm_codigo": "605168012" }, "geometry": { "type": "Point", "coordinates": [ -50.238889099999987, -20.282805 ] } },
{ "type": "Feature", "properties": { "id_comando": "CPI-5", "nome_comando": "5º Comando de Policiamento do Interior (CPI-5)", "nome_batalhao": "16º BPM/I", "tipo_batalhao": "Interior", "companhia": "EM", "pelotao": "P/1 E P/5", "grupo": "NAPS", "cidade": "Fernandopolis", "endereco": "AV. LÍBERO DE ALMEIDA SILVARES, 3105, coester - Fernandopolis", "latitude": -20.282805, "longitude": -50.2388891, "fonte_geocodificacao": "Google Geocoding API", "opm_nome": "NUCLEO DE ATENCAO PSICOSSOCIAL", "opm_descricao": "CPI-5 16.BPM/I EM P/1 E P/5 NAPS", "opm_codigo": "605168110" }, "geometry": { "type": "Point", "coordinates": [ -50.238889099999987, -20.282805 ] } },
{ "type": "Feature", "properties": { "id_comando": "CPI-5", "nome_comando": "5º Comando de Policiamento do Interior (CPI-5)", "nome_batalhao": "16º BPM/I", "tipo_batalhao": "Interior", "companhia": "EM", "pelotao": "P/3", "grupo": "CAD", "cidade": "Fernandopolis", "endereco": "AV. LÍBERO DE ALMEIDA SILVARES, 3105, coester - Fernandopolis", "latitude": -20.282805, "longitude": -50.2388891, "fonte_geocodificacao": "Google Geocoding API", "opm_nome": "CENTRO DE ATENDIMENTO E DESPACHO", "opm_descricao": "CPI-5 16.BPM/I EM P/3 CAD", "opm_codigo": "605168310" }, "geometry": { "type": "Point", "coordinates": [ -50.238889099999987, -20.282805 ] } },
{ "type": "Feature", "properties": { "id_comando": "CPI-5", "nome_comando": "5º Comando de Policiamento do Interior (CPI-5)", "nome_batalhao": "16º BPM/I", "tipo_batalhao": "Interior", "companhia": "EM", "pelotao": "P/1 E P/5", "grupo": "0", "cidade": "Fernandopolis", "endereco": "AVENIDA LIBERO DE ALMEIDA SILVARES, 3105, COESTER - Fernandopolis", "latitude": -20.282805, "longitude": -50.2388891, "fonte_geocodificacao": "Google Geocoding API", "opm_nome": "P/1 E P/5", "opm_descricao": "CPI-5 16.BPM/I EM P/1 E P/5 0", "opm_codigo": "605168100" }, "geometry": { "type": "Point", "coordinates": [ -50.238889099999987, -20.282805 ] } },
{ "type": "Feature", "properties": { "id_comando": "CPI-5", "nome_comando": "5º Comando de Policiamento do Interior (CPI-5)", "nome_batalhao": "16º BPM/I", "tipo_batalhao": "Interior", "companhia": "EM", "pelotao": "P/1 E P/5", "grupo": "GD DO QUARTEL", "cidade": "Fernandopolis", "endereco": "AV. LIBERO DE ALMEIDA SILVARES, 3105, COESTER - Fernandopolis", "latitude": -20.282805, "longitude": -50.2388891, "fonte_geocodificacao": "Google Geocoding API", "opm_nome": "GUARDA DO QUARTEL", "opm_descricao": "CPI-5 16.BPM/I EM P/1 E P/5 GD DO QUARTEL", "opm_codigo": "605168120" }, "geometry": { "type": "Point", "coordinates": [ -50.238889099999987, -20.282805 ] } },
{ "type": "Feature", "properties": { "id_comando": "CPI-5", "nome_comando": "5º Comando de Policiamento do Interior (CPI-5)", "nome_batalhao": "16º BPM/I", "tipo_batalhao": "Interior", "companhia": "EM", "pelotao": "AG AREA", "grupo": "0", "cidade": "Fernandopolis", "endereco": "AVENIDA LIBERO DE ALMEIDA SILVARES, 3105, COESTER - Fernandopolis", "latitude": -20.282805, "longitude": -50.2388891, "fonte_geocodificacao": "Google Geocoding API", "opm_nome": "AGENCIA DE AREA", "opm_descricao": "CPI-5 16.BPM/I EM AG AREA 0", "opm_codigo": "605168200" }, "geometry": { "type": "Point", "coordinates": [ -50.238889099999987, -20.282805 ] } },
{ "type": "Feature", "properties": { "id_comando": "CPI-5", "nome_comando": "5º Comando de Policiamento do Interior (CPI-5)", "nome_batalhao": "16º BPM/I", "tipo_batalhao": "Interior", "companhia": "EM", "pelotao": "DIV OP", "grupo": "0", "cidade": "Fernandopolis", "endereco": "AV. LÍBERO DE ALMEIDA SILVARES, 3105, COESTER - Fernandopolis", "latitude": -20.282805, "longitude": -50.2388891, "fonte_geocodificacao": "Google Geocoding API", "opm_nome": "DIVISAO OPERACIONAL", "opm_descricao": "CPI-5 16.BPM/I EM DIV OP 0", "opm_codigo": "605168300" }, "geometry": { "type": "Point", "coordinates": [ -50.238889099999987, -20.282805 ] } },
{ "type": "Feature", "properties": { "id_comando": "CPI-5", "nome_comando": "5º Comando de Policiamento do Interior (CPI-5)", "nome_batalhao": "16º BPM/I", "tipo_batalhao": "Interior", "companhia": "EM", "pelotao": "P/3", "grupo": "CFP", "cidade": "Fernandopolis", "endereco": "AV. LIBERO DE ALMEIDA SILVARES, 3105, COESTER - Fernandopolis", "latitude": -20.282805, "longitude": -50.2388891, "fonte_geocodificacao": "Google Geocoding API", "opm_nome": "COMANDO FORCA PATRULHA", "opm_descricao": "CPI-5 16.BPM/I EM P/3 CFP", "opm_codigo": "605168320" }, "geometry": { "type": "Point", "coordinates": [ -50.238889099999987, -20.282805 ] } },
{ "type": "Feature", "properties": { "id_comando": "CPI-5", "nome_comando": "5º Comando de Policiamento do Interior (CPI-5)", "nome_batalhao": "16º BPM/I", "tipo_batalhao": "Interior", "companhia": "EM", "pelotao": "P/3", "grupo": "TELECOM", "cidade": "Fernandopolis", "endereco": "AV. LIBERO DE ALMEIDA SILVARES, 3105, COESTER - Fernandopolis", "latitude": -20.282805, "longitude": -50.2388891, "fonte_geocodificacao": "Google Geocoding API", "opm_nome": "SETOR DE TELECOMUNICACOES", "opm_descricao": "CPI-5 16.BPM/I EM P/3 TELECOM", "opm_codigo": "605168330" }, "geometry": { "type": "Point", "coordinates": [ -50.238889099999987, -20.282805 ] } },
{ "type": "Feature", "properties": { "id_comando": "CPI-5", "nome_comando": "5º Comando de Policiamento do Interior (CPI-5)", "nome_batalhao": "16º BPM/I", "tipo_batalhao": "Interior", "companhia": "EM", "pelotao": "P/4 E MOTOMEC", "grupo": "0", "cidade": "Fernandopolis", "endereco": "AV. LÍBERO DE ALMEIDA SILVARES, 3105, COESTER - Fernandopolis", "latitude": -20.282805, "longitude": -50.2388891, "fonte_geocodificacao": "Google Geocoding API", "opm_nome": "P/4 E MOTOMEC", "opm_descricao": "CPI-5 16.BPM/I EM P/4 E MOTOMEC 0", "opm_codigo": "605168400" }, "geometry": { "type": "Point", "coordinates": [ -50.238889099999987, -20.282805 ] } },
{ "type": "Feature", "properties": { "id_comando": "CPI-5", "nome_comando": "5º Comando de Policiamento do Interior (CPI-5)", "nome_batalhao": "16º BPM/I", "tipo_batalhao": "Interior", "companhia": "EM", "pelotao": "SEC PJMD", "grupo": "0", "cidade": "Fernandopolis", "endereco": "AV. LÍBERO DE ALMEIDA SILVARES, 3105, COESTER - Fernandopolis", "latitude": -20.282805, "longitude": -50.2388891, "fonte_geocodificacao": "Google Geocoding API", "opm_nome": "SECAO POLICIA JUDICIARIA MILITAR E DISCIPLINA", "opm_descricao": "CPI-5 16.BPM/I EM SEC PJMD 0", "opm_codigo": "605168600" }, "geometry": { "type": "Point", "coordinates": [ -50.238889099999987, -20.282805 ] } },
{ "type": "Feature", "properties": { "id_comando": "CPI-5", "nome_comando": "5º Comando de Policiamento do Interior (CPI-5)", "nome_batalhao": "16º BPM/I", "tipo_batalhao": "Interior", "companhia": "EM", "pelotao": "MOTOMEC", "grupo": "0", "cidade": "Fernandopolis", "endereco": "AV. LÍBERO DE ALMEIDA SILVARES, 3105, COESTER - Fernandopolis", "latitude": -20.282805, "longitude": -50.2388891, "fonte_geocodificacao": "Google Geocoding API", "opm_nome": "16.BPM/I - MOTOMEC", "opm_descricao": "CPI-5 16.BPM/I EM MOTOMEC 0", "opm_codigo": "605168700" }, "geometry": { "type": "Point", "coordinates": [ -50.238889099999987, -20.282805 ] } },
{ "type": "Feature", "properties": { "id_comando": "CPI-5", "nome_comando": "5º Comando de Policiamento do Interior (CPI-5)", "nome_batalhao": "17º BPM/I", "tipo_batalhao": "Interior", "companhia": "1.CIA PM", "pelotao": "ADM", "grupo": "0", "cidade": "Sao Jose Do Rio Preto", "endereco": "RUA BEATRIZ DA CONCEIÇÃO, 350, SOLO SAGRADO - Sao Jose Do Rio Preto", "latitude": -20.780318, "longitude": -49.4093535, "fonte_geocodificacao": "Google Geocoding API", "opm_nome": "ADMINISTRACAO", "opm_descricao": "CPI-5 17.BPM/I 1.CIA PM ADM 0", "opm_codigo": "605171400" }, "geometry": { "type": "Point", "coordinates": [ -49.409353499999987, -20.780318 ] } },
{ "type": "Feature", "properties": { "id_comando": "CPI-5", "nome_comando": "5º Comando de Policiamento do Interior (CPI-5)", "nome_batalhao": "17º BPM/I", "tipo_batalhao": "Interior", "companhia": "2.CIA PM", "pelotao": "0", "grupo": "8.GP/PM", "cidade": "Nova Granada", "endereco": "..., 0  UNIDADE INEXISTENTE, ... - Nova Granada", "latitude": -20.533559, "longitude": -49.3197746, "fonte_geocodificacao": "Google Geocoding API", "opm_nome": "17.BPM/I 2.CIA PM  8.GP/PM", "opm_descricao": "CPI-5 17.BPM/I 2.CIA PM 0 8.GP/PM", "opm_codigo": "605172008" }, "geometry": { "type": "Point", "coordinates": [ -49.3197746, -20.533559 ] } },
{ "type": "Feature", "properties": { "id_comando": "CPI-5", "nome_comando": "5º Comando de Policiamento do Interior (CPI-5)", "nome_batalhao": "17º BPM/I", "tipo_batalhao": "Interior", "companhia": "2.CIA PM", "pelotao": "ADM", "grupo": "0", "cidade": "Sao Jose Do Rio Preto", "endereco": "RUA MACIR AMADEU, 996, jardim são francisco - Sao Jose Do Rio Preto", "latitude": -20.8461338, "longitude": -49.3865004, "fonte_geocodificacao": "Google Geocoding API", "opm_nome": "ADMINISTRACAO", "opm_descricao": "CPI-5 17.BPM/I 2.CIA PM ADM 0", "opm_codigo": "605172400" }, "geometry": { "type": "Point", "coordinates": [ -49.3865004, -20.8461338 ] } },
{ "type": "Feature", "properties": { "id_comando": "CPI-5", "nome_comando": "5º Comando de Policiamento do Interior (CPI-5)", "nome_batalhao": "17º BPM/I", "tipo_batalhao": "Interior", "companhia": "2.CIA PM", "pelotao": "CGP", "grupo": "0", "cidade": "Sao Jose Do Rio Preto", "endereco": "RUA MACIR AMADEU, 996, São francisco - Sao Jose Do Rio Preto", "latitude": -20.8461338, "longitude": -49.3865004, "fonte_geocodificacao": "Google Geocoding API", "opm_nome": "COMANDO DE GRUPO PATRULHA", "opm_descricao": "CPI-5 17.BPM/I 2.CIA PM CGP 0", "opm_codigo": "605172500" }, "geometry": { "type": "Point", "coordinates": [ -49.3865004, -20.8461338 ] } },
{ "type": "Feature", "properties": { "id_comando": "CPI-5", "nome_comando": "5º Comando de Policiamento do Interior (CPI-5)", "nome_batalhao": "17º BPM/I", "tipo_batalhao": "Interior", "companhia": "2.CIA PM", "pelotao": "0", "grupo": "0", "cidade": "Sao Jose Do Rio Preto", "endereco": "RUA MACIR AMADEU, 996, SÃO FRANCISCO - Sao Jose Do Rio Preto", "latitude": -20.8461338, "longitude": -49.3865004, "fonte_geocodificacao": "Google Geocoding API", "opm_nome": "2.COMPANHIA DE POLICIA MILITAR", "opm_descricao": "CPI-5 17.BPM/I 2.CIA PM 0 0", "opm_codigo": "605172000" }, "geometry": { "type": "Point", "coordinates": [ -49.3865004, -20.8461338 ] } },
{ "type": "Feature", "properties": { "id_comando": "CPI-5", "nome_comando": "5º Comando de Policiamento do Interior (CPI-5)", "nome_batalhao": "17º BPM/I", "tipo_batalhao": "Interior", "companhia": "3.CIA PM", "pelotao": "ADM", "grupo": "0", "cidade": "Sao Jose Do Rio Preto", "endereco": "RUA CAPITÃO DELMIRO ÁVILA, 1, SANTA CRUZ - Sao Jose Do Rio Preto", "latitude": -20.8225439, "longitude": -49.3714932, "fonte_geocodificacao": "Google Geocoding API", "opm_nome": "ADMINISTRACAO", "opm_descricao": "CPI-5 17.BPM/I 3.CIA PM ADM 0", "opm_codigo": "605173400" }, "geometry": { "type": "Point", "coordinates": [ -49.3714932, -20.8225439 ] } },
{ "type": "Feature", "properties": { "id_comando": "CPI-5", "nome_comando": "5º Comando de Policiamento do Interior (CPI-5)", "nome_batalhao": "17º BPM/I", "tipo_batalhao": "Interior", "companhia": "4.CIA PM", "pelotao": "ADM", "grupo": "0", "cidade": "Sao Jose Do Rio Preto", "endereco": "RUA JOAQUIM MARCOS ALVES, 102, VILA CRISTINA - Sao Jose Do Rio Preto", "latitude": -20.81054, "longitude": -49.365319, "fonte_geocodificacao": "Google Geocoding API", "opm_nome": "ADMINISTRACAO", "opm_descricao": "CPI-5 17.BPM/I 4.CIA PM ADM 0", "opm_codigo": "605174400" }, "geometry": { "type": "Point", "coordinates": [ -49.365319, -20.81054 ] } },
{ "type": "Feature", "properties": { "id_comando": "CPI-5", "nome_comando": "5º Comando de Policiamento do Interior (CPI-5)", "nome_batalhao": "17º BPM/I", "tipo_batalhao": "Interior", "companhia": "EM", "pelotao": "P/3", "grupo": "CFP", "cidade": "Sao Jose Do Rio Preto", "endereco": "RUA MACIR AMADEU, 996, JARDIM SÃO FRANCISCO - Sao Jose Do Rio Preto", "latitude": -20.8461338, "longitude": -49.3865004, "fonte_geocodificacao": "Google Geocoding API", "opm_nome": "COMANDO FORCA PATRULHA", "opm_descricao": "CPI-5 17.BPM/I EM P/3 CFP", "opm_codigo": "605178310" }, "geometry": { "type": "Point", "coordinates": [ -49.3865004, -20.8461338 ] } },
{ "type": "Feature", "properties": { "id_comando": "CPI-5", "nome_comando": "5º Comando de Policiamento do Interior (CPI-5)", "nome_batalhao": "17º BPM/I", "tipo_batalhao": "Interior", "companhia": "EM", "pelotao": "P/1 E P/5", "grupo": "0", "cidade": "Sao Jose Do Rio Preto", "endereco": "RUA MACIR AMADEU, 996, JARDIM VIENA - Sao Jose Do Rio Preto", "latitude": -20.8461338, "longitude": -49.3865004, "fonte_geocodificacao": "Google Geocoding API", "opm_nome": "P/1 E P/5", "opm_descricao": "CPI-5 17.BPM/I EM P/1 E P/5 0", "opm_codigo": "605178100" }, "geometry": { "type": "Point", "coordinates": [ -49.3865004, -20.8461338 ] } },
{ "type": "Feature", "properties": { "id_comando": "CPI-5", "nome_comando": "5º Comando de Policiamento do Interior (CPI-5)", "nome_batalhao": "17º BPM/I", "tipo_batalhao": "Interior", "companhia": "EM", "pelotao": "AG AREA", "grupo": "0", "cidade": "Sao Jose Do Rio Preto", "endereco": "RUA MACIR AMADEU, 996, JARDIM VIENA - Sao Jose Do Rio Preto", "latitude": -20.8461338, "longitude": -49.3865004, "fonte_geocodificacao": "Google Geocoding API", "opm_nome": "AGENCIA AREA", "opm_descricao": "CPI-5 17.BPM/I EM AG AREA 0", "opm_codigo": "605178200" }, "geometry": { "type": "Point", "coordinates": [ -49.3865004, -20.8461338 ] } },
{ "type": "Feature", "properties": { "id_comando": "CPI-5", "nome_comando": "5º Comando de Policiamento do Interior (CPI-5)", "nome_batalhao": "17º BPM/I", "tipo_batalhao": "Interior", "companhia": "EM", "pelotao": "DIV OP", "grupo": "0", "cidade": "Sao Jose Do Rio Preto", "endereco": "RUA MACIR AMADEU, 996, JARDIM VIENA - Sao Jose Do Rio Preto", "latitude": -20.8461338, "longitude": -49.3865004, "fonte_geocodificacao": "Google Geocoding API", "opm_nome": "DIVISAO OPERACIONAL", "opm_descricao": "CPI-5 17.BPM/I EM DIV OP 0", "opm_codigo": "605178300" }, "geometry": { "type": "Point", "coordinates": [ -49.3865004, -20.8461338 ] } },
{ "type": "Feature", "properties": { "id_comando": "CPI-5", "nome_comando": "5º Comando de Policiamento do Interior (CPI-5)", "nome_batalhao": "17º BPM/I", "tipo_batalhao": "Interior", "companhia": "EM", "pelotao": "P/4", "grupo": "0", "cidade": "Sao Jose Do Rio Preto", "endereco": "RUA MACIR AMADEU, 996, JARDIM VIENA - Sao Jose Do Rio Preto", "latitude": -20.8461338, "longitude": -49.3865004, "fonte_geocodificacao": "Google Geocoding API", "opm_nome": "P/4", "opm_descricao": "CPI-5 17.BPM/I EM P/4 0", "opm_codigo": "605178400" }, "geometry": { "type": "Point", "coordinates": [ -49.3865004, -20.8461338 ] } },
{ "type": "Feature", "properties": { "id_comando": "CPI-5", "nome_comando": "5º Comando de Policiamento do Interior (CPI-5)", "nome_batalhao": "17º BPM/I", "tipo_batalhao": "Interior", "companhia": "EM", "pelotao": "P/5", "grupo": "0", "cidade": "Sao Jose Do Rio Preto", "endereco": "RUA MACIR AMADEU, 996, JARDIM VIENA - Sao Jose Do Rio Preto", "latitude": -20.8461338, "longitude": -49.3865004, "fonte_geocodificacao": "Google Geocoding API", "opm_nome": "17.BPM/I P/5", "opm_descricao": "CPI-5 17.BPM/I EM P/5 0", "opm_codigo": "605178500" }, "geometry": { "type": "Point", "coordinates": [ -49.3865004, -20.8461338 ] } },
{ "type": "Feature", "properties": { "id_comando": "CPI-5", "nome_comando": "5º Comando de Policiamento do Interior (CPI-5)", "nome_batalhao": "17º BPM/I", "tipo_batalhao": "Interior", "companhia": "EM", "pelotao": "SEC PJMD", "grupo": "0", "cidade": "Sao Jose Do Rio Preto", "endereco": "RUA MACIR AMADEU, 996, JARDIM VIENA - Sao Jose Do Rio Preto", "latitude": -20.8461338, "longitude": -49.3865004, "fonte_geocodificacao": "Google Geocoding API", "opm_nome": "SECAO POLICIA JUDICIARIA MILITAR E DISCIPLINA", "opm_descricao": "CPI-5 17.BPM/I EM SEC PJMD 0", "opm_codigo": "605178600" }, "geometry": { "type": "Point", "coordinates": [ -49.3865004, -20.8461338 ] } },
{ "type": "Feature", "properties": { "id_comando": "CPI-5", "nome_comando": "5º Comando de Policiamento do Interior (CPI-5)", "nome_batalhao": "30º BPM/I", "tipo_batalhao": "Interior", "companhia": "1.CIA PM", "pelotao": "", "grupo": "5.GP/PM", "cidade": "Ariranha", "endereco": "RUA CAMPOS SALES, 246, CENTRO - Ariranha", "latitude": -21.1845025, "longitude": -48.7918305, "fonte_geocodificacao": "Google Geocoding API", "opm_nome": "5. GRUPO POLICIAL MILITAR", "opm_descricao": "CPI-5 30.BPM/I 1.CIA PM 5.GP/PM", "opm_codigo": "605301005" }, "geometry": { "type": "Point", "coordinates": [ -48.7918305, -21.1845025 ] } },
{ "type": "Feature", "properties": { "id_comando": "CPI-5", "nome_comando": "5º Comando de Policiamento do Interior (CPI-5)", "nome_batalhao": "30º BPM/I", "tipo_batalhao": "Interior", "companhia": "1.CIA PM", "pelotao": "", "grupo": "3.GP/PM", "cidade": "Catigua", "endereco": "RUA MIGUEL CHAIM, 229, SAO SEBASTIAO - Catigua", "latitude": -21.0582225, "longitude": -49.0625772, "fonte_geocodificacao": "Google Geocoding API", "opm_nome": "3. GRUPO POLICIAL MILITAR", "opm_descricao": "CPI-5 30.BPM/I 1.CIA PM 3.GP/PM", "opm_codigo": "605301003" }, "geometry": { "type": "Point", "coordinates": [ -49.0625772, -21.0582225 ] } },
{ "type": "Feature", "properties": { "id_comando": "CPI-5", "nome_comando": "5º Comando de Policiamento do Interior (CPI-5)", "nome_batalhao": "30º BPM/I", "tipo_batalhao": "Interior", "companhia": "1.CIA PM", "pelotao": "", "grupo": "1.GP/PM", "cidade": "Elisiario", "endereco": "RUA ALFREDO MAGATI, 34, CENTRO - Elisiario", "latitude": -21.1667334, "longitude": -49.1105825, "fonte_geocodificacao": "Google Geocoding API", "opm_nome": "1. GRUPO POLICIAL MILITAR", "opm_descricao": "CPI-5 30.BPM/I 1.CIA PM 1.GP/PM", "opm_codigo": "605301001" }, "geometry": { "type": "Point", "coordinates": [ -49.1105825, -21.1667334 ] } },
{ "type": "Feature", "properties": { "id_comando": "CPI-5", "nome_comando": "5º Comando de Policiamento do Interior (CPI-5)", "nome_batalhao": "30º BPM/I", "tipo_batalhao": "Interior", "companhia": "1.CIA PM", "pelotao": "", "grupo": "2.GP/PM", "cidade": "Novais", "endereco": "RUA LUIS FERNANDES HERREIRA, 367, CENTRO - Novais", "latitude": -20.9938685, "longitude": -48.9193334, "fonte_geocodificacao": "Google Geocoding API", "opm_nome": "2. GRUPO POLICIAL MILITAR", "opm_descricao": "CPI-5 30.BPM/I 1.CIA PM 2.GP/PM", "opm_codigo": "605301002" }, "geometry": { "type": "Point", "coordinates": [ -48.9193334, -20.9938685 ] } },
{ "type": "Feature", "properties": { "id_comando": "CPI-5", "nome_comando": "5º Comando de Policiamento do Interior (CPI-5)", "nome_batalhao": "30º BPM/I", "tipo_batalhao": "Interior", "companhia": "1.CIA PM", "pelotao": "", "grupo": "8.GP/PM", "cidade": "Palmares Paulista", "endereco": "RUA BARÃO DO RIO BRANCO, 139, CENTRO - Palmares Paulista", "latitude": -21.0851085, "longitude": -48.7992652, "fonte_geocodificacao": "Google Geocoding API", "opm_nome": "8. GRUPO POLICIAL MILITAR", "opm_descricao": "CPI-5 30.BPM/I 1.CIA PM 8.GP/PM", "opm_codigo": "605301008" }, "geometry": { "type": "Point", "coordinates": [ -48.7992652, -21.0851085 ] } },
{ "type": "Feature", "properties": { "id_comando": "CPI-5", "nome_comando": "5º Comando de Policiamento do Interior (CPI-5)", "nome_batalhao": "30º BPM/I", "tipo_batalhao": "Interior", "companhia": "1.CIA PM", "pelotao": "", "grupo": "7.GP/PM", "cidade": "Paraiso", "endereco": "RUA SÃO JOÃO, 481, RURAL - Paraiso", "latitude": -21.0156915, "longitude": -48.7739664, "fonte_geocodificacao": "Google Geocoding API", "opm_nome": "7. GRUPO POLICIAL MILITAR", "opm_descricao": "CPI-5 30.BPM/I 1.CIA PM 7.GP/PM", "opm_codigo": "605301007" }, "geometry": { "type": "Point", "coordinates": [ -48.7739664, -21.0156915 ] } },
{ "type": "Feature", "properties": { "id_comando": "CPI-5", "nome_comando": "5º Comando de Policiamento do Interior (CPI-5)", "nome_batalhao": "30º BPM/I", "tipo_batalhao": "Interior", "companhia": "1.CIA PM", "pelotao": "", "grupo": "6.GP/PM", "cidade": "Pindorama", "endereco": "RUA MIGUEL OLIVEIRA, 0  TERMINAL RODOVIÁRIO, CENTRO - Pindorama", "latitude": -21.1850784, "longitude": -48.9030645, "fonte_geocodificacao": "Google Geocoding API", "opm_nome": "6. GRUPO POLICIAL MILITAR", "opm_descricao": "CPI-5 30.BPM/I 1.CIA PM 6.GP/PM", "opm_codigo": "605301006" }, "geometry": { "type": "Point", "coordinates": [ -48.9030645, -21.1850784 ] } },
{ "type": "Feature", "properties": { "id_comando": "CPI-5", "nome_comando": "5º Comando de Policiamento do Interior (CPI-5)", "nome_batalhao": "30º BPM/I", "tipo_batalhao": "Interior", "companhia": "1.CIA PM", "pelotao": "", "grupo": "9.GP/PM", "cidade": "Santa Adelia", "endereco": "RUA CEL RELIQUIAS DE SOUZA GUIMARÃES, 0, CENTRO - Santa Adelia", "latitude": -21.2363959, "longitude": -48.8087416, "fonte_geocodificacao": "Google Geocoding API", "opm_nome": "9. GRUPO POLICIAL MILITAR", "opm_descricao": "CPI-5 30.BPM/I 1.CIA PM 9.GP/PM", "opm_codigo": "605301009" }, "geometry": { "type": "Point", "coordinates": [ -48.8087416, -21.2363959 ] } },
{ "type": "Feature", "properties": { "id_comando": "CPI-5", "nome_comando": "5º Comando de Policiamento do Interior (CPI-5)", "nome_batalhao": "30º BPM/I", "tipo_batalhao": "Interior", "companhia": "1.CIA PM", "pelotao": "", "grupo": "4.GP/PM", "cidade": "Tabapua", "endereco": "AV DR JOSÉ DO VALE PEREIRA, 1012, CENTRO - Tabapua", "latitude": -20.9630868, "longitude": -49.0306609, "fonte_geocodificacao": "Google Geocoding API", "opm_nome": "4. GRUPO POLICIAL MILITAR", "opm_descricao": "CPI-5 30.BPM/I 1.CIA PM 4.GP/PM", "opm_codigo": "605301004" }, "geometry": { "type": "Point", "coordinates": [ -49.0306609, -20.9630868 ] } },
{ "type": "Feature", "properties": { "id_comando": "CPI-5", "nome_comando": "5º Comando de Policiamento do Interior (CPI-5)", "nome_batalhao": "30º BPM/I", "tipo_batalhao": "Interior", "companhia": "2.CIA PM", "pelotao": "", "grupo": "3.GP/PM", "cidade": "Irapua", "endereco": "RUA MARIA DO PRADO PAGANI, 53, CENTRO - Irapua", "latitude": -21.2794021, "longitude": -49.4121017, "fonte_geocodificacao": "Google Geocoding API", "opm_nome": "3. GRUPO POLICIAL MILITAR", "opm_descricao": "CPI-5 30.BPM/I 2.CIA PM 3.GP/PM", "opm_codigo": "605302003" }, "geometry": { "type": "Point", "coordinates": [ -49.4121017, -21.2794021 ] } },
{ "type": "Feature", "properties": { "id_comando": "CPI-5", "nome_comando": "5º Comando de Policiamento do Interior (CPI-5)", "nome_batalhao": "30º BPM/I", "tipo_batalhao": "Interior", "companhia": "2.CIA PM", "pelotao": "", "grupo": "4.GP/PM", "cidade": "Itajobi", "endereco": "RUA JOSÉ BELARMINO, 505, CENTRO - Itajobi", "latitude": -21.312945, "longitude": -49.0561073, "fonte_geocodificacao": "Google Geocoding API", "opm_nome": "4. GRUPO POLICIAL MILITAR", "opm_descricao": "CPI-5 30.BPM/I 2.CIA PM 4.GP/PM", "opm_codigo": "605302004" }, "geometry": { "type": "Point", "coordinates": [ -49.0561073, -21.312945 ] } },
{ "type": "Feature", "properties": { "id_comando": "CPI-5", "nome_comando": "5º Comando de Policiamento do Interior (CPI-5)", "nome_batalhao": "30º BPM/I", "tipo_batalhao": "Interior", "companhia": "2.CIA PM", "pelotao": "", "grupo": "1.GP/PM", "cidade": "Marapoama", "endereco": "RUA BOM JESUS, 91, CENTRO - Marapoama", "latitude": -21.2602437, "longitude": -49.1288328, "fonte_geocodificacao": "Google Geocoding API", "opm_nome": "1. GRUPO POLICIAL MILITAR", "opm_descricao": "CPI-5 30.BPM/I 2.CIA PM 1.GP/PM", "opm_codigo": "605302001" }, "geometry": { "type": "Point", "coordinates": [ -49.1288328, -21.2602437 ] } },
{ "type": "Feature", "properties": { "id_comando": "CPI-5", "nome_comando": "5º Comando de Policiamento do Interior (CPI-5)", "nome_batalhao": "30º BPM/I", "tipo_batalhao": "Interior", "companhia": "2.CIA PM", "pelotao": "2.PEL PM", "grupo": "0", "cidade": "Novo Horizonte", "endereco": "RUA ALTINO ARANTES, 760, CENTRO - Novo Horizonte", "latitude": -21.4690059, "longitude": -49.2231417, "fonte_geocodificacao": "Google Geocoding API", "opm_nome": "30.BPM/I 2.CIA PM 2.PEL PM", "opm_descricao": "CPI-5 30.BPM/I 2.CIA PM 2.PEL PM 0", "opm_codigo": "605302200" }, "geometry": { "type": "Point", "coordinates": [ -49.2231417, -21.4690059 ] } },
{ "type": "Feature", "properties": { "id_comando": "CPI-5", "nome_comando": "5º Comando de Policiamento do Interior (CPI-5)", "nome_batalhao": "30º BPM/I", "tipo_batalhao": "Interior", "companhia": "2.CIA PM", "pelotao": "", "grupo": "2.GP/PM", "cidade": "Sales", "endereco": "AV RAMILIO SALES, 475, CENTRO - Sales", "latitude": -21.3449641, "longitude": -49.4858337, "fonte_geocodificacao": "Google Geocoding API", "opm_nome": "2. GRUPO POLICIAL MILITAR", "opm_descricao": "CPI-5 30.BPM/I 2.CIA PM 2.GP/PM", "opm_codigo": "605302002" }, "geometry": { "type": "Point", "coordinates": [ -49.4858337, -21.3449641 ] } },
{ "type": "Feature", "properties": { "id_comando": "CPI-5", "nome_comando": "5º Comando de Policiamento do Interior (CPI-5)", "nome_batalhao": "30º BPM/I", "tipo_batalhao": "Interior", "companhia": "2.CIA PM", "pelotao": "", "grupo": "5.GP/PM", "cidade": "Urupes", "endereco": "RUA DR AZEVEDO RANGEL, 154, CENTRO - Urupes", "latitude": -21.1997, "longitude": -49.2912918, "fonte_geocodificacao": "Google Geocoding API", "opm_nome": "5. GRUPO POLICIAL MILITAR", "opm_descricao": "CPI-5 30.BPM/I 2.CIA PM 5.GP/PM", "opm_codigo": "605302005" }, "geometry": { "type": "Point", "coordinates": [ -49.2912918, -21.1997 ] } },
{ "type": "Feature", "properties": { "id_comando": "CPI-5", "nome_comando": "5º Comando de Policiamento do Interior (CPI-5)", "nome_batalhao": "30º BPM/I", "tipo_batalhao": "Interior", "companhia": "EM", "pelotao": "P/5", "grupo": "0", "cidade": "Catanduva", "endereco": "RUA OLIMPIA, 97, DIST INDUSTRIAL - Catanduva", "latitude": -21.1296712, "longitude": -48.9811633, "fonte_geocodificacao": "Google Geocoding API", "opm_nome": "30.BPM/I P/5", "opm_descricao": "CPI-5 30.BPM/I EM P/5 0", "opm_codigo": "605308500" }, "geometry": { "type": "Point", "coordinates": [ -48.9811633, -21.1296712 ] } },
{ "type": "Feature", "properties": { "id_comando": "CPI-5", "nome_comando": "5º Comando de Policiamento do Interior (CPI-5)", "nome_batalhao": "30º BPM/I", "tipo_batalhao": "Interior", "companhia": "EM", "pelotao": "", "grupo": "ST PJMD", "cidade": "Catanduva", "endereco": "RUA OLIMPIA, 97, DIST INDUSTRIAL - Catanduva", "latitude": -21.1296712, "longitude": -48.9811633, "fonte_geocodificacao": "Google Geocoding API", "opm_nome": "SETOR POLICIA JUDICIARIA MILITAR E DISCIPLINA", "opm_descricao": "CPI-5 30.BPM/I EM ST PJMD", "opm_codigo": "605308600" }, "geometry": { "type": "Point", "coordinates": [ -48.9811633, -21.1296712 ] } },
{ "type": "Feature", "properties": { "id_comando": "CPI-5", "nome_comando": "5º Comando de Policiamento do Interior (CPI-5)", "nome_batalhao": "30º BPM/I", "tipo_batalhao": "Interior", "companhia": "EM", "pelotao": "P/3", "grupo": "CFP", "cidade": "Catanduva", "endereco": "RUA OLIMPIA, 25, vila guzzo - Catanduva", "latitude": -21.1301222, "longitude": -48.9809146, "fonte_geocodificacao": "Google Geocoding API", "opm_nome": "COMANDO DE FORCA PATRULHA", "opm_descricao": "CPI-5 30.BPM/I EM P/3 CFP", "opm_codigo": "605308330" }, "geometry": { "type": "Point", "coordinates": [ -48.9809146, -21.1301222 ] } },
{ "type": "Feature", "properties": { "id_comando": "CPI-5", "nome_comando": "5º Comando de Policiamento do Interior (CPI-5)", "nome_batalhao": "30º BPM/I", "tipo_batalhao": "Interior", "companhia": "EM", "pelotao": "P/1 E P/5", "grupo": "GDA QUARTEL", "cidade": "Catanduva", "endereco": "RUA OLÍMPIA, 87  NÚMERO 87 E 97, VILA GUZZO - Catanduva", "latitude": -21.1254131, "longitude": -48.9848381, "fonte_geocodificacao": "Google Geocoding API", "opm_nome": "GUARDA DO QUARTEL", "opm_descricao": "CPI-5 30.BPM/I EM P/1 E P/5 GDA QUARTEL", "opm_codigo": "605308110" }, "geometry": { "type": "Point", "coordinates": [ -48.9848381, -21.1254131 ] } },
{ "type": "Feature", "properties": { "id_comando": "CPI-5", "nome_comando": "5º Comando de Policiamento do Interior (CPI-5)", "nome_batalhao": "30º BPM/I", "tipo_batalhao": "Interior", "companhia": "EM", "pelotao": "P/3", "grupo": "PEL FT", "cidade": "Catanduva", "endereco": "RUA OLIMPIA, 97, VILA GUZZO - Catanduva", "latitude": -21.1296712, "longitude": -48.9811633, "fonte_geocodificacao": "Google Geocoding API", "opm_nome": "30.BPM/I - PEL FT", "opm_descricao": "CPI-5 30.BPM/I EM P/3 PEL FT", "opm_codigo": "605308320" }, "geometry": { "type": "Point", "coordinates": [ -48.9811633, -21.1296712 ] } },
{ "type": "Feature", "properties": { "id_comando": "CPI-5", "nome_comando": "5º Comando de Policiamento do Interior (CPI-5)", "nome_batalhao": "52º BPM/I", "tipo_batalhao": "Interior", "companhia": "1.CIA PM", "pelotao": "0", "grupo": "4.GP/PM", "cidade": "Balsamo", "endereco": "RUA PARÁ, 168, JARDIM CANOVA - Balsamo", "latitude": -20.7335815, "longitude": -49.5823663, "fonte_geocodificacao": "Google Geocoding API", "opm_nome": "4. GRUPO POLICIAL MILITAR", "opm_descricao": "CPI-5 52.BPM/I 1.CIA PM 0 4.GP/PM", "opm_codigo": "605521004" }, "geometry": { "type": "Point", "coordinates": [ -49.5823663, -20.7335815 ] } },
{ "type": "Feature", "properties": { "id_comando": "CPI-5", "nome_comando": "5º Comando de Policiamento do Interior (CPI-5)", "nome_batalhao": "52º BPM/I", "tipo_batalhao": "Interior", "companhia": "1.CIA PM", "pelotao": "0", "grupo": "7.GP/PM", "cidade": "Jaci", "endereco": "RUA SÃO PAULO, 926, CENTRO - Jaci", "latitude": -20.8819958, "longitude": -49.5699001, "fonte_geocodificacao": "Google Geocoding API", "opm_nome": "7. GRUPO POLICIAL MILITAR", "opm_descricao": "CPI-5 52.BPM/I 1.CIA PM 0 7.GP/PM", "opm_codigo": "605521007" }, "geometry": { "type": "Point", "coordinates": [ -49.5699001, -20.8819958 ] } },
{ "type": "Feature", "properties": { "id_comando": "CPI-5", "nome_comando": "5º Comando de Policiamento do Interior (CPI-5)", "nome_batalhao": "52º BPM/I", "tipo_batalhao": "Interior", "companhia": "1.CIA PM", "pelotao": "ADM", "grupo": "0", "cidade": "Mirassol", "endereco": "av. victório baccan, 2485, são josé - Mirassol", "latitude": -20.8157834, "longitude": -49.5047862, "fonte_geocodificacao": "Google Geocoding API", "opm_nome": "ADMINISTRACAO", "opm_descricao": "CPI-5 52.BPM/I 1.CIA PM ADM 0", "opm_codigo": "605521400" }, "geometry": { "type": "Point", "coordinates": [ -49.5047862, -20.8157834 ] } },
{ "type": "Feature", "properties": { "id_comando": "CPI-5", "nome_comando": "5º Comando de Policiamento do Interior (CPI-5)", "nome_batalhao": "52º BPM/I", "tipo_batalhao": "Interior", "companhia": "1.CIA PM", "pelotao": "0", "grupo": "0", "cidade": "Mirassol", "endereco": "AV. VICTÓRIO BACCAN, 2485, SÃO JOSÉ - Mirassol", "latitude": -20.8157834, "longitude": -49.5047862, "fonte_geocodificacao": "Google Geocoding API", "opm_nome": "1. COMPANHIA DE POLICIA MILITAR", "opm_descricao": "CPI-5 52.BPM/I 1.CIA PM 0 0", "opm_codigo": "605521000" }, "geometry": { "type": "Point", "coordinates": [ -49.5047862, -20.8157834 ] } },
{ "type": "Feature", "properties": { "id_comando": "CPI-5", "nome_comando": "5º Comando de Policiamento do Interior (CPI-5)", "nome_batalhao": "52º BPM/I", "tipo_batalhao": "Interior", "companhia": "1.CIA PM", "pelotao": "CGP", "grupo": "0", "cidade": "Mirassol", "endereco": "AVENIDA VITÓRIO BACAN, 2485, SÃO JOSÉ - Mirassol", "latitude": -20.8140835, "longitude": -49.5231701, "fonte_geocodificacao": "Google Geocoding API", "opm_nome": "COMANDO DE GRUPO PATRULHA", "opm_descricao": "CPI-5 52.BPM/I 1.CIA PM CGP 0", "opm_codigo": "605521500" }, "geometry": { "type": "Point", "coordinates": [ -49.523170099999987, -20.8140835 ] } },
{ "type": "Feature", "properties": { "id_comando": "CPI-5", "nome_comando": "5º Comando de Policiamento do Interior (CPI-5)", "nome_batalhao": "52º BPM/I", "tipo_batalhao": "Interior", "companhia": "1.CIA PM", "pelotao": "0", "grupo": "2.GP/PM", "cidade": "Mirassolandia", "endereco": "RUA JOAQUIM ANTONIO PINHEIRO, 616, CENTRO - Mirassolandia", "latitude": -20.6140411, "longitude": -49.4642882, "fonte_geocodificacao": "Google Geocoding API", "opm_nome": "2. GRUPO POLICIAL MILITAR", "opm_descricao": "CPI-5 52.BPM/I 1.CIA PM 0 2.GP/PM", "opm_codigo": "605521002" }, "geometry": { "type": "Point", "coordinates": [ -49.4642882, -20.6140411 ] } },
{ "type": "Feature", "properties": { "id_comando": "CPI-5", "nome_comando": "5º Comando de Policiamento do Interior (CPI-5)", "nome_batalhao": "52º BPM/I", "tipo_batalhao": "Interior", "companhia": "1.CIA PM", "pelotao": "8.GP PM", "grupo": "0", "cidade": "Monte Aprazivel", "endereco": "RUA 26 DE MAIO, 1231, VILA APARECIDA - Monte Aprazivel", "latitude": -20.7647234, "longitude": -49.7131876, "fonte_geocodificacao": "Google Geocoding API", "opm_nome": "8. GRUPO POLICIAL MILITAR", "opm_descricao": "CPI-5 52.BPM/I 1.CIA PM 8.GP PM 0", "opm_codigo": "605521200" }, "geometry": { "type": "Point", "coordinates": [ -49.7131876, -20.7647234 ] } },
{ "type": "Feature", "properties": { "id_comando": "CPI-5", "nome_comando": "5º Comando de Policiamento do Interior (CPI-5)", "nome_batalhao": "52º BPM/I", "tipo_batalhao": "Interior", "companhia": "1.CIA PM", "pelotao": "0", "grupo": "5.GP/PM", "cidade": "Neves Paulista", "endereco": "AV. RIO BRANCO, 298, CENTRO - Neves Paulista", "latitude": -20.8461648, "longitude": -49.6332107, "fonte_geocodificacao": "Google Geocoding API", "opm_nome": "5. GRUPO POLICIAL MILITAR", "opm_descricao": "CPI-5 52.BPM/I 1.CIA PM 0 5.GP/PM", "opm_codigo": "605521005" }, "geometry": { "type": "Point", "coordinates": [ -49.6332107, -20.8461648 ] } },
{ "type": "Feature", "properties": { "id_comando": "CPI-5", "nome_comando": "5º Comando de Policiamento do Interior (CPI-5)", "nome_batalhao": "52º BPM/I", "tipo_batalhao": "Interior", "companhia": "1.CIA PM", "pelotao": "0", "grupo": "6.GP/PM", "cidade": "Nipoa", "endereco": "RUA RIO GRANDE DO SUL, 177, NIPOA - Nipoa", "latitude": -20.9099033, "longitude": -49.7820135, "fonte_geocodificacao": "Google Geocoding API", "opm_nome": "6. GRUPO POLICIAL MILITAR", "opm_descricao": "CPI-5 52.BPM/I 1.CIA PM 0 6.GP/PM", "opm_codigo": "605521006" }, "geometry": { "type": "Point", "coordinates": [ -49.7820135, -20.9099033 ] } },
{ "type": "Feature", "properties": { "id_comando": "CPI-5", "nome_comando": "5º Comando de Policiamento do Interior (CPI-5)", "nome_batalhao": "52º BPM/I", "tipo_batalhao": "Interior", "companhia": "1.CIA PM", "pelotao": "0", "grupo": "3.GP/PM", "cidade": "Poloni", "endereco": "RUA CANDIDO POLONI, 201, CENTRO - Poloni", "latitude": -20.7890968, "longitude": -49.8171002, "fonte_geocodificacao": "Google Geocoding API", "opm_nome": "3. GRUPO POLICIAL MILITAR", "opm_descricao": "CPI-5 52.BPM/I 1.CIA PM 0 3.GP/PM", "opm_codigo": "605521003" }, "geometry": { "type": "Point", "coordinates": [ -49.8171002, -20.7890968 ] } },
{ "type": "Feature", "properties": { "id_comando": "CPI-5", "nome_comando": "5º Comando de Policiamento do Interior (CPI-5)", "nome_batalhao": "52º BPM/I", "tipo_batalhao": "Interior", "companhia": "1.CIA PM", "pelotao": "1.PEL PM", "grupo": "0", "cidade": "Tanabi", "endereco": "RUA JOSÉ SIRIANI, 819, CENTRO - Tanabi", "latitude": -20.6277076, "longitude": -49.653093, "fonte_geocodificacao": "Google Geocoding API", "opm_nome": "1. PELOTAO POLICIAL MILITAR", "opm_descricao": "CPI-5 52.BPM/I 1.CIA PM 1.PEL PM 0", "opm_codigo": "605521100" }, "geometry": { "type": "Point", "coordinates": [ -49.653093, -20.6277076 ] } },
{ "type": "Feature", "properties": { "id_comando": "CPI-5", "nome_comando": "5º Comando de Policiamento do Interior (CPI-5)", "nome_batalhao": "52º BPM/I", "tipo_batalhao": "Interior", "companhia": "1.CIA PM", "pelotao": "0", "grupo": "1.GP/PM", "cidade": "Uniao Paulista", "endereco": "AVENIDA SÃO PEDRO, 655, JARDIM DAS FLORES - Uniao Paulista", "latitude": -20.8879809, "longitude": -49.8959685, "fonte_geocodificacao": "Google Geocoding API", "opm_nome": "1. GRUPO POLICIAL MILITAR", "opm_descricao": "CPI-5 52.BPM/I 1.CIA PM 0 1.GP/PM", "opm_codigo": "605521001" }, "geometry": { "type": "Point", "coordinates": [ -49.8959685, -20.8879809 ] } },
{ "type": "Feature", "properties": { "id_comando": "CPI-5", "nome_comando": "5º Comando de Policiamento do Interior (CPI-5)", "nome_batalhao": "52º BPM/I", "tipo_batalhao": "Interior", "companhia": "2.CIA PM", "pelotao": "0", "grupo": "3.GP/PM", "cidade": "Cedral", "endereco": "RUA DAS BANDEIRA, 149, CENTRO - Cedral", "latitude": -20.913902474165752, "longitude": -49.263925484470299, "fonte_geocodificacao": "Centroide do município-sede (geocodificação rejeitada: fora dos limites do município)", "opm_nome": "3. GRUPO POLICIAL MILITAR", "opm_descricao": "CPI-5 52.BPM/I 2.CIA PM 0 3.GP/PM", "opm_codigo": "605522003" }, "geometry": { "type": "Point", "coordinates": [ -49.263925484470299, -20.913902474165752 ] } },
{ "type": "Feature", "properties": { "id_comando": "CPI-5", "nome_comando": "5º Comando de Policiamento do Interior (CPI-5)", "nome_batalhao": "52º BPM/I", "tipo_batalhao": "Interior", "companhia": "2.CIA PM", "pelotao": "0", "grupo": "5.GP/PM", "cidade": "Guapiacu", "endereco": "RUA RUI BARBOSA, 399, JARDIM REDENTOR I - Guapiacu", "latitude": -20.796889, "longitude": -49.2208275, "fonte_geocodificacao": "Google Geocoding API", "opm_nome": "5. GRUPO POLICIAL MILITAR", "opm_descricao": "CPI-5 52.BPM/I 2.CIA PM 0 5.GP/PM", "opm_codigo": "605522005" }, "geometry": { "type": "Point", "coordinates": [ -49.2208275, -20.796889 ] } },
{ "type": "Feature", "properties": { "id_comando": "CPI-5", "nome_comando": "5º Comando de Policiamento do Interior (CPI-5)", "nome_batalhao": "52º BPM/I", "tipo_batalhao": "Interior", "companhia": "2.CIA PM", "pelotao": "0", "grupo": "7.GP/PM", "cidade": "Ibira", "endereco": "RUA SÃO VICENTI DE PAULA, 893, CENTRO - Ibira", "latitude": -21.074726702628666, "longitude": -49.220330050258198, "fonte_geocodificacao": "Centroide do município-sede (geocodificação rejeitada: fora dos limites do município)", "opm_nome": "7. GRUPO POLICIAL MILITAR", "opm_descricao": "CPI-5 52.BPM/I 2.CIA PM 0 7.GP/PM", "opm_codigo": "605522007" }, "geometry": { "type": "Point", "coordinates": [ -49.220330050258198, -21.074726702628666 ] } },
{ "type": "Feature", "properties": { "id_comando": "CPI-5", "nome_comando": "5º Comando de Policiamento do Interior (CPI-5)", "nome_batalhao": "52º BPM/I", "tipo_batalhao": "Interior", "companhia": "2.CIA PM", "pelotao": "0", "grupo": "6.GP/PM", "cidade": "Icem", "endereco": "AVENIDA SALVADOR GONÇALVES MARTINS, 547, CENTRO - Icem", "latitude": -20.3452333, "longitude": -49.1960751, "fonte_geocodificacao": "Google Geocoding API", "opm_nome": "6. GRUPO POLICIAL MILITAR", "opm_descricao": "CPI-5 52.BPM/I 2.CIA PM 0 6.GP/PM", "opm_codigo": "605522006" }, "geometry": { "type": "Point", "coordinates": [ -49.196075099999987, -20.3452333 ] } },
{ "type": "Feature", "properties": { "id_comando": "CPI-5", "nome_comando": "5º Comando de Policiamento do Interior (CPI-5)", "nome_batalhao": "52º BPM/I", "tipo_batalhao": "Interior", "companhia": "2.CIA PM", "pelotao": "0", "grupo": "8.GP/PM", "cidade": "Ipigua", "endereco": "RUA JOSÉ PAVANETE, 265, RURAL - Ipigua", "latitude": -20.6532199, "longitude": -49.3849504, "fonte_geocodificacao": "Google Geocoding API", "opm_nome": "8. GRUPO POLICIAL MILITAR", "opm_descricao": "CPI-5 52.BPM/I 2.CIA PM 0 8.GP/PM", "opm_codigo": "605522008" }, "geometry": { "type": "Point", "coordinates": [ -49.3849504, -20.6532199 ] } },
{ "type": "Feature", "properties": { "id_comando": "CPI-5", "nome_comando": "5º Comando de Policiamento do Interior (CPI-5)", "nome_batalhao": "52º BPM/I", "tipo_batalhao": "Interior", "companhia": "2.CIA PM", "pelotao": "CGP", "grupo": "0", "cidade": "Nova Granada", "endereco": "RUA MARIA ROSA DO NASCIMENTO, 101, PARQUE AMÉRICAS - Nova Granada", "latitude": -20.5332079, "longitude": -49.3269175, "fonte_geocodificacao": "Google Geocoding API", "opm_nome": "COMANDO DE GRUPO PATRULHA", "opm_descricao": "CPI-5 52.BPM/I 2.CIA PM CGP 0", "opm_codigo": "605522500" }, "geometry": { "type": "Point", "coordinates": [ -49.3269175, -20.5332079 ] } },
{ "type": "Feature", "properties": { "id_comando": "CPI-5", "nome_comando": "5º Comando de Policiamento do Interior (CPI-5)", "nome_batalhao": "52º BPM/I", "tipo_batalhao": "Interior", "companhia": "2.CIA PM", "pelotao": "ADM", "grupo": "0", "cidade": "Nova Granada", "endereco": "rua maria rosa do nascimento, 101, parque das américas - Nova Granada", "latitude": -20.533559, "longitude": -49.3197746, "fonte_geocodificacao": "Google Geocoding API", "opm_nome": "ADMINISTRACAO", "opm_descricao": "CPI-5 52.BPM/I 2.CIA PM ADM 0", "opm_codigo": "605522400" }, "geometry": { "type": "Point", "coordinates": [ -49.3197746, -20.533559 ] } },
{ "type": "Feature", "properties": { "id_comando": "CPI-5", "nome_comando": "5º Comando de Policiamento do Interior (CPI-5)", "nome_batalhao": "52º BPM/I", "tipo_batalhao": "Interior", "companhia": "2.CIA PM", "pelotao": "0", "grupo": "0", "cidade": "Nova Granada", "endereco": "RUA MARIA ROSA DO NASCIMENTO, 101, PARQUE DAS AMÉRICAS - Nova Granada", "latitude": -20.533559, "longitude": -49.3197746, "fonte_geocodificacao": "Google Geocoding API", "opm_nome": "2. COMPANHIA DE POLICIA MILITAR", "opm_descricao": "CPI-5 52.BPM/I 2.CIA PM 0 0", "opm_codigo": "605522000" }, "geometry": { "type": "Point", "coordinates": [ -49.3197746, -20.533559 ] } },
{ "type": "Feature", "properties": { "id_comando": "CPI-5", "nome_comando": "5º Comando de Policiamento do Interior (CPI-5)", "nome_batalhao": "52º BPM/I", "tipo_batalhao": "Interior", "companhia": "2.CIA PM", "pelotao": "1.PEL PM", "grupo": "0", "cidade": "Nova Granada", "endereco": "RUA MARIA ROSA DO NASCIMENTO, 101, PARQUE DAS AMÉRICAS - Nova Granada", "latitude": -20.533559, "longitude": -49.3197746, "fonte_geocodificacao": "Google Geocoding API", "opm_nome": "52.BPM/I 2.CIA PM 1.PEL PM", "opm_descricao": "CPI-5 52.BPM/I 2.CIA PM 1.PEL PM 0", "opm_codigo": "605522100" }, "geometry": { "type": "Point", "coordinates": [ -49.3197746, -20.533559 ] } },
{ "type": "Feature", "properties": { "id_comando": "CPI-5", "nome_comando": "5º Comando de Policiamento do Interior (CPI-5)", "nome_batalhao": "52º BPM/I", "tipo_batalhao": "Interior", "companhia": "2.CIA PM", "pelotao": "0", "grupo": "1.GP/PM", "cidade": "Onda Verde", "endereco": "RUA PEDRO DE TOLÊDO, 0, CENTRO - Onda Verde", "latitude": -20.6078005, "longitude": -49.2981603, "fonte_geocodificacao": "Google Geocoding API", "opm_nome": "1. GRUPO POLICIAL MILITAR", "opm_descricao": "CPI-5 52.BPM/I 2.CIA PM 0 1.GP/PM", "opm_codigo": "605522001" }, "geometry": { "type": "Point", "coordinates": [ -49.2981603, -20.6078005 ] } },
{ "type": "Feature", "properties": { "id_comando": "CPI-5", "nome_comando": "5º Comando de Policiamento do Interior (CPI-5)", "nome_batalhao": "52º BPM/I", "tipo_batalhao": "Interior", "companhia": "2.CIA PM", "pelotao": "0", "grupo": "2.GP/PM", "cidade": "Orindiuva", "endereco": "RUA ALFREDO DE TOLÊDO, 584, CENTRO - Orindiuva", "latitude": -20.1832955, "longitude": -49.3496487, "fonte_geocodificacao": "Google Geocoding API", "opm_nome": "2. GRUPO POLICIAL MILITAR", "opm_descricao": "CPI-5 52.BPM/I 2.CIA PM 0 2.GP/PM", "opm_codigo": "605522002" }, "geometry": { "type": "Point", "coordinates": [ -49.3496487, -20.1832955 ] } },
{ "type": "Feature", "properties": { "id_comando": "CPI-5", "nome_comando": "5º Comando de Policiamento do Interior (CPI-5)", "nome_batalhao": "52º BPM/I", "tipo_batalhao": "Interior", "companhia": "2.CIA PM", "pelotao": "0", "grupo": "10.GP/PM", "cidade": "Palestina", "endereco": "RUA SIQUEIRA CAMPOS, 1267, BOM PASTOR - Palestina", "latitude": -20.3843362, "longitude": -49.435937, "fonte_geocodificacao": "Google Geocoding API", "opm_nome": "10. GRUPO POLICIAL MILITAR", "opm_descricao": "CPI-5 52.BPM/I 2.CIA PM 0 10.GP/PM", "opm_codigo": "605522010" }, "geometry": { "type": "Point", "coordinates": [ -49.435937, -20.3843362 ] } },
{ "type": "Feature", "properties": { "id_comando": "CPI-5", "nome_comando": "5º Comando de Policiamento do Interior (CPI-5)", "nome_batalhao": "52º BPM/I", "tipo_batalhao": "Interior", "companhia": "2.CIA PM", "pelotao": "0", "grupo": "9.GP/PM", "cidade": "Paulo De Faria", "endereco": "AV. ANTÔNIO JOSÉ GOUVEIA, 700, CENTRO - Paulo De Faria", "latitude": -20.0298755, "longitude": -49.3988375, "fonte_geocodificacao": "Google Geocoding API", "opm_nome": "9. GRUPO POLICIAL MILITAR", "opm_descricao": "CPI-5 52.BPM/I 2.CIA PM 0 9.GP/PM", "opm_codigo": "605522009" }, "geometry": { "type": "Point", "coordinates": [ -49.3988375, -20.0298755 ] } },
{ "type": "Feature", "properties": { "id_comando": "CPI-5", "nome_comando": "5º Comando de Policiamento do Interior (CPI-5)", "nome_batalhao": "52º BPM/I", "tipo_batalhao": "Interior", "companhia": "2.CIA PM", "pelotao": "0", "grupo": "4.GP/PM", "cidade": "Uchoa", "endereco": "AVENIDA BENJAMIN CONSTANT, 191, COHAB II- MORUMBI - Uchoa", "latitude": -20.9539403, "longitude": -49.1742284, "fonte_geocodificacao": "Google Geocoding API", "opm_nome": "4. GRUPO POLICIAL MILITAR", "opm_descricao": "CPI-5 52.BPM/I 2.CIA PM 0 4.GP/PM", "opm_codigo": "605522004" }, "geometry": { "type": "Point", "coordinates": [ -49.1742284, -20.9539403 ] } },
{ "type": "Feature", "properties": { "id_comando": "CPI-5", "nome_comando": "5º Comando de Policiamento do Interior (CPI-5)", "nome_batalhao": "52º BPM/I", "tipo_batalhao": "Interior", "companhia": "3.CIA PM", "pelotao": "", "grupo": "3.GP/PM", "cidade": "Adolfo", "endereco": "RUA RUI BARBOSA, 1025, CENTRO - Adolfo", "latitude": -21.2335049, "longitude": -49.6412803, "fonte_geocodificacao": "Google Geocoding API", "opm_nome": "3. GRUPO POLICIAL MILITAR", "opm_descricao": "CPI-5 52.BPM/I 3.CIA PM 3.GP/PM", "opm_codigo": "605523003" }, "geometry": { "type": "Point", "coordinates": [ -49.6412803, -21.2335049 ] } },
{ "type": "Feature", "properties": { "id_comando": "CPI-5", "nome_comando": "5º Comando de Policiamento do Interior (CPI-5)", "nome_batalhao": "52º BPM/I", "tipo_batalhao": "Interior", "companhia": "3.CIA PM", "pelotao": "ADM", "grupo": "0", "cidade": "Jose Bonifacio", "endereco": "AV CAMPOS SALES, 523, CENTRO - Jose Bonifacio", "latitude": -21.0530926, "longitude": -49.6874065, "fonte_geocodificacao": "Google Geocoding API", "opm_nome": "ADMINISTRACAO", "opm_descricao": "CPI-5 52.BPM/I 3.CIA PM ADM 0", "opm_codigo": "605523200" }, "geometry": { "type": "Point", "coordinates": [ -49.687406499999987, -21.0530926 ] } },
{ "type": "Feature", "properties": { "id_comando": "CPI-5", "nome_comando": "5º Comando de Policiamento do Interior (CPI-5)", "nome_batalhao": "52º BPM/I", "tipo_batalhao": "Interior", "companhia": "3.CIA PM", "pelotao": "", "grupo": "4.GP/PM", "cidade": "Mendonca", "endereco": "RUA TENENTE REZENDE POLINO, 562, CENTRO - Mendonca", "latitude": -21.1836023, "longitude": -49.578212, "fonte_geocodificacao": "Google Geocoding API", "opm_nome": "4.GRUPO POLICIAL MILITAR", "opm_descricao": "CPI-5 52.BPM/I 3.CIA PM 4.GP/PM", "opm_codigo": "605523004" }, "geometry": { "type": "Point", "coordinates": [ -49.578212, -21.1836023 ] } },
{ "type": "Feature", "properties": { "id_comando": "CPI-5", "nome_comando": "5º Comando de Policiamento do Interior (CPI-5)", "nome_batalhao": "52º BPM/I", "tipo_batalhao": "Interior", "companhia": "3.CIA PM", "pelotao": "", "grupo": "6.GP/PM", "cidade": "Nova Alianca", "endereco": "RUA GOTARDI, 133, CENTRO - Nova Alianca", "latitude": -21.0168748, "longitude": -49.4969391, "fonte_geocodificacao": "Google Geocoding API", "opm_nome": "6. GRUPO POLICIAL MILITAR", "opm_descricao": "CPI-5 52.BPM/I 3.CIA PM 6.GP/PM", "opm_codigo": "605523006" }, "geometry": { "type": "Point", "coordinates": [ -49.4969391, -21.0168748 ] } },
{ "type": "Feature", "properties": { "id_comando": "CPI-5", "nome_comando": "5º Comando de Policiamento do Interior (CPI-5)", "nome_batalhao": "52º BPM/I", "tipo_batalhao": "Interior", "companhia": "3.CIA PM", "pelotao": "", "grupo": "5.GP/PM", "cidade": "Planalto", "endereco": "AVENIDA RIO BRANCO, 1045, CENTRO - Planalto", "latitude": -21.0332411, "longitude": -49.929624, "fonte_geocodificacao": "Google Geocoding API", "opm_nome": "5. GRUPO POLICIAL MILITAR", "opm_descricao": "CPI-5 52.BPM/I 3.CIA PM 5.GP/PM", "opm_codigo": "605523005" }, "geometry": { "type": "Point", "coordinates": [ -49.929624, -21.0332411 ] } },
{ "type": "Feature", "properties": { "id_comando": "CPI-5", "nome_comando": "5º Comando de Policiamento do Interior (CPI-5)", "nome_batalhao": "52º BPM/I", "tipo_batalhao": "Interior", "companhia": "3.CIA PM", "pelotao": "", "grupo": "7.GP/PM", "cidade": "Potirendaba", "endereco": "RUA ACHILES MALVEZI, 639, CENTRO - Potirendaba", "latitude": -21.0407744, "longitude": -49.3786846, "fonte_geocodificacao": "Google Geocoding API", "opm_nome": "7.GRUPO POLICIAL MILITAR", "opm_descricao": "CPI-5 52.BPM/I 3.CIA PM 7.GP/PM", "opm_codigo": "605523008" }, "geometry": { "type": "Point", "coordinates": [ -49.3786846, -21.0407744 ] } },
{ "type": "Feature", "properties": { "id_comando": "CPI-5", "nome_comando": "5º Comando de Policiamento do Interior (CPI-5)", "nome_batalhao": "52º BPM/I", "tipo_batalhao": "Interior", "companhia": "3.CIA PM", "pelotao": "", "grupo": "2.GP/PM", "cidade": "Ubarana", "endereco": "RUA PLÍNIO AVELINO, 1548, CENTRO - Ubarana", "latitude": -21.1591864, "longitude": -49.7158617, "fonte_geocodificacao": "Google Geocoding API", "opm_nome": "2. GRUPO POLICIAL MILITAR", "opm_descricao": "CPI-5 52.BPM/I 3.CIA PM 2.GP/PM", "opm_codigo": "605523002" }, "geometry": { "type": "Point", "coordinates": [ -49.7158617, -21.1591864 ] } },
{ "type": "Feature", "properties": { "id_comando": "CPI-5", "nome_comando": "5º Comando de Policiamento do Interior (CPI-5)", "nome_batalhao": "52º BPM/I", "tipo_batalhao": "Interior", "companhia": "3.CIA PM", "pelotao": "", "grupo": "1.GP/PM", "cidade": "Zacarias", "endereco": "RUA MONTEIRO LOBATO, 1084, ZACARIAS - Zacarias", "latitude": -21.0516556, "longitude": -50.0520681, "fonte_geocodificacao": "Google Geocoding API", "opm_nome": "1. GRUPO POLICIAL MILITAR", "opm_descricao": "CPI-5 52.BPM/I 3.CIA PM 1.GP/PM", "opm_codigo": "605523001" }, "geometry": { "type": "Point", "coordinates": [ -50.0520681, -21.0516556 ] } },
{ "type": "Feature", "properties": { "id_comando": "CPI-5", "nome_comando": "5º Comando de Policiamento do Interior (CPI-5)", "nome_batalhao": "52º BPM/I", "tipo_batalhao": "Interior", "companhia": "COORD OP", "pelotao": "0", "grupo": "0", "cidade": "Mirassol", "endereco": "AV. VICTÓRIO BACCAN, 2485, São José - Mirassol", "latitude": -20.8157834, "longitude": -49.5047862, "fonte_geocodificacao": "Google Geocoding API", "opm_nome": "52.BPM/I - COORD PM", "opm_descricao": "CPI-5 52.BPM/I COORD OP 0 0", "opm_codigo": "605528000" }, "geometry": { "type": "Point", "coordinates": [ -49.5047862, -20.8157834 ] } },
{ "type": "Feature", "properties": { "id_comando": "CPI-5", "nome_comando": "5º Comando de Policiamento do Interior (CPI-5)", "nome_batalhao": "52º BPM/I", "tipo_batalhao": "Interior", "companhia": "EM", "pelotao": "0", "grupo": "0", "cidade": "Mirassol", "endereco": "AV. VICTÓRIO BACCAN, 24-85, 2485, SÃO JOSÉ - Mirassol", "latitude": -20.8148468, "longitude": -49.5061157, "fonte_geocodificacao": "Google Geocoding API", "opm_nome": "ESTADO-MAIOR", "opm_descricao": "CPI-5 52.BPM/I EM 0 0", "opm_codigo": "605529000" }, "geometry": { "type": "Point", "coordinates": [ -49.5061157, -20.8148468 ] } },
{ "type": "Feature", "properties": { "id_comando": "CPI-5", "nome_comando": "5º Comando de Policiamento do Interior (CPI-5)", "nome_batalhao": "52º BPM/I", "tipo_batalhao": "Interior", "companhia": "EM", "pelotao": "P/1 E P/5", "grupo": "0", "cidade": "Mirassol", "endereco": "AV. VICTÓRIO BACCAN, 24-85, 2485, SÃO JOSÉ - Mirassol", "latitude": -20.8148468, "longitude": -49.5061157, "fonte_geocodificacao": "Google Geocoding API", "opm_nome": "P/1 E P/5", "opm_descricao": "CPI-5 52.BPM/I EM P/1 E P/5 0", "opm_codigo": "605529100" }, "geometry": { "type": "Point", "coordinates": [ -49.5061157, -20.8148468 ] } },
{ "type": "Feature", "properties": { "id_comando": "CPI-5", "nome_comando": "5º Comando de Policiamento do Interior (CPI-5)", "nome_batalhao": "52º BPM/I", "tipo_batalhao": "Interior", "companhia": "EM", "pelotao": "P/1 E P/5", "grupo": "GD QUARTEL", "cidade": "Mirassol", "endereco": "RUA VICTÓRIO BACCAN, 2485, SÃO JOSÉ - Mirassol", "latitude": -20.8157834, "longitude": -49.5047862, "fonte_geocodificacao": "Google Geocoding API", "opm_nome": "GUARDA DO QUARTEL", "opm_descricao": "CPI-5 52.BPM/I EM P/1 E P/5 GD QUARTEL", "opm_codigo": "605529110" }, "geometry": { "type": "Point", "coordinates": [ -49.5047862, -20.8157834 ] } },
{ "type": "Feature", "properties": { "id_comando": "CPI-5", "nome_comando": "5º Comando de Policiamento do Interior (CPI-5)", "nome_batalhao": "52º BPM/I", "tipo_batalhao": "Interior", "companhia": "EM", "pelotao": "P/2", "grupo": "0", "cidade": "Mirassol", "endereco": "AV. VICTÓRIO BACCAN, 24-85, 2485, SÃO JOSÉ - Mirassol", "latitude": -20.8148468, "longitude": -49.5061157, "fonte_geocodificacao": "Google Geocoding API", "opm_nome": "P/2", "opm_descricao": "CPI-5 52.BPM/I EM P/2 0", "opm_codigo": "605529200" }, "geometry": { "type": "Point", "coordinates": [ -49.5061157, -20.8148468 ] } },
{ "type": "Feature", "properties": { "id_comando": "CPI-5", "nome_comando": "5º Comando de Policiamento do Interior (CPI-5)", "nome_batalhao": "52º BPM/I", "tipo_batalhao": "Interior", "companhia": "EM", "pelotao": "DIV OP", "grupo": "0", "cidade": "Mirassol", "endereco": "AV. VICTÓRIO BACCAN, 24-85, 2485, SÃO JOSÉ - Mirassol", "latitude": -20.8148468, "longitude": -49.5061157, "fonte_geocodificacao": "Google Geocoding API", "opm_nome": "DIVISAO OPERACIONAL", "opm_descricao": "CPI-5 52.BPM/I EM DIV OP 0", "opm_codigo": "605529300" }, "geometry": { "type": "Point", "coordinates": [ -49.5061157, -20.8148468 ] } },
{ "type": "Feature", "properties": { "id_comando": "CPI-5", "nome_comando": "5º Comando de Policiamento do Interior (CPI-5)", "nome_batalhao": "52º BPM/I", "tipo_batalhao": "Interior", "companhia": "EM", "pelotao": "P/3", "grupo": "CFP", "cidade": "Mirassol", "endereco": "RUA VICTÓRIO BACCAN, 2485, SÃO JOSÉ - Mirassol", "latitude": -20.8157834, "longitude": -49.5047862, "fonte_geocodificacao": "Google Geocoding API", "opm_nome": "COMANDO FORCA PATRULHA", "opm_descricao": "CPI-5 52.BPM/I EM P/3 CFP", "opm_codigo": "605529310" }, "geometry": { "type": "Point", "coordinates": [ -49.5047862, -20.8157834 ] } },
{ "type": "Feature", "properties": { "id_comando": "CPI-5", "nome_comando": "5º Comando de Policiamento do Interior (CPI-5)", "nome_batalhao": "52º BPM/I", "tipo_batalhao": "Interior", "companhia": "EM", "pelotao": "P/4 E MOTOMEC", "grupo": "0", "cidade": "Mirassol", "endereco": "AV. VICTÓRIO BACCAN, 24-85, 2485, SÃO JOSÉ - Mirassol", "latitude": -20.8148468, "longitude": -49.5061157, "fonte_geocodificacao": "Google Geocoding API", "opm_nome": "P/4 E MOTOMECANIZACAO", "opm_descricao": "CPI-5 52.BPM/I EM P/4 E MOTOMEC 0", "opm_codigo": "605529400" }, "geometry": { "type": "Point", "coordinates": [ -49.5061157, -20.8148468 ] } },
{ "type": "Feature", "properties": { "id_comando": "CPI-5", "nome_comando": "5º Comando de Policiamento do Interior (CPI-5)", "nome_batalhao": "52º BPM/I", "tipo_batalhao": "Interior", "companhia": "EM", "pelotao": "P/5", "grupo": "0", "cidade": "Mirassol", "endereco": "AV. VICTÓRIO BACCAN, 24-85, 2485, SÃO JOSÉ - Mirassol", "latitude": -20.8148468, "longitude": -49.5061157, "fonte_geocodificacao": "Google Geocoding API", "opm_nome": "52.BPM/I P/5", "opm_descricao": "CPI-5 52.BPM/I EM P/5 0", "opm_codigo": "605529500" }, "geometry": { "type": "Point", "coordinates": [ -49.5061157, -20.8148468 ] } },
{ "type": "Feature", "properties": { "id_comando": "CPI-5", "nome_comando": "5º Comando de Policiamento do Interior (CPI-5)", "nome_batalhao": "52º BPM/I", "tipo_batalhao": "Interior", "companhia": "EM", "pelotao": "SEC PJMD", "grupo": "0", "cidade": "Mirassol", "endereco": "AV. VICTÓRIO BACCAN, 24-85, 2485, SÃO JOSÉ - Mirassol", "latitude": -20.8148468, "longitude": -49.5061157, "fonte_geocodificacao": "Google Geocoding API", "opm_nome": "SECAO POLICIA JUDICIARIA MILITAR E DISCIPLINA", "opm_descricao": "CPI-5 52.BPM/I EM SEC PJMD 0", "opm_codigo": "605529600" }, "geometry": { "type": "Point", "coordinates": [ -49.5061157, -20.8148468 ] } },
{ "type": "Feature", "properties": { "id_comando": "CPI-6", "nome_comando": "6º Comando de Policiamento do Interior (CPI-6)", "nome_batalhao": "14º BPM/I", "tipo_batalhao": "Interior", "companhia": "1.CIA PM", "pelotao": "", "grupo": "GP/PM", "cidade": "Sete Barras", "endereco": "AVENIDA JÚLIO PRESTES, 1096, SETE BARRAS - Sete Barras", "latitude": -24.3845003, "longitude": -47.9281139, "fonte_geocodificacao": "Google Geocoding API", "opm_nome": "GRUPO DE POLICIA MILITAR", "opm_descricao": "CPI-6 14.BPM/I 1.CIA PM GP/PM", "opm_codigo": "606141001" }, "geometry": { "type": "Point", "coordinates": [ -47.9281139, -24.3845003 ] } },
{ "type": "Feature", "properties": { "id_comando": "CPI-6", "nome_comando": "6º Comando de Policiamento do Interior (CPI-6)", "nome_batalhao": "14º BPM/I", "tipo_batalhao": "Interior", "companhia": "2.CIA PM", "pelotao": "", "grupo": "2.GP/PM", "cidade": "Barra Do Turvo", "endereco": "RUA VEREADOR GABRIEL DOS SANTOS, 137, CENTRO - Barra Do Turvo", "latitude": -24.7567506, "longitude": -48.5066147, "fonte_geocodificacao": "Google Geocoding API", "opm_nome": "2.GRUPO POLICIAL MILITAR", "opm_descricao": "CPI-6 14.BPM/I 2.CIA PM 2.GP/PM", "opm_codigo": "606142002" }, "geometry": { "type": "Point", "coordinates": [ -48.5066147, -24.7567506 ] } },
{ "type": "Feature", "properties": { "id_comando": "CPI-6", "nome_comando": "6º Comando de Policiamento do Interior (CPI-6)", "nome_batalhao": "14º BPM/I", "tipo_batalhao": "Interior", "companhia": "2.CIA PM", "pelotao": "", "grupo": "3.GP/PM", "cidade": "Cananeia", "endereco": "AVENIDA INDEPENDENCIA, 1420, CENTRO - Cananeia", "latitude": -25.00176, "longitude": -47.9331323, "fonte_geocodificacao": "Google Geocoding API", "opm_nome": "3.GRUPO POLICIAL MILITAR", "opm_descricao": "CPI-6 14.BPM/I 2.CIA PM 3.GP/PM", "opm_codigo": "606142003" }, "geometry": { "type": "Point", "coordinates": [ -47.9331323, -25.00176 ] } },
{ "type": "Feature", "properties": { "id_comando": "CPI-6", "nome_comando": "6º Comando de Policiamento do Interior (CPI-6)", "nome_batalhao": "14º BPM/I", "tipo_batalhao": "Interior", "companhia": "2.CIA PM", "pelotao": "", "grupo": "4.GP/PM", "cidade": "Eldorado", "endereco": "RUA PADRE JOAQUIM GABRIEL, 88, CENTRO - Eldorado", "latitude": -24.5214209, "longitude": -48.1086769, "fonte_geocodificacao": "Google Geocoding API", "opm_nome": "4.GRUPO POLICIAL MILITAR", "opm_descricao": "CPI-6 14.BPM/I 2.CIA PM 4.GP/PM", "opm_codigo": "606142004" }, "geometry": { "type": "Point", "coordinates": [ -48.1086769, -24.5214209 ] } },
{ "type": "Feature", "properties": { "id_comando": "CPI-6", "nome_comando": "6º Comando de Policiamento do Interior (CPI-6)", "nome_batalhao": "14º BPM/I", "tipo_batalhao": "Interior", "companhia": "2.CIA PM", "pelotao": "", "grupo": "5.GP/PM", "cidade": "Iporanga", "endereco": "PRAÇA HONORIO CORREIA, 126, CENTRO - Iporanga", "latitude": -24.5859286, "longitude": -48.5944928, "fonte_geocodificacao": "Google Geocoding API", "opm_nome": "5.GRUPO POLICIAL MILITAR", "opm_descricao": "CPI-6 14.BPM/I 2.CIA PM 5.GP/PM", "opm_codigo": "606142005" }, "geometry": { "type": "Point", "coordinates": [ -48.5944928, -24.5859286 ] } },
{ "type": "Feature", "properties": { "id_comando": "CPI-6", "nome_comando": "6º Comando de Policiamento do Interior (CPI-6)", "nome_batalhao": "14º BPM/I", "tipo_batalhao": "Interior", "companhia": "2.CIA PM", "pelotao": "", "grupo": "1.GP/PM", "cidade": "Pariquera-Acu", "endereco": "AVENIDA DOUTOR CARLOS BOTELHO, 903, CENTRO - Pariquera-Acu", "latitude": -24.7192893, "longitude": -47.8798174, "fonte_geocodificacao": "Google Geocoding API", "opm_nome": "1.GRUPO POLICIAL MILITAR", "opm_descricao": "CPI-6 14.BPM/I 2.CIA PM 1.GP/PM", "opm_codigo": "606142001" }, "geometry": { "type": "Point", "coordinates": [ -47.8798174, -24.7192893 ] } },
{ "type": "Feature", "properties": { "id_comando": "CPI-6", "nome_comando": "6º Comando de Policiamento do Interior (CPI-6)", "nome_batalhao": "14º BPM/I", "tipo_batalhao": "Interior", "companhia": "3.CIA PM", "pelotao": "", "grupo": "GP/PM", "cidade": "Ilha Comprida", "endereco": "AVENIDA COPACABANA, 359  1º GP/PM, BALNEÁRIO BOQUEIRAO - Ilha Comprida", "latitude": -24.7460262, "longitude": -47.5531379, "fonte_geocodificacao": "Google Geocoding API", "opm_nome": "GRUPO POLICIAL MILITAR", "opm_descricao": "CPI-6 14.BPM/I 3.CIA PM GP/PM", "opm_codigo": "606143001" }, "geometry": { "type": "Point", "coordinates": [ -47.5531379, -24.7460262 ] } },
{ "type": "Feature", "properties": { "id_comando": "CPI-6", "nome_comando": "6º Comando de Policiamento do Interior (CPI-6)", "nome_batalhao": "14º BPM/I", "tipo_batalhao": "Interior", "companhia": "EM", "pelotao": "P/3", "grupo": "PEL FT", "cidade": "Registro", "endereco": "AVENIDA MARGINAL CASTELO BRANCO, 2179, VILA RIBEIROPOLIS - Registro", "latitude": -24.5064854, "longitude": -47.8480284, "fonte_geocodificacao": "Google Geocoding API", "opm_nome": "14.BPMI PEL FT", "opm_descricao": "CPI-6 14.BPM/I EM P/3 PEL FT", "opm_codigo": "606148320" }, "geometry": { "type": "Point", "coordinates": [ -47.8480284, -24.5064854 ] } },
{ "type": "Feature", "properties": { "id_comando": "CPI-6", "nome_comando": "6º Comando de Policiamento do Interior (CPI-6)", "nome_batalhao": "14º BPM/I", "tipo_batalhao": "Interior", "companhia": "EM", "pelotao": "P/3", "grupo": "TELECOM", "cidade": "Registro", "endereco": "Av AV PRES CASTELO BRANCO, 2179, 2179, VILA RIBEIROPOLIS - Registro", "latitude": -24.5049389, "longitude": -47.8481721, "fonte_geocodificacao": "Google Geocoding API", "opm_nome": "TELECOMUNICACOES", "opm_descricao": "CPI-6 14.BPM/I EM P/3 TELECOM", "opm_codigo": "606148340" }, "geometry": { "type": "Point", "coordinates": [ -47.848172100000014, -24.5049389 ] } },
{ "type": "Feature", "properties": { "id_comando": "CPI-6", "nome_comando": "6º Comando de Policiamento do Interior (CPI-6)", "nome_batalhao": "14º BPM/I", "tipo_batalhao": "Interior", "companhia": "EM", "pelotao": "MOTOMEC", "grupo": "0", "cidade": "Registro", "endereco": "AVENIDA PRESIDENTE CASTELO BRANCO, 2179  SEDE BTL, VILA RIBEIROPOLIS - Registro", "latitude": -24.5049389, "longitude": -47.8481721, "fonte_geocodificacao": "Google Geocoding API", "opm_nome": "14.BPM/I MOTOMEC", "opm_descricao": "CPI-6 14.BPM/I EM MOTOMEC 0", "opm_codigo": "606148700" }, "geometry": { "type": "Point", "coordinates": [ -47.848172100000014, -24.5049389 ] } },
{ "type": "Feature", "properties": { "id_comando": "CPI-6", "nome_comando": "6º Comando de Policiamento do Interior (CPI-6)", "nome_batalhao": "14º BPM/I", "tipo_batalhao": "Interior", "companhia": "EM", "pelotao": "UIS MEDICA", "grupo": "0", "cidade": "Registro", "endereco": "AV MARGINAL CASTELO BRANCO, 2179, VILA RIBEIROPOLIS - Registro", "latitude": -24.5064854, "longitude": -47.8480284, "fonte_geocodificacao": "Google Geocoding API", "opm_nome": "14.BPM/I EM UIS MEDICA", "opm_descricao": "CPI-6 14.BPM/I EM UIS MEDICA 0", "opm_codigo": "606148800" }, "geometry": { "type": "Point", "coordinates": [ -47.8480284, -24.5064854 ] } },
{ "type": "Feature", "properties": { "id_comando": "CPI-6", "nome_comando": "6º Comando de Policiamento do Interior (CPI-6)", "nome_batalhao": "14º BPM/I", "tipo_batalhao": "Interior", "companhia": "EM", "pelotao": "UIS ODONTO", "grupo": "0", "cidade": "Registro", "endereco": "AV MARGINAL CASTELO BRANCO, 2179, VILA RIBEIROPOLIS - Registro", "latitude": -24.5064854, "longitude": -47.8480284, "fonte_geocodificacao": "Google Geocoding API", "opm_nome": "14.BPM/I EM UIS ODONTO", "opm_descricao": "CPI-6 14.BPM/I EM UIS ODONTO 0", "opm_codigo": "606148900" }, "geometry": { "type": "Point", "coordinates": [ -47.8480284, -24.5064854 ] } },
{ "type": "Feature", "properties": { "id_comando": "CPI-6", "nome_comando": "6º Comando de Policiamento do Interior (CPI-6)", "nome_batalhao": "14º BPM/I", "tipo_batalhao": "Interior", "companhia": "EM", "pelotao": "UIS", "grupo": "GAB MEDICO", "cidade": "Registro", "endereco": "AVENIDA MARGINAL CASTELO BRANCO, 2179, VILA RIBEIRÓPOLIS - Registro", "latitude": -24.5064854, "longitude": -47.8480284, "fonte_geocodificacao": "Google Geocoding API", "opm_nome": "GABINETE MEDICO", "opm_descricao": "CPI-6 14.BPM/I EM UIS GAB MEDICO", "opm_codigo": "606148011" }, "geometry": { "type": "Point", "coordinates": [ -47.8480284, -24.5064854 ] } },
{ "type": "Feature", "properties": { "id_comando": "CPI-6", "nome_comando": "6º Comando de Policiamento do Interior (CPI-6)", "nome_batalhao": "14º BPM/I", "tipo_batalhao": "Interior", "companhia": "EM", "pelotao": "UIS", "grupo": "GAB ODONTO", "cidade": "Registro", "endereco": "AVENIDA MARGINAL CASTELO BRANCO, 2179, VILA RIBEIRÓPOLIS - Registro", "latitude": -24.5064854, "longitude": -47.8480284, "fonte_geocodificacao": "Google Geocoding API", "opm_nome": "GABINETE ODONTOLOGICO", "opm_descricao": "CPI-6 14.BPM/I EM UIS GAB ODONTO", "opm_codigo": "606148012" }, "geometry": { "type": "Point", "coordinates": [ -47.8480284, -24.5064854 ] } },
{ "type": "Feature", "properties": { "id_comando": "CPI-6", "nome_comando": "6º Comando de Policiamento do Interior (CPI-6)", "nome_batalhao": "14º BPM/I", "tipo_batalhao": "Interior", "companhia": "EM", "pelotao": "P/1 P/5", "grupo": "GD QUARTEL", "cidade": "Registro", "endereco": "AVENIDA PRESIDENTE CASTELO BRANCO, 2179, VILA RIBEIRÓPOLIS - Registro", "latitude": -24.5049389, "longitude": -47.8481721, "fonte_geocodificacao": "Google Geocoding API", "opm_nome": "GUARDA DO QUARTEL", "opm_descricao": "CPI-6 14.BPM/I EM P/1 P/5 GD QUARTEL", "opm_codigo": "606148110" }, "geometry": { "type": "Point", "coordinates": [ -47.848172100000014, -24.5049389 ] } },
{ "type": "Feature", "properties": { "id_comando": "CPI-6", "nome_comando": "6º Comando de Policiamento do Interior (CPI-6)", "nome_batalhao": "14º BPM/I", "tipo_batalhao": "Interior", "companhia": "EM", "pelotao": "P/3", "grupo": "CFP", "cidade": "Registro", "endereco": "AVENIDA PRESIDENTE CASTELO BRANCO, 2179, VILA RIBEIRÓPOLIS - Registro", "latitude": -24.5049389, "longitude": -47.8481721, "fonte_geocodificacao": "Google Geocoding API", "opm_nome": "COMANDO FORCA PATRULHA", "opm_descricao": "CPI-6 14.BPM/I EM P/3 CFP", "opm_codigo": "606148330" }, "geometry": { "type": "Point", "coordinates": [ -47.848172100000014, -24.5049389 ] } },
{ "type": "Feature", "properties": { "id_comando": "CPI-6", "nome_comando": "6º Comando de Policiamento do Interior (CPI-6)", "nome_batalhao": "21º BPM/I", "tipo_batalhao": "Interior", "companhia": "1.CIA PM", "pelotao": "ADM", "grupo": "0", "cidade": "Guaruja", "endereco": "RUA MARIO RIBEIRO, 971, CENTRO - Guaruja", "latitude": -23.9984263, "longitude": -46.2609113, "fonte_geocodificacao": "Google Geocoding API", "opm_nome": "ADMINISTRACAO", "opm_descricao": "CPI-6 21.BPM/I 1.CIA PM ADM 0", "opm_codigo": "606211400" }, "geometry": { "type": "Point", "coordinates": [ -46.2609113, -23.9984263 ] } },
{ "type": "Feature", "properties": { "id_comando": "CPI-6", "nome_comando": "6º Comando de Policiamento do Interior (CPI-6)", "nome_batalhao": "21º BPM/I", "tipo_batalhao": "Interior", "companhia": "2.CIA PM", "pelotao": "ADM", "grupo": "0", "cidade": "Guaruja", "endereco": "RUA CAPITÃO ALBERTO MENDES JÚNIOR, 225, JARDIM BOA ESPERANÇA - Guaruja", "latitude": -23.9596098, "longitude": -46.2844025, "fonte_geocodificacao": "Google Geocoding API", "opm_nome": "ADMINISTRACAO", "opm_descricao": "CPI-6 21.BPM/I 2.CIA PM ADM 0", "opm_codigo": "606212300" }, "geometry": { "type": "Point", "coordinates": [ -46.2844025, -23.9596098 ] } },
{ "type": "Feature", "properties": { "id_comando": "CPI-6", "nome_comando": "6º Comando de Policiamento do Interior (CPI-6)", "nome_batalhao": "21º BPM/I", "tipo_batalhao": "Interior", "companhia": "3.CIA PM", "pelotao": "", "grupo": "GP/FT", "cidade": "Bertioga", "endereco": "RODOVIA MANOEL HIPÓLITO DO REGO,, 0  KM 213, RIVIERA DE SÃO LOURENÇO - Bertioga", "latitude": -23.7905309, "longitude": -46.0381835, "fonte_geocodificacao": "Google Geocoding API", "opm_nome": "GP FT", "opm_descricao": "CPI-6 21.BPM/I 3.CIA PM GP/FT", "opm_codigo": "606213001" }, "geometry": { "type": "Point", "coordinates": [ -46.0381835, -23.7905309 ] } },
{ "type": "Feature", "properties": { "id_comando": "CPI-6", "nome_comando": "6º Comando de Policiamento do Interior (CPI-6)", "nome_batalhao": "21º BPM/I", "tipo_batalhao": "Interior", "companhia": "3.CIA PM", "pelotao": "ADM", "grupo": "0", "cidade": "Bertioga", "endereco": "RODOVIA MANOEL HIPÓLITO DO REGO, 213  KM 213, RIVIERA DE SÃO LOURENÇO - Bertioga", "latitude": -23.7905309, "longitude": -46.0381835, "fonte_geocodificacao": "Google Geocoding API", "opm_nome": "ADMINISTRACAO", "opm_descricao": "CPI-6 21.BPM/I 3.CIA PM ADM 0", "opm_codigo": "606213300" }, "geometry": { "type": "Point", "coordinates": [ -46.0381835, -23.7905309 ] } },
{ "type": "Feature", "properties": { "id_comando": "CPI-6", "nome_comando": "6º Comando de Policiamento do Interior (CPI-6)", "nome_batalhao": "21º BPM/I", "tipo_batalhao": "Interior", "companhia": "4.CIA PM", "pelotao": "ADM", "grupo": "0", "cidade": "Cubatao", "endereco": "AVENIDA JOAQUIM MIGUEL COUTO, 800, VILA PAULISTA - Cubatao", "latitude": -23.8847918, "longitude": -46.4235425, "fonte_geocodificacao": "Google Geocoding API", "opm_nome": "ADMINISTRACAO", "opm_descricao": "CPI-6 21.BPM/I 4.CIA PM ADM 0", "opm_codigo": "606214500" }, "geometry": { "type": "Point", "coordinates": [ -46.4235425, -23.8847918 ] } },
{ "type": "Feature", "properties": { "id_comando": "CPI-6", "nome_comando": "6º Comando de Policiamento do Interior (CPI-6)", "nome_batalhao": "21º BPM/I", "tipo_batalhao": "Interior", "companhia": "5.CIA PM", "pelotao": "ADM", "grupo": "0", "cidade": "Guaruja", "endereco": "AVENIDA MARJORI PRADO, 1195, BALNEÁRIO PRAIA PERNAMBUCO - Guaruja", "latitude": -23.9693183, "longitude": -46.1880105, "fonte_geocodificacao": "Google Geocoding API", "opm_nome": "ADMINISTRACAO", "opm_descricao": "CPI-6 21.BPM/I 5.CIA PM ADM 0", "opm_codigo": "606215500" }, "geometry": { "type": "Point", "coordinates": [ -46.1880105, -23.9693183 ] } },
{ "type": "Feature", "properties": { "id_comando": "CPI-6", "nome_comando": "6º Comando de Policiamento do Interior (CPI-6)", "nome_batalhao": "21º BPM/I", "tipo_batalhao": "Interior", "companhia": "EM", "pelotao": "P/1", "grupo": "GD QUARTEL", "cidade": "Guaruja", "endereco": "RUA JOSÉ AVELINO DE OLIVEIRA, 171, JD GUAIÚBA - Guaruja", "latitude": -24.0132565, "longitude": -46.277159, "fonte_geocodificacao": "Google Geocoding API", "opm_nome": "GUARDA DO QUARTEL", "opm_descricao": "CPI-6 21.BPM/I EM P/1 GD QUARTEL", "opm_codigo": "606218110" }, "geometry": { "type": "Point", "coordinates": [ -46.277159, -24.0132565 ] } },
{ "type": "Feature", "properties": { "id_comando": "CPI-6", "nome_comando": "6º Comando de Policiamento do Interior (CPI-6)", "nome_batalhao": "21º BPM/I", "tipo_batalhao": "Interior", "companhia": "EM", "pelotao": "P/2", "grupo": "0", "cidade": "Guaruja", "endereco": "RUA JOSÉ AVELINO DE OLIVEIRA, 171, JD GUAIÚBA - Guaruja", "latitude": -24.0132565, "longitude": -46.277159, "fonte_geocodificacao": "Google Geocoding API", "opm_nome": "P/2", "opm_descricao": "CPI-6 21.BPM/I EM P/2 0", "opm_codigo": "606218200" }, "geometry": { "type": "Point", "coordinates": [ -46.277159, -24.0132565 ] } },
{ "type": "Feature", "properties": { "id_comando": "CPI-6", "nome_comando": "6º Comando de Policiamento do Interior (CPI-6)", "nome_batalhao": "21º BPM/I", "tipo_batalhao": "Interior", "companhia": "EM", "pelotao": "DIV OP", "grupo": "0", "cidade": "Guaruja", "endereco": "RUA JOSÉ AVELINO DE OLIVEIRA, 171, JD GUAIÚBA - Guaruja", "latitude": -24.0132565, "longitude": -46.277159, "fonte_geocodificacao": "Google Geocoding API", "opm_nome": "DIVISAO OPERACIONAL", "opm_descricao": "CPI-6 21.BPM/I EM DIV OP 0", "opm_codigo": "606218300" }, "geometry": { "type": "Point", "coordinates": [ -46.277159, -24.0132565 ] } },
{ "type": "Feature", "properties": { "id_comando": "CPI-6", "nome_comando": "6º Comando de Policiamento do Interior (CPI-6)", "nome_batalhao": "21º BPM/I", "tipo_batalhao": "Interior", "companhia": "EM", "pelotao": "P/3", "grupo": "PEL FT", "cidade": "Guaruja", "endereco": "RUA JOSÉ AVELINO DE OLIVEIRA, 171, JD GUAIÚBA - Guaruja", "latitude": -24.0132565, "longitude": -46.277159, "fonte_geocodificacao": "Google Geocoding API", "opm_nome": "PEL F T", "opm_descricao": "CPI-6 21.BPM/I EM P/3 PEL FT", "opm_codigo": "606218310" }, "geometry": { "type": "Point", "coordinates": [ -46.277159, -24.0132565 ] } },
{ "type": "Feature", "properties": { "id_comando": "CPI-6", "nome_comando": "6º Comando de Policiamento do Interior (CPI-6)", "nome_batalhao": "21º BPM/I", "tipo_batalhao": "Interior", "companhia": "EM", "pelotao": "P/3", "grupo": "CFP", "cidade": "Guaruja", "endereco": "RUA JOSÉ AVELINO DE OLIVEIRA, 171, JD GUAIÚBA - Guaruja", "latitude": -24.0132565, "longitude": -46.277159, "fonte_geocodificacao": "Google Geocoding API", "opm_nome": "COMANDO FORCA PATRULHA", "opm_descricao": "CPI-6 21.BPM/I EM P/3 CFP", "opm_codigo": "606218320" }, "geometry": { "type": "Point", "coordinates": [ -46.277159, -24.0132565 ] } },
{ "type": "Feature", "properties": { "id_comando": "CPI-6", "nome_comando": "6º Comando de Policiamento do Interior (CPI-6)", "nome_batalhao": "21º BPM/I", "tipo_batalhao": "Interior", "companhia": "EM", "pelotao": "P/5", "grupo": "0", "cidade": "Guaruja", "endereco": "RUA JOSÉ AVELINO DE OLIVEIRA, 171, JD GUAIÚBA - Guaruja", "latitude": -24.0132565, "longitude": -46.277159, "fonte_geocodificacao": "Google Geocoding API", "opm_nome": "21.BPM/I - P/5", "opm_descricao": "CPI-6 21.BPM/I EM P/5 0", "opm_codigo": "606218500" }, "geometry": { "type": "Point", "coordinates": [ -46.277159, -24.0132565 ] } },
{ "type": "Feature", "properties": { "id_comando": "CPI-6", "nome_comando": "6º Comando de Policiamento do Interior (CPI-6)", "nome_batalhao": "21º BPM/I", "tipo_batalhao": "Interior", "companhia": "EM", "pelotao": "SEC PJMD", "grupo": "0", "cidade": "Guaruja", "endereco": "RUA JOSÉ AVELINO DE OLIVEIRA, 171, JD GUAIÚBA - Guaruja", "latitude": -24.0132565, "longitude": -46.277159, "fonte_geocodificacao": "Google Geocoding API", "opm_nome": "SECAO DE POLICIA JUDICIARIA MILITAR E DISCIPLINA", "opm_descricao": "CPI-6 21.BPM/I EM SEC PJMD 0", "opm_codigo": "606218600" }, "geometry": { "type": "Point", "coordinates": [ -46.277159, -24.0132565 ] } },
{ "type": "Feature", "properties": { "id_comando": "CPI-6", "nome_comando": "6º Comando de Policiamento do Interior (CPI-6)", "nome_batalhao": "21º BPM/I", "tipo_batalhao": "Interior", "companhia": "EM", "pelotao": "GAB ODONTO", "grupo": "0", "cidade": "Guaruja", "endereco": "RUA JOSÉ AVELINO DE OLIVEIRA, 171, JD GUAIÚBA - Guaruja", "latitude": -24.0132565, "longitude": -46.277159, "fonte_geocodificacao": "Google Geocoding API", "opm_nome": "GABINETE ODONTOLOGICO", "opm_descricao": "CPI-6 21.BPM/I EM GAB ODONTO 0", "opm_codigo": "606218900" }, "geometry": { "type": "Point", "coordinates": [ -46.277159, -24.0132565 ] } },
{ "type": "Feature", "properties": { "id_comando": "CPI-6", "nome_comando": "6º Comando de Policiamento do Interior (CPI-6)", "nome_batalhao": "21º BPM/I", "tipo_batalhao": "Interior", "companhia": "EM", "pelotao": "MOTOMEC", "grupo": "0", "cidade": "Guaruja", "endereco": "RUA SANTA ISABEL, 100, PAE CARÁ - Guaruja", "latitude": -23.9534354, "longitude": -46.2887236, "fonte_geocodificacao": "Google Geocoding API", "opm_nome": "21.BPM/I - MOTOMECANIZACAO", "opm_descricao": "CPI-6 21.BPM/I EM MOTOMEC 0", "opm_codigo": "606218700" }, "geometry": { "type": "Point", "coordinates": [ -46.2887236, -23.9534354 ] } },
{ "type": "Feature", "properties": { "id_comando": "CPI-6", "nome_comando": "6º Comando de Policiamento do Interior (CPI-6)", "nome_batalhao": "29º BPM/I", "tipo_batalhao": "Interior", "companhia": "1.CIA PM", "pelotao": "", "grupo": "GP/FT", "cidade": "Mongagua", "endereco": "Rua Antônio Martins Araújo, 180, CENTRO - Mongagua", "latitude": -24.092669, "longitude": -46.620667, "fonte_geocodificacao": "Google Geocoding API", "opm_nome": "29.BPM/I GP FT", "opm_descricao": "CPI-6 29.BPM/I 1.CIA PM GP/FT", "opm_codigo": "606291001" }, "geometry": { "type": "Point", "coordinates": [ -46.620667, -24.092669 ] } },
{ "type": "Feature", "properties": { "id_comando": "CPI-6", "nome_comando": "6º Comando de Policiamento do Interior (CPI-6)", "nome_batalhao": "29º BPM/I", "tipo_batalhao": "Interior", "companhia": "1.CIA PM", "pelotao": "ADM", "grupo": "0", "cidade": "Mongagua", "endereco": "RUA ANTÔNIO MARTINS ARAUJO, 180, CENTRO - Mongagua", "latitude": -24.092669, "longitude": -46.620667, "fonte_geocodificacao": "Google Geocoding API", "opm_nome": "ADMINISTRACAO", "opm_descricao": "CPI-6 29.BPM/I 1.CIA PM ADM 0", "opm_codigo": "606291400" }, "geometry": { "type": "Point", "coordinates": [ -46.620667, -24.092669 ] } },
{ "type": "Feature", "properties": { "id_comando": "CPI-6", "nome_comando": "6º Comando de Policiamento do Interior (CPI-6)", "nome_batalhao": "29º BPM/I", "tipo_batalhao": "Interior", "companhia": "2.CIA PM", "pelotao": "", "grupo": "GP/FT", "cidade": "Itanhaem", "endereco": "AVENIDA JOÃO BATISTA LEAL, 755, CENTRO - Itanhaem", "latitude": -24.1877513, "longitude": -46.7952827, "fonte_geocodificacao": "Google Geocoding API", "opm_nome": "29.BPM/I GP FT", "opm_descricao": "CPI-6 29.BPM/I 2.CIA PM GP/FT", "opm_codigo": "606292001" }, "geometry": { "type": "Point", "coordinates": [ -46.7952827, -24.1877513 ] } },
{ "type": "Feature", "properties": { "id_comando": "CPI-6", "nome_comando": "6º Comando de Policiamento do Interior (CPI-6)", "nome_batalhao": "29º BPM/I", "tipo_batalhao": "Interior", "companhia": "2.CIA PM", "pelotao": "ADM", "grupo": "0", "cidade": "Itanhaem", "endereco": "RUA JOÃO BATISTA LEAL, 755, CENTRO - Itanhaem", "latitude": -24.1877513, "longitude": -46.7952827, "fonte_geocodificacao": "Google Geocoding API", "opm_nome": "ADMINISTRACAO", "opm_descricao": "CPI-6 29.BPM/I 2.CIA PM ADM 0", "opm_codigo": "606292400" }, "geometry": { "type": "Point", "coordinates": [ -46.7952827, -24.1877513 ] } },
{ "type": "Feature", "properties": { "id_comando": "CPI-6", "nome_comando": "6º Comando de Policiamento do Interior (CPI-6)", "nome_batalhao": "29º BPM/I", "tipo_batalhao": "Interior", "companhia": "3.CIA PM", "pelotao": "", "grupo": "2.GP/PM", "cidade": "Itariri", "endereco": "R ENG JOSÉ CLARET DE TOLEDO GOULART, 90, CENTRO - Itariri", "latitude": -24.2903873, "longitude": -47.1738938, "fonte_geocodificacao": "Google Geocoding API", "opm_nome": "2. GRUPO POLICIAL MILITAR", "opm_descricao": "CPI-6 29.BPM/I 3.CIA PM 2.GP/PM", "opm_codigo": "606293002" }, "geometry": { "type": "Point", "coordinates": [ -47.173893799999988, -24.2903873 ] } },
{ "type": "Feature", "properties": { "id_comando": "CPI-6", "nome_comando": "6º Comando de Policiamento do Interior (CPI-6)", "nome_batalhao": "29º BPM/I", "tipo_batalhao": "Interior", "companhia": "3.CIA PM", "pelotao": "", "grupo": "1.GP/PM", "cidade": "Pedro De Toledo", "endereco": "R CHOZEM MYIASHIRO, 0, CENTRO - Pedro De Toledo", "latitude": -24.2745119, "longitude": -47.2336275, "fonte_geocodificacao": "Google Geocoding API", "opm_nome": "1. GRUPO POLICIAL MILITAR", "opm_descricao": "CPI-6 29.BPM/I 3.CIA PM 1.GP/PM", "opm_codigo": "606293001" }, "geometry": { "type": "Point", "coordinates": [ -47.2336275, -24.2745119 ] } },
{ "type": "Feature", "properties": { "id_comando": "CPI-6", "nome_comando": "6º Comando de Policiamento do Interior (CPI-6)", "nome_batalhao": "29º BPM/I", "tipo_batalhao": "Interior", "companhia": "3.CIA PM", "pelotao": "", "grupo": "GP F TAT", "cidade": "Peruibe", "endereco": "AVENIDA RIO DE JANEIRO, 330, JARDIM STELLA MARIS - Peruibe", "latitude": -24.3138781, "longitude": -46.9946506, "fonte_geocodificacao": "Google Geocoding API", "opm_nome": "29.BPM/I GP FT", "opm_descricao": "CPI-6 29.BPM/I 3.CIA PM GP F TAT", "opm_codigo": "606293003" }, "geometry": { "type": "Point", "coordinates": [ -46.9946506, -24.3138781 ] } },
{ "type": "Feature", "properties": { "id_comando": "CPI-6", "nome_comando": "6º Comando de Policiamento do Interior (CPI-6)", "nome_batalhao": "29º BPM/I", "tipo_batalhao": "Interior", "companhia": "3.CIA PM", "pelotao": "ADM", "grupo": "0", "cidade": "Peruibe", "endereco": "RUA RIO DE JANEIRO, 330, JARDIM STELLA MARIS - Peruibe", "latitude": -24.3138781, "longitude": -46.9946506, "fonte_geocodificacao": "Google Geocoding API", "opm_nome": "ADMINISTRACAO", "opm_descricao": "CPI-6 29.BPM/I 3.CIA PM ADM 0", "opm_codigo": "606293400" }, "geometry": { "type": "Point", "coordinates": [ -46.9946506, -24.3138781 ] } },
{ "type": "Feature", "properties": { "id_comando": "CPI-6", "nome_comando": "6º Comando de Policiamento do Interior (CPI-6)", "nome_batalhao": "29º BPM/I", "tipo_batalhao": "Interior", "companhia": "3.CIA PM", "pelotao": "ADM", "grupo": "CAD", "cidade": "Peruibe", "endereco": "AVENIDA RIO DE JANEIRO, 330, STELLA MARIS - Peruibe", "latitude": -24.3138781, "longitude": -46.9946506, "fonte_geocodificacao": "Google Geocoding API", "opm_nome": "CENTRO DE ATENDIMENTO E DESPACHO", "opm_descricao": "CPI-6 29.BPM/I 3.CIA PM ADM CAD", "opm_codigo": "606293401" }, "geometry": { "type": "Point", "coordinates": [ -46.9946506, -24.3138781 ] } },
{ "type": "Feature", "properties": { "id_comando": "CPI-6", "nome_comando": "6º Comando de Policiamento do Interior (CPI-6)", "nome_batalhao": "29º BPM/I", "tipo_batalhao": "Interior", "companhia": "EM", "pelotao": "P/1 P/5", "grupo": "0", "cidade": "Itanhaem", "endereco": "ESTRADA GENTIL PEREZ, 260  BLOCO 3, JARDIM UMUARAMA - Itanhaem", "latitude": -24.1823399, "longitude": -46.818223, "fonte_geocodificacao": "Google Geocoding API", "opm_nome": "P/1 E P/5", "opm_descricao": "CPI-6 29.BPM/I EM P/1 P/5 0", "opm_codigo": "606298100" }, "geometry": { "type": "Point", "coordinates": [ -46.818223, -24.1823399 ] } },
{ "type": "Feature", "properties": { "id_comando": "CPI-6", "nome_comando": "6º Comando de Policiamento do Interior (CPI-6)", "nome_batalhao": "29º BPM/I", "tipo_batalhao": "Interior", "companhia": "EM", "pelotao": "DIV OP", "grupo": "0", "cidade": "Itanhaem", "endereco": "ESTRADA GENTIL PEREZ, 260  BLOCO 3, JARDIM UMUARAMA - Itanhaem", "latitude": -24.1823399, "longitude": -46.818223, "fonte_geocodificacao": "Google Geocoding API", "opm_nome": "DIVISAO OPERACIONAL", "opm_descricao": "CPI-6 29.BPM/I EM DIV OP 0", "opm_codigo": "606298300" }, "geometry": { "type": "Point", "coordinates": [ -46.818223, -24.1823399 ] } },
{ "type": "Feature", "properties": { "id_comando": "CPI-6", "nome_comando": "6º Comando de Policiamento do Interior (CPI-6)", "nome_batalhao": "29º BPM/I", "tipo_batalhao": "Interior", "companhia": "EM", "pelotao": "P/3", "grupo": "CFP", "cidade": "Itanhaem", "endereco": "ESTRADA GENTIL PEREZ, 260  BL-3, JARDIM UMUARAMA - Itanhaem", "latitude": -24.1823399, "longitude": -46.818223, "fonte_geocodificacao": "Google Geocoding API", "opm_nome": "COMANDO FORCA PATRULHA", "opm_descricao": "CPI-6 29.BPM/I EM P/3 CFP", "opm_codigo": "606298330" }, "geometry": { "type": "Point", "coordinates": [ -46.818223, -24.1823399 ] } },
{ "type": "Feature", "properties": { "id_comando": "CPI-6", "nome_comando": "6º Comando de Policiamento do Interior (CPI-6)", "nome_batalhao": "29º BPM/I", "tipo_batalhao": "Interior", "companhia": "EM", "pelotao": "AG AREA", "grupo": "0", "cidade": "Itanhaem", "endereco": "ESTRADA GENTIL PEREZ, 260, JD UMUARAMA - Itanhaem", "latitude": -24.1823399, "longitude": -46.818223, "fonte_geocodificacao": "Google Geocoding API", "opm_nome": "AGENCIA DE AREA", "opm_descricao": "CPI-6 29.BPM/I EM AG AREA 0", "opm_codigo": "606298200" }, "geometry": { "type": "Point", "coordinates": [ -46.818223, -24.1823399 ] } },
{ "type": "Feature", "properties": { "id_comando": "CPI-6", "nome_comando": "6º Comando de Policiamento do Interior (CPI-6)", "nome_batalhao": "29º BPM/I", "tipo_batalhao": "Interior", "companhia": "EM", "pelotao": "P/3", "grupo": "CAD", "cidade": "Itanhaem", "endereco": "ESTRADA GENTIL PEREZ, 260, JD UMUARAMA - Itanhaem", "latitude": -24.1823399, "longitude": -46.818223, "fonte_geocodificacao": "Google Geocoding API", "opm_nome": "CENTRO DE ATENDIMENTO E DESPACHO", "opm_descricao": "CPI-6 29.BPM/I EM P/3 CAD", "opm_codigo": "606298310" }, "geometry": { "type": "Point", "coordinates": [ -46.818223, -24.1823399 ] } },
{ "type": "Feature", "properties": { "id_comando": "CPI-6", "nome_comando": "6º Comando de Policiamento do Interior (CPI-6)", "nome_batalhao": "29º BPM/I", "tipo_batalhao": "Interior", "companhia": "EM", "pelotao": "P/3", "grupo": "PEL FT", "cidade": "Itanhaem", "endereco": "ESTRADA GENTIL PEREZ, 260, JD UMUARAMA - Itanhaem", "latitude": -24.1823399, "longitude": -46.818223, "fonte_geocodificacao": "Google Geocoding API", "opm_nome": "29.BPM/I - PELOTAO FORÇA TATICA", "opm_descricao": "CPI-6 29.BPM/I EM P/3 PEL FT", "opm_codigo": "606298320" }, "geometry": { "type": "Point", "coordinates": [ -46.818223, -24.1823399 ] } },
{ "type": "Feature", "properties": { "id_comando": "CPI-6", "nome_comando": "6º Comando de Policiamento do Interior (CPI-6)", "nome_batalhao": "29º BPM/I", "tipo_batalhao": "Interior", "companhia": "EM", "pelotao": "P/4 MOTOMEC", "grupo": "0", "cidade": "Itanhaem", "endereco": "ESTRADA GENTIL PEREZ,, 260, JD UMUARAMA - Itanhaem", "latitude": -24.1823399, "longitude": -46.818223, "fonte_geocodificacao": "Google Geocoding API", "opm_nome": "P/4 E MOTOMECANIZACAO", "opm_descricao": "CPI-6 29.BPM/I EM P/4 MOTOMEC 0", "opm_codigo": "606298400" }, "geometry": { "type": "Point", "coordinates": [ -46.818223, -24.1823399 ] } },
{ "type": "Feature", "properties": { "id_comando": "CPI-6", "nome_comando": "6º Comando de Policiamento do Interior (CPI-6)", "nome_batalhao": "29º BPM/I", "tipo_batalhao": "Interior", "companhia": "EM", "pelotao": "P/5", "grupo": "0", "cidade": "Itanhaem", "endereco": "ESTRADA GENTIL PEREZ, 260  BLOCO 3, JD UMUARAMA - Itanhaem", "latitude": -24.1823399, "longitude": -46.818223, "fonte_geocodificacao": "Google Geocoding API", "opm_nome": "29.BPM/I P/5", "opm_descricao": "CPI-6 29.BPM/I EM P/5 0", "opm_codigo": "606298500" }, "geometry": { "type": "Point", "coordinates": [ -46.818223, -24.1823399 ] } },
{ "type": "Feature", "properties": { "id_comando": "CPI-6", "nome_comando": "6º Comando de Policiamento do Interior (CPI-6)", "nome_batalhao": "29º BPM/I", "tipo_batalhao": "Interior", "companhia": "EM", "pelotao": "SEC PJMD", "grupo": "0", "cidade": "Itanhaem", "endereco": "ESTRADA GENTIL PEREZ, 260  BLOCO 3, JD UMUARAMA - Itanhaem", "latitude": -24.1823399, "longitude": -46.818223, "fonte_geocodificacao": "Google Geocoding API", "opm_nome": "SECAO POLICIA JUDICIARIA MILITAR E DISCIPLINA", "opm_descricao": "CPI-6 29.BPM/I EM SEC PJMD 0", "opm_codigo": "606298600" }, "geometry": { "type": "Point", "coordinates": [ -46.818223, -24.1823399 ] } },
{ "type": "Feature", "properties": { "id_comando": "CPI-6", "nome_comando": "6º Comando de Policiamento do Interior (CPI-6)", "nome_batalhao": "29º BPM/I", "tipo_batalhao": "Interior", "companhia": "EM", "pelotao": "GAB MEDICO", "grupo": "0", "cidade": "Itanhaem", "endereco": "ESTRADA GENTIL PEREZ, 260  BLOCO 3, JD UMUARAMA - Itanhaem", "latitude": -24.1823399, "longitude": -46.818223, "fonte_geocodificacao": "Google Geocoding API", "opm_nome": "GABINETE MEDICO", "opm_descricao": "CPI-6 29.BPM/I EM GAB MEDICO 0", "opm_codigo": "606298800" }, "geometry": { "type": "Point", "coordinates": [ -46.818223, -24.1823399 ] } },
{ "type": "Feature", "properties": { "id_comando": "CPI-6", "nome_comando": "6º Comando de Policiamento do Interior (CPI-6)", "nome_batalhao": "39º BPM/I", "tipo_batalhao": "Interior", "companhia": "1.CIA PM", "pelotao": "ADM", "grupo": "0", "cidade": "Sao Vicente", "endereco": "RUA JOÃO RAMALHO, 1150, CENTRO - Sao Vicente", "latitude": -23.9633826, "longitude": -46.3878915, "fonte_geocodificacao": "Google Geocoding API", "opm_nome": "ADMINISTRACAO", "opm_descricao": "CPI-6 39.BPM/I 1.CIA PM ADM 0", "opm_codigo": "606391400" }, "geometry": { "type": "Point", "coordinates": [ -46.387891499999988, -23.9633826 ] } },
{ "type": "Feature", "properties": { "id_comando": "CPI-6", "nome_comando": "6º Comando de Policiamento do Interior (CPI-6)", "nome_batalhao": "39º BPM/I", "tipo_batalhao": "Interior", "companhia": "2.CIA PM", "pelotao": "ADM", "grupo": "0", "cidade": "Sao Vicente", "endereco": "AVENIDA MANOEL DE ABREU - PRAÇA IMIGRAÇÃO JAPONESA, 0  SEM NÚMERO, CIDADE NAÚTICA - Sao Vicente", "latitude": -23.9508421, "longitude": -46.4075277, "fonte_geocodificacao": "Google Geocoding API", "opm_nome": "ADMINISTRACAO", "opm_descricao": "CPI-6 39.BPM/I 2.CIA PM ADM 0", "opm_codigo": "606392300" }, "geometry": { "type": "Point", "coordinates": [ -46.4075277, -23.9508421 ] } },
{ "type": "Feature", "properties": { "id_comando": "CPI-6", "nome_comando": "6º Comando de Policiamento do Interior (CPI-6)", "nome_batalhao": "39º BPM/I", "tipo_batalhao": "Interior", "companhia": "3.CIA PM", "pelotao": "ADM", "grupo": "0", "cidade": "Sao Vicente", "endereco": "AVENIDA JOSÉ SINGER, 249, HUMAITA - Sao Vicente", "latitude": -23.9484655, "longitude": -46.4619689, "fonte_geocodificacao": "Google Geocoding API", "opm_nome": "ADMINISTRACAO", "opm_descricao": "CPI-6 39.BPM/I 3.CIA PM ADM 0", "opm_codigo": "606393400" }, "geometry": { "type": "Point", "coordinates": [ -46.4619689, -23.9484655 ] } },
{ "type": "Feature", "properties": { "id_comando": "CPI-6", "nome_comando": "6º Comando de Policiamento do Interior (CPI-6)", "nome_batalhao": "39º BPM/I", "tipo_batalhao": "Interior", "companhia": "CIA F TAT", "pelotao": "0", "grupo": "0", "cidade": "Sao Vicente", "endereco": "AVENIDA QUINTINO BOCAIUVA, 1376  UNIDADE INEXISTENTE, CENTRO - Sao Vicente", "latitude": -23.9654654, "longitude": -46.379751, "fonte_geocodificacao": "Google Geocoding API", "opm_nome": "39.BPM/I CIA F TAT", "opm_descricao": "CPI-6 39.BPM/I CIA F TAT 0 0", "opm_codigo": "606394000" }, "geometry": { "type": "Point", "coordinates": [ -46.379751, -23.9654654 ] } },
{ "type": "Feature", "properties": { "id_comando": "CPI-6", "nome_comando": "6º Comando de Policiamento do Interior (CPI-6)", "nome_batalhao": "39º BPM/I", "tipo_batalhao": "Interior", "companhia": "EM", "pelotao": "P/2", "grupo": "0", "cidade": "Sao Vicente", "endereco": "RUA FREITAS GUIMARÃES, 340, BOA VISTA - Sao Vicente", "latitude": -23.9692497, "longitude": -46.3718367, "fonte_geocodificacao": "Google Geocoding API", "opm_nome": "P/2", "opm_descricao": "CPI-6 39.BPM/I EM P/2 0", "opm_codigo": "606398200" }, "geometry": { "type": "Point", "coordinates": [ -46.3718367, -23.9692497 ] } },
{ "type": "Feature", "properties": { "id_comando": "CPI-6", "nome_comando": "6º Comando de Policiamento do Interior (CPI-6)", "nome_batalhao": "39º BPM/I", "tipo_batalhao": "Interior", "companhia": "EM", "pelotao": "P/3", "grupo": "PEL FT", "cidade": "Sao Vicente", "endereco": "RUA FREITAS GUIMARÃES, 340, BOA VISTA - Sao Vicente", "latitude": -23.9692497, "longitude": -46.3718367, "fonte_geocodificacao": "Google Geocoding API", "opm_nome": "39.BPM/I - PELOTAO FORCA  TATICA", "opm_descricao": "CPI-6 39.BPM/I EM P/3 PEL FT", "opm_codigo": "606398310" }, "geometry": { "type": "Point", "coordinates": [ -46.3718367, -23.9692497 ] } },
{ "type": "Feature", "properties": { "id_comando": "CPI-6", "nome_comando": "6º Comando de Policiamento do Interior (CPI-6)", "nome_batalhao": "39º BPM/I", "tipo_batalhao": "Interior", "companhia": "EM", "pelotao": "SEC PJMD", "grupo": "0", "cidade": "Sao Vicente", "endereco": "RUA FREITAS GUIMARÃES, 340, BOA VISTA - Sao Vicente", "latitude": -23.9692497, "longitude": -46.3718367, "fonte_geocodificacao": "Google Geocoding API", "opm_nome": "SECAO POLICIA JUDICIARIA MILITAR E DISCIPLINA", "opm_descricao": "CPI-6 39.BPM/I EM SEC PJMD 0", "opm_codigo": "606398600" }, "geometry": { "type": "Point", "coordinates": [ -46.3718367, -23.9692497 ] } },
{ "type": "Feature", "properties": { "id_comando": "CPI-6", "nome_comando": "6º Comando de Policiamento do Interior (CPI-6)", "nome_batalhao": "39º BPM/I", "tipo_batalhao": "Interior", "companhia": "EM", "pelotao": "MOTOMEC", "grupo": "0", "cidade": "Sao Vicente", "endereco": "AVENIDA MANOEL DE ABREU - PRAÇA IMIGRAÇÃO JAPONESA, 0  JUNTO DA 2ª CIA PM, CIDADE NAUTICA - Sao Vicente", "latitude": -23.9508421, "longitude": -46.4075277, "fonte_geocodificacao": "Google Geocoding API", "opm_nome": "39.BPM/I - MOTOMECANIZACAO", "opm_descricao": "CPI-6 39.BPM/I EM MOTOMEC 0", "opm_codigo": "606398700" }, "geometry": { "type": "Point", "coordinates": [ -46.4075277, -23.9508421 ] } },
{ "type": "Feature", "properties": { "id_comando": "CPI-6", "nome_comando": "6º Comando de Policiamento do Interior (CPI-6)", "nome_batalhao": "39º BPM/I", "tipo_batalhao": "Interior", "companhia": "EM", "pelotao": "P/1", "grupo": "GD QUARTEL", "cidade": "Sao Vicente", "endereco": "RUA FREITAS GUIMARÃES, 340, JARDIM BOA VISTA - Sao Vicente", "latitude": -23.9692497, "longitude": -46.3718367, "fonte_geocodificacao": "Google Geocoding API", "opm_nome": "GUARDA DO QUARTEL", "opm_descricao": "CPI-6 39.BPM/I EM P/1 GD QUARTEL", "opm_codigo": "606398110" }, "geometry": { "type": "Point", "coordinates": [ -46.3718367, -23.9692497 ] } },
{ "type": "Feature", "properties": { "id_comando": "CPI-6", "nome_comando": "6º Comando de Policiamento do Interior (CPI-6)", "nome_batalhao": "39º BPM/I", "tipo_batalhao": "Interior", "companhia": "EM", "pelotao": "P/3", "grupo": "CFP", "cidade": "Sao Vicente", "endereco": "RUA FREITAS GUIMARÃES, 340, JARDIM BOA VISTA - Sao Vicente", "latitude": -23.9692497, "longitude": -46.3718367, "fonte_geocodificacao": "Google Geocoding API", "opm_nome": "COMANDO FORCA PATRULHA", "opm_descricao": "CPI-6 39.BPM/I EM P/3 CFP", "opm_codigo": "606398320" }, "geometry": { "type": "Point", "coordinates": [ -46.3718367, -23.9692497 ] } },
{ "type": "Feature", "properties": { "id_comando": "CPI-6", "nome_comando": "6º Comando de Policiamento do Interior (CPI-6)", "nome_batalhao": "39º BPM/I", "tipo_batalhao": "Interior", "companhia": "EM", "pelotao": "P/4 MOTOMEC", "grupo": "0", "cidade": "Sao Vicente", "endereco": "RUA FREITAS GUIMARÃES, 340, JARDIM BOA VISTA - Sao Vicente", "latitude": -23.9692497, "longitude": -46.3718367, "fonte_geocodificacao": "Google Geocoding API", "opm_nome": "P/4 MOTOMECANIZACAO", "opm_descricao": "CPI-6 39.BPM/I EM P/4 MOTOMEC 0", "opm_codigo": "606398400" }, "geometry": { "type": "Point", "coordinates": [ -46.3718367, -23.9692497 ] } },
{ "type": "Feature", "properties": { "id_comando": "CPI-6", "nome_comando": "6º Comando de Policiamento do Interior (CPI-6)", "nome_batalhao": "45º BPM/I", "tipo_batalhao": "Interior", "companhia": "1.CIA PM", "pelotao": "ADM", "grupo": "0", "cidade": "Praia Grande", "endereco": "RUA AMÁLIA BELLOTTI PASTORELLO, 94, SÍTIO DO CAMPO - Praia Grande", "latitude": -24.0013256, "longitude": -46.4199286, "fonte_geocodificacao": "Google Geocoding API", "opm_nome": "ADMINISTRACAO", "opm_descricao": "CPI-6 45.BPM/I 1.CIA PM ADM 0", "opm_codigo": "606451300" }, "geometry": { "type": "Point", "coordinates": [ -46.4199286, -24.0013256 ] } },
{ "type": "Feature", "properties": { "id_comando": "CPI-6", "nome_comando": "6º Comando de Policiamento do Interior (CPI-6)", "nome_batalhao": "45º BPM/I", "tipo_batalhao": "Interior", "companhia": "2.CIA PM", "pelotao": "ADM", "grupo": "0", "cidade": "Praia Grande", "endereco": "AVENIDA PRESIDENTE KENNEDY, 147914, JD FLÓRIDA - Praia Grande", "latitude": -24.0692606, "longitude": -46.5734661, "fonte_geocodificacao": "Google Geocoding API", "opm_nome": "ADMINISTRACAO", "opm_descricao": "CPI-6 45.BPM/I 2.CIA PM ADM 0", "opm_codigo": "606452400" }, "geometry": { "type": "Point", "coordinates": [ -46.5734661, -24.0692606 ] } },
{ "type": "Feature", "properties": { "id_comando": "CPI-6", "nome_comando": "6º Comando de Policiamento do Interior (CPI-6)", "nome_batalhao": "45º BPM/I", "tipo_batalhao": "Interior", "companhia": "EM", "pelotao": "MOTOMEC", "grupo": "0", "cidade": "Praia Grande", "endereco": "RUA GUIMARÃES ROSA, 1069  Sede 3ª Cia, OCIAN - Praia Grande", "latitude": -24.0217256, "longitude": -46.4781821, "fonte_geocodificacao": "Google Geocoding API", "opm_nome": "45.BPM/I - MOTOMECANIZACAO", "opm_descricao": "CPI-6 45.BPM/I EM MOTOMEC 0", "opm_codigo": "606458700" }, "geometry": { "type": "Point", "coordinates": [ -46.4781821, -24.0217256 ] } },
{ "type": "Feature", "properties": { "id_comando": "CPI-6", "nome_comando": "6º Comando de Policiamento do Interior (CPI-6)", "nome_batalhao": "45º BPM/I", "tipo_batalhao": "Interior", "companhia": "EM", "pelotao": "P/1 P/5", "grupo": "GD QUARTEL", "cidade": "Praia Grande", "endereco": "AVENIDA AYRTON SENNA DA SILVA, 1511, SÍTIO DO CAMPO - Praia Grande", "latitude": -23.9960843, "longitude": -46.4076257, "fonte_geocodificacao": "Google Geocoding API", "opm_nome": "GUARDA DO QUARTEL", "opm_descricao": "CPI-6 45.BPM/I EM P/1 P/5 GD QUARTEL", "opm_codigo": "606458110" }, "geometry": { "type": "Point", "coordinates": [ -46.4076257, -23.9960843 ] } },
{ "type": "Feature", "properties": { "id_comando": "CPI-6", "nome_comando": "6º Comando de Policiamento do Interior (CPI-6)", "nome_batalhao": "45º BPM/I", "tipo_batalhao": "Interior", "companhia": "EM", "pelotao": "P/2", "grupo": "0", "cidade": "Praia Grande", "endereco": "AVENIDA AYRTON SENNA DA SILVA, 1511, SÍTIO DO CAMPO - Praia Grande", "latitude": -23.9960843, "longitude": -46.4076257, "fonte_geocodificacao": "Google Geocoding API", "opm_nome": "P/2", "opm_descricao": "CPI-6 45.BPM/I EM P/2 0", "opm_codigo": "606458200" }, "geometry": { "type": "Point", "coordinates": [ -46.4076257, -23.9960843 ] } },
{ "type": "Feature", "properties": { "id_comando": "CPI-6", "nome_comando": "6º Comando de Policiamento do Interior (CPI-6)", "nome_batalhao": "45º BPM/I", "tipo_batalhao": "Interior", "companhia": "EM", "pelotao": "DIV OP", "grupo": "CFP", "cidade": "Praia Grande", "endereco": "AVENIDA AYRTON SENNA DA SILVA, 1511, SÍTIO DO CAMPO - Praia Grande", "latitude": -23.9960843, "longitude": -46.4076257, "fonte_geocodificacao": "Google Geocoding API", "opm_nome": "COMANDO FORCA PATRULHA", "opm_descricao": "CPI-6 45.BPM/I EM DIV OP CFP", "opm_codigo": "606458320" }, "geometry": { "type": "Point", "coordinates": [ -46.4076257, -23.9960843 ] } },
{ "type": "Feature", "properties": { "id_comando": "CPI-6", "nome_comando": "6º Comando de Policiamento do Interior (CPI-6)", "nome_batalhao": "45º BPM/I", "tipo_batalhao": "Interior", "companhia": "EM", "pelotao": "P/4 MOTOMEC", "grupo": "0", "cidade": "Praia Grande", "endereco": "AVENIDA AYRTON SENNA DA SILVA, 1511, SÍTIO DO CAMPO - Praia Grande", "latitude": -23.9960843, "longitude": -46.4076257, "fonte_geocodificacao": "Google Geocoding API", "opm_nome": "P/4 MOTOMECANIZACAO", "opm_descricao": "CPI-6 45.BPM/I EM P/4 MOTOMEC 0", "opm_codigo": "606458400" }, "geometry": { "type": "Point", "coordinates": [ -46.4076257, -23.9960843 ] } },
{ "type": "Feature", "properties": { "id_comando": "CPI-6", "nome_comando": "6º Comando de Policiamento do Interior (CPI-6)", "nome_batalhao": "45º BPM/I", "tipo_batalhao": "Interior", "companhia": "EM", "pelotao": "SEC PJMD", "grupo": "0", "cidade": "Praia Grande", "endereco": "AVENIDA AYRTON SENNA DA SILVA, 1511, SÍTIO DO CAMPO - Praia Grande", "latitude": -23.9960843, "longitude": -46.4076257, "fonte_geocodificacao": "Google Geocoding API", "opm_nome": "SECAO DE POLICIA JUDICIARIA MILITAR E DISCIPLINA", "opm_descricao": "CPI-6 45.BPM/I EM SEC PJMD 0", "opm_codigo": "606458600" }, "geometry": { "type": "Point", "coordinates": [ -46.4076257, -23.9960843 ] } },
{ "type": "Feature", "properties": { "id_comando": "CPI-6", "nome_comando": "6º Comando de Policiamento do Interior (CPI-6)", "nome_batalhao": "6º BPM/I", "tipo_batalhao": "Interior", "companhia": "1.CIA PM", "pelotao": "ADM", "grupo": "0", "cidade": "Santos", "endereco": "AVENIDA GOVERNADOR MÁRIO COVAS JÚNIOR, 3060, PONTA DA PRAIA - Santos", "latitude": -23.9848417, "longitude": -46.2951269, "fonte_geocodificacao": "Google Geocoding API", "opm_nome": "ADMINISTRACAO", "opm_descricao": "CPI-6 6.BPM/I 1.CIA PM ADM 0", "opm_codigo": "606061400" }, "geometry": { "type": "Point", "coordinates": [ -46.2951269, -23.9848417 ] } },
{ "type": "Feature", "properties": { "id_comando": "CPI-6", "nome_comando": "6º Comando de Policiamento do Interior (CPI-6)", "nome_batalhao": "6º BPM/I", "tipo_batalhao": "Interior", "companhia": "2.CIA PM", "pelotao": "ADM", "grupo": "0", "cidade": "Santos", "endereco": "AVENIDA GENERAL FRANCISCO GLICÉRIO, 305, GONZAGA - Santos", "latitude": -23.9609637, "longitude": -46.3361398, "fonte_geocodificacao": "Google Geocoding API", "opm_nome": "ADMINISTRACAO", "opm_descricao": "CPI-6 6.BPM/I 2.CIA PM ADM 0", "opm_codigo": "606062300" }, "geometry": { "type": "Point", "coordinates": [ -46.3361398, -23.9609637 ] } },
{ "type": "Feature", "properties": { "id_comando": "CPI-6", "nome_comando": "6º Comando de Policiamento do Interior (CPI-6)", "nome_batalhao": "6º BPM/I", "tipo_batalhao": "Interior", "companhia": "3.CIA PM", "pelotao": "ADM", "grupo": "0", "cidade": "Santos", "endereco": "RUA SÃO FRANCISCO, 500, CENTRO - Santos", "latitude": -23.9392929, "longitude": -46.3171165, "fonte_geocodificacao": "Google Geocoding API", "opm_nome": "ADMINISTRACAO", "opm_descricao": "CPI-6 6.BPM/I 3.CIA PM ADM 0", "opm_codigo": "606063300" }, "geometry": { "type": "Point", "coordinates": [ -46.3171165, -23.9392929 ] } },
{ "type": "Feature", "properties": { "id_comando": "CPI-6", "nome_comando": "6º Comando de Policiamento do Interior (CPI-6)", "nome_batalhao": "6º BPM/I", "tipo_batalhao": "Interior", "companhia": "4.CIA PM", "pelotao": "ADM", "grupo": "0", "cidade": "Santos", "endereco": "AVENIDA NOSSA SENHORA DE FÁTIMA, 285, CHICO DE PAULA - Santos", "latitude": -23.9349783, "longitude": -46.3615623, "fonte_geocodificacao": "Google Geocoding API", "opm_nome": "ADMINISTRACAO", "opm_descricao": "CPI-6 6.BPM/I 4.CIA PM ADM 0", "opm_codigo": "606064400" }, "geometry": { "type": "Point", "coordinates": [ -46.3615623, -23.9349783 ] } },
{ "type": "Feature", "properties": { "id_comando": "CPI-6", "nome_comando": "6º Comando de Policiamento do Interior (CPI-6)", "nome_batalhao": "6º BPM/I", "tipo_batalhao": "Interior", "companhia": "5.CIA PM", "pelotao": "ADM", "grupo": "0", "cidade": "Santos", "endereco": "RUA HEITOR PENTEADO, 62, MARAPE - Santos", "latitude": -23.9570521, "longitude": -46.3476357, "fonte_geocodificacao": "Google Geocoding API", "opm_nome": "ADMINISTRACAO", "opm_descricao": "CPI-6 6.BPM/I 5.CIA PM ADM 0", "opm_codigo": "606065400" }, "geometry": { "type": "Point", "coordinates": [ -46.3476357, -23.9570521 ] } },
{ "type": "Feature", "properties": { "id_comando": "CPI-6", "nome_comando": "6º Comando de Policiamento do Interior (CPI-6)", "nome_batalhao": "6º BPM/I", "tipo_batalhao": "Interior", "companhia": "EM", "pelotao": "P/3", "grupo": "PEL FT", "cidade": "Santos", "endereco": "AVENIDA ANA COSTA, 389, GONZAGA - Santos", "latitude": -23.9614503, "longitude": -46.3317, "fonte_geocodificacao": "Google Geocoding API", "opm_nome": "6.BPM/I - PELOTAO FORCA TATICA", "opm_descricao": "CPI-6 6.BPM/I EM P/3 PEL FT", "opm_codigo": "606068310" }, "geometry": { "type": "Point", "coordinates": [ -46.3317, -23.9614503 ] } },
{ "type": "Feature", "properties": { "id_comando": "CPI-6", "nome_comando": "6º Comando de Policiamento do Interior (CPI-6)", "nome_batalhao": "6º BPM/I", "tipo_batalhao": "Interior", "companhia": "EM", "pelotao": "P/3", "grupo": "CFP", "cidade": "Santos", "endereco": "AVENIDA ANA COSTA, 389, GONZAGA - Santos", "latitude": -23.9614503, "longitude": -46.3317, "fonte_geocodificacao": "Google Geocoding API", "opm_nome": "COMANDO FORCA PATRULHA", "opm_descricao": "CPI-6 6.BPM/I EM P/3 CFP", "opm_codigo": "606068320" }, "geometry": { "type": "Point", "coordinates": [ -46.3317, -23.9614503 ] } },
{ "type": "Feature", "properties": { "id_comando": "CPI-6", "nome_comando": "6º Comando de Policiamento do Interior (CPI-6)", "nome_batalhao": "6º BPM/I", "tipo_batalhao": "Interior", "companhia": "EM", "pelotao": "P/4", "grupo": "0", "cidade": "Santos", "endereco": "AVENIDA ANA COSTA, 389, GONZAGA - Santos", "latitude": -23.9614503, "longitude": -46.3317, "fonte_geocodificacao": "Google Geocoding API", "opm_nome": "P/4", "opm_descricao": "CPI-6 6.BPM/I EM P/4 0", "opm_codigo": "606068400" }, "geometry": { "type": "Point", "coordinates": [ -46.3317, -23.9614503 ] } },
{ "type": "Feature", "properties": { "id_comando": "CPI-6", "nome_comando": "6º Comando de Policiamento do Interior (CPI-6)", "nome_batalhao": "6º BPM/I", "tipo_batalhao": "Interior", "companhia": "EM", "pelotao": "SEC PJMD", "grupo": "0", "cidade": "Santos", "endereco": "AVENIDA ANA COSTA, 389, GONZAGA - Santos", "latitude": -23.9614503, "longitude": -46.3317, "fonte_geocodificacao": "Google Geocoding API", "opm_nome": "SECAO DE POLICIA JUDICIARIA MILITAR E DISCIPLINA", "opm_descricao": "CPI-6 6.BPM/I EM SEC PJMD 0", "opm_codigo": "606068600" }, "geometry": { "type": "Point", "coordinates": [ -46.3317, -23.9614503 ] } },
{ "type": "Feature", "properties": { "id_comando": "CPI-6", "nome_comando": "6º Comando de Policiamento do Interior (CPI-6)", "nome_batalhao": "6º BPM/I", "tipo_batalhao": "Interior", "companhia": "EM", "pelotao": "GAB ODONTO", "grupo": "0", "cidade": "Santos", "endereco": "AVENIDA ANA COSTA, 389, GONZAGA - Santos", "latitude": -23.9614503, "longitude": -46.3317, "fonte_geocodificacao": "Google Geocoding API", "opm_nome": "GABINETE ODONTOLOGICO", "opm_descricao": "CPI-6 6.BPM/I EM GAB ODONTO 0", "opm_codigo": "606068700" }, "geometry": { "type": "Point", "coordinates": [ -46.3317, -23.9614503 ] } },
{ "type": "Feature", "properties": { "id_comando": "CPI-7", "nome_comando": "7º Comando de Policiamento do Interior (CPI-7)", "nome_batalhao": "12º BPM/I", "tipo_batalhao": "Interior", "companhia": "2.CIA PM", "pelotao": "", "grupo": "3.GP/PM", "cidade": "Areiopolis", "endereco": "RUA JOÃO ABÍLIO GOMES, 191, CENTRO - Areiopolis", "latitude": -22.6711212, "longitude": -48.6631186, "fonte_geocodificacao": "Google Geocoding API", "opm_nome": "3.GRUPO POLICIAL MILITAR", "opm_descricao": "CPI-7 12.BPM/I 2.CIA PM 3.GP/PM", "opm_codigo": "607122003" }, "geometry": { "type": "Point", "coordinates": [ -48.6631186, -22.6711212 ] } },
{ "type": "Feature", "properties": { "id_comando": "CPI-7", "nome_comando": "7º Comando de Policiamento do Interior (CPI-7)", "nome_batalhao": "12º BPM/I", "tipo_batalhao": "Interior", "companhia": "2.CIA PM", "pelotao": "", "grupo": "2.GP/PM", "cidade": "Botucatu", "endereco": "RUA GENERAL JÚLIO MARCONDES SALGADO, 414, CENTRO - Botucatu", "latitude": -22.8944229, "longitude": -48.4445908, "fonte_geocodificacao": "Google Geocoding API", "opm_nome": "2.GRUPO POLICIAL MILITAR", "opm_descricao": "CPI-7 12.BPM/I 2.CIA PM 2.GP/PM", "opm_codigo": "607122002" }, "geometry": { "type": "Point", "coordinates": [ -48.4445908, -22.8944229 ] } },
{ "type": "Feature", "properties": { "id_comando": "CPI-7", "nome_comando": "7º Comando de Policiamento do Interior (CPI-7)", "nome_batalhao": "12º BPM/I", "tipo_batalhao": "Interior", "companhia": "2.CIA PM", "pelotao": "0", "grupo": "8.GP/PM", "cidade": "Botucatu", "endereco": "RUA GENERAL JÚLIO MARCONDES SALGADO, 414  OPM INEXISTENTE, CENTRO - Botucatu", "latitude": -22.8944229, "longitude": -48.4445908, "fonte_geocodificacao": "Google Geocoding API", "opm_nome": "12.BPM/I 2.CIA PM  8.GP/PM", "opm_descricao": "CPI-7 12.BPM/I 2.CIA PM 0 8.GP/PM", "opm_codigo": "607122008" }, "geometry": { "type": "Point", "coordinates": [ -48.4445908, -22.8944229 ] } },
{ "type": "Feature", "properties": { "id_comando": "CPI-7", "nome_comando": "7º Comando de Policiamento do Interior (CPI-7)", "nome_batalhao": "12º BPM/I", "tipo_batalhao": "Interior", "companhia": "2.CIA PM", "pelotao": "", "grupo": "1.GP/PM", "cidade": "Pardinho", "endereco": "RUA TENENTE PEDRO EGÍDIO, 180, CENTRO - Pardinho", "latitude": -23.0815296, "longitude": -48.3733677, "fonte_geocodificacao": "Google Geocoding API", "opm_nome": "1.GRUPO POLICIAL MILITAR", "opm_descricao": "CPI-7 12.BPM/I 2.CIA PM 1.GP/PM", "opm_codigo": "607122001" }, "geometry": { "type": "Point", "coordinates": [ -48.3733677, -23.0815296 ] } },
{ "type": "Feature", "properties": { "id_comando": "CPI-7", "nome_comando": "7º Comando de Policiamento do Interior (CPI-7)", "nome_batalhao": "12º BPM/I", "tipo_batalhao": "Interior", "companhia": "2.CIA PM", "pelotao": "", "grupo": "4.GP/PM", "cidade": "Pratania", "endereco": "RUA CAPITÃO JOÃO BATISTA, 354, AREA RURAL - Pratania", "latitude": -22.8105498, "longitude": -48.6645181, "fonte_geocodificacao": "Google Geocoding API", "opm_nome": "4.GRUPO POLICIAL MILITAR", "opm_descricao": "CPI-7 12.BPM/I 2.CIA PM 4.GP/PM", "opm_codigo": "607122004" }, "geometry": { "type": "Point", "coordinates": [ -48.6645181, -22.8105498 ] } },
{ "type": "Feature", "properties": { "id_comando": "CPI-7", "nome_comando": "7º Comando de Policiamento do Interior (CPI-7)", "nome_batalhao": "12º BPM/I", "tipo_batalhao": "Interior", "companhia": "3.CIA PM", "pelotao": "", "grupo": "2.GP PM", "cidade": "Anhembi", "endereco": "AVENIDA BRIGADEIRO FARIA LIMA, 246  A, CENTRO - Anhembi", "latitude": -22.80008290926887, "longitude": -48.174722503165476, "fonte_geocodificacao": "Centroide do município-sede (geocodificação rejeitada: fora dos limites do município)", "opm_nome": "2.GRUPO POLICIAL MILITAR", "opm_descricao": "CPI-7 12.BPM/I 3.CIA PM 2.GP PM", "opm_codigo": "607123002" }, "geometry": { "type": "Point", "coordinates": [ -48.174722503165476, -22.80008290926887 ] } },
{ "type": "Feature", "properties": { "id_comando": "CPI-7", "nome_comando": "7º Comando de Policiamento do Interior (CPI-7)", "nome_batalhao": "12º BPM/I", "tipo_batalhao": "Interior", "companhia": "3.CIA PM", "pelotao": "", "grupo": "3.GP PM", "cidade": "Bofete", "endereco": "RUA ROQUE CORDEIRO DE CAMPOS, 317, JARDIM SIRIEMA - Bofete", "latitude": -23.1014733, "longitude": -48.2664782, "fonte_geocodificacao": "Google Geocoding API", "opm_nome": "3.GRUPO POLICIAL MILITAR", "opm_descricao": "CPI-7 12.BPM/I 3.CIA PM 3.GP PM", "opm_codigo": "607123003" }, "geometry": { "type": "Point", "coordinates": [ -48.266478199999987, -23.1014733 ] } },
{ "type": "Feature", "properties": { "id_comando": "CPI-7", "nome_comando": "7º Comando de Policiamento do Interior (CPI-7)", "nome_batalhao": "12º BPM/I", "tipo_batalhao": "Interior", "companhia": "3.CIA PM", "pelotao": "", "grupo": "6.GP PM", "cidade": "Conchas", "endereco": "RUA GOIÁS, 1081, VILA SAO JOSE - Conchas", "latitude": -23.0194075, "longitude": -48.0092147, "fonte_geocodificacao": "Google Geocoding API", "opm_nome": "6.GRUPO POLICIAL MILITAR", "opm_descricao": "CPI-7 12.BPM/I 3.CIA PM 6.GP PM", "opm_codigo": "607123006" }, "geometry": { "type": "Point", "coordinates": [ -48.0092147, -23.0194075 ] } },
{ "type": "Feature", "properties": { "id_comando": "CPI-7", "nome_comando": "7º Comando de Policiamento do Interior (CPI-7)", "nome_batalhao": "12º BPM/I", "tipo_batalhao": "Interior", "companhia": "3.CIA PM", "pelotao": "", "grupo": "1.GP PM", "cidade": "Pereiras", "endereco": "PRAÇA DA REPÚBLICA, 55, CENTRO - Pereiras", "latitude": -23.12047393318597, "longitude": -47.97882282951629, "fonte_geocodificacao": "Centroide do município-sede (geocodificação rejeitada: fora dos limites do município)", "opm_nome": "1.GRUPO POLICIAL MILITAR", "opm_descricao": "CPI-7 12.BPM/I 3.CIA PM 1.GP PM", "opm_codigo": "607123001" }, "geometry": { "type": "Point", "coordinates": [ -47.97882282951629, -23.12047393318597 ] } },
{ "type": "Feature", "properties": { "id_comando": "CPI-7", "nome_comando": "7º Comando de Policiamento do Interior (CPI-7)", "nome_batalhao": "12º BPM/I", "tipo_batalhao": "Interior", "companhia": "3.CIA PM", "pelotao": "", "grupo": "4.GP PM", "cidade": "Porangaba", "endereco": "RUA ANTÔNIO FREIRE DE SOUZA, 308, CENTRO - Porangaba", "latitude": -23.1764896, "longitude": -48.1237671, "fonte_geocodificacao": "Google Geocoding API", "opm_nome": "4.GRUPO POLICIAL MILITAR", "opm_descricao": "CPI-7 12.BPM/I 3.CIA PM 4.GP PM", "opm_codigo": "607123004" }, "geometry": { "type": "Point", "coordinates": [ -48.123767099999988, -23.1764896 ] } },
{ "type": "Feature", "properties": { "id_comando": "CPI-7", "nome_comando": "7º Comando de Policiamento do Interior (CPI-7)", "nome_batalhao": "12º BPM/I", "tipo_batalhao": "Interior", "companhia": "3.CIA PM", "pelotao": "", "grupo": "5.GP PM", "cidade": "Torre De Pedra", "endereco": "RUA 27 DE OUTUBRO, 389, CENTRO - Torre De Pedra", "latitude": -23.2454566, "longitude": -48.1941194, "fonte_geocodificacao": "Google Geocoding API", "opm_nome": "5.GRUPO POLICIAL MILITAR", "opm_descricao": "CPI-7 12.BPM/I 3.CIA PM 5.GP PM", "opm_codigo": "607123005" }, "geometry": { "type": "Point", "coordinates": [ -48.1941194, -23.2454566 ] } },
{ "type": "Feature", "properties": { "id_comando": "CPI-7", "nome_comando": "7º Comando de Policiamento do Interior (CPI-7)", "nome_batalhao": "12º BPM/I", "tipo_batalhao": "Interior", "companhia": "EM", "pelotao": "UIS", "grupo": "GAB ODONTO", "cidade": "Botucatu", "endereco": "RUA GENERAL JÚLIO MARCONDES SALGADO, 414, CENTRO - Botucatu", "latitude": -22.8944229, "longitude": -48.4445908, "fonte_geocodificacao": "Google Geocoding API", "opm_nome": "GABINETE ODONTOLOGICO", "opm_descricao": "CPI-7 12.BPM/I EM UIS GAB ODONTO", "opm_codigo": "607128012" }, "geometry": { "type": "Point", "coordinates": [ -48.4445908, -22.8944229 ] } },
{ "type": "Feature", "properties": { "id_comando": "CPI-7", "nome_comando": "7º Comando de Policiamento do Interior (CPI-7)", "nome_batalhao": "12º BPM/I", "tipo_batalhao": "Interior", "companhia": "EM", "pelotao": "UIS", "grupo": "GAB MEDICO", "cidade": "Botucatu", "endereco": "RUA GENERAL JÚLIO MARCONDES SALGADO, 414, VILA SILVINHA - Botucatu", "latitude": -22.8944229, "longitude": -48.4445908, "fonte_geocodificacao": "Google Geocoding API", "opm_nome": "GABINETE MEDICO", "opm_descricao": "CPI-7 12.BPM/I EM UIS GAB MEDICO", "opm_codigo": "607128011" }, "geometry": { "type": "Point", "coordinates": [ -48.4445908, -22.8944229 ] } },
{ "type": "Feature", "properties": { "id_comando": "CPI-7", "nome_comando": "7º Comando de Policiamento do Interior (CPI-7)", "nome_batalhao": "12º BPM/I", "tipo_batalhao": "Interior", "companhia": "EM", "pelotao": "P/1 P/5", "grupo": "GD QUARTEL", "cidade": "Botucatu", "endereco": "RUA GENERAL JÚLIO MARCONDES SALGADO, 414, VILA SILVINHA - Botucatu", "latitude": -22.8944229, "longitude": -48.4445908, "fonte_geocodificacao": "Google Geocoding API", "opm_nome": "GUARDA DO QUARTEL", "opm_descricao": "CPI-7 12.BPM/I EM P/1 P/5 GD QUARTEL", "opm_codigo": "607128110" }, "geometry": { "type": "Point", "coordinates": [ -48.4445908, -22.8944229 ] } },
{ "type": "Feature", "properties": { "id_comando": "CPI-7", "nome_comando": "7º Comando de Policiamento do Interior (CPI-7)", "nome_batalhao": "12º BPM/I", "tipo_batalhao": "Interior", "companhia": "EM", "pelotao": "P/2", "grupo": "AG AREA", "cidade": "Botucatu", "endereco": "RUA GENERAL JÚLIO MARCONDES SALGADO/ BOTUCATU, 414, VILA SILVINHA - Botucatu", "latitude": -22.8944229, "longitude": -48.4445908, "fonte_geocodificacao": "Google Geocoding API", "opm_nome": "AGENCIA DE AREA", "opm_descricao": "CPI-7 12.BPM/I EM P/2 AG AREA", "opm_codigo": "607128200" }, "geometry": { "type": "Point", "coordinates": [ -48.4445908, -22.8944229 ] } },
{ "type": "Feature", "properties": { "id_comando": "CPI-7", "nome_comando": "7º Comando de Policiamento do Interior (CPI-7)", "nome_batalhao": "12º BPM/I", "tipo_batalhao": "Interior", "companhia": "EM", "pelotao": "DIV OP", "grupo": "CFP", "cidade": "Botucatu", "endereco": "RUA GENERAL JÚLIO MARCONDES SALGADO, 414, VILA SILVINHA - Botucatu", "latitude": -22.8944229, "longitude": -48.4445908, "fonte_geocodificacao": "Google Geocoding API", "opm_nome": "COMANDO FORCA PATRULHA", "opm_descricao": "CPI-7 12.BPM/I EM DIV OP CFP", "opm_codigo": "607128310" }, "geometry": { "type": "Point", "coordinates": [ -48.4445908, -22.8944229 ] } },
{ "type": "Feature", "properties": { "id_comando": "CPI-7", "nome_comando": "7º Comando de Policiamento do Interior (CPI-7)", "nome_batalhao": "22º BPM/I", "tipo_batalhao": "Interior", "companhia": "1.CIA PM", "pelotao": "", "grupo": "2.GP/PM", "cidade": "Alambari", "endereco": "RUA MAJOR CABRAL/ ALAMBARI, 374, CENTRO - Alambari", "latitude": -23.5508266, "longitude": -47.9000588, "fonte_geocodificacao": "Google Geocoding API", "opm_nome": "2. GRUPO POLICIAL MILITAR", "opm_descricao": "CPI-7 22.BPM/I 1.CIA PM 2.GP/PM", "opm_codigo": "607221002" }, "geometry": { "type": "Point", "coordinates": [ -47.9000588, -23.5508266 ] } },
{ "type": "Feature", "properties": { "id_comando": "CPI-7", "nome_comando": "7º Comando de Policiamento do Interior (CPI-7)", "nome_batalhao": "22º BPM/I", "tipo_batalhao": "Interior", "companhia": "1.CIA PM", "pelotao": "", "grupo": "1.GP/PM", "cidade": "Sarapui", "endereco": "Av Julio Holtz/ SARAPUI, 687, JARDIM ESPERANÇA - Sarapui", "latitude": -23.6446946, "longitude": -47.8202942, "fonte_geocodificacao": "Google Geocoding API", "opm_nome": "1. GRUPO POLICIAL MILITAR", "opm_descricao": "CPI-7 22.BPM/I 1.CIA PM 1.GP/PM", "opm_codigo": "607221001" }, "geometry": { "type": "Point", "coordinates": [ -47.820294200000014, -23.6446946 ] } },
{ "type": "Feature", "properties": { "id_comando": "CPI-7", "nome_comando": "7º Comando de Policiamento do Interior (CPI-7)", "nome_batalhao": "22º BPM/I", "tipo_batalhao": "Interior", "companhia": "2.CIA PM", "pelotao": "", "grupo": "3.GP/PM", "cidade": "Cesario Lange", "endereco": "RUA DOS MENDES/ CESARIO LANGE, 899, CENTRO - Cesario Lange", "latitude": -23.227818, "longitude": -47.9529779, "fonte_geocodificacao": "Google Geocoding API", "opm_nome": "22.BPM/I 2.CIA PM  3.GP/PM", "opm_descricao": "CPI-7 22.BPM/I 2.CIA PM 3.GP/PM", "opm_codigo": "607222003" }, "geometry": { "type": "Point", "coordinates": [ -47.9529779, -23.227818 ] } },
{ "type": "Feature", "properties": { "id_comando": "CPI-7", "nome_comando": "7º Comando de Policiamento do Interior (CPI-7)", "nome_batalhao": "22º BPM/I", "tipo_batalhao": "Interior", "companhia": "2.CIA PM", "pelotao": "", "grupo": "2.GP/PM", "cidade": "Guarei", "endereco": "RUA VIRGILIO TRINDADE DE ÁVILA - GUAREI, 1206, FLORESTA - Guarei", "latitude": -23.3627694, "longitude": -48.1828827, "fonte_geocodificacao": "Google Geocoding API", "opm_nome": "22.BPM/I 2.CIA PM  2.GP/PM", "opm_descricao": "CPI-7 22.BPM/I 2.CIA PM 2.GP/PM", "opm_codigo": "607222002" }, "geometry": { "type": "Point", "coordinates": [ -48.1828827, -23.3627694 ] } },
{ "type": "Feature", "properties": { "id_comando": "CPI-7", "nome_comando": "7º Comando de Policiamento do Interior (CPI-7)", "nome_batalhao": "22º BPM/I", "tipo_batalhao": "Interior", "companhia": "2.CIA PM", "pelotao": "", "grupo": "GP/PM", "cidade": "Quadra", "endereco": "RUA CORNÉLIO VIEIRA DE CAMARGO - QUADRA, 68, CENTRO - Quadra", "latitude": -23.2990622, "longitude": -48.0547721, "fonte_geocodificacao": "Google Geocoding API", "opm_nome": "GRUPO POLICIAL MILITAR", "opm_descricao": "CPI-7 22.BPM/I 2.CIA PM GP/PM", "opm_codigo": "607222001" }, "geometry": { "type": "Point", "coordinates": [ -48.0547721, -23.2990622 ] } },
{ "type": "Feature", "properties": { "id_comando": "CPI-7", "nome_comando": "7º Comando de Policiamento do Interior (CPI-7)", "nome_batalhao": "22º BPM/I", "tipo_batalhao": "Interior", "companhia": "2.CIA PM", "pelotao": "", "grupo": "GP/FT/CANIL", "cidade": "Tatui", "endereco": "RUA BENEDITO FAUSTINO DA ROSA, 1911, JARDIM VANDERLEI - Tatui", "latitude": -23.3425124, "longitude": -47.8738488, "fonte_geocodificacao": "Google Geocoding API", "opm_nome": "22.BPM/I  GP FT CANIL", "opm_descricao": "CPI-7 22.BPM/I 2.CIA PM GP/FT/CANIL", "opm_codigo": "607222008" }, "geometry": { "type": "Point", "coordinates": [ -47.8738488, -23.3425124 ] } },
{ "type": "Feature", "properties": { "id_comando": "CPI-7", "nome_comando": "7º Comando de Policiamento do Interior (CPI-7)", "nome_batalhao": "22º BPM/I", "tipo_batalhao": "Interior", "companhia": "3.CIA PM", "pelotao": "", "grupo": "2.GP/PM", "cidade": "Angatuba", "endereco": "Rua Ludovico Homem de Gois, 1129  Lote D2 Quadra D, Portal Novo Horizonte - Angatuba", "latitude": -23.4966604, "longitude": -48.4077451, "fonte_geocodificacao": "Google Geocoding API", "opm_nome": "2. GRUPO POLICIAL MILITAR", "opm_descricao": "CPI-7 22.BPM/I 3.CIA PM 2.GP/PM", "opm_codigo": "607223009" }, "geometry": { "type": "Point", "coordinates": [ -48.4077451, -23.4966604 ] } },
{ "type": "Feature", "properties": { "id_comando": "CPI-7", "nome_comando": "7º Comando de Policiamento do Interior (CPI-7)", "nome_batalhao": "22º BPM/I", "tipo_batalhao": "Interior", "companhia": "3.CIA PM", "pelotao": "0", "grupo": "3.GP/PM", "cidade": "Angatuba", "endereco": "RUA LUDOVICO HOMEM DE GOIS - ANGATUBA, 1229, PORTAL NOVO HORIZONTE - Angatuba", "latitude": -23.5011202, "longitude": -48.407147, "fonte_geocodificacao": "Google Geocoding API", "opm_nome": "22 BPM/I - GP PM DISTR", "opm_descricao": "CPI-7 22.BPM/I 3.CIA PM 0 3.GP/PM", "opm_codigo": "607223003" }, "geometry": { "type": "Point", "coordinates": [ -48.407147, -23.5011202 ] } },
{ "type": "Feature", "properties": { "id_comando": "CPI-7", "nome_comando": "7º Comando de Policiamento do Interior (CPI-7)", "nome_batalhao": "22º BPM/I", "tipo_batalhao": "Interior", "companhia": "3.CIA PM", "pelotao": "", "grupo": "1.GP/PM", "cidade": "Campina Do Monte Alegre", "endereco": "RUA NOSSA SENHORA APARECIDA/ CAMPINA MONTE ALEGRE, 368, CENTRO - Campina Do Monte Alegre", "latitude": -23.5922839, "longitude": -48.4793531, "fonte_geocodificacao": "Google Geocoding API", "opm_nome": "1. GRUPO POLICIAL MILITAR", "opm_descricao": "CPI-7 22.BPM/I 3.CIA PM 1.GP/PM", "opm_codigo": "607223001" }, "geometry": { "type": "Point", "coordinates": [ -48.4793531, -23.5922839 ] } },
{ "type": "Feature", "properties": { "id_comando": "CPI-7", "nome_comando": "7º Comando de Policiamento do Interior (CPI-7)", "nome_batalhao": "22º BPM/I", "tipo_batalhao": "Interior", "companhia": "3.CIA PM", "pelotao": "", "grupo": "GP/PM - DISTR", "cidade": "Itapetininga", "endereco": "AVENIDA PADRE ANTÔNIO BRUNETE, 1132  OPM INEXIXTENTE, DO MOQUEM - Itapetininga", "latitude": -23.5903272, "longitude": -48.0697496, "fonte_geocodificacao": "Google Geocoding API", "opm_nome": "GRUPO POLICIAL MILITAR DISTRITAL", "opm_descricao": "CPI-7 22.BPM/I 3.CIA PM GP/PM - DISTR", "opm_codigo": "607223004" }, "geometry": { "type": "Point", "coordinates": [ -48.0697496, -23.5903272 ] } },
{ "type": "Feature", "properties": { "id_comando": "CPI-7", "nome_comando": "7º Comando de Policiamento do Interior (CPI-7)", "nome_batalhao": "22º BPM/I", "tipo_batalhao": "Interior", "companhia": "3.CIA PM", "pelotao": "2.PEL PM", "grupo": "0", "cidade": "Itapetininga", "endereco": "AVENIDA PADRE ANTÔNIO BRUNETE, 1132  OPM INEXISTENTE, DO MOQUEM - Itapetininga", "latitude": -23.5903272, "longitude": -48.0697496, "fonte_geocodificacao": "Google Geocoding API", "opm_nome": "22.BPM/I 3.CIA PM 2.PEL PM", "opm_descricao": "CPI-7 22.BPM/I 3.CIA PM 2.PEL PM 0", "opm_codigo": "607223200" }, "geometry": { "type": "Point", "coordinates": [ -48.0697496, -23.5903272 ] } },
{ "type": "Feature", "properties": { "id_comando": "CPI-7", "nome_comando": "7º Comando de Policiamento do Interior (CPI-7)", "nome_batalhao": "22º BPM/I", "tipo_batalhao": "Interior", "companhia": "4.CIA PM", "pelotao": "", "grupo": "GP PM", "cidade": "Cesario Lange", "endereco": "RUA DOS MENDES, 899, CENTRO - Cesario Lange", "latitude": -23.227818, "longitude": -47.9529779, "fonte_geocodificacao": "Google Geocoding API", "opm_nome": "GRUPO POLICIAL MILITAR", "opm_descricao": "CPI-7 22.BPM/I 4.CIA PM GP PM", "opm_codigo": "607224001" }, "geometry": { "type": "Point", "coordinates": [ -47.9529779, -23.227818 ] } },
{ "type": "Feature", "properties": { "id_comando": "CPI-7", "nome_comando": "7º Comando de Policiamento do Interior (CPI-7)", "nome_batalhao": "22º BPM/I", "tipo_batalhao": "Interior", "companhia": "CIA F TAT", "pelotao": "", "grupo": "GP P MON", "cidade": "Itapetininga", "endereco": "AVENIDA JOÃO OLÍMPIO DE OLIVEIRA, 30, VILA LEME - Itapetininga", "latitude": -23.591508, "longitude": -48.022903, "fonte_geocodificacao": "Google Geocoding API", "opm_nome": "22.BPM/I - GRUPO POLICIAMENTO MONTADO", "opm_descricao": "CPI-7 22.BPM/I CIA F TAT GP P MON", "opm_codigo": "607225001" }, "geometry": { "type": "Point", "coordinates": [ -48.022903, -23.591508 ] } },
{ "type": "Feature", "properties": { "id_comando": "CPI-7", "nome_comando": "7º Comando de Policiamento do Interior (CPI-7)", "nome_batalhao": "22º BPM/I", "tipo_batalhao": "Interior", "companhia": "EM", "pelotao": "P/1 E P/5", "grupo": "GD QUARTEL", "cidade": "Itapetininga", "endereco": "RUA DOUTOR COUTINHO, 2000, VILA JUDITH - Itapetininga", "latitude": -23.5777482, "longitude": -48.0324007, "fonte_geocodificacao": "Google Geocoding API", "opm_nome": "GUARDA DO QUARTEL", "opm_descricao": "CPI-7 22.BPM/I EM P/1 E P/5 GD QUARTEL", "opm_codigo": "607228110" }, "geometry": { "type": "Point", "coordinates": [ -48.0324007, -23.5777482 ] } },
{ "type": "Feature", "properties": { "id_comando": "CPI-7", "nome_comando": "7º Comando de Policiamento do Interior (CPI-7)", "nome_batalhao": "22º BPM/I", "tipo_batalhao": "Interior", "companhia": "EM", "pelotao": "P/3", "grupo": "CFP", "cidade": "Itapetininga", "endereco": "RUA DOUTOR COUTINHO, 2000, VILA JUDITH - Itapetininga", "latitude": -23.5777482, "longitude": -48.0324007, "fonte_geocodificacao": "Google Geocoding API", "opm_nome": "COMANDO FORCA PATRULHA", "opm_descricao": "CPI-7 22.BPM/I EM P/3 CFP", "opm_codigo": "607228310" }, "geometry": { "type": "Point", "coordinates": [ -48.0324007, -23.5777482 ] } },
{ "type": "Feature", "properties": { "id_comando": "CPI-7", "nome_comando": "7º Comando de Policiamento do Interior (CPI-7)", "nome_batalhao": "22º BPM/I", "tipo_batalhao": "Interior", "companhia": "EM", "pelotao": "MOTOMEC", "grupo": "0", "cidade": "Itapetininga", "endereco": "RUA DOUTOR COUTINHO, 2000, VILA JUDITH - Itapetininga", "latitude": -23.5777482, "longitude": -48.0324007, "fonte_geocodificacao": "Google Geocoding API", "opm_nome": "22.BPM/I - MOTOMEC", "opm_descricao": "CPI-7 22.BPM/I EM MOTOMEC 0", "opm_codigo": "607228700" }, "geometry": { "type": "Point", "coordinates": [ -48.0324007, -23.5777482 ] } },
{ "type": "Feature", "properties": { "id_comando": "CPI-7", "nome_comando": "7º Comando de Policiamento do Interior (CPI-7)", "nome_batalhao": "22º BPM/I", "tipo_batalhao": "Interior", "companhia": "EM", "pelotao": "UIS", "grupo": "GAB MEDICO", "cidade": "Itapetininga", "endereco": "RUA DOUTOR COUTINHO, 2000, VILA ROCHA - Itapetininga", "latitude": -23.5777482, "longitude": -48.0324007, "fonte_geocodificacao": "Google Geocoding API", "opm_nome": "22.BPM/I GAB MED", "opm_descricao": "CPI-7 22.BPM/I EM UIS GAB MEDICO", "opm_codigo": "607228011" }, "geometry": { "type": "Point", "coordinates": [ -48.0324007, -23.5777482 ] } },
{ "type": "Feature", "properties": { "id_comando": "CPI-7", "nome_comando": "7º Comando de Policiamento do Interior (CPI-7)", "nome_batalhao": "22º BPM/I", "tipo_batalhao": "Interior", "companhia": "EM", "pelotao": "UIS", "grupo": "GAB ODONTO", "cidade": "Itapetininga", "endereco": "RUA DOUTOR COUTINHO, 2000, VILA ROCHA - Itapetininga", "latitude": -23.5777482, "longitude": -48.0324007, "fonte_geocodificacao": "Google Geocoding API", "opm_nome": "22.BPM/I GAB ODONTO", "opm_descricao": "CPI-7 22.BPM/I EM UIS GAB ODONTO", "opm_codigo": "607228012" }, "geometry": { "type": "Point", "coordinates": [ -48.0324007, -23.5777482 ] } },
{ "type": "Feature", "properties": { "id_comando": "CPI-7", "nome_comando": "7º Comando de Policiamento do Interior (CPI-7)", "nome_batalhao": "40º BPM/I", "tipo_batalhao": "Interior", "companhia": "0", "pelotao": "PEL F TAT - CAN", "grupo": "0", "cidade": "Votorantim", "endereco": "RUA GUILHERMINA GLÓRIA MONTEIRO RAMOS, 41, JARDIM ICATU - Votorantim", "latitude": -23.5409571, "longitude": -47.4537448, "fonte_geocodificacao": "Google Geocoding API", "opm_nome": "40.BPM/I  PEL F TAT - CAN", "opm_descricao": "CPI-7 40.BPM/I 0 PEL F TAT - CAN 0", "opm_codigo": "607400100" }, "geometry": { "type": "Point", "coordinates": [ -47.4537448, -23.5409571 ] } },
{ "type": "Feature", "properties": { "id_comando": "CPI-7", "nome_comando": "7º Comando de Policiamento do Interior (CPI-7)", "nome_batalhao": "40º BPM/I", "tipo_batalhao": "Interior", "companhia": "1.CIA PM", "pelotao": "", "grupo": "GP/PM", "cidade": "Aluminio", "endereco": "RUA FLORIANO VIEIRA, 76, CENTRO - Aluminio", "latitude": -23.5209622, "longitude": -47.2560174, "fonte_geocodificacao": "Google Geocoding API", "opm_nome": "GRUPO POLICIAL MILITAR", "opm_descricao": "CPI-7 40.BPM/I 1.CIA PM GP/PM", "opm_codigo": "607401001" }, "geometry": { "type": "Point", "coordinates": [ -47.2560174, -23.5209622 ] } },
{ "type": "Feature", "properties": { "id_comando": "CPI-7", "nome_comando": "7º Comando de Policiamento do Interior (CPI-7)", "nome_batalhao": "40º BPM/I", "tipo_batalhao": "Interior", "companhia": "2.CIA PM", "pelotao": "", "grupo": "GP/FT", "cidade": "Ibiuna", "endereco": "RUA ADILSON DA SILVA, 190, CENTRO - Ibiuna", "latitude": -23.665729, "longitude": -47.2267525, "fonte_geocodificacao": "Google Geocoding API", "opm_nome": "40.BPM/I  2. CIA FT", "opm_descricao": "CPI-7 40.BPM/I 2.CIA PM GP/FT", "opm_codigo": "607402003" }, "geometry": { "type": "Point", "coordinates": [ -47.2267525, -23.665729 ] } },
{ "type": "Feature", "properties": { "id_comando": "CPI-7", "nome_comando": "7º Comando de Policiamento do Interior (CPI-7)", "nome_batalhao": "40º BPM/I", "tipo_batalhao": "Interior", "companhia": "2.CIA PM", "pelotao": "0", "grupo": "GP/PM", "cidade": "Tapirai", "endereco": "RUA RAUL LEITE MAGALHÃES, 606, CENTRO - Tapirai", "latitude": -23.962819, "longitude": -47.5087882, "fonte_geocodificacao": "Google Geocoding API", "opm_nome": "GRUPO POLICIAL MILITAR", "opm_descricao": "CPI-7 40.BPM/I 2.CIA PM 0 GP/PM", "opm_codigo": "607402001" }, "geometry": { "type": "Point", "coordinates": [ -47.5087882, -23.962819 ] } },
{ "type": "Feature", "properties": { "id_comando": "CPI-7", "nome_comando": "7º Comando de Policiamento do Interior (CPI-7)", "nome_batalhao": "40º BPM/I", "tipo_batalhao": "Interior", "companhia": "EM", "pelotao": "UIS", "grupo": "GAB MEDICO", "cidade": "Votorantim", "endereco": "RUA GUILHERMINA GLÓRIA MONTEIRO RAMOS, 41, JARDIM ICATU - Votorantim", "latitude": -23.5409571, "longitude": -47.4537448, "fonte_geocodificacao": "Google Geocoding API", "opm_nome": "GABINETE MEDICO", "opm_descricao": "CPI-7 40.BPM/I EM UIS GAB MEDICO", "opm_codigo": "607408011" }, "geometry": { "type": "Point", "coordinates": [ -47.4537448, -23.5409571 ] } },
{ "type": "Feature", "properties": { "id_comando": "CPI-7", "nome_comando": "7º Comando de Policiamento do Interior (CPI-7)", "nome_batalhao": "40º BPM/I", "tipo_batalhao": "Interior", "companhia": "EM", "pelotao": "UIS", "grupo": "GAB ODONTO", "cidade": "Votorantim", "endereco": "RUA GUILHERMINA GLÓRIA MONTEIRO RAMOS, 41, JARDIM ICATU - Votorantim", "latitude": -23.5409571, "longitude": -47.4537448, "fonte_geocodificacao": "Google Geocoding API", "opm_nome": "GABINETE ODONTOLOGICO", "opm_descricao": "CPI-7 40.BPM/I EM UIS GAB ODONTO", "opm_codigo": "607408012" }, "geometry": { "type": "Point", "coordinates": [ -47.4537448, -23.5409571 ] } },
{ "type": "Feature", "properties": { "id_comando": "CPI-7", "nome_comando": "7º Comando de Policiamento do Interior (CPI-7)", "nome_batalhao": "40º BPM/I", "tipo_batalhao": "Interior", "companhia": "EM", "pelotao": "P/1 P/5", "grupo": "GD QUARTEL", "cidade": "Votorantim", "endereco": "RUA GUILHERMINA GLÓRIA MONTEIRO RAMOS, 41, JARDIM ICATU - Votorantim", "latitude": -23.5409571, "longitude": -47.4537448, "fonte_geocodificacao": "Google Geocoding API", "opm_nome": "GUARDA DO QUARTEL", "opm_descricao": "CPI-7 40.BPM/I EM P/1 P/5 GD QUARTEL", "opm_codigo": "607408110" }, "geometry": { "type": "Point", "coordinates": [ -47.4537448, -23.5409571 ] } },
{ "type": "Feature", "properties": { "id_comando": "CPI-7", "nome_comando": "7º Comando de Policiamento do Interior (CPI-7)", "nome_batalhao": "40º BPM/I", "tipo_batalhao": "Interior", "companhia": "EM", "pelotao": "P/3", "grupo": "CFP", "cidade": "Votorantim", "endereco": "RUA GUILHERMINA GLÓRIA MONTEIRO RAMOS, 41, JARDIM ICATU - Votorantim", "latitude": -23.5409571, "longitude": -47.4537448, "fonte_geocodificacao": "Google Geocoding API", "opm_nome": "COMANDO FORCA PATRULHA", "opm_descricao": "CPI-7 40.BPM/I EM P/3 CFP", "opm_codigo": "607408310" }, "geometry": { "type": "Point", "coordinates": [ -47.4537448, -23.5409571 ] } },
{ "type": "Feature", "properties": { "id_comando": "CPI-7", "nome_comando": "7º Comando de Policiamento do Interior (CPI-7)", "nome_batalhao": "40º BPM/I", "tipo_batalhao": "Interior", "companhia": "EM", "pelotao": "P/3", "grupo": "PEL FT", "cidade": "Votorantim", "endereco": "RUA GUILHERMINA GLÓRIA MONTEIRO RAMOS, 41, JARDIM ICATU - Votorantim", "latitude": -23.5409571, "longitude": -47.4537448, "fonte_geocodificacao": "Google Geocoding API", "opm_nome": "PEL FT", "opm_descricao": "CPI-7 40.BPM/I EM P/3 PEL FT", "opm_codigo": "607408320" }, "geometry": { "type": "Point", "coordinates": [ -47.4537448, -23.5409571 ] } },
{ "type": "Feature", "properties": { "id_comando": "CPI-7", "nome_comando": "7º Comando de Policiamento do Interior (CPI-7)", "nome_batalhao": "40º BPM/I", "tipo_batalhao": "Interior", "companhia": "UIS MEDICA", "pelotao": "0", "grupo": "0", "cidade": "Votorantim", "endereco": "RUA GUILHERMINA DA GLÓRIA MONTEIRO RAMOS, 41, JARDIM ICATU - Votorantim", "latitude": -23.5409571, "longitude": -47.4537448, "fonte_geocodificacao": "Google Geocoding API", "opm_nome": "40.BPM/I UIS MEDICA", "opm_descricao": "CPI-7 40.BPM/I UIS MEDICA 0 0", "opm_codigo": "607408800" }, "geometry": { "type": "Point", "coordinates": [ -47.4537448, -23.5409571 ] } },
{ "type": "Feature", "properties": { "id_comando": "CPI-7", "nome_comando": "7º Comando de Policiamento do Interior (CPI-7)", "nome_batalhao": "40º BPM/I", "tipo_batalhao": "Interior", "companhia": "UIS ODONTO", "pelotao": "0", "grupo": "0", "cidade": "Votorantim", "endereco": "RUA GUILHERMINA DA GLÓRIA MONTEIRO RAMOS, 41, JARDIM ICATU - Votorantim", "latitude": -23.5409571, "longitude": -47.4537448, "fonte_geocodificacao": "Google Geocoding API", "opm_nome": "40.BPM/I UIS ODONTO", "opm_descricao": "CPI-7 40.BPM/I UIS ODONTO 0 0", "opm_codigo": "607408900" }, "geometry": { "type": "Point", "coordinates": [ -47.4537448, -23.5409571 ] } },
{ "type": "Feature", "properties": { "id_comando": "CPI-7", "nome_comando": "7º Comando de Policiamento do Interior (CPI-7)", "nome_batalhao": "50º BPM/I", "tipo_batalhao": "Interior", "companhia": "2.CIA PM", "pelotao": "", "grupo": "1.GP/PM", "cidade": "Sao Roque", "endereco": "RUA MONSENHOR, 171, JARDIM SANTA ROSALIA - Sao Roque", "latitude": -23.5433799, "longitude": -47.1323886, "fonte_geocodificacao": "Google Geocoding API", "opm_nome": "50.BPM/I 2.CIA PM  1.GP/PM", "opm_descricao": "CPI-7 50.BPM/I 2.CIA PM 1.GP/PM", "opm_codigo": "607502001" }, "geometry": { "type": "Point", "coordinates": [ -47.1323886, -23.5433799 ] } },
{ "type": "Feature", "properties": { "id_comando": "CPI-7", "nome_comando": "7º Comando de Policiamento do Interior (CPI-7)", "nome_batalhao": "50º BPM/I", "tipo_batalhao": "Interior", "companhia": "2.CIA PM", "pelotao": "", "grupo": "GP F TAT", "cidade": "Sao Roque", "endereco": "RUA MONSENHOR, 171, JARDIM SANTA ROSALIA - Sao Roque", "latitude": -23.5433799, "longitude": -47.1323886, "fonte_geocodificacao": "Google Geocoding API", "opm_nome": "50.BPM/I 2.CIA FT", "opm_descricao": "CPI-7 50.BPM/I 2.CIA PM GP F TAT", "opm_codigo": "607502002" }, "geometry": { "type": "Point", "coordinates": [ -47.1323886, -23.5433799 ] } },
{ "type": "Feature", "properties": { "id_comando": "CPI-7", "nome_comando": "7º Comando de Policiamento do Interior (CPI-7)", "nome_batalhao": "50º BPM/I", "tipo_batalhao": "Interior", "companhia": "3.CIA PM", "pelotao": "1.PEL PM", "grupo": "0", "cidade": "Salto", "endereco": "RUA FAGUNDES VARELLA, 73, TRÊS MARIAS - Salto", "latitude": -23.2004699, "longitude": -47.3070743, "fonte_geocodificacao": "Google Geocoding API", "opm_nome": "50.BPM/I 3.CIA PM 1.PEL PM", "opm_descricao": "CPI-7 50.BPM/I 3.CIA PM 1.PEL PM 0", "opm_codigo": "607503100" }, "geometry": { "type": "Point", "coordinates": [ -47.3070743, -23.2004699 ] } },
{ "type": "Feature", "properties": { "id_comando": "CPI-7", "nome_comando": "7º Comando de Policiamento do Interior (CPI-7)", "nome_batalhao": "50º BPM/I", "tipo_batalhao": "Interior", "companhia": "4.CIA PM", "pelotao": "", "grupo": "GP/PM", "cidade": "Jumirim", "endereco": "RUA MANOEL NOVAES, 218, CENTRO - Jumirim", "latitude": -23.0837051, "longitude": -47.7897618, "fonte_geocodificacao": "Google Geocoding API", "opm_nome": "GRUPAMENTO POLICIA MILITAR", "opm_descricao": "CPI-7 50.BPM/I 4.CIA PM GP/PM", "opm_codigo": "607504001" }, "geometry": { "type": "Point", "coordinates": [ -47.7897618, -23.0837051 ] } },
{ "type": "Feature", "properties": { "id_comando": "CPI-7", "nome_comando": "7º Comando de Policiamento do Interior (CPI-7)", "nome_batalhao": "50º BPM/I", "tipo_batalhao": "Interior", "companhia": "EM", "pelotao": "P/1 P/5", "grupo": "GD QUARTEL", "cidade": "Itu", "endereco": "RUA ARQUITETO MARCIO JOÃO DE ARRUDA, 400, JARDIM ROSINHA - Itu", "latitude": -23.2787559, "longitude": -47.2857834, "fonte_geocodificacao": "Google Geocoding API", "opm_nome": "GUARDA DO QUARTEL", "opm_descricao": "CPI-7 50.BPM/I EM P/1 P/5 GD QUARTEL", "opm_codigo": "607509110" }, "geometry": { "type": "Point", "coordinates": [ -47.2857834, -23.2787559 ] } },
{ "type": "Feature", "properties": { "id_comando": "CPI-7", "nome_comando": "7º Comando de Policiamento do Interior (CPI-7)", "nome_batalhao": "50º BPM/I", "tipo_batalhao": "Interior", "companhia": "EM", "pelotao": "DIV OP", "grupo": "CFP", "cidade": "Itu", "endereco": "RUA ARQUITETO MARCIO JOÃO DE ARRUDA, 400, JARDIM ROSINHA - Itu", "latitude": -23.2787559, "longitude": -47.2857834, "fonte_geocodificacao": "Google Geocoding API", "opm_nome": "COMANDO FORCA PATRULHA", "opm_descricao": "CPI-7 50.BPM/I EM DIV OP CFP", "opm_codigo": "607509330" }, "geometry": { "type": "Point", "coordinates": [ -47.2857834, -23.2787559 ] } },
{ "type": "Feature", "properties": { "id_comando": "CPI-7", "nome_comando": "7º Comando de Policiamento do Interior (CPI-7)", "nome_batalhao": "50º BPM/I", "tipo_batalhao": "Interior", "companhia": "EM", "pelotao": "P/3", "grupo": "1.PEL FT", "cidade": "Itu", "endereco": "RUA ARQUITETO MARCIO JOÃO DE ARRUDA, 400, VILA LEIS - Itu", "latitude": -23.2787559, "longitude": -47.2857834, "fonte_geocodificacao": "Google Geocoding API", "opm_nome": "1. PEL FT", "opm_descricao": "CPI-7 50.BPM/I EM P/3 1.PEL FT", "opm_codigo": "607509310" }, "geometry": { "type": "Point", "coordinates": [ -47.2857834, -23.2787559 ] } },
{ "type": "Feature", "properties": { "id_comando": "CPI-7", "nome_comando": "7º Comando de Policiamento do Interior (CPI-7)", "nome_batalhao": "50º BPM/I", "tipo_batalhao": "Interior", "companhia": "EM", "pelotao": "P/3", "grupo": "2. PEL FT", "cidade": "Itu", "endereco": "RUA ARQUITETO MARCIO JOÃO DE ARRUDA, 400, VILA LEIS - Itu", "latitude": -23.2787559, "longitude": -47.2857834, "fonte_geocodificacao": "Google Geocoding API", "opm_nome": "2. PEL FT", "opm_descricao": "CPI-7 50.BPM/I EM P/3 2. PEL FT", "opm_codigo": "607509312" }, "geometry": { "type": "Point", "coordinates": [ -47.2857834, -23.2787559 ] } },
{ "type": "Feature", "properties": { "id_comando": "CPI-7", "nome_comando": "7º Comando de Policiamento do Interior (CPI-7)", "nome_batalhao": "50º BPM/I", "tipo_batalhao": "Interior", "companhia": "EM", "pelotao": "P/3", "grupo": "CAD", "cidade": "Itu", "endereco": "RUA ARQUITETO MARCIO JOÃO DE ARRUDA, 400, VILA LEIS - Itu", "latitude": -23.2787559, "longitude": -47.2857834, "fonte_geocodificacao": "Google Geocoding API", "opm_nome": "50.BPM/I CAD", "opm_descricao": "CPI-7 50.BPM/I EM P/3 CAD", "opm_codigo": "607509320" }, "geometry": { "type": "Point", "coordinates": [ -47.2857834, -23.2787559 ] } },
{ "type": "Feature", "properties": { "id_comando": "CPI-7", "nome_comando": "7º Comando de Policiamento do Interior (CPI-7)", "nome_batalhao": "53º BPM/I", "tipo_batalhao": "Interior", "companhia": "1.CIA PM", "pelotao": "", "grupo": "GP/PM", "cidade": "Arandu", "endereco": "AVENIDA JOSE FEREZIN, 820, JARDIM BELA VISTA - Arandu", "latitude": -23.1383768, "longitude": -49.0572397, "fonte_geocodificacao": "Google Geocoding API", "opm_nome": "GRUPO POLICIAL MILITAR", "opm_descricao": "CPI-7 53.BPM/I 1.CIA PM GP/PM", "opm_codigo": "607531001" }, "geometry": { "type": "Point", "coordinates": [ -49.0572397, -23.1383768 ] } },
{ "type": "Feature", "properties": { "id_comando": "CPI-7", "nome_comando": "7º Comando de Policiamento do Interior (CPI-7)", "nome_batalhao": "53º BPM/I", "tipo_batalhao": "Interior", "companhia": "2.CIA PM", "pelotao": "", "grupo": "2.GP/PM", "cidade": "Aguas De Santa Barbara", "endereco": "Avenida José Costa, 900, VILA CANTIZANI - Aguas De Santa Barbara", "latitude": -22.8871683, "longitude": -49.2389034, "fonte_geocodificacao": "Google Geocoding API", "opm_nome": "2. GRUPO POLICIAL MILITAR", "opm_descricao": "CPI-7 53.BPM/I 2.CIA PM 2.GP/PM", "opm_codigo": "607532002" }, "geometry": { "type": "Point", "coordinates": [ -49.238903400000012, -22.8871683 ] } },
{ "type": "Feature", "properties": { "id_comando": "CPI-7", "nome_comando": "7º Comando de Policiamento do Interior (CPI-7)", "nome_batalhao": "53º BPM/I", "tipo_batalhao": "Interior", "companhia": "2.CIA PM", "pelotao": "4.PEL PM", "grupo": "0", "cidade": "Avare", "endereco": "RUA BAHIA, 100  OPM INEXISTENTE, CENTRO - Avare", "latitude": -23.1101681, "longitude": -48.9281151, "fonte_geocodificacao": "Google Geocoding API", "opm_nome": "53.BPM/I 2.CIA PM 4.PEL PM", "opm_descricao": "CPI-7 53.BPM/I 2.CIA PM 4.PEL PM 0", "opm_codigo": "607532400" }, "geometry": { "type": "Point", "coordinates": [ -48.9281151, -23.1101681 ] } },
{ "type": "Feature", "properties": { "id_comando": "CPI-7", "nome_comando": "7º Comando de Policiamento do Interior (CPI-7)", "nome_batalhao": "53º BPM/I", "tipo_batalhao": "Interior", "companhia": "2.CIA PM", "pelotao": "", "grupo": "1.GP/PM", "cidade": "Cerqueira Cesar", "endereco": "RUA RIACHUELO, 265, CENTRO - Cerqueira Cesar", "latitude": -23.0352334, "longitude": -49.1698372, "fonte_geocodificacao": "Google Geocoding API", "opm_nome": "1. GRUPO POLICIA MILITAR", "opm_descricao": "CPI-7 53.BPM/I 2.CIA PM 1.GP/PM", "opm_codigo": "607532001" }, "geometry": { "type": "Point", "coordinates": [ -49.1698372, -23.0352334 ] } },
{ "type": "Feature", "properties": { "id_comando": "CPI-7", "nome_comando": "7º Comando de Policiamento do Interior (CPI-7)", "nome_batalhao": "53º BPM/I", "tipo_batalhao": "Interior", "companhia": "2.CIA PM", "pelotao": "", "grupo": "5.GP/PM", "cidade": "Manduri", "endereco": "RUA RIO DE JANEIRO, 532, CENTRO - Manduri", "latitude": -23.0032536, "longitude": -49.3229995, "fonte_geocodificacao": "Google Geocoding API", "opm_nome": "5. GRUPO POLICIAL MILITAR", "opm_descricao": "CPI-7 53.BPM/I 2.CIA PM 5.GP/PM", "opm_codigo": "607532005" }, "geometry": { "type": "Point", "coordinates": [ -49.322999499999987, -23.0032536 ] } },
{ "type": "Feature", "properties": { "id_comando": "CPI-7", "nome_comando": "7º Comando de Policiamento do Interior (CPI-7)", "nome_batalhao": "53º BPM/I", "tipo_batalhao": "Interior", "companhia": "2.CIA PM", "pelotao": "", "grupo": "3.GP/PM", "cidade": "Sarutaia", "endereco": "RUA 7 DE SETEMBRO, 939, CENTRO - Sarutaia", "latitude": -23.2740214, "longitude": -49.4789786, "fonte_geocodificacao": "Google Geocoding API", "opm_nome": "3. GRUPO POLICIAL MILITAR", "opm_descricao": "CPI-7 53.BPM/I 2.CIA PM 3.GP/PM", "opm_codigo": "607532003" }, "geometry": { "type": "Point", "coordinates": [ -49.4789786, -23.2740214 ] } },
{ "type": "Feature", "properties": { "id_comando": "CPI-7", "nome_comando": "7º Comando de Policiamento do Interior (CPI-7)", "nome_batalhao": "53º BPM/I", "tipo_batalhao": "Interior", "companhia": "2.CIA PM", "pelotao": "", "grupo": "4.GP/PM", "cidade": "Tejupa", "endereco": "RUA DA MATRIZ, SN, 0, TAGUARAS - Tejupa", "latitude": -23.4008289, "longitude": -49.3462204, "fonte_geocodificacao": "Google Geocoding API", "opm_nome": "4. GRUPO POLICIAL MILITAR", "opm_descricao": "CPI-7 53.BPM/I 2.CIA PM 4.GP/PM", "opm_codigo": "607532004" }, "geometry": { "type": "Point", "coordinates": [ -49.3462204, -23.4008289 ] } },
{ "type": "Feature", "properties": { "id_comando": "CPI-7", "nome_comando": "7º Comando de Policiamento do Interior (CPI-7)", "nome_batalhao": "53º BPM/I", "tipo_batalhao": "Interior", "companhia": "3.CIA PM", "pelotao": "", "grupo": "1.GP/PM", "cidade": "Barao De Antonina", "endereco": "RUA CURITIBA, 36, CENTRO - Barao De Antonina", "latitude": -23.6277254, "longitude": -49.5649069, "fonte_geocodificacao": "Google Geocoding API", "opm_nome": "1. GRUPO POLICIAL MILITAR", "opm_descricao": "CPI-7 53.BPM/I 3.CIA PM 1.GP/PM", "opm_codigo": "607533001" }, "geometry": { "type": "Point", "coordinates": [ -49.5649069, -23.6277254 ] } },
{ "type": "Feature", "properties": { "id_comando": "CPI-7", "nome_comando": "7º Comando de Policiamento do Interior (CPI-7)", "nome_batalhao": "53º BPM/I", "tipo_batalhao": "Interior", "companhia": "3.CIA PM", "pelotao": "", "grupo": "3.GP/PM", "cidade": "Coronel Macedo", "endereco": "Rua Calixto Clemente de Almeida, 463, CENTRO - Coronel Macedo", "latitude": -23.6295639, "longitude": -49.3116282, "fonte_geocodificacao": "Google Geocoding API", "opm_nome": "3. GRUPO POLICIAL MILITAR", "opm_descricao": "CPI-7 53.BPM/I 3.CIA PM 3.GP/PM", "opm_codigo": "607533003" }, "geometry": { "type": "Point", "coordinates": [ -49.3116282, -23.6295639 ] } },
{ "type": "Feature", "properties": { "id_comando": "CPI-7", "nome_comando": "7º Comando de Policiamento do Interior (CPI-7)", "nome_batalhao": "53º BPM/I", "tipo_batalhao": "Interior", "companhia": "3.CIA PM", "pelotao": "", "grupo": "5.GP/PM", "cidade": "Fartura", "endereco": "Av. Maria José de Carvalho Del Cistia, 15, CENTRO - Fartura", "latitude": -23.3890965, "longitude": -49.5072819, "fonte_geocodificacao": "Google Geocoding API", "opm_nome": "5. GRUPO POLICIAL MILITAR", "opm_descricao": "CPI-7 53.BPM/I 3.CIA PM 5.GP/PM", "opm_codigo": "607533005" }, "geometry": { "type": "Point", "coordinates": [ -49.5072819, -23.3890965 ] } },
{ "type": "Feature", "properties": { "id_comando": "CPI-7", "nome_comando": "7º Comando de Policiamento do Interior (CPI-7)", "nome_batalhao": "53º BPM/I", "tipo_batalhao": "Interior", "companhia": "3.CIA PM", "pelotao": "", "grupo": "4.GP/PM", "cidade": "Itaporanga", "endereco": "RUA 21 DE ABRIL, 1128, CENTRO - Itaporanga", "latitude": -23.7105253, "longitude": -49.484102, "fonte_geocodificacao": "Google Geocoding API", "opm_nome": "4. GRUPO POLICIAL MILITAR", "opm_descricao": "CPI-7 53.BPM/I 3.CIA PM 4.GP/PM", "opm_codigo": "607533004" }, "geometry": { "type": "Point", "coordinates": [ -49.484102, -23.7105253 ] } },
{ "type": "Feature", "properties": { "id_comando": "CPI-7", "nome_comando": "7º Comando de Policiamento do Interior (CPI-7)", "nome_batalhao": "53º BPM/I", "tipo_batalhao": "Interior", "companhia": "3.CIA PM", "pelotao": "", "grupo": "2.GP/PM", "cidade": "Taguai", "endereco": "RUA JOSÉ GOBBO, 551, CENTRO - Taguai", "latitude": -23.4519855, "longitude": -49.4114442, "fonte_geocodificacao": "Google Geocoding API", "opm_nome": "2. GRUPO POLICIAL MILITAR", "opm_descricao": "CPI-7 53.BPM/I 3.CIA PM 2.GP/PM", "opm_codigo": "607533002" }, "geometry": { "type": "Point", "coordinates": [ -49.4114442, -23.4519855 ] } },
{ "type": "Feature", "properties": { "id_comando": "CPI-7", "nome_comando": "7º Comando de Policiamento do Interior (CPI-7)", "nome_batalhao": "53º BPM/I", "tipo_batalhao": "Interior", "companhia": "EM", "pelotao": "P/1", "grupo": "GD QUARTEL", "cidade": "Avare", "endereco": "RUA BAHIA, 100, BAIRRO ÁGUA BRANCA - Avare", "latitude": -23.1101681, "longitude": -48.9281151, "fonte_geocodificacao": "Google Geocoding API", "opm_nome": "GUARDA DO QUARTEL", "opm_descricao": "CPI-7 53.BPM/I EM P/1 GD QUARTEL", "opm_codigo": "607539110" }, "geometry": { "type": "Point", "coordinates": [ -48.9281151, -23.1101681 ] } },
{ "type": "Feature", "properties": { "id_comando": "CPI-7", "nome_comando": "7º Comando de Policiamento do Interior (CPI-7)", "nome_batalhao": "53º BPM/I", "tipo_batalhao": "Interior", "companhia": "EM", "pelotao": "P/3", "grupo": "CFP", "cidade": "Avare", "endereco": "RUA BAHIA, 100, BAIRRO ÁGUA BRANCA - Avare", "latitude": -23.1101681, "longitude": -48.9281151, "fonte_geocodificacao": "Google Geocoding API", "opm_nome": "COMANDO FORCA PATRULHA", "opm_descricao": "CPI-7 53.BPM/I EM P/3 CFP", "opm_codigo": "607539320" }, "geometry": { "type": "Point", "coordinates": [ -48.9281151, -23.1101681 ] } },
{ "type": "Feature", "properties": { "id_comando": "CPI-7", "nome_comando": "7º Comando de Policiamento do Interior (CPI-7)", "nome_batalhao": "53º BPM/I", "tipo_batalhao": "Interior", "companhia": "EM", "pelotao": "UIS", "grupo": "GAB MEDICO", "cidade": "Avare", "endereco": "RUA BAHIA, 100, CENTRO - Avare", "latitude": -23.1101681, "longitude": -48.9281151, "fonte_geocodificacao": "Google Geocoding API", "opm_nome": "GABINETE MEDICO", "opm_descricao": "CPI-7 53.BPM/I EM UIS GAB MEDICO", "opm_codigo": "607539011" }, "geometry": { "type": "Point", "coordinates": [ -48.9281151, -23.1101681 ] } },
{ "type": "Feature", "properties": { "id_comando": "CPI-7", "nome_comando": "7º Comando de Policiamento do Interior (CPI-7)", "nome_batalhao": "53º BPM/I", "tipo_batalhao": "Interior", "companhia": "EM", "pelotao": "UIS", "grupo": "GAB ODONTO", "cidade": "Avare", "endereco": "RUA BAHIA, 100, CENTRO - Avare", "latitude": -23.1101681, "longitude": -48.9281151, "fonte_geocodificacao": "Google Geocoding API", "opm_nome": "GABINETE ODONTOLOGICO", "opm_descricao": "CPI-7 53.BPM/I EM UIS GAB ODONTO", "opm_codigo": "607539012" }, "geometry": { "type": "Point", "coordinates": [ -48.9281151, -23.1101681 ] } },
{ "type": "Feature", "properties": { "id_comando": "CPI-7", "nome_comando": "7º Comando de Policiamento do Interior (CPI-7)", "nome_batalhao": "53º BPM/I", "tipo_batalhao": "Interior", "companhia": "EM", "pelotao": "P/3", "grupo": "CAD", "cidade": "Avare", "endereco": "RUA BAHIA, 100, CENTRO - Avare", "latitude": -23.1101681, "longitude": -48.9281151, "fonte_geocodificacao": "Google Geocoding API", "opm_nome": "CENTRO DE ATENDIMENTO E DESPACHO", "opm_descricao": "CPI-7 53.BPM/I EM P/3 CAD", "opm_codigo": "607539310" }, "geometry": { "type": "Point", "coordinates": [ -48.9281151, -23.1101681 ] } },
{ "type": "Feature", "properties": { "id_comando": "CPI-7", "nome_comando": "7º Comando de Policiamento do Interior (CPI-7)", "nome_batalhao": "53º BPM/I", "tipo_batalhao": "Interior", "companhia": "EM", "pelotao": "UIS MEDICA", "grupo": "0", "cidade": "Avare", "endereco": "RUA BAHIA, 100, JARDIM BOM SUCESSO - Avare", "latitude": -23.1101681, "longitude": -48.9281151, "fonte_geocodificacao": "Google Geocoding API", "opm_nome": "53.BPM/I EM UIS MEDICA", "opm_descricao": "CPI-7 53.BPM/I EM UIS MEDICA 0", "opm_codigo": "607539800" }, "geometry": { "type": "Point", "coordinates": [ -48.9281151, -23.1101681 ] } },
{ "type": "Feature", "properties": { "id_comando": "CPI-7", "nome_comando": "7º Comando de Policiamento do Interior (CPI-7)", "nome_batalhao": "54º BPM/I", "tipo_batalhao": "Interior", "companhia": "1.CIA PM", "pelotao": "", "grupo": "1.GP/PM", "cidade": "Buri", "endereco": "RUA DELFINO FONSECA/ BURI, 13, ALEM LINHA - Buri", "latitude": -23.7969887, "longitude": -48.5944038, "fonte_geocodificacao": "Google Geocoding API", "opm_nome": "1. GRUPO POLICIAL MILITAR", "opm_descricao": "CPI-7 54.BPM/I 1.CIA PM 1.GP/PM", "opm_codigo": "607541001" }, "geometry": { "type": "Point", "coordinates": [ -48.594403799999988, -23.7969887 ] } },
{ "type": "Feature", "properties": { "id_comando": "CPI-7", "nome_comando": "7º Comando de Policiamento do Interior (CPI-7)", "nome_batalhao": "54º BPM/I", "tipo_batalhao": "Interior", "companhia": "1.CIA PM", "pelotao": "", "grupo": "2.GP/PM", "cidade": "Ribeirao Branco", "endereco": "RUA CORONEL ESTEVAM DE SOUZA, 391, CENTRO - Ribeirao Branco", "latitude": -24.2200219, "longitude": -48.7641895, "fonte_geocodificacao": "Google Geocoding API", "opm_nome": "2. GRUPO POLICIAL MILITAR", "opm_descricao": "CPI-7 54.BPM/I 1.CIA PM 2.GP/PM", "opm_codigo": "607541002" }, "geometry": { "type": "Point", "coordinates": [ -48.7641895, -24.2200219 ] } },
{ "type": "Feature", "properties": { "id_comando": "CPI-7", "nome_comando": "7º Comando de Policiamento do Interior (CPI-7)", "nome_batalhao": "54º BPM/I", "tipo_batalhao": "Interior", "companhia": "1.CIA PM", "pelotao": "", "grupo": "3.GP/PM", "cidade": "Taquarivai", "endereco": "RUA JOAQUIM MANOEL DA FONSECA, 339, CENTRO - Taquarivai", "latitude": -23.9240283, "longitude": -48.6986631, "fonte_geocodificacao": "Google Geocoding API", "opm_nome": "3. GRUPO POLICIAL MILITAR", "opm_descricao": "CPI-7 54.BPM/I 1.CIA PM 3.GP/PM", "opm_codigo": "607541003" }, "geometry": { "type": "Point", "coordinates": [ -48.6986631, -23.9240283 ] } },
{ "type": "Feature", "properties": { "id_comando": "CPI-7", "nome_comando": "7º Comando de Policiamento do Interior (CPI-7)", "nome_batalhao": "54º BPM/I", "tipo_batalhao": "Interior", "companhia": "2.CIA PM", "pelotao": "", "grupo": "5.GP/PM", "cidade": "Barra Do Chapeu", "endereco": "Avenida Nossa Senhora da Guia/ BARRA DO CHAPEU, 206, CENTRO - Barra Do Chapeu", "latitude": -24.473418, "longitude": -49.0261616, "fonte_geocodificacao": "Google Geocoding API", "opm_nome": "5. GRUPO POLICIAL MILITAR", "opm_descricao": "CPI-7 54.BPM/I 2.CIA PM 5.GP/PM", "opm_codigo": "607542005" }, "geometry": { "type": "Point", "coordinates": [ -49.026161599999988, -24.473418 ] } },
{ "type": "Feature", "properties": { "id_comando": "CPI-7", "nome_comando": "7º Comando de Policiamento do Interior (CPI-7)", "nome_batalhao": "54º BPM/I", "tipo_batalhao": "Interior", "companhia": "2.CIA PM", "pelotao": "", "grupo": "GP/FT", "cidade": "Capao Bonito", "endereco": "RUA PEDRO ALVES XAVIER, 100, BELA VISTA - Capao Bonito", "latitude": -23.9931375, "longitude": -48.3502779, "fonte_geocodificacao": "Google Geocoding API", "opm_nome": "54.BPM/I 2. CIA PEL FT", "opm_descricao": "CPI-7 54.BPM/I 2.CIA PM GP/FT", "opm_codigo": "607542010" }, "geometry": { "type": "Point", "coordinates": [ -48.350277899999988, -23.9931375 ] } },
{ "type": "Feature", "properties": { "id_comando": "CPI-7", "nome_comando": "7º Comando de Policiamento do Interior (CPI-7)", "nome_batalhao": "54º BPM/I", "tipo_batalhao": "Interior", "companhia": "2.CIA PM", "pelotao": "ADM", "grupo": "CAD", "cidade": "Capao Bonito", "endereco": "PEDRO ALVES XAVIER, 100, BELA VISTA - Capao Bonito", "latitude": -23.9931375, "longitude": -48.3502779, "fonte_geocodificacao": "Google Geocoding API", "opm_nome": "CENTRO DE ATENDIMENTO E DESPACHO", "opm_descricao": "CPI-7 54.BPM/I 2.CIA PM ADM CAD", "opm_codigo": "607542301" }, "geometry": { "type": "Point", "coordinates": [ -48.350277899999988, -23.9931375 ] } },
{ "type": "Feature", "properties": { "id_comando": "CPI-7", "nome_comando": "7º Comando de Policiamento do Interior (CPI-7)", "nome_batalhao": "54º BPM/I", "tipo_batalhao": "Interior", "companhia": "2.CIA PM", "pelotao": "", "grupo": "3.GP/PM", "cidade": "Guapiara", "endereco": "RUA VITALINO PAGLIATO, 1300, SÃO JOSÉ GUAPIARA - Guapiara", "latitude": -24.1896991, "longitude": -48.5300136, "fonte_geocodificacao": "Google Geocoding API", "opm_nome": "3. GRUPO POLICIAL MILITAR", "opm_descricao": "CPI-7 54.BPM/I 2.CIA PM 3.GP/PM", "opm_codigo": "607542003" }, "geometry": { "type": "Point", "coordinates": [ -48.5300136, -24.1896991 ] } },
{ "type": "Feature", "properties": { "id_comando": "CPI-7", "nome_comando": "7º Comando de Policiamento do Interior (CPI-7)", "nome_batalhao": "54º BPM/I", "tipo_batalhao": "Interior", "companhia": "2.CIA PM", "pelotao": "", "grupo": "4.GP/PM", "cidade": "Itaoca", "endereco": "Rua Crescencio da Silva Rosa/ ITAOCA, 8, CENTRO - Itaoca", "latitude": -24.6423256, "longitude": -48.8372471, "fonte_geocodificacao": "Google Geocoding API", "opm_nome": "4. GRUPO POLICIAL MILITAR", "opm_descricao": "CPI-7 54.BPM/I 2.CIA PM 4.GP/PM", "opm_codigo": "607542004" }, "geometry": { "type": "Point", "coordinates": [ -48.8372471, -24.6423256 ] } },
{ "type": "Feature", "properties": { "id_comando": "CPI-7", "nome_comando": "7º Comando de Policiamento do Interior (CPI-7)", "nome_batalhao": "54º BPM/I", "tipo_batalhao": "Interior", "companhia": "2.CIA PM", "pelotao": "", "grupo": "6.GP/PM", "cidade": "Itapirapua Paulista", "endereco": "AVENIDA OLIVEIRA CÉSAR/ ITAPIRAPUA PAULISTA, 131, CENTRO - Itapirapua Paulista", "latitude": -24.5742637, "longitude": -49.170722, "fonte_geocodificacao": "Google Geocoding API", "opm_nome": "6. GRUPO POLICIAL MILITAR", "opm_descricao": "CPI-7 54.BPM/I 2.CIA PM 6.GP/PM", "opm_codigo": "607542006" }, "geometry": { "type": "Point", "coordinates": [ -49.170722, -24.5742637 ] } },
{ "type": "Feature", "properties": { "id_comando": "CPI-7", "nome_comando": "7º Comando de Policiamento do Interior (CPI-7)", "nome_batalhao": "54º BPM/I", "tipo_batalhao": "Interior", "companhia": "2.CIA PM", "pelotao": "", "grupo": "2.GP/PM", "cidade": "Ribeira", "endereco": "RUA NAGIB ANTÔNIO, 119, CENTRO - Ribeira", "latitude": -24.6580633, "longitude": -49.008402, "fonte_geocodificacao": "Google Geocoding API", "opm_nome": "2. GRUPO POLICIAL MILITAR", "opm_descricao": "CPI-7 54.BPM/I 2.CIA PM 2.GP/PM", "opm_codigo": "607542002" }, "geometry": { "type": "Point", "coordinates": [ -49.008402, -24.6580633 ] } },
{ "type": "Feature", "properties": { "id_comando": "CPI-7", "nome_comando": "7º Comando de Policiamento do Interior (CPI-7)", "nome_batalhao": "54º BPM/I", "tipo_batalhao": "Interior", "companhia": "2.CIA PM", "pelotao": "", "grupo": "1.GP/PM", "cidade": "Ribeirao Grande", "endereco": "PRAÇA BOM JEUS, 74, CENTRO - Ribeirao Grande", "latitude": -24.0990451, "longitude": -48.3655113, "fonte_geocodificacao": "Google Geocoding API", "opm_nome": "1. GRUPO POLICIAL MILITAR", "opm_descricao": "CPI-7 54.BPM/I 2.CIA PM 1.GP/PM", "opm_codigo": "607542001" }, "geometry": { "type": "Point", "coordinates": [ -48.3655113, -24.0990451 ] } },
{ "type": "Feature", "properties": { "id_comando": "CPI-7", "nome_comando": "7º Comando de Policiamento do Interior (CPI-7)", "nome_batalhao": "54º BPM/I", "tipo_batalhao": "Interior", "companhia": "3.CIA PM", "pelotao": "", "grupo": "1.GP PM", "cidade": "Bom Sucesso De Itarare", "endereco": "RUA ZILDA MEREGE PÍMENTEL, 100, JARDIM PIONEIRO - Bom Sucesso De Itarare", "latitude": -24.3213188, "longitude": -49.14511, "fonte_geocodificacao": "Google Geocoding API", "opm_nome": "1. GRUPO POLICIAL MILITAR", "opm_descricao": "CPI-7 54.BPM/I 3.CIA PM 1.GP PM", "opm_codigo": "607543002" }, "geometry": { "type": "Point", "coordinates": [ -49.14511, -24.3213188 ] } },
{ "type": "Feature", "properties": { "id_comando": "CPI-7", "nome_comando": "7º Comando de Policiamento do Interior (CPI-7)", "nome_batalhao": "54º BPM/I", "tipo_batalhao": "Interior", "companhia": "3.CIA PM", "pelotao": "", "grupo": "2.GP PM", "cidade": "Itabera", "endereco": "Rua 23 de Maio/ ITABERA, 194, CENTRO - Itabera", "latitude": -23.8631958, "longitude": -49.1390253, "fonte_geocodificacao": "Google Geocoding API", "opm_nome": "2. GRUPO POLICIAL MILITAR", "opm_descricao": "CPI-7 54.BPM/I 3.CIA PM 2.GP PM", "opm_codigo": "607543003" }, "geometry": { "type": "Point", "coordinates": [ -49.1390253, -23.8631958 ] } },
{ "type": "Feature", "properties": { "id_comando": "CPI-7", "nome_comando": "7º Comando de Policiamento do Interior (CPI-7)", "nome_batalhao": "54º BPM/I", "tipo_batalhao": "Interior", "companhia": "3.CIA PM", "pelotao": "", "grupo": "3.GP PM", "cidade": "Nova Campina", "endereco": "Av. João Cardoso de Almeida/ NOVA CAMPINA, 700, CENTRO - Nova Campina", "latitude": -24.1241159, "longitude": -48.9059372, "fonte_geocodificacao": "Google Geocoding API", "opm_nome": "3. GRUPO POLICIAL MILITAR", "opm_descricao": "CPI-7 54.BPM/I 3.CIA PM 3.GP PM", "opm_codigo": "607543004" }, "geometry": { "type": "Point", "coordinates": [ -48.9059372, -24.1241159 ] } },
{ "type": "Feature", "properties": { "id_comando": "CPI-7", "nome_comando": "7º Comando de Policiamento do Interior (CPI-7)", "nome_batalhao": "54º BPM/I", "tipo_batalhao": "Interior", "companhia": "EM", "pelotao": "P/3", "grupo": "2.PEL FT", "cidade": "Capao Bonito", "endereco": "RUA PEDRO ALVES XAVIER, 100, BELA VISTA - Capao Bonito", "latitude": -23.9931375, "longitude": -48.3502779, "fonte_geocodificacao": "Google Geocoding API", "opm_nome": "2. PEL FT", "opm_descricao": "CPI-7 54.BPM/I EM P/3 2.PEL FT", "opm_codigo": "607549340" }, "geometry": { "type": "Point", "coordinates": [ -48.350277899999988, -23.9931375 ] } },
{ "type": "Feature", "properties": { "id_comando": "CPI-7", "nome_comando": "7º Comando de Policiamento do Interior (CPI-7)", "nome_batalhao": "54º BPM/I", "tipo_batalhao": "Interior", "companhia": "EM", "pelotao": "UIS", "grupo": "GAB MEDICO", "cidade": "Itapeva", "endereco": "RUA CORONEL CRESCÊNCIO, 592, CENTRO - Itapeva", "latitude": -23.9853816, "longitude": -48.8750751, "fonte_geocodificacao": "Google Geocoding API", "opm_nome": "GABINETE MEDICO", "opm_descricao": "CPI-7 54.BPM/I EM UIS GAB MEDICO", "opm_codigo": "607544100" }, "geometry": { "type": "Point", "coordinates": [ -48.8750751, -23.9853816 ] } },
{ "type": "Feature", "properties": { "id_comando": "CPI-7", "nome_comando": "7º Comando de Policiamento do Interior (CPI-7)", "nome_batalhao": "54º BPM/I", "tipo_batalhao": "Interior", "companhia": "EM", "pelotao": "UIS", "grupo": "GAB ODONTO", "cidade": "Itapeva", "endereco": "RUA CORONEL CRESCÊNCIO, 592, CENTRO - Itapeva", "latitude": -23.9853816, "longitude": -48.8750751, "fonte_geocodificacao": "Google Geocoding API", "opm_nome": "GABINETE ODONTOLOGICO", "opm_descricao": "CPI-7 54.BPM/I EM UIS GAB ODONTO", "opm_codigo": "607544200" }, "geometry": { "type": "Point", "coordinates": [ -48.8750751, -23.9853816 ] } },
{ "type": "Feature", "properties": { "id_comando": "CPI-7", "nome_comando": "7º Comando de Policiamento do Interior (CPI-7)", "nome_batalhao": "54º BPM/I", "tipo_batalhao": "Interior", "companhia": "EM", "pelotao": "P/1 P/5", "grupo": "GD QUARTEL", "cidade": "Itapeva", "endereco": "RUA CORONEL CRESCÊNCIO, 592, CENTRO - Itapeva", "latitude": -23.9853816, "longitude": -48.8750751, "fonte_geocodificacao": "Google Geocoding API", "opm_nome": "GUARDA DO QUARTEL", "opm_descricao": "CPI-7 54.BPM/I EM P/1 P/5 GD QUARTEL", "opm_codigo": "607549110" }, "geometry": { "type": "Point", "coordinates": [ -48.8750751, -23.9853816 ] } },
{ "type": "Feature", "properties": { "id_comando": "CPI-7", "nome_comando": "7º Comando de Policiamento do Interior (CPI-7)", "nome_batalhao": "54º BPM/I", "tipo_batalhao": "Interior", "companhia": "EM", "pelotao": "DIV OP", "grupo": "CAD", "cidade": "Itapeva", "endereco": "RUA CORONEL CRESCÊNCIO, 592, CENTRO - Itapeva", "latitude": -23.9853816, "longitude": -48.8750751, "fonte_geocodificacao": "Google Geocoding API", "opm_nome": "CENTRO DE ATENDIMENTO E DESPACHO", "opm_descricao": "CPI-7 54.BPM/I EM DIV OP CAD", "opm_codigo": "607549310" }, "geometry": { "type": "Point", "coordinates": [ -48.8750751, -23.9853816 ] } },
{ "type": "Feature", "properties": { "id_comando": "CPI-7", "nome_comando": "7º Comando de Policiamento do Interior (CPI-7)", "nome_batalhao": "54º BPM/I", "tipo_batalhao": "Interior", "companhia": "EM", "pelotao": "DIV OP", "grupo": "CFP", "cidade": "Itapeva", "endereco": "RUA CORONEL CRESCÊNCIO, 592, CENTRO - Itapeva", "latitude": -23.9853816, "longitude": -48.8750751, "fonte_geocodificacao": "Google Geocoding API", "opm_nome": "COMANDO FORCA PATRULHA", "opm_descricao": "CPI-7 54.BPM/I EM DIV OP CFP", "opm_codigo": "607549320" }, "geometry": { "type": "Point", "coordinates": [ -48.8750751, -23.9853816 ] } },
{ "type": "Feature", "properties": { "id_comando": "CPI-7", "nome_comando": "7º Comando de Policiamento do Interior (CPI-7)", "nome_batalhao": "54º BPM/I", "tipo_batalhao": "Interior", "companhia": "EM", "pelotao": "P/3", "grupo": "1.PEL FT", "cidade": "Itapeva", "endereco": "RUA CORONEL CRESCÊNCIO, 592, CENTRO - Itapeva", "latitude": -23.9853816, "longitude": -48.8750751, "fonte_geocodificacao": "Google Geocoding API", "opm_nome": "1. PEL FT", "opm_descricao": "CPI-7 54.BPM/I EM P/3 1.PEL FT", "opm_codigo": "607549330" }, "geometry": { "type": "Point", "coordinates": [ -48.8750751, -23.9853816 ] } },
{ "type": "Feature", "properties": { "id_comando": "CPI-7", "nome_comando": "7º Comando de Policiamento do Interior (CPI-7)", "nome_batalhao": "55º BPM/I", "tipo_batalhao": "Interior", "companhia": "EM", "pelotao": "P/3", "grupo": "CFP", "cidade": "Sorocaba", "endereco": "AVENIDA GENERAL OSÓRIO, 986, VILA TRUJILLO - Sorocaba", "latitude": -23.4909081, "longitude": -47.471432, "fonte_geocodificacao": "Google Geocoding API", "opm_nome": "COMANDO FORCA PATRULHA", "opm_descricao": "CPI-7 55.BPM/I EM P/3 CFP", "opm_codigo": "607559310" }, "geometry": { "type": "Point", "coordinates": [ -47.471432, -23.4909081 ] } },
{ "type": "Feature", "properties": { "id_comando": "CPI-7", "nome_comando": "7º Comando de Policiamento do Interior (CPI-7)", "nome_batalhao": "7º BPM/I", "tipo_batalhao": "Interior", "companhia": "EM", "pelotao": "P/3", "grupo": "CFP", "cidade": "Sorocaba", "endereco": "RUA GENERAL MENA BARRETO, 190, JARDIM SAO CAETANO - Sorocaba", "latitude": -23.5047884, "longitude": -47.483184, "fonte_geocodificacao": "Google Geocoding API", "opm_nome": "COMANDO FORCA PATRULHA", "opm_descricao": "CPI-7 7.BPM/I EM P/3 CFP", "opm_codigo": "607078310" }, "geometry": { "type": "Point", "coordinates": [ -47.483184, -23.5047884 ] } },
{ "type": "Feature", "properties": { "id_comando": "CPI-8", "nome_comando": "8º Comando de Policiamento do Interior (CPI-8)", "nome_batalhao": "18º BPM/I", "tipo_batalhao": "Interior", "companhia": "2.CIA PM", "pelotao": "", "grupo": "1.GP/PM", "cidade": "Caiabu", "endereco": "RUA HENRIQUE PEDRO FERREIRA, 495, CENTRO - Caiabu", "latitude": -22.0154207, "longitude": -51.2358806, "fonte_geocodificacao": "Google Geocoding API", "opm_nome": "1. GRUPO POLICIAL MILITAR", "opm_descricao": "CPI-8 18.BPM/I 2.CIA PM 1.GP/PM", "opm_codigo": "608182001" }, "geometry": { "type": "Point", "coordinates": [ -51.235880599999987, -22.0154207 ] } },
{ "type": "Feature", "properties": { "id_comando": "CPI-8", "nome_comando": "8º Comando de Policiamento do Interior (CPI-8)", "nome_batalhao": "18º BPM/I", "tipo_batalhao": "Interior", "companhia": "2.CIA PM", "pelotao": "", "grupo": "5.GP/PM", "cidade": "Iepe", "endereco": "RUA SERGIPE, 262, CENTRO - Iepe", "latitude": -22.6634099, "longitude": -51.0773047, "fonte_geocodificacao": "Google Geocoding API", "opm_nome": "5. GRUPO POLICIAL MILITAR", "opm_descricao": "CPI-8 18.BPM/I 2.CIA PM 5.GP/PM", "opm_codigo": "608182005" }, "geometry": { "type": "Point", "coordinates": [ -51.0773047, -22.6634099 ] } },
{ "type": "Feature", "properties": { "id_comando": "CPI-8", "nome_comando": "8º Comando de Policiamento do Interior (CPI-8)", "nome_batalhao": "18º BPM/I", "tipo_batalhao": "Interior", "companhia": "2.CIA PM", "pelotao": "", "grupo": "2.GP/PM", "cidade": "Indiana", "endereco": "RUA CAPITÃO WITAKER, 178, CENTRO - Indiana", "latitude": -22.1761555, "longitude": -51.2518911, "fonte_geocodificacao": "Google Geocoding API", "opm_nome": "2. GRUPO POLICIAL MILITAR", "opm_descricao": "CPI-8 18.BPM/I 2.CIA PM 2.GP/PM", "opm_codigo": "608182002" }, "geometry": { "type": "Point", "coordinates": [ -51.251891099999987, -22.1761555 ] } },
{ "type": "Feature", "properties": { "id_comando": "CPI-8", "nome_comando": "8º Comando de Policiamento do Interior (CPI-8)", "nome_batalhao": "18º BPM/I", "tipo_batalhao": "Interior", "companhia": "2.CIA PM", "pelotao": "", "grupo": "6.GP PM", "cidade": "Joao Ramalho", "endereco": "RUA SOROCABANA, 248, CENTRO - Joao Ramalho", "latitude": -22.2524436, "longitude": -50.7660576, "fonte_geocodificacao": "Google Geocoding API", "opm_nome": "6. GRUPO POLICIAL MILITAR", "opm_descricao": "CPI-8 18.BPM/I 2.CIA PM 6.GP PM", "opm_codigo": "608182006" }, "geometry": { "type": "Point", "coordinates": [ -50.7660576, -22.2524436 ] } },
{ "type": "Feature", "properties": { "id_comando": "CPI-8", "nome_comando": "8º Comando de Policiamento do Interior (CPI-8)", "nome_batalhao": "18º BPM/I", "tipo_batalhao": "Interior", "companhia": "2.CIA PM", "pelotao": "", "grupo": "4.GP/PM", "cidade": "Nantes", "endereco": "RUA URIAS LEMES DOS SANTOS, 151, CENTRO - Nantes", "latitude": -22.6194379, "longitude": -51.2393407, "fonte_geocodificacao": "Google Geocoding API", "opm_nome": "4. GRUPO POLICIAL MILITAR", "opm_descricao": "CPI-8 18.BPM/I 2.CIA PM 4.GP/PM", "opm_codigo": "608182004" }, "geometry": { "type": "Point", "coordinates": [ -51.2393407, -22.6194379 ] } },
{ "type": "Feature", "properties": { "id_comando": "CPI-8", "nome_comando": "8º Comando de Policiamento do Interior (CPI-8)", "nome_batalhao": "18º BPM/I", "tipo_batalhao": "Interior", "companhia": "2.CIA PM", "pelotao": "", "grupo": "3.GP/PM", "cidade": "Taciba", "endereco": "RUA MOISES CALIXTO, 555, CENTRO - Taciba", "latitude": -22.3871754, "longitude": -51.2861539, "fonte_geocodificacao": "Google Geocoding API", "opm_nome": "3. GRUPO POLICIAL MILITAR", "opm_descricao": "CPI-8 18.BPM/I 2.CIA PM 3.GP/PM", "opm_codigo": "608182003" }, "geometry": { "type": "Point", "coordinates": [ -51.2861539, -22.3871754 ] } },
{ "type": "Feature", "properties": { "id_comando": "CPI-8", "nome_comando": "8º Comando de Policiamento do Interior (CPI-8)", "nome_batalhao": "18º BPM/I", "tipo_batalhao": "Interior", "companhia": "3.CIA PM", "pelotao": "", "grupo": "5.GP/PM", "cidade": "Anhumas", "endereco": "RUA VICENTE LOPES RAMON, 668, CENTRO - Anhumas", "latitude": -22.2962786, "longitude": -51.386481, "fonte_geocodificacao": "Google Geocoding API", "opm_nome": "5. GRUPO POLICIAL MILITAR", "opm_descricao": "CPI-8 18.BPM/I 3.CIA PM 5.GP/PM", "opm_codigo": "608183005" }, "geometry": { "type": "Point", "coordinates": [ -51.386481, -22.2962786 ] } },
{ "type": "Feature", "properties": { "id_comando": "CPI-8", "nome_comando": "8º Comando de Policiamento do Interior (CPI-8)", "nome_batalhao": "18º BPM/I", "tipo_batalhao": "Interior", "companhia": "3.CIA PM", "pelotao": "", "grupo": "3.GP/PM", "cidade": "Estrela Do Norte", "endereco": "RUA VEREADOR JOÃO VICENTE, 152, CENTRO - Estrela Do Norte", "latitude": -22.4882256, "longitude": -51.6614335, "fonte_geocodificacao": "Google Geocoding API", "opm_nome": "3. GRUPO  POLICIAL MILITAR", "opm_descricao": "CPI-8 18.BPM/I 3.CIA PM 3.GP/PM", "opm_codigo": "608183003" }, "geometry": { "type": "Point", "coordinates": [ -51.6614335, -22.4882256 ] } },
{ "type": "Feature", "properties": { "id_comando": "CPI-8", "nome_comando": "8º Comando de Policiamento do Interior (CPI-8)", "nome_batalhao": "18º BPM/I", "tipo_batalhao": "Interior", "companhia": "3.CIA PM", "pelotao": "", "grupo": "2.GP/PM", "cidade": "Narandiba", "endereco": "RUA ALVES DE ALMEIDA, 346, CENTRO - Narandiba", "latitude": -22.4094036, "longitude": -51.5237281, "fonte_geocodificacao": "Google Geocoding API", "opm_nome": "2. GRUPO  POLICIAL MILITAR", "opm_descricao": "CPI-8 18.BPM/I 3.CIA PM 2.GP/PM", "opm_codigo": "608183002" }, "geometry": { "type": "Point", "coordinates": [ -51.5237281, -22.4094036 ] } },
{ "type": "Feature", "properties": { "id_comando": "CPI-8", "nome_comando": "8º Comando de Policiamento do Interior (CPI-8)", "nome_batalhao": "18º BPM/I", "tipo_batalhao": "Interior", "companhia": "3.CIA PM", "pelotao": "", "grupo": "1.GP/PM", "cidade": "Sandovalina", "endereco": "AVENIDA PREFEITO JOÃO BORGES FRIAS, 938, CENTRO - Sandovalina", "latitude": -22.457855, "longitude": -51.7610274, "fonte_geocodificacao": "Google Geocoding API", "opm_nome": "1. GRUPO POLICIAL MILITAR", "opm_descricao": "CPI-8 18.BPM/I 3.CIA PM 1.GP/PM", "opm_codigo": "608183001" }, "geometry": { "type": "Point", "coordinates": [ -51.7610274, -22.457855 ] } },
{ "type": "Feature", "properties": { "id_comando": "CPI-8", "nome_comando": "8º Comando de Policiamento do Interior (CPI-8)", "nome_batalhao": "18º BPM/I", "tipo_batalhao": "Interior", "companhia": "3.CIA PM", "pelotao": "", "grupo": "4.GP/PM", "cidade": "Tarabai", "endereco": "RUA ARMANDO JANUÁRIO, 126, RURAL - Tarabai", "latitude": -22.3011904, "longitude": -51.5631583, "fonte_geocodificacao": "Google Geocoding API", "opm_nome": "4. GRUPO POLICIAL MILITAR", "opm_descricao": "CPI-8 18.BPM/I 3.CIA PM 4.GP/PM", "opm_codigo": "608183004" }, "geometry": { "type": "Point", "coordinates": [ -51.5631583, -22.3011904 ] } },
{ "type": "Feature", "properties": { "id_comando": "CPI-8", "nome_comando": "8º Comando de Policiamento do Interior (CPI-8)", "nome_batalhao": "18º BPM/I", "tipo_batalhao": "Interior", "companhia": "4.CIA PM", "pelotao": "", "grupo": "3.GP/PM", "cidade": "Alfredo Marcondes", "endereco": "RUA SANTO PEREIRA DA ROCHA, 150, CENTRO - Alfredo Marcondes", "latitude": -21.9543324, "longitude": -51.4125533, "fonte_geocodificacao": "Google Geocoding API", "opm_nome": "3. GRUPO POLICIAL MILITAR", "opm_descricao": "CPI-8 18.BPM/I 4.CIA PM 3.GP/PM", "opm_codigo": "608184003" }, "geometry": { "type": "Point", "coordinates": [ -51.4125533, -21.9543324 ] } },
{ "type": "Feature", "properties": { "id_comando": "CPI-8", "nome_comando": "8º Comando de Policiamento do Interior (CPI-8)", "nome_batalhao": "18º BPM/I", "tipo_batalhao": "Interior", "companhia": "4.CIA PM", "pelotao": "", "grupo": "1.GP/PM", "cidade": "Emilianopolis", "endereco": "RUA IDALINA MARIA FIORESE, 140, CENTRO - Emilianopolis", "latitude": -21.8338217, "longitude": -51.4838337, "fonte_geocodificacao": "Google Geocoding API", "opm_nome": "1. GRUPO POLICIAL MILITAR", "opm_descricao": "CPI-8 18.BPM/I 4.CIA PM 1.GP/PM", "opm_codigo": "608184001" }, "geometry": { "type": "Point", "coordinates": [ -51.4838337, -21.8338217 ] } },
{ "type": "Feature", "properties": { "id_comando": "CPI-8", "nome_comando": "8º Comando de Policiamento do Interior (CPI-8)", "nome_batalhao": "18º BPM/I", "tipo_batalhao": "Interior", "companhia": "4.CIA PM", "pelotao": "", "grupo": "2.GP/PM", "cidade": "Santo Expedito", "endereco": "RUA CARLOS GOMES, 437, CENTRO - Santo Expedito", "latitude": -21.8515707, "longitude": -51.3919765, "fonte_geocodificacao": "Google Geocoding API", "opm_nome": "2. GRUPO POLICIAL MILITAR", "opm_descricao": "CPI-8 18.BPM/I 4.CIA PM 2.GP/PM", "opm_codigo": "608184002" }, "geometry": { "type": "Point", "coordinates": [ -51.3919765, -21.8515707 ] } },
{ "type": "Feature", "properties": { "id_comando": "CPI-8", "nome_comando": "8º Comando de Policiamento do Interior (CPI-8)", "nome_batalhao": "18º BPM/I", "tipo_batalhao": "Interior", "companhia": "CIA F TAT", "pelotao": "", "grupo": "GP PM-CA", "cidade": "Presidente Prudente", "endereco": "AVENIDA JOAQUIM CONSTANTINO, 351, VILA FORMOSA - Presidente Prudente", "latitude": -22.1485533, "longitude": -51.3931744, "fonte_geocodificacao": "Google Geocoding API", "opm_nome": "18.BPM/I - GRUPO CANIL", "opm_descricao": "CPI-8 18.BPM/I CIA F TAT GP PM-CA", "opm_codigo": "608187001" }, "geometry": { "type": "Point", "coordinates": [ -51.3931744, -22.1485533 ] } },
{ "type": "Feature", "properties": { "id_comando": "CPI-8", "nome_comando": "8º Comando de Policiamento do Interior (CPI-8)", "nome_batalhao": "18º BPM/I", "tipo_batalhao": "Interior", "companhia": "CIA F TAT", "pelotao": "", "grupo": "GP P MON", "cidade": "Presidente Prudente", "endereco": "AVENIDA JOAQUIM CONSTANTINO, 351, VILA FORMOSA - Presidente Prudente", "latitude": -22.1485533, "longitude": -51.3931744, "fonte_geocodificacao": "Google Geocoding API", "opm_nome": "18.BPM/I - GRUPO DE POLICIA MONTADA", "opm_descricao": "CPI-8 18.BPM/I CIA F TAT GP P MON", "opm_codigo": "608187002" }, "geometry": { "type": "Point", "coordinates": [ -51.3931744, -22.1485533 ] } },
{ "type": "Feature", "properties": { "id_comando": "CPI-8", "nome_comando": "8º Comando de Policiamento do Interior (CPI-8)", "nome_batalhao": "18º BPM/I", "tipo_batalhao": "Interior", "companhia": "EM", "pelotao": "P/1 P/3 E P/5", "grupo": "CFP", "cidade": "Presidente Prudente", "endereco": "AVENIDA JOAQUIM CONSTANTINO, 351, PQ HIGIENOPOLIS - Presidente Prudente", "latitude": -22.1485533, "longitude": -51.3931744, "fonte_geocodificacao": "Google Geocoding API", "opm_nome": "COMANDO FORCA PATRULHA", "opm_descricao": "CPI-8 18.BPM/I EM P/1 P/3 E P/5 CFP", "opm_codigo": "608189110" }, "geometry": { "type": "Point", "coordinates": [ -51.3931744, -22.1485533 ] } },
{ "type": "Feature", "properties": { "id_comando": "CPI-8", "nome_comando": "8º Comando de Policiamento do Interior (CPI-8)", "nome_batalhao": "25º BPM/I", "tipo_batalhao": "Interior", "companhia": "1.CIA PM", "pelotao": "ADM", "grupo": "0", "cidade": "Dracena", "endereco": "RUA MONTE CASTELO, 886, centro - Dracena", "latitude": -21.4909662, "longitude": -51.5339166, "fonte_geocodificacao": "Google Geocoding API", "opm_nome": "ADMINISTRACAO", "opm_descricao": "CPI-8 25.BPM/I 1.CIA PM ADM 0", "opm_codigo": "608251500" }, "geometry": { "type": "Point", "coordinates": [ -51.5339166, -21.4909662 ] } },
{ "type": "Feature", "properties": { "id_comando": "CPI-8", "nome_comando": "8º Comando de Policiamento do Interior (CPI-8)", "nome_batalhao": "25º BPM/I", "tipo_batalhao": "Interior", "companhia": "1.CIA PM", "pelotao": "PEL PM", "grupo": "0", "cidade": "Junqueiropolis", "endereco": "RUA PIAUÍ, 751, VILA INDUSTRIAL - Junqueiropolis", "latitude": -21.4966537, "longitude": -51.4320068, "fonte_geocodificacao": "Google Geocoding API", "opm_nome": "PELOTAO  POLICIAL MILITAR", "opm_descricao": "CPI-8 25.BPM/I 1.CIA PM PEL PM 0", "opm_codigo": "608251300" }, "geometry": { "type": "Point", "coordinates": [ -51.4320068, -21.4966537 ] } },
{ "type": "Feature", "properties": { "id_comando": "CPI-8", "nome_comando": "8º Comando de Policiamento do Interior (CPI-8)", "nome_batalhao": "25º BPM/I", "tipo_batalhao": "Interior", "companhia": "1.CIA PM", "pelotao": "0", "grupo": "GP/PM", "cidade": "Ouro Verde", "endereco": "RUA BRASIL, 73, CENTRO - Ouro Verde", "latitude": -21.4887441, "longitude": -51.7025332, "fonte_geocodificacao": "Google Geocoding API", "opm_nome": "GRUPO POLICIAL MILITAR", "opm_descricao": "CPI-8 25.BPM/I 1.CIA PM 0 GP/PM", "opm_codigo": "608251001" }, "geometry": { "type": "Point", "coordinates": [ -51.7025332, -21.4887441 ] } },
{ "type": "Feature", "properties": { "id_comando": "CPI-8", "nome_comando": "8º Comando de Policiamento do Interior (CPI-8)", "nome_batalhao": "25º BPM/I", "tipo_batalhao": "Interior", "companhia": "2.CIA PM", "pelotao": "ADM", "grupo": "0", "cidade": "Adamantina", "endereco": "RUA JOSEFINA DALL'ANTONIA TIVERON, 200, CENTRO - Adamantina", "latitude": -21.688654, "longitude": -51.0692428, "fonte_geocodificacao": "Google Geocoding API", "opm_nome": "ADMINISTRACAO", "opm_descricao": "CPI-8 25.BPM/I 2.CIA PM ADM 0", "opm_codigo": "608252500" }, "geometry": { "type": "Point", "coordinates": [ -51.0692428, -21.688654 ] } },
{ "type": "Feature", "properties": { "id_comando": "CPI-8", "nome_comando": "8º Comando de Policiamento do Interior (CPI-8)", "nome_batalhao": "25º BPM/I", "tipo_batalhao": "Interior", "companhia": "2.CIA PM", "pelotao": "", "grupo": "2.GP/PM", "cidade": "Flora Rica", "endereco": "AVENIDA DOUTOR JOÃO VELOSO, 284, CENTRO - Flora Rica", "latitude": -21.6765324, "longitude": -51.3804597, "fonte_geocodificacao": "Google Geocoding API", "opm_nome": "2. GRUPO  POLICIAL MILITAR", "opm_descricao": "CPI-8 25.BPM/I 2.CIA PM 2.GP/PM", "opm_codigo": "608252002" }, "geometry": { "type": "Point", "coordinates": [ -51.3804597, -21.6765324 ] } },
{ "type": "Feature", "properties": { "id_comando": "CPI-8", "nome_comando": "8º Comando de Policiamento do Interior (CPI-8)", "nome_batalhao": "25º BPM/I", "tipo_batalhao": "Interior", "companhia": "2.CIA PM", "pelotao": "", "grupo": "4.GP/PM", "cidade": "Florida Paulista", "endereco": "RUA 38, 499, CENTRO - Florida Paulista", "latitude": -21.6148615, "longitude": -51.1716107, "fonte_geocodificacao": "Google Geocoding API", "opm_nome": "4. GRUPO POLICIAL MILITAR", "opm_descricao": "CPI-8 25.BPM/I 2.CIA PM 4.GP/PM", "opm_codigo": "608252004" }, "geometry": { "type": "Point", "coordinates": [ -51.1716107, -21.6148615 ] } },
{ "type": "Feature", "properties": { "id_comando": "CPI-8", "nome_comando": "8º Comando de Policiamento do Interior (CPI-8)", "nome_batalhao": "25º BPM/I", "tipo_batalhao": "Interior", "companhia": "2.CIA PM", "pelotao": "", "grupo": "3.GP/PM", "cidade": "Irapuru", "endereco": "RUA RIO BRANCO, 330, CECAP - Irapuru", "latitude": -21.567564, "longitude": -51.3526979, "fonte_geocodificacao": "Google Geocoding API", "opm_nome": "3. GRUPO POLICIAL MILITAR", "opm_descricao": "CPI-8 25.BPM/I 2.CIA PM 3.GP/PM", "opm_codigo": "608252003" }, "geometry": { "type": "Point", "coordinates": [ -51.3526979, -21.567564 ] } },
{ "type": "Feature", "properties": { "id_comando": "CPI-8", "nome_comando": "8º Comando de Policiamento do Interior (CPI-8)", "nome_batalhao": "25º BPM/I", "tipo_batalhao": "Interior", "companhia": "2.CIA PM", "pelotao": "", "grupo": "1.GP/PM", "cidade": "Mariapolis", "endereco": "RUA CONCEIÇÃO, 342, CENTRO - Mariapolis", "latitude": -21.7983351, "longitude": -51.1841433, "fonte_geocodificacao": "Google Geocoding API", "opm_nome": "1. GRUPO  POLICIAL MILITAR", "opm_descricao": "CPI-8 25.BPM/I 2.CIA PM 1.GP/PM", "opm_codigo": "608252001" }, "geometry": { "type": "Point", "coordinates": [ -51.1841433, -21.7983351 ] } },
{ "type": "Feature", "properties": { "id_comando": "CPI-8", "nome_comando": "8º Comando de Policiamento do Interior (CPI-8)", "nome_batalhao": "25º BPM/I", "tipo_batalhao": "Interior", "companhia": "2.CIA PM", "pelotao": "2.PEL PM", "grupo": "0", "cidade": "Pacaembu", "endereco": "RUA RUI BARBOSA, 530, CENTRO - Pacaembu", "latitude": -21.5697529, "longitude": -51.2640221, "fonte_geocodificacao": "Google Geocoding API", "opm_nome": "25.BPM/I 2.CIA PM 2.PEL PM", "opm_descricao": "CPI-8 25.BPM/I 2.CIA PM 2.PEL PM 0", "opm_codigo": "608252200" }, "geometry": { "type": "Point", "coordinates": [ -51.2640221, -21.5697529 ] } },
{ "type": "Feature", "properties": { "id_comando": "CPI-8", "nome_comando": "8º Comando de Policiamento do Interior (CPI-8)", "nome_batalhao": "25º BPM/I", "tipo_batalhao": "Interior", "companhia": "2.CIA PM", "pelotao": "PEL PM", "grupo": "0", "cidade": "Pacaembu", "endereco": "RUA AMADOR RODRIGUES, 903, VILA PERES - Pacaembu", "latitude": -21.5594847, "longitude": -51.2632884, "fonte_geocodificacao": "Google Geocoding API", "opm_nome": "PELOTAO POLICIAL MILITAR", "opm_descricao": "CPI-8 25.BPM/I 2.CIA PM PEL PM 0", "opm_codigo": "608252100" }, "geometry": { "type": "Point", "coordinates": [ -51.2632884, -21.5594847 ] } },
{ "type": "Feature", "properties": { "id_comando": "CPI-8", "nome_comando": "8º Comando de Policiamento do Interior (CPI-8)", "nome_batalhao": "25º BPM/I", "tipo_batalhao": "Interior", "companhia": "2.CIA PM", "pelotao": "", "grupo": "5.GP/PM", "cidade": "Pracinha", "endereco": "ALAMEDA OSVALDO CRUZ, 391, CENTRO - Pracinha", "latitude": -21.8523875, "longitude": -51.0854706, "fonte_geocodificacao": "Google Geocoding API", "opm_nome": "25.BPM/I 2.CIA PM  5.GP/PM", "opm_descricao": "CPI-8 25.BPM/I 2.CIA PM 5.GP/PM", "opm_codigo": "608252005" }, "geometry": { "type": "Point", "coordinates": [ -51.0854706, -21.8523875 ] } },
{ "type": "Feature", "properties": { "id_comando": "CPI-8", "nome_comando": "8º Comando de Policiamento do Interior (CPI-8)", "nome_batalhao": "25º BPM/I", "tipo_batalhao": "Interior", "companhia": "3.CIA PM", "pelotao": "", "grupo": "3.GP/PM", "cidade": "Inubia Paulista", "endereco": "AVENIDA LEÃO MIGUEL BANVART, 6, CENTRO - Inubia Paulista", "latitude": -21.7652826, "longitude": -50.9600752, "fonte_geocodificacao": "Google Geocoding API", "opm_nome": "3. GRUPO POLICIAL MILITAR", "opm_descricao": "CPI-8 25.BPM/I 3.CIA PM 3.GP/PM", "opm_codigo": "608253003" }, "geometry": { "type": "Point", "coordinates": [ -50.9600752, -21.7652826 ] } },
{ "type": "Feature", "properties": { "id_comando": "CPI-8", "nome_comando": "8º Comando de Policiamento do Interior (CPI-8)", "nome_batalhao": "25º BPM/I", "tipo_batalhao": "Interior", "companhia": "3.CIA PM", "pelotao": "PEL PM", "grupo": "0", "cidade": "Lucelia", "endereco": "AVENIDA ANTONIO CHAVARELI, 1011, Centro - Lucelia", "latitude": -21.7309207, "longitude": -51.0128718, "fonte_geocodificacao": "Google Geocoding API", "opm_nome": "PELOTAO POLICIAL MILITAR", "opm_descricao": "CPI-8 25.BPM/I 3.CIA PM PEL PM 0", "opm_codigo": "608253300" }, "geometry": { "type": "Point", "coordinates": [ -51.0128718, -21.7309207 ] } },
{ "type": "Feature", "properties": { "id_comando": "CPI-8", "nome_comando": "8º Comando de Policiamento do Interior (CPI-8)", "nome_batalhao": "25º BPM/I", "tipo_batalhao": "Interior", "companhia": "3.CIA PM", "pelotao": "ADM", "grupo": "0", "cidade": "Osvaldo Cruz", "endereco": "RUA RODOLFO ZAROS, 881, CENTRO - Osvaldo Cruz", "latitude": -21.7922717, "longitude": -50.8750835, "fonte_geocodificacao": "Google Geocoding API", "opm_nome": "ADMINISTRACAO", "opm_descricao": "CPI-8 25.BPM/I 3.CIA PM ADM 0", "opm_codigo": "608253400" }, "geometry": { "type": "Point", "coordinates": [ -50.8750835, -21.7922717 ] } },
{ "type": "Feature", "properties": { "id_comando": "CPI-8", "nome_comando": "8º Comando de Policiamento do Interior (CPI-8)", "nome_batalhao": "25º BPM/I", "tipo_batalhao": "Interior", "companhia": "3.CIA PM", "pelotao": "0", "grupo": "4.GP/PM", "cidade": "Pracinha", "endereco": "ALAMEDA OSVALDO CRUZ, 391, CENTRO - Pracinha", "latitude": -21.8523875, "longitude": -51.0854706, "fonte_geocodificacao": "Google Geocoding API", "opm_nome": "4. GRUPO POLICIAL MILITAR", "opm_descricao": "CPI-8 25.BPM/I 3.CIA PM 0 4.GP/PM", "opm_codigo": "608253004" }, "geometry": { "type": "Point", "coordinates": [ -51.0854706, -21.8523875 ] } },
{ "type": "Feature", "properties": { "id_comando": "CPI-8", "nome_comando": "8º Comando de Policiamento do Interior (CPI-8)", "nome_batalhao": "25º BPM/I", "tipo_batalhao": "Interior", "companhia": "3.CIA PM", "pelotao": "", "grupo": "1.GP/PM", "cidade": "Sagres", "endereco": "RUA VEREADOR ARMANDO BATISTA, 250, CENTRO - Sagres", "latitude": -21.8817843, "longitude": -50.9568384, "fonte_geocodificacao": "Google Geocoding API", "opm_nome": "1. GRUPO POLICIAL MILITAR", "opm_descricao": "CPI-8 25.BPM/I 3.CIA PM 1.GP/PM", "opm_codigo": "608253001" }, "geometry": { "type": "Point", "coordinates": [ -50.9568384, -21.8817843 ] } },
{ "type": "Feature", "properties": { "id_comando": "CPI-8", "nome_comando": "8º Comando de Policiamento do Interior (CPI-8)", "nome_batalhao": "25º BPM/I", "tipo_batalhao": "Interior", "companhia": "3.CIA PM", "pelotao": "", "grupo": "2.GP/PM", "cidade": "Salmourao", "endereco": "RUA SANTOS DUMONT, 100, CENTRO - Salmourao", "latitude": -21.6259606, "longitude": -50.8607985, "fonte_geocodificacao": "Google Geocoding API", "opm_nome": "2. GRUPO POLICIAL MILITAR", "opm_descricao": "CPI-8 25.BPM/I 3.CIA PM 2.GP/PM", "opm_codigo": "608253002" }, "geometry": { "type": "Point", "coordinates": [ -50.860798499999987, -21.6259606 ] } },
{ "type": "Feature", "properties": { "id_comando": "CPI-8", "nome_comando": "8º Comando de Policiamento do Interior (CPI-8)", "nome_batalhao": "25º BPM/I", "tipo_batalhao": "Interior", "companhia": "4.CIA PM", "pelotao": "", "grupo": "5.GP/PM", "cidade": "Monte Castelo", "endereco": "AVENIDA DEPUTADO AMARAL FURLAN, 770, CENTRO - Monte Castelo", "latitude": -21.3029505, "longitude": -51.5693409, "fonte_geocodificacao": "Google Geocoding API", "opm_nome": "5. GRUPO POLICIAL MILITAR", "opm_descricao": "CPI-8 25.BPM/I 4.CIA PM 5.GP/PM", "opm_codigo": "608254005" }, "geometry": { "type": "Point", "coordinates": [ -51.5693409, -21.3029505 ] } },
{ "type": "Feature", "properties": { "id_comando": "CPI-8", "nome_comando": "8º Comando de Policiamento do Interior (CPI-8)", "nome_batalhao": "25º BPM/I", "tipo_batalhao": "Interior", "companhia": "4.CIA PM", "pelotao": "", "grupo": "1.GP/PM", "cidade": "Nova Guataporanga", "endereco": "RUA BRASIL, 38, CENTRO - Nova Guataporanga", "latitude": -21.3379587, "longitude": -51.6432602, "fonte_geocodificacao": "Google Geocoding API", "opm_nome": "1. GRUPO POLICIAL MILITAR", "opm_descricao": "CPI-8 25.BPM/I 4.CIA PM 1.GP/PM", "opm_codigo": "608254001" }, "geometry": { "type": "Point", "coordinates": [ -51.6432602, -21.3379587 ] } },
{ "type": "Feature", "properties": { "id_comando": "CPI-8", "nome_comando": "8º Comando de Policiamento do Interior (CPI-8)", "nome_batalhao": "25º BPM/I", "tipo_batalhao": "Interior", "companhia": "4.CIA PM", "pelotao": "PEL PM", "grupo": "0", "cidade": "Panorama", "endereco": "RUA DOUTOR MILTON NORONHA GUSTAVO, 985, CENTRO - Panorama", "latitude": -21.3644283, "longitude": -51.8594208, "fonte_geocodificacao": "Google Geocoding API", "opm_nome": "PELOTAO POLICIAL MILITAR", "opm_descricao": "CPI-8 25.BPM/I 4.CIA PM PEL PM 0", "opm_codigo": "608254200" }, "geometry": { "type": "Point", "coordinates": [ -51.8594208, -21.3644283 ] } },
{ "type": "Feature", "properties": { "id_comando": "CPI-8", "nome_comando": "8º Comando de Policiamento do Interior (CPI-8)", "nome_batalhao": "25º BPM/I", "tipo_batalhao": "Interior", "companhia": "4.CIA PM", "pelotao": "", "grupo": "2.GP/PM", "cidade": "Pauliceia", "endereco": "AVENIDA PAULISTA, 1129, CENTRO - Pauliceia", "latitude": -21.312608, "longitude": -51.8385221, "fonte_geocodificacao": "Google Geocoding API", "opm_nome": "2. GRUPO  POLICIAL MILITAR", "opm_descricao": "CPI-8 25.BPM/I 4.CIA PM 2.GP/PM", "opm_codigo": "608254002" }, "geometry": { "type": "Point", "coordinates": [ -51.8385221, -21.312608 ] } },
{ "type": "Feature", "properties": { "id_comando": "CPI-8", "nome_comando": "8º Comando de Policiamento do Interior (CPI-8)", "nome_batalhao": "25º BPM/I", "tipo_batalhao": "Interior", "companhia": "4.CIA PM", "pelotao": "", "grupo": "4.GP/PM", "cidade": "Santa Mercedes", "endereco": "AVENIDA BRASIL, 1540, CENTRO - Santa Mercedes", "latitude": -21.353474, "longitude": -51.7505064, "fonte_geocodificacao": "Google Geocoding API", "opm_nome": "4. GRUPO POLICIAL MILITAR", "opm_descricao": "CPI-8 25.BPM/I 4.CIA PM 4.GP/PM", "opm_codigo": "608254004" }, "geometry": { "type": "Point", "coordinates": [ -51.7505064, -21.353474 ] } },
{ "type": "Feature", "properties": { "id_comando": "CPI-8", "nome_comando": "8º Comando de Policiamento do Interior (CPI-8)", "nome_batalhao": "25º BPM/I", "tipo_batalhao": "Interior", "companhia": "4.CIA PM", "pelotao": "", "grupo": "3.GP/PM", "cidade": "Sao Joao Do Pau D Alho", "endereco": "AVENIDA GOVERNADOR CARVALHO PINTO, 425, RURAL - Sao Joao Do Pau D Alho", "latitude": -21.2693173, "longitude": -51.6660476, "fonte_geocodificacao": "Google Geocoding API", "opm_nome": "3. GRUPO POLICIAL MILITAR", "opm_descricao": "CPI-8 25.BPM/I 4.CIA PM 3.GP/PM", "opm_codigo": "608254003" }, "geometry": { "type": "Point", "coordinates": [ -51.6660476, -21.2693173 ] } },
{ "type": "Feature", "properties": { "id_comando": "CPI-8", "nome_comando": "8º Comando de Policiamento do Interior (CPI-8)", "nome_batalhao": "25º BPM/I", "tipo_batalhao": "Interior", "companhia": "4.CIA PM", "pelotao": "ADM", "grupo": "0", "cidade": "Tupi Paulista", "endereco": "AVENIDA NOVE DE JULHO, 233, CENTRO - Tupi Paulista", "latitude": -21.3813452, "longitude": -51.56486, "fonte_geocodificacao": "Google Geocoding API", "opm_nome": "ADMINISTRACAO", "opm_descricao": "CPI-8 25.BPM/I 4.CIA PM ADM 0", "opm_codigo": "608254300" }, "geometry": { "type": "Point", "coordinates": [ -51.56486, -21.3813452 ] } },
{ "type": "Feature", "properties": { "id_comando": "CPI-8", "nome_comando": "8º Comando de Policiamento do Interior (CPI-8)", "nome_batalhao": "25º BPM/I", "tipo_batalhao": "Interior", "companhia": "CIA FT", "pelotao": "0", "grupo": "0", "cidade": "Dracena", "endereco": "AVENIDA ALCIDES CHACON COUTO, 502, METROPOLE - Dracena", "latitude": -21.485574, "longitude": -51.527131, "fonte_geocodificacao": "Google Geocoding API", "opm_nome": "COMPANHIA DE FORCA TATICA", "opm_descricao": "CPI-8 25.BPM/I CIA FT 0 0", "opm_codigo": "608256000" }, "geometry": { "type": "Point", "coordinates": [ -51.527131, -21.485574 ] } },
{ "type": "Feature", "properties": { "id_comando": "CPI-8", "nome_comando": "8º Comando de Policiamento do Interior (CPI-8)", "nome_batalhao": "25º BPM/I", "tipo_batalhao": "Interior", "companhia": "CIA FT", "pelotao": "ADM", "grupo": "0", "cidade": "Dracena", "endereco": "AVENIDA ALCIDES CHACON COUTO, 502, METROPOLE - Dracena", "latitude": -21.485574, "longitude": -51.527131, "fonte_geocodificacao": "Google Geocoding API", "opm_nome": "ADMINISTRACAO", "opm_descricao": "CPI-8 25.BPM/I CIA FT ADM 0", "opm_codigo": "608256100" }, "geometry": { "type": "Point", "coordinates": [ -51.527131, -21.485574 ] } },
{ "type": "Feature", "properties": { "id_comando": "CPI-8", "nome_comando": "8º Comando de Policiamento do Interior (CPI-8)", "nome_batalhao": "25º BPM/I", "tipo_batalhao": "Interior", "companhia": "CIA FT", "pelotao": "1.PEL FT", "grupo": "0", "cidade": "Dracena", "endereco": "AVENIDA ALCIDES CHACON COUTO, 502, METROPOLE - Dracena", "latitude": -21.485574, "longitude": -51.527131, "fonte_geocodificacao": "Google Geocoding API", "opm_nome": "1. PELOTAO FORCA TATICA", "opm_descricao": "CPI-8 25.BPM/I CIA FT 1.PEL FT 0", "opm_codigo": "608256200" }, "geometry": { "type": "Point", "coordinates": [ -51.527131, -21.485574 ] } },
{ "type": "Feature", "properties": { "id_comando": "CPI-8", "nome_comando": "8º Comando de Policiamento do Interior (CPI-8)", "nome_batalhao": "25º BPM/I", "tipo_batalhao": "Interior", "companhia": "COORD OP", "pelotao": "0", "grupo": "0", "cidade": "Dracena", "endereco": "AVENIDA ALCIDES CHACON COUTO, 502, METROPOLE - Dracena", "latitude": -21.485574, "longitude": -51.527131, "fonte_geocodificacao": "Google Geocoding API", "opm_nome": "COORDENADORIA OPERACIONAL", "opm_descricao": "CPI-8 25.BPM/I COORD OP 0 0", "opm_codigo": "608255000" }, "geometry": { "type": "Point", "coordinates": [ -51.527131, -21.485574 ] } },
{ "type": "Feature", "properties": { "id_comando": "CPI-8", "nome_comando": "8º Comando de Policiamento do Interior (CPI-8)", "nome_batalhao": "25º BPM/I", "tipo_batalhao": "Interior", "companhia": "EM", "pelotao": "UIS", "grupo": "0", "cidade": "Dracena", "endereco": "AVENIDA ALCIDES CHACON COUTO, 502, METROPOLE - Dracena", "latitude": -21.485574, "longitude": -51.527131, "fonte_geocodificacao": "Google Geocoding API", "opm_nome": "UIS", "opm_descricao": "CPI-8 25.BPM/I EM UIS 0", "opm_codigo": "608258010" }, "geometry": { "type": "Point", "coordinates": [ -51.527131, -21.485574 ] } },
{ "type": "Feature", "properties": { "id_comando": "CPI-8", "nome_comando": "8º Comando de Policiamento do Interior (CPI-8)", "nome_batalhao": "25º BPM/I", "tipo_batalhao": "Interior", "companhia": "EM", "pelotao": "UIS", "grupo": "GAB MED", "cidade": "Dracena", "endereco": "AVENIDA ALCIDES CHACON COUTO, 502, METROPOLE - Dracena", "latitude": -21.485574, "longitude": -51.527131, "fonte_geocodificacao": "Google Geocoding API", "opm_nome": "GAB MED", "opm_descricao": "CPI-8 25.BPM/I EM UIS GAB MED", "opm_codigo": "608258011" }, "geometry": { "type": "Point", "coordinates": [ -51.527131, -21.485574 ] } },
{ "type": "Feature", "properties": { "id_comando": "CPI-8", "nome_comando": "8º Comando de Policiamento do Interior (CPI-8)", "nome_batalhao": "25º BPM/I", "tipo_batalhao": "Interior", "companhia": "EM", "pelotao": "UIS", "grupo": "GAB ODONTO", "cidade": "Dracena", "endereco": "AVENIDA ALCIDES CHACON COUTO, 502, METRÓPOLE - Dracena", "latitude": -21.485574, "longitude": -51.527131, "fonte_geocodificacao": "Google Geocoding API", "opm_nome": "GAB ODONTO", "opm_descricao": "CPI-8 25.BPM/I EM UIS GAB ODONTO", "opm_codigo": "608258012" }, "geometry": { "type": "Point", "coordinates": [ -51.527131, -21.485574 ] } },
{ "type": "Feature", "properties": { "id_comando": "CPI-8", "nome_comando": "8º Comando de Policiamento do Interior (CPI-8)", "nome_batalhao": "25º BPM/I", "tipo_batalhao": "Interior", "companhia": "EM", "pelotao": "P/1 E P/5", "grupo": "0", "cidade": "Dracena", "endereco": "AVENIDA ALCIDES CHACON COUTO, 502, METRÓPOLE - Dracena", "latitude": -21.485574, "longitude": -51.527131, "fonte_geocodificacao": "Google Geocoding API", "opm_nome": "P/1 E P/5", "opm_descricao": "CPI-8 25.BPM/I EM P/1 E P/5 0", "opm_codigo": "608258100" }, "geometry": { "type": "Point", "coordinates": [ -51.527131, -21.485574 ] } },
{ "type": "Feature", "properties": { "id_comando": "CPI-8", "nome_comando": "8º Comando de Policiamento do Interior (CPI-8)", "nome_batalhao": "25º BPM/I", "tipo_batalhao": "Interior", "companhia": "EM", "pelotao": "P/1 P/5", "grupo": "NAPS", "cidade": "Dracena", "endereco": "AVENIDA ALCIDES CHACON COUTO, 502, METRÓPOLE - Dracena", "latitude": -21.485574, "longitude": -51.527131, "fonte_geocodificacao": "Google Geocoding API", "opm_nome": "NUCLEO DE ATENCAO PSICOSSOCIAL", "opm_descricao": "CPI-8 25.BPM/I EM P/1 P/5 NAPS", "opm_codigo": "608258110" }, "geometry": { "type": "Point", "coordinates": [ -51.527131, -21.485574 ] } },
{ "type": "Feature", "properties": { "id_comando": "CPI-8", "nome_comando": "8º Comando de Policiamento do Interior (CPI-8)", "nome_batalhao": "25º BPM/I", "tipo_batalhao": "Interior", "companhia": "EM", "pelotao": "P/1 E P/5", "grupo": "GD QUARTEL", "cidade": "Dracena", "endereco": "AVENIDA ALCIDES CHACON COUTO, 502, METRÓPOLE - Dracena", "latitude": -21.485574, "longitude": -51.527131, "fonte_geocodificacao": "Google Geocoding API", "opm_nome": "GUARDA DO QUARTEL", "opm_descricao": "CPI-8 25.BPM/I EM P/1 E P/5 GD QUARTEL", "opm_codigo": "608258120" }, "geometry": { "type": "Point", "coordinates": [ -51.527131, -21.485574 ] } },
{ "type": "Feature", "properties": { "id_comando": "CPI-8", "nome_comando": "8º Comando de Policiamento do Interior (CPI-8)", "nome_batalhao": "25º BPM/I", "tipo_batalhao": "Interior", "companhia": "EM", "pelotao": "AA", "grupo": "0", "cidade": "Dracena", "endereco": "AVENIDA ALCIDES CHACON COUTO, 502, METRÓPOLE - Dracena", "latitude": -21.485574, "longitude": -51.527131, "fonte_geocodificacao": "Google Geocoding API", "opm_nome": "AGENCIA DE AREA", "opm_descricao": "CPI-8 25.BPM/I EM AA 0", "opm_codigo": "608258200" }, "geometry": { "type": "Point", "coordinates": [ -51.527131, -21.485574 ] } },
{ "type": "Feature", "properties": { "id_comando": "CPI-8", "nome_comando": "8º Comando de Policiamento do Interior (CPI-8)", "nome_batalhao": "25º BPM/I", "tipo_batalhao": "Interior", "companhia": "EM", "pelotao": "P/3", "grupo": "CFP", "cidade": "Dracena", "endereco": "AVENIDA ALCIDES CHACON COUTO, 502, METRÓPOLE - Dracena", "latitude": -21.485574, "longitude": -51.527131, "fonte_geocodificacao": "Google Geocoding API", "opm_nome": "COMANDO FORCA PATRULHA", "opm_descricao": "CPI-8 25.BPM/I EM P/3 CFP", "opm_codigo": "608258330" }, "geometry": { "type": "Point", "coordinates": [ -51.527131, -21.485574 ] } },
{ "type": "Feature", "properties": { "id_comando": "CPI-8", "nome_comando": "8º Comando de Policiamento do Interior (CPI-8)", "nome_batalhao": "25º BPM/I", "tipo_batalhao": "Interior", "companhia": "EM", "pelotao": "P/5", "grupo": "0", "cidade": "Dracena", "endereco": "AVENIDA ALCIDES CHACON COUTO, 502, METRÓPOLE - Dracena", "latitude": -21.485574, "longitude": -51.527131, "fonte_geocodificacao": "Google Geocoding API", "opm_nome": "25.BPM/I - P/5", "opm_descricao": "CPI-8 25.BPM/I EM P/5 0", "opm_codigo": "608258500" }, "geometry": { "type": "Point", "coordinates": [ -51.527131, -21.485574 ] } },
{ "type": "Feature", "properties": { "id_comando": "CPI-8", "nome_comando": "8º Comando de Policiamento do Interior (CPI-8)", "nome_batalhao": "25º BPM/I", "tipo_batalhao": "Interior", "companhia": "EM", "pelotao": "SEC PJMD", "grupo": "0", "cidade": "Dracena", "endereco": "AVENIDA ALCIDES CHACON COUTO, 502, METRÓPOLE - Dracena", "latitude": -21.485574, "longitude": -51.527131, "fonte_geocodificacao": "Google Geocoding API", "opm_nome": "SECAO POLICIA JUDICIARIA MILITAR E DISCIPLINAR", "opm_descricao": "CPI-8 25.BPM/I EM SEC PJMD 0", "opm_codigo": "608258600" }, "geometry": { "type": "Point", "coordinates": [ -51.527131, -21.485574 ] } },
{ "type": "Feature", "properties": { "id_comando": "CPI-8", "nome_comando": "8º Comando de Policiamento do Interior (CPI-8)", "nome_batalhao": "25º BPM/I", "tipo_batalhao": "Interior", "companhia": "EM", "pelotao": "MOTOMEC", "grupo": "0", "cidade": "Dracena", "endereco": "AVENIDA ALCIDES CHACON COUTO, 502, METRÓPOLE - Dracena", "latitude": -21.485574, "longitude": -51.527131, "fonte_geocodificacao": "Google Geocoding API", "opm_nome": "25.BPM/I - MOTOMECANIZACAO", "opm_descricao": "CPI-8 25.BPM/I EM MOTOMEC 0", "opm_codigo": "608258700" }, "geometry": { "type": "Point", "coordinates": [ -51.527131, -21.485574 ] } },
{ "type": "Feature", "properties": { "id_comando": "CPI-8", "nome_comando": "8º Comando de Policiamento do Interior (CPI-8)", "nome_batalhao": "32º BPM/I", "tipo_batalhao": "Interior", "companhia": "1.CIA PM", "pelotao": "0", "grupo": "0", "cidade": "Assis", "endereco": "RUA FLORIANO PEIXOTO, 673, CENTRO - Assis", "latitude": -22.6625784, "longitude": -50.4136099, "fonte_geocodificacao": "Google Geocoding API", "opm_nome": "1. COMPANHIA  DE POLICIA MILITAR", "opm_descricao": "CPI-8 32.BPM/I 1.CIA PM 0 0", "opm_codigo": "608321000" }, "geometry": { "type": "Point", "coordinates": [ -50.4136099, -22.6625784 ] } },
{ "type": "Feature", "properties": { "id_comando": "CPI-8", "nome_comando": "8º Comando de Policiamento do Interior (CPI-8)", "nome_batalhao": "32º BPM/I", "tipo_batalhao": "Interior", "companhia": "1.CIA PM", "pelotao": "ADM", "grupo": "0", "cidade": "Assis", "endereco": "RUA FLORIANO PEIXOTO, 673, CENTRO - Assis", "latitude": -22.6625784, "longitude": -50.4136099, "fonte_geocodificacao": "Google Geocoding API", "opm_nome": "ADMINISTRACAO", "opm_descricao": "CPI-8 32.BPM/I 1.CIA PM ADM 0", "opm_codigo": "608321100" }, "geometry": { "type": "Point", "coordinates": [ -50.4136099, -22.6625784 ] } },
{ "type": "Feature", "properties": { "id_comando": "CPI-8", "nome_comando": "8º Comando de Policiamento do Interior (CPI-8)", "nome_batalhao": "32º BPM/I", "tipo_batalhao": "Interior", "companhia": "1.CIA PM", "pelotao": "CGP", "grupo": "0", "cidade": "Assis", "endereco": "RUA FLORIANO PEIXOTO, 673, CENTRO - Assis", "latitude": -22.6625784, "longitude": -50.4136099, "fonte_geocodificacao": "Google Geocoding API", "opm_nome": "COMANDO DE GRUPO PATRULHA", "opm_descricao": "CPI-8 32.BPM/I 1.CIA PM CGP 0", "opm_codigo": "608321300" }, "geometry": { "type": "Point", "coordinates": [ -50.4136099, -22.6625784 ] } },
{ "type": "Feature", "properties": { "id_comando": "CPI-8", "nome_comando": "8º Comando de Policiamento do Interior (CPI-8)", "nome_batalhao": "32º BPM/I", "tipo_batalhao": "Interior", "companhia": "1.CIA PM", "pelotao": "PEL FT-CAN", "grupo": "0", "cidade": "Assis", "endereco": "VIA CHICO MENDES, 60, QUINTA DOS FLAMBOYANTS - Assis", "latitude": -22.6338549, "longitude": -50.4212531, "fonte_geocodificacao": "Google Geocoding API", "opm_nome": "32.BPM/I - PELOTAO FORÇA TATICA/CANIL", "opm_descricao": "CPI-8 32.BPM/I 1.CIA PM PEL FT-CAN 0", "opm_codigo": "608321200" }, "geometry": { "type": "Point", "coordinates": [ -50.4212531, -22.6338549 ] } },
{ "type": "Feature", "properties": { "id_comando": "CPI-8", "nome_comando": "8º Comando de Policiamento do Interior (CPI-8)", "nome_batalhao": "32º BPM/I", "tipo_batalhao": "Interior", "companhia": "2.CIA PM", "pelotao": "0", "grupo": "3.GP/PM", "cidade": "Cruzalia", "endereco": "RUA ALBERT HENSCHEL, 77, CENTRO - Cruzalia", "latitude": -22.7406708, "longitude": -50.7923669, "fonte_geocodificacao": "Google Geocoding API", "opm_nome": "3.GRUPO POLICIAL MILITAR", "opm_descricao": "CPI-8 32.BPM/I 2.CIA PM 0 3.GP/PM", "opm_codigo": "608322003" }, "geometry": { "type": "Point", "coordinates": [ -50.7923669, -22.7406708 ] } },
{ "type": "Feature", "properties": { "id_comando": "CPI-8", "nome_comando": "8º Comando de Policiamento do Interior (CPI-8)", "nome_batalhao": "32º BPM/I", "tipo_batalhao": "Interior", "companhia": "2.CIA PM", "pelotao": "0", "grupo": "1.GP/PM", "cidade": "Lutecia", "endereco": "RUA BERNARDINO GARROSINO, 239, CENTRO - Lutecia", "latitude": -22.3400923, "longitude": -50.3887234, "fonte_geocodificacao": "Google Geocoding API", "opm_nome": "1. GRUPO POLICIAL MILITAR", "opm_descricao": "CPI-8 32.BPM/I 2.CIA PM 0 1.GP/PM", "opm_codigo": "608322001" }, "geometry": { "type": "Point", "coordinates": [ -50.3887234, -22.3400923 ] } },
{ "type": "Feature", "properties": { "id_comando": "CPI-8", "nome_comando": "8º Comando de Policiamento do Interior (CPI-8)", "nome_batalhao": "32º BPM/I", "tipo_batalhao": "Interior", "companhia": "2.CIA PM", "pelotao": "0", "grupo": "4.GP/PM", "cidade": "Maracai", "endereco": "RUA JOSÉ BONIFÁCIO, 68, CENTRO - Maracai", "latitude": -22.6140532, "longitude": -50.6509085, "fonte_geocodificacao": "Google Geocoding API", "opm_nome": "4. GRUPO POLICIAL MILITAR", "opm_descricao": "CPI-8 32.BPM/I 2.CIA PM 0 4.GP/PM", "opm_codigo": "608322004" }, "geometry": { "type": "Point", "coordinates": [ -50.6509085, -22.6140532 ] } },
{ "type": "Feature", "properties": { "id_comando": "CPI-8", "nome_comando": "8º Comando de Policiamento do Interior (CPI-8)", "nome_batalhao": "32º BPM/I", "tipo_batalhao": "Interior", "companhia": "2.CIA PM", "pelotao": "0", "grupo": "0", "cidade": "Paraguacu Paulista", "endereco": "RUA IRMÃ GOMES, 223, CENTRO - Paraguacu Paulista", "latitude": -22.4150846, "longitude": -50.5757554, "fonte_geocodificacao": "Google Geocoding API", "opm_nome": "2. COMPANHIA  POLICIAL MILITAR", "opm_descricao": "CPI-8 32.BPM/I 2.CIA PM 0 0", "opm_codigo": "608322000" }, "geometry": { "type": "Point", "coordinates": [ -50.5757554, -22.4150846 ] } },
{ "type": "Feature", "properties": { "id_comando": "CPI-8", "nome_comando": "8º Comando de Policiamento do Interior (CPI-8)", "nome_batalhao": "32º BPM/I", "tipo_batalhao": "Interior", "companhia": "2.CIA PM", "pelotao": "0", "grupo": "GP/FT", "cidade": "Paraguacu Paulista", "endereco": "RUA IRMÃ GOMES, 223, CENTRO - Paraguacu Paulista", "latitude": -22.4150846, "longitude": -50.5757554, "fonte_geocodificacao": "Google Geocoding API", "opm_nome": "32.BPM/I - GRUPO FORCA TATICA", "opm_descricao": "CPI-8 32.BPM/I 2.CIA PM 0 GP/FT", "opm_codigo": "608322005" }, "geometry": { "type": "Point", "coordinates": [ -50.5757554, -22.4150846 ] } },
{ "type": "Feature", "properties": { "id_comando": "CPI-8", "nome_comando": "8º Comando de Policiamento do Interior (CPI-8)", "nome_batalhao": "32º BPM/I", "tipo_batalhao": "Interior", "companhia": "2.CIA PM", "pelotao": "ADM", "grupo": "0", "cidade": "Paraguacu Paulista", "endereco": "RUA IRMÃ GOMES, 223, CENTRO - Paraguacu Paulista", "latitude": -22.4150846, "longitude": -50.5757554, "fonte_geocodificacao": "Google Geocoding API", "opm_nome": "ADMINISTRACAO", "opm_descricao": "CPI-8 32.BPM/I 2.CIA PM ADM 0", "opm_codigo": "608322100" }, "geometry": { "type": "Point", "coordinates": [ -50.5757554, -22.4150846 ] } },
{ "type": "Feature", "properties": { "id_comando": "CPI-8", "nome_comando": "8º Comando de Policiamento do Interior (CPI-8)", "nome_batalhao": "32º BPM/I", "tipo_batalhao": "Interior", "companhia": "2.CIA PM", "pelotao": "CGP", "grupo": "0", "cidade": "Paraguacu Paulista", "endereco": "RUA IRMÃ GOMES, 223, CENTRO - Paraguacu Paulista", "latitude": -22.4150846, "longitude": -50.5757554, "fonte_geocodificacao": "Google Geocoding API", "opm_nome": "COMANDO DE GRUPO PATRULHA", "opm_descricao": "CPI-8 32.BPM/I 2.CIA PM CGP 0", "opm_codigo": "608322200" }, "geometry": { "type": "Point", "coordinates": [ -50.5757554, -22.4150846 ] } },
{ "type": "Feature", "properties": { "id_comando": "CPI-8", "nome_comando": "8º Comando de Policiamento do Interior (CPI-8)", "nome_batalhao": "32º BPM/I", "tipo_batalhao": "Interior", "companhia": "2.CIA PM", "pelotao": "0", "grupo": "2.GP/PM", "cidade": "Pedrinhas Paulista", "endereco": "Avenida Brasil, 765, Centro - Pedrinhas Paulista", "latitude": -22.81377, "longitude": -50.7890396, "fonte_geocodificacao": "Google Geocoding API", "opm_nome": "2. GRUPO POLICIAL MILITAR", "opm_descricao": "CPI-8 32.BPM/I 2.CIA PM 0 2.GP/PM", "opm_codigo": "608322002" }, "geometry": { "type": "Point", "coordinates": [ -50.7890396, -22.81377 ] } },
{ "type": "Feature", "properties": { "id_comando": "CPI-8", "nome_comando": "8º Comando de Policiamento do Interior (CPI-8)", "nome_batalhao": "32º BPM/I", "tipo_batalhao": "Interior", "companhia": "3.CIA PM", "pelotao": "0", "grupo": "2.GP/PM", "cidade": "Campos Novos Paulista", "endereco": "RUA ANGELINA BARBARA SOARES CRUZ, 61, CENTRO - Campos Novos Paulista", "latitude": -22.6084194, "longitude": -49.9979534, "fonte_geocodificacao": "Google Geocoding API", "opm_nome": "2. GRUPO POLICIAL MILITAR", "opm_descricao": "CPI-8 32.BPM/I 3.CIA PM 0 2.GP/PM", "opm_codigo": "608323002" }, "geometry": { "type": "Point", "coordinates": [ -49.9979534, -22.6084194 ] } },
{ "type": "Feature", "properties": { "id_comando": "CPI-8", "nome_comando": "8º Comando de Policiamento do Interior (CPI-8)", "nome_batalhao": "32º BPM/I", "tipo_batalhao": "Interior", "companhia": "3.CIA PM", "pelotao": "0", "grupo": "0", "cidade": "Candido Mota", "endereco": "RUA ASSAD CHADDI, 513, CENTRO - Candido Mota", "latitude": -22.7531002, "longitude": -50.3876705, "fonte_geocodificacao": "Google Geocoding API", "opm_nome": "3. COMPANHIA  POLICIAL MILITAR", "opm_descricao": "CPI-8 32.BPM/I 3.CIA PM 0 0", "opm_codigo": "608323000" }, "geometry": { "type": "Point", "coordinates": [ -50.3876705, -22.7531002 ] } },
{ "type": "Feature", "properties": { "id_comando": "CPI-8", "nome_comando": "8º Comando de Policiamento do Interior (CPI-8)", "nome_batalhao": "32º BPM/I", "tipo_batalhao": "Interior", "companhia": "3.CIA PM", "pelotao": "ADM", "grupo": "0", "cidade": "Candido Mota", "endereco": "RUA ASSAD CHADDI, 513, CENTRO - Candido Mota", "latitude": -22.7531002, "longitude": -50.3876705, "fonte_geocodificacao": "Google Geocoding API", "opm_nome": "ADMINISTRACAO", "opm_descricao": "CPI-8 32.BPM/I 3.CIA PM ADM 0", "opm_codigo": "608323100" }, "geometry": { "type": "Point", "coordinates": [ -50.3876705, -22.7531002 ] } },
{ "type": "Feature", "properties": { "id_comando": "CPI-8", "nome_comando": "8º Comando de Policiamento do Interior (CPI-8)", "nome_batalhao": "32º BPM/I", "tipo_batalhao": "Interior", "companhia": "3.CIA PM", "pelotao": "CGP", "grupo": "0", "cidade": "Candido Mota", "endereco": "RUA ASSAD CHADDI, 513, CENTRO - Candido Mota", "latitude": -22.7531002, "longitude": -50.3876705, "fonte_geocodificacao": "Google Geocoding API", "opm_nome": "COMANDO DE GRUPO PATRULHA", "opm_descricao": "CPI-8 32.BPM/I 3.CIA PM CGP 0", "opm_codigo": "608323300" }, "geometry": { "type": "Point", "coordinates": [ -50.3876705, -22.7531002 ] } },
{ "type": "Feature", "properties": { "id_comando": "CPI-8", "nome_comando": "8º Comando de Policiamento do Interior (CPI-8)", "nome_batalhao": "32º BPM/I", "tipo_batalhao": "Interior", "companhia": "3.CIA PM", "pelotao": "0", "grupo": "4.GP/PM", "cidade": "Florinea", "endereco": "RUA LIVINO CARDOSO DE OLIVEIRA, 794, CENTRO - Florinea", "latitude": -22.9038159, "longitude": -50.7245075, "fonte_geocodificacao": "Google Geocoding API", "opm_nome": "4. GRUPO POLICIAL MILITAR", "opm_descricao": "CPI-8 32.BPM/I 3.CIA PM 0 4.GP/PM", "opm_codigo": "608323004" }, "geometry": { "type": "Point", "coordinates": [ -50.724507499999987, -22.9038159 ] } },
{ "type": "Feature", "properties": { "id_comando": "CPI-8", "nome_comando": "8º Comando de Policiamento do Interior (CPI-8)", "nome_batalhao": "32º BPM/I", "tipo_batalhao": "Interior", "companhia": "3.CIA PM", "pelotao": "0", "grupo": "3.GP/PM", "cidade": "Ibirarema", "endereco": "RUA FRANCISCO PONTREMOLEZ, 558, CENTRO - Ibirarema", "latitude": -22.813341778200119, "longitude": -50.07693242707925, "fonte_geocodificacao": "Centroide do município-sede (geocodificação rejeitada: fora dos limites do município)", "opm_nome": "3. GRUPO POLICIAL MILITAR", "opm_descricao": "CPI-8 32.BPM/I 3.CIA PM 0 3.GP/PM", "opm_codigo": "608323003" }, "geometry": { "type": "Point", "coordinates": [ -50.07693242707925, -22.813341778200119 ] } },
{ "type": "Feature", "properties": { "id_comando": "CPI-8", "nome_comando": "8º Comando de Policiamento do Interior (CPI-8)", "nome_batalhao": "32º BPM/I", "tipo_batalhao": "Interior", "companhia": "3.CIA PM", "pelotao": "PEL PM", "grupo": "0", "cidade": "Palmital", "endereco": "RUA GUILHERME MAGRINELLI, 201, CENTRO - Palmital", "latitude": -22.7783239, "longitude": -50.2076876, "fonte_geocodificacao": "Google Geocoding API", "opm_nome": "PELOTAO POLICIAL MILITAR", "opm_descricao": "CPI-8 32.BPM/I 3.CIA PM PEL PM 0", "opm_codigo": "608323200" }, "geometry": { "type": "Point", "coordinates": [ -50.2076876, -22.7783239 ] } },
{ "type": "Feature", "properties": { "id_comando": "CPI-8", "nome_comando": "8º Comando de Policiamento do Interior (CPI-8)", "nome_batalhao": "32º BPM/I", "tipo_batalhao": "Interior", "companhia": "3.CIA PM", "pelotao": "0", "grupo": "1.GP/PM", "cidade": "Platina", "endereco": "RUA JOÃO DE SOUZA MARTINS, 435, CENTRO - Platina", "latitude": -22.6321339, "longitude": -50.2046282, "fonte_geocodificacao": "Google Geocoding API", "opm_nome": "1. GRUPO POLICIAL MILITAR", "opm_descricao": "CPI-8 32.BPM/I 3.CIA PM 0 1.GP/PM", "opm_codigo": "608323001" }, "geometry": { "type": "Point", "coordinates": [ -50.204628199999988, -22.6321339 ] } },
{ "type": "Feature", "properties": { "id_comando": "CPI-8", "nome_comando": "8º Comando de Policiamento do Interior (CPI-8)", "nome_batalhao": "32º BPM/I", "tipo_batalhao": "Interior", "companhia": "3.CIA PM", "pelotao": "0", "grupo": "5.GP/PM", "cidade": "Taruma", "endereco": "AVENIDA TARUMÃ, 361, CENTRO - Taruma", "latitude": -22.7456718, "longitude": -50.5743699, "fonte_geocodificacao": "Google Geocoding API", "opm_nome": "5. GRUPO POLICIAL MILITAR", "opm_descricao": "CPI-8 32.BPM/I 3.CIA PM 0 5.GP/PM", "opm_codigo": "608323005" }, "geometry": { "type": "Point", "coordinates": [ -50.5743699, -22.7456718 ] } },
{ "type": "Feature", "properties": { "id_comando": "CPI-8", "nome_comando": "8º Comando de Policiamento do Interior (CPI-8)", "nome_batalhao": "32º BPM/I", "tipo_batalhao": "Interior", "companhia": "CIA FT", "pelotao": "0", "grupo": "0", "cidade": "Assis", "endereco": "TRAVESSA BRASIL, 275, VILA FIUZA - Assis", "latitude": -22.6533095, "longitude": -50.4086137, "fonte_geocodificacao": "Google Geocoding API", "opm_nome": "COMPANHIA FORCA TATICA", "opm_descricao": "CPI-8 32.BPM/I CIA FT 0 0", "opm_codigo": "608324000" }, "geometry": { "type": "Point", "coordinates": [ -50.4086137, -22.6533095 ] } },
{ "type": "Feature", "properties": { "id_comando": "CPI-8", "nome_comando": "8º Comando de Policiamento do Interior (CPI-8)", "nome_batalhao": "32º BPM/I", "tipo_batalhao": "Interior", "companhia": "CIA FT", "pelotao": "ADM", "grupo": "0", "cidade": "Assis", "endereco": "TRAVESSA BRASIL, 275, VILA FIUZA - Assis", "latitude": -22.6533095, "longitude": -50.4086137, "fonte_geocodificacao": "Google Geocoding API", "opm_nome": "ADMINISTRATIVA", "opm_descricao": "CPI-8 32.BPM/I CIA FT ADM 0", "opm_codigo": "608324100" }, "geometry": { "type": "Point", "coordinates": [ -50.4086137, -22.6533095 ] } },
{ "type": "Feature", "properties": { "id_comando": "CPI-8", "nome_comando": "8º Comando de Policiamento do Interior (CPI-8)", "nome_batalhao": "32º BPM/I", "tipo_batalhao": "Interior", "companhia": "CIA FT", "pelotao": "PEL FT", "grupo": "0", "cidade": "Assis", "endereco": "TRAVESSA BRASIL, 275, VILA FIUZA - Assis", "latitude": -22.6533095, "longitude": -50.4086137, "fonte_geocodificacao": "Google Geocoding API", "opm_nome": "PELOTAO FORCA TATICA", "opm_descricao": "CPI-8 32.BPM/I CIA FT PEL FT 0", "opm_codigo": "608324200" }, "geometry": { "type": "Point", "coordinates": [ -50.4086137, -22.6533095 ] } },
{ "type": "Feature", "properties": { "id_comando": "CPI-8", "nome_comando": "8º Comando de Policiamento do Interior (CPI-8)", "nome_batalhao": "32º BPM/I", "tipo_batalhao": "Interior", "companhia": "COORD OP", "pelotao": "0", "grupo": "0", "cidade": "Assis", "endereco": "TRAVESSA BRASIL, 275, VILA ROSANGELA - Assis", "latitude": -22.6533095, "longitude": -50.4086137, "fonte_geocodificacao": "Google Geocoding API", "opm_nome": "COORDENADORIA  OPERACIONAL", "opm_descricao": "CPI-8 32.BPM/I COORD OP 0 0", "opm_codigo": "608329000" }, "geometry": { "type": "Point", "coordinates": [ -50.4086137, -22.6533095 ] } },
{ "type": "Feature", "properties": { "id_comando": "CPI-8", "nome_comando": "8º Comando de Policiamento do Interior (CPI-8)", "nome_batalhao": "32º BPM/I", "tipo_batalhao": "Interior", "companhia": "EM", "pelotao": "P/1 E P/5", "grupo": "0", "cidade": "Assis", "endereco": "TRAVESSA BRASIL, 275, VILA FIUZA - Assis", "latitude": -22.6533095, "longitude": -50.4086137, "fonte_geocodificacao": "Google Geocoding API", "opm_nome": "P/1 E P/5", "opm_descricao": "CPI-8 32.BPM/I EM P/1 E P/5 0", "opm_codigo": "608328100" }, "geometry": { "type": "Point", "coordinates": [ -50.4086137, -22.6533095 ] } },
{ "type": "Feature", "properties": { "id_comando": "CPI-8", "nome_comando": "8º Comando de Policiamento do Interior (CPI-8)", "nome_batalhao": "32º BPM/I", "tipo_batalhao": "Interior", "companhia": "EM", "pelotao": "P/3", "grupo": "CFP", "cidade": "Assis", "endereco": "TRAVESSA BRASIL, 275, VILA FIUZA - Assis", "latitude": -22.6533095, "longitude": -50.4086137, "fonte_geocodificacao": "Google Geocoding API", "opm_nome": "COMANDO FORCA PATRULHA", "opm_descricao": "CPI-8 32.BPM/I EM P/3 CFP", "opm_codigo": "608328330" }, "geometry": { "type": "Point", "coordinates": [ -50.4086137, -22.6533095 ] } },
{ "type": "Feature", "properties": { "id_comando": "CPI-8", "nome_comando": "8º Comando de Policiamento do Interior (CPI-8)", "nome_batalhao": "32º BPM/I", "tipo_batalhao": "Interior", "companhia": "EM", "pelotao": "0", "grupo": "0", "cidade": "Assis", "endereco": "TRAVESSA BRASIL, 275, VILA FIÚZA - Assis", "latitude": -22.6533095, "longitude": -50.4086137, "fonte_geocodificacao": "Google Geocoding API", "opm_nome": "ESTADO MAIOR", "opm_descricao": "CPI-8 32.BPM/I EM 0 0", "opm_codigo": "608328000" }, "geometry": { "type": "Point", "coordinates": [ -50.4086137, -22.6533095 ] } },
{ "type": "Feature", "properties": { "id_comando": "CPI-8", "nome_comando": "8º Comando de Policiamento do Interior (CPI-8)", "nome_batalhao": "32º BPM/I", "tipo_batalhao": "Interior", "companhia": "EM", "pelotao": "UIS", "grupo": "0", "cidade": "Assis", "endereco": "TRAVESSA BRASIL, 275, VILA FIÚZA - Assis", "latitude": -22.6533095, "longitude": -50.4086137, "fonte_geocodificacao": "Google Geocoding API", "opm_nome": "UNIDADE INTEGRADA DE SAÚDE", "opm_descricao": "CPI-8 32.BPM/I EM UIS 0", "opm_codigo": "608328800" }, "geometry": { "type": "Point", "coordinates": [ -50.4086137, -22.6533095 ] } },
{ "type": "Feature", "properties": { "id_comando": "CPI-8", "nome_comando": "8º Comando de Policiamento do Interior (CPI-8)", "nome_batalhao": "32º BPM/I", "tipo_batalhao": "Interior", "companhia": "EM", "pelotao": "UIS", "grupo": "GAB MEDICO", "cidade": "Assis", "endereco": "TRAVESSA BRASIL, 275, VILA FIÚZA - Assis", "latitude": -22.6533095, "longitude": -50.4086137, "fonte_geocodificacao": "Google Geocoding API", "opm_nome": "GABINETE MEDICO", "opm_descricao": "CPI-8 32.BPM/I EM UIS GAB MEDICO", "opm_codigo": "608328810" }, "geometry": { "type": "Point", "coordinates": [ -50.4086137, -22.6533095 ] } },
{ "type": "Feature", "properties": { "id_comando": "CPI-8", "nome_comando": "8º Comando de Policiamento do Interior (CPI-8)", "nome_batalhao": "32º BPM/I", "tipo_batalhao": "Interior", "companhia": "EM", "pelotao": "UIS", "grupo": "GAB ODONTO", "cidade": "Assis", "endereco": "TRAVESSA BRASIL, 275, VILA FIÚZA - Assis", "latitude": -22.6533095, "longitude": -50.4086137, "fonte_geocodificacao": "Google Geocoding API", "opm_nome": "GABINETE ODONTOLOGICO", "opm_descricao": "CPI-8 32.BPM/I EM UIS GAB ODONTO", "opm_codigo": "608328820" }, "geometry": { "type": "Point", "coordinates": [ -50.4086137, -22.6533095 ] } },
{ "type": "Feature", "properties": { "id_comando": "CPI-8", "nome_comando": "8º Comando de Policiamento do Interior (CPI-8)", "nome_batalhao": "32º BPM/I", "tipo_batalhao": "Interior", "companhia": "EM", "pelotao": "AA", "grupo": "0", "cidade": "Assis", "endereco": "TRAVESSA BRASIL, 275, VILA ROSANGELA - Assis", "latitude": -22.6533095, "longitude": -50.4086137, "fonte_geocodificacao": "Google Geocoding API", "opm_nome": "AGENCIA DE AREA", "opm_descricao": "CPI-8 32.BPM/I EM AA 0", "opm_codigo": "608328200" }, "geometry": { "type": "Point", "coordinates": [ -50.4086137, -22.6533095 ] } },
{ "type": "Feature", "properties": { "id_comando": "CPI-8", "nome_comando": "8º Comando de Policiamento do Interior (CPI-8)", "nome_batalhao": "32º BPM/I", "tipo_batalhao": "Interior", "companhia": "EM", "pelotao": "P/3", "grupo": "0", "cidade": "Assis", "endereco": "TRAVESSA BRASIL, 275, VILA ROSANGELA - Assis", "latitude": -22.6533095, "longitude": -50.4086137, "fonte_geocodificacao": "Google Geocoding API", "opm_nome": "P/3", "opm_descricao": "CPI-8 32.BPM/I EM P/3 0", "opm_codigo": "608328300" }, "geometry": { "type": "Point", "coordinates": [ -50.4086137, -22.6533095 ] } },
{ "type": "Feature", "properties": { "id_comando": "CPI-8", "nome_comando": "8º Comando de Policiamento do Interior (CPI-8)", "nome_batalhao": "32º BPM/I", "tipo_batalhao": "Interior", "companhia": "EM", "pelotao": "P/3", "grupo": "CAD", "cidade": "Assis", "endereco": "TRAVESSA BRASIL, 275, VILA ROSANGELA - Assis", "latitude": -22.6533095, "longitude": -50.4086137, "fonte_geocodificacao": "Google Geocoding API", "opm_nome": "32.BPM/I - CAD", "opm_descricao": "CPI-8 32.BPM/I EM P/3 CAD", "opm_codigo": "608328310" }, "geometry": { "type": "Point", "coordinates": [ -50.4086137, -22.6533095 ] } },
{ "type": "Feature", "properties": { "id_comando": "CPI-8", "nome_comando": "8º Comando de Policiamento do Interior (CPI-8)", "nome_batalhao": "32º BPM/I", "tipo_batalhao": "Interior", "companhia": "EM", "pelotao": "P/4 - MOTOMEC", "grupo": "0", "cidade": "Assis", "endereco": "TRAVESSA BRASIL, 275, VILA ROSANGELA - Assis", "latitude": -22.6533095, "longitude": -50.4086137, "fonte_geocodificacao": "Google Geocoding API", "opm_nome": "P/4 - MOTOMECANIZACAO", "opm_descricao": "CPI-8 32.BPM/I EM P/4 - MOTOMEC 0", "opm_codigo": "608328400" }, "geometry": { "type": "Point", "coordinates": [ -50.4086137, -22.6533095 ] } },
{ "type": "Feature", "properties": { "id_comando": "CPI-8", "nome_comando": "8º Comando de Policiamento do Interior (CPI-8)", "nome_batalhao": "32º BPM/I", "tipo_batalhao": "Interior", "companhia": "EM", "pelotao": "P/5", "grupo": "0", "cidade": "Assis", "endereco": "TRAVESSA BRASIL, 275, VILA ROSANGELA - Assis", "latitude": -22.6533095, "longitude": -50.4086137, "fonte_geocodificacao": "Google Geocoding API", "opm_nome": "32.BPM/I - P/5", "opm_descricao": "CPI-8 32.BPM/I EM P/5 0", "opm_codigo": "608328500" }, "geometry": { "type": "Point", "coordinates": [ -50.4086137, -22.6533095 ] } },
{ "type": "Feature", "properties": { "id_comando": "CPI-8", "nome_comando": "8º Comando de Policiamento do Interior (CPI-8)", "nome_batalhao": "32º BPM/I", "tipo_batalhao": "Interior", "companhia": "EM", "pelotao": "SEC PJMD", "grupo": "0", "cidade": "Assis", "endereco": "TRAVESSA BRASIL, 275, VILA ROSANGELA - Assis", "latitude": -22.6533095, "longitude": -50.4086137, "fonte_geocodificacao": "Google Geocoding API", "opm_nome": "SECAO POLICIA JUDICIARIA MILITAR E DISCIPLINAR", "opm_descricao": "CPI-8 32.BPM/I EM SEC PJMD 0", "opm_codigo": "608328600" }, "geometry": { "type": "Point", "coordinates": [ -50.4086137, -22.6533095 ] } },
{ "type": "Feature", "properties": { "id_comando": "CPI-8", "nome_comando": "8º Comando de Policiamento do Interior (CPI-8)", "nome_batalhao": "32º BPM/I", "tipo_batalhao": "Interior", "companhia": "EM", "pelotao": "MOTOMEC", "grupo": "0", "cidade": "Assis", "endereco": "TRAVESSA BRASIL, 275, VILA ROSANGELA - Assis", "latitude": -22.6533095, "longitude": -50.4086137, "fonte_geocodificacao": "Google Geocoding API", "opm_nome": "32.BPM/I - MOTOMECANIZACAO", "opm_descricao": "CPI-8 32.BPM/I EM MOTOMEC 0", "opm_codigo": "608328700" }, "geometry": { "type": "Point", "coordinates": [ -50.4086137, -22.6533095 ] } },
{ "type": "Feature", "properties": { "id_comando": "CPI-8", "nome_comando": "8º Comando de Policiamento do Interior (CPI-8)", "nome_batalhao": "32º BPM/I", "tipo_batalhao": "Interior", "companhia": "EM", "pelotao": "P/1 E P/5", "grupo": "NAPS", "cidade": "Dracena", "endereco": "Rua Messias Ferreira da Palma, 163, CENTRO - Dracena", "latitude": -21.4879035, "longitude": -51.5302257, "fonte_geocodificacao": "Google Geocoding API", "opm_nome": "NUCLEO DE ATENCAO PSICOSSOCIAL", "opm_descricao": "CPI-8 32.BPM/I EM P/1 E P/5 NAPS", "opm_codigo": "608328110" }, "geometry": { "type": "Point", "coordinates": [ -51.5302257, -21.4879035 ] } },
{ "type": "Feature", "properties": { "id_comando": "CPI-8", "nome_comando": "8º Comando de Policiamento do Interior (CPI-8)", "nome_batalhao": "32º BPM/I", "tipo_batalhao": "Interior", "companhia": "EM", "pelotao": "P/1 E P/5", "grupo": "GD QUARTEL", "cidade": "Dracena", "endereco": "Rua Messias Ferreira da Palma, 163, CENTRO - Dracena", "latitude": -21.4879035, "longitude": -51.5302257, "fonte_geocodificacao": "Google Geocoding API", "opm_nome": "GUARDA DO QUARTEL", "opm_descricao": "CPI-8 32.BPM/I EM P/1 E P/5 GD QUARTEL", "opm_codigo": "608328120" }, "geometry": { "type": "Point", "coordinates": [ -51.5302257, -21.4879035 ] } },
{ "type": "Feature", "properties": { "id_comando": "CPI-8", "nome_comando": "8º Comando de Policiamento do Interior (CPI-8)", "nome_batalhao": "42º BPM/I", "tipo_batalhao": "Interior", "companhia": "1.CIA PM", "pelotao": "", "grupo": "2.GP/PM", "cidade": "Maraba Paulista", "endereco": "RUA CORONEL JOSÉ MARCONDES, 28, CENTRO - Maraba Paulista", "latitude": -22.1045165, "longitude": -51.9627455, "fonte_geocodificacao": "Google Geocoding API", "opm_nome": "2. GRUPO POLICIAL MILITAR", "opm_descricao": "CPI-8 42.BPM/I 1.CIA PM 2.GP/PM", "opm_codigo": "608421002" }, "geometry": { "type": "Point", "coordinates": [ -51.9627455, -22.1045165 ] } },
{ "type": "Feature", "properties": { "id_comando": "CPI-8", "nome_comando": "8º Comando de Policiamento do Interior (CPI-8)", "nome_batalhao": "42º BPM/I", "tipo_batalhao": "Interior", "companhia": "1.CIA PM", "pelotao": "", "grupo": "1.GP/PM", "cidade": "Piquerobi", "endereco": "RUA JOSÉ BONIFÁCIO, 6, CENTRO - Piquerobi", "latitude": -21.8815007, "longitude": -51.7311608, "fonte_geocodificacao": "Google Geocoding API", "opm_nome": "1. GRUPO POLICIAL MILITAR", "opm_descricao": "CPI-8 42.BPM/I 1.CIA PM 1.GP/PM", "opm_codigo": "608421001" }, "geometry": { "type": "Point", "coordinates": [ -51.7311608, -21.8815007 ] } },
{ "type": "Feature", "properties": { "id_comando": "CPI-8", "nome_comando": "8º Comando de Policiamento do Interior (CPI-8)", "nome_batalhao": "42º BPM/I", "tipo_batalhao": "Interior", "companhia": "1.CIA PM", "pelotao": "ADMINISTRACAO", "grupo": "0", "cidade": "Presidente Venceslau", "endereco": "RUA PADRE ANCHIETA, 15, JARDIM EUROPA - Presidente Venceslau", "latitude": -21.8762273, "longitude": -51.8479354, "fonte_geocodificacao": "Google Geocoding API", "opm_nome": "ADMINISTRACAO", "opm_descricao": "CPI-8 42.BPM/I 1.CIA PM ADMINISTRACAO 0", "opm_codigo": "608421500" }, "geometry": { "type": "Point", "coordinates": [ -51.8479354, -21.8762273 ] } },
{ "type": "Feature", "properties": { "id_comando": "CPI-8", "nome_comando": "8º Comando de Policiamento do Interior (CPI-8)", "nome_batalhao": "42º BPM/I", "tipo_batalhao": "Interior", "companhia": "1.CIA PM", "pelotao": "", "grupo": "3.GP/PM", "cidade": "Ribeirao Dos Indios", "endereco": "AVENIDA BRASIL, 230, CENTRO - Ribeirao Dos Indios", "latitude": -21.8398855, "longitude": -51.6016217, "fonte_geocodificacao": "Google Geocoding API", "opm_nome": "3. GRUPO  POLICIAL MILITAR", "opm_descricao": "CPI-8 42.BPM/I 1.CIA PM 3.GP/PM", "opm_codigo": "608421003" }, "geometry": { "type": "Point", "coordinates": [ -51.6016217, -21.8398855 ] } },
{ "type": "Feature", "properties": { "id_comando": "CPI-8", "nome_comando": "8º Comando de Policiamento do Interior (CPI-8)", "nome_batalhao": "42º BPM/I", "tipo_batalhao": "Interior", "companhia": "1.CIA PM", "pelotao": "PEL PM", "grupo": "0", "cidade": "Santo Anastacio", "endereco": "RUA PADRE ANTONIO VELASCO ARAGON, 670, CENTRO - Santo Anastacio", "latitude": -21.9766631, "longitude": -51.6533162, "fonte_geocodificacao": "Google Geocoding API", "opm_nome": "PELOTAO POLICIAL MILITAR", "opm_descricao": "CPI-8 42.BPM/I 1.CIA PM PEL PM 0", "opm_codigo": "608421400" }, "geometry": { "type": "Point", "coordinates": [ -51.653316200000013, -21.9766631 ] } },
{ "type": "Feature", "properties": { "id_comando": "CPI-8", "nome_comando": "8º Comando de Policiamento do Interior (CPI-8)", "nome_batalhao": "42º BPM/I", "tipo_batalhao": "Interior", "companhia": "2.CIA PM", "pelotao": "0", "grupo": "GP/PM", "cidade": "Caiua", "endereco": "RUA ANTONIO MARINHO, 470, CENTRO - Caiua", "latitude": -21.8321117, "longitude": -51.9856097, "fonte_geocodificacao": "Google Geocoding API", "opm_nome": "GRUPO POLICIAL MILITAR", "opm_descricao": "CPI-8 42.BPM/I 2.CIA PM 0 GP/PM", "opm_codigo": "608422001" }, "geometry": { "type": "Point", "coordinates": [ -51.9856097, -21.8321117 ] } },
{ "type": "Feature", "properties": { "id_comando": "CPI-8", "nome_comando": "8º Comando de Policiamento do Interior (CPI-8)", "nome_batalhao": "42º BPM/I", "tipo_batalhao": "Interior", "companhia": "2.CIA PM", "pelotao": "ADMINISTRACAO", "grupo": "0", "cidade": "Presidente Epitacio", "endereco": "RUA VENCESLAU BRÁS, 775, CENTRO - Presidente Epitacio", "latitude": -21.7722058, "longitude": -52.1101697, "fonte_geocodificacao": "Google Geocoding API", "opm_nome": "ADMINISTRACAO", "opm_descricao": "CPI-8 42.BPM/I 2.CIA PM ADMINISTRACAO 0", "opm_codigo": "608422300" }, "geometry": { "type": "Point", "coordinates": [ -52.1101697, -21.7722058 ] } },
{ "type": "Feature", "properties": { "id_comando": "CPI-8", "nome_comando": "8º Comando de Policiamento do Interior (CPI-8)", "nome_batalhao": "42º BPM/I", "tipo_batalhao": "Interior", "companhia": "3.CIA PM", "pelotao": "0", "grupo": "GP/PM", "cidade": "Euclides Da Cunha Paulista", "endereco": "RUA GILBERTO LUIZ DA ROCHA, 1574, VILA VASCONCELOS - Euclides Da Cunha Paulista", "latitude": -22.5555249, "longitude": -52.5941104, "fonte_geocodificacao": "Google Geocoding API", "opm_nome": "GRUPO POLICIAL MILITAR", "opm_descricao": "CPI-8 42.BPM/I 3.CIA PM 0 GP/PM", "opm_codigo": "608423001" }, "geometry": { "type": "Point", "coordinates": [ -52.5941104, -22.5555249 ] } },
{ "type": "Feature", "properties": { "id_comando": "CPI-8", "nome_comando": "8º Comando de Policiamento do Interior (CPI-8)", "nome_batalhao": "42º BPM/I", "tipo_batalhao": "Interior", "companhia": "3.CIA PM", "pelotao": "1.PEL PM", "grupo": "0", "cidade": "Mirante Do Paranapanema", "endereco": "AVENIDA ZIL BRASIL, 141, RURAL - Mirante Do Paranapanema", "latitude": -22.2841761, "longitude": -51.9067376, "fonte_geocodificacao": "Google Geocoding API", "opm_nome": "1. PELOTAO POLICIAL MILITAR", "opm_descricao": "CPI-8 42.BPM/I 3.CIA PM 1.PEL PM 0", "opm_codigo": "608423100" }, "geometry": { "type": "Point", "coordinates": [ -51.9067376, -22.2841761 ] } },
{ "type": "Feature", "properties": { "id_comando": "CPI-8", "nome_comando": "8º Comando de Policiamento do Interior (CPI-8)", "nome_batalhao": "42º BPM/I", "tipo_batalhao": "Interior", "companhia": "3.CIA PM", "pelotao": "2.PEL PM", "grupo": "0", "cidade": "Rosana", "endereco": "RUA SANTA HELVÉCIA, 0  QUADRA 53-B S/Nº, PRIMAVERA - Rosana", "latitude": -22.5308625, "longitude": -52.9424267, "fonte_geocodificacao": "Google Geocoding API", "opm_nome": "2. PELOTAO POLICIAL MILITAR", "opm_descricao": "CPI-8 42.BPM/I 3.CIA PM 2.PEL PM 0", "opm_codigo": "608423200" }, "geometry": { "type": "Point", "coordinates": [ -52.9424267, -22.5308625 ] } },
{ "type": "Feature", "properties": { "id_comando": "CPI-8", "nome_comando": "8º Comando de Policiamento do Interior (CPI-8)", "nome_batalhao": "42º BPM/I", "tipo_batalhao": "Interior", "companhia": "3.CIA PM", "pelotao": "SUBAGENCIA INFO", "grupo": "0", "cidade": "Teodoro Sampaio", "endereco": "AVENIDA CUIABA, 321, CENTRO - Teodoro Sampaio", "latitude": -22.5270612, "longitude": -52.1618632, "fonte_geocodificacao": "Google Geocoding API", "opm_nome": "SUBAGENCIA DE INFORMACOES", "opm_descricao": "CPI-8 42.BPM/I 3.CIA PM SUBAGENCIA INFO 0", "opm_codigo": "608423010" }, "geometry": { "type": "Point", "coordinates": [ -52.1618632, -22.5270612 ] } },
{ "type": "Feature", "properties": { "id_comando": "CPI-8", "nome_comando": "8º Comando de Policiamento do Interior (CPI-8)", "nome_batalhao": "42º BPM/I", "tipo_batalhao": "Interior", "companhia": "3.CIA PM", "pelotao": "ADMINISTRACAO", "grupo": "0", "cidade": "Teodoro Sampaio", "endereco": "AVENIDA CUIABA, 321, CENTRO - Teodoro Sampaio", "latitude": -22.5270612, "longitude": -52.1618632, "fonte_geocodificacao": "Google Geocoding API", "opm_nome": "ADMINISTRACAO", "opm_descricao": "CPI-8 42.BPM/I 3.CIA PM ADMINISTRACAO 0", "opm_codigo": "608423400" }, "geometry": { "type": "Point", "coordinates": [ -52.1618632, -22.5270612 ] } },
{ "type": "Feature", "properties": { "id_comando": "CPI-8", "nome_comando": "8º Comando de Policiamento do Interior (CPI-8)", "nome_batalhao": "42º BPM/I", "tipo_batalhao": "Interior", "companhia": "CIA F TAT", "pelotao": "ADMINISTRACAO", "grupo": "0", "cidade": "Presidente Venceslau", "endereco": "AVENIDA CARLOS PLATZEK, 597, JARDIM COROADOS - Presidente Venceslau", "latitude": -21.8773951, "longitude": -51.8547478, "fonte_geocodificacao": "Google Geocoding API", "opm_nome": "ADMINISTRACAO", "opm_descricao": "CPI-8 42.BPM/I CIA F TAT ADMINISTRACAO 0", "opm_codigo": "608427300" }, "geometry": { "type": "Point", "coordinates": [ -51.8547478, -21.8773951 ] } },
{ "type": "Feature", "properties": { "id_comando": "CPI-8", "nome_comando": "8º Comando de Policiamento do Interior (CPI-8)", "nome_batalhao": "42º BPM/I", "tipo_batalhao": "Interior", "companhia": "EM", "pelotao": "P/1 E P/5", "grupo": "GD QUARTEL", "cidade": "Presidente Venceslau", "endereco": "AVENIDA CARLOS PLATZECK, 597, centro - Presidente Venceslau", "latitude": -21.8773951, "longitude": -51.8547478, "fonte_geocodificacao": "Google Geocoding API", "opm_nome": "GUARDA DO QUARTEL", "opm_descricao": "CPI-8 42.BPM/I EM P/1 E P/5 GD QUARTEL", "opm_codigo": "608428110" }, "geometry": { "type": "Point", "coordinates": [ -51.8547478, -21.8773951 ] } },
{ "type": "Feature", "properties": { "id_comando": "CPI-8", "nome_comando": "8º Comando de Policiamento do Interior (CPI-8)", "nome_batalhao": "42º BPM/I", "tipo_batalhao": "Interior", "companhia": "EM", "pelotao": "P/3", "grupo": "CFP", "cidade": "Presidente Venceslau", "endereco": "AVENIDA CARLOS PLATZECK, 597, centro - Presidente Venceslau", "latitude": -21.8773951, "longitude": -51.8547478, "fonte_geocodificacao": "Google Geocoding API", "opm_nome": "COMANDO FORCA PATRULHA", "opm_descricao": "CPI-8 42.BPM/I EM P/3 CFP", "opm_codigo": "608428310" }, "geometry": { "type": "Point", "coordinates": [ -51.8547478, -21.8773951 ] } },
{ "type": "Feature", "properties": { "id_comando": "CPI-8", "nome_comando": "8º Comando de Policiamento do Interior (CPI-8)", "nome_batalhao": "42º BPM/I", "tipo_batalhao": "Interior", "companhia": "EM", "pelotao": "AA", "grupo": "0", "cidade": "Presidente Venceslau", "endereco": "AVENIDA CARLOS PLATEZECK, 597, JARDIM COROADOS - Presidente Venceslau", "latitude": -21.8773951, "longitude": -51.8547478, "fonte_geocodificacao": "Google Geocoding API", "opm_nome": "AGENCIA DE APOIO", "opm_descricao": "CPI-8 42.BPM/I EM AA 0", "opm_codigo": "608428200" }, "geometry": { "type": "Point", "coordinates": [ -51.8547478, -21.8773951 ] } },
{ "type": "Feature", "properties": { "id_comando": "CPI-8", "nome_comando": "8º Comando de Policiamento do Interior (CPI-8)", "nome_batalhao": "42º BPM/I", "tipo_batalhao": "Interior", "companhia": "EM", "pelotao": "P/3", "grupo": "0", "cidade": "Presidente Venceslau", "endereco": "AVENIDA CARLOS PLATEZECK, 597, JARDIM COROADOS - Presidente Venceslau", "latitude": -21.8773951, "longitude": -51.8547478, "fonte_geocodificacao": "Google Geocoding API", "opm_nome": "P/3", "opm_descricao": "CPI-8 42.BPM/I EM P/3 0", "opm_codigo": "608428300" }, "geometry": { "type": "Point", "coordinates": [ -51.8547478, -21.8773951 ] } },
{ "type": "Feature", "properties": { "id_comando": "CPI-8", "nome_comando": "8º Comando de Policiamento do Interior (CPI-8)", "nome_batalhao": "42º BPM/I", "tipo_batalhao": "Interior", "companhia": "EM", "pelotao": "P/4 E MOTOMEC", "grupo": "0", "cidade": "Presidente Venceslau", "endereco": "AVENIDA CARLOS PLATEZECK, 597, JARDIM COROADOS - Presidente Venceslau", "latitude": -21.8773951, "longitude": -51.8547478, "fonte_geocodificacao": "Google Geocoding API", "opm_nome": "P/4 E MOTOMECANIZACAO", "opm_descricao": "CPI-8 42.BPM/I EM P/4 E MOTOMEC 0", "opm_codigo": "608428400" }, "geometry": { "type": "Point", "coordinates": [ -51.8547478, -21.8773951 ] } },
{ "type": "Feature", "properties": { "id_comando": "CPI-8", "nome_comando": "8º Comando de Policiamento do Interior (CPI-8)", "nome_batalhao": "42º BPM/I", "tipo_batalhao": "Interior", "companhia": "EM", "pelotao": "P/5", "grupo": "0", "cidade": "Presidente Venceslau", "endereco": "AVENIDA CARLOS PLATEZECK, 597, JARDIM COROADOS - Presidente Venceslau", "latitude": -21.8773951, "longitude": -51.8547478, "fonte_geocodificacao": "Google Geocoding API", "opm_nome": "42.BPM/I - P/5", "opm_descricao": "CPI-8 42.BPM/I EM P/5 0", "opm_codigo": "608428500" }, "geometry": { "type": "Point", "coordinates": [ -51.8547478, -21.8773951 ] } },
{ "type": "Feature", "properties": { "id_comando": "CPI-8", "nome_comando": "8º Comando de Policiamento do Interior (CPI-8)", "nome_batalhao": "42º BPM/I", "tipo_batalhao": "Interior", "companhia": "EM", "pelotao": "SEC PJMD", "grupo": "0", "cidade": "Presidente Venceslau", "endereco": "AVENIDA CARLOS PLATEZECK, 597, JARDIM COROADOS - Presidente Venceslau", "latitude": -21.8773951, "longitude": -51.8547478, "fonte_geocodificacao": "Google Geocoding API", "opm_nome": "SECAO POLICIA JUDICIARIA MILITAR E DISCIPLINAR", "opm_descricao": "CPI-8 42.BPM/I EM SEC PJMD 0", "opm_codigo": "608428600" }, "geometry": { "type": "Point", "coordinates": [ -51.8547478, -21.8773951 ] } },
{ "type": "Feature", "properties": { "id_comando": "CPI-8", "nome_comando": "8º Comando de Policiamento do Interior (CPI-8)", "nome_batalhao": "42º BPM/I", "tipo_batalhao": "Interior", "companhia": "EM", "pelotao": "MOTOMEC", "grupo": "0", "cidade": "Presidente Venceslau", "endereco": "AVENIDA CARLOS PLATEZECK, 597, JARDIM COROADOS - Presidente Venceslau", "latitude": -21.8773951, "longitude": -51.8547478, "fonte_geocodificacao": "Google Geocoding API", "opm_nome": "42.BPM/I - MOTOMECANIZACAO", "opm_descricao": "CPI-8 42.BPM/I EM MOTOMEC 0", "opm_codigo": "608428700" }, "geometry": { "type": "Point", "coordinates": [ -51.8547478, -21.8773951 ] } },
{ "type": "Feature", "properties": { "id_comando": "CPI-8", "nome_comando": "8º Comando de Policiamento do Interior (CPI-8)", "nome_batalhao": "42º BPM/I", "tipo_batalhao": "Interior", "companhia": "EM", "pelotao": "GAB ODONTO", "grupo": "0", "cidade": "Presidente Venceslau", "endereco": "AVENIDA CARLOS PLATEZECK, 597, JARDIM COROADOS - Presidente Venceslau", "latitude": -21.8773951, "longitude": -51.8547478, "fonte_geocodificacao": "Google Geocoding API", "opm_nome": "GABINETE ODONTOLOGICO", "opm_descricao": "CPI-8 42.BPM/I EM GAB ODONTO 0", "opm_codigo": "608428800" }, "geometry": { "type": "Point", "coordinates": [ -51.8547478, -21.8773951 ] } },
{ "type": "Feature", "properties": { "id_comando": "CPI-8", "nome_comando": "8º Comando de Policiamento do Interior (CPI-8)", "nome_batalhao": "42º BPM/I", "tipo_batalhao": "Interior", "companhia": "EM", "pelotao": "P/1 E P/5", "grupo": "0", "cidade": "Presidente Venceslau", "endereco": "AVENIDA CARLOS PLATZEK, 597, JD COROADOS - Presidente Venceslau", "latitude": -21.8773951, "longitude": -51.8547478, "fonte_geocodificacao": "Google Geocoding API", "opm_nome": "P/1 E P/5", "opm_descricao": "CPI-8 42.BPM/I EM P/1 E P/5 0", "opm_codigo": "608428100" }, "geometry": { "type": "Point", "coordinates": [ -51.8547478, -21.8773951 ] } },
{ "type": "Feature", "properties": { "id_comando": "CPI-9", "nome_comando": "9º Comando de Policiamento do Interior (CPI-9)", "nome_batalhao": "10º BPM/I", "tipo_batalhao": "Interior", "companhia": "1.CIA PM", "pelotao": "ADMINISTRACAO", "grupo": "0", "cidade": "Piracicaba", "endereco": "RUA BOGOTÁ, 520  1ª CIA PM ADM, JARDIM ESPLANADA - Piracicaba", "latitude": -22.746065, "longitude": -47.6514956, "fonte_geocodificacao": "Google Geocoding API", "opm_nome": "ADMINISTRACAO", "opm_descricao": "CPI-9 10.BPM/I 1.CIA PM ADMINISTRACAO 0", "opm_codigo": "609101100" }, "geometry": { "type": "Point", "coordinates": [ -47.6514956, -22.746065 ] } },
{ "type": "Feature", "properties": { "id_comando": "CPI-9", "nome_comando": "9º Comando de Policiamento do Interior (CPI-9)", "nome_batalhao": "10º BPM/I", "tipo_batalhao": "Interior", "companhia": "2.CIA PM", "pelotao": "ADMINISTRACAO", "grupo": "0", "cidade": "Capivari", "endereco": "ALAMEDA FAUSTINI FRANCHI ANNICCHINO, 1137, SÃO LUIS - Capivari", "latitude": -22.9965021, "longitude": -47.486398, "fonte_geocodificacao": "Google Geocoding API", "opm_nome": "ADMINISTRACAO", "opm_descricao": "CPI-9 10.BPM/I 2.CIA PM ADMINISTRACAO 0", "opm_codigo": "609102300" }, "geometry": { "type": "Point", "coordinates": [ -47.486398, -22.9965021 ] } },
{ "type": "Feature", "properties": { "id_comando": "CPI-9", "nome_comando": "9º Comando de Policiamento do Interior (CPI-9)", "nome_batalhao": "10º BPM/I", "tipo_batalhao": "Interior", "companhia": "2.CIA PM", "pelotao": "", "grupo": "2.GP/PM", "cidade": "Elias Fausto", "endereco": "RUA XV DE NOVEMBRO, 907, CENTRO - Elias Fausto", "latitude": -23.0469823, "longitude": -47.3795907, "fonte_geocodificacao": "Google Geocoding API", "opm_nome": "2. GRUPO", "opm_descricao": "CPI-9 10.BPM/I 2.CIA PM 2.GP/PM", "opm_codigo": "609102002" }, "geometry": { "type": "Point", "coordinates": [ -47.3795907, -23.0469823 ] } },
{ "type": "Feature", "properties": { "id_comando": "CPI-9", "nome_comando": "9º Comando de Policiamento do Interior (CPI-9)", "nome_batalhao": "10º BPM/I", "tipo_batalhao": "Interior", "companhia": "2.CIA PM", "pelotao": "", "grupo": "3.GP/PM", "cidade": "Mombuca", "endereco": "ESTRADA MUNICIPAL ARLINDO BATAGiN, 1, AREA RURAL - Mombuca", "latitude": -22.9290631, "longitude": -47.5664893, "fonte_geocodificacao": "Google Geocoding API", "opm_nome": "3. GRUPO", "opm_descricao": "CPI-9 10.BPM/I 2.CIA PM 3.GP/PM", "opm_codigo": "609102003" }, "geometry": { "type": "Point", "coordinates": [ -47.5664893, -22.9290631 ] } },
{ "type": "Feature", "properties": { "id_comando": "CPI-9", "nome_comando": "9º Comando de Policiamento do Interior (CPI-9)", "nome_batalhao": "10º BPM/I", "tipo_batalhao": "Interior", "companhia": "2.CIA PM", "pelotao": "", "grupo": "4.GP/PM", "cidade": "Rafard", "endereco": "PRAÇA INDEPENDÊNCIA, 0  SEM NÚMERO, AREA RURAL - Rafard", "latitude": -23.0139286, "longitude": -47.5309986, "fonte_geocodificacao": "Google Geocoding API", "opm_nome": "4. GRUPO", "opm_descricao": "CPI-9 10.BPM/I 2.CIA PM 4.GP/PM", "opm_codigo": "609102004" }, "geometry": { "type": "Point", "coordinates": [ -47.5309986, -23.0139286 ] } },
{ "type": "Feature", "properties": { "id_comando": "CPI-9", "nome_comando": "9º Comando de Policiamento do Interior (CPI-9)", "nome_batalhao": "10º BPM/I", "tipo_batalhao": "Interior", "companhia": "2.CIA PM", "pelotao": "PEL PM", "grupo": "0", "cidade": "Rio Das Pedras", "endereco": "RUA SÃO VICENTE DE PAULO, 35, JD DONA ROSINA - Rio Das Pedras", "latitude": -22.8470138, "longitude": -47.6078026, "fonte_geocodificacao": "Google Geocoding API", "opm_nome": "PELOTAO", "opm_descricao": "CPI-9 10.BPM/I 2.CIA PM PEL PM 0", "opm_codigo": "609102200" }, "geometry": { "type": "Point", "coordinates": [ -47.6078026, -22.8470138 ] } },
{ "type": "Feature", "properties": { "id_comando": "CPI-9", "nome_comando": "9º Comando de Policiamento do Interior (CPI-9)", "nome_batalhao": "10º BPM/I", "tipo_batalhao": "Interior", "companhia": "2.CIA PM", "pelotao": "", "grupo": "1.GP/PM", "cidade": "Saltinho", "endereco": "AV. SETE DE SETEMBRO, 1435  SEM NÚMERO, CENTRO - Saltinho", "latitude": -22.8436449, "longitude": -47.6755724, "fonte_geocodificacao": "Google Geocoding API", "opm_nome": "1. GRUPO", "opm_descricao": "CPI-9 10.BPM/I 2.CIA PM 1.GP/PM", "opm_codigo": "609102001" }, "geometry": { "type": "Point", "coordinates": [ -47.6755724, -22.8436449 ] } },
{ "type": "Feature", "properties": { "id_comando": "CPI-9", "nome_comando": "9º Comando de Policiamento do Interior (CPI-9)", "nome_batalhao": "10º BPM/I", "tipo_batalhao": "Interior", "companhia": "3.CIA PM", "pelotao": "", "grupo": "2.GP/PM", "cidade": "Aguas De Sao Pedro", "endereco": "AV ANGELO NOGUEIRA VILLA, 0  SEM NÚMERO, CENTRO - Aguas De Sao Pedro", "latitude": -22.603902, "longitude": -47.8664973, "fonte_geocodificacao": "Google Geocoding API", "opm_nome": "2. GRUPO", "opm_descricao": "CPI-9 10.BPM/I 3.CIA PM 2.GP/PM", "opm_codigo": "609103002" }, "geometry": { "type": "Point", "coordinates": [ -47.866497300000013, -22.603902 ] } },
{ "type": "Feature", "properties": { "id_comando": "CPI-9", "nome_comando": "9º Comando de Policiamento do Interior (CPI-9)", "nome_batalhao": "10º BPM/I", "tipo_batalhao": "Interior", "companhia": "3.CIA PM", "pelotao": "", "grupo": "3.GP/PM", "cidade": "Charqueada", "endereco": "AVENIDA ÍTALO LORANDI, 350  10.BPM/I 3ª CIA PM - 3º GP, CENTRO - Charqueada", "latitude": -22.5143924, "longitude": -47.7722636, "fonte_geocodificacao": "Google Geocoding API", "opm_nome": "3. GRUPO", "opm_descricao": "CPI-9 10.BPM/I 3.CIA PM 3.GP/PM", "opm_codigo": "609103003" }, "geometry": { "type": "Point", "coordinates": [ -47.7722636, -22.5143924 ] } },
{ "type": "Feature", "properties": { "id_comando": "CPI-9", "nome_comando": "9º Comando de Policiamento do Interior (CPI-9)", "nome_batalhao": "10º BPM/I", "tipo_batalhao": "Interior", "companhia": "3.CIA PM", "pelotao": "", "grupo": "1.GP/PM", "cidade": "Santa Maria Da Serra", "endereco": "RUA OLAVO BILAC, 364, CENTRO - Santa Maria Da Serra", "latitude": -22.5709386, "longitude": -48.1530321, "fonte_geocodificacao": "Google Geocoding API", "opm_nome": "1. GRUPO", "opm_descricao": "CPI-9 10.BPM/I 3.CIA PM 1.GP/PM", "opm_codigo": "609103001" }, "geometry": { "type": "Point", "coordinates": [ -48.1530321, -22.5709386 ] } },
{ "type": "Feature", "properties": { "id_comando": "CPI-9", "nome_comando": "9º Comando de Policiamento do Interior (CPI-9)", "nome_batalhao": "10º BPM/I", "tipo_batalhao": "Interior", "companhia": "3.CIA PM", "pelotao": "ADMINISTRACAO", "grupo": "0", "cidade": "Sao Pedro", "endereco": "RUA MADAME ESTELA AZEVEDO, 1083, SANTA CRUZ - Sao Pedro", "latitude": -22.5539807, "longitude": -47.9138779, "fonte_geocodificacao": "Google Geocoding API", "opm_nome": "ADMINISTRACAO", "opm_descricao": "CPI-9 10.BPM/I 3.CIA PM ADMINISTRACAO 0", "opm_codigo": "609103200" }, "geometry": { "type": "Point", "coordinates": [ -47.9138779, -22.5539807 ] } },
{ "type": "Feature", "properties": { "id_comando": "CPI-9", "nome_comando": "9º Comando de Policiamento do Interior (CPI-9)", "nome_batalhao": "10º BPM/I", "tipo_batalhao": "Interior", "companhia": "4.CIA PM", "pelotao": "ADMINISTRACAO", "grupo": "0", "cidade": "Piracicaba", "endereco": "AVENIDA DOUTOR PAULO DE MORÃES, 328  4ª Cia PM Adm, PAULISTA - Piracicaba", "latitude": -22.729791, "longitude": -47.6653861, "fonte_geocodificacao": "Google Geocoding API", "opm_nome": "ADMINISTRACAO", "opm_descricao": "CPI-9 10.BPM/I 4.CIA PM ADMINISTRACAO 0", "opm_codigo": "609104100" }, "geometry": { "type": "Point", "coordinates": [ -47.665386100000013, -22.729791 ] } },
{ "type": "Feature", "properties": { "id_comando": "CPI-9", "nome_comando": "9º Comando de Policiamento do Interior (CPI-9)", "nome_batalhao": "10º BPM/I", "tipo_batalhao": "Interior", "companhia": "5.CIA PM", "pelotao": "ADMINISTRACAO", "grupo": "0", "cidade": "Piracicaba", "endereco": "JOÃO EUGENIO PIEDADE, 337, SANTA TEREZINHA - Piracicaba", "latitude": -22.6750452, "longitude": -47.6855927, "fonte_geocodificacao": "Google Geocoding API", "opm_nome": "ADMINISTRACAO", "opm_descricao": "CPI-9 10.BPM/I 5.CIA PM ADMINISTRACAO 0", "opm_codigo": "609105400" }, "geometry": { "type": "Point", "coordinates": [ -47.6855927, -22.6750452 ] } },
{ "type": "Feature", "properties": { "id_comando": "CPI-9", "nome_comando": "9º Comando de Policiamento do Interior (CPI-9)", "nome_batalhao": "10º BPM/I", "tipo_batalhao": "Interior", "companhia": "CIA F TAT", "pelotao": "", "grupo": "GP PM C", "cidade": "Piracicaba", "endereco": "RUA AMÉRICO VESPÚCIO, 438  FUNDOS, JARDIM ALGODOAL - Piracicaba", "latitude": -22.7004843, "longitude": -47.6673404, "fonte_geocodificacao": "Google Geocoding API", "opm_nome": "10.BPM/I - GP CANIL", "opm_descricao": "CPI-9 10.BPM/I CIA F TAT GP PM C", "opm_codigo": "609109001" }, "geometry": { "type": "Point", "coordinates": [ -47.6673404, -22.7004843 ] } },
{ "type": "Feature", "properties": { "id_comando": "CPI-9", "nome_comando": "9º Comando de Policiamento do Interior (CPI-9)", "nome_batalhao": "10º BPM/I", "tipo_batalhao": "Interior", "companhia": "CIA F TAT", "pelotao": "ADMINISTRACAO", "grupo": "0", "cidade": "Piracicaba", "endereco": "RUA AMÉRICO VESPÚCIO, 438, VILA ALGODOAL - Piracicaba", "latitude": -22.7004843, "longitude": -47.6673404, "fonte_geocodificacao": "Google Geocoding API", "opm_nome": "ADMINISTRACAO", "opm_descricao": "CPI-9 10.BPM/I CIA F TAT ADMINISTRACAO 0", "opm_codigo": "609109300" }, "geometry": { "type": "Point", "coordinates": [ -47.6673404, -22.7004843 ] } },
{ "type": "Feature", "properties": { "id_comando": "CPI-9", "nome_comando": "9º Comando de Policiamento do Interior (CPI-9)", "nome_batalhao": "10º BPM/I", "tipo_batalhao": "Interior", "companhia": "EM", "pelotao": "P/1 E P/5", "grupo": "0", "cidade": "Piracicaba", "endereco": "RUA AMÉRICO VESPÚCIO, 300, JARDIM ALGODOAL - Piracicaba", "latitude": -22.7003812, "longitude": -47.6654509, "fonte_geocodificacao": "Google Geocoding API", "opm_nome": "P/1 E P/5", "opm_descricao": "CPI-9 10.BPM/I EM P/1 E P/5 0", "opm_codigo": "609108100" }, "geometry": { "type": "Point", "coordinates": [ -47.6654509, -22.7003812 ] } },
{ "type": "Feature", "properties": { "id_comando": "CPI-9", "nome_comando": "9º Comando de Policiamento do Interior (CPI-9)", "nome_batalhao": "10º BPM/I", "tipo_batalhao": "Interior", "companhia": "EM", "pelotao": "P/2", "grupo": "0", "cidade": "Piracicaba", "endereco": "RUA AMÉRICO VESPÚCIO, 300, JARDIM ALGODOAL - Piracicaba", "latitude": -22.7003812, "longitude": -47.6654509, "fonte_geocodificacao": "Google Geocoding API", "opm_nome": "P/2", "opm_descricao": "CPI-9 10.BPM/I EM P/2 0", "opm_codigo": "609108200" }, "geometry": { "type": "Point", "coordinates": [ -47.6654509, -22.7003812 ] } },
{ "type": "Feature", "properties": { "id_comando": "CPI-9", "nome_comando": "9º Comando de Policiamento do Interior (CPI-9)", "nome_batalhao": "10º BPM/I", "tipo_batalhao": "Interior", "companhia": "EM", "pelotao": "P/3", "grupo": "0", "cidade": "Piracicaba", "endereco": "RUA AMÉRICO VESPÚCIO, 300, JARDIM ALGODOAL - Piracicaba", "latitude": -22.7003812, "longitude": -47.6654509, "fonte_geocodificacao": "Google Geocoding API", "opm_nome": "P/3", "opm_descricao": "CPI-9 10.BPM/I EM P/3 0", "opm_codigo": "609108300" }, "geometry": { "type": "Point", "coordinates": [ -47.6654509, -22.7003812 ] } },
{ "type": "Feature", "properties": { "id_comando": "CPI-9", "nome_comando": "9º Comando de Policiamento do Interior (CPI-9)", "nome_batalhao": "10º BPM/I", "tipo_batalhao": "Interior", "companhia": "EM", "pelotao": "P/4", "grupo": "0", "cidade": "Piracicaba", "endereco": "RUA AMÉRICO VESPÚCIO, 300, JARDIM ALGODOAL - Piracicaba", "latitude": -22.7003812, "longitude": -47.6654509, "fonte_geocodificacao": "Google Geocoding API", "opm_nome": "P/4", "opm_descricao": "CPI-9 10.BPM/I EM P/4 0", "opm_codigo": "609108400" }, "geometry": { "type": "Point", "coordinates": [ -47.6654509, -22.7003812 ] } },
{ "type": "Feature", "properties": { "id_comando": "CPI-9", "nome_comando": "9º Comando de Policiamento do Interior (CPI-9)", "nome_batalhao": "10º BPM/I", "tipo_batalhao": "Interior", "companhia": "EM", "pelotao": "P/5", "grupo": "0", "cidade": "Piracicaba", "endereco": "RUA AMÉRICO VESPÚCIO, 300, JARDIM ALGODOAL - Piracicaba", "latitude": -22.7003812, "longitude": -47.6654509, "fonte_geocodificacao": "Google Geocoding API", "opm_nome": "P/5", "opm_descricao": "CPI-9 10.BPM/I EM P/5 0", "opm_codigo": "609108500" }, "geometry": { "type": "Point", "coordinates": [ -47.6654509, -22.7003812 ] } },
{ "type": "Feature", "properties": { "id_comando": "CPI-9", "nome_comando": "9º Comando de Policiamento do Interior (CPI-9)", "nome_batalhao": "10º BPM/I", "tipo_batalhao": "Interior", "companhia": "EM", "pelotao": "SEC PJMD", "grupo": "0", "cidade": "Piracicaba", "endereco": "RUA AMÉRICO VESPÚCIO, 300, JARDIM ALGODOAL - Piracicaba", "latitude": -22.7003812, "longitude": -47.6654509, "fonte_geocodificacao": "Google Geocoding API", "opm_nome": "SECAO POLICIA JUDICIARIA MILITAR E DISCIPLINAR", "opm_descricao": "CPI-9 10.BPM/I EM SEC PJMD 0", "opm_codigo": "609108600" }, "geometry": { "type": "Point", "coordinates": [ -47.6654509, -22.7003812 ] } },
{ "type": "Feature", "properties": { "id_comando": "CPI-9", "nome_comando": "9º Comando de Policiamento do Interior (CPI-9)", "nome_batalhao": "10º BPM/I", "tipo_batalhao": "Interior", "companhia": "EM", "pelotao": "P/3", "grupo": "CFP", "cidade": "Piracicaba", "endereco": "RUA AMÉRICO VESPÚCIO, 300, VILA ALGODOAL - Piracicaba", "latitude": -22.7003812, "longitude": -47.6654509, "fonte_geocodificacao": "Google Geocoding API", "opm_nome": "COMANDO FORCA PATRULHA", "opm_descricao": "CPI-9 10.BPM/I EM P/3 CFP", "opm_codigo": "609108310" }, "geometry": { "type": "Point", "coordinates": [ -47.6654509, -22.7003812 ] } },
{ "type": "Feature", "properties": { "id_comando": "CPI-9", "nome_comando": "9º Comando de Policiamento do Interior (CPI-9)", "nome_batalhao": "19º BPM/I", "tipo_batalhao": "Interior", "companhia": "1.CIA PM", "pelotao": "ADMINISTRACAO", "grupo": "0", "cidade": "Americana", "endereco": "RUA WASHIGNTON LUÍS, 78, CENTRO - Americana", "latitude": -22.7392148, "longitude": -47.3290658, "fonte_geocodificacao": "Google Geocoding API", "opm_nome": "ADMINISTRACAO", "opm_descricao": "CPI-9 19.BPM/I 1.CIA PM ADMINISTRACAO 0", "opm_codigo": "609191500" }, "geometry": { "type": "Point", "coordinates": [ -47.3290658, -22.7392148 ] } },
{ "type": "Feature", "properties": { "id_comando": "CPI-9", "nome_comando": "9º Comando de Policiamento do Interior (CPI-9)", "nome_batalhao": "19º BPM/I", "tipo_batalhao": "Interior", "companhia": "2.CIA PM", "pelotao": "ADMINISTRACAO", "grupo": "0", "cidade": "Santa Barbara D Oeste", "endereco": "RUA MARANHÃO, 290, GREGO II - Santa Barbara D Oeste", "latitude": -22.7452739, "longitude": -47.4187156, "fonte_geocodificacao": "Google Geocoding API", "opm_nome": "ADMINISTRACAO", "opm_descricao": "CPI-9 19.BPM/I 2.CIA PM ADMINISTRACAO 0", "opm_codigo": "609192400" }, "geometry": { "type": "Point", "coordinates": [ -47.4187156, -22.7452739 ] } },
{ "type": "Feature", "properties": { "id_comando": "CPI-9", "nome_comando": "9º Comando de Policiamento do Interior (CPI-9)", "nome_batalhao": "19º BPM/I", "tipo_batalhao": "Interior", "companhia": "3.CIA PM", "pelotao": "2.PEL PM", "grupo": "0", "cidade": "Artur Nogueira", "endereco": "RUA MONTEIRO LOBATO, 398, JARDIM PLANALTO - Artur Nogueira", "latitude": -22.5685716, "longitude": -47.165668, "fonte_geocodificacao": "Google Geocoding API", "opm_nome": "19.BPM/I 3.CIA PM 2.PEL PM", "opm_descricao": "CPI-9 19.BPM/I 3.CIA PM 2.PEL PM 0", "opm_codigo": "609193200" }, "geometry": { "type": "Point", "coordinates": [ -47.165668, -22.5685716 ] } },
{ "type": "Feature", "properties": { "id_comando": "CPI-9", "nome_comando": "9º Comando de Policiamento do Interior (CPI-9)", "nome_batalhao": "19º BPM/I", "tipo_batalhao": "Interior", "companhia": "3.CIA PM", "pelotao": "PEL PM", "grupo": "0", "cidade": "Artur Nogueira", "endereco": "RUA MONTEIRO LOBATO, 398, JARDIM WADA - Artur Nogueira", "latitude": -22.5685716, "longitude": -47.165668, "fonte_geocodificacao": "Google Geocoding API", "opm_nome": "PELOTAO", "opm_descricao": "CPI-9 19.BPM/I 3.CIA PM PEL PM 0", "opm_codigo": "609193100" }, "geometry": { "type": "Point", "coordinates": [ -47.165668, -22.5685716 ] } },
{ "type": "Feature", "properties": { "id_comando": "CPI-9", "nome_comando": "9º Comando de Policiamento do Interior (CPI-9)", "nome_batalhao": "19º BPM/I", "tipo_batalhao": "Interior", "companhia": "3.CIA PM", "pelotao": "0", "grupo": "0", "cidade": "Cosmopolis", "endereco": "rua campinas, 61, centro - Cosmopolis", "latitude": -22.643201, "longitude": -47.198062, "fonte_geocodificacao": "Google Geocoding API", "opm_nome": "3. COMPANHIA DE POLICIA MILITAR", "opm_descricao": "CPI-9 19.BPM/I 3.CIA PM 0 0", "opm_codigo": "609193000" }, "geometry": { "type": "Point", "coordinates": [ -47.198062, -22.643201 ] } },
{ "type": "Feature", "properties": { "id_comando": "CPI-9", "nome_comando": "9º Comando de Policiamento do Interior (CPI-9)", "nome_batalhao": "19º BPM/I", "tipo_batalhao": "Interior", "companhia": "3.CIA PM", "pelotao": "0", "grupo": "GP/PM", "cidade": "Engenheiro Coelho", "endereco": "RUA THEOPHILO HAECK, 575, CENTRO - Engenheiro Coelho", "latitude": -22.4901712, "longitude": -47.2133893, "fonte_geocodificacao": "Google Geocoding API", "opm_nome": "GRUPO", "opm_descricao": "CPI-9 19.BPM/I 3.CIA PM 0 GP/PM", "opm_codigo": "609193001" }, "geometry": { "type": "Point", "coordinates": [ -47.2133893, -22.4901712 ] } },
{ "type": "Feature", "properties": { "id_comando": "CPI-9", "nome_comando": "9º Comando de Policiamento do Interior (CPI-9)", "nome_batalhao": "19º BPM/I", "tipo_batalhao": "Interior", "companhia": "3.CIA PM", "pelotao": "ADMINISTRACAO", "grupo": "0", "cidade": "Engenheiro Coelho", "endereco": "RUA THEOFILO HAEK, 575, VILA SAO PEDRO - Engenheiro Coelho", "latitude": -22.4901916, "longitude": -47.2127165, "fonte_geocodificacao": "Google Geocoding API", "opm_nome": "ADMINISTRACAO", "opm_descricao": "CPI-9 19.BPM/I 3.CIA PM ADMINISTRACAO 0", "opm_codigo": "609193400" }, "geometry": { "type": "Point", "coordinates": [ -47.2127165, -22.4901916 ] } },
{ "type": "Feature", "properties": { "id_comando": "CPI-9", "nome_comando": "9º Comando de Policiamento do Interior (CPI-9)", "nome_batalhao": "19º BPM/I", "tipo_batalhao": "Interior", "companhia": "CIA F TAT", "pelotao": "ADMINISTRACAO", "grupo": "0", "cidade": "Americana", "endereco": "RUA WASHIGNTON LUÍS, 78, CENTRO - Americana", "latitude": -22.7392148, "longitude": -47.3290658, "fonte_geocodificacao": "Google Geocoding API", "opm_nome": "ADMINISTRACAO", "opm_descricao": "CPI-9 19.BPM/I CIA F TAT ADMINISTRACAO 0", "opm_codigo": "609194200" }, "geometry": { "type": "Point", "coordinates": [ -47.3290658, -22.7392148 ] } },
{ "type": "Feature", "properties": { "id_comando": "CPI-9", "nome_comando": "9º Comando de Policiamento do Interior (CPI-9)", "nome_batalhao": "19º BPM/I", "tipo_batalhao": "Interior", "companhia": "CIA FT", "pelotao": "0", "grupo": "0", "cidade": "Americana", "endereco": "PRAÇA COMENDADOR MÜLLER, 78, CENTRO - Americana", "latitude": -22.7394444, "longitude": -47.3304949, "fonte_geocodificacao": "Google Geocoding API", "opm_nome": "COMPANHIA DE FORCA TATICA", "opm_descricao": "CPI-9 19.BPM/I CIA FT 0 0", "opm_codigo": "609194000" }, "geometry": { "type": "Point", "coordinates": [ -47.3304949, -22.7394444 ] } },
{ "type": "Feature", "properties": { "id_comando": "CPI-9", "nome_comando": "9º Comando de Policiamento do Interior (CPI-9)", "nome_batalhao": "19º BPM/I", "tipo_batalhao": "Interior", "companhia": "CIA FT", "pelotao": "1.PEL FT", "grupo": "0", "cidade": "Americana", "endereco": "PRAÇA COMENDADOR MÜLLER, 78, CENTRO - Americana", "latitude": -22.7394444, "longitude": -47.3304949, "fonte_geocodificacao": "Google Geocoding API", "opm_nome": "1.PELOTAO DE FORCA TATICA", "opm_descricao": "CPI-9 19.BPM/I CIA FT 1.PEL FT 0", "opm_codigo": "609194100" }, "geometry": { "type": "Point", "coordinates": [ -47.3304949, -22.7394444 ] } },
{ "type": "Feature", "properties": { "id_comando": "CPI-9", "nome_comando": "9º Comando de Policiamento do Interior (CPI-9)", "nome_batalhao": "19º BPM/I", "tipo_batalhao": "Interior", "companhia": "EM", "pelotao": "UIS", "grupo": "0", "cidade": "Americana", "endereco": "PRAÇA COMENDADOR MÜLLER, 78, CENTRO - Americana", "latitude": -22.7394444, "longitude": -47.3304949, "fonte_geocodificacao": "Google Geocoding API", "opm_nome": "UNIDADE INTEGRADA DE SAUDE", "opm_descricao": "CPI-9 19.BPM/I EM UIS 0", "opm_codigo": "609198010" }, "geometry": { "type": "Point", "coordinates": [ -47.3304949, -22.7394444 ] } },
{ "type": "Feature", "properties": { "id_comando": "CPI-9", "nome_comando": "9º Comando de Policiamento do Interior (CPI-9)", "nome_batalhao": "19º BPM/I", "tipo_batalhao": "Interior", "companhia": "EM", "pelotao": "UIS", "grupo": "GAB MED", "cidade": "Americana", "endereco": "PRAÇA COMENDADOR MÜLLER, 78, CENTRO - Americana", "latitude": -22.7394444, "longitude": -47.3304949, "fonte_geocodificacao": "Google Geocoding API", "opm_nome": "GABINETE MEDICO", "opm_descricao": "CPI-9 19.BPM/I EM UIS GAB MED", "opm_codigo": "609198011" }, "geometry": { "type": "Point", "coordinates": [ -47.3304949, -22.7394444 ] } },
{ "type": "Feature", "properties": { "id_comando": "CPI-9", "nome_comando": "9º Comando de Policiamento do Interior (CPI-9)", "nome_batalhao": "19º BPM/I", "tipo_batalhao": "Interior", "companhia": "EM", "pelotao": "UIS", "grupo": "GAB ODONTO", "cidade": "Americana", "endereco": "PRAÇA COMENDADOR MÜLLER, 78, CENTRO - Americana", "latitude": -22.7394444, "longitude": -47.3304949, "fonte_geocodificacao": "Google Geocoding API", "opm_nome": "GABINETE ODONTOLOGICO", "opm_descricao": "CPI-9 19.BPM/I EM UIS GAB ODONTO", "opm_codigo": "609198012" }, "geometry": { "type": "Point", "coordinates": [ -47.3304949, -22.7394444 ] } },
{ "type": "Feature", "properties": { "id_comando": "CPI-9", "nome_comando": "9º Comando de Policiamento do Interior (CPI-9)", "nome_batalhao": "19º BPM/I", "tipo_batalhao": "Interior", "companhia": "EM", "pelotao": "P/1 E P/5", "grupo": "0", "cidade": "Americana", "endereco": "PRAÇA COMENDADOR MULLER, 78, CENTRO - Americana", "latitude": -22.7394444, "longitude": -47.3304949, "fonte_geocodificacao": "Google Geocoding API", "opm_nome": "P/1 E P/5", "opm_descricao": "CPI-9 19.BPM/I EM P/1 E P/5 0", "opm_codigo": "609198100" }, "geometry": { "type": "Point", "coordinates": [ -47.3304949, -22.7394444 ] } },
{ "type": "Feature", "properties": { "id_comando": "CPI-9", "nome_comando": "9º Comando de Policiamento do Interior (CPI-9)", "nome_batalhao": "19º BPM/I", "tipo_batalhao": "Interior", "companhia": "EM", "pelotao": "P/1 E P/5", "grupo": "GD QUARTEL", "cidade": "Americana", "endereco": "PRAÇA COMENDADOR MÜLLER, 78, CENTRO - Americana", "latitude": -22.7394444, "longitude": -47.3304949, "fonte_geocodificacao": "Google Geocoding API", "opm_nome": "GUARDA DO QUARTEL", "opm_descricao": "CPI-9 19.BPM/I EM P/1 E P/5 GD QUARTEL", "opm_codigo": "609198110" }, "geometry": { "type": "Point", "coordinates": [ -47.3304949, -22.7394444 ] } },
{ "type": "Feature", "properties": { "id_comando": "CPI-9", "nome_comando": "9º Comando de Policiamento do Interior (CPI-9)", "nome_batalhao": "19º BPM/I", "tipo_batalhao": "Interior", "companhia": "EM", "pelotao": "P/2", "grupo": "0", "cidade": "Americana", "endereco": "PRAÇA COMENDADOR MULLER, 78, CENTRO - Americana", "latitude": -22.7394444, "longitude": -47.3304949, "fonte_geocodificacao": "Google Geocoding API", "opm_nome": "P/2", "opm_descricao": "CPI-9 19.BPM/I EM P/2 0", "opm_codigo": "609198200" }, "geometry": { "type": "Point", "coordinates": [ -47.3304949, -22.7394444 ] } },
{ "type": "Feature", "properties": { "id_comando": "CPI-9", "nome_comando": "9º Comando de Policiamento do Interior (CPI-9)", "nome_batalhao": "19º BPM/I", "tipo_batalhao": "Interior", "companhia": "EM", "pelotao": "P/3", "grupo": "CFP", "cidade": "Americana", "endereco": "PRAÇA COMENDADOR MÜLLER, 78, CENTRO - Americana", "latitude": -22.7394444, "longitude": -47.3304949, "fonte_geocodificacao": "Google Geocoding API", "opm_nome": "COMANDO FORCA PATRULHA", "opm_descricao": "CPI-9 19.BPM/I EM P/3 CFP", "opm_codigo": "609198310" }, "geometry": { "type": "Point", "coordinates": [ -47.3304949, -22.7394444 ] } },
{ "type": "Feature", "properties": { "id_comando": "CPI-9", "nome_comando": "9º Comando de Policiamento do Interior (CPI-9)", "nome_batalhao": "19º BPM/I", "tipo_batalhao": "Interior", "companhia": "EM", "pelotao": "P/4 E MOTOMEC", "grupo": "0", "cidade": "Americana", "endereco": "PRAÇA COMENDADOR MULLER, 78, CENTRO - Americana", "latitude": -22.7394444, "longitude": -47.3304949, "fonte_geocodificacao": "Google Geocoding API", "opm_nome": "P/4 E MOTOMEC", "opm_descricao": "CPI-9 19.BPM/I EM P/4 E MOTOMEC 0", "opm_codigo": "609198400" }, "geometry": { "type": "Point", "coordinates": [ -47.3304949, -22.7394444 ] } },
{ "type": "Feature", "properties": { "id_comando": "CPI-9", "nome_comando": "9º Comando de Policiamento do Interior (CPI-9)", "nome_batalhao": "19º BPM/I", "tipo_batalhao": "Interior", "companhia": "EM", "pelotao": "SEC PJMD", "grupo": "0", "cidade": "Americana", "endereco": "PRAÇA COMENDADOR MULLER, 78, CENTRO - Americana", "latitude": -22.7394444, "longitude": -47.3304949, "fonte_geocodificacao": "Google Geocoding API", "opm_nome": "SECAO POLICIA JUDICIARIA MILITAR E DISCIPLINAR", "opm_descricao": "CPI-9 19.BPM/I EM SEC PJMD 0", "opm_codigo": "609198600" }, "geometry": { "type": "Point", "coordinates": [ -47.3304949, -22.7394444 ] } },
{ "type": "Feature", "properties": { "id_comando": "CPI-9", "nome_comando": "9º Comando de Policiamento do Interior (CPI-9)", "nome_batalhao": "19º BPM/I", "tipo_batalhao": "Interior", "companhia": "EM", "pelotao": "MOTOMEC", "grupo": "0", "cidade": "Americana", "endereco": "PRAÇA COMENDADOR MULLER, 78, CENTRO - Americana", "latitude": -22.7394444, "longitude": -47.3304949, "fonte_geocodificacao": "Google Geocoding API", "opm_nome": "MOTOMECANIZACAO", "opm_descricao": "CPI-9 19.BPM/I EM MOTOMEC 0", "opm_codigo": "609198700" }, "geometry": { "type": "Point", "coordinates": [ -47.3304949, -22.7394444 ] } },
{ "type": "Feature", "properties": { "id_comando": "CPI-9", "nome_comando": "9º Comando de Policiamento do Interior (CPI-9)", "nome_batalhao": "24º BPM/I", "tipo_batalhao": "Interior", "companhia": "1.CIA PM", "pelotao": "", "grupo": "2.GP/PM", "cidade": "Aguas Da Prata", "endereco": "RUA MARIANA VILELA, 143, CENTRO - Aguas Da Prata", "latitude": -21.933492, "longitude": -46.7140126, "fonte_geocodificacao": "Google Geocoding API", "opm_nome": "2.GRUPO POLICIAL MILITAR", "opm_descricao": "CPI-9 24.BPM/I 1.CIA PM 2.GP/PM", "opm_codigo": "609241002" }, "geometry": { "type": "Point", "coordinates": [ -46.7140126, -21.933492 ] } },
{ "type": "Feature", "properties": { "id_comando": "CPI-9", "nome_comando": "9º Comando de Policiamento do Interior (CPI-9)", "nome_batalhao": "24º BPM/I", "tipo_batalhao": "Interior", "companhia": "1.CIA PM", "pelotao": "", "grupo": "1.GP/PM", "cidade": "Divinolandia", "endereco": "RUA LOURIVAL MEDEIROS, 602, CENTRO - Divinolandia", "latitude": -21.6610582, "longitude": -46.7295681, "fonte_geocodificacao": "Google Geocoding API", "opm_nome": "1.GRUPO POLICIAL MILITAR", "opm_descricao": "CPI-9 24.BPM/I 1.CIA PM 1.GP/PM", "opm_codigo": "609241001" }, "geometry": { "type": "Point", "coordinates": [ -46.729568099999987, -21.6610582 ] } },
{ "type": "Feature", "properties": { "id_comando": "CPI-9", "nome_comando": "9º Comando de Policiamento do Interior (CPI-9)", "nome_batalhao": "24º BPM/I", "tipo_batalhao": "Interior", "companhia": "1.CIA PM", "pelotao": "", "grupo": "GP FT", "cidade": "Sao Joao Da Boa Vista", "endereco": "AVENIDA SENADOR MARCOS FREIRE, 0  SEM NÚMERO, JARDIM AEROPORTO - Sao Joao Da Boa Vista", "latitude": -21.9781193, "longitude": -46.7809402, "fonte_geocodificacao": "Google Geocoding API", "opm_nome": "24.BPM/I - GP FT", "opm_descricao": "CPI-9 24.BPM/I 1.CIA PM GP FT", "opm_codigo": "609241009" }, "geometry": { "type": "Point", "coordinates": [ -46.7809402, -21.9781193 ] } },
{ "type": "Feature", "properties": { "id_comando": "CPI-9", "nome_comando": "9º Comando de Policiamento do Interior (CPI-9)", "nome_batalhao": "24º BPM/I", "tipo_batalhao": "Interior", "companhia": "1.CIA PM", "pelotao": "", "grupo": "3.GP/PM", "cidade": "Sao Sebastiao Da Grama", "endereco": "RUA ANTONIO FRANCISCO JÚNIOR, 50, CENTRO - Sao Sebastiao Da Grama", "latitude": -21.7137616, "longitude": -46.820769, "fonte_geocodificacao": "Google Geocoding API", "opm_nome": "3.GRUPO POLICIAL MILITAR", "opm_descricao": "CPI-9 24.BPM/I 1.CIA PM 3.GP/PM", "opm_codigo": "609241003" }, "geometry": { "type": "Point", "coordinates": [ -46.820769, -21.7137616 ] } },
{ "type": "Feature", "properties": { "id_comando": "CPI-9", "nome_comando": "9º Comando de Policiamento do Interior (CPI-9)", "nome_batalhao": "24º BPM/I", "tipo_batalhao": "Interior", "companhia": "2.CIA PM", "pelotao": "", "grupo": "1.GP/PM", "cidade": "Itobi", "endereco": "RUA ANGELO CONTI, 914, CENTRO - Itobi", "latitude": -21.7322649, "longitude": -46.9710413, "fonte_geocodificacao": "Google Geocoding API", "opm_nome": "1.GRUPO POLICIAL MILITAR", "opm_descricao": "CPI-9 24.BPM/I 2.CIA PM 1.GP/PM", "opm_codigo": "609242001" }, "geometry": { "type": "Point", "coordinates": [ -46.9710413, -21.7322649 ] } },
{ "type": "Feature", "properties": { "id_comando": "CPI-9", "nome_comando": "9º Comando de Policiamento do Interior (CPI-9)", "nome_batalhao": "24º BPM/I", "tipo_batalhao": "Interior", "companhia": "2.CIA PM", "pelotao": "", "grupo": "2.GP/PM", "cidade": "Tambau", "endereco": "RUA TREZE DE MAIO, 51, CENTRO - Tambau", "latitude": -21.7057376, "longitude": -47.2723256, "fonte_geocodificacao": "Google Geocoding API", "opm_nome": "2.GRUPO POLICIAL MILITAR", "opm_descricao": "CPI-9 24.BPM/I 2.CIA PM 2.GP/PM", "opm_codigo": "609242002" }, "geometry": { "type": "Point", "coordinates": [ -47.272325599999988, -21.7057376 ] } },
{ "type": "Feature", "properties": { "id_comando": "CPI-9", "nome_comando": "9º Comando de Policiamento do Interior (CPI-9)", "nome_batalhao": "24º BPM/I", "tipo_batalhao": "Interior", "companhia": "3.CIA PM", "pelotao": "", "grupo": "1º GP PM", "cidade": "Caconde", "endereco": "RUA CEL TITO LEONEL, 113, BELA VISTA - Caconde", "latitude": -21.5347763, "longitude": -46.6428273, "fonte_geocodificacao": "Google Geocoding API", "opm_nome": "1.GRUPO POLICIAL MILITAR", "opm_descricao": "CPI-9 24.BPM/I 3.CIA PM 1º GP PM", "opm_codigo": "609243011" }, "geometry": { "type": "Point", "coordinates": [ -46.6428273, -21.5347763 ] } },
{ "type": "Feature", "properties": { "id_comando": "CPI-9", "nome_comando": "9º Comando de Policiamento do Interior (CPI-9)", "nome_batalhao": "24º BPM/I", "tipo_batalhao": "Interior", "companhia": "3.CIA PM", "pelotao": "", "grupo": "GP/FT", "cidade": "Mococa", "endereco": "AVENIDA MONSENHOR DEMOSTHENES PARANÁ BRASIL PONTES, 1685  24ºBPM/I 3 CIA PM GP/FT, CONJUNTO HABITACIONAL GILBERTO ROSSETTI - Mococa", "latitude": -21.4839367, "longitude": -47.0090175, "fonte_geocodificacao": "Google Geocoding API", "opm_nome": "24.BPM/I - GP FT", "opm_descricao": "CPI-9 24.BPM/I 3.CIA PM GP/FT", "opm_codigo": "609243002" }, "geometry": { "type": "Point", "coordinates": [ -47.0090175, -21.4839367 ] } },
{ "type": "Feature", "properties": { "id_comando": "CPI-9", "nome_comando": "9º Comando de Policiamento do Interior (CPI-9)", "nome_batalhao": "24º BPM/I", "tipo_batalhao": "Interior", "companhia": "3.CIA PM", "pelotao": "", "grupo": "2º GP PM", "cidade": "Tapiratiba", "endereco": "RUA SOLDADO PINHEIRO, 93, CENTRO - Tapiratiba", "latitude": -21.4726138, "longitude": -46.7476346, "fonte_geocodificacao": "Google Geocoding API", "opm_nome": "2.GRUPO POLICIAL MILITAR", "opm_descricao": "CPI-9 24.BPM/I 3.CIA PM 2º GP PM", "opm_codigo": "609243012" }, "geometry": { "type": "Point", "coordinates": [ -46.7476346, -21.4726138 ] } },
{ "type": "Feature", "properties": { "id_comando": "CPI-9", "nome_comando": "9º Comando de Policiamento do Interior (CPI-9)", "nome_batalhao": "24º BPM/I", "tipo_batalhao": "Interior", "companhia": "3.CIA PM", "pelotao": "", "grupo": "GP/PM", "cidade": "Tapiratiba", "endereco": "RUA SOLDADO PINHEIRO, 93, JARDIM SANTA DEOLINDA - Tapiratiba", "latitude": -21.4726138, "longitude": -46.7476346, "fonte_geocodificacao": "Google Geocoding API", "opm_nome": "24.BPM/I 3.CIA PM  GP/PM", "opm_descricao": "CPI-9 24.BPM/I 3.CIA PM GP/PM", "opm_codigo": "609243001" }, "geometry": { "type": "Point", "coordinates": [ -46.7476346, -21.4726138 ] } },
{ "type": "Feature", "properties": { "id_comando": "CPI-9", "nome_comando": "9º Comando de Policiamento do Interior (CPI-9)", "nome_batalhao": "24º BPM/I", "tipo_batalhao": "Interior", "companhia": "4.CIA PM", "pelotao": "", "grupo": "GP PM", "cidade": "Santo Antonio Do Jardim", "endereco": "PRAÇA SIQUEIRA CAMPOS, 75, CENTRO - Santo Antonio Do Jardim", "latitude": -22.1151351, "longitude": -46.6838141, "fonte_geocodificacao": "Google Geocoding API", "opm_nome": "GRUPO POLICIAL MILITAR", "opm_descricao": "CPI-9 24.BPM/I 4.CIA PM GP PM", "opm_codigo": "609244001" }, "geometry": { "type": "Point", "coordinates": [ -46.6838141, -22.1151351 ] } },
{ "type": "Feature", "properties": { "id_comando": "CPI-9", "nome_comando": "9º Comando de Policiamento do Interior (CPI-9)", "nome_batalhao": "24º BPM/I", "tipo_batalhao": "Interior", "companhia": "EM", "pelotao": "P/5", "grupo": "0", "cidade": "Sao Joao Da Boa Vista", "endereco": "RUA ODILON DE PAULA GIÃO, 69, JARDIM  NOVA SÃO JOÃO - Sao Joao Da Boa Vista", "latitude": -21.9705238, "longitude": -46.7807548, "fonte_geocodificacao": "Google Geocoding API", "opm_nome": "24.BPM/I - P/5", "opm_descricao": "CPI-9 24.BPM/I EM P/5 0", "opm_codigo": "609248500" }, "geometry": { "type": "Point", "coordinates": [ -46.7807548, -21.9705238 ] } },
{ "type": "Feature", "properties": { "id_comando": "CPI-9", "nome_comando": "9º Comando de Policiamento do Interior (CPI-9)", "nome_batalhao": "24º BPM/I", "tipo_batalhao": "Interior", "companhia": "EM", "pelotao": "P/3", "grupo": "EQ TELECOM", "cidade": "Sao Joao Da Boa Vista", "endereco": "RUA ODILON DE PAULA GIÃO, 69, JARDIM PRISCILLA - Sao Joao Da Boa Vista", "latitude": -21.9705238, "longitude": -46.7807548, "fonte_geocodificacao": "Google Geocoding API", "opm_nome": "EQUIPE DE TELECOMUNICACOES", "opm_descricao": "CPI-9 24.BPM/I EM P/3 EQ TELECOM", "opm_codigo": "609248320" }, "geometry": { "type": "Point", "coordinates": [ -46.7807548, -21.9705238 ] } },
{ "type": "Feature", "properties": { "id_comando": "CPI-9", "nome_comando": "9º Comando de Policiamento do Interior (CPI-9)", "nome_batalhao": "24º BPM/I", "tipo_batalhao": "Interior", "companhia": "EM", "pelotao": "P/3", "grupo": "CFP", "cidade": "Sao Joao Da Boa Vista", "endereco": "RUA ODILON DE PAULA GIÃO, 69, JARDIM PRISCILLA - Sao Joao Da Boa Vista", "latitude": -21.9705238, "longitude": -46.7807548, "fonte_geocodificacao": "Google Geocoding API", "opm_nome": "COMANDO FORCA PATRULHA", "opm_descricao": "CPI-9 24.BPM/I EM P/3 CFP", "opm_codigo": "609248330" }, "geometry": { "type": "Point", "coordinates": [ -46.7807548, -21.9705238 ] } },
{ "type": "Feature", "properties": { "id_comando": "CPI-9", "nome_comando": "9º Comando de Policiamento do Interior (CPI-9)", "nome_batalhao": "24º BPM/I", "tipo_batalhao": "Interior", "companhia": "EM", "pelotao": "P/3", "grupo": "GP FT", "cidade": "Sao Joao Da Boa Vista", "endereco": "RUA ODILON DE PAULA GIÃO, 69  GP FT, JARDIM PRISCILLA - Sao Joao Da Boa Vista", "latitude": -21.9705238, "longitude": -46.7807548, "fonte_geocodificacao": "Google Geocoding API", "opm_nome": "24.BPMI GP FT", "opm_descricao": "CPI-9 24.BPM/I EM P/3 GP FT", "opm_codigo": "609248340" }, "geometry": { "type": "Point", "coordinates": [ -46.7807548, -21.9705238 ] } },
{ "type": "Feature", "properties": { "id_comando": "CPI-9", "nome_comando": "9º Comando de Policiamento do Interior (CPI-9)", "nome_batalhao": "24º BPM/I", "tipo_batalhao": "Interior", "companhia": "EM", "pelotao": "UIS", "grupo": "GAB ODONTO", "cidade": "Sao Joao Da Boa Vista", "endereco": "RUA ODILON DE PAULA GIÃO, 69, NOVA SÃO JOAO - Sao Joao Da Boa Vista", "latitude": -21.9705238, "longitude": -46.7807548, "fonte_geocodificacao": "Google Geocoding API", "opm_nome": "GABINETE ODONTOLOGICO", "opm_descricao": "CPI-9 24.BPM/I EM UIS GAB ODONTO", "opm_codigo": "609248012" }, "geometry": { "type": "Point", "coordinates": [ -46.7807548, -21.9705238 ] } },
{ "type": "Feature", "properties": { "id_comando": "CPI-9", "nome_comando": "9º Comando de Policiamento do Interior (CPI-9)", "nome_batalhao": "24º BPM/I", "tipo_batalhao": "Interior", "companhia": "EM", "pelotao": "UIS", "grupo": "GAB MED", "cidade": "Sao Joao Da Boa Vista", "endereco": "RUA ODILON DE PAULA GIÃO, 69, NOVA SÃO JOÃO - Sao Joao Da Boa Vista", "latitude": -21.9705238, "longitude": -46.7807548, "fonte_geocodificacao": "Google Geocoding API", "opm_nome": "GABINETE MEDICO", "opm_descricao": "CPI-9 24.BPM/I EM UIS GAB MED", "opm_codigo": "609248011" }, "geometry": { "type": "Point", "coordinates": [ -46.7807548, -21.9705238 ] } },
{ "type": "Feature", "properties": { "id_comando": "CPI-9", "nome_comando": "9º Comando de Policiamento do Interior (CPI-9)", "nome_batalhao": "36º BPM/I", "tipo_batalhao": "Interior", "companhia": "1.CIA PM", "pelotao": "ADMINISTRACAO", "grupo": "0", "cidade": "Limeira", "endereco": "RUA SÃO VICENTE DE PAULA, 375, VILA CRISTOVAM - Limeira", "latitude": -22.5758359, "longitude": -47.4050297, "fonte_geocodificacao": "Google Geocoding API", "opm_nome": "ADMINISTRACAO", "opm_descricao": "CPI-9 36.BPM/I 1.CIA PM ADMINISTRACAO 0", "opm_codigo": "609361400" }, "geometry": { "type": "Point", "coordinates": [ -47.4050297, -22.5758359 ] } },
{ "type": "Feature", "properties": { "id_comando": "CPI-9", "nome_comando": "9º Comando de Policiamento do Interior (CPI-9)", "nome_batalhao": "36º BPM/I", "tipo_batalhao": "Interior", "companhia": "2.CIA PM", "pelotao": "1.PEL PM", "grupo": "0", "cidade": "Araras", "endereco": "RUA ALAN KARDEC, 143, JARDIM DONA ROSA ZURITA - Araras", "latitude": -22.3743481, "longitude": -47.3875992, "fonte_geocodificacao": "Google Geocoding API", "opm_nome": "36.BPM/I 2.CIA PM 1.PEL PM", "opm_descricao": "CPI-9 36.BPM/I 2.CIA PM 1.PEL PM 0", "opm_codigo": "609362100" }, "geometry": { "type": "Point", "coordinates": [ -47.3875992, -22.3743481 ] } },
{ "type": "Feature", "properties": { "id_comando": "CPI-9", "nome_comando": "9º Comando de Policiamento do Interior (CPI-9)", "nome_batalhao": "36º BPM/I", "tipo_batalhao": "Interior", "companhia": "2.CIA PM", "pelotao": "", "grupo": "GP FT", "cidade": "Araras", "endereco": "RUA ALAN KARDEC, 143, JARDIM MARABÁ - Araras", "latitude": -22.3743481, "longitude": -47.3875992, "fonte_geocodificacao": "Google Geocoding API", "opm_nome": "GRUPO FORCA TATICA", "opm_descricao": "CPI-9 36.BPM/I 2.CIA PM GP FT", "opm_codigo": "609362001" }, "geometry": { "type": "Point", "coordinates": [ -47.3875992, -22.3743481 ] } },
{ "type": "Feature", "properties": { "id_comando": "CPI-9", "nome_comando": "9º Comando de Policiamento do Interior (CPI-9)", "nome_batalhao": "36º BPM/I", "tipo_batalhao": "Interior", "companhia": "2.CIA PM", "pelotao": "ADMINISTRACAO", "grupo": "0", "cidade": "Araras", "endereco": "RUA ALAN KARDEC, 143, PARQUE INDUSTRIAL - Araras", "latitude": -22.3743481, "longitude": -47.3875992, "fonte_geocodificacao": "Google Geocoding API", "opm_nome": "ADMINISTRACAO", "opm_descricao": "CPI-9 36.BPM/I 2.CIA PM ADMINISTRACAO 0", "opm_codigo": "609362500" }, "geometry": { "type": "Point", "coordinates": [ -47.3875992, -22.3743481 ] } },
{ "type": "Feature", "properties": { "id_comando": "CPI-9", "nome_comando": "9º Comando de Policiamento do Interior (CPI-9)", "nome_batalhao": "36º BPM/I", "tipo_batalhao": "Interior", "companhia": "2.CIA PM", "pelotao": "PEL PM", "grupo": "0", "cidade": "Conchal", "endereco": "RUA DOS MANACÁS, 703, CENTRO - Conchal", "latitude": -22.3388509, "longitude": -47.173833, "fonte_geocodificacao": "Google Geocoding API", "opm_nome": "PELOTAO", "opm_descricao": "CPI-9 36.BPM/I 2.CIA PM PEL PM 0", "opm_codigo": "609362300" }, "geometry": { "type": "Point", "coordinates": [ -47.173833, -22.3388509 ] } },
{ "type": "Feature", "properties": { "id_comando": "CPI-9", "nome_comando": "9º Comando de Policiamento do Interior (CPI-9)", "nome_batalhao": "36º BPM/I", "tipo_batalhao": "Interior", "companhia": "3.CIA PM", "pelotao": "ADMINISTRACAO", "grupo": "0", "cidade": "Pirassununga", "endereco": "RUA CORONEL FRANCO, 3314, JARDIM ELDORADO - POSTO DE MONTA - Pirassununga", "latitude": -22.0169176, "longitude": -47.427514, "fonte_geocodificacao": "Google Geocoding API", "opm_nome": "ADMINISTRACAO", "opm_descricao": "CPI-9 36.BPM/I 3.CIA PM ADMINISTRACAO 0", "opm_codigo": "609363300" }, "geometry": { "type": "Point", "coordinates": [ -47.427514, -22.0169176 ] } },
{ "type": "Feature", "properties": { "id_comando": "CPI-9", "nome_comando": "9º Comando de Policiamento do Interior (CPI-9)", "nome_batalhao": "36º BPM/I", "tipo_batalhao": "Interior", "companhia": "3.CIA PM", "pelotao": "", "grupo": "GP/FT", "cidade": "Pirassununga", "endereco": "RUA CORONEL FRANCO, 3314, POSTO DE MONTA - Pirassununga", "latitude": -22.0169176, "longitude": -47.427514, "fonte_geocodificacao": "Google Geocoding API", "opm_nome": "GRUPO FORCA TATICA", "opm_descricao": "CPI-9 36.BPM/I 3.CIA PM GP/FT", "opm_codigo": "609363001" }, "geometry": { "type": "Point", "coordinates": [ -47.427514, -22.0169176 ] } },
{ "type": "Feature", "properties": { "id_comando": "CPI-9", "nome_comando": "9º Comando de Policiamento do Interior (CPI-9)", "nome_batalhao": "36º BPM/I", "tipo_batalhao": "Interior", "companhia": "4.CIA PM", "pelotao": "", "grupo": "GP/FT", "cidade": "Leme", "endereco": "AVENIDA PAUL HARRIS, 1200, JARDIM DO BOSQUE - Leme", "latitude": -22.1768773, "longitude": -47.4020619, "fonte_geocodificacao": "Google Geocoding API", "opm_nome": "GRUPO FORCA TATICA", "opm_descricao": "CPI-9 36.BPM/I 4.CIA PM GP/FT", "opm_codigo": "609364002" }, "geometry": { "type": "Point", "coordinates": [ -47.4020619, -22.1768773 ] } },
{ "type": "Feature", "properties": { "id_comando": "CPI-9", "nome_comando": "9º Comando de Policiamento do Interior (CPI-9)", "nome_batalhao": "36º BPM/I", "tipo_batalhao": "Interior", "companhia": "4.CIA PM", "pelotao": "ADMINISTRACAO", "grupo": "0", "cidade": "Leme", "endereco": "AVENIDA PAUL HARRIS, 1200, JARDIM DO BOSQUE - Leme", "latitude": -22.1768773, "longitude": -47.4020619, "fonte_geocodificacao": "Google Geocoding API", "opm_nome": "ADMINISTRACAO", "opm_descricao": "CPI-9 36.BPM/I 4.CIA PM ADMINISTRACAO 0", "opm_codigo": "609364300" }, "geometry": { "type": "Point", "coordinates": [ -47.4020619, -22.1768773 ] } },
{ "type": "Feature", "properties": { "id_comando": "CPI-9", "nome_comando": "9º Comando de Policiamento do Interior (CPI-9)", "nome_batalhao": "36º BPM/I", "tipo_batalhao": "Interior", "companhia": "4.CIA PM", "pelotao": "0", "grupo": "GP/PM", "cidade": "Santa Cruz Da Conceicao", "endereco": "AVENIDA CARLOS RAVANINI SOBRINHO, 418, CENTRO - Santa Cruz Da Conceicao", "latitude": -22.1341149, "longitude": -47.4529416, "fonte_geocodificacao": "Google Geocoding API", "opm_nome": "GRUPO POLICIAL MILITAR", "opm_descricao": "CPI-9 36.BPM/I 4.CIA PM 0 GP/PM", "opm_codigo": "609364001" }, "geometry": { "type": "Point", "coordinates": [ -47.4529416, -22.1341149 ] } },
{ "type": "Feature", "properties": { "id_comando": "CPI-9", "nome_comando": "9º Comando de Policiamento do Interior (CPI-9)", "nome_batalhao": "36º BPM/I", "tipo_batalhao": "Interior", "companhia": "5.CIA PM", "pelotao": "0", "grupo": "2.GP/PM", "cidade": "Cordeiropolis", "endereco": "RUA FRANCISCO MINATEL, 129, JARDIM JAFET - Cordeiropolis", "latitude": -22.4801679, "longitude": -47.462839, "fonte_geocodificacao": "Google Geocoding API", "opm_nome": "2. GRUPO POLICIAL MILITAR", "opm_descricao": "CPI-9 36.BPM/I 5.CIA PM 0 2.GP/PM", "opm_codigo": "609365002" }, "geometry": { "type": "Point", "coordinates": [ -47.462839, -22.4801679 ] } },
{ "type": "Feature", "properties": { "id_comando": "CPI-9", "nome_comando": "9º Comando de Policiamento do Interior (CPI-9)", "nome_batalhao": "36º BPM/I", "tipo_batalhao": "Interior", "companhia": "5.CIA PM", "pelotao": "", "grupo": "1.GP/PM", "cidade": "Iracemapolis", "endereco": "RUA DUQUE DE CAXIAS, 979, CENTRO - Iracemapolis", "latitude": -22.5864581, "longitude": -47.5199206, "fonte_geocodificacao": "Google Geocoding API", "opm_nome": "1. GRUPO POLICIAL MILITAR", "opm_descricao": "CPI-9 36.BPM/I 5.CIA PM 1.GP/PM", "opm_codigo": "609365001" }, "geometry": { "type": "Point", "coordinates": [ -47.5199206, -22.5864581 ] } },
{ "type": "Feature", "properties": { "id_comando": "CPI-9", "nome_comando": "9º Comando de Policiamento do Interior (CPI-9)", "nome_batalhao": "36º BPM/I", "tipo_batalhao": "Interior", "companhia": "5.CIA PM", "pelotao": "ADMINISTRACAO", "grupo": "0", "cidade": "Limeira", "endereco": "RUA PLACIDINA FERREIRA BRAGA, 25, PARQUE HIPPOLYTO I - Limeira", "latitude": -22.572031, "longitude": -47.378803, "fonte_geocodificacao": "Google Geocoding API", "opm_nome": "ADMINISTRACAO", "opm_descricao": "CPI-9 36.BPM/I 5.CIA PM ADMINISTRACAO 0", "opm_codigo": "609365400" }, "geometry": { "type": "Point", "coordinates": [ -47.378803, -22.572031 ] } },
{ "type": "Feature", "properties": { "id_comando": "CPI-9", "nome_comando": "9º Comando de Policiamento do Interior (CPI-9)", "nome_batalhao": "36º BPM/I", "tipo_batalhao": "Interior", "companhia": "CIA F TAT", "pelotao": "2. PEL F TAT", "grupo": "0", "cidade": "Limeira", "endereco": "RUA JOÃO PICININI, 100, JARDIM DAS LARANJEIRAS - Limeira", "latitude": -22.5441095, "longitude": -47.4151914, "fonte_geocodificacao": "Google Geocoding API", "opm_nome": "2. PELOTAO DE FORCA TATICA", "opm_descricao": "CPI-9 36.BPM/I CIA F TAT 2. PEL F TAT 0", "opm_codigo": "609366200" }, "geometry": { "type": "Point", "coordinates": [ -47.4151914, -22.5441095 ] } },
{ "type": "Feature", "properties": { "id_comando": "CPI-9", "nome_comando": "9º Comando de Policiamento do Interior (CPI-9)", "nome_batalhao": "36º BPM/I", "tipo_batalhao": "Interior", "companhia": "CIA F TAT", "pelotao": "ADMINISTRACAO", "grupo": "0", "cidade": "Limeira", "endereco": "ACESSO JOÃO PICININI, 100, JARDIM DAS LARANJEIRAS - Limeira", "latitude": -22.5441095, "longitude": -47.4151914, "fonte_geocodificacao": "Google Geocoding API", "opm_nome": "ADMINISTRACAO", "opm_descricao": "CPI-9 36.BPM/I CIA F TAT ADMINISTRACAO 0", "opm_codigo": "609366300" }, "geometry": { "type": "Point", "coordinates": [ -47.4151914, -22.5441095 ] } },
{ "type": "Feature", "properties": { "id_comando": "CPI-9", "nome_comando": "9º Comando de Policiamento do Interior (CPI-9)", "nome_batalhao": "36º BPM/I", "tipo_batalhao": "Interior", "companhia": "EM", "pelotao": "UIS", "grupo": "0", "cidade": "Limeira", "endereco": "ACESSO JOÃO PICININI, 100, JARDIM DAS LARANJEIRAS - Limeira", "latitude": -22.5441095, "longitude": -47.4151914, "fonte_geocodificacao": "Google Geocoding API", "opm_nome": "UNIDADE INTEGRADA DE SAUDE", "opm_descricao": "CPI-9 36.BPM/I EM UIS 0", "opm_codigo": "609368010" }, "geometry": { "type": "Point", "coordinates": [ -47.4151914, -22.5441095 ] } },
{ "type": "Feature", "properties": { "id_comando": "CPI-9", "nome_comando": "9º Comando de Policiamento do Interior (CPI-9)", "nome_batalhao": "36º BPM/I", "tipo_batalhao": "Interior", "companhia": "EM", "pelotao": "UIS", "grupo": "GAB MED", "cidade": "Limeira", "endereco": "ACESSO JOÃO PICININI, 100, JARDIM DAS LARANJEIRAS - Limeira", "latitude": -22.5441095, "longitude": -47.4151914, "fonte_geocodificacao": "Google Geocoding API", "opm_nome": "GABINETE MEDICO", "opm_descricao": "CPI-9 36.BPM/I EM UIS GAB MED", "opm_codigo": "609368011" }, "geometry": { "type": "Point", "coordinates": [ -47.4151914, -22.5441095 ] } },
{ "type": "Feature", "properties": { "id_comando": "CPI-9", "nome_comando": "9º Comando de Policiamento do Interior (CPI-9)", "nome_batalhao": "36º BPM/I", "tipo_batalhao": "Interior", "companhia": "EM", "pelotao": "UIS", "grupo": "GAB ODONTO", "cidade": "Limeira", "endereco": "ACESSO JOÃO PICININI, 100, JARDIM DAS LARANJEIRAS - Limeira", "latitude": -22.5441095, "longitude": -47.4151914, "fonte_geocodificacao": "Google Geocoding API", "opm_nome": "GABINETE ODONTOLOGICO", "opm_descricao": "CPI-9 36.BPM/I EM UIS GAB ODONTO", "opm_codigo": "609368012" }, "geometry": { "type": "Point", "coordinates": [ -47.4151914, -22.5441095 ] } },
{ "type": "Feature", "properties": { "id_comando": "CPI-9", "nome_comando": "9º Comando de Policiamento do Interior (CPI-9)", "nome_batalhao": "36º BPM/I", "tipo_batalhao": "Interior", "companhia": "EM", "pelotao": "P/1 E P/5", "grupo": "0", "cidade": "Limeira", "endereco": "RUA JOÃO PICININI, 100, JARDIM DAS LARANJEIRAS - Limeira", "latitude": -22.5441095, "longitude": -47.4151914, "fonte_geocodificacao": "Google Geocoding API", "opm_nome": "P/1 E P/5", "opm_descricao": "CPI-9 36.BPM/I EM P/1 E P/5 0", "opm_codigo": "609368100" }, "geometry": { "type": "Point", "coordinates": [ -47.4151914, -22.5441095 ] } },
{ "type": "Feature", "properties": { "id_comando": "CPI-9", "nome_comando": "9º Comando de Policiamento do Interior (CPI-9)", "nome_batalhao": "36º BPM/I", "tipo_batalhao": "Interior", "companhia": "EM", "pelotao": "P/1 E P/5", "grupo": "GD QUARTEL", "cidade": "Limeira", "endereco": "ACESSO JOÃO PICININI, 100, JARDIM DAS LARANJEIRAS - Limeira", "latitude": -22.5441095, "longitude": -47.4151914, "fonte_geocodificacao": "Google Geocoding API", "opm_nome": "GUARDA DO QUARTEL", "opm_descricao": "CPI-9 36.BPM/I EM P/1 E P/5 GD QUARTEL", "opm_codigo": "609368110" }, "geometry": { "type": "Point", "coordinates": [ -47.4151914, -22.5441095 ] } },
{ "type": "Feature", "properties": { "id_comando": "CPI-9", "nome_comando": "9º Comando de Policiamento do Interior (CPI-9)", "nome_batalhao": "36º BPM/I", "tipo_batalhao": "Interior", "companhia": "EM", "pelotao": "P/2", "grupo": "0", "cidade": "Limeira", "endereco": "RUA JOÃO PICININI, 100, JARDIM DAS LARANJEIRAS - Limeira", "latitude": -22.5441095, "longitude": -47.4151914, "fonte_geocodificacao": "Google Geocoding API", "opm_nome": "P/2", "opm_descricao": "CPI-9 36.BPM/I EM P/2 0", "opm_codigo": "609368200" }, "geometry": { "type": "Point", "coordinates": [ -47.4151914, -22.5441095 ] } },
{ "type": "Feature", "properties": { "id_comando": "CPI-9", "nome_comando": "9º Comando de Policiamento do Interior (CPI-9)", "nome_batalhao": "36º BPM/I", "tipo_batalhao": "Interior", "companhia": "EM", "pelotao": "P/3", "grupo": "0", "cidade": "Limeira", "endereco": "RUA JOÃO PICININI, 100, JARDIM DAS LARANJEIRAS - Limeira", "latitude": -22.5441095, "longitude": -47.4151914, "fonte_geocodificacao": "Google Geocoding API", "opm_nome": "P/3", "opm_descricao": "CPI-9 36.BPM/I EM P/3 0", "opm_codigo": "609368300" }, "geometry": { "type": "Point", "coordinates": [ -47.4151914, -22.5441095 ] } },
{ "type": "Feature", "properties": { "id_comando": "CPI-9", "nome_comando": "9º Comando de Policiamento do Interior (CPI-9)", "nome_batalhao": "36º BPM/I", "tipo_batalhao": "Interior", "companhia": "EM", "pelotao": "P/3", "grupo": "CFP", "cidade": "Limeira", "endereco": "ACESSO JOÃO PICININI, 100, JARDIM DAS LARANJEIRAS - Limeira", "latitude": -22.5441095, "longitude": -47.4151914, "fonte_geocodificacao": "Google Geocoding API", "opm_nome": "COMANDO FORCA PATRULHA", "opm_descricao": "CPI-9 36.BPM/I EM P/3 CFP", "opm_codigo": "609368320" }, "geometry": { "type": "Point", "coordinates": [ -47.4151914, -22.5441095 ] } },
{ "type": "Feature", "properties": { "id_comando": "CPI-9", "nome_comando": "9º Comando de Policiamento do Interior (CPI-9)", "nome_batalhao": "36º BPM/I", "tipo_batalhao": "Interior", "companhia": "EM", "pelotao": "P/4 E MOTOMEC", "grupo": "0", "cidade": "Limeira", "endereco": "RUA JOÃO PICININI, 100, JARDIM DAS LARANJEIRAS - Limeira", "latitude": -22.5441095, "longitude": -47.4151914, "fonte_geocodificacao": "Google Geocoding API", "opm_nome": "P/4 E MOTOMECANIZACAO", "opm_descricao": "CPI-9 36.BPM/I EM P/4 E MOTOMEC 0", "opm_codigo": "609368400" }, "geometry": { "type": "Point", "coordinates": [ -47.4151914, -22.5441095 ] } },
{ "type": "Feature", "properties": { "id_comando": "CPI-9", "nome_comando": "9º Comando de Policiamento do Interior (CPI-9)", "nome_batalhao": "36º BPM/I", "tipo_batalhao": "Interior", "companhia": "EM", "pelotao": "P/5", "grupo": "0", "cidade": "Limeira", "endereco": "RUA JOÃO PICININI, 100, JARDIM DAS LARANJEIRAS - Limeira", "latitude": -22.5441095, "longitude": -47.4151914, "fonte_geocodificacao": "Google Geocoding API", "opm_nome": "36.BPM/I - P/5", "opm_descricao": "CPI-9 36.BPM/I EM P/5 0", "opm_codigo": "609368500" }, "geometry": { "type": "Point", "coordinates": [ -47.4151914, -22.5441095 ] } },
{ "type": "Feature", "properties": { "id_comando": "CPI-9", "nome_comando": "9º Comando de Policiamento do Interior (CPI-9)", "nome_batalhao": "36º BPM/I", "tipo_batalhao": "Interior", "companhia": "EM", "pelotao": "SEC PJMD", "grupo": "0", "cidade": "Limeira", "endereco": "RUA JOÃO PICININI, 100, JARDIM DAS LARANJEIRAS - Limeira", "latitude": -22.5441095, "longitude": -47.4151914, "fonte_geocodificacao": "Google Geocoding API", "opm_nome": "SECAO POLICIA JUDICIARIA MILITAR E DISCIPLINAR", "opm_descricao": "CPI-9 36.BPM/I EM SEC PJMD 0", "opm_codigo": "609368600" }, "geometry": { "type": "Point", "coordinates": [ -47.4151914, -22.5441095 ] } },
{ "type": "Feature", "properties": { "id_comando": "CPI-9", "nome_comando": "9º Comando de Policiamento do Interior (CPI-9)", "nome_batalhao": "36º BPM/I", "tipo_batalhao": "Interior", "companhia": "EM", "pelotao": "MOTOMEC", "grupo": "0", "cidade": "Limeira", "endereco": "RUA JOÃO PICININI, 100, JARDIM DAS LARANJEIRAS - Limeira", "latitude": -22.5441095, "longitude": -47.4151914, "fonte_geocodificacao": "Google Geocoding API", "opm_nome": "MOTOMECANIZACAO", "opm_descricao": "CPI-9 36.BPM/I EM MOTOMEC 0", "opm_codigo": "609368700" }, "geometry": { "type": "Point", "coordinates": [ -47.4151914, -22.5441095 ] } },
{ "type": "Feature", "properties": { "id_comando": "CPI-9", "nome_comando": "9º Comando de Policiamento do Interior (CPI-9)", "nome_batalhao": "37º BPM/I", "tipo_batalhao": "Interior", "companhia": "1.CIA PM", "pelotao": "", "grupo": "2.GP/PM", "cidade": "Corumbatai", "endereco": "RUA QUATRO, 69, RURAL - Corumbatai", "latitude": -22.221339, "longitude": -47.6267032, "fonte_geocodificacao": "Google Geocoding API", "opm_nome": "2. GRUPO POLICIAL MILITAR", "opm_descricao": "CPI-9 37.BPM/I 1.CIA PM 2.GP/PM", "opm_codigo": "609371002" }, "geometry": { "type": "Point", "coordinates": [ -47.626703199999987, -22.221339 ] } },
{ "type": "Feature", "properties": { "id_comando": "CPI-9", "nome_comando": "9º Comando de Policiamento do Interior (CPI-9)", "nome_batalhao": "37º BPM/I", "tipo_batalhao": "Interior", "companhia": "1.CIA PM", "pelotao": "", "grupo": "1.GP/PM", "cidade": "Ipeuna", "endereco": "RUA QUATRO, 280, JARDIM NOVA IPEUNA - Ipeuna", "latitude": -22.4349702, "longitude": -47.7183903, "fonte_geocodificacao": "Google Geocoding API", "opm_nome": "1. GRUPO", "opm_descricao": "CPI-9 37.BPM/I 1.CIA PM 1.GP/PM", "opm_codigo": "609371001" }, "geometry": { "type": "Point", "coordinates": [ -47.7183903, -22.4349702 ] } },
{ "type": "Feature", "properties": { "id_comando": "CPI-9", "nome_comando": "9º Comando de Policiamento do Interior (CPI-9)", "nome_batalhao": "37º BPM/I", "tipo_batalhao": "Interior", "companhia": "1.CIA PM", "pelotao": "ADMINISTRACAO", "grupo": "0", "cidade": "Rio Claro", "endereco": "RUA 12, 51, BAIRRO BOA MORTE - CONSOLAÇÃO - Rio Claro", "latitude": -22.4215362, "longitude": -47.5646382, "fonte_geocodificacao": "Google Geocoding API", "opm_nome": "ADMINISTRACAO", "opm_descricao": "CPI-9 37.BPM/I 1.CIA PM ADMINISTRACAO 0", "opm_codigo": "609371300" }, "geometry": { "type": "Point", "coordinates": [ -47.5646382, -22.4215362 ] } },
{ "type": "Feature", "properties": { "id_comando": "CPI-9", "nome_comando": "9º Comando de Policiamento do Interior (CPI-9)", "nome_batalhao": "37º BPM/I", "tipo_batalhao": "Interior", "companhia": "1.CIA PM", "pelotao": "PEL PM", "grupo": "0", "cidade": "Rio Claro", "endereco": "RUA 12, 51, BAIRRO DA CONSOLACAO - Rio Claro", "latitude": -22.4215362, "longitude": -47.5646382, "fonte_geocodificacao": "Google Geocoding API", "opm_nome": "PELOTAO", "opm_descricao": "CPI-9 37.BPM/I 1.CIA PM PEL PM 0", "opm_codigo": "609371100" }, "geometry": { "type": "Point", "coordinates": [ -47.5646382, -22.4215362 ] } },
{ "type": "Feature", "properties": { "id_comando": "CPI-9", "nome_comando": "9º Comando de Policiamento do Interior (CPI-9)", "nome_batalhao": "37º BPM/I", "tipo_batalhao": "Interior", "companhia": "1.CIA PM", "pelotao": "", "grupo": "3.GP/PM", "cidade": "Santa Gertrudes", "endereco": "AVENIDA 3, 128, JARDIM MARGARIDA - Santa Gertrudes", "latitude": -22.455467, "longitude": -47.5286657, "fonte_geocodificacao": "Google Geocoding API", "opm_nome": "37.BPM/I 1.CIA PM  3.GP/PM", "opm_descricao": "CPI-9 37.BPM/I 1.CIA PM 3.GP/PM", "opm_codigo": "609371003" }, "geometry": { "type": "Point", "coordinates": [ -47.5286657, -22.455467 ] } },
{ "type": "Feature", "properties": { "id_comando": "CPI-9", "nome_comando": "9º Comando de Policiamento do Interior (CPI-9)", "nome_batalhao": "37º BPM/I", "tipo_batalhao": "Interior", "companhia": "2.CIA PM", "pelotao": "", "grupo": "1.GP/PM", "cidade": "Analandia", "endereco": "AVENIDA 02, 261, CENTRO - Analandia", "latitude": -22.121096551043888, "longitude": -47.677953119847963, "fonte_geocodificacao": "Centroide do município-sede (geocodificação rejeitada: fora dos limites do município)", "opm_nome": "1. GRUPO POLICIAL MILITAR", "opm_descricao": "CPI-9 37.BPM/I 2.CIA PM 1.GP/PM", "opm_codigo": "609372001" }, "geometry": { "type": "Point", "coordinates": [ -47.677953119847963, -22.121096551043888 ] } },
{ "type": "Feature", "properties": { "id_comando": "CPI-9", "nome_comando": "9º Comando de Policiamento do Interior (CPI-9)", "nome_batalhao": "37º BPM/I", "tipo_batalhao": "Interior", "companhia": "2.CIA PM", "pelotao": "PEL PM", "grupo": "0", "cidade": "Brotas", "endereco": "Avenida Neves Montefusco, 650, SANTA CECÍLIA - Brotas", "latitude": -22.2779916, "longitude": -48.1230104, "fonte_geocodificacao": "Google Geocoding API", "opm_nome": "PELOTAO", "opm_descricao": "CPI-9 37.BPM/I 2.CIA PM PEL PM 0", "opm_codigo": "609372300" }, "geometry": { "type": "Point", "coordinates": [ -48.1230104, -22.2779916 ] } },
{ "type": "Feature", "properties": { "id_comando": "CPI-9", "nome_comando": "9º Comando de Policiamento do Interior (CPI-9)", "nome_batalhao": "37º BPM/I", "tipo_batalhao": "Interior", "companhia": "2.CIA PM", "pelotao": "ADMINISTRACAO", "grupo": "0", "cidade": "Itirapina", "endereco": "RUA UM, 510, JARDIM LEMOS - Itirapina", "latitude": -22.2568039, "longitude": -47.8148814, "fonte_geocodificacao": "Google Geocoding API", "opm_nome": "ADMINISTRACAO", "opm_descricao": "CPI-9 37.BPM/I 2.CIA PM ADMINISTRACAO 0", "opm_codigo": "609372400" }, "geometry": { "type": "Point", "coordinates": [ -47.8148814, -22.2568039 ] } },
{ "type": "Feature", "properties": { "id_comando": "CPI-9", "nome_comando": "9º Comando de Policiamento do Interior (CPI-9)", "nome_batalhao": "37º BPM/I", "tipo_batalhao": "Interior", "companhia": "2.CIA PM", "pelotao": "", "grupo": "2.GP/PM", "cidade": "Torrinha", "endereco": "AVENIDA ANTONIO AMALFI, 777, CENTRO - Torrinha", "latitude": -22.4275313, "longitude": -48.1651885, "fonte_geocodificacao": "Google Geocoding API", "opm_nome": "2. GRUPO POLICIAL MILITAR", "opm_descricao": "CPI-9 37.BPM/I 2.CIA PM 2.GP/PM", "opm_codigo": "609372002" }, "geometry": { "type": "Point", "coordinates": [ -48.1651885, -22.4275313 ] } },
{ "type": "Feature", "properties": { "id_comando": "CPI-9", "nome_comando": "9º Comando de Policiamento do Interior (CPI-9)", "nome_batalhao": "37º BPM/I", "tipo_batalhao": "Interior", "companhia": "CIA F TAT", "pelotao": "", "grupo": "GP PM CA", "cidade": "Rio Claro", "endereco": "AVENIDA M-23, 1649, JARDIM CERVEZÃO - Rio Claro", "latitude": -22.3833743, "longitude": -47.5729859, "fonte_geocodificacao": "Google Geocoding API", "opm_nome": "GP CANIL", "opm_descricao": "CPI-9 37.BPM/I CIA F TAT GP PM CA", "opm_codigo": "609373002" }, "geometry": { "type": "Point", "coordinates": [ -47.5729859, -22.3833743 ] } },
{ "type": "Feature", "properties": { "id_comando": "CPI-9", "nome_comando": "9º Comando de Policiamento do Interior (CPI-9)", "nome_batalhao": "37º BPM/I", "tipo_batalhao": "Interior", "companhia": "CIA F TAT", "pelotao": "ADMINISTRACAO", "grupo": "0", "cidade": "Rio Claro", "endereco": "AV M-23, 1649, JARDIM HIPODROMO - Rio Claro", "latitude": -22.3833743, "longitude": -47.5729859, "fonte_geocodificacao": "Google Geocoding API", "opm_nome": "ADMINISTRACAO", "opm_descricao": "CPI-9 37.BPM/I CIA F TAT ADMINISTRACAO 0", "opm_codigo": "609373200" }, "geometry": { "type": "Point", "coordinates": [ -47.5729859, -22.3833743 ] } },
{ "type": "Feature", "properties": { "id_comando": "CPI-9", "nome_comando": "9º Comando de Policiamento do Interior (CPI-9)", "nome_batalhao": "37º BPM/I", "tipo_batalhao": "Interior", "companhia": "EM", "pelotao": "P/2", "grupo": "0", "cidade": "Rio Claro", "endereco": "RUA 12, 51, BAIRRO DO ESTADIO - Rio Claro", "latitude": -22.4215362, "longitude": -47.5646382, "fonte_geocodificacao": "Google Geocoding API", "opm_nome": "P/2", "opm_descricao": "CPI-9 37.BPM/I EM P/2 0", "opm_codigo": "609378200" }, "geometry": { "type": "Point", "coordinates": [ -47.5646382, -22.4215362 ] } },
{ "type": "Feature", "properties": { "id_comando": "CPI-9", "nome_comando": "9º Comando de Policiamento do Interior (CPI-9)", "nome_batalhao": "37º BPM/I", "tipo_batalhao": "Interior", "companhia": "EM", "pelotao": "P/1 E P/5", "grupo": "0", "cidade": "Rio Claro", "endereco": "RODOVIA WASHINGTON LUIS KM, 172, JARDIM ANHANGUERA - Rio Claro", "latitude": -22.4370491, "longitude": -47.5699382, "fonte_geocodificacao": "Google Geocoding API", "opm_nome": "P/1 E P/5", "opm_descricao": "CPI-9 37.BPM/I EM P/1 E P/5 0", "opm_codigo": "609378100" }, "geometry": { "type": "Point", "coordinates": [ -47.5699382, -22.4370491 ] } },
{ "type": "Feature", "properties": { "id_comando": "CPI-9", "nome_comando": "9º Comando de Policiamento do Interior (CPI-9)", "nome_batalhao": "37º BPM/I", "tipo_batalhao": "Interior", "companhia": "EM", "pelotao": "P/3", "grupo": "0", "cidade": "Rio Claro", "endereco": "RODOVIA WASHINGTON LUIS, 172, JARDIM ANHANGUERA - Rio Claro", "latitude": -22.378044, "longitude": -47.6161971, "fonte_geocodificacao": "Google Geocoding API", "opm_nome": "P/3", "opm_descricao": "CPI-9 37.BPM/I EM P/3 0", "opm_codigo": "609378300" }, "geometry": { "type": "Point", "coordinates": [ -47.6161971, -22.378044 ] } },
{ "type": "Feature", "properties": { "id_comando": "CPI-9", "nome_comando": "9º Comando de Policiamento do Interior (CPI-9)", "nome_batalhao": "37º BPM/I", "tipo_batalhao": "Interior", "companhia": "EM", "pelotao": "P/4 E MOTOMEC", "grupo": "0", "cidade": "Rio Claro", "endereco": "RODOVIA WASHIGTON LUIS KM, 172, JARDIM ANHANGUERA - Rio Claro", "latitude": -22.4370491, "longitude": -47.5699382, "fonte_geocodificacao": "Google Geocoding API", "opm_nome": "P/4 E MOTOMECANIZACAO", "opm_descricao": "CPI-9 37.BPM/I EM P/4 E MOTOMEC 0", "opm_codigo": "609378400" }, "geometry": { "type": "Point", "coordinates": [ -47.5699382, -22.4370491 ] } },
{ "type": "Feature", "properties": { "id_comando": "CPI-9", "nome_comando": "9º Comando de Policiamento do Interior (CPI-9)", "nome_batalhao": "37º BPM/I", "tipo_batalhao": "Interior", "companhia": "EM", "pelotao": "P/5", "grupo": "0", "cidade": "Rio Claro", "endereco": "RODOVIA WAHSHINGTON LUIS KM, 172, JARDIM ANHANGUERA - Rio Claro", "latitude": -22.4370491, "longitude": -47.5699382, "fonte_geocodificacao": "Google Geocoding API", "opm_nome": "P/5", "opm_descricao": "CPI-9 37.BPM/I EM P/5 0", "opm_codigo": "609378500" }, "geometry": { "type": "Point", "coordinates": [ -47.5699382, -22.4370491 ] } },
{ "type": "Feature", "properties": { "id_comando": "CPI-9", "nome_comando": "9º Comando de Policiamento do Interior (CPI-9)", "nome_batalhao": "37º BPM/I", "tipo_batalhao": "Interior", "companhia": "EM", "pelotao": "SEC PJMD", "grupo": "0", "cidade": "Rio Claro", "endereco": "RODOVIA WASHIGTON LUIS KM, 172, JARDIM ANHANGUERA - Rio Claro", "latitude": -22.4370491, "longitude": -47.5699382, "fonte_geocodificacao": "Google Geocoding API", "opm_nome": "SECAO DE POLICIA JUDICIARIA MILITAR E DISCIPLINA", "opm_descricao": "CPI-9 37.BPM/I EM SEC PJMD 0", "opm_codigo": "609378600" }, "geometry": { "type": "Point", "coordinates": [ -47.5699382, -22.4370491 ] } },
{ "type": "Feature", "properties": { "id_comando": "CPI-9", "nome_comando": "9º Comando de Policiamento do Interior (CPI-9)", "nome_batalhao": "37º BPM/I", "tipo_batalhao": "Interior", "companhia": "EM", "pelotao": "MOTOMEC", "grupo": "0", "cidade": "Rio Claro", "endereco": "RODOVIA WASHIGTON LUIS KM, 172, JARDIM ANHANGUERA - Rio Claro", "latitude": -22.4370491, "longitude": -47.5699382, "fonte_geocodificacao": "Google Geocoding API", "opm_nome": "MOTOMECANIZACAO", "opm_descricao": "CPI-9 37.BPM/I EM MOTOMEC 0", "opm_codigo": "609378700" }, "geometry": { "type": "Point", "coordinates": [ -47.5699382, -22.4370491 ] } },
{ "type": "Feature", "properties": { "id_comando": "CPI-9", "nome_comando": "9º Comando de Policiamento do Interior (CPI-9)", "nome_batalhao": "37º BPM/I", "tipo_batalhao": "Interior", "companhia": "EM", "pelotao": "UIS", "grupo": "0", "cidade": "Rio Claro", "endereco": "RODOVIA WASHINGTON LUIZ KM, 172, JARDIM ANHANGÜERA - Rio Claro", "latitude": -22.4370491, "longitude": -47.5699382, "fonte_geocodificacao": "Google Geocoding API", "opm_nome": "UNIDADE INTEGRADA DE SAUDE", "opm_descricao": "CPI-9 37.BPM/I EM UIS 0", "opm_codigo": "609378010" }, "geometry": { "type": "Point", "coordinates": [ -47.5699382, -22.4370491 ] } },
{ "type": "Feature", "properties": { "id_comando": "CPI-9", "nome_comando": "9º Comando de Policiamento do Interior (CPI-9)", "nome_batalhao": "37º BPM/I", "tipo_batalhao": "Interior", "companhia": "EM", "pelotao": "UIS", "grupo": "GAB MED", "cidade": "Rio Claro", "endereco": "RODOVIA WASHINGTON LUIZ KM, 172, JARDIM ANHANGÜERA - Rio Claro", "latitude": -22.4370491, "longitude": -47.5699382, "fonte_geocodificacao": "Google Geocoding API", "opm_nome": "GABINETE MEDICO", "opm_descricao": "CPI-9 37.BPM/I EM UIS GAB MED", "opm_codigo": "609378011" }, "geometry": { "type": "Point", "coordinates": [ -47.5699382, -22.4370491 ] } },
{ "type": "Feature", "properties": { "id_comando": "CPI-9", "nome_comando": "9º Comando de Policiamento do Interior (CPI-9)", "nome_batalhao": "37º BPM/I", "tipo_batalhao": "Interior", "companhia": "EM", "pelotao": "UIS", "grupo": "GAB ODONTO", "cidade": "Rio Claro", "endereco": "RODOVIA WASHINGTON LUIZ KM, 172, JARDIM ANHANGÜERA - Rio Claro", "latitude": -22.4370491, "longitude": -47.5699382, "fonte_geocodificacao": "Google Geocoding API", "opm_nome": "GABINETE ODONTOLOGICO", "opm_descricao": "CPI-9 37.BPM/I EM UIS GAB ODONTO", "opm_codigo": "609378012" }, "geometry": { "type": "Point", "coordinates": [ -47.5699382, -22.4370491 ] } },
{ "type": "Feature", "properties": { "id_comando": "CPI-9", "nome_comando": "9º Comando de Policiamento do Interior (CPI-9)", "nome_batalhao": "37º BPM/I", "tipo_batalhao": "Interior", "companhia": "EM", "pelotao": "P/3", "grupo": "CFP", "cidade": "Rio Claro", "endereco": "RODOVIA WASHINGTON LUIZ km 173+300, 173  37BPM-I EM P/3 CFP, JARDIM ANHANGÜERA - Rio Claro", "latitude": -22.4274231, "longitude": -47.5747463, "fonte_geocodificacao": "Google Geocoding API", "opm_nome": "COMANDO DE FORCA PATRULHA", "opm_descricao": "CPI-9 37.BPM/I EM P/3 CFP", "opm_codigo": "609378310" }, "geometry": { "type": "Point", "coordinates": [ -47.5747463, -22.4274231 ] } },
{ "type": "Feature", "properties": { "id_comando": "CPI-9", "nome_comando": "9º Comando de Policiamento do Interior (CPI-9)", "nome_batalhao": "37º BPM/I", "tipo_batalhao": "Interior", "companhia": "EM", "pelotao": "P/1 E P/5", "grupo": "GUARDA QUARTEL", "cidade": "Rio Claro", "endereco": "Rodovia Washington Luis, 173  Km 173+300, Vila Anhanguera - Rio Claro", "latitude": -22.4145265, "longitude": -47.5811637, "fonte_geocodificacao": "Google Geocoding API", "opm_nome": "GUARDA DO QUARTEL", "opm_descricao": "CPI-9 37.BPM/I EM P/1 E P/5 GUARDA QUARTEL", "opm_codigo": "609378110" }, "geometry": { "type": "Point", "coordinates": [ -47.5811637, -22.4145265 ] } },
{ "type": "Feature", "properties": { "id_comando": "CPI-9", "nome_comando": "9º Comando de Policiamento do Interior (CPI-9)", "nome_batalhao": "48º BPM/I", "tipo_batalhao": "Interior", "companhia": "1.CIA PM", "pelotao": "PEL PM", "grupo": "0", "cidade": "Nova Odessa", "endereco": "RUA EDUARDO LEEKING, 611  2º PEL 1º CIA 48º BPMI, JARDIM BELA VISTA - Nova Odessa", "latitude": -22.7868145, "longitude": -47.2974928, "fonte_geocodificacao": "Google Geocoding API", "opm_nome": "PELOTAO POLICIAL MILITAR", "opm_descricao": "CPI-9 48.BPM/I 1.CIA PM PEL PM 0", "opm_codigo": "609481200" }, "geometry": { "type": "Point", "coordinates": [ -47.2974928, -22.7868145 ] } },
{ "type": "Feature", "properties": { "id_comando": "CPI-9", "nome_comando": "9º Comando de Policiamento do Interior (CPI-9)", "nome_batalhao": "48º BPM/I", "tipo_batalhao": "Interior", "companhia": "1.CIA PM", "pelotao": "CGP", "grupo": "0", "cidade": "Sumare", "endereco": "UNIDADE INEXISTENTE, 0  UNIDADE INEXISTENTE, 0 - Sumare", "latitude": -22.8244116, "longitude": -47.2707792, "fonte_geocodificacao": "Google Geocoding API", "opm_nome": "COMANDO DE GRUPO PATRULHA", "opm_descricao": "CPI-9 48.BPM/I 1.CIA PM CGP 0", "opm_codigo": "609481100" }, "geometry": { "type": "Point", "coordinates": [ -47.2707792, -22.8244116 ] } },
{ "type": "Feature", "properties": { "id_comando": "CPI-9", "nome_comando": "9º Comando de Policiamento do Interior (CPI-9)", "nome_batalhao": "48º BPM/I", "tipo_batalhao": "Interior", "companhia": "1.CIA PM", "pelotao": "ADMINISTRACAO", "grupo": "0", "cidade": "Sumare", "endereco": "RUA IPIRANGA, 530, CENTRO - Sumare", "latitude": -22.8222581, "longitude": -47.2699605, "fonte_geocodificacao": "Google Geocoding API", "opm_nome": "ADMINISTRACAO", "opm_descricao": "CPI-9 48.BPM/I 1.CIA PM ADMINISTRACAO 0", "opm_codigo": "609481400" }, "geometry": { "type": "Point", "coordinates": [ -47.2699605, -22.8222581 ] } },
{ "type": "Feature", "properties": { "id_comando": "CPI-9", "nome_comando": "9º Comando de Policiamento do Interior (CPI-9)", "nome_batalhao": "48º BPM/I", "tipo_batalhao": "Interior", "companhia": "3.CIA PM", "pelotao": "ADMINISTRACAO", "grupo": "0", "cidade": "Hortolandia", "endereco": "RUA JOSÉ CAMARGO, 21  3ª Cia PM 48º BPM-I, REMANSO CAMPINEIRO - Hortolandia", "latitude": -22.8688683, "longitude": -47.2161941, "fonte_geocodificacao": "Google Geocoding API", "opm_nome": "ADMINISTRACAO", "opm_descricao": "CPI-9 48.BPM/I 3.CIA PM ADMINISTRACAO 0", "opm_codigo": "609483400" }, "geometry": { "type": "Point", "coordinates": [ -47.2161941, -22.8688683 ] } },
{ "type": "Feature", "properties": { "id_comando": "CPI-9", "nome_comando": "9º Comando de Policiamento do Interior (CPI-9)", "nome_batalhao": "48º BPM/I", "tipo_batalhao": "Interior", "companhia": "4.CIA PM", "pelotao": "CGP", "grupo": "0", "cidade": "Hortolandia", "endereco": "AVENIDA SANTANA, 73  4ª Cia do 48º BPM/I, JARDIM AMANDA I - Hortolandia", "latitude": -22.9026542, "longitude": -47.2297708, "fonte_geocodificacao": "Google Geocoding API", "opm_nome": "COMANDO DE GRUPO PATRULHA", "opm_descricao": "CPI-9 48.BPM/I 4.CIA PM CGP 0", "opm_codigo": "609484100" }, "geometry": { "type": "Point", "coordinates": [ -47.2297708, -22.9026542 ] } },
{ "type": "Feature", "properties": { "id_comando": "CPI-9", "nome_comando": "9º Comando de Policiamento do Interior (CPI-9)", "nome_batalhao": "48º BPM/I", "tipo_batalhao": "Interior", "companhia": "4.CIA PM", "pelotao": "ADMINISTRACAO", "grupo": "0", "cidade": "Hortolandia", "endereco": "AVENIDA SANTANA, 73  4ª Cia do 48º BPM/I, JARDIM AMANDA I - Hortolandia", "latitude": -22.9026542, "longitude": -47.2297708, "fonte_geocodificacao": "Google Geocoding API", "opm_nome": "ADMINISTRACAO", "opm_descricao": "CPI-9 48.BPM/I 4.CIA PM ADMINISTRACAO 0", "opm_codigo": "609484300" }, "geometry": { "type": "Point", "coordinates": [ -47.2297708, -22.9026542 ] } },
{ "type": "Feature", "properties": { "id_comando": "CPI-9", "nome_comando": "9º Comando de Policiamento do Interior (CPI-9)", "nome_batalhao": "48º BPM/I", "tipo_batalhao": "Interior", "companhia": "4.CIA PM", "pelotao": "PEL PM", "grupo": "0", "cidade": "Monte Mor", "endereco": "RUA DOUTOR CARLOS DE CAMPOS, 181  2º PEL 4ª CIA 48º BPMI, CENTRO - Monte Mor", "latitude": -22.9473391, "longitude": -47.3165341, "fonte_geocodificacao": "Google Geocoding API", "opm_nome": "PELOTAO POLICIAL MILITAR", "opm_descricao": "CPI-9 48.BPM/I 4.CIA PM PEL PM 0", "opm_codigo": "609484200" }, "geometry": { "type": "Point", "coordinates": [ -47.3165341, -22.9473391 ] } },
{ "type": "Feature", "properties": { "id_comando": "CPI-9", "nome_comando": "9º Comando de Policiamento do Interior (CPI-9)", "nome_batalhao": "48º BPM/I", "tipo_batalhao": "Interior", "companhia": "CIA FT", "pelotao": "0", "grupo": "0", "cidade": "Sumare", "endereco": "AVENIDA REBOUÇAS, 2796, CENTRO - VL YOLANDA COSTA & SILVA - Sumare", "latitude": -22.812777, "longitude": -47.2791211, "fonte_geocodificacao": "Google Geocoding API", "opm_nome": "COMPANHIA FORCA TATICA DA POLICIA MILITAR", "opm_descricao": "CPI-9 48.BPM/I CIA FT 0 0", "opm_codigo": "609485000" }, "geometry": { "type": "Point", "coordinates": [ -47.2791211, -22.812777 ] } },
{ "type": "Feature", "properties": { "id_comando": "CPI-9", "nome_comando": "9º Comando de Policiamento do Interior (CPI-9)", "nome_batalhao": "48º BPM/I", "tipo_batalhao": "Interior", "companhia": "CIA FT", "pelotao": "0", "grupo": "GP PM CANIL", "cidade": "Sumare", "endereco": "AVENIDA REBOUÇAS, 2796, CENTRO - VL YOLANDA COSTA & SILVA - Sumare", "latitude": -22.812777, "longitude": -47.2791211, "fonte_geocodificacao": "Google Geocoding API", "opm_nome": "48.BPMI - GP CANIL", "opm_descricao": "CPI-9 48.BPM/I CIA FT 0 GP PM CANIL", "opm_codigo": "609485010" }, "geometry": { "type": "Point", "coordinates": [ -47.2791211, -22.812777 ] } },
{ "type": "Feature", "properties": { "id_comando": "CPI-9", "nome_comando": "9º Comando de Policiamento do Interior (CPI-9)", "nome_batalhao": "48º BPM/I", "tipo_batalhao": "Interior", "companhia": "CIA FT", "pelotao": "1. PEL FT", "grupo": "0", "cidade": "Sumare", "endereco": "AVENIDA REBOUÇAS, 2796, CENTRO - VL YOLANDA COSTA & SILVA - Sumare", "latitude": -22.812777, "longitude": -47.2791211, "fonte_geocodificacao": "Google Geocoding API", "opm_nome": "1. PELOTAO FORCA TATICA", "opm_descricao": "CPI-9 48.BPM/I CIA FT 1. PEL FT 0", "opm_codigo": "609485100" }, "geometry": { "type": "Point", "coordinates": [ -47.2791211, -22.812777 ] } },
{ "type": "Feature", "properties": { "id_comando": "CPI-9", "nome_comando": "9º Comando de Policiamento do Interior (CPI-9)", "nome_batalhao": "48º BPM/I", "tipo_batalhao": "Interior", "companhia": "CIA FT", "pelotao": "2. PEL FT", "grupo": "0", "cidade": "Sumare", "endereco": "AVENIDA REBOUÇAS, 2796, CENTRO - VL YOLANDA COSTA & SILVA - Sumare", "latitude": -22.812777, "longitude": -47.2791211, "fonte_geocodificacao": "Google Geocoding API", "opm_nome": "2. PELOTAO DE FORCA TATICA", "opm_descricao": "CPI-9 48.BPM/I CIA FT 2. PEL FT 0", "opm_codigo": "609485200" }, "geometry": { "type": "Point", "coordinates": [ -47.2791211, -22.812777 ] } },
{ "type": "Feature", "properties": { "id_comando": "CPI-9", "nome_comando": "9º Comando de Policiamento do Interior (CPI-9)", "nome_batalhao": "48º BPM/I", "tipo_batalhao": "Interior", "companhia": "CIA FT", "pelotao": "ADMINISTRACAO", "grupo": "0", "cidade": "Sumare", "endereco": "AVENIDA REBOUÇAS, 2796, CENTRO - VL YOLANDA COSTA & SILVA - Sumare", "latitude": -22.812777, "longitude": -47.2791211, "fonte_geocodificacao": "Google Geocoding API", "opm_nome": "ADMINISTRACAO", "opm_descricao": "CPI-9 48.BPM/I CIA FT ADMINISTRACAO 0", "opm_codigo": "609485300" }, "geometry": { "type": "Point", "coordinates": [ -47.2791211, -22.812777 ] } },
{ "type": "Feature", "properties": { "id_comando": "CPI-9", "nome_comando": "9º Comando de Policiamento do Interior (CPI-9)", "nome_batalhao": "48º BPM/I", "tipo_batalhao": "Interior", "companhia": "EM", "pelotao": "P/3", "grupo": "CFP", "cidade": "Sumare", "endereco": "AVENIDA REBOUÇAS, 1918, CENTRO - Sumare", "latitude": -22.8191416, "longitude": -47.2748098, "fonte_geocodificacao": "Google Geocoding API", "opm_nome": "COMANDO FORCA PATRULHA", "opm_descricao": "CPI-9 48.BPM/I EM P/3 CFP", "opm_codigo": "609488330" }, "geometry": { "type": "Point", "coordinates": [ -47.2748098, -22.8191416 ] } },
{ "type": "Feature", "properties": { "id_comando": "CPI-9", "nome_comando": "9º Comando de Policiamento do Interior (CPI-9)", "nome_batalhao": "48º BPM/I", "tipo_batalhao": "Interior", "companhia": "EM", "pelotao": "P/3", "grupo": "PEL FT / CANIL", "cidade": "Sumare", "endereco": "AVENIDA REBOUÇAS, 2796, JARDIM DAS PALMEIRAS - Sumare", "latitude": -22.812777, "longitude": -47.2791211, "fonte_geocodificacao": "Google Geocoding API", "opm_nome": "48.BPM/I EM P/3 PEL FT / CANIL", "opm_descricao": "CPI-9 48.BPM/I EM P/3 PEL FT / CANIL", "opm_codigo": "609488310" }, "geometry": { "type": "Point", "coordinates": [ -47.2791211, -22.812777 ] } },
{ "type": "Feature", "properties": { "id_comando": "CPI-9", "nome_comando": "9º Comando de Policiamento do Interior (CPI-9)", "nome_batalhao": "48º BPM/I", "tipo_batalhao": "Interior", "companhia": "EM", "pelotao": "P/4 E MOTOMEC", "grupo": "0", "cidade": "Sumare", "endereco": "AVENIDA REBOUÇAS, 2796, VILA YOLANDA - Sumare", "latitude": -22.812777, "longitude": -47.2791211, "fonte_geocodificacao": "Google Geocoding API", "opm_nome": "P/4 E MOTOMECANIZACAO", "opm_descricao": "CPI-9 48.BPM/I EM P/4 E MOTOMEC 0", "opm_codigo": "609488400" }, "geometry": { "type": "Point", "coordinates": [ -47.2791211, -22.812777 ] } },
{ "type": "Feature", "properties": { "id_comando": "CPI-9", "nome_comando": "9º Comando de Policiamento do Interior (CPI-9)", "nome_batalhao": "48º BPM/I", "tipo_batalhao": "Interior", "companhia": "EM", "pelotao": "P/5", "grupo": "0", "cidade": "Sumare", "endereco": "AVENIDA REBOUÇAS, 2796, VILA YOLANDA - Sumare", "latitude": -22.812777, "longitude": -47.2791211, "fonte_geocodificacao": "Google Geocoding API", "opm_nome": "48.BPMI - P/5", "opm_descricao": "CPI-9 48.BPM/I EM P/5 0", "opm_codigo": "609488500" }, "geometry": { "type": "Point", "coordinates": [ -47.2791211, -22.812777 ] } },
{ "type": "Feature", "properties": { "id_comando": "CPI-9", "nome_comando": "9º Comando de Policiamento do Interior (CPI-9)", "nome_batalhao": "48º BPM/I", "tipo_batalhao": "Interior", "companhia": "EM", "pelotao": "SEC PJMD", "grupo": "0", "cidade": "Sumare", "endereco": "AVENIDA REBOUÇAS, 2796, VILA YOLANDA - Sumare", "latitude": -22.812777, "longitude": -47.2791211, "fonte_geocodificacao": "Google Geocoding API", "opm_nome": "SECAO POLICIA JUDICIARIA MILITAR E DISCIPLINAR", "opm_descricao": "CPI-9 48.BPM/I EM SEC PJMD 0", "opm_codigo": "609488600" }, "geometry": { "type": "Point", "coordinates": [ -47.2791211, -22.812777 ] } },
{ "type": "Feature", "properties": { "id_comando": "CPI-9", "nome_comando": "9º Comando de Policiamento do Interior (CPI-9)", "nome_batalhao": "48º BPM/I", "tipo_batalhao": "Interior", "companhia": "EM", "pelotao": "MOTOMEC", "grupo": "0", "cidade": "Sumare", "endereco": "AVENIDA REBOUÇAS, 2796, VILA YOLANDA - Sumare", "latitude": -22.812777, "longitude": -47.2791211, "fonte_geocodificacao": "Google Geocoding API", "opm_nome": "48.BPMI - MOTOMEC", "opm_descricao": "CPI-9 48.BPM/I EM MOTOMEC 0", "opm_codigo": "609488700" }, "geometry": { "type": "Point", "coordinates": [ -47.2791211, -22.812777 ] } },
{ "type": "Feature", "properties": { "id_comando": "CPI-9", "nome_comando": "9º Comando de Policiamento do Interior (CPI-9)", "nome_batalhao": "48º BPM/I", "tipo_batalhao": "Interior", "companhia": "EM", "pelotao": "P/2", "grupo": "0", "cidade": "Sumare", "endereco": "AVENIDA REBOUÇAS, 2796, VL YOLANDA COSTA & SILVA - Sumare", "latitude": -22.812777, "longitude": -47.2791211, "fonte_geocodificacao": "Google Geocoding API", "opm_nome": "P/2", "opm_descricao": "CPI-9 48.BPM/I EM P/2 0", "opm_codigo": "609488200" }, "geometry": { "type": "Point", "coordinates": [ -47.2791211, -22.812777 ] } }
]
}
