{
"type": "FeatureCollection",
"name": "pm_companhias_pontos_sp.geojson",
"crs": { "type": "name", "properties": { "name": "urn:ogc:def:crs:OGC:1.3:CRS84" } },
"features": [
{ "type": "Feature", "properties": { "id_comando": "CPI-1", "nome_comando": "1º Comando de Policiamento do Interior (CPI-1)", "nome_batalhao": "1º BPM/I", "tipo_batalhao": "Interior", "companhia": "1.CIA PM", "cidade": "Monteiro Lobato", "endereco": "RUA CRISTIANE DA SILVA THOMAZ, 1  GP MONTEIRO, CENTRO - Monteiro Lobato", "latitude": -22.9595602, "longitude": -45.8383344, "fonte_geocodificacao": "Google Geocoding API", "opm_nome": "GRUPO POLICIAL MILITAR", "opm_descricao": "CPI-1 1.BPM/I 1.CIA PM 0 GP/PM", "opm_codigo": "601011001" }, "geometry": { "type": "Point", "coordinates": [ -45.8383344, -22.9595602 ] } },
{ "type": "Feature", "properties": { "id_comando": "CPI-1", "nome_comando": "1º Comando de Policiamento do Interior (CPI-1)", "nome_batalhao": "1º BPM/I", "tipo_batalhao": "Interior", "companhia": "2.CIA PM", "cidade": "Sao Jose Dos Campos", "endereco": "RUA GENÉSIA BERNARDINELLI TARANTINO, 1000  2ª CIA DO 1º BPM/I, JARDIM AUGUSTA - Sao Jose Dos Campos", "latitude": -23.1952568, "longitude": -45.8745657, "fonte_geocodificacao": "Google Geocoding API", "opm_nome": "2. COMPANHIA DE POLICIA MILITAR", "opm_descricao": "CPI-1 1.BPM/I 2.CIA PM TERRITORIAL", "opm_codigo": "601012000" }, "geometry": { "type": "Point", "coordinates": [ -45.8745657, -23.1952568 ] } },
{ "type": "Feature", "properties": { "id_comando": "CPI-1", "nome_comando": "1º Comando de Policiamento do Interior (CPI-1)", "nome_batalhao": "1º BPM/I", "tipo_batalhao": "Interior", "companhia": "3.CIA PM", "cidade": "Sao Jose Dos Campos", "endereco": "RUA GENÉSIA BERNARDINELLI TARANTINO, 1000  3ª CIA DO 1º BPM/I, JARDIM AUGUSTA - Sao Jose Dos Campos", "latitude": -23.1952568, "longitude": -45.8745657, "fonte_geocodificacao": "Google Geocoding API", "opm_nome": "3. COMPANHIA DE POLICIA MILITAR", "opm_descricao": "CPI-1 1.BPM/I 3.CIA PM TERRITORIAL", "opm_codigo": "601013000" }, "geometry": { "type": "Point", "coordinates": [ -45.8745657, -23.1952568 ] } },
{ "type": "Feature", "properties": { "id_comando": "CPI-1", "nome_comando": "1º Comando de Policiamento do Interior (CPI-1)", "nome_batalhao": "1º BPM/I", "tipo_batalhao": "Interior", "companhia": "CIA F TAT", "cidade": "Sao Jose Dos Campos", "endereco": "RUA GENÉSIA BERNARDINELLI TARANTINO, 1000  CIA FT DO 1º BPM/I, JARDIM AUGUSTA - Sao Jose Dos Campos", "latitude": -23.1952843, "longitude": -45.8733929, "fonte_geocodificacao": "Google Geocoding API", "opm_nome": "GRUPO", "opm_descricao": "CPI-1 1.BPM/I CIA F TAT", "opm_codigo": "601017000" }, "geometry": { "type": "Point", "coordinates": [ -45.8733929, -23.1952843 ] } },
{ "type": "Feature", "properties": { "id_comando": "CPI-1", "nome_comando": "1º Comando de Policiamento do Interior (CPI-1)", "nome_batalhao": "1º BPM/I", "tipo_batalhao": "Interior", "companhia": "CIA FT", "cidade": "Sao Jose Dos Campos", "endereco": "RUA GENESIA BERARDINELLI TARANTINO, 1000, JARDIM AUGUSTA - Sao Jose Dos Campos", "latitude": -23.1952568, "longitude": -45.8745657, "fonte_geocodificacao": "Google Geocoding API", "opm_nome": "COMPANHIA DE FORCA TATICA", "opm_descricao": "CPI-1 1.BPM/I CIA FT", "opm_codigo": "601016000" }, "geometry": { "type": "Point", "coordinates": [ -45.8745657, -23.1952568 ] } },
{ "type": "Feature", "properties": { "id_comando": "CPI-1", "nome_comando": "1º Comando de Policiamento do Interior (CPI-1)", "nome_batalhao": "1º BPM/I", "tipo_batalhao": "Interior", "companhia": "COORD OP", "cidade": "Sao Jose Dos Campos", "endereco": "RUA GENESIA BENARDINELLI TARANTINO, 1000, JARDIM AUGUSTA - Sao Jose Dos Campos", "latitude": -23.1952568, "longitude": -45.8745657, "fonte_geocodificacao": "Google Geocoding API", "opm_nome": "COORD OP", "opm_descricao": "CPI-1 1.BPM/I COORD OP", "opm_codigo": "601019000" }, "geometry": { "type": "Point", "coordinates": [ -45.8745657, -23.1952568 ] } },
{ "type": "Feature", "properties": { "id_comando": "CPI-1", "nome_comando": "1º Comando de Policiamento do Interior (CPI-1)", "nome_batalhao": "1º BPM/I", "tipo_batalhao": "Interior", "companhia": "EM", "cidade": "Sao Jose Dos Campos", "endereco": "RUA GENÉSIA BERNARDINELLI TARANTINO, 1000  1º BPM/I, JARDIM AUGUSTA - Sao Jose Dos Campos", "latitude": -23.1952568, "longitude": -45.8745657, "fonte_geocodificacao": "Google Geocoding API", "opm_nome": "ESTADO-MAIOR", "opm_descricao": "CPI-1 1.BPM/I EM", "opm_codigo": "601018000" }, "geometry": { "type": "Point", "coordinates": [ -45.8745657, -23.1952568 ] } },
{ "type": "Feature", "properties": { "id_comando": "CPA/M-10", "nome_comando": "10º Comando de Policiamento de Área Metropolitana (CPA/M-10)", "nome_batalhao": "1º BPM/M", "tipo_batalhao": "Metropolitano", "companhia": "1.CIA PM", "cidade": "Sao Paulo", "endereco": "RUA THERESA MOUCO DE OLIVEIRA, 181, JD SÃO LUIS - Sao Paulo", "latitude": -23.6511391, "longitude": -46.7484102, "fonte_geocodificacao": "Google Geocoding API", "opm_nome": "1. COMPANHIA DE POLICIA MILITAR", "opm_descricao": "CPA/M-10 1.BPM/M 1.CIA PM TERRITORIAL", "opm_codigo": "510011000" }, "geometry": { "type": "Point", "coordinates": [ -46.7484102, -23.6511391 ] } },
{ "type": "Feature", "properties": { "id_comando": "CPA/M-10", "nome_comando": "10º Comando de Policiamento de Área Metropolitana (CPA/M-10)", "nome_batalhao": "1º BPM/M", "tipo_batalhao": "Metropolitano", "companhia": "2.CIA PM", "cidade": "Sao Paulo", "endereco": "AVENIDA GUIDO CALOI, 2170  PÁTIO GUIDO CALOI, JD SÃO LUIS - Sao Paulo", "latitude": -23.6614248, "longitude": -46.7260083, "fonte_geocodificacao": "Google Geocoding API", "opm_nome": "2. COMPANHIA DE POLICIA MILITAR", "opm_descricao": "CPA/M-10 1.BPM/M 2.CIA PM TERRITORIAL", "opm_codigo": "510012000" }, "geometry": { "type": "Point", "coordinates": [ -46.7260083, -23.6614248 ] } },
{ "type": "Feature", "properties": { "id_comando": "CPA/M-10", "nome_comando": "10º Comando de Policiamento de Área Metropolitana (CPA/M-10)", "nome_batalhao": "1º BPM/M", "tipo_batalhao": "Metropolitano", "companhia": "3.CIA PM", "cidade": "Sao Paulo", "endereco": "RUA DOUTOR ANTONIO BENTO, 321, SANTO AMARO - Sao Paulo", "latitude": -23.6476239, "longitude": -46.704049, "fonte_geocodificacao": "Google Geocoding API", "opm_nome": "3. COMPANHIA DE POLICIA MILITAR", "opm_descricao": "CPA/M-10 1.BPM/M 3.CIA PM TERRITORIAL", "opm_codigo": "510013000" }, "geometry": { "type": "Point", "coordinates": [ -46.704049, -23.6476239 ] } },
{ "type": "Feature", "properties": { "id_comando": "CPA/M-10", "nome_comando": "10º Comando de Policiamento de Área Metropolitana (CPA/M-10)", "nome_batalhao": "1º BPM/M", "tipo_batalhao": "Metropolitano", "companhia": "4.CIA PM", "cidade": "Sao Paulo", "endereco": "RUA ANGELO HERRERO, 89, SANTO AMARO - Sao Paulo", "latitude": -23.6588542, "longitude": -46.7074442, "fonte_geocodificacao": "Google Geocoding API", "opm_nome": "4. COMPANHIA DE POLICIA MILITAR", "opm_descricao": "CPA/M-10 1.BPM/M 4.CIA PM TERRITORIAL", "opm_codigo": "510014000" }, "geometry": { "type": "Point", "coordinates": [ -46.7074442, -23.6588542 ] } },
{ "type": "Feature", "properties": { "id_comando": "CPA/M-10", "nome_comando": "10º Comando de Policiamento de Área Metropolitana (CPA/M-10)", "nome_batalhao": "1º BPM/M", "tipo_batalhao": "Metropolitano", "companhia": "5.CIA", "cidade": "Sao Paulo", "endereco": "RUA PROFESSOR OSWALDO QUIRINO SIMOES, 122, SOCORRO - Sao Paulo", "latitude": -23.6825998, "longitude": -46.7005994, "fonte_geocodificacao": "Google Geocoding API", "opm_nome": "5. COMPANHIA DE POLICIA MILITAR", "opm_descricao": "CPA/M-10 1.BPM/M 5.CIA", "opm_codigo": "510015000" }, "geometry": { "type": "Point", "coordinates": [ -46.700599399999987, -23.6825998 ] } },
{ "type": "Feature", "properties": { "id_comando": "CPA/M-10", "nome_comando": "10º Comando de Policiamento de Área Metropolitana (CPA/M-10)", "nome_batalhao": "1º BPM/M", "tipo_batalhao": "Metropolitano", "companhia": "CIA F TAT", "cidade": "Sao Paulo", "endereco": "RUA GERALDO FRAGA DE OLIVEIRA, 270, JD SÃO LUIS - Sao Paulo", "latitude": -23.6529282, "longitude": -46.7370062, "fonte_geocodificacao": "Google Geocoding API", "opm_nome": "COMPANHIA DE FORCA TATICA DA POLICIA MILITAR", "opm_descricao": "CPA/M-10 1.BPM/M CIA F TAT", "opm_codigo": "510017000" }, "geometry": { "type": "Point", "coordinates": [ -46.7370062, -23.6529282 ] } },
{ "type": "Feature", "properties": { "id_comando": "CPA/M-10", "nome_comando": "10º Comando de Policiamento de Área Metropolitana (CPA/M-10)", "nome_batalhao": "1º BPM/M", "tipo_batalhao": "Metropolitano", "companhia": "COORD OP", "cidade": "Sao Paulo", "endereco": "AVENIDA MARIO LOPES LEAO, 1050, SANTO AMARO - Sao Paulo", "latitude": -23.6510621, "longitude": -46.7153531, "fonte_geocodificacao": "Google Geocoding API", "opm_nome": "COORDENADORIA OPERACIONAL", "opm_descricao": "CPA/M-10 1.BPM/M COORD OP", "opm_codigo": "510019000" }, "geometry": { "type": "Point", "coordinates": [ -46.715353099999987, -23.6510621 ] } },
{ "type": "Feature", "properties": { "id_comando": "CPA/M-10", "nome_comando": "10º Comando de Policiamento de Área Metropolitana (CPA/M-10)", "nome_batalhao": "1º BPM/M", "tipo_batalhao": "Metropolitano", "companhia": "EM", "cidade": "Sao Paulo", "endereco": "AVENIDA MARIO LOPES LEAO, 1050, SANTO AMARO - Sao Paulo", "latitude": -23.6510621, "longitude": -46.7153531, "fonte_geocodificacao": "Google Geocoding API", "opm_nome": "ESTADO-MAIOR", "opm_descricao": "CPA/M-10 1.BPM/M EM", "opm_codigo": "510018000" }, "geometry": { "type": "Point", "coordinates": [ -46.715353099999987, -23.6510621 ] } },
{ "type": "Feature", "properties": { "id_comando": "CPI-9", "nome_comando": "9º Comando de Policiamento do Interior (CPI-9)", "nome_batalhao": "10º BPM/I", "tipo_batalhao": "Interior", "companhia": "1.CIA PM", "cidade": "Piracicaba", "endereco": "RUA BOGOTÁ, 520  1ª CIA PM, JARDIM ESPLANADA - Piracicaba", "latitude": -22.746065, "longitude": -47.6514956, "fonte_geocodificacao": "Google Geocoding API", "opm_nome": "1. COMPANHIA DE POLICIA MILITAR", "opm_descricao": "CPI-9 10.BPM/I 1.CIA PM TERRITORIAL", "opm_codigo": "609101000" }, "geometry": { "type": "Point", "coordinates": [ -47.6514956, -22.746065 ] } },
{ "type": "Feature", "properties": { "id_comando": "CPI-9", "nome_comando": "9º Comando de Policiamento do Interior (CPI-9)", "nome_batalhao": "10º BPM/I", "tipo_batalhao": "Interior", "companhia": "2.CIA PM", "cidade": "Capivari", "endereco": "ALAMEDA FAUSTINA FRANCHI ANNCCHINO, 1137, SÃO LUIS - Capivari", "latitude": -22.9970069, "longitude": -47.4868836, "fonte_geocodificacao": "Google Geocoding API", "opm_nome": "2. COMPANHIA DE POLICIA MILITAR", "opm_descricao": "CPI-9 10.BPM/I 2.CIA PM", "opm_codigo": "609102000" }, "geometry": { "type": "Point", "coordinates": [ -47.4868836, -22.9970069 ] } },
{ "type": "Feature", "properties": { "id_comando": "CPI-9", "nome_comando": "9º Comando de Policiamento do Interior (CPI-9)", "nome_batalhao": "10º BPM/I", "tipo_batalhao": "Interior", "companhia": "3.CIA PM", "cidade": "Sao Pedro", "endereco": "Rua Madame Estela de Azevedo, 1083  10ºBPM-I 3ª Cia PM, Vila Estela - Sao Pedro", "latitude": -22.5535272, "longitude": -47.913194, "fonte_geocodificacao": "Google Geocoding API", "opm_nome": "3. COMPANHIA DE POLICIA MILITAR", "opm_descricao": "CPI-9 10.BPM/I 3.CIA PM", "opm_codigo": "609103000" }, "geometry": { "type": "Point", "coordinates": [ -47.913194, -22.5535272 ] } },
{ "type": "Feature", "properties": { "id_comando": "CPI-9", "nome_comando": "9º Comando de Policiamento do Interior (CPI-9)", "nome_batalhao": "10º BPM/I", "tipo_batalhao": "Interior", "companhia": "4.CIA PM", "cidade": "Piracicaba", "endereco": "AVENIDA DOUTOR PAULO DE MORÃES, 328  4ª Cia PM, PAULISTA - Piracicaba", "latitude": -22.7297827, "longitude": -47.6653724, "fonte_geocodificacao": "Google Geocoding API", "opm_nome": "4. COMPANHIA DE POLICIA MILITAR", "opm_descricao": "CPI-9 10.BPM/I 4.CIA PM TERRITORIAL", "opm_codigo": "609104000" }, "geometry": { "type": "Point", "coordinates": [ -47.6653724, -22.7297827 ] } },
{ "type": "Feature", "properties": { "id_comando": "CPI-9", "nome_comando": "9º Comando de Policiamento do Interior (CPI-9)", "nome_batalhao": "10º BPM/I", "tipo_batalhao": "Interior", "companhia": "5.CIA PM", "cidade": "Piracicaba", "endereco": "RUA JOÃO EUGÊNIO PIEDADE, 337  10.BPM/I 5.CIA PM CGP, Santa Terezinha - Piracicaba", "latitude": -22.6750452, "longitude": -47.6855927, "fonte_geocodificacao": "Google Geocoding API", "opm_nome": "5. COMPANHIA DE POLICIA MILITAR", "opm_descricao": "CPI-9 10.BPM/I 5.CIA PM TERRITORIAL", "opm_codigo": "609105000" }, "geometry": { "type": "Point", "coordinates": [ -47.6855927, -22.6750452 ] } },
{ "type": "Feature", "properties": { "id_comando": "CPI-9", "nome_comando": "9º Comando de Policiamento do Interior (CPI-9)", "nome_batalhao": "10º BPM/I", "tipo_batalhao": "Interior", "companhia": "CIA F TAT", "cidade": "Piracicaba", "endereco": "RUA AMÉRICO VESPÚCIO, 438  FUNDOS, JARDIM ALGODOAL - Piracicaba", "latitude": -22.7004843, "longitude": -47.6673404, "fonte_geocodificacao": "Google Geocoding API", "opm_nome": "COMPANHIA DE FORCA TATICA DA POLICIA MILITAR", "opm_descricao": "CPI-9 10.BPM/I CIA F TAT", "opm_codigo": "609109000" }, "geometry": { "type": "Point", "coordinates": [ -47.6673404, -22.7004843 ] } },
{ "type": "Feature", "properties": { "id_comando": "CPI-9", "nome_comando": "9º Comando de Policiamento do Interior (CPI-9)", "nome_batalhao": "10º BPM/I", "tipo_batalhao": "Interior", "companhia": "COORD OP", "cidade": "Piracicaba", "endereco": "RUA AMÉRICO VESPÚCIO, 300, JARDIM ALGODOAL - Piracicaba", "latitude": -22.7003812, "longitude": -47.6654509, "fonte_geocodificacao": "Google Geocoding API", "opm_nome": "COORDENADORIA OPERACIONAL", "opm_descricao": "CPI-9 10.BPM/I COORD OP", "opm_codigo": "609107000" }, "geometry": { "type": "Point", "coordinates": [ -47.6654509, -22.7003812 ] } },
{ "type": "Feature", "properties": { "id_comando": "CPI-9", "nome_comando": "9º Comando de Policiamento do Interior (CPI-9)", "nome_batalhao": "10º BPM/I", "tipo_batalhao": "Interior", "companhia": "EM", "cidade": "Piracicaba", "endereco": "RUA AMÉRICO VESPÚCIO, 300, JARDIM ALGODOAL - Piracicaba", "latitude": -22.7003812, "longitude": -47.6654509, "fonte_geocodificacao": "Google Geocoding API", "opm_nome": "ESTADO-MAIOR", "opm_descricao": "CPI-9 10.BPM/I EM", "opm_codigo": "609108000" }, "geometry": { "type": "Point", "coordinates": [ -47.6654509, -22.7003812 ] } },
{ "type": "Feature", "properties": { "id_comando": "CPA/M-6", "nome_comando": "6º Comando de Policiamento de Área Metropolitana (CPA/M-6)", "nome_batalhao": "10º BPM/M", "tipo_batalhao": "Metropolitano", "companhia": "1.CIA PM", "cidade": "Santo Andre", "endereco": "RUA CUSTÓDIA, 12, JARDIM SANTO ANTÔNIO - Santo Andre", "latitude": -23.6243801, "longitude": -46.5244792, "fonte_geocodificacao": "Google Geocoding API", "opm_nome": "1. COMPANHIA DE POLICIA MILITAR", "opm_descricao": "CPA/M-6 10.BPM/M 1.CIA PM TERRITORIAL", "opm_codigo": "406101000" }, "geometry": { "type": "Point", "coordinates": [ -46.524479199999988, -23.6243801 ] } },
{ "type": "Feature", "properties": { "id_comando": "CPA/M-6", "nome_comando": "6º Comando de Policiamento de Área Metropolitana (CPA/M-6)", "nome_batalhao": "10º BPM/M", "tipo_batalhao": "Metropolitano", "companhia": "2.CIA PM", "cidade": "Santo Andre", "endereco": "RUA DOS COQUEIROS, 261, BAIRRO CAMPESTRE - Santo Andre", "latitude": -23.6401642, "longitude": -46.5401524, "fonte_geocodificacao": "Google Geocoding API", "opm_nome": "2. COMPANHIA DE POLICIA MILITAR", "opm_descricao": "CPA/M-6 10.BPM/M 2.CIA PM TERRITORIAL", "opm_codigo": "406102000" }, "geometry": { "type": "Point", "coordinates": [ -46.5401524, -23.6401642 ] } },
{ "type": "Feature", "properties": { "id_comando": "CPA/M-6", "nome_comando": "6º Comando de Policiamento de Área Metropolitana (CPA/M-6)", "nome_batalhao": "10º BPM/M", "tipo_batalhao": "Metropolitano", "companhia": "3.CIA PM", "cidade": "Santo Andre", "endereco": "RUA DÉCIO CARMO BIANCO, 96, JARDIM RINA - Santo Andre", "latitude": -23.6464925, "longitude": -46.4976516, "fonte_geocodificacao": "Google Geocoding API", "opm_nome": "3. COMPANHIA DE POLICIA MILITAR", "opm_descricao": "CPA/M-6 10.BPM/M 3.CIA PM TERRITORIAL", "opm_codigo": "406103000" }, "geometry": { "type": "Point", "coordinates": [ -46.4976516, -23.6464925 ] } },
{ "type": "Feature", "properties": { "id_comando": "CPA/M-6", "nome_comando": "6º Comando de Policiamento de Área Metropolitana (CPA/M-6)", "nome_batalhao": "10º BPM/M", "tipo_batalhao": "Metropolitano", "companhia": "4.CIA PM", "cidade": "Santo Andre", "endereco": "RUA CURUPAITI, 49, jardim paraiso - Santo Andre", "latitude": -23.680305, "longitude": -46.5423173, "fonte_geocodificacao": "Google Geocoding API", "opm_nome": "4. COMPANHIA DE POLICIA MILITAR", "opm_descricao": "CPA/M-6 10.BPM/M 4.CIA PM TERRITORIAL", "opm_codigo": "406106000" }, "geometry": { "type": "Point", "coordinates": [ -46.5423173, -23.680305 ] } },
{ "type": "Feature", "properties": { "id_comando": "CPA/M-6", "nome_comando": "6º Comando de Policiamento de Área Metropolitana (CPA/M-6)", "nome_batalhao": "10º BPM/M", "tipo_batalhao": "Metropolitano", "companhia": "5.CIA PM", "cidade": "Santo Andre", "endereco": "RUA RAUL SEIXAS, 35, JARDIM SANTO ANDRÉ - Santo Andre", "latitude": -23.7035064, "longitude": -46.4951947, "fonte_geocodificacao": "Google Geocoding API", "opm_nome": "5. COMPANHIA DE POLICIA MILITAR", "opm_descricao": "CPA/M-6 10.BPM/M 5.CIA PM TERRITORIAL", "opm_codigo": "406107000" }, "geometry": { "type": "Point", "coordinates": [ -46.4951947, -23.7035064 ] } },
{ "type": "Feature", "properties": { "id_comando": "CPA/M-6", "nome_comando": "6º Comando de Policiamento de Área Metropolitana (CPA/M-6)", "nome_batalhao": "10º BPM/M", "tipo_batalhao": "Metropolitano", "companhia": "CIA F TAT", "cidade": "Santo Andre", "endereco": "ALAMEDA SÃO CAETANO, 903, BAIRRO JARDIM - Santo Andre", "latitude": -23.6475907, "longitude": -46.5466555, "fonte_geocodificacao": "Google Geocoding API", "opm_nome": "COMPANHIA DE FORCA TATICA DA POLICIA MILITAR", "opm_descricao": "CPA/M-6 10.BPM/M CIA F TAT", "opm_codigo": "406105000" }, "geometry": { "type": "Point", "coordinates": [ -46.5466555, -23.6475907 ] } },
{ "type": "Feature", "properties": { "id_comando": "CPA/M-6", "nome_comando": "6º Comando de Policiamento de Área Metropolitana (CPA/M-6)", "nome_batalhao": "10º BPM/M", "tipo_batalhao": "Metropolitano", "companhia": "COORD OP", "cidade": "Santo Andre", "endereco": "ALAMEDA SÃO CAETANO, 903, BAIRRO JARDIM - Santo Andre", "latitude": -23.6475907, "longitude": -46.5466555, "fonte_geocodificacao": "Google Geocoding API", "opm_nome": "COORDENADORIA OPERACIONAL", "opm_descricao": "CPA/M-6 10.BPM/M COORD OP", "opm_codigo": "406109000" }, "geometry": { "type": "Point", "coordinates": [ -46.5466555, -23.6475907 ] } },
{ "type": "Feature", "properties": { "id_comando": "CPA/M-6", "nome_comando": "6º Comando de Policiamento de Área Metropolitana (CPA/M-6)", "nome_batalhao": "10º BPM/M", "tipo_batalhao": "Metropolitano", "companhia": "EM", "cidade": "Santo Andre", "endereco": "ALAMEDA SÃO CAETANO, 903, BAIRRO JARDIM - Santo Andre", "latitude": -23.6475907, "longitude": -46.5466555, "fonte_geocodificacao": "Google Geocoding API", "opm_nome": "ESTADO-MAIOR", "opm_descricao": "CPA/M-6 10.BPM/M EM", "opm_codigo": "406108000" }, "geometry": { "type": "Point", "coordinates": [ -46.5466555, -23.6475907 ] } },
{ "type": "Feature", "properties": { "id_comando": "CPI-2", "nome_comando": "2º Comando de Policiamento do Interior (CPI-2)", "nome_batalhao": "11º BPM/I", "tipo_batalhao": "Interior", "companhia": "1.CIA PM", "cidade": "Jundiai", "endereco": "PRAÇA DAS ANDRADAS, 0  S/N, CENTRO - Jundiai", "latitude": -23.1873363, "longitude": -46.8880201, "fonte_geocodificacao": "Google Geocoding API", "opm_nome": "1. COMPANHIA DE POLICIA MILITAR", "opm_descricao": "CPI-2 11.BPM/I 1.CIA PM", "opm_codigo": "602111000" }, "geometry": { "type": "Point", "coordinates": [ -46.8880201, -23.1873363 ] } },
{ "type": "Feature", "properties": { "id_comando": "CPI-2", "nome_comando": "2º Comando de Policiamento do Interior (CPI-2)", "nome_batalhao": "11º BPM/I", "tipo_batalhao": "Interior", "companhia": "2.CIA PM", "cidade": "Jundiai", "endereco": "AVENIDA REYNALDO DE PORCARI, 2597, JARDIM TEREZA CRISTINA - Jundiai", "latitude": -23.1733885, "longitude": -47.0014649, "fonte_geocodificacao": "Google Geocoding API", "opm_nome": "2. COMPANHIA DE POLICIA MILITAR", "opm_descricao": "CPI-2 11.BPM/I 2.CIA PM", "opm_codigo": "602112000" }, "geometry": { "type": "Point", "coordinates": [ -47.001464899999988, -23.1733885 ] } },
{ "type": "Feature", "properties": { "id_comando": "CPI-2", "nome_comando": "2º Comando de Policiamento do Interior (CPI-2)", "nome_batalhao": "11º BPM/I", "tipo_batalhao": "Interior", "companhia": "CIA FT", "cidade": "Jundiai", "endereco": "ACESSO AVENIDA CARLOS SALES BLOCK, 568, ANHANGABAÚ - Jundiai", "latitude": -23.1941197, "longitude": -46.8922354, "fonte_geocodificacao": "Google Geocoding API", "opm_nome": "COMPANHIA DE FORCA TATICA", "opm_descricao": "CPI-2 11.BPM/I CIA FT", "opm_codigo": "602110700" }, "geometry": { "type": "Point", "coordinates": [ -46.8922354, -23.1941197 ] } },
{ "type": "Feature", "properties": { "id_comando": "CPI-2", "nome_comando": "2º Comando de Policiamento do Interior (CPI-2)", "nome_batalhao": "11º BPM/I", "tipo_batalhao": "Interior", "companhia": "COORD OP", "cidade": "Jundiai", "endereco": "AVENIDA CARLOS SALES BLOCK, 568, ANHANGABAÚ - Jundiai", "latitude": -23.1941197, "longitude": -46.8922354, "fonte_geocodificacao": "Google Geocoding API", "opm_nome": "COORD OP", "opm_descricao": "CPI-2 11.BPM/I COORD OP", "opm_codigo": "602117000" }, "geometry": { "type": "Point", "coordinates": [ -46.8922354, -23.1941197 ] } },
{ "type": "Feature", "properties": { "id_comando": "CPI-2", "nome_comando": "2º Comando de Policiamento do Interior (CPI-2)", "nome_batalhao": "11º BPM/I", "tipo_batalhao": "Interior", "companhia": "EM", "cidade": "Jundiai", "endereco": "AVENIDA CARLOS SALES BLOCK, 568, ANHANGABAÚ - Jundiai", "latitude": -23.1941197, "longitude": -46.8922354, "fonte_geocodificacao": "Google Geocoding API", "opm_nome": "ESTADO-MAIOR", "opm_descricao": "CPI-2 11.BPM/I EM", "opm_codigo": "602118000" }, "geometry": { "type": "Point", "coordinates": [ -46.8922354, -23.1941197 ] } },
{ "type": "Feature", "properties": { "id_comando": "CPA/M-1", "nome_comando": "1º Comando de Policiamento de Área Metropolitana (CPA/M-1)", "nome_batalhao": "11º BPM/M", "tipo_batalhao": "Metropolitano", "companhia": "1.CIA PM", "cidade": "Sao Paulo", "endereco": "RUA ABOLICAO, 349, BELA VISTA - Sao Paulo", "latitude": -23.5537955, "longitude": -46.6418121, "fonte_geocodificacao": "Google Geocoding API", "opm_nome": "1. COMPANHIA DE POLICIA MILITAR", "opm_descricao": "CPA/M-1 11.BPM/M 1.CIA PM TERRITORIAL", "opm_codigo": "501111000" }, "geometry": { "type": "Point", "coordinates": [ -46.6418121, -23.5537955 ] } },
{ "type": "Feature", "properties": { "id_comando": "CPA/M-1", "nome_comando": "1º Comando de Policiamento de Área Metropolitana (CPA/M-1)", "nome_batalhao": "11º BPM/M", "tipo_batalhao": "Metropolitano", "companhia": "2.CIA PM", "cidade": "Sao Paulo", "endereco": "RUA OTTO DE ALENCAR, 230, CAMBUCI - Sao Paulo", "latitude": -23.5591527, "longitude": -46.6247868, "fonte_geocodificacao": "Google Geocoding API", "opm_nome": "2. COMPANHIA DE POLICIA MILITAR", "opm_descricao": "CPA/M-1 11.BPM/M 2.CIA PM TERRITORIAL", "opm_codigo": "501112000" }, "geometry": { "type": "Point", "coordinates": [ -46.6247868, -23.5591527 ] } },
{ "type": "Feature", "properties": { "id_comando": "CPA/M-1", "nome_comando": "1º Comando de Policiamento de Área Metropolitana (CPA/M-1)", "nome_batalhao": "11º BPM/M", "tipo_batalhao": "Metropolitano", "companhia": "3.CIA PM", "cidade": "Sao Paulo", "endereco": "RUA MAESTRO ELIAS LOBO, 127, JARDIM PAULISTA - Sao Paulo", "latitude": -23.5727904, "longitude": -46.6636329, "fonte_geocodificacao": "Google Geocoding API", "opm_nome": "3. COMPANHIA DE POLICIA MILITAR", "opm_descricao": "CPA/M-1 11.BPM/M 3.CIA PM TERRITORIAL 0", "opm_codigo": "501113000" }, "geometry": { "type": "Point", "coordinates": [ -46.6636329, -23.5727904 ] } },
{ "type": "Feature", "properties": { "id_comando": "CPA/M-1", "nome_comando": "1º Comando de Policiamento de Área Metropolitana (CPA/M-1)", "nome_batalhao": "11º BPM/M", "tipo_batalhao": "Metropolitano", "companhia": "4.CIA PM", "cidade": "Sao Paulo", "endereco": ", 0  UNIDADE INEXISTENTE, 0 - Sao Paulo", "latitude": -23.4643815, "longitude": -46.7829298, "fonte_geocodificacao": "Google Geocoding API", "opm_nome": "4.COMPANHIA DE POLICIA MILITAR", "opm_descricao": "CPA/M-1 11.BPM/M 4.CIA PM", "opm_codigo": "501114000" }, "geometry": { "type": "Point", "coordinates": [ -46.7829298, -23.4643815 ] } },
{ "type": "Feature", "properties": { "id_comando": "CPA/M-1", "nome_comando": "1º Comando de Policiamento de Área Metropolitana (CPA/M-1)", "nome_batalhao": "11º BPM/M", "tipo_batalhao": "Metropolitano", "companhia": "CIA F TAT", "cidade": "Sao Paulo", "endereco": "RUA PROFESSOR ANTONIO PRUDENTE, 48, LIBERDADE - Sao Paulo", "latitude": -23.564965, "longitude": -46.6389864, "fonte_geocodificacao": "Google Geocoding API", "opm_nome": "COMPANHIA DE FORCA TATICA DA POLICIA MILITAR", "opm_descricao": "CPA/M-1 11.BPM/M CIA F TAT", "opm_codigo": "501117000" }, "geometry": { "type": "Point", "coordinates": [ -46.6389864, -23.564965 ] } },
{ "type": "Feature", "properties": { "id_comando": "CPA/M-1", "nome_comando": "1º Comando de Policiamento de Área Metropolitana (CPA/M-1)", "nome_batalhao": "11º BPM/M", "tipo_batalhao": "Metropolitano", "companhia": "COORD OP", "cidade": "Sao Paulo", "endereco": "RUA VERGUEIRO, 363, LIBERDADE - Sao Paulo", "latitude": -23.5653983, "longitude": -46.639008, "fonte_geocodificacao": "Google Geocoding API", "opm_nome": "COORDENADORIA OPERACIONAL", "opm_descricao": "CPA/M-1 11.BPM/M COORD OP", "opm_codigo": "501119000" }, "geometry": { "type": "Point", "coordinates": [ -46.639008, -23.5653983 ] } },
{ "type": "Feature", "properties": { "id_comando": "CPA/M-1", "nome_comando": "1º Comando de Policiamento de Área Metropolitana (CPA/M-1)", "nome_batalhao": "11º BPM/M", "tipo_batalhao": "Metropolitano", "companhia": "EM", "cidade": "Sao Paulo", "endereco": "RUA VERGUEIRO, 363, LIBERDADE - Sao Paulo", "latitude": -23.5653983, "longitude": -46.639008, "fonte_geocodificacao": "Google Geocoding API", "opm_nome": "ESTADO-MAIOR", "opm_descricao": "CPA/M-1 11.BPM/M EM", "opm_codigo": "501118000" }, "geometry": { "type": "Point", "coordinates": [ -46.639008, -23.5653983 ] } },
{ "type": "Feature", "properties": { "id_comando": "CPI-7", "nome_comando": "7º Comando de Policiamento do Interior (CPI-7)", "nome_batalhao": "12º BPM/I", "tipo_batalhao": "Interior", "companhia": "1.CIA PM", "cidade": "Botucatu", "endereco": "RUA MAJOR MATEUS, 125, VILA DOS LAVRADORES - Botucatu", "latitude": -22.8741451, "longitude": -48.4460423, "fonte_geocodificacao": "Google Geocoding API", "opm_nome": "1.COMPANHIA DE POLICIA MILITAR", "opm_descricao": "CPI-7 12.BPM/I 1.CIA PM", "opm_codigo": "607121000" }, "geometry": { "type": "Point", "coordinates": [ -48.446042299999988, -22.8741451 ] } },
{ "type": "Feature", "properties": { "id_comando": "CPI-7", "nome_comando": "7º Comando de Policiamento do Interior (CPI-7)", "nome_batalhao": "12º BPM/I", "tipo_batalhao": "Interior", "companhia": "2.CIA PM", "cidade": "Sao Manuel", "endereco": "AVENIDA IRMÃS CAMPUS SILVEIRA, 465, CENTRO - Sao Manuel", "latitude": -22.7360858, "longitude": -48.5683826, "fonte_geocodificacao": "Google Geocoding API", "opm_nome": "2.COMPANHIA DE POLICIA MILITAR", "opm_descricao": "CPI-7 12.BPM/I 2.CIA PM", "opm_codigo": "607122000" }, "geometry": { "type": "Point", "coordinates": [ -48.5683826, -22.7360858 ] } },
{ "type": "Feature", "properties": { "id_comando": "CPI-7", "nome_comando": "7º Comando de Policiamento do Interior (CPI-7)", "nome_batalhao": "12º BPM/I", "tipo_batalhao": "Interior", "companhia": "3.CIA PM", "cidade": "Laranjal Paulista", "endereco": "RUA GUILHERME MARCONI/ LARANJAL PTA, 33, CENTRO - Laranjal Paulista", "latitude": -23.0525419, "longitude": -47.8382302, "fonte_geocodificacao": "Google Geocoding API", "opm_nome": "3.COMPANHIA DE POLICIA MILITAR", "opm_descricao": "CPI-7 12.BPM/I 3.CIA PM", "opm_codigo": "607123000" }, "geometry": { "type": "Point", "coordinates": [ -47.838230200000012, -23.0525419 ] } },
{ "type": "Feature", "properties": { "id_comando": "CPI-7", "nome_comando": "7º Comando de Policiamento do Interior (CPI-7)", "nome_batalhao": "12º BPM/I", "tipo_batalhao": "Interior", "companhia": "COORD OP", "cidade": "Botucatu", "endereco": "RUA GENERAL JÚLIO MARCONDES SALGADO, 414, CENTRO - Botucatu", "latitude": -22.8944229, "longitude": -48.4445908, "fonte_geocodificacao": "Google Geocoding API", "opm_nome": "12.BPMI COORD OP", "opm_descricao": "CPI-7 12.BPM/I COORD OP", "opm_codigo": "607127000" }, "geometry": { "type": "Point", "coordinates": [ -48.4445908, -22.8944229 ] } },
{ "type": "Feature", "properties": { "id_comando": "CPI-7", "nome_comando": "7º Comando de Policiamento do Interior (CPI-7)", "nome_batalhao": "12º BPM/I", "tipo_batalhao": "Interior", "companhia": "EM", "cidade": "Botucatu", "endereco": "RUA GENERAL JÚLIO MARCONDES SALGADO, 414, VILA SILVINHA - Botucatu", "latitude": -22.8944229, "longitude": -48.4445908, "fonte_geocodificacao": "Google Geocoding API", "opm_nome": "ESTADO-MAIOR", "opm_descricao": "CPI-7 12.BPM/I EM", "opm_codigo": "607128000" }, "geometry": { "type": "Point", "coordinates": [ -48.4445908, -22.8944229 ] } },
{ "type": "Feature", "properties": { "id_comando": "CPA/M-2", "nome_comando": "2º Comando de Policiamento de Área Metropolitana (CPA/M-2)", "nome_batalhao": "12º BPM/M", "tipo_batalhao": "Metropolitano", "companhia": "1.CIA PM", "cidade": "Sao Paulo", "endereco": "RUA REPUBLICA DO IRAQUE, 1119, CAMPO BELO - Sao Paulo", "latitude": -23.6245297, "longitude": -46.6717304, "fonte_geocodificacao": "Google Geocoding API", "opm_nome": "1. COMPANHIA DE POLICIA MILITAR", "opm_descricao": "CPA/M-2 12.BPM/M 1.CIA PM TERRITORIAL", "opm_codigo": "502121000" }, "geometry": { "type": "Point", "coordinates": [ -46.6717304, -23.6245297 ] } },
{ "type": "Feature", "properties": { "id_comando": "CPA/M-2", "nome_comando": "2º Comando de Policiamento de Área Metropolitana (CPA/M-2)", "nome_batalhao": "12º BPM/M", "tipo_batalhao": "Metropolitano", "companhia": "2.CIA PM", "cidade": "Sao Paulo", "endereco": "RUA SENA MADUREIRA, 980, VILA CLEMENTINO - Sao Paulo", "latitude": -23.5932816, "longitude": -46.6453067, "fonte_geocodificacao": "Google Geocoding API", "opm_nome": "2. COMPANHIA DE POLICIA MILITAR", "opm_descricao": "CPA/M-2 12.BPM/M 2.CIA PM TERRITORIAL", "opm_codigo": "502122000" }, "geometry": { "type": "Point", "coordinates": [ -46.6453067, -23.5932816 ] } },
{ "type": "Feature", "properties": { "id_comando": "CPA/M-2", "nome_comando": "2º Comando de Policiamento de Área Metropolitana (CPA/M-2)", "nome_batalhao": "12º BPM/M", "tipo_batalhao": "Metropolitano", "companhia": "3.CIA PM", "cidade": "Sao Paulo", "endereco": "AVENIDA QUARTO CENTENARIO, 1450  JARDIM LUZITÂNIA, MOEMA - Sao Paulo", "latitude": -23.5951042, "longitude": -46.6654729, "fonte_geocodificacao": "Google Geocoding API", "opm_nome": "3. COMPANHIA DE POLICIA MILITAR", "opm_descricao": "CPA/M-2 12.BPM/M 3.CIA PM TERRITORIAL", "opm_codigo": "502123000" }, "geometry": { "type": "Point", "coordinates": [ -46.6654729, -23.5951042 ] } },
{ "type": "Feature", "properties": { "id_comando": "CPA/M-2", "nome_comando": "2º Comando de Policiamento de Área Metropolitana (CPA/M-2)", "nome_batalhao": "12º BPM/M", "tipo_batalhao": "Metropolitano", "companhia": "CIA F TAT", "cidade": "Sao Paulo", "endereco": "RUA RAFAEL IORIO, 160, CAMPO BELO - Sao Paulo", "latitude": -23.6269802, "longitude": -46.6624975, "fonte_geocodificacao": "Google Geocoding API", "opm_nome": "COMPANHIA DE FORCA TATICA DA POLICIA MILITAR", "opm_descricao": "CPA/M-2 12.BPM/M CIA F TAT", "opm_codigo": "502125000" }, "geometry": { "type": "Point", "coordinates": [ -46.6624975, -23.6269802 ] } },
{ "type": "Feature", "properties": { "id_comando": "CPA/M-2", "nome_comando": "2º Comando de Policiamento de Área Metropolitana (CPA/M-2)", "nome_batalhao": "12º BPM/M", "tipo_batalhao": "Metropolitano", "companhia": "COORD OP", "cidade": "Sao Paulo", "endereco": "RUA RAFAEL IORIO, 160, CAMPO BELO - Sao Paulo", "latitude": -23.6269802, "longitude": -46.6624975, "fonte_geocodificacao": "Google Geocoding API", "opm_nome": "COORDENADORIA OPERACIONAL", "opm_descricao": "CPA/M-2 12.BPM/M COORD OP", "opm_codigo": "502129000" }, "geometry": { "type": "Point", "coordinates": [ -46.6624975, -23.6269802 ] } },
{ "type": "Feature", "properties": { "id_comando": "CPA/M-2", "nome_comando": "2º Comando de Policiamento de Área Metropolitana (CPA/M-2)", "nome_batalhao": "12º BPM/M", "tipo_batalhao": "Metropolitano", "companhia": "EM", "cidade": "Sao Paulo", "endereco": "RUA RAFAEL IORIO, 160, CAMPO BELO - Sao Paulo", "latitude": -23.6269802, "longitude": -46.6624975, "fonte_geocodificacao": "Google Geocoding API", "opm_nome": "ESTADO-MAIOR", "opm_descricao": "CPA/M-2 12.BPM/M EM", "opm_codigo": "502128000" }, "geometry": { "type": "Point", "coordinates": [ -46.6624975, -23.6269802 ] } },
{ "type": "Feature", "properties": { "id_comando": "CPI-3", "nome_comando": "3º Comando de Policiamento do Interior (CPI-3)", "nome_batalhao": "13º BPM/I", "tipo_batalhao": "Interior", "companhia": "1.CIA PM", "cidade": "Araraquara", "endereco": "AV. MARIA ANTONOA CAMARGO DE OLIVEIRA, 149, CENTRO - Araraquara", "latitude": -21.8055402, "longitude": -48.172633, "fonte_geocodificacao": "Google Geocoding API", "opm_nome": "1. COMPANHIA DE POLICIA MILITAR", "opm_descricao": "CPI-3 13.BPM/I 1.CIA PM", "opm_codigo": "603131000" }, "geometry": { "type": "Point", "coordinates": [ -48.172633, -21.8055402 ] } },
{ "type": "Feature", "properties": { "id_comando": "CPI-3", "nome_comando": "3º Comando de Policiamento do Interior (CPI-3)", "nome_batalhao": "13º BPM/I", "tipo_batalhao": "Interior", "companhia": "2.CIA PM", "cidade": "Taquaritinga", "endereco": "AVENIDA JOAO DI JORGE, 111, VILA ROSA - Taquaritinga", "latitude": -21.4121336, "longitude": -48.4975886, "fonte_geocodificacao": "Google Geocoding API", "opm_nome": "2. COMPANHIA DE POLICIA MILITAR", "opm_descricao": "CPI-3 13.BPM/I 2.CIA PM", "opm_codigo": "603132000" }, "geometry": { "type": "Point", "coordinates": [ -48.4975886, -21.4121336 ] } },
{ "type": "Feature", "properties": { "id_comando": "CPI-3", "nome_comando": "3º Comando de Policiamento do Interior (CPI-3)", "nome_batalhao": "13º BPM/I", "tipo_batalhao": "Interior", "companhia": "3.CIA PM", "cidade": "Araraquara", "endereco": "AVENIDA JORGE BILLER TEIXEIRA, 519, VILA FERROVIÁRIA - Araraquara", "latitude": -21.7792197, "longitude": -48.1738321, "fonte_geocodificacao": "Google Geocoding API", "opm_nome": "3. COMPANHIA DE POLICIA MILITAR", "opm_descricao": "CPI-3 13.BPM/I 3.CIA PM", "opm_codigo": "603133000" }, "geometry": { "type": "Point", "coordinates": [ -48.1738321, -21.7792197 ] } },
{ "type": "Feature", "properties": { "id_comando": "CPI-3", "nome_comando": "3º Comando de Policiamento do Interior (CPI-3)", "nome_batalhao": "13º BPM/I", "tipo_batalhao": "Interior", "companhia": "4.CIA PM", "cidade": "Matao", "endereco": "RUA RUI BARBOSA, 580, CENTRO - Matao", "latitude": -21.6018679, "longitude": -48.3681636, "fonte_geocodificacao": "Google Geocoding API", "opm_nome": "4. COMPANHIA DE POLICIA MILITAR", "opm_descricao": "CPI-3 13.BPM/I 4.CIA PM", "opm_codigo": "603134000" }, "geometry": { "type": "Point", "coordinates": [ -48.3681636, -21.6018679 ] } },
{ "type": "Feature", "properties": { "id_comando": "CPI-3", "nome_comando": "3º Comando de Policiamento do Interior (CPI-3)", "nome_batalhao": "13º BPM/I", "tipo_batalhao": "Interior", "companhia": "5.CIA PM", "cidade": "Ibitinga", "endereco": "RUA DOMINGOS ROBERT, 671, CENTRO - Ibitinga", "latitude": -21.7558911, "longitude": -48.8291642, "fonte_geocodificacao": "Google Geocoding API", "opm_nome": "5. COMPANHIA DE POLICIA MILITAR", "opm_descricao": "CPI-3 13.BPM/I 5.CIA PM", "opm_codigo": "603135000" }, "geometry": { "type": "Point", "coordinates": [ -48.8291642, -21.7558911 ] } },
{ "type": "Feature", "properties": { "id_comando": "CPI-3", "nome_comando": "3º Comando de Policiamento do Interior (CPI-3)", "nome_batalhao": "13º BPM/I", "tipo_batalhao": "Interior", "companhia": "CIA F TAT", "cidade": "Araraquara", "endereco": "AVENIDA JORGE BILLER TEIXEIRA, 519, VILA FERROVIÁRIA - Araraquara", "latitude": -21.7792197, "longitude": -48.1738321, "fonte_geocodificacao": "Google Geocoding API", "opm_nome": "COMPANHIA DE FORCA TATICA DA POLICIA MILITAR", "opm_descricao": "CPI-3 13.BPM/I CIA F TAT", "opm_codigo": "603137000" }, "geometry": { "type": "Point", "coordinates": [ -48.1738321, -21.7792197 ] } },
{ "type": "Feature", "properties": { "id_comando": "CPI-3", "nome_comando": "3º Comando de Policiamento do Interior (CPI-3)", "nome_batalhao": "13º BPM/I", "tipo_batalhao": "Interior", "companhia": "COORD OP", "cidade": "Araraquara", "endereco": "AVENIDA JORGE BILLER TEIXEIRA, 519, VILA FERROVIARIA - Araraquara", "latitude": -21.7792197, "longitude": -48.1738321, "fonte_geocodificacao": "Google Geocoding API", "opm_nome": "COORD OP", "opm_descricao": "CPI-3 13.BPM/I COORD OP", "opm_codigo": "603139000" }, "geometry": { "type": "Point", "coordinates": [ -48.1738321, -21.7792197 ] } },
{ "type": "Feature", "properties": { "id_comando": "CPI-3", "nome_comando": "3º Comando de Policiamento do Interior (CPI-3)", "nome_batalhao": "13º BPM/I", "tipo_batalhao": "Interior", "companhia": "EM", "cidade": "Araraquara", "endereco": "AVENIDA JORGE BILLER TEIXEIRA, 519, VILA FERROVIARIA - Araraquara", "latitude": -21.7792197, "longitude": -48.1738321, "fonte_geocodificacao": "Google Geocoding API", "opm_nome": "ESTADO-MAIOR", "opm_descricao": "CPI-3 13.BPM/I EM", "opm_codigo": "603138000" }, "geometry": { "type": "Point", "coordinates": [ -48.1738321, -21.7792197 ] } },
{ "type": "Feature", "properties": { "id_comando": "CPA/M-1", "nome_comando": "1º Comando de Policiamento de Área Metropolitana (CPA/M-1)", "nome_batalhao": "13º BPM/M", "tipo_batalhao": "Metropolitano", "companhia": "1.CIA PM", "cidade": "Sao Paulo", "endereco": "AVENIDA RIO BRANCO, 1289, CAMPOS ELÍSEOS - Sao Paulo", "latitude": -23.5330101, "longitude": -46.6453972, "fonte_geocodificacao": "Google Geocoding API", "opm_nome": "1. COMPANHIA DE POLICIA MILITAR", "opm_descricao": "CPA/M-1 13.BPM/M 1.CIA PM TERRITORIAL", "opm_codigo": "501131000" }, "geometry": { "type": "Point", "coordinates": [ -46.6453972, -23.5330101 ] } },
{ "type": "Feature", "properties": { "id_comando": "CPA/M-1", "nome_comando": "1º Comando de Policiamento de Área Metropolitana (CPA/M-1)", "nome_batalhao": "13º BPM/M", "tipo_batalhao": "Metropolitano", "companhia": "2.CIA PM", "cidade": "Sao Paulo", "endereco": "RUA GABRIEL DOS SANTOS, 81, SANTA CECILIA - Sao Paulo", "latitude": -23.5334422, "longitude": -46.6579929, "fonte_geocodificacao": "Google Geocoding API", "opm_nome": "2. COMPANHIA DE POLICIA MILITAR", "opm_descricao": "CPA/M-1 13.BPM/M 2.CIA PM TERRITORIAL", "opm_codigo": "501132000" }, "geometry": { "type": "Point", "coordinates": [ -46.6579929, -23.5334422 ] } },
{ "type": "Feature", "properties": { "id_comando": "CPA/M-1", "nome_comando": "1º Comando de Policiamento de Área Metropolitana (CPA/M-1)", "nome_batalhao": "13º BPM/M", "tipo_batalhao": "Metropolitano", "companhia": "3.CIA PM", "cidade": "Sao Paulo", "endereco": "RUA CORONEL EMIDIO PIEDADE, 425, BRÁS - Sao Paulo", "latitude": -23.5295307, "longitude": -46.6121143, "fonte_geocodificacao": "Google Geocoding API", "opm_nome": "3. COMPANHIA DE POLICIA MILITAR", "opm_descricao": "CPA/M-1 13.BPM/M 3.CIA PM TERRITORIAL", "opm_codigo": "501133000" }, "geometry": { "type": "Point", "coordinates": [ -46.612114299999988, -23.5295307 ] } },
{ "type": "Feature", "properties": { "id_comando": "CPA/M-1", "nome_comando": "1º Comando de Policiamento de Área Metropolitana (CPA/M-1)", "nome_batalhao": "13º BPM/M", "tipo_batalhao": "Metropolitano", "companhia": "CIA F TAT", "cidade": "Sao Paulo", "endereco": "AVENIDA RIO BRANCO, 1289, CAMPOS ELÍSEOS - Sao Paulo", "latitude": -23.5330101, "longitude": -46.6453972, "fonte_geocodificacao": "Google Geocoding API", "opm_nome": "COMPANHIA DE FORCA TATICA DA POLICIA MILITAR", "opm_descricao": "CPA/M-1 13.BPM/M CIA F TAT", "opm_codigo": "501134000" }, "geometry": { "type": "Point", "coordinates": [ -46.6453972, -23.5330101 ] } },
{ "type": "Feature", "properties": { "id_comando": "CPA/M-1", "nome_comando": "1º Comando de Policiamento de Área Metropolitana (CPA/M-1)", "nome_batalhao": "13º BPM/M", "tipo_batalhao": "Metropolitano", "companhia": "COORD OP", "cidade": "Sao Paulo", "endereco": "AVENIDA RIO BRANCO, 1289, CAMPOS ELÍSEOS - Sao Paulo", "latitude": -23.5330101, "longitude": -46.6453972, "fonte_geocodificacao": "Google Geocoding API", "opm_nome": "COORDENADORIA OPERACIONAL", "opm_descricao": "CPA/M-1 13.BPM/M COORD OP", "opm_codigo": "501139000" }, "geometry": { "type": "Point", "coordinates": [ -46.6453972, -23.5330101 ] } },
{ "type": "Feature", "properties": { "id_comando": "CPA/M-1", "nome_comando": "1º Comando de Policiamento de Área Metropolitana (CPA/M-1)", "nome_batalhao": "13º BPM/M", "tipo_batalhao": "Metropolitano", "companhia": "EM", "cidade": "Sao Paulo", "endereco": "AVENIDA RIO BRANCO, 1289, CAMPOS ELÍSEOS - Sao Paulo", "latitude": -23.5330101, "longitude": -46.6453972, "fonte_geocodificacao": "Google Geocoding API", "opm_nome": "ESTADO-MAIOR", "opm_descricao": "CPA/M-1 13.BPM/M EM", "opm_codigo": "501138000" }, "geometry": { "type": "Point", "coordinates": [ -46.6453972, -23.5330101 ] } },
{ "type": "Feature", "properties": { "id_comando": "CPI-6", "nome_comando": "6º Comando de Policiamento do Interior (CPI-6)", "nome_batalhao": "14º BPM/I", "tipo_batalhao": "Interior", "companhia": "1.CIA PM", "cidade": "Registro", "endereco": "AV MARGINAL CASTELO BRANCO, 2179, VILA RIBEIROPOLIS - Registro", "latitude": -24.5064854, "longitude": -47.8480284, "fonte_geocodificacao": "Google Geocoding API", "opm_nome": "1.COMPANHIA DE POLICIA MILITAR", "opm_descricao": "CPI-6 14.BPM/I 1.CIA PM", "opm_codigo": "606141000" }, "geometry": { "type": "Point", "coordinates": [ -47.8480284, -24.5064854 ] } },
{ "type": "Feature", "properties": { "id_comando": "CPI-6", "nome_comando": "6º Comando de Policiamento do Interior (CPI-6)", "nome_batalhao": "14º BPM/I", "tipo_batalhao": "Interior", "companhia": "2.CIA PM", "cidade": "Jacupiranga", "endereco": "RUA SILVIO CARNEIRO BRAGA, 180, CENTRO - Jacupiranga", "latitude": -24.696634, "longitude": -48.0020329, "fonte_geocodificacao": "Google Geocoding API", "opm_nome": "2.COMPANHIA DE POLICIA MILITAR", "opm_descricao": "CPI-6 14.BPM/I 2.CIA PM", "opm_codigo": "606142000" }, "geometry": { "type": "Point", "coordinates": [ -48.0020329, -24.696634 ] } },
{ "type": "Feature", "properties": { "id_comando": "CPI-6", "nome_comando": "6º Comando de Policiamento do Interior (CPI-6)", "nome_batalhao": "14º BPM/I", "tipo_batalhao": "Interior", "companhia": "3.CIA PM", "cidade": "Iguape", "endereco": "R SALDANHA MARINHO, 136, CANTO DO MORRO - Iguape", "latitude": -24.7059016, "longitude": -47.5516221, "fonte_geocodificacao": "Google Geocoding API", "opm_nome": "3.COMPANHIA DE POLICIA MILITAR", "opm_descricao": "CPI-6 14.BPM/I 3.CIA PM", "opm_codigo": "606143000" }, "geometry": { "type": "Point", "coordinates": [ -47.5516221, -24.7059016 ] } },
{ "type": "Feature", "properties": { "id_comando": "CPI-6", "nome_comando": "6º Comando de Policiamento do Interior (CPI-6)", "nome_batalhao": "14º BPM/I", "tipo_batalhao": "Interior", "companhia": "CIA FT", "cidade": "Registro", "endereco": "Avenida Presidente Castelo Branco, 2179, Centro - Registro", "latitude": -24.5022895, "longitude": -47.8469656, "fonte_geocodificacao": "Google Geocoding API", "opm_nome": "COMPANHIA DE FORCA TATICA", "opm_descricao": "CPI-6 14.BPM/I CIA FT", "opm_codigo": "606146000" }, "geometry": { "type": "Point", "coordinates": [ -47.8469656, -24.5022895 ] } },
{ "type": "Feature", "properties": { "id_comando": "CPI-6", "nome_comando": "6º Comando de Policiamento do Interior (CPI-6)", "nome_batalhao": "14º BPM/I", "tipo_batalhao": "Interior", "companhia": "COORD OP", "cidade": "Registro", "endereco": "AV MARGINAL CASTELO BRANCO, 2179  BLOCO 3, VILA RIBEIROPOLIS - Registro", "latitude": -24.5064854, "longitude": -47.8480284, "fonte_geocodificacao": "Google Geocoding API", "opm_nome": "14.BPM/I - COORDENADORIA OPERACIONAL", "opm_descricao": "CPI-6 14.BPM/I COORD OP", "opm_codigo": "606147000" }, "geometry": { "type": "Point", "coordinates": [ -47.8480284, -24.5064854 ] } },
{ "type": "Feature", "properties": { "id_comando": "CPI-6", "nome_comando": "6º Comando de Policiamento do Interior (CPI-6)", "nome_batalhao": "14º BPM/I", "tipo_batalhao": "Interior", "companhia": "EM", "cidade": "Registro", "endereco": "AVENIDA PRESIDENTE CASTELO BRANCO, 2179  SEDE BTL, VILA RIBEIROPOLIS - Registro", "latitude": -24.5049389, "longitude": -47.8481721, "fonte_geocodificacao": "Google Geocoding API", "opm_nome": "ESTADO-MAIOR", "opm_descricao": "CPI-6 14.BPM/I EM", "opm_codigo": "606148000" }, "geometry": { "type": "Point", "coordinates": [ -47.848172100000014, -24.5049389 ] } },
{ "type": "Feature", "properties": { "id_comando": "CPA/M-8", "nome_comando": "8º Comando de Policiamento de Área Metropolitana (CPA/M-8)", "nome_batalhao": "14º BPM/M", "tipo_batalhao": "Metropolitano", "companhia": "1.CIA PM", "cidade": "Osasco", "endereco": "AVENIDA JOÃO DE ANDRADE, 800, JARDIM ROBERTO - Osasco", "latitude": -23.5536945, "longitude": -46.8014122, "fonte_geocodificacao": "Google Geocoding API", "opm_nome": "1. COMPANHIA DE POLICIA MILITAR", "opm_descricao": "CPA/M-8 14.BPM/M 1.CIA PM TERRITORIAL", "opm_codigo": "408141000" }, "geometry": { "type": "Point", "coordinates": [ -46.801412199999987, -23.5536945 ] } },
{ "type": "Feature", "properties": { "id_comando": "CPA/M-8", "nome_comando": "8º Comando de Policiamento de Área Metropolitana (CPA/M-8)", "nome_batalhao": "14º BPM/M", "tipo_batalhao": "Metropolitano", "companhia": "2.CIA PM", "cidade": "Osasco", "endereco": "AVENIDA DIONÍSIA ALVES BARRETO, 453, VILA OSASCO - Osasco", "latitude": -23.5347181, "longitude": -46.7847179, "fonte_geocodificacao": "Google Geocoding API", "opm_nome": "2. COMPANHIA DE POLICIA MILITAR", "opm_descricao": "CPA/M-8 14.BPM/M 2.CIA PM TERRITORIAL", "opm_codigo": "408142000" }, "geometry": { "type": "Point", "coordinates": [ -46.7847179, -23.5347181 ] } },
{ "type": "Feature", "properties": { "id_comando": "CPA/M-8", "nome_comando": "8º Comando de Policiamento de Área Metropolitana (CPA/M-8)", "nome_batalhao": "14º BPM/M", "tipo_batalhao": "Metropolitano", "companhia": "3.CIA PM", "cidade": "Osasco", "endereco": "RUA FLOR DE MARGARIDAS, 190, QUITAÚNA - Osasco", "latitude": -23.5231044, "longitude": -46.8125386, "fonte_geocodificacao": "Google Geocoding API", "opm_nome": "3. COMPANHIA DE POLICIA MILITAR", "opm_descricao": "CPA/M-8 14.BPM/M 3.CIA PM TERRITORIAL", "opm_codigo": "408143000" }, "geometry": { "type": "Point", "coordinates": [ -46.8125386, -23.5231044 ] } },
{ "type": "Feature", "properties": { "id_comando": "CPA/M-8", "nome_comando": "8º Comando de Policiamento de Área Metropolitana (CPA/M-8)", "nome_batalhao": "14º BPM/M", "tipo_batalhao": "Metropolitano", "companhia": "4.CIA PM", "cidade": "Osasco", "endereco": "RUA CIRIEMA, 120, AYROSA - Osasco", "latitude": -23.5134438, "longitude": -46.7650599, "fonte_geocodificacao": "Google Geocoding API", "opm_nome": "4. COMPANHIA DE POLICIA MILITAR", "opm_descricao": "CPA/M-8 14.BPM/M 4.CIA PM", "opm_codigo": "408144000" }, "geometry": { "type": "Point", "coordinates": [ -46.7650599, -23.5134438 ] } },
{ "type": "Feature", "properties": { "id_comando": "CPA/M-8", "nome_comando": "8º Comando de Policiamento de Área Metropolitana (CPA/M-8)", "nome_batalhao": "14º BPM/M", "tipo_batalhao": "Metropolitano", "companhia": "5.CIA PM", "cidade": "Osasco", "endereco": "RUA LUÍS GATI, 235, BARONESA - Osasco", "latitude": -23.4975057, "longitude": -46.7857095, "fonte_geocodificacao": "Google Geocoding API", "opm_nome": "5. COMPANHIA DE POLICIA MILITAR", "opm_descricao": "CPA/M-8 14.BPM/M 5.CIA PM", "opm_codigo": "408147000" }, "geometry": { "type": "Point", "coordinates": [ -46.7857095, -23.4975057 ] } },
{ "type": "Feature", "properties": { "id_comando": "CPA/M-8", "nome_comando": "8º Comando de Policiamento de Área Metropolitana (CPA/M-8)", "nome_batalhao": "14º BPM/M", "tipo_batalhao": "Metropolitano", "companhia": "CIA F TAT", "cidade": "Osasco", "endereco": "RUA LÍBERO CARNICELI, 433, JAGUARIBE - Osasco", "latitude": -23.5557057, "longitude": -46.7850521, "fonte_geocodificacao": "Google Geocoding API", "opm_nome": "COMPANHIA DE FORCA TATICA", "opm_descricao": "CPA/M-8 14.BPM/M CIA F TAT", "opm_codigo": "408145000" }, "geometry": { "type": "Point", "coordinates": [ -46.785052099999987, -23.5557057 ] } },
{ "type": "Feature", "properties": { "id_comando": "CPA/M-8", "nome_comando": "8º Comando de Policiamento de Área Metropolitana (CPA/M-8)", "nome_batalhao": "14º BPM/M", "tipo_batalhao": "Metropolitano", "companhia": "COORD OP", "cidade": "Osasco", "endereco": "RUA LIBERO CARNICELLI, 433  TERREO, JARDIM YPÊ - Osasco", "latitude": -23.5557057, "longitude": -46.7850521, "fonte_geocodificacao": "Google Geocoding API", "opm_nome": "COORDENADORIA OPERACIONAL", "opm_descricao": "CPA/M-8 14.BPM/M COORD OP", "opm_codigo": "408149000" }, "geometry": { "type": "Point", "coordinates": [ -46.785052099999987, -23.5557057 ] } },
{ "type": "Feature", "properties": { "id_comando": "CPA/M-8", "nome_comando": "8º Comando de Policiamento de Área Metropolitana (CPA/M-8)", "nome_batalhao": "14º BPM/M", "tipo_batalhao": "Metropolitano", "companhia": "EM", "cidade": "Osasco", "endereco": "RUA LÍBERO CARNICELLI, 433  TERREO, JARDIM YPÊ - Osasco", "latitude": -23.5557057, "longitude": -46.7850521, "fonte_geocodificacao": "Google Geocoding API", "opm_nome": "ESTADO-MAIOR", "opm_descricao": "CPA/M-8 14.BPM/M EM", "opm_codigo": "408148000" }, "geometry": { "type": "Point", "coordinates": [ -46.785052099999987, -23.5557057 ] } },
{ "type": "Feature", "properties": { "id_comando": "CPI-3", "nome_comando": "3º Comando de Policiamento do Interior (CPI-3)", "nome_batalhao": "15º BPM/I", "tipo_batalhao": "Interior", "companhia": "1.CIA PM", "cidade": "Franca", "endereco": "AVENIDA SETE DE SETEMBRO, 2736, SAO JOSE - Franca", "latitude": -20.5335367, "longitude": -47.3894517, "fonte_geocodificacao": "Google Geocoding API", "opm_nome": "1. COMPANHIA DE POLICIA MILITAR", "opm_descricao": "CPI-3 15.BPM/I 1.CIA PM", "opm_codigo": "603151000" }, "geometry": { "type": "Point", "coordinates": [ -47.3894517, -20.5335367 ] } },
{ "type": "Feature", "properties": { "id_comando": "CPI-3", "nome_comando": "3º Comando de Policiamento do Interior (CPI-3)", "nome_batalhao": "15º BPM/I", "tipo_batalhao": "Interior", "companhia": "2.CIA PM", "cidade": "Batatais", "endereco": "PRACA BARAO DO RIO BRANCO, 94, CENTRO - Batatais", "latitude": -20.8919044, "longitude": -47.5812373, "fonte_geocodificacao": "Google Geocoding API", "opm_nome": "2. COMPANHIA DE POLICIA MILITAR", "opm_descricao": "CPI-3 15.BPM/I 2.CIA PM", "opm_codigo": "603152000" }, "geometry": { "type": "Point", "coordinates": [ -47.5812373, -20.8919044 ] } },
{ "type": "Feature", "properties": { "id_comando": "CPI-3", "nome_comando": "3º Comando de Policiamento do Interior (CPI-3)", "nome_batalhao": "15º BPM/I", "tipo_batalhao": "Interior", "companhia": "3.CIA PM", "cidade": "Ituverava", "endereco": "RUA: JOSÉ ABDALA HANNA, 1422, VILA INDUSTRIAL - Ituverava", "latitude": -20.3293361, "longitude": -47.8014339, "fonte_geocodificacao": "Google Geocoding API", "opm_nome": "3. COMPANHIA DE POLICIA MILITAR", "opm_descricao": "CPI-3 15.BPM/I 3.CIA PM", "opm_codigo": "603153000" }, "geometry": { "type": "Point", "coordinates": [ -47.8014339, -20.3293361 ] } },
{ "type": "Feature", "properties": { "id_comando": "CPI-3", "nome_comando": "3º Comando de Policiamento do Interior (CPI-3)", "nome_batalhao": "15º BPM/I", "tipo_batalhao": "Interior", "companhia": "4.CIA PM", "cidade": "Orlandia", "endereco": "AV DO CAFE, 760, CENTRO - Orlandia", "latitude": -20.7181244, "longitude": -47.8820097, "fonte_geocodificacao": "Google Geocoding API", "opm_nome": "4. COMPANHIA DE POLICIA MILITAR", "opm_descricao": "CPI-3 15.BPM/I 4.CIA PM", "opm_codigo": "603154000" }, "geometry": { "type": "Point", "coordinates": [ -47.8820097, -20.7181244 ] } },
{ "type": "Feature", "properties": { "id_comando": "CPI-3", "nome_comando": "3º Comando de Policiamento do Interior (CPI-3)", "nome_batalhao": "15º BPM/I", "tipo_batalhao": "Interior", "companhia": "5.CIA PM", "cidade": "Franca", "endereco": "AVENIDA DOUTOR FLÁVIO ROCHA, 4281, PQ DOS PINHAIS - Franca", "latitude": -20.5136564, "longitude": -47.4058142, "fonte_geocodificacao": "Google Geocoding API", "opm_nome": "5. COMPANHIA DE POLICIA MILITAR", "opm_descricao": "CPI-3 15.BPM/I 5.CIA PM", "opm_codigo": "603155000" }, "geometry": { "type": "Point", "coordinates": [ -47.4058142, -20.5136564 ] } },
{ "type": "Feature", "properties": { "id_comando": "CPI-3", "nome_comando": "3º Comando de Policiamento do Interior (CPI-3)", "nome_batalhao": "15º BPM/I", "tipo_batalhao": "Interior", "companhia": "CIA F TAT", "cidade": "Franca", "endereco": "RUA ALFREDO TOSI, 1200, DISTRITO INDUSTRIAL - Franca", "latitude": -20.5630693, "longitude": -47.4081917, "fonte_geocodificacao": "Google Geocoding API", "opm_nome": "COMPANHIA DE FORCA TATICA DA POLICIA MILITAR", "opm_descricao": "CPI-3 15.BPM/I CIA F TAT", "opm_codigo": "603159000" }, "geometry": { "type": "Point", "coordinates": [ -47.4081917, -20.5630693 ] } },
{ "type": "Feature", "properties": { "id_comando": "CPI-3", "nome_comando": "3º Comando de Policiamento do Interior (CPI-3)", "nome_batalhao": "15º BPM/I", "tipo_batalhao": "Interior", "companhia": "COORD OP", "cidade": "Franca", "endereco": "RUA ALFREDO TOSI, 1200, nucleo alpha - Franca", "latitude": -20.5669191, "longitude": -47.4010625, "fonte_geocodificacao": "Google Geocoding API", "opm_nome": "COORDENADORIA OPERACIONAL", "opm_descricao": "CPI-3 15.BPM/I COORD OP", "opm_codigo": "603157000" }, "geometry": { "type": "Point", "coordinates": [ -47.401062499999988, -20.5669191 ] } },
{ "type": "Feature", "properties": { "id_comando": "CPI-3", "nome_comando": "3º Comando de Policiamento do Interior (CPI-3)", "nome_batalhao": "15º BPM/I", "tipo_batalhao": "Interior", "companhia": "EM", "cidade": "Franca", "endereco": "RUA ALFREDO TOSI, 1200, nucleo alpha - Franca", "latitude": -20.5669191, "longitude": -47.4010625, "fonte_geocodificacao": "Google Geocoding API", "opm_nome": "ESTADO-MAIOR", "opm_descricao": "CPI-3 15.BPM/I EM", "opm_codigo": "603158000" }, "geometry": { "type": "Point", "coordinates": [ -47.401062499999988, -20.5669191 ] } },
{ "type": "Feature", "properties": { "id_comando": "CPA/M-7", "nome_comando": "7º Comando de Policiamento de Área Metropolitana (CPA/M-7)", "nome_batalhao": "15º BPM/M", "tipo_batalhao": "Metropolitano", "companhia": "1.CIA PM", "cidade": "Guarulhos", "endereco": "R SILVIO BARBOSA-GUARULHOS-15BPMM-1CIA, 107  15BPMM-1CIA, MACEDO - Guarulhos", "latitude": -23.4651183, "longitude": -46.521256, "fonte_geocodificacao": "Google Geocoding API", "opm_nome": "1. COMPANHIA DE POLICIA MILITAR", "opm_descricao": "CPA/M-7 15.BPM/M 1.CIA PM TERRITORIAL", "opm_codigo": "407151000" }, "geometry": { "type": "Point", "coordinates": [ -46.521256, -23.4651183 ] } },
{ "type": "Feature", "properties": { "id_comando": "CPA/M-7", "nome_comando": "7º Comando de Policiamento de Área Metropolitana (CPA/M-7)", "nome_batalhao": "15º BPM/M", "tipo_batalhao": "Metropolitano", "companhia": "2.CIA PM", "cidade": "Guarulhos", "endereco": "R ALBERTO FERREIRA LOPES-GUARULHOS, 47  15BPMM-2CIA, VILA GALVÃO - Guarulhos", "latitude": -23.4581195, "longitude": -46.5675074, "fonte_geocodificacao": "Google Geocoding API", "opm_nome": "2. COMPANHIA DE POLICIA MILITAR", "opm_descricao": "CPA/M-7 15.BPM/M 2.CIA PM TERRITORIAL", "opm_codigo": "407152000" }, "geometry": { "type": "Point", "coordinates": [ -46.5675074, -23.4581195 ] } },
{ "type": "Feature", "properties": { "id_comando": "CPA/M-7", "nome_comando": "7º Comando de Policiamento de Área Metropolitana (CPA/M-7)", "nome_batalhao": "15º BPM/M", "tipo_batalhao": "Metropolitano", "companhia": "3.CIA PM", "cidade": "Guarulhos", "endereco": "R CONCEIÇÃO DO RIO VERDE, GUARULHOS, 230  15BPMM-3CIA, MORROS - Guarulhos", "latitude": -23.420466, "longitude": -46.5252775, "fonte_geocodificacao": "Google Geocoding API", "opm_nome": "3. COMPANHIA DE POLICIA MILITAR", "opm_descricao": "CPA/M-7 15.BPM/M 3.CIA PM TERRITORIAL", "opm_codigo": "407153000" }, "geometry": { "type": "Point", "coordinates": [ -46.5252775, -23.420466 ] } },
{ "type": "Feature", "properties": { "id_comando": "CPA/M-7", "nome_comando": "7º Comando de Policiamento de Área Metropolitana (CPA/M-7)", "nome_batalhao": "15º BPM/M", "tipo_batalhao": "Metropolitano", "companhia": "4.CIA PM", "cidade": "Guarulhos", "endereco": "AVENIDA BARBER GRENE, 850, VILA RIO - Guarulhos", "latitude": -23.4477408, "longitude": -46.530066, "fonte_geocodificacao": "Google Geocoding API", "opm_nome": "4. COMPANHIA DE POLICIA MILITAR", "opm_descricao": "CPA/M-7 15.BPM/M 4.CIA PM TERRITORIAL", "opm_codigo": "407154000" }, "geometry": { "type": "Point", "coordinates": [ -46.530066, -23.4477408 ] } },
{ "type": "Feature", "properties": { "id_comando": "CPA/M-7", "nome_comando": "7º Comando de Policiamento de Área Metropolitana (CPA/M-7)", "nome_batalhao": "15º BPM/M", "tipo_batalhao": "Metropolitano", "companhia": "5.CIA PM", "cidade": "Guarulhos", "endereco": "RUA CONCEIÇÃO, 47, VILA PAULISTA - Guarulhos", "latitude": -23.4698378, "longitude": -46.5377171, "fonte_geocodificacao": "Google Geocoding API", "opm_nome": "5. COMPANHIA DE POLICIA MILITAR", "opm_descricao": "CPA/M-7 15.BPM/M 5.CIA PM TERRITORIAL", "opm_codigo": "407155000" }, "geometry": { "type": "Point", "coordinates": [ -46.537717099999988, -23.4698378 ] } },
{ "type": "Feature", "properties": { "id_comando": "CPA/M-7", "nome_comando": "7º Comando de Policiamento de Área Metropolitana (CPA/M-7)", "nome_batalhao": "15º BPM/M", "tipo_batalhao": "Metropolitano", "companhia": "CIA F TAT", "cidade": "Guarulhos", "endereco": "RUA HUMBERTO DE CAMPOS, 715, GOPOUVA - Guarulhos", "latitude": -23.462879, "longitude": -46.5383519, "fonte_geocodificacao": "Google Geocoding API", "opm_nome": "COMPANHIA DE FORCA TATICA DA POLICIA MILITAR", "opm_descricao": "CPA/M-7 15.BPM/M CIA F TAT", "opm_codigo": "407157000" }, "geometry": { "type": "Point", "coordinates": [ -46.538351899999988, -23.462879 ] } },
{ "type": "Feature", "properties": { "id_comando": "CPA/M-7", "nome_comando": "7º Comando de Policiamento de Área Metropolitana (CPA/M-7)", "nome_batalhao": "15º BPM/M", "tipo_batalhao": "Metropolitano", "companhia": "COORD OP", "cidade": "Guarulhos", "endereco": "RUA HUMBERTO DE CAMPOS, 715, GOPOUVA - Guarulhos", "latitude": -23.462879, "longitude": -46.5383519, "fonte_geocodificacao": "Google Geocoding API", "opm_nome": "COORDENADORIA OPERACIONAL", "opm_descricao": "CPA/M-7 15.BPM/M COORD OP", "opm_codigo": "407159000" }, "geometry": { "type": "Point", "coordinates": [ -46.538351899999988, -23.462879 ] } },
{ "type": "Feature", "properties": { "id_comando": "CPA/M-7", "nome_comando": "7º Comando de Policiamento de Área Metropolitana (CPA/M-7)", "nome_batalhao": "15º BPM/M", "tipo_batalhao": "Metropolitano", "companhia": "EM", "cidade": "Guarulhos", "endereco": "RUA HUMBERTO DE CAMPOS, 715, GOPOUVA - Guarulhos", "latitude": -23.462879, "longitude": -46.5383519, "fonte_geocodificacao": "Google Geocoding API", "opm_nome": "ESTADO-MAIOR", "opm_descricao": "CPA/M-7 15.BPM/M EM", "opm_codigo": "407158000" }, "geometry": { "type": "Point", "coordinates": [ -46.538351899999988, -23.462879 ] } },
{ "type": "Feature", "properties": { "id_comando": "CPI-5", "nome_comando": "5º Comando de Policiamento do Interior (CPI-5)", "nome_batalhao": "16º BPM/I", "tipo_batalhao": "Interior", "companhia": "1.CIA PM", "cidade": "Fernandopolis", "endereco": "Rua Maria Batista, 177, Jardim Santa Rita - Fernandopolis", "latitude": -20.2736934, "longitude": -50.2546936, "fonte_geocodificacao": "Google Geocoding API", "opm_nome": "1.COMPANHIA DE POLICIA MILITAR", "opm_descricao": "CPI-5 16.BPM/I 1.CIA PM", "opm_codigo": "605161000" }, "geometry": { "type": "Point", "coordinates": [ -50.2546936, -20.2736934 ] } },
{ "type": "Feature", "properties": { "id_comando": "CPI-5", "nome_comando": "5º Comando de Policiamento do Interior (CPI-5)", "nome_batalhao": "16º BPM/I", "tipo_batalhao": "Interior", "companhia": "2.CIA PM", "cidade": "Jales", "endereco": "RUA CINCO, 2027, CENTRO - Jales", "latitude": -20.2743942, "longitude": -50.5479936, "fonte_geocodificacao": "Google Geocoding API", "opm_nome": "2. COMPANHIA DE POLICIA MILITAR", "opm_descricao": "CPI-5 16.BPM/I 2.CIA PM", "opm_codigo": "605162000" }, "geometry": { "type": "Point", "coordinates": [ -50.5479936, -20.2743942 ] } },
{ "type": "Feature", "properties": { "id_comando": "CPI-5", "nome_comando": "5º Comando de Policiamento do Interior (CPI-5)", "nome_batalhao": "16º BPM/I", "tipo_batalhao": "Interior", "companhia": "3.CIA PM", "cidade": "Votuporanga", "endereco": "RUA MINAS GERAIS, 3538, CENTRO - Votuporanga", "latitude": -20.4219166, "longitude": -49.9782725, "fonte_geocodificacao": "Google Geocoding API", "opm_nome": "3. COMPANHIA DE POLICIA MILITAR", "opm_descricao": "CPI-5 16.BPM/I 3.CIA PM", "opm_codigo": "605163000" }, "geometry": { "type": "Point", "coordinates": [ -49.9782725, -20.4219166 ] } },
{ "type": "Feature", "properties": { "id_comando": "CPI-5", "nome_comando": "5º Comando de Policiamento do Interior (CPI-5)", "nome_batalhao": "16º BPM/I", "tipo_batalhao": "Interior", "companhia": "4.CIA PM", "cidade": "Santa Fe Do Sul", "endereco": "RUA DEZOITO, 65, CENTRO - Santa Fe Do Sul", "latitude": -20.2139694, "longitude": -50.9309188, "fonte_geocodificacao": "Google Geocoding API", "opm_nome": "4. COMPANHIA DE POLICIA MILITAR", "opm_descricao": "CPI-5 16.BPM/I 4.CIA PM", "opm_codigo": "605164000" }, "geometry": { "type": "Point", "coordinates": [ -50.9309188, -20.2139694 ] } },
{ "type": "Feature", "properties": { "id_comando": "CPI-5", "nome_comando": "5º Comando de Policiamento do Interior (CPI-5)", "nome_batalhao": "16º BPM/I", "tipo_batalhao": "Interior", "companhia": "5.CIA PM", "cidade": "Alvares Florence", "endereco": "RUA MARANHÃO, 1690, CENTRO - Alvares Florence", "latitude": -20.3205257, "longitude": -49.910171, "fonte_geocodificacao": "Google Geocoding API", "opm_nome": "3. GRUPO POLICIAL MILITAR", "opm_descricao": "CPI-5 16.BPM/I 5.CIA PM 0 3.GP/PM", "opm_codigo": "605165003" }, "geometry": { "type": "Point", "coordinates": [ -49.910171, -20.3205257 ] } },
{ "type": "Feature", "properties": { "id_comando": "CPI-5", "nome_comando": "5º Comando de Policiamento do Interior (CPI-5)", "nome_batalhao": "16º BPM/I", "tipo_batalhao": "Interior", "companhia": "CIA FT", "cidade": "Fernandopolis", "endereco": "Avenida Libero Almeida Silvares, 3105, Coester - Fernandopolis", "latitude": -20.282805, "longitude": -50.2388891, "fonte_geocodificacao": "Google Geocoding API", "opm_nome": "COMPANHIA DE FORCA TATICA", "opm_descricao": "CPI-5 16.BPM/I CIA FT", "opm_codigo": "605166000" }, "geometry": { "type": "Point", "coordinates": [ -50.238889099999987, -20.282805 ] } },
{ "type": "Feature", "properties": { "id_comando": "CPI-5", "nome_comando": "5º Comando de Policiamento do Interior (CPI-5)", "nome_batalhao": "16º BPM/I", "tipo_batalhao": "Interior", "companhia": "COORD OP", "cidade": "Fernandopolis", "endereco": "AVENIDA LIBERO DE ALMEIDA SILVARES, 3105, COESTER - Fernandopolis", "latitude": -20.282805, "longitude": -50.2388891, "fonte_geocodificacao": "Google Geocoding API", "opm_nome": "16.BPM/I - COORD OP", "opm_descricao": "CPI-5 16.BPM/I COORD OP", "opm_codigo": "605167000" }, "geometry": { "type": "Point", "coordinates": [ -50.238889099999987, -20.282805 ] } },
{ "type": "Feature", "properties": { "id_comando": "CPI-5", "nome_comando": "5º Comando de Policiamento do Interior (CPI-5)", "nome_batalhao": "16º BPM/I", "tipo_batalhao": "Interior", "companhia": "EM", "cidade": "Fernandopolis", "endereco": "AVENIDA LIBERO DE ALMEIDA SILVARES, 3105, COESTER - Fernandopolis", "latitude": -20.282805, "longitude": -50.2388891, "fonte_geocodificacao": "Google Geocoding API", "opm_nome": "ESTADO-MAIOR", "opm_descricao": "CPI-5 16.BPM/I EM", "opm_codigo": "605168000" }, "geometry": { "type": "Point", "coordinates": [ -50.238889099999987, -20.282805 ] } },
{ "type": "Feature", "properties": { "id_comando": "CPA/M-5", "nome_comando": "5º Comando de Policiamento de Área Metropolitana (CPA/M-5)", "nome_batalhao": "16º BPM/M", "tipo_batalhao": "Metropolitano", "companhia": "1.CIA PM", "cidade": "Sao Paulo", "endereco": "RUA ANTONIO DA COSTA BARBOSA, 100, VILA ANDRADE - Sao Paulo", "latitude": -23.6323224, "longitude": -46.7283867, "fonte_geocodificacao": "Google Geocoding API", "opm_nome": "1.COMPANHIA DE POLICIA MILITAR", "opm_descricao": "CPA/M-5 16.BPM/M 1.CIA PM TERRITORIAL", "opm_codigo": "505161000" }, "geometry": { "type": "Point", "coordinates": [ -46.728386699999987, -23.6323224 ] } },
{ "type": "Feature", "properties": { "id_comando": "CPA/M-5", "nome_comando": "5º Comando de Policiamento de Área Metropolitana (CPA/M-5)", "nome_batalhao": "16º BPM/M", "tipo_batalhao": "Metropolitano", "companhia": "2.CIA PM", "cidade": "Sao Paulo", "endereco": "AVENIDA PROFESSOR FRANCISCO MORATO, 2971, BUTANTA - Sao Paulo", "latitude": -23.5883779, "longitude": -46.7264426, "fonte_geocodificacao": "Google Geocoding API", "opm_nome": "2. COMPANHIA DE POLICIA MILITAR", "opm_descricao": "CPA/M-5 16.BPM/M 2.CIA PM TERRITORIAL", "opm_codigo": "505162000" }, "geometry": { "type": "Point", "coordinates": [ -46.726442600000013, -23.5883779 ] } },
{ "type": "Feature", "properties": { "id_comando": "CPA/M-5", "nome_comando": "5º Comando de Policiamento de Área Metropolitana (CPA/M-5)", "nome_batalhao": "16º BPM/M", "tipo_batalhao": "Metropolitano", "companhia": "3.CIA PM", "cidade": "Sao Paulo", "endereco": "RUA JACARATINGA, 201, CAMPO LIMPO - Sao Paulo", "latitude": -23.6329913, "longitude": -46.7703906, "fonte_geocodificacao": "Google Geocoding API", "opm_nome": "3. COMPANHIA DE POLICIA MILITAR", "opm_descricao": "CPA/M-5 16.BPM/M 3.CIA PM TERRITORIAL", "opm_codigo": "505163000" }, "geometry": { "type": "Point", "coordinates": [ -46.7703906, -23.6329913 ] } },
{ "type": "Feature", "properties": { "id_comando": "CPA/M-5", "nome_comando": "5º Comando de Policiamento de Área Metropolitana (CPA/M-5)", "nome_batalhao": "16º BPM/M", "tipo_batalhao": "Metropolitano", "companhia": "4.CIA PM", "cidade": "Sao Paulo", "endereco": "AV VILA OLIMPICA MARIO COVAS (RODOVIA RAPOSO TAVARES, KM 19,5), 21, RAPOSO TAVARES - Sao Paulo", "latitude": -23.5929878, "longitude": -46.80115, "fonte_geocodificacao": "Google Geocoding API", "opm_nome": "4. COMPANHIA DE POLICIA MILITAR", "opm_descricao": "CPA/M-5 16.BPM/M 4.CIA PM TERRITORIAL", "opm_codigo": "505164000" }, "geometry": { "type": "Point", "coordinates": [ -46.80115, -23.5929878 ] } },
{ "type": "Feature", "properties": { "id_comando": "CPA/M-5", "nome_comando": "5º Comando de Policiamento de Área Metropolitana (CPA/M-5)", "nome_batalhao": "16º BPM/M", "tipo_batalhao": "Metropolitano", "companhia": "5.CIA PM", "cidade": "Sao Paulo", "endereco": ", 0  INEXISTENTE, 0 - Sao Paulo", "latitude": -23.4643815, "longitude": -46.7829298, "fonte_geocodificacao": "Google Geocoding API", "opm_nome": "16.BPM/M 5.CIA PM TERRITORIAL", "opm_descricao": "CPA/M-5 16.BPM/M 5.CIA PM TERRITORIAL", "opm_codigo": "505165000" }, "geometry": { "type": "Point", "coordinates": [ -46.7829298, -23.4643815 ] } },
{ "type": "Feature", "properties": { "id_comando": "CPA/M-5", "nome_comando": "5º Comando de Policiamento de Área Metropolitana (CPA/M-5)", "nome_batalhao": "16º BPM/M", "tipo_batalhao": "Metropolitano", "companhia": "6.CIA PM", "cidade": "Sao Paulo", "endereco": "0, 0  INEXISTENTE, 0 - Sao Paulo", "latitude": -23.4643815, "longitude": -46.7829298, "fonte_geocodificacao": "Google Geocoding API", "opm_nome": "16.BPM/M 6.CIA PM TERRITORIAL", "opm_descricao": "CPA/M-5 16.BPM/M 6.CIA PM TERRITORIAL 0", "opm_codigo": "505166000" }, "geometry": { "type": "Point", "coordinates": [ -46.7829298, -23.4643815 ] } },
{ "type": "Feature", "properties": { "id_comando": "CPA/M-5", "nome_comando": "5º Comando de Policiamento de Área Metropolitana (CPA/M-5)", "nome_batalhao": "16º BPM/M", "tipo_batalhao": "Metropolitano", "companhia": "CIA F TAT", "cidade": "Sao Paulo", "endereco": "AVENIDA CORIFEU DE AZEVEDO MARQUES, 4082  CIA F TAT (16º M), RIO PEQUENO - Sao Paulo", "latitude": -23.5622456, "longitude": -46.7464951, "fonte_geocodificacao": "Google Geocoding API", "opm_nome": "COMPANHIA DE FORCA TATICA DA POLICIA MILITAR", "opm_descricao": "CPA/M-5 16.BPM/M CIA F TAT", "opm_codigo": "505167000" }, "geometry": { "type": "Point", "coordinates": [ -46.7464951, -23.5622456 ] } },
{ "type": "Feature", "properties": { "id_comando": "CPA/M-5", "nome_comando": "5º Comando de Policiamento de Área Metropolitana (CPA/M-5)", "nome_batalhao": "16º BPM/M", "tipo_batalhao": "Metropolitano", "companhia": "COORD OP", "cidade": "Sao Paulo", "endereco": "AVENIDA CORIFEU DE AZEVEDO MARQUES, 4082, RIO PEQUENO - Sao Paulo", "latitude": -23.5622456, "longitude": -46.7464951, "fonte_geocodificacao": "Google Geocoding API", "opm_nome": "COORDENADORIA OPERACIONAL", "opm_descricao": "CPA/M-5 16.BPM/M COORD OP", "opm_codigo": "505169000" }, "geometry": { "type": "Point", "coordinates": [ -46.7464951, -23.5622456 ] } },
{ "type": "Feature", "properties": { "id_comando": "CPA/M-5", "nome_comando": "5º Comando de Policiamento de Área Metropolitana (CPA/M-5)", "nome_batalhao": "16º BPM/M", "tipo_batalhao": "Metropolitano", "companhia": "EM", "cidade": "Sao Paulo", "endereco": "AVENIDA CORIFEU DE AZEVEDO MARQUES, 4082, RIO PEQUENO - Sao Paulo", "latitude": -23.5622456, "longitude": -46.7464951, "fonte_geocodificacao": "Google Geocoding API", "opm_nome": "ESTADO-MAIOR", "opm_descricao": "CPA/M-5 16.BPM/M EM", "opm_codigo": "505168000" }, "geometry": { "type": "Point", "coordinates": [ -46.7464951, -23.5622456 ] } },
{ "type": "Feature", "properties": { "id_comando": "CPI-5", "nome_comando": "5º Comando de Policiamento do Interior (CPI-5)", "nome_batalhao": "17º BPM/I", "tipo_batalhao": "Interior", "companhia": "1.CIA PM", "cidade": "Sao Jose Do Rio Preto", "endereco": "RUA BEATRIZ DA CONCEIÇÃO, 350, SOLO SAGRADO - Sao Jose Do Rio Preto", "latitude": -20.780318, "longitude": -49.4093535, "fonte_geocodificacao": "Google Geocoding API", "opm_nome": "1.COMPANHIA DE POLICIA MILITAR", "opm_descricao": "CPI-5 17.BPM/I 1.CIA PM", "opm_codigo": "605171000" }, "geometry": { "type": "Point", "coordinates": [ -49.409353499999987, -20.780318 ] } },
{ "type": "Feature", "properties": { "id_comando": "CPI-5", "nome_comando": "5º Comando de Policiamento do Interior (CPI-5)", "nome_batalhao": "17º BPM/I", "tipo_batalhao": "Interior", "companhia": "2.CIA PM", "cidade": "Nova Granada", "endereco": "..., 0  UNIDADE INEXISTENTE, ... - Nova Granada", "latitude": -20.533559, "longitude": -49.3197746, "fonte_geocodificacao": "Google Geocoding API", "opm_nome": "17.BPM/I 2.CIA PM  8.GP/PM", "opm_descricao": "CPI-5 17.BPM/I 2.CIA PM 0 8.GP/PM", "opm_codigo": "605172008" }, "geometry": { "type": "Point", "coordinates": [ -49.3197746, -20.533559 ] } },
{ "type": "Feature", "properties": { "id_comando": "CPI-5", "nome_comando": "5º Comando de Policiamento do Interior (CPI-5)", "nome_batalhao": "17º BPM/I", "tipo_batalhao": "Interior", "companhia": "3.CIA PM", "cidade": "Sao Jose Do Rio Preto", "endereco": "RUA CAPITÃO DELMIRO ÁVILA, 1, SANTA CRUZ - Sao Jose Do Rio Preto", "latitude": -20.8225439, "longitude": -49.3714932, "fonte_geocodificacao": "Google Geocoding API", "opm_nome": "3.COMPANHIA DE POLICIA MILITAR", "opm_descricao": "CPI-5 17.BPM/I 3.CIA PM", "opm_codigo": "605173000" }, "geometry": { "type": "Point", "coordinates": [ -49.3714932, -20.8225439 ] } },
{ "type": "Feature", "properties": { "id_comando": "CPI-5", "nome_comando": "5º Comando de Policiamento do Interior (CPI-5)", "nome_batalhao": "17º BPM/I", "tipo_batalhao": "Interior", "companhia": "4.CIA PM", "cidade": "Sao Jose Do Rio Preto", "endereco": "RUA JOAQUIM MARCOS ALVES, 102, VILA CRISTINA - Sao Jose Do Rio Preto", "latitude": -20.81054, "longitude": -49.365319, "fonte_geocodificacao": "Google Geocoding API", "opm_nome": "4.COMPANHIA DE POLICIA MILITAR", "opm_descricao": "CPI-5 17.BPM/I 4.CIA PM", "opm_codigo": "605174000" }, "geometry": { "type": "Point", "coordinates": [ -49.365319, -20.81054 ] } },
{ "type": "Feature", "properties": { "id_comando": "CPI-5", "nome_comando": "5º Comando de Policiamento do Interior (CPI-5)", "nome_batalhao": "17º BPM/I", "tipo_batalhao": "Interior", "companhia": "CIA FT", "cidade": "Sao Jose Do Rio Preto", "endereco": "RUA MACIR AMADEU, 996, São francisco - Sao Jose Do Rio Preto", "latitude": -20.8461338, "longitude": -49.3865004, "fonte_geocodificacao": "Google Geocoding API", "opm_nome": "COMPANHIA DE FORCA TATICA", "opm_descricao": "CPI-5 17.BPM/I CIA FT", "opm_codigo": "605170900" }, "geometry": { "type": "Point", "coordinates": [ -49.3865004, -20.8461338 ] } },
{ "type": "Feature", "properties": { "id_comando": "CPI-5", "nome_comando": "5º Comando de Policiamento do Interior (CPI-5)", "nome_batalhao": "17º BPM/I", "tipo_batalhao": "Interior", "companhia": "COORD OP", "cidade": "Sao Jose Do Rio Preto", "endereco": "RUA MACIR AMADEU, 996, RURAL - Sao Jose Do Rio Preto", "latitude": -20.8461338, "longitude": -49.3865004, "fonte_geocodificacao": "Google Geocoding API", "opm_nome": "17.BPM/I - COORD PM", "opm_descricao": "CPI-5 17.BPM/I COORD OP", "opm_codigo": "605170009" }, "geometry": { "type": "Point", "coordinates": [ -49.3865004, -20.8461338 ] } },
{ "type": "Feature", "properties": { "id_comando": "CPI-5", "nome_comando": "5º Comando de Policiamento do Interior (CPI-5)", "nome_batalhao": "17º BPM/I", "tipo_batalhao": "Interior", "companhia": "EM", "cidade": "Sao Jose Do Rio Preto", "endereco": "RUA MACYR AMADEU, 996, JD SÃO FRANCISCO - Sao Jose Do Rio Preto", "latitude": -20.8461338, "longitude": -49.3865004, "fonte_geocodificacao": "Google Geocoding API", "opm_nome": "ESTADO-MAIOR", "opm_descricao": "CPI-5 17.BPM/I EM", "opm_codigo": "605178000" }, "geometry": { "type": "Point", "coordinates": [ -49.3865004, -20.8461338 ] } },
{ "type": "Feature", "properties": { "id_comando": "CPA/M-12", "nome_comando": "12º Comando de Policiamento de Área Metropolitana (CPA/M-12)", "nome_batalhao": "17º BPM/M", "tipo_batalhao": "Metropolitano", "companhia": "1.CIA PM", "cidade": "Mogi Das Cruzes", "endereco": "AV DANTE JORDÃO STOPPA, 100 - MOGI DAS CRUZES, 100, CESAR DE SOUZA - Mogi Das Cruzes", "latitude": -23.5110356, "longitude": -46.1563026, "fonte_geocodificacao": "Google Geocoding API", "opm_nome": "1. COMPANHIA DE POLICIA MILITAR", "opm_descricao": "CPA/M-12 17.BPM/M 1.CIA PM TERRITORIAL", "opm_codigo": "412171000" }, "geometry": { "type": "Point", "coordinates": [ -46.1563026, -23.5110356 ] } },
{ "type": "Feature", "properties": { "id_comando": "CPA/M-12", "nome_comando": "12º Comando de Policiamento de Área Metropolitana (CPA/M-12)", "nome_batalhao": "17º BPM/M", "tipo_batalhao": "Metropolitano", "companhia": "2.CIA PM", "cidade": "Mogi Das Cruzes", "endereco": "AVENIDA JOAO DE SOUZA FRANCO, 531 - MOGI DAS CRUZES, 531, JUNDIAPEBA - Mogi Das Cruzes", "latitude": -23.5480465, "longitude": -46.2462763, "fonte_geocodificacao": "Google Geocoding API", "opm_nome": "2. COMPANHIA DE POLICIA MILITAR", "opm_descricao": "CPA/M-12 17.BPM/M 2.CIA PM TERRITORIAL", "opm_codigo": "412172000" }, "geometry": { "type": "Point", "coordinates": [ -46.2462763, -23.5480465 ] } },
{ "type": "Feature", "properties": { "id_comando": "CPA/M-12", "nome_comando": "12º Comando de Policiamento de Área Metropolitana (CPA/M-12)", "nome_batalhao": "17º BPM/M", "tipo_batalhao": "Metropolitano", "companhia": "3.CIA PM", "cidade": "Guararema", "endereco": "Rua Dona Laurinda, 260 - GUARAREMA, 260, Centro - Guararema", "latitude": -23.4139721, "longitude": -46.0361976, "fonte_geocodificacao": "Google Geocoding API", "opm_nome": "3. COMPANHIA DE POLICIA MILITAR", "opm_descricao": "CPA/M-12 17.BPM/M 3.CIA PM TERRITORIAL", "opm_codigo": "412173000" }, "geometry": { "type": "Point", "coordinates": [ -46.0361976, -23.4139721 ] } },
{ "type": "Feature", "properties": { "id_comando": "CPA/M-12", "nome_comando": "12º Comando de Policiamento de Área Metropolitana (CPA/M-12)", "nome_batalhao": "17º BPM/M", "tipo_batalhao": "Metropolitano", "companhia": "CIA F TAT", "cidade": "Mogi Das Cruzes", "endereco": "RUA TENENTE JOSÉ ADOLFO DE MOURA SALLES, 61 - MOGI DAS CRUZES, 61, VILA VITÓRIA - Mogi Das Cruzes", "latitude": -23.532096, "longitude": -46.203689, "fonte_geocodificacao": "Google Geocoding API", "opm_nome": "COMPANHIA DE FORCA TATICA DA POLICIA MILITAR", "opm_descricao": "CPA/M-12 17.BPM/M CIA F TAT", "opm_codigo": "412174000" }, "geometry": { "type": "Point", "coordinates": [ -46.203689, -23.532096 ] } },
{ "type": "Feature", "properties": { "id_comando": "CPA/M-12", "nome_comando": "12º Comando de Policiamento de Área Metropolitana (CPA/M-12)", "nome_batalhao": "17º BPM/M", "tipo_batalhao": "Metropolitano", "companhia": "COORD OP", "cidade": "Mogi Das Cruzes", "endereco": "RUA TEN. JOSÉ ADOLFO DE MOURA SALLES, 61 - MOGI DAS CRUZES, 61, VL. VITÓRIA - Mogi Das Cruzes", "latitude": -23.532096, "longitude": -46.203689, "fonte_geocodificacao": "Google Geocoding API", "opm_nome": "COORDENADORIA OPERACIONAL", "opm_descricao": "CPA/M-12 17.BPM/M COORD OP", "opm_codigo": "412179000" }, "geometry": { "type": "Point", "coordinates": [ -46.203689, -23.532096 ] } },
{ "type": "Feature", "properties": { "id_comando": "CPA/M-12", "nome_comando": "12º Comando de Policiamento de Área Metropolitana (CPA/M-12)", "nome_batalhao": "17º BPM/M", "tipo_batalhao": "Metropolitano", "companhia": "EM", "cidade": "Mogi Das Cruzes", "endereco": "RUA TENENTE JOSÉ ADOLFO DE MOURA SALES, 61 - MOGI DAS CRUZES, 61, ALTO IPIRANGA - Mogi Das Cruzes", "latitude": -23.532096, "longitude": -46.203689, "fonte_geocodificacao": "Google Geocoding API", "opm_nome": "ESTADO-MAIOR", "opm_descricao": "CPA/M-12 17.BPM/M EM", "opm_codigo": "412178000" }, "geometry": { "type": "Point", "coordinates": [ -46.203689, -23.532096 ] } },
{ "type": "Feature", "properties": { "id_comando": "CPI-8", "nome_comando": "8º Comando de Policiamento do Interior (CPI-8)", "nome_batalhao": "18º BPM/I", "tipo_batalhao": "Interior", "companhia": "1.CIA PM", "cidade": "Presidente Prudente", "endereco": "RUA FAGUNDES VARELA, 222, VILA BOA VISTA - Presidente Prudente", "latitude": -22.1158876, "longitude": -51.3840875, "fonte_geocodificacao": "Google Geocoding API", "opm_nome": "1. COMPANHIA DE POLICIA MILITAR", "opm_descricao": "CPI-8 18.BPM/I 1.CIA PM", "opm_codigo": "608181000" }, "geometry": { "type": "Point", "coordinates": [ -51.3840875, -22.1158876 ] } },
{ "type": "Feature", "properties": { "id_comando": "CPI-8", "nome_comando": "8º Comando de Policiamento do Interior (CPI-8)", "nome_batalhao": "18º BPM/I", "tipo_batalhao": "Interior", "companhia": "2.CIA PM", "cidade": "Martinopolis", "endereco": "RUA RAIMUNDO BARBOSA, 18, JARDIM PIONEIRO - Martinopolis", "latitude": -22.1509906, "longitude": -51.1761284, "fonte_geocodificacao": "Google Geocoding API", "opm_nome": "2. COMPANHIA DE POLICIA MILITAR", "opm_descricao": "CPI-8 18.BPM/I 2.CIA PM", "opm_codigo": "608182000" }, "geometry": { "type": "Point", "coordinates": [ -51.1761284, -22.1509906 ] } },
{ "type": "Feature", "properties": { "id_comando": "CPI-8", "nome_comando": "8º Comando de Policiamento do Interior (CPI-8)", "nome_batalhao": "18º BPM/I", "tipo_batalhao": "Interior", "companhia": "3.CIA PM", "cidade": "Pirapozinho", "endereco": "RUA FLORISVALDO RIBEIRO DE BESSA, 929, CENTRO - Pirapozinho", "latitude": -22.2743996, "longitude": -51.4993791, "fonte_geocodificacao": "Google Geocoding API", "opm_nome": "3. COMPANHIA DE POLICIA MILITAR", "opm_descricao": "CPI-8 18.BPM/I 3.CIA PM", "opm_codigo": "608183000" }, "geometry": { "type": "Point", "coordinates": [ -51.4993791, -22.2743996 ] } },
{ "type": "Feature", "properties": { "id_comando": "CPI-8", "nome_comando": "8º Comando de Policiamento do Interior (CPI-8)", "nome_batalhao": "18º BPM/I", "tipo_batalhao": "Interior", "companhia": "4.CIA PM", "cidade": "Alvares Machado", "endereco": "ESTRADA ARTUR BOIQUES FILHO, 0  SEM NÚMERO, CENTRO - Alvares Machado", "latitude": -22.0764973, "longitude": -51.4677124, "fonte_geocodificacao": "Google Geocoding API", "opm_nome": "4. COMPANHIA DE POLICIA MILITAR", "opm_descricao": "CPI-8 18.BPM/I 4.CIA PM", "opm_codigo": "608184000" }, "geometry": { "type": "Point", "coordinates": [ -51.4677124, -22.0764973 ] } },
{ "type": "Feature", "properties": { "id_comando": "CPI-8", "nome_comando": "8º Comando de Policiamento do Interior (CPI-8)", "nome_batalhao": "18º BPM/I", "tipo_batalhao": "Interior", "companhia": "5.CIA PM", "cidade": "Presidente Prudente", "endereco": "RUA DOUTOR GURGEL, 684, CENTRO - Presidente Prudente", "latitude": -22.1210512, "longitude": -51.3888501, "fonte_geocodificacao": "Google Geocoding API", "opm_nome": "5. COMPANHIA DE POLICIA MILITAR", "opm_descricao": "CPI-8 18.BPM/I 5.CIA PM", "opm_codigo": "608185000" }, "geometry": { "type": "Point", "coordinates": [ -51.3888501, -22.1210512 ] } },
{ "type": "Feature", "properties": { "id_comando": "CPI-8", "nome_comando": "8º Comando de Policiamento do Interior (CPI-8)", "nome_batalhao": "18º BPM/I", "tipo_batalhao": "Interior", "companhia": "CIA F TAT", "cidade": "Presidente Prudente", "endereco": "AVENIDA JOAQUIM CONSTANTINO, 351, VILA FORMOSA - Presidente Prudente", "latitude": -22.1485533, "longitude": -51.3931744, "fonte_geocodificacao": "Google Geocoding API", "opm_nome": "COMPANHIA DE FORCA TATICA DA POLICIA MILITAR", "opm_descricao": "CPI-8 18.BPM/I CIA F TAT", "opm_codigo": "608187000" }, "geometry": { "type": "Point", "coordinates": [ -51.3931744, -22.1485533 ] } },
{ "type": "Feature", "properties": { "id_comando": "CPI-8", "nome_comando": "8º Comando de Policiamento do Interior (CPI-8)", "nome_batalhao": "18º BPM/I", "tipo_batalhao": "Interior", "companhia": "COORD OP", "cidade": "Presidente Prudente", "endereco": "AVENIDA JOAQUIM CONSTANTINO, 351, VILA FORMOSA - Presidente Prudente", "latitude": -22.1485533, "longitude": -51.3931744, "fonte_geocodificacao": "Google Geocoding API", "opm_nome": "COORDENADORIA OPERACIONAL", "opm_descricao": "CPI-8 18.BPM/I COORD OP", "opm_codigo": "608188000" }, "geometry": { "type": "Point", "coordinates": [ -51.3931744, -22.1485533 ] } },
{ "type": "Feature", "properties": { "id_comando": "CPI-8", "nome_comando": "8º Comando de Policiamento do Interior (CPI-8)", "nome_batalhao": "18º BPM/I", "tipo_batalhao": "Interior", "companhia": "EM", "cidade": "Presidente Prudente", "endereco": "AVENIDA JOAQUIM CONSTANTINO, 351, VILA FORMOSA - Presidente Prudente", "latitude": -22.1485533, "longitude": -51.3931744, "fonte_geocodificacao": "Google Geocoding API", "opm_nome": "ESTADO-MAIOR", "opm_descricao": "CPI-8 18.BPM/I EM", "opm_codigo": "608189000" }, "geometry": { "type": "Point", "coordinates": [ -51.3931744, -22.1485533 ] } },
{ "type": "Feature", "properties": { "id_comando": "CPA/M-3", "nome_comando": "3º Comando de Policiamento de Área Metropolitana (CPA/M-3)", "nome_batalhao": "18º BPM/M", "tipo_batalhao": "Metropolitano", "companhia": "1.CIA PM", "cidade": "Sao Paulo", "endereco": "AVENIDA ITABERABA, 731, FREGUESIA DO O - Sao Paulo", "latitude": -23.494719, "longitude": -46.6978567, "fonte_geocodificacao": "Google Geocoding API", "opm_nome": "1. COMPANHIA DE POLICIA MILITAR", "opm_descricao": "CPA/M-3 18.BPM/M 1.CIA PM TERRITORIAL", "opm_codigo": "503181000" }, "geometry": { "type": "Point", "coordinates": [ -46.6978567, -23.494719 ] } },
{ "type": "Feature", "properties": { "id_comando": "CPA/M-3", "nome_comando": "3º Comando de Policiamento de Área Metropolitana (CPA/M-3)", "nome_batalhao": "18º BPM/M", "tipo_batalhao": "Metropolitano", "companhia": "2.CIA PM", "cidade": "Sao Paulo", "endereco": "RUA FRIEDRICH VON VOITH, 120, JARAGUA - Sao Paulo", "latitude": -23.4477929, "longitude": -46.7353609, "fonte_geocodificacao": "Google Geocoding API", "opm_nome": "2. COMPANHIA DE POLICIA MILITAR", "opm_descricao": "CPA/M-3 18.BPM/M 2.CIA PM TERRITORIAL", "opm_codigo": "503182000" }, "geometry": { "type": "Point", "coordinates": [ -46.7353609, -23.4477929 ] } },
{ "type": "Feature", "properties": { "id_comando": "CPA/M-3", "nome_comando": "3º Comando de Policiamento de Área Metropolitana (CPA/M-3)", "nome_batalhao": "18º BPM/M", "tipo_batalhao": "Metropolitano", "companhia": "3.CIA PM", "cidade": "Sao Paulo", "endereco": "RUA JOAQUIM FERREIRA DA ROCHA, 403, BRASILANDIA - Sao Paulo", "latitude": -23.4691369, "longitude": -46.689795, "fonte_geocodificacao": "Google Geocoding API", "opm_nome": "3. COMPANHIA DE POLICIA MILITAR", "opm_descricao": "CPA/M-3 18.BPM/M 3.CIA PM TERRITORIAL", "opm_codigo": "503183000" }, "geometry": { "type": "Point", "coordinates": [ -46.689795, -23.4691369 ] } },
{ "type": "Feature", "properties": { "id_comando": "CPA/M-3", "nome_comando": "3º Comando de Policiamento de Área Metropolitana (CPA/M-3)", "nome_batalhao": "18º BPM/M", "tipo_batalhao": "Metropolitano", "companhia": "CIA F TAT", "cidade": "Sao Paulo", "endereco": "AVENIDA GENERAL EDGAR FACÓ, 88, FREGUESIA DO Ó - Sao Paulo", "latitude": -23.5057429, "longitude": -46.7053317, "fonte_geocodificacao": "Google Geocoding API", "opm_nome": "COMPANHIA DE FORCA TATICA DA POLICIA MILITAR", "opm_descricao": "CPA/M-3 18.BPM/M CIA F TAT", "opm_codigo": "503185000" }, "geometry": { "type": "Point", "coordinates": [ -46.7053317, -23.5057429 ] } },
{ "type": "Feature", "properties": { "id_comando": "CPA/M-3", "nome_comando": "3º Comando de Policiamento de Área Metropolitana (CPA/M-3)", "nome_batalhao": "18º BPM/M", "tipo_batalhao": "Metropolitano", "companhia": "COORD OP", "cidade": "Sao Paulo", "endereco": "AVENIDA GENERAL EDGAR FACÓ, 88, FREGUESIA DO Ó - Sao Paulo", "latitude": -23.5057429, "longitude": -46.7053317, "fonte_geocodificacao": "Google Geocoding API", "opm_nome": "COORDENADORIA OPERACIONAL", "opm_descricao": "CPA/M-3 18.BPM/M COORD OP", "opm_codigo": "503189000" }, "geometry": { "type": "Point", "coordinates": [ -46.7053317, -23.5057429 ] } },
{ "type": "Feature", "properties": { "id_comando": "CPA/M-3", "nome_comando": "3º Comando de Policiamento de Área Metropolitana (CPA/M-3)", "nome_batalhao": "18º BPM/M", "tipo_batalhao": "Metropolitano", "companhia": "EM", "cidade": "Sao Paulo", "endereco": "AVENIDA GENERAL EDGAR FACÓ, 88, FREGUESIA DO Ó - Sao Paulo", "latitude": -23.5057429, "longitude": -46.7053317, "fonte_geocodificacao": "Google Geocoding API", "opm_nome": "ESTADO-MAIOR", "opm_descricao": "CPA/M-3 18.BPM/M EM", "opm_codigo": "503188000" }, "geometry": { "type": "Point", "coordinates": [ -46.7053317, -23.5057429 ] } },
{ "type": "Feature", "properties": { "id_comando": "CPI-9", "nome_comando": "9º Comando de Policiamento do Interior (CPI-9)", "nome_batalhao": "19º BPM/I", "tipo_batalhao": "Interior", "companhia": "1.CIA PM", "cidade": "Americana", "endereco": "PRAÇA COMENDADOR MÜLLER, 78  1ª CIA PM, CENTRO - Americana", "latitude": -22.7394444, "longitude": -47.3304949, "fonte_geocodificacao": "Google Geocoding API", "opm_nome": "1. COMPANHIA DE POLICIA MILITAR", "opm_descricao": "CPI-9 19.BPM/I 1.CIA PM", "opm_codigo": "609191000" }, "geometry": { "type": "Point", "coordinates": [ -47.3304949, -22.7394444 ] } },
{ "type": "Feature", "properties": { "id_comando": "CPI-9", "nome_comando": "9º Comando de Policiamento do Interior (CPI-9)", "nome_batalhao": "19º BPM/I", "tipo_batalhao": "Interior", "companhia": "2.CIA PM", "cidade": "Santa Barbara D Oeste", "endereco": "RUA MARANHÃO, 290, GREGO II - Santa Barbara D Oeste", "latitude": -22.7452739, "longitude": -47.4187156, "fonte_geocodificacao": "Google Geocoding API", "opm_nome": "2. COMPANHIA DE POLICIA MILITAR", "opm_descricao": "CPI-9 19.BPM/I 2.CIA PM", "opm_codigo": "609192000" }, "geometry": { "type": "Point", "coordinates": [ -47.4187156, -22.7452739 ] } },
{ "type": "Feature", "properties": { "id_comando": "CPI-9", "nome_comando": "9º Comando de Policiamento do Interior (CPI-9)", "nome_batalhao": "19º BPM/I", "tipo_batalhao": "Interior", "companhia": "3.CIA PM", "cidade": "Artur Nogueira", "endereco": "RUA MONTEIRO LOBATO, 398, JARDIM PLANALTO - Artur Nogueira", "latitude": -22.5685716, "longitude": -47.165668, "fonte_geocodificacao": "Google Geocoding API", "opm_nome": "19.BPM/I 3.CIA PM 2.PEL PM", "opm_descricao": "CPI-9 19.BPM/I 3.CIA PM 2.PEL PM 0", "opm_codigo": "609193200" }, "geometry": { "type": "Point", "coordinates": [ -47.165668, -22.5685716 ] } },
{ "type": "Feature", "properties": { "id_comando": "CPI-9", "nome_comando": "9º Comando de Policiamento do Interior (CPI-9)", "nome_batalhao": "19º BPM/I", "tipo_batalhao": "Interior", "companhia": "CIA F TAT", "cidade": "Americana", "endereco": "RUA WASHIGNTON LUÍS, 78, CENTRO - Americana", "latitude": -22.7392148, "longitude": -47.3290658, "fonte_geocodificacao": "Google Geocoding API", "opm_nome": "ADMINISTRACAO", "opm_descricao": "CPI-9 19.BPM/I CIA F TAT ADMINISTRACAO 0", "opm_codigo": "609194200" }, "geometry": { "type": "Point", "coordinates": [ -47.3290658, -22.7392148 ] } },
{ "type": "Feature", "properties": { "id_comando": "CPI-9", "nome_comando": "9º Comando de Policiamento do Interior (CPI-9)", "nome_batalhao": "19º BPM/I", "tipo_batalhao": "Interior", "companhia": "CIA FT", "cidade": "Americana", "endereco": "PRAÇA COMENDADOR MÜLLER, 78, CENTRO - Americana", "latitude": -22.7394444, "longitude": -47.3304949, "fonte_geocodificacao": "Google Geocoding API", "opm_nome": "COMPANHIA DE FORCA TATICA", "opm_descricao": "CPI-9 19.BPM/I CIA FT 0 0", "opm_codigo": "609194000" }, "geometry": { "type": "Point", "coordinates": [ -47.3304949, -22.7394444 ] } },
{ "type": "Feature", "properties": { "id_comando": "CPI-9", "nome_comando": "9º Comando de Policiamento do Interior (CPI-9)", "nome_batalhao": "19º BPM/I", "tipo_batalhao": "Interior", "companhia": "COORD OP", "cidade": "Americana", "endereco": "PRAÇA COMENDADOR MULLER, 78, CENTRO - Americana", "latitude": -22.7394444, "longitude": -47.3304949, "fonte_geocodificacao": "Google Geocoding API", "opm_nome": "COORDENADORIA OPERACIONAL", "opm_descricao": "CPI-9 19.BPM/I COORD OP", "opm_codigo": "609199000" }, "geometry": { "type": "Point", "coordinates": [ -47.3304949, -22.7394444 ] } },
{ "type": "Feature", "properties": { "id_comando": "CPI-9", "nome_comando": "9º Comando de Policiamento do Interior (CPI-9)", "nome_batalhao": "19º BPM/I", "tipo_batalhao": "Interior", "companhia": "EM", "cidade": "Americana", "endereco": "AVENIDA ÂNGELO PASCOTE, 130  PJMD DO 19BPMI, LOTEAMENTO INDUSTRIAL JARDIM WEMER PLAAS - Americana", "latitude": -22.7525593, "longitude": -47.3018723, "fonte_geocodificacao": "Google Geocoding API", "opm_nome": "ESTADO-MAIOR", "opm_descricao": "CPI-9 19.BPM/I EM", "opm_codigo": "609198000" }, "geometry": { "type": "Point", "coordinates": [ -47.3018723, -22.7525593 ] } },
{ "type": "Feature", "properties": { "id_comando": "CPA/M-9", "nome_comando": "9º Comando de Policiamento de Área Metropolitana (CPA/M-9)", "nome_batalhao": "19º BPM/M", "tipo_batalhao": "Metropolitano", "companhia": "1.CIA PM", "cidade": "Sao Paulo", "endereco": "AVENIDA INCONFIDENCIA MINEIRA, 688, ARICANDUVA - Sao Paulo", "latitude": -23.5793484, "longitude": -46.5174946, "fonte_geocodificacao": "Google Geocoding API", "opm_nome": "1. COMPANHIA DE POLICIA MILITAR", "opm_descricao": "CPA/M-9 19.BPM/M 1.CIA PM TERRITORIAL", "opm_codigo": "509191000" }, "geometry": { "type": "Point", "coordinates": [ -46.5174946, -23.5793484 ] } },
{ "type": "Feature", "properties": { "id_comando": "CPA/M-9", "nome_comando": "9º Comando de Policiamento de Área Metropolitana (CPA/M-9)", "nome_batalhao": "19º BPM/M", "tipo_batalhao": "Metropolitano", "companhia": "2.CIA PM", "cidade": "Sao Paulo", "endereco": "RUA MANUEL PINHEIRO DE ALBUQUERQUE, 28, CIDADE LIDER - Sao Paulo", "latitude": -23.5556305, "longitude": -46.4970274, "fonte_geocodificacao": "Google Geocoding API", "opm_nome": "2. COMPANHIA DE POLICIA MILITAR", "opm_descricao": "CPA/M-9 19.BPM/M 2.CIA PM TERRITORIAL", "opm_codigo": "509192000" }, "geometry": { "type": "Point", "coordinates": [ -46.4970274, -23.5556305 ] } },
{ "type": "Feature", "properties": { "id_comando": "CPA/M-9", "nome_comando": "9º Comando de Policiamento de Área Metropolitana (CPA/M-9)", "nome_batalhao": "19º BPM/M", "tipo_batalhao": "Metropolitano", "companhia": "3.CIA PM", "cidade": "Sao Paulo", "endereco": "RUA FLORENCIO SANCHES, 185, Jd Guairaca - Sao Paulo", "latitude": -23.5997842, "longitude": -46.5350922, "fonte_geocodificacao": "Google Geocoding API", "opm_nome": "3. COMPANHIA DE POLICIA MILITAR", "opm_descricao": "CPA/M-9 19.BPM/M 3.CIA PM TERRITORIAL", "opm_codigo": "509193000" }, "geometry": { "type": "Point", "coordinates": [ -46.5350922, -23.5997842 ] } },
{ "type": "Feature", "properties": { "id_comando": "CPA/M-9", "nome_comando": "9º Comando de Policiamento de Área Metropolitana (CPA/M-9)", "nome_batalhao": "19º BPM/M", "tipo_batalhao": "Metropolitano", "companhia": "CIA F TAT", "cidade": "Sao Paulo", "endereco": "AVENIDA ANTONIO BUONO, 419, VILA Guarani - Sao Paulo", "latitude": -23.5796963, "longitude": -46.5335991, "fonte_geocodificacao": "Google Geocoding API", "opm_nome": "COMPANHIA DE FORCA TATICA DA POLICIA MILITAR", "opm_descricao": "CPA/M-9 19.BPM/M CIA F TAT", "opm_codigo": "509197000" }, "geometry": { "type": "Point", "coordinates": [ -46.5335991, -23.5796963 ] } },
{ "type": "Feature", "properties": { "id_comando": "CPA/M-9", "nome_comando": "9º Comando de Policiamento de Área Metropolitana (CPA/M-9)", "nome_batalhao": "19º BPM/M", "tipo_batalhao": "Metropolitano", "companhia": "COORD OP", "cidade": "Sao Paulo", "endereco": "AVENIDA PROFESSOR LUIZ IGNACIO ANHAIA MELLO, 8301, VILA TOSTOI - Sao Paulo", "latitude": -23.6022172, "longitude": -46.5213504, "fonte_geocodificacao": "Google Geocoding API", "opm_nome": "COORD OP", "opm_descricao": "CPA/M-9 19.BPM/M COORD OP", "opm_codigo": "509199000" }, "geometry": { "type": "Point", "coordinates": [ -46.5213504, -23.6022172 ] } },
{ "type": "Feature", "properties": { "id_comando": "CPA/M-9", "nome_comando": "9º Comando de Policiamento de Área Metropolitana (CPA/M-9)", "nome_batalhao": "19º BPM/M", "tipo_batalhao": "Metropolitano", "companhia": "EM", "cidade": "Sao Paulo", "endereco": "AVENIDA PROFESSOR LUIZ IGNACIO ANHAIA MELLO, 8301, VILA TOSTOI - Sao Paulo", "latitude": -23.6022172, "longitude": -46.5213504, "fonte_geocodificacao": "Google Geocoding API", "opm_nome": "ESTADO-MAIOR", "opm_descricao": "CPA/M-9 19.BPM/M EM", "opm_codigo": "509198000" }, "geometry": { "type": "Point", "coordinates": [ -46.5213504, -23.6022172 ] } },
{ "type": "Feature", "properties": { "id_comando": "CPI-10", "nome_comando": "10º Comando de Policiamento do Interior (CPI-10)", "nome_batalhao": "2º BPM/I", "tipo_batalhao": "Interior", "companhia": "1.CIA PM", "cidade": "Aracatuba", "endereco": "RUA VEREADOR SILVA GROTA, 664, RURAL - Aracatuba", "latitude": -21.196436, "longitude": -50.4339414, "fonte_geocodificacao": "Google Geocoding API", "opm_nome": "1. COMPANHIA DE POLICIA MILITAR", "opm_descricao": "CPI-10 2.BPM/I 1.CIA PM", "opm_codigo": "610021000" }, "geometry": { "type": "Point", "coordinates": [ -50.433941399999988, -21.196436 ] } },
{ "type": "Feature", "properties": { "id_comando": "CPI-10", "nome_comando": "10º Comando de Policiamento do Interior (CPI-10)", "nome_batalhao": "2º BPM/I", "tipo_batalhao": "Interior", "companhia": "2.CIA PM", "cidade": "Penapolis", "endereco": "RUA NAIN EID, 31, PARQUE RES. IPÊ - Penapolis", "latitude": -21.4137579, "longitude": -50.0846634, "fonte_geocodificacao": "Google Geocoding API", "opm_nome": "2. COMPANHIA DE POLICIA MILITAR", "opm_descricao": "CPI-10 2.BPM/I 2.CIA PM", "opm_codigo": "610022000" }, "geometry": { "type": "Point", "coordinates": [ -50.0846634, -21.4137579 ] } },
{ "type": "Feature", "properties": { "id_comando": "CPI-10", "nome_comando": "10º Comando de Policiamento do Interior (CPI-10)", "nome_batalhao": "2º BPM/I", "tipo_batalhao": "Interior", "companhia": "3.CIA PM", "cidade": "General Salgado", "endereco": "RUA ULDERICO VALESE, 800, BELA VISTA - General Salgado", "latitude": -20.6454833, "longitude": -50.3642271, "fonte_geocodificacao": "Google Geocoding API", "opm_nome": "3. COMPANHIA DE POLICIA MILITAR", "opm_descricao": "CPI-10 2.BPM/I 3.CIA PM", "opm_codigo": "610023000" }, "geometry": { "type": "Point", "coordinates": [ -50.3642271, -20.6454833 ] } },
{ "type": "Feature", "properties": { "id_comando": "CPI-10", "nome_comando": "10º Comando de Policiamento do Interior (CPI-10)", "nome_batalhao": "2º BPM/I", "tipo_batalhao": "Interior", "companhia": "4.CIA PM", "cidade": "Birigui", "endereco": "RUA ANCHIETA, 857, VILA ANGELICA - Birigui", "latitude": -21.304036, "longitude": -50.3447966, "fonte_geocodificacao": "Google Geocoding API", "opm_nome": "4. COMPANHIA DE POLICIA MILITAR", "opm_descricao": "CPI-10 2.BPM/I 4.CIA PM", "opm_codigo": "610024000" }, "geometry": { "type": "Point", "coordinates": [ -50.3447966, -21.304036 ] } },
{ "type": "Feature", "properties": { "id_comando": "CPI-10", "nome_comando": "10º Comando de Policiamento do Interior (CPI-10)", "nome_batalhao": "2º BPM/I", "tipo_batalhao": "Interior", "companhia": "5.CIA PM", "cidade": "Guararapes", "endereco": "RUA DUQUE DE CAXIAS, 1000, CENTRO - Guararapes", "latitude": -21.2480495, "longitude": -50.6415669, "fonte_geocodificacao": "Google Geocoding API", "opm_nome": "5. COMPANHIA DE POLICIA MILITAR", "opm_descricao": "CPI-10 2.BPM/I 5.CIA PM", "opm_codigo": "610025000" }, "geometry": { "type": "Point", "coordinates": [ -50.6415669, -21.2480495 ] } },
{ "type": "Feature", "properties": { "id_comando": "CPI-10", "nome_comando": "10º Comando de Policiamento do Interior (CPI-10)", "nome_batalhao": "2º BPM/I", "tipo_batalhao": "Interior", "companhia": "CIA F TAT", "cidade": "Aracatuba", "endereco": "RUA CAPITAO ALBERTO MENDES JUNIOR, 238, AVIACAO - Aracatuba", "latitude": -21.1959925, "longitude": -50.4320202, "fonte_geocodificacao": "Google Geocoding API", "opm_nome": "COMPANHIA DE FORCA TATICA DA POLICIA MILITAR", "opm_descricao": "CPI-10 2.BPM/I CIA F TAT", "opm_codigo": "610028000" }, "geometry": { "type": "Point", "coordinates": [ -50.4320202, -21.1959925 ] } },
{ "type": "Feature", "properties": { "id_comando": "CPI-10", "nome_comando": "10º Comando de Policiamento do Interior (CPI-10)", "nome_batalhao": "2º BPM/I", "tipo_batalhao": "Interior", "companhia": "COORD OP", "cidade": "Aracatuba", "endereco": "RUA CAPITAO ALBERTO MENDES JUNIOR, 238, AVIACAO - Aracatuba", "latitude": -21.1959925, "longitude": -50.4320202, "fonte_geocodificacao": "Google Geocoding API", "opm_nome": "COORDENADORIA OPERACIONAL", "opm_descricao": "CPI-10 2.BPM/I COORD OP 0 0", "opm_codigo": "610027000" }, "geometry": { "type": "Point", "coordinates": [ -50.4320202, -21.1959925 ] } },
{ "type": "Feature", "properties": { "id_comando": "CPI-10", "nome_comando": "10º Comando de Policiamento do Interior (CPI-10)", "nome_batalhao": "2º BPM/I", "tipo_batalhao": "Interior", "companhia": "EM", "cidade": "Aracatuba", "endereco": "RUA CAPITAO ALBERTO MENDES JUNIOR, 238, AVIAÇÃO - Aracatuba", "latitude": -21.1959925, "longitude": -50.4320202, "fonte_geocodificacao": "Google Geocoding API", "opm_nome": "ESTADO-MAIOR", "opm_descricao": "CPI-10 2.BPM/I EM", "opm_codigo": "610029000" }, "geometry": { "type": "Point", "coordinates": [ -50.4320202, -21.1959925 ] } },
{ "type": "Feature", "properties": { "id_comando": "CPA/M-4", "nome_comando": "4º Comando de Policiamento de Área Metropolitana (CPA/M-4)", "nome_batalhao": "2º BPM/M", "tipo_batalhao": "Metropolitano", "companhia": "1.CIA PM", "cidade": "Sao Paulo", "endereco": "RUA NHATUMANI, 467, VILA RÉ - Sao Paulo", "latitude": -23.5258528, "longitude": -46.5010127, "fonte_geocodificacao": "Google Geocoding API", "opm_nome": "1.COMPANHIA DE POLICIA MILITAR", "opm_descricao": "CPA/M-4 2.BPM/M 1.CIA PM TERRITORIAL", "opm_codigo": "504021000" }, "geometry": { "type": "Point", "coordinates": [ -46.5010127, -23.5258528 ] } },
{ "type": "Feature", "properties": { "id_comando": "CPA/M-4", "nome_comando": "4º Comando de Policiamento de Área Metropolitana (CPA/M-4)", "nome_batalhao": "2º BPM/M", "tipo_batalhao": "Metropolitano", "companhia": "2.CIA PM", "cidade": "Sao Paulo", "endereco": "RUA LIBERO ANCONA LOPES, 77  COMPANHIA DA POLICIA MILITAR, VILA JACUI - Sao Paulo", "latitude": -23.4974891, "longitude": -46.4605458, "fonte_geocodificacao": "Google Geocoding API", "opm_nome": "2. COMPANHIA DE POLICIA MILITAR", "opm_descricao": "CPA/M-4 2.BPM/M 2.CIA PM TERRITORIAL", "opm_codigo": "504022000" }, "geometry": { "type": "Point", "coordinates": [ -46.4605458, -23.4974891 ] } },
{ "type": "Feature", "properties": { "id_comando": "CPA/M-4", "nome_comando": "4º Comando de Policiamento de Área Metropolitana (CPA/M-4)", "nome_batalhao": "2º BPM/M", "tipo_batalhao": "Metropolitano", "companhia": "3.CIA PM", "cidade": "Sao Paulo", "endereco": "RUA ROSA MENDES, 302  COMPANHIA DA POLICIA MILITAR, PONTE RASA - Sao Paulo", "latitude": -23.5095439, "longitude": -46.4982239, "fonte_geocodificacao": "Google Geocoding API", "opm_nome": "3. COMPANHIA DE POLICIA MILITAR", "opm_descricao": "CPA/M-4 2.BPM/M 3.CIA PM TERRITORIAL", "opm_codigo": "504023000" }, "geometry": { "type": "Point", "coordinates": [ -46.4982239, -23.5095439 ] } },
{ "type": "Feature", "properties": { "id_comando": "CPA/M-4", "nome_comando": "4º Comando de Policiamento de Área Metropolitana (CPA/M-4)", "nome_batalhao": "2º BPM/M", "tipo_batalhao": "Metropolitano", "companhia": "4.CIA PM", "cidade": "Sao Paulo", "endereco": "RUA CERRO DE MATEUS SIMOES, 197  COMPANHIA DA POLICIA MILITAR, ERMELINO MATARAZZO - Sao Paulo", "latitude": -23.5049783, "longitude": -46.4804892, "fonte_geocodificacao": "Google Geocoding API", "opm_nome": "2BPMM 4CIA", "opm_descricao": "CPA/M-4 2.BPM/M 4.CIA PM TERRITORIAL", "opm_codigo": "504024000" }, "geometry": { "type": "Point", "coordinates": [ -46.4804892, -23.5049783 ] } },
{ "type": "Feature", "properties": { "id_comando": "CPA/M-4", "nome_comando": "4º Comando de Policiamento de Área Metropolitana (CPA/M-4)", "nome_batalhao": "2º BPM/M", "tipo_batalhao": "Metropolitano", "companhia": "CIA FT", "cidade": "Sao Paulo", "endereco": "AVENIDA DOUTOR JOSE ARTUR NOVA, 913  QUARTEL DA PM, JARDIM HELENA - Sao Paulo", "latitude": -23.4861931, "longitude": -46.4373769, "fonte_geocodificacao": "Google Geocoding API", "opm_nome": "COMPANHIA DE FORCA TATICA", "opm_descricao": "CPA/M-4 2.BPM/M CIA FT", "opm_codigo": "504026000" }, "geometry": { "type": "Point", "coordinates": [ -46.4373769, -23.4861931 ] } },
{ "type": "Feature", "properties": { "id_comando": "CPA/M-4", "nome_comando": "4º Comando de Policiamento de Área Metropolitana (CPA/M-4)", "nome_batalhao": "2º BPM/M", "tipo_batalhao": "Metropolitano", "companhia": "COORD OP", "cidade": "Sao Paulo", "endereco": "AVENIDA AMADOR BUENO DA VEIGA, 2774, PENHA - Sao Paulo", "latitude": -23.5229278, "longitude": -46.5184075, "fonte_geocodificacao": "Google Geocoding API", "opm_nome": "COORDENADORIA OPERACIONAL", "opm_descricao": "CPA/M-4 2.BPM/M COORD OP", "opm_codigo": "504029000" }, "geometry": { "type": "Point", "coordinates": [ -46.5184075, -23.5229278 ] } },
{ "type": "Feature", "properties": { "id_comando": "CPA/M-4", "nome_comando": "4º Comando de Policiamento de Área Metropolitana (CPA/M-4)", "nome_batalhao": "2º BPM/M", "tipo_batalhao": "Metropolitano", "companhia": "EM", "cidade": "Sao Paulo", "endereco": "AVENIDA AMADOR BUENO DA VEIGA, 2774, PENHA - Sao Paulo", "latitude": -23.5229278, "longitude": -46.5184075, "fonte_geocodificacao": "Google Geocoding API", "opm_nome": "ESTADO-MAIOR", "opm_descricao": "CPA/M-4 2.BPM/M EM", "opm_codigo": "504028000" }, "geometry": { "type": "Point", "coordinates": [ -46.5184075, -23.5229278 ] } },
{ "type": "Feature", "properties": { "id_comando": "CPI-1", "nome_comando": "1º Comando de Policiamento do Interior (CPI-1)", "nome_batalhao": "20º BPM/I", "tipo_batalhao": "Interior", "companhia": "1.CIA PM", "cidade": "Ilhabela", "endereco": "Avenida Princesa Isabel, 2976  21446906850, BARRA VELHA - Ilhabela", "latitude": -23.81837, "longitude": -45.37633, "fonte_geocodificacao": "Google Geocoding API", "opm_nome": "2. PELOTAO POLICIAL MILITAR", "opm_descricao": "CPI-1 20.BPM/I 1.CIA PM 2.PEL PM 0", "opm_codigo": "601201200" }, "geometry": { "type": "Point", "coordinates": [ -45.37633, -23.81837 ] } },
{ "type": "Feature", "properties": { "id_comando": "CPI-1", "nome_comando": "1º Comando de Policiamento do Interior (CPI-1)", "nome_batalhao": "20º BPM/I", "tipo_batalhao": "Interior", "companhia": "2.CIA PM", "cidade": "Caraguatatuba", "endereco": "AVENIDA BRASIL, 1001, SUMARÉ - Caraguatatuba", "latitude": -23.6204071, "longitude": -45.3998049, "fonte_geocodificacao": "Google Geocoding API", "opm_nome": "2. COMPANHIA DE POLICIA MILITAR", "opm_descricao": "CPI-1 20.BPM/I 2.CIA PM TERRITORIAL", "opm_codigo": "601202000" }, "geometry": { "type": "Point", "coordinates": [ -45.3998049, -23.6204071 ] } },
{ "type": "Feature", "properties": { "id_comando": "CPI-1", "nome_comando": "1º Comando de Policiamento do Interior (CPI-1)", "nome_batalhao": "20º BPM/I", "tipo_batalhao": "Interior", "companhia": "3.CIA PM", "cidade": "Ubatuba", "endereco": "RUA JOÃO RAMALHO, 1, PARQUE VIVA MAR - Ubatuba", "latitude": -23.4448103, "longitude": -45.0730229, "fonte_geocodificacao": "Google Geocoding API", "opm_nome": "3. COMPANHIA DE POLICIA MILITAR", "opm_descricao": "CPI-1 20.BPM/I 3.CIA PM TERRITORIAL", "opm_codigo": "601203000" }, "geometry": { "type": "Point", "coordinates": [ -45.0730229, -23.4448103 ] } },
{ "type": "Feature", "properties": { "id_comando": "CPI-1", "nome_comando": "1º Comando de Policiamento do Interior (CPI-1)", "nome_batalhao": "20º BPM/I", "tipo_batalhao": "Interior", "companhia": "CIA F TAT", "cidade": "Caraguatatuba", "endereco": "AVENIDA BRASIL, 1001, SUMARÉ - Caraguatatuba", "latitude": -23.6204071, "longitude": -45.3998049, "fonte_geocodificacao": "Google Geocoding API", "opm_nome": "COMPANHIA DE FORCA TATICA", "opm_descricao": "CPI-1 20.BPM/I CIA F TAT", "opm_codigo": "601205000" }, "geometry": { "type": "Point", "coordinates": [ -45.3998049, -23.6204071 ] } },
{ "type": "Feature", "properties": { "id_comando": "CPI-1", "nome_comando": "1º Comando de Policiamento do Interior (CPI-1)", "nome_batalhao": "20º BPM/I", "tipo_batalhao": "Interior", "companhia": "COORD OP", "cidade": "Caraguatatuba", "endereco": "AVENIDA BRASIL, 1001, SUMARÉ - Caraguatatuba", "latitude": -23.6204071, "longitude": -45.3998049, "fonte_geocodificacao": "Google Geocoding API", "opm_nome": "COORD OP", "opm_descricao": "CPI-1 20.BPM/I COORD OP", "opm_codigo": "601207000" }, "geometry": { "type": "Point", "coordinates": [ -45.3998049, -23.6204071 ] } },
{ "type": "Feature", "properties": { "id_comando": "CPI-1", "nome_comando": "1º Comando de Policiamento do Interior (CPI-1)", "nome_batalhao": "20º BPM/I", "tipo_batalhao": "Interior", "companhia": "EM", "cidade": "Caraguatatuba", "endereco": "AVENIDA BRASIL, 1001, SUMARÉ - Caraguatatuba", "latitude": -23.6204071, "longitude": -45.3998049, "fonte_geocodificacao": "Google Geocoding API", "opm_nome": "ESTADO-MAIOR", "opm_descricao": "CPI-1 20.BPM/I EM", "opm_codigo": "601208000" }, "geometry": { "type": "Point", "coordinates": [ -45.3998049, -23.6204071 ] } },
{ "type": "Feature", "properties": { "id_comando": "CPA/M-8", "nome_comando": "8º Comando de Policiamento de Área Metropolitana (CPA/M-8)", "nome_batalhao": "20º BPM/M", "tipo_batalhao": "Metropolitano", "companhia": "1.CIA PM", "cidade": "Barueri", "endereco": "AVENIDA ZÉLIA, 1330, PQ DOS CAMARGOS - Barueri", "latitude": -23.5417553, "longitude": -46.8852807, "fonte_geocodificacao": "Google Geocoding API", "opm_nome": "1. COMPANHIA DE POLICIA MILITAR", "opm_descricao": "CPA/M-8 20.BPM/M 1.CIA PM TERRITORIAL", "opm_codigo": "408201000" }, "geometry": { "type": "Point", "coordinates": [ -46.8852807, -23.5417553 ] } },
{ "type": "Feature", "properties": { "id_comando": "CPA/M-8", "nome_comando": "8º Comando de Policiamento de Área Metropolitana (CPA/M-8)", "nome_batalhao": "20º BPM/M", "tipo_batalhao": "Metropolitano", "companhia": "2.CIA PM", "cidade": "Santana De Parnaiba", "endereco": "RUA PROFESSOR EDGAR DE MORÃES, 22, CENTRO HISTORICO - Santana De Parnaiba", "latitude": -23.4441613, "longitude": -46.9194803, "fonte_geocodificacao": "Google Geocoding API", "opm_nome": "2. COMPANHIA DE POLICIA MILITAR", "opm_descricao": "CPA/M-8 20.BPM/M 2.CIA PM TERRITORIAL", "opm_codigo": "408202000" }, "geometry": { "type": "Point", "coordinates": [ -46.9194803, -23.4441613 ] } },
{ "type": "Feature", "properties": { "id_comando": "CPA/M-8", "nome_comando": "8º Comando de Policiamento de Área Metropolitana (CPA/M-8)", "nome_batalhao": "20º BPM/M", "tipo_batalhao": "Metropolitano", "companhia": "3.CIA PM", "cidade": "Itapevi", "endereco": "RUA JOAQUIM NUNES, 65, CENTRO - Itapevi", "latitude": -23.546989, "longitude": -46.9341845, "fonte_geocodificacao": "Google Geocoding API", "opm_nome": "3. COMPANHIA DE POLICIA MILITAR", "opm_descricao": "CPA/M-8 20.BPM/M 3.CIA PM TERRITORIAL", "opm_codigo": "408203000" }, "geometry": { "type": "Point", "coordinates": [ -46.9341845, -23.546989 ] } },
{ "type": "Feature", "properties": { "id_comando": "CPA/M-8", "nome_comando": "8º Comando de Policiamento de Área Metropolitana (CPA/M-8)", "nome_batalhao": "20º BPM/M", "tipo_batalhao": "Metropolitano", "companhia": "4.CIA PM", "cidade": "Jandira", "endereco": "RUA SALOMÃO BARJUD, 190, CENTRO - Jandira", "latitude": -23.5273063, "longitude": -46.8979599, "fonte_geocodificacao": "Google Geocoding API", "opm_nome": "4. COMPANHIA DE POLICIA MILITAR", "opm_descricao": "CPA/M-8 20.BPM/M 4.CIA PM TERRITORIAL", "opm_codigo": "408204000" }, "geometry": { "type": "Point", "coordinates": [ -46.8979599, -23.5273063 ] } },
{ "type": "Feature", "properties": { "id_comando": "CPA/M-8", "nome_comando": "8º Comando de Policiamento de Área Metropolitana (CPA/M-8)", "nome_batalhao": "20º BPM/M", "tipo_batalhao": "Metropolitano", "companhia": "5.CIA PM", "cidade": "Barueri", "endereco": "RUA CLOVIS EDUARDO SILOTO, 52, VILA SÃO SILVESTRE - Barueri", "latitude": -23.4921355, "longitude": -46.8823769, "fonte_geocodificacao": "Google Geocoding API", "opm_nome": "5. COMPANHIA DE POLICIA MILITAR", "opm_descricao": "CPA/M-8 20.BPM/M 5.CIA PM TERRITORIAL", "opm_codigo": "408205000" }, "geometry": { "type": "Point", "coordinates": [ -46.8823769, -23.4921355 ] } },
{ "type": "Feature", "properties": { "id_comando": "CPA/M-8", "nome_comando": "8º Comando de Policiamento de Área Metropolitana (CPA/M-8)", "nome_batalhao": "20º BPM/M", "tipo_batalhao": "Metropolitano", "companhia": "COORD OP", "cidade": "Barueri", "endereco": "AVENIDA MARGINAL DIREITA, 56, JARDIM PAULISTA - Barueri", "latitude": -23.5442166, "longitude": -46.8816427, "fonte_geocodificacao": "Google Geocoding API", "opm_nome": "COORDENADORIA OPERACIONAL", "opm_descricao": "CPA/M-8 20.BPM/M COORD OP", "opm_codigo": "408209000" }, "geometry": { "type": "Point", "coordinates": [ -46.8816427, -23.5442166 ] } },
{ "type": "Feature", "properties": { "id_comando": "CPA/M-8", "nome_comando": "8º Comando de Policiamento de Área Metropolitana (CPA/M-8)", "nome_batalhao": "20º BPM/M", "tipo_batalhao": "Metropolitano", "companhia": "EM", "cidade": "Barueri", "endereco": "AVENIDA MARGINAL DIREITA, 56, JARDIM PAULISTA - Barueri", "latitude": -23.5442166, "longitude": -46.8816427, "fonte_geocodificacao": "Google Geocoding API", "opm_nome": "ESTADO-MAIOR", "opm_descricao": "CPA/M-8 20.BPM/M EM", "opm_codigo": "408208000" }, "geometry": { "type": "Point", "coordinates": [ -46.8816427, -23.5442166 ] } },
{ "type": "Feature", "properties": { "id_comando": "CPI-6", "nome_comando": "6º Comando de Policiamento do Interior (CPI-6)", "nome_batalhao": "21º BPM/I", "tipo_batalhao": "Interior", "companhia": "1.CIA PM", "cidade": "Guaruja", "endereco": "RUA MARIO RIBEIRO, 971, CENTRO - Guaruja", "latitude": -23.9984263, "longitude": -46.2609113, "fonte_geocodificacao": "Google Geocoding API", "opm_nome": "1. COMPANHIA DE POLICIA MILITAR", "opm_descricao": "CPI-6 21.BPM/I 1.CIA PM TERRITORIAL", "opm_codigo": "606211000" }, "geometry": { "type": "Point", "coordinates": [ -46.2609113, -23.9984263 ] } },
{ "type": "Feature", "properties": { "id_comando": "CPI-6", "nome_comando": "6º Comando de Policiamento do Interior (CPI-6)", "nome_batalhao": "21º BPM/I", "tipo_batalhao": "Interior", "companhia": "2.CIA PM", "cidade": "Guaruja", "endereco": "RUA CAPITÃO ALBERTO MENDES JÚNIOR, 225, JARDIM BOA ESPERANÇA - Guaruja", "latitude": -23.9596098, "longitude": -46.2844025, "fonte_geocodificacao": "Google Geocoding API", "opm_nome": "2. COMPANHIA DE POLICIA MILITAR", "opm_descricao": "CPI-6 21.BPM/I 2.CIA PM TERRITORIAL", "opm_codigo": "606212000" }, "geometry": { "type": "Point", "coordinates": [ -46.2844025, -23.9596098 ] } },
{ "type": "Feature", "properties": { "id_comando": "CPI-6", "nome_comando": "6º Comando de Policiamento do Interior (CPI-6)", "nome_batalhao": "21º BPM/I", "tipo_batalhao": "Interior", "companhia": "3.CIA PM", "cidade": "Bertioga", "endereco": "RODOVIA MANOEL HIPÓLITO DO REGO, 0  KM 213, RIVIERA DE SÃO LOURENÇO - Bertioga", "latitude": -23.7905309, "longitude": -46.0381835, "fonte_geocodificacao": "Google Geocoding API", "opm_nome": "3. COMPANHIA DE POLICIA MILITAR", "opm_descricao": "CPI-6 21.BPM/I 3.CIA PM", "opm_codigo": "606213000" }, "geometry": { "type": "Point", "coordinates": [ -46.0381835, -23.7905309 ] } },
{ "type": "Feature", "properties": { "id_comando": "CPI-6", "nome_comando": "6º Comando de Policiamento do Interior (CPI-6)", "nome_batalhao": "21º BPM/I", "tipo_batalhao": "Interior", "companhia": "4.CIA PM", "cidade": "Cubatao", "endereco": "AVENIDA JOAQUIM MIGUEL COUTO, 800, JD NOSSA SRA DE FATIMA - Cubatao", "latitude": -23.8847918, "longitude": -46.4235425, "fonte_geocodificacao": "Google Geocoding API", "opm_nome": "4. COMPANHIA DE POLICIA MILITAR", "opm_descricao": "CPI-6 21.BPM/I 4.CIA PM", "opm_codigo": "606214000" }, "geometry": { "type": "Point", "coordinates": [ -46.4235425, -23.8847918 ] } },
{ "type": "Feature", "properties": { "id_comando": "CPI-6", "nome_comando": "6º Comando de Policiamento do Interior (CPI-6)", "nome_batalhao": "21º BPM/I", "tipo_batalhao": "Interior", "companhia": "5.CIA PM", "cidade": "Guaruja", "endereco": "AVENIDA MARJORI PRADO, 1195, BALNEÁRIO PRAIA PERNAMBUCO - Guaruja", "latitude": -23.9693183, "longitude": -46.1880105, "fonte_geocodificacao": "Google Geocoding API", "opm_nome": "5. COMPANHIA DE POLICIA MILITAR", "opm_descricao": "CPI-6 21.BPM/I 5.CIA PM TERRITORIAL", "opm_codigo": "606215000" }, "geometry": { "type": "Point", "coordinates": [ -46.1880105, -23.9693183 ] } },
{ "type": "Feature", "properties": { "id_comando": "CPI-6", "nome_comando": "6º Comando de Policiamento do Interior (CPI-6)", "nome_batalhao": "21º BPM/I", "tipo_batalhao": "Interior", "companhia": "CIA F TAT", "cidade": "Guaruja", "endereco": "RUA JOSÉ AVELINO DE OLIVEIRA, 171, JD GUAIÚBA - Guaruja", "latitude": -24.0132565, "longitude": -46.277159, "fonte_geocodificacao": "Google Geocoding API", "opm_nome": "21.BPM/I CIA F TAT", "opm_descricao": "CPI-6 21.BPM/I CIA F TAT", "opm_codigo": "606216000" }, "geometry": { "type": "Point", "coordinates": [ -46.277159, -24.0132565 ] } },
{ "type": "Feature", "properties": { "id_comando": "CPI-6", "nome_comando": "6º Comando de Policiamento do Interior (CPI-6)", "nome_batalhao": "21º BPM/I", "tipo_batalhao": "Interior", "companhia": "COORD OP", "cidade": "Guaruja", "endereco": "RUA JOSÉ AVELINO DE OLIVEIRA, 171, JD GUAIÚBA - Guaruja", "latitude": -24.0132565, "longitude": -46.277159, "fonte_geocodificacao": "Google Geocoding API", "opm_nome": "21.BPM/M - COORD OP", "opm_descricao": "CPI-6 21.BPM/I COORD OP", "opm_codigo": "606219000" }, "geometry": { "type": "Point", "coordinates": [ -46.277159, -24.0132565 ] } },
{ "type": "Feature", "properties": { "id_comando": "CPI-6", "nome_comando": "6º Comando de Policiamento do Interior (CPI-6)", "nome_batalhao": "21º BPM/I", "tipo_batalhao": "Interior", "companhia": "EM", "cidade": "Guaruja", "endereco": "RUA JOSÉ AVELINO DE OLIVEIRA, 171, JD GUAIÚBA - Guaruja", "latitude": -24.0132565, "longitude": -46.277159, "fonte_geocodificacao": "Google Geocoding API", "opm_nome": "ESTADO-MAIOR", "opm_descricao": "CPI-6 21.BPM/I EM", "opm_codigo": "606218000" }, "geometry": { "type": "Point", "coordinates": [ -46.277159, -24.0132565 ] } },
{ "type": "Feature", "properties": { "id_comando": "CPA/M-11", "nome_comando": "11º Comando de Policiamento de Área Metropolitana (CPA/M-11)", "nome_batalhao": "21º BPM/M", "tipo_batalhao": "Metropolitano", "companhia": "1.CIA PM", "cidade": "Sao Paulo", "endereco": "RUA PROFESSOR JACOB PENTEADO, 129, MOOCA - Sao Paulo", "latitude": -23.5706871, "longitude": -46.59176, "fonte_geocodificacao": "Google Geocoding API", "opm_nome": "1. COMPANHIA DE POLICIA MILITAR", "opm_descricao": "CPA/M-11 21.BPM/M 1.CIA PM TERRITORIAL", "opm_codigo": "511211000" }, "geometry": { "type": "Point", "coordinates": [ -46.59176, -23.5706871 ] } },
{ "type": "Feature", "properties": { "id_comando": "CPA/M-11", "nome_comando": "11º Comando de Policiamento de Área Metropolitana (CPA/M-11)", "nome_batalhao": "21º BPM/M", "tipo_batalhao": "Metropolitano", "companhia": "2.CIA PM", "cidade": "Sao Paulo", "endereco": "RUA ARMANDO DIAS, 75  VILA DIVA, AGUA RASA - Sao Paulo", "latitude": -23.5732878, "longitude": -46.5574563, "fonte_geocodificacao": "Google Geocoding API", "opm_nome": "2. COMPANHIA DE POLICIA MILITAR", "opm_descricao": "CPA/M-11 21.BPM/M 2.CIA PM TERRITORIAL", "opm_codigo": "511212000" }, "geometry": { "type": "Point", "coordinates": [ -46.5574563, -23.5732878 ] } },
{ "type": "Feature", "properties": { "id_comando": "CPA/M-11", "nome_comando": "11º Comando de Policiamento de Área Metropolitana (CPA/M-11)", "nome_batalhao": "21º BPM/M", "tipo_batalhao": "Metropolitano", "companhia": "3.CIA PM", "cidade": "Sao Paulo", "endereco": "RUA BUCUITUBA, 952, VILA FORMOSA - Sao Paulo", "latitude": -23.5784663, "longitude": -46.5478347, "fonte_geocodificacao": "Google Geocoding API", "opm_nome": "3. COMPANHIA DE POLICIA MILITAR", "opm_descricao": "CPA/M-11 21.BPM/M 3.CIA PM TERRITORIAL", "opm_codigo": "511213000" }, "geometry": { "type": "Point", "coordinates": [ -46.5478347, -23.5784663 ] } },
{ "type": "Feature", "properties": { "id_comando": "CPA/M-11", "nome_comando": "11º Comando de Policiamento de Área Metropolitana (CPA/M-11)", "nome_batalhao": "21º BPM/M", "tipo_batalhao": "Metropolitano", "companhia": "4.CIA PM", "cidade": "Sao Paulo", "endereco": "RUA CAETANO PIMENTEL DO VABO, 78, VILA PRUDENTE - Sao Paulo", "latitude": -23.5895802, "longitude": -46.5681933, "fonte_geocodificacao": "Google Geocoding API", "opm_nome": "4. COMPANHIA DE POLICIA MILITAR", "opm_descricao": "CPA/M-11 21.BPM/M 4.CIA PM TERRITORIAL", "opm_codigo": "511214000" }, "geometry": { "type": "Point", "coordinates": [ -46.5681933, -23.5895802 ] } },
{ "type": "Feature", "properties": { "id_comando": "CPA/M-11", "nome_comando": "11º Comando de Policiamento de Área Metropolitana (CPA/M-11)", "nome_batalhao": "21º BPM/M", "tipo_batalhao": "Metropolitano", "companhia": "5.CIA PM", "cidade": "Sao Paulo", "endereco": "RUA MAJOR BASILIO, 774, AGUA RASA - Sao Paulo", "latitude": -23.5575517, "longitude": -46.5788276, "fonte_geocodificacao": "Google Geocoding API", "opm_nome": "5. COMPANHIA DE POLICIA MILITAR", "opm_descricao": "CPA/M-11 21.BPM/M 5.CIA PM TERRITORIAL", "opm_codigo": "511215000" }, "geometry": { "type": "Point", "coordinates": [ -46.5788276, -23.5575517 ] } },
{ "type": "Feature", "properties": { "id_comando": "CPA/M-11", "nome_comando": "11º Comando de Policiamento de Área Metropolitana (CPA/M-11)", "nome_batalhao": "21º BPM/M", "tipo_batalhao": "Metropolitano", "companhia": "6.CIA PM", "cidade": "Sao Paulo", "endereco": "RUA SAIGON, 201, VILA FORMOSA - Sao Paulo", "latitude": -23.5687414, "longitude": -46.5447476, "fonte_geocodificacao": "Google Geocoding API", "opm_nome": "6. COMPANHIA DE POLICIA MILITAR", "opm_descricao": "CPA/M-11 21.BPM/M 6.CIA PM", "opm_codigo": "511216000" }, "geometry": { "type": "Point", "coordinates": [ -46.5447476, -23.5687414 ] } },
{ "type": "Feature", "properties": { "id_comando": "CPA/M-11", "nome_comando": "11º Comando de Policiamento de Área Metropolitana (CPA/M-11)", "nome_batalhao": "21º BPM/M", "tipo_batalhao": "Metropolitano", "companhia": "CIA F TAT", "cidade": "Sao Paulo", "endereco": "RUA CELSO DE AZEVEDO MARQUES, 454, MOOCA - Sao Paulo", "latitude": -23.5690474, "longitude": -46.5937819, "fonte_geocodificacao": "Google Geocoding API", "opm_nome": "COMPANHIA DE FORCA TATICA DA POLICIA MILITAR", "opm_descricao": "CPA/M-11 21.BPM/M CIA F TAT", "opm_codigo": "511217000" }, "geometry": { "type": "Point", "coordinates": [ -46.5937819, -23.5690474 ] } },
{ "type": "Feature", "properties": { "id_comando": "CPA/M-11", "nome_comando": "11º Comando de Policiamento de Área Metropolitana (CPA/M-11)", "nome_batalhao": "21º BPM/M", "tipo_batalhao": "Metropolitano", "companhia": "COORD OP", "cidade": "Sao Paulo", "endereco": "RUA CELSO DE AZEVEDO MARQUES, 454, MOOCA - Sao Paulo", "latitude": -23.5690474, "longitude": -46.5937819, "fonte_geocodificacao": "Google Geocoding API", "opm_nome": "COORDENADORIA OPERACIONAL", "opm_descricao": "CPA/M-11 21.BPM/M COORD OP", "opm_codigo": "511219000" }, "geometry": { "type": "Point", "coordinates": [ -46.5937819, -23.5690474 ] } },
{ "type": "Feature", "properties": { "id_comando": "CPA/M-11", "nome_comando": "11º Comando de Policiamento de Área Metropolitana (CPA/M-11)", "nome_batalhao": "21º BPM/M", "tipo_batalhao": "Metropolitano", "companhia": "EM", "cidade": "Sao Paulo", "endereco": "RUA CELSO DE AZEVEDO MARQUES, 454, MOOCA - Sao Paulo", "latitude": -23.5690474, "longitude": -46.5937819, "fonte_geocodificacao": "Google Geocoding API", "opm_nome": "ESTADO-MAIOR", "opm_descricao": "CPA/M-11 21.BPM/M EM", "opm_codigo": "511218000" }, "geometry": { "type": "Point", "coordinates": [ -46.5937819, -23.5690474 ] } },
{ "type": "Feature", "properties": { "id_comando": "CPI-7", "nome_comando": "7º Comando de Policiamento do Interior (CPI-7)", "nome_batalhao": "22º BPM/I", "tipo_batalhao": "Interior", "companhia": "1.CIA PM", "cidade": "Itapetininga", "endereco": "AVENIDA JOÃO OLÍMPIO DE OLIVEIRA, 30, VILA LEME - Itapetininga", "latitude": -23.591508, "longitude": -48.022903, "fonte_geocodificacao": "Google Geocoding API", "opm_nome": "1. COMPANHIA DE POLICIA MILITAR", "opm_descricao": "CPI-7 22.BPM/I 1.CIA PM", "opm_codigo": "607221000" }, "geometry": { "type": "Point", "coordinates": [ -48.022903, -23.591508 ] } },
{ "type": "Feature", "properties": { "id_comando": "CPI-7", "nome_comando": "7º Comando de Policiamento do Interior (CPI-7)", "nome_batalhao": "22º BPM/I", "tipo_batalhao": "Interior", "companhia": "2.CIA PM", "cidade": "Tatui", "endereco": "RUA BENEDITO FAUSTINO DA ROSA, 1911, JARDIM VANDERLEI - Tatui", "latitude": -23.3425124, "longitude": -47.8738488, "fonte_geocodificacao": "Google Geocoding API", "opm_nome": "2. COMPANHIA DE POLICIA MILITAR", "opm_descricao": "CPI-7 22.BPM/I 2.CIA PM", "opm_codigo": "607222000" }, "geometry": { "type": "Point", "coordinates": [ -47.8738488, -23.3425124 ] } },
{ "type": "Feature", "properties": { "id_comando": "CPI-7", "nome_comando": "7º Comando de Policiamento do Interior (CPI-7)", "nome_batalhao": "22º BPM/I", "tipo_batalhao": "Interior", "companhia": "3.CIA PM", "cidade": "Itapetininga", "endereco": "AVENIDA PADRE ANTÔNIO BRUNETE, 1132, VILA RIO BRANCO - Itapetininga", "latitude": -23.5906986, "longitude": -48.0680948, "fonte_geocodificacao": "Google Geocoding API", "opm_nome": "3. COMPANHIA DE POLICIA MILITAR", "opm_descricao": "CPI-7 22.BPM/I 3.CIA PM", "opm_codigo": "607223000" }, "geometry": { "type": "Point", "coordinates": [ -48.0680948, -23.5906986 ] } },
{ "type": "Feature", "properties": { "id_comando": "CPI-7", "nome_comando": "7º Comando de Policiamento do Interior (CPI-7)", "nome_batalhao": "22º BPM/I", "tipo_batalhao": "Interior", "companhia": "4.CIA PM", "cidade": "Boituva", "endereco": "Rua Ângelo Ribeiro, 50, Centro - Boituva", "latitude": -23.2871494, "longitude": -47.6743354, "fonte_geocodificacao": "Google Geocoding API", "opm_nome": "4. COMPANHIA DE POLICIA MILITAR", "opm_descricao": "CPI-7 22.BPM/I 4.CIA PM", "opm_codigo": "607224000" }, "geometry": { "type": "Point", "coordinates": [ -47.6743354, -23.2871494 ] } },
{ "type": "Feature", "properties": { "id_comando": "CPI-7", "nome_comando": "7º Comando de Policiamento do Interior (CPI-7)", "nome_batalhao": "22º BPM/I", "tipo_batalhao": "Interior", "companhia": "CIA F TAT", "cidade": "Itapetininga", "endereco": "RUA DOUTOR COUTINHO, 2000, VILA JUDITH - Itapetininga", "latitude": -23.5777482, "longitude": -48.0324007, "fonte_geocodificacao": "Google Geocoding API", "opm_nome": "COMPANHIA DE FORCA TATICA", "opm_descricao": "CPI-7 22.BPM/I CIA F TAT", "opm_codigo": "607225000" }, "geometry": { "type": "Point", "coordinates": [ -48.0324007, -23.5777482 ] } },
{ "type": "Feature", "properties": { "id_comando": "CPI-7", "nome_comando": "7º Comando de Policiamento do Interior (CPI-7)", "nome_batalhao": "22º BPM/I", "tipo_batalhao": "Interior", "companhia": "COORD OP", "cidade": "Itapetininga", "endereco": "RUA DOUTOR COUTINHO/ ITAPETININGA, 2000, VILA JUDITH - Itapetininga", "latitude": -23.5777482, "longitude": -48.0324007, "fonte_geocodificacao": "Google Geocoding API", "opm_nome": "COORDENADORIA OPERACIONAL", "opm_descricao": "CPI-7 22.BPM/I COORD OP", "opm_codigo": "607227000" }, "geometry": { "type": "Point", "coordinates": [ -48.0324007, -23.5777482 ] } },
{ "type": "Feature", "properties": { "id_comando": "CPI-7", "nome_comando": "7º Comando de Policiamento do Interior (CPI-7)", "nome_batalhao": "22º BPM/I", "tipo_batalhao": "Interior", "companhia": "EM", "cidade": "Itapetininga", "endereco": "RUA DOUTOR COUTINHO/ ITAPETININGA, 2000, VILA JUDITH - Itapetininga", "latitude": -23.5777482, "longitude": -48.0324007, "fonte_geocodificacao": "Google Geocoding API", "opm_nome": "ESTADO-MAIOR", "opm_descricao": "CPI-7 22.BPM/I EM", "opm_codigo": "607228000" }, "geometry": { "type": "Point", "coordinates": [ -48.0324007, -23.5777482 ] } },
{ "type": "Feature", "properties": { "id_comando": "CPI-7", "nome_comando": "7º Comando de Policiamento do Interior (CPI-7)", "nome_batalhao": "22º BPM/I", "tipo_batalhao": "Interior", "companhia": "UIS", "cidade": "Itapetininga", "endereco": "RUA DOUTOR COUTINHO, 2000, VILA JUDITH - Itapetininga", "latitude": -23.5777482, "longitude": -48.0324007, "fonte_geocodificacao": "Google Geocoding API", "opm_nome": "UNIDADE INTEGRADA DE SAÚDE", "opm_descricao": "CPI-7 22.BPM/I UIS", "opm_codigo": "607226000" }, "geometry": { "type": "Point", "coordinates": [ -48.0324007, -23.5777482 ] } },
{ "type": "Feature", "properties": { "id_comando": "CPA/M-10", "nome_comando": "10º Comando de Policiamento de Área Metropolitana (CPA/M-10)", "nome_batalhao": "22º BPM/M", "tipo_batalhao": "Metropolitano", "companhia": "1.CIA PM", "cidade": "Sao Paulo", "endereco": "RUA MIGUEL YUNES, 581, CAMPO GRANDE - Sao Paulo", "latitude": -23.688344, "longitude": -46.6881924, "fonte_geocodificacao": "Google Geocoding API", "opm_nome": "1.COMPANHIA DE POLICIA MILITAR", "opm_descricao": "CPA/M-10 22.BPM/M 1.CIA PM TERRITORIAL", "opm_codigo": "510221000" }, "geometry": { "type": "Point", "coordinates": [ -46.6881924, -23.688344 ] } },
{ "type": "Feature", "properties": { "id_comando": "CPA/M-10", "nome_comando": "10º Comando de Policiamento de Área Metropolitana (CPA/M-10)", "nome_batalhao": "22º BPM/M", "tipo_batalhao": "Metropolitano", "companhia": "2.CIA PM", "cidade": "Sao Paulo", "endereco": "Av Cupecê, 5934, Jd Miriam - Sao Paulo", "latitude": -23.6836057, "longitude": -46.63472, "fonte_geocodificacao": "Google Geocoding API", "opm_nome": "2.COMPANHIA DE POLICIA MILITAR", "opm_descricao": "CPA/M-10 22.BPM/M 2.CIA PM TERRITORIAL", "opm_codigo": "510222000" }, "geometry": { "type": "Point", "coordinates": [ -46.63472, -23.6836057 ] } },
{ "type": "Feature", "properties": { "id_comando": "CPA/M-10", "nome_comando": "10º Comando de Policiamento de Área Metropolitana (CPA/M-10)", "nome_batalhao": "22º BPM/M", "tipo_batalhao": "Metropolitano", "companhia": "3.CIA PM", "cidade": "Sao Paulo", "endereco": "AVENIDA CORONEL FRANCISCO JULIO CESAR ALFIERI, 83, CIDADE ADEMAR - Sao Paulo", "latitude": -23.6563623, "longitude": -46.6693379, "fonte_geocodificacao": "Google Geocoding API", "opm_nome": "3.COMPANHIA DE POLICIA MILITAR", "opm_descricao": "CPA/M-10 22.BPM/M 3.CIA PM TERRITORIAL", "opm_codigo": "510223000" }, "geometry": { "type": "Point", "coordinates": [ -46.6693379, -23.6563623 ] } },
{ "type": "Feature", "properties": { "id_comando": "CPA/M-10", "nome_comando": "10º Comando de Policiamento de Área Metropolitana (CPA/M-10)", "nome_batalhao": "22º BPM/M", "tipo_batalhao": "Metropolitano", "companhia": "4.CIA PM", "cidade": "Sao Paulo", "endereco": "AVENIDA NOSSA SENHORA DO SABARA, 5312, CAMPO GRANDE - Sao Paulo", "latitude": -23.6993287, "longitude": -46.6740345, "fonte_geocodificacao": "Google Geocoding API", "opm_nome": "4.COMPANHIA DE POLICIA MILITAR", "opm_descricao": "CPA/M-10 22.BPM/M 4.CIA PM TERRITORIAL", "opm_codigo": "510224000" }, "geometry": { "type": "Point", "coordinates": [ -46.6740345, -23.6993287 ] } },
{ "type": "Feature", "properties": { "id_comando": "CPA/M-10", "nome_comando": "10º Comando de Policiamento de Área Metropolitana (CPA/M-10)", "nome_batalhao": "22º BPM/M", "tipo_batalhao": "Metropolitano", "companhia": "CIA F TAT", "cidade": "Sao Paulo", "endereco": "RUA MANUEL MURGUIA, 122, VILA INGLESA - Sao Paulo", "latitude": -23.6606757, "longitude": -46.6760571, "fonte_geocodificacao": "Google Geocoding API", "opm_nome": "COMPANHIA DE FORCA TATICA DA POLICIA MILITAR", "opm_descricao": "CPA/M-10 22.BPM/M CIA F TAT", "opm_codigo": "510226000" }, "geometry": { "type": "Point", "coordinates": [ -46.6760571, -23.6606757 ] } },
{ "type": "Feature", "properties": { "id_comando": "CPA/M-10", "nome_comando": "10º Comando de Policiamento de Área Metropolitana (CPA/M-10)", "nome_batalhao": "22º BPM/M", "tipo_batalhao": "Metropolitano", "companhia": "COORD OP", "cidade": "Sao Paulo", "endereco": "RUA DOUTOR PAULO AIRES NETO, 110, CAMPO GRANDE - Sao Paulo", "latitude": -23.6537179, "longitude": -46.6814936, "fonte_geocodificacao": "Google Geocoding API", "opm_nome": "COORDENADOR OPERACIONAL", "opm_descricao": "CPA/M-10 22.BPM/M COORD OP", "opm_codigo": "510229000" }, "geometry": { "type": "Point", "coordinates": [ -46.6814936, -23.6537179 ] } },
{ "type": "Feature", "properties": { "id_comando": "CPA/M-10", "nome_comando": "10º Comando de Policiamento de Área Metropolitana (CPA/M-10)", "nome_batalhao": "22º BPM/M", "tipo_batalhao": "Metropolitano", "companhia": "EM", "cidade": "Sao Paulo", "endereco": "RUA DOUTOR PAULO AIRES NETO, 110, CAMPO GRANDE - Sao Paulo", "latitude": -23.6537179, "longitude": -46.6814936, "fonte_geocodificacao": "Google Geocoding API", "opm_nome": "ESTADO-MAIOR", "opm_descricao": "CPA/M-10 22.BPM/M EM", "opm_codigo": "510228000" }, "geometry": { "type": "Point", "coordinates": [ -46.6814936, -23.6537179 ] } },
{ "type": "Feature", "properties": { "id_comando": "CPI-1", "nome_comando": "1º Comando de Policiamento do Interior (CPI-1)", "nome_batalhao": "23º BPM/I", "tipo_batalhao": "Interior", "companhia": "1.CIA PM", "cidade": "Lorena", "endereco": "AVENIDA SÃO JOSÉ, 357, CENTRO - Lorena", "latitude": -22.7369558, "longitude": -45.123817, "fonte_geocodificacao": "Google Geocoding API", "opm_nome": "1. COMPANHIA DE POLICIA MILITAR", "opm_descricao": "CPI-1 23.BPM/I 1.CIA PM", "opm_codigo": "601231000" }, "geometry": { "type": "Point", "coordinates": [ -45.123817, -22.7369558 ] } },
{ "type": "Feature", "properties": { "id_comando": "CPI-1", "nome_comando": "1º Comando de Policiamento do Interior (CPI-1)", "nome_batalhao": "23º BPM/I", "tipo_batalhao": "Interior", "companhia": "2.CIA PM", "cidade": "Guaratingueta", "endereco": "RUA AMERICO MARTINS MACHADO, 32, FIGUEIRA - Guaratingueta", "latitude": -22.8262709, "longitude": -45.2058208, "fonte_geocodificacao": "Google Geocoding API", "opm_nome": "2. COMPANHIA DE POLICIA MILITAR", "opm_descricao": "CPI-1 23.BPM/I 2.CIA PM", "opm_codigo": "601232000" }, "geometry": { "type": "Point", "coordinates": [ -45.2058208, -22.8262709 ] } },
{ "type": "Feature", "properties": { "id_comando": "CPI-1", "nome_comando": "1º Comando de Policiamento do Interior (CPI-1)", "nome_batalhao": "23º BPM/I", "tipo_batalhao": "Interior", "companhia": "3.CIA PM", "cidade": "Aparecida", "endereco": "RUA BENEDITO SALLES VIEIRA, 800, MANTO AZUL - Aparecida", "latitude": -22.8518943, "longitude": -45.2406134, "fonte_geocodificacao": "Google Geocoding API", "opm_nome": "3. COMPANHIA DE POLICIA MILITAR", "opm_descricao": "CPI-1 23.BPM/I 3.CIA PM", "opm_codigo": "601233000" }, "geometry": { "type": "Point", "coordinates": [ -45.2406134, -22.8518943 ] } },
{ "type": "Feature", "properties": { "id_comando": "CPI-1", "nome_comando": "1º Comando de Policiamento do Interior (CPI-1)", "nome_batalhao": "23º BPM/I", "tipo_batalhao": "Interior", "companhia": "4.CIA PM", "cidade": "Cruzeiro", "endereco": "RUA CAPITÃO NECO, 140, CENTRO - Cruzeiro", "latitude": -22.5755791, "longitude": -44.9586504, "fonte_geocodificacao": "Google Geocoding API", "opm_nome": "4. COMPANHIA DE POLICIA MILITAR", "opm_descricao": "CPI-1 23.BPM/I 4.CIA PM", "opm_codigo": "601234000" }, "geometry": { "type": "Point", "coordinates": [ -44.9586504, -22.5755791 ] } },
{ "type": "Feature", "properties": { "id_comando": "CPI-1", "nome_comando": "1º Comando de Policiamento do Interior (CPI-1)", "nome_batalhao": "23º BPM/I", "tipo_batalhao": "Interior", "companhia": "CIA F TAT", "cidade": "Lorena", "endereco": "RUA CAPITÃO LEOVIGILDO ARECO, 1500, SÃO ROQUE - Lorena", "latitude": -22.7408275, "longitude": -45.1367219, "fonte_geocodificacao": "Google Geocoding API", "opm_nome": "COMPANHIA DE FORCA TATICA DA POLICIA MILITAR", "opm_descricao": "CPI-1 23.BPM/I CIA F TAT", "opm_codigo": "601235000" }, "geometry": { "type": "Point", "coordinates": [ -45.1367219, -22.7408275 ] } },
{ "type": "Feature", "properties": { "id_comando": "CPI-1", "nome_comando": "1º Comando de Policiamento do Interior (CPI-1)", "nome_batalhao": "23º BPM/I", "tipo_batalhao": "Interior", "companhia": "COORD OP", "cidade": "Lorena", "endereco": "RUA CAPITÃO LEOVIGILDO ARECO, 1500, SÃO ROQUE - Lorena", "latitude": -22.7408275, "longitude": -45.1367219, "fonte_geocodificacao": "Google Geocoding API", "opm_nome": "COORDENADOR OPERACIONAL", "opm_descricao": "CPI-1 23.BPM/I COORD OP", "opm_codigo": "601237000" }, "geometry": { "type": "Point", "coordinates": [ -45.1367219, -22.7408275 ] } },
{ "type": "Feature", "properties": { "id_comando": "CPI-1", "nome_comando": "1º Comando de Policiamento do Interior (CPI-1)", "nome_batalhao": "23º BPM/I", "tipo_batalhao": "Interior", "companhia": "EM", "cidade": "Lorena", "endereco": "RUA CAPITÃO LEOVIGILDO ARECO, 1500, SÃO ROQUE - Lorena", "latitude": -22.7408275, "longitude": -45.1367219, "fonte_geocodificacao": "Google Geocoding API", "opm_nome": "ESTADO-MAIOR", "opm_descricao": "CPI-1 23.BPM/I EM", "opm_codigo": "601238000" }, "geometry": { "type": "Point", "coordinates": [ -45.1367219, -22.7408275 ] } },
{ "type": "Feature", "properties": { "id_comando": "CPA/M-5", "nome_comando": "5º Comando de Policiamento de Área Metropolitana (CPA/M-5)", "nome_batalhao": "23º BPM/M", "tipo_batalhao": "Metropolitano", "companhia": "1.CIA PM", "cidade": "Sao Paulo", "endereco": "AVENIDA PROFESSOR FONSECA RODRIGUES, 1655, ALTO DE PINHEIROS - Sao Paulo", "latitude": -23.5448288, "longitude": -46.7222643, "fonte_geocodificacao": "Google Geocoding API", "opm_nome": "1.COMPANHIA DE POLICIA MILITAR", "opm_descricao": "CPA/M-5 23.BPM/M 1.CIA PM TERRITORIAL", "opm_codigo": "505231000" }, "geometry": { "type": "Point", "coordinates": [ -46.722264300000013, -23.5448288 ] } },
{ "type": "Feature", "properties": { "id_comando": "CPA/M-5", "nome_comando": "5º Comando de Policiamento de Área Metropolitana (CPA/M-5)", "nome_batalhao": "23º BPM/M", "tipo_batalhao": "Metropolitano", "companhia": "2.CIA PM", "cidade": "Sao Paulo", "endereco": "RUA JESUINO ARRUDA, 464, ITAIM BIBI - Sao Paulo", "latitude": -23.5819071, "longitude": -46.6747803, "fonte_geocodificacao": "Google Geocoding API", "opm_nome": "2.COMPANHIA DE POLICIA MILITAR", "opm_descricao": "CPA/M-5 23.BPM/M 2.CIA PM TERRITORIAL", "opm_codigo": "505232000" }, "geometry": { "type": "Point", "coordinates": [ -46.674780299999988, -23.5819071 ] } },
{ "type": "Feature", "properties": { "id_comando": "CPA/M-5", "nome_comando": "5º Comando de Policiamento de Área Metropolitana (CPA/M-5)", "nome_batalhao": "23º BPM/M", "tipo_batalhao": "Metropolitano", "companhia": "3.CIA PM", "cidade": "Sao Paulo", "endereco": "RUA BARROSO NETO, 60, BUTANTA - Sao Paulo", "latitude": -23.5715369, "longitude": -46.722788, "fonte_geocodificacao": "Google Geocoding API", "opm_nome": "3.COMPANHIA DE POLICIA MILITAR", "opm_descricao": "CPA/M-5 23.BPM/M 3.CIA PM TERRITORIAL", "opm_codigo": "505233000" }, "geometry": { "type": "Point", "coordinates": [ -46.722788, -23.5715369 ] } },
{ "type": "Feature", "properties": { "id_comando": "CPA/M-5", "nome_comando": "5º Comando de Policiamento de Área Metropolitana (CPA/M-5)", "nome_batalhao": "23º BPM/M", "tipo_batalhao": "Metropolitano", "companhia": "4.CIA PM", "cidade": "Sao Paulo", "endereco": "RUA CONO MATTEO, 17, JAGUARE - Sao Paulo", "latitude": -23.5384942, "longitude": -46.7568821, "fonte_geocodificacao": "Google Geocoding API", "opm_nome": "4.COMPANHIA DE POLICIA MILITAR", "opm_descricao": "CPA/M-5 23.BPM/M 4.CIA PM TERRITORIAL", "opm_codigo": "505234000" }, "geometry": { "type": "Point", "coordinates": [ -46.7568821, -23.5384942 ] } },
{ "type": "Feature", "properties": { "id_comando": "CPA/M-5", "nome_comando": "5º Comando de Policiamento de Área Metropolitana (CPA/M-5)", "nome_batalhao": "23º BPM/M", "tipo_batalhao": "Metropolitano", "companhia": "CIA F TAT", "cidade": "Sao Paulo", "endereco": "RUA GOMES DE MEDEIROS, 140, ALTO DE PINHEIROS - Sao Paulo", "latitude": -23.5482405, "longitude": -46.6984674, "fonte_geocodificacao": "Google Geocoding API", "opm_nome": "COMPANHIA DE FORCA TATICA DA POLICIA MILITAR", "opm_descricao": "CPA/M-5 23.BPM/M CIA F TAT", "opm_codigo": "505237000" }, "geometry": { "type": "Point", "coordinates": [ -46.6984674, -23.5482405 ] } },
{ "type": "Feature", "properties": { "id_comando": "CPA/M-5", "nome_comando": "5º Comando de Policiamento de Área Metropolitana (CPA/M-5)", "nome_batalhao": "23º BPM/M", "tipo_batalhao": "Metropolitano", "companhia": "COORD OP", "cidade": "Sao Paulo", "endereco": "RUA GOMES DE MEDEIROS, 140, ALTO DE PINHEIROS - Sao Paulo", "latitude": -23.5482405, "longitude": -46.6984674, "fonte_geocodificacao": "Google Geocoding API", "opm_nome": "COORDENADORIA OPERACIONAL", "opm_descricao": "CPA/M-5 23.BPM/M COORD OP", "opm_codigo": "505239000" }, "geometry": { "type": "Point", "coordinates": [ -46.6984674, -23.5482405 ] } },
{ "type": "Feature", "properties": { "id_comando": "CPA/M-5", "nome_comando": "5º Comando de Policiamento de Área Metropolitana (CPA/M-5)", "nome_batalhao": "23º BPM/M", "tipo_batalhao": "Metropolitano", "companhia": "EM", "cidade": "Sao Paulo", "endereco": "RUA GOMES DE MEDEIROS, 140, ALTO DE PINHEIROS - Sao Paulo", "latitude": -23.5482405, "longitude": -46.6984674, "fonte_geocodificacao": "Google Geocoding API", "opm_nome": "ESTADO-MAIOR", "opm_descricao": "CPA/M-5 23.BPM/M EM", "opm_codigo": "505238000" }, "geometry": { "type": "Point", "coordinates": [ -46.6984674, -23.5482405 ] } },
{ "type": "Feature", "properties": { "id_comando": "CPI-9", "nome_comando": "9º Comando de Policiamento do Interior (CPI-9)", "nome_batalhao": "24º BPM/I", "tipo_batalhao": "Interior", "companhia": "1.CIA PM", "cidade": "Sao Joao Da Boa Vista", "endereco": "AVENIDA SENADOR MARCOS FREIRE, 0  SEM NÚMERO, JARDIM AEROPORTO - Sao Joao Da Boa Vista", "latitude": -21.9781193, "longitude": -46.7809402, "fonte_geocodificacao": "Google Geocoding API", "opm_nome": "1.COMPANHIA DE POLICIA MILITAR", "opm_descricao": "CPI-9 24.BPM/I 1.CIA PM", "opm_codigo": "609241000" }, "geometry": { "type": "Point", "coordinates": [ -46.7809402, -21.9781193 ] } },
{ "type": "Feature", "properties": { "id_comando": "CPI-9", "nome_comando": "9º Comando de Policiamento do Interior (CPI-9)", "nome_batalhao": "24º BPM/I", "tipo_batalhao": "Interior", "companhia": "2.CIA PM", "cidade": "Casa Branca", "endereco": "RUA RENATO PISTELLI, 1200, JARDIM ALVORADA - Casa Branca", "latitude": -21.7786695, "longitude": -47.0730799, "fonte_geocodificacao": "Google Geocoding API", "opm_nome": "2.COMPANHIA DE POLICIA MILITAR", "opm_descricao": "CPI-9 24.BPM/I 2.CIA PM", "opm_codigo": "609242000" }, "geometry": { "type": "Point", "coordinates": [ -47.0730799, -21.7786695 ] } },
{ "type": "Feature", "properties": { "id_comando": "CPI-9", "nome_comando": "9º Comando de Policiamento do Interior (CPI-9)", "nome_batalhao": "24º BPM/I", "tipo_batalhao": "Interior", "companhia": "3.CIA PM", "cidade": "Mococa", "endereco": "AVENIDA MONSENHOR DEMOSTHENES PARANÁ BRASIL PONTES, 1685, CONJUNTO HABITACIONAL GILBERTO ROSSETTI - Mococa", "latitude": -21.4870511, "longitude": -47.009911, "fonte_geocodificacao": "Google Geocoding API", "opm_nome": "3.COMPANHIA DE POLICIA MILITAR", "opm_descricao": "CPI-9 24.BPM/I 3.CIA PM", "opm_codigo": "609243000" }, "geometry": { "type": "Point", "coordinates": [ -47.009911, -21.4870511 ] } },
{ "type": "Feature", "properties": { "id_comando": "CPI-9", "nome_comando": "9º Comando de Policiamento do Interior (CPI-9)", "nome_batalhao": "24º BPM/I", "tipo_batalhao": "Interior", "companhia": "4.CIA PM", "cidade": "Espirito Santo Do Pinhal", "endereco": "PRAÇA JOÃO PLINIO FERNANDES, 290, CENTRO - Espirito Santo Do Pinhal", "latitude": -22.1935729, "longitude": -46.7489861, "fonte_geocodificacao": "Google Geocoding API", "opm_nome": "4.COMPANHIA DE POLICIA MILITAR", "opm_descricao": "CPI-9 24.BPM/I 4.CIA PM", "opm_codigo": "609244000" }, "geometry": { "type": "Point", "coordinates": [ -46.7489861, -22.1935729 ] } },
{ "type": "Feature", "properties": { "id_comando": "CPI-9", "nome_comando": "9º Comando de Policiamento do Interior (CPI-9)", "nome_batalhao": "24º BPM/I", "tipo_batalhao": "Interior", "companhia": "CIA FT", "cidade": "Sao Joao Da Boa Vista", "endereco": "RUA ODILON DE PAULA GIÃO, 105  24.BPM/I CIA FT 1.PEL PM, JARDIM NOVA SÃO JOÃO - Sao Joao Da Boa Vista", "latitude": -21.9705427, "longitude": -46.7810127, "fonte_geocodificacao": "Google Geocoding API", "opm_nome": "1.PELOTAO DE POLICIA MILITAR", "opm_descricao": "CPI-9 24.BPM/I CIA FT 1.PEL PM", "opm_codigo": "609247100" }, "geometry": { "type": "Point", "coordinates": [ -46.781012700000012, -21.9705427 ] } },
{ "type": "Feature", "properties": { "id_comando": "CPI-9", "nome_comando": "9º Comando de Policiamento do Interior (CPI-9)", "nome_batalhao": "24º BPM/I", "tipo_batalhao": "Interior", "companhia": "COORD OP", "cidade": "Sao Joao Da Boa Vista", "endereco": "RUA ODILON DE PAULA GIÃO, 69, JARDIM NOVA SÃO JOÃO - Sao Joao Da Boa Vista", "latitude": -21.9705238, "longitude": -46.7807548, "fonte_geocodificacao": "Google Geocoding API", "opm_nome": "24.BPMI COORD OP", "opm_descricao": "CPI-9 24.BPM/I COORD OP", "opm_codigo": "609249000" }, "geometry": { "type": "Point", "coordinates": [ -46.7807548, -21.9705238 ] } },
{ "type": "Feature", "properties": { "id_comando": "CPI-9", "nome_comando": "9º Comando de Policiamento do Interior (CPI-9)", "nome_batalhao": "24º BPM/I", "tipo_batalhao": "Interior", "companhia": "EM", "cidade": "Sao Joao Da Boa Vista", "endereco": "RUA ODILON DE PAULA GIÃO, 69, JARDIM NOVA SÃO JOÃO - Sao Joao Da Boa Vista", "latitude": -21.9705238, "longitude": -46.7807548, "fonte_geocodificacao": "Google Geocoding API", "opm_nome": "ESTADO-MAIOR", "opm_descricao": "CPI-9 24.BPM/I EM", "opm_codigo": "609248000" }, "geometry": { "type": "Point", "coordinates": [ -46.7807548, -21.9705238 ] } },
{ "type": "Feature", "properties": { "id_comando": "CPA/M-6", "nome_comando": "6º Comando de Policiamento de Área Metropolitana (CPA/M-6)", "nome_batalhao": "24º BPM/M", "tipo_batalhao": "Metropolitano", "companhia": "1.CIA PM", "cidade": "Diadema", "endereco": "RETORNO AVENIDA PARANAPANEMA, 1500, TABOÃO - Diadema", "latitude": -23.6714246, "longitude": -46.6116514, "fonte_geocodificacao": "Google Geocoding API", "opm_nome": "1.COMPANHIA DE POLICIA MILITAR", "opm_descricao": "CPA/M-6 24.BPM/M 1.CIA PM TERRITORIAL", "opm_codigo": "406241000" }, "geometry": { "type": "Point", "coordinates": [ -46.6116514, -23.6714246 ] } },
{ "type": "Feature", "properties": { "id_comando": "CPA/M-6", "nome_comando": "6º Comando de Policiamento de Área Metropolitana (CPA/M-6)", "nome_batalhao": "24º BPM/M", "tipo_batalhao": "Metropolitano", "companhia": "2.CIA PM", "cidade": "Diadema", "endereco": "RUA BARÃO DE IGUAPE, 64, VILA SÃO JOSÉ - Diadema", "latitude": -23.6777685, "longitude": -46.583829, "fonte_geocodificacao": "Google Geocoding API", "opm_nome": "2.COMPANHIA DE POLICIA MILITAR", "opm_descricao": "CPA/M-6 24.BPM/M 2.CIA PM TERRITORIAL", "opm_codigo": "406242000" }, "geometry": { "type": "Point", "coordinates": [ -46.583829, -23.6777685 ] } },
{ "type": "Feature", "properties": { "id_comando": "CPA/M-6", "nome_comando": "6º Comando de Policiamento de Área Metropolitana (CPA/M-6)", "nome_batalhao": "24º BPM/M", "tipo_batalhao": "Metropolitano", "companhia": "3.CIA PM", "cidade": "Diadema", "endereco": "RUA MANOEL MOTA, 340, ELDORADO - Diadema", "latitude": -23.7193627, "longitude": -46.6271907, "fonte_geocodificacao": "Google Geocoding API", "opm_nome": "3.COMPANHIA DE POLICIA MILITAR", "opm_descricao": "CPA/M-6 24.BPM/M 3.CIA PM TERRITORIAL", "opm_codigo": "406243000" }, "geometry": { "type": "Point", "coordinates": [ -46.6271907, -23.7193627 ] } },
{ "type": "Feature", "properties": { "id_comando": "CPA/M-6", "nome_comando": "6º Comando de Policiamento de Área Metropolitana (CPA/M-6)", "nome_batalhao": "24º BPM/M", "tipo_batalhao": "Metropolitano", "companhia": "CIA F TAT", "cidade": "Diadema", "endereco": "AVENIDA NOSSA SENHORA DAS VITÓRIAS, 45  47, CENTRO - Diadema", "latitude": -23.687683, "longitude": -46.6255519, "fonte_geocodificacao": "Google Geocoding API", "opm_nome": "COMPANHIA DE FORCA TATICA DA POLICIA MILITAR", "opm_descricao": "CPA/M-6 24.BPM/M CIA F TAT", "opm_codigo": "406244000" }, "geometry": { "type": "Point", "coordinates": [ -46.6255519, -23.687683 ] } },
{ "type": "Feature", "properties": { "id_comando": "CPA/M-6", "nome_comando": "6º Comando de Policiamento de Área Metropolitana (CPA/M-6)", "nome_batalhao": "24º BPM/M", "tipo_batalhao": "Metropolitano", "companhia": "COORD OP", "cidade": "Diadema", "endereco": "AVENIDA NOSSA SENHORA DAS VITÓRIAS, 106, CENTRO - Diadema", "latitude": -23.6880659, "longitude": -46.6260456, "fonte_geocodificacao": "Google Geocoding API", "opm_nome": "COORDENADORIA OPERACIONAL", "opm_descricao": "CPA/M-6 24.BPM/M COORD OP", "opm_codigo": "406249000" }, "geometry": { "type": "Point", "coordinates": [ -46.6260456, -23.6880659 ] } },
{ "type": "Feature", "properties": { "id_comando": "CPA/M-6", "nome_comando": "6º Comando de Policiamento de Área Metropolitana (CPA/M-6)", "nome_batalhao": "24º BPM/M", "tipo_batalhao": "Metropolitano", "companhia": "EM", "cidade": "Diadema", "endereco": "AVENIDA NOSSA SENHORA DAS VITÓRIAS, 106, CENTRO - Diadema", "latitude": -23.6880659, "longitude": -46.6260456, "fonte_geocodificacao": "Google Geocoding API", "opm_nome": "ESTADO-MAIOR", "opm_descricao": "CPA/M-6 24.BPM/M EM", "opm_codigo": "406248000" }, "geometry": { "type": "Point", "coordinates": [ -46.6260456, -23.6880659 ] } },
{ "type": "Feature", "properties": { "id_comando": "CPI-8", "nome_comando": "8º Comando de Policiamento do Interior (CPI-8)", "nome_batalhao": "25º BPM/I", "tipo_batalhao": "Interior", "companhia": "1.CIA PM", "cidade": "Dracena", "endereco": "RUA MONTE CASTELO, 886, CENTRO - Dracena", "latitude": -21.4909662, "longitude": -51.5339166, "fonte_geocodificacao": "Google Geocoding API", "opm_nome": "1. COMPANHIA DE POLICIA MILITAR", "opm_descricao": "CPI-8 25.BPM/I 1.CIA PM", "opm_codigo": "608251000" }, "geometry": { "type": "Point", "coordinates": [ -51.5339166, -21.4909662 ] } },
{ "type": "Feature", "properties": { "id_comando": "CPI-8", "nome_comando": "8º Comando de Policiamento do Interior (CPI-8)", "nome_batalhao": "25º BPM/I", "tipo_batalhao": "Interior", "companhia": "2.CIA PM", "cidade": "Adamantina", "endereco": "RUA JOSEFINA DALL ANTONIA TIVERON, 200, CENTRO - Adamantina", "latitude": -21.688654, "longitude": -51.0692428, "fonte_geocodificacao": "Google Geocoding API", "opm_nome": "2. COMPANHIA DE POLICIA MILITAR", "opm_descricao": "CPI-8 25.BPM/I 2.CIA PM", "opm_codigo": "608252000" }, "geometry": { "type": "Point", "coordinates": [ -51.0692428, -21.688654 ] } },
{ "type": "Feature", "properties": { "id_comando": "CPI-8", "nome_comando": "8º Comando de Policiamento do Interior (CPI-8)", "nome_batalhao": "25º BPM/I", "tipo_batalhao": "Interior", "companhia": "3.CIA PM", "cidade": "Osvaldo Cruz", "endereco": "RUA RODOLFO ZAROS, 881, CENTRO - Osvaldo Cruz", "latitude": -21.7922717, "longitude": -50.8750835, "fonte_geocodificacao": "Google Geocoding API", "opm_nome": "3. COMPANHIA DE POLICIA MILITAR", "opm_descricao": "CPI-8 25.BPM/I 3.CIA PM", "opm_codigo": "608253000" }, "geometry": { "type": "Point", "coordinates": [ -50.8750835, -21.7922717 ] } },
{ "type": "Feature", "properties": { "id_comando": "CPI-8", "nome_comando": "8º Comando de Policiamento do Interior (CPI-8)", "nome_batalhao": "25º BPM/I", "tipo_batalhao": "Interior", "companhia": "4.CIA PM", "cidade": "Tupi Paulista", "endereco": "AVENIDA 9 DE JULHO, 233, CENTRO - Tupi Paulista", "latitude": -21.3813452, "longitude": -51.56486, "fonte_geocodificacao": "Google Geocoding API", "opm_nome": "4. COMPANHIA DE POLICIA MILITAR", "opm_descricao": "CPI-8 25.BPM/I 4.CIA PM", "opm_codigo": "608254000" }, "geometry": { "type": "Point", "coordinates": [ -51.56486, -21.3813452 ] } },
{ "type": "Feature", "properties": { "id_comando": "CPI-8", "nome_comando": "8º Comando de Policiamento do Interior (CPI-8)", "nome_batalhao": "25º BPM/I", "tipo_batalhao": "Interior", "companhia": "CIA FT", "cidade": "Dracena", "endereco": "AVENIDA ALCIDES CHACON COUTO, 502, METROPOLE - Dracena", "latitude": -21.485574, "longitude": -51.527131, "fonte_geocodificacao": "Google Geocoding API", "opm_nome": "COMPANHIA DE FORCA TATICA", "opm_descricao": "CPI-8 25.BPM/I CIA FT 0 0", "opm_codigo": "608256000" }, "geometry": { "type": "Point", "coordinates": [ -51.527131, -21.485574 ] } },
{ "type": "Feature", "properties": { "id_comando": "CPI-8", "nome_comando": "8º Comando de Policiamento do Interior (CPI-8)", "nome_batalhao": "25º BPM/I", "tipo_batalhao": "Interior", "companhia": "COORD OP", "cidade": "Dracena", "endereco": "AVENIDA ALCIDES CHACON COUTO, 502, METROPOLE - Dracena", "latitude": -21.485574, "longitude": -51.527131, "fonte_geocodificacao": "Google Geocoding API", "opm_nome": "COORDENADORIA OPERACIONAL", "opm_descricao": "CPI-8 25.BPM/I COORD OP 0 0", "opm_codigo": "608255000" }, "geometry": { "type": "Point", "coordinates": [ -51.527131, -21.485574 ] } },
{ "type": "Feature", "properties": { "id_comando": "CPI-8", "nome_comando": "8º Comando de Policiamento do Interior (CPI-8)", "nome_batalhao": "25º BPM/I", "tipo_batalhao": "Interior", "companhia": "EM", "cidade": "Dracena", "endereco": "AVENIDA ALCIDES CHACON COUTO, 502, METROPOLE - Dracena", "latitude": -21.485574, "longitude": -51.527131, "fonte_geocodificacao": "Google Geocoding API", "opm_nome": "ESTADO-MAIOR", "opm_descricao": "CPI-8 25.BPM/I EM", "opm_codigo": "608258000" }, "geometry": { "type": "Point", "coordinates": [ -51.527131, -21.485574 ] } },
{ "type": "Feature", "properties": { "id_comando": "CPA/M-8", "nome_comando": "8º Comando de Policiamento de Área Metropolitana (CPA/M-8)", "nome_batalhao": "25º BPM/M", "tipo_batalhao": "Metropolitano", "companhia": "1.CIA PM", "cidade": "Itapecerica Da Serra", "endereco": "RUA MONTEIRO LOBATO, 475, JARDIM JACIRA - Itapecerica Da Serra", "latitude": -23.7465542, "longitude": -46.7973929, "fonte_geocodificacao": "Google Geocoding API", "opm_nome": "1.COMPANHIA DE POLICIA MILITAR", "opm_descricao": "CPA/M-8 25.BPM/M 1.CIA PM TERRITORIAL", "opm_codigo": "408251000" }, "geometry": { "type": "Point", "coordinates": [ -46.7973929, -23.7465542 ] } },
{ "type": "Feature", "properties": { "id_comando": "CPA/M-8", "nome_comando": "8º Comando de Policiamento de Área Metropolitana (CPA/M-8)", "nome_batalhao": "25º BPM/M", "tipo_batalhao": "Metropolitano", "companhia": "2.CIA PM", "cidade": "Embu-Guacu", "endereco": "RUA CLOTILDE LOURO, 526, CENTRO - Embu-Guacu", "latitude": -23.8299417, "longitude": -46.8181895, "fonte_geocodificacao": "Google Geocoding API", "opm_nome": "2.COMPANHIA DE POLICIA MILITAR", "opm_descricao": "CPA/M-8 25.BPM/M 2.CIA PM TERRITORIAL", "opm_codigo": "408252000" }, "geometry": { "type": "Point", "coordinates": [ -46.8181895, -23.8299417 ] } },
{ "type": "Feature", "properties": { "id_comando": "CPA/M-8", "nome_comando": "8º Comando de Policiamento de Área Metropolitana (CPA/M-8)", "nome_batalhao": "25º BPM/M", "tipo_batalhao": "Metropolitano", "companhia": "COORD OP", "cidade": "Itapecerica Da Serra", "endereco": "RUA TAQUARAL, 28  0, JARDIM ITAPECERICA - Itapecerica Da Serra", "latitude": -23.6899766, "longitude": -46.8563726, "fonte_geocodificacao": "Google Geocoding API", "opm_nome": "COORDENADORIA OPERACIONAL", "opm_descricao": "CPA/M-8 25.BPM/M COORD OP", "opm_codigo": "408259000" }, "geometry": { "type": "Point", "coordinates": [ -46.8563726, -23.6899766 ] } },
{ "type": "Feature", "properties": { "id_comando": "CPA/M-8", "nome_comando": "8º Comando de Policiamento de Área Metropolitana (CPA/M-8)", "nome_batalhao": "25º BPM/M", "tipo_batalhao": "Metropolitano", "companhia": "EM", "cidade": "Itapecerica Da Serra", "endereco": "RUA TAQUARAL, 28  0, JARDIM ITAPECERICA - Itapecerica Da Serra", "latitude": -23.6899766, "longitude": -46.8563726, "fonte_geocodificacao": "Google Geocoding API", "opm_nome": "ESTADO-MAIOR", "opm_descricao": "CPA/M-8 25.BPM/M EM", "opm_codigo": "408258000" }, "geometry": { "type": "Point", "coordinates": [ -46.8563726, -23.6899766 ] } },
{ "type": "Feature", "properties": { "id_comando": "CPI-2", "nome_comando": "2º Comando de Policiamento do Interior (CPI-2)", "nome_batalhao": "26º BPM/I", "tipo_batalhao": "Interior", "companhia": "1.CIA PM", "cidade": "Mogi Guacu", "endereco": "RUA DOUTOR BENEDITO M DE MATOS, 45, JARDIM CENTENARIO - Mogi Guacu", "latitude": -22.3653198, "longitude": -46.9475057, "fonte_geocodificacao": "Google Geocoding API", "opm_nome": "1. COMPANHIA DE POLICIA MILITAR", "opm_descricao": "CPI-2 26.BPM/I 1.CIA PM", "opm_codigo": "602261000" }, "geometry": { "type": "Point", "coordinates": [ -46.9475057, -22.3653198 ] } },
{ "type": "Feature", "properties": { "id_comando": "CPI-2", "nome_comando": "2º Comando de Policiamento do Interior (CPI-2)", "nome_batalhao": "26º BPM/I", "tipo_batalhao": "Interior", "companhia": "3.CIA PM", "cidade": "Itapira", "endereco": "RUA DUQUE DE CAXIAS, 727, SANTA CRUZ - Itapira", "latitude": -22.4415473, "longitude": -46.8312616, "fonte_geocodificacao": "Google Geocoding API", "opm_nome": "3. COMPANHIA DE POLICIA MILITAR", "opm_descricao": "CPI-2 26.BPM/I 3.CIA PM", "opm_codigo": "602263000" }, "geometry": { "type": "Point", "coordinates": [ -46.8312616, -22.4415473 ] } },
{ "type": "Feature", "properties": { "id_comando": "CPI-2", "nome_comando": "2º Comando de Policiamento do Interior (CPI-2)", "nome_batalhao": "26º BPM/I", "tipo_batalhao": "Interior", "companhia": "CIA FT", "cidade": "Mogi Guacu", "endereco": "RUA DOUTOR BENEDITO M DE MATOS, 45, JARDIM CENTENARIO - Mogi Guacu", "latitude": -22.3653198, "longitude": -46.9475057, "fonte_geocodificacao": "Google Geocoding API", "opm_nome": "COMPANHIA DE FORCA TATICA", "opm_descricao": "CPI-2 26.BPM/I CIA FT", "opm_codigo": "602266000" }, "geometry": { "type": "Point", "coordinates": [ -46.9475057, -22.3653198 ] } },
{ "type": "Feature", "properties": { "id_comando": "CPI-2", "nome_comando": "2º Comando de Policiamento do Interior (CPI-2)", "nome_batalhao": "26º BPM/I", "tipo_batalhao": "Interior", "companhia": "COORD OP", "cidade": "Mogi Guacu", "endereco": "RUA JOSE PENTEADO, 90, JARDIM NOVO I - Mogi Guacu", "latitude": -22.3472738, "longitude": -46.9386512, "fonte_geocodificacao": "Google Geocoding API", "opm_nome": "COORD OP", "opm_descricao": "CPI-2 26.BPM/I COORD OP", "opm_codigo": "602267000" }, "geometry": { "type": "Point", "coordinates": [ -46.9386512, -22.3472738 ] } },
{ "type": "Feature", "properties": { "id_comando": "CPI-2", "nome_comando": "2º Comando de Policiamento do Interior (CPI-2)", "nome_batalhao": "26º BPM/I", "tipo_batalhao": "Interior", "companhia": "EM", "cidade": "Mogi Guacu", "endereco": "RUA JOSE PENTEADO, 90, JARDIM NOVO I - Mogi Guacu", "latitude": -22.3472738, "longitude": -46.9386512, "fonte_geocodificacao": "Google Geocoding API", "opm_nome": "ESTADO-MAIOR", "opm_descricao": "CPI-2 26.BPM/I EM", "opm_codigo": "602268000" }, "geometry": { "type": "Point", "coordinates": [ -46.9386512, -22.3472738 ] } },
{ "type": "Feature", "properties": { "id_comando": "CPA/M-7", "nome_comando": "7º Comando de Policiamento de Área Metropolitana (CPA/M-7)", "nome_batalhao": "26º BPM/M", "tipo_batalhao": "Metropolitano", "companhia": "1.CIA PM", "cidade": "Franco Da Rocha", "endereco": "R DR FRANCO DA ROCHA, FRANCO DA ROCHA, 201  26BPMM-1CIA, VILA ZANELA - Franco Da Rocha", "latitude": -23.3292393, "longitude": -46.7227872, "fonte_geocodificacao": "Google Geocoding API", "opm_nome": "1.COMPANHIA DE POLICIA MILITAR", "opm_descricao": "CPA/M-7 26.BPM/M 1.CIA PM TERRITORIAL", "opm_codigo": "407261000" }, "geometry": { "type": "Point", "coordinates": [ -46.7227872, -23.3292393 ] } },
{ "type": "Feature", "properties": { "id_comando": "CPA/M-7", "nome_comando": "7º Comando de Policiamento de Área Metropolitana (CPA/M-7)", "nome_batalhao": "26º BPM/M", "tipo_batalhao": "Metropolitano", "companhia": "2.CIA PM", "cidade": "Mairipora", "endereco": "RUA IPIRANGA, MAIRIPORA, 275  26BPMM-2CIA, CENTRO - Mairipora", "latitude": -23.32113, "longitude": -46.5899021, "fonte_geocodificacao": "Google Geocoding API", "opm_nome": "2.COMPANHIA DE POLICIA MILITAR", "opm_descricao": "CPA/M-7 26.BPM/M 2.CIA PM TERRITORIAL", "opm_codigo": "407262000" }, "geometry": { "type": "Point", "coordinates": [ -46.5899021, -23.32113 ] } },
{ "type": "Feature", "properties": { "id_comando": "CPA/M-7", "nome_comando": "7º Comando de Policiamento de Área Metropolitana (CPA/M-7)", "nome_batalhao": "26º BPM/M", "tipo_batalhao": "Metropolitano", "companhia": "3.CIA PM", "cidade": "Cajamar", "endereco": "RUA ALFREDO DEL VIGNA, CAJAMAR, 200  26BPMM-3CIA, JORDANESIA - Cajamar", "latitude": -23.3379695, "longitude": -46.8394214, "fonte_geocodificacao": "Google Geocoding API", "opm_nome": "3.COMPANHIA DE POLICIA MILITAR", "opm_descricao": "CPA/M-7 26.BPM/M 3.CIA PM TERRITORIAL", "opm_codigo": "407263000" }, "geometry": { "type": "Point", "coordinates": [ -46.8394214, -23.3379695 ] } },
{ "type": "Feature", "properties": { "id_comando": "CPA/M-7", "nome_comando": "7º Comando de Policiamento de Área Metropolitana (CPA/M-7)", "nome_batalhao": "26º BPM/M", "tipo_batalhao": "Metropolitano", "companhia": "4.CIA PM", "cidade": "Francisco Morato", "endereco": "RUA VINTE E UM DE MARÇO, FCO MORATO, 530  26BPMM-4CIA, CENTRO - Francisco Morato", "latitude": -23.2839427, "longitude": -46.7463493, "fonte_geocodificacao": "Google Geocoding API", "opm_nome": "4.COMPANHIA DE POLICIA MILITAR", "opm_descricao": "CPA/M-7 26.BPM/M 4.CIA PM TERRITORIAL", "opm_codigo": "407264000" }, "geometry": { "type": "Point", "coordinates": [ -46.7463493, -23.2839427 ] } },
{ "type": "Feature", "properties": { "id_comando": "CPA/M-7", "nome_comando": "7º Comando de Policiamento de Área Metropolitana (CPA/M-7)", "nome_batalhao": "26º BPM/M", "tipo_batalhao": "Metropolitano", "companhia": "5.CIA PM", "cidade": "Caieiras", "endereco": "RUA AMBROSINA DO CARMO BUONAGUIDE - CAIEIRAS, 438  26BPMM 5ªCIA, CENTRO - Caieiras", "latitude": -23.3629894, "longitude": -46.7422073, "fonte_geocodificacao": "Google Geocoding API", "opm_nome": "5.COMPANHIA DE POLICIA MILITAR", "opm_descricao": "CPA/M-7 26.BPM/M 5.CIA PM TERRITORIAL", "opm_codigo": "407265000" }, "geometry": { "type": "Point", "coordinates": [ -46.7422073, -23.3629894 ] } },
{ "type": "Feature", "properties": { "id_comando": "CPA/M-7", "nome_comando": "7º Comando de Policiamento de Área Metropolitana (CPA/M-7)", "nome_batalhao": "26º BPM/M", "tipo_batalhao": "Metropolitano", "companhia": "CIA FT", "cidade": "Franco Da Rocha", "endereco": "AVENIDA DOS COQUEIROS, 1, SAUL CARDOSO - Franco Da Rocha", "latitude": -23.3346487, "longitude": -46.7282533, "fonte_geocodificacao": "Google Geocoding API", "opm_nome": "COMPANHIA DE FORCA TATICA DA POLICIA MILITAR", "opm_descricao": "CPA/M-7 26.BPM/M CIA FT", "opm_codigo": "407267000" }, "geometry": { "type": "Point", "coordinates": [ -46.7282533, -23.3346487 ] } },
{ "type": "Feature", "properties": { "id_comando": "CPA/M-7", "nome_comando": "7º Comando de Policiamento de Área Metropolitana (CPA/M-7)", "nome_batalhao": "26º BPM/M", "tipo_batalhao": "Metropolitano", "companhia": "COORD OP", "cidade": "Franco Da Rocha", "endereco": "AVENIDA DOS COQUEIROS, FCO DA ROCHA, 0  26BPMM-COMPLEXO DO JUQUERI-S/N, CENTRO - Franco Da Rocha", "latitude": -23.3346487, "longitude": -46.7282533, "fonte_geocodificacao": "Google Geocoding API", "opm_nome": "COORDENADORIA OPERACIONAL", "opm_descricao": "CPA/M-7 26.BPM/M COORD OP", "opm_codigo": "407269000" }, "geometry": { "type": "Point", "coordinates": [ -46.7282533, -23.3346487 ] } },
{ "type": "Feature", "properties": { "id_comando": "CPA/M-7", "nome_comando": "7º Comando de Policiamento de Área Metropolitana (CPA/M-7)", "nome_batalhao": "26º BPM/M", "tipo_batalhao": "Metropolitano", "companhia": "EM", "cidade": "Franco Da Rocha", "endereco": "AVENIDA DOS COQUEIROS, FCO DA ROCHA, 0  26BPMM-COMPLEXO DO JUQUERI-S/N, CENTRO - Franco Da Rocha", "latitude": -23.3346487, "longitude": -46.7282533, "fonte_geocodificacao": "Google Geocoding API", "opm_nome": "ESTADO-MAIOR", "opm_descricao": "CPA/M-7 26.BPM/M EM", "opm_codigo": "407268000" }, "geometry": { "type": "Point", "coordinates": [ -46.7282533, -23.3346487 ] } },
{ "type": "Feature", "properties": { "id_comando": "CPI-4", "nome_comando": "4º Comando de Policiamento do Interior (CPI-4)", "nome_batalhao": "27º BPM/I", "tipo_batalhao": "Interior", "companhia": "1.CIA PM", "cidade": "Jau", "endereco": "RUA RIACHUELO, 941, CENTRO - Jau", "latitude": -22.2926945, "longitude": -48.5614857, "fonte_geocodificacao": "Google Geocoding API", "opm_nome": "1. COMPANHIA DE POLICIA MILITAR", "opm_descricao": "CPI-4 27.BPM/I 1.CIA PM", "opm_codigo": "604271000" }, "geometry": { "type": "Point", "coordinates": [ -48.5614857, -22.2926945 ] } },
{ "type": "Feature", "properties": { "id_comando": "CPI-4", "nome_comando": "4º Comando de Policiamento do Interior (CPI-4)", "nome_batalhao": "27º BPM/I", "tipo_batalhao": "Interior", "companhia": "2.CIA PM", "cidade": "Barra Bonita", "endereco": "RUA QUATORZE DE DEZEMBRO, 613, CENTRO - Barra Bonita", "latitude": -22.4952062, "longitude": -48.5570441, "fonte_geocodificacao": "Google Geocoding API", "opm_nome": "2. COMPANHIA DE POLICIA MILITAR", "opm_descricao": "CPI-4 27.BPM/I 2.CIA PM", "opm_codigo": "604272000" }, "geometry": { "type": "Point", "coordinates": [ -48.557044100000013, -22.4952062 ] } },
{ "type": "Feature", "properties": { "id_comando": "CPI-4", "nome_comando": "4º Comando de Policiamento do Interior (CPI-4)", "nome_batalhao": "27º BPM/I", "tipo_batalhao": "Interior", "companhia": "3.CIA PM", "cidade": "Bariri", "endereco": "RUA XV DE NOVEMBRO, 27, CENTRO - Bariri", "latitude": -22.066797210325753, "longitude": -48.718829121216423, "fonte_geocodificacao": "Centroide do município-sede (geocodificação rejeitada: fora dos limites do município)", "opm_nome": "3. COMPANHIA DE POLICIA MILITAR", "opm_descricao": "CPI-4 27.BPM/I 3.CIA PM", "opm_codigo": "604273000" }, "geometry": { "type": "Point", "coordinates": [ -48.718829121216423, -22.066797210325753 ] } },
{ "type": "Feature", "properties": { "id_comando": "CPI-4", "nome_comando": "4º Comando de Policiamento do Interior (CPI-4)", "nome_batalhao": "27º BPM/I", "tipo_batalhao": "Interior", "companhia": "CIA FT", "cidade": "Jau", "endereco": "Avenida Capitão Alberto Mendes Júnior, esquina com Av. Pref.  Alfeu Fabris, 15, Jd Padre Augusto Sani - Jau", "latitude": -22.3184904, "longitude": -48.5850265, "fonte_geocodificacao": "Google Geocoding API", "opm_nome": "COMPANHIA DE FORCA TATICA - JAU", "opm_descricao": "CPI-4 27.BPM/I CIA FT", "opm_codigo": "604276000" }, "geometry": { "type": "Point", "coordinates": [ -48.5850265, -22.3184904 ] } },
{ "type": "Feature", "properties": { "id_comando": "CPI-4", "nome_comando": "4º Comando de Policiamento do Interior (CPI-4)", "nome_batalhao": "27º BPM/I", "tipo_batalhao": "Interior", "companhia": "COORD OP", "cidade": "Jau", "endereco": "RUA VINTE E QUATRO DE MAIO, 943, VILA NOVA - Jau", "latitude": -22.2981208, "longitude": -48.5672303, "fonte_geocodificacao": "Google Geocoding API", "opm_nome": "27.BPM/I COORD OP", "opm_descricao": "CPI-4 27.BPM/I COORD OP", "opm_codigo": "604277000" }, "geometry": { "type": "Point", "coordinates": [ -48.5672303, -22.2981208 ] } },
{ "type": "Feature", "properties": { "id_comando": "CPI-4", "nome_comando": "4º Comando de Policiamento do Interior (CPI-4)", "nome_batalhao": "27º BPM/I", "tipo_batalhao": "Interior", "companhia": "EM", "cidade": "Jau", "endereco": "RUA VINTE E QUATRO DE MAIO, 943, VILA NOVA - Jau", "latitude": -22.2981208, "longitude": -48.5672303, "fonte_geocodificacao": "Google Geocoding API", "opm_nome": "ESTADO-MAIOR", "opm_descricao": "CPI-4 27.BPM/I EM", "opm_codigo": "604278000" }, "geometry": { "type": "Point", "coordinates": [ -48.5672303, -22.2981208 ] } },
{ "type": "Feature", "properties": { "id_comando": "CPA/M-10", "nome_comando": "10º Comando de Policiamento de Área Metropolitana (CPA/M-10)", "nome_batalhao": "27º BPM/M", "tipo_batalhao": "Metropolitano", "companhia": "1.CIA PM", "cidade": "Sao Paulo", "endereco": "RUA GIORGIO ALIONE, 23, CIDADE DUTRA - Sao Paulo", "latitude": -23.7380815, "longitude": -46.7041242, "fonte_geocodificacao": "Google Geocoding API", "opm_nome": "1. COMPANHIA DE POLICIA MILITAR", "opm_descricao": "CPA/M-10 27.BPM/M 1.CIA PM TERRITORIAL", "opm_codigo": "510271000" }, "geometry": { "type": "Point", "coordinates": [ -46.7041242, -23.7380815 ] } },
{ "type": "Feature", "properties": { "id_comando": "CPA/M-10", "nome_comando": "10º Comando de Policiamento de Área Metropolitana (CPA/M-10)", "nome_batalhao": "27º BPM/M", "tipo_batalhao": "Metropolitano", "companhia": "2.CIA PM", "cidade": "Sao Paulo", "endereco": "RUA SADAMU INOUE, 6775, PARELHEIROS - Sao Paulo", "latitude": -23.8263788, "longitude": -46.7322077, "fonte_geocodificacao": "Google Geocoding API", "opm_nome": "2. COMPANHIA DE POLICIA MILITAR", "opm_descricao": "CPA/M-10 27.BPM/M 2.CIA PM TERRITORIAL", "opm_codigo": "510272000" }, "geometry": { "type": "Point", "coordinates": [ -46.7322077, -23.8263788 ] } },
{ "type": "Feature", "properties": { "id_comando": "CPA/M-10", "nome_comando": "10º Comando de Policiamento de Área Metropolitana (CPA/M-10)", "nome_batalhao": "27º BPM/M", "tipo_batalhao": "Metropolitano", "companhia": "3.CIA PM", "cidade": "Sao Paulo", "endereco": "AVENIDA SENADOR TEOTONIO VILELA, 37, SOCORRO - Sao Paulo", "latitude": -23.7017544, "longitude": -46.7011907, "fonte_geocodificacao": "Google Geocoding API", "opm_nome": "3. COMPANHIA DE POLICIA MILITAR", "opm_descricao": "CPA/M-10 27.BPM/M 3.CIA PM TERRITORIAL", "opm_codigo": "510273000" }, "geometry": { "type": "Point", "coordinates": [ -46.7011907, -23.7017544 ] } },
{ "type": "Feature", "properties": { "id_comando": "CPA/M-10", "nome_comando": "10º Comando de Policiamento de Área Metropolitana (CPA/M-10)", "nome_batalhao": "27º BPM/M", "tipo_batalhao": "Metropolitano", "companhia": "4.CIA PM", "cidade": "Sao Paulo", "endereco": "RUA ELOI PONTES, 56, JD COLONIAL - Sao Paulo", "latitude": -23.7220403, "longitude": -46.6892795, "fonte_geocodificacao": "Google Geocoding API", "opm_nome": "4. COMPANHIA DE POLICIA MILITAR", "opm_descricao": "CPA/M-10 27.BPM/M 4.CIA PM TERRITORIAL", "opm_codigo": "510274000" }, "geometry": { "type": "Point", "coordinates": [ -46.6892795, -23.7220403 ] } },
{ "type": "Feature", "properties": { "id_comando": "CPA/M-10", "nome_comando": "10º Comando de Policiamento de Área Metropolitana (CPA/M-10)", "nome_batalhao": "27º BPM/M", "tipo_batalhao": "Metropolitano", "companhia": "CIA F TAT", "cidade": "Sao Paulo", "endereco": "RUA ROSALIA GRISI SANDOVAL, 270, PQ AMERICA - Sao Paulo", "latitude": -23.7369281, "longitude": -46.6912335, "fonte_geocodificacao": "Google Geocoding API", "opm_nome": "COMPANHIA DE FORCA TATICA DA POLICIA MILITAR", "opm_descricao": "CPA/M-10 27.BPM/M CIA F TAT", "opm_codigo": "510276000" }, "geometry": { "type": "Point", "coordinates": [ -46.6912335, -23.7369281 ] } },
{ "type": "Feature", "properties": { "id_comando": "CPA/M-10", "nome_comando": "10º Comando de Policiamento de Área Metropolitana (CPA/M-10)", "nome_batalhao": "27º BPM/M", "tipo_batalhao": "Metropolitano", "companhia": "COORD OP", "cidade": "Sao Paulo", "endereco": "RUA ROSALIA GRISI SANDOVAL, 270, PQ AMERICA - Sao Paulo", "latitude": -23.7369281, "longitude": -46.6912335, "fonte_geocodificacao": "Google Geocoding API", "opm_nome": "COORDENADOR OPERACIONAL", "opm_descricao": "CPA/M-10 27.BPM/M COORD OP", "opm_codigo": "510277000" }, "geometry": { "type": "Point", "coordinates": [ -46.6912335, -23.7369281 ] } },
{ "type": "Feature", "properties": { "id_comando": "CPA/M-10", "nome_comando": "10º Comando de Policiamento de Área Metropolitana (CPA/M-10)", "nome_batalhao": "27º BPM/M", "tipo_batalhao": "Metropolitano", "companhia": "EM", "cidade": "Sao Paulo", "endereco": "RUA ROSALIA GRISI SANDOVAL, 270, PQ AMERICA - Sao Paulo", "latitude": -23.7369281, "longitude": -46.6912335, "fonte_geocodificacao": "Google Geocoding API", "opm_nome": "ESTADO-MAIOR", "opm_descricao": "CPA/M-10 27.BPM/M EM", "opm_codigo": "510278000" }, "geometry": { "type": "Point", "coordinates": [ -46.6912335, -23.7369281 ] } },
{ "type": "Feature", "properties": { "id_comando": "CPA/M-10", "nome_comando": "10º Comando de Policiamento de Área Metropolitana (CPA/M-10)", "nome_batalhao": "27º BPM/M", "tipo_batalhao": "Metropolitano", "companhia": "GAB ODONTO", "cidade": "Sao Paulo", "endereco": "RUA ROSALIA GRISI SANDOVAL, 270, PQ AMERICA - Sao Paulo", "latitude": -23.7369281, "longitude": -46.6912335, "fonte_geocodificacao": "Google Geocoding API", "opm_nome": "27.BPM/M GAB ODONTO", "opm_descricao": "CPA/M-10 27.BPM/M GAB ODONTO", "opm_codigo": "510279000" }, "geometry": { "type": "Point", "coordinates": [ -46.6912335, -23.7369281 ] } },
{ "type": "Feature", "properties": { "id_comando": "CPI-10", "nome_comando": "10º Comando de Policiamento do Interior (CPI-10)", "nome_batalhao": "28º BPM/I", "tipo_batalhao": "Interior", "companhia": "1.CIA PM", "cidade": "Andradina", "endereco": "AVENIDA BARÃO DO RIO BRANCO, 405, PARQUE SANTO ANTONIO - Andradina", "latitude": -20.8939599, "longitude": -51.3882225, "fonte_geocodificacao": "Google Geocoding API", "opm_nome": "1. COMPANHIA DE POLICIA MILITAR", "opm_descricao": "CPI-10 28.BPM/I 1.CIA PM", "opm_codigo": "610281000" }, "geometry": { "type": "Point", "coordinates": [ -51.3882225, -20.8939599 ] } },
{ "type": "Feature", "properties": { "id_comando": "CPI-10", "nome_comando": "10º Comando de Policiamento do Interior (CPI-10)", "nome_batalhao": "28º BPM/I", "tipo_batalhao": "Interior", "companhia": "2.CIA PM", "cidade": "Ilha Solteira", "endereco": "ALAMEDA GOIAS, 256, CENTRO - Ilha Solteira", "latitude": -20.4247837, "longitude": -51.3449298, "fonte_geocodificacao": "Google Geocoding API", "opm_nome": "2. COMPANHIA DE POLICIA MILITAR", "opm_descricao": "CPI-10 28.BPM/I 2.CIA PM", "opm_codigo": "610282000" }, "geometry": { "type": "Point", "coordinates": [ -51.3449298, -20.4247837 ] } },
{ "type": "Feature", "properties": { "id_comando": "CPI-10", "nome_comando": "10º Comando de Policiamento do Interior (CPI-10)", "nome_batalhao": "28º BPM/I", "tipo_batalhao": "Interior", "companhia": "3.CIA PM", "cidade": "Mirandopolis", "endereco": "AVENIDA SÃO PAULO, 272, BAIRRO PAULICEIA - Mirandopolis", "latitude": -21.081085580381888, "longitude": -51.130531906892152, "fonte_geocodificacao": "Centroide do município-sede (geocodificação rejeitada: fora dos limites do município)", "opm_nome": "3. COMPANHIA DE POLICIA MILITAR", "opm_descricao": "CPI-10 28.BPM/I 3.CIA PM", "opm_codigo": "610283000" }, "geometry": { "type": "Point", "coordinates": [ -51.130531906892152, -21.081085580381888 ] } },
{ "type": "Feature", "properties": { "id_comando": "CPI-10", "nome_comando": "10º Comando de Policiamento do Interior (CPI-10)", "nome_batalhao": "28º BPM/I", "tipo_batalhao": "Interior", "companhia": "CIA FT", "cidade": "Andradina", "endereco": "AVENIDA BARÃO DO RIO BRANCO, 405, PQ SANTO ANTONIO - Andradina", "latitude": -20.8939599, "longitude": -51.3882225, "fonte_geocodificacao": "Google Geocoding API", "opm_nome": "COMPANHIA DE FORCA TATICA", "opm_descricao": "CPI-10 28.BPM/I CIA FT", "opm_codigo": "610285000" }, "geometry": { "type": "Point", "coordinates": [ -51.3882225, -20.8939599 ] } },
{ "type": "Feature", "properties": { "id_comando": "CPI-10", "nome_comando": "10º Comando de Policiamento do Interior (CPI-10)", "nome_batalhao": "28º BPM/I", "tipo_batalhao": "Interior", "companhia": "COORD OP", "cidade": "Andradina", "endereco": "AVENIDA BARÃO DO RIO BRANCO, 405, PQ SANTO ANTONIO - Andradina", "latitude": -20.8939599, "longitude": -51.3882225, "fonte_geocodificacao": "Google Geocoding API", "opm_nome": "COORD OP", "opm_descricao": "CPI-10 28.BPM/I COORD OP 0 0", "opm_codigo": "610284000" }, "geometry": { "type": "Point", "coordinates": [ -51.3882225, -20.8939599 ] } },
{ "type": "Feature", "properties": { "id_comando": "CPI-10", "nome_comando": "10º Comando de Policiamento do Interior (CPI-10)", "nome_batalhao": "28º BPM/I", "tipo_batalhao": "Interior", "companhia": "EM", "cidade": "Andradina", "endereco": "RUA BARÃO DO RIO BRANCO, 405, PARQUE SANTO ANTONIO - Andradina", "latitude": -20.8965224, "longitude": -51.3835841, "fonte_geocodificacao": "Google Geocoding API", "opm_nome": "ESTADO-MAIOR", "opm_descricao": "CPI-10 28.BPM/I EM", "opm_codigo": "610288000" }, "geometry": { "type": "Point", "coordinates": [ -51.3835841, -20.8965224 ] } },
{ "type": "Feature", "properties": { "id_comando": "CPA/M-9", "nome_comando": "9º Comando de Policiamento de Área Metropolitana (CPA/M-9)", "nome_batalhao": "28º BPM/M", "tipo_batalhao": "Metropolitano", "companhia": "1.CIA PM", "cidade": "Sao Paulo", "endereco": "RUA SALVADOR GIANETTI, 386, GUAIANASES - Sao Paulo", "latitude": -23.5425727, "longitude": -46.4189481, "fonte_geocodificacao": "Google Geocoding API", "opm_nome": "1.COMPANHIA DE POLICIA MILITAR", "opm_descricao": "CPA/M-9 28.BPM/M 1.CIA PM TERRITORIAL", "opm_codigo": "509281000" }, "geometry": { "type": "Point", "coordinates": [ -46.418948099999987, -23.5425727 ] } },
{ "type": "Feature", "properties": { "id_comando": "CPA/M-9", "nome_comando": "9º Comando de Policiamento de Área Metropolitana (CPA/M-9)", "nome_batalhao": "28º BPM/M", "tipo_batalhao": "Metropolitano", "companhia": "2.CIA PM", "cidade": "Sao Paulo", "endereco": "AVENIDA JACU-PESSEGO, 2708, SAO MIGUEL - Sao Paulo", "latitude": -23.5251282, "longitude": -46.4573004, "fonte_geocodificacao": "Google Geocoding API", "opm_nome": "2.COMPANHIA DE POLICIA MILITAR", "opm_descricao": "CPA/M-9 28.BPM/M 2.CIA PM TERRITORIAL", "opm_codigo": "509282000" }, "geometry": { "type": "Point", "coordinates": [ -46.4573004, -23.5251282 ] } },
{ "type": "Feature", "properties": { "id_comando": "CPA/M-9", "nome_comando": "9º Comando de Policiamento de Área Metropolitana (CPA/M-9)", "nome_batalhao": "28º BPM/M", "tipo_batalhao": "Metropolitano", "companhia": "3.CIA PM", "cidade": "Sao Paulo", "endereco": "AVENIDA DOS METALURGICOS, 120, CIDADE TIRADENTES - Sao Paulo", "latitude": -23.5841945, "longitude": -46.4091966, "fonte_geocodificacao": "Google Geocoding API", "opm_nome": "3.COMPANHIA DE POLICIA MILITAR", "opm_descricao": "CPA/M-9 28.BPM/M 3.CIA PM TERRITORIAL", "opm_codigo": "509283000" }, "geometry": { "type": "Point", "coordinates": [ -46.4091966, -23.5841945 ] } },
{ "type": "Feature", "properties": { "id_comando": "CPA/M-9", "nome_comando": "9º Comando de Policiamento de Área Metropolitana (CPA/M-9)", "nome_batalhao": "28º BPM/M", "tipo_batalhao": "Metropolitano", "companhia": "CIA F TAT", "cidade": "Sao Paulo", "endereco": "RUA ERNESTO GOULD, 317, CIDADE TIRADENTES - Sao Paulo", "latitude": -23.5886011, "longitude": -46.4071641, "fonte_geocodificacao": "Google Geocoding API", "opm_nome": "COMPANHIA DE FORCA TATICA DA POLICIA MILITAR", "opm_descricao": "CPA/M-9 28.BPM/M CIA F TAT", "opm_codigo": "509287000" }, "geometry": { "type": "Point", "coordinates": [ -46.4071641, -23.5886011 ] } },
{ "type": "Feature", "properties": { "id_comando": "CPA/M-9", "nome_comando": "9º Comando de Policiamento de Área Metropolitana (CPA/M-9)", "nome_batalhao": "28º BPM/M", "tipo_batalhao": "Metropolitano", "companhia": "COORD OP", "cidade": "Sao Paulo", "endereco": "RUA VENANCIO LISBOA, 310, PARQUE DO CARMO - Sao Paulo", "latitude": -23.5678862, "longitude": -46.4700656, "fonte_geocodificacao": "Google Geocoding API", "opm_nome": "COORD OP", "opm_descricao": "CPA/M-9 28.BPM/M COORD OP", "opm_codigo": "509289000" }, "geometry": { "type": "Point", "coordinates": [ -46.4700656, -23.5678862 ] } },
{ "type": "Feature", "properties": { "id_comando": "CPA/M-9", "nome_comando": "9º Comando de Policiamento de Área Metropolitana (CPA/M-9)", "nome_batalhao": "28º BPM/M", "tipo_batalhao": "Metropolitano", "companhia": "EM", "cidade": "Sao Paulo", "endereco": "RUA VENANCIO LISBOA, 310, PARQUE DO CARMO - Sao Paulo", "latitude": -23.5678862, "longitude": -46.4700656, "fonte_geocodificacao": "Google Geocoding API", "opm_nome": "ESTADO-MAIOR", "opm_descricao": "CPA/M-9 28.BPM/M EM", "opm_codigo": "509288000" }, "geometry": { "type": "Point", "coordinates": [ -46.4700656, -23.5678862 ] } },
{ "type": "Feature", "properties": { "id_comando": "CPI-6", "nome_comando": "6º Comando de Policiamento do Interior (CPI-6)", "nome_batalhao": "29º BPM/I", "tipo_batalhao": "Interior", "companhia": "1.CIA PM", "cidade": "Mongagua", "endereco": "Rua Antônio Martins Araújo, 180, CENTRO - Mongagua", "latitude": -24.092669, "longitude": -46.620667, "fonte_geocodificacao": "Google Geocoding API", "opm_nome": "1. COMPANHIA DE POLICIA MILITAR", "opm_descricao": "CPI-6 29.BPM/I 1.CIA PM", "opm_codigo": "606291000" }, "geometry": { "type": "Point", "coordinates": [ -46.620667, -24.092669 ] } },
{ "type": "Feature", "properties": { "id_comando": "CPI-6", "nome_comando": "6º Comando de Policiamento do Interior (CPI-6)", "nome_batalhao": "29º BPM/I", "tipo_batalhao": "Interior", "companhia": "2.CIA PM", "cidade": "Itanhaem", "endereco": "RUA JOÃO BATISTA LEAL, 755, CENTRO - Itanhaem", "latitude": -24.1877513, "longitude": -46.7952827, "fonte_geocodificacao": "Google Geocoding API", "opm_nome": "2. COMPANHIA DE POLICIA MILITAR", "opm_descricao": "CPI-6 29.BPM/I 2.CIA PM", "opm_codigo": "606292000" }, "geometry": { "type": "Point", "coordinates": [ -46.7952827, -24.1877513 ] } },
{ "type": "Feature", "properties": { "id_comando": "CPI-6", "nome_comando": "6º Comando de Policiamento do Interior (CPI-6)", "nome_batalhao": "29º BPM/I", "tipo_batalhao": "Interior", "companhia": "3.CIA PM", "cidade": "Peruibe", "endereco": "RUA RIO DE JANEIRO, 330, JARDIM STELLA MARIS - Peruibe", "latitude": -24.3138781, "longitude": -46.9946506, "fonte_geocodificacao": "Google Geocoding API", "opm_nome": "3. COMPANHIA DE POLICIA MILITAR", "opm_descricao": "CPI-6 29.BPM/I 3.CIA PM", "opm_codigo": "606293000" }, "geometry": { "type": "Point", "coordinates": [ -46.9946506, -24.3138781 ] } },
{ "type": "Feature", "properties": { "id_comando": "CPI-6", "nome_comando": "6º Comando de Policiamento do Interior (CPI-6)", "nome_batalhao": "29º BPM/I", "tipo_batalhao": "Interior", "companhia": "COORD OP", "cidade": "Itanhaem", "endereco": "ESTRADA GENTIL PEREZ, 260  BLOCO 3, JD UMUARAMA - Itanhaem", "latitude": -24.1823399, "longitude": -46.818223, "fonte_geocodificacao": "Google Geocoding API", "opm_nome": "29.BPM/I - COORDENADORIA OPERACIONAL", "opm_descricao": "CPI-6 29.BPM/I COORD OP", "opm_codigo": "606299000" }, "geometry": { "type": "Point", "coordinates": [ -46.818223, -24.1823399 ] } },
{ "type": "Feature", "properties": { "id_comando": "CPI-6", "nome_comando": "6º Comando de Policiamento do Interior (CPI-6)", "nome_batalhao": "29º BPM/I", "tipo_batalhao": "Interior", "companhia": "EM", "cidade": "Itanhaem", "endereco": "ESTRADA GENTIL PEREZ, 260  BLOCO 3, JD UMUARAMA - Itanhaem", "latitude": -24.1823399, "longitude": -46.818223, "fonte_geocodificacao": "Google Geocoding API", "opm_nome": "ESTADO-MAIOR", "opm_descricao": "CPI-6 29.BPM/I EM", "opm_codigo": "606298000" }, "geometry": { "type": "Point", "coordinates": [ -46.818223, -24.1823399 ] } },
{ "type": "Feature", "properties": { "id_comando": "CPA/M-4", "nome_comando": "4º Comando de Policiamento de Área Metropolitana (CPA/M-4)", "nome_batalhao": "29º BPM/M", "tipo_batalhao": "Metropolitano", "companhia": "1.CIA PM", "cidade": "Sao Paulo", "endereco": "RUA TIBURCIO DE SOUSA, 860, ITAIM PAULISTA - Sao Paulo", "latitude": -23.5046049, "longitude": -46.3967358, "fonte_geocodificacao": "Google Geocoding API", "opm_nome": "1.COMPANHIA DE POLICIA MILITAR", "opm_descricao": "CPA/M-4 29.BPM/M 1.CIA PM TERRITORIAL", "opm_codigo": "504291000" }, "geometry": { "type": "Point", "coordinates": [ -46.396735799999988, -23.5046049 ] } },
{ "type": "Feature", "properties": { "id_comando": "CPA/M-4", "nome_comando": "4º Comando de Policiamento de Área Metropolitana (CPA/M-4)", "nome_batalhao": "29º BPM/M", "tipo_batalhao": "Metropolitano", "companhia": "2.CIA PM", "cidade": "Sao Paulo", "endereco": "AVENIDA NORDESTINA, 415  COMPANHIA DA POLICIA MILITAR, SAO MIGUEL - Sao Paulo", "latitude": -23.4968079, "longitude": -46.4414555, "fonte_geocodificacao": "Google Geocoding API", "opm_nome": "2.COMPANHIA DE POLICIA MILITAR", "opm_descricao": "CPA/M-4 29.BPM/M 2.CIA PM TERRITORIAL", "opm_codigo": "504292000" }, "geometry": { "type": "Point", "coordinates": [ -46.4414555, -23.4968079 ] } },
{ "type": "Feature", "properties": { "id_comando": "CPA/M-4", "nome_comando": "4º Comando de Policiamento de Área Metropolitana (CPA/M-4)", "nome_batalhao": "29º BPM/M", "tipo_batalhao": "Metropolitano", "companhia": "3.CIA PM", "cidade": "Sao Paulo", "endereco": "RUA CORDAO DE S FRANCISCO, 875  COMPANHIA DA POLICIA MILITAR, JARDIM HELENA - Sao Paulo", "latitude": -23.4935729, "longitude": -46.4029608, "fonte_geocodificacao": "Google Geocoding API", "opm_nome": "3.COMPANHIA DE POLICIA MILITAR", "opm_descricao": "CPA/M-4 29.BPM/M 3.CIA PM TERRITORIAL", "opm_codigo": "504293000" }, "geometry": { "type": "Point", "coordinates": [ -46.4029608, -23.4935729 ] } },
{ "type": "Feature", "properties": { "id_comando": "CPA/M-4", "nome_comando": "4º Comando de Policiamento de Área Metropolitana (CPA/M-4)", "nome_batalhao": "29º BPM/M", "tipo_batalhao": "Metropolitano", "companhia": "CIA FT", "cidade": "Sao Paulo", "endereco": "AVENIDA DOUTOR JOSE ARTUR NOVA, 917, SAO MIGUEL - Sao Paulo", "latitude": -23.4855416, "longitude": -46.4372992, "fonte_geocodificacao": "Google Geocoding API", "opm_nome": "COMPANHIA DE FORCA TATICA", "opm_descricao": "CPA/M-4 29.BPM/M CIA FT", "opm_codigo": "504298000" }, "geometry": { "type": "Point", "coordinates": [ -46.437299200000012, -23.4855416 ] } },
{ "type": "Feature", "properties": { "id_comando": "CPA/M-4", "nome_comando": "4º Comando de Policiamento de Área Metropolitana (CPA/M-4)", "nome_batalhao": "29º BPM/M", "tipo_batalhao": "Metropolitano", "companhia": "EM", "cidade": "Sao Paulo", "endereco": "AV. IMPERADOR, 3705  QUARTEL DA PM, LIMOEIRO - Sao Paulo", "latitude": -23.5169378, "longitude": -46.4686103, "fonte_geocodificacao": "Google Geocoding API", "opm_nome": "ESTADO-MAIOR", "opm_descricao": "CPA/M-4 29.BPM/M EM", "opm_codigo": "504299000" }, "geometry": { "type": "Point", "coordinates": [ -46.468610299999987, -23.5169378 ] } },
{ "type": "Feature", "properties": { "id_comando": "CPI-3", "nome_comando": "3º Comando de Policiamento do Interior (CPI-3)", "nome_batalhao": "3º BPM/I", "tipo_batalhao": "Interior", "companhia": "1.CIA PM", "cidade": "Ribeirao Preto", "endereco": "RUA MINAS, 353, CAMPOS ELÍSEOS - Ribeirao Preto", "latitude": -21.166959, "longitude": -47.8088767, "fonte_geocodificacao": "Google Geocoding API", "opm_nome": "ADMINISTRACAO", "opm_descricao": "CPI-3 3.BPM/I 1.CIA PM ADM", "opm_codigo": "603031400" }, "geometry": { "type": "Point", "coordinates": [ -47.808876700000013, -21.166959 ] } },
{ "type": "Feature", "properties": { "id_comando": "CPI-3", "nome_comando": "3º Comando de Policiamento do Interior (CPI-3)", "nome_batalhao": "3º BPM/I", "tipo_batalhao": "Interior", "companhia": "2.CIA PM", "cidade": "Ribeirao Preto", "endereco": "RUA DEPUTADO ORLANDO JURCA, 164, CJ. HAB. QUINTINO FACCI II - Ribeirao Preto", "latitude": -21.1121434, "longitude": -47.7928277, "fonte_geocodificacao": "Google Geocoding API", "opm_nome": "2. COMPANHIA DE POLICIA MILITAR", "opm_descricao": "CPI-3 3.BPM/I 2.CIA PM TERRITORIAL", "opm_codigo": "603032000" }, "geometry": { "type": "Point", "coordinates": [ -47.7928277, -21.1121434 ] } },
{ "type": "Feature", "properties": { "id_comando": "CPI-3", "nome_comando": "3º Comando de Policiamento do Interior (CPI-3)", "nome_batalhao": "3º BPM/I", "tipo_batalhao": "Interior", "companhia": "3.CIA PM", "cidade": "Altinopolis", "endereco": "AV FLORIANO LUIZ, 10, CONJUNTO HABITACIONAL SALIM ANTONIO CALIL - Altinopolis", "latitude": -21.0256834, "longitude": -47.3813407, "fonte_geocodificacao": "Google Geocoding API", "opm_nome": "3. COMPANHIA DE POLICIA MILITAR", "opm_descricao": "CPI-3 3.BPM/I 3.CIA PM", "opm_codigo": "603033000" }, "geometry": { "type": "Point", "coordinates": [ -47.3813407, -21.0256834 ] } },
{ "type": "Feature", "properties": { "id_comando": "CPI-3", "nome_comando": "3º Comando de Policiamento do Interior (CPI-3)", "nome_batalhao": "3º BPM/I", "tipo_batalhao": "Interior", "companhia": "CIA F TAT", "cidade": "Ribeirao Preto", "endereco": "AVENIDA CAVALHEIRO PASCHOAL INECHI, 1538, JARDIM INDEPÊNDENCIA - Ribeirao Preto", "latitude": -21.1565907, "longitude": -47.7844688, "fonte_geocodificacao": "Google Geocoding API", "opm_nome": "COMPANHIA DE FORCA TATICA DA POLICIA MILITAR", "opm_descricao": "CPI-3 3.BPM/I CIA F TAT", "opm_codigo": "603036000" }, "geometry": { "type": "Point", "coordinates": [ -47.7844688, -21.1565907 ] } },
{ "type": "Feature", "properties": { "id_comando": "CPI-3", "nome_comando": "3º Comando de Policiamento do Interior (CPI-3)", "nome_batalhao": "3º BPM/I", "tipo_batalhao": "Interior", "companhia": "COORD OP", "cidade": "Ribeirao Preto", "endereco": "AVENIDA CAVALHEIRO PASCHOAL INECHI, 1538, JARDIM INDEPÊNDENCIA - Ribeirao Preto", "latitude": -21.1565907, "longitude": -47.7844688, "fonte_geocodificacao": "Google Geocoding API", "opm_nome": "COORDENADORIA OPERACIONAL", "opm_descricao": "CPI-3 3.BPM/I COORD OP", "opm_codigo": "603030009" }, "geometry": { "type": "Point", "coordinates": [ -47.7844688, -21.1565907 ] } },
{ "type": "Feature", "properties": { "id_comando": "CPI-3", "nome_comando": "3º Comando de Policiamento do Interior (CPI-3)", "nome_batalhao": "3º BPM/I", "tipo_batalhao": "Interior", "companhia": "EM", "cidade": "Ribeirao Preto", "endereco": "AVENIDA CAVALHEIRO PASCHOAL INECHI, 1538, JARDIM INDEPÊNDENCIA - Ribeirao Preto", "latitude": -21.1565907, "longitude": -47.7844688, "fonte_geocodificacao": "Google Geocoding API", "opm_nome": "ESTADO-MAIOR", "opm_descricao": "CPI-3 3.BPM/I EM", "opm_codigo": "603039000" }, "geometry": { "type": "Point", "coordinates": [ -47.7844688, -21.1565907 ] } },
{ "type": "Feature", "properties": { "id_comando": "CPA/M-2", "nome_comando": "2º Comando de Policiamento de Área Metropolitana (CPA/M-2)", "nome_batalhao": "3º BPM/M", "tipo_batalhao": "Metropolitano", "companhia": "1.CIA PM", "cidade": "Sao Paulo", "endereco": "AVENIDA GENERAL WALDOMIRO DE LIMA, 286, JABAQUARA - Sao Paulo", "latitude": -23.6394716, "longitude": -46.6436828, "fonte_geocodificacao": "Google Geocoding API", "opm_nome": "1. COMPANHIA DE POLICIA MILITAR", "opm_descricao": "CPA/M-2 3.BPM/M 1.CIA PM TERRITORIAL", "opm_codigo": "502031000" }, "geometry": { "type": "Point", "coordinates": [ -46.6436828, -23.6394716 ] } },
{ "type": "Feature", "properties": { "id_comando": "CPA/M-2", "nome_comando": "2º Comando de Policiamento de Área Metropolitana (CPA/M-2)", "nome_batalhao": "3º BPM/M", "tipo_batalhao": "Metropolitano", "companhia": "2.CIA PM", "cidade": "Sao Paulo", "endereco": "AVENIDA LINO DE ALMEIDA PIRES, 358  Vila Guarani, JABAQUARA - Sao Paulo", "latitude": -23.6419727, "longitude": -46.6335255, "fonte_geocodificacao": "Google Geocoding API", "opm_nome": "2. COMPANHIA DE POLICIA MILITAR", "opm_descricao": "CPA/M-2 3.BPM/M 2.CIA PM TERRITORIAL", "opm_codigo": "502032000" }, "geometry": { "type": "Point", "coordinates": [ -46.6335255, -23.6419727 ] } },
{ "type": "Feature", "properties": { "id_comando": "CPA/M-2", "nome_comando": "2º Comando de Policiamento de Área Metropolitana (CPA/M-2)", "nome_batalhao": "3º BPM/M", "tipo_batalhao": "Metropolitano", "companhia": "3.CIA PM", "cidade": "Sao Paulo", "endereco": "AVENIDA ONZE DE JUNHO, 87, SAUDE - Sao Paulo", "latitude": -23.6019106, "longitude": -46.6375755, "fonte_geocodificacao": "Google Geocoding API", "opm_nome": "3. COMPANHIA DE POLICIA MILITAR", "opm_descricao": "CPA/M-2 3.BPM/M 3.CIA PM TERRITORIAL", "opm_codigo": "502033000" }, "geometry": { "type": "Point", "coordinates": [ -46.6375755, -23.6019106 ] } },
{ "type": "Feature", "properties": { "id_comando": "CPA/M-2", "nome_comando": "2º Comando de Policiamento de Área Metropolitana (CPA/M-2)", "nome_batalhao": "3º BPM/M", "tipo_batalhao": "Metropolitano", "companhia": "4.CIA PM", "cidade": "Sao Paulo", "endereco": "0, 0  UNIDADE INEXISTENTE, 0 - Sao Paulo", "latitude": -23.4643815, "longitude": -46.7829298, "fonte_geocodificacao": "Google Geocoding API", "opm_nome": "3.BPM/M 4.CIA PM TERRITORIAL", "opm_descricao": "CPA/M-2 3.BPM/M 4.CIA PM TERRITORIAL 0", "opm_codigo": "502034000" }, "geometry": { "type": "Point", "coordinates": [ -46.7829298, -23.4643815 ] } },
{ "type": "Feature", "properties": { "id_comando": "CPA/M-2", "nome_comando": "2º Comando de Policiamento de Área Metropolitana (CPA/M-2)", "nome_batalhao": "3º BPM/M", "tipo_batalhao": "Metropolitano", "companhia": "CIA F TAT", "cidade": "Sao Paulo", "endereco": "AVENIDA JOSE MARIA WHITAKER, 1027  Planalto Paulista, MOEMA - Sao Paulo", "latitude": -23.6096222, "longitude": -46.646066, "fonte_geocodificacao": "Google Geocoding API", "opm_nome": "COMPANHIA DE FORCA TATICA DA POLICIA MILITAR", "opm_descricao": "CPA/M-2 3.BPM/M CIA F TAT", "opm_codigo": "502037000" }, "geometry": { "type": "Point", "coordinates": [ -46.646066, -23.6096222 ] } },
{ "type": "Feature", "properties": { "id_comando": "CPA/M-2", "nome_comando": "2º Comando de Policiamento de Área Metropolitana (CPA/M-2)", "nome_batalhao": "3º BPM/M", "tipo_batalhao": "Metropolitano", "companhia": "COORD OP", "cidade": "Sao Paulo", "endereco": "AVENIDA DO CAFE, 753  VILA GUARANI, JABAQUARA - Sao Paulo", "latitude": -23.6320588, "longitude": -46.6362367, "fonte_geocodificacao": "Google Geocoding API", "opm_nome": "COORDENADORIA OPERACIONAL", "opm_descricao": "CPA/M-2 3.BPM/M COORD OP", "opm_codigo": "502039000" }, "geometry": { "type": "Point", "coordinates": [ -46.6362367, -23.6320588 ] } },
{ "type": "Feature", "properties": { "id_comando": "CPA/M-2", "nome_comando": "2º Comando de Policiamento de Área Metropolitana (CPA/M-2)", "nome_batalhao": "3º BPM/M", "tipo_batalhao": "Metropolitano", "companhia": "EM", "cidade": "Sao Paulo", "endereco": "AVENIDA DO CAFE, 753  Vila Guarani, JABAQUARA - Sao Paulo", "latitude": -23.6320588, "longitude": -46.6362367, "fonte_geocodificacao": "Google Geocoding API", "opm_nome": "ESTADO-MAIOR", "opm_descricao": "CPA/M-2 3.BPM/M EM", "opm_codigo": "502038000" }, "geometry": { "type": "Point", "coordinates": [ -46.6362367, -23.6320588 ] } },
{ "type": "Feature", "properties": { "id_comando": "CPI-5", "nome_comando": "5º Comando de Policiamento do Interior (CPI-5)", "nome_batalhao": "30º BPM/I", "tipo_batalhao": "Interior", "companhia": "1.CIA PM", "cidade": "Catanduva", "endereco": "RUA BOLÍVIA, 48, JUCA PEDRO - Catanduva", "latitude": -21.1503001, "longitude": -48.9793336, "fonte_geocodificacao": "Google Geocoding API", "opm_nome": "1. COMPANHIA DE POLICIA MILITAR", "opm_descricao": "CPI-5 30.BPM/I 1.CIA PM", "opm_codigo": "605301000" }, "geometry": { "type": "Point", "coordinates": [ -48.9793336, -21.1503001 ] } },
{ "type": "Feature", "properties": { "id_comando": "CPI-5", "nome_comando": "5º Comando de Policiamento do Interior (CPI-5)", "nome_batalhao": "30º BPM/I", "tipo_batalhao": "Interior", "companhia": "2.CIA PM", "cidade": "Novo Horizonte", "endereco": "RUA ALTINO ARANTES, 760, CENTRO - Novo Horizonte", "latitude": -21.4690059, "longitude": -49.2231417, "fonte_geocodificacao": "Google Geocoding API", "opm_nome": "2. COMPANHIA DE POLICIA MILITAR", "opm_descricao": "CPI-5 30.BPM/I 2.CIA PM", "opm_codigo": "605302000" }, "geometry": { "type": "Point", "coordinates": [ -49.2231417, -21.4690059 ] } },
{ "type": "Feature", "properties": { "id_comando": "CPI-5", "nome_comando": "5º Comando de Policiamento do Interior (CPI-5)", "nome_batalhao": "30º BPM/I", "tipo_batalhao": "Interior", "companhia": "CIA FT", "cidade": "Catanduva", "endereco": "RUA OLIMPIA, 97, CONJ HABIT RES PANCHA - Catanduva", "latitude": -21.1296712, "longitude": -48.9811633, "fonte_geocodificacao": "Google Geocoding API", "opm_nome": "COMPANHIA DE FORCA TATICA", "opm_descricao": "CPI-5 30.BPM/I CIA FT", "opm_codigo": "605306000" }, "geometry": { "type": "Point", "coordinates": [ -48.9811633, -21.1296712 ] } },
{ "type": "Feature", "properties": { "id_comando": "CPI-5", "nome_comando": "5º Comando de Policiamento do Interior (CPI-5)", "nome_batalhao": "30º BPM/I", "tipo_batalhao": "Interior", "companhia": "COORD OP", "cidade": "Catanduva", "endereco": "RUA OLIMPIA, 97, GUZZO - Catanduva", "latitude": -21.1296712, "longitude": -48.9811633, "fonte_geocodificacao": "Google Geocoding API", "opm_nome": "30.BPM/I - COORD OP", "opm_descricao": "CPI-5 30.BPM/I COORD OP", "opm_codigo": "605307000" }, "geometry": { "type": "Point", "coordinates": [ -48.9811633, -21.1296712 ] } },
{ "type": "Feature", "properties": { "id_comando": "CPI-5", "nome_comando": "5º Comando de Policiamento do Interior (CPI-5)", "nome_batalhao": "30º BPM/I", "tipo_batalhao": "Interior", "companhia": "EM", "cidade": "Catanduva", "endereco": "RUA OLIMPIA, 97, vila guzzo - Catanduva", "latitude": -21.1296712, "longitude": -48.9811633, "fonte_geocodificacao": "Google Geocoding API", "opm_nome": "ESTADO-MAIOR", "opm_descricao": "CPI-5 30.BPM/I EM", "opm_codigo": "605308000" }, "geometry": { "type": "Point", "coordinates": [ -48.9811633, -21.1296712 ] } },
{ "type": "Feature", "properties": { "id_comando": "CPA/M-6", "nome_comando": "6º Comando de Policiamento de Área Metropolitana (CPA/M-6)", "nome_batalhao": "30º BPM/M", "tipo_batalhao": "Metropolitano", "companhia": "1.CIA PM", "cidade": "Maua", "endereco": "RUA CINEASTA GLÁUBER ROCHA, 55, JARDIM ZAÍRA - Maua", "latitude": -23.6639903, "longitude": -46.4506659, "fonte_geocodificacao": "Google Geocoding API", "opm_nome": "1.COMPANHIA DE POLICIA MILITAR", "opm_descricao": "CPA/M-6 30.BPM/M 1.CIA PM TERRITORIAL", "opm_codigo": "406301000" }, "geometry": { "type": "Point", "coordinates": [ -46.4506659, -23.6639903 ] } },
{ "type": "Feature", "properties": { "id_comando": "CPA/M-6", "nome_comando": "6º Comando de Policiamento de Área Metropolitana (CPA/M-6)", "nome_batalhao": "30º BPM/M", "tipo_batalhao": "Metropolitano", "companhia": "2.CIA PM", "cidade": "Ribeirao Pires", "endereco": "AVENIDA FRANCISCO MONTEIRO, 254, CENTRO - Ribeirao Pires", "latitude": -23.7104952, "longitude": -46.4100086, "fonte_geocodificacao": "Google Geocoding API", "opm_nome": "2.COMPANHIA DE POLICIA MILITAR", "opm_descricao": "CPA/M-6 30.BPM/M 2.CIA PM TERRITORIAL", "opm_codigo": "406302000" }, "geometry": { "type": "Point", "coordinates": [ -46.4100086, -23.7104952 ] } },
{ "type": "Feature", "properties": { "id_comando": "CPA/M-6", "nome_comando": "6º Comando de Policiamento de Área Metropolitana (CPA/M-6)", "nome_batalhao": "30º BPM/M", "tipo_batalhao": "Metropolitano", "companhia": "3.CIA PM", "cidade": "Maua", "endereco": "AVENIDA BARÃO DE MUÁ, 4050, JARDIM MARINGÁ - Maua", "latitude": -23.6690271, "longitude": -46.4247984, "fonte_geocodificacao": "Google Geocoding API", "opm_nome": "3.COMPANHIA DE POLICIA MILITAR", "opm_descricao": "CPA/M-6 30.BPM/M 3.CIA PM TERRITORIAL", "opm_codigo": "406303000" }, "geometry": { "type": "Point", "coordinates": [ -46.4247984, -23.6690271 ] } },
{ "type": "Feature", "properties": { "id_comando": "CPA/M-6", "nome_comando": "6º Comando de Policiamento de Área Metropolitana (CPA/M-6)", "nome_batalhao": "30º BPM/M", "tipo_batalhao": "Metropolitano", "companhia": "CIA F TAT", "cidade": "Maua", "endereco": "AVENIDA PAPA JOÃO XXIII, 528  A, PARQUE SÃO VICENTE - Maua", "latitude": -23.6688194, "longitude": -46.4699414, "fonte_geocodificacao": "Google Geocoding API", "opm_nome": "COMPANHIA DE FORCA TATICA DA POLICIA MILITAR", "opm_descricao": "CPA/M-6 30.BPM/M CIA F TAT", "opm_codigo": "406307000" }, "geometry": { "type": "Point", "coordinates": [ -46.4699414, -23.6688194 ] } },
{ "type": "Feature", "properties": { "id_comando": "CPA/M-6", "nome_comando": "6º Comando de Policiamento de Área Metropolitana (CPA/M-6)", "nome_batalhao": "30º BPM/M", "tipo_batalhao": "Metropolitano", "companhia": "COORD OP", "cidade": "Maua", "endereco": "AVENIDA PAPA JOÃO XXIII, 528  A, PARQUE SÃO VICENTE - Maua", "latitude": -23.6688194, "longitude": -46.4699414, "fonte_geocodificacao": "Google Geocoding API", "opm_nome": "COORDENADORIA OPERACIONAL", "opm_descricao": "CPA/M-6 30.BPM/M COORD OP", "opm_codigo": "406309000" }, "geometry": { "type": "Point", "coordinates": [ -46.4699414, -23.6688194 ] } },
{ "type": "Feature", "properties": { "id_comando": "CPA/M-6", "nome_comando": "6º Comando de Policiamento de Área Metropolitana (CPA/M-6)", "nome_batalhao": "30º BPM/M", "tipo_batalhao": "Metropolitano", "companhia": "EM", "cidade": "Maua", "endereco": "AVENIDA PAPA JOÃO XXIII, 528  A, PARQUE SÃO VICENTE - Maua", "latitude": -23.6688194, "longitude": -46.4699414, "fonte_geocodificacao": "Google Geocoding API", "opm_nome": "ESTADO MAIOR", "opm_descricao": "CPA/M-6 30.BPM/M EM", "opm_codigo": "406308000" }, "geometry": { "type": "Point", "coordinates": [ -46.4699414, -23.6688194 ] } },
{ "type": "Feature", "properties": { "id_comando": "CPI-4", "nome_comando": "4º Comando de Policiamento do Interior (CPI-4)", "nome_batalhao": "31º BPM/I", "tipo_batalhao": "Interior", "companhia": "1.CIA PM", "cidade": "Ourinhos", "endereco": "RUA BELO HORIZONTE, 450  SOBRADO - 2ª SECCAO, VILA RECREIO - Ourinhos", "latitude": -22.9655973, "longitude": -49.866715, "fonte_geocodificacao": "Google Geocoding API", "opm_nome": "1. COMPANHIA DE POLICIA MILITAR", "opm_descricao": "CPI-4 31.BPM/I 1.CIA PM", "opm_codigo": "604311000" }, "geometry": { "type": "Point", "coordinates": [ -49.866715, -22.9655973 ] } },
{ "type": "Feature", "properties": { "id_comando": "CPI-4", "nome_comando": "4º Comando de Policiamento do Interior (CPI-4)", "nome_batalhao": "31º BPM/I", "tipo_batalhao": "Interior", "companhia": "2.CIA PM", "cidade": "Santa Cruz Do Rio Pardo", "endereco": "RUA AVENIDA PEDRO CATALANO, 190, CHACARA PEIXE - Santa Cruz Do Rio Pardo", "latitude": -22.8971906, "longitude": -49.6210808, "fonte_geocodificacao": "Google Geocoding API", "opm_nome": "2. COMPANHIA DE POLICIA MILITAR", "opm_descricao": "CPI-4 31.BPM/I 2.CIA PM", "opm_codigo": "604312000" }, "geometry": { "type": "Point", "coordinates": [ -49.621080799999987, -22.8971906 ] } },
{ "type": "Feature", "properties": { "id_comando": "CPI-4", "nome_comando": "4º Comando de Policiamento do Interior (CPI-4)", "nome_batalhao": "31º BPM/I", "tipo_batalhao": "Interior", "companhia": "CIA FT", "cidade": "Ourinhos", "endereco": "AVENIDA DOMINGOS PERINO, 1055  31BPMI, VILA PERINO - Ourinhos", "latitude": -22.9659782, "longitude": -49.8660459, "fonte_geocodificacao": "Google Geocoding API", "opm_nome": "COMPANHIA DE FORCA TATICA", "opm_descricao": "CPI-4 31.BPM/I CIA FT", "opm_codigo": "604315000" }, "geometry": { "type": "Point", "coordinates": [ -49.8660459, -22.9659782 ] } },
{ "type": "Feature", "properties": { "id_comando": "CPI-4", "nome_comando": "4º Comando de Policiamento do Interior (CPI-4)", "nome_batalhao": "31º BPM/I", "tipo_batalhao": "Interior", "companhia": "COORD OP", "cidade": "Ourinhos", "endereco": "AVENIDA DOMINGOS PERINO, 1055, VILA PERINO - Ourinhos", "latitude": -22.9659782, "longitude": -49.8660459, "fonte_geocodificacao": "Google Geocoding API", "opm_nome": "31.BPM/I - COORD OP", "opm_descricao": "CPI-4 31.BPM/I COORD OP", "opm_codigo": "604316000" }, "geometry": { "type": "Point", "coordinates": [ -49.8660459, -22.9659782 ] } },
{ "type": "Feature", "properties": { "id_comando": "CPI-4", "nome_comando": "4º Comando de Policiamento do Interior (CPI-4)", "nome_batalhao": "31º BPM/I", "tipo_batalhao": "Interior", "companhia": "EM", "cidade": "Ourinhos", "endereco": "AVENIDA DOMINGOS PERINO, 1055, VILA PERINO - Ourinhos", "latitude": -22.9659782, "longitude": -49.8660459, "fonte_geocodificacao": "Google Geocoding API", "opm_nome": "ESTADO-MAIOR", "opm_descricao": "CPI-4 31.BPM/I EM", "opm_codigo": "604318000" }, "geometry": { "type": "Point", "coordinates": [ -49.8660459, -22.9659782 ] } },
{ "type": "Feature", "properties": { "id_comando": "CPA/M-7", "nome_comando": "7º Comando de Policiamento de Área Metropolitana (CPA/M-7)", "nome_batalhao": "31º BPM/M", "tipo_batalhao": "Metropolitano", "companhia": "1.CIA PM", "cidade": "Guarulhos", "endereco": "AVENIDA CANDÉA, GUARULHOS, 400  31BPMM-1CIA, HAROLDO VELOSO - Guarulhos", "latitude": -23.4160602, "longitude": -46.4671681, "fonte_geocodificacao": "Google Geocoding API", "opm_nome": "1.COMPANHIA DE POLICIA MILITAR", "opm_descricao": "CPA/M-7 31.BPM/M 1.CIA PM TERRITORIAL", "opm_codigo": "407311000" }, "geometry": { "type": "Point", "coordinates": [ -46.467168099999988, -23.4160602 ] } },
{ "type": "Feature", "properties": { "id_comando": "CPA/M-7", "nome_comando": "7º Comando de Policiamento de Área Metropolitana (CPA/M-7)", "nome_batalhao": "31º BPM/M", "tipo_batalhao": "Metropolitano", "companhia": "2.CIA PM", "cidade": "Guarulhos", "endereco": "AV PAPA JOAO PAULO I, GUARULHOS, 5522  31BPMM-2CIA, INOCOOP - Guarulhos", "latitude": -23.4257324, "longitude": -46.4155189, "fonte_geocodificacao": "Google Geocoding API", "opm_nome": "2.COMPANHIA DE POLICIA MILITAR", "opm_descricao": "CPA/M-7 31.BPM/M 2.CIA PM TERRITORIAL", "opm_codigo": "407312000" }, "geometry": { "type": "Point", "coordinates": [ -46.4155189, -23.4257324 ] } },
{ "type": "Feature", "properties": { "id_comando": "CPA/M-7", "nome_comando": "7º Comando de Policiamento de Área Metropolitana (CPA/M-7)", "nome_batalhao": "31º BPM/M", "tipo_batalhao": "Metropolitano", "companhia": "3.CIA PM", "cidade": "Aruja", "endereco": "AV JOAO MANOEL, ARUJA, 181  31BPMM-3CIA, CENTRO - Aruja", "latitude": -23.3965386, "longitude": -46.3313555, "fonte_geocodificacao": "Google Geocoding API", "opm_nome": "3.COMPANHIA DE POLICIA MILITAR", "opm_descricao": "CPA/M-7 31.BPM/M 3.CIA PM TERRITORIAL", "opm_codigo": "407313000" }, "geometry": { "type": "Point", "coordinates": [ -46.3313555, -23.3965386 ] } },
{ "type": "Feature", "properties": { "id_comando": "CPA/M-7", "nome_comando": "7º Comando de Policiamento de Área Metropolitana (CPA/M-7)", "nome_batalhao": "31º BPM/M", "tipo_batalhao": "Metropolitano", "companhia": "4.CIA PM", "cidade": "Guarulhos", "endereco": "RUA JACUTINGA, 369, PIMENTAS - Guarulhos", "latitude": -23.4489472, "longitude": -46.417698, "fonte_geocodificacao": "Google Geocoding API", "opm_nome": "4.COMPANHIA DE POLICIA MILITAR", "opm_descricao": "CPA/M-7 31.BPM/M 4.CIA PM", "opm_codigo": "407316000" }, "geometry": { "type": "Point", "coordinates": [ -46.417698, -23.4489472 ] } },
{ "type": "Feature", "properties": { "id_comando": "CPA/M-7", "nome_comando": "7º Comando de Policiamento de Área Metropolitana (CPA/M-7)", "nome_batalhao": "31º BPM/M", "tipo_batalhao": "Metropolitano", "companhia": "5.CIA PM", "cidade": "Guarulhos", "endereco": "AVENIDA GUINLE, 2202  CIDADE SATELITE, CUMBICA - Guarulhos", "latitude": -23.4700574, "longitude": -46.4666325, "fonte_geocodificacao": "Google Geocoding API", "opm_nome": "5.COMPANHIA DE POLICIA MILITAR", "opm_descricao": "CPA/M-7 31.BPM/M 5.CIA PM", "opm_codigo": "407317000" }, "geometry": { "type": "Point", "coordinates": [ -46.4666325, -23.4700574 ] } },
{ "type": "Feature", "properties": { "id_comando": "CPA/M-7", "nome_comando": "7º Comando de Policiamento de Área Metropolitana (CPA/M-7)", "nome_batalhao": "31º BPM/M", "tipo_batalhao": "Metropolitano", "companhia": "CECAP (AJUSTE MANUAL)", "cidade": "Guarulhos", "endereco": "AVENIDA ODAIR SANTANELI, 215, CECAP - Guarulhos", "latitude": -23.4564622, "longitude": -46.4959526, "fonte_geocodificacao": "Google Geocoding API", "opm_nome": "ÁREA DO PARQUE CECAP (AJUSTE MANUAL — sem registro OPM oficial; responsabilidade unificada ao 31º BPM/M após o fechamento do 44º BPM/M em 02/2022, não confirmada unidade a unidade)", "opm_descricao": "CPA/M-7 31.BPM/M CECAP (AJUSTE MANUAL)", "opm_codigo": "INFERIDO-CECAP-31BPMM" }, "geometry": { "type": "Point", "coordinates": [ -46.4959526, -23.4564622 ] } },
{ "type": "Feature", "properties": { "id_comando": "CPA/M-7", "nome_comando": "7º Comando de Policiamento de Área Metropolitana (CPA/M-7)", "nome_batalhao": "31º BPM/M", "tipo_batalhao": "Metropolitano", "companhia": "CIA F TAT", "cidade": "Guarulhos", "endereco": "AVENIDA CANDÉA, GUARULHOS, 400  31BPMM-CIA F TAT, HAROLDO VELOSO - Guarulhos", "latitude": -23.4160602, "longitude": -46.4671681, "fonte_geocodificacao": "Google Geocoding API", "opm_nome": "COMPANHIA DE FORCA TATICA DA POLICIA MILITAR", "opm_descricao": "CPA/M-7 31.BPM/M CIA F TAT", "opm_codigo": "407315000" }, "geometry": { "type": "Point", "coordinates": [ -46.467168099999988, -23.4160602 ] } },
{ "type": "Feature", "properties": { "id_comando": "CPA/M-7", "nome_comando": "7º Comando de Policiamento de Área Metropolitana (CPA/M-7)", "nome_batalhao": "31º BPM/M", "tipo_batalhao": "Metropolitano", "companhia": "COORD OP", "cidade": "Guarulhos", "endereco": "AVENIDA CANDÉA, 400  31BPMM-COORD OP, SAO JOAO - Guarulhos", "latitude": -23.4160602, "longitude": -46.4671681, "fonte_geocodificacao": "Google Geocoding API", "opm_nome": "COORDENADORIA OPERACIONAL", "opm_descricao": "CPA/M-7 31.BPM/M COORD OP", "opm_codigo": "407319000" }, "geometry": { "type": "Point", "coordinates": [ -46.467168099999988, -23.4160602 ] } },
{ "type": "Feature", "properties": { "id_comando": "CPA/M-7", "nome_comando": "7º Comando de Policiamento de Área Metropolitana (CPA/M-7)", "nome_batalhao": "31º BPM/M", "tipo_batalhao": "Metropolitano", "companhia": "EM", "cidade": "Guarulhos", "endereco": "AVENIDA CANDÉA, GUARULHOS, 400  31BPMM-CIA F TAT PEL, HAROLDO VELOSO - Guarulhos", "latitude": -23.4160602, "longitude": -46.4671681, "fonte_geocodificacao": "Google Geocoding API", "opm_nome": "ESTADO MAIOR", "opm_descricao": "CPA/M-7 31.BPM/M EM", "opm_codigo": "407318000" }, "geometry": { "type": "Point", "coordinates": [ -46.467168099999988, -23.4160602 ] } },
{ "type": "Feature", "properties": { "id_comando": "CPI-8", "nome_comando": "8º Comando de Policiamento do Interior (CPI-8)", "nome_batalhao": "32º BPM/I", "tipo_batalhao": "Interior", "companhia": "1.CIA PM", "cidade": "Assis", "endereco": "RUA FLORIANO PEIXOTO, 673, CENTRO - Assis", "latitude": -22.6625784, "longitude": -50.4136099, "fonte_geocodificacao": "Google Geocoding API", "opm_nome": "1. COMPANHIA  DE POLICIA MILITAR", "opm_descricao": "CPI-8 32.BPM/I 1.CIA PM 0 0", "opm_codigo": "608321000" }, "geometry": { "type": "Point", "coordinates": [ -50.4136099, -22.6625784 ] } },
{ "type": "Feature", "properties": { "id_comando": "CPI-8", "nome_comando": "8º Comando de Policiamento do Interior (CPI-8)", "nome_batalhao": "32º BPM/I", "tipo_batalhao": "Interior", "companhia": "2.CIA PM", "cidade": "Cruzalia", "endereco": "RUA ALBERT HENSCHEL, 77, CENTRO - Cruzalia", "latitude": -22.7406708, "longitude": -50.7923669, "fonte_geocodificacao": "Google Geocoding API", "opm_nome": "3.GRUPO POLICIAL MILITAR", "opm_descricao": "CPI-8 32.BPM/I 2.CIA PM 0 3.GP/PM", "opm_codigo": "608322003" }, "geometry": { "type": "Point", "coordinates": [ -50.7923669, -22.7406708 ] } },
{ "type": "Feature", "properties": { "id_comando": "CPI-8", "nome_comando": "8º Comando de Policiamento do Interior (CPI-8)", "nome_batalhao": "32º BPM/I", "tipo_batalhao": "Interior", "companhia": "3.CIA PM", "cidade": "Campos Novos Paulista", "endereco": "RUA ANGELINA BARBARA SOARES CRUZ, 61, CENTRO - Campos Novos Paulista", "latitude": -22.6084194, "longitude": -49.9979534, "fonte_geocodificacao": "Google Geocoding API", "opm_nome": "2. GRUPO POLICIAL MILITAR", "opm_descricao": "CPI-8 32.BPM/I 3.CIA PM 0 2.GP/PM", "opm_codigo": "608323002" }, "geometry": { "type": "Point", "coordinates": [ -49.9979534, -22.6084194 ] } },
{ "type": "Feature", "properties": { "id_comando": "CPI-8", "nome_comando": "8º Comando de Policiamento do Interior (CPI-8)", "nome_batalhao": "32º BPM/I", "tipo_batalhao": "Interior", "companhia": "CIA FT", "cidade": "Assis", "endereco": "TRAVESSA BRASIL, 275, VILA FIUZA - Assis", "latitude": -22.6533095, "longitude": -50.4086137, "fonte_geocodificacao": "Google Geocoding API", "opm_nome": "COMPANHIA FORCA TATICA", "opm_descricao": "CPI-8 32.BPM/I CIA FT 0 0", "opm_codigo": "608324000" }, "geometry": { "type": "Point", "coordinates": [ -50.4086137, -22.6533095 ] } },
{ "type": "Feature", "properties": { "id_comando": "CPI-8", "nome_comando": "8º Comando de Policiamento do Interior (CPI-8)", "nome_batalhao": "32º BPM/I", "tipo_batalhao": "Interior", "companhia": "COORD OP", "cidade": "Assis", "endereco": "TRAVESSA BRASIL, 275, VILA ROSANGELA - Assis", "latitude": -22.6533095, "longitude": -50.4086137, "fonte_geocodificacao": "Google Geocoding API", "opm_nome": "COORDENADORIA  OPERACIONAL", "opm_descricao": "CPI-8 32.BPM/I COORD OP 0 0", "opm_codigo": "608329000" }, "geometry": { "type": "Point", "coordinates": [ -50.4086137, -22.6533095 ] } },
{ "type": "Feature", "properties": { "id_comando": "CPI-8", "nome_comando": "8º Comando de Policiamento do Interior (CPI-8)", "nome_batalhao": "32º BPM/I", "tipo_batalhao": "Interior", "companhia": "EM", "cidade": "Assis", "endereco": "TRAVESSA BRASIL, 275, VILA FIUZA - Assis", "latitude": -22.6533095, "longitude": -50.4086137, "fonte_geocodificacao": "Google Geocoding API", "opm_nome": "P/1 E P/5", "opm_descricao": "CPI-8 32.BPM/I EM P/1 E P/5 0", "opm_codigo": "608328100" }, "geometry": { "type": "Point", "coordinates": [ -50.4086137, -22.6533095 ] } },
{ "type": "Feature", "properties": { "id_comando": "CPA/M-12", "nome_comando": "12º Comando de Policiamento de Área Metropolitana (CPA/M-12)", "nome_batalhao": "32º BPM/M", "tipo_batalhao": "Metropolitano", "companhia": "1.CIA PM", "cidade": "Suzano", "endereco": "RUA JOSÉ RENSI, 400 - SUZANO, 400  JD REALCE, JD DOS PINHEIROS - Suzano", "latitude": -23.5579522, "longitude": -46.3207449, "fonte_geocodificacao": "Google Geocoding API", "opm_nome": "1. COMPANHIA DE POLICIA MILITAR", "opm_descricao": "CPA/M-12 32.BPM/M 1.CIA PM TERRITORIAL", "opm_codigo": "412321000" }, "geometry": { "type": "Point", "coordinates": [ -46.3207449, -23.5579522 ] } },
{ "type": "Feature", "properties": { "id_comando": "CPA/M-12", "nome_comando": "12º Comando de Policiamento de Área Metropolitana (CPA/M-12)", "nome_batalhao": "32º BPM/M", "tipo_batalhao": "Metropolitano", "companhia": "2.CIA PM", "cidade": "Poa", "endereco": "Praça Rui Barbosa, 180 - POÁ, 180, Centro - Poa", "latitude": -23.530544959851721, "longitude": -46.346793219437963, "fonte_geocodificacao": "Centroide do município-sede (geocodificação rejeitada: fora dos limites do município)", "opm_nome": "2. COMPANHIA DE POLICIA MILITAR", "opm_descricao": "CPA/M-12 32.BPM/M 2.CIA PM TERRITORIAL", "opm_codigo": "412322000" }, "geometry": { "type": "Point", "coordinates": [ -46.346793219437963, -23.530544959851721 ] } },
{ "type": "Feature", "properties": { "id_comando": "CPA/M-12", "nome_comando": "12º Comando de Policiamento de Área Metropolitana (CPA/M-12)", "nome_batalhao": "32º BPM/M", "tipo_batalhao": "Metropolitano", "companhia": "3.CIA PM", "cidade": "Ferraz De Vasconcelos", "endereco": "RUA MARIA CONCEIÇÃO ALVARENGA E SILVA, 86 - FERRAZ DE VASCONCELOS, 86, CONJ. RES. BANDEIRANTES - Ferraz De Vasconcelos", "latitude": -23.5397007, "longitude": -46.3851166, "fonte_geocodificacao": "Google Geocoding API", "opm_nome": "3. COMPANHIA DE POLICIA MILITAR", "opm_descricao": "CPA/M-12 32.BPM/M 3.CIA PM TERRITORIAL", "opm_codigo": "412323000" }, "geometry": { "type": "Point", "coordinates": [ -46.3851166, -23.5397007 ] } },
{ "type": "Feature", "properties": { "id_comando": "CPA/M-12", "nome_comando": "12º Comando de Policiamento de Área Metropolitana (CPA/M-12)", "nome_batalhao": "32º BPM/M", "tipo_batalhao": "Metropolitano", "companhia": "4.CIA PM", "cidade": "Suzano", "endereco": "AVENIDA FRANCISCO MARENGO, 1564 - SUZANO, 1564, JD. REVISTA - Suzano", "latitude": -23.5054981, "longitude": -46.2995716, "fonte_geocodificacao": "Google Geocoding API", "opm_nome": "4. COMPANHIA DE POLICIA MILITAR", "opm_descricao": "CPA/M-12 32.BPM/M 4.CIA PM TERRITORIAL", "opm_codigo": "412324000" }, "geometry": { "type": "Point", "coordinates": [ -46.2995716, -23.5054981 ] } },
{ "type": "Feature", "properties": { "id_comando": "CPA/M-12", "nome_comando": "12º Comando de Policiamento de Área Metropolitana (CPA/M-12)", "nome_batalhao": "32º BPM/M", "tipo_batalhao": "Metropolitano", "companhia": "CIA F TAT", "cidade": "Suzano", "endereco": "AVENIDA PAULISTA, 173 - SUZANO, 173, JD MONTE CRISTO - Suzano", "latitude": -23.5296398, "longitude": -46.3262584, "fonte_geocodificacao": "Google Geocoding API", "opm_nome": "COMPANHIA DE FORCA TATICA DA POLICIA MILITAR", "opm_descricao": "CPA/M-12 32.BPM/M CIA F TAT", "opm_codigo": "412327000" }, "geometry": { "type": "Point", "coordinates": [ -46.3262584, -23.5296398 ] } },
{ "type": "Feature", "properties": { "id_comando": "CPA/M-12", "nome_comando": "12º Comando de Policiamento de Área Metropolitana (CPA/M-12)", "nome_batalhao": "32º BPM/M", "tipo_batalhao": "Metropolitano", "companhia": "COORD OP", "cidade": "Suzano", "endereco": "AVENIDA PAULISTA, 173 - SUZANO, 173, JD MONTE CRISTO - Suzano", "latitude": -23.5296398, "longitude": -46.3262584, "fonte_geocodificacao": "Google Geocoding API", "opm_nome": "COORDENADORIA OPERACIONAL", "opm_descricao": "CPA/M-12 32.BPM/M COORD OP", "opm_codigo": "412329000" }, "geometry": { "type": "Point", "coordinates": [ -46.3262584, -23.5296398 ] } },
{ "type": "Feature", "properties": { "id_comando": "CPA/M-12", "nome_comando": "12º Comando de Policiamento de Área Metropolitana (CPA/M-12)", "nome_batalhao": "32º BPM/M", "tipo_batalhao": "Metropolitano", "companhia": "EM", "cidade": "Suzano", "endereco": "AVENIDA PAULISTA, 173 - SUZANO, 173, JD MONTE CRISTO - Suzano", "latitude": -23.5296398, "longitude": -46.3262584, "fonte_geocodificacao": "Google Geocoding API", "opm_nome": "ESTADO-MAIOR", "opm_descricao": "CPA/M-12 32.BPM/M EM", "opm_codigo": "412328000" }, "geometry": { "type": "Point", "coordinates": [ -46.3262584, -23.5296398 ] } },
{ "type": "Feature", "properties": { "id_comando": "CPI-3", "nome_comando": "3º Comando de Policiamento do Interior (CPI-3)", "nome_batalhao": "33º BPM/I", "tipo_batalhao": "Interior", "companhia": "1.CIA PM", "cidade": "Barretos", "endereco": "VICINAL LUIS CARLOS ARUTIN, 500, FRIGORIFICO - Barretos", "latitude": -20.5933483, "longitude": -48.552517, "fonte_geocodificacao": "Google Geocoding API", "opm_nome": "1. COMPANHIA DE POLICIA MILITAR", "opm_descricao": "CPI-3 33.BPM/I 1.CIA PM", "opm_codigo": "603331000" }, "geometry": { "type": "Point", "coordinates": [ -48.552517, -20.5933483 ] } },
{ "type": "Feature", "properties": { "id_comando": "CPI-3", "nome_comando": "3º Comando de Policiamento do Interior (CPI-3)", "nome_batalhao": "33º BPM/I", "tipo_batalhao": "Interior", "companhia": "2.CIA PM", "cidade": "Olimpia", "endereco": "AV. WALDEMAR LOPES FERRAZ, 1277, CENTRO - Olimpia", "latitude": -20.7419159, "longitude": -48.9154281, "fonte_geocodificacao": "Google Geocoding API", "opm_nome": "2. COMPANHIA DE POLICIA MILITAR", "opm_descricao": "CPI-3 33.BPM/I 2.CIA PM", "opm_codigo": "603332000" }, "geometry": { "type": "Point", "coordinates": [ -48.9154281, -20.7419159 ] } },
{ "type": "Feature", "properties": { "id_comando": "CPI-3", "nome_comando": "3º Comando de Policiamento do Interior (CPI-3)", "nome_batalhao": "33º BPM/I", "tipo_batalhao": "Interior", "companhia": "3.CIA PM", "cidade": "Bebedouro", "endereco": "RUA NOSSA SENHORA DE FÁTIMA, 60, CENTRO - Bebedouro", "latitude": -20.9495368, "longitude": -48.4759785, "fonte_geocodificacao": "Google Geocoding API", "opm_nome": "3. COMPANHIA DE POLICIA MILITAR", "opm_descricao": "CPI-3 33.BPM/I 3.CIA PM", "opm_codigo": "603333000" }, "geometry": { "type": "Point", "coordinates": [ -48.4759785, -20.9495368 ] } },
{ "type": "Feature", "properties": { "id_comando": "CPI-3", "nome_comando": "3º Comando de Policiamento do Interior (CPI-3)", "nome_batalhao": "33º BPM/I", "tipo_batalhao": "Interior", "companhia": "4.CIA PM", "cidade": "Guaira", "endereco": "RUA 28, 15, CENTRO - Guaira", "latitude": -20.3238723, "longitude": -48.3198679, "fonte_geocodificacao": "Google Geocoding API", "opm_nome": "4. COMPANHIA DE POLICIA MILITAR", "opm_descricao": "CPI-3 33.BPM/I 4.CIA PM", "opm_codigo": "603334000" }, "geometry": { "type": "Point", "coordinates": [ -48.3198679, -20.3238723 ] } },
{ "type": "Feature", "properties": { "id_comando": "CPI-3", "nome_comando": "3º Comando de Policiamento do Interior (CPI-3)", "nome_batalhao": "33º BPM/I", "tipo_batalhao": "Interior", "companhia": "CIA FT", "cidade": "Barretos", "endereco": "ESTRADA VICINAL LUIZ CARLOS ARUTIN, 500, FRIGORÍFICO - Barretos", "latitude": -20.5933483, "longitude": -48.552517, "fonte_geocodificacao": "Google Geocoding API", "opm_nome": "COMPANHIA DE FORCA TATICA", "opm_descricao": "CPI-3 33.BPM/I CIA FT", "opm_codigo": "603337000" }, "geometry": { "type": "Point", "coordinates": [ -48.552517, -20.5933483 ] } },
{ "type": "Feature", "properties": { "id_comando": "CPI-3", "nome_comando": "3º Comando de Policiamento do Interior (CPI-3)", "nome_batalhao": "33º BPM/I", "tipo_batalhao": "Interior", "companhia": "COORD OP", "cidade": "Barretos", "endereco": "VICINAL LUIS CARLOS ARUTIN, 500, FRIGORIFICO - Barretos", "latitude": -20.5933483, "longitude": -48.552517, "fonte_geocodificacao": "Google Geocoding API", "opm_nome": "COORD OP", "opm_descricao": "CPI-3 33.BPM/I COORD OP", "opm_codigo": "603339000" }, "geometry": { "type": "Point", "coordinates": [ -48.552517, -20.5933483 ] } },
{ "type": "Feature", "properties": { "id_comando": "CPI-3", "nome_comando": "3º Comando de Policiamento do Interior (CPI-3)", "nome_batalhao": "33º BPM/I", "tipo_batalhao": "Interior", "companhia": "EM", "cidade": "Barretos", "endereco": "VICINAL LUIS CARLOS ARUTIN, 500, FRIGORIFICO - Barretos", "latitude": -20.5933483, "longitude": -48.552517, "fonte_geocodificacao": "Google Geocoding API", "opm_nome": "ESTADO-MAIOR", "opm_descricao": "CPI-3 33.BPM/I EM", "opm_codigo": "603338000" }, "geometry": { "type": "Point", "coordinates": [ -48.552517, -20.5933483 ] } },
{ "type": "Feature", "properties": { "id_comando": "CPA/M-8", "nome_comando": "8º Comando de Policiamento de Área Metropolitana (CPA/M-8)", "nome_batalhao": "33º BPM/M", "tipo_batalhao": "Metropolitano", "companhia": "1.CIA PM", "cidade": "Carapicuiba", "endereco": "ESTRADA DO COPIÚVA, 1661, JD SÃO DANIEL - Carapicuiba", "latitude": -23.5561047, "longitude": -46.8282556, "fonte_geocodificacao": "Google Geocoding API", "opm_nome": "1. COMPANHIA DE POLICIA MILITAR", "opm_descricao": "CPA/M-8 33.BPM/M 1.CIA PM TERRITORIAL", "opm_codigo": "408331000" }, "geometry": { "type": "Point", "coordinates": [ -46.828255600000013, -23.5561047 ] } },
{ "type": "Feature", "properties": { "id_comando": "CPA/M-8", "nome_comando": "8º Comando de Policiamento de Área Metropolitana (CPA/M-8)", "nome_batalhao": "33º BPM/M", "tipo_batalhao": "Metropolitano", "companhia": "2.CIA PM", "cidade": "Carapicuiba", "endereco": "AVENIDA AMAZONAS, 40  0, COHAB II - Carapicuiba", "latitude": -23.5318853, "longitude": -46.829352, "fonte_geocodificacao": "Google Geocoding API", "opm_nome": "2. COMPANHIA DE POLICIA MILITAR", "opm_descricao": "CPA/M-8 33.BPM/M 2.CIA PM TERRITORIAL", "opm_codigo": "408332000" }, "geometry": { "type": "Point", "coordinates": [ -46.829352, -23.5318853 ] } },
{ "type": "Feature", "properties": { "id_comando": "CPA/M-8", "nome_comando": "8º Comando de Policiamento de Área Metropolitana (CPA/M-8)", "nome_batalhao": "33º BPM/M", "tipo_batalhao": "Metropolitano", "companhia": "3.CIA PM", "cidade": "Cotia", "endereco": "RUA BATISTA CEPELOS, 187  0, CENTRO - Cotia", "latitude": -23.6036661, "longitude": -46.9322409, "fonte_geocodificacao": "Google Geocoding API", "opm_nome": "3. COMPANHIA DE POLICIA MILITAR", "opm_descricao": "CPA/M-8 33.BPM/M 3.CIA PM TERRITORIAL", "opm_codigo": "408333000" }, "geometry": { "type": "Point", "coordinates": [ -46.9322409, -23.6036661 ] } },
{ "type": "Feature", "properties": { "id_comando": "CPA/M-8", "nome_comando": "8º Comando de Policiamento de Área Metropolitana (CPA/M-8)", "nome_batalhao": "33º BPM/M", "tipo_batalhao": "Metropolitano", "companhia": "4.CIA PM", "cidade": "Vargem Grande Paulista", "endereco": "Avenida Miranda, 319, Jardim Verona - Vargem Grande Paulista", "latitude": -23.6117039, "longitude": -46.9932972, "fonte_geocodificacao": "Google Geocoding API", "opm_nome": "4. COMPANHIA DE POLICIA MILITAR", "opm_descricao": "CPA/M-8 33.BPM/M 4.CIA PM TERRITORIAL", "opm_codigo": "408334000" }, "geometry": { "type": "Point", "coordinates": [ -46.9932972, -23.6117039 ] } },
{ "type": "Feature", "properties": { "id_comando": "CPA/M-8", "nome_comando": "8º Comando de Policiamento de Área Metropolitana (CPA/M-8)", "nome_batalhao": "33º BPM/M", "tipo_batalhao": "Metropolitano", "companhia": "CIA F TAT", "cidade": "Carapicuiba", "endereco": "AVENIDA COMENDADOR DANTE CARRARO, 33  0, CIDADE ARISTON - Carapicuiba", "latitude": -23.5212832, "longitude": -46.8546219, "fonte_geocodificacao": "Google Geocoding API", "opm_nome": "33.BPM/M CIA F TAT", "opm_descricao": "CPA/M-8 33.BPM/M CIA F TAT", "opm_codigo": "408337000" }, "geometry": { "type": "Point", "coordinates": [ -46.8546219, -23.5212832 ] } },
{ "type": "Feature", "properties": { "id_comando": "CPA/M-8", "nome_comando": "8º Comando de Policiamento de Área Metropolitana (CPA/M-8)", "nome_batalhao": "33º BPM/M", "tipo_batalhao": "Metropolitano", "companhia": "EM", "cidade": "Carapicuiba", "endereco": "AVENIDA COMENDADOR DANTE CARRARO, 33  0, JARDIM ARISTON - Carapicuiba", "latitude": -23.5212832, "longitude": -46.8546219, "fonte_geocodificacao": "Google Geocoding API", "opm_nome": "ESTADO-MAIOR", "opm_descricao": "CPA/M-8 33.BPM/M EM", "opm_codigo": "408338000" }, "geometry": { "type": "Point", "coordinates": [ -46.8546219, -23.5212832 ] } },
{ "type": "Feature", "properties": { "id_comando": "CPI-2", "nome_comando": "2º Comando de Policiamento do Interior (CPI-2)", "nome_batalhao": "34º BPM/I", "tipo_batalhao": "Interior", "companhia": "1.CIA PM", "cidade": "Braganca Paulista", "endereco": "AVENIDA DOS IMIGRANTES, 1, SÃO JOSÉ - Braganca Paulista", "latitude": -22.9632987, "longitude": -46.5441184, "fonte_geocodificacao": "Google Geocoding API", "opm_nome": "1. COMPANHIA DE POLICIA MILITAR", "opm_descricao": "CPI-2 34.BPM/I 1.CIA PM", "opm_codigo": "602341000" }, "geometry": { "type": "Point", "coordinates": [ -46.5441184, -22.9632987 ] } },
{ "type": "Feature", "properties": { "id_comando": "CPI-2", "nome_comando": "2º Comando de Policiamento do Interior (CPI-2)", "nome_batalhao": "34º BPM/I", "tipo_batalhao": "Interior", "companhia": "2.CIA PM", "cidade": "Amparo", "endereco": "PRAÇA DA BANDEIRA, 5, CENTRO - Amparo", "latitude": -22.7032597, "longitude": -46.7660062, "fonte_geocodificacao": "Google Geocoding API", "opm_nome": "2. COMPANHIA DE POLICIA MILITAR", "opm_descricao": "CPI-2 34.BPM/I 2.CIA PM", "opm_codigo": "602342000" }, "geometry": { "type": "Point", "coordinates": [ -46.7660062, -22.7032597 ] } },
{ "type": "Feature", "properties": { "id_comando": "CPI-2", "nome_comando": "2º Comando de Policiamento do Interior (CPI-2)", "nome_batalhao": "34º BPM/I", "tipo_batalhao": "Interior", "companhia": "3.CIA PM", "cidade": "Atibaia", "endereco": "Rua Professor João Antonio Rodrigues dos Santos, 95, Vila Tais - Atibaia", "latitude": -23.120966, "longitude": -46.5517394, "fonte_geocodificacao": "Google Geocoding API", "opm_nome": "3. COMPANHIA DE POLICIA MILITAR", "opm_descricao": "CPI-2 34.BPM/I 3.CIA PM", "opm_codigo": "602343000" }, "geometry": { "type": "Point", "coordinates": [ -46.5517394, -23.120966 ] } },
{ "type": "Feature", "properties": { "id_comando": "CPI-2", "nome_comando": "2º Comando de Policiamento do Interior (CPI-2)", "nome_batalhao": "34º BPM/I", "tipo_batalhao": "Interior", "companhia": "CIA FT", "cidade": "Braganca Paulista", "endereco": "AVENIDA JOSÉ GOMES DA ROCHA LEAL, 1641, JARDIM AMERICA - Braganca Paulista", "latitude": -22.9530605, "longitude": -46.5453594, "fonte_geocodificacao": "Google Geocoding API", "opm_nome": "1. PELOTAO DE FORCA TATICA", "opm_descricao": "CPI-2 34.BPM/I CIA FT 1.PEL FT", "opm_codigo": "602347100" }, "geometry": { "type": "Point", "coordinates": [ -46.5453594, -22.9530605 ] } },
{ "type": "Feature", "properties": { "id_comando": "CPI-2", "nome_comando": "2º Comando de Policiamento do Interior (CPI-2)", "nome_batalhao": "34º BPM/I", "tipo_batalhao": "Interior", "companhia": "COORD OP", "cidade": "Braganca Paulista", "endereco": "AVENIDA JOSÉ GOMES DA ROCHA LEAL, 1651, CENTRO - Braganca Paulista", "latitude": -22.9530263, "longitude": -46.5453018, "fonte_geocodificacao": "Google Geocoding API", "opm_nome": "COORD OP", "opm_descricao": "CPI-2 34.BPM/I COORD OP", "opm_codigo": "602349000" }, "geometry": { "type": "Point", "coordinates": [ -46.5453018, -22.9530263 ] } },
{ "type": "Feature", "properties": { "id_comando": "CPI-2", "nome_comando": "2º Comando de Policiamento do Interior (CPI-2)", "nome_batalhao": "34º BPM/I", "tipo_batalhao": "Interior", "companhia": "EM", "cidade": "Braganca Paulista", "endereco": "AVENIDA JOSÉ GOMES DA ROCHA LEAL, 1651, CENTRO - Braganca Paulista", "latitude": -22.9530263, "longitude": -46.5453018, "fonte_geocodificacao": "Google Geocoding API", "opm_nome": "ESTADO-MAIOR", "opm_descricao": "CPI-2 34.BPM/I EM", "opm_codigo": "602348000" }, "geometry": { "type": "Point", "coordinates": [ -46.5453018, -22.9530263 ] } },
{ "type": "Feature", "properties": { "id_comando": "CPI-2", "nome_comando": "2º Comando de Policiamento do Interior (CPI-2)", "nome_batalhao": "35º BPM/I", "tipo_batalhao": "Interior", "companhia": "1.CIA PM", "cidade": "Campinas", "endereco": "RUA MACARAI, 120, SANTA ODILA - Campinas", "latitude": -22.9340813, "longitude": -47.0320385, "fonte_geocodificacao": "Google Geocoding API", "opm_nome": "ADMINISTRACAO", "opm_descricao": "CPI-2 35.BPM/I 1.CIA PM ADM 0", "opm_codigo": "602351400" }, "geometry": { "type": "Point", "coordinates": [ -47.0320385, -22.9340813 ] } },
{ "type": "Feature", "properties": { "id_comando": "CPI-2", "nome_comando": "2º Comando de Policiamento do Interior (CPI-2)", "nome_batalhao": "35º BPM/I", "tipo_batalhao": "Interior", "companhia": "2.CIA PM", "cidade": "Campinas", "endereco": "AVENIDA GUARANI, 1190, JARDIM GUARANI - Campinas", "latitude": -22.9076472, "longitude": -47.042134, "fonte_geocodificacao": "Google Geocoding API", "opm_nome": "2. COMPANHIA DE POLICIA MILITAR", "opm_descricao": "CPI-2 35.BPM/I 2.CIA PM TERRITORIAL", "opm_codigo": "602352000" }, "geometry": { "type": "Point", "coordinates": [ -47.042134, -22.9076472 ] } },
{ "type": "Feature", "properties": { "id_comando": "CPI-2", "nome_comando": "2º Comando de Policiamento do Interior (CPI-2)", "nome_batalhao": "35º BPM/I", "tipo_batalhao": "Interior", "companhia": "3.CIA PM", "cidade": "Campinas", "endereco": "AVENIDA BRASIL, 2100, VILA NOVA - Campinas", "latitude": -22.8779294, "longitude": -47.0716582, "fonte_geocodificacao": "Google Geocoding API", "opm_nome": "3. COMPANHIA DE POLICIA MILITAR", "opm_descricao": "CPI-2 35.BPM/I 3.CIA PM TERRITORIAL", "opm_codigo": "602353000" }, "geometry": { "type": "Point", "coordinates": [ -47.071658199999987, -22.8779294 ] } },
{ "type": "Feature", "properties": { "id_comando": "CPI-2", "nome_comando": "2º Comando de Policiamento do Interior (CPI-2)", "nome_batalhao": "35º BPM/I", "tipo_batalhao": "Interior", "companhia": "4.CIA PM", "cidade": "Campinas", "endereco": "RODOVIA EDENOR JOÃO TASCA, 835, LESTE - Campinas", "latitude": -22.883756387554246, "longitude": -47.043796219239638, "fonte_geocodificacao": "Centroide do município-sede (geocodificação rejeitada: fora dos limites do município)", "opm_nome": "PELOTAO POLICIAL MILITAR", "opm_descricao": "CPI-2 35.BPM/I 4.CIA PM PEL PM 0", "opm_codigo": "602354100" }, "geometry": { "type": "Point", "coordinates": [ -47.043796219239638, -22.883756387554246 ] } },
{ "type": "Feature", "properties": { "id_comando": "CPI-2", "nome_comando": "2º Comando de Policiamento do Interior (CPI-2)", "nome_batalhao": "35º BPM/I", "tipo_batalhao": "Interior", "companhia": "CIA FT", "cidade": "Campinas", "endereco": "AVENIDA BRASIL, 2100, VILA NOVA - Campinas", "latitude": -22.8779294, "longitude": -47.0716582, "fonte_geocodificacao": "Google Geocoding API", "opm_nome": "COMPANHIA DE FORCA TATICA", "opm_descricao": "CPI-2 35.BPM/I CIA FT", "opm_codigo": "602350700" }, "geometry": { "type": "Point", "coordinates": [ -47.071658199999987, -22.8779294 ] } },
{ "type": "Feature", "properties": { "id_comando": "CPI-2", "nome_comando": "2º Comando de Policiamento do Interior (CPI-2)", "nome_batalhao": "35º BPM/I", "tipo_batalhao": "Interior", "companhia": "COORD OP", "cidade": "Campinas", "endereco": "AVENIDA WASHIGNTON LUÍS, 2300, VL MARIETA - Campinas", "latitude": -22.9356128, "longitude": -47.0509907, "fonte_geocodificacao": "Google Geocoding API", "opm_nome": "COORD OP", "opm_descricao": "CPI-2 35.BPM/I COORD OP", "opm_codigo": "602350009" }, "geometry": { "type": "Point", "coordinates": [ -47.0509907, -22.9356128 ] } },
{ "type": "Feature", "properties": { "id_comando": "CPI-2", "nome_comando": "2º Comando de Policiamento do Interior (CPI-2)", "nome_batalhao": "35º BPM/I", "tipo_batalhao": "Interior", "companhia": "EM", "cidade": "Campinas", "endereco": "AVENIDA WASHIGNTON LUÍS, 2300, VL MARIETA - Campinas", "latitude": -22.9356128, "longitude": -47.0509907, "fonte_geocodificacao": "Google Geocoding API", "opm_nome": "ESTADO-MAIOR", "opm_descricao": "CPI-2 35.BPM/I EM", "opm_codigo": "602358000" }, "geometry": { "type": "Point", "coordinates": [ -47.0509907, -22.9356128 ] } },
{ "type": "Feature", "properties": { "id_comando": "CPA/M-12", "nome_comando": "12º Comando de Policiamento de Área Metropolitana (CPA/M-12)", "nome_batalhao": "35º BPM/M", "tipo_batalhao": "Metropolitano", "companhia": "1.CIA PM", "cidade": "Itaquaquecetuba", "endereco": "RUA SALESOPOLIS, 592 - ITAQUAQUECETUBA, 592, VL BARTIRA - Itaquaquecetuba", "latitude": -23.4829977, "longitude": -46.3745862, "fonte_geocodificacao": "Google Geocoding API", "opm_nome": "1.COMPANHIA DE POLICIA MILITAR", "opm_descricao": "CPA/M-12 35.BPM/M 1.CIA PM TERRITORIAL", "opm_codigo": "412351000" }, "geometry": { "type": "Point", "coordinates": [ -46.3745862, -23.4829977 ] } },
{ "type": "Feature", "properties": { "id_comando": "CPA/M-12", "nome_comando": "12º Comando de Policiamento de Área Metropolitana (CPA/M-12)", "nome_batalhao": "35º BPM/M", "tipo_batalhao": "Metropolitano", "companhia": "2.CIA PM", "cidade": "Itaquaquecetuba", "endereco": "ESTRADA ALBERTO HINOTO, 6855 - ITAQUAQUECETUBA, 6855, JARDIM NASCENTE - Itaquaquecetuba", "latitude": -23.4360978, "longitude": -46.3271719, "fonte_geocodificacao": "Google Geocoding API", "opm_nome": "2.COMPANHIA DE POLICIA MILITAR", "opm_descricao": "CPA/M-12 35.BPM/M 2.CIA PM TERRITORIAL", "opm_codigo": "412352000" }, "geometry": { "type": "Point", "coordinates": [ -46.3271719, -23.4360978 ] } },
{ "type": "Feature", "properties": { "id_comando": "CPA/M-12", "nome_comando": "12º Comando de Policiamento de Área Metropolitana (CPA/M-12)", "nome_batalhao": "35º BPM/M", "tipo_batalhao": "Metropolitano", "companhia": "CIA F TAT", "cidade": "Itaquaquecetuba", "endereco": "RUA SALESOPOLIS,, 592 - ITAQUAQUECETUBA, 592, VILA BARTIRA - Itaquaquecetuba", "latitude": -23.4829977, "longitude": -46.3745862, "fonte_geocodificacao": "Google Geocoding API", "opm_nome": "COMPANHIA DE FORCA TATICA DA POLICIA MILITAR", "opm_descricao": "CPA/M-12 35.BPM/M CIA F TAT", "opm_codigo": "412357000" }, "geometry": { "type": "Point", "coordinates": [ -46.3745862, -23.4829977 ] } },
{ "type": "Feature", "properties": { "id_comando": "CPA/M-12", "nome_comando": "12º Comando de Policiamento de Área Metropolitana (CPA/M-12)", "nome_batalhao": "35º BPM/M", "tipo_batalhao": "Metropolitano", "companhia": "COORD OP", "cidade": "Itaquaquecetuba", "endereco": "RUA SALESOPOLIS, 592 - ITAQUAQUECETUBA, 592, VL BARTIRA - Itaquaquecetuba", "latitude": -23.4829977, "longitude": -46.3745862, "fonte_geocodificacao": "Google Geocoding API", "opm_nome": "COORDENADORIA OPERACIONAL", "opm_descricao": "CPA/M-12 35.BPM/M COORD OP", "opm_codigo": "412358000" }, "geometry": { "type": "Point", "coordinates": [ -46.3745862, -23.4829977 ] } },
{ "type": "Feature", "properties": { "id_comando": "CPA/M-12", "nome_comando": "12º Comando de Policiamento de Área Metropolitana (CPA/M-12)", "nome_batalhao": "35º BPM/M", "tipo_batalhao": "Metropolitano", "companhia": "EM", "cidade": "Itaquaquecetuba", "endereco": "RUA SALESOPOLIS, 592 - ITAQUAQUECETUBA, 592, VL BARTIRA - Itaquaquecetuba", "latitude": -23.4829977, "longitude": -46.3745862, "fonte_geocodificacao": "Google Geocoding API", "opm_nome": "ESTADO-MAIOR", "opm_descricao": "CPA/M-12 35.BPM/M EM", "opm_codigo": "412359000" }, "geometry": { "type": "Point", "coordinates": [ -46.3745862, -23.4829977 ] } },
{ "type": "Feature", "properties": { "id_comando": "CPI-9", "nome_comando": "9º Comando de Policiamento do Interior (CPI-9)", "nome_batalhao": "36º BPM/I", "tipo_batalhao": "Interior", "companhia": "1.CIA PM", "cidade": "Limeira", "endereco": "RUA PERNAMBUCO, 722, VILA CRISTOVAM - Limeira", "latitude": -22.5770158, "longitude": -47.400935, "fonte_geocodificacao": "Google Geocoding API", "opm_nome": "1. COMPANHIA DE POLICIA MILITAR", "opm_descricao": "CPI-9 36.BPM/I 1.CIA PM", "opm_codigo": "609361000" }, "geometry": { "type": "Point", "coordinates": [ -47.400935, -22.5770158 ] } },
{ "type": "Feature", "properties": { "id_comando": "CPI-9", "nome_comando": "9º Comando de Policiamento do Interior (CPI-9)", "nome_batalhao": "36º BPM/I", "tipo_batalhao": "Interior", "companhia": "2.CIA PM", "cidade": "Araras", "endereco": "RUA ALAN KARDEC, 143, JARDIM DONA ROSA ZURITA - Araras", "latitude": -22.3743481, "longitude": -47.3875992, "fonte_geocodificacao": "Google Geocoding API", "opm_nome": "2. COMPANHIA DE POLICIA MILITAR", "opm_descricao": "CPI-9 36.BPM/I 2.CIA PM", "opm_codigo": "609362000" }, "geometry": { "type": "Point", "coordinates": [ -47.3875992, -22.3743481 ] } },
{ "type": "Feature", "properties": { "id_comando": "CPI-9", "nome_comando": "9º Comando de Policiamento do Interior (CPI-9)", "nome_batalhao": "36º BPM/I", "tipo_batalhao": "Interior", "companhia": "3.CIA PM", "cidade": "Pirassununga", "endereco": "RUA CORONEL FRANCO, 3314, POSTO DE MONTA - Pirassununga", "latitude": -22.0169176, "longitude": -47.427514, "fonte_geocodificacao": "Google Geocoding API", "opm_nome": "3. COMPANHIA DE POLICIA MILITAR", "opm_descricao": "CPI-9 36.BPM/I 3.CIA PM", "opm_codigo": "609363000" }, "geometry": { "type": "Point", "coordinates": [ -47.427514, -22.0169176 ] } },
{ "type": "Feature", "properties": { "id_comando": "CPI-9", "nome_comando": "9º Comando de Policiamento do Interior (CPI-9)", "nome_batalhao": "36º BPM/I", "tipo_batalhao": "Interior", "companhia": "4.CIA PM", "cidade": "Leme", "endereco": "AVENIDA PAUL HARRIS, 1200, JARDIM DO BOSQUE - Leme", "latitude": -22.1768773, "longitude": -47.4020619, "fonte_geocodificacao": "Google Geocoding API", "opm_nome": "4. COMPANHIA DE POLICIA MILITAR", "opm_descricao": "CPI-9 36.BPM/I 4.CIA PM", "opm_codigo": "609364000" }, "geometry": { "type": "Point", "coordinates": [ -47.4020619, -22.1768773 ] } },
{ "type": "Feature", "properties": { "id_comando": "CPI-9", "nome_comando": "9º Comando de Policiamento do Interior (CPI-9)", "nome_batalhao": "36º BPM/I", "tipo_batalhao": "Interior", "companhia": "5.CIA PM", "cidade": "Limeira", "endereco": "PRAÇA PRIMEIRO DE MAIO, 26, JARDIM MORRO AZUL - Limeira", "latitude": -22.5589024, "longitude": -47.4305429, "fonte_geocodificacao": "Google Geocoding API", "opm_nome": "5. COMPANHIA DE POLICIA MILITAR", "opm_descricao": "CPI-9 36.BPM/I 5.CIA PM", "opm_codigo": "609365000" }, "geometry": { "type": "Point", "coordinates": [ -47.4305429, -22.5589024 ] } },
{ "type": "Feature", "properties": { "id_comando": "CPI-9", "nome_comando": "9º Comando de Policiamento do Interior (CPI-9)", "nome_batalhao": "36º BPM/I", "tipo_batalhao": "Interior", "companhia": "CIA F TAT", "cidade": "Limeira", "endereco": "RUA JOÃO PICININI, 100, JARDIM DAS LARANJEIRAS - Limeira", "latitude": -22.5441095, "longitude": -47.4151914, "fonte_geocodificacao": "Google Geocoding API", "opm_nome": "COMPANHIA DE FORCA TATICA DA POLICIA MILITAR", "opm_descricao": "CPI-9 36.BPM/I CIA F TAT", "opm_codigo": "609366000" }, "geometry": { "type": "Point", "coordinates": [ -47.4151914, -22.5441095 ] } },
{ "type": "Feature", "properties": { "id_comando": "CPI-9", "nome_comando": "9º Comando de Policiamento do Interior (CPI-9)", "nome_batalhao": "36º BPM/I", "tipo_batalhao": "Interior", "companhia": "COORD OP", "cidade": "Limeira", "endereco": "RUA JOÃO PICININI, 100, JARDIM DAS LARANJEIRAS - Limeira", "latitude": -22.5441095, "longitude": -47.4151914, "fonte_geocodificacao": "Google Geocoding API", "opm_nome": "COORDENADORIA OPERACIONAL", "opm_descricao": "CPI-9 36.BPM/I COORD OP", "opm_codigo": "609369000" }, "geometry": { "type": "Point", "coordinates": [ -47.4151914, -22.5441095 ] } },
{ "type": "Feature", "properties": { "id_comando": "CPI-9", "nome_comando": "9º Comando de Policiamento do Interior (CPI-9)", "nome_batalhao": "36º BPM/I", "tipo_batalhao": "Interior", "companhia": "EM", "cidade": "Limeira", "endereco": "RUA JOÃO PICININI, 100, JARDIM DAS LARANJEIRAS - Limeira", "latitude": -22.5441095, "longitude": -47.4151914, "fonte_geocodificacao": "Google Geocoding API", "opm_nome": "ESTADO-MAIOR", "opm_descricao": "CPI-9 36.BPM/I EM", "opm_codigo": "609368000" }, "geometry": { "type": "Point", "coordinates": [ -47.4151914, -22.5441095 ] } },
{ "type": "Feature", "properties": { "id_comando": "CPA/M-8", "nome_comando": "8º Comando de Policiamento de Área Metropolitana (CPA/M-8)", "nome_batalhao": "36º BPM/M", "tipo_batalhao": "Metropolitano", "companhia": "1.CIA PM", "cidade": "Embu Das Artes", "endereco": "RUA CAMPOS DO JORDAO, 120  0, JARDIM DON JOSE - Embu Das Artes", "latitude": -23.6705644, "longitude": -46.8042876, "fonte_geocodificacao": "Google Geocoding API", "opm_nome": "1. COMPANHIA DE POLICIA MILITAR", "opm_descricao": "CPA/M-8 36.BPM/M 1.CIA PM TERRITORIAL", "opm_codigo": "408361000" }, "geometry": { "type": "Point", "coordinates": [ -46.804287599999988, -23.6705644 ] } },
{ "type": "Feature", "properties": { "id_comando": "CPA/M-8", "nome_comando": "8º Comando de Policiamento de Área Metropolitana (CPA/M-8)", "nome_batalhao": "36º BPM/M", "tipo_batalhao": "Metropolitano", "companhia": "2.CIA PM", "cidade": "Taboao Da Serra", "endereco": "RUA HAMILTON FERNANDES, 30  0, JARDIM SANTO ONOFRE - Taboao Da Serra", "latitude": -23.6394127, "longitude": -46.805295, "fonte_geocodificacao": "Google Geocoding API", "opm_nome": "2. COMPANHIA DE POLICIA MILITAR", "opm_descricao": "CPA/M-8 36.BPM/M 2.CIA PM TERRITORIAL", "opm_codigo": "408362000" }, "geometry": { "type": "Point", "coordinates": [ -46.805295, -23.6394127 ] } },
{ "type": "Feature", "properties": { "id_comando": "CPA/M-8", "nome_comando": "8º Comando de Policiamento de Área Metropolitana (CPA/M-8)", "nome_batalhao": "36º BPM/M", "tipo_batalhao": "Metropolitano", "companhia": "3.CIA PM", "cidade": "Embu Das Artes", "endereco": "RUA BELO HORIZONTE, 224  0, JARDIM ARABUTA - Embu Das Artes", "latitude": -23.6510409, "longitude": -46.8552233, "fonte_geocodificacao": "Google Geocoding API", "opm_nome": "3. COMPANHIA DE POLICIA MILITAR", "opm_descricao": "CPA/M-8 36.BPM/M 3.CIA PM TERRITORIAL", "opm_codigo": "408363000" }, "geometry": { "type": "Point", "coordinates": [ -46.8552233, -23.6510409 ] } },
{ "type": "Feature", "properties": { "id_comando": "CPA/M-8", "nome_comando": "8º Comando de Policiamento de Área Metropolitana (CPA/M-8)", "nome_batalhao": "36º BPM/M", "tipo_batalhao": "Metropolitano", "companhia": "4.CIA PM", "cidade": "Taboao Da Serra", "endereco": "RUA JOSE SOARES DE AZEVEDO, 94  0, JARDIM SANTA LUZIA - Taboao Da Serra", "latitude": -23.6070547, "longitude": -46.753013, "fonte_geocodificacao": "Google Geocoding API", "opm_nome": "4. COMPANHIA DE POLICIA MILITAR", "opm_descricao": "CPA/M-8 36.BPM/M 4.CIA PM TERRITORIAL", "opm_codigo": "408364000" }, "geometry": { "type": "Point", "coordinates": [ -46.753013, -23.6070547 ] } },
{ "type": "Feature", "properties": { "id_comando": "CPA/M-8", "nome_comando": "8º Comando de Policiamento de Área Metropolitana (CPA/M-8)", "nome_batalhao": "36º BPM/M", "tipo_batalhao": "Metropolitano", "companhia": "COORD OP", "cidade": "Embu Das Artes", "endereco": "AVENIDA ROTARY, 941  0, PARQUE INDUSTRIAL - Embu Das Artes", "latitude": -23.6479186, "longitude": -46.8333252, "fonte_geocodificacao": "Google Geocoding API", "opm_nome": "COORDENADORIA OPERACIONAL", "opm_descricao": "CPA/M-8 36.BPM/M COORD OP", "opm_codigo": "408368000" }, "geometry": { "type": "Point", "coordinates": [ -46.8333252, -23.6479186 ] } },
{ "type": "Feature", "properties": { "id_comando": "CPA/M-8", "nome_comando": "8º Comando de Policiamento de Área Metropolitana (CPA/M-8)", "nome_batalhao": "36º BPM/M", "tipo_batalhao": "Metropolitano", "companhia": "EM", "cidade": "Embu Das Artes", "endereco": "AVENIDA ROTARY, 941  0, PARQUE INDUSTRIAL - Embu Das Artes", "latitude": -23.6479186, "longitude": -46.8333252, "fonte_geocodificacao": "Google Geocoding API", "opm_nome": "ESTADO-MAIOR", "opm_descricao": "CPA/M-8 36.BPM/M EM", "opm_codigo": "408369000" }, "geometry": { "type": "Point", "coordinates": [ -46.8333252, -23.6479186 ] } },
{ "type": "Feature", "properties": { "id_comando": "CPI-9", "nome_comando": "9º Comando de Policiamento do Interior (CPI-9)", "nome_batalhao": "37º BPM/I", "tipo_batalhao": "Interior", "companhia": "1.CIA PM", "cidade": "Rio Claro", "endereco": "RUA 12, 51, BAIRRO DO ESTÁDIO - Rio Claro", "latitude": -22.4215362, "longitude": -47.5646382, "fonte_geocodificacao": "Google Geocoding API", "opm_nome": "1. COMPANHIA DE POLICIA MILITAR", "opm_descricao": "CPI-9 37.BPM/I 1.CIA PM", "opm_codigo": "609371000" }, "geometry": { "type": "Point", "coordinates": [ -47.5646382, -22.4215362 ] } },
{ "type": "Feature", "properties": { "id_comando": "CPI-9", "nome_comando": "9º Comando de Policiamento do Interior (CPI-9)", "nome_batalhao": "37º BPM/I", "tipo_batalhao": "Interior", "companhia": "2.CIA PM", "cidade": "Itirapina", "endereco": "RUA 1, 510, JD LEMOS - Itirapina", "latitude": -22.2595305, "longitude": -47.8001744, "fonte_geocodificacao": "Google Geocoding API", "opm_nome": "2. COMPANHIA DE POLICIA MILITAR", "opm_descricao": "CPI-9 37.BPM/I 2.CIA PM", "opm_codigo": "609372000" }, "geometry": { "type": "Point", "coordinates": [ -47.8001744, -22.2595305 ] } },
{ "type": "Feature", "properties": { "id_comando": "CPI-9", "nome_comando": "9º Comando de Policiamento do Interior (CPI-9)", "nome_batalhao": "37º BPM/I", "tipo_batalhao": "Interior", "companhia": "CIA F TAT", "cidade": "Rio Claro", "endereco": "AVENIDA M 23, 1649, AREA RURAL - Rio Claro", "latitude": -22.3833743, "longitude": -47.5729859, "fonte_geocodificacao": "Google Geocoding API", "opm_nome": "COMPANHIA DE FORCA TATICA DA POLICIA MILITAR", "opm_descricao": "CPI-9 37.BPM/I CIA F TAT", "opm_codigo": "609373000" }, "geometry": { "type": "Point", "coordinates": [ -47.5729859, -22.3833743 ] } },
{ "type": "Feature", "properties": { "id_comando": "CPI-9", "nome_comando": "9º Comando de Policiamento do Interior (CPI-9)", "nome_batalhao": "37º BPM/I", "tipo_batalhao": "Interior", "companhia": "COORD OP", "cidade": "Rio Claro", "endereco": "RODOVIA WASHINGTON LUIS KM, 172, JARDIM ANHANGUERA - Rio Claro", "latitude": -22.4370491, "longitude": -47.5699382, "fonte_geocodificacao": "Google Geocoding API", "opm_nome": "COORDENADORIA OPERACIONAL", "opm_descricao": "CPI-9 37.BPM/I COORD OP", "opm_codigo": "609379000" }, "geometry": { "type": "Point", "coordinates": [ -47.5699382, -22.4370491 ] } },
{ "type": "Feature", "properties": { "id_comando": "CPI-9", "nome_comando": "9º Comando de Policiamento do Interior (CPI-9)", "nome_batalhao": "37º BPM/I", "tipo_batalhao": "Interior", "companhia": "EM", "cidade": "Rio Claro", "endereco": "RODOVIA WASHINGTON LUIS KM, 172, JARDIM ANHANGUERA - Rio Claro", "latitude": -22.4370491, "longitude": -47.5699382, "fonte_geocodificacao": "Google Geocoding API", "opm_nome": "ESTADO-MAIOR", "opm_descricao": "CPI-9 37.BPM/I EM", "opm_codigo": "609378000" }, "geometry": { "type": "Point", "coordinates": [ -47.5699382, -22.4370491 ] } },
{ "type": "Feature", "properties": { "id_comando": "CPA/M-10", "nome_comando": "10º Comando de Policiamento de Área Metropolitana (CPA/M-10)", "nome_batalhao": "37º BPM/M", "tipo_batalhao": "Metropolitano", "companhia": "1.CIA PM", "cidade": "Sao Paulo", "endereco": "ESTRADA M'BOI MIRIM, 4884, JD COPACABANA - Sao Paulo", "latitude": -23.6888041, "longitude": -46.7730217, "fonte_geocodificacao": "Google Geocoding API", "opm_nome": "1. COMPANHIA DE POLICIA MILITAR", "opm_descricao": "CPA/M-10 37.BPM/M 1.CIA PM TERRITORIAL", "opm_codigo": "510371000" }, "geometry": { "type": "Point", "coordinates": [ -46.7730217, -23.6888041 ] } },
{ "type": "Feature", "properties": { "id_comando": "CPA/M-10", "nome_comando": "10º Comando de Policiamento de Área Metropolitana (CPA/M-10)", "nome_batalhao": "37º BPM/M", "tipo_batalhao": "Metropolitano", "companhia": "2.CIA PM", "cidade": "Sao Paulo", "endereco": "ESTRADA CUMBICA, 2005, JARDIM ARACATI - Sao Paulo", "latitude": -23.7162454, "longitude": -46.7671985, "fonte_geocodificacao": "Google Geocoding API", "opm_nome": "2. COMPANHIA DE POLICIA MILITAR", "opm_descricao": "CPA/M-10 37.BPM/M 2.CIA PM TERRITORIAL", "opm_codigo": "510372000" }, "geometry": { "type": "Point", "coordinates": [ -46.7671985, -23.7162454 ] } },
{ "type": "Feature", "properties": { "id_comando": "CPA/M-10", "nome_comando": "10º Comando de Policiamento de Área Metropolitana (CPA/M-10)", "nome_batalhao": "37º BPM/M", "tipo_batalhao": "Metropolitano", "companhia": "3.CIA PM", "cidade": "Sao Paulo", "endereco": "RUA PASTOR JERONIMO GRANERO GARCIA, 11, JD ALVORADA - Sao Paulo", "latitude": -23.6645224, "longitude": -46.7831027, "fonte_geocodificacao": "Google Geocoding API", "opm_nome": "3. COMPANHIA DE POLICIA MILITAR", "opm_descricao": "CPA/M-10 37.BPM/M 3.CIA PM TERRITORIAL", "opm_codigo": "510373000" }, "geometry": { "type": "Point", "coordinates": [ -46.7831027, -23.6645224 ] } },
{ "type": "Feature", "properties": { "id_comando": "CPA/M-10", "nome_comando": "10º Comando de Policiamento de Área Metropolitana (CPA/M-10)", "nome_batalhao": "37º BPM/M", "tipo_batalhao": "Metropolitano", "companhia": "4.CIA PM", "cidade": "Sao Paulo", "endereco": "UNIDADE INEXISTENTE, 0, INEXISTENTE - Sao Paulo", "latitude": -23.7193559, "longitude": -46.6899879, "fonte_geocodificacao": "Google Geocoding API", "opm_nome": "4. COMPANHIA DE POLICIA MILITAR", "opm_descricao": "CPA/M-10 37.BPM/M 4.CIA PM", "opm_codigo": "510374000" }, "geometry": { "type": "Point", "coordinates": [ -46.689987900000013, -23.7193559 ] } },
{ "type": "Feature", "properties": { "id_comando": "CPA/M-10", "nome_comando": "10º Comando de Policiamento de Área Metropolitana (CPA/M-10)", "nome_batalhao": "37º BPM/M", "tipo_batalhao": "Metropolitano", "companhia": "5.CIA PM", "cidade": "Sao Paulo", "endereco": "INEXISTENTE, 0, INEXISTENTE - Sao Paulo", "latitude": -23.7193559, "longitude": -46.6899879, "fonte_geocodificacao": "Google Geocoding API", "opm_nome": "37.BPM/M 5.CIA PM TERRITORIAL", "opm_descricao": "CPA/M-10 37.BPM/M 5.CIA PM TERRITORIAL 0", "opm_codigo": "510375000" }, "geometry": { "type": "Point", "coordinates": [ -46.689987900000013, -23.7193559 ] } },
{ "type": "Feature", "properties": { "id_comando": "CPA/M-10", "nome_comando": "10º Comando de Policiamento de Área Metropolitana (CPA/M-10)", "nome_batalhao": "37º BPM/M", "tipo_batalhao": "Metropolitano", "companhia": "CIA F TAT", "cidade": "Sao Paulo", "endereco": "ESTRADA DE ITAPECERICA, 5650, JD ALVORADA - Sao Paulo", "latitude": -23.6630297, "longitude": -46.7816349, "fonte_geocodificacao": "Google Geocoding API", "opm_nome": "COMPANHIA DE FORCA TATICA DA POLICIA MILITAR", "opm_descricao": "CPA/M-10 37.BPM/M CIA F TAT", "opm_codigo": "510378000" }, "geometry": { "type": "Point", "coordinates": [ -46.7816349, -23.6630297 ] } },
{ "type": "Feature", "properties": { "id_comando": "CPA/M-10", "nome_comando": "10º Comando de Policiamento de Área Metropolitana (CPA/M-10)", "nome_batalhao": "37º BPM/M", "tipo_batalhao": "Metropolitano", "companhia": "COORD OP", "cidade": "Sao Paulo", "endereco": "ESTRADA DE ITAPECERICA, 5650, JD ALVORADA - Sao Paulo", "latitude": -23.6630297, "longitude": -46.7816349, "fonte_geocodificacao": "Google Geocoding API", "opm_nome": "COORDENADORIA OPERACIONAL", "opm_descricao": "CPA/M-10 37.BPM/M COORD OP", "opm_codigo": "510377000" }, "geometry": { "type": "Point", "coordinates": [ -46.7816349, -23.6630297 ] } },
{ "type": "Feature", "properties": { "id_comando": "CPA/M-10", "nome_comando": "10º Comando de Policiamento de Área Metropolitana (CPA/M-10)", "nome_batalhao": "37º BPM/M", "tipo_batalhao": "Metropolitano", "companhia": "EM", "cidade": "Sao Paulo", "endereco": "ESTRADA DE ITAPECERICA, 5650, JD ALVORADA - Sao Paulo", "latitude": -23.6630297, "longitude": -46.7816349, "fonte_geocodificacao": "Google Geocoding API", "opm_nome": "ESTADO-MAIOR", "opm_descricao": "CPA/M-10 37.BPM/M EM", "opm_codigo": "510379000" }, "geometry": { "type": "Point", "coordinates": [ -46.7816349, -23.6630297 ] } },
{ "type": "Feature", "properties": { "id_comando": "CPI-3", "nome_comando": "3º Comando de Policiamento do Interior (CPI-3)", "nome_batalhao": "38º BPM/I", "tipo_batalhao": "Interior", "companhia": "1.CIA PM", "cidade": "Sao Carlos", "endereco": "RUA SANTOS DUMONT, 260, VILA CELINA - Sao Carlos", "latitude": -21.9949432, "longitude": -47.8858546, "fonte_geocodificacao": "Google Geocoding API", "opm_nome": "1. COMPANHIA DE POLICIA MILITAR", "opm_descricao": "CPI-3 38.BPM/I 1.CIA PM", "opm_codigo": "603381000" }, "geometry": { "type": "Point", "coordinates": [ -47.885854599999988, -21.9949432 ] } },
{ "type": "Feature", "properties": { "id_comando": "CPI-3", "nome_comando": "3º Comando de Policiamento do Interior (CPI-3)", "nome_batalhao": "38º BPM/I", "tipo_batalhao": "Interior", "companhia": "2.CIA PM", "cidade": "Sao Carlos", "endereco": "RUA SANTOS DUMONT, 260, VILA CELINA - Sao Carlos", "latitude": -21.9949432, "longitude": -47.8858546, "fonte_geocodificacao": "Google Geocoding API", "opm_nome": "2. COMPANHIA DE POLICIA MILITAR", "opm_descricao": "CPI-3 38.BPM/I 2.CIA PM", "opm_codigo": "603382000" }, "geometry": { "type": "Point", "coordinates": [ -47.885854599999988, -21.9949432 ] } },
{ "type": "Feature", "properties": { "id_comando": "CPI-3", "nome_comando": "3º Comando de Policiamento do Interior (CPI-3)", "nome_batalhao": "38º BPM/I", "tipo_batalhao": "Interior", "companhia": "3.CIA PM", "cidade": "Porto Ferreira", "endereco": "AV GENERAL ALVARO DE GOES VALERIANI, 1021, JARDIM AEROPORTO - Porto Ferreira", "latitude": -21.8702509, "longitude": -47.4768171, "fonte_geocodificacao": "Google Geocoding API", "opm_nome": "3. COMPANHIA DE POLICIA MILITAR", "opm_descricao": "CPI-3 38.BPM/I 3.CIA PM", "opm_codigo": "603383000" }, "geometry": { "type": "Point", "coordinates": [ -47.4768171, -21.8702509 ] } },
{ "type": "Feature", "properties": { "id_comando": "CPI-3", "nome_comando": "3º Comando de Policiamento do Interior (CPI-3)", "nome_batalhao": "38º BPM/I", "tipo_batalhao": "Interior", "companhia": "CIA FT", "cidade": "Sao Carlos", "endereco": "RUA RUI BARBOSA, 434, VL MONTEIRO - Sao Carlos", "latitude": -22.0231129, "longitude": -47.8865651, "fonte_geocodificacao": "Google Geocoding API", "opm_nome": "COMPANHIA DE FORCA TATICA", "opm_descricao": "CPI-3 38.BPM/I CIA FT", "opm_codigo": "603386000" }, "geometry": { "type": "Point", "coordinates": [ -47.8865651, -22.0231129 ] } },
{ "type": "Feature", "properties": { "id_comando": "CPI-3", "nome_comando": "3º Comando de Policiamento do Interior (CPI-3)", "nome_batalhao": "38º BPM/I", "tipo_batalhao": "Interior", "companhia": "COORD OP", "cidade": "Sao Carlos", "endereco": "RUA BENTO CARLOS, 930, CENTREVILLE - Sao Carlos", "latitude": -22.0228882, "longitude": -47.886267, "fonte_geocodificacao": "Google Geocoding API", "opm_nome": "COORDENADORIA OPERACIONAL", "opm_descricao": "CPI-3 38.BPM/I COORD OP", "opm_codigo": "603387000" }, "geometry": { "type": "Point", "coordinates": [ -47.886267, -22.0228882 ] } },
{ "type": "Feature", "properties": { "id_comando": "CPI-3", "nome_comando": "3º Comando de Policiamento do Interior (CPI-3)", "nome_batalhao": "38º BPM/I", "tipo_batalhao": "Interior", "companhia": "EM", "cidade": "Sao Carlos", "endereco": "RUA BENTO CARLOS, 930, CENTREVILLE - Sao Carlos", "latitude": -22.0228882, "longitude": -47.886267, "fonte_geocodificacao": "Google Geocoding API", "opm_nome": "ESTADO-MAIOR", "opm_descricao": "CPI-3 38.BPM/I EM", "opm_codigo": "603388000" }, "geometry": { "type": "Point", "coordinates": [ -47.886267, -22.0228882 ] } },
{ "type": "Feature", "properties": { "id_comando": "CPA/M-9", "nome_comando": "9º Comando de Policiamento de Área Metropolitana (CPA/M-9)", "nome_batalhao": "38º BPM/M", "tipo_batalhao": "Metropolitano", "companhia": "1.CIA PM", "cidade": "Sao Paulo", "endereco": "ESTRADA DO SAPOPEMBA, 30500, IGUATEMI - Sao Paulo", "latitude": -23.6195283, "longitude": -46.4239477, "fonte_geocodificacao": "Google Geocoding API", "opm_nome": "1. COMPANHIA DE POLICIA MILITAR", "opm_descricao": "CPA/M-9 38.BPM/M 1.CIA PM TERRITORIAL", "opm_codigo": "509381000" }, "geometry": { "type": "Point", "coordinates": [ -46.4239477, -23.6195283 ] } },
{ "type": "Feature", "properties": { "id_comando": "CPA/M-9", "nome_comando": "9º Comando de Policiamento de Área Metropolitana (CPA/M-9)", "nome_batalhao": "38º BPM/M", "tipo_batalhao": "Metropolitano", "companhia": "2.CIA PM", "cidade": "Sao Paulo", "endereco": "RUA LUIS BARBALHO BEZERRA, 600, SAO MATEUS - Sao Paulo", "latitude": -23.6078486, "longitude": -46.4599856, "fonte_geocodificacao": "Google Geocoding API", "opm_nome": "2. COMPANHIA DE POLICIA MILITAR", "opm_descricao": "CPA/M-9 38.BPM/M 2.CIA PM TERRITORIAL", "opm_codigo": "509382000" }, "geometry": { "type": "Point", "coordinates": [ -46.4599856, -23.6078486 ] } },
{ "type": "Feature", "properties": { "id_comando": "CPA/M-9", "nome_comando": "9º Comando de Policiamento de Área Metropolitana (CPA/M-9)", "nome_batalhao": "38º BPM/M", "tipo_batalhao": "Metropolitano", "companhia": "3.CIA PM", "cidade": "Sao Paulo", "endereco": "Rua Augustin Luberti, 1100, Fazenda da Juta - Sao Paulo", "latitude": -23.6223149, "longitude": -46.487899, "fonte_geocodificacao": "Google Geocoding API", "opm_nome": "3. COMPANHIA DE POLICIA MILITAR", "opm_descricao": "CPA/M-9 38.BPM/M 3.CIA PM TERRITORIAL", "opm_codigo": "509383000" }, "geometry": { "type": "Point", "coordinates": [ -46.487899, -23.6223149 ] } },
{ "type": "Feature", "properties": { "id_comando": "CPA/M-9", "nome_comando": "9º Comando de Policiamento de Área Metropolitana (CPA/M-9)", "nome_batalhao": "38º BPM/M", "tipo_batalhao": "Metropolitano", "companhia": "CIA F TAT", "cidade": "Sao Paulo", "endereco": "TRAVESSA TERNURA ANTIGA, 1, Jardim da Conquista - Sao Paulo", "latitude": -23.6123631, "longitude": -46.4450801, "fonte_geocodificacao": "Google Geocoding API", "opm_nome": "COMPANHIA DE FORCA TATICA DA POLICIA MILITAR", "opm_descricao": "CPA/M-9 38.BPM/M CIA F TAT", "opm_codigo": "509387000" }, "geometry": { "type": "Point", "coordinates": [ -46.4450801, -23.6123631 ] } },
{ "type": "Feature", "properties": { "id_comando": "CPA/M-9", "nome_comando": "9º Comando de Policiamento de Área Metropolitana (CPA/M-9)", "nome_batalhao": "38º BPM/M", "tipo_batalhao": "Metropolitano", "companhia": "COORD OP", "cidade": "Sao Paulo", "endereco": "TRAVESSA TERNURA ANTIGA, 1, JARDIM DA CONQUISTA - Sao Paulo", "latitude": -23.6123631, "longitude": -46.4450801, "fonte_geocodificacao": "Google Geocoding API", "opm_nome": "COORD OP", "opm_descricao": "CPA/M-9 38.BPM/M COORD OP", "opm_codigo": "509388000" }, "geometry": { "type": "Point", "coordinates": [ -46.4450801, -23.6123631 ] } },
{ "type": "Feature", "properties": { "id_comando": "CPA/M-9", "nome_comando": "9º Comando de Policiamento de Área Metropolitana (CPA/M-9)", "nome_batalhao": "38º BPM/M", "tipo_batalhao": "Metropolitano", "companhia": "EM", "cidade": "Sao Paulo", "endereco": "TRAVESSA TERNURA ANTIGA, 1, JARDIM DA CONQUISTA - Sao Paulo", "latitude": -23.6123631, "longitude": -46.4450801, "fonte_geocodificacao": "Google Geocoding API", "opm_nome": "ESTADO-MAIOR", "opm_descricao": "CPA/M-9 38.BPM/M EM", "opm_codigo": "509389000" }, "geometry": { "type": "Point", "coordinates": [ -46.4450801, -23.6123631 ] } },
{ "type": "Feature", "properties": { "id_comando": "CPI-6", "nome_comando": "6º Comando de Policiamento do Interior (CPI-6)", "nome_batalhao": "39º BPM/I", "tipo_batalhao": "Interior", "companhia": "1.CIA PM", "cidade": "Sao Vicente", "endereco": "RUA JOÃO RAMALHO, 1150, CENTRO - Sao Vicente", "latitude": -23.9633826, "longitude": -46.3878915, "fonte_geocodificacao": "Google Geocoding API", "opm_nome": "1. COMPANHIA DE POLICIA MILITAR", "opm_descricao": "CPI-6 39.BPM/I 1.CIA PM TERRITORIAL", "opm_codigo": "606391000" }, "geometry": { "type": "Point", "coordinates": [ -46.387891499999988, -23.9633826 ] } },
{ "type": "Feature", "properties": { "id_comando": "CPI-6", "nome_comando": "6º Comando de Policiamento do Interior (CPI-6)", "nome_batalhao": "39º BPM/I", "tipo_batalhao": "Interior", "companhia": "2.CIA PM", "cidade": "Sao Vicente", "endereco": "AVENIDA MANOEL DE ABREU - PRAÇA IMIGRAÇÃO JAPONESA, 0  SEM NÚMERO, CIDADE NAÚTICA - Sao Vicente", "latitude": -23.9508421, "longitude": -46.4075277, "fonte_geocodificacao": "Google Geocoding API", "opm_nome": "2. COMPANHIA DE POLICIA MILITAR", "opm_descricao": "CPI-6 39.BPM/I 2.CIA PM TERRITORIAL", "opm_codigo": "606392000" }, "geometry": { "type": "Point", "coordinates": [ -46.4075277, -23.9508421 ] } },
{ "type": "Feature", "properties": { "id_comando": "CPI-6", "nome_comando": "6º Comando de Policiamento do Interior (CPI-6)", "nome_batalhao": "39º BPM/I", "tipo_batalhao": "Interior", "companhia": "3.CIA PM", "cidade": "Sao Vicente", "endereco": "AVENIDA JOSÉ SINGER, 249, HUMAITA - Sao Vicente", "latitude": -23.9484655, "longitude": -46.4619689, "fonte_geocodificacao": "Google Geocoding API", "opm_nome": "3. COMPANHIA DE POLICIA MILITAR", "opm_descricao": "CPI-6 39.BPM/I 3.CIA PM TERRITORIAL", "opm_codigo": "606393000" }, "geometry": { "type": "Point", "coordinates": [ -46.4619689, -23.9484655 ] } },
{ "type": "Feature", "properties": { "id_comando": "CPI-6", "nome_comando": "6º Comando de Policiamento do Interior (CPI-6)", "nome_batalhao": "39º BPM/I", "tipo_batalhao": "Interior", "companhia": "CIA F TAT", "cidade": "Sao Vicente", "endereco": "RUA JOÃO RAMALHO, 1150, CENTRO - Sao Vicente", "latitude": -23.9633826, "longitude": -46.3878915, "fonte_geocodificacao": "Google Geocoding API", "opm_nome": "COMPANHIA DE FORCA TATICA", "opm_descricao": "CPI-6 39.BPM/I CIA F TAT", "opm_codigo": "606397000" }, "geometry": { "type": "Point", "coordinates": [ -46.387891499999988, -23.9633826 ] } },
{ "type": "Feature", "properties": { "id_comando": "CPI-6", "nome_comando": "6º Comando de Policiamento do Interior (CPI-6)", "nome_batalhao": "39º BPM/I", "tipo_batalhao": "Interior", "companhia": "COORD OP", "cidade": "Sao Vicente", "endereco": "RUA FREITAS GUIMARÃES, 340  CASA, JARDIM BOA VISTA - Sao Vicente", "latitude": -23.9692497, "longitude": -46.3718367, "fonte_geocodificacao": "Google Geocoding API", "opm_nome": "39.BPM/I - CORDENADORIA OPERACIONAL", "opm_descricao": "CPI-6 39.BPM/I COORD OP", "opm_codigo": "606399000" }, "geometry": { "type": "Point", "coordinates": [ -46.3718367, -23.9692497 ] } },
{ "type": "Feature", "properties": { "id_comando": "CPI-6", "nome_comando": "6º Comando de Policiamento do Interior (CPI-6)", "nome_batalhao": "39º BPM/I", "tipo_batalhao": "Interior", "companhia": "EM", "cidade": "Sao Vicente", "endereco": "RUA FREITAS GUIMARÃES, 340  CASA, JARDIM BOA VISTA - Sao Vicente", "latitude": -23.9692497, "longitude": -46.3718367, "fonte_geocodificacao": "Google Geocoding API", "opm_nome": "ESTADO-MAIOR", "opm_descricao": "CPI-6 39.BPM/I EM", "opm_codigo": "606398000" }, "geometry": { "type": "Point", "coordinates": [ -46.3718367, -23.9692497 ] } },
{ "type": "Feature", "properties": { "id_comando": "CPA/M-4", "nome_comando": "4º Comando de Policiamento de Área Metropolitana (CPA/M-4)", "nome_batalhao": "39º BPM/M", "tipo_batalhao": "Metropolitano", "companhia": "1.CIA PM", "cidade": "Sao Paulo", "endereco": "AVENIDA DAVID DOMINGUES FERREIRA, 2, ITAQUERA - Sao Paulo", "latitude": -23.525347, "longitude": -46.44123, "fonte_geocodificacao": "Google Geocoding API", "opm_nome": "1. COMPANHIA DE POLICIA MILITAR", "opm_descricao": "CPA/M-4 39.BPM/M 1.CIA PM TERRITORIAL", "opm_codigo": "504391000" }, "geometry": { "type": "Point", "coordinates": [ -46.44123, -23.525347 ] } },
{ "type": "Feature", "properties": { "id_comando": "CPA/M-4", "nome_comando": "4º Comando de Policiamento de Área Metropolitana (CPA/M-4)", "nome_batalhao": "39º BPM/M", "tipo_batalhao": "Metropolitano", "companhia": "2.CIA PM", "cidade": "Sao Paulo", "endereco": "AVENIDA WALDEMAR TIETZ, 1160  COMPANHIA DA POLICIA MILITAR, ARTUR ALVIM - Sao Paulo", "latitude": -23.5499379, "longitude": -46.4830755, "fonte_geocodificacao": "Google Geocoding API", "opm_nome": "2. COMPANHIA DE POLICIA MILITAR", "opm_descricao": "CPA/M-4 39.BPM/M 2.CIA PM TERRITORIAL", "opm_codigo": "504392000" }, "geometry": { "type": "Point", "coordinates": [ -46.4830755, -23.5499379 ] } },
{ "type": "Feature", "properties": { "id_comando": "CPA/M-4", "nome_comando": "4º Comando de Policiamento de Área Metropolitana (CPA/M-4)", "nome_batalhao": "39º BPM/M", "tipo_batalhao": "Metropolitano", "companhia": "3.CIA PM", "cidade": "Sao Paulo", "endereco": "AVENIDA AGUIA DE HAIA,, 3311, ITAQUERA - Sao Paulo", "latitude": -23.5183064, "longitude": -46.4763492, "fonte_geocodificacao": "Google Geocoding API", "opm_nome": "3. COMPANHIA DE POLICIA MILITAR", "opm_descricao": "CPA/M-4 39.BPM/M 3.CIA PM TERRITORIAL", "opm_codigo": "504393000" }, "geometry": { "type": "Point", "coordinates": [ -46.4763492, -23.5183064 ] } },
{ "type": "Feature", "properties": { "id_comando": "CPA/M-4", "nome_comando": "4º Comando de Policiamento de Área Metropolitana (CPA/M-4)", "nome_batalhao": "39º BPM/M", "tipo_batalhao": "Metropolitano", "companhia": "CIA FT", "cidade": "Sao Paulo", "endereco": "AVENIDA DOUTOR JOSE ARTUR NOVA, 917  QUATEL DA PM, JARDIM HELENA - Sao Paulo", "latitude": -23.4855416, "longitude": -46.4372992, "fonte_geocodificacao": "Google Geocoding API", "opm_nome": "COMPANHIA DE FORÇA TÁTICA", "opm_descricao": "CPA/M-4 39.BPM/M CIA FT", "opm_codigo": "504398000" }, "geometry": { "type": "Point", "coordinates": [ -46.437299200000012, -23.4855416 ] } },
{ "type": "Feature", "properties": { "id_comando": "CPA/M-4", "nome_comando": "4º Comando de Policiamento de Área Metropolitana (CPA/M-4)", "nome_batalhao": "39º BPM/M", "tipo_batalhao": "Metropolitano", "companhia": "COORD OP", "cidade": "Sao Paulo", "endereco": "AVENIDA ÁGUIA DE HAIA, 3311, JARDIM COTINHA - Sao Paulo", "latitude": -23.5183064, "longitude": -46.4763492, "fonte_geocodificacao": "Google Geocoding API", "opm_nome": "COORDENADORIA OPERACIONAL", "opm_descricao": "CPA/M-4 39.BPM/M COORD OP", "opm_codigo": "504397000" }, "geometry": { "type": "Point", "coordinates": [ -46.4763492, -23.5183064 ] } },
{ "type": "Feature", "properties": { "id_comando": "CPA/M-4", "nome_comando": "4º Comando de Policiamento de Área Metropolitana (CPA/M-4)", "nome_batalhao": "39º BPM/M", "tipo_batalhao": "Metropolitano", "companhia": "EM", "cidade": "Sao Paulo", "endereco": "AVENIDA ÁGUIA DE HAIA, 3311, JARDIM COTINHA - Sao Paulo", "latitude": -23.5183064, "longitude": -46.4763492, "fonte_geocodificacao": "Google Geocoding API", "opm_nome": "ESTADO-MAIOR", "opm_descricao": "CPA/M-4 39.BPM/M EM", "opm_codigo": "504399000" }, "geometry": { "type": "Point", "coordinates": [ -46.4763492, -23.5183064 ] } },
{ "type": "Feature", "properties": { "id_comando": "CPI-4", "nome_comando": "4º Comando de Policiamento do Interior (CPI-4)", "nome_batalhao": "4º BPM/I", "tipo_batalhao": "Interior", "companhia": "1.CIA PM", "cidade": "Bauru", "endereco": "Rua General Marcondes Salgado, 232  Quadra 2, nº 32, CENTRO - Bauru", "latitude": -22.3193349, "longitude": -49.0737775, "fonte_geocodificacao": "Google Geocoding API", "opm_nome": "1. COMPANHIA DE POLICIA MILITAR", "opm_descricao": "CPI-4 4.BPM/I 1.CIA PM", "opm_codigo": "604041000" }, "geometry": { "type": "Point", "coordinates": [ -49.0737775, -22.3193349 ] } },
{ "type": "Feature", "properties": { "id_comando": "CPI-4", "nome_comando": "4º Comando de Policiamento do Interior (CPI-4)", "nome_batalhao": "4º BPM/I", "tipo_batalhao": "Interior", "companhia": "2.CIA PM", "cidade": "Pirajui", "endereco": "Rua Nove de Julho, 478, Centro - Pirajui", "latitude": -21.9930207, "longitude": -49.4583576, "fonte_geocodificacao": "Google Geocoding API", "opm_nome": "2. COMPANHIA DE POLICIA MILITAR", "opm_descricao": "CPI-4 4.BPM/I 2.CIA PM", "opm_codigo": "604042000" }, "geometry": { "type": "Point", "coordinates": [ -49.4583576, -21.9930207 ] } },
{ "type": "Feature", "properties": { "id_comando": "CPI-4", "nome_comando": "4º Comando de Policiamento do Interior (CPI-4)", "nome_batalhao": "4º BPM/I", "tipo_batalhao": "Interior", "companhia": "3.CIA PM", "cidade": "Bauru", "endereco": "Avenida Italina Rodrigues Bertolucci, 1175  Quadra 01, nº 175, Jardim Fortaleza - Bauru", "latitude": -22.3314346, "longitude": -49.0878463, "fonte_geocodificacao": "Google Geocoding API", "opm_nome": "3. COMPANHIA DE POLICIA MILITAR", "opm_descricao": "CPI-4 4.BPM/I 3.CIA PM", "opm_codigo": "604043000" }, "geometry": { "type": "Point", "coordinates": [ -49.0878463, -22.3314346 ] } },
{ "type": "Feature", "properties": { "id_comando": "CPI-4", "nome_comando": "4º Comando de Policiamento do Interior (CPI-4)", "nome_batalhao": "4º BPM/I", "tipo_batalhao": "Interior", "companhia": "4.CIA PM", "cidade": "Bauru", "endereco": "TRAVESSA FRANCISCO CAVALLARE SCRIPELLITI, 175, JARDIM CECAP - Bauru", "latitude": -22.317678, "longitude": -49.0330711, "fonte_geocodificacao": "Google Geocoding API", "opm_nome": "4. COMPANHIA DE POLICIA MILITAR", "opm_descricao": "CPI-4 4.BPM/I 4.CIA PM", "opm_codigo": "604044000" }, "geometry": { "type": "Point", "coordinates": [ -49.0330711, -22.317678 ] } },
{ "type": "Feature", "properties": { "id_comando": "CPI-4", "nome_comando": "4º Comando de Policiamento do Interior (CPI-4)", "nome_batalhao": "4º BPM/I", "tipo_batalhao": "Interior", "companhia": "5.CIA PM", "cidade": "Lencois Paulista", "endereco": "RUA RAPOSO TAVÁRES, 670, JD HUMAITÁ - Lencois Paulista", "latitude": -22.6066618, "longitude": -48.8087072, "fonte_geocodificacao": "Google Geocoding API", "opm_nome": "5. COMPANHIA DE POLICIA MILITAR", "opm_descricao": "CPI-4 4.BPM/I 5.CIA PM", "opm_codigo": "604045000" }, "geometry": { "type": "Point", "coordinates": [ -48.8087072, -22.6066618 ] } },
{ "type": "Feature", "properties": { "id_comando": "CPI-4", "nome_comando": "4º Comando de Policiamento do Interior (CPI-4)", "nome_batalhao": "4º BPM/I", "tipo_batalhao": "Interior", "companhia": "6.CIA PM", "cidade": "Pederneiras", "endereco": "RUA BENJAMIN MONTEIRO, 697, CENTRO - Pederneiras", "latitude": -22.3503387, "longitude": -48.7782926, "fonte_geocodificacao": "Google Geocoding API", "opm_nome": "6. COMPANHIA DE POLICIA MILITAR", "opm_descricao": "CPI-4 4.BPM/I 6.CIA PM", "opm_codigo": "604046000" }, "geometry": { "type": "Point", "coordinates": [ -48.7782926, -22.3503387 ] } },
{ "type": "Feature", "properties": { "id_comando": "CPI-4", "nome_comando": "4º Comando de Policiamento do Interior (CPI-4)", "nome_batalhao": "4º BPM/I", "tipo_batalhao": "Interior", "companhia": "CIA F TAT", "cidade": "Bauru", "endereco": "Avenida Engenheiro Luiz Edmundo Carrijo Coube, 3165  Qradra 3, nº 165, JD COLONIAL - Bauru", "latitude": -22.3505644, "longitude": -49.0341516, "fonte_geocodificacao": "Google Geocoding API", "opm_nome": "COMPANHIA DE FORCA TATICA DA POLICIA MILITAR", "opm_descricao": "CPI-4 4.BPM/I CIA F TAT", "opm_codigo": "604047000" }, "geometry": { "type": "Point", "coordinates": [ -49.0341516, -22.3505644 ] } },
{ "type": "Feature", "properties": { "id_comando": "CPI-4", "nome_comando": "4º Comando de Policiamento do Interior (CPI-4)", "nome_batalhao": "4º BPM/I", "tipo_batalhao": "Interior", "companhia": "COORD OP", "cidade": "Bauru", "endereco": "AVENIDA ENGENHEIRO LUÍS EDMUNDO CARRIJO COUBE, 3165, JD COLONIAL - Bauru", "latitude": -22.3505644, "longitude": -49.0341516, "fonte_geocodificacao": "Google Geocoding API", "opm_nome": "4BPMI - COORD OP", "opm_descricao": "CPI-4 4.BPM/I COORD OP", "opm_codigo": "604049000" }, "geometry": { "type": "Point", "coordinates": [ -49.0341516, -22.3505644 ] } },
{ "type": "Feature", "properties": { "id_comando": "CPI-4", "nome_comando": "4º Comando de Policiamento do Interior (CPI-4)", "nome_batalhao": "4º BPM/I", "tipo_batalhao": "Interior", "companhia": "EM", "cidade": "Bauru", "endereco": "AVENIDA ENGENHEIRO LUÍS EDMUNDO CARRIJO COUBE, 3165, JD COLONIAL - Bauru", "latitude": -22.3505644, "longitude": -49.0341516, "fonte_geocodificacao": "Google Geocoding API", "opm_nome": "ESTADO-MAIOR", "opm_descricao": "CPI-4 4.BPM/I EM", "opm_codigo": "604048000" }, "geometry": { "type": "Point", "coordinates": [ -49.0341516, -22.3505644 ] } },
{ "type": "Feature", "properties": { "id_comando": "CPA/M-5", "nome_comando": "5º Comando de Policiamento de Área Metropolitana (CPA/M-5)", "nome_batalhao": "4º BPM/M", "tipo_batalhao": "Metropolitano", "companhia": "1.CIA PM", "cidade": "Sao Paulo", "endereco": "RUA VESPASIANO, 807, LAPA - Sao Paulo", "latitude": -23.5299418, "longitude": -46.695353, "fonte_geocodificacao": "Google Geocoding API", "opm_nome": "1.COMPANHIA DE POLICIA MILITAR", "opm_descricao": "CPA/M-5 4.BPM/M 1.CIA PM TERRITORIAL", "opm_codigo": "505041000" }, "geometry": { "type": "Point", "coordinates": [ -46.695353, -23.5299418 ] } },
{ "type": "Feature", "properties": { "id_comando": "CPA/M-5", "nome_comando": "5º Comando de Policiamento de Área Metropolitana (CPA/M-5)", "nome_batalhao": "4º BPM/M", "tipo_batalhao": "Metropolitano", "companhia": "2.CIA PM", "cidade": "Sao Paulo", "endereco": "RUA PASSO DA PATRIA, 2101  2ª CIA, VILA LEOPOLDINA - Sao Paulo", "latitude": -23.5226279, "longitude": -46.732645, "fonte_geocodificacao": "Google Geocoding API", "opm_nome": "2.COMPANHIA DE POLICIA MILITAR", "opm_descricao": "CPA/M-5 4.BPM/M 2.CIA PM TERRITORIAL", "opm_codigo": "505042000" }, "geometry": { "type": "Point", "coordinates": [ -46.732645, -23.5226279 ] } },
{ "type": "Feature", "properties": { "id_comando": "CPA/M-5", "nome_comando": "5º Comando de Policiamento de Área Metropolitana (CPA/M-5)", "nome_batalhao": "4º BPM/M", "tipo_batalhao": "Metropolitano", "companhia": "3.CIA PM", "cidade": "Sao Paulo", "endereco": "RUA ITAPICURU, 80, PERDIZES - Sao Paulo", "latitude": -23.5369372, "longitude": -46.6652532, "fonte_geocodificacao": "Google Geocoding API", "opm_nome": "3.COMPANHIA DE POLICIA MILITAR", "opm_descricao": "CPA/M-5 4.BPM/M 3.CIA PM TERRITORIAL", "opm_codigo": "505043000" }, "geometry": { "type": "Point", "coordinates": [ -46.6652532, -23.5369372 ] } },
{ "type": "Feature", "properties": { "id_comando": "CPA/M-5", "nome_comando": "5º Comando de Policiamento de Área Metropolitana (CPA/M-5)", "nome_batalhao": "4º BPM/M", "tipo_batalhao": "Metropolitano", "companhia": "CIA F TAT", "cidade": "Sao Paulo", "endereco": "RUA PASSO DA PATRIA, 2101  CIA F TAT, VILA LEOPOLDINA - Sao Paulo", "latitude": -23.5226279, "longitude": -46.732645, "fonte_geocodificacao": "Google Geocoding API", "opm_nome": "COMPANHIA DE FORCA TATICA DA POLICIA MILITAR", "opm_descricao": "CPA/M-5 4.BPM/M CIA F TAT", "opm_codigo": "505046000" }, "geometry": { "type": "Point", "coordinates": [ -46.732645, -23.5226279 ] } },
{ "type": "Feature", "properties": { "id_comando": "CPA/M-5", "nome_comando": "5º Comando de Policiamento de Área Metropolitana (CPA/M-5)", "nome_batalhao": "4º BPM/M", "tipo_batalhao": "Metropolitano", "companhia": "COORD OP", "cidade": "Sao Paulo", "endereco": "RUA PASSO DA PATRIA, 1601, VILA LEOPOLDINA - Sao Paulo", "latitude": -23.5239185, "longitude": -46.7323888, "fonte_geocodificacao": "Google Geocoding API", "opm_nome": "COORDENADORIA OPERACIONAL", "opm_descricao": "CPA/M-5 4.BPM/M COORD OP", "opm_codigo": "505049000" }, "geometry": { "type": "Point", "coordinates": [ -46.7323888, -23.5239185 ] } },
{ "type": "Feature", "properties": { "id_comando": "CPA/M-5", "nome_comando": "5º Comando de Policiamento de Área Metropolitana (CPA/M-5)", "nome_batalhao": "4º BPM/M", "tipo_batalhao": "Metropolitano", "companhia": "EM", "cidade": "Sao Paulo", "endereco": "RUA PASSO DA PATRIA, 1601, VILA LEOPOLDINA - Sao Paulo", "latitude": -23.5239185, "longitude": -46.7323888, "fonte_geocodificacao": "Google Geocoding API", "opm_nome": "ESTADO-MAIOR", "opm_descricao": "CPA/M-5 4.BPM/M EM", "opm_codigo": "505048000" }, "geometry": { "type": "Point", "coordinates": [ -46.7323888, -23.5239185 ] } },
{ "type": "Feature", "properties": { "id_comando": "CPI-7", "nome_comando": "7º Comando de Policiamento do Interior (CPI-7)", "nome_batalhao": "40º BPM/I", "tipo_batalhao": "Interior", "companhia": "0", "cidade": "Votorantim", "endereco": "RUA GUILHERMINA GLÓRIA MONTEIRO RAMOS, 41, JARDIM ICATU - Votorantim", "latitude": -23.5409571, "longitude": -47.4537448, "fonte_geocodificacao": "Google Geocoding API", "opm_nome": "40.BPM/I  PEL F TAT - CAN", "opm_descricao": "CPI-7 40.BPM/I 0 PEL F TAT - CAN 0", "opm_codigo": "607400100" }, "geometry": { "type": "Point", "coordinates": [ -47.4537448, -23.5409571 ] } },
{ "type": "Feature", "properties": { "id_comando": "CPI-7", "nome_comando": "7º Comando de Policiamento do Interior (CPI-7)", "nome_batalhao": "40º BPM/I", "tipo_batalhao": "Interior", "companhia": "1.CIA PM", "cidade": "Votorantim", "endereco": "RUA GUILHERMINA GLÓRIA MONTEIRO RAMOS, 41, JARDIM ICATU - Votorantim", "latitude": -23.5409571, "longitude": -47.4537448, "fonte_geocodificacao": "Google Geocoding API", "opm_nome": "1. COMPANHIA DE POLICIA MILITAR", "opm_descricao": "CPI-7 40.BPM/I 1.CIA PM", "opm_codigo": "607401000" }, "geometry": { "type": "Point", "coordinates": [ -47.4537448, -23.5409571 ] } },
{ "type": "Feature", "properties": { "id_comando": "CPI-7", "nome_comando": "7º Comando de Policiamento do Interior (CPI-7)", "nome_batalhao": "40º BPM/I", "tipo_batalhao": "Interior", "companhia": "2.CIA PM", "cidade": "Ibiuna", "endereco": "RUA ADILSON DA SILVA, 190, CENTRO - Ibiuna", "latitude": -23.665729, "longitude": -47.2267525, "fonte_geocodificacao": "Google Geocoding API", "opm_nome": "2. COMPANHIA DE POLICIA MILITAR", "opm_descricao": "CPI-7 40.BPM/I 2.CIA PM", "opm_codigo": "607402000" }, "geometry": { "type": "Point", "coordinates": [ -47.2267525, -23.665729 ] } },
{ "type": "Feature", "properties": { "id_comando": "CPI-7", "nome_comando": "7º Comando de Policiamento do Interior (CPI-7)", "nome_batalhao": "40º BPM/I", "tipo_batalhao": "Interior", "companhia": "3.CIA PM", "cidade": "Salto De Pirapora", "endereco": "RUA MUGUEL HADDAD, 93, CENTRO - Salto De Pirapora", "latitude": -23.6465182, "longitude": -47.5705615, "fonte_geocodificacao": "Google Geocoding API", "opm_nome": "3. COMPANHIA DE POLICIA MILITAR", "opm_descricao": "CPI-7 40.BPM/I 3.CIA PM", "opm_codigo": "607403000" }, "geometry": { "type": "Point", "coordinates": [ -47.5705615, -23.6465182 ] } },
{ "type": "Feature", "properties": { "id_comando": "CPI-7", "nome_comando": "7º Comando de Policiamento do Interior (CPI-7)", "nome_batalhao": "40º BPM/I", "tipo_batalhao": "Interior", "companhia": "COORD OP", "cidade": "Votorantim", "endereco": "RUA GUILHERMINA GLÓRIA MONTEIRO RAMOS/ VOTORANTIM, 41, JARDIM ICATU - Votorantim", "latitude": -23.5409571, "longitude": -47.4537448, "fonte_geocodificacao": "Google Geocoding API", "opm_nome": "COORD OP", "opm_descricao": "CPI-7 40.BPM/I COORD OP", "opm_codigo": "607407000" }, "geometry": { "type": "Point", "coordinates": [ -47.4537448, -23.5409571 ] } },
{ "type": "Feature", "properties": { "id_comando": "CPI-7", "nome_comando": "7º Comando de Policiamento do Interior (CPI-7)", "nome_batalhao": "40º BPM/I", "tipo_batalhao": "Interior", "companhia": "EM", "cidade": "Votorantim", "endereco": "RUA GUILHERMINA GLÓRIA MONTEIRO RAMOS, 41, JARDIM ICATU - Votorantim", "latitude": -23.5409571, "longitude": -47.4537448, "fonte_geocodificacao": "Google Geocoding API", "opm_nome": "ESTADO-MAIOR", "opm_descricao": "CPI-7 40.BPM/I EM", "opm_codigo": "607408000" }, "geometry": { "type": "Point", "coordinates": [ -47.4537448, -23.5409571 ] } },
{ "type": "Feature", "properties": { "id_comando": "CPI-7", "nome_comando": "7º Comando de Policiamento do Interior (CPI-7)", "nome_batalhao": "40º BPM/I", "tipo_batalhao": "Interior", "companhia": "UIS MEDICA", "cidade": "Votorantim", "endereco": "RUA GUILHERMINA DA GLÓRIA MONTEIRO RAMOS, 41, JARDIM ICATU - Votorantim", "latitude": -23.5409571, "longitude": -47.4537448, "fonte_geocodificacao": "Google Geocoding API", "opm_nome": "40.BPM/I UIS MEDICA", "opm_descricao": "CPI-7 40.BPM/I UIS MEDICA 0 0", "opm_codigo": "607408800" }, "geometry": { "type": "Point", "coordinates": [ -47.4537448, -23.5409571 ] } },
{ "type": "Feature", "properties": { "id_comando": "CPI-7", "nome_comando": "7º Comando de Policiamento do Interior (CPI-7)", "nome_batalhao": "40º BPM/I", "tipo_batalhao": "Interior", "companhia": "UIS ODONTO", "cidade": "Votorantim", "endereco": "RUA GUILHERMINA DA GLÓRIA MONTEIRO RAMOS, 41, JARDIM ICATU - Votorantim", "latitude": -23.5409571, "longitude": -47.4537448, "fonte_geocodificacao": "Google Geocoding API", "opm_nome": "40.BPM/I UIS ODONTO", "opm_descricao": "CPI-7 40.BPM/I UIS ODONTO 0 0", "opm_codigo": "607408900" }, "geometry": { "type": "Point", "coordinates": [ -47.4537448, -23.5409571 ] } },
{ "type": "Feature", "properties": { "id_comando": "CPI-1", "nome_comando": "1º Comando de Policiamento do Interior (CPI-1)", "nome_batalhao": "41º BPM/I", "tipo_batalhao": "Interior", "companhia": "1.CIA PM", "cidade": "Jacarei", "endereco": "AVENIDA FARIA LIMA, 225  Nº 225/241, JARDIM SANTA MARIA - Jacarei", "latitude": -23.29461, "longitude": -45.9666645, "fonte_geocodificacao": "Google Geocoding API", "opm_nome": "1. COMPANHIA DE POLICIA MILITAR", "opm_descricao": "CPI-1 41.BPM/I 1.CIA PM", "opm_codigo": "601411000" }, "geometry": { "type": "Point", "coordinates": [ -45.9666645, -23.29461 ] } },
{ "type": "Feature", "properties": { "id_comando": "CPI-1", "nome_comando": "1º Comando de Policiamento do Interior (CPI-1)", "nome_batalhao": "41º BPM/I", "tipo_batalhao": "Interior", "companhia": "2.CIA PM", "cidade": "Jacarei", "endereco": "PRAÇA RAUL CHAVES, 95, CENTRO - Jacarei", "latitude": -23.3046779, "longitude": -45.9668634, "fonte_geocodificacao": "Google Geocoding API", "opm_nome": "2. COMPANHIA DE POLICIA MILITAR", "opm_descricao": "CPI-1 41.BPM/I 2.CIA PM", "opm_codigo": "601412000" }, "geometry": { "type": "Point", "coordinates": [ -45.9668634, -23.3046779 ] } },
{ "type": "Feature", "properties": { "id_comando": "CPI-1", "nome_comando": "1º Comando de Policiamento do Interior (CPI-1)", "nome_batalhao": "41º BPM/I", "tipo_batalhao": "Interior", "companhia": "CIA FT", "cidade": "Jacarei", "endereco": "AVENIDA FARIA LIMA, 241, CHACARA RURAIS STA MARIA - Jacarei", "latitude": -23.2946016, "longitude": -45.9664301, "fonte_geocodificacao": "Google Geocoding API", "opm_nome": "COMPANHIA DE FORCA TATICA", "opm_descricao": "CPI-1 41.BPM/I CIA FT", "opm_codigo": "601415000" }, "geometry": { "type": "Point", "coordinates": [ -45.9664301, -23.2946016 ] } },
{ "type": "Feature", "properties": { "id_comando": "CPI-1", "nome_comando": "1º Comando de Policiamento do Interior (CPI-1)", "nome_batalhao": "41º BPM/I", "tipo_batalhao": "Interior", "companhia": "COORD OP", "cidade": "Jacarei", "endereco": "AVENIDA GETULIO DORNELES VARGAS, 530, JARDIM PRIMAVERA - Jacarei", "latitude": -23.2846567, "longitude": -45.9524386, "fonte_geocodificacao": "Google Geocoding API", "opm_nome": "41.BPM/I - COORDENADOR OPERACIONAL", "opm_descricao": "CPI-1 41.BPM/I COORD OP", "opm_codigo": "601419000" }, "geometry": { "type": "Point", "coordinates": [ -45.9524386, -23.2846567 ] } },
{ "type": "Feature", "properties": { "id_comando": "CPI-1", "nome_comando": "1º Comando de Policiamento do Interior (CPI-1)", "nome_batalhao": "41º BPM/I", "tipo_batalhao": "Interior", "companhia": "EM", "cidade": "Jacarei", "endereco": "AVENIDA GETULIO DORNELES VARGAS, 530, JARDIM PRIMAVERA - Jacarei", "latitude": -23.2846567, "longitude": -45.9524386, "fonte_geocodificacao": "Google Geocoding API", "opm_nome": "ESTADO-MAIOR", "opm_descricao": "CPI-1 41.BPM/I EM", "opm_codigo": "601418000" }, "geometry": { "type": "Point", "coordinates": [ -45.9524386, -23.2846567 ] } },
{ "type": "Feature", "properties": { "id_comando": "CPI-8", "nome_comando": "8º Comando de Policiamento do Interior (CPI-8)", "nome_batalhao": "42º BPM/I", "tipo_batalhao": "Interior", "companhia": "1.CIA PM", "cidade": "Presidente Venceslau", "endereco": "Rua João Pessoa, 710, Centro - Presidente Venceslau", "latitude": -21.8764427, "longitude": -51.8473443, "fonte_geocodificacao": "Google Geocoding API", "opm_nome": "1. COMPANHIA DE POLICIA MILITAR", "opm_descricao": "CPI-8 42.BPM/I 1.CIA PM", "opm_codigo": "608421000" }, "geometry": { "type": "Point", "coordinates": [ -51.8473443, -21.8764427 ] } },
{ "type": "Feature", "properties": { "id_comando": "CPI-8", "nome_comando": "8º Comando de Policiamento do Interior (CPI-8)", "nome_batalhao": "42º BPM/I", "tipo_batalhao": "Interior", "companhia": "2.CIA PM", "cidade": "Presidente Epitacio", "endereco": "RUA VENCESLAU BRÁS, 775, CENTRO - Presidente Epitacio", "latitude": -21.7722058, "longitude": -52.1101697, "fonte_geocodificacao": "Google Geocoding API", "opm_nome": "2. COMPANHIA DE POLICIA MILITAR", "opm_descricao": "CPI-8 42.BPM/I 2.CIA PM", "opm_codigo": "608422000" }, "geometry": { "type": "Point", "coordinates": [ -52.1101697, -21.7722058 ] } },
{ "type": "Feature", "properties": { "id_comando": "CPI-8", "nome_comando": "8º Comando de Policiamento do Interior (CPI-8)", "nome_batalhao": "42º BPM/I", "tipo_batalhao": "Interior", "companhia": "3.CIA PM", "cidade": "Teodoro Sampaio", "endereco": "AVENIDA CUIABÁ, 321, CENTRO - Teodoro Sampaio", "latitude": -22.5270612, "longitude": -52.1618632, "fonte_geocodificacao": "Google Geocoding API", "opm_nome": "3. COMPANHIA DE POLICIA MILITAR", "opm_descricao": "CPI-8 42.BPM/I 3.CIA PM", "opm_codigo": "608423000" }, "geometry": { "type": "Point", "coordinates": [ -52.1618632, -22.5270612 ] } },
{ "type": "Feature", "properties": { "id_comando": "CPI-8", "nome_comando": "8º Comando de Policiamento do Interior (CPI-8)", "nome_batalhao": "42º BPM/I", "tipo_batalhao": "Interior", "companhia": "CIA F TAT", "cidade": "Presidente Venceslau", "endereco": "AVENIDA CARLOS PLATZEK, 597, JD COROADOS - Presidente Venceslau", "latitude": -21.8773951, "longitude": -51.8547478, "fonte_geocodificacao": "Google Geocoding API", "opm_nome": "COMPANHIA DE FORCA TATICA DA POLICIA MILITAR", "opm_descricao": "CPI-8 42.BPM/I CIA F TAT", "opm_codigo": "608427000" }, "geometry": { "type": "Point", "coordinates": [ -51.8547478, -21.8773951 ] } },
{ "type": "Feature", "properties": { "id_comando": "CPI-8", "nome_comando": "8º Comando de Policiamento do Interior (CPI-8)", "nome_batalhao": "42º BPM/I", "tipo_batalhao": "Interior", "companhia": "COORD OP", "cidade": "Presidente Venceslau", "endereco": "AVENIDA CARLOS PLATEZECK, 597, JARDIM COROADOS - Presidente Venceslau", "latitude": -21.8773951, "longitude": -51.8547478, "fonte_geocodificacao": "Google Geocoding API", "opm_nome": "COORDENADORIA OPERACIONAL", "opm_descricao": "CPI-8 42.BPM/I COORD OP", "opm_codigo": "608429000" }, "geometry": { "type": "Point", "coordinates": [ -51.8547478, -21.8773951 ] } },
{ "type": "Feature", "properties": { "id_comando": "CPI-8", "nome_comando": "8º Comando de Policiamento do Interior (CPI-8)", "nome_batalhao": "42º BPM/I", "tipo_batalhao": "Interior", "companhia": "EM", "cidade": "Presidente Venceslau", "endereco": "AVENIDA CARLOS PLATZEK, 597, JD COROADOS - Presidente Venceslau", "latitude": -21.8773951, "longitude": -51.8547478, "fonte_geocodificacao": "Google Geocoding API", "opm_nome": "ESTADO-MAIOR", "opm_descricao": "CPI-8 42.BPM/I EM", "opm_codigo": "608428000" }, "geometry": { "type": "Point", "coordinates": [ -51.8547478, -21.8773951 ] } },
{ "type": "Feature", "properties": { "id_comando": "CPI-3", "nome_comando": "3º Comando de Policiamento do Interior (CPI-3)", "nome_batalhao": "43º BPM/I", "tipo_batalhao": "Interior", "companhia": "1.CIA PM", "cidade": "Sertaozinho", "endereco": "RUA ÁLVARO ANTÔNIO MOSSIN, 291, JARDIM DIAMANTE - Sertaozinho", "latitude": -21.1294738, "longitude": -48.0092526, "fonte_geocodificacao": "Google Geocoding API", "opm_nome": "1. COMPANHIA DE POLICIA MILITAR", "opm_descricao": "CPI-3 43.BPM/I 1.CIA PM", "opm_codigo": "603431000" }, "geometry": { "type": "Point", "coordinates": [ -48.0092526, -21.1294738 ] } },
{ "type": "Feature", "properties": { "id_comando": "CPI-3", "nome_comando": "3º Comando de Policiamento do Interior (CPI-3)", "nome_batalhao": "43º BPM/I", "tipo_batalhao": "Interior", "companhia": "2.CIA PM", "cidade": "Jaboticabal", "endereco": "RUA FLORIANO PEIXOTO, 1310, CENTRO - Jaboticabal", "latitude": -21.2555327, "longitude": -48.3248759, "fonte_geocodificacao": "Google Geocoding API", "opm_nome": "2. COMPANHIA DE POLICIA MILITAR", "opm_descricao": "CPI-3 43.BPM/I 2.CIA PM", "opm_codigo": "603432000" }, "geometry": { "type": "Point", "coordinates": [ -48.324875899999988, -21.2555327 ] } },
{ "type": "Feature", "properties": { "id_comando": "CPI-3", "nome_comando": "3º Comando de Policiamento do Interior (CPI-3)", "nome_batalhao": "43º BPM/I", "tipo_batalhao": "Interior", "companhia": "CIA FT", "cidade": "Sertaozinho", "endereco": "AVENIDA JOÃO PIGNATA, 922, JD. SÃO SEBASTIÃO - Sertaozinho", "latitude": -21.1401208, "longitude": -47.9733972, "fonte_geocodificacao": "Google Geocoding API", "opm_nome": "COMPANHIA FORCA TATICA", "opm_descricao": "CPI-3 43.BPM/I CIA FT", "opm_codigo": "603435000" }, "geometry": { "type": "Point", "coordinates": [ -47.9733972, -21.1401208 ] } },
{ "type": "Feature", "properties": { "id_comando": "CPI-3", "nome_comando": "3º Comando de Policiamento do Interior (CPI-3)", "nome_batalhao": "43º BPM/I", "tipo_batalhao": "Interior", "companhia": "COORD OP", "cidade": "Sertaozinho", "endereco": "AV JOAO PIGNATA, 922, JD SAO SEBASTIAO - Sertaozinho", "latitude": -21.1401208, "longitude": -47.9733972, "fonte_geocodificacao": "Google Geocoding API", "opm_nome": "COORD OP", "opm_descricao": "CPI-3 43.BPM/I COORD OP", "opm_codigo": "603437000" }, "geometry": { "type": "Point", "coordinates": [ -47.9733972, -21.1401208 ] } },
{ "type": "Feature", "properties": { "id_comando": "CPI-3", "nome_comando": "3º Comando de Policiamento do Interior (CPI-3)", "nome_batalhao": "43º BPM/I", "tipo_batalhao": "Interior", "companhia": "EM", "cidade": "Sertaozinho", "endereco": "AV JOAO PIGNATA, 922, JD SAO SEBASTIAO - Sertaozinho", "latitude": -21.1401208, "longitude": -47.9733972, "fonte_geocodificacao": "Google Geocoding API", "opm_nome": "ESTADO-MAIOR", "opm_descricao": "CPI-3 43.BPM/I EM", "opm_codigo": "603438000" }, "geometry": { "type": "Point", "coordinates": [ -47.9733972, -21.1401208 ] } },
{ "type": "Feature", "properties": { "id_comando": "CPA/M-3", "nome_comando": "3º Comando de Policiamento de Área Metropolitana (CPA/M-3)", "nome_batalhao": "43º BPM/M", "tipo_batalhao": "Metropolitano", "companhia": "1.CIA PM", "cidade": "Sao Paulo", "endereco": "RUA MICHEL OUCHANA, 194, JACANA - Sao Paulo", "latitude": -23.4597972, "longitude": -46.5813122, "fonte_geocodificacao": "Google Geocoding API", "opm_nome": "1.COMPANHIA DE POLICIA MILITAR", "opm_descricao": "CPA/M-3 43.BPM/M 1.CIA PM TERRITORIAL", "opm_codigo": "503431000" }, "geometry": { "type": "Point", "coordinates": [ -46.5813122, -23.4597972 ] } },
{ "type": "Feature", "properties": { "id_comando": "CPA/M-3", "nome_comando": "3º Comando de Policiamento de Área Metropolitana (CPA/M-3)", "nome_batalhao": "43º BPM/M", "tipo_batalhao": "Metropolitano", "companhia": "2.CIA PM", "cidade": "Sao Paulo", "endereco": "RUA SAO ZEFERINO, 34, TUCURUVI - Sao Paulo", "latitude": -23.4782595, "longitude": -46.6207263, "fonte_geocodificacao": "Google Geocoding API", "opm_nome": "2. COMPANHIA DE POLICIA MILITAR", "opm_descricao": "CPA/M-3 43.BPM/M 2.CIA PM TERRITORIAL", "opm_codigo": "503432000" }, "geometry": { "type": "Point", "coordinates": [ -46.6207263, -23.4782595 ] } },
{ "type": "Feature", "properties": { "id_comando": "CPA/M-3", "nome_comando": "3º Comando de Policiamento de Área Metropolitana (CPA/M-3)", "nome_batalhao": "43º BPM/M", "tipo_batalhao": "Metropolitano", "companhia": "3.CIA PM", "cidade": "Sao Paulo", "endereco": "0, 0  OPM INEXISTENTE, 0 - Sao Paulo", "latitude": -23.6037024, "longitude": -46.6246845, "fonte_geocodificacao": "Google Geocoding API", "opm_nome": "43.BPM/M 3.CIA PM TERRITORIAL", "opm_descricao": "CPA/M-3 43.BPM/M 3.CIA PM TERRITORIAL 0", "opm_codigo": "503433000" }, "geometry": { "type": "Point", "coordinates": [ -46.6246845, -23.6037024 ] } },
{ "type": "Feature", "properties": { "id_comando": "CPA/M-3", "nome_comando": "3º Comando de Policiamento de Área Metropolitana (CPA/M-3)", "nome_batalhao": "43º BPM/M", "tipo_batalhao": "Metropolitano", "companhia": "CIA F TAT", "cidade": "Sao Paulo", "endereco": "RUA CAPITAO ALBERTO MENDES JUNIOR, 72, SANTANA - Sao Paulo", "latitude": -23.4851373, "longitude": -46.6203198, "fonte_geocodificacao": "Google Geocoding API", "opm_nome": "COMPANHIA DE FORCA TATICA DA POLICIA MILITAR", "opm_descricao": "CPA/M-3 43.BPM/M CIA F TAT", "opm_codigo": "503435000" }, "geometry": { "type": "Point", "coordinates": [ -46.6203198, -23.4851373 ] } },
{ "type": "Feature", "properties": { "id_comando": "CPA/M-3", "nome_comando": "3º Comando de Policiamento de Área Metropolitana (CPA/M-3)", "nome_batalhao": "43º BPM/M", "tipo_batalhao": "Metropolitano", "companhia": "COORD OP", "cidade": "Sao Paulo", "endereco": "RUA CAPITAO ALBERTO MENDES JUNIOR, 72, SANTANA - Sao Paulo", "latitude": -23.4851373, "longitude": -46.6203198, "fonte_geocodificacao": "Google Geocoding API", "opm_nome": "COORDENADORIA OPERACIONAL", "opm_descricao": "CPA/M-3 43.BPM/M COORD OP", "opm_codigo": "503439000" }, "geometry": { "type": "Point", "coordinates": [ -46.6203198, -23.4851373 ] } },
{ "type": "Feature", "properties": { "id_comando": "CPA/M-3", "nome_comando": "3º Comando de Policiamento de Área Metropolitana (CPA/M-3)", "nome_batalhao": "43º BPM/M", "tipo_batalhao": "Metropolitano", "companhia": "EM", "cidade": "Sao Paulo", "endereco": "RUA CAPITAO ALBERTO MENDES JUNIOR, 72, SANTANA - Sao Paulo", "latitude": -23.4851373, "longitude": -46.6203198, "fonte_geocodificacao": "Google Geocoding API", "opm_nome": "ESTADO-MAIOR", "opm_descricao": "CPA/M-3 43.BPM/M EM", "opm_codigo": "503438000" }, "geometry": { "type": "Point", "coordinates": [ -46.6203198, -23.4851373 ] } },
{ "type": "Feature", "properties": { "id_comando": "CPI-4", "nome_comando": "4º Comando de Policiamento do Interior (CPI-4)", "nome_batalhao": "44º BPM/I", "tipo_batalhao": "Interior", "companhia": "1.CIA PM", "cidade": "Lins", "endereco": "RUA SARKIS DJANIKIAN MARACH, 44, RESIDENCIAL FLORESTAN FERNANDES - Lins", "latitude": -21.6784574, "longitude": -49.7385312, "fonte_geocodificacao": "Google Geocoding API", "opm_nome": "1. COMPANHIA DE POLICIA MILITAR", "opm_descricao": "CPI-4 44.BPM/I 1.CIA PM", "opm_codigo": "604441000" }, "geometry": { "type": "Point", "coordinates": [ -49.7385312, -21.6784574 ] } },
{ "type": "Feature", "properties": { "id_comando": "CPI-4", "nome_comando": "4º Comando de Policiamento do Interior (CPI-4)", "nome_batalhao": "44º BPM/I", "tipo_batalhao": "Interior", "companhia": "2.CIA PM", "cidade": "Promissao", "endereco": "AVENIDA JULIO PRESTES 368, 195, CENTRO - Promissao", "latitude": -21.531831, "longitude": -49.860696, "fonte_geocodificacao": "Google Geocoding API", "opm_nome": "2. COMPANHIA DE POLICIA MILITAR", "opm_descricao": "CPI-4 44.BPM/I 2.CIA PM", "opm_codigo": "604442000" }, "geometry": { "type": "Point", "coordinates": [ -49.860696, -21.531831 ] } },
{ "type": "Feature", "properties": { "id_comando": "CPI-4", "nome_comando": "4º Comando de Policiamento do Interior (CPI-4)", "nome_batalhao": "44º BPM/I", "tipo_batalhao": "Interior", "companhia": "CIA FT", "cidade": "Lins", "endereco": "RUA SARKIS DJANIKIAN, 44  44BPMI, RESIDENCIAL FLORESTAN FERNANDES - Lins", "latitude": -21.6784574, "longitude": -49.7385312, "fonte_geocodificacao": "Google Geocoding API", "opm_nome": "COMPANHIA DE FORCA TATICA", "opm_descricao": "CPI-4 44.BPM/I CIA FT", "opm_codigo": "604445000" }, "geometry": { "type": "Point", "coordinates": [ -49.7385312, -21.6784574 ] } },
{ "type": "Feature", "properties": { "id_comando": "CPI-4", "nome_comando": "4º Comando de Policiamento do Interior (CPI-4)", "nome_batalhao": "44º BPM/I", "tipo_batalhao": "Interior", "companhia": "COORD OP", "cidade": "Lins", "endereco": "RUA SARKIS DJANIKIAN, 44, RESIDENCIAL FLORESTAN FERNANDES - Lins", "latitude": -21.6784574, "longitude": -49.7385312, "fonte_geocodificacao": "Google Geocoding API", "opm_nome": "44BPMI - COORDENADOR OPERACIONAL", "opm_descricao": "CPI-4 44.BPM/I COORD OP", "opm_codigo": "604446000" }, "geometry": { "type": "Point", "coordinates": [ -49.7385312, -21.6784574 ] } },
{ "type": "Feature", "properties": { "id_comando": "CPI-4", "nome_comando": "4º Comando de Policiamento do Interior (CPI-4)", "nome_batalhao": "44º BPM/I", "tipo_batalhao": "Interior", "companhia": "EM", "cidade": "Lins", "endereco": "RUA SARKIS DJANIKIAN MARACH, 44, RESIDENCIAL FLORESTAN FENANDES - Lins", "latitude": -21.6784574, "longitude": -49.7385312, "fonte_geocodificacao": "Google Geocoding API", "opm_nome": "ESTADO-MAIOR", "opm_descricao": "CPI-4 44.BPM/I EM", "opm_codigo": "604448000" }, "geometry": { "type": "Point", "coordinates": [ -49.7385312, -21.6784574 ] } },
{ "type": "Feature", "properties": { "id_comando": "CPI-6", "nome_comando": "6º Comando de Policiamento do Interior (CPI-6)", "nome_batalhao": "45º BPM/I", "tipo_batalhao": "Interior", "companhia": "1.CIA PM", "cidade": "Praia Grande", "endereco": "RUA AMÁLIA BELLOTTI PASTORELLO, 94, SÍTIO DO CAMPO - Praia Grande", "latitude": -24.0013256, "longitude": -46.4199286, "fonte_geocodificacao": "Google Geocoding API", "opm_nome": "1. COMPANHIA DE POLICIA MILITAR", "opm_descricao": "CPI-6 45.BPM/I 1.CIA PM TERRITORIAL", "opm_codigo": "606451000" }, "geometry": { "type": "Point", "coordinates": [ -46.4199286, -24.0013256 ] } },
{ "type": "Feature", "properties": { "id_comando": "CPI-6", "nome_comando": "6º Comando de Policiamento do Interior (CPI-6)", "nome_batalhao": "45º BPM/I", "tipo_batalhao": "Interior", "companhia": "2.CIA PM", "cidade": "Praia Grande", "endereco": "AVENIDA PRESIDENTE KENNEDY, 17914, JD FLÓRIDA - Praia Grande", "latitude": -24.0684325, "longitude": -46.5723703, "fonte_geocodificacao": "Google Geocoding API", "opm_nome": "2. COMPANHIA DE POLICIA MILITAR", "opm_descricao": "CPI-6 45.BPM/I 2.CIA PM TERRITORIAL", "opm_codigo": "606452000" }, "geometry": { "type": "Point", "coordinates": [ -46.5723703, -24.0684325 ] } },
{ "type": "Feature", "properties": { "id_comando": "CPI-6", "nome_comando": "6º Comando de Policiamento do Interior (CPI-6)", "nome_batalhao": "45º BPM/I", "tipo_batalhao": "Interior", "companhia": "3.CIA PM", "cidade": "Praia Grande", "endereco": "RUA GUIMARÃES ROSA, 1069, OCIAN - Praia Grande", "latitude": -24.0217256, "longitude": -46.4781821, "fonte_geocodificacao": "Google Geocoding API", "opm_nome": "3. COMPANHIA DE POLICIA MILITAR", "opm_descricao": "CPI-6 45.BPM/I 3.CIA PM TERRITORIAL", "opm_codigo": "606454000" }, "geometry": { "type": "Point", "coordinates": [ -46.4781821, -24.0217256 ] } },
{ "type": "Feature", "properties": { "id_comando": "CPI-6", "nome_comando": "6º Comando de Policiamento do Interior (CPI-6)", "nome_batalhao": "45º BPM/I", "tipo_batalhao": "Interior", "companhia": "CIA F TAT", "cidade": "Praia Grande", "endereco": "AVENIDA AYRTON SENNA DA SILVA, 788, SÍTIO DO CAMPO - Praia Grande", "latitude": -23.9942769, "longitude": -46.4060108, "fonte_geocodificacao": "Google Geocoding API", "opm_nome": "COMPANHIA DE FORCA TATICA", "opm_descricao": "CPI-6 45.BPM/I CIA F TAT", "opm_codigo": "606457000" }, "geometry": { "type": "Point", "coordinates": [ -46.4060108, -23.9942769 ] } },
{ "type": "Feature", "properties": { "id_comando": "CPI-6", "nome_comando": "6º Comando de Policiamento do Interior (CPI-6)", "nome_batalhao": "45º BPM/I", "tipo_batalhao": "Interior", "companhia": "COORD OP", "cidade": "Praia Grande", "endereco": "AVENIDA AYRTON SENNA DA SILVA, 1511, SÍTIO DO CAMPO - Praia Grande", "latitude": -23.9960843, "longitude": -46.4076257, "fonte_geocodificacao": "Google Geocoding API", "opm_nome": "45.BPM/I - COORDENADORIA OPERACIONAL", "opm_descricao": "CPI-6 45.BPM/I COORD OP", "opm_codigo": "606459000" }, "geometry": { "type": "Point", "coordinates": [ -46.4076257, -23.9960843 ] } },
{ "type": "Feature", "properties": { "id_comando": "CPI-6", "nome_comando": "6º Comando de Policiamento do Interior (CPI-6)", "nome_batalhao": "45º BPM/I", "tipo_batalhao": "Interior", "companhia": "EM", "cidade": "Praia Grande", "endereco": "AVENIDA AYRTON SENNA DA SILVA, 1511, SÍTIO DO CAMPO - Praia Grande", "latitude": -23.9960843, "longitude": -46.4076257, "fonte_geocodificacao": "Google Geocoding API", "opm_nome": "ESTADO-MAIOR", "opm_descricao": "CPI-6 45.BPM/I EM", "opm_codigo": "606458000" }, "geometry": { "type": "Point", "coordinates": [ -46.4076257, -23.9960843 ] } },
{ "type": "Feature", "properties": { "id_comando": "CPI-1", "nome_comando": "1º Comando de Policiamento do Interior (CPI-1)", "nome_batalhao": "46º BPM/I", "tipo_batalhao": "Interior", "companhia": "1.CIA PM", "cidade": "Jacarei", "endereco": "RUA DOM PEDRO II, 290, VILA DENISE - Jacarei", "latitude": -23.3032629, "longitude": -45.976904, "fonte_geocodificacao": "Google Geocoding API", "opm_nome": "ADMINISTRACAO", "opm_descricao": "CPI-1 46.BPM/I 1.CIA PM ADM", "opm_codigo": "601461400" }, "geometry": { "type": "Point", "coordinates": [ -45.976904, -23.3032629 ] } },
{ "type": "Feature", "properties": { "id_comando": "CPI-1", "nome_comando": "1º Comando de Policiamento do Interior (CPI-1)", "nome_batalhao": "46º BPM/I", "tipo_batalhao": "Interior", "companhia": "2.CIA PM", "cidade": "Jacarei", "endereco": "PRAÇA RAUL CHAVES, 95, VILA DENISE - Jacarei", "latitude": -23.3046779, "longitude": -45.9668634, "fonte_geocodificacao": "Google Geocoding API", "opm_nome": "ADMINISTRACAO", "opm_descricao": "CPI-1 46.BPM/I 2.CIA PM ADM", "opm_codigo": "601462400" }, "geometry": { "type": "Point", "coordinates": [ -45.9668634, -23.3046779 ] } },
{ "type": "Feature", "properties": { "id_comando": "CPI-1", "nome_comando": "1º Comando de Policiamento do Interior (CPI-1)", "nome_batalhao": "46º BPM/I", "tipo_batalhao": "Interior", "companhia": "3.CIA PM", "cidade": "Cacapava", "endereco": "RODOVIA VITO ARDITO, 999, CAMPO GRANDE - Cacapava", "latitude": -23.0964506, "longitude": -45.6919439, "fonte_geocodificacao": "Google Geocoding API", "opm_nome": "46.BPM/I GP FT", "opm_descricao": "CPI-1 46.BPM/I 3.CIA PM GP F TAT", "opm_codigo": "601463002" }, "geometry": { "type": "Point", "coordinates": [ -45.6919439, -23.0964506 ] } },
{ "type": "Feature", "properties": { "id_comando": "CPI-1", "nome_comando": "1º Comando de Policiamento do Interior (CPI-1)", "nome_batalhao": "46º BPM/I", "tipo_batalhao": "Interior", "companhia": "CIA FT", "cidade": "Sao Jose Dos Campos", "endereco": "RUA JOANA MARIA CORREA LARANJEIRA, 255, JARDIM PETROPOLIS - Sao Jose Dos Campos", "latitude": -23.2417451, "longitude": -45.9145239, "fonte_geocodificacao": "Google Geocoding API", "opm_nome": "COMPANHIA DE FORCA TATICA - SÃO JOSÉ DOS CAMPOS", "opm_descricao": "CPI-1 46.BPM/I CIA FT", "opm_codigo": "601464000" }, "geometry": { "type": "Point", "coordinates": [ -45.9145239, -23.2417451 ] } },
{ "type": "Feature", "properties": { "id_comando": "CPI-1", "nome_comando": "1º Comando de Policiamento do Interior (CPI-1)", "nome_batalhao": "46º BPM/I", "tipo_batalhao": "Interior", "companhia": "COORD OP", "cidade": "Sao Jose Dos Campos", "endereco": "RUA JOANA MARIA CORREA LARANJEIRA, 255, JARDIM PETROPOLIS - Sao Jose Dos Campos", "latitude": -23.2417451, "longitude": -45.9145239, "fonte_geocodificacao": "Google Geocoding API", "opm_nome": "COORDENADOR OPERACIONAL", "opm_descricao": "CPI-1 46.BPM/I COORD OP", "opm_codigo": "601469000" }, "geometry": { "type": "Point", "coordinates": [ -45.9145239, -23.2417451 ] } },
{ "type": "Feature", "properties": { "id_comando": "CPI-1", "nome_comando": "1º Comando de Policiamento do Interior (CPI-1)", "nome_batalhao": "46º BPM/I", "tipo_batalhao": "Interior", "companhia": "EM", "cidade": "Sao Jose Dos Campos", "endereco": "RUA JOANA MARIA CORREA LARANJEIRA, 255, JARDIM PETROPOLIS - Sao Jose Dos Campos", "latitude": -23.2417451, "longitude": -45.9145239, "fonte_geocodificacao": "Google Geocoding API", "opm_nome": "ESTADO-MAIOR", "opm_descricao": "CPI-1 46.BPM/I EM", "opm_codigo": "601468000" }, "geometry": { "type": "Point", "coordinates": [ -45.9145239, -23.2417451 ] } },
{ "type": "Feature", "properties": { "id_comando": "CPA/M-2", "nome_comando": "2º Comando de Policiamento de Área Metropolitana (CPA/M-2)", "nome_batalhao": "46º BPM/M", "tipo_batalhao": "Metropolitano", "companhia": "1.CIA PM", "cidade": "Sao Paulo", "endereco": "VIA ANCHIETA, 1838, VILA MOINHO VELHO - Sao Paulo", "latitude": -23.6177045, "longitude": -46.6020077, "fonte_geocodificacao": "Google Geocoding API", "opm_nome": "1. COMPANHIA DE POLICIA MILITAR", "opm_descricao": "CPA/M-2 46.BPM/M 1.CIA PM TERRITORIAL", "opm_codigo": "502461000" }, "geometry": { "type": "Point", "coordinates": [ -46.602007699999987, -23.6177045 ] } },
{ "type": "Feature", "properties": { "id_comando": "CPA/M-2", "nome_comando": "2º Comando de Policiamento de Área Metropolitana (CPA/M-2)", "nome_batalhao": "46º BPM/M", "tipo_batalhao": "Metropolitano", "companhia": "2.CIA PM", "cidade": "Sao Paulo", "endereco": "RUA DOM LUIZ LAZAGNA, 534, IPIRANGA - Sao Paulo", "latitude": -23.5909342, "longitude": -46.608728, "fonte_geocodificacao": "Google Geocoding API", "opm_nome": "2. COMPANHIA DE POLICIA MILITAR", "opm_descricao": "CPA/M-2 46.BPM/M 2.CIA PM TERRITORIAL", "opm_codigo": "502462000" }, "geometry": { "type": "Point", "coordinates": [ -46.608728, -23.5909342 ] } },
{ "type": "Feature", "properties": { "id_comando": "CPA/M-2", "nome_comando": "2º Comando de Policiamento de Área Metropolitana (CPA/M-2)", "nome_batalhao": "46º BPM/M", "tipo_batalhao": "Metropolitano", "companhia": "3.CIA PM", "cidade": "Sao Paulo", "endereco": "AVENIDA PADRE ARLINDO VIEIRA, 50  VILA VERMELHA, SACOMA - Sao Paulo", "latitude": -23.6227386, "longitude": -46.6020818, "fonte_geocodificacao": "Google Geocoding API", "opm_nome": "3. COMPANHIA DE POLICIA MILITAR", "opm_descricao": "CPA/M-2 46.BPM/M 3.CIA PM TERRITORIAL", "opm_codigo": "502463000" }, "geometry": { "type": "Point", "coordinates": [ -46.6020818, -23.6227386 ] } },
{ "type": "Feature", "properties": { "id_comando": "CPA/M-2", "nome_comando": "2º Comando de Policiamento de Área Metropolitana (CPA/M-2)", "nome_batalhao": "46º BPM/M", "tipo_batalhao": "Metropolitano", "companhia": "4.CIA PM", "cidade": "Sao Paulo", "endereco": "RUA FRANCISCO BAUTISTA, 471  JARDIM SANTA EMÍLIA, SACOMA - Sao Paulo", "latitude": -23.6418375, "longitude": -46.5960601, "fonte_geocodificacao": "Google Geocoding API", "opm_nome": "4. COMPANHIA DE POLICIA MILITAR", "opm_descricao": "CPA/M-2 46.BPM/M 4.CIA PM TERRITORIAL", "opm_codigo": "502464000" }, "geometry": { "type": "Point", "coordinates": [ -46.5960601, -23.6418375 ] } },
{ "type": "Feature", "properties": { "id_comando": "CPA/M-2", "nome_comando": "2º Comando de Policiamento de Área Metropolitana (CPA/M-2)", "nome_batalhao": "46º BPM/M", "tipo_batalhao": "Metropolitano", "companhia": "CIA F TAT", "cidade": "Sao Paulo", "endereco": "RUA ARCIPRESTE ANDRADE, 250, IPIRANGA - Sao Paulo", "latitude": -23.5951093, "longitude": -46.6115136, "fonte_geocodificacao": "Google Geocoding API", "opm_nome": "COMPANHIA DE FORCA TATICA DA POLICIA MILITAR", "opm_descricao": "CPA/M-2 46.BPM/M CIA F TAT", "opm_codigo": "502468000" }, "geometry": { "type": "Point", "coordinates": [ -46.611513599999988, -23.5951093 ] } },
{ "type": "Feature", "properties": { "id_comando": "CPA/M-2", "nome_comando": "2º Comando de Policiamento de Área Metropolitana (CPA/M-2)", "nome_batalhao": "46º BPM/M", "tipo_batalhao": "Metropolitano", "companhia": "COORD OP", "cidade": "Sao Paulo", "endereco": "RUA ARCIPRESTE ANDRADE, 250, IPIRANGA - Sao Paulo", "latitude": -23.5951093, "longitude": -46.6115136, "fonte_geocodificacao": "Google Geocoding API", "opm_nome": "COORDENADORIA OPERACIONAL", "opm_descricao": "CPA/M-2 46.BPM/M COORD OP", "opm_codigo": "502467000" }, "geometry": { "type": "Point", "coordinates": [ -46.611513599999988, -23.5951093 ] } },
{ "type": "Feature", "properties": { "id_comando": "CPA/M-2", "nome_comando": "2º Comando de Policiamento de Área Metropolitana (CPA/M-2)", "nome_batalhao": "46º BPM/M", "tipo_batalhao": "Metropolitano", "companhia": "EM", "cidade": "Sao Paulo", "endereco": "RUA ARCIPRESTE ANDRADE, 250, IPIRANGA - Sao Paulo", "latitude": -23.5951093, "longitude": -46.6115136, "fonte_geocodificacao": "Google Geocoding API", "opm_nome": "ESTADO-MAIOR", "opm_descricao": "CPA/M-2 46.BPM/M EM", "opm_codigo": "502469000" }, "geometry": { "type": "Point", "coordinates": [ -46.611513599999988, -23.5951093 ] } },
{ "type": "Feature", "properties": { "id_comando": "CPI-2", "nome_comando": "2º Comando de Policiamento do Interior (CPI-2)", "nome_batalhao": "47º BPM/I", "tipo_batalhao": "Interior", "companhia": "1.CIA PM", "cidade": "Campinas", "endereco": "RODOVIA SANTOS DUMONT, 66, AEROPORTO DE VIRACOPOS - Campinas", "latitude": -23.0105, "longitude": -47.141926, "fonte_geocodificacao": "Google Geocoding API", "opm_nome": "1. COMPANHIA DE POLICIA MILITAR", "opm_descricao": "CPI-2 47.BPM/I 1.CIA PM TERRITORIAL", "opm_codigo": "602471000" }, "geometry": { "type": "Point", "coordinates": [ -47.141926, -23.0105 ] } },
{ "type": "Feature", "properties": { "id_comando": "CPI-2", "nome_comando": "2º Comando de Policiamento do Interior (CPI-2)", "nome_batalhao": "47º BPM/I", "tipo_batalhao": "Interior", "companhia": "2.CIA PM", "cidade": "Campinas", "endereco": "RUA NATALE BERTUCI, 138, PARQUE VALENÇA - Campinas", "latitude": -22.9490019, "longitude": -47.1881646, "fonte_geocodificacao": "Google Geocoding API", "opm_nome": "2. COMPANHIA DE POLICIA MILITAR", "opm_descricao": "CPI-2 47.BPM/I 2.CIA PM TERRITORIAL", "opm_codigo": "602472000" }, "geometry": { "type": "Point", "coordinates": [ -47.1881646, -22.9490019 ] } },
{ "type": "Feature", "properties": { "id_comando": "CPI-2", "nome_comando": "2º Comando de Policiamento do Interior (CPI-2)", "nome_batalhao": "47º BPM/I", "tipo_batalhao": "Interior", "companhia": "3.CIA PM", "cidade": "Campinas", "endereco": "RUA LEÔNCIO BRASILEIRO, 174, JARDIM SANTA TEREZINHA - Campinas", "latitude": -22.9631966, "longitude": -47.1119083, "fonte_geocodificacao": "Google Geocoding API", "opm_nome": "3. COMPANHIA DE POLICIA MILITAR", "opm_descricao": "CPI-2 47.BPM/I 3.CIA PM TERRITORIAL", "opm_codigo": "602473000" }, "geometry": { "type": "Point", "coordinates": [ -47.1119083, -22.9631966 ] } },
{ "type": "Feature", "properties": { "id_comando": "CPI-2", "nome_comando": "2º Comando de Policiamento do Interior (CPI-2)", "nome_batalhao": "47º BPM/I", "tipo_batalhao": "Interior", "companhia": "4.CIA PM", "cidade": "Indaiatuba", "endereco": "RUA ARMANDO SALLES DE OLIVEIRA, 473, VILA DE TODOS OS SANTOS - Indaiatuba", "latitude": -23.0798756, "longitude": -47.2132384, "fonte_geocodificacao": "Google Geocoding API", "opm_nome": "27.BPM/I MOTOMECANIZACAO", "opm_descricao": "CPI-2 47.BPM/I 4.CIA PM ADM MOTOMEC", "opm_codigo": "602474410" }, "geometry": { "type": "Point", "coordinates": [ -47.2132384, -23.0798756 ] } },
{ "type": "Feature", "properties": { "id_comando": "CPI-2", "nome_comando": "2º Comando de Policiamento do Interior (CPI-2)", "nome_batalhao": "47º BPM/I", "tipo_batalhao": "Interior", "companhia": "5.CIA PM", "cidade": "Campinas", "endereco": "RUA JURANDIR FERRAZ DE CAMPOS, 545, JARDIM NOVA APARECIDA - Campinas", "latitude": -22.8537538, "longitude": -47.1569909, "fonte_geocodificacao": "Google Geocoding API", "opm_nome": "5. COMPANHIA DE POLICIA MILITAR", "opm_descricao": "CPI-2 47.BPM/I 5.CIA PM 0 0", "opm_codigo": "602475000" }, "geometry": { "type": "Point", "coordinates": [ -47.1569909, -22.8537538 ] } },
{ "type": "Feature", "properties": { "id_comando": "CPI-2", "nome_comando": "2º Comando de Policiamento do Interior (CPI-2)", "nome_batalhao": "47º BPM/I", "tipo_batalhao": "Interior", "companhia": "6.CIA PM", "cidade": "Campinas", "endereco": "RUA JOÃO CARDOSO, 47, VILA TEIXEIRA - Campinas", "latitude": -22.9037036, "longitude": -47.0817348, "fonte_geocodificacao": "Google Geocoding API", "opm_nome": "6. COMPANHIA DE POLICIA MILITAR", "opm_descricao": "CPI-2 47.BPM/I 6.CIA PM 0 0", "opm_codigo": "602476000" }, "geometry": { "type": "Point", "coordinates": [ -47.0817348, -22.9037036 ] } },
{ "type": "Feature", "properties": { "id_comando": "CPI-2", "nome_comando": "2º Comando de Policiamento do Interior (CPI-2)", "nome_batalhao": "47º BPM/I", "tipo_batalhao": "Interior", "companhia": "CIA F T", "cidade": "Campinas", "endereco": "RUA JOÃO TEIXEIRA, 47, VILA TEIXEIRA - Campinas", "latitude": -22.9030832, "longitude": -47.082763, "fonte_geocodificacao": "Google Geocoding API", "opm_nome": "COMPANHIA DE FORCA TATICA", "opm_descricao": "CPI-2 47.BPM/I CIA F T", "opm_codigo": "602477000" }, "geometry": { "type": "Point", "coordinates": [ -47.082763, -22.9030832 ] } },
{ "type": "Feature", "properties": { "id_comando": "CPI-2", "nome_comando": "2º Comando de Policiamento do Interior (CPI-2)", "nome_batalhao": "47º BPM/I", "tipo_batalhao": "Interior", "companhia": "COORD OP", "cidade": "Campinas", "endereco": "RUA  JOÃO CARDOSO TEIXEIRA, 47, VILA TEIXEIRA - Campinas", "latitude": -22.9030832, "longitude": -47.082763, "fonte_geocodificacao": "Google Geocoding API", "opm_nome": "COORDENADOR OPERACIONAL", "opm_descricao": "CPI-2 47.BPM/I COORD OP", "opm_codigo": "602478000" }, "geometry": { "type": "Point", "coordinates": [ -47.082763, -22.9030832 ] } },
{ "type": "Feature", "properties": { "id_comando": "CPI-2", "nome_comando": "2º Comando de Policiamento do Interior (CPI-2)", "nome_batalhao": "47º BPM/I", "tipo_batalhao": "Interior", "companhia": "EM", "cidade": "Campinas", "endereco": "RUA JOÃO CARDOSO, 47, VILA TEIXEIRA - Campinas", "latitude": -22.9037036, "longitude": -47.0817348, "fonte_geocodificacao": "Google Geocoding API", "opm_nome": "ESTADO-MAIOR", "opm_descricao": "CPI-2 47.BPM/I EM", "opm_codigo": "602479000" }, "geometry": { "type": "Point", "coordinates": [ -47.0817348, -22.9037036 ] } },
{ "type": "Feature", "properties": { "id_comando": "CPI-9", "nome_comando": "9º Comando de Policiamento do Interior (CPI-9)", "nome_batalhao": "48º BPM/I", "tipo_batalhao": "Interior", "companhia": "1.CIA PM", "cidade": "Sumare", "endereco": "RUA IPIRANGA, 530  CENTRO, CENTRO - Sumare", "latitude": -22.8222581, "longitude": -47.2699605, "fonte_geocodificacao": "Google Geocoding API", "opm_nome": "1. COMPANHIA DE POLICIA MILITAR", "opm_descricao": "CPI-9 48.BPM/I 1.CIA PM", "opm_codigo": "609481000" }, "geometry": { "type": "Point", "coordinates": [ -47.2699605, -22.8222581 ] } },
{ "type": "Feature", "properties": { "id_comando": "CPI-9", "nome_comando": "9º Comando de Policiamento do Interior (CPI-9)", "nome_batalhao": "48º BPM/I", "tipo_batalhao": "Interior", "companhia": "2.CIA PM", "cidade": "Sumare", "endereco": "RUA ENGENHEIRO JAIME PINHEIRO ULHOA CINTRA, 1611  48ºBPM-I 2ª Cia PM, JARDIM BOM RETIRO - Sumare", "latitude": -22.8524159, "longitude": -47.1897254, "fonte_geocodificacao": "Google Geocoding API", "opm_nome": "2. COMPANHIA DE POLICIA MILITAR", "opm_descricao": "CPI-9 48.BPM/I 2.CIA PM", "opm_codigo": "609482000" }, "geometry": { "type": "Point", "coordinates": [ -47.1897254, -22.8524159 ] } },
{ "type": "Feature", "properties": { "id_comando": "CPI-9", "nome_comando": "9º Comando de Policiamento do Interior (CPI-9)", "nome_batalhao": "48º BPM/I", "tipo_batalhao": "Interior", "companhia": "3.CIA PM", "cidade": "Hortolandia", "endereco": "RUA JOSÉ CAMARGO, 21  3ª Cia do 48ºBPM/I, REMANSO CAMPINEIRO - Hortolandia", "latitude": -22.8688683, "longitude": -47.2161941, "fonte_geocodificacao": "Google Geocoding API", "opm_nome": "3. COMPANHIA DE POLICIA MILITAR", "opm_descricao": "CPI-9 48.BPM/I 3.CIA PM", "opm_codigo": "609483000" }, "geometry": { "type": "Point", "coordinates": [ -47.2161941, -22.8688683 ] } },
{ "type": "Feature", "properties": { "id_comando": "CPI-9", "nome_comando": "9º Comando de Policiamento do Interior (CPI-9)", "nome_batalhao": "48º BPM/I", "tipo_batalhao": "Interior", "companhia": "4.CIA PM", "cidade": "Hortolandia", "endereco": "AVENIDA SANTANA, 73  4ª Cia do 48º BPM/I, JARDIM AMANDA I - Hortolandia", "latitude": -22.9026542, "longitude": -47.2297708, "fonte_geocodificacao": "Google Geocoding API", "opm_nome": "4. COMPANHIA DE POLICIA MILITAR", "opm_descricao": "CPI-9 48.BPM/I 4.CIA PM", "opm_codigo": "609484000" }, "geometry": { "type": "Point", "coordinates": [ -47.2297708, -22.9026542 ] } },
{ "type": "Feature", "properties": { "id_comando": "CPI-9", "nome_comando": "9º Comando de Policiamento do Interior (CPI-9)", "nome_batalhao": "48º BPM/I", "tipo_batalhao": "Interior", "companhia": "CIA FT", "cidade": "Sumare", "endereco": "AVENIDA REBOUÇAS, 2796, CENTRO - VL YOLANDA COSTA & SILVA - Sumare", "latitude": -22.812777, "longitude": -47.2791211, "fonte_geocodificacao": "Google Geocoding API", "opm_nome": "COMPANHIA FORCA TATICA DA POLICIA MILITAR", "opm_descricao": "CPI-9 48.BPM/I CIA FT 0 0", "opm_codigo": "609485000" }, "geometry": { "type": "Point", "coordinates": [ -47.2791211, -22.812777 ] } },
{ "type": "Feature", "properties": { "id_comando": "CPI-9", "nome_comando": "9º Comando de Policiamento do Interior (CPI-9)", "nome_batalhao": "48º BPM/I", "tipo_batalhao": "Interior", "companhia": "COORD OP", "cidade": "Nova Odessa", "endereco": "AVENIDA REBOUÇAS, 2796, VILA YOLANDA - Nova Odessa", "latitude": -22.812777, "longitude": -47.2791211, "fonte_geocodificacao": "Google Geocoding API", "opm_nome": "COORDENADORIA OPERACIONAL", "opm_descricao": "CPI-9 48.BPM/I COORD OP", "opm_codigo": "609489000" }, "geometry": { "type": "Point", "coordinates": [ -47.2791211, -22.812777 ] } },
{ "type": "Feature", "properties": { "id_comando": "CPI-9", "nome_comando": "9º Comando de Policiamento do Interior (CPI-9)", "nome_batalhao": "48º BPM/I", "tipo_batalhao": "Interior", "companhia": "EM", "cidade": "Sumare", "endereco": "AV. REBOUÇAS, 2796, VILA YOLANDA - Sumare", "latitude": -22.812777, "longitude": -47.2791211, "fonte_geocodificacao": "Google Geocoding API", "opm_nome": "ESTADO-MAIOR", "opm_descricao": "CPI-9 48.BPM/I EM", "opm_codigo": "609488000" }, "geometry": { "type": "Point", "coordinates": [ -47.2791211, -22.812777 ] } },
{ "type": "Feature", "properties": { "id_comando": "CPA/M-4", "nome_comando": "4º Comando de Policiamento de Área Metropolitana (CPA/M-4)", "nome_batalhao": "48º BPM/M", "tipo_batalhao": "Metropolitano", "companhia": "1.CIA PM", "cidade": "Sao Paulo", "endereco": "RUA PAULINO PACHECO DE MELO, 13  COMPANHIA DA POLICIA MILITAR, VILA CURUCA - Sao Paulo", "latitude": -23.5242365, "longitude": -46.4143476, "fonte_geocodificacao": "Google Geocoding API", "opm_nome": "1. COMPANHIA DE POLICIA MILITAR", "opm_descricao": "CPA/M-4 48.BPM/M 1.CIA PM TERRITORIAL", "opm_codigo": "504481000" }, "geometry": { "type": "Point", "coordinates": [ -46.4143476, -23.5242365 ] } },
{ "type": "Feature", "properties": { "id_comando": "CPA/M-4", "nome_comando": "4º Comando de Policiamento de Área Metropolitana (CPA/M-4)", "nome_batalhao": "48º BPM/M", "tipo_batalhao": "Metropolitano", "companhia": "2.CIA PM", "cidade": "Sao Paulo", "endereco": "RUA CARLO MANNELLI, 206  COMPANHIA DA PM, LAJEADO - Sao Paulo", "latitude": -23.5228826, "longitude": -46.4282145, "fonte_geocodificacao": "Google Geocoding API", "opm_nome": "2. COMPANHIA DE POLICIA MILITAR", "opm_descricao": "CPA/M-4 48.BPM/M 2.CIA PM TERRITORIAL", "opm_codigo": "504482000" }, "geometry": { "type": "Point", "coordinates": [ -46.4282145, -23.5228826 ] } },
{ "type": "Feature", "properties": { "id_comando": "CPA/M-4", "nome_comando": "4º Comando de Policiamento de Área Metropolitana (CPA/M-4)", "nome_batalhao": "48º BPM/M", "tipo_batalhao": "Metropolitano", "companhia": "3.CIA PM", "cidade": "Sao Paulo", "endereco": "ESTRADA ITAQUERA GUAIANAZES, 80  COMPANHIA DA POLICIA MILITAR, JOSE BONIFACIO - Sao Paulo", "latitude": -23.5308713, "longitude": -46.443534, "fonte_geocodificacao": "Google Geocoding API", "opm_nome": "3. COMPANHIA DE POLICIA MILITAR", "opm_descricao": "CPA/M-4 48.BPM/M 3.CIA PM TERRITORIAL", "opm_codigo": "504483000" }, "geometry": { "type": "Point", "coordinates": [ -46.443534, -23.5308713 ] } },
{ "type": "Feature", "properties": { "id_comando": "CPA/M-4", "nome_comando": "4º Comando de Policiamento de Área Metropolitana (CPA/M-4)", "nome_batalhao": "48º BPM/M", "tipo_batalhao": "Metropolitano", "companhia": "CIA FT", "cidade": "Sao Paulo", "endereco": "RUA VICENTE AVELAR, 100  QUATEL DA PM, JOSE BONIFACIO - Sao Paulo", "latitude": -23.5452107, "longitude": -46.4362831, "fonte_geocodificacao": "Google Geocoding API", "opm_nome": "COMPANHIA DE FORÇA TÁTICA", "opm_descricao": "CPA/M-4 48.BPM/M CIA FT", "opm_codigo": "504488000" }, "geometry": { "type": "Point", "coordinates": [ -46.4362831, -23.5452107 ] } },
{ "type": "Feature", "properties": { "id_comando": "CPA/M-4", "nome_comando": "4º Comando de Policiamento de Área Metropolitana (CPA/M-4)", "nome_batalhao": "48º BPM/M", "tipo_batalhao": "Metropolitano", "companhia": "COORD OP", "cidade": "Sao Paulo", "endereco": "RUA VICENTE AVELAR, 100  QUARTEL DA PM, JOSE BONIFACIO - Sao Paulo", "latitude": -23.5452107, "longitude": -46.4362831, "fonte_geocodificacao": "Google Geocoding API", "opm_nome": "48.BPMM - COORDENADOR OPERACIONAL", "opm_descricao": "CPA/M-4 48.BPM/M COORD OP", "opm_codigo": "504487000" }, "geometry": { "type": "Point", "coordinates": [ -46.4362831, -23.5452107 ] } },
{ "type": "Feature", "properties": { "id_comando": "CPA/M-4", "nome_comando": "4º Comando de Policiamento de Área Metropolitana (CPA/M-4)", "nome_batalhao": "48º BPM/M", "tipo_batalhao": "Metropolitano", "companhia": "EM", "cidade": "Sao Paulo", "endereco": "RUA VICENTE AVELAR, 100  QUARTEL DA PM, JOSE BONIFACIO - Sao Paulo", "latitude": -23.5452107, "longitude": -46.4362831, "fonte_geocodificacao": "Google Geocoding API", "opm_nome": "ESTADO-MAIOR", "opm_descricao": "CPA/M-4 48.BPM/M EM", "opm_codigo": "504489000" }, "geometry": { "type": "Point", "coordinates": [ -46.4362831, -23.5452107 ] } },
{ "type": "Feature", "properties": { "id_comando": "CPI-2", "nome_comando": "2º Comando de Policiamento do Interior (CPI-2)", "nome_batalhao": "49º BPM/I", "tipo_batalhao": "Interior", "companhia": "1.CIA PM", "cidade": "Jundiai", "endereco": "AVENIDA COMENDADOR ANTÔNIO BORIN, 3480, CAXAMBU - Jundiai", "latitude": -23.1548962, "longitude": -46.8489858, "fonte_geocodificacao": "Google Geocoding API", "opm_nome": "1. COMPANHIA DE POLICIA MILITAR", "opm_descricao": "CPI-2 49.BPM/I 1.CIA PM", "opm_codigo": "602491000" }, "geometry": { "type": "Point", "coordinates": [ -46.8489858, -23.1548962 ] } },
{ "type": "Feature", "properties": { "id_comando": "CPI-2", "nome_comando": "2º Comando de Policiamento do Interior (CPI-2)", "nome_batalhao": "49º BPM/I", "tipo_batalhao": "Interior", "companhia": "2.CIA PM", "cidade": "Itatiba", "endereco": "RUA CASTRO ALVES, 372, JARDIM SANTA TEREZINHA - Itatiba", "latitude": -23.0088185, "longitude": -46.8303863, "fonte_geocodificacao": "Google Geocoding API", "opm_nome": "2. COMPANHIA DE POLICIA MILITAR", "opm_descricao": "CPI-2 49.BPM/I 2.CIA PM", "opm_codigo": "602492000" }, "geometry": { "type": "Point", "coordinates": [ -46.8303863, -23.0088185 ] } },
{ "type": "Feature", "properties": { "id_comando": "CPI-2", "nome_comando": "2º Comando de Policiamento do Interior (CPI-2)", "nome_batalhao": "49º BPM/I", "tipo_batalhao": "Interior", "companhia": "3.CIA PM", "cidade": "Varzea Paulista", "endereco": "RUA FREI HENRIQUE DE COIMBRA, 42, JARDIM FELICIDADE - Varzea Paulista", "latitude": -23.2116108, "longitude": -46.8079879, "fonte_geocodificacao": "Google Geocoding API", "opm_nome": "3. COMPANHIA DE POLICIA MILITAR", "opm_descricao": "CPI-2 49.BPM/I 3.CIA PM", "opm_codigo": "602493000" }, "geometry": { "type": "Point", "coordinates": [ -46.8079879, -23.2116108 ] } },
{ "type": "Feature", "properties": { "id_comando": "CPI-2", "nome_comando": "2º Comando de Policiamento do Interior (CPI-2)", "nome_batalhao": "49º BPM/I", "tipo_batalhao": "Interior", "companhia": "CIA FT", "cidade": "Jundiai", "endereco": "AVENIDA COMENDADOR ANTÔNIO BORIN, 3480, VALE AZUL - Jundiai", "latitude": -23.1548962, "longitude": -46.8489858, "fonte_geocodificacao": "Google Geocoding API", "opm_nome": "COMPANHIA DE FORCA TATICA", "opm_descricao": "CPI-2 49.BPM/I CIA FT", "opm_codigo": "602497000" }, "geometry": { "type": "Point", "coordinates": [ -46.8489858, -23.1548962 ] } },
{ "type": "Feature", "properties": { "id_comando": "CPI-2", "nome_comando": "2º Comando de Policiamento do Interior (CPI-2)", "nome_batalhao": "49º BPM/I", "tipo_batalhao": "Interior", "companhia": "COORD OP", "cidade": "Jundiai", "endereco": "RUA BARÃO DO RIO BRANCO, 318, VILA ARENS E PROGRESSO - Jundiai", "latitude": -23.1956012, "longitude": -46.8760892, "fonte_geocodificacao": "Google Geocoding API", "opm_nome": "COORD OP", "opm_descricao": "CPI-2 49.BPM/I COORD OP", "opm_codigo": "602498000" }, "geometry": { "type": "Point", "coordinates": [ -46.8760892, -23.1956012 ] } },
{ "type": "Feature", "properties": { "id_comando": "CPI-2", "nome_comando": "2º Comando de Policiamento do Interior (CPI-2)", "nome_batalhao": "49º BPM/I", "tipo_batalhao": "Interior", "companhia": "EM", "cidade": "Jundiai", "endereco": "RUA BARÃO DO RIO BRANCO, 318, VILA ARENS E PROGRESSO - Jundiai", "latitude": -23.1956012, "longitude": -46.8760892, "fonte_geocodificacao": "Google Geocoding API", "opm_nome": "ESTADO MAIOR", "opm_descricao": "CPI-2 49.BPM/I EM", "opm_codigo": "602499000" }, "geometry": { "type": "Point", "coordinates": [ -46.8760892, -23.1956012 ] } },
{ "type": "Feature", "properties": { "id_comando": "CPA/M-5", "nome_comando": "5º Comando de Policiamento de Área Metropolitana (CPA/M-5)", "nome_batalhao": "49º BPM/M", "tipo_batalhao": "Metropolitano", "companhia": "1.CIA PM", "cidade": "Sao Paulo", "endereco": "RUA JULIO DE OLIVEIRA, 8, PERUS - Sao Paulo", "latitude": -23.404486, "longitude": -46.7384741, "fonte_geocodificacao": "Google Geocoding API", "opm_nome": "1.COMPANHIA DE POLICIA MILITAR", "opm_descricao": "CPA/M-5 49.BPM/M 1.CIA PM TERRITORIAL", "opm_codigo": "505491000" }, "geometry": { "type": "Point", "coordinates": [ -46.7384741, -23.404486 ] } },
{ "type": "Feature", "properties": { "id_comando": "CPA/M-5", "nome_comando": "5º Comando de Policiamento de Área Metropolitana (CPA/M-5)", "nome_batalhao": "49º BPM/M", "tipo_batalhao": "Metropolitano", "companhia": "2.CIA PM", "cidade": "Sao Paulo", "endereco": "AVENIDA RAIMUNDO PEREIRA DE MAGALHAES, 2340, JARDIM ÍRIS - Sao Paulo", "latitude": -23.502859, "longitude": -46.7206533, "fonte_geocodificacao": "Google Geocoding API", "opm_nome": "2.COMPANHIA DE POLICIA MILITAR", "opm_descricao": "CPA/M-5 49.BPM/M 2.CIA PM TERRITORIAL", "opm_codigo": "505492000" }, "geometry": { "type": "Point", "coordinates": [ -46.7206533, -23.502859 ] } },
{ "type": "Feature", "properties": { "id_comando": "CPA/M-5", "nome_comando": "5º Comando de Policiamento de Área Metropolitana (CPA/M-5)", "nome_batalhao": "49º BPM/M", "tipo_batalhao": "Metropolitano", "companhia": "3.CIA PM", "cidade": "Sao Paulo", "endereco": "RUA JOAQUIM OLIVEIRA FREITAS, 1170, SAO DOMINGOS - Sao Paulo", "latitude": -23.497318, "longitude": -46.7457456, "fonte_geocodificacao": "Google Geocoding API", "opm_nome": "3.COMPANHIA DE POLICIA MILITAR", "opm_descricao": "CPA/M-5 49.BPM/M 3.CIA PM TERRITORIAL", "opm_codigo": "505493000" }, "geometry": { "type": "Point", "coordinates": [ -46.7457456, -23.497318 ] } },
{ "type": "Feature", "properties": { "id_comando": "CPA/M-5", "nome_comando": "5º Comando de Policiamento de Área Metropolitana (CPA/M-5)", "nome_batalhao": "49º BPM/M", "tipo_batalhao": "Metropolitano", "companhia": "CIA F TAT", "cidade": "Sao Paulo", "endereco": "AVENIDA DOUTOR FELIPE PINEL, 2101  CIA F TAT (49º M), JARAGUA - Sao Paulo", "latitude": -23.4722151, "longitude": -46.7358345, "fonte_geocodificacao": "Google Geocoding API", "opm_nome": "COMPANHIA DE FORCA TATICA DA POLICIA MILITAR", "opm_descricao": "CPA/M-5 49.BPM/M CIA F TAT", "opm_codigo": "505498000" }, "geometry": { "type": "Point", "coordinates": [ -46.7358345, -23.4722151 ] } },
{ "type": "Feature", "properties": { "id_comando": "CPA/M-5", "nome_comando": "5º Comando de Policiamento de Área Metropolitana (CPA/M-5)", "nome_batalhao": "49º BPM/M", "tipo_batalhao": "Metropolitano", "companhia": "COORD OP", "cidade": "Sao Paulo", "endereco": "AVENIDA DOUTOR FELIPE PINEL, 2101, JARAGUA - Sao Paulo", "latitude": -23.4722151, "longitude": -46.7358345, "fonte_geocodificacao": "Google Geocoding API", "opm_nome": "COORDENADORIA OPERACIONAL", "opm_descricao": "CPA/M-5 49.BPM/M COORD OP", "opm_codigo": "505497000" }, "geometry": { "type": "Point", "coordinates": [ -46.7358345, -23.4722151 ] } },
{ "type": "Feature", "properties": { "id_comando": "CPA/M-5", "nome_comando": "5º Comando de Policiamento de Área Metropolitana (CPA/M-5)", "nome_batalhao": "49º BPM/M", "tipo_batalhao": "Metropolitano", "companhia": "EM", "cidade": "Sao Paulo", "endereco": "AVENIDA DOUTOR FELIPE PINEL, 2101, JARAGUA - Sao Paulo", "latitude": -23.4722151, "longitude": -46.7358345, "fonte_geocodificacao": "Google Geocoding API", "opm_nome": "ESTADO-MAIOR", "opm_descricao": "CPA/M-5 49.BPM/M EM", "opm_codigo": "505499000" }, "geometry": { "type": "Point", "coordinates": [ -46.7358345, -23.4722151 ] } },
{ "type": "Feature", "properties": { "id_comando": "CPI-1", "nome_comando": "1º Comando de Policiamento do Interior (CPI-1)", "nome_batalhao": "5º BPM/I", "tipo_batalhao": "Interior", "companhia": "1.CIA PM", "cidade": "Taubate", "endereco": "RUA BENEDITO AUGUSTO DE OLIVEIRA, 173  1ª CIA DO 5º BPM/I CPI-1, ESPLANADA SANTA TEREZINHA - Taubate", "latitude": -22.9996709, "longitude": -45.5737517, "fonte_geocodificacao": "Google Geocoding API", "opm_nome": "1. COMPANHIA DE POLICIA MILITAR", "opm_descricao": "CPI-1 5.BPM/I 1.CIA PM", "opm_codigo": "601051000" }, "geometry": { "type": "Point", "coordinates": [ -45.5737517, -22.9996709 ] } },
{ "type": "Feature", "properties": { "id_comando": "CPI-1", "nome_comando": "1º Comando de Policiamento do Interior (CPI-1)", "nome_batalhao": "5º BPM/I", "tipo_batalhao": "Interior", "companhia": "2.CIA PM", "cidade": "Pindamonhangaba", "endereco": "RUA SAGRADO CORAÇÃO DE JESUS, 1309  2ª CIA DO 5º BPM/I, JARDIM ALVARENGA - Pindamonhangaba", "latitude": -22.880008804127293, "longitude": -45.459274831809694, "fonte_geocodificacao": "Centroide do município-sede (geocodificação rejeitada: fora dos limites do município)", "opm_nome": "2. COMPANHIA DE POLICIA MILITAR", "opm_descricao": "CPI-1 5.BPM/I 2.CIA PM", "opm_codigo": "601052000" }, "geometry": { "type": "Point", "coordinates": [ -45.459274831809694, -22.880008804127293 ] } },
{ "type": "Feature", "properties": { "id_comando": "CPI-1", "nome_comando": "1º Comando de Policiamento do Interior (CPI-1)", "nome_batalhao": "5º BPM/I", "tipo_batalhao": "Interior", "companhia": "3.CIA PM", "cidade": "Campos Do Jordao", "endereco": "AVENIDA FREI ORESTES GIRARDI, 4120  3ª CIA DO 5º BPM/I, CAMPOS DO JORDÃO/SP - Campos Do Jordao", "latitude": -22.7367813, "longitude": -45.5908718, "fonte_geocodificacao": "Google Geocoding API", "opm_nome": "3. COMPANHIA DE POLICIA MILITAR", "opm_descricao": "CPI-1 5.BPM/I 3.CIA PM", "opm_codigo": "601053000" }, "geometry": { "type": "Point", "coordinates": [ -45.5908718, -22.7367813 ] } },
{ "type": "Feature", "properties": { "id_comando": "CPI-1", "nome_comando": "1º Comando de Policiamento do Interior (CPI-1)", "nome_batalhao": "5º BPM/I", "tipo_batalhao": "Interior", "companhia": "4.CIA PM", "cidade": "Taubate", "endereco": "AVENIDA INDEPENDENCIA, 247  4ª CIA DO 5º BPM/I, INDEPENDENCIA - Taubate", "latitude": -23.0367252, "longitude": -45.5742331, "fonte_geocodificacao": "Google Geocoding API", "opm_nome": "4. COMPANHIA DE POLICIA MILITAR", "opm_descricao": "CPI-1 5.BPM/I 4.CIA PM", "opm_codigo": "601054000" }, "geometry": { "type": "Point", "coordinates": [ -45.5742331, -23.0367252 ] } },
{ "type": "Feature", "properties": { "id_comando": "CPI-1", "nome_comando": "1º Comando de Policiamento do Interior (CPI-1)", "nome_batalhao": "5º BPM/I", "tipo_batalhao": "Interior", "companhia": "5.CIA PM", "cidade": "Taubate", "endereco": "AVENIDA OSWALDO ARANHA, 645  5ª CIA DO 5º BPM/I, BOSQUE DA SAÚDE - Taubate", "latitude": -23.0265701, "longitude": -45.5400478, "fonte_geocodificacao": "Google Geocoding API", "opm_nome": "5. COMPANHIA DE POLICIA MILITAR", "opm_descricao": "CPI-1 5.BPM/I 5.CIA PM", "opm_codigo": "601055000" }, "geometry": { "type": "Point", "coordinates": [ -45.5400478, -23.0265701 ] } },
{ "type": "Feature", "properties": { "id_comando": "CPI-1", "nome_comando": "1º Comando de Policiamento do Interior (CPI-1)", "nome_batalhao": "5º BPM/I", "tipo_batalhao": "Interior", "companhia": "CIA F TAT", "cidade": "Taubate", "endereco": "AVENIDA INDEPENDENCIA, 247  CIA FT DO 5º BPM/I, INDEPENDENCIA - Taubate", "latitude": -23.0367252, "longitude": -45.5742331, "fonte_geocodificacao": "Google Geocoding API", "opm_nome": "COMPANHIA DE FORCA TATICA DA POLICIA MILITAR", "opm_descricao": "CPI-1 5.BPM/I CIA F TAT", "opm_codigo": "601056000" }, "geometry": { "type": "Point", "coordinates": [ -45.5742331, -23.0367252 ] } },
{ "type": "Feature", "properties": { "id_comando": "CPI-1", "nome_comando": "1º Comando de Policiamento do Interior (CPI-1)", "nome_batalhao": "5º BPM/I", "tipo_batalhao": "Interior", "companhia": "COORD OP", "cidade": "Taubate", "endereco": "AVENIDA INDEPENDENCIA, 247  COORD OP DO 5º BPM/I, INDEPENDENCIA - Taubate", "latitude": -23.0367252, "longitude": -45.5742331, "fonte_geocodificacao": "Google Geocoding API", "opm_nome": "COORD OP", "opm_descricao": "CPI-1 5.BPM/I COORD OP", "opm_codigo": "601059000" }, "geometry": { "type": "Point", "coordinates": [ -45.5742331, -23.0367252 ] } },
{ "type": "Feature", "properties": { "id_comando": "CPI-1", "nome_comando": "1º Comando de Policiamento do Interior (CPI-1)", "nome_batalhao": "5º BPM/I", "tipo_batalhao": "Interior", "companhia": "EM", "cidade": "Taubate", "endereco": "AVENIDA INDEPENDENCIA, 247  EM DO 5º BPM/I, INDEPENDENCIA - Taubate", "latitude": -23.0367252, "longitude": -45.5742331, "fonte_geocodificacao": "Google Geocoding API", "opm_nome": "ESTADO-MAIOR", "opm_descricao": "CPI-1 5.BPM/I EM", "opm_codigo": "601058000" }, "geometry": { "type": "Point", "coordinates": [ -45.5742331, -23.0367252 ] } },
{ "type": "Feature", "properties": { "id_comando": "CPA/M-3", "nome_comando": "3º Comando de Policiamento de Área Metropolitana (CPA/M-3)", "nome_batalhao": "5º BPM/M", "tipo_batalhao": "Metropolitano", "companhia": "1.CIA PM", "cidade": "Sao Paulo", "endereco": "RUA SOLDADO JOSE SERAFIM, 136, PARQUE NOVO MUNDO - Sao Paulo", "latitude": -23.5062486, "longitude": -46.5681603, "fonte_geocodificacao": "Google Geocoding API", "opm_nome": "1. COMPANHIA DE POLICIA MILITAR", "opm_descricao": "CPA/M-3 5.BPM/M 1.CIA PM TERRITORIAL", "opm_codigo": "503051000" }, "geometry": { "type": "Point", "coordinates": [ -46.5681603, -23.5062486 ] } },
{ "type": "Feature", "properties": { "id_comando": "CPA/M-3", "nome_comando": "3º Comando de Policiamento de Área Metropolitana (CPA/M-3)", "nome_batalhao": "5º BPM/M", "tipo_batalhao": "Metropolitano", "companhia": "2.CIA PM", "cidade": "Sao Paulo", "endereco": "RUA AMAMBAI, 1181, VILA MARIA - Sao Paulo", "latitude": -23.5178375, "longitude": -46.584771, "fonte_geocodificacao": "Google Geocoding API", "opm_nome": "2. COMPANHIA DE POLICIA MILITAR", "opm_descricao": "CPA/M-3 5.BPM/M 2.CIA PM TERRITORIAL", "opm_codigo": "503052000" }, "geometry": { "type": "Point", "coordinates": [ -46.584771, -23.5178375 ] } },
{ "type": "Feature", "properties": { "id_comando": "CPA/M-3", "nome_comando": "3º Comando de Policiamento de Área Metropolitana (CPA/M-3)", "nome_batalhao": "5º BPM/M", "tipo_batalhao": "Metropolitano", "companhia": "3.CIA PM", "cidade": "Sao Paulo", "endereco": "RUA DA ESPERANCA, 797, TUCURUVI - Sao Paulo", "latitude": -23.4832396, "longitude": -46.5898624, "fonte_geocodificacao": "Google Geocoding API", "opm_nome": "3. COMPANHIA DE POLICIA MILITAR", "opm_descricao": "CPA/M-3 5.BPM/M 3.CIA PM TERRITORIAL", "opm_codigo": "503053000" }, "geometry": { "type": "Point", "coordinates": [ -46.5898624, -23.4832396 ] } },
{ "type": "Feature", "properties": { "id_comando": "CPA/M-3", "nome_comando": "3º Comando de Policiamento de Área Metropolitana (CPA/M-3)", "nome_batalhao": "5º BPM/M", "tipo_batalhao": "Metropolitano", "companhia": "4.CIA PM", "cidade": "Sao Paulo", "endereco": "RUA SAO MARCELO, 399, TUCURUVI - Sao Paulo", "latitude": -23.4873928, "longitude": -46.5955182, "fonte_geocodificacao": "Google Geocoding API", "opm_nome": "4. COMPANHIA DE POLICIA MILITAR", "opm_descricao": "CPA/M-3 5.BPM/M 4.CIA PM TERRITORIAL", "opm_codigo": "503054000" }, "geometry": { "type": "Point", "coordinates": [ -46.5955182, -23.4873928 ] } },
{ "type": "Feature", "properties": { "id_comando": "CPA/M-3", "nome_comando": "3º Comando de Policiamento de Área Metropolitana (CPA/M-3)", "nome_batalhao": "5º BPM/M", "tipo_batalhao": "Metropolitano", "companhia": "CIA F TAT", "cidade": "Sao Paulo", "endereco": "RUA SAO MARCELO, 399, VILA PEDROSA - Sao Paulo", "latitude": -23.4873928, "longitude": -46.5955182, "fonte_geocodificacao": "Google Geocoding API", "opm_nome": "COMPANHIA DE FORCA TATICA DA POLICIA MILITAR", "opm_descricao": "CPA/M-3 5.BPM/M CIA F TAT", "opm_codigo": "503057000" }, "geometry": { "type": "Point", "coordinates": [ -46.5955182, -23.4873928 ] } },
{ "type": "Feature", "properties": { "id_comando": "CPA/M-3", "nome_comando": "3º Comando de Policiamento de Área Metropolitana (CPA/M-3)", "nome_batalhao": "5º BPM/M", "tipo_batalhao": "Metropolitano", "companhia": "COORD OP", "cidade": "Sao Paulo", "endereco": "RUA SAO MARCELO, 399, TUCURUVI - Sao Paulo", "latitude": -23.4873928, "longitude": -46.5955182, "fonte_geocodificacao": "Google Geocoding API", "opm_nome": "COORDENADORIA OPERACIONAL", "opm_descricao": "CPA/M-3 5.BPM/M COORD OP", "opm_codigo": "503059000" }, "geometry": { "type": "Point", "coordinates": [ -46.5955182, -23.4873928 ] } },
{ "type": "Feature", "properties": { "id_comando": "CPA/M-3", "nome_comando": "3º Comando de Policiamento de Área Metropolitana (CPA/M-3)", "nome_batalhao": "5º BPM/M", "tipo_batalhao": "Metropolitano", "companhia": "EM", "cidade": "Sao Paulo", "endereco": "RUA SAO MARCELO, 399, TUCURUVI - Sao Paulo", "latitude": -23.4873928, "longitude": -46.5955182, "fonte_geocodificacao": "Google Geocoding API", "opm_nome": "ESTADO-MAIOR", "opm_descricao": "CPA/M-3 5.BPM/M EM", "opm_codigo": "503058000" }, "geometry": { "type": "Point", "coordinates": [ -46.5955182, -23.4873928 ] } },
{ "type": "Feature", "properties": { "id_comando": "CPI-7", "nome_comando": "7º Comando de Policiamento do Interior (CPI-7)", "nome_batalhao": "50º BPM/I", "tipo_batalhao": "Interior", "companhia": "1.CIA PM", "cidade": "Itu", "endereco": "AVENIDA DOUTOR OTAVIANO PEREIRA MENDES, 560, LIBERDADE - Itu", "latitude": -23.2598542, "longitude": -47.2971753, "fonte_geocodificacao": "Google Geocoding API", "opm_nome": "1. COMPANHIA DE POLICIA MILITAR", "opm_descricao": "CPI-7 50.BPM/I 1.CIA PM", "opm_codigo": "607501000" }, "geometry": { "type": "Point", "coordinates": [ -47.297175300000013, -23.2598542 ] } },
{ "type": "Feature", "properties": { "id_comando": "CPI-7", "nome_comando": "7º Comando de Policiamento do Interior (CPI-7)", "nome_batalhao": "50º BPM/I", "tipo_batalhao": "Interior", "companhia": "2.CIA PM", "cidade": "Sao Roque", "endereco": "RUA MONSENHOR/ SÃO ROQUE, 171, JARDIM SANTA ROSALIA - Sao Roque", "latitude": -23.5433799, "longitude": -47.1323886, "fonte_geocodificacao": "Google Geocoding API", "opm_nome": "2. COMPANHIA DE POLICIA MILITAR", "opm_descricao": "CPI-7 50.BPM/I 2.CIA PM", "opm_codigo": "607502000" }, "geometry": { "type": "Point", "coordinates": [ -47.1323886, -23.5433799 ] } },
{ "type": "Feature", "properties": { "id_comando": "CPI-7", "nome_comando": "7º Comando de Policiamento do Interior (CPI-7)", "nome_batalhao": "50º BPM/I", "tipo_batalhao": "Interior", "companhia": "3.CIA PM", "cidade": "Salto", "endereco": "AV GETÚLIO VARGAS, 1840, JARDIM CELANI - Salto", "latitude": -23.1873871, "longitude": -47.3111537, "fonte_geocodificacao": "Google Geocoding API", "opm_nome": "3. COMPANHIA DE POLICIA MILITAR", "opm_descricao": "CPI-7 50.BPM/I 3.CIA PM", "opm_codigo": "607503000" }, "geometry": { "type": "Point", "coordinates": [ -47.3111537, -23.1873871 ] } },
{ "type": "Feature", "properties": { "id_comando": "CPI-7", "nome_comando": "7º Comando de Policiamento do Interior (CPI-7)", "nome_batalhao": "50º BPM/I", "tipo_batalhao": "Interior", "companhia": "4.CIA PM", "cidade": "Porto Feliz", "endereco": "RUA MILTON BISTAFA, 190, JARDIM Araritaguába - Porto Feliz", "latitude": -23.2192199, "longitude": -47.5214816, "fonte_geocodificacao": "Google Geocoding API", "opm_nome": "4. COMPANHIA DE POLICIA MILITAR", "opm_descricao": "CPI-7 50.BPM/I 4.CIA PM", "opm_codigo": "607504000" }, "geometry": { "type": "Point", "coordinates": [ -47.5214816, -23.2192199 ] } },
{ "type": "Feature", "properties": { "id_comando": "CPI-7", "nome_comando": "7º Comando de Policiamento do Interior (CPI-7)", "nome_batalhao": "50º BPM/I", "tipo_batalhao": "Interior", "companhia": "5.CIA PM", "cidade": "Itu", "endereco": "Rua Atibaia/ ITU, 4, BAIRRO CIDADE NOVA - Itu", "latitude": -23.3841952, "longitude": -47.3351567, "fonte_geocodificacao": "Google Geocoding API", "opm_nome": "5. COMPANHIA DE POLICIA MILITAR", "opm_descricao": "CPI-7 50.BPM/I 5.CIA PM", "opm_codigo": "607505000" }, "geometry": { "type": "Point", "coordinates": [ -47.3351567, -23.3841952 ] } },
{ "type": "Feature", "properties": { "id_comando": "CPI-7", "nome_comando": "7º Comando de Policiamento do Interior (CPI-7)", "nome_batalhao": "50º BPM/I", "tipo_batalhao": "Interior", "companhia": "COORD OP", "cidade": "Itu", "endereco": "RUA ARQUITETO MARCIO JOÃO DE ARRUDA, 400, VILA LEIS - Itu", "latitude": -23.2787559, "longitude": -47.2857834, "fonte_geocodificacao": "Google Geocoding API", "opm_nome": "COORD OP", "opm_descricao": "CPI-7 50.BPM/I COORD OP", "opm_codigo": "607508000" }, "geometry": { "type": "Point", "coordinates": [ -47.2857834, -23.2787559 ] } },
{ "type": "Feature", "properties": { "id_comando": "CPI-7", "nome_comando": "7º Comando de Policiamento do Interior (CPI-7)", "nome_batalhao": "50º BPM/I", "tipo_batalhao": "Interior", "companhia": "EM", "cidade": "Itu", "endereco": "RUA ARQUITETO MARCIO JOÃO DE ARRUDA, 400, VILA LEIS - Itu", "latitude": -23.2787559, "longitude": -47.2857834, "fonte_geocodificacao": "Google Geocoding API", "opm_nome": "ESTADO-MAIOR", "opm_descricao": "CPI-7 50.BPM/I EM", "opm_codigo": "607509000" }, "geometry": { "type": "Point", "coordinates": [ -47.2857834, -23.2787559 ] } },
{ "type": "Feature", "properties": { "id_comando": "CPI-3", "nome_comando": "3º Comando de Policiamento do Interior (CPI-3)", "nome_batalhao": "51º BPM/I", "tipo_batalhao": "Interior", "companhia": "1.CIA PM", "cidade": "Ribeirao Preto", "endereco": "RUA FLORÊNCIO DE ABREU, 411, CENTRO - Ribeirao Preto", "latitude": -21.1772004, "longitude": -47.8112199, "fonte_geocodificacao": "Google Geocoding API", "opm_nome": "COMANDO GRUPO PATRULHA", "opm_descricao": "CPI-3 51.BPM/I 1.CIA PM CGP", "opm_codigo": "603511300" }, "geometry": { "type": "Point", "coordinates": [ -47.8112199, -21.1772004 ] } },
{ "type": "Feature", "properties": { "id_comando": "CPI-3", "nome_comando": "3º Comando de Policiamento do Interior (CPI-3)", "nome_batalhao": "51º BPM/I", "tipo_batalhao": "Interior", "companhia": "2.CIA PM", "cidade": "Ribeirao Preto", "endereco": "AV. PROF JOAO FIUSA, 1586, ALTO DA BOA VISTA - Ribeirao Preto", "latitude": -21.2054788, "longitude": -47.809531, "fonte_geocodificacao": "Google Geocoding API", "opm_nome": "2. COMPANHIA DE POLICIA MILITAR", "opm_descricao": "CPI-3 51.BPM/I 2.CIA PM TERRITORIAL", "opm_codigo": "603512000" }, "geometry": { "type": "Point", "coordinates": [ -47.809531, -21.2054788 ] } },
{ "type": "Feature", "properties": { "id_comando": "CPI-3", "nome_comando": "3º Comando de Policiamento do Interior (CPI-3)", "nome_batalhao": "51º BPM/I", "tipo_batalhao": "Interior", "companhia": "3.CIA PM", "cidade": "Ribeirao Preto", "endereco": "AVENIDA PIO XII, 1300, VILA VIRGÍNIA - Ribeirao Preto", "latitude": -21.1864923, "longitude": -47.8330849, "fonte_geocodificacao": "Google Geocoding API", "opm_nome": "3. COMPANHIA DE POLICIA MILITAR", "opm_descricao": "CPI-3 51.BPM/I 3.CIA PM TERRITORIAL", "opm_codigo": "603513000" }, "geometry": { "type": "Point", "coordinates": [ -47.8330849, -21.1864923 ] } },
{ "type": "Feature", "properties": { "id_comando": "CPI-3", "nome_comando": "3º Comando de Policiamento do Interior (CPI-3)", "nome_batalhao": "51º BPM/I", "tipo_batalhao": "Interior", "companhia": "4.CIA PM", "cidade": "Cravinhos", "endereco": "AV. PEDRO DUARTE AMOROSO, 1293, JD. JOÃO BERBEL II - Cravinhos", "latitude": -21.3376168, "longitude": -47.7489103, "fonte_geocodificacao": "Google Geocoding API", "opm_nome": "4. COMPANHIA DE POLICIA MILITAR", "opm_descricao": "CPI-3 51.BPM/I 4.CIA PM", "opm_codigo": "603516000" }, "geometry": { "type": "Point", "coordinates": [ -47.7489103, -21.3376168 ] } },
{ "type": "Feature", "properties": { "id_comando": "CPI-3", "nome_comando": "3º Comando de Policiamento do Interior (CPI-3)", "nome_batalhao": "51º BPM/I", "tipo_batalhao": "Interior", "companhia": "CIA F TAT", "cidade": "Ribeirao Preto", "endereco": "AVENIDA PRESIDENTE KENEDY, 1570, NOVA RIBEIRANIA - Ribeirao Preto", "latitude": -21.2036029, "longitude": -47.7675024, "fonte_geocodificacao": "Google Geocoding API", "opm_nome": "COMPANHIA DE FORCA TATICA DA POLICIA MILITAR", "opm_descricao": "CPI-3 51.BPM/I CIA F TAT", "opm_codigo": "603515000" }, "geometry": { "type": "Point", "coordinates": [ -47.7675024, -21.2036029 ] } },
{ "type": "Feature", "properties": { "id_comando": "CPI-3", "nome_comando": "3º Comando de Policiamento do Interior (CPI-3)", "nome_batalhao": "51º BPM/I", "tipo_batalhao": "Interior", "companhia": "COORD OP", "cidade": "Ribeirao Preto", "endereco": "AVENIDA PRESIDENTE KENEDY, 1570, NOVA RIBEIRANIA - Ribeirao Preto", "latitude": -21.2036029, "longitude": -47.7675024, "fonte_geocodificacao": "Google Geocoding API", "opm_nome": "COORDENADORIA OPERACIONAL", "opm_descricao": "CPI-3 51.BPM/I COORD OP", "opm_codigo": "603519000" }, "geometry": { "type": "Point", "coordinates": [ -47.7675024, -21.2036029 ] } },
{ "type": "Feature", "properties": { "id_comando": "CPI-3", "nome_comando": "3º Comando de Policiamento do Interior (CPI-3)", "nome_batalhao": "51º BPM/I", "tipo_batalhao": "Interior", "companhia": "EM", "cidade": "Ribeirao Preto", "endereco": "AVENIDA PRESIDENTE KENEDY, 1570, NOVA RIBEIRANIA - Ribeirao Preto", "latitude": -21.2036029, "longitude": -47.7675024, "fonte_geocodificacao": "Google Geocoding API", "opm_nome": "ESTADO-MAIOR", "opm_descricao": "CPI-3 51.BPM/I EM", "opm_codigo": "603518000" }, "geometry": { "type": "Point", "coordinates": [ -47.7675024, -21.2036029 ] } },
{ "type": "Feature", "properties": { "id_comando": "CPI-5", "nome_comando": "5º Comando de Policiamento do Interior (CPI-5)", "nome_batalhao": "52º BPM/I", "tipo_batalhao": "Interior", "companhia": "1.CIA PM", "cidade": "Balsamo", "endereco": "RUA PARÁ, 168, JARDIM CANOVA - Balsamo", "latitude": -20.7335815, "longitude": -49.5823663, "fonte_geocodificacao": "Google Geocoding API", "opm_nome": "4. GRUPO POLICIAL MILITAR", "opm_descricao": "CPI-5 52.BPM/I 1.CIA PM 0 4.GP/PM", "opm_codigo": "605521004" }, "geometry": { "type": "Point", "coordinates": [ -49.5823663, -20.7335815 ] } },
{ "type": "Feature", "properties": { "id_comando": "CPI-5", "nome_comando": "5º Comando de Policiamento do Interior (CPI-5)", "nome_batalhao": "52º BPM/I", "tipo_batalhao": "Interior", "companhia": "2.CIA PM", "cidade": "Cedral", "endereco": "RUA DAS BANDEIRA, 149, CENTRO - Cedral", "latitude": -20.913902474165752, "longitude": -49.263925484470299, "fonte_geocodificacao": "Centroide do município-sede (geocodificação rejeitada: fora dos limites do município)", "opm_nome": "3. GRUPO POLICIAL MILITAR", "opm_descricao": "CPI-5 52.BPM/I 2.CIA PM 0 3.GP/PM", "opm_codigo": "605522003" }, "geometry": { "type": "Point", "coordinates": [ -49.263925484470299, -20.913902474165752 ] } },
{ "type": "Feature", "properties": { "id_comando": "CPI-5", "nome_comando": "5º Comando de Policiamento do Interior (CPI-5)", "nome_batalhao": "52º BPM/I", "tipo_batalhao": "Interior", "companhia": "3.CIA PM", "cidade": "Jose Bonifacio", "endereco": "AVENIDA CAMPOS SALES, 523, CENTRO - Jose Bonifacio", "latitude": -21.0530926, "longitude": -49.6874065, "fonte_geocodificacao": "Google Geocoding API", "opm_nome": "3. COMPANHIA DE POLICIA MILITAR", "opm_descricao": "CPI-5 52.BPM/I 3.CIA PM", "opm_codigo": "605523000" }, "geometry": { "type": "Point", "coordinates": [ -49.687406499999987, -21.0530926 ] } },
{ "type": "Feature", "properties": { "id_comando": "CPI-5", "nome_comando": "5º Comando de Policiamento do Interior (CPI-5)", "nome_batalhao": "52º BPM/I", "tipo_batalhao": "Interior", "companhia": "CIA FT", "cidade": "Mirassol", "endereco": "AV. VICTORIO BACCAN, 2427, SÃO jOSÉ - Mirassol", "latitude": -20.8157834, "longitude": -49.5047862, "fonte_geocodificacao": "Google Geocoding API", "opm_nome": "COMPANHIA DE FORCA TATICA", "opm_descricao": "CPI-5 52.BPM/I CIA FT", "opm_codigo": "605527000" }, "geometry": { "type": "Point", "coordinates": [ -49.5047862, -20.8157834 ] } },
{ "type": "Feature", "properties": { "id_comando": "CPI-5", "nome_comando": "5º Comando de Policiamento do Interior (CPI-5)", "nome_batalhao": "52º BPM/I", "tipo_batalhao": "Interior", "companhia": "COORD OP", "cidade": "Mirassol", "endereco": "AV. VICTÓRIO BACCAN, 2485, São José - Mirassol", "latitude": -20.8157834, "longitude": -49.5047862, "fonte_geocodificacao": "Google Geocoding API", "opm_nome": "52.BPM/I - COORD PM", "opm_descricao": "CPI-5 52.BPM/I COORD OP 0 0", "opm_codigo": "605528000" }, "geometry": { "type": "Point", "coordinates": [ -49.5047862, -20.8157834 ] } },
{ "type": "Feature", "properties": { "id_comando": "CPI-5", "nome_comando": "5º Comando de Policiamento do Interior (CPI-5)", "nome_batalhao": "52º BPM/I", "tipo_batalhao": "Interior", "companhia": "EM", "cidade": "Mirassol", "endereco": "AV. VICTÓRIO BACCAN, 24-85, 2485, SÃO JOSÉ - Mirassol", "latitude": -20.8148468, "longitude": -49.5061157, "fonte_geocodificacao": "Google Geocoding API", "opm_nome": "ESTADO-MAIOR", "opm_descricao": "CPI-5 52.BPM/I EM 0 0", "opm_codigo": "605529000" }, "geometry": { "type": "Point", "coordinates": [ -49.5061157, -20.8148468 ] } },
{ "type": "Feature", "properties": { "id_comando": "CPI-7", "nome_comando": "7º Comando de Policiamento do Interior (CPI-7)", "nome_batalhao": "53º BPM/I", "tipo_batalhao": "Interior", "companhia": "1.CIA PM", "cidade": "Avare", "endereco": "RUA MANECO DIONISIO, 318, VL MARTINS II - Avare", "latitude": -23.1108144, "longitude": -48.9127606, "fonte_geocodificacao": "Google Geocoding API", "opm_nome": "1. COMPANHIA DE POLICIA MILITAR", "opm_descricao": "CPI-7 53.BPM/I 1.CIA PM", "opm_codigo": "607531000" }, "geometry": { "type": "Point", "coordinates": [ -48.9127606, -23.1108144 ] } },
{ "type": "Feature", "properties": { "id_comando": "CPI-7", "nome_comando": "7º Comando de Policiamento do Interior (CPI-7)", "nome_batalhao": "53º BPM/I", "tipo_batalhao": "Interior", "companhia": "2.CIA PM", "cidade": "Piraju", "endereco": "Nicola Izo, 40, Jardim Europa - Piraju", "latitude": -23.2013252, "longitude": -49.376315, "fonte_geocodificacao": "Google Geocoding API", "opm_nome": "2. COMPANHIA DE POLICIA MILITAR", "opm_descricao": "CPI-7 53.BPM/I 2.CIA PM", "opm_codigo": "607532000" }, "geometry": { "type": "Point", "coordinates": [ -49.376315, -23.2013252 ] } },
{ "type": "Feature", "properties": { "id_comando": "CPI-7", "nome_comando": "7º Comando de Policiamento do Interior (CPI-7)", "nome_batalhao": "53º BPM/I", "tipo_batalhao": "Interior", "companhia": "3.CIA PM", "cidade": "Taquarituba", "endereco": "RUA MANOEL JOAQUIM MENDES, 116  CASA, JD SÃO VICENTE - Taquarituba", "latitude": -23.5233444, "longitude": -49.2435417, "fonte_geocodificacao": "Google Geocoding API", "opm_nome": "3. COMPANHIA DE POLICIA MILITAR", "opm_descricao": "CPI-7 53.BPM/I 3.CIA PM", "opm_codigo": "607533000" }, "geometry": { "type": "Point", "coordinates": [ -49.243541699999987, -23.5233444 ] } },
{ "type": "Feature", "properties": { "id_comando": "CPI-7", "nome_comando": "7º Comando de Policiamento do Interior (CPI-7)", "nome_batalhao": "53º BPM/I", "tipo_batalhao": "Interior", "companhia": "CIA FT", "cidade": "Avare", "endereco": "AVENIDA SALIM ANTÔNIO CURIATI, 333  CIA FORÇA TATICA - ADM, BAIRRO DO BRAZ - Avare", "latitude": -23.1016183, "longitude": -48.9105235, "fonte_geocodificacao": "Google Geocoding API", "opm_nome": "COMPANHIA DE FORÇA TÁTICA", "opm_descricao": "CPI-7 53.BPM/I CIA FT", "opm_codigo": "607537000" }, "geometry": { "type": "Point", "coordinates": [ -48.9105235, -23.1016183 ] } },
{ "type": "Feature", "properties": { "id_comando": "CPI-7", "nome_comando": "7º Comando de Policiamento do Interior (CPI-7)", "nome_batalhao": "53º BPM/I", "tipo_batalhao": "Interior", "companhia": "COORD OP", "cidade": "Avare", "endereco": "RUA BAHIA/ AVARE, 100, CENTRO - Avare", "latitude": -23.1101681, "longitude": -48.9281151, "fonte_geocodificacao": "Google Geocoding API", "opm_nome": "COORDENADORIA OPERACIONAL", "opm_descricao": "CPI-7 53.BPM/I COORD OP", "opm_codigo": "607538000" }, "geometry": { "type": "Point", "coordinates": [ -48.9281151, -23.1101681 ] } },
{ "type": "Feature", "properties": { "id_comando": "CPI-7", "nome_comando": "7º Comando de Policiamento do Interior (CPI-7)", "nome_batalhao": "53º BPM/I", "tipo_batalhao": "Interior", "companhia": "EM", "cidade": "Avare", "endereco": "RUA BAHIA/ AVARE, 100, CENTRO - Avare", "latitude": -23.1101681, "longitude": -48.9281151, "fonte_geocodificacao": "Google Geocoding API", "opm_nome": "ESTADO-MAIOR", "opm_descricao": "CPI-7 53.BPM/I EM", "opm_codigo": "607539000" }, "geometry": { "type": "Point", "coordinates": [ -48.9281151, -23.1101681 ] } },
{ "type": "Feature", "properties": { "id_comando": "CPI-7", "nome_comando": "7º Comando de Policiamento do Interior (CPI-7)", "nome_batalhao": "54º BPM/I", "tipo_batalhao": "Interior", "companhia": "1.CIA PM", "cidade": "Itapeva", "endereco": "RUA GRIGORIJUS BYKOVAS, 36, HORTO DO IPE - Itapeva", "latitude": -23.9854428, "longitude": -48.8876847, "fonte_geocodificacao": "Google Geocoding API", "opm_nome": "1. COMPANHIA DE POLICIA MILITAR", "opm_descricao": "CPI-7 54.BPM/I 1.CIA PM", "opm_codigo": "607541000" }, "geometry": { "type": "Point", "coordinates": [ -48.8876847, -23.9854428 ] } },
{ "type": "Feature", "properties": { "id_comando": "CPI-7", "nome_comando": "7º Comando de Policiamento do Interior (CPI-7)", "nome_batalhao": "54º BPM/I", "tipo_batalhao": "Interior", "companhia": "2.CIA PM", "cidade": "Capao Bonito", "endereco": "PEDRO ALVES XAVIER, 100, BELA VISTA - Capao Bonito", "latitude": -23.9931375, "longitude": -48.3502779, "fonte_geocodificacao": "Google Geocoding API", "opm_nome": "2. COMPANHIA DE POLICIA MILITAR", "opm_descricao": "CPI-7 54.BPM/I 2.CIA PM", "opm_codigo": "607542000" }, "geometry": { "type": "Point", "coordinates": [ -48.350277899999988, -23.9931375 ] } },
{ "type": "Feature", "properties": { "id_comando": "CPI-7", "nome_comando": "7º Comando de Policiamento do Interior (CPI-7)", "nome_batalhao": "54º BPM/I", "tipo_batalhao": "Interior", "companhia": "3.CIA PM", "cidade": "Itarare", "endereco": "Rua Major Salvador Rufino/ ITARARE, 180, VILA OSORIO - Itarare", "latitude": -24.1093344, "longitude": -49.3333231, "fonte_geocodificacao": "Google Geocoding API", "opm_nome": "3. COMPANHIA DE POLICIA MILITAR", "opm_descricao": "CPI-7 54.BPM/I 3.CIA PM", "opm_codigo": "607543000" }, "geometry": { "type": "Point", "coordinates": [ -49.3333231, -24.1093344 ] } },
{ "type": "Feature", "properties": { "id_comando": "CPI-7", "nome_comando": "7º Comando de Policiamento do Interior (CPI-7)", "nome_batalhao": "54º BPM/I", "tipo_batalhao": "Interior", "companhia": "CIA FT", "cidade": "Itapeva", "endereco": "RUA CORONEL CRESCÊNCIO, 592, CENTRO - Itapeva", "latitude": -23.9853816, "longitude": -48.8750751, "fonte_geocodificacao": "Google Geocoding API", "opm_nome": "COMPANHIA DE FORCA TATICA", "opm_descricao": "CPI-7 54.BPM/I CIA FT", "opm_codigo": "607545000" }, "geometry": { "type": "Point", "coordinates": [ -48.8750751, -23.9853816 ] } },
{ "type": "Feature", "properties": { "id_comando": "CPI-7", "nome_comando": "7º Comando de Policiamento do Interior (CPI-7)", "nome_batalhao": "54º BPM/I", "tipo_batalhao": "Interior", "companhia": "COORD OP", "cidade": "Itapeva", "endereco": "RUA CORONEL CRESCÊNCIO/ ITAPEVA, 592, CENTRO - Itapeva", "latitude": -23.9853816, "longitude": -48.8750751, "fonte_geocodificacao": "Google Geocoding API", "opm_nome": "COORDENADOR OPERACIONAL", "opm_descricao": "CPI-7 54.BPM/I COORD OP", "opm_codigo": "607548000" }, "geometry": { "type": "Point", "coordinates": [ -48.8750751, -23.9853816 ] } },
{ "type": "Feature", "properties": { "id_comando": "CPI-7", "nome_comando": "7º Comando de Policiamento do Interior (CPI-7)", "nome_batalhao": "54º BPM/I", "tipo_batalhao": "Interior", "companhia": "EM", "cidade": "Itapeva", "endereco": "RUA CORONEL CRESCÊNCIO/ ITAPEVA, 592, CENTRO - Itapeva", "latitude": -23.9853816, "longitude": -48.8750751, "fonte_geocodificacao": "Google Geocoding API", "opm_nome": "ESTADO-MAIOR", "opm_descricao": "CPI-7 54.BPM/I EM", "opm_codigo": "607549000" }, "geometry": { "type": "Point", "coordinates": [ -48.8750751, -23.9853816 ] } },
{ "type": "Feature", "properties": { "id_comando": "CPI-7", "nome_comando": "7º Comando de Policiamento do Interior (CPI-7)", "nome_batalhao": "55º BPM/I", "tipo_batalhao": "Interior", "companhia": "1.CIA", "cidade": "Sorocaba", "endereco": "AVENIDA SANTOS DUMONT, 1285, JARDIM GELISA MARIA - Sorocaba", "latitude": -23.4784392, "longitude": -47.4882836, "fonte_geocodificacao": "Google Geocoding API", "opm_nome": "1.COMPANHIA DE POLICIA MILITAR", "opm_descricao": "CPI-7 55.BPM/I 1.CIA TERRITORIAL", "opm_codigo": "607551000" }, "geometry": { "type": "Point", "coordinates": [ -47.4882836, -23.4784392 ] } },
{ "type": "Feature", "properties": { "id_comando": "CPI-7", "nome_comando": "7º Comando de Policiamento do Interior (CPI-7)", "nome_batalhao": "55º BPM/I", "tipo_batalhao": "Interior", "companhia": "2.CIA", "cidade": "Sorocaba", "endereco": "AVENIDA GENERAL OSÓRIO, 986, VILA TRUJILLO - Sorocaba", "latitude": -23.4909081, "longitude": -47.471432, "fonte_geocodificacao": "Google Geocoding API", "opm_nome": "2.COMPANHIA DE POLICIA MILITAR", "opm_descricao": "CPI-7 55.BPM/I 2.CIA TERRITORIAL", "opm_codigo": "607552000" }, "geometry": { "type": "Point", "coordinates": [ -47.471432, -23.4909081 ] } },
{ "type": "Feature", "properties": { "id_comando": "CPI-7", "nome_comando": "7º Comando de Policiamento do Interior (CPI-7)", "nome_batalhao": "55º BPM/I", "tipo_batalhao": "Interior", "companhia": "CIA FT", "cidade": "Sorocaba", "endereco": "AVENIDA GENERAL OSÓRIO, 986, VILA TRUJILLO - Sorocaba", "latitude": -23.4909081, "longitude": -47.471432, "fonte_geocodificacao": "Google Geocoding API", "opm_nome": "COMPANHIA DE FORCA TATICA", "opm_descricao": "CPI-7 55.BPM/I CIA FT", "opm_codigo": "607556000" }, "geometry": { "type": "Point", "coordinates": [ -47.471432, -23.4909081 ] } },
{ "type": "Feature", "properties": { "id_comando": "CPI-7", "nome_comando": "7º Comando de Policiamento do Interior (CPI-7)", "nome_batalhao": "55º BPM/I", "tipo_batalhao": "Interior", "companhia": "EM", "cidade": "Sorocaba", "endereco": "AVENIDA GENERAL OSÓRIO, 985, VILA TRUJILLO - Sorocaba", "latitude": -23.4913325, "longitude": -47.4718476, "fonte_geocodificacao": "Google Geocoding API", "opm_nome": "ESTADO MAIOR", "opm_descricao": "CPI-7 55.BPM/I EM", "opm_codigo": "607559000" }, "geometry": { "type": "Point", "coordinates": [ -47.4718476, -23.4913325 ] } },
{ "type": "Feature", "properties": { "id_comando": "CPI-6", "nome_comando": "6º Comando de Policiamento do Interior (CPI-6)", "nome_batalhao": "6º BPM/I", "tipo_batalhao": "Interior", "companhia": "1.CIA PM", "cidade": "Santos", "endereco": "AVENIDA GOVERNADOR MÁRIO COVAS, 3060  SEDE 1ª CIA PM, PONTA DA PRAIA - Santos", "latitude": -23.9848417, "longitude": -46.2951269, "fonte_geocodificacao": "Google Geocoding API", "opm_nome": "1. COMPANHIA DE POLICIA MILITAR", "opm_descricao": "CPI-6 6.BPM/I 1.CIA PM TERRITORIAL", "opm_codigo": "606061000" }, "geometry": { "type": "Point", "coordinates": [ -46.2951269, -23.9848417 ] } },
{ "type": "Feature", "properties": { "id_comando": "CPI-6", "nome_comando": "6º Comando de Policiamento do Interior (CPI-6)", "nome_batalhao": "6º BPM/I", "tipo_batalhao": "Interior", "companhia": "2.CIA PM", "cidade": "Santos", "endereco": "AVENIDA GENERAL FRANCISCO GLICÉRIO, 305, GONZAGA - Santos", "latitude": -23.9609637, "longitude": -46.3361398, "fonte_geocodificacao": "Google Geocoding API", "opm_nome": "2. COMPANHIA DE POLICIA MILITAR", "opm_descricao": "CPI-6 6.BPM/I 2.CIA PM TERRITORIAL", "opm_codigo": "606062000" }, "geometry": { "type": "Point", "coordinates": [ -46.3361398, -23.9609637 ] } },
{ "type": "Feature", "properties": { "id_comando": "CPI-6", "nome_comando": "6º Comando de Policiamento do Interior (CPI-6)", "nome_batalhao": "6º BPM/I", "tipo_batalhao": "Interior", "companhia": "3.CIA PM", "cidade": "Santos", "endereco": "RUA SÃO FRANCISCO, 500, CENTRO - Santos", "latitude": -23.9392929, "longitude": -46.3171165, "fonte_geocodificacao": "Google Geocoding API", "opm_nome": "3. COMPANHIA DE POLICIA MILITAR", "opm_descricao": "CPI-6 6.BPM/I 3.CIA PM TERRITORIAL", "opm_codigo": "606063000" }, "geometry": { "type": "Point", "coordinates": [ -46.3171165, -23.9392929 ] } },
{ "type": "Feature", "properties": { "id_comando": "CPI-6", "nome_comando": "6º Comando de Policiamento do Interior (CPI-6)", "nome_batalhao": "6º BPM/I", "tipo_batalhao": "Interior", "companhia": "4.CIA PM", "cidade": "Santos", "endereco": "AVENIDA NOSSA SENHORA DE FÁTIMA, 285, CHICO DE PAULA - Santos", "latitude": -23.9349783, "longitude": -46.3615623, "fonte_geocodificacao": "Google Geocoding API", "opm_nome": "4. COMPANHIA DE POLICIA MILITAR", "opm_descricao": "CPI-6 6.BPM/I 4.CIA PM TERRITORIAL", "opm_codigo": "606064000" }, "geometry": { "type": "Point", "coordinates": [ -46.3615623, -23.9349783 ] } },
{ "type": "Feature", "properties": { "id_comando": "CPI-6", "nome_comando": "6º Comando de Policiamento do Interior (CPI-6)", "nome_batalhao": "6º BPM/I", "tipo_batalhao": "Interior", "companhia": "5.CIA PM", "cidade": "Santos", "endereco": "RUA HEITOR PENTEADO, 62, MARAPE - Santos", "latitude": -23.9570521, "longitude": -46.3476357, "fonte_geocodificacao": "Google Geocoding API", "opm_nome": "5. COMPANHIA DE POLICIA MILITAR", "opm_descricao": "CPI-6 6.BPM/I 5.CIA PM TERRITORIAL", "opm_codigo": "606065000" }, "geometry": { "type": "Point", "coordinates": [ -46.3476357, -23.9570521 ] } },
{ "type": "Feature", "properties": { "id_comando": "CPI-6", "nome_comando": "6º Comando de Policiamento do Interior (CPI-6)", "nome_batalhao": "6º BPM/I", "tipo_batalhao": "Interior", "companhia": "CIA F TAT", "cidade": "Santos", "endereco": "AVENIDA ANA COSTA, 389, GONZAGA - Santos", "latitude": -23.9614503, "longitude": -46.3317, "fonte_geocodificacao": "Google Geocoding API", "opm_nome": "6.BPM/I CIA F TAT", "opm_descricao": "CPI-6 6.BPM/I CIA F TAT", "opm_codigo": "606066000" }, "geometry": { "type": "Point", "coordinates": [ -46.3317, -23.9614503 ] } },
{ "type": "Feature", "properties": { "id_comando": "CPI-6", "nome_comando": "6º Comando de Policiamento do Interior (CPI-6)", "nome_batalhao": "6º BPM/I", "tipo_batalhao": "Interior", "companhia": "COORD OP", "cidade": "Santos", "endereco": "AVENIDA ANA COSTA, 389, GONZAGA - Santos", "latitude": -23.9614503, "longitude": -46.3317, "fonte_geocodificacao": "Google Geocoding API", "opm_nome": "6.BPM/I - COORDENADORIA OPERACIONAL", "opm_descricao": "CPI-6 6.BPM/I COORD OP", "opm_codigo": "606069000" }, "geometry": { "type": "Point", "coordinates": [ -46.3317, -23.9614503 ] } },
{ "type": "Feature", "properties": { "id_comando": "CPI-6", "nome_comando": "6º Comando de Policiamento do Interior (CPI-6)", "nome_batalhao": "6º BPM/I", "tipo_batalhao": "Interior", "companhia": "EM", "cidade": "Santos", "endereco": "AVENIDA ANA COSTA, 389, GONZAGA - Santos", "latitude": -23.9614503, "longitude": -46.3317, "fonte_geocodificacao": "Google Geocoding API", "opm_nome": "ESTADO-MAIOR", "opm_descricao": "CPI-6 6.BPM/I EM", "opm_codigo": "606068000" }, "geometry": { "type": "Point", "coordinates": [ -46.3317, -23.9614503 ] } },
{ "type": "Feature", "properties": { "id_comando": "CPA/M-6", "nome_comando": "6º Comando de Policiamento de Área Metropolitana (CPA/M-6)", "nome_batalhao": "6º BPM/M", "tipo_batalhao": "Metropolitano", "companhia": "1.CIA PM", "cidade": "Sao Bernardo Do Campo", "endereco": "RUA DOM PAULO MARIANO, 245, NOVA PETRÓPOLIS - Sao Bernardo Do Campo", "latitude": -23.7035202, "longitude": -46.5488768, "fonte_geocodificacao": "Google Geocoding API", "opm_nome": "1. COMPANHIA DE POLICIA MILITAR", "opm_descricao": "CPA/M-6 6.BPM/M 1.CIA PM TERRITORIAL", "opm_codigo": "406061000" }, "geometry": { "type": "Point", "coordinates": [ -46.5488768, -23.7035202 ] } },
{ "type": "Feature", "properties": { "id_comando": "CPA/M-6", "nome_comando": "6º Comando de Policiamento de Área Metropolitana (CPA/M-6)", "nome_batalhao": "6º BPM/M", "tipo_batalhao": "Metropolitano", "companhia": "2.CIA PM", "cidade": "Sao Bernardo Do Campo", "endereco": "AVENIDA TABOÃO, 3000, TABOÃO - Sao Bernardo Do Campo", "latitude": -23.6573537, "longitude": -46.6015286, "fonte_geocodificacao": "Google Geocoding API", "opm_nome": "2. COMPANHIA DE POLICIA MILITAR", "opm_descricao": "CPA/M-6 6.BPM/M 2.CIA PM TERRITORIAL", "opm_codigo": "406062000" }, "geometry": { "type": "Point", "coordinates": [ -46.601528599999988, -23.6573537 ] } },
{ "type": "Feature", "properties": { "id_comando": "CPA/M-6", "nome_comando": "6º Comando de Policiamento de Área Metropolitana (CPA/M-6)", "nome_batalhao": "6º BPM/M", "tipo_batalhao": "Metropolitano", "companhia": "3.CIA PM", "cidade": "Sao Caetano Do Sul", "endereco": "AVENIDA GOIÁS, 2000, SANTA PAULA - Sao Caetano Do Sul", "latitude": -23.616813, "longitude": -46.5569571, "fonte_geocodificacao": "Google Geocoding API", "opm_nome": "3. COMPANHIA DE POLICIA MILITAR", "opm_descricao": "CPA/M-6 6.BPM/M 3.CIA PM TERRITORIAL", "opm_codigo": "406063000" }, "geometry": { "type": "Point", "coordinates": [ -46.5569571, -23.616813 ] } },
{ "type": "Feature", "properties": { "id_comando": "CPA/M-6", "nome_comando": "6º Comando de Policiamento de Área Metropolitana (CPA/M-6)", "nome_batalhao": "6º BPM/M", "tipo_batalhao": "Metropolitano", "companhia": "4.CIA PM", "cidade": "Sao Bernardo Do Campo", "endereco": "RUA GIACINTO TOGNATO, 290, BAETA NEVES - Sao Bernardo Do Campo", "latitude": -23.6909768, "longitude": -46.5420624, "fonte_geocodificacao": "Google Geocoding API", "opm_nome": "4. COMPANHIA DE POLICIA MILITAR", "opm_descricao": "CPA/M-6 6.BPM/M 4.CIA PM TERRITORIAL", "opm_codigo": "406064000" }, "geometry": { "type": "Point", "coordinates": [ -46.5420624, -23.6909768 ] } },
{ "type": "Feature", "properties": { "id_comando": "CPA/M-6", "nome_comando": "6º Comando de Policiamento de Área Metropolitana (CPA/M-6)", "nome_batalhao": "6º BPM/M", "tipo_batalhao": "Metropolitano", "companhia": "CIA F TAT", "cidade": "Sao Bernardo Do Campo", "endereco": "RUA MAX MANGELS SÊNIOR, 392, PLANALTO - Sao Bernardo Do Campo", "latitude": -23.6989813, "longitude": -46.5682979, "fonte_geocodificacao": "Google Geocoding API", "opm_nome": "COMPANHIA DE FORCA TATICA DA POLICIA MILITAR", "opm_descricao": "CPA/M-6 6.BPM/M CIA F TAT", "opm_codigo": "406067000" }, "geometry": { "type": "Point", "coordinates": [ -46.5682979, -23.6989813 ] } },
{ "type": "Feature", "properties": { "id_comando": "CPA/M-6", "nome_comando": "6º Comando de Policiamento de Área Metropolitana (CPA/M-6)", "nome_batalhao": "6º BPM/M", "tipo_batalhao": "Metropolitano", "companhia": "COORD OP", "cidade": "Sao Bernardo Do Campo", "endereco": "RUA MAX MANGELS SÊNIOR, 392, PLANALTO - Sao Bernardo Do Campo", "latitude": -23.6989813, "longitude": -46.5682979, "fonte_geocodificacao": "Google Geocoding API", "opm_nome": "COORDENADORIA OPERACIONAL", "opm_descricao": "CPA/M-6 6.BPM/M COORD OP", "opm_codigo": "406069000" }, "geometry": { "type": "Point", "coordinates": [ -46.5682979, -23.6989813 ] } },
{ "type": "Feature", "properties": { "id_comando": "CPA/M-6", "nome_comando": "6º Comando de Policiamento de Área Metropolitana (CPA/M-6)", "nome_batalhao": "6º BPM/M", "tipo_batalhao": "Metropolitano", "companhia": "EM", "cidade": "Sao Bernardo Do Campo", "endereco": "RUA LIGURE, 392, JD DO MAR - Sao Bernardo Do Campo", "latitude": -23.6872729, "longitude": -46.5609264, "fonte_geocodificacao": "Google Geocoding API", "opm_nome": "ESTADO-MAIOR", "opm_descricao": "CPA/M-6 6.BPM/M EM", "opm_codigo": "406068000" }, "geometry": { "type": "Point", "coordinates": [ -46.5609264, -23.6872729 ] } },
{ "type": "Feature", "properties": { "id_comando": "CPI-7", "nome_comando": "7º Comando de Policiamento do Interior (CPI-7)", "nome_batalhao": "7º BPM/I", "tipo_batalhao": "Interior", "companhia": "1.CIA PM", "cidade": "Sorocaba", "endereco": "AVENIDA PEREIRA DA SILVA, 1285, JARDIM SANTA ROSALIA - Sorocaba", "latitude": -23.4869566, "longitude": -47.4441756, "fonte_geocodificacao": "Google Geocoding API", "opm_nome": "7.BPM/I - CGP", "opm_descricao": "CPI-7 7.BPM/I 1.CIA PM CGP", "opm_codigo": "607071700" }, "geometry": { "type": "Point", "coordinates": [ -47.4441756, -23.4869566 ] } },
{ "type": "Feature", "properties": { "id_comando": "CPI-7", "nome_comando": "7º Comando de Policiamento do Interior (CPI-7)", "nome_batalhao": "7º BPM/I", "tipo_batalhao": "Interior", "companhia": "2.CIA PM", "cidade": "Sorocaba", "endereco": "RUA GENERAL MENA BARRETO, 190, JARDIM SAO CAETANO - Sorocaba", "latitude": -23.5047884, "longitude": -47.483184, "fonte_geocodificacao": "Google Geocoding API", "opm_nome": "7.BPM/I - 2.CIA", "opm_descricao": "CPI-7 7.BPM/I 2.CIA PM TERRITORIAL", "opm_codigo": "607072000" }, "geometry": { "type": "Point", "coordinates": [ -47.483184, -23.5047884 ] } },
{ "type": "Feature", "properties": { "id_comando": "CPI-7", "nome_comando": "7º Comando de Policiamento do Interior (CPI-7)", "nome_batalhao": "7º BPM/I", "tipo_batalhao": "Interior", "companhia": "3.CIA PM", "cidade": "Sorocaba", "endereco": "RUA AVELINO ARGENTO, 0, JARDIM DO COLEGIO SALESIANO - Sorocaba", "latitude": -23.5092543, "longitude": -47.4665958, "fonte_geocodificacao": "Google Geocoding API", "opm_nome": "7.BPM/I - 3.CIA", "opm_descricao": "CPI-7 7.BPM/I 3.CIA PM TERRITORIAL", "opm_codigo": "607073000" }, "geometry": { "type": "Point", "coordinates": [ -47.4665958, -23.5092543 ] } },
{ "type": "Feature", "properties": { "id_comando": "CPI-7", "nome_comando": "7º Comando de Policiamento do Interior (CPI-7)", "nome_batalhao": "7º BPM/I", "tipo_batalhao": "Interior", "companhia": "4.CIA PM", "cidade": "Sorocaba", "endereco": "RUA GENERAL MENA BARRETO, 190, JARDIM SAO CAETANO - Sorocaba", "latitude": -23.5047884, "longitude": -47.483184, "fonte_geocodificacao": "Google Geocoding API", "opm_nome": "7.BPM/I - 4.CIA", "opm_descricao": "CPI-7 7.BPM/I 4.CIA PM TERRITORIAL", "opm_codigo": "607074000" }, "geometry": { "type": "Point", "coordinates": [ -47.483184, -23.5047884 ] } },
{ "type": "Feature", "properties": { "id_comando": "CPI-7", "nome_comando": "7º Comando de Policiamento do Interior (CPI-7)", "nome_batalhao": "7º BPM/I", "tipo_batalhao": "Interior", "companhia": "5.CIA PM", "cidade": "Sorocaba", "endereco": "AVENIDA RODOLFO DAFERNER, 65, ALTO DA BOA VISTA - Sorocaba", "latitude": -23.4743977, "longitude": -47.4236654, "fonte_geocodificacao": "Google Geocoding API", "opm_nome": "7.BPM/I - CGP", "opm_descricao": "CPI-7 7.BPM/I 5.CIA PM CGP", "opm_codigo": "607075500" }, "geometry": { "type": "Point", "coordinates": [ -47.4236654, -23.4743977 ] } },
{ "type": "Feature", "properties": { "id_comando": "CPI-7", "nome_comando": "7º Comando de Policiamento do Interior (CPI-7)", "nome_batalhao": "7º BPM/I", "tipo_batalhao": "Interior", "companhia": "CIA F TAT", "cidade": "Sorocaba", "endereco": "RUA GENERAL MENA BARRETO, 190, JARDIM SAO CAETANO - Sorocaba", "latitude": -23.5047884, "longitude": -47.483184, "fonte_geocodificacao": "Google Geocoding API", "opm_nome": "COMPANHIA DE FORCA TATICA", "opm_descricao": "CPI-7 7.BPM/I CIA F TAT", "opm_codigo": "607076000" }, "geometry": { "type": "Point", "coordinates": [ -47.483184, -23.5047884 ] } },
{ "type": "Feature", "properties": { "id_comando": "CPI-7", "nome_comando": "7º Comando de Policiamento do Interior (CPI-7)", "nome_batalhao": "7º BPM/I", "tipo_batalhao": "Interior", "companhia": "COORD OP", "cidade": "Sorocaba", "endereco": "RUA GENERAL MENA BARRETO, 190, JARDIM SAO CAETANO - Sorocaba", "latitude": -23.5047884, "longitude": -47.483184, "fonte_geocodificacao": "Google Geocoding API", "opm_nome": "7.BPM/I - COORD OP", "opm_descricao": "CPI-7 7.BPM/I COORD OP", "opm_codigo": "607079000" }, "geometry": { "type": "Point", "coordinates": [ -47.483184, -23.5047884 ] } },
{ "type": "Feature", "properties": { "id_comando": "CPI-7", "nome_comando": "7º Comando de Policiamento do Interior (CPI-7)", "nome_batalhao": "7º BPM/I", "tipo_batalhao": "Interior", "companhia": "EM", "cidade": "Sorocaba", "endereco": "RUA GENERAL MENA BARRETO, 190, JARDIM SAO CAETANO - Sorocaba", "latitude": -23.5047884, "longitude": -47.483184, "fonte_geocodificacao": "Google Geocoding API", "opm_nome": "ESTADO-MAIOR", "opm_descricao": "CPI-7 7.BPM/I EM", "opm_codigo": "607078000" }, "geometry": { "type": "Point", "coordinates": [ -47.483184, -23.5047884 ] } },
{ "type": "Feature", "properties": { "id_comando": "CPA/M-1", "nome_comando": "1º Comando de Policiamento de Área Metropolitana (CPA/M-1)", "nome_batalhao": "7º BPM/M", "tipo_batalhao": "Metropolitano", "companhia": "1.CIA PM", "cidade": "Sao Paulo", "endereco": "RUA JOAO GUIMARAES ROSA, 1, CONSOLACAO - Sao Paulo", "latitude": -23.5501548, "longitude": -46.6467178, "fonte_geocodificacao": "Google Geocoding API", "opm_nome": "1. COMPANHIA DE POLICIA MILITAR", "opm_descricao": "CPA/M-1 7.BPM/M 1.CIA PM TERRITORIAL", "opm_codigo": "501071000" }, "geometry": { "type": "Point", "coordinates": [ -46.6467178, -23.5501548 ] } },
{ "type": "Feature", "properties": { "id_comando": "CPA/M-1", "nome_comando": "1º Comando de Policiamento de Área Metropolitana (CPA/M-1)", "nome_batalhao": "7º BPM/M", "tipo_batalhao": "Metropolitano", "companhia": "2.CIA PM", "cidade": "Sao Paulo", "endereco": "RUA ABOLICAO, 349, BELA VISTA - Sao Paulo", "latitude": -23.5537955, "longitude": -46.6418121, "fonte_geocodificacao": "Google Geocoding API", "opm_nome": "2. COMPANHIA DE POLICIA MILITAR", "opm_descricao": "CPA/M-1 7.BPM/M 2.CIA PM TERRITORIAL", "opm_codigo": "501072000" }, "geometry": { "type": "Point", "coordinates": [ -46.6418121, -23.5537955 ] } },
{ "type": "Feature", "properties": { "id_comando": "CPA/M-1", "nome_comando": "1º Comando de Policiamento de Área Metropolitana (CPA/M-1)", "nome_batalhao": "7º BPM/M", "tipo_batalhao": "Metropolitano", "companhia": "3.CIA PM", "cidade": "Sao Paulo", "endereco": "RUA ABOLICAO, 349  CIA NÃO EXISTE, BELA VISTA - Sao Paulo", "latitude": -23.5537955, "longitude": -46.6418121, "fonte_geocodificacao": "Google Geocoding API", "opm_nome": "3. COMPANHIA DE POLICIA MILITAR", "opm_descricao": "CPA/M-1 7.BPM/M 3.CIA PM TERRITORIAL 0", "opm_codigo": "501073000" }, "geometry": { "type": "Point", "coordinates": [ -46.6418121, -23.5537955 ] } },
{ "type": "Feature", "properties": { "id_comando": "CPA/M-1", "nome_comando": "1º Comando de Policiamento de Área Metropolitana (CPA/M-1)", "nome_batalhao": "7º BPM/M", "tipo_batalhao": "Metropolitano", "companhia": "4.CIA PM", "cidade": "Sao Paulo", "endereco": "RUA GENERAL CARNEIRO, 100, SE - Sao Paulo", "latitude": -23.5476104, "longitude": -46.6333322, "fonte_geocodificacao": "Google Geocoding API", "opm_nome": "4. COMPANHIA DE POLICIA MILITAR", "opm_descricao": "CPA/M-1 7.BPM/M 4.CIA PM TERRITORIAL", "opm_codigo": "501076000" }, "geometry": { "type": "Point", "coordinates": [ -46.6333322, -23.5476104 ] } },
{ "type": "Feature", "properties": { "id_comando": "CPA/M-1", "nome_comando": "1º Comando de Policiamento de Área Metropolitana (CPA/M-1)", "nome_batalhao": "7º BPM/M", "tipo_batalhao": "Metropolitano", "companhia": "CIA F TAT", "cidade": "Sao Paulo", "endereco": "AVENIDA ANGELICA, 1647, HIGIENÓPOLIS - Sao Paulo", "latitude": -23.5470351, "longitude": -46.6580278, "fonte_geocodificacao": "Google Geocoding API", "opm_nome": "COMPANHIA DE FORCA TATICA DA POLICIA MILITAR", "opm_descricao": "CPA/M-1 7.BPM/M CIA F TAT", "opm_codigo": "501075000" }, "geometry": { "type": "Point", "coordinates": [ -46.6580278, -23.5470351 ] } },
{ "type": "Feature", "properties": { "id_comando": "CPA/M-1", "nome_comando": "1º Comando de Policiamento de Área Metropolitana (CPA/M-1)", "nome_batalhao": "7º BPM/M", "tipo_batalhao": "Metropolitano", "companhia": "COORD OP", "cidade": "Sao Paulo", "endereco": "AVENIDA ANGELICA, 1647, HIGIENÓPOLIS - Sao Paulo", "latitude": -23.5470351, "longitude": -46.6580278, "fonte_geocodificacao": "Google Geocoding API", "opm_nome": "COORDENADORIA OPERACIONAL", "opm_descricao": "CPA/M-1 7.BPM/M COORD OP", "opm_codigo": "501079000" }, "geometry": { "type": "Point", "coordinates": [ -46.6580278, -23.5470351 ] } },
{ "type": "Feature", "properties": { "id_comando": "CPA/M-1", "nome_comando": "1º Comando de Policiamento de Área Metropolitana (CPA/M-1)", "nome_batalhao": "7º BPM/M", "tipo_batalhao": "Metropolitano", "companhia": "EM", "cidade": "Sao Paulo", "endereco": "AVENIDA ANGELICA, 1647, HIGIENÓPOLIS - Sao Paulo", "latitude": -23.5470351, "longitude": -46.6580278, "fonte_geocodificacao": "Google Geocoding API", "opm_nome": "ESTADO-MAIOR", "opm_descricao": "CPA/M-1 7.BPM/M EM", "opm_codigo": "501078000" }, "geometry": { "type": "Point", "coordinates": [ -46.6580278, -23.5470351 ] } },
{ "type": "Feature", "properties": { "id_comando": "CPI-2", "nome_comando": "2º Comando de Policiamento do Interior (CPI-2)", "nome_batalhao": "8º BPM/I", "tipo_batalhao": "Interior", "companhia": "1.CIA PM", "cidade": "Campinas", "endereco": "RUA LUÍS GAMA, 298, BONFIM - Campinas", "latitude": -22.900205, "longitude": -47.078595, "fonte_geocodificacao": "Google Geocoding API", "opm_nome": "1. COMPANHIA DE POLICIA MILITAR", "opm_descricao": "CPI-2 8.BPM/I 1.CIA PM TERRITORIAL", "opm_codigo": "602081000" }, "geometry": { "type": "Point", "coordinates": [ -47.078595, -22.900205 ] } },
{ "type": "Feature", "properties": { "id_comando": "CPI-2", "nome_comando": "2º Comando de Policiamento do Interior (CPI-2)", "nome_batalhao": "8º BPM/I", "tipo_batalhao": "Interior", "companhia": "2.CIA PM", "cidade": "Campinas", "endereco": "RUA MARQUÊS DE ABRANTES, 221, JARDIM SANTA GENEBRA - Campinas", "latitude": -22.8457239, "longitude": -47.0681794, "fonte_geocodificacao": "Google Geocoding API", "opm_nome": "ADMINISTRACAO", "opm_descricao": "CPI-2 8.BPM/I 2.CIA PM ADM 0", "opm_codigo": "602082500" }, "geometry": { "type": "Point", "coordinates": [ -47.0681794, -22.8457239 ] } },
{ "type": "Feature", "properties": { "id_comando": "CPI-2", "nome_comando": "2º Comando de Policiamento do Interior (CPI-2)", "nome_batalhao": "8º BPM/I", "tipo_batalhao": "Interior", "companhia": "3.CIA PM", "cidade": "Campinas", "endereco": "RUA ANA MARIA DE SOUZA, 61, JD STA GENEBRA - Campinas", "latitude": -22.8346555, "longitude": -47.0779868, "fonte_geocodificacao": "Google Geocoding API", "opm_nome": "ADMINISTRACAO", "opm_descricao": "CPI-2 8.BPM/I 3.CIA PM ADM 0", "opm_codigo": "602083600" }, "geometry": { "type": "Point", "coordinates": [ -47.0779868, -22.8346555 ] } },
{ "type": "Feature", "properties": { "id_comando": "CPI-2", "nome_comando": "2º Comando de Policiamento do Interior (CPI-2)", "nome_batalhao": "8º BPM/I", "tipo_batalhao": "Interior", "companhia": "4.CIA PM", "cidade": "Paulinia", "endereco": "AVENIDA JOSÉ PAULINO, 3112, JARDIM EUROPA - Paulinia", "latitude": -22.7785335, "longitude": -47.1441084, "fonte_geocodificacao": "Google Geocoding API", "opm_nome": "ADMINISTRACAO", "opm_descricao": "CPI-2 8.BPM/I 4.CIA PM ADM 0", "opm_codigo": "602084500" }, "geometry": { "type": "Point", "coordinates": [ -47.1441084, -22.7785335 ] } },
{ "type": "Feature", "properties": { "id_comando": "CPI-2", "nome_comando": "2º Comando de Policiamento do Interior (CPI-2)", "nome_batalhao": "8º BPM/I", "tipo_batalhao": "Interior", "companhia": "CIA F TAT", "cidade": "Campinas", "endereco": "RUA LUÍS GAMA, 298, BONFIM - Campinas", "latitude": -22.900205, "longitude": -47.078595, "fonte_geocodificacao": "Google Geocoding API", "opm_nome": "COMPANHIA DE FORCA TATICA", "opm_descricao": "CPI-2 8.BPM/I CIA F TAT", "opm_codigo": "602089000" }, "geometry": { "type": "Point", "coordinates": [ -47.078595, -22.900205 ] } },
{ "type": "Feature", "properties": { "id_comando": "CPI-2", "nome_comando": "2º Comando de Policiamento do Interior (CPI-2)", "nome_batalhao": "8º BPM/I", "tipo_batalhao": "Interior", "companhia": "COORD OP", "cidade": "Campinas", "endereco": "RUA LUÍS GAMA, 298, BONFIM - Campinas", "latitude": -22.900205, "longitude": -47.078595, "fonte_geocodificacao": "Google Geocoding API", "opm_nome": "COORD OP", "opm_descricao": "CPI-2 8.BPM/I COORD OP", "opm_codigo": "602088009" }, "geometry": { "type": "Point", "coordinates": [ -47.078595, -22.900205 ] } },
{ "type": "Feature", "properties": { "id_comando": "CPI-2", "nome_comando": "2º Comando de Policiamento do Interior (CPI-2)", "nome_batalhao": "8º BPM/I", "tipo_batalhao": "Interior", "companhia": "EM", "cidade": "Campinas", "endereco": "RUA LUÍS GAMA, 298, BONFIM - Campinas", "latitude": -22.900205, "longitude": -47.078595, "fonte_geocodificacao": "Google Geocoding API", "opm_nome": "ESTADO-MAIOR", "opm_descricao": "CPI-2 8.BPM/I EM", "opm_codigo": "602088000" }, "geometry": { "type": "Point", "coordinates": [ -47.078595, -22.900205 ] } },
{ "type": "Feature", "properties": { "id_comando": "CPA/M-11", "nome_comando": "11º Comando de Policiamento de Área Metropolitana (CPA/M-11)", "nome_batalhao": "8º BPM/M", "tipo_batalhao": "Metropolitano", "companhia": "1.CIA PM", "cidade": "Sao Paulo", "endereco": "RUA ANTONIO DE CAMARDO, 69, VILA GOMES CARDIM - Sao Paulo", "latitude": -23.5499498, "longitude": -46.5677144, "fonte_geocodificacao": "Google Geocoding API", "opm_nome": "1. COMPANHIA DE POLICIA MILITAR", "opm_descricao": "CPA/M-11 8.BPM/M 1.CIA PM TERRITORIAL", "opm_codigo": "511081000" }, "geometry": { "type": "Point", "coordinates": [ -46.5677144, -23.5499498 ] } },
{ "type": "Feature", "properties": { "id_comando": "CPA/M-11", "nome_comando": "11º Comando de Policiamento de Área Metropolitana (CPA/M-11)", "nome_batalhao": "8º BPM/M", "tipo_batalhao": "Metropolitano", "companhia": "2.CIA PM", "cidade": "Sao Paulo", "endereco": "AVENIDA CONSELHEIRO CARRAO, 2582, CARRAO - Sao Paulo", "latitude": -23.5489757, "longitude": -46.5371807, "fonte_geocodificacao": "Google Geocoding API", "opm_nome": "2. COMPANHIA DE POLICIA MILITAR", "opm_descricao": "CPA/M-11 8.BPM/M 2.CIA PM TERRITORIAL", "opm_codigo": "511082000" }, "geometry": { "type": "Point", "coordinates": [ -46.5371807, -23.5489757 ] } },
{ "type": "Feature", "properties": { "id_comando": "CPA/M-11", "nome_comando": "11º Comando de Policiamento de Área Metropolitana (CPA/M-11)", "nome_batalhao": "8º BPM/M", "tipo_batalhao": "Metropolitano", "companhia": "3.CIA PM", "cidade": "Sao Paulo", "endereco": "RUA DOUTOR PELAGIO MARQUES, 2582, VILA MATILDE - Sao Paulo", "latitude": -23.5386867, "longitude": -46.5264753, "fonte_geocodificacao": "Google Geocoding API", "opm_nome": "3. COMPANHIA DE POLICIA MILITAR", "opm_descricao": "CPA/M-11 8.BPM/M 3.CIA PM TERRITORIAL", "opm_codigo": "511083000" }, "geometry": { "type": "Point", "coordinates": [ -46.5264753, -23.5386867 ] } },
{ "type": "Feature", "properties": { "id_comando": "CPA/M-11", "nome_comando": "11º Comando de Policiamento de Área Metropolitana (CPA/M-11)", "nome_batalhao": "8º BPM/M", "tipo_batalhao": "Metropolitano", "companhia": "4.CIA PM", "cidade": "Sao Paulo", "endereco": "RUA SAIGON, 201, VILA FORMOSA - Sao Paulo", "latitude": -23.5687414, "longitude": -46.5447476, "fonte_geocodificacao": "Google Geocoding API", "opm_nome": "4. COMPANHIA DE POLICIA MILITAR", "opm_descricao": "CPA/M-11 8.BPM/M 4.CIA PM TERRITORIAL", "opm_codigo": "511084000" }, "geometry": { "type": "Point", "coordinates": [ -46.5447476, -23.5687414 ] } },
{ "type": "Feature", "properties": { "id_comando": "CPA/M-11", "nome_comando": "11º Comando de Policiamento de Área Metropolitana (CPA/M-11)", "nome_batalhao": "8º BPM/M", "tipo_batalhao": "Metropolitano", "companhia": "5.CIA PM", "cidade": "Sao Paulo", "endereco": "Rua Jose Tavares de Siqueira, 179, Parque São Jorge - Sao Paulo", "latitude": -23.5327728, "longitude": -46.5683301, "fonte_geocodificacao": "Google Geocoding API", "opm_nome": "5. COMPANHIA DE POLICIA MILITAR", "opm_descricao": "CPA/M-11 8.BPM/M 5.CIA PM", "opm_codigo": "511085000" }, "geometry": { "type": "Point", "coordinates": [ -46.5683301, -23.5327728 ] } },
{ "type": "Feature", "properties": { "id_comando": "CPA/M-11", "nome_comando": "11º Comando de Policiamento de Área Metropolitana (CPA/M-11)", "nome_batalhao": "8º BPM/M", "tipo_batalhao": "Metropolitano", "companhia": "6.CIA PM", "cidade": "Sao Paulo", "endereco": "Rua Airton Pretini, 69  A, Penha - Sao Paulo", "latitude": -23.5288961, "longitude": -46.5539408, "fonte_geocodificacao": "Google Geocoding API", "opm_nome": "6. COMPANHIA DE POLICIA MILITAR", "opm_descricao": "CPA/M-11 8.BPM/M 6.CIA PM", "opm_codigo": "511086000" }, "geometry": { "type": "Point", "coordinates": [ -46.5539408, -23.5288961 ] } },
{ "type": "Feature", "properties": { "id_comando": "CPA/M-11", "nome_comando": "11º Comando de Policiamento de Área Metropolitana (CPA/M-11)", "nome_batalhao": "8º BPM/M", "tipo_batalhao": "Metropolitano", "companhia": "CIA F TAT", "cidade": "Sao Paulo", "endereco": "RUA VILELA, 307, TATUAPE - Sao Paulo", "latitude": -23.5370472, "longitude": -46.5666114, "fonte_geocodificacao": "Google Geocoding API", "opm_nome": "COMPANHIA DE FORCA TATICA DA POLICIA MILITAR", "opm_descricao": "CPA/M-11 8.BPM/M CIA F TAT", "opm_codigo": "511087000" }, "geometry": { "type": "Point", "coordinates": [ -46.5666114, -23.5370472 ] } },
{ "type": "Feature", "properties": { "id_comando": "CPA/M-11", "nome_comando": "11º Comando de Policiamento de Área Metropolitana (CPA/M-11)", "nome_batalhao": "8º BPM/M", "tipo_batalhao": "Metropolitano", "companhia": "COORD OP", "cidade": "Sao Paulo", "endereco": "RUA VILELA, 307, TATUAPE - Sao Paulo", "latitude": -23.5370472, "longitude": -46.5666114, "fonte_geocodificacao": "Google Geocoding API", "opm_nome": "COORDENADORIA OPERACIONAL", "opm_descricao": "CPA/M-11 8.BPM/M COORD OP", "opm_codigo": "511088000" }, "geometry": { "type": "Point", "coordinates": [ -46.5666114, -23.5370472 ] } },
{ "type": "Feature", "properties": { "id_comando": "CPA/M-11", "nome_comando": "11º Comando de Policiamento de Área Metropolitana (CPA/M-11)", "nome_batalhao": "8º BPM/M", "tipo_batalhao": "Metropolitano", "companhia": "EM", "cidade": "Sao Paulo", "endereco": "RUA VILELA, 307, TATUAPE - Sao Paulo", "latitude": -23.5370472, "longitude": -46.5666114, "fonte_geocodificacao": "Google Geocoding API", "opm_nome": "ESTADO-MAIOR", "opm_descricao": "CPA/M-11 8.BPM/M EM", "opm_codigo": "511089000" }, "geometry": { "type": "Point", "coordinates": [ -46.5666114, -23.5370472 ] } },
{ "type": "Feature", "properties": { "id_comando": "CPI-4", "nome_comando": "4º Comando de Policiamento do Interior (CPI-4)", "nome_batalhao": "9º BPM/I", "tipo_batalhao": "Interior", "companhia": "1.CIA PM", "cidade": "Marilia", "endereco": "AVENIDA NELSOM SPIELMAN, 1240, PALMITAL - Marilia", "latitude": -22.2096328, "longitude": -49.9507182, "fonte_geocodificacao": "Google Geocoding API", "opm_nome": "1.COMPANHIA DE POLICIA MILITAR", "opm_descricao": "CPI-4 9.BPM/I 1.CIA PM", "opm_codigo": "604091000" }, "geometry": { "type": "Point", "coordinates": [ -49.9507182, -22.2096328 ] } },
{ "type": "Feature", "properties": { "id_comando": "CPI-4", "nome_comando": "4º Comando de Policiamento do Interior (CPI-4)", "nome_batalhao": "9º BPM/I", "tipo_batalhao": "Interior", "companhia": "2.CIA PM", "cidade": "Tupa", "endereco": "AVENIDA TAMOIOS, 1700, centro - Tupa", "latitude": -21.934904, "longitude": -50.5199107, "fonte_geocodificacao": "Google Geocoding API", "opm_nome": "2.COMPANHIA DE POLICIA MILITAR", "opm_descricao": "CPI-4 9.BPM/I 2.CIA PM", "opm_codigo": "604092000" }, "geometry": { "type": "Point", "coordinates": [ -50.5199107, -21.934904 ] } },
{ "type": "Feature", "properties": { "id_comando": "CPI-4", "nome_comando": "4º Comando de Policiamento do Interior (CPI-4)", "nome_batalhao": "9º BPM/I", "tipo_batalhao": "Interior", "companhia": "3.CIA PM", "cidade": "Marilia", "endereco": "AVENIDA NELSOM SPIELMAN, 1240, PALMITAL - Marilia", "latitude": -22.2096328, "longitude": -49.9507182, "fonte_geocodificacao": "Google Geocoding API", "opm_nome": "3.COMPANHIA DE POLICIA MILITAR", "opm_descricao": "CPI-4 9.BPM/I 3.CIA PM", "opm_codigo": "604093000" }, "geometry": { "type": "Point", "coordinates": [ -49.9507182, -22.2096328 ] } },
{ "type": "Feature", "properties": { "id_comando": "CPI-4", "nome_comando": "4º Comando de Policiamento do Interior (CPI-4)", "nome_batalhao": "9º BPM/I", "tipo_batalhao": "Interior", "companhia": "4.CIA PM", "cidade": "Garca", "endereco": "RUA GETÚLIO VARGAS, 55, VILA WILLIANS I, II E III - Garca", "latitude": -22.2238167, "longitude": -49.647998, "fonte_geocodificacao": "Google Geocoding API", "opm_nome": "4.COMPANHIA DE POLICIA MILITAR", "opm_descricao": "CPI-4 9.BPM/I 4.CIA PM", "opm_codigo": "604094000" }, "geometry": { "type": "Point", "coordinates": [ -49.647998, -22.2238167 ] } },
{ "type": "Feature", "properties": { "id_comando": "CPI-4", "nome_comando": "4º Comando de Policiamento do Interior (CPI-4)", "nome_batalhao": "9º BPM/I", "tipo_batalhao": "Interior", "companhia": "5.CIA PM", "cidade": "Marilia", "endereco": "RUA CAPITÃO ALBERTO MENDES JÚNIOR, 118  QUARTEL 9º BPM/I, JARDIM VITORIA - Marilia", "latitude": -22.2329254, "longitude": -49.9213482, "fonte_geocodificacao": "Google Geocoding API", "opm_nome": "5.COMPANHIA DE POLICIA MILITAR", "opm_descricao": "CPI-4 9.BPM/I 5.CIA PM", "opm_codigo": "604095000" }, "geometry": { "type": "Point", "coordinates": [ -49.9213482, -22.2329254 ] } },
{ "type": "Feature", "properties": { "id_comando": "CPI-4", "nome_comando": "4º Comando de Policiamento do Interior (CPI-4)", "nome_batalhao": "9º BPM/I", "tipo_batalhao": "Interior", "companhia": "CIA F TAT", "cidade": "Marilia", "endereco": "RUA CAPITÃO ALBERTO MENDES JÚNIOR, 118  JUNTO QUARTEL 9º BPM/I, JARDIM REGINA - Marilia", "latitude": -22.2329254, "longitude": -49.9213482, "fonte_geocodificacao": "Google Geocoding API", "opm_nome": "COMPANHIA DE FORCA TATICA DA POLICIA MILITAR", "opm_descricao": "CPI-4 9.BPM/I CIA F TAT", "opm_codigo": "604096000" }, "geometry": { "type": "Point", "coordinates": [ -49.9213482, -22.2329254 ] } },
{ "type": "Feature", "properties": { "id_comando": "CPI-4", "nome_comando": "4º Comando de Policiamento do Interior (CPI-4)", "nome_batalhao": "9º BPM/I", "tipo_batalhao": "Interior", "companhia": "COORD OP", "cidade": "Marilia", "endereco": "RUA CAPITÃO ALBERTO MENDES JÚNIOR, 118, JARDIM REGINA - Marilia", "latitude": -22.2329254, "longitude": -49.9213482, "fonte_geocodificacao": "Google Geocoding API", "opm_nome": "COORDENADORIA OPERACIONAL", "opm_descricao": "CPI-4 9.BPM/I COORD OP", "opm_codigo": "604090009" }, "geometry": { "type": "Point", "coordinates": [ -49.9213482, -22.2329254 ] } },
{ "type": "Feature", "properties": { "id_comando": "CPI-4", "nome_comando": "4º Comando de Policiamento do Interior (CPI-4)", "nome_batalhao": "9º BPM/I", "tipo_batalhao": "Interior", "companhia": "EM", "cidade": "Marilia", "endereco": "RUA CAPITÃO ALBERTO MENDES JÚNIOR, 118, JARDIM REGINA - Marilia", "latitude": -22.2329254, "longitude": -49.9213482, "fonte_geocodificacao": "Google Geocoding API", "opm_nome": "ESTADO-MAIOR", "opm_descricao": "CPI-4 9.BPM/I EM", "opm_codigo": "604098000" }, "geometry": { "type": "Point", "coordinates": [ -49.9213482, -22.2329254 ] } },
{ "type": "Feature", "properties": { "id_comando": "CPA/M-3", "nome_comando": "3º Comando de Policiamento de Área Metropolitana (CPA/M-3)", "nome_batalhao": "9º BPM/M", "tipo_batalhao": "Metropolitano", "companhia": "1.CIA PM", "cidade": "Sao Paulo", "endereco": "AVENIDA CASA VERDE, 677, CASA VERDE - Sao Paulo", "latitude": -23.5004626, "longitude": -46.6494316, "fonte_geocodificacao": "Google Geocoding API", "opm_nome": "1. COMPANHIA DE POLICIA MILITAR", "opm_descricao": "CPA/M-3 9.BPM/M 1.CIA PM TERRITORIAL", "opm_codigo": "503091000" }, "geometry": { "type": "Point", "coordinates": [ -46.6494316, -23.5004626 ] } },
{ "type": "Feature", "properties": { "id_comando": "CPA/M-3", "nome_comando": "3º Comando de Policiamento de Área Metropolitana (CPA/M-3)", "nome_batalhao": "9º BPM/M", "tipo_batalhao": "Metropolitano", "companhia": "2.CIA PM", "cidade": "Sao Paulo", "endereco": "AVENIDA GASPAR VAZ DA CUNHA, 113, LIMAO - Sao Paulo", "latitude": -23.4940483, "longitude": -46.6778864, "fonte_geocodificacao": "Google Geocoding API", "opm_nome": "2. COMPANHIA DE POLICIA MILITAR", "opm_descricao": "CPA/M-3 9.BPM/M 2.CIA PM TERRITORIAL", "opm_codigo": "503092000" }, "geometry": { "type": "Point", "coordinates": [ -46.6778864, -23.4940483 ] } },
{ "type": "Feature", "properties": { "id_comando": "CPA/M-3", "nome_comando": "3º Comando de Policiamento de Área Metropolitana (CPA/M-3)", "nome_batalhao": "9º BPM/M", "tipo_batalhao": "Metropolitano", "companhia": "3.CIA PM", "cidade": "Sao Paulo", "endereco": "AVENIDA PARADA PINTO, 3132, CACHOEIRINHA - Sao Paulo", "latitude": -23.4668698, "longitude": -46.6403953, "fonte_geocodificacao": "Google Geocoding API", "opm_nome": "3. COMPANHIA DE POLICIA MILITAR", "opm_descricao": "CPA/M-3 9.BPM/M 3.CIA PM TERRITORIAL", "opm_codigo": "503096000" }, "geometry": { "type": "Point", "coordinates": [ -46.640395299999987, -23.4668698 ] } },
{ "type": "Feature", "properties": { "id_comando": "CPA/M-3", "nome_comando": "3º Comando de Policiamento de Área Metropolitana (CPA/M-3)", "nome_batalhao": "9º BPM/M", "tipo_batalhao": "Metropolitano", "companhia": "4.CIA PM", "cidade": "Sao Paulo", "endereco": "RUA SAO GONCALO DO ABAETE, 571, BRASILANDIA - Sao Paulo", "latitude": -23.4613854, "longitude": -46.6791149, "fonte_geocodificacao": "Google Geocoding API", "opm_nome": "4. COMPANHIA DE POLICIA MILITAR", "opm_descricao": "CPA/M-3 9.BPM/M 4.CIA PM TERRITORIAL", "opm_codigo": "503097000" }, "geometry": { "type": "Point", "coordinates": [ -46.6791149, -23.4613854 ] } },
{ "type": "Feature", "properties": { "id_comando": "CPA/M-3", "nome_comando": "3º Comando de Policiamento de Área Metropolitana (CPA/M-3)", "nome_batalhao": "9º BPM/M", "tipo_batalhao": "Metropolitano", "companhia": "CIA F TAT", "cidade": "Sao Paulo", "endereco": "RUA PEDRA BONITA, 0, MANDAQUI - Sao Paulo", "latitude": -23.4587035, "longitude": -46.6446671, "fonte_geocodificacao": "Google Geocoding API", "opm_nome": "COMPANHIA DE FORCA TATICA DA POLICIA MILITAR", "opm_descricao": "CPA/M-3 9.BPM/M CIA F TAT", "opm_codigo": "503095000" }, "geometry": { "type": "Point", "coordinates": [ -46.6446671, -23.4587035 ] } },
{ "type": "Feature", "properties": { "id_comando": "CPA/M-3", "nome_comando": "3º Comando de Policiamento de Área Metropolitana (CPA/M-3)", "nome_batalhao": "9º BPM/M", "tipo_batalhao": "Metropolitano", "companhia": "COORD OP", "cidade": "Sao Paulo", "endereco": "AVENIDA NOVA CANTAREIRA, 842, SANTANA - Sao Paulo", "latitude": -23.4867171, "longitude": -46.6175244, "fonte_geocodificacao": "Google Geocoding API", "opm_nome": "COORDENADORIA OPERACIONAL", "opm_descricao": "CPA/M-3 9.BPM/M COORD OP", "opm_codigo": "503099000" }, "geometry": { "type": "Point", "coordinates": [ -46.6175244, -23.4867171 ] } },
{ "type": "Feature", "properties": { "id_comando": "CPA/M-3", "nome_comando": "3º Comando de Policiamento de Área Metropolitana (CPA/M-3)", "nome_batalhao": "9º BPM/M", "tipo_batalhao": "Metropolitano", "companhia": "EM", "cidade": "Sao Paulo", "endereco": "AVENIDA NOVA CANTAREIRA, 842, SANTANA - Sao Paulo", "latitude": -23.4867171, "longitude": -46.6175244, "fonte_geocodificacao": "Google Geocoding API", "opm_nome": "ESTADO-MAIOR", "opm_descricao": "CPA/M-3 9.BPM/M EM", "opm_codigo": "503098000" }, "geometry": { "type": "Point", "coordinates": [ -46.6175244, -23.4867171 ] } }
]
}
