id_municipio_ibge;nome_municipio;populacao_municipio;id_foro;nome_foro;total_varas_foro;entrancia;endereco_sede;latitude;longitude;id_cj;nome_cj;id_raj;nome_raj;populacao_foro;qt_cidades_foro;cidades_no_foro;qt_cidades_cj;cidades_na_cj;unidades;total_varas_municipio;varas_municipio;varas_foro
3500105;Adamantina;34687;3500105;Adamantina;5;Entrância Inicial;Avenida Ademar de Barros , 133 - Centro, 17800-000;-21.576695151888305;-51.056812445653414;30;30ª Tupã;5;5ª Presidente Prudente;38200;2;Adamantina, Mariápolis;17;Adamantina, Arco-Íris, Bastos, Flórida Paulista, Herculândia, Iacri, Inúbia Paulista, Lucélia, Mariápolis, Osvaldo Cruz, Parapuã, Pracinha, Queiroz, Rinópolis, Sagres, Salmourão, Tupã;Fórum I Adamantina, Fórum II Adamantina (Residência Oficial), Fórum III Adamantina - UAAJ - FAC. ADAM. INTEGRADAS;5;1ª Vara Judicial, 2ª Vara Judicial, 3ª Vara Judicial, Criminal e da Fazenda Pública de Adamantina, Juizado Especial Cível;1ª Vara Judicial, 2ª Vara Judicial, 3ª Vara Judicial, Criminal e da Fazenda Pública de Adamantina, Juizado Especial Cível
3500204;Adolfo;4351;3525706;José Bonifácio;0;Entrância Inicial;Av. Campos  Sales, , 341 - centro, 15200-000;-21.08936590148044;-49.77931545827638;16;16ª São José do Rio Preto;8;8ª São José do Rio Preto;52508;4;Adolfo, José Bonifácio, Mendonça, Ubarana;33;Adolfo, Américo de Campos, Bady Bassitt, Bálsamo, Cedral, Cosmorama, Guapiaçu, Icém, Ipiguá, Jaci, José Bonifácio, Macaubal, Mendonça, Mirassol, Mirassolândia, Monte Aprazível, Neves Paulista, Nipoã, Nova Aliança, Nova Granada, Onda Verde, Orindiúva, Palestina, Paulo de Faria, Poloni, Potirendaba, Riolândia, Sebastianópolis do Sul, São José do Rio Preto, Tanabi, Ubarana, Uchoa, União Paulista;;0;;
3500303;Aguaí;32072;3500303;Aguaí;2;Entrância Inicial;Rua Joaquim Paula Cruz , 900 - Jd. Sta. Úrsula, 13863-044;-22.049949649172998;-47.04032891318444;50;50ª São João da Boa Vista;4;4ª Campinas;32072;1;Aguaí;6;Aguaí, Espírito Santo do Pinhal, Santo Antônio do Jardim, São João da Boa Vista, Vargem Grande do Sul, Águas da Prata;Comarca  de Aguaí;2;Juizado Especial Cível, Vara Judicial;Juizado Especial Cível, Vara Judicial
3500402;Águas da Prata;7369;3549102;São João da Boa Vista;6;Entrância Final;Rua RIACHUELO , 571 - Centro, 13870234;-21.97799265338561;-46.80219487056586;50;50ª São João da Boa Vista;4;4ª Campinas;99916;2;São João da Boa Vista, Águas da Prata;6;Aguaí, Espírito Santo do Pinhal, Santo Antônio do Jardim, São João da Boa Vista, Vargem Grande do Sul, Águas da Prata;;0;;1ª Vara Cível, 2ª Vara Cível, 3ª Vara Cível, Ofício do Juizado Especial Cível e Criminal, Vara Criminal, Vara do Juizado Especial Cível e Criminal
3500501;Águas de Lindóia;17930;3500501;Águas de Lindóia;1;Entrância Inicial;Rua Francisco Spartani , 66 - Jd. Le Villete, 13940-000;-22.474824935145158;-46.6036501530808;54;54ª Amparo;4;4ª Campinas;24944;2;Lindóia, Águas de Lindóia;9;Amparo, Jaguariúna, Lindóia, Monte Alegre do Sul, Pedreira, Santo Antônio de Posse, Serra Negra, Socorro, Águas de Lindóia;Fórum Águas de Lindóia, Fórum Águas de Lindóia (J.E.CÍVEL e Criminal);1;Vara Judicial;Vara Judicial
3500550;Águas de Santa Bárbara;7177;3511409;Cerqueira César;4;Entrância Inicial;Rua Olimpio Pavan , 355 - Centro, 18760015;-23.059321610192633;-49.14380676556663;24;24ª Avaré;3;3ª Bauru;36656;3;Cerqueira César, Iaras, Águas de Santa Bárbara;11;Arandu, Avaré, Cerqueira César, Coronel Macedo, Fartura, Iaras, Itaí, Paranapanema, Taguaí, Taquarituba, Águas de Santa Bárbara;;0;;1ª Vara Judicial, 2ª Vara Judicial, Criminal e da Fazenda Pública de Cerqueira César, Juizado Especial Cível
3500600;Águas de São Pedro;2780;3550407;São Pedro;3;Entrância Inicial;Praça Adolpho Bonifácio Bragaia , s/nº - Centro, 13520-028;-22.558175497889824;-47.92468304968156;34;34ª Piracicaba;4;4ª Campinas;46279;3;Santa Maria da Serra, São Pedro, Águas de São Pedro;16;Capivari, Cerquilho, Charqueada, Elias Fausto, Jumirim, Laranjal Paulista, Mombuca, Monte Mor, Piracicaba, Rafard, Rio das Pedras, Saltinho, Santa Maria da Serra, São Pedro, Tietê, Águas de São Pedro;;0;;1ª Vara Judicial, 2ª Vara Judicial, Juizado Especial Cível e Criminal
3500709;Agudos;37680;3500709;Agudos;2;Entrância Inicial;Rua Paulo Nelli , 276 - Vila Andreotti, 17120-370;-22.57192491692267;-49.10874517574034;32;32ª Bauru;3;3ª Bauru;39770;2;Agudos, Paulistânia;18;Agudos, Arealva, Avaí, Balbinos, Bauru, Borebi, Cabrália Paulista, Duartina, Lençóis Paulista, Lucianópolis, Paulistânia, Pirajuí, Piratininga, Pongaí, Presidente Alves, Reginópolis, Ubirajara, Uru;"FÓRUM DESEMBARGADOR ""FRANCISCO MEIRELLES DOS SANTOS"", Fórum Agudos (CEJUSC)";2;1ª Vara Judicial, Juizado Especial Cível;1ª Vara Judicial, Juizado Especial Cível
3500758;Alambari;6141;3522307;Itapetininga;7;Entrância Final;Praça Três Poderes , s/n - Jd. Marabá, 18213-540;-23.645468563011217;-48.123318703177574;22;22ª Itapetininga;10;10ª Sorocaba;174300;3;Alambari, Itapetininga, Sarapuí;17;Alambari, Angatuba, Bofete, Campina do Monte Alegre, Capela do Alto, Capão Bonito, Cesário Lange, Guapiara, Guareí, Itapetininga, Porangaba, Quadra, Ribeirão Grande, Sarapuí, São Miguel Arcanjo, Tatuí, Torre de Pedra;;0;;1ª Vara Cível, 1ª Vara da Família e das Sucessões, 2ª Vara Cível, 3ª Vara Cível, 4ª Vara Cível, Juizado Especial Cível, Vara do Juizado especial Cível e Criminal
3500808;Alfredo Marcondes;4445;3541406;Presidente Prudente;17;Entrância Final;Avenida Coronel José Soares Marcondes , 2201 - Vila Comercial, 19013-050;-21.99318224082918;-51.34313661870564;27;27ª Presidente Prudente;5;5ª Presidente Prudente;264391;5;Alfredo Marcondes, Anhumas, Presidente Prudente, Santo Expedito, Álvares Machado;20;Alfredo Marcondes, Anhumas, Caiabu, Emilianópolis, Estrela do Norte, Iepê, Indiana, Martinópolis, Nantes, Narandiba, Pirapozinho, Presidente Bernardes, Presidente Prudente, Rancharia, Regente Feijó, Sandovalina, Santo Expedito, Taciba, Tarabai, Álvares Machado;;0;;1ª Vara Criminal, 1ª Vara Cível, 1ª Vara da Família e das Sucessões, 1ª Vara das Execuções Criminais, 2ª Vara Criminal, 2ª Vara Cível, 2ª Vara da Família e das Sucessões, 2ª Vara das Execuçõs Criminais, 3ª Vara Criminal, 3ª Vara Cível, 4ª Vara Cível, 5ª Vara Cível, Juizado Especial Cível, Ofício do Juizado Especial Cível, Vara da Fazenda Pública, Vara do Juizado Especial Cível, Vara do Júri e da Infância e da Juventude
3500907;Altair;3451;3533908;Olímpia;4;Entrância Intermediária;Rua Engenheiro Reid , 377 - Patrimônio de São João Batista, 15400-091;-20.70524588579201;-48.959617264381016;14;14ª Barretos;8;8ª São José do Rio Preto;94907;6;Altair, Cajobi, Embaúba, Guaraci, Olímpia, Severínia;16;Altair, Barretos, Bebedouro, Cajobi, Colina, Colômbia, Embaúba, Guaraci, Guaíra, Jaborandi, Monte Azul Paulista, Olímpia, Paraíso, Severínia, Terra Roxa, Viradouro;;0;;1ª Vara Cível, 2ª Vara Cível, 3ª Vara Cível, Vara Criminal
3501004;Altinópolis;16818;3501004;Altinópolis;2;Entrância Inicial;Avenida Doutor Alberto Crivelenti , 555 - Centro, 14350-005;-21.0180306844526;-47.38623046766729;39;39ª Batatais;6;6ª Ribeirão Preto;23593;2;Altinópolis, Santo Antônio da Alegria;8;Altinópolis, Batatais, Brodowski, Morro Agudo, Nuporanga, Orlândia, Sales Oliveira, Santo Antônio da Alegria;"Fórum ""Desembargador ALFREDO FANUCCHI NETO""";2;Juizado Especial Cível / Criminal e Fazenda Pública, Vara Judicial;Juizado Especial Cível / Criminal e Fazenda Pública, Vara Judicial
3501103;Alto Alegre;3841;3537305;Penápolis;5;Entrância Intermediária;Praça Doutor Carlos Sampaio Filho , 190 - Centro, 16300-000;-21.405402830387295;-50.0956961896093;36;36ª Araçatuba;2;2ª Araçatuba;96618;7;Alto Alegre, Avanhandava, Barbosa, Braúna, Glicério, Luiziânia, Penápolis;26;Alto Alegre, Araçatuba, Avanhandava, Barbosa, Bento de Abreu, Bilac, Birigui, Braúna, Brejo Alegre, Buritama, Clementina, Coroados, Gabriel Monteiro, Glicério, Guararapes, Lourdes, Luiziânia, Penápolis, Piacatu, Planalto, Rubiácea, Santo Antônio do Aracanguá, Santópolis do Aguapeí, Turiúba, Valparaíso, Zacarias;;0;;1ª Vara Judicial, 2ª Vara Judicial, 3ª Vara Judicial, 4ª Vara Judicial, Vara do Juizado Especial Cível e Criminal
3501152;Alumínio;17301;3528403;Mairinque;1;Entrância Intermediária;Avenida Doutor Gaspar Ricardo Jr. , 185 - Centro, 18120-000;-23.50796877902965;-47.229278565440616;19;19ª Sorocaba;10;10ª Sorocaba;67328;2;Alumínio, Mairinque;12;Alumínio, Araçariguama, Araçoiaba da Serra, Ibiúna, Mairinque, Piedade, Pilar do Sul, Salto de Pirapora, Sorocaba, São Roque, Tapiraí, Votorantim;;0;;Juizado Especial Cível e Criminal
3501202;Álvares Florence;3915;3557105;Votuporanga;6;Entrância Final;Rua Espírito Santo , 2497 - Cia Melhoramentos, 15501-221;-20.4578116989283;-49.98909642316039;17;17ª Votuporanga;8;8ª São José do Rio Preto;117539;4;Parisi, Valentim Gentil, Votuporanga, Álvares Florence;13;Cardoso, Floreal, Gastão Vidigal, Magda, Mira Estrela, Monções, Nhandeara, Nova Luzitânia, Parisi, Pontes Gestal, Valentim Gentil, Votuporanga, Álvares Florence;;0;;1ª Vara Criminal, 1ª Vara Cível, 2ª Vara Cível, 3ª Vara Cível, 4ª Vara Cível, Ofício do Juizado Especial Civel e Criminal
3501301;Álvares Machado;27255;3541406;Presidente Prudente;17;Entrância Final;Avenida Coronel José Soares Marcondes , 2201 - Vila Comercial, 19013-050;-21.99318224082918;-51.34313661870564;27;27ª Presidente Prudente;5;5ª Presidente Prudente;264391;5;Alfredo Marcondes, Anhumas, Presidente Prudente, Santo Expedito, Álvares Machado;20;Alfredo Marcondes, Anhumas, Caiabu, Emilianópolis, Estrela do Norte, Iepê, Indiana, Martinópolis, Nantes, Narandiba, Pirapozinho, Presidente Bernardes, Presidente Prudente, Rancharia, Regente Feijó, Sandovalina, Santo Expedito, Taciba, Tarabai, Álvares Machado;;0;;1ª Vara Criminal, 1ª Vara Cível, 1ª Vara da Família e das Sucessões, 1ª Vara das Execuções Criminais, 2ª Vara Criminal, 2ª Vara Cível, 2ª Vara da Família e das Sucessões, 2ª Vara das Execuçõs Criminais, 3ª Vara Criminal, 3ª Vara Cível, 4ª Vara Cível, 5ª Vara Cível, Juizado Especial Cível, Ofício do Juizado Especial Cível, Vara da Fazenda Pública, Vara do Juizado Especial Cível, Vara do Júri e da Infância e da Juventude
3501400;Álvaro de Carvalho;4808;3516705;Garça;4;Entrância Inicial;Praça Doutor Martino Funchal de Barros , 50 - Willians, 17402-059;-22.23104003516052;-49.689635238555574;31;31ª Marília;5;5ª Presidente Prudente;53784;4;Alvinlândia, Garça, Lupércio, Álvaro de Carvalho;12;Alvinlândia, Fernão, Garça, Gália, Lupércio, Marília, Ocauçu, Oriente, Pompéia, Quintana, Vera Cruz, Álvaro de Carvalho;;0;;1ª Vara judicial, 2ª Vara Judicial, 3ª Vara Judicial, Juizado Especial Cível e Criminal
3501509;Alvinlândia;2885;3516705;Garça;4;Entrância Inicial;Praça Doutor Martino Funchal de Barros , 50 - Willians, 17402-059;-22.23104003516052;-49.689635238555574;31;31ª Marília;5;5ª Presidente Prudente;53784;4;Alvinlândia, Garça, Lupércio, Álvaro de Carvalho;12;Alvinlândia, Fernão, Garça, Gália, Lupércio, Marília, Ocauçu, Oriente, Pompéia, Quintana, Vera Cruz, Álvaro de Carvalho;;0;;1ª Vara judicial, 2ª Vara Judicial, 3ª Vara Judicial, Juizado Especial Cível e Criminal
3501608;Americana;237240;3501608;Americana;9;Entrância Final;Avenida Brasil Sul , 2669 - Parque Res. Nardini, 13468-390;-22.723245297674573;-47.28910616175713;53;53ª Americana;4;4ª Campinas;237240;1;Americana;5;Americana, Hortolândia, Nova Odessa, Santa Bárbara d'Oeste, Sumaré;Fórum Americana, Fórum Americana (Anexo Fiscal e Setor Técnico de Serviço Social e Psicologia), Fórum Americana (CEJUSC) - UNISAL;9;1ª Vara Criminal, 1ª Vara Cível, 1ª Vara da Família e das Sucessões, 2ª Vara Criminal, 2ª Vara Cível, 3ª Vara Cível, 4ª Vara Cível, Execuções Criminais e da Infância e da Juventude, Vara do Júri;1ª Vara Criminal, 1ª Vara Cível, 1ª Vara da Família e das Sucessões, 2ª Vara Criminal, 2ª Vara Cível, 3ª Vara Cível, 4ª Vara Cível, Execuções Criminais e da Infância e da Juventude, Vara do Júri
3501707;Américo Brasiliense;33019;3501707;Américo Brasiliense;3;Entrância Inicial;Rua D. Pedro II , 65 - Centro, 14820-000;-21.722318557494347;-48.03236637266592;13;13ª Araraquara;6;6ª Ribeirão Preto;53300;4;Américo Brasiliense, Motuca, Rincão, Santa Lúcia;14;Américo Brasiliense, Araraquara, Borborema, Dobrada, Gavião Peixoto, Iacanga, Ibitinga, Itápolis, Matão, Motuca, Nova Europa, Rincão, Santa Lúcia, Tabatinga;Fórum Américo Brasiliense, Prédio do CEJUSC de Américo Brasiliense [destivado];3;1ª Vara Judicial, 2ª Vara Judicial, Juizado Especial Cível;1ª Vara Judicial, 2ª Vara Judicial, Juizado Especial Cível
3501806;Américo de Campos;5870;3553401;Tanabi;3;Entrância Inicial;Praça Stélio Machado Loureiro, , 273 - Centro, 15170-000;-20.531216941577227;-49.64644325481354;16;16ª São José do Rio Preto;8;8ª São José do Rio Preto;39854;3;Américo de Campos, Cosmorama, Tanabi;33;Adolfo, Américo de Campos, Bady Bassitt, Bálsamo, Cedral, Cosmorama, Guapiaçu, Icém, Ipiguá, Jaci, José Bonifácio, Macaubal, Mendonça, Mirassol, Mirassolândia, Monte Aprazível, Neves Paulista, Nipoã, Nova Aliança, Nova Granada, Onda Verde, Orindiúva, Palestina, Paulo de Faria, Poloni, Potirendaba, Riolândia, Sebastianópolis do Sul, São José do Rio Preto, Tanabi, Ubarana, Uchoa, União Paulista;;0;;1ª Vara Judicial, 2ª Vara Judicial, Juizado Especial Cível e Criminal
3501905;Amparo;68008;3501905;Amparo;2;Entrância Final;Praça Tenente José Ferraz de Oliveira , 55 - Centro, 13900-900;-22.699126517157588;-46.798714032867565;54;54ª Amparo;4;4ª Campinas;76635;2;Amparo, Monte Alegre do Sul;9;Amparo, Jaguariúna, Lindóia, Monte Alegre do Sul, Pedreira, Santo Antônio de Posse, Serra Negra, Socorro, Águas de Lindóia;Fórum Dr. Laudo Ferreira de Camargo, Juizado Especial Cível e Crim., Colégio Recursal e CEJUSC, Setor das Execuções Fiscais e Setor Técnico Psicossocial;2;1ª Vara Judicial, 2ª Vara Judicial;1ª Vara Judicial, 2ª Vara Judicial
3502002;Analândia;4589;3523602;Itirapina;3;Entrância Inicial;Rua 1 , 180 - Centro, 13530-000;-22.294590665197184;-47.8340598452895;9;9ª Rio Claro;4;4ª Campinas;20737;2;Analândia, Itirapina;8;Analândia, Brotas, Corumbataí, Ipeúna, Itirapina, Rio Claro, Santa Gertrudes, Torrinha;;0;;Cartório da Vara Única (Seção Cível, Fazenda Pública e Família), Juizado Especial Cível e Criminal
3502101;Andradina;59783;3502101;Andradina;3;Entrância Final;Rua Paes Leme , 2052 - Stella Maris, 16901-907;-20.835605724040704;-51.32972788380322;37;37ª Andradina;2;2ª Araçatuba;88106;4;Andradina, Castilho, Murutinga do Sul, Nova Independência;12;Andradina, Castilho, Guaraçaí, Ilha Solteira, Itapura, Lavínia, Mirandópolis, Murutinga do Sul, Nova Independência, Pereira Barreto, Sud Mennucci, Suzanápolis;Fórum Andradina I (Homero Rodrigues Silva), Fórum Andradina II (SAF e JECC), Fórum Andradina III - Anexo de Violência Doméstica e Grupo de Apoio Recursal, Fórum Andradina IV - CEJUSC de Andradina, Fórum Andradina V - Anexo do Juizado de Andradina - UAAJ - CASTILHO;3;1ª Vara Judicial, 2ª Vara Judicial, 3ª Vara Judicial;1ª Vara Judicial, 2ª Vara Judicial, 3ª Vara Judicial
3502200;Angatuba;24022;3502200;Angatuba;2;Entrância Inicial;Rua Públio de Almeida Melo , 832 - Centro, 18240-000;-23.436845924831584;-48.45932817302467;22;22ª Itapetininga;10;10ª Sorocaba;29976;2;Angatuba, Campina do Monte Alegre;17;Alambari, Angatuba, Bofete, Campina do Monte Alegre, Capela do Alto, Capão Bonito, Cesário Lange, Guapiara, Guareí, Itapetininga, Porangaba, Quadra, Ribeirão Grande, Sarapuí, São Miguel Arcanjo, Tatuí, Torre de Pedra;Fórum I Angatuba, Fórum II Angatuba (Residência Oficial);2;Juizado Especial Cível, Vara Judicial;Juizado Especial Cível, Vara Judicial
3502309;Anhembi;5674;3512308;Conchas;0;Entrância Inicial;Av. Gregório Marcos Garcia , 808 - Vila Esporte, 18570-000;-22.9656292866085;-48.047079624246535;23;23ª Botucatu;3;3ª Bauru;29643;3;Anhembi, Conchas, Pereiras;9;Anhembi, Areiópolis, Botucatu, Conchas, Itatinga, Pardinho, Pereiras, Pratânia, São Manuel;;0;;
3502408;Anhumas;4023;3541406;Presidente Prudente;17;Entrância Final;Avenida Coronel José Soares Marcondes , 2201 - Vila Comercial, 19013-050;-21.99318224082918;-51.34313661870564;27;27ª Presidente Prudente;5;5ª Presidente Prudente;264391;5;Alfredo Marcondes, Anhumas, Presidente Prudente, Santo Expedito, Álvares Machado;20;Alfredo Marcondes, Anhumas, Caiabu, Emilianópolis, Estrela do Norte, Iepê, Indiana, Martinópolis, Nantes, Narandiba, Pirapozinho, Presidente Bernardes, Presidente Prudente, Rancharia, Regente Feijó, Sandovalina, Santo Expedito, Taciba, Tarabai, Álvares Machado;;0;;1ª Vara Criminal, 1ª Vara Cível, 1ª Vara da Família e das Sucessões, 1ª Vara das Execuções Criminais, 2ª Vara Criminal, 2ª Vara Cível, 2ª Vara da Família e das Sucessões, 2ª Vara das Execuçõs Criminais, 3ª Vara Criminal, 3ª Vara Cível, 4ª Vara Cível, 5ª Vara Cível, Juizado Especial Cível, Ofício do Juizado Especial Cível, Vara da Fazenda Pública, Vara do Juizado Especial Cível, Vara do Júri e da Infância e da Juventude
3502507;Aparecida;32569;3502507;Aparecida;3;Entrância Inicial;Avenida Padroeira do Brasil , 180 - São Roque, 12573-276;-22.914206366020995;-45.237219519445574;48;48ª Guaratinguetá;9;9ª São José dos Campos;52961;2;Aparecida, Potim;17;Aparecida, Arapeí, Areias, Bananal, Cachoeira Paulista, Canas, Cruzeiro, Cunha, Guaratinguetá, Lavrinhas, Lorena, Piquete, Potim, Queluz, Roseira, Silveiras, São José do Barreiro;Fórum Aparecida;3;1ª Vara Judicial, 2ª Vara Judicial, Juizado Especial Cível e Criminal;1ª Vara Judicial, 2ª Vara Judicial, Juizado Especial Cível e Criminal
3502606;Aparecida d'Oeste;4086;3535200;Palmeira d'Oeste;3;Entrância Inicial;Rua XV de Novembro , 48-71 - centro, 15720-000;-20.438958786474778;-50.74877216380056;55;55ª Jales;2;2ª Araçatuba;17451;4;Aparecida d'Oeste, Marinópolis, Palmeira d'Oeste, São Francisco;23;Aparecida d'Oeste, Aspásia, Auriflama, Dirce Reis, Guzolândia, Jales, Marinópolis, Mesópolis, Nova Canaã Paulista, Palmeira d'Oeste, Paranapuã, Pontalinda, Rubinéia, Santa Albertina, Santa Clara d'Oeste, Santa Fé do Sul, Santa Rita d'Oeste, Santa Salete, Santana da Ponte Pensa, São Francisco, Três Fronteiras, Urânia, Vitória Brasil;;0;;Juizado Especial Cível, Juizado Informal de Conciliação, Vara Judicial
3502705;Apiaí;24585;3502705;Apiaí;0;Entrância Inicial;Praça Francisco Xavier da Rocha , 182 - Centro, 18320-000;-24.421467380540186;-48.817372200286705;49;49ª Itapeva;10;10ª Sorocaba;40624;5;Apiaí, Barra do Chapéu, Itapirapuã Paulista, Itaóca, Ribeira;16;Apiaí, Barra do Chapéu, Barão de Antonina, Bom Sucesso de Itararé, Buri, Itaberá, Itapeva, Itapirapuã Paulista, Itaporanga, Itararé, Itaóca, Nova Campina, Ribeira, Ribeirão Branco, Riversul, Taquarivaí;Fórum Apiaí - Des. Déscio Mendes Pereira;0;;
3502754;Araçariguama;21522;3550605;São Roque;5;Entrância Intermediária;Avenida John Fitzgerald Kennedy , 355 - Centro, 18130-510;-23.548976555477193;-47.10953693220326;19;19ª Sorocaba;10;10ª Sorocaba;101006;2;Araçariguama, São Roque;12;Alumínio, Araçariguama, Araçoiaba da Serra, Ibiúna, Mairinque, Piedade, Pilar do Sul, Salto de Pirapora, Sorocaba, São Roque, Tapiraí, Votorantim;;0;;1ª Vara Cível, 2ª Vara Cível, Juizado Especial Cível e Criminal, Vara Criminal, Vara do Juizado Especial Cível e Criminal
3502804;Araçatuba;200124;3502804;Araçatuba;12;Entrância Final;Rua Cândido Portinari , 975 - Jardim Nova Iorque, 16018-305;-21.113865960040386;-50.57449245668761;36;36ª Araçatuba;2;2ª Araçatuba;208503;2;Araçatuba, Santo Antônio do Aracanguá;26;Alto Alegre, Araçatuba, Avanhandava, Barbosa, Bento de Abreu, Bilac, Birigui, Braúna, Brejo Alegre, Buritama, Clementina, Coroados, Gabriel Monteiro, Glicério, Guararapes, Lourdes, Luiziânia, Penápolis, Piacatu, Planalto, Rubiácea, Santo Antônio do Aracanguá, Santópolis do Aguapeí, Turiúba, Valparaíso, Zacarias;Forum Araçatuba V - Serviço de Atendimento Psicossocial, Forum Araçatuba VI - CEJUSC, Forum Araçatuba VI - TERRENO, Fórum Araçatuba I - PRINCIPAL, Fórum Araçatuba II - VARA DA FAZENDA, Fórum Araçatuba III - DARAJ, Fórum Araçatuba IV - Ofício das Execuções Criminais - DEECRIM, Fórum Araçatuba IV - RESIDÊNCIA OFICIAL;12;1ª Vara Criminal, 1ª Vara Cível, 1ª Vara da Família e das Sucessões, 2ª Vara Criminal, 2ª Vara Cível, 3ª Vara Criminal, 3ª Vara Cível, 4ª Vara Cível, 5ª Vara Cível, Juizado Especial Cível, Vara da Comarca de Araçatuba, Vara da Fazenda Pública;1ª Vara Criminal, 1ª Vara Cível, 1ª Vara da Família e das Sucessões, 2ª Vara Criminal, 2ª Vara Cível, 3ª Vara Criminal, 3ª Vara Cível, 4ª Vara Cível, 5ª Vara Cível, Juizado Especial Cível, Vara da Comarca de Araçatuba, Vara da Fazenda Pública
3502903;Araçoiaba da Serra;32443;3552205;Sorocaba;21;Entrância Final;Rua 28 de outubro , 665 - Alto Boa Vista, 18087-080;-23.464551916584632;-47.44675984401024;19;19ª Sorocaba;10;10ª Sorocaba;756125;2;Araçoiaba da Serra, Sorocaba;12;Alumínio, Araçariguama, Araçoiaba da Serra, Ibiúna, Mairinque, Piedade, Pilar do Sul, Salto de Pirapora, Sorocaba, São Roque, Tapiraí, Votorantim;;0;;1ª Vara Criminal, 1ª Vara Cível, 1ª Vara da Família e das Sucessões, 1ª Vara do Juizado Especial Cível, 2ª Vara Criminal, 2ª Vara Cível, 2ª Vara da Família e das Sucessões, 2ª Vara do Juizado Especial Cível, 3ª Vara Criminal, 3ª Vara Cível, 3ª Vara da Família e das Sucessões, 4ª Vara Criminal, 4ª Vara Cível, 5ª Vara Cível, 6ª Vara Cível, 7ª Vara Cível, Ofício do Juizado Especial Cível, Vara da Fazenda Pública, Vara da Infância e da Juventude, Vara do Juizado Especial Criminal e da Violência Doméstica e Familiar contra a Mulher, Vara do Júri e Execuções Criminais
3503000;Aramina;5420;3520103;Igarapava;2;Entrância Inicial;Rua Capitão Antonio Augusto Maciel , 130 - centro, 14540-000;-20.06367174562095;-47.68247017338765;40;40ª Ituverava;6;6ª Ribeirão Preto;35988;3;Aramina, Buritizal, Igarapava;8;Aramina, Buritizal, Guará, Igarapava, Ipuã, Ituverava, Miguelópolis, São Joaquim da Barra;;0;;Juizado Especial Cível e Criminal, Vara
3503109;Arandu;6885;3504503;Avaré;5;Entrância Final;Rua: ABILIO GARCIA , 527 - Vila Jussara Maria, 18706-040;-23.07520383487069;-48.89401022320111;24;24ª Avaré;3;3ª Bauru;99690;2;Arandu, Avaré;11;Arandu, Avaré, Cerqueira César, Coronel Macedo, Fartura, Iaras, Itaí, Paranapanema, Taguaí, Taquarituba, Águas de Santa Bárbara;;0;;1ª Vara Criminal, 1ª Vara Cível, 2ª Vara Criminal, 2ª Vara Cível, Vara do Juizado Especial Cível e Criminal
3503158;Arapeí;2330;3504909;Bananal;2;Entrância Inicial;Praça Rubião Jr. 305 , 305 - Centro, 12850-000;-22.733833474129572;-44.334507607857255;48;48ª Guaratinguetá;9;9ª São José dos Campos;16152;3;Arapeí, Bananal, São José do Barreiro;17;Aparecida, Arapeí, Areias, Bananal, Cachoeira Paulista, Canas, Cruzeiro, Cunha, Guaratinguetá, Lavrinhas, Lorena, Piquete, Potim, Queluz, Roseira, Silveiras, São José do Barreiro;;0;;Juizado Especial Cível, Vara Judicial
3503208;Araraquara;242228;3503208;Araraquara;16;Entrância Final;Av. D.  Pedro  II , 764 - Centro, 14801-040;-21.79163084888198;-48.181323820515914;13;13ª Araraquara;6;6ª Ribeirão Preto;256241;3;Araraquara, Gavião Peixoto, Nova Europa;14;Américo Brasiliense, Araraquara, Borborema, Dobrada, Gavião Peixoto, Iacanga, Ibitinga, Itápolis, Matão, Motuca, Nova Europa, Rincão, Santa Lúcia, Tabatinga;Fórum Araraquara II - Vara da Infância e da Juventude, Fórum Araraquara III - (CEJUSC), Fórum Juiz Macedo Couto;16;1ª Vara Criminal, 1ª Vara Cível, 1ª Vara da Família e das Sucessões, 2ª Vara Criminal, 2ª Vara Cível, 2ª Vara da Família e das Sucessões, 3ª Vara Criminal, 3ª Vara Cível, 4ª Vara Cível, 5ª Vara Cível, da Juventude e do Idoso, Ofício do Juizado Especial Cível, Vara da Fazenda Pública, Vara da Infância, Vara de Execuções Criminais, Vara do Juizado Especial Cível;1ª Vara Criminal, 1ª Vara Cível, 1ª Vara da Família e das Sucessões, 2ª Vara Criminal, 2ª Vara Cível, 2ª Vara da Família e das Sucessões, 3ª Vara Criminal, 3ª Vara Cível, 4ª Vara Cível, 5ª Vara Cível, da Juventude e do Idoso, Ofício do Juizado Especial Cível, Vara da Fazenda Pública, Vara da Infância, Vara de Execuções Criminais, Vara do Juizado Especial Cível
3503307;Araras;130866;3503307;Araras;6;Entrância Intermediária;Av. Zurita , 681 - Jardim Belvedere, 00000-000;-22.34616229340955;-47.32385729530246;10;10ª Limeira;4;4ª Campinas;130866;1;Araras;4;Araras, Cordeirópolis, Iracemápolis, Limeira;Forum Araras II - ANEXO FISCAL, Fórum Araras - (Des.Manoel Carlos  da Costa Leite), Fórum Araras III (CEJUSC na Universidade de Araras - UNAR), Fórum Araras IV (CEJUSC), Fórum Araras V - (Anexo da Violência Doméstica);6;1ª Vara Cível, 2ª Vara Cível, 3ª Vara Cível, Ofício do Juizado Especial Cível e Criminal, Vara Criminal, Vara do Juizado Especial Cível e Criminal;1ª Vara Cível, 2ª Vara Cível, 3ª Vara Cível, Ofício do Juizado Especial Cível e Criminal, Vara Criminal, Vara do Juizado Especial Cível e Criminal
3503356;Arco-Íris;2044;3555000;Tupã;5;Entrância Final;Rua Nhambiquaras , 1731 - centro, 17600-060;-21.947277997451096;-50.53461790893955;30;30ª Tupã;5;5ª Presidente Prudente;87621;5;Arco-Íris, Herculândia, Queiroz, Rinópolis, Tupã;17;Adamantina, Arco-Íris, Bastos, Flórida Paulista, Herculândia, Iacri, Inúbia Paulista, Lucélia, Mariápolis, Osvaldo Cruz, Parapuã, Pracinha, Queiroz, Rinópolis, Sagres, Salmourão, Tupã;;0;;1ª Vara Cível, 2ª Vara Cível, 3ª Vara Cível, Juizado Especial Cível, Vara Criminal
3503406;Arealva;8130;3506003;Bauru;16;Entrância Final;Rua Afonso Pena , 5-40 - Bela Vista, 17060-900;-22.253995421795278;-49.12613527219807;32;32ª Bauru;3;3ª Bauru;391759;3;Arealva, Avaí, Bauru;18;Agudos, Arealva, Avaí, Balbinos, Bauru, Borebi, Cabrália Paulista, Duartina, Lençóis Paulista, Lucianópolis, Paulistânia, Pirajuí, Piratininga, Pongaí, Presidente Alves, Reginópolis, Ubirajara, Uru;;0;;1ª Vara Criminal, 1ª Vara Cível, 1ª Vara da Família e das Sucessões, 1ª Vara do Juizado Especial Cível, 1º Ofício do Juizado Especial Cível, 2ª Vara Criminal, 2ª Vara Cível, 2ª Vara da Família e das Sucessões, 3ª Vara Criminal, 3ª Vara Cível, 4ª Vara Criminal, 4ª Vara Cível, 5ª Vara Cível, 6ª Vara Cível, 7ª Vara Cível, Vara da Infância e Juventude
3503505;Areias;3577;3541901;Queluz;2;Entrância Inicial;Praça Portugal , 174 - Centro, 12800-000;-22.50424620010594;-44.78528819456312;48;48ª Guaratinguetá;9;9ª São José dos Campos;12736;2;Areias, Queluz;17;Aparecida, Arapeí, Areias, Bananal, Cachoeira Paulista, Canas, Cruzeiro, Cunha, Guaratinguetá, Lavrinhas, Lorena, Piquete, Potim, Queluz, Roseira, Silveiras, São José do Barreiro;;0;;Juizado Especial Cível, Vara Judicial
3503604;Areiópolis;10130;3550100;São Manuel;1;Entrância Inicial;Rua Ettore Targa , s/nº - Centro, 18652330;-22.682250849603978;-48.54043524992775;23;23ª Botucatu;3;3ª Bauru;52545;3;Areiópolis, Pratânia, São Manuel;9;Anhembi, Areiópolis, Botucatu, Conchas, Itatinga, Pardinho, Pereiras, Pratânia, São Manuel;;0;;1º Vara Judicial
3503703;Ariranha;7602;3545605;Santa Adélia;4;Entrância Inicial;Praça Doutor Adhemar de Barros , 255 - Centro, 15950-000;-21.317775593689618;-48.819015715892654;15;15ª Catanduva;8;8ª São José do Rio Preto;31270;3;Ariranha, Palmares Paulista, Santa Adélia;16;Ariranha, Catanduva, Catiguá, Elisiário, Ibirá, Irapuã, Itajobi, Marapoama, Novais, Novo Horizonte, Palmares Paulista, Pindorama, Sales, Santa Adélia, Tabapuã, Urupês;;0;;Juizado Especial Criminal, Juizado Especial Cível, Ofício Judicial da Vara Única da Comarca, Vara Judicial
3503802;Artur Nogueira;51456;3503802;Artur Nogueira;0;Entrância Intermediária;Rua 13 de Maio , 140/150 - Centro, 13160-170;-22.561187581845694;-47.13215681444314;7;7ª Mogi Mirim;4;4ª Campinas;86116;3;Artur Nogueira, Engenheiro Coelho, Holambra;8;Artur Nogueira, Conchal, Engenheiro Coelho, Estiva Gerbi, Holambra, Itapira, Mogi Guaçu, Mogi Mirim;Fórum Artur Nogueira, Fórum Artur Nogueira (CEJUSC);0;;
3503901;Arujá;86678;3503901;Arujá;1;Entrância Intermediária;Rua Albino Rodrigues Neves , 610 - Center Ville, 07401125;-23.38600696697974;-46.31903500298811;44;44ª Guarulhos;1;1ª Grande São Paulo;86678;1;Arujá;5;Arujá, Guarulhos, Igaratá, Mairiporã, Santa Isabel;Forum Arujá III (Setor Técnico), Fórum Arujá II, Fórum Arujá IV - Execuções Fiscais, Fórum Arujá IV - Juizado Especial, Fórum Arujá V (Salão do Júri), Fórum Arujá VI - Juizado Especial Cível e Criminal, Fórum Arujá VII - Deposito de Material e Arquivo de Processos, Fórum Arujá VIII - Cejusc, Fórum Fernando de Albuquerque Prado;1;1ª Vara Judicial;1ª Vara Judicial
3503950;Aspásia;1842;3555802;Urânia;2;Entrância Inicial;Avenida Barão do Rio Branco , 818 - Centro, 15760-000;-20.20893696772616;-50.652530592659005;55;55ª Jales;2;2ª Araçatuba;12320;3;Aspásia, Santa Salete, Urânia;23;Aparecida d'Oeste, Aspásia, Auriflama, Dirce Reis, Guzolândia, Jales, Marinópolis, Mesópolis, Nova Canaã Paulista, Palmeira d'Oeste, Paranapuã, Pontalinda, Rubinéia, Santa Albertina, Santa Clara d'Oeste, Santa Fé do Sul, Santa Rita d'Oeste, Santa Salete, Santana da Ponte Pensa, São Francisco, Três Fronteiras, Urânia, Vitória Brasil;;0;;Juizado Especial Cível, Vara Judicial
3504008;Assis;101409;3504008;Assis;8;Entrância Final;Rua Doutor Lício Brandão de Camargo , 50 - Vila Clementina, 19802-300;-22.60173299588268;-50.42076115506051;26;26ª Assis;5;5ª Presidente Prudente;126347;4;Assis, Echaporã, Florínia, Tarumã;18;Assis, Borá, Campos Novos Paulista, Cruzália, Cândido Mota, Echaporã, Florínia, Ibirarema, João Ramalho, Lutécia, Maracaí, Oscar Bressane, Palmital, Paraguaçu Paulista, Pedrinhas Paulista, Platina, Quatá, Tarumã;Fórum Assis  (Depósito) [Desativado], Fórum Assis I - Dr. José Claudino de Oliveira Dias, Fórum Assis II - (Vara da Fazenda Pública), Fórum Assis III - (Juizado Especial Cível e Criminal), Fórum Assis IV - (CEJUSC - ACIA), Fórum Assis V - (CEJUSC - UNIP), Fórum Assis V - (Depósito);8;1ª Vara Criminal, 1ª Vara Cível, 2ª Vara Criminal e do Juizado de Violência Doméstica e Familiar contra a Mulher, 2ª Vara Cível, 3ª Vara Cível, Corregedoria dos Presídios e da Polícia Judiciária, Seção Processual I e II, Vara da Família e das Sucessões;1ª Vara Criminal, 1ª Vara Cível, 2ª Vara Criminal e do Juizado de Violência Doméstica e Familiar contra a Mulher, 2ª Vara Cível, 3ª Vara Cível, Corregedoria dos Presídios e da Polícia Judiciária, Seção Processual I e II, Vara da Família e das Sucessões
3504107;Atibaia;158647;3504107;Atibaia;9;Entrância Final;Rua Bartolomeu Peranovich , 200 - Centro, 12940-610;-23.123277247572176;-46.58678903900698;6;6ª Bragança Paulista;4;4ª Campinas;158647;1;Atibaia;11;Atibaia, Bom Jesus dos Perdões, Bragança Paulista, Jarinu, Joanópolis, Nazaré Paulista, Pedra Bela, Pinhalzinho, Piracaia, Tuiuti, Vargem;"CEJUSC Atibaia, Fórum ""Dr. Álvaro Correia Lima"", Fórum Atibaia (DESOCUPADO), Fórum Atibaia II (Devolvido a partir de 17.12.2021)";9;1ª Vara Criminal, 1ª Vara Cível, 2ª Vara Criminal, 2ª Vara Cível, 3ª Vara Criminal, 3ª Vara Cível, 4ª Vara Cível, Juizado Especial Cível e Criminal, Vara do Juizado Especial Cível e Criminal;1ª Vara Criminal, 1ª Vara Cível, 2ª Vara Criminal, 2ª Vara Cível, 3ª Vara Criminal, 3ª Vara Cível, 4ª Vara Cível, Juizado Especial Cível e Criminal, Vara do Juizado Especial Cível e Criminal
3504206;Auriflama;13692;3504206;Auriflama;2;Entrância Inicial;Rua Doutor Márcio da Mata Bianco , 52/25 - centro, 15350-000;-20.64414566579949;-50.579955333538045;55;55ª Jales;2;2ª Araçatuba;17938;2;Auriflama, Guzolândia;23;Aparecida d'Oeste, Aspásia, Auriflama, Dirce Reis, Guzolândia, Jales, Marinópolis, Mesópolis, Nova Canaã Paulista, Palmeira d'Oeste, Paranapuã, Pontalinda, Rubinéia, Santa Albertina, Santa Clara d'Oeste, Santa Fé do Sul, Santa Rita d'Oeste, Santa Salete, Santana da Ponte Pensa, São Francisco, Três Fronteiras, Urânia, Vitória Brasil;Fórum Auriflama - (Ministro Domingos Franciulli Neto);2;Juizado Especial Cível, Vara Judicial;Juizado Especial Cível, Vara Judicial
3504305;Avaí;4483;3506003;Bauru;16;Entrância Final;Rua Afonso Pena , 5-40 - Bela Vista, 17060-900;-22.253995421795278;-49.12613527219807;32;32ª Bauru;3;3ª Bauru;391759;3;Arealva, Avaí, Bauru;18;Agudos, Arealva, Avaí, Balbinos, Bauru, Borebi, Cabrália Paulista, Duartina, Lençóis Paulista, Lucianópolis, Paulistânia, Pirajuí, Piratininga, Pongaí, Presidente Alves, Reginópolis, Ubirajara, Uru;;0;;1ª Vara Criminal, 1ª Vara Cível, 1ª Vara da Família e das Sucessões, 1ª Vara do Juizado Especial Cível, 1º Ofício do Juizado Especial Cível, 2ª Vara Criminal, 2ª Vara Cível, 2ª Vara da Família e das Sucessões, 3ª Vara Criminal, 3ª Vara Cível, 4ª Vara Criminal, 4ª Vara Cível, 5ª Vara Cível, 6ª Vara Cível, 7ª Vara Cível, Vara da Infância e Juventude
3504404;Avanhandava;11263;3537305;Penápolis;5;Entrância Intermediária;Praça Doutor Carlos Sampaio Filho , 190 - Centro, 16300-000;-21.405402830387295;-50.0956961896093;36;36ª Araçatuba;2;2ª Araçatuba;96618;7;Alto Alegre, Avanhandava, Barbosa, Braúna, Glicério, Luiziânia, Penápolis;26;Alto Alegre, Araçatuba, Avanhandava, Barbosa, Bento de Abreu, Bilac, Birigui, Braúna, Brejo Alegre, Buritama, Clementina, Coroados, Gabriel Monteiro, Glicério, Guararapes, Lourdes, Luiziânia, Penápolis, Piacatu, Planalto, Rubiácea, Santo Antônio do Aracanguá, Santópolis do Aguapeí, Turiúba, Valparaíso, Zacarias;;0;;1ª Vara Judicial, 2ª Vara Judicial, 3ª Vara Judicial, 4ª Vara Judicial, Vara do Juizado Especial Cível e Criminal
3504503;Avaré;92805;3504503;Avaré;5;Entrância Final;Rua: ABILIO GARCIA , 527 - Vila Jussara Maria, 18706-040;-23.07520383487069;-48.89401022320111;24;24ª Avaré;3;3ª Bauru;99690;2;Arandu, Avaré;11;Arandu, Avaré, Cerqueira César, Coronel Macedo, Fartura, Iaras, Itaí, Paranapanema, Taguaí, Taquarituba, Águas de Santa Bárbara;Desocupado, Fórum Avaré - I, Fórum Avaré - II (CEJUSC), Z-Fórum Avaré (Desativado);5;1ª Vara Criminal, 1ª Vara Cível, 2ª Vara Criminal, 2ª Vara Cível, Vara do Juizado Especial Cível e Criminal;1ª Vara Criminal, 1ª Vara Cível, 2ª Vara Criminal, 2ª Vara Cível, Vara do Juizado Especial Cível e Criminal
3504602;Bady Bassitt;27260;3549805;São José do Rio Preto;7;Entrância Final;Rua Marechal Deodoro da Fonseca , 3036 - Centro, 15010-902;-20.7972300873495;-49.35810215162149;16;16ª São José do Rio Preto;8;8ª São José do Rio Preto;559137;6;Bady Bassitt, Cedral, Guapiaçu, Ipiguá, São José do Rio Preto, Uchoa;33;Adolfo, Américo de Campos, Bady Bassitt, Bálsamo, Cedral, Cosmorama, Guapiaçu, Icém, Ipiguá, Jaci, José Bonifácio, Macaubal, Mendonça, Mirassol, Mirassolândia, Monte Aprazível, Neves Paulista, Nipoã, Nova Aliança, Nova Granada, Onda Verde, Orindiúva, Palestina, Paulo de Faria, Poloni, Potirendaba, Riolândia, Sebastianópolis do Sul, São José do Rio Preto, Tanabi, Ubarana, Uchoa, União Paulista;;0;;1ª Vara Criminal, 2ª Vara Criminal, 3ª Vara Criminal, 4ª Vara Criminal, 5ª Vara Criminal, Vara de Execuções Criminais, Vara do DEECRIM
3504701;Balbinos;3887;3538907;Pirajuí;3;Entrância Inicial;Praça Doutor Pedro da Rocha Braga , 43 - Centro, 16600-041;-21.957602612247964;-49.413609857419374;32;32ª Bauru;3;3ª Bauru;42566;6;Balbinos, Pirajuí, Pongaí, Presidente Alves, Reginópolis, Uru;18;Agudos, Arealva, Avaí, Balbinos, Bauru, Borebi, Cabrália Paulista, Duartina, Lençóis Paulista, Lucianópolis, Paulistânia, Pirajuí, Piratininga, Pongaí, Presidente Alves, Reginópolis, Ubirajara, Uru;;0;;1ª Vara Judicial, 2ª Vara Judicial, Juizado Especial Cível
3504800;Bálsamo;9596;3530300;Mirassol;4;Entrância Intermediária;Rua São Sebastião , 19-39 - Centro, 15130-000;-20.82764541913081;-49.504245734667414;16;16ª São José do Rio Preto;8;8ª São José do Rio Preto;85215;4;Bálsamo, Jaci, Mirassol, Mirassolândia;33;Adolfo, Américo de Campos, Bady Bassitt, Bálsamo, Cedral, Cosmorama, Guapiaçu, Icém, Ipiguá, Jaci, José Bonifácio, Macaubal, Mendonça, Mirassol, Mirassolândia, Monte Aprazível, Neves Paulista, Nipoã, Nova Aliança, Nova Granada, Onda Verde, Orindiúva, Palestina, Paulo de Faria, Poloni, Potirendaba, Riolândia, Sebastianópolis do Sul, São José do Rio Preto, Tanabi, Ubarana, Uchoa, União Paulista;;0;;1ª Vara Judicial, 2ª Vara Judicial, 3ª Vara Judicial, Assistente Judiciário da 1ª Vara Judicial
3504909;Bananal;9969;3504909;Bananal;2;Entrância Inicial;Praça Rubião Jr. 305 , 305 - Centro, 12850-000;-22.733833474129572;-44.334507607857255;48;48ª Guaratinguetá;9;9ª São José dos Campos;16152;3;Arapeí, Bananal, São José do Barreiro;17;Aparecida, Arapeí, Areias, Bananal, Cachoeira Paulista, Canas, Cruzeiro, Cunha, Guaratinguetá, Lavrinhas, Lorena, Piquete, Potim, Queluz, Roseira, Silveiras, São José do Barreiro;DR JOSÉ RANGEL DE ALMEIDA;2;Juizado Especial Cível, Vara Judicial;Juizado Especial Cível, Vara Judicial
3505005;Barão de Antonina;3531;3522802;Itaporanga;2;Entrância Inicial;Avenida Santa Cruz , 59 - Centro, 18480-000;-23.672943964016543;-49.458483351562634;49;49ª Itapeva;10;10ª Sorocaba;23215;3;Barão de Antonina, Itaporanga, Riversul;16;Apiaí, Barra do Chapéu, Barão de Antonina, Bom Sucesso de Itararé, Buri, Itaberá, Itapeva, Itapirapuã Paulista, Itaporanga, Itararé, Itaóca, Nova Campina, Ribeira, Ribeirão Branco, Riversul, Taquarivaí;;0;;Juizado Especial Cível e Criminal, Vara Única
3505104;Barbosa;5640;3537305;Penápolis;5;Entrância Intermediária;Praça Doutor Carlos Sampaio Filho , 190 - Centro, 16300-000;-21.405402830387295;-50.0956961896093;36;36ª Araçatuba;2;2ª Araçatuba;96618;7;Alto Alegre, Avanhandava, Barbosa, Braúna, Glicério, Luiziânia, Penápolis;26;Alto Alegre, Araçatuba, Avanhandava, Barbosa, Bento de Abreu, Bilac, Birigui, Braúna, Brejo Alegre, Buritama, Clementina, Coroados, Gabriel Monteiro, Glicério, Guararapes, Lourdes, Luiziânia, Penápolis, Piacatu, Planalto, Rubiácea, Santo Antônio do Aracanguá, Santópolis do Aguapeí, Turiúba, Valparaíso, Zacarias;;0;;1ª Vara Judicial, 2ª Vara Judicial, 3ª Vara Judicial, 4ª Vara Judicial, Vara do Juizado Especial Cível e Criminal
3505203;Bariri;31595;3505203;Bariri;0;Entrância Inicial;Avenida Claudionor Barbieri nº 488 ,  - Centro, 17250-027;-22.066797210325753;-48.71882912121642;33;33ª Jaú;3;3ª Bauru;35213;2;Bariri, Itaju;12;Bariri, Barra Bonita, Bocaina, Boracéia, Dois Córregos, Igaraçu do Tietê, Itaju, Itapuí, Jaú, Macatuba, Mineiros do Tietê, Pederneiras;"FORUM ""DR. JOAQUIM FERNANDO PAES DE BARROS NETTO"", Fórum Bariri II, Residência Oficial - cedida para Prefeitura Municipal de Bariri-19ª Zona Eleitor";0;;
3505302;Barra Bonita;34346;3505302;Barra Bonita;3;Entrância Inicial;Rua Prudente de Moraes - Praça Emydio Meira , 520 - Jardim Vista Alegre, 17340-102;-22.479482493867387;-48.54175633797272;33;33ª Jaú;3;3ª Bauru;57452;2;Barra Bonita, Igaraçu do Tietê;12;Bariri, Barra Bonita, Bocaina, Boracéia, Dois Córregos, Igaraçu do Tietê, Itaju, Itapuí, Jaú, Macatuba, Mineiros do Tietê, Pederneiras;Fórum I Barra Bonita, Fórum II Barra Bonita (CEJUSC);3;1ª Vara Judicial, 2ª Vara Judicial, Juizado Especial Cível e Criminal;1ª Vara Judicial, 2ª Vara Judicial, Juizado Especial Cível e Criminal
3505351;Barra do Chapéu;5179;3502705;Apiaí;0;Entrância Inicial;Praça Francisco Xavier da Rocha , 182 - Centro, 18320-000;-24.421467380540186;-48.817372200286705;49;49ª Itapeva;10;10ª Sorocaba;40624;5;Apiaí, Barra do Chapéu, Itapirapuã Paulista, Itaóca, Ribeira;16;Apiaí, Barra do Chapéu, Barão de Antonina, Bom Sucesso de Itararé, Buri, Itaberá, Itapeva, Itapirapuã Paulista, Itaporanga, Itararé, Itaóca, Nova Campina, Ribeira, Ribeirão Branco, Riversul, Taquarivaí;;0;;
3505401;Barra do Turvo;6876;3524600;Jacupiranga;3;Entrância Inicial;Avenida Presidente Kennedy , 299 - Centro, 11940-000;-24.777362691455508;-48.05387553699498;21;21ª Registro;7;7ª Santos;51488;3;Barra do Turvo, Cajati, Jacupiranga;13;Barra do Turvo, Cajati, Cananéia, Eldorado, Iguape, Ilha Comprida, Iporanga, Jacupiranga, Juquiá, Miracatu, Pariquera-Açu, Registro, Sete Barras;;0;;1ª Vara Judicial, 2ª Vara Judicial, Juizado Especial Cível e Criminal
3505500;Barretos;122485;3505500;Barretos;6;Entrância Final;Rua 14 , 643 - Centro, 14780-040;-20.514159236060067;-48.65194625103642;14;14ª Barretos;8;8ª São José do Rio Preto;129114;2;Barretos, Colômbia;16;Altair, Barretos, Bebedouro, Cajobi, Colina, Colômbia, Embaúba, Guaraci, Guaíra, Jaborandi, Monte Azul Paulista, Olímpia, Paraíso, Severínia, Terra Roxa, Viradouro;Fórum Barretos - Prédio II (Cejusc e Colégio Recursal), Fórum I Barretos, Fórum III Barretos (Anexo do Juizado Especial Cível - UNIFEB);6;1ª Vara Criminal, 1ª Vara Cível, 2ª Vara Criminal, 2ª Vara Cível, 3ª Vara Cível, Juizado Especial Cível e Criminal - Ofício;1ª Vara Criminal, 1ª Vara Cível, 2ª Vara Criminal, 2ª Vara Cível, 3ª Vara Cível, Juizado Especial Cível e Criminal - Ofício
3505609;Barrinha;32092;3551702;Sertãozinho;6;Entrância Final;Avenida Pedro Strini , 71 - Jd. América, 14160-260;-21.12291489152417;-48.00888267356239;41;41ª Ribeirão Preto;6;6ª Ribeirão Preto;168450;3;Barrinha, Dumont, Sertãozinho;16;Barrinha, Cajuru, Cravinhos, Cássia dos Coqueiros, Dumont, Guatapará, Jardinópolis, Luís Antônio, Pontal, Ribeirão Preto, Santa Cruz da Esperança, Santa Rosa de Viterbo, Serra Azul, Serrana, Sertãozinho, São Simão;;0;;1ª Vara Criminal, 1ª Vara Cível, 2ª Vara Cível, 3ª Vara Cível, Oficio do Juizado Especial Cível e Criminal, Vara do Juizado Especial Cível e Criminal
3505708;Barueri;316473;3505708;Barueri;0;Entrância Final;Rua Ministro Raphael de Barros Monteiro , 110 - Jardim dos Camargos, 06410080;-23.50528114474725;-46.87726226167946;4;4ª Osasco;1;1ª Grande São Paulo;316473;1;Barueri;6;Barueri, Carapicuíba, Jandira, Osasco, Pirapora do Bom Jesus, Santana de Parnaíba;Fórum Barueri - (Anexo Fiscal) - Desativado, Fórum Barueri - (Principal) - Desativado, Fórum Barueri II - (CEJUSC), Fórum Barueri III - (Juizado Especial Cível Digital), Fórum Barueri i - (Prédio Novo);0;;
3505807;Bastos;21503;3505807;Bastos;0;Entrância Inicial;Rua XV de Novembro , 50 - Jardim Hikari, 17690-000;-21.950215380270784;-50.74398556525667;30;30ª Tupã;5;5ª Presidente Prudente;27634;2;Bastos, Iacri;17;Adamantina, Arco-Íris, Bastos, Flórida Paulista, Herculândia, Iacri, Inúbia Paulista, Lucélia, Mariápolis, Osvaldo Cruz, Parapuã, Pracinha, Queiroz, Rinópolis, Sagres, Salmourão, Tupã;Foro da Comarca de Bastos, Fórum Bastos [desativado];0;;
3505906;Batatais;58402;3505906;Batatais;3;Entrância Final;Praça Doutor José Arantes Junqueira , 01 - Centro, 14300-023;-20.867797330288386;-47.57474915267476;39;39ª Batatais;6;6ª Ribeirão Preto;58402;1;Batatais;8;Altinópolis, Batatais, Brodowski, Morro Agudo, Nuporanga, Orlândia, Sales Oliveira, Santo Antônio da Alegria;Fórum Batatais, Fórum Batatais II - Juizado Especial Cível e Criminal, Fórum Batatais III - CEJUSC;3;1ª Vara Cível, 2ª Vara Cível, Vara Criminal;1ª Vara Cível, 2ª Vara Cível, Vara Criminal
3506003;Bauru;379146;3506003;Bauru;16;Entrância Final;Rua Afonso Pena , 5-40 - Bela Vista, 17060-900;-22.253995421795278;-49.12613527219807;32;32ª Bauru;3;3ª Bauru;391759;3;Arealva, Avaí, Bauru;18;Agudos, Arealva, Avaí, Balbinos, Bauru, Borebi, Cabrália Paulista, Duartina, Lençóis Paulista, Lucianópolis, Paulistânia, Pirajuí, Piratininga, Pongaí, Presidente Alves, Reginópolis, Ubirajara, Uru;Fórum Bauru I - (Principal), Fórum Bauru II - Fazenda Pública e Família e Sucessões, Fórum Bauru III - Execuções Criminais, Fórum Bauru IV - DARAJ - COLÉGIO RECURSAL - SAS - IMESC - DEECRIM - Aud.Custódia, Fórum Bauru V - Psicossocial, Fórum Bauru VI - CEJUSC, Fórum Bauru VII - (Prédio Cedido), Fórum Bauru VIII - (Prédio Cedido);16;1ª Vara Criminal, 1ª Vara Cível, 1ª Vara da Família e das Sucessões, 1ª Vara do Juizado Especial Cível, 1º Ofício do Juizado Especial Cível, 2ª Vara Criminal, 2ª Vara Cível, 2ª Vara da Família e das Sucessões, 3ª Vara Criminal, 3ª Vara Cível, 4ª Vara Criminal, 4ª Vara Cível, 5ª Vara Cível, 6ª Vara Cível, 7ª Vara Cível, Vara da Infância e Juventude;1ª Vara Criminal, 1ª Vara Cível, 1ª Vara da Família e das Sucessões, 1ª Vara do Juizado Especial Cível, 1º Ofício do Juizado Especial Cível, 2ª Vara Criminal, 2ª Vara Cível, 2ª Vara da Família e das Sucessões, 3ª Vara Criminal, 3ª Vara Cível, 4ª Vara Criminal, 4ª Vara Cível, 5ª Vara Cível, 6ª Vara Cível, 7ª Vara Cível, Vara da Infância e Juventude
3506102;Bebedouro;76373;3506102;Bebedouro;4;Entrância Intermediária;Rua Professor Orlando França de Carvalho , 325 - Centro, 14701-070;-20.940469192385677;-48.51075039691421;14;14ª Barretos;8;8ª São José do Rio Preto;76373;1;Bebedouro;16;Altair, Barretos, Bebedouro, Cajobi, Colina, Colômbia, Embaúba, Guaraci, Guaíra, Jaborandi, Monte Azul Paulista, Olímpia, Paraíso, Severínia, Terra Roxa, Viradouro;Fórum Bebedouro (Anexo do Juizado Especial - UNIFAFIBE), Fórum Bebedouro (Juizado Especial), Fórum Bebedouro (Residência Oficial), Fórum Bebedouro - Desembargador Adriano Marrey;4;1º Vara Judicial, 2ª Vara Judicial, 3ª Vara Judicial, Ofício Juizado Especial Civel e Criminal;1º Vara Judicial, 2ª Vara Judicial, 3ª Vara Judicial, Ofício Juizado Especial Civel e Criminal
3506201;Bento de Abreu;2606;3556305;Valparaíso;1;Entrância Inicial;Rua Padre Mauro Eduardo , s/n - Centro, 16880-000;-21.203091918979574;-50.92385983239317;36;36ª Araçatuba;2;2ª Araçatuba;26847;2;Bento de Abreu, Valparaíso;26;Alto Alegre, Araçatuba, Avanhandava, Barbosa, Bento de Abreu, Bilac, Birigui, Braúna, Brejo Alegre, Buritama, Clementina, Coroados, Gabriel Monteiro, Glicério, Guararapes, Lourdes, Luiziânia, Penápolis, Piacatu, Planalto, Rubiácea, Santo Antônio do Aracanguá, Santópolis do Aguapeí, Turiúba, Valparaíso, Zacarias;;0;;1ª Vara Judicial
3506300;Bernardino de Campos;11607;3520905;Ipaussu;1;Entrância Inicial;Praça Doutor Breno Noronha , 374 - centro, 18950-024;-23.06511608894677;-49.60812881400034;25;25ª Ourinhos;3;3ª Bauru;25319;2;Bernardino de Campos, Ipaussu;16;Bernardino de Campos, Canitar, Chavantes, Espírito Santo do Turvo, Ipaussu, Manduri, Ourinhos, Piraju, Ribeirão do Sul, Salto Grande, Santa Cruz do Rio Pardo, Sarutaiá, São Pedro do Turvo, Tejupá, Timburi, Óleo;;0;;Vara Judicial
3506359;Bertioga;64188;3506359;Bertioga;1;Entrância Inicial;Avenida Anchieta , 162/192 - Centro, 11250-039;-23.759745361741807;-46.02999978005262;1;1ª Santos;7;7ª Santos;64188;1;Bertioga;6;Bertioga, Cubatão, Guarujá, Praia Grande, Santos, São Vicente;Fórum da Comarca de Bertioga;1;1ª Vara Judicial;1ª Vara Judicial
3506409;Bilac;7319;3506409;Bilac;2;Entrância Inicial;Praça Oswaldo Martins , 200 - Centro, 00000000;-21.427784634718797;-50.479257524885895;36;36ª Araçatuba;2;2ª Araçatuba;15601;3;Bilac, Gabriel Monteiro, Piacatu;26;Alto Alegre, Araçatuba, Avanhandava, Barbosa, Bento de Abreu, Bilac, Birigui, Braúna, Brejo Alegre, Buritama, Clementina, Coroados, Gabriel Monteiro, Glicério, Guararapes, Lourdes, Luiziânia, Penápolis, Piacatu, Planalto, Rubiácea, Santo Antônio do Aracanguá, Santópolis do Aguapeí, Turiúba, Valparaíso, Zacarias;Fórum Bilac (Residência Oficial), Fórum da Comarca de Bilac - (Coriolano Pompeu Filho);2;Juizado Especial Cível e Criminal, Vara Judicial;Juizado Especial Cível e Criminal, Vara Judicial
3506508;Birigui;118979;3506508;Birigui;8;Entrância Intermediária;Rua Faustino Segura , 214 - Parque São Vicente, 16200-370;-21.261609517109836;-50.350988803811;36;36ª Araçatuba;2;2ª Araçatuba;137825;5;Birigui, Brejo Alegre, Clementina, Coroados, Santópolis do Aguapeí;26;Alto Alegre, Araçatuba, Avanhandava, Barbosa, Bento de Abreu, Bilac, Birigui, Braúna, Brejo Alegre, Buritama, Clementina, Coroados, Gabriel Monteiro, Glicério, Guararapes, Lourdes, Luiziânia, Penápolis, Piacatu, Planalto, Rubiácea, Santo Antônio do Aracanguá, Santópolis do Aguapeí, Turiúba, Valparaíso, Zacarias;Fórum I Birigüi, Fórum II Birigui (Depósito);8;1ª Vara Criminal, 1ª Vara Cível, 2ª Vara Criminal, 2ª Vara Cível, 3ª Vara Cível, Criminal e da Fazenda Pública, Juizado Especial Cível, Ofício do Juizado Especial Cível e Criminal;1ª Vara Criminal, 1ª Vara Cível, 2ª Vara Criminal, 2ª Vara Cível, 3ª Vara Cível, Criminal e da Fazenda Pública, Juizado Especial Cível, Ofício do Juizado Especial Cível e Criminal
3506607;Biritiba-Mirim;29683;3530607;Mogi das Cruzes;10;Entrância Final;Avenida Capitão Manoel Rudge , 474 - Parque Monte Líbano, 08780-290;-23.569571123578427;-46.186058159649434;45;45ª Mogi das Cruzes;1;1ª Grande São Paulo;481188;2;Biritiba-Mirim, Mogi das Cruzes;7;Biritiba-Mirim, Ferraz de Vasconcelos, Guararema, Itaquaquecetuba, Mogi das Cruzes, Poá, Suzano;;0;;1ª Vara Cível, 2ª Vara Cível, 3ª Vara Cível, 4ª Vara Cível, 5ª Vara Cível, Juizado Especial Criminal, Juizado Especial Cível, Vara da Fazenda Pública, Vara da Infância e Juventude, Vara do Juizado Cível e Criminal
3506706;Boa Esperança do Sul;12978;3542909;Ribeirão Bonito;2;Entrância Inicial;Rua Governador Pedro de Toledo , 231 - Centro, 13580-000;-22.06011102031761;-48.185333754630705;12;12ª São Carlos;6;6ª Ribeirão Preto;33745;4;Boa Esperança do Sul, Dourado, Ribeirão Bonito, Trabiju;7;Boa Esperança do Sul, Descalvado, Dourado, Ibaté, Ribeirão Bonito, São Carlos, Trabiju;;0;;Juizado Especial Cível e Criminal, Vara Judicial
3506805;Bocaina;11259;3525300;Jaú;8;Entrância Intermediária;Avenida Rodolpho Magnani , s/n - Centro, 17210-100;-22.296078899740348;-48.556055554380116;33;33ª Jaú;3;3ª Bauru;169645;4;Bocaina, Itapuí, Jaú, Mineiros do Tietê;12;Bariri, Barra Bonita, Bocaina, Boracéia, Dois Córregos, Igaraçu do Tietê, Itaju, Itapuí, Jaú, Macatuba, Mineiros do Tietê, Pederneiras;;0;;1ª Vara Criminal, 1ª Vara Cível, 2ª Vara Criminal, 2ª Vara Cível, 3ª Vara Cível, 4ª Vara Cível, Ofício do Juizado Especial Cível, Vara do Juizado Especial Cível e Criminal
3506904;Bofete;10460;3540507;Porangaba;3;Entrância Inicial;Rua Vereador Braz Gica da Paz , 193 - Centro, 18260-000;-23.173857061708233;-48.117365595638425;22;22ª Itapetininga;10;10ª Sorocaba;37970;4;Bofete, Guareí, Porangaba, Torre de Pedra;17;Alambari, Angatuba, Bofete, Campina do Monte Alegre, Capela do Alto, Capão Bonito, Cesário Lange, Guapiara, Guareí, Itapetininga, Porangaba, Quadra, Ribeirão Grande, Sarapuí, São Miguel Arcanjo, Tatuí, Torre de Pedra;;0;;Ofício do Juizado Especial Cível e Criminal, Vara do Juizado Especial Cível e Criminal, Vara Judicial
3507001;Boituva;61081;3507001;Boituva;4;Entrância Inicial;Rua Manoel dos Santos Freire , 161 - Centro, 18550-073;-23.28759547560358;-47.6749401021387;20;20ª Itu;10;10ª Sorocaba;97540;2;Boituva, Iperó;7;Boituva, Cabreúva, Indaiatuba, Iperó, Itu, Porto Feliz, Salto;Fórum Boituva I  (Ofícios Judiciais), Fórum Boituva II - (Juizado Especial), Fórum Boituva III - Anexo Fiscal/Setor Técnico, Fórum Boituva IV  (UAAJ - Juizado Especial - Iperó), Fórum Boituva V - (Arquivo JEC), Fórum Boituva VI - (CEJUSC), Fórum Boituva VII - (CEJUSC);4;1ª Vara Judicial, 2ª Vara Criminal, 2ª Vara Judicial, 2º Oficio Judicial da Infância e da Juventude;1ª Vara Judicial, 2ª Vara Criminal, 2ª Vara Judicial, 2º Oficio Judicial da Infância e da Juventude
3507100;Bom Jesus dos Perdões;22006;3532405;Nazaré Paulista;0;Entrância Inicial;R. Clementino de Almeida Passos , 35 - Vicente Nunes, 12960-000;-23.191433526631474;-46.36649210618279;6;6ª Bragança Paulista;4;4ª Campinas;40223;2;Bom Jesus dos Perdões, Nazaré Paulista;11;Atibaia, Bom Jesus dos Perdões, Bragança Paulista, Jarinu, Joanópolis, Nazaré Paulista, Pedra Bela, Pinhalzinho, Piracaia, Tuiuti, Vargem;;0;;
3507159;Bom Sucesso de Itararé;3555;3523206;Itararé;4;Entrância Inicial;Rua Frei Caneca , 982 - Vila Jurandir, 18460-164;-24.080508879353427;-49.30354756036551;49;49ª Itapeva;10;10ª Sorocaba;47993;2;Bom Sucesso de Itararé, Itararé;16;Apiaí, Barra do Chapéu, Barão de Antonina, Bom Sucesso de Itararé, Buri, Itaberá, Itapeva, Itapirapuã Paulista, Itaporanga, Itararé, Itaóca, Nova Campina, Ribeira, Ribeirão Branco, Riversul, Taquarivaí;;0;;1ª Vara Judicial, 2ª Vara Judicial, Criminal e Fazenda Pública, Juizado Especial Cível
3507209;Borá;907;3535507;Paraguaçu Paulista;1;Entrância Inicial;Avenida Siqueira Campos , 1429 - Vila Affini, 19703-001;-22.459088909114485;-50.626560899858546;26;26ª Assis;5;5ª Presidente Prudente;47158;4;Borá, Lutécia, Oscar Bressane, Paraguaçu Paulista;18;Assis, Borá, Campos Novos Paulista, Cruzália, Cândido Mota, Echaporã, Florínia, Ibirarema, João Ramalho, Lutécia, Maracaí, Oscar Bressane, Palmital, Paraguaçu Paulista, Pedrinhas Paulista, Platina, Quatá, Tarumã;;0;;Juizado Especial Cível e Criminal
3507308;Boracéia;4715;3536703;Pederneiras;2;Entrância Inicial;Rua Belmiro Pereira , 367 - Centro, 17280-061;-22.301430619321216;-48.86106413230437;33;33ª Jaú;3;3ª Bauru;49542;2;Boracéia, Pederneiras;12;Bariri, Barra Bonita, Bocaina, Boracéia, Dois Córregos, Igaraçu do Tietê, Itaju, Itapuí, Jaú, Macatuba, Mineiros do Tietê, Pederneiras;;0;;1ª Vara Judicial, 2ª Vara Judicial
3507407;Borborema;14226;3507407;Borborema;1;Entrância Inicial;Rua Joaquim Martins Carvalho , 676 - Centro, 14955-000;-21.610788219033367;-49.07199421773616;13;13ª Araraquara;6;6ª Ribeirão Preto;14226;1;Borborema;14;Américo Brasiliense, Araraquara, Borborema, Dobrada, Gavião Peixoto, Iacanga, Ibitinga, Itápolis, Matão, Motuca, Nova Europa, Rincão, Santa Lúcia, Tabatinga;"Forum da Comarca de Borborema, Forum de Borborema - Juizado Especial Civel e Criminal, Fórum ""Desembargador Antonio Luis Chaves Camargo""";1;Vara Judicial;Vara Judicial
3507456;Borebi;2713;3526803;Lençóis Paulista;4;Entrância Intermediária;Rua Anita Garibaldi , 797 - Centro, 18682-043;-22.676114210633273;-48.82502735542949;32;32ª Bauru;3;3ª Bauru;69218;2;Borebi, Lençóis Paulista;18;Agudos, Arealva, Avaí, Balbinos, Bauru, Borebi, Cabrália Paulista, Duartina, Lençóis Paulista, Lucianópolis, Paulistânia, Pirajuí, Piratininga, Pongaí, Presidente Alves, Reginópolis, Ubirajara, Uru;;0;;1ª Vara Judicial, 2ª Vara Judicial, 3ª Vara Judicial, Juizado Especial Cível
3507506;Botucatu;145155;3507506;Botucatu;0;Entrância Final;Praça Iole Dinucci Fernandes , s/nº - Jardim Rivieira, 18606-572;-22.863442205116957;-48.4683294549136;23;23ª Botucatu;3;3ª Bauru;152308;2;Botucatu, Pardinho;9;Anhembi, Areiópolis, Botucatu, Conchas, Itatinga, Pardinho, Pereiras, Pratânia, São Manuel;Fórum Botucatu II - (1ª Vara e 1º Ofício Criminal), Fórum Botucatu III - (2ª Vara e 2º Ofício Criminal), Fórum Botucatu IV - (Vara do Juizado Especial Cìvel), Fórum Botucatu VI - (Anexo Fiscal), Fórum Botucatu VII - (Psicologia e Serv. Social), Fórum Botucatu VIII - (Protocolo), Fórum Desembargador Alcides de Almeida Ferrari, Fórum II de Botucatu (CEJUSC), Ofício de  Distribuição Judicial;0;;
3507605;Bragança Paulista;176811;3507605;Bragança Paulista;8;Entrância Final;Avenida dos Imigrantes , 1501 - Jd. America, 12902-000;-22.93834773595671;-46.555949879414;6;6ª Bragança Paulista;4;4ª Campinas;200658;4;Bragança Paulista, Pedra Bela, Tuiuti, Vargem;11;Atibaia, Bom Jesus dos Perdões, Bragança Paulista, Jarinu, Joanópolis, Nazaré Paulista, Pedra Bela, Pinhalzinho, Piracaia, Tuiuti, Vargem;Fórum Bragança Paulista - Professor Waldemar Martins Ferreira, Fórum Bragança Paulista II - (Anexo Fiscal), Fórum Bragança Paulista III - (CEJUSC), Fórum Bragança Paulista IV (Res. Oficial), Fórum Bragança Paulista [desativado];8;1ª Vara Criminal, 1ª Vara Cível, 2ª Vara Criminal, 2ª Vara Cível, 3ª Vara Cível, Execuções Criminais e da Infância e da Juventude, Juizado Especial Cível e Criminal, Vara do Júri;1ª Vara Criminal, 1ª Vara Cível, 2ª Vara Criminal, 2ª Vara Cível, 3ª Vara Cível, Execuções Criminais e da Infância e da Juventude, Juizado Especial Cível e Criminal, Vara do Júri
3507704;Braúna;5356;3537305;Penápolis;5;Entrância Intermediária;Praça Doutor Carlos Sampaio Filho , 190 - Centro, 16300-000;-21.405402830387295;-50.0956961896093;36;36ª Araçatuba;2;2ª Araçatuba;96618;7;Alto Alegre, Avanhandava, Barbosa, Braúna, Glicério, Luiziânia, Penápolis;26;Alto Alegre, Araçatuba, Avanhandava, Barbosa, Bento de Abreu, Bilac, Birigui, Braúna, Brejo Alegre, Buritama, Clementina, Coroados, Gabriel Monteiro, Glicério, Guararapes, Lourdes, Luiziânia, Penápolis, Piacatu, Planalto, Rubiácea, Santo Antônio do Aracanguá, Santópolis do Aguapeí, Turiúba, Valparaíso, Zacarias;;0;;1ª Vara Judicial, 2ª Vara Judicial, 3ª Vara Judicial, 4ª Vara Judicial, Vara do Juizado Especial Cível e Criminal
3507753;Brejo Alegre;2565;3506508;Birigui;8;Entrância Intermediária;Rua Faustino Segura , 214 - Parque São Vicente, 16200-370;-21.261609517109836;-50.350988803811;36;36ª Araçatuba;2;2ª Araçatuba;137825;5;Birigui, Brejo Alegre, Clementina, Coroados, Santópolis do Aguapeí;26;Alto Alegre, Araçatuba, Avanhandava, Barbosa, Bento de Abreu, Bilac, Birigui, Braúna, Brejo Alegre, Buritama, Clementina, Coroados, Gabriel Monteiro, Glicério, Guararapes, Lourdes, Luiziânia, Penápolis, Piacatu, Planalto, Rubiácea, Santo Antônio do Aracanguá, Santópolis do Aguapeí, Turiúba, Valparaíso, Zacarias;;0;;1ª Vara Criminal, 1ª Vara Cível, 2ª Vara Criminal, 2ª Vara Cível, 3ª Vara Cível, Criminal e da Fazenda Pública, Juizado Especial Cível, Ofício do Juizado Especial Cível e Criminal
3507803;Brodowski;25201;3507803;Brodowski;3;Entrância Inicial;Avenida Papa João XXIII, 1550 , 1550 - Jd. Champagnat, 14340-000;-21.049526568961763;-47.62777192004484;39;39ª Batatais;6;6ª Ribeirão Preto;25201;1;Brodowski;8;Altinópolis, Batatais, Brodowski, Morro Agudo, Nuporanga, Orlândia, Sales Oliveira, Santo Antônio da Alegria;Fórum I Brodowski, Fórum II Brodowski (CEJUSC);3;Juizado Especial Cível, Ofício Judicial - vara unica, Vara Judicial;Juizado Especial Cível, Ofício Judicial - vara unica, Vara Judicial
3507902;Brotas;23898;3507902;Brotas;2;Entrância Inicial;Praça Nove de Julho , 26 - Centro, 17380-000;-22.27328762409111;-48.08121543602206;9;9ª Rio Claro;4;4ª Campinas;33233;2;Brotas, Torrinha;8;Analândia, Brotas, Corumbataí, Ipeúna, Itirapina, Rio Claro, Santa Gertrudes, Torrinha;Fórum Brotas - Desativado, Fórum Brotas - Desembargador Júlio D´Elboux Guimarães;2;Juizado Especial Cível e Criminal, Vara Judicial;Juizado Especial Cível e Criminal, Vara Judicial
3508009;Buri;20250;3508009;Buri;0;Entrância Inicial;Rua Carlos Alberto Pereira Júnior , 549 - Vila Sene, 18290-000;-23.752043527311034;-48.57531406227905;49;49ª Itapeva;10;10ª Sorocaba;20250;1;Buri;16;Apiaí, Barra do Chapéu, Barão de Antonina, Bom Sucesso de Itararé, Buri, Itaberá, Itapeva, Itapirapuã Paulista, Itaporanga, Itararé, Itaóca, Nova Campina, Ribeira, Ribeirão Branco, Riversul, Taquarivaí;Fórum da Comarca de Buri;0;;
3508108;Buritama;17210;3508108;Buritama;2;Entrância Inicial;Avenida Frei Marcelo Manilia , 739 - Centro, 15290-000;-21.04911063253764;-50.20022395961086;36;36ª Araçatuba;2;2ª Araçatuba;28059;5;Buritama, Lourdes, Planalto, Turiúba, Zacarias;26;Alto Alegre, Araçatuba, Avanhandava, Barbosa, Bento de Abreu, Bilac, Birigui, Braúna, Brejo Alegre, Buritama, Clementina, Coroados, Gabriel Monteiro, Glicério, Guararapes, Lourdes, Luiziânia, Penápolis, Piacatu, Planalto, Rubiácea, Santo Antônio do Aracanguá, Santópolis do Aguapeí, Turiúba, Valparaíso, Zacarias;Fórum Buritama;2;Juizado Especial Cível e Criminal, Vara Cível;Juizado Especial Cível e Criminal, Vara Cível
3508207;Buritizal;4356;3520103;Igarapava;2;Entrância Inicial;Rua Capitão Antonio Augusto Maciel , 130 - centro, 14540-000;-20.06367174562095;-47.68247017338765;40;40ª Ituverava;6;6ª Ribeirão Preto;35988;3;Aramina, Buritizal, Igarapava;8;Aramina, Buritizal, Guará, Igarapava, Ipuã, Ituverava, Miguelópolis, São Joaquim da Barra;;0;;Juizado Especial Cível e Criminal, Vara
3508306;Cabrália Paulista;4299;3514502;Duartina;2;Entrância Inicial;Rua Sete de Setembro , 486 - centro, 17470-000;-22.393295039545052;-49.41335781419527;32;32ª Bauru;3;3ª Bauru;24131;4;Cabrália Paulista, Duartina, Lucianópolis, Ubirajara;18;Agudos, Arealva, Avaí, Balbinos, Bauru, Borebi, Cabrália Paulista, Duartina, Lençóis Paulista, Lucianópolis, Paulistânia, Pirajuí, Piratininga, Pongaí, Presidente Alves, Reginópolis, Ubirajara, Uru;;0;;Juizado Especial Cível e Criminal, Vara Judicial
3508405;Cabreúva;47011;3508405;Cabreúva;1;Entrância Inicial;Rua Adhemar Clemente Nunes , 11 - Jacaré, 13318-136;-23.301302729368476;-47.08021366788194;20;20ª Itu;10;10ª Sorocaba;47011;1;Cabreúva;7;Boituva, Cabreúva, Indaiatuba, Iperó, Itu, Porto Feliz, Salto;"Fórum ""Desembargador Geraldo de Faria Lemos Pinheiro""";1;Vara Judicial;Vara Judicial
3508504;Caçapava;96202;3508504;Caçapava;2;Entrância Intermediária;Rua Marques do Herval , 269 - Centro, 12281-050;-23.103740331551936;-45.71330757806802;47;47ª Taubaté;9;9ª São José dos Campos;102599;2;Caçapava, Jambeiro;11;Campos do Jordão, Caçapava, Jambeiro, Lagoinha, Pindamonhangaba, Redenção da Serra, Santo Antônio do Pinhal, São Bento do Sapucaí, São Luiz do Paraitinga, Taubaté, Tremembé;FORUM CAÇAPAVA - CRIMINAL / EXECUÇÃO FISCAL - RUA MARQUES DO HERVAL, FÓRUM CAÇAPAVA - CÍVEL / CEJUSC - PRAÇA DA BANDEIRA, FÓRUM CAÇAPAVA - JUIZADO ESPECIAL / SERVIÇO PSICO SOCIAL - RUA CÔNEGO RODOVALHO;2;1ª Vara Cível, 2ª Vara Cível;1ª Vara Cível, 2ª Vara Cível
3508603;Cachoeira Paulista;31564;3508603;Cachoeira Paulista;6;Entrância Inicial;Rua São Sebastião , 191 - Centro, 12630-000;-22.702356699905327;-44.991691927143485;48;48ª Guaratinguetá;9;9ª São José dos Campos;37750;2;Cachoeira Paulista, Silveiras;17;Aparecida, Arapeí, Areias, Bananal, Cachoeira Paulista, Canas, Cruzeiro, Cunha, Guaratinguetá, Lavrinhas, Lorena, Piquete, Potim, Queluz, Roseira, Silveiras, São José do Barreiro;Cejusc, Ministro José Rodrigues Alves Sobrinho;6;1ª Vara Judicial, 2ª Vara Judicial, Anexo Fiscal - 1ª Vara, Distribuidor - 1ª Vara, Juizado Especial Cível e Criminal, Juizado Informal de Conciliação;1ª Vara Judicial, 2ª Vara Judicial, Anexo Fiscal - 1ª Vara, Distribuidor - 1ª Vara, Juizado Especial Cível e Criminal, Juizado Informal de Conciliação
3508702;Caconde;17101;3508702;Caconde;1;Entrância Inicial;Praça Ranieri Mazzilli , 6 - Centro, 13770-000;-21.53952237312387;-46.61703405975839;43;43ª Casa Branca;6;6ª Ribeirão Preto;28917;2;Caconde, Tapiratiba;10;Caconde, Casa Branca, Divinolândia, Itobi, Mococa, Santa Cruz das Palmeiras, São José do Rio Pardo, São Sebastião da Grama, Tambaú, Tapiratiba;Fórum Caconde  II -  (Juizado Especial Cível e Criminal), Fórum Caconde  III -  (CEJUSC - Tapiratiba), Fórum Caconde  IV -  (CEJUSC), Fórum Caconde I - (Dr. Antônio de Queiroz Filho);1;Vara Judicial;Vara Judicial
3508801;Cafelândia;16654;3508801;Cafelândia;2;Entrância Inicial;Avenida Dionísia Zucchi , 330 - centro, 16503034;-21.73114693151187;-49.54869177106413;35;35ª Lins;2;2ª Araçatuba;27335;3;Cafelândia, Guarantã, Júlio Mesquita;9;Cafelândia, Getulina, Guaimbê, Guaiçara, Guarantã, Júlio Mesquita, Lins, Promissão, Sabino;Fórum Cafelândia I - (Principal), Fórum Cafelândia II - (JEC e CEJUSC), Fórum Cafelândia III - (JEC - UAAJ - JÚLIO MESQUITA ), Z-Fórum Cafelândia II - (Juizado Especial Cível e Criminal);2;Ofício Judicial (vara única), Vara Judicial;Ofício Judicial (vara única), Vara Judicial
3508900;Caiabu;3712;3542404;Regente Feijó;2;Entrância Inicial;Rua Carlos Beltrami , 10 - Portal do Sol, 19570-000;-22.252515049116653;-51.29406365126894;27;27ª Presidente Prudente;5;5ª Presidente Prudente;30117;3;Caiabu, Regente Feijó, Taciba;20;Alfredo Marcondes, Anhumas, Caiabu, Emilianópolis, Estrela do Norte, Iepê, Indiana, Martinópolis, Nantes, Narandiba, Pirapozinho, Presidente Bernardes, Presidente Prudente, Rancharia, Regente Feijó, Sandovalina, Santo Expedito, Taciba, Tarabai, Álvares Machado;;0;;Juizado Especial Cível, Vara Judicial
3509007;Caieiras;95032;3509007;Caieiras;2;Entrância Intermediária;Rua Doutor Armando Pinto , 360 - Centro, 07700-175;-23.3759095800442;-46.74523817737136;5;5ª Jundiaí;4;4ª Campinas;95032;1;Caieiras;12;Caieiras, Cajamar, Campo Limpo Paulista, Francisco Morato, Franco da Rocha, Itatiba, Itupeva, Jundiaí, Louveira, Morungaba, Vinhedo, Várzea Paulista;Fórum de Caieiras I, Fórum de Caieiras II;2;1ª Vara Judicial, 2ª Vara Judicial;1ª Vara Judicial, 2ª Vara Judicial
3509106;Caiuá;5466;3541307;Presidente Epitácio;3;Entrância Inicial;Avenida Pres. Vargas , 1-31 - centro, 19470-000;-21.910683208717142;-52.17492825643754;28;28ª Presidente Venceslau;5;5ª Presidente Prudente;44971;2;Caiuá, Presidente Epitácio;11;Caiuá, Euclides da Cunha Paulista, Marabá Paulista, Mirante do Paranapanema, Piquerobi, Presidente Epitácio, Presidente Venceslau, Ribeirão dos Índios, Rosana, Santo Anastácio, Teodoro Sampaio;;0;;1ª Vara Judicial, 2ª Vara Judicial, Juizado Especial Cível e Criminal
3509205;Cajamar;92689;3509205;Cajamar;4;Entrância Intermediária;Avenida Joaquim Janus Penteado , 96 - Distrito de Jordanésia, 07786-520;-23.351447107733712;-46.87204351788873;5;5ª Jundiaí;4;4ª Campinas;92689;1;Cajamar;12;Caieiras, Cajamar, Campo Limpo Paulista, Francisco Morato, Franco da Rocha, Itatiba, Itupeva, Jundiaí, Louveira, Morungaba, Vinhedo, Várzea Paulista;Fórum I Cajamar - (Desembargador Marcos Nogueira Garcez), Fórum II Cajamar - (CEJUSC);4;1ª Vara Judicial, 2ª Vara Judicial, 2º Oficio Judicial, Juizado Especial Cível e Criminal;1ª Vara Judicial, 2ª Vara Judicial, 2º Oficio Judicial, Juizado Especial Cível e Criminal
3509254;Cajati;28515;3524600;Jacupiranga;3;Entrância Inicial;Avenida Presidente Kennedy , 299 - Centro, 11940-000;-24.777362691455508;-48.05387553699498;21;21ª Registro;7;7ª Santos;51488;3;Barra do Turvo, Cajati, Jacupiranga;13;Barra do Turvo, Cajati, Cananéia, Eldorado, Iguape, Ilha Comprida, Iporanga, Jacupiranga, Juquiá, Miracatu, Pariquera-Açu, Registro, Sete Barras;;0;;1ª Vara Judicial, 2ª Vara Judicial, Juizado Especial Cível e Criminal
3509304;Cajobi;9133;3533908;Olímpia;4;Entrância Intermediária;Rua Engenheiro Reid , 377 - Patrimônio de São João Batista, 15400-091;-20.70524588579201;-48.959617264381016;14;14ª Barretos;8;8ª São José do Rio Preto;94907;6;Altair, Cajobi, Embaúba, Guaraci, Olímpia, Severínia;16;Altair, Barretos, Bebedouro, Cajobi, Colina, Colômbia, Embaúba, Guaraci, Guaíra, Jaborandi, Monte Azul Paulista, Olímpia, Paraíso, Severínia, Terra Roxa, Viradouro;;0;;1ª Vara Cível, 2ª Vara Cível, 3ª Vara Cível, Vara Criminal
3509403;Cajuru;23830;3509403;Cajuru;3;Entrância Inicial;Rua José Bonifácio , 817 - Centro, 14240-000;-21.27596515029662;-47.310304489456094;41;41ª Ribeirão Preto;6;6ª Ribeirão Preto;28745;3;Cajuru, Cássia dos Coqueiros, Santa Cruz da Esperança;16;Barrinha, Cajuru, Cravinhos, Cássia dos Coqueiros, Dumont, Guatapará, Jardinópolis, Luís Antônio, Pontal, Ribeirão Preto, Santa Cruz da Esperança, Santa Rosa de Viterbo, Serra Azul, Serrana, Sertãozinho, São Simão;Fórum Cajuru (Dr. Amaury Manço);3;Juizado Especial Cível e Criminal, Juizado Informal de Conciliação, Vara Judicial;Juizado Especial Cível e Criminal, Juizado Informal de Conciliação, Vara Judicial
3509452;Campina do Monte Alegre;5954;3502200;Angatuba;2;Entrância Inicial;Rua Públio de Almeida Melo , 832 - Centro, 18240-000;-23.436845924831584;-48.45932817302467;22;22ª Itapetininga;10;10ª Sorocaba;29976;2;Angatuba, Campina do Monte Alegre;17;Alambari, Angatuba, Bofete, Campina do Monte Alegre, Capela do Alto, Capão Bonito, Cesário Lange, Guapiara, Guareí, Itapetininga, Porangaba, Quadra, Ribeirão Grande, Sarapuí, São Miguel Arcanjo, Tatuí, Torre de Pedra;;0;;Juizado Especial Cível, Vara Judicial
3509502;Campinas;1139047;3509502;Campinas;37;Entrância Final;Rua Dionisio Cazotti , 719 - Vila Mimosa, 13050-050;-22.883756387554246;-47.04379621923964;8;8ª Campinas;4;4ª Campinas;1139047;1;Campinas;4;Campinas, Cosmópolis, Paulínia, Valinhos;Foro Regional de Vila Mimosa - Campinas (Des. Antonio Carlos A. Braga), Fórum Campinas I - Palácio da Justiça, Fórum Campinas II - Cidade Judiciária, Posto de Atendimento de Inicial do Juizado Especial Cível de Campinas - METROCAM, Posto de Atendimento de Inicial do Juizado Especial Cível de Campinas - UNISAL, Posto de Atendimento de Inicial do Juizado Especial Cível de Campinas FACAMP;37;1ª Vara Criminal, 1ª Vara Cível, 1ª Vara da Família e das Sucessões, 1ª Vara da Fazenda Pública, 1ª VARA DAS EXECUÇÕES CRIMINAIS, 1ª Vara do Juizado Especial Cível, 1ª Vara Judicial, 1º Ofício do Juizado Especial Cível, 2ª Vara Criminal, 2ª Vara Cível, 2ª Vara da Família e das Sucessões, 2ª Vara da Fazenda Pública, 2ª VARA DAS EXECUÇÕES CRIMINAIS, 2ª Vara do Juizado Especial Cível, 2ª Vara Judicial, 2º Ofício do Juizado Especial Cível, 3ª Vara Criminal, 3ª Vara Cível, 3ª Vara da Família e das Sucessões, 3ª Vara Judicial, 4ª Vara Criminal, 4ª Vara Cível, 4ª Vara da Família e das Sucessões, 4ª Vara Judicial, 5ª Vara Criminal, 5ª Vara Cível, 5ª Vara Judicial, 6ª Vara Criminal, 6ª Vara Cível, 7ª Vara Cível, 8ª Vara Cível, 9ª Vara Cível, 10ª Vara Cível, Atos Infracionais e Medidas Socioeducativas, Protetiva e Civel, Vara da Infância e da Juventude, Vara da Infância e Juventude;1ª Vara Criminal, 1ª Vara Cível, 1ª Vara da Família e das Sucessões, 1ª Vara da Fazenda Pública, 1ª VARA DAS EXECUÇÕES CRIMINAIS, 1ª Vara do Juizado Especial Cível, 1ª Vara Judicial, 1º Ofício do Juizado Especial Cível, 2ª Vara Criminal, 2ª Vara Cível, 2ª Vara da Família e das Sucessões, 2ª Vara da Fazenda Pública, 2ª VARA DAS EXECUÇÕES CRIMINAIS, 2ª Vara do Juizado Especial Cível, 2ª Vara Judicial, 2º Ofício do Juizado Especial Cível, 3ª Vara Criminal, 3ª Vara Cível, 3ª Vara da Família e das Sucessões, 3ª Vara Judicial, 4ª Vara Criminal, 4ª Vara Cível, 4ª Vara da Família e das Sucessões, 4ª Vara Judicial, 5ª Vara Criminal, 5ª Vara Cível, 5ª Vara Judicial, 6ª Vara Criminal, 6ª Vara Cível, 7ª Vara Cível, 8ª Vara Cível, 9ª Vara Cível, 10ª Vara Cível, Atos Infracionais e Medidas Socioeducativas, Protetiva e Civel, Vara da Infância e da Juventude, Vara da Infância e Juventude
3509601;Campo Limpo Paulista;77632;3509601;Campo Limpo Paulista;3;Entrância Intermediária;Rua Marechal Deodoro da Fonseca , 550 - Vila Tavares, 13230-130;-23.21793230908407;-46.760057983110265;5;5ª Jundiaí;4;4ª Campinas;77632;1;Campo Limpo Paulista;12;Caieiras, Cajamar, Campo Limpo Paulista, Francisco Morato, Franco da Rocha, Itatiba, Itupeva, Jundiaí, Louveira, Morungaba, Vinhedo, Várzea Paulista;Fórum de Campo Limpo Paulista, Fórum de Campo Limpo Paulista (Anexo);3;1ª Vara Judicial, 2ª Vara Judicial, Juizado Especial Cível;1ª Vara Judicial, 2ª Vara Judicial, Juizado Especial Cível
3509700;Campos do Jordão;46974;3509700;Campos do Jordão;3;Entrância Inicial;Avenida Doutor Januário Miráglia , 1200 - Vila Abernéssia, 12460-000;-22.7016269498373;-45.533060681321174;47;47ª Taubaté;9;9ª São José dos Campos;46974;1;Campos do Jordão;11;Campos do Jordão, Caçapava, Jambeiro, Lagoinha, Pindamonhangaba, Redenção da Serra, Santo Antônio do Pinhal, São Bento do Sapucaí, São Luiz do Paraitinga, Taubaté, Tremembé;Fórum Campos do Jordão I - (Des.José Carlos de Macedo Soares), Fórum Campos do Jordão II - Juizado Especial Civel e Criminal;3;1ª Vara Judicial, 2ª Vara Judicial, Juizado Especial Cível e Criminal;1ª Vara Judicial, 2ª Vara Judicial, Juizado Especial Cível e Criminal
3509809;Campos Novos Paulista;4888;3535309;Palmital;3;Entrância Inicial;Avenida Reginalda Leão , 1500 - Centro, 19970-050;-22.828796288984474;-50.22094958288994;26;26ª Assis;5;5ª Presidente Prudente;33892;4;Campos Novos Paulista, Ibirarema, Palmital, Platina;18;Assis, Borá, Campos Novos Paulista, Cruzália, Cândido Mota, Echaporã, Florínia, Ibirarema, João Ramalho, Lutécia, Maracaí, Oscar Bressane, Palmital, Paraguaçu Paulista, Pedrinhas Paulista, Platina, Quatá, Tarumã;;0;;1ª Vara Judicial, 2ª Vara Judicial, Juizado Especial Cível
3509908;Cananéia;12289;3509908;Cananéia;2;Entrância Inicial;Rua Pero Lobo , 75 - CENTRO, 11990-000;-25.01843310806141;-48.00855680697406;21;21ª Registro;7;7ª Santos;12289;1;Cananéia;13;Barra do Turvo, Cajati, Cananéia, Eldorado, Iguape, Ilha Comprida, Iporanga, Jacupiranga, Juquiá, Miracatu, Pariquera-Açu, Registro, Sete Barras;Fórum Cananéia - JOAQUIM GUEDES ALCOFORADO;2;Juizado Especial Cível e Criminal, Vara Judicial;Juizado Especial Cível e Criminal, Vara Judicial
3509957;Canas;4931;3527207;Lorena;4;Entrância Intermediária;Rua Doutor Epitácio Santiago , 99 - Centro, 12600-530;-22.793969750744992;-45.059992568195845;48;48ª Guaratinguetá;9;9ª São José dos Campos;89786;2;Canas, Lorena;17;Aparecida, Arapeí, Areias, Bananal, Cachoeira Paulista, Canas, Cruzeiro, Cunha, Guaratinguetá, Lavrinhas, Lorena, Piquete, Potim, Queluz, Roseira, Silveiras, São José do Barreiro;;0;;1ª Vara Judicial, 2ª Vara Judicial, 3ª Vara Judicial, Juizado Especial Cível e Criminal
3510005;Cândido Mota;29449;3510005;Cândido Mota;3;Entrância Inicial;Praça Antonio Pípolo , s/n - Centro, 19880-047;-22.80868037104806;-50.421699675700346;26;26ª Assis;5;5ª Presidente Prudente;29449;1;Cândido Mota;18;Assis, Borá, Campos Novos Paulista, Cruzália, Cândido Mota, Echaporã, Florínia, Ibirarema, João Ramalho, Lutécia, Maracaí, Oscar Bressane, Palmital, Paraguaçu Paulista, Pedrinhas Paulista, Platina, Quatá, Tarumã;Fórum Cândido Mota;3;1ª Vara Judicial, 2ª Vara Judicial, Juizado Especial Cível;1ª Vara Judicial, 2ª Vara Judicial, Juizado Especial Cível
3510104;Cândido Rodrigues;2889;3553708;Taquaritinga;3;Entrância Inicial;Rua Duque de Caxias , 267 - Centro, 15900-017;-21.425577635346173;-48.53787919945323;42;42ª Jaboticabal;6;6ª Ribeirão Preto;67209;4;Cândido Rodrigues, Fernando Prestes, Santa Ernestina, Taquaritinga;14;Cândido Rodrigues, Fernando Prestes, Guariba, Jaboticabal, Monte Alto, Pirangi, Pitangueiras, Pradópolis, Santa Ernestina, Taiaçu, Taiúva, Taquaral, Taquaritinga, Vista Alegre do Alto;;0;;1ª Vara Judicial, 2ª Vara Judicial, 3ª Vara Judicial
3510153;Canitar;6283;3557204;Chavantes;3;Entrância Inicial;Rua Cel. Julio Silva , 365 - Centro, 18970-029;-23.046338572753058;-49.72653963307492;25;25ª Ourinhos;3;3ª Bauru;18494;2;Canitar, Chavantes;16;Bernardino de Campos, Canitar, Chavantes, Espírito Santo do Turvo, Ipaussu, Manduri, Ourinhos, Piraju, Ribeirão do Sul, Salto Grande, Santa Cruz do Rio Pardo, Sarutaiá, São Pedro do Turvo, Tejupá, Timburi, Óleo;;0;;Criminal e Juizado Especial das Fazendas Públicas, Juizado Especial Cível, Vara Judicial
3510203;Capão Bonito;46337;3510203;Capão Bonito;0;Entrância Intermediária;Rua Seabra do Amaral , 260 - Centro - Guapiara, 18310-000;-24.03919510967995;-48.28983476174015;22;22ª Itapetininga;10;10ª Sorocaba;70858;3;Capão Bonito, Guapiara, Ribeirão Grande;17;Alambari, Angatuba, Bofete, Campina do Monte Alegre, Capela do Alto, Capão Bonito, Cesário Lange, Guapiara, Guareí, Itapetininga, Porangaba, Quadra, Ribeirão Grande, Sarapuí, São Miguel Arcanjo, Tatuí, Torre de Pedra;Anexo do JEC - UAAJ - GUAPIARA, Fórum da Comarca de Capão Bonito;0;;
3510302;Capela do Alto;22866;3554003;Tatuí;7;Entrância Final;Avenida Virginio Montezzo Filho , 2009 - Nova Tatui, 18278-440;-23.36207995741744;-47.86948322059495;22;22ª Itapetininga;10;10ª Sorocaba;150213;3;Capela do Alto, Quadra, Tatuí;17;Alambari, Angatuba, Bofete, Campina do Monte Alegre, Capela do Alto, Capão Bonito, Cesário Lange, Guapiara, Guareí, Itapetininga, Porangaba, Quadra, Ribeirão Grande, Sarapuí, São Miguel Arcanjo, Tatuí, Torre de Pedra;;0;;1ª vara criminal, 1ª Vara Cível, 2ª Vara criminal, 2ª Vara Cível, 3ª Vara Cível, Juizado Especial Cível e Criminal, Vara do Juizado Especial Civel e Criminal
3510401;Capivari;50068;3510401;Capivari;3;Entrância Inicial;Rua Doutor João Adolfo Stein , 171 - Pão de Açucar, 13360-000;-22.980721625435358;-47.47802762489446;34;34ª Piracicaba;4;4ª Campinas;62755;3;Capivari, Mombuca, Rafard;16;Capivari, Cerquilho, Charqueada, Elias Fausto, Jumirim, Laranjal Paulista, Mombuca, Monte Mor, Piracicaba, Rafard, Rio das Pedras, Saltinho, Santa Maria da Serra, São Pedro, Tietê, Águas de São Pedro;Fórum Capivari;3;1ª Vara Judicial, 2ª Vara Judicial, Juizado Especial Cível e Criminal;1ª Vara Judicial, 2ª Vara Judicial, Juizado Especial Cível e Criminal
3510500;Caraguatatuba;134873;3510500;Caraguatatuba;6;Entrância Final;Praça Doutor José Rebello da Cunha , 73 - Sumaré, 11661-050;-23.63965981743717;-45.488124790172854;51;51ª Caraguatatuba;9;9ª São José dos Campos;134873;1;Caraguatatuba;4;Caraguatatuba, Ilhabela, São Sebastião, Ubatuba;Fórum Caraguatatuba, Fórum Caraguatatuba II (Serviço Anexo das Fazendas), Fórum Caraguatatuba III (CEJUSC), Fórum Caraguatatuba IV (Central de Mandados e Arquivo), Fórum Caraguatatuba V (Em construção);6;1ª Vara Cível, 2ª Vara Cível, 3ª Vara Cível, Juizado Especial Cível e Criminal, Vara Criminal, Vara do Juizado Especial Cível e Criminal;1ª Vara Cível, 2ª Vara Cível, 3ª Vara Cível, Juizado Especial Cível e Criminal, Vara Criminal, Vara do Juizado Especial Cível e Criminal
3510609;Carapicuíba;386984;3510609;Carapicuíba;8;Entrância Final;Avenida Des. Eduardo Cunha de Abreu , 215 - Vila Municipal, 06328-330;-23.55005749518746;-46.84191966714995;4;4ª Osasco;1;1ª Grande São Paulo;386984;1;Carapicuíba;6;Barueri, Carapicuíba, Jandira, Osasco, Pirapora do Bom Jesus, Santana de Parnaíba;Fórum Carapicuíba I - (Des. Coaracy Lacerda Madureira), Fórum Carapicuíba II (Arquivo), Fórum Carapicuíba II - SAF / Arquivo, Fórum Carapicuíba III - Arquivo / Acervo;8;1ª Vara Civel, 1ª Vara Criminal e Infância e Juventude, 2ª Vara Criminal e Tribunal do Juri e Execuções Criminais, 2ª Vara Cível, 3ª Vara Cível, Ofício do Juizado Especial Cível e Criminal, Seção Administrativa de Distribuição de Mandados das Varas, Vara do Juizado Especial Cível e Criminal;1ª Vara Civel, 1ª Vara Criminal e Infância e Juventude, 2ª Vara Criminal e Tribunal do Juri e Execuções Criminais, 2ª Vara Cível, 3ª Vara Cível, Ofício do Juizado Especial Cível e Criminal, Seção Administrativa de Distribuição de Mandados das Varas, Vara do Juizado Especial Cível e Criminal
3510708;Cardoso;11345;3510708;Cardoso;2;Entrância Inicial;Rua Urias de Paula e Silva , 1351 - Jd Gouvêa, 15570-000;-20.067188064523144;-49.94760110721891;17;17ª Votuporanga;8;8ª São José do Rio Preto;16858;3;Cardoso, Mira Estrela, Pontes Gestal;13;Cardoso, Floreal, Gastão Vidigal, Magda, Mira Estrela, Monções, Nhandeara, Nova Luzitânia, Parisi, Pontes Gestal, Valentim Gentil, Votuporanga, Álvares Florence;Fórum Cardoso;2;Juizado Especial Cível e Criminal, Vara Judicial;Juizado Especial Cível e Criminal, Vara Judicial
3510807;Casa Branca;28083;3510807;Casa Branca;3;Entrância Intermediária;Praça Ministro Costa Manso , 78 - centro, 13700-000;-21.800543636164964;-47.08812578776758;43;43ª Casa Branca;6;6ª Ribeirão Preto;36129;2;Casa Branca, Itobi;10;Caconde, Casa Branca, Divinolândia, Itobi, Mococa, Santa Cruz das Palmeiras, São José do Rio Pardo, São Sebastião da Grama, Tambaú, Tapiratiba;Fórum I Casa Branca, Fórum II Casa Branca (CEJUSC);3;1ª Vara Judicial, 2ª Vara Judicial, Oficio Judicial- Seção Criminal;1ª Vara Judicial, 2ª Vara Judicial, Oficio Judicial- Seção Criminal
3510906;Cássia dos Coqueiros;2799;3509403;Cajuru;3;Entrância Inicial;Rua José Bonifácio , 817 - Centro, 14240-000;-21.27596515029662;-47.310304489456094;41;41ª Ribeirão Preto;6;6ª Ribeirão Preto;28745;3;Cajuru, Cássia dos Coqueiros, Santa Cruz da Esperança;16;Barrinha, Cajuru, Cravinhos, Cássia dos Coqueiros, Dumont, Guatapará, Jardinópolis, Luís Antônio, Pontal, Ribeirão Preto, Santa Cruz da Esperança, Santa Rosa de Viterbo, Serra Azul, Serrana, Sertãozinho, São Simão;;0;;Juizado Especial Cível e Criminal, Juizado Informal de Conciliação, Vara Judicial
3511003;Castilho;19977;3502101;Andradina;3;Entrância Final;Rua Paes Leme , 2052 - Stella Maris, 16901-907;-20.835605724040704;-51.32972788380322;37;37ª Andradina;2;2ª Araçatuba;88106;4;Andradina, Castilho, Murutinga do Sul, Nova Independência;12;Andradina, Castilho, Guaraçaí, Ilha Solteira, Itapura, Lavínia, Mirandópolis, Murutinga do Sul, Nova Independência, Pereira Barreto, Sud Mennucci, Suzanápolis;;0;;1ª Vara Judicial, 2ª Vara Judicial, 3ª Vara Judicial
3511102;Catanduva;115791;3511102;Catanduva;8;Entrância Final;Parque da Américas , 55 - Centro, 15800-032;-21.1337504667109;-48.963683344957076;15;15ª Catanduva;8;8ª São José do Rio Preto;145161;4;Catanduva, Elisiário, Ibirá, Pindorama;16;Ariranha, Catanduva, Catiguá, Elisiário, Ibirá, Irapuã, Itajobi, Marapoama, Novais, Novo Horizonte, Palmares Paulista, Pindorama, Sales, Santa Adélia, Tabapuã, Urupês;"Fórum ""Dr. Renato Bueno Netto"", Fórum Catanduva II - (Anexo Fiscal), Fórum Catanduva III - (CEJUSC)";8;1ª Vara Criminal, 1ª Vara Cível, 2ª Vara Criminal, 2ª Vara Cível, 3ª Vara Cível, Juizado Especial Cível, Vara da Família e das Sucessões, Vara do Juizado Especial Cível;1ª Vara Criminal, 1ª Vara Cível, 2ª Vara Criminal, 2ª Vara Cível, 3ª Vara Cível, Juizado Especial Cível, Vara da Família e das Sucessões, Vara do Juizado Especial Cível
3511201;Catiguá;7003;3552601;Tabapuã;1;Entrância Inicial;Rua Eugênio Ulian , 1265 - centro, 15880-023;-20.931884704714278;-49.02890930947145;15;15ª Catanduva;8;8ª São José do Rio Preto;22738;3;Catiguá, Novais, Tabapuã;16;Ariranha, Catanduva, Catiguá, Elisiário, Ibirá, Irapuã, Itajobi, Marapoama, Novais, Novo Horizonte, Palmares Paulista, Pindorama, Sales, Santa Adélia, Tabapuã, Urupês;;0;;Vara Judicial
3511300;Cedral;12618;3549805;São José do Rio Preto;7;Entrância Final;Rua Marechal Deodoro da Fonseca , 3036 - Centro, 15010-902;-20.7972300873495;-49.35810215162149;16;16ª São José do Rio Preto;8;8ª São José do Rio Preto;559137;6;Bady Bassitt, Cedral, Guapiaçu, Ipiguá, São José do Rio Preto, Uchoa;33;Adolfo, Américo de Campos, Bady Bassitt, Bálsamo, Cedral, Cosmorama, Guapiaçu, Icém, Ipiguá, Jaci, José Bonifácio, Macaubal, Mendonça, Mirassol, Mirassolândia, Monte Aprazível, Neves Paulista, Nipoã, Nova Aliança, Nova Granada, Onda Verde, Orindiúva, Palestina, Paulo de Faria, Poloni, Potirendaba, Riolândia, Sebastianópolis do Sul, São José do Rio Preto, Tanabi, Ubarana, Uchoa, União Paulista;;0;;1ª Vara Criminal, 2ª Vara Criminal, 3ª Vara Criminal, 4ª Vara Criminal, 5ª Vara Criminal, Vara de Execuções Criminais, Vara do DEECRIM
3511409;Cerqueira César;21469;3511409;Cerqueira César;4;Entrância Inicial;Rua Olimpio Pavan , 355 - Centro, 18760015;-23.059321610192633;-49.14380676556663;24;24ª Avaré;3;3ª Bauru;36656;3;Cerqueira César, Iaras, Águas de Santa Bárbara;11;Arandu, Avaré, Cerqueira César, Coronel Macedo, Fartura, Iaras, Itaí, Paranapanema, Taguaí, Taquarituba, Águas de Santa Bárbara;Fórum Cerqueira César;4;1ª Vara Judicial, 2ª Vara Judicial, Criminal e da Fazenda Pública de Cerqueira César, Juizado Especial Cível;1ª Vara Judicial, 2ª Vara Judicial, Criminal e da Fazenda Pública de Cerqueira César, Juizado Especial Cível
3511508;Cerquilho;44695;3511508;Cerquilho;2;Entrância Inicial;Avenida Washington Luiz , 2.501 - Chave Barros, 18523-480;-23.187123842014113;-47.757134625660505;34;34ª Piracicaba;4;4ª Campinas;44695;1;Cerquilho;16;Capivari, Cerquilho, Charqueada, Elias Fausto, Jumirim, Laranjal Paulista, Mombuca, Monte Mor, Piracicaba, Rafard, Rio das Pedras, Saltinho, Santa Maria da Serra, São Pedro, Tietê, Águas de São Pedro;Fórum Cerquilho;2;Juizado Especial Cível e Criminal, Vara Judicial;Juizado Especial Cível e Criminal, Vara Judicial
3511607;Cesário Lange;19048;3511607;Cesário Lange;0;Entrância Inicial;Rua do Comércio , 691 - Centro, 18285-000;-23.21650783196945;-47.90388913306992;22;22ª Itapetininga;10;10ª Sorocaba;19048;1;Cesário Lange;17;Alambari, Angatuba, Bofete, Campina do Monte Alegre, Capela do Alto, Capão Bonito, Cesário Lange, Guapiara, Guareí, Itapetininga, Porangaba, Quadra, Ribeirão Grande, Sarapuí, São Miguel Arcanjo, Tatuí, Torre de Pedra;Fórum da Comarca de Cesário Lange;0;;
3511706;Charqueada;15535;3538709;Piracicaba;19;Entrância Final;Rua Bernardino de Campos , 55 - Alemães, 13417-901;-22.726451332766192;-47.78401709610705;34;34ª Piracicaba;4;4ª Campinas;447019;3;Charqueada, Piracicaba, Saltinho;16;Capivari, Cerquilho, Charqueada, Elias Fausto, Jumirim, Laranjal Paulista, Mombuca, Monte Mor, Piracicaba, Rafard, Rio das Pedras, Saltinho, Santa Maria da Serra, São Pedro, Tietê, Águas de São Pedro;;0;;1ª Vara Criminal, 1ª Vara Cível, 1ª Vara da Família e das Sucessões, 2ª Vara Criminal, 2ª Vara Cível, 2ª Vara da Família e das Sucessões, 3ª Vara Criminal, 3ª Vara Cível, 3ª Vara da Família e das Sucessões, 4ª Vara Cível, 5ª Vara Cível, 6ª Vara Cível, Audiências de Conciliação das Varas da Família, Juizado Especial Criminal - Conciliação, Ofício do Juizado Especial Cível e Criminal, VARA DA FAZENDA PÚBLICA, VARA DA INFÂNCIA E DA JUVENTUDE, Vara do Juizado Especial Cível e Criminal, VARA DO JÚRI E EXECUÇÕES CRIMINAIS
3511904;Clementina;6982;3506508;Birigui;8;Entrância Intermediária;Rua Faustino Segura , 214 - Parque São Vicente, 16200-370;-21.261609517109836;-50.350988803811;36;36ª Araçatuba;2;2ª Araçatuba;137825;5;Birigui, Brejo Alegre, Clementina, Coroados, Santópolis do Aguapeí;26;Alto Alegre, Araçatuba, Avanhandava, Barbosa, Bento de Abreu, Bilac, Birigui, Braúna, Brejo Alegre, Buritama, Clementina, Coroados, Gabriel Monteiro, Glicério, Guararapes, Lourdes, Luiziânia, Penápolis, Piacatu, Planalto, Rubiácea, Santo Antônio do Aracanguá, Santópolis do Aguapeí, Turiúba, Valparaíso, Zacarias;;0;;1ª Vara Criminal, 1ª Vara Cível, 2ª Vara Criminal, 2ª Vara Cível, 3ª Vara Cível, Criminal e da Fazenda Pública, Juizado Especial Cível, Ofício do Juizado Especial Cível e Criminal
3512001;Colina;18486;3512001;Colina;1;Entrância Inicial;Rua Nestor Silveira Guimarães , 45 - CECAP, 14770-000;-20.746170779314237;-48.588857511081365;14;14ª Barretos;8;8ª São José do Rio Preto;24707;2;Colina, Jaborandi;16;Altair, Barretos, Bebedouro, Cajobi, Colina, Colômbia, Embaúba, Guaraci, Guaíra, Jaborandi, Monte Azul Paulista, Olímpia, Paraíso, Severínia, Terra Roxa, Viradouro;Fórum Colina - Desembargador Alcides Faro;1;Vara Judicial;Vara Judicial
3512100;Colômbia;6629;3505500;Barretos;6;Entrância Final;Rua 14 , 643 - Centro, 14780-040;-20.514159236060067;-48.65194625103642;14;14ª Barretos;8;8ª São José do Rio Preto;129114;2;Barretos, Colômbia;16;Altair, Barretos, Bebedouro, Cajobi, Colina, Colômbia, Embaúba, Guaraci, Guaíra, Jaborandi, Monte Azul Paulista, Olímpia, Paraíso, Severínia, Terra Roxa, Viradouro;;0;;1ª Vara Criminal, 1ª Vara Cível, 2ª Vara Criminal, 2ª Vara Cível, 3ª Vara Cível, Juizado Especial Cível e Criminal - Ofício
3512209;Conchal;28101;3512209;Conchal;2;Entrância Inicial;Rua XV de Novembro , 449 - Centro, 13835-000;-22.369311979245804;-47.14111982892337;7;7ª Mogi Mirim;4;4ª Campinas;28101;1;Conchal;8;Artur Nogueira, Conchal, Engenheiro Coelho, Estiva Gerbi, Holambra, Itapira, Mogi Guaçu, Mogi Mirim;Fórum I Conchal, Fórum II Conchal (CEJUSC);2;Juizado Especial Cível e Criminal, Vara Judicial;Juizado Especial Cível e Criminal, Vara Judicial
3512308;Conchas;15232;3512308;Conchas;0;Entrância Inicial;Av. Gregório Marcos Garcia , 808 - Vila Esporte, 18570-000;-22.9656292866085;-48.047079624246535;23;23ª Botucatu;3;3ª Bauru;29643;3;Anhembi, Conchas, Pereiras;9;Anhembi, Areiópolis, Botucatu, Conchas, Itatinga, Pardinho, Pereiras, Pratânia, São Manuel;Fórum Conchas, Fórum Conchas II – (Juizado Especial Cível e Criminal), Fórum Conchas III – (Anexo do Juizado - UAAJ - ANHEMBI), Fórum Conchas IV – (Anexo do Juizado - UAAJ - PEREIRAS), Fórum Conchas V [Desativado];0;;
3512407;Cordeirópolis;24514;3512407;Cordeirópolis;1;Entrância Inicial;Rua Sete de Setembro , 350/376 - Centro, 13490-000;-22.479545522350154;-47.41467866802658;10;10ª Limeira;4;4ª Campinas;24514;1;Cordeirópolis;4;Araras, Cordeirópolis, Iracemápolis, Limeira;Fórum Cordeirópolis;1;JECC - Juizado Especial Cível e Criminal;JECC - Juizado Especial Cível e Criminal
3512506;Coroados;5400;3506508;Birigui;8;Entrância Intermediária;Rua Faustino Segura , 214 - Parque São Vicente, 16200-370;-21.261609517109836;-50.350988803811;36;36ª Araçatuba;2;2ª Araçatuba;137825;5;Birigui, Brejo Alegre, Clementina, Coroados, Santópolis do Aguapeí;26;Alto Alegre, Araçatuba, Avanhandava, Barbosa, Bento de Abreu, Bilac, Birigui, Braúna, Brejo Alegre, Buritama, Clementina, Coroados, Gabriel Monteiro, Glicério, Guararapes, Lourdes, Luiziânia, Penápolis, Piacatu, Planalto, Rubiácea, Santo Antônio do Aracanguá, Santópolis do Aguapeí, Turiúba, Valparaíso, Zacarias;;0;;1ª Vara Criminal, 1ª Vara Cível, 2ª Vara Criminal, 2ª Vara Cível, 3ª Vara Cível, Criminal e da Fazenda Pública, Juizado Especial Cível, Ofício do Juizado Especial Cível e Criminal
3512605;Coronel Macedo;4280;3553807;Taquarituba;2;Entrância Inicial;Avenida Coronel João Quintino , 137 - Centro, 18740-000;-23.53018762764983;-49.23457653690325;24;24ª Avaré;3;3ª Bauru;28630;2;Coronel Macedo, Taquarituba;11;Arandu, Avaré, Cerqueira César, Coronel Macedo, Fartura, Iaras, Itaí, Paranapanema, Taguaí, Taquarituba, Águas de Santa Bárbara;;0;;Juizado Especial Cível e Criminal, Vara Judicial
3512704;Corumbataí;4195;3543907;Rio Claro;4;Entrância Final;Avenida 5 nº 535 , 535 - Centro, 13500-380;-22.373917018805628;-47.5799074738495;9;9ª Rio Claro;4;4ª Campinas;236055;4;Corumbataí, Ipeúna, Rio Claro, Santa Gertrudes;8;Analândia, Brotas, Corumbataí, Ipeúna, Itirapina, Rio Claro, Santa Gertrudes, Torrinha;;0;;1ª Vara Cível, 2ª Vara Cível, 3ª Vara Cível, 4ª Vara Cível
3512803;Cosmópolis;59773;3512803;Cosmópolis;1;Entrância Inicial;R. RAMOS DE AZEVEDO , 365 - Centro, 13150-025;-22.651638950185717;-47.18635356295486;8;8ª Campinas;4;4ª Campinas;59773;1;Cosmópolis;4;Campinas, Cosmópolis, Paulínia, Valinhos;Desembargador Rubens Andrade de Noronha;1;Vara Judicial;Vara Judicial
3512902;Cosmorama;8719;3553401;Tanabi;3;Entrância Inicial;Praça Stélio Machado Loureiro, , 273 - Centro, 15170-000;-20.531216941577227;-49.64644325481354;16;16ª São José do Rio Preto;8;8ª São José do Rio Preto;39854;3;Américo de Campos, Cosmorama, Tanabi;33;Adolfo, Américo de Campos, Bady Bassitt, Bálsamo, Cedral, Cosmorama, Guapiaçu, Icém, Ipiguá, Jaci, José Bonifácio, Macaubal, Mendonça, Mirassol, Mirassolândia, Monte Aprazível, Neves Paulista, Nipoã, Nova Aliança, Nova Granada, Onda Verde, Orindiúva, Palestina, Paulo de Faria, Poloni, Potirendaba, Riolândia, Sebastianópolis do Sul, São José do Rio Preto, Tanabi, Ubarana, Uchoa, União Paulista;;0;;1ª Vara Judicial, 2ª Vara Judicial, Juizado Especial Cível e Criminal
3513009;Cotia;274413;3513009;Cotia;4;Entrância Intermediária;Rua Topázio , 585 - Jardim nomura, 06717-235;-23.675143362869015;-46.96051947689869;52;52ª Itapecerica da Serra;1;1ª Grande São Paulo;274413;1;Cotia;9;Cotia, Embu das Artes, Embu-Guaçu, Itapecerica da Serra, Itapevi, Juquitiba, São Lourenço da Serra, Taboão da Serra, Vargem Grande Paulista;Fórum Cotia I - Theodomiro Dias, Fórum Cotia II - Arquivo, Fórum Cotia II - Setor Técnico;4;1ª Vara Cível, 2ª Vara Cível, 3ª Vara Cível, Vara Criminal;1ª Vara Cível, 2ª Vara Cível, 3ª Vara Cível, Vara Criminal
3513108;Cravinhos;33281;3513108;Cravinhos;2;Entrância Inicial;Avenida Fagundes , 29 - centro, 14140-000;-21.33964467704924;-47.74456484280334;41;41ª Ribeirão Preto;6;6ª Ribeirão Preto;46027;2;Cravinhos, Serra Azul;16;Barrinha, Cajuru, Cravinhos, Cássia dos Coqueiros, Dumont, Guatapará, Jardinópolis, Luís Antônio, Pontal, Ribeirão Preto, Santa Cruz da Esperança, Santa Rosa de Viterbo, Serra Azul, Serrana, Sertãozinho, São Simão;Fórum I Cravinhos, Fórum II Cravinhos (Residência Oficial);2;1ª Vara Judicial, Juizado Especial Cível;1ª Vara Judicial, Juizado Especial Cível
3513207;Cristais Paulista;9272;3516200;Franca;0;Entrância Final;Av. Presidente Vargas , 2.650 - Jardim Dr. Antonio Petraglia, 14402-000;-20.555235123799015;-47.381119878587675;38;38ª Franca;6;6ª Ribeirão Preto;380446;5;Cristais Paulista, Franca, Restinga, Ribeirão Corrente, São José da Bela Vista;10;Cristais Paulista, Franca, Itirapuã, Jeriquara, Patrocínio Paulista, Pedregulho, Restinga, Ribeirão Corrente, Rifaina, São José da Bela Vista;;0;;
3513306;Cruzália;2108;3528809;Maracaí;2;Entrância Inicial;Avenida São Paulo , 440 - Centro, 19840-011;-22.65225483098565;-50.745406741732126;26;26ª Assis;5;5ª Presidente Prudente;17585;3;Cruzália, Maracaí, Pedrinhas Paulista;18;Assis, Borá, Campos Novos Paulista, Cruzália, Cândido Mota, Echaporã, Florínia, Ibirarema, João Ramalho, Lutécia, Maracaí, Oscar Bressane, Palmital, Paraguaçu Paulista, Pedrinhas Paulista, Platina, Quatá, Tarumã;;0;;Juizado Especial Cível e Criminal, Vara Judicial
3513405;Cruzeiro;74961;3513405;Cruzeiro;4;Entrância Intermediária;Rua Francisco Marzano , 100 - Vila Celestina, 12710-900;-22.551429992324532;-45.00628763693636;48;48ª Guaratinguetá;9;9ª São José dos Campos;82132;2;Cruzeiro, Lavrinhas;17;Aparecida, Arapeí, Areias, Bananal, Cachoeira Paulista, Canas, Cruzeiro, Cunha, Guaratinguetá, Lavrinhas, Lorena, Piquete, Potim, Queluz, Roseira, Silveiras, São José do Barreiro;Fórum I Cruzeiro, Fórum II Cruzeiro (Residência Oficial), Fórum III Cruzeiro (Posto do CEJUSC), Fórum IV Cruzeiro (Execuções Fiscais);4;1ª Vara Judicial, 2ª Vara Judicial, 3ª Vara Judicial, Vara do Juizado Especial Cível e Criminal;1ª Vara Judicial, 2ª Vara Judicial, 3ª Vara Judicial, Vara do Juizado Especial Cível e Criminal
3513504;Cubatão;112476;3513504;Cubatão;6;Entrância Intermediária;Avenida Joaquim Miguel Couto , 320 - Jd. São Francisco, 11500-005;-23.86590402155394;-46.40820100081862;1;1ª Santos;7;7ª Santos;112476;1;Cubatão;6;Bertioga, Cubatão, Guarujá, Praia Grande, Santos, São Vicente;CEJUSC - Cubatão (SESI), Fórum Cubatão - I, Fórum Cubatão - II;6;1ª Vara Judicial, 2ª Vara Judicial, 3ª Vara Judicial, 4ª Vara Judicial, Ofício do Juizado Especial Cível e Criminal, Vara do Juizado Especial Cível e Criminal;1ª Vara Judicial, 2ª Vara Judicial, 3ª Vara Judicial, 4ª Vara Judicial, Ofício do Juizado Especial Cível e Criminal, Vara do Juizado Especial Cível e Criminal
3513603;Cunha;22110;3513603;Cunha;2;Entrância Inicial;Praça Doutor Prudente Guimarães , 12 - Centro, 12530-000;-23.05286788761401;-44.94213404249367;48;48ª Guaratinguetá;9;9ª São José dos Campos;22110;1;Cunha;17;Aparecida, Arapeí, Areias, Bananal, Cachoeira Paulista, Canas, Cruzeiro, Cunha, Guaratinguetá, Lavrinhas, Lorena, Piquete, Potim, Queluz, Roseira, Silveiras, São José do Barreiro;Fórum I Cunha (Desembargador Hildebrando Dantas de Freitas);2;Juizado Especial Cível e Criminal, Vara Judicial;Juizado Especial Cível e Criminal, Vara Judicial
3513702;Descalvado;31756;3513702;Descalvado;3;Entrância Inicial;Praça Dr. Luciano Esteves , s/n - Centro, 13690-000;-21.881228423188347;-47.65460428011496;12;12ª São Carlos;6;6ª Ribeirão Preto;31756;1;Descalvado;7;Boa Esperança do Sul, Descalvado, Dourado, Ibaté, Ribeirão Bonito, São Carlos, Trabiju;FÓRUM DA COMARCA DE DESCALVADO, Fórum II Descalvado (Residência Oficial);3;1ª Vara Judicial, 2ª Vara Judicial, Juizado Especial Cível;1ª Vara Judicial, 2ª Vara Judicial, Juizado Especial Cível
3513801;Diadema;393237;3513801;Diadema;3;Entrância Final;Rua Amélia Eugênia , 488 - Centro, 09911260;-23.69724093742185;-46.611426224560084;2;2ª São Bernardo do Campo;1;1ª Grande São Paulo;393237;1;Diadema;2;Diadema, São Bernardo do Campo;Fórum Diadema (CEJUSC), Fórum Diadema - Criminal, Fórum Diadema - Cível, Fórum Diadema - Fazenda Pública, Fórum Diadema - Juizado Especial Cível;3;1ª Vara Criminal, 2ª Vara Criminal, 3ª Vara Criminal;1ª Vara Criminal, 2ª Vara Criminal, 3ª Vara Criminal
3513850;Dirce Reis;1620;3524808;Jales;5;Entrância Final;Rua Nove , 2.231 - Centro, 15700-018;-20.28581840738815;-50.55409741241927;55;55ª Jales;2;2ª Araçatuba;68693;7;Dirce Reis, Jales, Mesópolis, Paranapuã, Pontalinda, Santa Albertina, Vitória Brasil;23;Aparecida d'Oeste, Aspásia, Auriflama, Dirce Reis, Guzolândia, Jales, Marinópolis, Mesópolis, Nova Canaã Paulista, Palmeira d'Oeste, Paranapuã, Pontalinda, Rubinéia, Santa Albertina, Santa Clara d'Oeste, Santa Fé do Sul, Santa Rita d'Oeste, Santa Salete, Santana da Ponte Pensa, São Francisco, Três Fronteiras, Urânia, Vitória Brasil;;0;;1ª Vara Criminal, 1ª Vara Cível, 2ª Vara Criminal, 2ª Vara Cível, 3ª Vara Cível
3513900;Divinolândia;11158;3550803;São Sebastião da Grama;1;Entrância Inicial;Praça São Sebastião , 126 - Centro, 13790-000;-21.754044721160493;-46.75297553707046;43;43ª Casa Branca;6;6ª Ribeirão Preto;21599;2;Divinolândia, São Sebastião da Grama;10;Caconde, Casa Branca, Divinolândia, Itobi, Mococa, Santa Cruz das Palmeiras, São José do Rio Pardo, São Sebastião da Grama, Tambaú, Tapiratiba;;0;;Vara Judicial
3514007;Dobrada;8759;3529302;Matão;0;Entrância Intermediária;Rua Leandro Bocchi , 560 - Residencial Monte Carlo, 15991-152;-21.610113458341836;-48.43013604363838;13;13ª Araraquara;6;6ª Ribeirão Preto;87792;2;Dobrada, Matão;14;Américo Brasiliense, Araraquara, Borborema, Dobrada, Gavião Peixoto, Iacanga, Ibitinga, Itápolis, Matão, Motuca, Nova Europa, Rincão, Santa Lúcia, Tabatinga;;0;;
3514106;Dois Córregos;24510;3514106;Dois Córregos;2;Entrância Inicial;Praça Francisco Simões , 142 - Centro, 17300-055;-22.395910522453374;-48.34049122255199;33;33ª Jaú;3;3ª Bauru;24510;1;Dois Córregos;12;Bariri, Barra Bonita, Bocaina, Boracéia, Dois Córregos, Igaraçu do Tietê, Itaju, Itapuí, Jaú, Macatuba, Mineiros do Tietê, Pederneiras;Fórum Dois Córregos, Fórum Dois Córregos II (Residência Oficial);2;Juizado Especial Cível e Juizado Especial Criminal, Vara Judicial;Juizado Especial Cível e Juizado Especial Criminal, Vara Judicial
3514205;Dolcinópolis;2207;3515202;Estrela dOeste;2;Entrância Inicial;Rua Minas Gerais , s/n - centro, 15650-000;-20.265760715088682;-50.411468747306685;18;18ª Fernandópolis;8;8ª São José do Rio Preto;20000;5;Dolcinópolis, Estrela dOeste, Populina, São João das Duas Pontes, Turmalina;15;Dolcinópolis, Estrela dOeste, Fernandópolis, General Salgado, Guarani d'Oeste, Indiaporã, Macedônia, Meridiano, Nova Castilho, Ouroeste, Pedranópolis, Populina, São João das Duas Pontes, São João de Iracema, Turmalina;;0;;Juizado Especial Cível, Vara Judicial
3514304;Dourado;8096;3542909;Ribeirão Bonito;2;Entrância Inicial;Rua Governador Pedro de Toledo , 231 - Centro, 13580-000;-22.06011102031761;-48.185333754630705;12;12ª São Carlos;6;6ª Ribeirão Preto;33745;4;Boa Esperança do Sul, Dourado, Ribeirão Bonito, Trabiju;7;Boa Esperança do Sul, Descalvado, Dourado, Ibaté, Ribeirão Bonito, São Carlos, Trabiju;;0;;Juizado Especial Cível e Criminal, Vara Judicial
3514403;Dracena;45474;3514403;Dracena;3;Entrância Intermediária;Rua Bolívia , 137 - Jd América, 17911-250;-21.556701707535147;-51.58404330042996;29;29ª Dracena;5;5ª Presidente Prudente;53253;2;Dracena, Ouro Verde;13;Dracena, Flora Rica, Irapuru, Junqueirópolis, Monte Castelo, Nova Guataporanga, Ouro Verde, Pacaembu, Panorama, Paulicéia, Santa Mercedes, São João do Pau d'Alho, Tupi Paulista;Fórum Dracena I - (Principal), Fórum Dracena II - (Residência Oficial), Fórum Dracena III - (CEJUSC), Fórum Dracena IV - (CEJUSC - POSTO AVANÇADO) [Desativado], Fórum Dracena V - (CEJUSC - POSTO AVANÇADO - 1ª CIA - PM);3;1ª Vara Judicial, 2ª Vara Judicial, 3ª Vara Judicial;1ª Vara Judicial, 2ª Vara Judicial, 3ª Vara Judicial
3514502;Duartina;12328;3514502;Duartina;2;Entrância Inicial;Rua Sete de Setembro , 486 - centro, 17470-000;-22.393295039545052;-49.41335781419527;32;32ª Bauru;3;3ª Bauru;24131;4;Cabrália Paulista, Duartina, Lucianópolis, Ubirajara;18;Agudos, Arealva, Avaí, Balbinos, Bauru, Borebi, Cabrália Paulista, Duartina, Lençóis Paulista, Lucianópolis, Paulistânia, Pirajuí, Piratininga, Pongaí, Presidente Alves, Reginópolis, Ubirajara, Uru;Fórum Duartina;2;Juizado Especial Cível e Criminal, Vara Judicial;Juizado Especial Cível e Criminal, Vara Judicial
3514601;Dumont;9471;3551702;Sertãozinho;6;Entrância Final;Avenida Pedro Strini , 71 - Jd. América, 14160-260;-21.12291489152417;-48.00888267356239;41;41ª Ribeirão Preto;6;6ª Ribeirão Preto;168450;3;Barrinha, Dumont, Sertãozinho;16;Barrinha, Cajuru, Cravinhos, Cássia dos Coqueiros, Dumont, Guatapará, Jardinópolis, Luís Antônio, Pontal, Ribeirão Preto, Santa Cruz da Esperança, Santa Rosa de Viterbo, Serra Azul, Serrana, Sertãozinho, São Simão;;0;;1ª Vara Criminal, 1ª Vara Cível, 2ª Vara Cível, 3ª Vara Cível, Oficio do Juizado Especial Cível e Criminal, Vara do Juizado Especial Cível e Criminal
3514700;Echaporã;6205;3504008;Assis;8;Entrância Final;Rua Doutor Lício Brandão de Camargo , 50 - Vila Clementina, 19802-300;-22.60173299588268;-50.42076115506051;26;26ª Assis;5;5ª Presidente Prudente;126347;4;Assis, Echaporã, Florínia, Tarumã;18;Assis, Borá, Campos Novos Paulista, Cruzália, Cândido Mota, Echaporã, Florínia, Ibirarema, João Ramalho, Lutécia, Maracaí, Oscar Bressane, Palmital, Paraguaçu Paulista, Pedrinhas Paulista, Platina, Quatá, Tarumã;;0;;1ª Vara Criminal, 1ª Vara Cível, 2ª Vara Criminal e do Juizado de Violência Doméstica e Familiar contra a Mulher, 2ª Vara Cível, 3ª Vara Cível, Corregedoria dos Presídios e da Polícia Judiciária, Seção Processual I e II, Vara da Família e das Sucessões
3514809;Eldorado;13069;3514809;Eldorado;2;Entrância Inicial;Rua Professor Francisco Canto , 14 - Centro, 11960-000;-24.495026834592917;-48.23363917683987;21;21ª Registro;7;7ª Santos;17115;2;Eldorado, Iporanga;13;Barra do Turvo, Cajati, Cananéia, Eldorado, Iguape, Ilha Comprida, Iporanga, Jacupiranga, Juquiá, Miracatu, Pariquera-Açu, Registro, Sete Barras;Fórum Eldorado Paulista I, Fórum Eldorado Paulista II - Administração / Almoxarifado (Inativado);2;Juizado Especial Cível e Criminal, Vara Judicial;Juizado Especial Cível e Criminal, Vara Judicial
3514908;Elias Fausto;17699;3531803;Monte Mor;1;Entrância Intermediária;Rua João Carlos Gomes Carneiro , 12 - Jd. Guanabara, 13190-664;-22.953196190310962;-47.307316948019256;34;34ª Piracicaba;4;4ª Campinas;82361;2;Elias Fausto, Monte Mor;16;Capivari, Cerquilho, Charqueada, Elias Fausto, Jumirim, Laranjal Paulista, Mombuca, Monte Mor, Piracicaba, Rafard, Rio das Pedras, Saltinho, Santa Maria da Serra, São Pedro, Tietê, Águas de São Pedro;;0;;Vara do Juizado Especial Cível e Criminal
3514924;Elisiário;3138;3511102;Catanduva;8;Entrância Final;Parque da Américas , 55 - Centro, 15800-032;-21.1337504667109;-48.963683344957076;15;15ª Catanduva;8;8ª São José do Rio Preto;145161;4;Catanduva, Elisiário, Ibirá, Pindorama;16;Ariranha, Catanduva, Catiguá, Elisiário, Ibirá, Irapuã, Itajobi, Marapoama, Novais, Novo Horizonte, Palmares Paulista, Pindorama, Sales, Santa Adélia, Tabapuã, Urupês;;0;;1ª Vara Criminal, 1ª Vara Cível, 2ª Vara Criminal, 2ª Vara Cível, 3ª Vara Cível, Juizado Especial Cível, Vara da Família e das Sucessões, Vara do Juizado Especial Cível
3514957;Embaúba;2323;3533908;Olímpia;4;Entrância Intermediária;Rua Engenheiro Reid , 377 - Patrimônio de São João Batista, 15400-091;-20.70524588579201;-48.959617264381016;14;14ª Barretos;8;8ª São José do Rio Preto;94907;6;Altair, Cajobi, Embaúba, Guaraci, Olímpia, Severínia;16;Altair, Barretos, Bebedouro, Cajobi, Colina, Colômbia, Embaúba, Guaraci, Guaíra, Jaborandi, Monte Azul Paulista, Olímpia, Paraíso, Severínia, Terra Roxa, Viradouro;;0;;1ª Vara Cível, 2ª Vara Cível, 3ª Vara Cível, Vara Criminal
3515004;Embu das Artes;250691;3515004;Embu das Artes;5;Entrância Final;Av. Vereador Jorge de Souza , 855 - Tingidor, 06803270;-23.651339266234622;-46.851535664994806;52;52ª Itapecerica da Serra;1;1ª Grande São Paulo;250691;1;Embu das Artes;9;Cotia, Embu das Artes, Embu-Guaçu, Itapecerica da Serra, Itapevi, Juquitiba, São Lourenço da Serra, Taboão da Serra, Vargem Grande Paulista;Fórum Desembargador Gilberto Valente da Silva - Comarca de Embu das Artes, Fórum II Embu das Artes (Serviço Anexo das Fazendas);5;1ª Vara Judicial, 2ª Vara Judicial, 3ª Vara Judicial, Ofício do Juizado Especial Cível e Criminal, Vara do Juizado Especial Cível e Criminal;1ª Vara Judicial, 2ª Vara Judicial, 3ª Vara Judicial, Ofício do Juizado Especial Cível e Criminal, Vara do Juizado Especial Cível e Criminal
3515103;Embu-Guaçu;66970;3515103;Embu-Guaçu;1;Entrância Intermediária;Rua Boa Vista , 10 - Centro, 06900-000;-23.854284511410924;-46.83065442365075;52;52ª Itapecerica da Serra;1;1ª Grande São Paulo;66970;1;Embu-Guaçu;9;Cotia, Embu das Artes, Embu-Guaçu, Itapecerica da Serra, Itapevi, Juquitiba, São Lourenço da Serra, Taboão da Serra, Vargem Grande Paulista;Fórum Embu-Guaçu;1;Vara Judicial;Vara Judicial
3515129;Emilianópolis;3014;3541208;Presidente Bernardes;3;Entrância Inicial;Rua Dr. Armando Falcone , s/n - Centro, 19300-000;-22.107288365050323;-51.620362163794496;27;27ª Presidente Prudente;5;5ª Presidente Prudente;17504;2;Emilianópolis, Presidente Bernardes;20;Alfredo Marcondes, Anhumas, Caiabu, Emilianópolis, Estrela do Norte, Iepê, Indiana, Martinópolis, Nantes, Narandiba, Pirapozinho, Presidente Bernardes, Presidente Prudente, Rancharia, Regente Feijó, Sandovalina, Santo Expedito, Taciba, Tarabai, Álvares Machado;;0;;CRIMINAL E DA FAZENDA PÚBLICA, JUIZADO ESPECIAL CÍVEL, Vara Judicial
3515152;Engenheiro Coelho;19566;3503802;Artur Nogueira;0;Entrância Intermediária;Rua 13 de Maio , 140/150 - Centro, 13160-170;-22.561187581845694;-47.13215681444314;7;7ª Mogi Mirim;4;4ª Campinas;86116;3;Artur Nogueira, Engenheiro Coelho, Holambra;8;Artur Nogueira, Conchal, Engenheiro Coelho, Estiva Gerbi, Holambra, Itapira, Mogi Guaçu, Mogi Mirim;;0;;
3515186;Espírito Santo do Pinhal;39816;3515186;Espírito Santo do Pinhal;3;Entrância Inicial;Avenida 9 de Julho , 90 - Centro, 13990-000;-22.192499064827103;-46.793323434656;50;50ª São João da Boa Vista;4;4ª Campinas;45942;2;Espírito Santo do Pinhal, Santo Antônio do Jardim;6;Aguaí, Espírito Santo do Pinhal, Santo Antônio do Jardim, São João da Boa Vista, Vargem Grande do Sul, Águas da Prata;Fórum Espírito Santo do Pinhal I, Fórum Espírito Santo do Pinhal II - Arq.Geral/Cart. Eleitoral/Ass. Social, Fórum Espírito Santo do Pinhal III (CEJUSC), Fórum Espírito Santo do Pinhal IV (Residência Oficial);3;1ª Vara Judicial, 2ª Vara Judicial, Juizado Especial Cível;1ª Vara Judicial, 2ª Vara Judicial, Juizado Especial Cível
3515194;Espírito Santo do Turvo;4157;3546405;Santa Cruz do Rio Pardo;4;Entrância Intermediária;Av Doutor Cyro de Mello Camarinha , 606 - Centro, 18900-073;-22.809306886675092;-49.56894883176165;25;25ª Ourinhos;3;3ª Bauru;57816;3;Espírito Santo do Turvo, Santa Cruz do Rio Pardo, São Pedro do Turvo;16;Bernardino de Campos, Canitar, Chavantes, Espírito Santo do Turvo, Ipaussu, Manduri, Ourinhos, Piraju, Ribeirão do Sul, Salto Grande, Santa Cruz do Rio Pardo, Sarutaiá, São Pedro do Turvo, Tejupá, Timburi, Óleo;;0;;1ª Vara Cível, 2ª Vara Cível, 3ª Vara Cível, Vara Criminal
3515202;Estrela dOeste;9417;3515202;Estrela dOeste;2;Entrância Inicial;Rua Minas Gerais , s/n - centro, 15650-000;-20.265760715088682;-50.411468747306685;18;18ª Fernandópolis;8;8ª São José do Rio Preto;20000;5;Dolcinópolis, Estrela dOeste, Populina, São João das Duas Pontes, Turmalina;15;Dolcinópolis, Estrela dOeste, Fernandópolis, General Salgado, Guarani d'Oeste, Indiaporã, Macedônia, Meridiano, Nova Castilho, Ouroeste, Pedranópolis, Populina, São João das Duas Pontes, São João de Iracema, Turmalina;Fórum Estrela D'Oeste;2;Juizado Especial Cível, Vara Judicial;Juizado Especial Cível, Vara Judicial
3515301;Estrela do Norte;2703;3539202;Pirapozinho;4;Entrância Inicial;Rua Dr. Carlos Alberto Leite Boulhosa, 525 , 525 - Jardim Morada do Sol, 19200-000;-22.479179063433843;-51.61979607103878;27;27ª Presidente Prudente;5;5ª Presidente Prudente;43945;5;Estrela do Norte, Narandiba, Pirapozinho, Sandovalina, Tarabai;20;Alfredo Marcondes, Anhumas, Caiabu, Emilianópolis, Estrela do Norte, Iepê, Indiana, Martinópolis, Nantes, Narandiba, Pirapozinho, Presidente Bernardes, Presidente Prudente, Rancharia, Regente Feijó, Sandovalina, Santo Expedito, Taciba, Tarabai, Álvares Machado;;0;;2ª Vara Judicial, Juizado Especial Criminal, Juizado Especial Cível, Oficio Judicial (Crime)
3515350;Euclides da Cunha Paulista;7924;3554300;Teodoro Sampaio;0;Entrância Inicial;Avenida Manoel Guirado Segura , 2080 - Vila Furlan, 19282160;-22.416603288973988;-52.3740434541867;28;28ª Presidente Venceslau;5;5ª Presidente Prudente;30097;2;Euclides da Cunha Paulista, Teodoro Sampaio;11;Caiuá, Euclides da Cunha Paulista, Marabá Paulista, Mirante do Paranapanema, Piquerobi, Presidente Epitácio, Presidente Venceslau, Ribeirão dos Índios, Rosana, Santo Anastácio, Teodoro Sampaio;;0;;
3515400;Fartura;16641;3515400;Fartura;2;Entrância Inicial;Rua Anacleto Gonçalves Neves , 250 - Centro, 18870-007;-23.390179084345064;-49.51967844188836;24;24ª Avaré;3;3ª Bauru;29310;2;Fartura, Taguaí;11;Arandu, Avaré, Cerqueira César, Coronel Macedo, Fartura, Iaras, Itaí, Paranapanema, Taguaí, Taquarituba, Águas de Santa Bárbara;Fórum Desembargador Edmond Acar, Residência Oficial;2;Juizado Especial Cível e Criminal, Vara Judicial;Juizado Especial Cível e Criminal, Vara Judicial
3515509;Fernandópolis;71186;3515509;Fernandópolis;8;Entrância Final;Avenida Raul Gonçalves Júnior , 850 - Jardim Santa Rita, 15610-000;-20.271768816132493;-50.28301523035687;18;18ª Fernandópolis;8;8ª São José do Rio Preto;82508;4;Fernandópolis, Macedônia, Meridiano, Pedranópolis;15;Dolcinópolis, Estrela dOeste, Fernandópolis, General Salgado, Guarani d'Oeste, Indiaporã, Macedônia, Meridiano, Nova Castilho, Ouroeste, Pedranópolis, Populina, São João das Duas Pontes, São João de Iracema, Turmalina;Fórum Fernandópolis I, Fórum Fernandópolis II - (Setor das Execuções Fiscais), Fórum Fernandópolis III (CEJUSC), Fórum Fernandópolis IV (Psicólogos e Assist. Social), Fórum Fernandópolis IV - Arquivo Geral, Fórum Fernandópolis V (UNIV. BRASIL (Antiga UNICASTELO) – CAMPUS VII, Fórum Fernandópolis VI (Anexo do Juizado);8;1ª Vara Criminal, 1ª Vara Criminal e da Infância e Juventude, 1ª vara Cível, 2ª Vara Criminal, 2ª Vara Cível, 3ª Vara Cível, Ofício do Juizado Especial Cível e Criminal, Vara do Juizado Especial Cível e Criminal;1ª Vara Criminal, 1ª Vara Criminal e da Infância e Juventude, 1ª vara Cível, 2ª Vara Criminal, 2ª Vara Cível, 3ª Vara Cível, Ofício do Juizado Especial Cível e Criminal, Vara do Juizado Especial Cível e Criminal
3515608;Fernando Prestes;5942;3553708;Taquaritinga;3;Entrância Inicial;Rua Duque de Caxias , 267 - Centro, 15900-017;-21.425577635346173;-48.53787919945323;42;42ª Jaboticabal;6;6ª Ribeirão Preto;67209;4;Cândido Rodrigues, Fernando Prestes, Santa Ernestina, Taquaritinga;14;Cândido Rodrigues, Fernando Prestes, Guariba, Jaboticabal, Monte Alto, Pirangi, Pitangueiras, Pradópolis, Santa Ernestina, Taiaçu, Taiúva, Taquaral, Taquaritinga, Vista Alegre do Alto;;0;;1ª Vara Judicial, 2ª Vara Judicial, 3ª Vara Judicial
3515657;Fernão;1656;3516606;Gália;3;Entrância Inicial;Avenida São José , 431 - Centro, 17450-001;-22.320462568674948;-49.57774613473874;31;31ª Marília;5;5ª Presidente Prudente;8036;2;Fernão, Gália;12;Alvinlândia, Fernão, Garça, Gália, Lupércio, Marília, Ocauçu, Oriente, Pompéia, Quintana, Vera Cruz, Álvaro de Carvalho;;0;;Juizado Especial Cível e Criminal, OFÍCIO JUDICIAL - VARA ÚNICA, Vara Judicial
3515707;Ferraz de Vasconcelos;179198;3515707;Ferraz de Vasconcelos;4;Entrância Final;Av. Santos Dumont , 1.535 - Jardim Vista Alegre, 08531-100;-23.56099705286247;-46.37392905727239;45;45ª Mogi das Cruzes;1;1ª Grande São Paulo;179198;1;Ferraz de Vasconcelos;7;Biritiba-Mirim, Ferraz de Vasconcelos, Guararema, Itaquaquecetuba, Mogi das Cruzes, Poá, Suzano;"Fórum de Ferraz de Vasconcelos ""Desembargador Ruy Toledo de Assumpção""";4;1ª Vara Judicial, 2ª Vara Judicial, 3ª Vara Judicial, Juizado Especial Cível e Criminal;1ª Vara Judicial, 2ª Vara Judicial, 3ª Vara Judicial, Juizado Especial Cível e Criminal
3515806;Flora Rica;1487;3534906;Pacaembu;3;Entrância Inicial;Av. São João , 1361 - Guaraniúva, 17860-000;-21.49555215462704;-51.27420917113737;29;29ª Dracena;5;5ª Presidente Prudente;23449;3;Flora Rica, Irapuru, Pacaembu;13;Dracena, Flora Rica, Irapuru, Junqueirópolis, Monte Castelo, Nova Guataporanga, Ouro Verde, Pacaembu, Panorama, Paulicéia, Santa Mercedes, São João do Pau d'Alho, Tupi Paulista;;0;;1ª Vara Judicial, Cartório  Único (1ª e 2ª Varas Judiciais), Juizado Especial Cível e Criminal
3515905;Floreal;2733;3532603;Nhandeara;2;Entrância Inicial;Rua Raul Cardoso de Souza, 197 , 197 - centro, 15190-000;-20.673084031165907;-50.04681391050434;17;17ª Votuporanga;8;8ª São José do Rio Preto;23776;6;Floreal, Gastão Vidigal, Magda, Monções, Nhandeara, Nova Luzitânia;13;Cardoso, Floreal, Gastão Vidigal, Magda, Mira Estrela, Monções, Nhandeara, Nova Luzitânia, Parisi, Pontes Gestal, Valentim Gentil, Votuporanga, Álvares Florence;;0;;Vara Criminal, Vara Cível
3516002;Flórida Paulista;12958;3516002;Flórida Paulista;0;Entrância Inicial;Praça Gerson Veronese Ferracini , 184 - Centro, 17830-000;-21.53997116810765;-51.17065782537449;30;30ª Tupã;5;5ª Presidente Prudente;12958;1;Flórida Paulista;17;Adamantina, Arco-Íris, Bastos, Flórida Paulista, Herculândia, Iacri, Inúbia Paulista, Lucélia, Mariápolis, Osvaldo Cruz, Parapuã, Pracinha, Queiroz, Rinópolis, Sagres, Salmourão, Tupã;Fórum Flórida Paulista;0;;
3516101;Florínia;3851;3504008;Assis;8;Entrância Final;Rua Doutor Lício Brandão de Camargo , 50 - Vila Clementina, 19802-300;-22.60173299588268;-50.42076115506051;26;26ª Assis;5;5ª Presidente Prudente;126347;4;Assis, Echaporã, Florínia, Tarumã;18;Assis, Borá, Campos Novos Paulista, Cruzália, Cândido Mota, Echaporã, Florínia, Ibirarema, João Ramalho, Lutécia, Maracaí, Oscar Bressane, Palmital, Paraguaçu Paulista, Pedrinhas Paulista, Platina, Quatá, Tarumã;;0;;1ª Vara Criminal, 1ª Vara Cível, 2ª Vara Criminal e do Juizado de Violência Doméstica e Familiar contra a Mulher, 2ª Vara Cível, 3ª Vara Cível, Corregedoria dos Presídios e da Polícia Judiciária, Seção Processual I e II, Vara da Família e das Sucessões
3516200;Franca;352536;3516200;Franca;0;Entrância Final;Av. Presidente Vargas , 2.650 - Jardim Dr. Antonio Petraglia, 14402-000;-20.555235123799015;-47.381119878587675;38;38ª Franca;6;6ª Ribeirão Preto;380446;5;Cristais Paulista, Franca, Restinga, Ribeirão Corrente, São José da Bela Vista;10;Cristais Paulista, Franca, Itirapuã, Jeriquara, Patrocínio Paulista, Pedregulho, Restinga, Ribeirão Corrente, Rifaina, São José da Bela Vista;Fórum I de Franca, Fórum II de Franca (CEJUSC), Fórum III de Franca (CEJUSC - Posto), Fórum IV de Franca, Fórum IV de Franca (Anexo do JEC - UNESP), Fórum IV de Franca - Res Oficial (desativado), Fórum V de Franca, Fórum V de Franca (CEJUSC - 5ª Cia do 15º BPM-I);0;;
3516309;Francisco Morato;165139;3516309;Francisco Morato;4;Entrância Final;Rua João Mendes Júnior , 626 - Jardim Professor Francisco Morato, 07910-220;-23.273714099445513;-46.72354078814528;5;5ª Jundiaí;4;4ª Campinas;165139;1;Francisco Morato;12;Caieiras, Cajamar, Campo Limpo Paulista, Francisco Morato, Franco da Rocha, Itatiba, Itupeva, Jundiaí, Louveira, Morungaba, Vinhedo, Várzea Paulista;Fórum Francisco Morato I - Vanderlei Aparecido Borges, Fórum Francisco Morato II - CIC - Centro de Integração da Cidadania, Fórum Francisco Morato III - Arquivo, Fórum Francisco Morato IV;4;1ª Vara Judicial, 2ª Vara Judicial, Juizado Especial Cível e Criminal, Vara do Juizado Especial Civel e Criminal;1ª Vara Judicial, 2ª Vara Judicial, Juizado Especial Cível e Criminal, Vara do Juizado Especial Civel e Criminal
3516408;Franco da Rocha;144849;3516408;Franco da Rocha;7;Entrância Intermediária;Praça Ministro Nelson Hungria , 01 - Centro, 07850-900;-23.314182473656874;-46.735763593927956;5;5ª Jundiaí;4;4ª Campinas;144849;1;Franco da Rocha;12;Caieiras, Cajamar, Campo Limpo Paulista, Francisco Morato, Franco da Rocha, Itatiba, Itupeva, Jundiaí, Louveira, Morungaba, Vinhedo, Várzea Paulista;Fórum Franco da Rocha;7;1ª Vara Cível, 2ª Vara Cível, Execuções Criminais e da Infância e da Juventude, Juizado Especial Cível e Criminal, Vara Criminal, Vara do Juizado Especial Cível e Criminal, Vara do Júri;1ª Vara Cível, 2ª Vara Cível, Execuções Criminais e da Infância e da Juventude, Juizado Especial Cível e Criminal, Vara Criminal, Vara do Juizado Especial Cível e Criminal, Vara do Júri
3516507;Gabriel Monteiro;2763;3506409;Bilac;2;Entrância Inicial;Praça Oswaldo Martins , 200 - Centro, 00000000;-21.427784634718797;-50.479257524885895;36;36ª Araçatuba;2;2ª Araçatuba;15601;3;Bilac, Gabriel Monteiro, Piacatu;26;Alto Alegre, Araçatuba, Avanhandava, Barbosa, Bento de Abreu, Bilac, Birigui, Braúna, Brejo Alegre, Buritama, Clementina, Coroados, Gabriel Monteiro, Glicério, Guararapes, Lourdes, Luiziânia, Penápolis, Piacatu, Planalto, Rubiácea, Santo Antônio do Aracanguá, Santópolis do Aguapeí, Turiúba, Valparaíso, Zacarias;;0;;Juizado Especial Cível e Criminal, Vara Judicial
3516606;Gália;6380;3516606;Gália;3;Entrância Inicial;Avenida São José , 431 - Centro, 17450-001;-22.320462568674948;-49.57774613473874;31;31ª Marília;5;5ª Presidente Prudente;8036;2;Fernão, Gália;12;Alvinlândia, Fernão, Garça, Gália, Lupércio, Marília, Ocauçu, Oriente, Pompéia, Quintana, Vera Cruz, Álvaro de Carvalho;Comarca de Gália;3;Juizado Especial Cível e Criminal, OFÍCIO JUDICIAL - VARA ÚNICA, Vara Judicial;Juizado Especial Cível e Criminal, OFÍCIO JUDICIAL - VARA ÚNICA, Vara Judicial
3516705;Garça;42110;3516705;Garça;4;Entrância Inicial;Praça Doutor Martino Funchal de Barros , 50 - Willians, 17402-059;-22.23104003516052;-49.689635238555574;31;31ª Marília;5;5ª Presidente Prudente;53784;4;Alvinlândia, Garça, Lupércio, Álvaro de Carvalho;12;Alvinlândia, Fernão, Garça, Gália, Lupércio, Marília, Ocauçu, Oriente, Pompéia, Quintana, Vera Cruz, Álvaro de Carvalho;Fórum I Garça, Fórum II Garça (CEJUSC), Fórum III Garça (Residência Oficial);4;1ª Vara judicial, 2ª Vara Judicial, 3ª Vara Judicial, Juizado Especial Cível e Criminal;1ª Vara judicial, 2ª Vara Judicial, 3ª Vara Judicial, Juizado Especial Cível e Criminal
3516804;Gastão Vidigal;3252;3532603;Nhandeara;2;Entrância Inicial;Rua Raul Cardoso de Souza, 197 , 197 - centro, 15190-000;-20.673084031165907;-50.04681391050434;17;17ª Votuporanga;8;8ª São José do Rio Preto;23776;6;Floreal, Gastão Vidigal, Magda, Monções, Nhandeara, Nova Luzitânia;13;Cardoso, Floreal, Gastão Vidigal, Magda, Mira Estrela, Monções, Nhandeara, Nova Luzitânia, Parisi, Pontes Gestal, Valentim Gentil, Votuporanga, Álvares Florence;;0;;Vara Criminal, Vara Cível
3516853;Gavião Peixoto;4702;3503208;Araraquara;16;Entrância Final;Av. D.  Pedro  II , 764 - Centro, 14801-040;-21.79163084888198;-48.181323820515914;13;13ª Araraquara;6;6ª Ribeirão Preto;256241;3;Araraquara, Gavião Peixoto, Nova Europa;14;Américo Brasiliense, Araraquara, Borborema, Dobrada, Gavião Peixoto, Iacanga, Ibitinga, Itápolis, Matão, Motuca, Nova Europa, Rincão, Santa Lúcia, Tabatinga;;0;;1ª Vara Criminal, 1ª Vara Cível, 1ª Vara da Família e das Sucessões, 2ª Vara Criminal, 2ª Vara Cível, 2ª Vara da Família e das Sucessões, 3ª Vara Criminal, 3ª Vara Cível, 4ª Vara Cível, 5ª Vara Cível, da Juventude e do Idoso, Ofício do Juizado Especial Cível, Vara da Fazenda Pública, Vara da Infância, Vara de Execuções Criminais, Vara do Juizado Especial Cível
3516903;General Salgado;10312;3516903;General Salgado;2;Entrância Inicial;Rua Azílio Antonio do Prado , 991 - centro, 15300-000;-20.63827402625233;-50.415780544539686;18;18ª Fernandópolis;8;8ª São José do Rio Preto;13220;3;General Salgado, Nova Castilho, São João de Iracema;15;Dolcinópolis, Estrela dOeste, Fernandópolis, General Salgado, Guarani d'Oeste, Indiaporã, Macedônia, Meridiano, Nova Castilho, Ouroeste, Pedranópolis, Populina, São João das Duas Pontes, São João de Iracema, Turmalina;Fórum General Salgado (ARGYMIRO ACAYABA DE TOLEDO);2;Juizado Especial Cível, Vara Judicial;Juizado Especial Cível, Vara Judicial
3517000;Getulina;10232;3517000;Getulina;2;Entrância Inicial;Rua Doutor Carlos de Campos , 660 - Centro, 16450-000;-21.78326667558095;-50.02791916146119;35;35ª Lins;2;2ª Araçatuba;15744;2;Getulina, Guaimbê;9;Cafelândia, Getulina, Guaimbê, Guaiçara, Guarantã, Júlio Mesquita, Lins, Promissão, Sabino;Fórum Getulina I - (Principal), Fórum Getulina II - (Unidade Forense);2;Juizado Especial Cível e Criminal, Vara Judicial;Juizado Especial Cível e Criminal, Vara Judicial
3517109;Glicério;4138;3537305;Penápolis;5;Entrância Intermediária;Praça Doutor Carlos Sampaio Filho , 190 - Centro, 16300-000;-21.405402830387295;-50.0956961896093;36;36ª Araçatuba;2;2ª Araçatuba;96618;7;Alto Alegre, Avanhandava, Barbosa, Braúna, Glicério, Luiziânia, Penápolis;26;Alto Alegre, Araçatuba, Avanhandava, Barbosa, Bento de Abreu, Bilac, Birigui, Braúna, Brejo Alegre, Buritama, Clementina, Coroados, Gabriel Monteiro, Glicério, Guararapes, Lourdes, Luiziânia, Penápolis, Piacatu, Planalto, Rubiácea, Santo Antônio do Aracanguá, Santópolis do Aguapeí, Turiúba, Valparaíso, Zacarias;;0;;1ª Vara Judicial, 2ª Vara Judicial, 3ª Vara Judicial, 4ª Vara Judicial, Vara do Juizado Especial Cível e Criminal
3517208;Guaiçara;11239;3527108;Lins;7;Entrância Final;Rua Gil Pimentel Moura , 51 - Jd. Americano, 16400-920;-21.64974272953653;-49.682862150569854;35;35ª Lins;2;2ª Araçatuba;91130;3;Guaiçara, Lins, Sabino;9;Cafelândia, Getulina, Guaimbê, Guaiçara, Guarantã, Júlio Mesquita, Lins, Promissão, Sabino;;0;;1ª Vara Criminal, 1ª Vara Cível, 2ª Vara Criminal, 2ª Vara Cível, 3ª Vara Cível, Ofício do Juizado Especial Cível, Vara do Juizado Especial Cível
3517307;Guaimbê;5512;3517000;Getulina;2;Entrância Inicial;Rua Doutor Carlos de Campos , 660 - Centro, 16450-000;-21.78326667558095;-50.02791916146119;35;35ª Lins;2;2ª Araçatuba;15744;2;Getulina, Guaimbê;9;Cafelândia, Getulina, Guaimbê, Guaiçara, Guarantã, Júlio Mesquita, Lins, Promissão, Sabino;;0;;Juizado Especial Cível e Criminal, Vara Judicial
3517406;Guaíra;39279;3517406;Guaíra;4;Entrância Inicial;Rua 12 , 712 - Centro, 14790-000;-20.31403513142668;-48.36413841122743;14;14ª Barretos;8;8ª São José do Rio Preto;39279;1;Guaíra;16;Altair, Barretos, Bebedouro, Cajobi, Colina, Colômbia, Embaúba, Guaraci, Guaíra, Jaborandi, Monte Azul Paulista, Olímpia, Paraíso, Severínia, Terra Roxa, Viradouro;Fórum Guaíra II, Fórum da Comarca de Guaíra I, Residencia oficial;4;1ª Vara Judicial, Juizado Especial Criminal, Juizado Especial Cível, Vara Única;1ª Vara Judicial, Juizado Especial Criminal, Juizado Especial Cível, Vara Única
3517505;Guapiaçu;21711;3549805;São José do Rio Preto;7;Entrância Final;Rua Marechal Deodoro da Fonseca , 3036 - Centro, 15010-902;-20.7972300873495;-49.35810215162149;16;16ª São José do Rio Preto;8;8ª São José do Rio Preto;559137;6;Bady Bassitt, Cedral, Guapiaçu, Ipiguá, São José do Rio Preto, Uchoa;33;Adolfo, Américo de Campos, Bady Bassitt, Bálsamo, Cedral, Cosmorama, Guapiaçu, Icém, Ipiguá, Jaci, José Bonifácio, Macaubal, Mendonça, Mirassol, Mirassolândia, Monte Aprazível, Neves Paulista, Nipoã, Nova Aliança, Nova Granada, Onda Verde, Orindiúva, Palestina, Paulo de Faria, Poloni, Potirendaba, Riolândia, Sebastianópolis do Sul, São José do Rio Preto, Tanabi, Ubarana, Uchoa, União Paulista;;0;;1ª Vara Criminal, 2ª Vara Criminal, 3ª Vara Criminal, 4ª Vara Criminal, 5ª Vara Criminal, Vara de Execuções Criminais, Vara do DEECRIM
3517604;Guapiara;17071;3510203;Capão Bonito;0;Entrância Intermediária;Rua Seabra do Amaral , 260 - Centro - Guapiara, 18310-000;-24.03919510967995;-48.28983476174015;22;22ª Itapetininga;10;10ª Sorocaba;70858;3;Capão Bonito, Guapiara, Ribeirão Grande;17;Alambari, Angatuba, Bofete, Campina do Monte Alegre, Capela do Alto, Capão Bonito, Cesário Lange, Guapiara, Guareí, Itapetininga, Porangaba, Quadra, Ribeirão Grande, Sarapuí, São Miguel Arcanjo, Tatuí, Torre de Pedra;;0;;
3517703;Guará;18606;3517703;Guará;2;Entrância Inicial;Rua Carlos de Campos , 260 - Centro, 14580-000;-20.48258532758428;-47.77523995251068;40;40ª Ituverava;6;6ª Ribeirão Preto;18606;1;Guará;8;Aramina, Buritizal, Guará, Igarapava, Ipuã, Ituverava, Miguelópolis, São Joaquim da Barra;Fórum Guará - Desembargador Valentim Alves da Silva;2;1ª Vara Judicial, Juizado Especial Cível;1ª Vara Judicial, Juizado Especial Cível
3517802;Guaraçaí;7441;3530102;Mirandópolis;3;Entrância Inicial;Rua Adelino Minari , 726 - Centro, 16800-000;-21.081085580381888;-51.13053190689215;37;37ª Andradina;2;2ª Araçatuba;45113;3;Guaraçaí, Lavínia, Mirandópolis;12;Andradina, Castilho, Guaraçaí, Ilha Solteira, Itapura, Lavínia, Mirandópolis, Murutinga do Sul, Nova Independência, Pereira Barreto, Sud Mennucci, Suzanápolis;;0;;1ª Vara Judicial, 2ª Vara Judicial, Juizado Especial Cível e Criminal
3517901;Guaraci;10350;3533908;Olímpia;4;Entrância Intermediária;Rua Engenheiro Reid , 377 - Patrimônio de São João Batista, 15400-091;-20.70524588579201;-48.959617264381016;14;14ª Barretos;8;8ª São José do Rio Preto;94907;6;Altair, Cajobi, Embaúba, Guaraci, Olímpia, Severínia;16;Altair, Barretos, Bebedouro, Cajobi, Colina, Colômbia, Embaúba, Guaraci, Guaíra, Jaborandi, Monte Azul Paulista, Olímpia, Paraíso, Severínia, Terra Roxa, Viradouro;;0;;1ª Vara Cível, 2ª Vara Cível, 3ª Vara Cível, Vara Criminal
3518008;Guarani d'Oeste;1968;3534757;Ouroeste;0;Entrância Inicial;Rua Brás Cubas , 1315 - centro, 15685-000;-19.92244507045213;-50.401961617180625;18;18ª Fernandópolis;8;8ª São José do Rio Preto;16297;3;Guarani d'Oeste, Indiaporã, Ouroeste;15;Dolcinópolis, Estrela dOeste, Fernandópolis, General Salgado, Guarani d'Oeste, Indiaporã, Macedônia, Meridiano, Nova Castilho, Ouroeste, Pedranópolis, Populina, São João das Duas Pontes, São João de Iracema, Turmalina;;0;;
3518107;Guarantã;6427;3508801;Cafelândia;2;Entrância Inicial;Avenida Dionísia Zucchi , 330 - centro, 16503034;-21.73114693151187;-49.54869177106413;35;35ª Lins;2;2ª Araçatuba;27335;3;Cafelândia, Guarantã, Júlio Mesquita;9;Cafelândia, Getulina, Guaimbê, Guaiçara, Guarantã, Júlio Mesquita, Lins, Promissão, Sabino;;0;;Ofício Judicial (vara única), Vara Judicial
3518206;Guararapes;31043;3518206;Guararapes;4;Entrância Inicial;Rua Luiz Lincoln de Oliveira , s/n - Centro, 16700-000;-21.2852034913439;-50.69513807751436;36;36ª Araçatuba;2;2ª Araçatuba;33743;2;Guararapes, Rubiácea;26;Alto Alegre, Araçatuba, Avanhandava, Barbosa, Bento de Abreu, Bilac, Birigui, Braúna, Brejo Alegre, Buritama, Clementina, Coroados, Gabriel Monteiro, Glicério, Guararapes, Lourdes, Luiziânia, Penápolis, Piacatu, Planalto, Rubiácea, Santo Antônio do Aracanguá, Santópolis do Aguapeí, Turiúba, Valparaíso, Zacarias;Fórum I Guararapes, Fórum II Guararapes (Residência Oficial);4;1ª Vara, 1º Oficio Judicial - Seção Criminal, 2ª Vara, Juizado Especial Cível e Criminal;1ª Vara, 1º Oficio Judicial - Seção Criminal, 2ª Vara, Juizado Especial Cível e Criminal
3518305;Guararema;31236;3518305;Guararema;2;Entrância Inicial;Rua Expedicionário Brasílio Pinto de Almeida , 42 - Centro, 08900-000;-23.42758507779799;-46.05855351944067;45;45ª Mogi das Cruzes;1;1ª Grande São Paulo;31236;1;Guararema;7;Biritiba-Mirim, Ferraz de Vasconcelos, Guararema, Itaquaquecetuba, Mogi das Cruzes, Poá, Suzano;Fórum I Guararema - (Dr. Francisco Xavier Moretz Sohm), Fórum II Guararema - (CEJUSC);2;Juizado Especial Cível e Criminal, Vara Judicial;Juizado Especial Cível e Criminal, Vara Judicial
3518404;Guaratinguetá;118044;3518404;Guaratinguetá;5;Entrância Final;Av. Dr. Ariberto Pereira da Cunha , 280 - Alberto Byington, 12516-410;-22.793493019718316;-45.23285000475042;48;48ª Guaratinguetá;9;9ª São José dos Campos;118044;1;Guaratinguetá;17;Aparecida, Arapeí, Areias, Bananal, Cachoeira Paulista, Canas, Cruzeiro, Cunha, Guaratinguetá, Lavrinhas, Lorena, Piquete, Potim, Queluz, Roseira, Silveiras, São José do Barreiro;Fórum Guaratinguetá, Fórum Guaratinguetá I (Principal), Fórum Guaratinguetá III (Execuções Fiscais), Fórum Guaratinguetá IV (CEJUSC);5;1ª Vara Judicial, 2ª Vara Judicial, 3ª Vara Judicial, 4ª Vara Judicial, Vara do Juizado Especial Cível e Criminal;1ª Vara Judicial, 2ª Vara Judicial, 3ª Vara Judicial, 4ª Vara Judicial, Vara do Juizado Especial Cível e Criminal
3518503;Guareí;15013;3540507;Porangaba;3;Entrância Inicial;Rua Vereador Braz Gica da Paz , 193 - Centro, 18260-000;-23.173857061708233;-48.117365595638425;22;22ª Itapetininga;10;10ª Sorocaba;37970;4;Bofete, Guareí, Porangaba, Torre de Pedra;17;Alambari, Angatuba, Bofete, Campina do Monte Alegre, Capela do Alto, Capão Bonito, Cesário Lange, Guapiara, Guareí, Itapetininga, Porangaba, Quadra, Ribeirão Grande, Sarapuí, São Miguel Arcanjo, Tatuí, Torre de Pedra;;0;;Ofício do Juizado Especial Cível e Criminal, Vara do Juizado Especial Cível e Criminal, Vara Judicial
3518602;Guariba;37498;3518602;Guariba;3;Entrância Inicial;Pça Silvio Vaz de Arruda , 190 - Centro, 14840-000;-21.395946131178565;-48.22656696977504;42;42ª Jaboticabal;6;6ª Ribeirão Preto;54576;2;Guariba, Pradópolis;14;Cândido Rodrigues, Fernando Prestes, Guariba, Jaboticabal, Monte Alto, Pirangi, Pitangueiras, Pradópolis, Santa Ernestina, Taiaçu, Taiúva, Taquaral, Taquaritinga, Vista Alegre do Alto;"Fórum Guariba II - CEJUSC, Fórum da Comarca de Guariba ""Desembargador Humberto Andrade Junqueira""";3;1ª Vara Judicial, 2ª Vara Judicial, X-Juizado Especial Cível e Criminal;1ª Vara Judicial, 2ª Vara Judicial, X-Juizado Especial Cível e Criminal
3518701;Guarujá;287634;3518701;Guarujá;7;Entrância Final;Rua Silvio Daige , 280 - Enseada, 11440550;-23.951235664864903;-46.23525723350768;1;1ª Santos;7;7ª Santos;287634;1;Guarujá;6;Bertioga, Cubatão, Guarujá, Praia Grande, Santos, São Vicente;Fórum Guarujá I -  CÍVEL/CRIMINAL, Fórum Guarujá II - VARA DA FAZENDA PÚBLICA, Fórum Guarujá III - FAMÍLIA - JEC/JECRIM, Fórum Guarujá IV - (CEJUSC);7;1ª Vara Criminal, 1ª Vara Cível, 2ª Vara Criminal, 2ª Vara Cível, 3ª Vara Criminal, 3ª Vara Cível, 4ª Vara Cível;1ª Vara Criminal, 1ª Vara Cível, 2ª Vara Criminal, 2ª Vara Cível, 3ª Vara Criminal, 3ª Vara Cível, 4ª Vara Cível
3518800;Guarulhos;1291771;3518800;Guarulhos;7;Entrância Final;Rua José Maurício , 103 - Centro, 07011-060;-23.402680095273084;-46.454879453332005;44;44ª Guarulhos;1;1ª Grande São Paulo;1291771;1;Guarulhos;5;Arujá, Guarulhos, Igaratá, Mairiporã, Santa Isabel;Fórum Guarulhos (Varas da Família e Central de Mandados) [desativado], Fórum Guarulhos I - (Fórum Criminal - Dr. Murilo Matos Faria), Fórum Guarulhos II - (Fórum Cível - Dr. Flávio Cleto Giovanni Trombetti), Fórum Guarulhos III - (CEJUSC I – UAAJ UNIFIG), Fórum Guarulhos IV - (UAAJ - UNIFIG), Fórum Guarulhos IV - (UAAJ UNG), Fórum Guarulhos IX - (CEJUSC II), Fórum Guarulhos VIII - (Almoxarifado), Z - Fórum Guarulhos (JECRIM e VARA DE VIOLÊNCIA DOMÉSTICA) [desativado], Z - Fórum Guarulhos (Juizado Especial Cível e Colégio Recursal) [desativado], Z - Fórum Guarulhos (Varas da Infância e Juventude) [desativado], Z-Fórum Guarulhos VI (Fazenda e VEC) [desativado];7;1ª Vara Criminal, 2ª Vara Criminal, 3ª Vara Criminal, 4ª Vara Criminal, 5ª Vara Criminal, 6ª Vara Criminal, Vara do Júri;1ª Vara Criminal, 2ª Vara Criminal, 3ª Vara Criminal, 4ª Vara Criminal, 5ª Vara Criminal, 6ª Vara Criminal, Vara do Júri
3518859;Guatapará;7320;3543402;Ribeirão Preto;26;Entrância Final;R. Alice Além Saadi , 950 - Nova Riberânia, 14096-570;-21.210851733679302;-47.82131434756058;41;41ª Ribeirão Preto;6;6ª Ribeirão Preto;705962;2;Guatapará, Ribeirão Preto;16;Barrinha, Cajuru, Cravinhos, Cássia dos Coqueiros, Dumont, Guatapará, Jardinópolis, Luís Antônio, Pontal, Ribeirão Preto, Santa Cruz da Esperança, Santa Rosa de Viterbo, Serra Azul, Serrana, Sertãozinho, São Simão;;0;;1ª Vara Criminal, 1ª Vara Cível, 1ª Vara da Família e das Sucessões, 1ª Vara da Fazenda Pública, 2ª Vara Criminal, 2ª Vara Cível, 2ª Vara da Família e das Sucessões, 2ª Vara da Fazenda Pública, 3ª Vara Criminal, 3ª Vara Cível, 3ª Vara da Família e das Sucessões, 4ª Vara Criminal, 4ª Vara Cível, 5ª Vara Criminal, 5ª Vara Cível, 6ª Vara Cível, 7ª Vara Cível, 8ª Vara Cível, 9ª Vara Cível, 10ª Vara Cível, JEFAZ - Juizado Especial da Fazenda Pública, Ofício do Juizado Especial Criminal, Ofício do Juizado Especial Cível, Vara da Infância e da Juventude e do Idoso, Vara do Juizado Especial Criminal, Vara do Juizado Especial Cível
3518909;Guzolândia;4246;3504206;Auriflama;2;Entrância Inicial;Rua Doutor Márcio da Mata Bianco , 52/25 - centro, 15350-000;-20.64414566579949;-50.579955333538045;55;55ª Jales;2;2ª Araçatuba;17938;2;Auriflama, Guzolândia;23;Aparecida d'Oeste, Aspásia, Auriflama, Dirce Reis, Guzolândia, Jales, Marinópolis, Mesópolis, Nova Canaã Paulista, Palmeira d'Oeste, Paranapuã, Pontalinda, Rubinéia, Santa Albertina, Santa Clara d'Oeste, Santa Fé do Sul, Santa Rita d'Oeste, Santa Salete, Santana da Ponte Pensa, São Francisco, Três Fronteiras, Urânia, Vitória Brasil;;0;;Juizado Especial Cível, Vara Judicial
3519006;Herculândia;9125;3555000;Tupã;5;Entrância Final;Rua Nhambiquaras , 1731 - centro, 17600-060;-21.947277997451096;-50.53461790893955;30;30ª Tupã;5;5ª Presidente Prudente;87621;5;Arco-Íris, Herculândia, Queiroz, Rinópolis, Tupã;17;Adamantina, Arco-Íris, Bastos, Flórida Paulista, Herculândia, Iacri, Inúbia Paulista, Lucélia, Mariápolis, Osvaldo Cruz, Parapuã, Pracinha, Queiroz, Rinópolis, Sagres, Salmourão, Tupã;;0;;1ª Vara Cível, 2ª Vara Cível, 3ª Vara Cível, Juizado Especial Cível, Vara Criminal
3519055;Holambra;15094;3503802;Artur Nogueira;0;Entrância Intermediária;Rua 13 de Maio , 140/150 - Centro, 13160-170;-22.561187581845694;-47.13215681444314;7;7ª Mogi Mirim;4;4ª Campinas;86116;3;Artur Nogueira, Engenheiro Coelho, Holambra;8;Artur Nogueira, Conchal, Engenheiro Coelho, Estiva Gerbi, Holambra, Itapira, Mogi Guaçu, Mogi Mirim;;0;;
3519071;Hortolândia;236641;3519071;Hortolândia;2;Entrância Final;RUA ÍMOLA , 75 - JARDIM RESIDENCIAL FIRENZE, 13189-212;-22.878430283614694;-47.20774436564832;53;53ª Americana;4;4ª Campinas;236641;1;Hortolândia;5;Americana, Hortolândia, Nova Odessa, Santa Bárbara d'Oeste, Sumaré;FÓRUM DA COMARCA DE HORTOLÂNDIA, Fórum Hortolândia III - (Desativado), PRÉDIO II - ANEXO;2;1ª Vara Cível, 2ª Vara Cível;1ª Vara Cível, 2ª Vara Cível
3519105;Iacanga;10437;3519105;Iacanga;1;Entrância Inicial;Rua Padre Jorge Mattar , 150 - Centro, 17180-041;-21.890904932117188;-49.03962373372327;13;13ª Araraquara;6;6ª Ribeirão Preto;10437;1;Iacanga;14;Américo Brasiliense, Araraquara, Borborema, Dobrada, Gavião Peixoto, Iacanga, Ibitinga, Itápolis, Matão, Motuca, Nova Europa, Rincão, Santa Lúcia, Tabatinga;COMARCA DE IACANGA, Fórum Iacanga II (CEJUSC);1;Vara;Vara
3519204;Iacri;6131;3505807;Bastos;0;Entrância Inicial;Rua XV de Novembro , 50 - Jardim Hikari, 17690-000;-21.950215380270784;-50.74398556525667;30;30ª Tupã;5;5ª Presidente Prudente;27634;2;Bastos, Iacri;17;Adamantina, Arco-Íris, Bastos, Flórida Paulista, Herculândia, Iacri, Inúbia Paulista, Lucélia, Mariápolis, Osvaldo Cruz, Parapuã, Pracinha, Queiroz, Rinópolis, Sagres, Salmourão, Tupã;;0;;
3519253;Iaras;8010;3511409;Cerqueira César;4;Entrância Inicial;Rua Olimpio Pavan , 355 - Centro, 18760015;-23.059321610192633;-49.14380676556663;24;24ª Avaré;3;3ª Bauru;36656;3;Cerqueira César, Iaras, Águas de Santa Bárbara;11;Arandu, Avaré, Cerqueira César, Coronel Macedo, Fartura, Iaras, Itaí, Paranapanema, Taguaí, Taquarituba, Águas de Santa Bárbara;;0;;1ª Vara Judicial, 2ª Vara Judicial, Criminal e da Fazenda Pública de Cerqueira César, Juizado Especial Cível
3519303;Ibaté;32178;3519303;Ibaté;1;Entrância Inicial;Rua Albano Buzo , 367 - Jd. Mariana, 14817-012;-21.95092378157427;-48.02730231394108;12;12ª São Carlos;6;6ª Ribeirão Preto;32178;1;Ibaté;7;Boa Esperança do Sul, Descalvado, Dourado, Ibaté, Ribeirão Bonito, São Carlos, Trabiju;Fórum Ibaté;1;Vara Judicial;Vara Judicial
3519402;Ibirá;11690;3511102;Catanduva;8;Entrância Final;Parque da Américas , 55 - Centro, 15800-032;-21.1337504667109;-48.963683344957076;15;15ª Catanduva;8;8ª São José do Rio Preto;145161;4;Catanduva, Elisiário, Ibirá, Pindorama;16;Ariranha, Catanduva, Catiguá, Elisiário, Ibirá, Irapuã, Itajobi, Marapoama, Novais, Novo Horizonte, Palmares Paulista, Pindorama, Sales, Santa Adélia, Tabapuã, Urupês;;0;;1ª Vara Criminal, 1ª Vara Cível, 2ª Vara Criminal, 2ª Vara Cível, 3ª Vara Cível, Juizado Especial Cível, Vara da Família e das Sucessões, Vara do Juizado Especial Cível
3519501;Ibirarema;6385;3535309;Palmital;3;Entrância Inicial;Avenida Reginalda Leão , 1500 - Centro, 19970-050;-22.828796288984474;-50.22094958288994;26;26ª Assis;5;5ª Presidente Prudente;33892;4;Campos Novos Paulista, Ibirarema, Palmital, Platina;18;Assis, Borá, Campos Novos Paulista, Cruzália, Cândido Mota, Echaporã, Florínia, Ibirarema, João Ramalho, Lutécia, Maracaí, Oscar Bressane, Palmital, Paraguaçu Paulista, Pedrinhas Paulista, Platina, Quatá, Tarumã;;0;;1ª Vara Judicial, 2ª Vara Judicial, Juizado Especial Cível
3519600;Ibitinga;60033;3519600;Ibitinga;4;Entrância Intermediária;Rua Prudente de Moraes , 570 - Centro, 14940-103;-21.792952728970263;-48.847812502235;13;13ª Araraquara;6;6ª Ribeirão Preto;74802;2;Ibitinga, Tabatinga;14;Américo Brasiliense, Araraquara, Borborema, Dobrada, Gavião Peixoto, Iacanga, Ibitinga, Itápolis, Matão, Motuca, Nova Europa, Rincão, Santa Lúcia, Tabatinga;"Fórum ""Dr. Aderson Perdigão Nogueira"", Fórum Ibitinga (Arquivo) III, Fórum Ibitinga II";4;1ª Vara Cível, 2ª Vara Cível, Juizado Especial Cível e Criminal, Vara Criminal;1ª Vara Cível, 2ª Vara Cível, Juizado Especial Cível e Criminal, Vara Criminal
3519709;Ibiúna;75605;3519709;Ibiúna;2;Entrância Intermediária;Praça Monsenhor Antonio Pepe , 2 - Centro, 18150-000;-23.802382308770163;-47.215251895267095;19;19ª Sorocaba;10;10ª Sorocaba;75605;1;Ibiúna;12;Alumínio, Araçariguama, Araçoiaba da Serra, Ibiúna, Mairinque, Piedade, Pilar do Sul, Salto de Pirapora, Sorocaba, São Roque, Tapiraí, Votorantim;Fórum Ibiúna I - (Principal), Fórum Ibiúna II - (Juizado Especial Cível e Criminal);2;1ª Vara Judicial, 2ª Vara Judicial;1ª Vara Judicial, 2ª Vara Judicial
3519808;Icém;7819;3533007;Nova Granada;1;Entrância Inicial;Avenida Doutor Hildeberto Albuquerque Ferreira , 1001 - Centro, 15440-000;-20.47600830280273;-49.33111856967772;16;16ª São José do Rio Preto;8;8ª São José do Rio Preto;32009;3;Icém, Nova Granada, Onda Verde;33;Adolfo, Américo de Campos, Bady Bassitt, Bálsamo, Cedral, Cosmorama, Guapiaçu, Icém, Ipiguá, Jaci, José Bonifácio, Macaubal, Mendonça, Mirassol, Mirassolândia, Monte Aprazível, Neves Paulista, Nipoã, Nova Aliança, Nova Granada, Onda Verde, Orindiúva, Palestina, Paulo de Faria, Poloni, Potirendaba, Riolândia, Sebastianópolis do Sul, São José do Rio Preto, Tanabi, Ubarana, Uchoa, União Paulista;;0;;Vara Judicial
3519907;Iepê;7619;3519907;Iepê;1;Entrância Inicial;Rua Minas Gerais , 343 - Centro, 19640-000;-22.648630936676575;-51.057179990810205;27;27ª Presidente Prudente;5;5ª Presidente Prudente;10279;2;Iepê, Nantes;20;Alfredo Marcondes, Anhumas, Caiabu, Emilianópolis, Estrela do Norte, Iepê, Indiana, Martinópolis, Nantes, Narandiba, Pirapozinho, Presidente Bernardes, Presidente Prudente, Rancharia, Regente Feijó, Sandovalina, Santo Expedito, Taciba, Tarabai, Álvares Machado;Fórum Iepê I, Fórum Iepê II (Anexo do JEC - Nantes), Fórum Iepê II - (Juizado Especial);1;Vara Judicial;Vara Judicial
3520004;Igaraçu do Tietê;23106;3505302;Barra Bonita;3;Entrância Inicial;Rua Prudente de Moraes - Praça Emydio Meira , 520 - Jardim Vista Alegre, 17340-102;-22.479482493867387;-48.54175633797272;33;33ª Jaú;3;3ª Bauru;57452;2;Barra Bonita, Igaraçu do Tietê;12;Bariri, Barra Bonita, Bocaina, Boracéia, Dois Córregos, Igaraçu do Tietê, Itaju, Itapuí, Jaú, Macatuba, Mineiros do Tietê, Pederneiras;;0;;1ª Vara Judicial, 2ª Vara Judicial, Juizado Especial Cível e Criminal
3520103;Igarapava;26212;3520103;Igarapava;2;Entrância Inicial;Rua Capitão Antonio Augusto Maciel , 130 - centro, 14540-000;-20.06367174562095;-47.68247017338765;40;40ª Ituverava;6;6ª Ribeirão Preto;35988;3;Aramina, Buritizal, Igarapava;8;Aramina, Buritizal, Guará, Igarapava, Ipuã, Ituverava, Miguelópolis, São Joaquim da Barra;"Fórum ""David Pimentel"", Fórum Igarapava - Residência Oficial";2;Juizado Especial Cível e Criminal, Vara;Juizado Especial Cível e Criminal, Vara
3520202;Igaratá;10605;3546801;Santa Isabel;3;Entrância Inicial;Avenida Manoel Ferraz de Campos Salles, 175 , 175 - Centro, 07500-000;-23.28893842465039;-46.24234800581091;44;44ª Guarulhos;1;1ª Grande São Paulo;63779;2;Igaratá, Santa Isabel;5;Arujá, Guarulhos, Igaratá, Mairiporã, Santa Isabel;;0;;1ª Vara Judicial, 1º Oficio Judicial, 2ª Vara Judicial
3520301;Iguape;29115;3520301;Iguape;2;Entrância Inicial;Rua dos Estudantes , 106 - CENTRO, 11920-000;-24.54953916667227;-47.47440767441342;21;21ª Registro;7;7ª Santos;42534;2;Iguape, Ilha Comprida;13;Barra do Turvo, Cajati, Cananéia, Eldorado, Iguape, Ilha Comprida, Iporanga, Jacupiranga, Juquiá, Miracatu, Pariquera-Açu, Registro, Sete Barras;Fórum Iguape  (Destivado), Fórum Iguape I, Fórum Iguape III - (Residência Oficial), Fórum Iguape IV, Fórum Iguape IV - (CEJUSC);2;1ª Vara Judicial, 2ª Vara Judicial;1ª Vara Judicial, 2ª Vara Judicial
3520400;Ilhabela;34934;3520400;Ilhabela;3;Entrância Inicial;Rua Benedito dos Anjos Sampaio , 29 - Barra Velha, 11630-091;-23.84850163437015;-45.32322355275762;51;51ª Caraguatatuba;9;9ª São José dos Campos;34934;1;Ilhabela;4;Caraguatatuba, Ilhabela, São Sebastião, Ubatuba;Fórum Dr. Manoel Pedro Pimentel;3;1ª Vara Judicial, Ofício do Juizado Especial Cível e Criminal, Vara do Juizado Especial Cível e Criminal;1ª Vara Judicial, Ofício do Juizado Especial Cível e Criminal, Vara do Juizado Especial Cível e Criminal
3520426;Ilha Comprida;13419;3520301;Iguape;2;Entrância Inicial;Rua dos Estudantes , 106 - CENTRO, 11920-000;-24.54953916667227;-47.47440767441342;21;21ª Registro;7;7ª Santos;42534;2;Iguape, Ilha Comprida;13;Barra do Turvo, Cajati, Cananéia, Eldorado, Iguape, Ilha Comprida, Iporanga, Jacupiranga, Juquiá, Miracatu, Pariquera-Açu, Registro, Sete Barras;;0;;1ª Vara Judicial, 2ª Vara Judicial
3520442;Ilha Solteira;25549;3520442;Ilha Solteira;2;Entrância Inicial;Av. Brasil Norte , 1.680 - Zona Norte, 15385-136;-20.43142785339586;-51.25896808978956;37;37ª Andradina;2;2ª Araçatuba;29528;2;Ilha Solteira, Itapura;12;Andradina, Castilho, Guaraçaí, Ilha Solteira, Itapura, Lavínia, Mirandópolis, Murutinga do Sul, Nova Independência, Pereira Barreto, Sud Mennucci, Suzanápolis;Fórum da Comarca de Ilha Solteira;2;1ª Vara, Juizado Especial Cível e Criminal;1ª Vara, Juizado Especial Cível e Criminal
3520509;Indaiatuba;255748;3520509;Indaiatuba;5;Entrância Final;Rua Ademar de Barros , 774 - Centro, 13330-901;-23.1060946257701;-47.202505310875694;20;20ª Itu;10;10ª Sorocaba;255748;1;Indaiatuba;7;Boituva, Cabreúva, Indaiatuba, Iperó, Itu, Porto Feliz, Salto;Fórum Indaiatuba I - (Principal), Fórum Indaiatuba II - (Juizado Especial), Fórum Indaiatuba III - (Anexo Fiscal), Fórum Indaiatuba IV (Cartório Criminal) (inativado), Fórum Indaiatuba V - (CEJUSC), Fórum Indaiatuba VI - (Residência Oficial);5;1ª Vara Criminal, 1ª Vara Cível, 2ª Vara Criminal, 2ª Vara Cível, 3ª Vara Cível;1ª Vara Criminal, 1ª Vara Cível, 2ª Vara Criminal, 2ª Vara Cível, 3ª Vara Cível
3520608;Indiana;5090;3529203;Martinópolis;1;Entrância Inicial;Rua José Henrique de Mello , 158 - Centro, 19500-000;-22.17234745285799;-51.12344039508919;27;27ª Presidente Prudente;5;5ª Presidente Prudente;29971;2;Indiana, Martinópolis;20;Alfredo Marcondes, Anhumas, Caiabu, Emilianópolis, Estrela do Norte, Iepê, Indiana, Martinópolis, Nantes, Narandiba, Pirapozinho, Presidente Bernardes, Presidente Prudente, Rancharia, Regente Feijó, Sandovalina, Santo Expedito, Taciba, Tarabai, Álvares Machado;;0;;Juizado Especial Cível e Criminal
3520707;Indiaporã;4035;3534757;Ouroeste;0;Entrância Inicial;Rua Brás Cubas , 1315 - centro, 15685-000;-19.92244507045213;-50.401961617180625;18;18ª Fernandópolis;8;8ª São José do Rio Preto;16297;3;Guarani d'Oeste, Indiaporã, Ouroeste;15;Dolcinópolis, Estrela dOeste, Fernandópolis, General Salgado, Guarani d'Oeste, Indiaporã, Macedônia, Meridiano, Nova Castilho, Ouroeste, Pedranópolis, Populina, São João das Duas Pontes, São João de Iracema, Turmalina;;0;;
3520806;Inúbia Paulista;3615;3527405;Lucélia;1;Entrância Inicial;Praça José Firpo , s/nº - Centro, 17780-000;-21.64413223391868;-50.99165950606271;30;30ª Tupã;5;5ª Presidente Prudente;26254;3;Inúbia Paulista, Lucélia, Pracinha;17;Adamantina, Arco-Íris, Bastos, Flórida Paulista, Herculândia, Iacri, Inúbia Paulista, Lucélia, Mariápolis, Osvaldo Cruz, Parapuã, Pracinha, Queiroz, Rinópolis, Sagres, Salmourão, Tupã;;0;;Juizado Especial Cível e Criminal
3520905;Ipaussu;13712;3520905;Ipaussu;1;Entrância Inicial;Praça Doutor Breno Noronha , 374 - centro, 18950-024;-23.06511608894677;-49.60812881400034;25;25ª Ourinhos;3;3ª Bauru;25319;2;Bernardino de Campos, Ipaussu;16;Bernardino de Campos, Canitar, Chavantes, Espírito Santo do Turvo, Ipaussu, Manduri, Ourinhos, Piraju, Ribeirão do Sul, Salto Grande, Santa Cruz do Rio Pardo, Sarutaiá, São Pedro do Turvo, Tejupá, Timburi, Óleo;Fórum Ipaussu I, Fórum Ipaussu II (Juizado Especial Cível), Fórum Ipaussu III (Terreno), Fórum Ipaussu IV;1;Vara Judicial;Vara Judicial
3521002;Iperó;36459;3507001;Boituva;4;Entrância Inicial;Rua Manoel dos Santos Freire , 161 - Centro, 18550-073;-23.28759547560358;-47.6749401021387;20;20ª Itu;10;10ª Sorocaba;97540;2;Boituva, Iperó;7;Boituva, Cabreúva, Indaiatuba, Iperó, Itu, Porto Feliz, Salto;;0;;1ª Vara Judicial, 2ª Vara Criminal, 2ª Vara Judicial, 2º Oficio Judicial da Infância e da Juventude
3521101;Ipeúna;6831;3543907;Rio Claro;4;Entrância Final;Avenida 5 nº 535 , 535 - Centro, 13500-380;-22.373917018805628;-47.5799074738495;9;9ª Rio Claro;4;4ª Campinas;236055;4;Corumbataí, Ipeúna, Rio Claro, Santa Gertrudes;8;Analândia, Brotas, Corumbataí, Ipeúna, Itirapina, Rio Claro, Santa Gertrudes, Torrinha;;0;;1ª Vara Cível, 2ª Vara Cível, 3ª Vara Cível, 4ª Vara Cível
3521150;Ipiguá;6761;3549805;São José do Rio Preto;7;Entrância Final;Rua Marechal Deodoro da Fonseca , 3036 - Centro, 15010-902;-20.7972300873495;-49.35810215162149;16;16ª São José do Rio Preto;8;8ª São José do Rio Preto;559137;6;Bady Bassitt, Cedral, Guapiaçu, Ipiguá, São José do Rio Preto, Uchoa;33;Adolfo, Américo de Campos, Bady Bassitt, Bálsamo, Cedral, Cosmorama, Guapiaçu, Icém, Ipiguá, Jaci, José Bonifácio, Macaubal, Mendonça, Mirassol, Mirassolândia, Monte Aprazível, Neves Paulista, Nipoã, Nova Aliança, Nova Granada, Onda Verde, Orindiúva, Palestina, Paulo de Faria, Poloni, Potirendaba, Riolândia, Sebastianópolis do Sul, São José do Rio Preto, Tanabi, Ubarana, Uchoa, União Paulista;;0;;1ª Vara Criminal, 2ª Vara Criminal, 3ª Vara Criminal, 4ª Vara Criminal, 5ª Vara Criminal, Vara de Execuções Criminais, Vara do DEECRIM
3521200;Iporanga;4046;3514809;Eldorado;2;Entrância Inicial;Rua Professor Francisco Canto , 14 - Centro, 11960-000;-24.495026834592917;-48.23363917683987;21;21ª Registro;7;7ª Santos;17115;2;Eldorado, Iporanga;13;Barra do Turvo, Cajati, Cananéia, Eldorado, Iguape, Ilha Comprida, Iporanga, Jacupiranga, Juquiá, Miracatu, Pariquera-Açu, Registro, Sete Barras;;0;;Juizado Especial Cível e Criminal, Vara Judicial
3521309;Ipuã;14454;3521309;Ipuã;2;Entrância Inicial;Rua Campos Sales , 363 - centro, 14610-000;-20.417485812586236;-48.06650112012527;40;40ª Ituverava;6;6ª Ribeirão Preto;14454;1;Ipuã;8;Aramina, Buritizal, Guará, Igarapava, Ipuã, Ituverava, Miguelópolis, São Joaquim da Barra;Fórum Ipuâ II - (Juizado Especial), Fórum Ipuã;2;Juizado Especial Cível e Criminal, Vara Judicial;Juizado Especial Cível e Criminal, Vara Judicial
3521408;Iracemápolis;21967;3526902;Limeira;7;Entrância Final;VIA ANTONIO CRUÃNES FILHO , 300 - JD STA CECILIA, 13480-672;-22.598515429763935;-47.363708573768164;10;10ª Limeira;4;4ª Campinas;313836;2;Iracemápolis, Limeira;4;Araras, Cordeirópolis, Iracemápolis, Limeira;;0;;1ª Vara Criminal, 1ª Vara Cível, 2ª Vara Criminal, 2ª Vara Cível, 3ª Vara Criminal, 3ª Vara Cível, 4ª Vara Cível
3521507;Irapuã;6867;3556008;Urupês;1;Entrância Inicial;Praça Jardim Bela Vista , s/n - Jardim Bela Vista, 15850-019;-21.20520226714293;-49.26516261413645;15;15ª Catanduva;8;8ª São José do Rio Preto;27048;3;Irapuã, Sales, Urupês;16;Ariranha, Catanduva, Catiguá, Elisiário, Ibirá, Irapuã, Itajobi, Marapoama, Novais, Novo Horizonte, Palmares Paulista, Pindorama, Sales, Santa Adélia, Tabapuã, Urupês;;0;;Vara Judicial
3521606;Irapuru;7085;3534906;Pacaembu;3;Entrância Inicial;Av. São João , 1361 - Guaraniúva, 17860-000;-21.49555215462704;-51.27420917113737;29;29ª Dracena;5;5ª Presidente Prudente;23449;3;Flora Rica, Irapuru, Pacaembu;13;Dracena, Flora Rica, Irapuru, Junqueirópolis, Monte Castelo, Nova Guataporanga, Ouro Verde, Pacaembu, Panorama, Paulicéia, Santa Mercedes, São João do Pau d'Alho, Tupi Paulista;;0;;1ª Vara Judicial, Cartório  Único (1ª e 2ª Varas Judiciais), Juizado Especial Cível e Criminal
3521705;Itaberá;17983;3521705;Itaberá;1;Entrância Inicial;Rua Coronel José Pedro de Lima , 266 - Centro, 18440-000;-23.8713106956571;-49.1424850298854;49;49ª Itapeva;10;10ª Sorocaba;17983;1;Itaberá;16;Apiaí, Barra do Chapéu, Barão de Antonina, Bom Sucesso de Itararé, Buri, Itaberá, Itapeva, Itapirapuã Paulista, Itaporanga, Itararé, Itaóca, Nova Campina, Ribeira, Ribeirão Branco, Riversul, Taquarivaí;Fórum I Itaberá, Fórum II Itaberá (CEJUSC);1;Vara Judicial;Vara Judicial
3521804;Itaí;25180;3521804;Itaí;2;Entrância Inicial;Praça da Colonização Japonesa , 220 - V. Florentino Dognani, 18730-000;-23.47148217457321;-49.054163327394626;24;24ª Avaré;3;3ª Bauru;25180;1;Itaí;11;Arandu, Avaré, Cerqueira César, Coronel Macedo, Fartura, Iaras, Itaí, Paranapanema, Taguaí, Taquarituba, Águas de Santa Bárbara;Fórum Itaí;2;Juizado Especial Cível e Criminal, Vara Judicial Única;Juizado Especial Cível e Criminal, Vara Judicial Única
3521903;Itajobi;16989;3521903;Itajobi;0;Entrância Inicial;Rua Said Farhat , 100 - Centro, 15840-000;-21.355539414457848;-49.05371682080517;15;15ª Catanduva;8;8ª São José do Rio Preto;20281;2;Itajobi, Marapoama;16;Ariranha, Catanduva, Catiguá, Elisiário, Ibirá, Irapuã, Itajobi, Marapoama, Novais, Novo Horizonte, Palmares Paulista, Pindorama, Sales, Santa Adélia, Tabapuã, Urupês;FORO DA COMARCA DE ITAJOBI;0;;
3522000;Itaju;3618;3505203;Bariri;0;Entrância Inicial;Avenida Claudionor Barbieri nº 488 ,  - Centro, 17250-027;-22.066797210325753;-48.71882912121642;33;33ª Jaú;3;3ª Bauru;35213;2;Bariri, Itaju;12;Bariri, Barra Bonita, Bocaina, Boracéia, Dois Córregos, Igaraçu do Tietê, Itaju, Itapuí, Jaú, Macatuba, Mineiros do Tietê, Pederneiras;;0;;
3522109;Itanhaém;112476;3522109;Itanhaém;4;Entrância Final;Avenida Rui Barbosa , 867 - Centro, 11740-000;-24.09224380871075;-46.83453996664701;56;56ª Itanhaém;7;7ª Santos;112476;1;Itanhaém;5;Itanhaém, Itariri, Mongaguá, Pedro de Toledo, Peruíbe;Fórum Itanhaém - Desembargador Nelson Pinheiro Franco, Fórum Itanhaém II (CEJUSC), Fórum Itanhaém III (Residência Oficial);4;1ª Vara Judicial, 2ª Vara Judicial, 3ª Vara Judicial, Juizado Especial Cível;1ª Vara Judicial, 2ª Vara Judicial, 3ª Vara Judicial, Juizado Especial Cível
3522158;Itaóca;3422;3502705;Apiaí;0;Entrância Inicial;Praça Francisco Xavier da Rocha , 182 - Centro, 18320-000;-24.421467380540186;-48.817372200286705;49;49ª Itapeva;10;10ª Sorocaba;40624;5;Apiaí, Barra do Chapéu, Itapirapuã Paulista, Itaóca, Ribeira;16;Apiaí, Barra do Chapéu, Barão de Antonina, Bom Sucesso de Itararé, Buri, Itaberá, Itapeva, Itapirapuã Paulista, Itaporanga, Itararé, Itaóca, Nova Campina, Ribeira, Ribeirão Branco, Riversul, Taquarivaí;;0;;
3522208;Itapecerica da Serra;158522;3522208;Itapecerica da Serra;5;Entrância Final;Rua Major Matheus Rotger Domingues , 155 - Centro, 06850-850;-23.7371989373332;-46.85880519659345;52;52ª Itapecerica da Serra;1;1ª Grande São Paulo;201993;3;Itapecerica da Serra, Juquitiba, São Lourenço da Serra;9;Cotia, Embu das Artes, Embu-Guaçu, Itapecerica da Serra, Itapevi, Juquitiba, São Lourenço da Serra, Taboão da Serra, Vargem Grande Paulista;Fórum I Itapecerica da Serra, Fórum II Itapecerica da Serra (CEJUSC);5;1ª Vara Judicial, 2ª Vara Judicial, 3ª Vara Judicial, 4ª Vara, Juizado Especial Cível;1ª Vara Judicial, 2ª Vara Judicial, 3ª Vara Judicial, 4ª Vara, Juizado Especial Cível
3522307;Itapetininga;157790;3522307;Itapetininga;7;Entrância Final;Praça Três Poderes , s/n - Jd. Marabá, 18213-540;-23.645468563011217;-48.123318703177574;22;22ª Itapetininga;10;10ª Sorocaba;174300;3;Alambari, Itapetininga, Sarapuí;17;Alambari, Angatuba, Bofete, Campina do Monte Alegre, Capela do Alto, Capão Bonito, Cesário Lange, Guapiara, Guareí, Itapetininga, Porangaba, Quadra, Ribeirão Grande, Sarapuí, São Miguel Arcanjo, Tatuí, Torre de Pedra;Fórum Itapetininga I - (Desembargador Bernardes Júnior), Fórum Itapetininga II (Criminal) Juiz Paulo Rubens Soares Hungria, Fórum Itapetininga III (CEJUSC);7;1ª Vara Cível, 1ª Vara da Família e das Sucessões, 2ª Vara Cível, 3ª Vara Cível, 4ª Vara Cível, Juizado Especial Cível, Vara do Juizado especial Cível e Criminal;1ª Vara Cível, 1ª Vara da Família e das Sucessões, 2ª Vara Cível, 3ª Vara Cível, 4ª Vara Cível, Juizado Especial Cível, Vara do Juizado especial Cível e Criminal
3522406;Itapeva;89728;3522406;Itapeva;6;Entrância Final;Avenida Dona Paulina de Morais , 444 - Vila Ophélia, 18400-818;-23.91407536437743;-48.87171677768003;49;49ª Itapeva;10;10ª Sorocaba;123728;4;Itapeva, Nova Campina, Ribeirão Branco, Taquarivaí;16;Apiaí, Barra do Chapéu, Barão de Antonina, Bom Sucesso de Itararé, Buri, Itaberá, Itapeva, Itapirapuã Paulista, Itaporanga, Itararé, Itaóca, Nova Campina, Ribeira, Ribeirão Branco, Riversul, Taquarivaí;Fórum Itapeva I - Desembargador Euclides de Campos, Fórum Itapeva II - (Anexo do JEC - UAAJ - FAIT);6;1ª Vara Judicial, 2ª Vara Judicial, 3ª Vara Judicial, Juizado Especial Cível e Criminal, Vara da Infância e Juventude, Vara das Execuções Criminais - VEC;1ª Vara Judicial, 2ª Vara Judicial, 3ª Vara Judicial, Juizado Especial Cível e Criminal, Vara da Infância e Juventude, Vara das Execuções Criminais - VEC
3522505;Itapevi;232297;3522505;Itapevi;5;Entrância Final;Rua Vereador Dr. Cid Manoel de Oliveira , 405 - Jd. Santa Rita, 06660-280;-23.55095591925911;-46.967658182131906;52;52ª Itapecerica da Serra;1;1ª Grande São Paulo;232297;1;Itapevi;9;Cotia, Embu das Artes, Embu-Guaçu, Itapecerica da Serra, Itapevi, Juquitiba, São Lourenço da Serra, Taboão da Serra, Vargem Grande Paulista;Fórum Itapevi;5;1ª Vara Cível, 2ª Vara Cível, Juizado Especial Cível e Criminal, Vara Criminal, Vara da Infância e Juventude;1ª Vara Cível, 2ª Vara Cível, Juizado Especial Cível e Criminal, Vara Criminal, Vara da Infância e Juventude
3522604;Itapira;72022;3522604;Itapira;3;Entrância Intermediária;Praça Coronel Souza Ferreira , s/n - Centro, 13970-906;-22.43196288464656;-46.77209427984348;7;7ª Mogi Mirim;4;4ª Campinas;72022;1;Itapira;8;Artur Nogueira, Conchal, Engenheiro Coelho, Estiva Gerbi, Holambra, Itapira, Mogi Guaçu, Mogi Mirim;Fórum I Itapira, Fórum II Itapira (CEJUSC);3;1ª Vara Judicial, 2ª Vara Judicial, Juizado Especial Cível e Criminal;1ª Vara Judicial, 2ª Vara Judicial, Juizado Especial Cível e Criminal
3522653;Itapirapuã Paulista;4306;3502705;Apiaí;0;Entrância Inicial;Praça Francisco Xavier da Rocha , 182 - Centro, 18320-000;-24.421467380540186;-48.817372200286705;49;49ª Itapeva;10;10ª Sorocaba;40624;5;Apiaí, Barra do Chapéu, Itapirapuã Paulista, Itaóca, Ribeira;16;Apiaí, Barra do Chapéu, Barão de Antonina, Bom Sucesso de Itararé, Buri, Itaberá, Itapeva, Itapirapuã Paulista, Itaporanga, Itararé, Itaóca, Nova Campina, Ribeira, Ribeirão Branco, Riversul, Taquarivaí;;0;;
3522703;Itápolis;39493;3522703;Itápolis;3;Entrância Inicial;Avenida dos Amaros , 800 - Centro, 14900-000;-21.548101493672625;-48.81546900656024;13;13ª Araraquara;6;6ª Ribeirão Preto;39493;1;Itápolis;14;Américo Brasiliense, Araraquara, Borborema, Dobrada, Gavião Peixoto, Iacanga, Ibitinga, Itápolis, Matão, Motuca, Nova Europa, Rincão, Santa Lúcia, Tabatinga;Fórum I da Comarca de Itápolis, Fórum II da Comarca de Itápolis (SEF - Setor de Execuções Fiscais), Fórum II da Comarca de Itápolis - Arquivo Geral, Fórum III da Comarca de Itápolis (CEJUSC);3;1ª Vara Judicial, 2ª Vara Judicial, Juizado Especial Cível;1ª Vara Judicial, 2ª Vara Judicial, Juizado Especial Cível
3522802;Itaporanga;14085;3522802;Itaporanga;2;Entrância Inicial;Avenida Santa Cruz , 59 - Centro, 18480-000;-23.672943964016543;-49.458483351562634;49;49ª Itapeva;10;10ª Sorocaba;23215;3;Barão de Antonina, Itaporanga, Riversul;16;Apiaí, Barra do Chapéu, Barão de Antonina, Bom Sucesso de Itararé, Buri, Itaberá, Itapeva, Itapirapuã Paulista, Itaporanga, Itararé, Itaóca, Nova Campina, Ribeira, Ribeirão Branco, Riversul, Taquarivaí;Fórum Itaporanga - [Residência Oficial], Fórum Itaporanga- DESEMBARGADOR PLÍNIO DE CARVALHO PINTO;2;Juizado Especial Cível e Criminal, Vara Única;Juizado Especial Cível e Criminal, Vara Única
3522901;Itapuí;13659;3525300;Jaú;8;Entrância Intermediária;Avenida Rodolpho Magnani , s/n - Centro, 17210-100;-22.296078899740348;-48.556055554380116;33;33ª Jaú;3;3ª Bauru;169645;4;Bocaina, Itapuí, Jaú, Mineiros do Tietê;12;Bariri, Barra Bonita, Bocaina, Boracéia, Dois Córregos, Igaraçu do Tietê, Itaju, Itapuí, Jaú, Macatuba, Mineiros do Tietê, Pederneiras;;0;;1ª Vara Criminal, 1ª Vara Cível, 2ª Vara Criminal, 2ª Vara Cível, 3ª Vara Cível, 4ª Vara Cível, Ofício do Juizado Especial Cível, Vara do Juizado Especial Cível e Criminal
3523008;Itapura;3979;3520442;Ilha Solteira;2;Entrância Inicial;Av. Brasil Norte , 1.680 - Zona Norte, 15385-136;-20.43142785339586;-51.25896808978956;37;37ª Andradina;2;2ª Araçatuba;29528;2;Ilha Solteira, Itapura;12;Andradina, Castilho, Guaraçaí, Ilha Solteira, Itapura, Lavínia, Mirandópolis, Murutinga do Sul, Nova Independência, Pereira Barreto, Sud Mennucci, Suzanápolis;;0;;1ª Vara, Juizado Especial Cível e Criminal
3523107;Itaquaquecetuba;369275;3523107;Itaquaquecetuba;0;Entrância Final;Estr. Santa Isabel , 1170-1194 - Jd Cláudia, 08570-080;-23.461458057813434;-46.33386379270395;45;45ª Mogi das Cruzes;1;1ª Grande São Paulo;369275;1;Itaquaquecetuba;7;Biritiba-Mirim, Ferraz de Vasconcelos, Guararema, Itaquaquecetuba, Mogi das Cruzes, Poá, Suzano;Fórum I Desembargador Mário Hoeppener Dutra - Itaquaquecetuba, Fórum II de Itaquaquecetuba (CEJUSC);0;;
3523206;Itararé;44438;3523206;Itararé;4;Entrância Inicial;Rua Frei Caneca , 982 - Vila Jurandir, 18460-164;-24.080508879353427;-49.30354756036551;49;49ª Itapeva;10;10ª Sorocaba;47993;2;Bom Sucesso de Itararé, Itararé;16;Apiaí, Barra do Chapéu, Barão de Antonina, Bom Sucesso de Itararé, Buri, Itaberá, Itapeva, Itapirapuã Paulista, Itaporanga, Itararé, Itaóca, Nova Campina, Ribeira, Ribeirão Branco, Riversul, Taquarivaí;Fórum Itararé (Dr. Antônio José Luciano Vieira);4;1ª Vara Judicial, 2ª Vara Judicial, Criminal e Fazenda Pública, Juizado Especial Cível;1ª Vara Judicial, 2ª Vara Judicial, Criminal e Fazenda Pública, Juizado Especial Cível
3523305;Itariri;15528;3523305;Itariri;2;Entrância Inicial;Rua Engº José Claret de Toledo Goulart , 41 - Centro, 11760-000;-24.292699162757536;-47.128140707910994;56;56ª Itanhaém;7;7ª Santos;26809;2;Itariri, Pedro de Toledo;5;Itanhaém, Itariri, Mongaguá, Pedro de Toledo, Peruíbe;Fórum Itariri;2;Juizado Especial Cível e Criminal, Vara Judicial;Juizado Especial Cível e Criminal, Vara Judicial
3523404;Itatiba;121590;3523404;Itatiba;4;Entrância Intermediária;Avenida Barão de Itapema , 181 - Centro, 13250-902;-23.006710595128183;-46.81431206915196;5;5ª Jundiaí;4;4ª Campinas;135310;2;Itatiba, Morungaba;12;Caieiras, Cajamar, Campo Limpo Paulista, Francisco Morato, Franco da Rocha, Itatiba, Itupeva, Jundiaí, Louveira, Morungaba, Vinhedo, Várzea Paulista;Fórum Itatiba;4;1ª Vara Cível, 2ª Vara Cível, Juizado Especial Cível e Criminal, Vara Criminal;1ª Vara Cível, 2ª Vara Cível, Juizado Especial Cível e Criminal, Vara Criminal
3523503;Itatinga;19070;3523503;Itatinga;1;Entrância Inicial;Rua São João , 410 - Vila Prete, 18690000;-23.153661867360277;-48.62936383858086;23;23ª Botucatu;3;3ª Bauru;19070;1;Itatinga;9;Anhembi, Areiópolis, Botucatu, Conchas, Itatinga, Pardinho, Pereiras, Pratânia, São Manuel;CEJUSC - Itatinga, Fórum de Itatinga, Fórum de Itatinga - (Juizado Especial Cível e Criminal);1;Vara Judicial;Vara Judicial
3523602;Itirapina;16148;3523602;Itirapina;3;Entrância Inicial;Rua 1 , 180 - Centro, 13530-000;-22.294590665197184;-47.8340598452895;9;9ª Rio Claro;4;4ª Campinas;20737;2;Analândia, Itirapina;8;Analândia, Brotas, Corumbataí, Ipeúna, Itirapina, Rio Claro, Santa Gertrudes, Torrinha;Comarca de Itirapina II (Anexo do JEC - UAAJ - ANALÂNDIA), Desembargador Lafayette Salles Júnior;3;Cartório da Vara Única (Seção Cível, Fazenda Pública e Família), Juizado Especial Cível e Criminal;Cartório da Vara Única (Seção Cível, Fazenda Pública e Família), Juizado Especial Cível e Criminal
3523701;Itirapuã;5779;3536307;Patrocínio Paulista;2;Entrância Inicial;Praça Nossa Senhora do Patrocínio , 1118 - centro, 14415-000;-20.70417980097383;-47.289394038380046;38;38ª Franca;6;6ª Ribeirão Preto;20291;2;Itirapuã, Patrocínio Paulista;10;Cristais Paulista, Franca, Itirapuã, Jeriquara, Patrocínio Paulista, Pedregulho, Restinga, Ribeirão Corrente, Rifaina, São José da Bela Vista;;0;;Juizado Especial Cível, Vara Judicial
3523800;Itobi;8046;3510807;Casa Branca;3;Entrância Intermediária;Praça Ministro Costa Manso , 78 - centro, 13700-000;-21.800543636164964;-47.08812578776758;43;43ª Casa Branca;6;6ª Ribeirão Preto;36129;2;Casa Branca, Itobi;10;Caconde, Casa Branca, Divinolândia, Itobi, Mococa, Santa Cruz das Palmeiras, São José do Rio Pardo, São Sebastião da Grama, Tambaú, Tapiratiba;;0;;1ª Vara Judicial, 2ª Vara Judicial, Oficio Judicial- Seção Criminal
3523909;Itu;168240;3523909;Itu;5;Entrância Final;Rua Luiz Bolognesi , s/n - Brasil, 13301-900;-23.307142541691867;-47.28460850116383;20;20ª Itu;10;10ª Sorocaba;168240;1;Itu;7;Boituva, Cabreúva, Indaiatuba, Iperó, Itu, Porto Feliz, Salto;Forum Juiz Antonio de Souza Barros, Fórum Itu II - (Juizado Especial Cível), Fórum Itu III - (Serviço Anexo das Fazendas), Fórum Itu IV -(Centro Judiciário de Conciliação de Conflito e Cidadania);5;1ª Vara Cível, 2ª Vara Criminal e do Júri, 2ª Vara Cível, 3ª Vara Cível, Vara da Família e das Sucessões;1ª Vara Cível, 2ª Vara Criminal e do Júri, 2ª Vara Cível, 3ª Vara Cível, Vara da Família e das Sucessões
3524006;Itupeva;70616;3524006;Itupeva;0;Entrância Inicial;Avenida Brasil , 1765, equina c/ Rua Arnaldo Zumstein - Jardim Brasil, 13296082;-23.14649173418924;-47.06838200626978;5;5ª Jundiaí;4;4ª Campinas;70616;1;Itupeva;12;Caieiras, Cajamar, Campo Limpo Paulista, Francisco Morato, Franco da Rocha, Itatiba, Itupeva, Jundiaí, Louveira, Morungaba, Vinhedo, Várzea Paulista;COMARCA DE ITUPEVA/SP;0;;
3524105;Ituverava;37571;3524105;Ituverava;3;Entrância Intermediária;Avenida Anhanguera , 778 - Cidade Universitária, 14500-000;-20.329521852376647;-47.80961034459608;40;40ª Ituverava;6;6ª Ribeirão Preto;37571;1;Ituverava;8;Aramina, Buritizal, Guará, Igarapava, Ipuã, Ituverava, Miguelópolis, São Joaquim da Barra;Fórum Ituverava;3;1ª Vara Judicial, 2ª Vara Judicial, Juizado Especial Cível;1ª Vara Judicial, 2ª Vara Judicial, Juizado Especial Cível
3524204;Jaborandi;6221;3512001;Colina;1;Entrância Inicial;Rua Nestor Silveira Guimarães , 45 - CECAP, 14770-000;-20.746170779314237;-48.588857511081365;14;14ª Barretos;8;8ª São José do Rio Preto;24707;2;Colina, Jaborandi;16;Altair, Barretos, Bebedouro, Cajobi, Colina, Colômbia, Embaúba, Guaraci, Guaíra, Jaborandi, Monte Azul Paulista, Olímpia, Paraíso, Severínia, Terra Roxa, Viradouro;;0;;Vara Judicial
3524303;Jaboticabal;71821;3524303;Jaboticabal;4;Entrância Final;Avenida Bento Vieira , 12 - Jardim Bela Vista, 14870-901;-21.21832462370609;-48.28793544272876;42;42ª Jaboticabal;6;6ª Ribeirão Preto;84046;3;Jaboticabal, Taiaçu, Taiúva;14;Cândido Rodrigues, Fernando Prestes, Guariba, Jaboticabal, Monte Alto, Pirangi, Pitangueiras, Pradópolis, Santa Ernestina, Taiaçu, Taiúva, Taquaral, Taquaritinga, Vista Alegre do Alto;Fórum Jaboticabal - Prédio II - JECC e Colégio Recursal, Fórum Jaboticabal - Prédio III - Setor Técnico (Psicossocial), Fórum da Comarca de Jaboticabal “Dr. Joaquim Antônio de Oliveira Neves”;4;1ª Vara Cível, 2ª Vara Cível, 3ª Vara Cível, Vara Criminal;1ª Vara Cível, 2ª Vara Cível, 3ª Vara Cível, Vara Criminal
3524402;Jacareí;240275;3524402;Jacareí;7;Entrância Final;Praça dos Três Poderes , s/n - Centro, 12327-902;-23.29889086135929;-45.990471909179355;46;46ª São José dos Campos;9;9ª São José dos Campos;240275;1;Jacareí;7;Jacareí, Monteiro Lobato, Natividade da Serra, Paraibuna, Salesópolis, Santa Branca, São José dos Campos;Fórum Jacareí I - (Armando Salles de Oliveira), Fórum Jacareí II - (Juizado Especial Cível e Criminal), Fórum Jacareí III - Vara da Fazenda Pública;7;1.ª Vara Criminal, 1.ª Vara Cível, 1.ª Vara da Família e das Sucessões, 2.ª Vara Criminal, 2.ª Vara Cível, 2.ª Vara da Família e das Sucessões, 3.ª Vara Cível;1.ª Vara Criminal, 1.ª Vara Cível, 1.ª Vara da Família e das Sucessões, 2.ª Vara Criminal, 2.ª Vara Cível, 2.ª Vara da Família e das Sucessões, 3.ª Vara Cível
3524501;Jaci;7613;3530300;Mirassol;4;Entrância Intermediária;Rua São Sebastião , 19-39 - Centro, 15130-000;-20.82764541913081;-49.504245734667414;16;16ª São José do Rio Preto;8;8ª São José do Rio Preto;85215;4;Bálsamo, Jaci, Mirassol, Mirassolândia;33;Adolfo, Américo de Campos, Bady Bassitt, Bálsamo, Cedral, Cosmorama, Guapiaçu, Icém, Ipiguá, Jaci, José Bonifácio, Macaubal, Mendonça, Mirassol, Mirassolândia, Monte Aprazível, Neves Paulista, Nipoã, Nova Aliança, Nova Granada, Onda Verde, Orindiúva, Palestina, Paulo de Faria, Poloni, Potirendaba, Riolândia, Sebastianópolis do Sul, São José do Rio Preto, Tanabi, Ubarana, Uchoa, União Paulista;;0;;1ª Vara Judicial, 2ª Vara Judicial, 3ª Vara Judicial, Assistente Judiciário da 1ª Vara Judicial
3524600;Jacupiranga;16097;3524600;Jacupiranga;3;Entrância Inicial;Avenida Presidente Kennedy , 299 - Centro, 11940-000;-24.777362691455508;-48.05387553699498;21;21ª Registro;7;7ª Santos;51488;3;Barra do Turvo, Cajati, Jacupiranga;13;Barra do Turvo, Cajati, Cananéia, Eldorado, Iguape, Ilha Comprida, Iporanga, Jacupiranga, Juquiá, Miracatu, Pariquera-Açu, Registro, Sete Barras;Fórum Jacupiranga I, Fórum Jacupiranga II (Anexo do JEC – Barra do Turvo) (inativado);3;1ª Vara Judicial, 2ª Vara Judicial, Juizado Especial Cível e Criminal;1ª Vara Judicial, 2ª Vara Judicial, Juizado Especial Cível e Criminal
3524709;Jaguariúna;59347;3524709;Jaguariúna;3;Entrância Intermediária;Rua Santo Antônio de Posse , 259 - Jd. Dom Bosco (Loteamento Prefeitura), 13911-016;-22.69198172519324;-47.01277433842352;54;54ª Amparo;4;4ª Campinas;82591;2;Jaguariúna, Santo Antônio de Posse;9;Amparo, Jaguariúna, Lindóia, Monte Alegre do Sul, Pedreira, Santo Antônio de Posse, Serra Negra, Socorro, Águas de Lindóia;Fórum I Jaguariúna (Prédio Principal), Fórum II Jaguariúna (Prédio Anexo do Juizado), Fórum III Jaguariúna (CEJUSC - UniFAJ) - (Sala na Faculdade de Jaguariúna);3;1ª Vara Judicial, 2ª Vara Judicial, Juizado Especial Cível e Criminal;1ª Vara Judicial, 2ª Vara Judicial, Juizado Especial Cível e Criminal
3524808;Jales;48776;3524808;Jales;5;Entrância Final;Rua Nove , 2.231 - Centro, 15700-018;-20.28581840738815;-50.55409741241927;55;55ª Jales;2;2ª Araçatuba;68693;7;Dirce Reis, Jales, Mesópolis, Paranapuã, Pontalinda, Santa Albertina, Vitória Brasil;23;Aparecida d'Oeste, Aspásia, Auriflama, Dirce Reis, Guzolândia, Jales, Marinópolis, Mesópolis, Nova Canaã Paulista, Palmeira d'Oeste, Paranapuã, Pontalinda, Rubinéia, Santa Albertina, Santa Clara d'Oeste, Santa Fé do Sul, Santa Rita d'Oeste, Santa Salete, Santana da Ponte Pensa, São Francisco, Três Fronteiras, Urânia, Vitória Brasil;"FÓRUM ""DR. JOVIANO PACHECO AGUIRRE"" - JALES, FÓRUM JALES - PRÉDIO II, FÓRUM JALES - PRÉDIO III (CEJUSC), FÓRUM JALES - PRÉDIO IV (UDAJ - UNIJALES)";5;1ª Vara Criminal, 1ª Vara Cível, 2ª Vara Criminal, 2ª Vara Cível, 3ª Vara Cível;1ª Vara Criminal, 1ª Vara Cível, 2ª Vara Criminal, 2ª Vara Cível, 3ª Vara Cível
3524907;Jambeiro;6397;3508504;Caçapava;2;Entrância Intermediária;Rua Marques do Herval , 269 - Centro, 12281-050;-23.103740331551936;-45.71330757806802;47;47ª Taubaté;9;9ª São José dos Campos;102599;2;Caçapava, Jambeiro;11;Campos do Jordão, Caçapava, Jambeiro, Lagoinha, Pindamonhangaba, Redenção da Serra, Santo Antônio do Pinhal, São Bento do Sapucaí, São Luiz do Paraitinga, Taubaté, Tremembé;;0;;1ª Vara Cível, 2ª Vara Cível
3525003;Jandira;118045;3525003;Jandira;3;Entrância Intermediária;Avenida Antonio Bardella , 401 - JD. SÃO LUIZ, 06618-000;-23.544151647623032;-46.89968410506778;4;4ª Osasco;1;1ª Grande São Paulo;118045;1;Jandira;6;Barueri, Carapicuíba, Jandira, Osasco, Pirapora do Bom Jesus, Santana de Parnaíba;Fórum de Jandira Des. CID NORBERTO VIEIRA DE SOUZA;3;1ª Vara Judicial, 2ª Vara Judicial, Juizado Especial Cível;1ª Vara Judicial, 2ª Vara Judicial, Juizado Especial Cível
3525102;Jardinópolis;45282;3525102;Jardinópolis;3;Entrância Inicial;Rua Sete de Setembro , 241 - Centro, 14680000;-20.992048702032452;-47.82602059031649;41;41ª Ribeirão Preto;6;6ª Ribeirão Preto;45282;1;Jardinópolis;16;Barrinha, Cajuru, Cravinhos, Cássia dos Coqueiros, Dumont, Guatapará, Jardinópolis, Luís Antônio, Pontal, Ribeirão Preto, Santa Cruz da Esperança, Santa Rosa de Viterbo, Serra Azul, Serrana, Sertãozinho, São Simão;CEJUSC Jardinópolis II, Fórum Jardinópolis I, Jardinópolis III (Residência Oficial);3;1ª Vara, 2ª Vara Judicial, Vara Judicial;1ª Vara, 2ª Vara Judicial, Vara Judicial
3525201;Jarinu;37535;3525201;Jarinu;1;Entrância Inicial;Avenida Dr. Antenor Soares Gandra , 465 - Jardim da Saúde, 13240-000;-23.11196977720035;-46.721309807264;6;6ª Bragança Paulista;4;4ª Campinas;37535;1;Jarinu;11;Atibaia, Bom Jesus dos Perdões, Bragança Paulista, Jarinu, Joanópolis, Nazaré Paulista, Pedra Bela, Pinhalzinho, Piracaia, Tuiuti, Vargem;"Fórum ""Desembargador Antonio Joaquim de Oliveira"", Fórum II de Jarinu (CEJUSC)";1;Vara Judicial;Vara Judicial
3525300;Jaú;133497;3525300;Jaú;8;Entrância Intermediária;Avenida Rodolpho Magnani , s/n - Centro, 17210-100;-22.296078899740348;-48.556055554380116;33;33ª Jaú;3;3ª Bauru;169645;4;Bocaina, Itapuí, Jaú, Mineiros do Tietê;12;Bariri, Barra Bonita, Bocaina, Boracéia, Dois Córregos, Igaraçu do Tietê, Itaju, Itapuí, Jaú, Macatuba, Mineiros do Tietê, Pederneiras;Fórum Jaú I - Antonio Hermógenes Altenfelder Silva, Fórum Jaú II, Fórum Jaú II (CEJUSC), Fórum Jaú II - Setor Técnico de Psicologia e Assistentes Sociais, Fórum Jaú III (Anexo do JEC - FJAU);8;1ª Vara Criminal, 1ª Vara Cível, 2ª Vara Criminal, 2ª Vara Cível, 3ª Vara Cível, 4ª Vara Cível, Ofício do Juizado Especial Cível, Vara do Juizado Especial Cível e Criminal;1ª Vara Criminal, 1ª Vara Cível, 2ª Vara Criminal, 2ª Vara Cível, 3ª Vara Cível, 4ª Vara Cível, Ofício do Juizado Especial Cível, Vara do Juizado Especial Cível e Criminal
3525409;Jeriquara;3863;3537008;Pedregulho;3;Entrância Inicial;Praça Padre Luís Sávio , s/n - centro, 14470-000;-20.205591939297193;-47.43906022128376;38;38ª Franca;6;6ª Ribeirão Preto;23437;3;Jeriquara, Pedregulho, Rifaina;10;Cristais Paulista, Franca, Itirapuã, Jeriquara, Patrocínio Paulista, Pedregulho, Restinga, Ribeirão Corrente, Rifaina, São José da Bela Vista;;0;;Juizado Especial Cível, Juizado Especial Cível e Criminal de Pedregulho, Vara Judicial
3525508;Joanópolis;12815;3538600;Piracaia;4;Entrância Inicial;Rua Benedito Vieira da Silva , 300 - Centro, 12970-000;-23.046870727700668;-46.302275985553024;6;6ª Bragança Paulista;4;4ª Campinas;38844;2;Joanópolis, Piracaia;11;Atibaia, Bom Jesus dos Perdões, Bragança Paulista, Jarinu, Joanópolis, Nazaré Paulista, Pedra Bela, Pinhalzinho, Piracaia, Tuiuti, Vargem;;0;;1ª Vara Judicial, 2ª Vara Judicial, Gabinetes da Primeira Vara e Segunda Vara, Juizado Especial Cível e Criminal
3525607;João Ramalho;4371;3541703;Quatá;2;Entrância Inicial;Avenida Rui Barbosa , 844 - Centro, 19780-000;-22.20593754498056;-50.64529560834002;26;26ª Assis;5;5ª Presidente Prudente;17534;2;João Ramalho, Quatá;18;Assis, Borá, Campos Novos Paulista, Cruzália, Cândido Mota, Echaporã, Florínia, Ibirarema, João Ramalho, Lutécia, Maracaí, Oscar Bressane, Palmital, Paraguaçu Paulista, Pedrinhas Paulista, Platina, Quatá, Tarumã;;0;;Juizado Especial Cível, Vara Judicial
3525706;José Bonifácio;36633;3525706;José Bonifácio;0;Entrância Inicial;Av. Campos  Sales, , 341 - centro, 15200-000;-21.08936590148044;-49.77931545827638;16;16ª São José do Rio Preto;8;8ª São José do Rio Preto;52508;4;Adolfo, José Bonifácio, Mendonça, Ubarana;33;Adolfo, Américo de Campos, Bady Bassitt, Bálsamo, Cedral, Cosmorama, Guapiaçu, Icém, Ipiguá, Jaci, José Bonifácio, Macaubal, Mendonça, Mirassol, Mirassolândia, Monte Aprazível, Neves Paulista, Nipoã, Nova Aliança, Nova Granada, Onda Verde, Orindiúva, Palestina, Paulo de Faria, Poloni, Potirendaba, Riolândia, Sebastianópolis do Sul, São José do Rio Preto, Tanabi, Ubarana, Uchoa, União Paulista;Fórum José Bonifácio - II (CEJUSC), Fórum José Bonifácio I (Principal), Fórum José Bonifácio Prédio IV - (Setor Anexo Fiscal), Fórum José Bonifácio [Desativado];0;;
3525805;Júlio Mesquita;4254;3508801;Cafelândia;2;Entrância Inicial;Avenida Dionísia Zucchi , 330 - centro, 16503034;-21.73114693151187;-49.54869177106413;35;35ª Lins;2;2ª Araçatuba;27335;3;Cafelândia, Guarantã, Júlio Mesquita;9;Cafelândia, Getulina, Guaimbê, Guaiçara, Guarantã, Júlio Mesquita, Lins, Promissão, Sabino;;0;;Ofício Judicial (vara única), Vara Judicial
3525854;Jumirim;3056;3554508;Tietê;3;Entrância Inicial;Av. XI de Agosto , 130 - centro, 18530-000;-23.04941193912659;-47.70766937978773;34;34ª Piracicaba;4;4ª Campinas;40719;2;Jumirim, Tietê;16;Capivari, Cerquilho, Charqueada, Elias Fausto, Jumirim, Laranjal Paulista, Mombuca, Monte Mor, Piracicaba, Rafard, Rio das Pedras, Saltinho, Santa Maria da Serra, São Pedro, Tietê, Águas de São Pedro;;0;;1ª Vara Judicial, 2ª Vara Judicial, Juizado Especial Cível
3525904;Jundiaí;443221;3525904;Jundiaí;17;Entrância Final;Largo São Bento , s/nº - Centro, 13201-035;-23.194607493643787;-46.913012423273564;5;5ª Jundiaí;4;4ª Campinas;443221;1;Jundiaí;12;Caieiras, Cajamar, Campo Limpo Paulista, Francisco Morato, Franco da Rocha, Itatiba, Itupeva, Jundiaí, Louveira, Morungaba, Vinhedo, Várzea Paulista;Fórum Jundiaí I - (Principal), Fórum Jundiaí II - (Anexo Fiscal), Fórum Jundiaí III - (Anexo do JEC – FACULD. DIREITO PE. ANCHIETA);17;1ª Vara Criminal, 1ª Vara Cível, 1ª Vara da Família e das Sucessões, 2ª Vara Criminal, 2ª Vara Cível, 2ª Vara da Família e das Sucessões, 3ª Vara Criminal, 3ª Vara Cível, 3ª Vara da Família e das Sucessões, 4ª Vara Cível, 5ª Vara Cível, 6ª Vara Cível, Execuções Criminais e da Infância e da Juventude, Juizado Especial Cível, Vara da Fazenda Pública, Vara do Juizado Especial Cível, Vara do Júri;1ª Vara Criminal, 1ª Vara Cível, 1ª Vara da Família e das Sucessões, 2ª Vara Criminal, 2ª Vara Cível, 2ª Vara da Família e das Sucessões, 3ª Vara Criminal, 3ª Vara Cível, 3ª Vara da Família e das Sucessões, 4ª Vara Cível, 5ª Vara Cível, 6ª Vara Cível, Execuções Criminais e da Infância e da Juventude, Juizado Especial Cível, Vara da Fazenda Pública, Vara do Juizado Especial Cível, Vara do Júri
3526001;Junqueirópolis;20448;3526001;Junqueirópolis;2;Entrância Inicial;Avenida 7 de Setembro , 1237 - Centro, 17890-000;-21.448922591576313;-51.43506041662064;29;29ª Dracena;5;5ª Presidente Prudente;20448;1;Junqueirópolis;13;Dracena, Flora Rica, Irapuru, Junqueirópolis, Monte Castelo, Nova Guataporanga, Ouro Verde, Pacaembu, Panorama, Paulicéia, Santa Mercedes, São João do Pau d'Alho, Tupi Paulista;Fórum II Junqueirópolis (CEJUSC), Fórum Junqueirópolis;2;Juizado Especial Cível, Vara Judicial;Juizado Especial Cível, Vara Judicial
3526100;Juquiá;17154;3526100;Juquiá;2;Entrância Inicial;Rua Major Martins Coelho , 439 - Centro, 11800-000;-24.213669496574166;-47.65226402519442;21;21ª Registro;7;7ª Santos;17154;1;Juquiá;13;Barra do Turvo, Cajati, Cananéia, Eldorado, Iguape, Ilha Comprida, Iporanga, Jacupiranga, Juquiá, Miracatu, Pariquera-Açu, Registro, Sete Barras;Fórum Juquiá;2;Juizado Especial Cível, Vara Judicial;Juizado Especial Cível, Vara Judicial
3526209;Juquitiba;27404;3522208;Itapecerica da Serra;5;Entrância Final;Rua Major Matheus Rotger Domingues , 155 - Centro, 06850-850;-23.7371989373332;-46.85880519659345;52;52ª Itapecerica da Serra;1;1ª Grande São Paulo;201993;3;Itapecerica da Serra, Juquitiba, São Lourenço da Serra;9;Cotia, Embu das Artes, Embu-Guaçu, Itapecerica da Serra, Itapevi, Juquitiba, São Lourenço da Serra, Taboão da Serra, Vargem Grande Paulista;Foro de Juquitiba;0;;1ª Vara Judicial, 2ª Vara Judicial, 3ª Vara Judicial, 4ª Vara, Juizado Especial Cível
3526308;Lagoinha;5083;3550001;São Luiz do Paraitinga;2;Entrância Inicial;Via de Acesso Vereador José Adolfo Pinto de Souza , s/n - Várzea dos Passarinhos, 12140-000;-23.24010373087899;-45.253825305919165;47;47ª Taubaté;9;9ª São José dos Campos;15420;2;Lagoinha, São Luiz do Paraitinga;11;Campos do Jordão, Caçapava, Jambeiro, Lagoinha, Pindamonhangaba, Redenção da Serra, Santo Antônio do Pinhal, São Bento do Sapucaí, São Luiz do Paraitinga, Taubaté, Tremembé;;0;;Juizado Especial Cível e Criminal, Vara Judicial
3526407;Laranjal Paulista;26261;3526407;Laranjal Paulista;2;Entrância Inicial;Avenida Prefeito Hermelindo Pillon , s/n - Jardim Elite, 18500-000;-23.012174981902223;-47.86568338573177;34;34ª Piracicaba;4;4ª Campinas;26261;1;Laranjal Paulista;16;Capivari, Cerquilho, Charqueada, Elias Fausto, Jumirim, Laranjal Paulista, Mombuca, Monte Mor, Piracicaba, Rafard, Rio das Pedras, Saltinho, Santa Maria da Serra, São Pedro, Tietê, Águas de São Pedro;Fórum Deputado José Costa, Fórum II Laranjal Paulista (Residência Oficial) (Desativado);2;Juizado Especial Cível, Vara Judicial;Juizado Especial Cível, Vara Judicial
3526506;Lavínia;9689;3530102;Mirandópolis;3;Entrância Inicial;Rua Adelino Minari , 726 - Centro, 16800-000;-21.081085580381888;-51.13053190689215;37;37ª Andradina;2;2ª Araçatuba;45113;3;Guaraçaí, Lavínia, Mirandópolis;12;Andradina, Castilho, Guaraçaí, Ilha Solteira, Itapura, Lavínia, Mirandópolis, Murutinga do Sul, Nova Independência, Pereira Barreto, Sud Mennucci, Suzanápolis;;0;;1ª Vara Judicial, 2ª Vara Judicial, Juizado Especial Cível e Criminal
3526605;Lavrinhas;7171;3513405;Cruzeiro;4;Entrância Intermediária;Rua Francisco Marzano , 100 - Vila Celestina, 12710-900;-22.551429992324532;-45.00628763693636;48;48ª Guaratinguetá;9;9ª São José dos Campos;82132;2;Cruzeiro, Lavrinhas;17;Aparecida, Arapeí, Areias, Bananal, Cachoeira Paulista, Canas, Cruzeiro, Cunha, Guaratinguetá, Lavrinhas, Lorena, Piquete, Potim, Queluz, Roseira, Silveiras, São José do Barreiro;;0;;1ª Vara Judicial, 2ª Vara Judicial, 3ª Vara Judicial, Vara do Juizado Especial Cível e Criminal
3526704;Leme;98161;3526704;Leme;4;Entrância Intermediária;Rua Bernardino de Campos , 770 - Centro, 13610-901;-22.17215228531323;-47.33762495195449;11;11ª Pirassununga;4;4ª Campinas;102438;2;Leme, Santa Cruz da Conceição;5;Leme, Pirassununga, Porto Ferreira, Santa Cruz da Conceição, Santa Rita do Passa Quatro;Fórum Dr Oscar Ulson, Fórum II Leme - (Juizado Especial), Fórum III Leme - (CEJUSC), Fórum III Leme - (CEJUSC) - Desativado, Fórum IV Leme - (Anexo do JEC - UNIFIAN);4;1ª Vara Judicial, 2ª Vara Judicial, 3ª Vara Judicial, Vara Criminal;1ª Vara Judicial, 2ª Vara Judicial, 3ª Vara Judicial, Vara Criminal
3526803;Lençóis Paulista;66505;3526803;Lençóis Paulista;4;Entrância Intermediária;Rua Anita Garibaldi , 797 - Centro, 18682-043;-22.676114210633273;-48.82502735542949;32;32ª Bauru;3;3ª Bauru;69218;2;Borebi, Lençóis Paulista;18;Agudos, Arealva, Avaí, Balbinos, Bauru, Borebi, Cabrália Paulista, Duartina, Lençóis Paulista, Lucianópolis, Paulistânia, Pirajuí, Piratininga, Pongaí, Presidente Alves, Reginópolis, Ubirajara, Uru;Centro Judiciário de Solução de Conflitos e Cidadania da Comarca de Lençóis Pta., Fórum Lençóis Paulista I - (Octávio Pinheiro Brizola), Setor das Execuções Fiscais da Comarca de Lençóis Paulista;4;1ª Vara Judicial, 2ª Vara Judicial, 3ª Vara Judicial, Juizado Especial Cível;1ª Vara Judicial, 2ª Vara Judicial, 3ª Vara Judicial, Juizado Especial Cível
3526902;Limeira;291869;3526902;Limeira;7;Entrância Final;VIA ANTONIO CRUÃNES FILHO , 300 - JD STA CECILIA, 13480-672;-22.598515429763935;-47.363708573768164;10;10ª Limeira;4;4ª Campinas;313836;2;Iracemápolis, Limeira;4;Araras, Cordeirópolis, Iracemápolis, Limeira;FORUM DA COMARCA DE LIMEIRA I (CÍVEL), FÓRUM DA COMARCA DE LIMEIRA II (CRIMINAL), FÓRUM DA COMARCA DE LIMEIRA III (CEJUSC), FÓRUM DA COMARCA DE LIMEIRA IV (Anexo do JEC - UAAJ - IRACEMÁPOLIS), LIMEIRA (Desativado), LIMERIA (Desativado);7;1ª Vara Criminal, 1ª Vara Cível, 2ª Vara Criminal, 2ª Vara Cível, 3ª Vara Criminal, 3ª Vara Cível, 4ª Vara Cível;1ª Vara Criminal, 1ª Vara Cível, 2ª Vara Criminal, 2ª Vara Cível, 3ª Vara Criminal, 3ª Vara Cível, 4ª Vara Cível
3527009;Lindóia;7014;3500501;Águas de Lindóia;1;Entrância Inicial;Rua Francisco Spartani , 66 - Jd. Le Villete, 13940-000;-22.474824935145158;-46.6036501530808;54;54ª Amparo;4;4ª Campinas;24944;2;Lindóia, Águas de Lindóia;9;Amparo, Jaguariúna, Lindóia, Monte Alegre do Sul, Pedreira, Santo Antônio de Posse, Serra Negra, Socorro, Águas de Lindóia;;0;;Vara Judicial
3527108;Lins;74779;3527108;Lins;7;Entrância Final;Rua Gil Pimentel Moura , 51 - Jd. Americano, 16400-920;-21.64974272953653;-49.682862150569854;35;35ª Lins;2;2ª Araçatuba;91130;3;Guaiçara, Lins, Sabino;9;Cafelândia, Getulina, Guaimbê, Guaiçara, Guarantã, Júlio Mesquita, Lins, Promissão, Sabino;Fórum Lins I, Fórum Lins II - Arquivo e Depósito, Fórum Lins III - CEJUSC, Fórum Lins IV - CEJUSC (Polícia);7;1ª Vara Criminal, 1ª Vara Cível, 2ª Vara Criminal, 2ª Vara Cível, 3ª Vara Cível, Ofício do Juizado Especial Cível, Vara do Juizado Especial Cível;1ª Vara Criminal, 1ª Vara Cível, 2ª Vara Criminal, 2ª Vara Cível, 3ª Vara Cível, Ofício do Juizado Especial Cível, Vara do Juizado Especial Cível
3527207;Lorena;84855;3527207;Lorena;4;Entrância Intermediária;Rua Doutor Epitácio Santiago , 99 - Centro, 12600-530;-22.793969750744992;-45.059992568195845;48;48ª Guaratinguetá;9;9ª São José dos Campos;89786;2;Canas, Lorena;17;Aparecida, Arapeí, Areias, Bananal, Cachoeira Paulista, Canas, Cruzeiro, Cunha, Guaratinguetá, Lavrinhas, Lorena, Piquete, Potim, Queluz, Roseira, Silveiras, São José do Barreiro;Fórum Lorena, Fórum Lorena II - (CEJUSC - Prédio do Mercado Municipal de Lorena), Fórum Lorena III - (Setor de Execução Fiscal);4;1ª Vara Judicial, 2ª Vara Judicial, 3ª Vara Judicial, Juizado Especial Cível e Criminal;1ª Vara Judicial, 2ª Vara Judicial, 3ª Vara Judicial, Juizado Especial Cível e Criminal
3527256;Lourdes;1950;3508108;Buritama;2;Entrância Inicial;Avenida Frei Marcelo Manilia , 739 - Centro, 15290-000;-21.04911063253764;-50.20022395961086;36;36ª Araçatuba;2;2ª Araçatuba;28059;5;Buritama, Lourdes, Planalto, Turiúba, Zacarias;26;Alto Alegre, Araçatuba, Avanhandava, Barbosa, Bento de Abreu, Bilac, Birigui, Braúna, Brejo Alegre, Buritama, Clementina, Coroados, Gabriel Monteiro, Glicério, Guararapes, Lourdes, Luiziânia, Penápolis, Piacatu, Planalto, Rubiácea, Santo Antônio do Aracanguá, Santópolis do Aguapeí, Turiúba, Valparaíso, Zacarias;;0;;Juizado Especial Cível e Criminal, Vara Cível
3527306;Louveira;51847;3527306;Louveira;0;Entrância Inicial;Rua Antonio Schiamanna , 126 - Vila Nova, 13290-024;-23.084042066600194;-46.93761033191455;5;5ª Jundiaí;4;4ª Campinas;51847;1;Louveira;12;Caieiras, Cajamar, Campo Limpo Paulista, Francisco Morato, Franco da Rocha, Itatiba, Itupeva, Jundiaí, Louveira, Morungaba, Vinhedo, Várzea Paulista;Desembargador Lourenço Agostinho Abbá Filho;0;;
3527405;Lucélia;20061;3527405;Lucélia;1;Entrância Inicial;Praça José Firpo , s/nº - Centro, 17780-000;-21.64413223391868;-50.99165950606271;30;30ª Tupã;5;5ª Presidente Prudente;26254;3;Inúbia Paulista, Lucélia, Pracinha;17;Adamantina, Arco-Íris, Bastos, Flórida Paulista, Herculândia, Iacri, Inúbia Paulista, Lucélia, Mariápolis, Osvaldo Cruz, Parapuã, Pracinha, Queiroz, Rinópolis, Sagres, Salmourão, Tupã;Fórum Lucéila (Juizado Especial), Fórum Lucélia;1;Juizado Especial Cível e Criminal;Juizado Especial Cível e Criminal
3527504;Lucianópolis;2372;3514502;Duartina;2;Entrância Inicial;Rua Sete de Setembro , 486 - centro, 17470-000;-22.393295039545052;-49.41335781419527;32;32ª Bauru;3;3ª Bauru;24131;4;Cabrália Paulista, Duartina, Lucianópolis, Ubirajara;18;Agudos, Arealva, Avaí, Balbinos, Bauru, Borebi, Cabrália Paulista, Duartina, Lençóis Paulista, Lucianópolis, Paulistânia, Pirajuí, Piratininga, Pongaí, Presidente Alves, Reginópolis, Ubirajara, Uru;;0;;Juizado Especial Cível e Criminal, Vara Judicial
3527603;Luís Antônio;12265;3550902;São Simão;3;Entrância Inicial;Rua Marechal Deodoro da Fonseca , 553 - Centro, 14200-000;-21.461533358169156;-47.56827521478883;41;41ª Ribeirão Preto;6;6ª Ribeirão Preto;25707;2;Luís Antônio, São Simão;16;Barrinha, Cajuru, Cravinhos, Cássia dos Coqueiros, Dumont, Guatapará, Jardinópolis, Luís Antônio, Pontal, Ribeirão Preto, Santa Cruz da Esperança, Santa Rosa de Viterbo, Serra Azul, Serrana, Sertãozinho, São Simão;;0;;Juizado Especial Cível e Criminal, Vara Judicial - Cartório Criminal/Infância, Vara Judicial - Cartório Cível/Distribuidor/Ex. Fiscal
3527702;Luiziânia;4701;3537305;Penápolis;5;Entrância Intermediária;Praça Doutor Carlos Sampaio Filho , 190 - Centro, 16300-000;-21.405402830387295;-50.0956961896093;36;36ª Araçatuba;2;2ª Araçatuba;96618;7;Alto Alegre, Avanhandava, Barbosa, Braúna, Glicério, Luiziânia, Penápolis;26;Alto Alegre, Araçatuba, Avanhandava, Barbosa, Bento de Abreu, Bilac, Birigui, Braúna, Brejo Alegre, Buritama, Clementina, Coroados, Gabriel Monteiro, Glicério, Guararapes, Lourdes, Luiziânia, Penápolis, Piacatu, Planalto, Rubiácea, Santo Antônio do Aracanguá, Santópolis do Aguapeí, Turiúba, Valparaíso, Zacarias;;0;;1ª Vara Judicial, 2ª Vara Judicial, 3ª Vara Judicial, 4ª Vara Judicial, Vara do Juizado Especial Cível e Criminal
3527801;Lupércio;3981;3516705;Garça;4;Entrância Inicial;Praça Doutor Martino Funchal de Barros , 50 - Willians, 17402-059;-22.23104003516052;-49.689635238555574;31;31ª Marília;5;5ª Presidente Prudente;53784;4;Alvinlândia, Garça, Lupércio, Álvaro de Carvalho;12;Alvinlândia, Fernão, Garça, Gália, Lupércio, Marília, Ocauçu, Oriente, Pompéia, Quintana, Vera Cruz, Álvaro de Carvalho;;0;;1ª Vara judicial, 2ª Vara Judicial, 3ª Vara Judicial, Juizado Especial Cível e Criminal
3527900;Lutécia;2661;3535507;Paraguaçu Paulista;1;Entrância Inicial;Avenida Siqueira Campos , 1429 - Vila Affini, 19703-001;-22.459088909114485;-50.626560899858546;26;26ª Assis;5;5ª Presidente Prudente;47158;4;Borá, Lutécia, Oscar Bressane, Paraguaçu Paulista;18;Assis, Borá, Campos Novos Paulista, Cruzália, Cândido Mota, Echaporã, Florínia, Ibirarema, João Ramalho, Lutécia, Maracaí, Oscar Bressane, Palmital, Paraguaçu Paulista, Pedrinhas Paulista, Platina, Quatá, Tarumã;;0;;Juizado Especial Cível e Criminal
3528007;Macatuba;16829;3528007;Macatuba;2;Entrância Inicial;Rua Sergipe , 1-36 - Jd. Panorama, 17290-326;-22.48712773915167;-48.71937639327495;33;33ª Jaú;3;3ª Bauru;16829;1;Macatuba;12;Bariri, Barra Bonita, Bocaina, Boracéia, Dois Córregos, Igaraçu do Tietê, Itaju, Itapuí, Jaú, Macatuba, Mineiros do Tietê, Pederneiras;Fórum Desembargador José Gonçalves Sobrinho;2;Juizado Especial Civel, Vara Judicial;Juizado Especial Civel, Vara Judicial
3528106;Macaubal;7481;3528106;Macaubal;1;Entrância Inicial;Rua Sebastião Dib , 668 - Centro, 15270-000;-20.83793023133331;-49.97500542283497;16;16ª São José do Rio Preto;8;8ª São José do Rio Preto;12214;3;Macaubal, Sebastianópolis do Sul, União Paulista;33;Adolfo, Américo de Campos, Bady Bassitt, Bálsamo, Cedral, Cosmorama, Guapiaçu, Icém, Ipiguá, Jaci, José Bonifácio, Macaubal, Mendonça, Mirassol, Mirassolândia, Monte Aprazível, Neves Paulista, Nipoã, Nova Aliança, Nova Granada, Onda Verde, Orindiúva, Palestina, Paulo de Faria, Poloni, Potirendaba, Riolândia, Sebastianópolis do Sul, São José do Rio Preto, Tanabi, Ubarana, Uchoa, União Paulista;Fórum Macaubal I, Fórum Macaubal II - (JECC e Psicossocial), Fórum Macaubal II - (Juizado Especial);1;Vara Judicial;Vara Judicial
3528205;Macedônia;3963;3515509;Fernandópolis;8;Entrância Final;Avenida Raul Gonçalves Júnior , 850 - Jardim Santa Rita, 15610-000;-20.271768816132493;-50.28301523035687;18;18ª Fernandópolis;8;8ª São José do Rio Preto;82508;4;Fernandópolis, Macedônia, Meridiano, Pedranópolis;15;Dolcinópolis, Estrela dOeste, Fernandópolis, General Salgado, Guarani d'Oeste, Indiaporã, Macedônia, Meridiano, Nova Castilho, Ouroeste, Pedranópolis, Populina, São João das Duas Pontes, São João de Iracema, Turmalina;;0;;1ª Vara Criminal, 1ª Vara Criminal e da Infância e Juventude, 1ª vara Cível, 2ª Vara Criminal, 2ª Vara Cível, 3ª Vara Cível, Ofício do Juizado Especial Cível e Criminal, Vara do Juizado Especial Cível e Criminal
3528304;Magda;3165;3532603;Nhandeara;2;Entrância Inicial;Rua Raul Cardoso de Souza, 197 , 197 - centro, 15190-000;-20.673084031165907;-50.04681391050434;17;17ª Votuporanga;8;8ª São José do Rio Preto;23776;6;Floreal, Gastão Vidigal, Magda, Monções, Nhandeara, Nova Luzitânia;13;Cardoso, Floreal, Gastão Vidigal, Magda, Mira Estrela, Monções, Nhandeara, Nova Luzitânia, Parisi, Pontes Gestal, Valentim Gentil, Votuporanga, Álvares Florence;;0;;Vara Criminal, Vara Cível
3528403;Mairinque;50027;3528403;Mairinque;1;Entrância Intermediária;Avenida Doutor Gaspar Ricardo Jr. , 185 - Centro, 18120-000;-23.50796877902965;-47.229278565440616;19;19ª Sorocaba;10;10ª Sorocaba;67328;2;Alumínio, Mairinque;12;Alumínio, Araçariguama, Araçoiaba da Serra, Ibiúna, Mairinque, Piedade, Pilar do Sul, Salto de Pirapora, Sorocaba, São Roque, Tapiraí, Votorantim;Fórum Mairinque;1;Juizado Especial Cível e Criminal;Juizado Especial Cível e Criminal
3528502;Mairiporã;93853;3528502;Mairiporã;3;Entrância Inicial;Rua Doutor José Adriano Marrey Jr. , 780 - Jardim Galrão, 07600-225;-23.317257149885325;-46.56128152840447;44;44ª Guarulhos;1;1ª Grande São Paulo;93853;1;Mairiporã;5;Arujá, Guarulhos, Igaratá, Mairiporã, Santa Isabel;Fórum Mairiporã, Prédio do Setor das Execuções Fiscais;3;1ª Vara Judicial, 2ª Vara Judicial, Juizado Especial Cível e Criminal;1ª Vara Judicial, 2ª Vara Judicial, Juizado Especial Cível e Criminal
3528601;Manduri;9871;3538808;Piraju;2;Entrância Inicial;Praça Joaquim Antonio Arruda , 126 - Centro, 18800-049;-23.186915952498072;-49.366092572260236;25;25ª Ourinhos;3;3ª Bauru;52114;6;Manduri, Piraju, Sarutaiá, Tejupá, Timburi, Óleo;16;Bernardino de Campos, Canitar, Chavantes, Espírito Santo do Turvo, Ipaussu, Manduri, Ourinhos, Piraju, Ribeirão do Sul, Salto Grande, Santa Cruz do Rio Pardo, Sarutaiá, São Pedro do Turvo, Tejupá, Timburi, Óleo;;0;;1ª Vara Judicial, 2ª Vara Judicial
3528700;Marabá Paulista;4573;3541505;Presidente Venceslau;4;Entrância Intermediária;Avenida Faustino Rodrigues Azenha , 1500 - Jd Europa, 19400-117;-21.792996452922296;-51.838333410968794;28;28ª Presidente Venceslau;5;5ª Presidente Prudente;39774;2;Marabá Paulista, Presidente Venceslau;11;Caiuá, Euclides da Cunha Paulista, Marabá Paulista, Mirante do Paranapanema, Piquerobi, Presidente Epitácio, Presidente Venceslau, Ribeirão dos Índios, Rosana, Santo Anastácio, Teodoro Sampaio;;0;;1ª Vara Judicial, 2ª Vara Judicial, 3ª Vara Judicial, Juizado Especial Cível
3528809;Maracaí;12673;3528809;Maracaí;2;Entrância Inicial;Avenida São Paulo , 440 - Centro, 19840-011;-22.65225483098565;-50.745406741732126;26;26ª Assis;5;5ª Presidente Prudente;17585;3;Cruzália, Maracaí, Pedrinhas Paulista;18;Assis, Borá, Campos Novos Paulista, Cruzália, Cândido Mota, Echaporã, Florínia, Ibirarema, João Ramalho, Lutécia, Maracaí, Oscar Bressane, Palmital, Paraguaçu Paulista, Pedrinhas Paulista, Platina, Quatá, Tarumã;Fórum Desembargador Joaquim Bandeira de Mello, Fórum Maracaí II - Juizado Especial Cível e Criminal e CEJUSC, Fórum Maracaí III - Anexo do Ofício  - Seção Criminal;2;Juizado Especial Cível e Criminal, Vara Judicial;Juizado Especial Cível e Criminal, Vara Judicial
3528858;Marapoama;3292;3521903;Itajobi;0;Entrância Inicial;Rua Said Farhat , 100 - Centro, 15840-000;-21.355539414457848;-49.05371682080517;15;15ª Catanduva;8;8ª São José do Rio Preto;20281;2;Itajobi, Marapoama;16;Ariranha, Catanduva, Catiguá, Elisiário, Ibirá, Irapuã, Itajobi, Marapoama, Novais, Novo Horizonte, Palmares Paulista, Pindorama, Sales, Santa Adélia, Tabapuã, Urupês;;0;;
3528908;Mariápolis;3513;3500105;Adamantina;5;Entrância Inicial;Avenida Ademar de Barros , 133 - Centro, 17800-000;-21.576695151888305;-51.056812445653414;30;30ª Tupã;5;5ª Presidente Prudente;38200;2;Adamantina, Mariápolis;17;Adamantina, Arco-Íris, Bastos, Flórida Paulista, Herculândia, Iacri, Inúbia Paulista, Lucélia, Mariápolis, Osvaldo Cruz, Parapuã, Pracinha, Queiroz, Rinópolis, Sagres, Salmourão, Tupã;;0;;1ª Vara Judicial, 2ª Vara Judicial, 3ª Vara Judicial, Criminal e da Fazenda Pública de Adamantina, Juizado Especial Cível
3529005;Marília;237627;3529005;Marília;13;Entrância Final;Rua Lourival Freire , 120 - Fragata, 17519-902;-22.177788412785993;-49.98309166308445;31;31ª Marília;5;5ª Presidente Prudente;252134;3;Marília, Ocauçu, Vera Cruz;12;Alvinlândia, Fernão, Garça, Gália, Lupércio, Marília, Ocauçu, Oriente, Pompéia, Quintana, Vera Cruz, Álvaro de Carvalho;Fórum Marília I, Fórum Marília II (VEC e SAF), Fórum Marília III (Psicosocial), Fórum Marília IV (CEJUSC);13;1ª Vara Criminal, 1ª Vara Cível, 1ª Vara da Família e das Sucessões, 2ª Vara Criminal, 2ª Vara Cível, 3ª Vara Criminal, 3ª Vara Cível, 4ª Vara Cível, 5ª Vara Cível, Juizado Especial, Ofício do Juizado Especial Cível, Vara da Infância e da Juventude, Vara do Juizado Especial Cível;1ª Vara Criminal, 1ª Vara Cível, 1ª Vara da Família e das Sucessões, 2ª Vara Criminal, 2ª Vara Cível, 3ª Vara Criminal, 3ª Vara Cível, 4ª Vara Cível, 5ª Vara Cível, Juizado Especial, Ofício do Juizado Especial Cível, Vara da Infância e da Juventude, Vara do Juizado Especial Cível
3529104;Marinópolis;1860;3535200;Palmeira d'Oeste;3;Entrância Inicial;Rua XV de Novembro , 48-71 - centro, 15720-000;-20.438958786474778;-50.74877216380056;55;55ª Jales;2;2ª Araçatuba;17451;4;Aparecida d'Oeste, Marinópolis, Palmeira d'Oeste, São Francisco;23;Aparecida d'Oeste, Aspásia, Auriflama, Dirce Reis, Guzolândia, Jales, Marinópolis, Mesópolis, Nova Canaã Paulista, Palmeira d'Oeste, Paranapuã, Pontalinda, Rubinéia, Santa Albertina, Santa Clara d'Oeste, Santa Fé do Sul, Santa Rita d'Oeste, Santa Salete, Santana da Ponte Pensa, São Francisco, Três Fronteiras, Urânia, Vitória Brasil;;0;;Juizado Especial Cível, Juizado Informal de Conciliação, Vara Judicial
3529203;Martinópolis;24881;3529203;Martinópolis;1;Entrância Inicial;Rua José Henrique de Mello , 158 - Centro, 19500-000;-22.17234745285799;-51.12344039508919;27;27ª Presidente Prudente;5;5ª Presidente Prudente;29971;2;Indiana, Martinópolis;20;Alfredo Marcondes, Anhumas, Caiabu, Emilianópolis, Estrela do Norte, Iepê, Indiana, Martinópolis, Nantes, Narandiba, Pirapozinho, Presidente Bernardes, Presidente Prudente, Rancharia, Regente Feijó, Sandovalina, Santo Expedito, Taciba, Tarabai, Álvares Machado;Fórum Martinópolis, Juizado Especial Cível, Criminal e da Fazenda Pública;1;Juizado Especial Cível e Criminal;Juizado Especial Cível e Criminal
3529302;Matão;79033;3529302;Matão;0;Entrância Intermediária;Rua Leandro Bocchi , 560 - Residencial Monte Carlo, 15991-152;-21.610113458341836;-48.43013604363838;13;13ª Araraquara;6;6ª Ribeirão Preto;87792;2;Dobrada, Matão;14;Américo Brasiliense, Araraquara, Borborema, Dobrada, Gavião Peixoto, Iacanga, Ibitinga, Itápolis, Matão, Motuca, Nova Europa, Rincão, Santa Lúcia, Tabatinga;Fórum I Matão, Fórum II Matão  (Desativado), Matão (Desativado);0;;
3529401;Mauá;418261;3529401;Mauá;9;Entrância Final;Rua  Nelson Barbosa Ferreira , 47 - VILA  NOEMIA, 09370-560;-23.666162041835744;-46.446382664082066;3;3ª Santo André;1;1ª Grande São Paulo;418261;1;Mauá;5;Mauá, Ribeirão Pires, Rio Grande da Serra, Santo André, São Caetano do Sul;Forúm Mauá II( CEJUSC  E SAF), Fórum Mauá I - (Principal);9;1ª Vara Criminal, 1ª Vara Cível, 2ª Vara Criminal, 2ª Vara Cível, 3ª Vara Civel, 4ª Vara Cível, 5ª Vara Cível, Ofício do Juizado Especial Cível e Criminal, Vara  do Juizado Especial Cível e Criminal;1ª Vara Criminal, 1ª Vara Cível, 2ª Vara Criminal, 2ª Vara Cível, 3ª Vara Civel, 4ª Vara Cível, 5ª Vara Cível, Ofício do Juizado Especial Cível e Criminal, Vara  do Juizado Especial Cível e Criminal
3529500;Mendonça;6159;3525706;José Bonifácio;0;Entrância Inicial;Av. Campos  Sales, , 341 - centro, 15200-000;-21.08936590148044;-49.77931545827638;16;16ª São José do Rio Preto;8;8ª São José do Rio Preto;52508;4;Adolfo, José Bonifácio, Mendonça, Ubarana;33;Adolfo, Américo de Campos, Bady Bassitt, Bálsamo, Cedral, Cosmorama, Guapiaçu, Icém, Ipiguá, Jaci, José Bonifácio, Macaubal, Mendonça, Mirassol, Mirassolândia, Monte Aprazível, Neves Paulista, Nipoã, Nova Aliança, Nova Granada, Onda Verde, Orindiúva, Palestina, Paulo de Faria, Poloni, Potirendaba, Riolândia, Sebastianópolis do Sul, São José do Rio Preto, Tanabi, Ubarana, Uchoa, União Paulista;;0;;
3529609;Meridiano;4572;3515509;Fernandópolis;8;Entrância Final;Avenida Raul Gonçalves Júnior , 850 - Jardim Santa Rita, 15610-000;-20.271768816132493;-50.28301523035687;18;18ª Fernandópolis;8;8ª São José do Rio Preto;82508;4;Fernandópolis, Macedônia, Meridiano, Pedranópolis;15;Dolcinópolis, Estrela dOeste, Fernandópolis, General Salgado, Guarani d'Oeste, Indiaporã, Macedônia, Meridiano, Nova Castilho, Ouroeste, Pedranópolis, Populina, São João das Duas Pontes, São João de Iracema, Turmalina;;0;;1ª Vara Criminal, 1ª Vara Criminal e da Infância e Juventude, 1ª vara Cível, 2ª Vara Criminal, 2ª Vara Cível, 3ª Vara Cível, Ofício do Juizado Especial Cível e Criminal, Vara do Juizado Especial Cível e Criminal
3529658;Mesópolis;1952;3524808;Jales;5;Entrância Final;Rua Nove , 2.231 - Centro, 15700-018;-20.28581840738815;-50.55409741241927;55;55ª Jales;2;2ª Araçatuba;68693;7;Dirce Reis, Jales, Mesópolis, Paranapuã, Pontalinda, Santa Albertina, Vitória Brasil;23;Aparecida d'Oeste, Aspásia, Auriflama, Dirce Reis, Guzolândia, Jales, Marinópolis, Mesópolis, Nova Canaã Paulista, Palmeira d'Oeste, Paranapuã, Pontalinda, Rubinéia, Santa Albertina, Santa Clara d'Oeste, Santa Fé do Sul, Santa Rita d'Oeste, Santa Salete, Santana da Ponte Pensa, São Francisco, Três Fronteiras, Urânia, Vitória Brasil;;0;;1ª Vara Criminal, 1ª Vara Cível, 2ª Vara Criminal, 2ª Vara Cível, 3ª Vara Cível
3529708;Miguelópolis;19441;3529708;Miguelópolis;2;Entrância Inicial;Rua Pedro Cristino da Silva , 1005 - Centro, 14530-000;-20.184696977010333;-48.10547560908049;40;40ª Ituverava;6;6ª Ribeirão Preto;19441;1;Miguelópolis;8;Aramina, Buritizal, Guará, Igarapava, Ipuã, Ituverava, Miguelópolis, São Joaquim da Barra;Fórm de Miguelópolis;2;1ª Vara Judicial, Juizado Especial Cível e Criminal;1ª Vara Judicial, Juizado Especial Cível e Criminal
3529807;Mineiros do Tietê;11230;3525300;Jaú;8;Entrância Intermediária;Avenida Rodolpho Magnani , s/n - Centro, 17210-100;-22.296078899740348;-48.556055554380116;33;33ª Jaú;3;3ª Bauru;169645;4;Bocaina, Itapuí, Jaú, Mineiros do Tietê;12;Bariri, Barra Bonita, Bocaina, Boracéia, Dois Córregos, Igaraçu do Tietê, Itaju, Itapuí, Jaú, Macatuba, Mineiros do Tietê, Pederneiras;;0;;1ª Vara Criminal, 1ª Vara Cível, 2ª Vara Criminal, 2ª Vara Cível, 3ª Vara Cível, 4ª Vara Cível, Ofício do Juizado Especial Cível, Vara do Juizado Especial Cível e Criminal
3529906;Miracatu;18553;3529906;Miracatu;3;Entrância Inicial;Avenida Dona Evarista de Castro Ferreira , 50 - Centro, 11850-000;-24.195064161742913;-47.394686482705445;21;21ª Registro;7;7ª Santos;18553;1;Miracatu;13;Barra do Turvo, Cajati, Cananéia, Eldorado, Iguape, Ilha Comprida, Iporanga, Jacupiranga, Juquiá, Miracatu, Pariquera-Açu, Registro, Sete Barras;Fórum Isidoro de Jesus Leite;3;1ª Vara Judicial, 2ª Vara Judicial, Juizado Especial Cível e Criminal;1ª Vara Judicial, 2ª Vara Judicial, Juizado Especial Cível e Criminal
3530003;Mira Estrela;3126;3510708;Cardoso;2;Entrância Inicial;Rua Urias de Paula e Silva , 1351 - Jd Gouvêa, 15570-000;-20.067188064523144;-49.94760110721891;17;17ª Votuporanga;8;8ª São José do Rio Preto;16858;3;Cardoso, Mira Estrela, Pontes Gestal;13;Cardoso, Floreal, Gastão Vidigal, Magda, Mira Estrela, Monções, Nhandeara, Nova Luzitânia, Parisi, Pontes Gestal, Valentim Gentil, Votuporanga, Álvares Florence;;0;;Juizado Especial Cível e Criminal, Vara Judicial
3530102;Mirandópolis;27983;3530102;Mirandópolis;3;Entrância Inicial;Rua Adelino Minari , 726 - Centro, 16800-000;-21.081085580381888;-51.13053190689215;37;37ª Andradina;2;2ª Araçatuba;45113;3;Guaraçaí, Lavínia, Mirandópolis;12;Andradina, Castilho, Guaraçaí, Ilha Solteira, Itapura, Lavínia, Mirandópolis, Murutinga do Sul, Nova Independência, Pereira Barreto, Sud Mennucci, Suzanápolis;Fórum Mirandópolis, Fórum Mirandópolis (Arquivo), Fórum Mirandópolis (Juizado Especial Cível e Criminal);3;1ª Vara Judicial, 2ª Vara Judicial, Juizado Especial Cível e Criminal;1ª Vara Judicial, 2ª Vara Judicial, Juizado Especial Cível e Criminal
3530201;Mirante do Paranapanema;15917;3530201;Mirante do Paranapanema;3;Entrância Inicial;Rua Maria Lucia Rodrigues de Almeida , 455 - Centro, 19260-000;-22.349239209761787;-51.9979610321896;28;28ª Presidente Venceslau;5;5ª Presidente Prudente;15917;1;Mirante do Paranapanema;11;Caiuá, Euclides da Cunha Paulista, Marabá Paulista, Mirante do Paranapanema, Piquerobi, Presidente Epitácio, Presidente Venceslau, Ribeirão dos Índios, Rosana, Santo Anastácio, Teodoro Sampaio;Fórum I Mirante do Paranapanema, Fórum II Mirante do Paranapanema (Residência Oficial);3;Juizado Especial Civel e Criminal, Juizado Especial Cível, Vara Judicial;Juizado Especial Civel e Criminal, Juizado Especial Cível, Vara Judicial
3530300;Mirassol;63337;3530300;Mirassol;4;Entrância Intermediária;Rua São Sebastião , 19-39 - Centro, 15130-000;-20.82764541913081;-49.504245734667414;16;16ª São José do Rio Preto;8;8ª São José do Rio Preto;85215;4;Bálsamo, Jaci, Mirassol, Mirassolândia;33;Adolfo, Américo de Campos, Bady Bassitt, Bálsamo, Cedral, Cosmorama, Guapiaçu, Icém, Ipiguá, Jaci, José Bonifácio, Macaubal, Mendonça, Mirassol, Mirassolândia, Monte Aprazível, Neves Paulista, Nipoã, Nova Aliança, Nova Granada, Onda Verde, Orindiúva, Palestina, Paulo de Faria, Poloni, Potirendaba, Riolândia, Sebastianópolis do Sul, São José do Rio Preto, Tanabi, Ubarana, Uchoa, União Paulista;Fórum Mirassol II - (Anexo Fiscal), Fórum Mirassol III - (CEJUSC), Fórum de Mirassol I;4;1ª Vara Judicial, 2ª Vara Judicial, 3ª Vara Judicial, Assistente Judiciário da 1ª Vara Judicial;1ª Vara Judicial, 2ª Vara Judicial, 3ª Vara Judicial, Assistente Judiciário da 1ª Vara Judicial
3530409;Mirassolândia;4669;3530300;Mirassol;4;Entrância Intermediária;Rua São Sebastião , 19-39 - Centro, 15130-000;-20.82764541913081;-49.504245734667414;16;16ª São José do Rio Preto;8;8ª São José do Rio Preto;85215;4;Bálsamo, Jaci, Mirassol, Mirassolândia;33;Adolfo, Américo de Campos, Bady Bassitt, Bálsamo, Cedral, Cosmorama, Guapiaçu, Icém, Ipiguá, Jaci, José Bonifácio, Macaubal, Mendonça, Mirassol, Mirassolândia, Monte Aprazível, Neves Paulista, Nipoã, Nova Aliança, Nova Granada, Onda Verde, Orindiúva, Palestina, Paulo de Faria, Poloni, Potirendaba, Riolândia, Sebastianópolis do Sul, São José do Rio Preto, Tanabi, Ubarana, Uchoa, União Paulista;;0;;1ª Vara Judicial, 2ª Vara Judicial, 3ª Vara Judicial, Assistente Judiciário da 1ª Vara Judicial
3530508;Mococa;67681;3530508;Mococa;3;Entrância Intermediária;Avenida Doutor Gabriel do Ó , 1203 - Cohab I, 13732-620;-21.449468034534075;-47.03296525866998;43;43ª Casa Branca;6;6ª Ribeirão Preto;67681;1;Mococa;10;Caconde, Casa Branca, Divinolândia, Itobi, Mococa, Santa Cruz das Palmeiras, São José do Rio Pardo, São Sebastião da Grama, Tambaú, Tapiratiba;Fórum Mococa - João Gomes Barrreto Filho, Fórum Mococa II (Residência);3;1ª Vara Judicial, 2ª Vara Judicial, Vara do Juizado Especial Cível e Criminal;1ª Vara Judicial, 2ª Vara Judicial, Vara do Juizado Especial Cível e Criminal
3530607;Mogi das Cruzes;451505;3530607;Mogi das Cruzes;10;Entrância Final;Avenida Capitão Manoel Rudge , 474 - Parque Monte Líbano, 08780-290;-23.569571123578427;-46.186058159649434;45;45ª Mogi das Cruzes;1;1ª Grande São Paulo;481188;2;Biritiba-Mirim, Mogi das Cruzes;7;Biritiba-Mirim, Ferraz de Vasconcelos, Guararema, Itaquaquecetuba, Mogi das Cruzes, Poá, Suzano;CEJUSC - Judiapeba, Forum III de Mogi das Cruzes (Fazenda Pública), Fórum I Leôncio Arouche de Toledo (Cível, V. Infância e Juventude, JEC e JECRIM), Fórum II de Mogi das Cruzes - Braz Cubas (Criminal), Fórum IV Mogi das Cruzes (CEJUSC - UMC), Fórum V Mogi das Cruzes (Juizado Itinerante - Biritiba Mirim), Fórum VI Mogi das Cruzes (Universidade Braz Cubas), Fórum de Mogi das Cruzes (Brás Cubas) - desativado;10;1ª Vara Cível, 2ª Vara Cível, 3ª Vara Cível, 4ª Vara Cível, 5ª Vara Cível, Juizado Especial Criminal, Juizado Especial Cível, Vara da Fazenda Pública, Vara da Infância e Juventude, Vara do Juizado Cível e Criminal;1ª Vara Cível, 2ª Vara Cível, 3ª Vara Cível, 4ª Vara Cível, 5ª Vara Cível, Juizado Especial Criminal, Juizado Especial Cível, Vara da Fazenda Pública, Vara da Infância e Juventude, Vara do Juizado Cível e Criminal
3530706;Mogi Guaçu;153658;3530706;Mogi Guaçu;4;Entrância Final;Rua José Colombo , 45 - Morro do Ouro, 13840-065;-22.232092691811168;-47.02896783494729;7;7ª Mogi Mirim;4;4ª Campinas;164953;2;Estiva Gerbi, Mogi Guaçu;8;Artur Nogueira, Conchal, Engenheiro Coelho, Estiva Gerbi, Holambra, Itapira, Mogi Guaçu, Mogi Mirim;Fórum Mogi Guaçu I, Fórum Mogi Guaçu II - (Anexo Fiscal e Juizado Especial), Fórum Mogi Guaçu III - CEJUSC, Fórum Mogi Guaçu IV - Setor Técnico;4;1ª Vara Cível, 2ª Vara Cível, 3ª Vara Cível, Vara Criminal;1ª Vara Cível, 2ª Vara Cível, 3ª Vara Cível, Vara Criminal
3530805;Mogi Mirim;92558;3530805;Mogi Mirim;4;Entrância Final;Rua Coronel Venâncio Ferreira Alves Adorno , 60 - Saúde, 13800-221;-22.45136975196041;-46.98837145617021;7;7ª Mogi Mirim;4;4ª Campinas;92558;1;Mogi Mirim;8;Artur Nogueira, Conchal, Engenheiro Coelho, Estiva Gerbi, Holambra, Itapira, Mogi Guaçu, Mogi Mirim;Fórum Mogi Mirim I (Principal), Fórum Mogi Mirim II (Anexo Fiscal), Fórum Mogi Mirim II - SEF (Secr. da Fazenda), Fórum Mogi Mirim III (Juizado), Fórum Mogi Mirim III - CEJUSC, JUIZADO ESP.CÍVEL E CRIMINALE COLÉGIO RECURSAL;4;1ª Vara Judicial, 2ª Vara Judicial, 3ª Vara Judicial, Juizado Especial Cível e criminal;1ª Vara Judicial, 2ª Vara Judicial, 3ª Vara Judicial, Juizado Especial Cível e criminal
3530904;Mombuca;3722;3510401;Capivari;3;Entrância Inicial;Rua Doutor João Adolfo Stein , 171 - Pão de Açucar, 13360-000;-22.980721625435358;-47.47802762489446;34;34ª Piracicaba;4;4ª Campinas;62755;3;Capivari, Mombuca, Rafard;16;Capivari, Cerquilho, Charqueada, Elias Fausto, Jumirim, Laranjal Paulista, Mombuca, Monte Mor, Piracicaba, Rafard, Rio das Pedras, Saltinho, Santa Maria da Serra, São Pedro, Tietê, Águas de São Pedro;;0;;1ª Vara Judicial, 2ª Vara Judicial, Juizado Especial Cível e Criminal
3531001;Monções;1937;3532603;Nhandeara;2;Entrância Inicial;Rua Raul Cardoso de Souza, 197 , 197 - centro, 15190-000;-20.673084031165907;-50.04681391050434;17;17ª Votuporanga;8;8ª São José do Rio Preto;23776;6;Floreal, Gastão Vidigal, Magda, Monções, Nhandeara, Nova Luzitânia;13;Cardoso, Floreal, Gastão Vidigal, Magda, Mira Estrela, Monções, Nhandeara, Nova Luzitânia, Parisi, Pontes Gestal, Valentim Gentil, Votuporanga, Álvares Florence;;0;;Vara Criminal, Vara Cível
3531100;Mongaguá;61951;3531100;Mongaguá;3;Entrância Inicial;Avenida São Paulo , 300 - Vila São Paulo, 11730-000;-24.070175627101182;-46.66806629411127;56;56ª Itanhaém;7;7ª Santos;61951;1;Mongaguá;5;Itanhaém, Itariri, Mongaguá, Pedro de Toledo, Peruíbe;"Fórum ""Juiz Eleutério Dutra Filho"" - Mongaguá, Fórum II  Mongaguá (desativado), Fórum III  Mongaguá (desativado)";3;1ª Vara Judicial, 2ª Vara Judicial, Juizado Especial Cível e Criminal;1ª Vara Judicial, 2ª Vara Judicial, Juizado Especial Cível e Criminal
3531209;Monte Alegre do Sul;8627;3501905;Amparo;2;Entrância Final;Praça Tenente José Ferraz de Oliveira , 55 - Centro, 13900-900;-22.699126517157588;-46.798714032867565;54;54ª Amparo;4;4ª Campinas;76635;2;Amparo, Monte Alegre do Sul;9;Amparo, Jaguariúna, Lindóia, Monte Alegre do Sul, Pedreira, Santo Antônio de Posse, Serra Negra, Socorro, Águas de Lindóia;;0;;1ª Vara Judicial, 2ª Vara Judicial
3531308;Monte Alto;47574;3531308;Monte Alto;7;Entrância Inicial;Rua Dr. Raul da Rocha Medeiros , 1251 - Centro, 15910-000;-21.25931028595289;-48.53301961073534;42;42ª Jaboticabal;6;6ª Ribeirão Preto;47574;1;Monte Alto;14;Cândido Rodrigues, Fernando Prestes, Guariba, Jaboticabal, Monte Alto, Pirangi, Pitangueiras, Pradópolis, Santa Ernestina, Taiaçu, Taiúva, Taquaral, Taquaritinga, Vista Alegre do Alto;Fórum Monte Alto I, Fórum Monte Alto II da 1ª Vara, Fórum Monte Alto III - Juizado Especial Cível, Fórum Monte Alto IV (CEJUSC);7;1ª Vara Judicial, 2ª Vara Judicial, 3ª Vara Cível, 3ª Vara Judicial, Criminal, Execução Fiscal e Execução Criminal, Juizado Especial Cível e Criminal;1ª Vara Judicial, 2ª Vara Judicial, 3ª Vara Cível, 3ª Vara Judicial, Criminal, Execução Fiscal e Execução Criminal, Juizado Especial Cível e Criminal
3531407;Monte Aprazível;22280;3531407;Monte Aprazível;2;Entrância Inicial;Rua Monteiro Lobato , 269 - Centro, 15150-000;-20.737478869111115;-49.76583462682692;16;16ª São José do Rio Preto;8;8ª São José do Rio Preto;32622;3;Monte Aprazível, Nipoã, Poloni;33;Adolfo, Américo de Campos, Bady Bassitt, Bálsamo, Cedral, Cosmorama, Guapiaçu, Icém, Ipiguá, Jaci, José Bonifácio, Macaubal, Mendonça, Mirassol, Mirassolândia, Monte Aprazível, Neves Paulista, Nipoã, Nova Aliança, Nova Granada, Onda Verde, Orindiúva, Palestina, Paulo de Faria, Poloni, Potirendaba, Riolândia, Sebastianópolis do Sul, São José do Rio Preto, Tanabi, Ubarana, Uchoa, União Paulista;Fórum Monte Aprazível, Fórum Monte Aprazível (Juizado Especial Cível e Criminal);2;1ª Vara Judicial, 2ª Vara Judicial;1ª Vara Judicial, 2ª Vara Judicial
3531506;Monte Azul Paulista;18151;3531506;Monte Azul Paulista;2;Entrância Inicial;Rua Floriano Peixoto , 515 - Centro, 14730-000;-20.90887674217257;-48.68130853247428;14;14ª Barretos;8;8ª São José do Rio Preto;24250;2;Monte Azul Paulista, Paraíso;16;Altair, Barretos, Bebedouro, Cajobi, Colina, Colômbia, Embaúba, Guaraci, Guaíra, Jaborandi, Monte Azul Paulista, Olímpia, Paraíso, Severínia, Terra Roxa, Viradouro;Fórum Desembargador Otávio Stucchi - Monte Azul Paulista -, Fórum II Monte Azul Paulista (Residência Oficial);2;Juizado Especial Cível e Criminal, Vara Judicial;Juizado Especial Cível e Criminal, Vara Judicial
3531605;Monte Castelo;4222;3555109;Tupi Paulista;3;Entrância Inicial;Rua Tiradentes , 877 - centro, 17930-000;-21.390389526994984;-51.5872020682559;29;29ª Dracena;5;5ª Presidente Prudente;24474;4;Monte Castelo, Nova Guataporanga, São João do Pau d'Alho, Tupi Paulista;13;Dracena, Flora Rica, Irapuru, Junqueirópolis, Monte Castelo, Nova Guataporanga, Ouro Verde, Pacaembu, Panorama, Paulicéia, Santa Mercedes, São João do Pau d'Alho, Tupi Paulista;;0;;1ª Vara Judicial, 2ª Vara Judicial, Juizado Especial Cível
3531704;Monteiro Lobato;4138;3549904;São José dos Campos;25;Entrância Final;Avenida Salmão , 678 - Parque Residencial Aquarius, 12246-260;-23.090562858107624;-45.92853292431341;46;46ª São José dos Campos;9;9ª São José dos Campos;701192;2;Monteiro Lobato, São José dos Campos;7;Jacareí, Monteiro Lobato, Natividade da Serra, Paraibuna, Salesópolis, Santa Branca, São José dos Campos;;0;;1ª Vara Criminal, 1ª Vara Cível, 1ª Vara da Família e das Sucessões, 1ª Vara da Fazenda Pública, 1ª Vara do Juizado Especial Cível, 2ª Vara Criminal, 2ª Vara Cível, 2ª Vara da Família e das Sucessões, 2ª Vara da Fazenda Pública, 2ª Vara do Juizado Especial Cível, 3ª Vara Criminal, 3ª Vara Cível, 3ª Vara da Família e das Sucessões, 4ª Vara Criminal, 4ª Vara Cível, 5ª Vara Criminal, 5ª Vara Cível, 6ª Vara Cível, 7ª Vara Cível, 8ª Vara Cível, Ofício do Juizado Especial Cível, Vara da Infância e da Juventude, Vara de Violência Doméstica e Familiar contra a Mulher, Vara do Juizado Especial Criminal, Vara do Júri e Execuções Criminais
3531803;Monte Mor;64662;3531803;Monte Mor;1;Entrância Intermediária;Rua João Carlos Gomes Carneiro , 12 - Jd. Guanabara, 13190-664;-22.953196190310962;-47.307316948019256;34;34ª Piracicaba;4;4ª Campinas;82361;2;Elias Fausto, Monte Mor;16;Capivari, Cerquilho, Charqueada, Elias Fausto, Jumirim, Laranjal Paulista, Mombuca, Monte Mor, Piracicaba, Rafard, Rio das Pedras, Saltinho, Santa Maria da Serra, São Pedro, Tietê, Águas de São Pedro;Fórum Desembargador Antonio Garrigós Vinhaes;1;Vara do Juizado Especial Cível e Criminal;Vara do Juizado Especial Cível e Criminal
3531902;Morro Agudo;27933;3531902;Morro Agudo;1;Entrância Inicial;Rua Basilio Otavio , 313 - Cj. Hab. José Benedetti, 14640-000;-20.68872384664074;-48.1533231842927;39;39ª Batatais;6;6ª Ribeirão Preto;27933;1;Morro Agudo;8;Altinópolis, Batatais, Brodowski, Morro Agudo, Nuporanga, Orlândia, Sales Oliveira, Santo Antônio da Alegria;Fórum Mário Masagão;1;Vara Judicial;Vara Judicial
3532009;Morungaba;13720;3523404;Itatiba;4;Entrância Intermediária;Avenida Barão de Itapema , 181 - Centro, 13250-902;-23.006710595128183;-46.81431206915196;5;5ª Jundiaí;4;4ª Campinas;135310;2;Itatiba, Morungaba;12;Caieiras, Cajamar, Campo Limpo Paulista, Francisco Morato, Franco da Rocha, Itatiba, Itupeva, Jundiaí, Louveira, Morungaba, Vinhedo, Várzea Paulista;;0;;1ª Vara Cível, 2ª Vara Cível, Juizado Especial Cível e Criminal, Vara Criminal
3532058;Motuca;4034;3501707;Américo Brasiliense;3;Entrância Inicial;Rua D. Pedro II , 65 - Centro, 14820-000;-21.722318557494347;-48.03236637266592;13;13ª Araraquara;6;6ª Ribeirão Preto;53300;4;Américo Brasiliense, Motuca, Rincão, Santa Lúcia;14;Américo Brasiliense, Araraquara, Borborema, Dobrada, Gavião Peixoto, Iacanga, Ibitinga, Itápolis, Matão, Motuca, Nova Europa, Rincão, Santa Lúcia, Tabatinga;;0;;1ª Vara Judicial, 2ª Vara Judicial, Juizado Especial Cível
3532108;Murutinga do Sul;3737;3502101;Andradina;3;Entrância Final;Rua Paes Leme , 2052 - Stella Maris, 16901-907;-20.835605724040704;-51.32972788380322;37;37ª Andradina;2;2ª Araçatuba;88106;4;Andradina, Castilho, Murutinga do Sul, Nova Independência;12;Andradina, Castilho, Guaraçaí, Ilha Solteira, Itapura, Lavínia, Mirandópolis, Murutinga do Sul, Nova Independência, Pereira Barreto, Sud Mennucci, Suzanápolis;;0;;1ª Vara Judicial, 2ª Vara Judicial, 3ª Vara Judicial
3532157;Nantes;2660;3519907;Iepê;1;Entrância Inicial;Rua Minas Gerais , 343 - Centro, 19640-000;-22.648630936676575;-51.057179990810205;27;27ª Presidente Prudente;5;5ª Presidente Prudente;10279;2;Iepê, Nantes;20;Alfredo Marcondes, Anhumas, Caiabu, Emilianópolis, Estrela do Norte, Iepê, Indiana, Martinópolis, Nantes, Narandiba, Pirapozinho, Presidente Bernardes, Presidente Prudente, Rancharia, Regente Feijó, Sandovalina, Santo Expedito, Taciba, Tarabai, Álvares Machado;;0;;Vara Judicial
3532207;Narandiba;5713;3539202;Pirapozinho;4;Entrância Inicial;Rua Dr. Carlos Alberto Leite Boulhosa, 525 , 525 - Jardim Morada do Sol, 19200-000;-22.479179063433843;-51.61979607103878;27;27ª Presidente Prudente;5;5ª Presidente Prudente;43945;5;Estrela do Norte, Narandiba, Pirapozinho, Sandovalina, Tarabai;20;Alfredo Marcondes, Anhumas, Caiabu, Emilianópolis, Estrela do Norte, Iepê, Indiana, Martinópolis, Nantes, Narandiba, Pirapozinho, Presidente Bernardes, Presidente Prudente, Rancharia, Regente Feijó, Sandovalina, Santo Expedito, Taciba, Tarabai, Álvares Machado;;0;;2ª Vara Judicial, Juizado Especial Criminal, Juizado Especial Cível, Oficio Judicial (Crime)
3532306;Natividade da Serra;6999;3535606;Paraibuna;2;Entrância Inicial;Rua  Major João Elias Calazans , 565 - Centro, 12260-000;-23.478359903510512;-45.641868189434334;46;46ª São José dos Campos;9;9ª São José dos Campos;24666;2;Natividade da Serra, Paraibuna;7;Jacareí, Monteiro Lobato, Natividade da Serra, Paraibuna, Salesópolis, Santa Branca, São José dos Campos;;0;;Juizado Especial Cível e Criminal, Vara Judicial
3532405;Nazaré Paulista;18217;3532405;Nazaré Paulista;0;Entrância Inicial;R. Clementino de Almeida Passos , 35 - Vicente Nunes, 12960-000;-23.191433526631474;-46.36649210618279;6;6ª Bragança Paulista;4;4ª Campinas;40223;2;Bom Jesus dos Perdões, Nazaré Paulista;11;Atibaia, Bom Jesus dos Perdões, Bragança Paulista, Jarinu, Joanópolis, Nazaré Paulista, Pedra Bela, Pinhalzinho, Piracaia, Tuiuti, Vargem;FÓRUM DESEMBARGADOR SEBASTIÃO DA SILVA PINTO;0;;
3532504;Neves Paulista;9699;3532504;Neves Paulista;1;Entrância Inicial;Rua Rui Barbosa , 100 - Centro, 15120-061;-20.870479125762483;-49.646489175747234;16;16ª São José do Rio Preto;8;8ª São José do Rio Preto;9699;1;Neves Paulista;33;Adolfo, Américo de Campos, Bady Bassitt, Bálsamo, Cedral, Cosmorama, Guapiaçu, Icém, Ipiguá, Jaci, José Bonifácio, Macaubal, Mendonça, Mirassol, Mirassolândia, Monte Aprazível, Neves Paulista, Nipoã, Nova Aliança, Nova Granada, Onda Verde, Orindiúva, Palestina, Paulo de Faria, Poloni, Potirendaba, Riolândia, Sebastianópolis do Sul, São José do Rio Preto, Tanabi, Ubarana, Uchoa, União Paulista;Fórum II de Neves Paulista (CEJUSC), Fórum de Neves Paulista;1;Vara Judicial;Vara Judicial
3532603;Nhandeara;9852;3532603;Nhandeara;2;Entrância Inicial;Rua Raul Cardoso de Souza, 197 , 197 - centro, 15190-000;-20.673084031165907;-50.04681391050434;17;17ª Votuporanga;8;8ª São José do Rio Preto;23776;6;Floreal, Gastão Vidigal, Magda, Monções, Nhandeara, Nova Luzitânia;13;Cardoso, Floreal, Gastão Vidigal, Magda, Mira Estrela, Monções, Nhandeara, Nova Luzitânia, Parisi, Pontes Gestal, Valentim Gentil, Votuporanga, Álvares Florence;Fórum Nhandeara, Fórum Nhandeara II - (Juizado Especial Cível e Criminal), Fórum Nhandeara III (Anexo Escola Joaquim Fernandes de Melo);2;Vara Criminal, Vara Cível;Vara Criminal, Vara Cível
3532702;Nipoã;4750;3531407;Monte Aprazível;2;Entrância Inicial;Rua Monteiro Lobato , 269 - Centro, 15150-000;-20.737478869111115;-49.76583462682692;16;16ª São José do Rio Preto;8;8ª São José do Rio Preto;32622;3;Monte Aprazível, Nipoã, Poloni;33;Adolfo, Américo de Campos, Bady Bassitt, Bálsamo, Cedral, Cosmorama, Guapiaçu, Icém, Ipiguá, Jaci, José Bonifácio, Macaubal, Mendonça, Mirassol, Mirassolândia, Monte Aprazível, Neves Paulista, Nipoã, Nova Aliança, Nova Granada, Onda Verde, Orindiúva, Palestina, Paulo de Faria, Poloni, Potirendaba, Riolândia, Sebastianópolis do Sul, São José do Rio Preto, Tanabi, Ubarana, Uchoa, União Paulista;;0;;1ª Vara Judicial, 2ª Vara Judicial
3532801;Nova Aliança;6693;3540804;Potirendaba;2;Entrância Inicial;Rua Pedro Siqueira , 1042 - Jardim do Bosque, 15105-000;-21.07553728137097;-49.39172368585775;16;16ª São José do Rio Preto;8;8ª São José do Rio Preto;25189;2;Nova Aliança, Potirendaba;33;Adolfo, Américo de Campos, Bady Bassitt, Bálsamo, Cedral, Cosmorama, Guapiaçu, Icém, Ipiguá, Jaci, José Bonifácio, Macaubal, Mendonça, Mirassol, Mirassolândia, Monte Aprazível, Neves Paulista, Nipoã, Nova Aliança, Nova Granada, Onda Verde, Orindiúva, Palestina, Paulo de Faria, Poloni, Potirendaba, Riolândia, Sebastianópolis do Sul, São José do Rio Preto, Tanabi, Ubarana, Uchoa, União Paulista;;0;;Juizado Especial Cível e Criminal, Vara Judicial
3532827;Nova Campina;8497;3522406;Itapeva;6;Entrância Final;Avenida Dona Paulina de Morais , 444 - Vila Ophélia, 18400-818;-23.91407536437743;-48.87171677768003;49;49ª Itapeva;10;10ª Sorocaba;123728;4;Itapeva, Nova Campina, Ribeirão Branco, Taquarivaí;16;Apiaí, Barra do Chapéu, Barão de Antonina, Bom Sucesso de Itararé, Buri, Itaberá, Itapeva, Itapirapuã Paulista, Itaporanga, Itararé, Itaóca, Nova Campina, Ribeira, Ribeirão Branco, Riversul, Taquarivaí;;0;;1ª Vara Judicial, 2ª Vara Judicial, 3ª Vara Judicial, Juizado Especial Cível e Criminal, Vara da Infância e Juventude, Vara das Execuções Criminais - VEC
3532843;Nova Canaã Paulista;2032;3546603;Santa Fé do Sul;4;Entrância Inicial;Avenida Conselheiro Antonio Prado , 1662 - Centro, 15775-000;-20.24185796478308;-50.950177155259546;55;55ª Jales;2;2ª Araçatuba;54464;7;Nova Canaã Paulista, Rubinéia, Santa Clara d'Oeste, Santa Fé do Sul, Santa Rita d'Oeste, Santana da Ponte Pensa, Três Fronteiras;23;Aparecida d'Oeste, Aspásia, Auriflama, Dirce Reis, Guzolândia, Jales, Marinópolis, Mesópolis, Nova Canaã Paulista, Palmeira d'Oeste, Paranapuã, Pontalinda, Rubinéia, Santa Albertina, Santa Clara d'Oeste, Santa Fé do Sul, Santa Rita d'Oeste, Santa Salete, Santana da Ponte Pensa, São Francisco, Três Fronteiras, Urânia, Vitória Brasil;;0;;1ª Vara Judicial, 2ª Vara Judicial, 3ª Vara Judicial, Vara do Juizado Especial Cível
3532868;Nova Castilho;1062;3516903;General Salgado;2;Entrância Inicial;Rua Azílio Antonio do Prado , 991 - centro, 15300-000;-20.63827402625233;-50.415780544539686;18;18ª Fernandópolis;8;8ª São José do Rio Preto;13220;3;General Salgado, Nova Castilho, São João de Iracema;15;Dolcinópolis, Estrela dOeste, Fernandópolis, General Salgado, Guarani d'Oeste, Indiaporã, Macedônia, Meridiano, Nova Castilho, Ouroeste, Pedranópolis, Populina, São João das Duas Pontes, São João de Iracema, Turmalina;;0;;Juizado Especial Cível, Vara Judicial
3532900;Nova Europa;9311;3503208;Araraquara;16;Entrância Final;Av. D.  Pedro  II , 764 - Centro, 14801-040;-21.79163084888198;-48.181323820515914;13;13ª Araraquara;6;6ª Ribeirão Preto;256241;3;Araraquara, Gavião Peixoto, Nova Europa;14;Américo Brasiliense, Araraquara, Borborema, Dobrada, Gavião Peixoto, Iacanga, Ibitinga, Itápolis, Matão, Motuca, Nova Europa, Rincão, Santa Lúcia, Tabatinga;;0;;1ª Vara Criminal, 1ª Vara Cível, 1ª Vara da Família e das Sucessões, 2ª Vara Criminal, 2ª Vara Cível, 2ª Vara da Família e das Sucessões, 3ª Vara Criminal, 3ª Vara Cível, 4ª Vara Cível, 5ª Vara Cível, da Juventude e do Idoso, Ofício do Juizado Especial Cível, Vara da Fazenda Pública, Vara da Infância, Vara de Execuções Criminais, Vara do Juizado Especial Cível
3533007;Nova Granada;19419;3533007;Nova Granada;1;Entrância Inicial;Avenida Doutor Hildeberto Albuquerque Ferreira , 1001 - Centro, 15440-000;-20.47600830280273;-49.33111856967772;16;16ª São José do Rio Preto;8;8ª São José do Rio Preto;32009;3;Icém, Nova Granada, Onda Verde;33;Adolfo, Américo de Campos, Bady Bassitt, Bálsamo, Cedral, Cosmorama, Guapiaçu, Icém, Ipiguá, Jaci, José Bonifácio, Macaubal, Mendonça, Mirassol, Mirassolândia, Monte Aprazível, Neves Paulista, Nipoã, Nova Aliança, Nova Granada, Onda Verde, Orindiúva, Palestina, Paulo de Faria, Poloni, Potirendaba, Riolândia, Sebastianópolis do Sul, São José do Rio Preto, Tanabi, Ubarana, Uchoa, União Paulista;Fórum Nova Granada I - Principal, Fórum Nova Granada II (CEJUSC), Fórum Nova Granada II - (Juizado Especial), Fórum Nova Granada III (Residência Oficial);1;Vara Judicial;Vara Judicial
3533106;Nova Guataporanga;2156;3555109;Tupi Paulista;3;Entrância Inicial;Rua Tiradentes , 877 - centro, 17930-000;-21.390389526994984;-51.5872020682559;29;29ª Dracena;5;5ª Presidente Prudente;24474;4;Monte Castelo, Nova Guataporanga, São João do Pau d'Alho, Tupi Paulista;13;Dracena, Flora Rica, Irapuru, Junqueirópolis, Monte Castelo, Nova Guataporanga, Ouro Verde, Pacaembu, Panorama, Paulicéia, Santa Mercedes, São João do Pau d'Alho, Tupi Paulista;;0;;1ª Vara Judicial, 2ª Vara Judicial, Juizado Especial Cível
3533205;Nova Independência;4609;3502101;Andradina;3;Entrância Final;Rua Paes Leme , 2052 - Stella Maris, 16901-907;-20.835605724040704;-51.32972788380322;37;37ª Andradina;2;2ª Araçatuba;88106;4;Andradina, Castilho, Murutinga do Sul, Nova Independência;12;Andradina, Castilho, Guaraçaí, Ilha Solteira, Itapura, Lavínia, Mirandópolis, Murutinga do Sul, Nova Independência, Pereira Barreto, Sud Mennucci, Suzanápolis;;0;;1ª Vara Judicial, 2ª Vara Judicial, 3ª Vara Judicial
3533254;Novais;4412;3552601;Tabapuã;1;Entrância Inicial;Rua Eugênio Ulian , 1265 - centro, 15880-023;-20.931884704714278;-49.02890930947145;15;15ª Catanduva;8;8ª São José do Rio Preto;22738;3;Catiguá, Novais, Tabapuã;16;Ariranha, Catanduva, Catiguá, Elisiário, Ibirá, Irapuã, Itajobi, Marapoama, Novais, Novo Horizonte, Palmares Paulista, Pindorama, Sales, Santa Adélia, Tabapuã, Urupês;;0;;Vara Judicial
3533304;Nova Luzitânia;2837;3532603;Nhandeara;2;Entrância Inicial;Rua Raul Cardoso de Souza, 197 , 197 - centro, 15190-000;-20.673084031165907;-50.04681391050434;17;17ª Votuporanga;8;8ª São José do Rio Preto;23776;6;Floreal, Gastão Vidigal, Magda, Monções, Nhandeara, Nova Luzitânia;13;Cardoso, Floreal, Gastão Vidigal, Magda, Mira Estrela, Monções, Nhandeara, Nova Luzitânia, Parisi, Pontes Gestal, Valentim Gentil, Votuporanga, Álvares Florence;;0;;Vara Criminal, Vara Cível
3533403;Nova Odessa;62019;3533403;Nova Odessa;3;Entrância Inicial;AV JOÃO PESSOA , 1270/1300 - BOSQUE DOS CEDROS, 13380-094;-22.78410467139469;-47.28517804427029;53;53ª Americana;4;4ª Campinas;62019;1;Nova Odessa;5;Americana, Hortolândia, Nova Odessa, Santa Bárbara d'Oeste, Sumaré;"FORUM ""DR WALDOMIRO DELFINO DE AMORIM LIMA"", FORUM DA COMARCA DE NOVA ODESSA II - Arquivo Geral / Depos. de Material";3;1ª Vara Judicial, 2ª Vara Judicial, Juizado Especial Cível e Criminal;1ª Vara Judicial, 2ª Vara Judicial, Juizado Especial Cível e Criminal
3533502;Novo Horizonte;38324;3533502;Novo Horizonte;2;Entrância Inicial;Rua São Sebastião , 779 - Centro, 14960-040;-21.469174460413605;-49.28379809858581;15;15ª Catanduva;8;8ª São José do Rio Preto;38324;1;Novo Horizonte;16;Ariranha, Catanduva, Catiguá, Elisiário, Ibirá, Irapuã, Itajobi, Marapoama, Novais, Novo Horizonte, Palmares Paulista, Pindorama, Sales, Santa Adélia, Tabapuã, Urupês;Fórum I Novo Horizonte, Fórum II Novo Horizonte (CEJUSC), Fórum III Novo Horizonte (Juizado Especial Cível e Criminal);2;1ª Vara Judicial, 2ª Vara Judicial;1ª Vara Judicial, 2ª Vara Judicial
3533601;Nuporanga;7391;3533601;Nuporanga;2;Entrância Inicial;Avenida Padre Geraldo Trossel , 369 - centro, 14670-000;-20.70486066227022;-47.729070720288384;39;39ª Batatais;6;6ª Ribeirão Preto;18802;2;Nuporanga, Sales Oliveira;8;Altinópolis, Batatais, Brodowski, Morro Agudo, Nuporanga, Orlândia, Sales Oliveira, Santo Antônio da Alegria;Fórum Nuporanga - (Des. Antonio Rodrigues Porto);2;Juizado Especial Cível, Vara Judicial;Juizado Especial Cível, Vara Judicial
3533700;Ocauçu;4331;3529005;Marília;13;Entrância Final;Rua Lourival Freire , 120 - Fragata, 17519-902;-22.177788412785993;-49.98309166308445;31;31ª Marília;5;5ª Presidente Prudente;252134;3;Marília, Ocauçu, Vera Cruz;12;Alvinlândia, Fernão, Garça, Gália, Lupércio, Marília, Ocauçu, Oriente, Pompéia, Quintana, Vera Cruz, Álvaro de Carvalho;;0;;1ª Vara Criminal, 1ª Vara Cível, 1ª Vara da Família e das Sucessões, 2ª Vara Criminal, 2ª Vara Cível, 3ª Vara Criminal, 3ª Vara Cível, 4ª Vara Cível, 5ª Vara Cível, Juizado Especial, Ofício do Juizado Especial Cível, Vara da Infância e da Juventude, Vara do Juizado Especial Cível
3533809;Óleo;2512;3538808;Piraju;2;Entrância Inicial;Praça Joaquim Antonio Arruda , 126 - Centro, 18800-049;-23.186915952498072;-49.366092572260236;25;25ª Ourinhos;3;3ª Bauru;52114;6;Manduri, Piraju, Sarutaiá, Tejupá, Timburi, Óleo;16;Bernardino de Campos, Canitar, Chavantes, Espírito Santo do Turvo, Ipaussu, Manduri, Ourinhos, Piraju, Ribeirão do Sul, Salto Grande, Santa Cruz do Rio Pardo, Sarutaiá, São Pedro do Turvo, Tejupá, Timburi, Óleo;;0;;1ª Vara Judicial, 2ª Vara Judicial
3533908;Olímpia;55074;3533908;Olímpia;4;Entrância Intermediária;Rua Engenheiro Reid , 377 - Patrimônio de São João Batista, 15400-091;-20.70524588579201;-48.959617264381016;14;14ª Barretos;8;8ª São José do Rio Preto;94907;6;Altair, Cajobi, Embaúba, Guaraci, Olímpia, Severínia;16;Altair, Barretos, Bebedouro, Cajobi, Colina, Colômbia, Embaúba, Guaraci, Guaíra, Jaborandi, Monte Azul Paulista, Olímpia, Paraíso, Severínia, Terra Roxa, Viradouro;Fórum Olímpia I - (Principal), Fórum Olímpia II (3ª Vara), Fórum Olímpia III - (Juizado Especial), Fórum Olímpia IV - (Execução Fiscal), Fórum Olímpia V - (CEJUSC), Fórum Olímpia VI - (Anexo do JEC - UAAJ - CAJOBI);4;1ª Vara Cível, 2ª Vara Cível, 3ª Vara Cível, Vara Criminal;1ª Vara Cível, 2ª Vara Cível, 3ª Vara Cível, Vara Criminal
3534005;Onda Verde;4771;3533007;Nova Granada;1;Entrância Inicial;Avenida Doutor Hildeberto Albuquerque Ferreira , 1001 - Centro, 15440-000;-20.47600830280273;-49.33111856967772;16;16ª São José do Rio Preto;8;8ª São José do Rio Preto;32009;3;Icém, Nova Granada, Onda Verde;33;Adolfo, Américo de Campos, Bady Bassitt, Bálsamo, Cedral, Cosmorama, Guapiaçu, Icém, Ipiguá, Jaci, José Bonifácio, Macaubal, Mendonça, Mirassol, Mirassolândia, Monte Aprazível, Neves Paulista, Nipoã, Nova Aliança, Nova Granada, Onda Verde, Orindiúva, Palestina, Paulo de Faria, Poloni, Potirendaba, Riolândia, Sebastianópolis do Sul, São José do Rio Preto, Tanabi, Ubarana, Uchoa, União Paulista;;0;;Vara Judicial
3534104;Oriente;6085;3540002;Pompéia;1;Entrância Inicial;Rua Clementino José de Paula , 387 - Centro, 17580-089;-22.0291850541689;-50.187727291166865;31;31ª Marília;5;5ª Presidente Prudente;33319;3;Oriente, Pompéia, Quintana;12;Alvinlândia, Fernão, Garça, Gália, Lupércio, Marília, Ocauçu, Oriente, Pompéia, Quintana, Vera Cruz, Álvaro de Carvalho;;0;;1ª Vara Judicial
3534203;Orindiúva;6024;3536604;Paulo de Faria;2;Entrância Inicial;Rua XV de Novembro , 809 - centro, 15490-000;-20.066612556982832;-49.46342303393608;16;16ª São José do Rio Preto;8;8ª São José do Rio Preto;23733;3;Orindiúva, Paulo de Faria, Riolândia;33;Adolfo, Américo de Campos, Bady Bassitt, Bálsamo, Cedral, Cosmorama, Guapiaçu, Icém, Ipiguá, Jaci, José Bonifácio, Macaubal, Mendonça, Mirassol, Mirassolândia, Monte Aprazível, Neves Paulista, Nipoã, Nova Aliança, Nova Granada, Onda Verde, Orindiúva, Palestina, Paulo de Faria, Poloni, Potirendaba, Riolândia, Sebastianópolis do Sul, São José do Rio Preto, Tanabi, Ubarana, Uchoa, União Paulista;;0;;Juizado Especial Cível e Criminal, Vara Judicial
3534302;Orlândia;38319;3534302;Orlândia;3;Entrância Inicial;Praça Coronel Francisco Orlando , s/n - Centro, 14620-000;-20.69788120993876;-47.90583313187581;39;39ª Batatais;6;6ª Ribeirão Preto;38319;1;Orlândia;8;Altinópolis, Batatais, Brodowski, Morro Agudo, Nuporanga, Orlândia, Sales Oliveira, Santo Antônio da Alegria;"Fórum "" Antonio de Quadros"", Fórum II da Comarca de Orlândia (CEJUSC), Fórum Orlândia [Residência Oficial]";3;1ª Vara Judicial, 2ª vara, Juizado Especial Cível e Criminal;1ª Vara Judicial, 2ª vara, Juizado Especial Cível e Criminal
3534401;Osasco;728615;3534401;Osasco;18;Entrância Final;Avenida das Flores , 703 - Jardim das Flores, 06110-100;-23.52877847236069;-46.78927079300531;4;4ª Osasco;1;1ª Grande São Paulo;728615;1;Osasco;6;Barueri, Carapicuíba, Jandira, Osasco, Pirapora do Bom Jesus, Santana de Parnaíba;Fórum Osasco ( Principal), Fórum Osasco (CEJUSC), Fórum Osasco (Varas da Fazenda Pública), Fórum Osasco II - (Varas da Família e das Sucessões);18;1ª Vara Criminal, 1ª Vara Cível, 1ª Vara do Juizado Especial Cível, 2ª Vara Criminal, 2ª Vara Cível, 2ª Vara do Juizado Especial Cível, 3ª Vara Criminal, 3ª Vara Cível, 4ª Vara Criminal, 4ª Vara Cível, 5ª Vara Cível, 6ª Vara Cível, 7ª Vara Cível, 8ª Vara Cível, Ofício do Juizado Especial Cível, Setor Técnico da Vara da Infância e da Juventude, Vara da Infância e da Juventude, Vara do Júri e Execuções Criminais;1ª Vara Criminal, 1ª Vara Cível, 1ª Vara do Juizado Especial Cível, 2ª Vara Criminal, 2ª Vara Cível, 2ª Vara do Juizado Especial Cível, 3ª Vara Criminal, 3ª Vara Cível, 4ª Vara Criminal, 4ª Vara Cível, 5ª Vara Cível, 6ª Vara Cível, 7ª Vara Cível, 8ª Vara Cível, Ofício do Juizado Especial Cível, Setor Técnico da Vara da Infância e da Juventude, Vara da Infância e da Juventude, Vara do Júri e Execuções Criminais
3534500;Oscar Bressane;2470;3535507;Paraguaçu Paulista;1;Entrância Inicial;Avenida Siqueira Campos , 1429 - Vila Affini, 19703-001;-22.459088909114485;-50.626560899858546;26;26ª Assis;5;5ª Presidente Prudente;47158;4;Borá, Lutécia, Oscar Bressane, Paraguaçu Paulista;18;Assis, Borá, Campos Novos Paulista, Cruzália, Cândido Mota, Echaporã, Florínia, Ibirarema, João Ramalho, Lutécia, Maracaí, Oscar Bressane, Palmital, Paraguaçu Paulista, Pedrinhas Paulista, Platina, Quatá, Tarumã;;0;;Juizado Especial Cível e Criminal
3534609;Osvaldo Cruz;31272;3534609;Osvaldo Cruz;3;Entrância Inicial;Avenida Estados Unidos , 480 - Jardim das Bandeiras, 17700-000;-21.73276741408135;-50.87389890344581;30;30ª Tupã;5;5ª Presidente Prudente;49134;4;Osvaldo Cruz, Parapuã, Sagres, Salmourão;17;Adamantina, Arco-Íris, Bastos, Flórida Paulista, Herculândia, Iacri, Inúbia Paulista, Lucélia, Mariápolis, Osvaldo Cruz, Parapuã, Pracinha, Queiroz, Rinópolis, Sagres, Salmourão, Tupã;"Fórum ""Desembargador Márcio Munhoz"", Fórum Osvaldo Cruz II - CEJUSC";3;1ª Vara Judicial, 2ª Vara Judicial, Juizado Especial Cível e Criminal;1ª Vara Judicial, 2ª Vara Judicial, Juizado Especial Cível e Criminal
3534708;Ourinhos;103970;3534708;Ourinhos;7;Entrância Final;Rua dos Expedicionários , 1895 - Jardim Matilde, 19902-610;-22.952676958562666;-49.852417421597444;25;25ª Ourinhos;3;3ª Bauru;117697;3;Ourinhos, Ribeirão do Sul, Salto Grande;16;Bernardino de Campos, Canitar, Chavantes, Espírito Santo do Turvo, Ipaussu, Manduri, Ourinhos, Piraju, Ribeirão do Sul, Salto Grande, Santa Cruz do Rio Pardo, Sarutaiá, São Pedro do Turvo, Tejupá, Timburi, Óleo;Fórum I Ourinhos, Fórum II Ourinhos (Residência Oficial);7;1ª Vara Criminal, 1ª Vara Cível, 2ª Vara Criminal, 2ª Vara Cível, 3ª Vara Cível, Ofício do Juizado Especial, Vara do Juizado Especial Cível;1ª Vara Criminal, 1ª Vara Cível, 2ª Vara Criminal, 2ª Vara Cível, 3ª Vara Cível, Ofício do Juizado Especial, Vara do Juizado Especial Cível
3534757;Ouroeste;10294;3534757;Ouroeste;0;Entrância Inicial;Rua Brás Cubas , 1315 - centro, 15685-000;-19.92244507045213;-50.401961617180625;18;18ª Fernandópolis;8;8ª São José do Rio Preto;16297;3;Guarani d'Oeste, Indiaporã, Ouroeste;15;Dolcinópolis, Estrela dOeste, Fernandópolis, General Salgado, Guarani d'Oeste, Indiaporã, Macedônia, Meridiano, Nova Castilho, Ouroeste, Pedranópolis, Populina, São João das Duas Pontes, São João de Iracema, Turmalina;FORO DA COMARCA DE OUROESTE, Fórum ca Comarca de Ouroeste II (CEJUSC), Fórum da Comarca de Ouroeste III (Anexo do JEC - UAAJ - INDIAPORÃ);0;;
3534807;Ouro Verde;7779;3514403;Dracena;3;Entrância Intermediária;Rua Bolívia , 137 - Jd América, 17911-250;-21.556701707535147;-51.58404330042996;29;29ª Dracena;5;5ª Presidente Prudente;53253;2;Dracena, Ouro Verde;13;Dracena, Flora Rica, Irapuru, Junqueirópolis, Monte Castelo, Nova Guataporanga, Ouro Verde, Pacaembu, Panorama, Paulicéia, Santa Mercedes, São João do Pau d'Alho, Tupi Paulista;;0;;1ª Vara Judicial, 2ª Vara Judicial, 3ª Vara Judicial
3534906;Pacaembu;14877;3534906;Pacaembu;3;Entrância Inicial;Av. São João , 1361 - Guaraniúva, 17860-000;-21.49555215462704;-51.27420917113737;29;29ª Dracena;5;5ª Presidente Prudente;23449;3;Flora Rica, Irapuru, Pacaembu;13;Dracena, Flora Rica, Irapuru, Junqueirópolis, Monte Castelo, Nova Guataporanga, Ouro Verde, Pacaembu, Panorama, Paulicéia, Santa Mercedes, São João do Pau d'Alho, Tupi Paulista;Fórum Pacaembu;3;1ª Vara Judicial, Cartório  Único (1ª e 2ª Varas Judiciais), Juizado Especial Cível e Criminal;1ª Vara Judicial, Cartório  Único (1ª e 2ª Varas Judiciais), Juizado Especial Cível e Criminal
3535002;Palestina;11476;3535002;Palestina;2;Entrância Inicial;Rua Capitão Faria , 1048 - Centro, 15470-000;-20.321143711977555;-49.49762874827741;16;16ª São José do Rio Preto;8;8ª São José do Rio Preto;11476;1;Palestina;33;Adolfo, Américo de Campos, Bady Bassitt, Bálsamo, Cedral, Cosmorama, Guapiaçu, Icém, Ipiguá, Jaci, José Bonifácio, Macaubal, Mendonça, Mirassol, Mirassolândia, Monte Aprazível, Neves Paulista, Nipoã, Nova Aliança, Nova Granada, Onda Verde, Orindiúva, Palestina, Paulo de Faria, Poloni, Potirendaba, Riolândia, Sebastianópolis do Sul, São José do Rio Preto, Tanabi, Ubarana, Uchoa, União Paulista;"""Fórum: José Eduardo Coelho de Paula""";2;Juizado Especial Cível e Criminal, Vara Judicial;Juizado Especial Cível e Criminal, Vara Judicial
3535101;Palmares Paulista;9650;3545605;Santa Adélia;4;Entrância Inicial;Praça Doutor Adhemar de Barros , 255 - Centro, 15950-000;-21.317775593689618;-48.819015715892654;15;15ª Catanduva;8;8ª São José do Rio Preto;31270;3;Ariranha, Palmares Paulista, Santa Adélia;16;Ariranha, Catanduva, Catiguá, Elisiário, Ibirá, Irapuã, Itajobi, Marapoama, Novais, Novo Horizonte, Palmares Paulista, Pindorama, Sales, Santa Adélia, Tabapuã, Urupês;;0;;Juizado Especial Criminal, Juizado Especial Cível, Ofício Judicial da Vara Única da Comarca, Vara Judicial
3535200;Palmeira d'Oeste;8903;3535200;Palmeira d'Oeste;3;Entrância Inicial;Rua XV de Novembro , 48-71 - centro, 15720-000;-20.438958786474778;-50.74877216380056;55;55ª Jales;2;2ª Araçatuba;17451;4;Aparecida d'Oeste, Marinópolis, Palmeira d'Oeste, São Francisco;23;Aparecida d'Oeste, Aspásia, Auriflama, Dirce Reis, Guzolândia, Jales, Marinópolis, Mesópolis, Nova Canaã Paulista, Palmeira d'Oeste, Paranapuã, Pontalinda, Rubinéia, Santa Albertina, Santa Clara d'Oeste, Santa Fé do Sul, Santa Rita d'Oeste, Santa Salete, Santana da Ponte Pensa, São Francisco, Três Fronteiras, Urânia, Vitória Brasil;Fórum da Comarca de Palmeira d’Oeste;3;Juizado Especial Cível, Juizado Informal de Conciliação, Vara Judicial;Juizado Especial Cível, Juizado Informal de Conciliação, Vara Judicial
3535309;Palmital;19594;3535309;Palmital;3;Entrância Inicial;Avenida Reginalda Leão , 1500 - Centro, 19970-050;-22.828796288984474;-50.22094958288994;26;26ª Assis;5;5ª Presidente Prudente;33892;4;Campos Novos Paulista, Ibirarema, Palmital, Platina;18;Assis, Borá, Campos Novos Paulista, Cruzália, Cândido Mota, Echaporã, Florínia, Ibirarema, João Ramalho, Lutécia, Maracaí, Oscar Bressane, Palmital, Paraguaçu Paulista, Pedrinhas Paulista, Platina, Quatá, Tarumã;Fórum Dr. Ethayba Gilson Parahiba, Fórum II Palmital (Residência Oficial);3;1ª Vara Judicial, 2ª Vara Judicial, Juizado Especial Cível;1ª Vara Judicial, 2ª Vara Judicial, Juizado Especial Cível
3535408;Panorama;14964;3535408;Panorama;3;Entrância Inicial;Rua Manoel Fernandes da Cunha , 1308 - Centro, 17980-000;-21.463313395992934;-51.85808697101582;29;29ª Dracena;5;5ª Presidente Prudente;25875;3;Panorama, Paulicéia, Santa Mercedes;13;Dracena, Flora Rica, Irapuru, Junqueirópolis, Monte Castelo, Nova Guataporanga, Ouro Verde, Pacaembu, Panorama, Paulicéia, Santa Mercedes, São João do Pau d'Alho, Tupi Paulista;Fórum I Panorama, Fórum II Panorama (CEJUSC);3;1ª Vara Judicial, 2ª Vara Judicial, Juizado Especial Cível e Criminal;1ª Vara Judicial, 2ª Vara Judicial, Juizado Especial Cível e Criminal
3535507;Paraguaçu Paulista;41120;3535507;Paraguaçu Paulista;1;Entrância Inicial;Avenida Siqueira Campos , 1429 - Vila Affini, 19703-001;-22.459088909114485;-50.626560899858546;26;26ª Assis;5;5ª Presidente Prudente;47158;4;Borá, Lutécia, Oscar Bressane, Paraguaçu Paulista;18;Assis, Borá, Campos Novos Paulista, Cruzália, Cândido Mota, Echaporã, Florínia, Ibirarema, João Ramalho, Lutécia, Maracaí, Oscar Bressane, Palmital, Paraguaçu Paulista, Pedrinhas Paulista, Platina, Quatá, Tarumã;Fórum Paraguaçu Paulista;1;Juizado Especial Cível e Criminal;Juizado Especial Cível e Criminal
3535606;Paraibuna;17667;3535606;Paraibuna;2;Entrância Inicial;Rua  Major João Elias Calazans , 565 - Centro, 12260-000;-23.478359903510512;-45.641868189434334;46;46ª São José dos Campos;9;9ª São José dos Campos;24666;2;Natividade da Serra, Paraibuna;7;Jacareí, Monteiro Lobato, Natividade da Serra, Paraibuna, Salesópolis, Santa Branca, São José dos Campos;Fórum Paraibuna - (Dr Getúlio Evaristo dos Santos);2;Juizado Especial Cível e Criminal, Vara Judicial;Juizado Especial Cível e Criminal, Vara Judicial
3535705;Paraíso;6099;3531506;Monte Azul Paulista;2;Entrância Inicial;Rua Floriano Peixoto , 515 - Centro, 14730-000;-20.90887674217257;-48.68130853247428;14;14ª Barretos;8;8ª São José do Rio Preto;24250;2;Monte Azul Paulista, Paraíso;16;Altair, Barretos, Bebedouro, Cajobi, Colina, Colômbia, Embaúba, Guaraci, Guaíra, Jaborandi, Monte Azul Paulista, Olímpia, Paraíso, Severínia, Terra Roxa, Viradouro;;0;;Juizado Especial Cível e Criminal, Vara Judicial
3535804;Paranapanema;19395;3535804;Paranapanema;1;Entrância Inicial;Rua Avaré , 400 - Centro, 18720-025;-23.438480281822866;-48.79521494548865;24;24ª Avaré;3;3ª Bauru;19395;1;Paranapanema;11;Arandu, Avaré, Cerqueira César, Coronel Macedo, Fartura, Iaras, Itaí, Paranapanema, Taguaí, Taquarituba, Águas de Santa Bárbara;Fórum Paranapanema III - (Seção de Execução Fiscal), Fórum da Comarca de Paranapanema, Juizado Especial Cível e Criminal do Foro de Paranapanema;1;Vara Judicial;Vara Judicial
3535903;Paranapuã;4031;3524808;Jales;5;Entrância Final;Rua Nove , 2.231 - Centro, 15700-018;-20.28581840738815;-50.55409741241927;55;55ª Jales;2;2ª Araçatuba;68693;7;Dirce Reis, Jales, Mesópolis, Paranapuã, Pontalinda, Santa Albertina, Vitória Brasil;23;Aparecida d'Oeste, Aspásia, Auriflama, Dirce Reis, Guzolândia, Jales, Marinópolis, Mesópolis, Nova Canaã Paulista, Palmeira d'Oeste, Paranapuã, Pontalinda, Rubinéia, Santa Albertina, Santa Clara d'Oeste, Santa Fé do Sul, Santa Rita d'Oeste, Santa Salete, Santana da Ponte Pensa, São Francisco, Três Fronteiras, Urânia, Vitória Brasil;;0;;1ª Vara Criminal, 1ª Vara Cível, 2ª Vara Criminal, 2ª Vara Cível, 3ª Vara Cível
3536000;Parapuã;10580;3534609;Osvaldo Cruz;3;Entrância Inicial;Avenida Estados Unidos , 480 - Jardim das Bandeiras, 17700-000;-21.73276741408135;-50.87389890344581;30;30ª Tupã;5;5ª Presidente Prudente;49134;4;Osvaldo Cruz, Parapuã, Sagres, Salmourão;17;Adamantina, Arco-Íris, Bastos, Flórida Paulista, Herculândia, Iacri, Inúbia Paulista, Lucélia, Mariápolis, Osvaldo Cruz, Parapuã, Pracinha, Queiroz, Rinópolis, Sagres, Salmourão, Tupã;;0;;1ª Vara Judicial, 2ª Vara Judicial, Juizado Especial Cível e Criminal
3536109;Pardinho;7153;3507506;Botucatu;0;Entrância Final;Praça Iole Dinucci Fernandes , s/nº - Jardim Rivieira, 18606-572;-22.863442205116957;-48.4683294549136;23;23ª Botucatu;3;3ª Bauru;152308;2;Botucatu, Pardinho;9;Anhembi, Areiópolis, Botucatu, Conchas, Itatinga, Pardinho, Pereiras, Pratânia, São Manuel;;0;;
3536208;Pariquera-Açu;19233;3536208;Pariquera-Açu;2;Entrância Inicial;Av. Doutor Fernando Costa , 215 - Centro, 11930-000;-24.67824851480179;-47.85009498318696;21;21ª Registro;7;7ª Santos;19233;1;Pariquera-Açu;13;Barra do Turvo, Cajati, Cananéia, Eldorado, Iguape, Ilha Comprida, Iporanga, Jacupiranga, Juquiá, Miracatu, Pariquera-Açu, Registro, Sete Barras;Comarca de Pariquera-Açu;2;Juizado Especial Cível, Vara Judicial;Juizado Especial Cível, Vara Judicial
3536257;Parisi;2892;3557105;Votuporanga;6;Entrância Final;Rua Espírito Santo , 2497 - Cia Melhoramentos, 15501-221;-20.4578116989283;-49.98909642316039;17;17ª Votuporanga;8;8ª São José do Rio Preto;117539;4;Parisi, Valentim Gentil, Votuporanga, Álvares Florence;13;Cardoso, Floreal, Gastão Vidigal, Magda, Mira Estrela, Monções, Nhandeara, Nova Luzitânia, Parisi, Pontes Gestal, Valentim Gentil, Votuporanga, Álvares Florence;;0;;1ª Vara Criminal, 1ª Vara Cível, 2ª Vara Cível, 3ª Vara Cível, 4ª Vara Cível, Ofício do Juizado Especial Civel e Criminal
3536307;Patrocínio Paulista;14512;3536307;Patrocínio Paulista;2;Entrância Inicial;Praça Nossa Senhora do Patrocínio , 1118 - centro, 14415-000;-20.70417980097383;-47.289394038380046;38;38ª Franca;6;6ª Ribeirão Preto;20291;2;Itirapuã, Patrocínio Paulista;10;Cristais Paulista, Franca, Itirapuã, Jeriquara, Patrocínio Paulista, Pedregulho, Restinga, Ribeirão Corrente, Rifaina, São José da Bela Vista;Fórum I Patrocínio Paulista, Fórum II Patrocínio Paulista;2;Juizado Especial Cível, Vara Judicial;Juizado Especial Cível, Vara Judicial
3536406;Paulicéia;7955;3535408;Panorama;3;Entrância Inicial;Rua Manoel Fernandes da Cunha , 1308 - Centro, 17980-000;-21.463313395992934;-51.85808697101582;29;29ª Dracena;5;5ª Presidente Prudente;25875;3;Panorama, Paulicéia, Santa Mercedes;13;Dracena, Flora Rica, Irapuru, Junqueirópolis, Monte Castelo, Nova Guataporanga, Ouro Verde, Pacaembu, Panorama, Paulicéia, Santa Mercedes, São João do Pau d'Alho, Tupi Paulista;;0;;1ª Vara Judicial, 2ª Vara Judicial, Juizado Especial Cível e Criminal
3536505;Paulínia;110537;3536505;Paulínia;5;Entrância Intermediária;Praça Vinte e Oito de Fevereiro , 180 - Centro, 13140-285;-22.748361708452858;-47.145065464629056;8;8ª Campinas;4;4ª Campinas;110537;1;Paulínia;4;Campinas, Cosmópolis, Paulínia, Valinhos;FORO DA COMARCA DE PAULÍNIA, Fórum II Paulínia (CEJUSC);5;1ª Vara Judicial, 2ª Vara Judicial, Gabinete MMª Juíza de Direito - 1ª Vara, Gabinete MMª Juíza de Direito - 2ª Vara, Juizado Especial Cível e Criminal;1ª Vara Judicial, 2ª Vara Judicial, Gabinete MMª Juíza de Direito - 1ª Vara, Gabinete MMª Juíza de Direito - 2ª Vara, Juizado Especial Cível e Criminal
3536570;Paulistânia;2090;3500709;Agudos;2;Entrância Inicial;Rua Paulo Nelli , 276 - Vila Andreotti, 17120-370;-22.57192491692267;-49.10874517574034;32;32ª Bauru;3;3ª Bauru;39770;2;Agudos, Paulistânia;18;Agudos, Arealva, Avaí, Balbinos, Bauru, Borebi, Cabrália Paulista, Duartina, Lençóis Paulista, Lucianópolis, Paulistânia, Pirajuí, Piratininga, Pongaí, Presidente Alves, Reginópolis, Ubirajara, Uru;;0;;1ª Vara Judicial, Juizado Especial Cível
3536604;Paulo de Faria;7400;3536604;Paulo de Faria;2;Entrância Inicial;Rua XV de Novembro , 809 - centro, 15490-000;-20.066612556982832;-49.46342303393608;16;16ª São José do Rio Preto;8;8ª São José do Rio Preto;23733;3;Orindiúva, Paulo de Faria, Riolândia;33;Adolfo, Américo de Campos, Bady Bassitt, Bálsamo, Cedral, Cosmorama, Guapiaçu, Icém, Ipiguá, Jaci, José Bonifácio, Macaubal, Mendonça, Mirassol, Mirassolândia, Monte Aprazível, Neves Paulista, Nipoã, Nova Aliança, Nova Granada, Onda Verde, Orindiúva, Palestina, Paulo de Faria, Poloni, Potirendaba, Riolândia, Sebastianópolis do Sul, São José do Rio Preto, Tanabi, Ubarana, Uchoa, União Paulista;"Fórum ""PROMOTOR GABRIEL NETTUZZI PEREZ"", Fórum II da Comarca de Paulo de Faria (CEJUSC/JECC)";2;Juizado Especial Cível e Criminal, Vara Judicial;Juizado Especial Cível e Criminal, Vara Judicial
3536703;Pederneiras;44827;3536703;Pederneiras;2;Entrância Inicial;Rua Belmiro Pereira , 367 - Centro, 17280-061;-22.301430619321216;-48.86106413230437;33;33ª Jaú;3;3ª Bauru;49542;2;Boracéia, Pederneiras;12;Bariri, Barra Bonita, Bocaina, Boracéia, Dois Córregos, Igaraçu do Tietê, Itaju, Itapuí, Jaú, Macatuba, Mineiros do Tietê, Pederneiras;Fórum Pederneiras (Desativado), Fórum Pederneiras I, Fórum Pederneiras II (CEJUSC), Fórum Pederneiras III (Arquivo Geral de Móveis);2;1ª Vara Judicial, 2ª Vara Judicial;1ª Vara Judicial, 2ª Vara Judicial
3536802;Pedra Bela;6557;3507605;Bragança Paulista;8;Entrância Final;Avenida dos Imigrantes , 1501 - Jd. America, 12902-000;-22.93834773595671;-46.555949879414;6;6ª Bragança Paulista;4;4ª Campinas;200658;4;Bragança Paulista, Pedra Bela, Tuiuti, Vargem;11;Atibaia, Bom Jesus dos Perdões, Bragança Paulista, Jarinu, Joanópolis, Nazaré Paulista, Pedra Bela, Pinhalzinho, Piracaia, Tuiuti, Vargem;;0;;1ª Vara Criminal, 1ª Vara Cível, 2ª Vara Criminal, 2ª Vara Cível, 3ª Vara Cível, Execuções Criminais e da Infância e da Juventude, Juizado Especial Cível e Criminal, Vara do Júri
3536901;Pedranópolis;2787;3515509;Fernandópolis;8;Entrância Final;Avenida Raul Gonçalves Júnior , 850 - Jardim Santa Rita, 15610-000;-20.271768816132493;-50.28301523035687;18;18ª Fernandópolis;8;8ª São José do Rio Preto;82508;4;Fernandópolis, Macedônia, Meridiano, Pedranópolis;15;Dolcinópolis, Estrela dOeste, Fernandópolis, General Salgado, Guarani d'Oeste, Indiaporã, Macedônia, Meridiano, Nova Castilho, Ouroeste, Pedranópolis, Populina, São João das Duas Pontes, São João de Iracema, Turmalina;;0;;1ª Vara Criminal, 1ª Vara Criminal e da Infância e Juventude, 1ª vara Cível, 2ª Vara Criminal, 2ª Vara Cível, 3ª Vara Cível, Ofício do Juizado Especial Cível e Criminal, Vara do Juizado Especial Cível e Criminal
3537008;Pedregulho;15525;3537008;Pedregulho;3;Entrância Inicial;Praça Padre Luís Sávio , s/n - centro, 14470-000;-20.205591939297193;-47.43906022128376;38;38ª Franca;6;6ª Ribeirão Preto;23437;3;Jeriquara, Pedregulho, Rifaina;10;Cristais Paulista, Franca, Itirapuã, Jeriquara, Patrocínio Paulista, Pedregulho, Restinga, Ribeirão Corrente, Rifaina, São José da Bela Vista;FÓRUM DESEMBARGADOR DÍNIO DE SANTIS GARCIA;3;Juizado Especial Cível, Juizado Especial Cível e Criminal de Pedregulho, Vara Judicial;Juizado Especial Cível, Juizado Especial Cível e Criminal de Pedregulho, Vara Judicial
3537107;Pedreira;43112;3537107;Pedreira;3;Entrância Inicial;Rua Odavilso Uttembergue , 80 - Pq. Industrial, 13920-284;-22.754706189736027;-46.88854986138023;54;54ª Amparo;4;4ª Campinas;43112;1;Pedreira;9;Amparo, Jaguariúna, Lindóia, Monte Alegre do Sul, Pedreira, Santo Antônio de Posse, Serra Negra, Socorro, Águas de Lindóia;Fórum Pedreira -Dr. Artur Moreira de Almeida;3;1ª Vara Judicial, 2ª Vara Judicial, Juizado Especial Cível e Criminal;1ª Vara Judicial, 2ª Vara Judicial, Juizado Especial Cível e Criminal
3537156;Pedrinhas Paulista;2804;3528809;Maracaí;2;Entrância Inicial;Avenida São Paulo , 440 - Centro, 19840-011;-22.65225483098565;-50.745406741732126;26;26ª Assis;5;5ª Presidente Prudente;17585;3;Cruzália, Maracaí, Pedrinhas Paulista;18;Assis, Borá, Campos Novos Paulista, Cruzália, Cândido Mota, Echaporã, Florínia, Ibirarema, João Ramalho, Lutécia, Maracaí, Oscar Bressane, Palmital, Paraguaçu Paulista, Pedrinhas Paulista, Platina, Quatá, Tarumã;;0;;Juizado Especial Cível e Criminal, Vara Judicial
3537206;Pedro de Toledo;11281;3523305;Itariri;2;Entrância Inicial;Rua Engº José Claret de Toledo Goulart , 41 - Centro, 11760-000;-24.292699162757536;-47.128140707910994;56;56ª Itanhaém;7;7ª Santos;26809;2;Itariri, Pedro de Toledo;5;Itanhaém, Itariri, Mongaguá, Pedro de Toledo, Peruíbe;;0;;Juizado Especial Cível e Criminal, Vara Judicial
3537305;Penápolis;61679;3537305;Penápolis;5;Entrância Intermediária;Praça Doutor Carlos Sampaio Filho , 190 - Centro, 16300-000;-21.405402830387295;-50.0956961896093;36;36ª Araçatuba;2;2ª Araçatuba;96618;7;Alto Alegre, Avanhandava, Barbosa, Braúna, Glicério, Luiziânia, Penápolis;26;Alto Alegre, Araçatuba, Avanhandava, Barbosa, Bento de Abreu, Bilac, Birigui, Braúna, Brejo Alegre, Buritama, Clementina, Coroados, Gabriel Monteiro, Glicério, Guararapes, Lourdes, Luiziânia, Penápolis, Piacatu, Planalto, Rubiácea, Santo Antônio do Aracanguá, Santópolis do Aguapeí, Turiúba, Valparaíso, Zacarias;Fórum Penápolis I -, Fórum Penápolis II - (Juizado Especial);5;1ª Vara Judicial, 2ª Vara Judicial, 3ª Vara Judicial, 4ª Vara Judicial, Vara do Juizado Especial Cível e Criminal;1ª Vara Judicial, 2ª Vara Judicial, 3ª Vara Judicial, 4ª Vara Judicial, Vara do Juizado Especial Cível e Criminal
3537404;Pereira Barreto;24095;3537404;Pereira Barreto;3;Entrância Inicial;Rua Francisca Senhorinha Carneiro , s/n - Vila Municipal, 15371-274;-20.67776117917967;-51.10647190768788;37;37ª Andradina;2;2ª Araçatuba;34858;3;Pereira Barreto, Sud Mennucci, Suzanápolis;12;Andradina, Castilho, Guaraçaí, Ilha Solteira, Itapura, Lavínia, Mirandópolis, Murutinga do Sul, Nova Independência, Pereira Barreto, Sud Mennucci, Suzanápolis;Fórum I Pereira Barreto, X-Fórum II Pereira Barreto (CEJUSC) [desativado];3;1ª Vara Judicial, 2ª Vara Judicial, Juizado Especial Cível;1ª Vara Judicial, 2ª Vara Judicial, Juizado Especial Cível
3537503;Pereiras;8737;3512308;Conchas;0;Entrância Inicial;Av. Gregório Marcos Garcia , 808 - Vila Esporte, 18570-000;-22.9656292866085;-48.047079624246535;23;23ª Botucatu;3;3ª Bauru;29643;3;Anhembi, Conchas, Pereiras;9;Anhembi, Areiópolis, Botucatu, Conchas, Itatinga, Pardinho, Pereiras, Pratânia, São Manuel;;0;;
3537602;Peruíbe;68352;3537602;Peruíbe;3;Entrância Inicial;Rua Bolívia , 89 - Bairro São José, 11750000;-24.27929969960179;-47.01300716274065;56;56ª Itanhaém;7;7ª Santos;68352;1;Peruíbe;5;Itanhaém, Itariri, Mongaguá, Pedro de Toledo, Peruíbe;Forum II  Peruíbe (Anexo de Violência Doméstica e Familiar contra a Mulher), Fórum Peruíbe, Fórum Peruíbe I, Fórum Peruíbe II - (Anexo Fiscal);3;1ª Vara Judicial, 2ª Vara Judicial, Juizado Especial Cível e Criminal;1ª Vara Judicial, 2ª Vara Judicial, Juizado Especial Cível e Criminal
3537701;Piacatu;5519;3506409;Bilac;2;Entrância Inicial;Praça Oswaldo Martins , 200 - Centro, 00000000;-21.427784634718797;-50.479257524885895;36;36ª Araçatuba;2;2ª Araçatuba;15601;3;Bilac, Gabriel Monteiro, Piacatu;26;Alto Alegre, Araçatuba, Avanhandava, Barbosa, Bento de Abreu, Bilac, Birigui, Braúna, Brejo Alegre, Buritama, Clementina, Coroados, Gabriel Monteiro, Glicério, Guararapes, Lourdes, Luiziânia, Penápolis, Piacatu, Planalto, Rubiácea, Santo Antônio do Aracanguá, Santópolis do Aguapeí, Turiúba, Valparaíso, Zacarias;;0;;Juizado Especial Cível e Criminal, Vara Judicial
3537800;Piedade;52970;3537800;Piedade;2;Entrância Inicial;Praça Raul Gomes de Abreu , 73 - Centro, 18170-000;-23.787008344192724;-47.43813280184805;19;19ª Sorocaba;10;10ª Sorocaba;60966;2;Piedade, Tapiraí;12;Alumínio, Araçariguama, Araçoiaba da Serra, Ibiúna, Mairinque, Piedade, Pilar do Sul, Salto de Pirapora, Sorocaba, São Roque, Tapiraí, Votorantim;FÓRUM DESEMBARGADOR OSWALDO PINTO DO AMARAL, Fórum Piedade II - Juizado Especial Cível, Fórum Piedade III (CEJUSC);2;1ª Vara Judicial, 2ª Vara Judicial;1ª Vara Judicial, 2ª Vara Judicial
3537909;Pilar do Sul;27619;3537909;Pilar do Sul;1;Entrância Inicial;Rua Santo Antônio , 197 - Centro, 18185-000;-23.85636602575428;-47.72812486091741;19;19ª Sorocaba;10;10ª Sorocaba;27619;1;Pilar do Sul;12;Alumínio, Araçariguama, Araçoiaba da Serra, Ibiúna, Mairinque, Piedade, Pilar do Sul, Salto de Pirapora, Sorocaba, São Roque, Tapiraí, Votorantim;Fórum Desembargador Renato Carlos Mascarenhas (Prédio II), Fórum Desembargador Renato Carlos Mascarenhas (Prédio Principal);1;Vara Judicial;Vara Judicial
3538006;Pindamonhangaba;165428;3538006;Pindamonhangaba;4;Entrância Final;Rua Alcides Ramos Nogueira , nº 780 - Socorro, 12421705;-22.880008804127293;-45.459274831809694;47;47ª Taubaté;9;9ª São José dos Campos;165428;1;Pindamonhangaba;11;Campos do Jordão, Caçapava, Jambeiro, Lagoinha, Pindamonhangaba, Redenção da Serra, Santo Antônio do Pinhal, São Bento do Sapucaí, São Luiz do Paraitinga, Taubaté, Tremembé;Fórum Juiz José Roberto Paim, Fórum Ministro Costa Manso, Fórum Pindamonhangaba [Arquivo];4;1ª Vara Cível, 2ª Vara Cível, 3ª Vara Cível, Vara Criminal;1ª Vara Cível, 2ª Vara Cível, 3ª Vara Cível, Vara Criminal
3538105;Pindorama;14542;3511102;Catanduva;8;Entrância Final;Parque da Américas , 55 - Centro, 15800-032;-21.1337504667109;-48.963683344957076;15;15ª Catanduva;8;8ª São José do Rio Preto;145161;4;Catanduva, Elisiário, Ibirá, Pindorama;16;Ariranha, Catanduva, Catiguá, Elisiário, Ibirá, Irapuã, Itajobi, Marapoama, Novais, Novo Horizonte, Palmares Paulista, Pindorama, Sales, Santa Adélia, Tabapuã, Urupês;;0;;1ª Vara Criminal, 1ª Vara Cível, 2ª Vara Criminal, 2ª Vara Cível, 3ª Vara Cível, Juizado Especial Cível, Vara da Família e das Sucessões, Vara do Juizado Especial Cível
3538204;Pinhalzinho;15224;3538204;Pinhalzinho;1;Entrância Inicial;Rua Boa Esperança , 266 - Centro, 12995-000;-22.77869396416676;-46.57343109827039;6;6ª Bragança Paulista;4;4ª Campinas;15224;1;Pinhalzinho;11;Atibaia, Bom Jesus dos Perdões, Bragança Paulista, Jarinu, Joanópolis, Nazaré Paulista, Pedra Bela, Pinhalzinho, Piracaia, Tuiuti, Vargem;Fórum Pinhalzinho;1;Vara Judicial;Vara Judicial
3538303;Piquerobi;3264;3547700;Santo Anastácio;3;Entrância Inicial;Praça Ataliba Leonel , 251 - Centro, 19360-000;-22.03764993240811;-51.722519241522036;28;28ª Presidente Venceslau;5;5ª Presidente Prudente;23252;3;Piquerobi, Ribeirão dos Índios, Santo Anastácio;11;Caiuá, Euclides da Cunha Paulista, Marabá Paulista, Mirante do Paranapanema, Piquerobi, Presidente Epitácio, Presidente Venceslau, Ribeirão dos Índios, Rosana, Santo Anastácio, Teodoro Sampaio;;0;;Juizado Especial Cível, Oficio Judicial (Unica Vara), Vara Judicial
3538501;Piquete;12490;3538501;Piquete;1;Entrância Inicial;Rua Professora Maria de Lourdes Brito Vilar , s/n - Centro, 12620-000;-22.590275440993793;-45.173762773525965;48;48ª Guaratinguetá;9;9ª São José dos Campos;12490;1;Piquete;17;Aparecida, Arapeí, Areias, Bananal, Cachoeira Paulista, Canas, Cruzeiro, Cunha, Guaratinguetá, Lavrinhas, Lorena, Piquete, Potim, Queluz, Roseira, Silveiras, São José do Barreiro;FORO DA COMARCA DE PIQUETE;1;Vara Judicial Cumulativa;Vara Judicial Cumulativa
3538600;Piracaia;26029;3538600;Piracaia;4;Entrância Inicial;Rua Benedito Vieira da Silva , 300 - Centro, 12970-000;-23.046870727700668;-46.302275985553024;6;6ª Bragança Paulista;4;4ª Campinas;38844;2;Joanópolis, Piracaia;11;Atibaia, Bom Jesus dos Perdões, Bragança Paulista, Jarinu, Joanópolis, Nazaré Paulista, Pedra Bela, Pinhalzinho, Piracaia, Tuiuti, Vargem;Fórum Desembargador Joaquim Barbosa de Almeida;4;1ª Vara Judicial, 2ª Vara Judicial, Gabinetes da Primeira Vara e Segunda Vara, Juizado Especial Cível e Criminal;1ª Vara Judicial, 2ª Vara Judicial, Gabinetes da Primeira Vara e Segunda Vara, Juizado Especial Cível e Criminal
3538709;Piracicaba;423323;3538709;Piracicaba;19;Entrância Final;Rua Bernardino de Campos , 55 - Alemães, 13417-901;-22.726451332766192;-47.78401709610705;34;34ª Piracicaba;4;4ª Campinas;447019;3;Charqueada, Piracicaba, Saltinho;16;Capivari, Cerquilho, Charqueada, Elias Fausto, Jumirim, Laranjal Paulista, Mombuca, Monte Mor, Piracicaba, Rafard, Rio das Pedras, Saltinho, Santa Maria da Serra, São Pedro, Tietê, Águas de São Pedro;Fórum Piracicaba I - (JEC -  JECRIM - COLÉGIO RECURSAL), Fórum Piracicaba I - (Principal), Fórum Piracicaba II - (Anexo Fiscal), Fórum Piracicaba IV - (Psicossocial), Fórum Piracicaba V - (CEJUSC);19;1ª Vara Criminal, 1ª Vara Cível, 1ª Vara da Família e das Sucessões, 2ª Vara Criminal, 2ª Vara Cível, 2ª Vara da Família e das Sucessões, 3ª Vara Criminal, 3ª Vara Cível, 3ª Vara da Família e das Sucessões, 4ª Vara Cível, 5ª Vara Cível, 6ª Vara Cível, Audiências de Conciliação das Varas da Família, Juizado Especial Criminal - Conciliação, Ofício do Juizado Especial Cível e Criminal, VARA DA FAZENDA PÚBLICA, VARA DA INFÂNCIA E DA JUVENTUDE, Vara do Juizado Especial Cível e Criminal, VARA DO JÚRI E EXECUÇÕES CRIMINAIS;1ª Vara Criminal, 1ª Vara Cível, 1ª Vara da Família e das Sucessões, 2ª Vara Criminal, 2ª Vara Cível, 2ª Vara da Família e das Sucessões, 3ª Vara Criminal, 3ª Vara Cível, 3ª Vara da Família e das Sucessões, 4ª Vara Cível, 5ª Vara Cível, 6ª Vara Cível, Audiências de Conciliação das Varas da Família, Juizado Especial Criminal - Conciliação, Ofício do Juizado Especial Cível e Criminal, VARA DA FAZENDA PÚBLICA, VARA DA INFÂNCIA E DA JUVENTUDE, Vara do Juizado Especial Cível e Criminal, VARA DO JÚRI E EXECUÇÕES CRIMINAIS
3538808;Piraju;29436;3538808;Piraju;2;Entrância Inicial;Praça Joaquim Antonio Arruda , 126 - Centro, 18800-049;-23.186915952498072;-49.366092572260236;25;25ª Ourinhos;3;3ª Bauru;52114;6;Manduri, Piraju, Sarutaiá, Tejupá, Timburi, Óleo;16;Bernardino de Campos, Canitar, Chavantes, Espírito Santo do Turvo, Ipaussu, Manduri, Ourinhos, Piraju, Ribeirão do Sul, Salto Grande, Santa Cruz do Rio Pardo, Sarutaiá, São Pedro do Turvo, Tejupá, Timburi, Óleo;CEJUSC -  Piraju [desativado], Fórum Dr. Simão Eugênio de Oliveira Lima, JUIZADO ESPECIAL CÍVEL E CRIMINAL DE PIRAJU;2;1ª Vara Judicial, 2ª Vara Judicial;1ª Vara Judicial, 2ª Vara Judicial
3538907;Pirajuí;22431;3538907;Pirajuí;3;Entrância Inicial;Praça Doutor Pedro da Rocha Braga , 43 - Centro, 16600-041;-21.957602612247964;-49.413609857419374;32;32ª Bauru;3;3ª Bauru;42566;6;Balbinos, Pirajuí, Pongaí, Presidente Alves, Reginópolis, Uru;18;Agudos, Arealva, Avaí, Balbinos, Bauru, Borebi, Cabrália Paulista, Duartina, Lençóis Paulista, Lucianópolis, Paulistânia, Pirajuí, Piratininga, Pongaí, Presidente Alves, Reginópolis, Ubirajara, Uru;Fórum Pirajuí  (Alexandre Delphino Amorim Lima), Fórum Pirajuí (Residência Oficial) (Desativado);3;1ª Vara Judicial, 2ª Vara Judicial, Juizado Especial Cível;1ª Vara Judicial, 2ª Vara Judicial, Juizado Especial Cível
3539004;Pirangi;10885;3539004;Pirangi;0;Entrância Inicial;Travessa Vereador Rafael João Giglio , s/n - Centro, 15820-000;-21.093857619466252;-48.66945074305756;42;42ª Jaboticabal;6;6ª Ribeirão Preto;18994;2;Pirangi, Vista Alegre do Alto;14;Cândido Rodrigues, Fernando Prestes, Guariba, Jaboticabal, Monte Alto, Pirangi, Pitangueiras, Pradópolis, Santa Ernestina, Taiaçu, Taiúva, Taquaral, Taquaritinga, Vista Alegre do Alto;Fórum de Pirangi;0;;
3539103;Pirapora do Bom Jesus;18370;3547304;Santana de Parnaíba;0;Entrância Intermediária;Rua Professor Eugênio Teani , 215 - Jardim Professor Benoá, 06502-025;-23.449448112918144;-46.91684768010563;4;4ª Osasco;1;1ª Grande São Paulo;172475;2;Pirapora do Bom Jesus, Santana de Parnaíba;6;Barueri, Carapicuíba, Jandira, Osasco, Pirapora do Bom Jesus, Santana de Parnaíba;;0;;
3539202;Pirapozinho;25348;3539202;Pirapozinho;4;Entrância Inicial;Rua Dr. Carlos Alberto Leite Boulhosa, 525 , 525 - Jardim Morada do Sol, 19200-000;-22.479179063433843;-51.61979607103878;27;27ª Presidente Prudente;5;5ª Presidente Prudente;43945;5;Estrela do Norte, Narandiba, Pirapozinho, Sandovalina, Tarabai;20;Alfredo Marcondes, Anhumas, Caiabu, Emilianópolis, Estrela do Norte, Iepê, Indiana, Martinópolis, Nantes, Narandiba, Pirapozinho, Presidente Bernardes, Presidente Prudente, Rancharia, Regente Feijó, Sandovalina, Santo Expedito, Taciba, Tarabai, Álvares Machado;Dr. Antonio José Machado Dias;4;2ª Vara Judicial, Juizado Especial Criminal, Juizado Especial Cível, Oficio Judicial (Crime);2ª Vara Judicial, Juizado Especial Criminal, Juizado Especial Cível, Oficio Judicial (Crime)
3539301;Pirassununga;73545;3539301;Pirassununga;3;Entrância Final;Rua José Bonifácio , 70 - Centro, 13631-062;-21.995925586957153;-47.38988401876359;11;11ª Pirassununga;4;4ª Campinas;73545;1;Pirassununga;5;Leme, Pirassununga, Porto Ferreira, Santa Cruz da Conceição, Santa Rita do Passa Quatro;Fórum Pirassununga I - (Principal), Fórum Pirassununga II - (Juizado Especial Cível e Criminal), Fórum Pirassununga III - (SETOR TÉCNICO);3;1ª Vara Judicial, 2ª Vara Judicial, 3ª Vara Judicial;1ª Vara Judicial, 2ª Vara Judicial, 3ª Vara Judicial
3539400;Piratininga;15108;3539400;Piratininga;2;Entrância Inicial;Rua Doutor José Lisboa Jr. , 67 - Centro, 17490058;-22.4249662001357;-49.191811518196666;32;32ª Bauru;3;3ª Bauru;15108;1;Piratininga;18;Agudos, Arealva, Avaí, Balbinos, Bauru, Borebi, Cabrália Paulista, Duartina, Lençóis Paulista, Lucianópolis, Paulistânia, Pirajuí, Piratininga, Pongaí, Presidente Alves, Reginópolis, Ubirajara, Uru;Fórum Piratininga - (Arthur César da Silva Whitaker);2;Ofício Judicial (Vara Única), Vara Judicial;Ofício Judicial (Vara Única), Vara Judicial
3539509;Pitangueiras;33674;3539509;Pitangueiras;2;Entrância Inicial;Rua Doutor Euclides Zanini Caldas , 713 - Centro, 14750-000;-21.006236530177024;-48.24937508742634;42;42ª Jaboticabal;6;6ª Ribeirão Preto;36293;2;Pitangueiras, Taquaral;14;Cândido Rodrigues, Fernando Prestes, Guariba, Jaboticabal, Monte Alto, Pirangi, Pitangueiras, Pradópolis, Santa Ernestina, Taiaçu, Taiúva, Taquaral, Taquaritinga, Vista Alegre do Alto;Fórum da Comarca de  Pitangueiras;2;Juizado Especial Cível, Vara Judicial;Juizado Especial Cível, Vara Judicial
3539608;Planalto;4389;3508108;Buritama;2;Entrância Inicial;Avenida Frei Marcelo Manilia , 739 - Centro, 15290-000;-21.04911063253764;-50.20022395961086;36;36ª Araçatuba;2;2ª Araçatuba;28059;5;Buritama, Lourdes, Planalto, Turiúba, Zacarias;26;Alto Alegre, Araçatuba, Avanhandava, Barbosa, Bento de Abreu, Bilac, Birigui, Braúna, Brejo Alegre, Buritama, Clementina, Coroados, Gabriel Monteiro, Glicério, Guararapes, Lourdes, Luiziânia, Penápolis, Piacatu, Planalto, Rubiácea, Santo Antônio do Aracanguá, Santópolis do Aguapeí, Turiúba, Valparaíso, Zacarias;;0;;Juizado Especial Cível e Criminal, Vara Cível
3539707;Platina;3025;3535309;Palmital;3;Entrância Inicial;Avenida Reginalda Leão , 1500 - Centro, 19970-050;-22.828796288984474;-50.22094958288994;26;26ª Assis;5;5ª Presidente Prudente;33892;4;Campos Novos Paulista, Ibirarema, Palmital, Platina;18;Assis, Borá, Campos Novos Paulista, Cruzália, Cândido Mota, Echaporã, Florínia, Ibirarema, João Ramalho, Lutécia, Maracaí, Oscar Bressane, Palmital, Paraguaçu Paulista, Pedrinhas Paulista, Platina, Quatá, Tarumã;;0;;1ª Vara Judicial, 2ª Vara Judicial, Juizado Especial Cível
3539806;Poá;103765;3539806;Poá;5;Entrância Intermediária;Av. Pref. Jorge Francisco Correia Allen , 87 - Centro, 08562-000;-23.53054495985172;-46.34679321943796;45;45ª Mogi das Cruzes;1;1ª Grande São Paulo;103765;1;Poá;7;Biritiba-Mirim, Ferraz de Vasconcelos, Guararema, Itaquaquecetuba, Mogi das Cruzes, Poá, Suzano;Fórum Poá III (CEJUSC), Fórum Poá IV (Desativado e demolido), Fórum da Comarca de Poá, Serviço Anexo das Fazendas da Comarca de Poá e Central de Mandados;5;1ª Vara Criminal, 1ª Vara Cível, 2ª Vara Criminal, 2ª Vara Cível, Juizado Especial Cível e Criminal;1ª Vara Criminal, 1ª Vara Cível, 2ª Vara Criminal, 2ª Vara Cível, Juizado Especial Cível e Criminal
3539905;Poloni;5592;3531407;Monte Aprazível;2;Entrância Inicial;Rua Monteiro Lobato , 269 - Centro, 15150-000;-20.737478869111115;-49.76583462682692;16;16ª São José do Rio Preto;8;8ª São José do Rio Preto;32622;3;Monte Aprazível, Nipoã, Poloni;33;Adolfo, Américo de Campos, Bady Bassitt, Bálsamo, Cedral, Cosmorama, Guapiaçu, Icém, Ipiguá, Jaci, José Bonifácio, Macaubal, Mendonça, Mirassol, Mirassolândia, Monte Aprazível, Neves Paulista, Nipoã, Nova Aliança, Nova Granada, Onda Verde, Orindiúva, Palestina, Paulo de Faria, Poloni, Potirendaba, Riolândia, Sebastianópolis do Sul, São José do Rio Preto, Tanabi, Ubarana, Uchoa, União Paulista;;0;;1ª Vara Judicial, 2ª Vara Judicial
3540002;Pompéia;20196;3540002;Pompéia;1;Entrância Inicial;Rua Clementino José de Paula , 387 - Centro, 17580-089;-22.0291850541689;-50.187727291166865;31;31ª Marília;5;5ª Presidente Prudente;33319;3;Oriente, Pompéia, Quintana;12;Alvinlândia, Fernão, Garça, Gália, Lupércio, Marília, Ocauçu, Oriente, Pompéia, Quintana, Vera Cruz, Álvaro de Carvalho;Fórum Dr. Antonio da Rocha Paes, Fórum Pompéia II (Residência Oficial);1;1ª Vara Judicial;1ª Vara Judicial
3540101;Pongaí;3395;3538907;Pirajuí;3;Entrância Inicial;Praça Doutor Pedro da Rocha Braga , 43 - Centro, 16600-041;-21.957602612247964;-49.413609857419374;32;32ª Bauru;3;3ª Bauru;42566;6;Balbinos, Pirajuí, Pongaí, Presidente Alves, Reginópolis, Uru;18;Agudos, Arealva, Avaí, Balbinos, Bauru, Borebi, Cabrália Paulista, Duartina, Lençóis Paulista, Lucianópolis, Paulistânia, Pirajuí, Piratininga, Pongaí, Presidente Alves, Reginópolis, Ubirajara, Uru;;0;;1ª Vara Judicial, 2ª Vara Judicial, Juizado Especial Cível
3540200;Pontal;37607;3540200;Pontal;2;Entrância Inicial;Rua João dos Reis , 544 - centro, 14180-000;-20.984576998627762;-48.064423432830566;41;41ª Ribeirão Preto;6;6ª Ribeirão Preto;37607;1;Pontal;16;Barrinha, Cajuru, Cravinhos, Cássia dos Coqueiros, Dumont, Guatapará, Jardinópolis, Luís Antônio, Pontal, Ribeirão Preto, Santa Cruz da Esperança, Santa Rosa de Viterbo, Serra Azul, Serrana, Sertãozinho, São Simão;"""JUIZ MANUEL CARLOS DE FIGUEIREDO FERRAZ FILHO""";2;1ª Vara Judicial, Juizado Especial Cível e Criminal;1ª Vara Judicial, Juizado Especial Cível e Criminal
3540259;Pontalinda;4127;3524808;Jales;5;Entrância Final;Rua Nove , 2.231 - Centro, 15700-018;-20.28581840738815;-50.55409741241927;55;55ª Jales;2;2ª Araçatuba;68693;7;Dirce Reis, Jales, Mesópolis, Paranapuã, Pontalinda, Santa Albertina, Vitória Brasil;23;Aparecida d'Oeste, Aspásia, Auriflama, Dirce Reis, Guzolândia, Jales, Marinópolis, Mesópolis, Nova Canaã Paulista, Palmeira d'Oeste, Paranapuã, Pontalinda, Rubinéia, Santa Albertina, Santa Clara d'Oeste, Santa Fé do Sul, Santa Rita d'Oeste, Santa Salete, Santana da Ponte Pensa, São Francisco, Três Fronteiras, Urânia, Vitória Brasil;;0;;1ª Vara Criminal, 1ª Vara Cível, 2ª Vara Criminal, 2ª Vara Cível, 3ª Vara Cível
3540309;Pontes Gestal;2387;3510708;Cardoso;2;Entrância Inicial;Rua Urias de Paula e Silva , 1351 - Jd Gouvêa, 15570-000;-20.067188064523144;-49.94760110721891;17;17ª Votuporanga;8;8ª São José do Rio Preto;16858;3;Cardoso, Mira Estrela, Pontes Gestal;13;Cardoso, Floreal, Gastão Vidigal, Magda, Mira Estrela, Monções, Nhandeara, Nova Luzitânia, Parisi, Pontes Gestal, Valentim Gentil, Votuporanga, Álvares Florence;;0;;Juizado Especial Cível e Criminal, Vara Judicial
3540408;Populina;4127;3515202;Estrela dOeste;2;Entrância Inicial;Rua Minas Gerais , s/n - centro, 15650-000;-20.265760715088682;-50.411468747306685;18;18ª Fernandópolis;8;8ª São José do Rio Preto;20000;5;Dolcinópolis, Estrela dOeste, Populina, São João das Duas Pontes, Turmalina;15;Dolcinópolis, Estrela dOeste, Fernandópolis, General Salgado, Guarani d'Oeste, Indiaporã, Macedônia, Meridiano, Nova Castilho, Ouroeste, Pedranópolis, Populina, São João das Duas Pontes, São João de Iracema, Turmalina;;0;;Juizado Especial Cível, Vara Judicial
3540507;Porangaba;10451;3540507;Porangaba;3;Entrância Inicial;Rua Vereador Braz Gica da Paz , 193 - Centro, 18260-000;-23.173857061708233;-48.117365595638425;22;22ª Itapetininga;10;10ª Sorocaba;37970;4;Bofete, Guareí, Porangaba, Torre de Pedra;17;Alambari, Angatuba, Bofete, Campina do Monte Alegre, Capela do Alto, Capão Bonito, Cesário Lange, Guapiara, Guareí, Itapetininga, Porangaba, Quadra, Ribeirão Grande, Sarapuí, São Miguel Arcanjo, Tatuí, Torre de Pedra;Fórum Porangaba I, Fórum Porangaba II (Anexo do JEC - UAAJ - BOFETE), Fórum Porangaba III (Anexo do JEC - UAAJ - GUAREÍ);3;Ofício do Juizado Especial Cível e Criminal, Vara do Juizado Especial Cível e Criminal, Vara Judicial;Ofício do Juizado Especial Cível e Criminal, Vara do Juizado Especial Cível e Criminal, Vara Judicial
3540606;Porto Feliz;56497;3540606;Porto Feliz;3;Entrância Inicial;Avenida José Maurino , 252 - Centro, 18540-000;-23.23033197506478;-47.51691203949374;20;20ª Itu;10;10ª Sorocaba;56497;1;Porto Feliz;7;Boituva, Cabreúva, Indaiatuba, Iperó, Itu, Porto Feliz, Salto;Fórum Porto Feliz;3;1ª Vara Judicial, 2ª Vara Judicial, Juizado Especial Cível;1ª Vara Judicial, 2ª Vara Judicial, Juizado Especial Cível
3540705;Porto Ferreira;52649;3540705;Porto Ferreira;3;Entrância Inicial;Rua Doutor Carlindo Valeriani , 525 - Centro, 13660-017;-21.84260837800383;-47.447178408467614;11;11ª Pirassununga;4;4ª Campinas;52649;1;Porto Ferreira;5;Leme, Pirassununga, Porto Ferreira, Santa Cruz da Conceição, Santa Rita do Passa Quatro;Fórum Dr. Luiz Guilherme Wertheimer, Fórum Porto Ferreira II - (Execuções Fiscais), Fórum Porto Ferreira III - (CEJUSC);3;1ª Vara, 2ª Vara, Juizado Especial Cível e Criminal;1ª Vara, 2ª Vara, Juizado Especial Cível e Criminal
3540754;Potim;20392;3502507;Aparecida;3;Entrância Inicial;Avenida Padroeira do Brasil , 180 - São Roque, 12573-276;-22.914206366020995;-45.237219519445574;48;48ª Guaratinguetá;9;9ª São José dos Campos;52961;2;Aparecida, Potim;17;Aparecida, Arapeí, Areias, Bananal, Cachoeira Paulista, Canas, Cruzeiro, Cunha, Guaratinguetá, Lavrinhas, Lorena, Piquete, Potim, Queluz, Roseira, Silveiras, São José do Barreiro;;0;;1ª Vara Judicial, 2ª Vara Judicial, Juizado Especial Cível e Criminal
3540804;Potirendaba;18496;3540804;Potirendaba;2;Entrância Inicial;Rua Pedro Siqueira , 1042 - Jardim do Bosque, 15105-000;-21.07553728137097;-49.39172368585775;16;16ª São José do Rio Preto;8;8ª São José do Rio Preto;25189;2;Nova Aliança, Potirendaba;33;Adolfo, Américo de Campos, Bady Bassitt, Bálsamo, Cedral, Cosmorama, Guapiaçu, Icém, Ipiguá, Jaci, José Bonifácio, Macaubal, Mendonça, Mirassol, Mirassolândia, Monte Aprazível, Neves Paulista, Nipoã, Nova Aliança, Nova Granada, Onda Verde, Orindiúva, Palestina, Paulo de Faria, Poloni, Potirendaba, Riolândia, Sebastianópolis do Sul, São José do Rio Preto, Tanabi, Ubarana, Uchoa, União Paulista;Fórum Potirendaba;2;Juizado Especial Cível e Criminal, Vara Judicial;Juizado Especial Cível e Criminal, Vara Judicial
3540853;Pracinha;2578;3527405;Lucélia;1;Entrância Inicial;Praça José Firpo , s/nº - Centro, 17780-000;-21.64413223391868;-50.99165950606271;30;30ª Tupã;5;5ª Presidente Prudente;26254;3;Inúbia Paulista, Lucélia, Pracinha;17;Adamantina, Arco-Íris, Bastos, Flórida Paulista, Herculândia, Iacri, Inúbia Paulista, Lucélia, Mariápolis, Osvaldo Cruz, Parapuã, Pracinha, Queiroz, Rinópolis, Sagres, Salmourão, Tupã;;0;;Juizado Especial Cível e Criminal
3540903;Pradópolis;17078;3518602;Guariba;3;Entrância Inicial;Pça Silvio Vaz de Arruda , 190 - Centro, 14840-000;-21.395946131178565;-48.22656696977504;42;42ª Jaboticabal;6;6ª Ribeirão Preto;54576;2;Guariba, Pradópolis;14;Cândido Rodrigues, Fernando Prestes, Guariba, Jaboticabal, Monte Alto, Pirangi, Pitangueiras, Pradópolis, Santa Ernestina, Taiaçu, Taiúva, Taquaral, Taquaritinga, Vista Alegre do Alto;;0;;1ª Vara Judicial, 2ª Vara Judicial, X-Juizado Especial Cível e Criminal
3541000;Praia Grande;349935;3541000;Praia Grande;12;Entrância Final;Avenida Doutor Roberto de Almeida Vinhas , 9101 - Vila Mirim, 11705-900;-24.015596163308423;-46.522731690035826;1;1ª Santos;7;7ª Santos;349935;1;Praia Grande;6;Bertioga, Cubatão, Guarujá, Praia Grande, Santos, São Vicente;Fórum Praia Grande - (Dr. Guilherme Penteado Campos;12;1ª Vara Criminal, 1ª Vara Cível, 1ª Vara da Família e das Sucessões, 2ª Vara Criminal, 2ª Vara Cível, 2ª Vara da Família e das Sucessões, 3ª Vara Cível, das Execuções Criminais e da Infância e da Juventude, Ofício do Juizado Especial Cível e Criminal, Vara da Fazenda Pública, Vara do Juizado Especial Cível e Criminal, Vara do Júri;1ª Vara Criminal, 1ª Vara Cível, 1ª Vara da Família e das Sucessões, 2ª Vara Criminal, 2ª Vara Cível, 2ª Vara da Família e das Sucessões, 3ª Vara Cível, das Execuções Criminais e da Infância e da Juventude, Ofício do Juizado Especial Cível e Criminal, Vara da Fazenda Pública, Vara do Juizado Especial Cível e Criminal, Vara do Júri
3541059;Pratânia;5126;3550100;São Manuel;1;Entrância Inicial;Rua Ettore Targa , s/nº - Centro, 18652330;-22.682250849603978;-48.54043524992775;23;23ª Botucatu;3;3ª Bauru;52545;3;Areiópolis, Pratânia, São Manuel;9;Anhembi, Areiópolis, Botucatu, Conchas, Itatinga, Pardinho, Pereiras, Pratânia, São Manuel;;0;;1º Vara Judicial
3541109;Presidente Alves;3804;3538907;Pirajuí;3;Entrância Inicial;Praça Doutor Pedro da Rocha Braga , 43 - Centro, 16600-041;-21.957602612247964;-49.413609857419374;32;32ª Bauru;3;3ª Bauru;42566;6;Balbinos, Pirajuí, Pongaí, Presidente Alves, Reginópolis, Uru;18;Agudos, Arealva, Avaí, Balbinos, Bauru, Borebi, Cabrália Paulista, Duartina, Lençóis Paulista, Lucianópolis, Paulistânia, Pirajuí, Piratininga, Pongaí, Presidente Alves, Reginópolis, Ubirajara, Uru;;0;;1ª Vara Judicial, 2ª Vara Judicial, Juizado Especial Cível
3541208;Presidente Bernardes;14490;3541208;Presidente Bernardes;3;Entrância Inicial;Rua Dr. Armando Falcone , s/n - Centro, 19300-000;-22.107288365050323;-51.620362163794496;27;27ª Presidente Prudente;5;5ª Presidente Prudente;17504;2;Emilianópolis, Presidente Bernardes;20;Alfredo Marcondes, Anhumas, Caiabu, Emilianópolis, Estrela do Norte, Iepê, Indiana, Martinópolis, Nantes, Narandiba, Pirapozinho, Presidente Bernardes, Presidente Prudente, Rancharia, Regente Feijó, Sandovalina, Santo Expedito, Taciba, Tarabai, Álvares Machado;Fórum Ministro Pedro Lessa, Fórum Presidente Bernardes (CEJUSC);3;CRIMINAL E DA FAZENDA PÚBLICA, JUIZADO ESPECIAL CÍVEL, Vara Judicial;CRIMINAL E DA FAZENDA PÚBLICA, JUIZADO ESPECIAL CÍVEL, Vara Judicial
3541307;Presidente Epitácio;39505;3541307;Presidente Epitácio;3;Entrância Inicial;Avenida Pres. Vargas , 1-31 - centro, 19470-000;-21.910683208717142;-52.17492825643754;28;28ª Presidente Venceslau;5;5ª Presidente Prudente;44971;2;Caiuá, Presidente Epitácio;11;Caiuá, Euclides da Cunha Paulista, Marabá Paulista, Mirante do Paranapanema, Piquerobi, Presidente Epitácio, Presidente Venceslau, Ribeirão dos Índios, Rosana, Santo Anastácio, Teodoro Sampaio;Fórum Presidente Epitácio, Fórum Presidente Epitácio II (CEJUSC);3;1ª Vara Judicial, 2ª Vara Judicial, Juizado Especial Cível e Criminal;1ª Vara Judicial, 2ª Vara Judicial, Juizado Especial Cível e Criminal
3541406;Presidente Prudente;225668;3541406;Presidente Prudente;17;Entrância Final;Avenida Coronel José Soares Marcondes , 2201 - Vila Comercial, 19013-050;-21.99318224082918;-51.34313661870564;27;27ª Presidente Prudente;5;5ª Presidente Prudente;264391;5;Alfredo Marcondes, Anhumas, Presidente Prudente, Santo Expedito, Álvares Machado;20;Alfredo Marcondes, Anhumas, Caiabu, Emilianópolis, Estrela do Norte, Iepê, Indiana, Martinópolis, Nantes, Narandiba, Pirapozinho, Presidente Bernardes, Presidente Prudente, Rancharia, Regente Feijó, Sandovalina, Santo Expedito, Taciba, Tarabai, Álvares Machado;Fórum Presidente Prudente - Francisco de Souza Nogueira, Fórum Presidente Prudente II (CEJUSC), Fórum Presidente Prudente [desativado], Presidente Prudente III (DARAJ), Presidente Prudente IV;17;1ª Vara Criminal, 1ª Vara Cível, 1ª Vara da Família e das Sucessões, 1ª Vara das Execuções Criminais, 2ª Vara Criminal, 2ª Vara Cível, 2ª Vara da Família e das Sucessões, 2ª Vara das Execuçõs Criminais, 3ª Vara Criminal, 3ª Vara Cível, 4ª Vara Cível, 5ª Vara Cível, Juizado Especial Cível, Ofício do Juizado Especial Cível, Vara da Fazenda Pública, Vara do Juizado Especial Cível, Vara do Júri e da Infância e da Juventude;1ª Vara Criminal, 1ª Vara Cível, 1ª Vara da Família e das Sucessões, 1ª Vara das Execuções Criminais, 2ª Vara Criminal, 2ª Vara Cível, 2ª Vara da Família e das Sucessões, 2ª Vara das Execuçõs Criminais, 3ª Vara Criminal, 3ª Vara Cível, 4ª Vara Cível, 5ª Vara Cível, Juizado Especial Cível, Ofício do Juizado Especial Cível, Vara da Fazenda Pública, Vara do Juizado Especial Cível, Vara do Júri e da Infância e da Juventude
3541505;Presidente Venceslau;35201;3541505;Presidente Venceslau;4;Entrância Intermediária;Avenida Faustino Rodrigues Azenha , 1500 - Jd Europa, 19400-117;-21.792996452922296;-51.838333410968794;28;28ª Presidente Venceslau;5;5ª Presidente Prudente;39774;2;Marabá Paulista, Presidente Venceslau;11;Caiuá, Euclides da Cunha Paulista, Marabá Paulista, Mirante do Paranapanema, Piquerobi, Presidente Epitácio, Presidente Venceslau, Ribeirão dos Índios, Rosana, Santo Anastácio, Teodoro Sampaio;Fórum Presidente Venceslau - J.P.C. Cardoso, Prédio do CEJUSC - Presidente Venceslau;4;1ª Vara Judicial, 2ª Vara Judicial, 3ª Vara Judicial, Juizado Especial Cível;1ª Vara Judicial, 2ª Vara Judicial, 3ª Vara Judicial, Juizado Especial Cível
3541604;Promissão;35131;3541604;Promissão;3;Entrância Inicial;Avenida Rio Grande , 730 - Centro, 16370-000;-21.52453120133082;-49.87047203192377;35;35ª Lins;2;2ª Araçatuba;35131;1;Promissão;9;Cafelândia, Getulina, Guaimbê, Guaiçara, Guarantã, Júlio Mesquita, Lins, Promissão, Sabino;Fórum I de Promissão, Fórum II de Promissão (Juizado Especial Cível e Criminal), Fórum III de Promissão;3;1ª Vara Judicial, 2ª Vara Judicial, Juizado Especial Cível;1ª Vara Judicial, 2ª Vara Judicial, Juizado Especial Cível
3541653;Quadra;3405;3554003;Tatuí;7;Entrância Final;Avenida Virginio Montezzo Filho , 2009 - Nova Tatui, 18278-440;-23.36207995741744;-47.86948322059495;22;22ª Itapetininga;10;10ª Sorocaba;150213;3;Capela do Alto, Quadra, Tatuí;17;Alambari, Angatuba, Bofete, Campina do Monte Alegre, Capela do Alto, Capão Bonito, Cesário Lange, Guapiara, Guareí, Itapetininga, Porangaba, Quadra, Ribeirão Grande, Sarapuí, São Miguel Arcanjo, Tatuí, Torre de Pedra;;0;;1ª vara criminal, 1ª Vara Cível, 2ª Vara criminal, 2ª Vara Cível, 3ª Vara Cível, Juizado Especial Cível e Criminal, Vara do Juizado Especial Civel e Criminal
3541703;Quatá;13163;3541703;Quatá;2;Entrância Inicial;Avenida Rui Barbosa , 844 - Centro, 19780-000;-22.20593754498056;-50.64529560834002;26;26ª Assis;5;5ª Presidente Prudente;17534;2;João Ramalho, Quatá;18;Assis, Borá, Campos Novos Paulista, Cruzália, Cândido Mota, Echaporã, Florínia, Ibirarema, João Ramalho, Lutécia, Maracaí, Oscar Bressane, Palmital, Paraguaçu Paulista, Pedrinhas Paulista, Platina, Quatá, Tarumã;Fórum I da Comarca de Quatá, Fórum II da Comarca de Quatá (Cartório Eleitorial);2;Juizado Especial Cível, Vara Judicial;Juizado Especial Cível, Vara Judicial
3541802;Queiroz;3265;3555000;Tupã;5;Entrância Final;Rua Nhambiquaras , 1731 - centro, 17600-060;-21.947277997451096;-50.53461790893955;30;30ª Tupã;5;5ª Presidente Prudente;87621;5;Arco-Íris, Herculândia, Queiroz, Rinópolis, Tupã;17;Adamantina, Arco-Íris, Bastos, Flórida Paulista, Herculândia, Iacri, Inúbia Paulista, Lucélia, Mariápolis, Osvaldo Cruz, Parapuã, Pracinha, Queiroz, Rinópolis, Sagres, Salmourão, Tupã;;0;;1ª Vara Cível, 2ª Vara Cível, 3ª Vara Cível, Juizado Especial Cível, Vara Criminal
3541901;Queluz;9159;3541901;Queluz;2;Entrância Inicial;Praça Portugal , 174 - Centro, 12800-000;-22.50424620010594;-44.78528819456312;48;48ª Guaratinguetá;9;9ª São José dos Campos;12736;2;Areias, Queluz;17;Aparecida, Arapeí, Areias, Bananal, Cachoeira Paulista, Canas, Cruzeiro, Cunha, Guaratinguetá, Lavrinhas, Lorena, Piquete, Potim, Queluz, Roseira, Silveiras, São José do Barreiro;Fórum Desembargador Ferreira França, Fórum II Queluz (Arquivo), Fórum de Queluz II - JIC e JEC Itinerante;2;Juizado Especial Cível, Vara Judicial;Juizado Especial Cível, Vara Judicial
3542008;Quintana;7038;3540002;Pompéia;1;Entrância Inicial;Rua Clementino José de Paula , 387 - Centro, 17580-089;-22.0291850541689;-50.187727291166865;31;31ª Marília;5;5ª Presidente Prudente;33319;3;Oriente, Pompéia, Quintana;12;Alvinlândia, Fernão, Garça, Gália, Lupércio, Marília, Ocauçu, Oriente, Pompéia, Quintana, Vera Cruz, Álvaro de Carvalho;;0;;1ª Vara Judicial
3542107;Rafard;8965;3510401;Capivari;3;Entrância Inicial;Rua Doutor João Adolfo Stein , 171 - Pão de Açucar, 13360-000;-22.980721625435358;-47.47802762489446;34;34ª Piracicaba;4;4ª Campinas;62755;3;Capivari, Mombuca, Rafard;16;Capivari, Cerquilho, Charqueada, Elias Fausto, Jumirim, Laranjal Paulista, Mombuca, Monte Mor, Piracicaba, Rafard, Rio das Pedras, Saltinho, Santa Maria da Serra, São Pedro, Tietê, Águas de São Pedro;;0;;1ª Vara Judicial, 2ª Vara Judicial, Juizado Especial Cível e Criminal
3542206;Rancharia;28588;3542206;Rancharia;2;Entrância Inicial;Rua Sete de Setembro, 964 - Vila Guaçu , 964 - Vila Guaçu, 19600-152;-22.28275420083444;-50.928325201051855;27;27ª Presidente Prudente;5;5ª Presidente Prudente;28588;1;Rancharia;20;Alfredo Marcondes, Anhumas, Caiabu, Emilianópolis, Estrela do Norte, Iepê, Indiana, Martinópolis, Nantes, Narandiba, Pirapozinho, Presidente Bernardes, Presidente Prudente, Rancharia, Regente Feijó, Sandovalina, Santo Expedito, Taciba, Tarabai, Álvares Machado;Forum de Rancharia II - JEC e Criminal da Comarca de Rancharia, Forum de Rancharia III - Depósito, Fórum Rancharia I (Desembargador Volney Correa Leite de Moraes Júnior);2;1ª Vara Judicial, 2ª Vara Judicial;1ª Vara Judicial, 2ª Vara Judicial
3542305;Redenção da Serra;4494;3554102;Taubaté;12;Entrância Final;Rua José Licurgo Indiani , s/n - Jardim Maria Augusta, 12070-070;-23.087108076691788;-45.50238746883896;47;47ª Taubaté;9;9ª São José dos Campos;315233;2;Redenção da Serra, Taubaté;11;Campos do Jordão, Caçapava, Jambeiro, Lagoinha, Pindamonhangaba, Redenção da Serra, Santo Antônio do Pinhal, São Bento do Sapucaí, São Luiz do Paraitinga, Taubaté, Tremembé;;0;;1ª Vara Criminal, 1ª Vara Cível, 2ª Vara Criminal, 2ª Vara Cível, 3ª Vara Criminal, 3ª Vara Cível, 4ª Vara Cível, 5ª Vara Cível, Ofício do Juizado Especial Cível e Criminal, Vara da Família e das Sucessões, Vara do Juizado Especial Cível e Criminal, Vara do Júri e da Infância e da Juventude
3542404;Regente Feijó;20145;3542404;Regente Feijó;2;Entrância Inicial;Rua Carlos Beltrami , 10 - Portal do Sol, 19570-000;-22.252515049116653;-51.29406365126894;27;27ª Presidente Prudente;5;5ª Presidente Prudente;30117;3;Caiabu, Regente Feijó, Taciba;20;Alfredo Marcondes, Anhumas, Caiabu, Emilianópolis, Estrela do Norte, Iepê, Indiana, Martinópolis, Nantes, Narandiba, Pirapozinho, Presidente Bernardes, Presidente Prudente, Rancharia, Regente Feijó, Sandovalina, Santo Expedito, Taciba, Tarabai, Álvares Machado;Fórum da Comarca de Regente Feijó I;2;Juizado Especial Cível, Vara Judicial;Juizado Especial Cível, Vara Judicial
3542503;Reginópolis;7662;3538907;Pirajuí;3;Entrância Inicial;Praça Doutor Pedro da Rocha Braga , 43 - Centro, 16600-041;-21.957602612247964;-49.413609857419374;32;32ª Bauru;3;3ª Bauru;42566;6;Balbinos, Pirajuí, Pongaí, Presidente Alves, Reginópolis, Uru;18;Agudos, Arealva, Avaí, Balbinos, Bauru, Borebi, Cabrália Paulista, Duartina, Lençóis Paulista, Lucianópolis, Paulistânia, Pirajuí, Piratininga, Pongaí, Presidente Alves, Reginópolis, Ubirajara, Uru;;0;;1ª Vara Judicial, 2ª Vara Judicial, Juizado Especial Cível
3542602;Registro;59947;3542602;Registro;5;Entrância Final;Rua Jerônimo Monteiro Lopes , 93 - V. S. Francisco, 11900-000;-24.503987639410806;-47.82076173495117;21;21ª Registro;7;7ª Santos;72677;2;Registro, Sete Barras;13;Barra do Turvo, Cajati, Cananéia, Eldorado, Iguape, Ilha Comprida, Iporanga, Jacupiranga, Juquiá, Miracatu, Pariquera-Açu, Registro, Sete Barras;Fórum de Registro I (Dr. Cyro Camargo da Fonseca), Fórum de Registro II (SAF e Setor Técnico);5;1ª Vara Judicial, 2ª Vara Judicial, 3ª Vara Judicial, Juizado Especial Cível e Criminal, Vara do Juizado Especial Cível e Criminal;1ª Vara Judicial, 2ª Vara Judicial, 3ª Vara Judicial, Juizado Especial Cível e Criminal, Vara do Juizado Especial Cível e Criminal
3542701;Restinga;6404;3516200;Franca;0;Entrância Final;Av. Presidente Vargas , 2.650 - Jardim Dr. Antonio Petraglia, 14402-000;-20.555235123799015;-47.381119878587675;38;38ª Franca;6;6ª Ribeirão Preto;380446;5;Cristais Paulista, Franca, Restinga, Ribeirão Corrente, São José da Bela Vista;10;Cristais Paulista, Franca, Itirapuã, Jeriquara, Patrocínio Paulista, Pedregulho, Restinga, Ribeirão Corrente, Rifaina, São José da Bela Vista;;0;;
3542800;Ribeira;3132;3502705;Apiaí;0;Entrância Inicial;Praça Francisco Xavier da Rocha , 182 - Centro, 18320-000;-24.421467380540186;-48.817372200286705;49;49ª Itapeva;10;10ª Sorocaba;40624;5;Apiaí, Barra do Chapéu, Itapirapuã Paulista, Itaóca, Ribeira;16;Apiaí, Barra do Chapéu, Barão de Antonina, Bom Sucesso de Itararé, Buri, Itaberá, Itapeva, Itapirapuã Paulista, Itaporanga, Itararé, Itaóca, Nova Campina, Ribeira, Ribeirão Branco, Riversul, Taquarivaí;;0;;
3542909;Ribeirão Bonito;10989;3542909;Ribeirão Bonito;2;Entrância Inicial;Rua Governador Pedro de Toledo , 231 - Centro, 13580-000;-22.06011102031761;-48.185333754630705;12;12ª São Carlos;6;6ª Ribeirão Preto;33745;4;Boa Esperança do Sul, Dourado, Ribeirão Bonito, Trabiju;7;Boa Esperança do Sul, Descalvado, Dourado, Ibaté, Ribeirão Bonito, São Carlos, Trabiju;Fórum I Ribeirão Bonito, Fórum II Ribeirão Bonito;2;Juizado Especial Cível e Criminal, Vara Judicial;Juizado Especial Cível e Criminal, Vara Judicial
3543006;Ribeirão Branco;18627;3522406;Itapeva;6;Entrância Final;Avenida Dona Paulina de Morais , 444 - Vila Ophélia, 18400-818;-23.91407536437743;-48.87171677768003;49;49ª Itapeva;10;10ª Sorocaba;123728;4;Itapeva, Nova Campina, Ribeirão Branco, Taquarivaí;16;Apiaí, Barra do Chapéu, Barão de Antonina, Bom Sucesso de Itararé, Buri, Itaberá, Itapeva, Itapirapuã Paulista, Itaporanga, Itararé, Itaóca, Nova Campina, Ribeira, Ribeirão Branco, Riversul, Taquarivaí;;0;;1ª Vara Judicial, 2ª Vara Judicial, 3ª Vara Judicial, Juizado Especial Cível e Criminal, Vara da Infância e Juventude, Vara das Execuções Criminais - VEC
3543105;Ribeirão Corrente;4608;3516200;Franca;0;Entrância Final;Av. Presidente Vargas , 2.650 - Jardim Dr. Antonio Petraglia, 14402-000;-20.555235123799015;-47.381119878587675;38;38ª Franca;6;6ª Ribeirão Preto;380446;5;Cristais Paulista, Franca, Restinga, Ribeirão Corrente, São José da Bela Vista;10;Cristais Paulista, Franca, Itirapuã, Jeriquara, Patrocínio Paulista, Pedregulho, Restinga, Ribeirão Corrente, Rifaina, São José da Bela Vista;;0;;
3543204;Ribeirão do Sul;4677;3534708;Ourinhos;7;Entrância Final;Rua dos Expedicionários , 1895 - Jardim Matilde, 19902-610;-22.952676958562666;-49.852417421597444;25;25ª Ourinhos;3;3ª Bauru;117697;3;Ourinhos, Ribeirão do Sul, Salto Grande;16;Bernardino de Campos, Canitar, Chavantes, Espírito Santo do Turvo, Ipaussu, Manduri, Ourinhos, Piraju, Ribeirão do Sul, Salto Grande, Santa Cruz do Rio Pardo, Sarutaiá, São Pedro do Turvo, Tejupá, Timburi, Óleo;;0;;1ª Vara Criminal, 1ª Vara Cível, 2ª Vara Criminal, 2ª Vara Cível, 3ª Vara Cível, Ofício do Juizado Especial, Vara do Juizado Especial Cível
3543238;Ribeirão dos Índios;2025;3547700;Santo Anastácio;3;Entrância Inicial;Praça Ataliba Leonel , 251 - Centro, 19360-000;-22.03764993240811;-51.722519241522036;28;28ª Presidente Venceslau;5;5ª Presidente Prudente;23252;3;Piquerobi, Ribeirão dos Índios, Santo Anastácio;11;Caiuá, Euclides da Cunha Paulista, Marabá Paulista, Mirante do Paranapanema, Piquerobi, Presidente Epitácio, Presidente Venceslau, Ribeirão dos Índios, Rosana, Santo Anastácio, Teodoro Sampaio;;0;;Juizado Especial Cível, Oficio Judicial (Unica Vara), Vara Judicial
3543253;Ribeirão Grande;7450;3510203;Capão Bonito;0;Entrância Intermediária;Rua Seabra do Amaral , 260 - Centro - Guapiara, 18310-000;-24.03919510967995;-48.28983476174015;22;22ª Itapetininga;10;10ª Sorocaba;70858;3;Capão Bonito, Guapiara, Ribeirão Grande;17;Alambari, Angatuba, Bofete, Campina do Monte Alegre, Capela do Alto, Capão Bonito, Cesário Lange, Guapiara, Guareí, Itapetininga, Porangaba, Quadra, Ribeirão Grande, Sarapuí, São Miguel Arcanjo, Tatuí, Torre de Pedra;;0;;
3543303;Ribeirão Pires;115559;3543303;Ribeirão Pires;5;Entrância Intermediária;Avenida Prefeito Valdirio Prisco , 150 - Centro, 09400-005;-23.701052795140612;-46.402804864815025;3;3ª Santo André;1;1ª Grande São Paulo;115559;1;Ribeirão Pires;5;Mauá, Ribeirão Pires, Rio Grande da Serra, Santo André, São Caetano do Sul;Fórum Ribeirão Pires I, Fórum Ribeirão Pires II - (Serviço Anexo das Fazendas), Fórum Ribeirão Pires III (CEJUSC);5;1ª Vara Judicial, 2ª Vara Judicial, 3ª Vara Judicial, Ofício do Juizado Especial Cível e Criminal, Vara do Juizado Especial Cível e Criminal;1ª Vara Judicial, 2ª Vara Judicial, 3ª Vara Judicial, Ofício do Juizado Especial Cível e Criminal, Vara do Juizado Especial Cível e Criminal
3543402;Ribeirão Preto;698642;3543402;Ribeirão Preto;26;Entrância Final;R. Alice Além Saadi , 950 - Nova Riberânia, 14096-570;-21.210851733679302;-47.82131434756058;41;41ª Ribeirão Preto;6;6ª Ribeirão Preto;705962;2;Guatapará, Ribeirão Preto;16;Barrinha, Cajuru, Cravinhos, Cássia dos Coqueiros, Dumont, Guatapará, Jardinópolis, Luís Antônio, Pontal, Ribeirão Preto, Santa Cruz da Esperança, Santa Rosa de Viterbo, Serra Azul, Serrana, Sertãozinho, São Simão;Forum Ribeirão Preto II - NAI – Núcleo de Atendimento Integrado, Fórum Ribeirão Preto III - (CEJUSC), Trbunal de Justiça da comarca de Ribeirão Preto - Setor Psicossocial, Tribunal de Justiça da Comarca de Ribeirão Preto - Prédio I, Tribunal de Justiça da Comarca de Ribeirão Preto - Prédio do DARAJ 6;26;1ª Vara Criminal, 1ª Vara Cível, 1ª Vara da Família e das Sucessões, 1ª Vara da Fazenda Pública, 2ª Vara Criminal, 2ª Vara Cível, 2ª Vara da Família e das Sucessões, 2ª Vara da Fazenda Pública, 3ª Vara Criminal, 3ª Vara Cível, 3ª Vara da Família e das Sucessões, 4ª Vara Criminal, 4ª Vara Cível, 5ª Vara Criminal, 5ª Vara Cível, 6ª Vara Cível, 7ª Vara Cível, 8ª Vara Cível, 9ª Vara Cível, 10ª Vara Cível, JEFAZ - Juizado Especial da Fazenda Pública, Ofício do Juizado Especial Criminal, Ofício do Juizado Especial Cível, Vara da Infância e da Juventude e do Idoso, Vara do Juizado Especial Criminal, Vara do Juizado Especial Cível;1ª Vara Criminal, 1ª Vara Cível, 1ª Vara da Família e das Sucessões, 1ª Vara da Fazenda Pública, 2ª Vara Criminal, 2ª Vara Cível, 2ª Vara da Família e das Sucessões, 2ª Vara da Fazenda Pública, 3ª Vara Criminal, 3ª Vara Cível, 3ª Vara da Família e das Sucessões, 4ª Vara Criminal, 4ª Vara Cível, 5ª Vara Criminal, 5ª Vara Cível, 6ª Vara Cível, 7ª Vara Cível, 8ª Vara Cível, 9ª Vara Cível, 10ª Vara Cível, JEFAZ - Juizado Especial da Fazenda Pública, Ofício do Juizado Especial Criminal, Ofício do Juizado Especial Cível, Vara da Infância e da Juventude e do Idoso, Vara do Juizado Especial Criminal, Vara do Juizado Especial Cível
3543501;Riversul;5599;3522802;Itaporanga;2;Entrância Inicial;Avenida Santa Cruz , 59 - Centro, 18480-000;-23.672943964016543;-49.458483351562634;49;49ª Itapeva;10;10ª Sorocaba;23215;3;Barão de Antonina, Itaporanga, Riversul;16;Apiaí, Barra do Chapéu, Barão de Antonina, Bom Sucesso de Itararé, Buri, Itaberá, Itapeva, Itapirapuã Paulista, Itaporanga, Itararé, Itaóca, Nova Campina, Ribeira, Ribeirão Branco, Riversul, Taquarivaí;;0;;Juizado Especial Cível e Criminal, Vara Única
3543600;Rifaina;4049;3537008;Pedregulho;3;Entrância Inicial;Praça Padre Luís Sávio , s/n - centro, 14470-000;-20.205591939297193;-47.43906022128376;38;38ª Franca;6;6ª Ribeirão Preto;23437;3;Jeriquara, Pedregulho, Rifaina;10;Cristais Paulista, Franca, Itirapuã, Jeriquara, Patrocínio Paulista, Pedregulho, Restinga, Ribeirão Corrente, Rifaina, São José da Bela Vista;;0;;Juizado Especial Cível, Juizado Especial Cível e Criminal de Pedregulho, Vara Judicial
3543709;Rincão;9098;3501707;Américo Brasiliense;3;Entrância Inicial;Rua D. Pedro II , 65 - Centro, 14820-000;-21.722318557494347;-48.03236637266592;13;13ª Araraquara;6;6ª Ribeirão Preto;53300;4;Américo Brasiliense, Motuca, Rincão, Santa Lúcia;14;Américo Brasiliense, Araraquara, Borborema, Dobrada, Gavião Peixoto, Iacanga, Ibitinga, Itápolis, Matão, Motuca, Nova Europa, Rincão, Santa Lúcia, Tabatinga;;0;;1ª Vara Judicial, 2ª Vara Judicial, Juizado Especial Cível
3543808;Rinópolis;9259;3555000;Tupã;5;Entrância Final;Rua Nhambiquaras , 1731 - centro, 17600-060;-21.947277997451096;-50.53461790893955;30;30ª Tupã;5;5ª Presidente Prudente;87621;5;Arco-Íris, Herculândia, Queiroz, Rinópolis, Tupã;17;Adamantina, Arco-Íris, Bastos, Flórida Paulista, Herculândia, Iacri, Inúbia Paulista, Lucélia, Mariápolis, Osvaldo Cruz, Parapuã, Pracinha, Queiroz, Rinópolis, Sagres, Salmourão, Tupã;;0;;1ª Vara Cível, 2ª Vara Cível, 3ª Vara Cível, Juizado Especial Cível, Vara Criminal
3543907;Rio Claro;201418;3543907;Rio Claro;4;Entrância Final;Avenida 5 nº 535 , 535 - Centro, 13500-380;-22.373917018805628;-47.5799074738495;9;9ª Rio Claro;4;4ª Campinas;236055;4;Corumbataí, Ipeúna, Rio Claro, Santa Gertrudes;8;Analândia, Brotas, Corumbataí, Ipeúna, Itirapina, Rio Claro, Santa Gertrudes, Torrinha;Fórum Rio Claro I - (Principal), Fórum Rio Claro II - (Anexo Fiscal) - Desativado, Fórum Rio Claro II - (Criminal), Fórum Rio Claro III - JEC, Fórum Rio Claro IV - (Arquivo Geral), Fórum Rio Claro V - (Estacionamento), Fórum Rio Claro VI - (Anexo do JEC - UAAJ - IPEÚNA);4;1ª Vara Cível, 2ª Vara Cível, 3ª Vara Cível, 4ª Vara Cível;1ª Vara Cível, 2ª Vara Cível, 3ª Vara Cível, 4ª Vara Cível
3544004;Rio das Pedras;31328;3544004;Rio das Pedras;1;Entrância Inicial;Rua Prudente de Morais , 136 - Centro, 13390-003;-22.850340446968197;-47.5983811935471;34;34ª Piracicaba;4;4ª Campinas;31328;1;Rio das Pedras;16;Capivari, Cerquilho, Charqueada, Elias Fausto, Jumirim, Laranjal Paulista, Mombuca, Monte Mor, Piracicaba, Rafard, Rio das Pedras, Saltinho, Santa Maria da Serra, São Pedro, Tietê, Águas de São Pedro;Fórum de Rio das Pedras, Fórum de Rio das Pedras (Juizado Especial Cível e Criminal);1;Vara Judicial;Vara Judicial
3544103;Rio Grande da Serra;44170;3544103;Rio Grande da Serra;0;Entrância Inicial;Rua Agostinho Cardoso , 176 - Vila Figueiredo, 09450-000;-23.737851433082774;-46.37946458574061;3;3ª Santo André;1;1ª Grande São Paulo;44170;1;Rio Grande da Serra;5;Mauá, Ribeirão Pires, Rio Grande da Serra, Santo André, São Caetano do Sul;Fórum II Rio Grande da Serra, Fórum Rio Grande da Serra;0;;
3544202;Riolândia;10309;3536604;Paulo de Faria;2;Entrância Inicial;Rua XV de Novembro , 809 - centro, 15490-000;-20.066612556982832;-49.46342303393608;16;16ª São José do Rio Preto;8;8ª São José do Rio Preto;23733;3;Orindiúva, Paulo de Faria, Riolândia;33;Adolfo, Américo de Campos, Bady Bassitt, Bálsamo, Cedral, Cosmorama, Guapiaçu, Icém, Ipiguá, Jaci, José Bonifácio, Macaubal, Mendonça, Mirassol, Mirassolândia, Monte Aprazível, Neves Paulista, Nipoã, Nova Aliança, Nova Granada, Onda Verde, Orindiúva, Palestina, Paulo de Faria, Poloni, Potirendaba, Riolândia, Sebastianópolis do Sul, São José do Rio Preto, Tanabi, Ubarana, Uchoa, União Paulista;;0;;Juizado Especial Cível e Criminal, Vara Judicial
3544251;Rosana;17440;3544251;Rosana;2;Entrância Inicial;Rua Curimbatá , 788/802 - Primavera, 19274-000;-22.489150754679287;-52.83689927486973;28;28ª Presidente Venceslau;5;5ª Presidente Prudente;17440;1;Rosana;11;Caiuá, Euclides da Cunha Paulista, Marabá Paulista, Mirante do Paranapanema, Piquerobi, Presidente Epitácio, Presidente Venceslau, Ribeirão dos Índios, Rosana, Santo Anastácio, Teodoro Sampaio;Fórum Rosana;2;Juizado Especial Cível, Vara Judicial;Juizado Especial Cível, Vara Judicial
3544301;Roseira;10832;3544301;Roseira;1;Entrância Inicial;Rua Dom Epaminondas , 54 - Centro, 12580-000;-22.93304533594739;-45.30247153976942;48;48ª Guaratinguetá;9;9ª São José dos Campos;10832;1;Roseira;17;Aparecida, Arapeí, Areias, Bananal, Cachoeira Paulista, Canas, Cruzeiro, Cunha, Guaratinguetá, Lavrinhas, Lorena, Piquete, Potim, Queluz, Roseira, Silveiras, São José do Barreiro;JUIZ ALBERTO GENTIL DE ALMEIDA PEDROSO FILHO;1;Vara Judicial;Vara Judicial
3544400;Rubiácea;2700;3518206;Guararapes;4;Entrância Inicial;Rua Luiz Lincoln de Oliveira , s/n - Centro, 16700-000;-21.2852034913439;-50.69513807751436;36;36ª Araçatuba;2;2ª Araçatuba;33743;2;Guararapes, Rubiácea;26;Alto Alegre, Araçatuba, Avanhandava, Barbosa, Bento de Abreu, Bilac, Birigui, Braúna, Brejo Alegre, Buritama, Clementina, Coroados, Gabriel Monteiro, Glicério, Guararapes, Lourdes, Luiziânia, Penápolis, Piacatu, Planalto, Rubiácea, Santo Antônio do Aracanguá, Santópolis do Aguapeí, Turiúba, Valparaíso, Zacarias;;0;;1ª Vara, 1º Oficio Judicial - Seção Criminal, 2ª Vara, Juizado Especial Cível e Criminal
3544509;Rubinéia;3833;3546603;Santa Fé do Sul;4;Entrância Inicial;Avenida Conselheiro Antonio Prado , 1662 - Centro, 15775-000;-20.24185796478308;-50.950177155259546;55;55ª Jales;2;2ª Araçatuba;54464;7;Nova Canaã Paulista, Rubinéia, Santa Clara d'Oeste, Santa Fé do Sul, Santa Rita d'Oeste, Santana da Ponte Pensa, Três Fronteiras;23;Aparecida d'Oeste, Aspásia, Auriflama, Dirce Reis, Guzolândia, Jales, Marinópolis, Mesópolis, Nova Canaã Paulista, Palmeira d'Oeste, Paranapuã, Pontalinda, Rubinéia, Santa Albertina, Santa Clara d'Oeste, Santa Fé do Sul, Santa Rita d'Oeste, Santa Salete, Santana da Ponte Pensa, São Francisco, Três Fronteiras, Urânia, Vitória Brasil;;0;;1ª Vara Judicial, 2ª Vara Judicial, 3ª Vara Judicial, Vara do Juizado Especial Cível
3544608;Sabino;5112;3527108;Lins;7;Entrância Final;Rua Gil Pimentel Moura , 51 - Jd. Americano, 16400-920;-21.64974272953653;-49.682862150569854;35;35ª Lins;2;2ª Araçatuba;91130;3;Guaiçara, Lins, Sabino;9;Cafelândia, Getulina, Guaimbê, Guaiçara, Guarantã, Júlio Mesquita, Lins, Promissão, Sabino;;0;;1ª Vara Criminal, 1ª Vara Cível, 2ª Vara Criminal, 2ª Vara Cível, 3ª Vara Cível, Ofício do Juizado Especial Cível, Vara do Juizado Especial Cível
3544707;Sagres;2474;3534609;Osvaldo Cruz;3;Entrância Inicial;Avenida Estados Unidos , 480 - Jardim das Bandeiras, 17700-000;-21.73276741408135;-50.87389890344581;30;30ª Tupã;5;5ª Presidente Prudente;49134;4;Osvaldo Cruz, Parapuã, Sagres, Salmourão;17;Adamantina, Arco-Íris, Bastos, Flórida Paulista, Herculândia, Iacri, Inúbia Paulista, Lucélia, Mariápolis, Osvaldo Cruz, Parapuã, Pracinha, Queiroz, Rinópolis, Sagres, Salmourão, Tupã;;0;;1ª Vara Judicial, 2ª Vara Judicial, Juizado Especial Cível e Criminal
3544806;Sales;6437;3556008;Urupês;1;Entrância Inicial;Praça Jardim Bela Vista , s/n - Jardim Bela Vista, 15850-019;-21.20520226714293;-49.26516261413645;15;15ª Catanduva;8;8ª São José do Rio Preto;27048;3;Irapuã, Sales, Urupês;16;Ariranha, Catanduva, Catiguá, Elisiário, Ibirá, Irapuã, Itajobi, Marapoama, Novais, Novo Horizonte, Palmares Paulista, Pindorama, Sales, Santa Adélia, Tabapuã, Urupês;;0;;Vara Judicial
3544905;Sales Oliveira;11411;3533601;Nuporanga;2;Entrância Inicial;Avenida Padre Geraldo Trossel , 369 - centro, 14670-000;-20.70486066227022;-47.729070720288384;39;39ª Batatais;6;6ª Ribeirão Preto;18802;2;Nuporanga, Sales Oliveira;8;Altinópolis, Batatais, Brodowski, Morro Agudo, Nuporanga, Orlândia, Sales Oliveira, Santo Antônio da Alegria;;0;;Juizado Especial Cível, Vara Judicial
3545001;Salesópolis;15202;3545001;Salesópolis;1;Entrância Inicial;Rua Antonio Pereira de Souza , 30 - Centro, 08970-000;-23.58019382012145;-45.84258508415571;46;46ª São José dos Campos;9;9ª São José dos Campos;15202;1;Salesópolis;7;Jacareí, Monteiro Lobato, Natividade da Serra, Paraibuna, Salesópolis, Santa Branca, São José dos Campos;Fórum Salesópolis (Juiz Messias José de Melo Souza);1;Vara Judicial;Vara Judicial
3545100;Salmourão;4808;3534609;Osvaldo Cruz;3;Entrância Inicial;Avenida Estados Unidos , 480 - Jardim das Bandeiras, 17700-000;-21.73276741408135;-50.87389890344581;30;30ª Tupã;5;5ª Presidente Prudente;49134;4;Osvaldo Cruz, Parapuã, Sagres, Salmourão;17;Adamantina, Arco-Íris, Bastos, Flórida Paulista, Herculândia, Iacri, Inúbia Paulista, Lucélia, Mariápolis, Osvaldo Cruz, Parapuã, Pracinha, Queiroz, Rinópolis, Sagres, Salmourão, Tupã;;0;;1ª Vara Judicial, 2ª Vara Judicial, Juizado Especial Cível e Criminal
3545159;Saltinho;8161;3538709;Piracicaba;19;Entrância Final;Rua Bernardino de Campos , 55 - Alemães, 13417-901;-22.726451332766192;-47.78401709610705;34;34ª Piracicaba;4;4ª Campinas;447019;3;Charqueada, Piracicaba, Saltinho;16;Capivari, Cerquilho, Charqueada, Elias Fausto, Jumirim, Laranjal Paulista, Mombuca, Monte Mor, Piracicaba, Rafard, Rio das Pedras, Saltinho, Santa Maria da Serra, São Pedro, Tietê, Águas de São Pedro;;0;;1ª Vara Criminal, 1ª Vara Cível, 1ª Vara da Família e das Sucessões, 2ª Vara Criminal, 2ª Vara Cível, 2ª Vara da Família e das Sucessões, 3ª Vara Criminal, 3ª Vara Cível, 3ª Vara da Família e das Sucessões, 4ª Vara Cível, 5ª Vara Cível, 6ª Vara Cível, Audiências de Conciliação das Varas da Família, Juizado Especial Criminal - Conciliação, Ofício do Juizado Especial Cível e Criminal, VARA DA FAZENDA PÚBLICA, VARA DA INFÂNCIA E DA JUVENTUDE, Vara do Juizado Especial Cível e Criminal, VARA DO JÚRI E EXECUÇÕES CRIMINAIS
3545209;Salto;134319;3545209;Salto;3;Entrância Intermediária;Avenida Dom Pedro II , 261 - Centro, 13320-240;-23.180478889801115;-47.30260779524656;20;20ª Itu;10;10ª Sorocaba;134319;1;Salto;7;Boituva, Cabreúva, Indaiatuba, Iperó, Itu, Porto Feliz, Salto;Fórum Salto I (Principal), Fórum Salto II (Juizado Especial, Setor de Execuções Fiscais e Setor Técnico), Fórum Salto III (Central de Mandados e Cejusc);3;1ª Vara Judicial, 2ª Vara Judicial, 3ª Vara Judicial;1ª Vara Judicial, 2ª Vara Judicial, 3ª Vara Judicial
3545308;Salto de Pirapora;43748;3545308;Salto de Pirapora;0;Entrância Inicial;Rua Francisco de Barros Leite , 708 - Centro, 18160-000;-23.652776419606376;-47.580631826369086;19;19ª Sorocaba;10;10ª Sorocaba;43748;1;Salto de Pirapora;12;Alumínio, Araçariguama, Araçoiaba da Serra, Ibiúna, Mairinque, Piedade, Pilar do Sul, Salto de Pirapora, Sorocaba, São Roque, Tapiraí, Votorantim;Fórum Desembargador Bento Mascarenhas Filho;0;;
3545407;Salto Grande;9050;3534708;Ourinhos;7;Entrância Final;Rua dos Expedicionários , 1895 - Jardim Matilde, 19902-610;-22.952676958562666;-49.852417421597444;25;25ª Ourinhos;3;3ª Bauru;117697;3;Ourinhos, Ribeirão do Sul, Salto Grande;16;Bernardino de Campos, Canitar, Chavantes, Espírito Santo do Turvo, Ipaussu, Manduri, Ourinhos, Piraju, Ribeirão do Sul, Salto Grande, Santa Cruz do Rio Pardo, Sarutaiá, São Pedro do Turvo, Tejupá, Timburi, Óleo;;0;;1ª Vara Criminal, 1ª Vara Cível, 2ª Vara Criminal, 2ª Vara Cível, 3ª Vara Cível, Ofício do Juizado Especial, Vara do Juizado Especial Cível
3545506;Sandovalina;3645;3539202;Pirapozinho;4;Entrância Inicial;Rua Dr. Carlos Alberto Leite Boulhosa, 525 , 525 - Jardim Morada do Sol, 19200-000;-22.479179063433843;-51.61979607103878;27;27ª Presidente Prudente;5;5ª Presidente Prudente;43945;5;Estrela do Norte, Narandiba, Pirapozinho, Sandovalina, Tarabai;20;Alfredo Marcondes, Anhumas, Caiabu, Emilianópolis, Estrela do Norte, Iepê, Indiana, Martinópolis, Nantes, Narandiba, Pirapozinho, Presidente Bernardes, Presidente Prudente, Rancharia, Regente Feijó, Sandovalina, Santo Expedito, Taciba, Tarabai, Álvares Machado;;0;;2ª Vara Judicial, Juizado Especial Criminal, Juizado Especial Cível, Oficio Judicial (Crime)
3545605;Santa Adélia;14018;3545605;Santa Adélia;4;Entrância Inicial;Praça Doutor Adhemar de Barros , 255 - Centro, 15950-000;-21.317775593689618;-48.819015715892654;15;15ª Catanduva;8;8ª São José do Rio Preto;31270;3;Ariranha, Palmares Paulista, Santa Adélia;16;Ariranha, Catanduva, Catiguá, Elisiário, Ibirá, Irapuã, Itajobi, Marapoama, Novais, Novo Horizonte, Palmares Paulista, Pindorama, Sales, Santa Adélia, Tabapuã, Urupês;Fórum de Santa Adélia I, Fórum de Santa Adélia II (JEC/Jecrim/Arquivo/Cejusc), Fórum de Santa Adélia III (Arquivo);4;Juizado Especial Criminal, Juizado Especial Cível, Ofício Judicial da Vara Única da Comarca, Vara Judicial;Juizado Especial Criminal, Juizado Especial Cível, Ofício Judicial da Vara Única da Comarca, Vara Judicial
3545704;Santa Albertina;6393;3524808;Jales;5;Entrância Final;Rua Nove , 2.231 - Centro, 15700-018;-20.28581840738815;-50.55409741241927;55;55ª Jales;2;2ª Araçatuba;68693;7;Dirce Reis, Jales, Mesópolis, Paranapuã, Pontalinda, Santa Albertina, Vitória Brasil;23;Aparecida d'Oeste, Aspásia, Auriflama, Dirce Reis, Guzolândia, Jales, Marinópolis, Mesópolis, Nova Canaã Paulista, Palmeira d'Oeste, Paranapuã, Pontalinda, Rubinéia, Santa Albertina, Santa Clara d'Oeste, Santa Fé do Sul, Santa Rita d'Oeste, Santa Salete, Santana da Ponte Pensa, São Francisco, Três Fronteiras, Urânia, Vitória Brasil;;0;;1ª Vara Criminal, 1ª Vara Cível, 2ª Vara Criminal, 2ª Vara Cível, 3ª Vara Cível
3545803;Santa Bárbara d'Oeste;183347;3545803;Santa Bárbara d'Oeste;6;Entrância Final;Rua Dante Torteli , 325 - centro, 13450-000;-22.800621232557365;-47.42807524462073;53;53ª Americana;4;4ª Campinas;183347;1;Santa Bárbara d'Oeste;5;Americana, Hortolândia, Nova Odessa, Santa Bárbara d'Oeste, Sumaré;ANEXO FISCAL - Fórum Santa Bárbara d´Oeste, CEJUSC - Santa Bárbara D'Oeste, Desembargador Adérito Pereira da Silva;6;1ª Vara Cível, 1º Vara Criminal, 2ª Vara Criminal, 2ª Vara Cível, 3ª Vara Cível, Juizado Especial Cível e Criminal;1ª Vara Cível, 1º Vara Criminal, 2ª Vara Criminal, 2ª Vara Cível, 3ª Vara Cível, Juizado Especial Cível e Criminal
3546009;Santa Branca;13975;3546009;Santa Branca;2;Entrância Inicial;Rua Coronel Alfredo de Lima , 90 - Centro, 12380-000;-23.42639536752342;-45.863308018773914;46;46ª São José dos Campos;9;9ª São José dos Campos;13975;1;Santa Branca;7;Jacareí, Monteiro Lobato, Natividade da Serra, Paraibuna, Salesópolis, Santa Branca, São José dos Campos;Fórum Desembargador Roberto Maldonado Loureiro;2;Juizado Especial Cível e Criminal, Vara Judicial;Juizado Especial Cível e Criminal, Vara Judicial
3546108;Santa Clara d'Oeste;2598;3546603;Santa Fé do Sul;4;Entrância Inicial;Avenida Conselheiro Antonio Prado , 1662 - Centro, 15775-000;-20.24185796478308;-50.950177155259546;55;55ª Jales;2;2ª Araçatuba;54464;7;Nova Canaã Paulista, Rubinéia, Santa Clara d'Oeste, Santa Fé do Sul, Santa Rita d'Oeste, Santana da Ponte Pensa, Três Fronteiras;23;Aparecida d'Oeste, Aspásia, Auriflama, Dirce Reis, Guzolândia, Jales, Marinópolis, Mesópolis, Nova Canaã Paulista, Palmeira d'Oeste, Paranapuã, Pontalinda, Rubinéia, Santa Albertina, Santa Clara d'Oeste, Santa Fé do Sul, Santa Rita d'Oeste, Santa Salete, Santana da Ponte Pensa, São Francisco, Três Fronteiras, Urânia, Vitória Brasil;;0;;1ª Vara Judicial, 2ª Vara Judicial, 3ª Vara Judicial, Vara do Juizado Especial Cível
3546207;Santa Cruz da Conceição;4277;3526704;Leme;4;Entrância Intermediária;Rua Bernardino de Campos , 770 - Centro, 13610-901;-22.17215228531323;-47.33762495195449;11;11ª Pirassununga;4;4ª Campinas;102438;2;Leme, Santa Cruz da Conceição;5;Leme, Pirassununga, Porto Ferreira, Santa Cruz da Conceição, Santa Rita do Passa Quatro;;0;;1ª Vara Judicial, 2ª Vara Judicial, 3ª Vara Judicial, Vara Criminal
3546256;Santa Cruz da Esperança;2116;3509403;Cajuru;3;Entrância Inicial;Rua José Bonifácio , 817 - Centro, 14240-000;-21.27596515029662;-47.310304489456094;41;41ª Ribeirão Preto;6;6ª Ribeirão Preto;28745;3;Cajuru, Cássia dos Coqueiros, Santa Cruz da Esperança;16;Barrinha, Cajuru, Cravinhos, Cássia dos Coqueiros, Dumont, Guatapará, Jardinópolis, Luís Antônio, Pontal, Ribeirão Preto, Santa Cruz da Esperança, Santa Rosa de Viterbo, Serra Azul, Serrana, Sertãozinho, São Simão;;0;;Juizado Especial Cível e Criminal, Juizado Informal de Conciliação, Vara Judicial
3546306;Santa Cruz das Palmeiras;28864;3546306;Santa Cruz das Palmeiras;2;Entrância Inicial;Avenida do Café , 665 - Centro, 13650-013;-21.855511323313735;-47.25013615785777;43;43ª Casa Branca;6;6ª Ribeirão Preto;28864;1;Santa Cruz das Palmeiras;10;Caconde, Casa Branca, Divinolândia, Itobi, Mococa, Santa Cruz das Palmeiras, São José do Rio Pardo, São Sebastião da Grama, Tambaú, Tapiratiba;Fórum Santa Cruz das Palmeiras I, Fórum Santa Cruz das Palmeiras II (CEJUSC, S. Técnico, Cart. Eleitoral), Fórum Santa Cruz das Palmeiras II (S. Técnico, CEJUSC e Cart. Eleitoral);2;Juizado Especial Cível e Criminal, Vara Judicial;Juizado Especial Cível e Criminal, Vara Judicial
3546405;Santa Cruz do Rio Pardo;46442;3546405;Santa Cruz do Rio Pardo;4;Entrância Intermediária;Av Doutor Cyro de Mello Camarinha , 606 - Centro, 18900-073;-22.809306886675092;-49.56894883176165;25;25ª Ourinhos;3;3ª Bauru;57816;3;Espírito Santo do Turvo, Santa Cruz do Rio Pardo, São Pedro do Turvo;16;Bernardino de Campos, Canitar, Chavantes, Espírito Santo do Turvo, Ipaussu, Manduri, Ourinhos, Piraju, Ribeirão do Sul, Salto Grande, Santa Cruz do Rio Pardo, Sarutaiá, São Pedro do Turvo, Tejupá, Timburi, Óleo;Fórum Doutor Augusto José da Costa, Fórum Santa Cruz do Rio Pardo (CEJUSC), Fórum Santa Cruz do Rio Pardo (Juizado Especial Cível);4;1ª Vara Cível, 2ª Vara Cível, 3ª Vara Cível, Vara Criminal;1ª Vara Cível, 2ª Vara Cível, 3ª Vara Cível, Vara Criminal
3546504;Santa Ernestina;6118;3553708;Taquaritinga;3;Entrância Inicial;Rua Duque de Caxias , 267 - Centro, 15900-017;-21.425577635346173;-48.53787919945323;42;42ª Jaboticabal;6;6ª Ribeirão Preto;67209;4;Cândido Rodrigues, Fernando Prestes, Santa Ernestina, Taquaritinga;14;Cândido Rodrigues, Fernando Prestes, Guariba, Jaboticabal, Monte Alto, Pirangi, Pitangueiras, Pradópolis, Santa Ernestina, Taiaçu, Taiúva, Taquaral, Taquaritinga, Vista Alegre do Alto;;0;;1ª Vara Judicial, 2ª Vara Judicial, 3ª Vara Judicial
3546603;Santa Fé do Sul;34794;3546603;Santa Fé do Sul;4;Entrância Inicial;Avenida Conselheiro Antonio Prado , 1662 - Centro, 15775-000;-20.24185796478308;-50.950177155259546;55;55ª Jales;2;2ª Araçatuba;54464;7;Nova Canaã Paulista, Rubinéia, Santa Clara d'Oeste, Santa Fé do Sul, Santa Rita d'Oeste, Santana da Ponte Pensa, Três Fronteiras;23;Aparecida d'Oeste, Aspásia, Auriflama, Dirce Reis, Guzolândia, Jales, Marinópolis, Mesópolis, Nova Canaã Paulista, Palmeira d'Oeste, Paranapuã, Pontalinda, Rubinéia, Santa Albertina, Santa Clara d'Oeste, Santa Fé do Sul, Santa Rita d'Oeste, Santa Salete, Santana da Ponte Pensa, São Francisco, Três Fronteiras, Urânia, Vitória Brasil;Fórum Santa Fé do Sul I, Fórum Santa Fé do Sul II - (CEJUSC, JEC e Unidade Avançada), Fórum Santa Fé do Sul III - (Unid. Dig. Atend. Jud. - Três Fronteiras), Fórum Santa Fé do Sul IV - JEC (Unidade Avançada);4;1ª Vara Judicial, 2ª Vara Judicial, 3ª Vara Judicial, Vara do Juizado Especial Cível;1ª Vara Judicial, 2ª Vara Judicial, 3ª Vara Judicial, Vara do Juizado Especial Cível
3546702;Santa Gertrudes;23611;3543907;Rio Claro;4;Entrância Final;Avenida 5 nº 535 , 535 - Centro, 13500-380;-22.373917018805628;-47.5799074738495;9;9ª Rio Claro;4;4ª Campinas;236055;4;Corumbataí, Ipeúna, Rio Claro, Santa Gertrudes;8;Analândia, Brotas, Corumbataí, Ipeúna, Itirapina, Rio Claro, Santa Gertrudes, Torrinha;;0;;1ª Vara Cível, 2ª Vara Cível, 3ª Vara Cível, 4ª Vara Cível
3546801;Santa Isabel;53174;3546801;Santa Isabel;3;Entrância Inicial;Avenida Manoel Ferraz de Campos Salles, 175 , 175 - Centro, 07500-000;-23.28893842465039;-46.24234800581091;44;44ª Guarulhos;1;1ª Grande São Paulo;63779;2;Igaratá, Santa Isabel;5;Arujá, Guarulhos, Igaratá, Mairiporã, Santa Isabel;(Anexo Fiscal - CEJUSC - Centra de Mandados -  JECRIM - Serviço Social), Forum Santa Isabel [desativado], Fórum  Santa Isabel I, Fórum Santa Isabel II - (Juizado Especial e SADM), Fórum Santa Isabel IV - (CEJUSC);3;1ª Vara Judicial, 1º Oficio Judicial, 2ª Vara Judicial;1ª Vara Judicial, 1º Oficio Judicial, 2ª Vara Judicial
3546900;Santa Lúcia;7149;3501707;Américo Brasiliense;3;Entrância Inicial;Rua D. Pedro II , 65 - Centro, 14820-000;-21.722318557494347;-48.03236637266592;13;13ª Araraquara;6;6ª Ribeirão Preto;53300;4;Américo Brasiliense, Motuca, Rincão, Santa Lúcia;14;Américo Brasiliense, Araraquara, Borborema, Dobrada, Gavião Peixoto, Iacanga, Ibitinga, Itápolis, Matão, Motuca, Nova Europa, Rincão, Santa Lúcia, Tabatinga;;0;;1ª Vara Judicial, 2ª Vara Judicial, Juizado Especial Cível
3547007;Santa Maria da Serra;5243;3550407;São Pedro;3;Entrância Inicial;Praça Adolpho Bonifácio Bragaia , s/nº - Centro, 13520-028;-22.558175497889824;-47.92468304968156;34;34ª Piracicaba;4;4ª Campinas;46279;3;Santa Maria da Serra, São Pedro, Águas de São Pedro;16;Capivari, Cerquilho, Charqueada, Elias Fausto, Jumirim, Laranjal Paulista, Mombuca, Monte Mor, Piracicaba, Rafard, Rio das Pedras, Saltinho, Santa Maria da Serra, São Pedro, Tietê, Águas de São Pedro;;0;;1ª Vara Judicial, 2ª Vara Judicial, Juizado Especial Cível e Criminal
3547106;Santa Mercedes;2956;3535408;Panorama;3;Entrância Inicial;Rua Manoel Fernandes da Cunha , 1308 - Centro, 17980-000;-21.463313395992934;-51.85808697101582;29;29ª Dracena;5;5ª Presidente Prudente;25875;3;Panorama, Paulicéia, Santa Mercedes;13;Dracena, Flora Rica, Irapuru, Junqueirópolis, Monte Castelo, Nova Guataporanga, Ouro Verde, Pacaembu, Panorama, Paulicéia, Santa Mercedes, São João do Pau d'Alho, Tupi Paulista;;0;;1ª Vara Judicial, 2ª Vara Judicial, Juizado Especial Cível e Criminal
3547205;Santana da Ponte Pensa;1670;3546603;Santa Fé do Sul;4;Entrância Inicial;Avenida Conselheiro Antonio Prado , 1662 - Centro, 15775-000;-20.24185796478308;-50.950177155259546;55;55ª Jales;2;2ª Araçatuba;54464;7;Nova Canaã Paulista, Rubinéia, Santa Clara d'Oeste, Santa Fé do Sul, Santa Rita d'Oeste, Santana da Ponte Pensa, Três Fronteiras;23;Aparecida d'Oeste, Aspásia, Auriflama, Dirce Reis, Guzolândia, Jales, Marinópolis, Mesópolis, Nova Canaã Paulista, Palmeira d'Oeste, Paranapuã, Pontalinda, Rubinéia, Santa Albertina, Santa Clara d'Oeste, Santa Fé do Sul, Santa Rita d'Oeste, Santa Salete, Santana da Ponte Pensa, São Francisco, Três Fronteiras, Urânia, Vitória Brasil;;0;;1ª Vara Judicial, 2ª Vara Judicial, 3ª Vara Judicial, Vara do Juizado Especial Cível
3547304;Santana de Parnaíba;154105;3547304;Santana de Parnaíba;0;Entrância Intermediária;Rua Professor Eugênio Teani , 215 - Jardim Professor Benoá, 06502-025;-23.449448112918144;-46.91684768010563;4;4ª Osasco;1;1ª Grande São Paulo;172475;2;Pirapora do Bom Jesus, Santana de Parnaíba;6;Barueri, Carapicuíba, Jandira, Osasco, Pirapora do Bom Jesus, Santana de Parnaíba;Fórum de Santana de Parnaíba I, Fórum de Santana de Parnaíba II (Anexo do JEC – UNIP ALPHAVILLE);0;;
3547403;Santa Rita d'Oeste;2733;3546603;Santa Fé do Sul;4;Entrância Inicial;Avenida Conselheiro Antonio Prado , 1662 - Centro, 15775-000;-20.24185796478308;-50.950177155259546;55;55ª Jales;2;2ª Araçatuba;54464;7;Nova Canaã Paulista, Rubinéia, Santa Clara d'Oeste, Santa Fé do Sul, Santa Rita d'Oeste, Santana da Ponte Pensa, Três Fronteiras;23;Aparecida d'Oeste, Aspásia, Auriflama, Dirce Reis, Guzolândia, Jales, Marinópolis, Mesópolis, Nova Canaã Paulista, Palmeira d'Oeste, Paranapuã, Pontalinda, Rubinéia, Santa Albertina, Santa Clara d'Oeste, Santa Fé do Sul, Santa Rita d'Oeste, Santa Salete, Santana da Ponte Pensa, São Francisco, Três Fronteiras, Urânia, Vitória Brasil;;0;;1ª Vara Judicial, 2ª Vara Judicial, 3ª Vara Judicial, Vara do Juizado Especial Cível
3547502;Santa Rita do Passa Quatro;24833;3547502;Santa Rita do Passa Quatro;2;Entrância Inicial;Rua Victor Annibal Rosin , 251 - Jd. América, 13670-970;-21.68250702340339;-47.507923437226225;11;11ª Pirassununga;4;4ª Campinas;24833;1;Santa Rita do Passa Quatro;5;Leme, Pirassununga, Porto Ferreira, Santa Cruz da Conceição, Santa Rita do Passa Quatro;Fórum Prof. Antonio Calixto Leal;2;Juizado Especial Cível e Criminal, Vara Judicial;Juizado Especial Cível e Criminal, Vara Judicial
3547601;Santa Rosa de Viterbo;23411;3547601;Santa Rosa de Viterbo;2;Entrância Inicial;Rua Francisco Carvalho de Andrade , 121 - Centro, 14270-000;-21.50376542407157;-47.366203320786596;41;41ª Ribeirão Preto;6;6ª Ribeirão Preto;23411;1;Santa Rosa de Viterbo;16;Barrinha, Cajuru, Cravinhos, Cássia dos Coqueiros, Dumont, Guatapará, Jardinópolis, Luís Antônio, Pontal, Ribeirão Preto, Santa Cruz da Esperança, Santa Rosa de Viterbo, Serra Azul, Serrana, Sertãozinho, São Simão;Fórum Santa Rosa de Viterbo;2;Juizado Especial Cível e Criminal, Vara Judicial;Juizado Especial Cível e Criminal, Vara Judicial
3547650;Santa Salete;1645;3555802;Urânia;2;Entrância Inicial;Avenida Barão do Rio Branco , 818 - Centro, 15760-000;-20.20893696772616;-50.652530592659005;55;55ª Jales;2;2ª Araçatuba;12320;3;Aspásia, Santa Salete, Urânia;23;Aparecida d'Oeste, Aspásia, Auriflama, Dirce Reis, Guzolândia, Jales, Marinópolis, Mesópolis, Nova Canaã Paulista, Palmeira d'Oeste, Paranapuã, Pontalinda, Rubinéia, Santa Albertina, Santa Clara d'Oeste, Santa Fé do Sul, Santa Rita d'Oeste, Santa Salete, Santana da Ponte Pensa, São Francisco, Três Fronteiras, Urânia, Vitória Brasil;;0;;Juizado Especial Cível, Vara Judicial
3547700;Santo Anastácio;17963;3547700;Santo Anastácio;3;Entrância Inicial;Praça Ataliba Leonel , 251 - Centro, 19360-000;-22.03764993240811;-51.722519241522036;28;28ª Presidente Venceslau;5;5ª Presidente Prudente;23252;3;Piquerobi, Ribeirão dos Índios, Santo Anastácio;11;Caiuá, Euclides da Cunha Paulista, Marabá Paulista, Mirante do Paranapanema, Piquerobi, Presidente Epitácio, Presidente Venceslau, Ribeirão dos Índios, Rosana, Santo Anastácio, Teodoro Sampaio;Fórum I Santo Anastácio, Fórum II Santo Anastácio (Residência Oficial) (Desativado);3;Juizado Especial Cível, Oficio Judicial (Unica Vara), Vara Judicial;Juizado Especial Cível, Oficio Judicial (Unica Vara), Vara Judicial
3547809;Santo André;748919;3547809;Santo André;23;Entrância Final;Praça IV Centenário , 03 - Centro, 09040-906;-23.72795030787147;-46.4415795813844;3;3ª Santo André;1;1ª Grande São Paulo;748919;1;Santo André;5;Mauá, Ribeirão Pires, Rio Grande da Serra, Santo André, São Caetano do Sul;Fórum Santo André I, Fórum Santo André II - (CEJUSC);23;1ª Vara Criminal, 1ª Vara Cível, 1ª Vara da Família e das Sucessões, 1ª Vara da Fazenda Pública, 2ª Vara Criminal, 2ª Vara Cível, 2ª Vara da Família e das Sucessões, 2ª Vara da Fazenda Pública, 3ª Vara Criminal, 3ª Vara Cível, 3ª Vara da Família e das Sucessões, 4ª Vara Criminal, 4ª Vara Cível, 4ª Vara da Família e das Sucessões, 5ª Vara Cível, 6ª Vara Cível, 7ª Vara Cível, 8ª Vara Cível, 9ª Vara Cível, Juizado Especial Cível, Vara da Infância e da Juventude, Vara do Juízado Especial Cível, Vara do Júri e Execuções Criminais;1ª Vara Criminal, 1ª Vara Cível, 1ª Vara da Família e das Sucessões, 1ª Vara da Fazenda Pública, 2ª Vara Criminal, 2ª Vara Cível, 2ª Vara da Família e das Sucessões, 2ª Vara da Fazenda Pública, 3ª Vara Criminal, 3ª Vara Cível, 3ª Vara da Família e das Sucessões, 4ª Vara Criminal, 4ª Vara Cível, 4ª Vara da Família e das Sucessões, 5ª Vara Cível, 6ª Vara Cível, 7ª Vara Cível, 8ª Vara Cível, 9ª Vara Cível, Juizado Especial Cível, Vara da Infância e da Juventude, Vara do Juízado Especial Cível, Vara do Júri e Execuções Criminais
3547908;Santo Antônio da Alegria;6775;3501004;Altinópolis;2;Entrância Inicial;Avenida Doutor Alberto Crivelenti , 555 - Centro, 14350-005;-21.0180306844526;-47.38623046766729;39;39ª Batatais;6;6ª Ribeirão Preto;23593;2;Altinópolis, Santo Antônio da Alegria;8;Altinópolis, Batatais, Brodowski, Morro Agudo, Nuporanga, Orlândia, Sales Oliveira, Santo Antônio da Alegria;;0;;Juizado Especial Cível / Criminal e Fazenda Pública, Vara Judicial
3548005;Santo Antônio de Posse;23244;3524709;Jaguariúna;3;Entrância Intermediária;Rua Santo Antônio de Posse , 259 - Jd. Dom Bosco (Loteamento Prefeitura), 13911-016;-22.69198172519324;-47.01277433842352;54;54ª Amparo;4;4ª Campinas;82591;2;Jaguariúna, Santo Antônio de Posse;9;Amparo, Jaguariúna, Lindóia, Monte Alegre do Sul, Pedreira, Santo Antônio de Posse, Serra Negra, Socorro, Águas de Lindóia;;0;;1ª Vara Judicial, 2ª Vara Judicial, Juizado Especial Cível e Criminal
3548054;Santo Antônio do Aracanguá;8379;3502804;Araçatuba;12;Entrância Final;Rua Cândido Portinari , 975 - Jardim Nova Iorque, 16018-305;-21.113865960040386;-50.57449245668761;36;36ª Araçatuba;2;2ª Araçatuba;208503;2;Araçatuba, Santo Antônio do Aracanguá;26;Alto Alegre, Araçatuba, Avanhandava, Barbosa, Bento de Abreu, Bilac, Birigui, Braúna, Brejo Alegre, Buritama, Clementina, Coroados, Gabriel Monteiro, Glicério, Guararapes, Lourdes, Luiziânia, Penápolis, Piacatu, Planalto, Rubiácea, Santo Antônio do Aracanguá, Santópolis do Aguapeí, Turiúba, Valparaíso, Zacarias;;0;;1ª Vara Criminal, 1ª Vara Cível, 1ª Vara da Família e das Sucessões, 2ª Vara Criminal, 2ª Vara Cível, 3ª Vara Criminal, 3ª Vara Cível, 4ª Vara Cível, 5ª Vara Cível, Juizado Especial Cível, Vara da Comarca de Araçatuba, Vara da Fazenda Pública
3548104;Santo Antônio do Jardim;6126;3515186;Espírito Santo do Pinhal;3;Entrância Inicial;Avenida 9 de Julho , 90 - Centro, 13990-000;-22.192499064827103;-46.793323434656;50;50ª São João da Boa Vista;4;4ª Campinas;45942;2;Espírito Santo do Pinhal, Santo Antônio do Jardim;6;Aguaí, Espírito Santo do Pinhal, Santo Antônio do Jardim, São João da Boa Vista, Vargem Grande do Sul, Águas da Prata;;0;;1ª Vara Judicial, 2ª Vara Judicial, Juizado Especial Cível
3548203;Santo Antônio do Pinhal;7133;3548609;São Bento do Sapucaí;3;Entrância Inicial;Rua Capitão Procópio Marcondes Azeredo , 43 - Centro, 12490-000;-22.681413820510176;-45.6867918605196;47;47ª Taubaté;9;9ª São José dos Campos;18807;2;Santo Antônio do Pinhal, São Bento do Sapucaí;11;Campos do Jordão, Caçapava, Jambeiro, Lagoinha, Pindamonhangaba, Redenção da Serra, Santo Antônio do Pinhal, São Bento do Sapucaí, São Luiz do Paraitinga, Taubaté, Tremembé;;0;;Juizado Especial Cível e Criminal, Juizado Informal de Conciliação, Vara Judicial
3548302;Santo Expedito;3000;3541406;Presidente Prudente;17;Entrância Final;Avenida Coronel José Soares Marcondes , 2201 - Vila Comercial, 19013-050;-21.99318224082918;-51.34313661870564;27;27ª Presidente Prudente;5;5ª Presidente Prudente;264391;5;Alfredo Marcondes, Anhumas, Presidente Prudente, Santo Expedito, Álvares Machado;20;Alfredo Marcondes, Anhumas, Caiabu, Emilianópolis, Estrela do Norte, Iepê, Indiana, Martinópolis, Nantes, Narandiba, Pirapozinho, Presidente Bernardes, Presidente Prudente, Rancharia, Regente Feijó, Sandovalina, Santo Expedito, Taciba, Tarabai, Álvares Machado;;0;;1ª Vara Criminal, 1ª Vara Cível, 1ª Vara da Família e das Sucessões, 1ª Vara das Execuções Criminais, 2ª Vara Criminal, 2ª Vara Cível, 2ª Vara da Família e das Sucessões, 2ª Vara das Execuçõs Criminais, 3ª Vara Criminal, 3ª Vara Cível, 4ª Vara Cível, 5ª Vara Cível, Juizado Especial Cível, Ofício do Juizado Especial Cível, Vara da Fazenda Pública, Vara do Juizado Especial Cível, Vara do Júri e da Infância e da Juventude
3548401;Santópolis do Aguapeí;3899;3506508;Birigui;8;Entrância Intermediária;Rua Faustino Segura , 214 - Parque São Vicente, 16200-370;-21.261609517109836;-50.350988803811;36;36ª Araçatuba;2;2ª Araçatuba;137825;5;Birigui, Brejo Alegre, Clementina, Coroados, Santópolis do Aguapeí;26;Alto Alegre, Araçatuba, Avanhandava, Barbosa, Bento de Abreu, Bilac, Birigui, Braúna, Brejo Alegre, Buritama, Clementina, Coroados, Gabriel Monteiro, Glicério, Guararapes, Lourdes, Luiziânia, Penápolis, Piacatu, Planalto, Rubiácea, Santo Antônio do Aracanguá, Santópolis do Aguapeí, Turiúba, Valparaíso, Zacarias;;0;;1ª Vara Criminal, 1ª Vara Cível, 2ª Vara Criminal, 2ª Vara Cível, 3ª Vara Cível, Criminal e da Fazenda Pública, Juizado Especial Cível, Ofício do Juizado Especial Cível e Criminal
3548500;Santos;418608;3548500;Santos;33;Entrância Final;Praça Patriarca José Bonifácio , s/nº - Centro, 11013-190;-23.86889817250297;-46.291518789361234;1;1ª Santos;7;7ª Santos;418608;1;Santos;6;Bertioga, Cubatão, Guarujá, Praia Grande, Santos, São Vicente;Fórum Santos I, Fórum Santos II (Cível), Fórum Santos III (Anexo), Fórum Santos IV - (CEJUSC), Fórum Santos V - (Deecrim), Fórum Santos VI - (Anexo do Juizado - UNISANTOS), Fórum Santos VII - (Anexo do Juizado - UNISANTA);33;1ª Vara Criminal, 1ª Vara Cível, 1ª Vara da Família e das Sucessões, 1ª Vara da Fazenda Pública, 1ª Vara do Juizado Especial Cível, 2ª Vara Criminal, 2ª Vara Cível, 2ª Vara da Família e das Sucessões, 2ª Vara da Fazenda Pública, 2ª Vara do Juizado Especial Cível, 3ª Vara Criminal, 3ª Vara Cível, 3ª Vara da Fazenda Pública, 3ª Vara do Juizado Especial Cível, 4ª Vara Criminal, 4ª Vara Cível, 5ª Vara Criminal, 5ª Vara Cível, 6ª Vara Criminal, 6ª Vara Cível, 7ª Vara Cível, 8ª Vara Cível, 9ª Vara Cível, 10ª Vara Cível, 11ª Vara Cível, 12ª Vara Cível, Ofício de Acidentes do Trabalho e Juizado Especial da Fazenda Pública da Comarca de Santos, Ofício do Juizado Especial Criminal, Ofício do Juizado Especial Cível, Vara da Infância e da Juventude e do Idoso, Vara de Acidentes do Trabalho e do Juizado Especial da Fazenda Pública da Comarca de Santos, Vara do Juizado Especial Criminal, Vara do Júri e Execuções Criminais;1ª Vara Criminal, 1ª Vara Cível, 1ª Vara da Família e das Sucessões, 1ª Vara da Fazenda Pública, 1ª Vara do Juizado Especial Cível, 2ª Vara Criminal, 2ª Vara Cível, 2ª Vara da Família e das Sucessões, 2ª Vara da Fazenda Pública, 2ª Vara do Juizado Especial Cível, 3ª Vara Criminal, 3ª Vara Cível, 3ª Vara da Fazenda Pública, 3ª Vara do Juizado Especial Cível, 4ª Vara Criminal, 4ª Vara Cível, 5ª Vara Criminal, 5ª Vara Cível, 6ª Vara Criminal, 6ª Vara Cível, 7ª Vara Cível, 8ª Vara Cível, 9ª Vara Cível, 10ª Vara Cível, 11ª Vara Cível, 12ª Vara Cível, Ofício de Acidentes do Trabalho e Juizado Especial da Fazenda Pública da Comarca de Santos, Ofício do Juizado Especial Criminal, Ofício do Juizado Especial Cível, Vara da Infância e da Juventude e do Idoso, Vara de Acidentes do Trabalho e do Juizado Especial da Fazenda Pública da Comarca de Santos, Vara do Juizado Especial Criminal, Vara do Júri e Execuções Criminais
3548609;São Bento do Sapucaí;11674;3548609;São Bento do Sapucaí;3;Entrância Inicial;Rua Capitão Procópio Marcondes Azeredo , 43 - Centro, 12490-000;-22.681413820510176;-45.6867918605196;47;47ª Taubaté;9;9ª São José dos Campos;18807;2;Santo Antônio do Pinhal, São Bento do Sapucaí;11;Campos do Jordão, Caçapava, Jambeiro, Lagoinha, Pindamonhangaba, Redenção da Serra, Santo Antônio do Pinhal, São Bento do Sapucaí, São Luiz do Paraitinga, Taubaté, Tremembé;Fórum Juiz Francisco Chiaradia Netto - São Bento do Sapucaí;3;Juizado Especial Cível e Criminal, Juizado Informal de Conciliação, Vara Judicial;Juizado Especial Cível e Criminal, Juizado Informal de Conciliação, Vara Judicial
3548708;São Bernardo do Campo;810729;3548708;São Bernardo do Campo;21;Entrância Final;Rua 23 de Maio , 107 - Vila Tereza, 09606-000;-23.812966499924777;-46.55079416941289;2;2ª São Bernardo do Campo;1;1ª Grande São Paulo;810729;1;São Bernardo do Campo;2;Diadema, São Bernardo do Campo;Fórum Ministro Nelson Hungria I, Fórum São Bernardo do Campo II (Anexo do JEC - FDSBC);21;1ª Vara Criminal, 1ª Vara Cível, 1ª Vara da Família e das Sucessões, 1ª Vara da Fazenda Pública, 2ª Vara Criminal, 2ª Vara Cível, 2ª Vara da Família e das Sucessões, 3ª Vara Criminal, 3ª Vara Cível, 3ª Vara da Família e das Sucessões, 4ª Vara Criminal, 4ª Vara Cível, 5ª Vara Criminal, 5ª Vara Cível, 6ª Vara Cível, 7ª Vara Cível, 8ª Vara Cível, 9ª Vara Cível, Juizado Especial Cível, Vara da Infância e da Juventude, Vara do Júri e Execuções Criminais;1ª Vara Criminal, 1ª Vara Cível, 1ª Vara da Família e das Sucessões, 1ª Vara da Fazenda Pública, 2ª Vara Criminal, 2ª Vara Cível, 2ª Vara da Família e das Sucessões, 3ª Vara Criminal, 3ª Vara Cível, 3ª Vara da Família e das Sucessões, 4ª Vara Criminal, 4ª Vara Cível, 5ª Vara Criminal, 5ª Vara Cível, 6ª Vara Cível, 7ª Vara Cível, 8ª Vara Cível, 9ª Vara Cível, Juizado Especial Cível, Vara da Infância e da Juventude, Vara do Júri e Execuções Criminais
3548807;São Caetano do Sul;165655;3548807;São Caetano do Sul;10;Entrância Final;Praça Doutor Joviano Pacheco de Aguirre , s/nº - Jardim São Caetano, 09581-540;-23.62613748566025;-46.566046489799426;3;3ª Santo André;1;1ª Grande São Paulo;165655;1;São Caetano do Sul;5;Mauá, Ribeirão Pires, Rio Grande da Serra, Santo André, São Caetano do Sul;Fórum São Caetano do Sul I, Fórum São Caetano do Sul II - (CEJUSC);10;1ª Vara Criminal e de Crimes contra Crianças e Adolescentes, 1ª Vara Cível, 2ª Vara Criminal e de Crimes contra a Vida, 2ª Vara Cível, 3ª Vara Cível, 4ª Vara Cível, 5ª Vara Cível, 6ª Vara Cível, Ofício do Juizado Especial Cível, Vara do Juizado Especial Cível;1ª Vara Criminal e de Crimes contra Crianças e Adolescentes, 1ª Vara Cível, 2ª Vara Criminal e de Crimes contra a Vida, 2ª Vara Cível, 3ª Vara Cível, 4ª Vara Cível, 5ª Vara Cível, 6ª Vara Cível, Ofício do Juizado Especial Cível, Vara do Juizado Especial Cível
3548906;São Carlos;254857;3548906;São Carlos;12;Entrância Final;Rua Conde do Pinhal , 2061 - Centro, 13560-648;-21.91888050480972;-47.86716700640671;12;12ª São Carlos;6;6ª Ribeirão Preto;254857;1;São Carlos;7;Boa Esperança do Sul, Descalvado, Dourado, Ibaté, Ribeirão Bonito, São Carlos, Trabiju;Fórum São Carlos (desativado), Fórum São Carlos I - (Criminal), Fórum São Carlos II - (Civel), Fórum São Carlos III - (CEJUSC);12;1ª Vara Criminal, 1ª Vara Cível, 2ª Vara Criminal, 2ª Vara Cível, 3ª Vara Criminal, 3ª Vara Cível, 4ª Vara Cível, 5ª Vara Cível, Juizado Especial Cível, Ofício/Vara da Fazenda Pública, Vara da Fazenda Pública, Vara do Juizado Especial Cível;1ª Vara Criminal, 1ª Vara Cível, 2ª Vara Criminal, 2ª Vara Cível, 3ª Vara Criminal, 3ª Vara Cível, 4ª Vara Cível, 5ª Vara Cível, Juizado Especial Cível, Ofício/Vara da Fazenda Pública, Vara da Fazenda Pública, Vara do Juizado Especial Cível
3549003;São Francisco;2602;3535200;Palmeira d'Oeste;3;Entrância Inicial;Rua XV de Novembro , 48-71 - centro, 15720-000;-20.438958786474778;-50.74877216380056;55;55ª Jales;2;2ª Araçatuba;17451;4;Aparecida d'Oeste, Marinópolis, Palmeira d'Oeste, São Francisco;23;Aparecida d'Oeste, Aspásia, Auriflama, Dirce Reis, Guzolândia, Jales, Marinópolis, Mesópolis, Nova Canaã Paulista, Palmeira d'Oeste, Paranapuã, Pontalinda, Rubinéia, Santa Albertina, Santa Clara d'Oeste, Santa Fé do Sul, Santa Rita d'Oeste, Santa Salete, Santana da Ponte Pensa, São Francisco, Três Fronteiras, Urânia, Vitória Brasil;;0;;Juizado Especial Cível, Juizado Informal de Conciliação, Vara Judicial
3549102;São João da Boa Vista;92547;3549102;São João da Boa Vista;6;Entrância Final;Rua RIACHUELO , 571 - Centro, 13870234;-21.97799265338561;-46.80219487056586;50;50ª São João da Boa Vista;4;4ª Campinas;99916;2;São João da Boa Vista, Águas da Prata;6;Aguaí, Espírito Santo do Pinhal, Santo Antônio do Jardim, São João da Boa Vista, Vargem Grande do Sul, Águas da Prata;Cartório Anexo do Juizado Especial Cível - UNIFEOB., Fórum I Dr. Plínio Barreto;6;1ª Vara Cível, 2ª Vara Cível, 3ª Vara Cível, Ofício do Juizado Especial Cível e Criminal, Vara Criminal, Vara do Juizado Especial Cível e Criminal;1ª Vara Cível, 2ª Vara Cível, 3ª Vara Cível, Ofício do Juizado Especial Cível e Criminal, Vara Criminal, Vara do Juizado Especial Cível e Criminal
3549201;São João das Duas Pontes;2580;3515202;Estrela dOeste;2;Entrância Inicial;Rua Minas Gerais , s/n - centro, 15650-000;-20.265760715088682;-50.411468747306685;18;18ª Fernandópolis;8;8ª São José do Rio Preto;20000;5;Dolcinópolis, Estrela dOeste, Populina, São João das Duas Pontes, Turmalina;15;Dolcinópolis, Estrela dOeste, Fernandópolis, General Salgado, Guarani d'Oeste, Indiaporã, Macedônia, Meridiano, Nova Castilho, Ouroeste, Pedranópolis, Populina, São João das Duas Pontes, São João de Iracema, Turmalina;;0;;Juizado Especial Cível, Vara Judicial
3549250;São João de Iracema;1846;3516903;General Salgado;2;Entrância Inicial;Rua Azílio Antonio do Prado , 991 - centro, 15300-000;-20.63827402625233;-50.415780544539686;18;18ª Fernandópolis;8;8ª São José do Rio Preto;13220;3;General Salgado, Nova Castilho, São João de Iracema;15;Dolcinópolis, Estrela dOeste, Fernandópolis, General Salgado, Guarani d'Oeste, Indiaporã, Macedônia, Meridiano, Nova Castilho, Ouroeste, Pedranópolis, Populina, São João das Duas Pontes, São João de Iracema, Turmalina;;0;;Juizado Especial Cível, Vara Judicial
3549300;São João do Pau d'Alho;2242;3555109;Tupi Paulista;3;Entrância Inicial;Rua Tiradentes , 877 - centro, 17930-000;-21.390389526994984;-51.5872020682559;29;29ª Dracena;5;5ª Presidente Prudente;24474;4;Monte Castelo, Nova Guataporanga, São João do Pau d'Alho, Tupi Paulista;13;Dracena, Flora Rica, Irapuru, Junqueirópolis, Monte Castelo, Nova Guataporanga, Ouro Verde, Pacaembu, Panorama, Paulicéia, Santa Mercedes, São João do Pau d'Alho, Tupi Paulista;;0;;1ª Vara Judicial, 2ª Vara Judicial, Juizado Especial Cível
3549409;São Joaquim da Barra;48558;3549409;São Joaquim da Barra;3;Entrância Inicial;Travessa Cleiton Zanini , 300 - Jardim Canadá, 14600-000;-20.55051834021338;-47.93855014054435;40;40ª Ituverava;6;6ª Ribeirão Preto;48558;1;São Joaquim da Barra;8;Aramina, Buritizal, Guará, Igarapava, Ipuã, Ituverava, Miguelópolis, São Joaquim da Barra;Fórum São Joaquim da Barra I, Fórum São Joaquim da Barra II [desativado], Fórum São Joaquim da Barra III - (Setor Técnico) [desativado], Juizado Especial Cível e Criminal  de São Joaquim da Barra [desativado];3;1ª Vara Judicial, 2ª Vara Judicial, Juizado Especial Cível;1ª Vara Judicial, 2ª Vara Judicial, Juizado Especial Cível
3549508;São José da Bela Vista;7626;3516200;Franca;0;Entrância Final;Av. Presidente Vargas , 2.650 - Jardim Dr. Antonio Petraglia, 14402-000;-20.555235123799015;-47.381119878587675;38;38ª Franca;6;6ª Ribeirão Preto;380446;5;Cristais Paulista, Franca, Restinga, Ribeirão Corrente, São José da Bela Vista;10;Cristais Paulista, Franca, Itirapuã, Jeriquara, Patrocínio Paulista, Pedregulho, Restinga, Ribeirão Corrente, Rifaina, São José da Bela Vista;;0;;
3549607;São José do Barreiro;3853;3504909;Bananal;2;Entrância Inicial;Praça Rubião Jr. 305 , 305 - Centro, 12850-000;-22.733833474129572;-44.334507607857255;48;48ª Guaratinguetá;9;9ª São José dos Campos;16152;3;Arapeí, Bananal, São José do Barreiro;17;Aparecida, Arapeí, Areias, Bananal, Cachoeira Paulista, Canas, Cruzeiro, Cunha, Guaratinguetá, Lavrinhas, Lorena, Piquete, Potim, Queluz, Roseira, Silveiras, São José do Barreiro;;0;;Juizado Especial Cível, Vara Judicial
3549706;São José do Rio Pardo;52205;3549706;São José do Rio Pardo;3;Entrância Inicial;Praça dos Três Poderes , 03 - Centro, 13720-000;-21.603697704038993;-46.87952384655167;43;43ª Casa Branca;6;6ª Ribeirão Preto;52205;1;São José do Rio Pardo;10;Caconde, Casa Branca, Divinolândia, Itobi, Mococa, Santa Cruz das Palmeiras, São José do Rio Pardo, São Sebastião da Grama, Tambaú, Tapiratiba;Fórum Jovino de Syllos - São José do Rio Pardo -;3;1ª Vara Judicial, 2ª Vara Judicial, Juizado Especial Cível;1ª Vara Judicial, 2ª Vara Judicial, Juizado Especial Cível
3549805;São José do Rio Preto;480393;3549805;São José do Rio Preto;7;Entrância Final;Rua Marechal Deodoro da Fonseca , 3036 - Centro, 15010-902;-20.7972300873495;-49.35810215162149;16;16ª São José do Rio Preto;8;8ª São José do Rio Preto;559137;6;Bady Bassitt, Cedral, Guapiaçu, Ipiguá, São José do Rio Preto, Uchoa;33;Adolfo, Américo de Campos, Bady Bassitt, Bálsamo, Cedral, Cosmorama, Guapiaçu, Icém, Ipiguá, Jaci, José Bonifácio, Macaubal, Mendonça, Mirassol, Mirassolândia, Monte Aprazível, Neves Paulista, Nipoã, Nova Aliança, Nova Granada, Onda Verde, Orindiúva, Palestina, Paulo de Faria, Poloni, Potirendaba, Riolândia, Sebastianópolis do Sul, São José do Rio Preto, Tanabi, Ubarana, Uchoa, União Paulista;Fórum São José do Rio Preto  [desativado], Fórum São José do Rio Preto I - (Central), Fórum São José do Rio Preto II - (Cível, Fazenda e DARAJ 8), Fórum São José do Rio Preto III - (Família, JEC e Infância), Fórum São José do Rio Preto IV - (Clínica Psicossocial), Fórum São José do Rio Preto [destivado];7;1ª Vara Criminal, 2ª Vara Criminal, 3ª Vara Criminal, 4ª Vara Criminal, 5ª Vara Criminal, Vara de Execuções Criminais, Vara do DEECRIM;1ª Vara Criminal, 2ª Vara Criminal, 3ª Vara Criminal, 4ª Vara Criminal, 5ª Vara Criminal, Vara de Execuções Criminais, Vara do DEECRIM
3549904;São José dos Campos;697054;3549904;São José dos Campos;25;Entrância Final;Avenida Salmão , 678 - Parque Residencial Aquarius, 12246-260;-23.090562858107624;-45.92853292431341;46;46ª São José dos Campos;9;9ª São José dos Campos;701192;2;Monteiro Lobato, São José dos Campos;7;Jacareí, Monteiro Lobato, Natividade da Serra, Paraibuna, Salesópolis, Santa Branca, São José dos Campos;Fórum São José dos Campos, Fórum São José dos Campos I (Principal), Fórum São José dos Campos II - (CEJUSC e Execuções Fiscais), Fórum São José dos Campos III (Psicossocial) (Inativado), Fórum São José dos Campos IV (Anexo Unip), Fórum São José dos Campos IV (Univap), Prédio Principal;25;1ª Vara Criminal, 1ª Vara Cível, 1ª Vara da Família e das Sucessões, 1ª Vara da Fazenda Pública, 1ª Vara do Juizado Especial Cível, 2ª Vara Criminal, 2ª Vara Cível, 2ª Vara da Família e das Sucessões, 2ª Vara da Fazenda Pública, 2ª Vara do Juizado Especial Cível, 3ª Vara Criminal, 3ª Vara Cível, 3ª Vara da Família e das Sucessões, 4ª Vara Criminal, 4ª Vara Cível, 5ª Vara Criminal, 5ª Vara Cível, 6ª Vara Cível, 7ª Vara Cível, 8ª Vara Cível, Ofício do Juizado Especial Cível, Vara da Infância e da Juventude, Vara de Violência Doméstica e Familiar contra a Mulher, Vara do Juizado Especial Criminal, Vara do Júri e Execuções Criminais;1ª Vara Criminal, 1ª Vara Cível, 1ª Vara da Família e das Sucessões, 1ª Vara da Fazenda Pública, 1ª Vara do Juizado Especial Cível, 2ª Vara Criminal, 2ª Vara Cível, 2ª Vara da Família e das Sucessões, 2ª Vara da Fazenda Pública, 2ª Vara do Juizado Especial Cível, 3ª Vara Criminal, 3ª Vara Cível, 3ª Vara da Família e das Sucessões, 4ª Vara Criminal, 4ª Vara Cível, 5ª Vara Criminal, 5ª Vara Cível, 6ª Vara Cível, 7ª Vara Cível, 8ª Vara Cível, Ofício do Juizado Especial Cível, Vara da Infância e da Juventude, Vara de Violência Doméstica e Familiar contra a Mulher, Vara do Juizado Especial Criminal, Vara do Júri e Execuções Criminais
3549953;São Lourenço da Serra;16067;3522208;Itapecerica da Serra;5;Entrância Final;Rua Major Matheus Rotger Domingues , 155 - Centro, 06850-850;-23.7371989373332;-46.85880519659345;52;52ª Itapecerica da Serra;1;1ª Grande São Paulo;201993;3;Itapecerica da Serra, Juquitiba, São Lourenço da Serra;9;Cotia, Embu das Artes, Embu-Guaçu, Itapecerica da Serra, Itapevi, Juquitiba, São Lourenço da Serra, Taboão da Serra, Vargem Grande Paulista;;0;;1ª Vara Judicial, 2ª Vara Judicial, 3ª Vara Judicial, 4ª Vara, Juizado Especial Cível
3550001;São Luiz do Paraitinga;10337;3550001;São Luiz do Paraitinga;2;Entrância Inicial;Via de Acesso Vereador José Adolfo Pinto de Souza , s/n - Várzea dos Passarinhos, 12140-000;-23.24010373087899;-45.253825305919165;47;47ª Taubaté;9;9ª São José dos Campos;15420;2;Lagoinha, São Luiz do Paraitinga;11;Campos do Jordão, Caçapava, Jambeiro, Lagoinha, Pindamonhangaba, Redenção da Serra, Santo Antônio do Pinhal, São Bento do Sapucaí, São Luiz do Paraitinga, Taubaté, Tremembé;Promotor Francisco Esmeraldo de Melo;2;Juizado Especial Cível e Criminal, Vara Judicial;Juizado Especial Cível e Criminal, Vara Judicial
3550100;São Manuel;37289;3550100;São Manuel;1;Entrância Inicial;Rua Ettore Targa , s/nº - Centro, 18652330;-22.682250849603978;-48.54043524992775;23;23ª Botucatu;3;3ª Bauru;52545;3;Areiópolis, Pratânia, São Manuel;9;Anhembi, Areiópolis, Botucatu, Conchas, Itatinga, Pardinho, Pereiras, Pratânia, São Manuel;"Fórum Desembargador ""Julio César de Faria"", Fórum São Manuel II, Fórum São Manuel II (Arquivo), Fórum São Manuel III (CEJUSC), Fórum São Manuel IV (Anexo do JEC - UAAJ - AREIÓPOLIS)";1;1º Vara Judicial;1º Vara Judicial
3550209;São Miguel Arcanjo;32039;3550209;São Miguel Arcanjo;2;Entrância Inicial;Rua Bento França , 332 - Centro, 18230-000;-23.91394812442293;-47.99335012774945;22;22ª Itapetininga;10;10ª Sorocaba;32039;1;São Miguel Arcanjo;17;Alambari, Angatuba, Bofete, Campina do Monte Alegre, Capela do Alto, Capão Bonito, Cesário Lange, Guapiara, Guareí, Itapetininga, Porangaba, Quadra, Ribeirão Grande, Sarapuí, São Miguel Arcanjo, Tatuí, Torre de Pedra;"Fórum ""Desembargador Luiz Gonzaga de Campos Gouvêa"", Fórum II - São Miguel Arcanjo (JEC/JECrim)";2;Juizado Especial Cível e Criminal, Vara Judicial;Juizado Especial Cível e Criminal, Vara Judicial
3550308;São Paulo;11451999;3550308;São Paulo;180;Não Informado;Rua da Consolação , 1483 - Consolação, 01301-100;-23.650049140286697;-46.648086000083495;0;São Paulo;1;1ª Grande São Paulo;11451999;1;São Paulo;1;São Paulo;"Anexo do Juizado Especial Cível da Lapa (UNIP), Bela Cintra - SGP 4 E SGP 5, Centro Administrativo - Consolação, Centro de Integração da Cidadania - CIC Feitiço da Vila, Centro de Integração da Cidadania - CIC Leste, Centro de Integração da Cidadania - CIC Norte, Centro de Integração da Cidadania - CIC Oeste, Centro de Integração da Cidadania - CIC SUL, Complexo Administrativo Patriarca, Complexo Judiciário Ipiranga (Desativado), Complexo Judicário Ipiranga, Direito Privado - Conselheiro Furtado 503, Foro Regional II - Santo Amaro - Casa do Advogado, Foro Regional II - Santo Amaro - Prédio Adolfo Pinheiro, Foro Regional II - Santo Amaro - Prédio Nações Unidas, Foro Regional III - Jabaquara/Saúde, Foro Regional VII Itaquera (Guaianases), Foro Regional XV - Butantã, Fórum Brás (Varas Especiais da Infância e Juventude), Fórum Criminal Complexo Judiciário Ministro Mário Guimarães - Barra Funda, Fórum Hely Lopes Meirelles - (Fazenda Pública), Fórum Ipiranga, Fórum João Mendes Júnior, Fórum Reg. IX - Vila Prudente - Foro ""Desembargador Gentil do Carmo Pinto"", Fórum Regional IV Lapa  - JEC, Fórum Regional IV Lapa I, Fórum Regional IV Lapa II, Fórum Regional VI - Penha de França - (Danylo José Fernandes), Fórum Regional VII - Itaquera, Fórum Regional XI - Pinheiros, Fórum Regional XII - Nossa Senhora do Ó, Fórum Santana, Fórum São Miguel Paulista, Fórum Tatuapé, Fórum das Execuções Fiscais - Prédio I, Fórum das Execuções Fiscais - Prédio II, Fórum do Juizado Especial Cível Central, Fórum do Juizado Especial Cível Central - II, Garagem Alcântara Machado [Desativado], Garagem Con de de Sarzedas, Lavarrápido - Moóca (Conservação de Viaturas), Museu do Tribunal de Justiça - GADE 9 de Julho, Prédio Administrativo - (Gráfica e Oficinas  Gerais), Prédio Administrativo Brigadeiro Luis Antônio, Prédio Administrativo Conde do Pinhal, Prédio Administrativo Psicossocial - Tabatinguera, Prédio Administrativo da Glória (SAAB 2.5.9), Prédio Alexandre Dumas [Desativado], Prédio Pedro Lessa, Prédio da Tabatinguera 164, Prédio do CEJUSC CENTRAL (Barra Funda), SAAB 2.5.3.2  Serv. de Adm. Prédio Melo Peixoto, SAAB 2.5.7 - SERVIÇO DE ADMINISTRAÇÃO, Tribunal de Justiça (prov1), Tribunal de Justiça - GADE 23 de Maio, Tribunal de Justiça - GADE 9 de Julho, Tribunal de Justiça - GADE I (Conselheiro Furtado.669), Tribunal de Justiça - GADE I (Conselheiro Furtado.705), Tribunal de Justiça - GADE II (Conselheiro Furtado.688), Tribunal de Justiça - MMDC, Tribunal de Justiça - Palácio da Justiça, Tribunal de Justiça - Pátio do Colégio, Tribunal de Justiça - [desativado], X-Anexo do Juizado Especial Cível da Lapa (UMC) - Desativado, X-Fórum Regional IV Lapa IV - CEJUSC [desativado], Z - Fórum TJSP [desativado], Z-Prédio_Inativo com setores inativos - STI";180;1ª Vara Criminal, 1ª Vara Criminal - Juiz Titular, 1ª Vara Criminal do Foro Regional do Tatuapé, 1ª Vara Criminal e do Juizado de Violência Dom. e Familiar Contra a Mulher, 1ª Vara Criminal e Juizado de Violência Doméstica e Fam. Contra a Mulher, 01ª Vara Cível, 1ª Vara Cível, 1ª Vara Cível - Juiz Auxiliar, 1ª Vara Cível - Juiz Titular, 1ª Vara Cível - Titular I, 1ª Vara Cível - Titular II, 1ª Vara Cível – Juiz(a) Titular I, 01ª Vara da Família e das Sucessões, 1ª VARA DA FAMÍLIA E DAS SUCESSÕES, 1ª Vara da Família e das Sucessões, 1ª Vara da Família e das Sucessões - Juiz Auxiliar, 1ª Vara da Família e das Sucessões - Juiz Titular, 1ª Vara da Família e das Sucessões - Titular I, 1ª Vara da Família e das Sucessões - Titular II, 1ª Vara da Família e das Sucessões – Juiz(a) Titular I, 1ª Vara da Fazenda Pública, 01ª Vara da Infância e da Juventude, 01ª Vara de Falências e Recuperações Judiciais, 01ª Vara de Registros Públicos, 1ª Vara do Juizado Especial Cível, 1ª Vara Especial da Infância e da Juventude, 1º Ofício Criminal e Juizado de Violência Doméstica e Fam. Contra Mulher, 1º Ofício do Juizado Especial Cível, 1º Vara Cível, 1º Vara da Família e das Sucessões, 2ª Vara Criminal, 2ª Vara Criminal - Juiz Titular, 2ª Vara Cível, 2ª Vara Cível - Juiz Auxiliar, 2ª Vara Cível - Juiz Titular, 2ª Vara Cível - Titular I, 2ª Vara Cível - Titular II, 2ª Vara Cível – Juiz(a) Titular I, 2ª Vara da Família e das Sucessões, 2ª Vara da Família e das Sucessões - Juiz Auxiliar, 2ª Vara da Família e das Sucessões - Juiz Titular, 2ª Vara da Família e das Sucessões – Juiz(a) Titular I, 2ª Vara da Fazenda Pública, 2ª Vara de Falências e Recuperações Judiciais, 2ª Vara de Registros Públicos, 2ª Vara do Juizado Especial Cível, 2ª Vara do Tribunal do Júri, 2ª Vara Especial da Infância e da Juventude, 2ª Vara Juizado Especial Cível, 2° Vara da Familia e das Sucessões - Titular I, 2° Vara da Familia e das Sucessões - Titular II, 2º Ofício do Juizado Especial Cível, 3ª Vara Cível, 3ª Vara Cível - Juiz Auxiliar, 3ª Vara Cível - Juiz Titular, 3ª Vara Cível - Titular I, 3ª Vara Cível - Titular II, 3ª Vara Cível – Juiz(a) Titular II, 3ª Vara da Família e das Sucessões, 3ª Vara da Família e das Sucessões - Juiz Auxiliar, 3ª Vara da Família e das Sucessões - Juiz Titular, 3ª Vara da Família e das Sucessões - Titular I, 3ª Vara da Família e das Sucessões - Titular II, 3ª Vara da Fazenda Pública, 4ª Vara Cível, 4ª Vara Cível - Juiz Auxiliar, 4ª Vara Cível - Juiz Titular, 4ª Vara Cível - Titular I, 4ª Vara Cível - Titular II, 4ª Vara Cível – Juiz (a) Titular I, 4ª Vara da Família e das Sucessões, 4ª Vara da Fazenda Pública, 4ª Vara Especial da Infância e da Juventude, 5ª Vara Cível, 5ª Vara Cível - Titular I, 5ª Vara Cível - Titular II, 5ª Vara Cível – Juiz(a) Titular I, 5ª Vara da Família e das Sucessões, 5ª Vara da Fazenda Pública, 5º Vara da Família e Sucessões, 6ª Vara Cível, 6ª Vara da Família e das Sucessões, 6ª Vara da Fazenda Pública, 7ª Vara Cível, 7ª Vara da Família e das Sucessões, 7ª Vara da Fazenda Publica, 8ª Vara Cível, 8ª Vara da Família e das Sucessões, 8ª Vara da Fazenda Pública, 9ª Vara Cível, 9ª Vara da Família e das Sucessões, 9ª Vara da Fazenda Pública, 10ª Vara Cível, 10ª Vara da Família e das Sucessões, 10ª Vara da Fazenda Pública, 11ª Vara Cível, 11ª Vara da Família e das Sucessões, 11ª Vara da Fazenda Pública, 12ª Vara Cível, 12ª Vara da Família e das Sucessões, 12ª Vara da Fazenda Pública, 13ª Vara Cível, 13ª Vara da Fazenda Pública, 14ª Vara Cível, 14ª Vara da Fazenda Pública, 15ª Vara Cível, 16ª Vara Cível, 17ª Vara Cível, 18ª Vara Cível, 19ª Vara Cível, 20ª Vara Cível, 21ª Vara Cível, 22ª Vara Cível, 23ª Vara Cível, 24ª Vara Cível, 25ª Vara Cível, 26ª Vara Cível, 27ª Vara Cível, 28ª Vara Cível, 29ª Vara Cível, 30ª Vara Cível, 31ª Vara Cível, 32ª Vara Cível, 33ª Vara Cível, 34ª Vara Cível, 35ª Vara Cível, 36ª Vara Cível, 37ª Vara Cível, 38ª Vara Cível, 39ª Vara Cível, 40ª Vara Cível, 41ª Vara Cível, 42ª Vara Cível, 43ª Vara Cível, 44ª Vara Cível, 45ª Vara Cível, ANPP (feminino), DECRIM 1 – 1ª Vara das Execuções Criminais – MULTA (masculino e feminino), DECRIM 2 – 2ª Vara das Execuções Criminais – LIBERADAS: LC, DECRIM 3 – 3ª Vara das Execuções Criminais – LIVRAMENTO CONDICIONAL e SURSIS (masculino), DECRIM 5 – 5ª Vara das Execuções Criminais – MEDIDA DE SEGURANÇA (masculino), DECRIM 5 – 5ª Vara das Execuções Criminais – PENAS ALTERNATIVAS e ANPP (masculino), Juizado de Violência Domestica, Juizado de Violência Doméstica, Juizado Especial Cível, Multa, Ofício do Juizado Especial Civel, OFÍCIO DO JUIZADO ESPECIAL CÍVEL, Ofício do Juizado Especial Cível, Penas Alternativas, Promotoria da Vara da Infância e Juventude, RA, S.PSICOLOGIA DO JUIZADO DE VIOLÊNCIA DOMÉSTICA CONTRA MULHER, SADM - SEÇÃO ADMINISTRATIVA DE DISTRIBUIÇÃO DE MANDADOS DAS VARAS DO FJMJ, SADM Seção Adm. de Distr. de mandados das varas da fazenda pública, SERV. SOCIAL DO JUIZADO DE VIOLÊNCIA DOMÉSTICA CONTRA MULHER, SERVEC – Serviço de Apoio à Vara de Execuções Criminais, SETOR DE CONCILIAÇÃO DAS VARAS DE FAMÍLIA E SUCESSÕES - 1ª GRAU, Setor de Conciliação das Varas de Famílias e Sucessões, SEÇÃO DE APOIO ADMINISTRATIVO À TURMA DE UNIFORMIZAÇÃO DE JURISPRUDÊNCIA DO SISTEMA DE JUIZADOS ESPECIAIS, SEÇÃO TÉCNICA DE PSICOLOGIA  DAS VARAS DA FAMÍLIA E SUCESSÕES, Seção Técnica de Psicologia da Vara da Infância e da Juventude, SEÇÃO TÉCNICA DE SERVIÇO SOCIAL DA VARA CENTRAL DA INFÂNCIA E DA JUVENTUDE, Seção Técnica de Serviço Social da Vara da Infância e da Juventude, STSSVFS - SERVIÇO SOCIAL DAS VARAS DA FAMÍLIA  E SUCESSÕES, Vara Criminal, Vara da Infancia e Juventude, Vara da Infância e da Juventude, Vara da Infância e da Juventude - Juiz Titular, Vara da Região Leste 2 de Violência Doméstica e Familiar contra a Mulher, Vara de Violência Doméstica da Capital-Região Sul 1 - Vila Prudente, Vara do Juizado especial Civel - Titular I, Vara do Juizado especial Civel - Titular II, Vara do Juizado Especial Criminal – JECRIM, Vara do Juizado Especial Cível, Vara do Juizado Especial Cível - Juiz Auxiliar, Vara do Juizado Especial Cível - Juiz Titular, Vara do Juizado Especial Cível – Juiz(a) Titular  I, Vara Regional Sul II de Violência Doméstica e Familiar contra a Mulher, VVD - Vara do Foro Central de Violência Doméstica e Familiar Contra a Mulher;1ª Vara Criminal, 1ª Vara Criminal - Juiz Titular, 1ª Vara Criminal do Foro Regional do Tatuapé, 1ª Vara Criminal e do Juizado de Violência Dom. e Familiar Contra a Mulher, 1ª Vara Criminal e Juizado de Violência Doméstica e Fam. Contra a Mulher, 01ª Vara Cível, 1ª Vara Cível, 1ª Vara Cível - Juiz Auxiliar, 1ª Vara Cível - Juiz Titular, 1ª Vara Cível - Titular I, 1ª Vara Cível - Titular II, 1ª Vara Cível – Juiz(a) Titular I, 01ª Vara da Família e das Sucessões, 1ª VARA DA FAMÍLIA E DAS SUCESSÕES, 1ª Vara da Família e das Sucessões, 1ª Vara da Família e das Sucessões - Juiz Auxiliar, 1ª Vara da Família e das Sucessões - Juiz Titular, 1ª Vara da Família e das Sucessões - Titular I, 1ª Vara da Família e das Sucessões - Titular II, 1ª Vara da Família e das Sucessões – Juiz(a) Titular I, 1ª Vara da Fazenda Pública, 01ª Vara da Infância e da Juventude, 01ª Vara de Falências e Recuperações Judiciais, 01ª Vara de Registros Públicos, 1ª Vara do Juizado Especial Cível, 1ª Vara Especial da Infância e da Juventude, 1º Ofício Criminal e Juizado de Violência Doméstica e Fam. Contra Mulher, 1º Ofício do Juizado Especial Cível, 1º Vara Cível, 1º Vara da Família e das Sucessões, 2ª Vara Criminal, 2ª Vara Criminal - Juiz Titular, 2ª Vara Cível, 2ª Vara Cível - Juiz Auxiliar, 2ª Vara Cível - Juiz Titular, 2ª Vara Cível - Titular I, 2ª Vara Cível - Titular II, 2ª Vara Cível – Juiz(a) Titular I, 2ª Vara da Família e das Sucessões, 2ª Vara da Família e das Sucessões - Juiz Auxiliar, 2ª Vara da Família e das Sucessões - Juiz Titular, 2ª Vara da Família e das Sucessões – Juiz(a) Titular I, 2ª Vara da Fazenda Pública, 2ª Vara de Falências e Recuperações Judiciais, 2ª Vara de Registros Públicos, 2ª Vara do Juizado Especial Cível, 2ª Vara do Tribunal do Júri, 2ª Vara Especial da Infância e da Juventude, 2ª Vara Juizado Especial Cível, 2° Vara da Familia e das Sucessões - Titular I, 2° Vara da Familia e das Sucessões - Titular II, 2º Ofício do Juizado Especial Cível, 3ª Vara Cível, 3ª Vara Cível - Juiz Auxiliar, 3ª Vara Cível - Juiz Titular, 3ª Vara Cível - Titular I, 3ª Vara Cível - Titular II, 3ª Vara Cível – Juiz(a) Titular II, 3ª Vara da Família e das Sucessões, 3ª Vara da Família e das Sucessões - Juiz Auxiliar, 3ª Vara da Família e das Sucessões - Juiz Titular, 3ª Vara da Família e das Sucessões - Titular I, 3ª Vara da Família e das Sucessões - Titular II, 3ª Vara da Fazenda Pública, 4ª Vara Cível, 4ª Vara Cível - Juiz Auxiliar, 4ª Vara Cível - Juiz Titular, 4ª Vara Cível - Titular I, 4ª Vara Cível - Titular II, 4ª Vara Cível – Juiz (a) Titular I, 4ª Vara da Família e das Sucessões, 4ª Vara da Fazenda Pública, 4ª Vara Especial da Infância e da Juventude, 5ª Vara Cível, 5ª Vara Cível - Titular I, 5ª Vara Cível - Titular II, 5ª Vara Cível – Juiz(a) Titular I, 5ª Vara da Família e das Sucessões, 5ª Vara da Fazenda Pública, 5º Vara da Família e Sucessões, 6ª Vara Cível, 6ª Vara da Família e das Sucessões, 6ª Vara da Fazenda Pública, 7ª Vara Cível, 7ª Vara da Família e das Sucessões, 7ª Vara da Fazenda Publica, 8ª Vara Cível, 8ª Vara da Família e das Sucessões, 8ª Vara da Fazenda Pública, 9ª Vara Cível, 9ª Vara da Família e das Sucessões, 9ª Vara da Fazenda Pública, 10ª Vara Cível, 10ª Vara da Família e das Sucessões, 10ª Vara da Fazenda Pública, 11ª Vara Cível, 11ª Vara da Família e das Sucessões, 11ª Vara da Fazenda Pública, 12ª Vara Cível, 12ª Vara da Família e das Sucessões, 12ª Vara da Fazenda Pública, 13ª Vara Cível, 13ª Vara da Fazenda Pública, 14ª Vara Cível, 14ª Vara da Fazenda Pública, 15ª Vara Cível, 16ª Vara Cível, 17ª Vara Cível, 18ª Vara Cível, 19ª Vara Cível, 20ª Vara Cível, 21ª Vara Cível, 22ª Vara Cível, 23ª Vara Cível, 24ª Vara Cível, 25ª Vara Cível, 26ª Vara Cível, 27ª Vara Cível, 28ª Vara Cível, 29ª Vara Cível, 30ª Vara Cível, 31ª Vara Cível, 32ª Vara Cível, 33ª Vara Cível, 34ª Vara Cível, 35ª Vara Cível, 36ª Vara Cível, 37ª Vara Cível, 38ª Vara Cível, 39ª Vara Cível, 40ª Vara Cível, 41ª Vara Cível, 42ª Vara Cível, 43ª Vara Cível, 44ª Vara Cível, 45ª Vara Cível, ANPP (feminino), DECRIM 1 – 1ª Vara das Execuções Criminais – MULTA (masculino e feminino), DECRIM 2 – 2ª Vara das Execuções Criminais – LIBERADAS: LC, DECRIM 3 – 3ª Vara das Execuções Criminais – LIVRAMENTO CONDICIONAL e SURSIS (masculino), DECRIM 5 – 5ª Vara das Execuções Criminais – MEDIDA DE SEGURANÇA (masculino), DECRIM 5 – 5ª Vara das Execuções Criminais – PENAS ALTERNATIVAS e ANPP (masculino), Juizado de Violência Domestica, Juizado de Violência Doméstica, Juizado Especial Cível, Multa, Ofício do Juizado Especial Civel, OFÍCIO DO JUIZADO ESPECIAL CÍVEL, Ofício do Juizado Especial Cível, Penas Alternativas, Promotoria da Vara da Infância e Juventude, RA, S.PSICOLOGIA DO JUIZADO DE VIOLÊNCIA DOMÉSTICA CONTRA MULHER, SADM - SEÇÃO ADMINISTRATIVA DE DISTRIBUIÇÃO DE MANDADOS DAS VARAS DO FJMJ, SADM Seção Adm. de Distr. de mandados das varas da fazenda pública, SERV. SOCIAL DO JUIZADO DE VIOLÊNCIA DOMÉSTICA CONTRA MULHER, SERVEC – Serviço de Apoio à Vara de Execuções Criminais, SETOR DE CONCILIAÇÃO DAS VARAS DE FAMÍLIA E SUCESSÕES - 1ª GRAU, Setor de Conciliação das Varas de Famílias e Sucessões, SEÇÃO DE APOIO ADMINISTRATIVO À TURMA DE UNIFORMIZAÇÃO DE JURISPRUDÊNCIA DO SISTEMA DE JUIZADOS ESPECIAIS, SEÇÃO TÉCNICA DE PSICOLOGIA  DAS VARAS DA FAMÍLIA E SUCESSÕES, Seção Técnica de Psicologia da Vara da Infância e da Juventude, SEÇÃO TÉCNICA DE SERVIÇO SOCIAL DA VARA CENTRAL DA INFÂNCIA E DA JUVENTUDE, Seção Técnica de Serviço Social da Vara da Infância e da Juventude, STSSVFS - SERVIÇO SOCIAL DAS VARAS DA FAMÍLIA  E SUCESSÕES, Vara Criminal, Vara da Infancia e Juventude, Vara da Infância e da Juventude, Vara da Infância e da Juventude - Juiz Titular, Vara da Região Leste 2 de Violência Doméstica e Familiar contra a Mulher, Vara de Violência Doméstica da Capital-Região Sul 1 - Vila Prudente, Vara do Juizado especial Civel - Titular I, Vara do Juizado especial Civel - Titular II, Vara do Juizado Especial Criminal – JECRIM, Vara do Juizado Especial Cível, Vara do Juizado Especial Cível - Juiz Auxiliar, Vara do Juizado Especial Cível - Juiz Titular, Vara do Juizado Especial Cível – Juiz(a) Titular  I, Vara Regional Sul II de Violência Doméstica e Familiar contra a Mulher, VVD - Vara do Foro Central de Violência Doméstica e Familiar Contra a Mulher
3550407;São Pedro;38256;3550407;São Pedro;3;Entrância Inicial;Praça Adolpho Bonifácio Bragaia , s/nº - Centro, 13520-028;-22.558175497889824;-47.92468304968156;34;34ª Piracicaba;4;4ª Campinas;46279;3;Santa Maria da Serra, São Pedro, Águas de São Pedro;16;Capivari, Cerquilho, Charqueada, Elias Fausto, Jumirim, Laranjal Paulista, Mombuca, Monte Mor, Piracicaba, Rafard, Rio das Pedras, Saltinho, Santa Maria da Serra, São Pedro, Tietê, Águas de São Pedro;"Fórum ""Francisco Mendes de Aguiar""";3;1ª Vara Judicial, 2ª Vara Judicial, Juizado Especial Cível e Criminal;1ª Vara Judicial, 2ª Vara Judicial, Juizado Especial Cível e Criminal
3550506;São Pedro do Turvo;7217;3546405;Santa Cruz do Rio Pardo;4;Entrância Intermediária;Av Doutor Cyro de Mello Camarinha , 606 - Centro, 18900-073;-22.809306886675092;-49.56894883176165;25;25ª Ourinhos;3;3ª Bauru;57816;3;Espírito Santo do Turvo, Santa Cruz do Rio Pardo, São Pedro do Turvo;16;Bernardino de Campos, Canitar, Chavantes, Espírito Santo do Turvo, Ipaussu, Manduri, Ourinhos, Piraju, Ribeirão do Sul, Salto Grande, Santa Cruz do Rio Pardo, Sarutaiá, São Pedro do Turvo, Tejupá, Timburi, Óleo;;0;;1ª Vara Cível, 2ª Vara Cível, 3ª Vara Cível, Vara Criminal
3550605;São Roque;79484;3550605;São Roque;5;Entrância Intermediária;Avenida John Fitzgerald Kennedy , 355 - Centro, 18130-510;-23.548976555477193;-47.10953693220326;19;19ª Sorocaba;10;10ª Sorocaba;101006;2;Araçariguama, São Roque;12;Alumínio, Araçariguama, Araçoiaba da Serra, Ibiúna, Mairinque, Piedade, Pilar do Sul, Salto de Pirapora, Sorocaba, São Roque, Tapiraí, Votorantim;Fórum São Roque I, Fórum São Roque II (Anexo Fiscal), Fórum São Roque III (Residência Oficial);5;1ª Vara Cível, 2ª Vara Cível, Juizado Especial Cível e Criminal, Vara Criminal, Vara do Juizado Especial Cível e Criminal;1ª Vara Cível, 2ª Vara Cível, Juizado Especial Cível e Criminal, Vara Criminal, Vara do Juizado Especial Cível e Criminal
3550704;São Sebastião;81595;3550704;São Sebastião;4;Entrância Intermediária;Rua Armando Sales de Oliveira , 720 - Vila Amélia, 00000000;-23.754240287880098;-45.60676565373813;51;51ª Caraguatatuba;9;9ª São José dos Campos;81595;1;São Sebastião;4;Caraguatatuba, Ilhabela, São Sebastião, Ubatuba;CENTRO JUDICIÁRIO DE SOLUÇÃO DE CONFLITOS E CIDADANIA DE SÃO SEBASTIÃO, Ed. Promotor Carlos Siqueira Neto;4;1ª Vara Cível, 2ª Vara Cível, Juizado Especial Cível e Criminal, Vara Criminal;1ª Vara Cível, 2ª Vara Cível, Juizado Especial Cível e Criminal, Vara Criminal
3550803;São Sebastião da Grama;10441;3550803;São Sebastião da Grama;1;Entrância Inicial;Praça São Sebastião , 126 - Centro, 13790-000;-21.754044721160493;-46.75297553707046;43;43ª Casa Branca;6;6ª Ribeirão Preto;21599;2;Divinolândia, São Sebastião da Grama;10;Caconde, Casa Branca, Divinolândia, Itobi, Mococa, Santa Cruz das Palmeiras, São José do Rio Pardo, São Sebastião da Grama, Tambaú, Tapiratiba;Fórum da Comarca de São Sebastião da Grama, Fórum da Comarca de São Sebastião da Grama (JEC);1;Vara Judicial;Vara Judicial
3550902;São Simão;13442;3550902;São Simão;3;Entrância Inicial;Rua Marechal Deodoro da Fonseca , 553 - Centro, 14200-000;-21.461533358169156;-47.56827521478883;41;41ª Ribeirão Preto;6;6ª Ribeirão Preto;25707;2;Luís Antônio, São Simão;16;Barrinha, Cajuru, Cravinhos, Cássia dos Coqueiros, Dumont, Guatapará, Jardinópolis, Luís Antônio, Pontal, Ribeirão Preto, Santa Cruz da Esperança, Santa Rosa de Viterbo, Serra Azul, Serrana, Sertãozinho, São Simão;Fórum II São Simão (Residência Oficial), Fórum de São Simão;3;Juizado Especial Cível e Criminal, Vara Judicial - Cartório Criminal/Infância, Vara Judicial - Cartório Cível/Distribuidor/Ex. Fiscal;Juizado Especial Cível e Criminal, Vara Judicial - Cartório Criminal/Infância, Vara Judicial - Cartório Cível/Distribuidor/Ex. Fiscal
3551009;São Vicente;329911;3551009;São Vicente;13;Entrância Final;Avenida Antônio Emerich , 1416 - Vila São Jorge, 11370-000;-23.959230748201488;-46.48828272097246;1;1ª Santos;7;7ª Santos;329911;1;São Vicente;6;Bertioga, Cubatão, Guarujá, Praia Grande, Santos, São Vicente;1ª e 2ª VARAS DA FAMÍLIA e CENTRO JUDICIÁRIO DE SOLUÇÃO DE CONFLITOS E CIDADANIA, Fórum DR. ANTONIO FELICIANO, Fórum São Vicente II - ( Fazenda Pública), Fórum São Vicente III - (Juizado Especial), Fórum São Vicente IV - (ADM e Finanças) - [desativado], Fórum São Vicente VI - (Almoxarifado e Arquivo), Fórum São Vicente VI - (Residência Oficial), Seção Administrativa de Distribuição de Mandados;13;1ª Vara Criminal, 1ª Vara Cível, 1ª Vara da Família e das Sucessões, 2ª Vara Criminal, 2ª Vara Cível, 2ª Vara da Família e das Sucessões, 3ª Vara Criminal, 3ª Vara Cível, 4ª Vara Cível, 5ª Vara Cível, 6ª Vara Cível, Vara da Fazenda Pública, Vara de Execuções Criminais;1ª Vara Criminal, 1ª Vara Cível, 1ª Vara da Família e das Sucessões, 2ª Vara Criminal, 2ª Vara Cível, 2ª Vara da Família e das Sucessões, 3ª Vara Criminal, 3ª Vara Cível, 4ª Vara Cível, 5ª Vara Cível, 6ª Vara Cível, Vara da Fazenda Pública, Vara de Execuções Criminais
3551108;Sarapuí;10369;3522307;Itapetininga;7;Entrância Final;Praça Três Poderes , s/n - Jd. Marabá, 18213-540;-23.645468563011217;-48.123318703177574;22;22ª Itapetininga;10;10ª Sorocaba;174300;3;Alambari, Itapetininga, Sarapuí;17;Alambari, Angatuba, Bofete, Campina do Monte Alegre, Capela do Alto, Capão Bonito, Cesário Lange, Guapiara, Guareí, Itapetininga, Porangaba, Quadra, Ribeirão Grande, Sarapuí, São Miguel Arcanjo, Tatuí, Torre de Pedra;;0;;1ª Vara Cível, 1ª Vara da Família e das Sucessões, 2ª Vara Cível, 3ª Vara Cível, 4ª Vara Cível, Juizado Especial Cível, Vara do Juizado especial Cível e Criminal
3551207;Sarutaiá;3704;3538808;Piraju;2;Entrância Inicial;Praça Joaquim Antonio Arruda , 126 - Centro, 18800-049;-23.186915952498072;-49.366092572260236;25;25ª Ourinhos;3;3ª Bauru;52114;6;Manduri, Piraju, Sarutaiá, Tejupá, Timburi, Óleo;16;Bernardino de Campos, Canitar, Chavantes, Espírito Santo do Turvo, Ipaussu, Manduri, Ourinhos, Piraju, Ribeirão do Sul, Salto Grande, Santa Cruz do Rio Pardo, Sarutaiá, São Pedro do Turvo, Tejupá, Timburi, Óleo;;0;;1ª Vara Judicial, 2ª Vara Judicial
3551306;Sebastianópolis do Sul;3130;3528106;Macaubal;1;Entrância Inicial;Rua Sebastião Dib , 668 - Centro, 15270-000;-20.83793023133331;-49.97500542283497;16;16ª São José do Rio Preto;8;8ª São José do Rio Preto;12214;3;Macaubal, Sebastianópolis do Sul, União Paulista;33;Adolfo, Américo de Campos, Bady Bassitt, Bálsamo, Cedral, Cosmorama, Guapiaçu, Icém, Ipiguá, Jaci, José Bonifácio, Macaubal, Mendonça, Mirassol, Mirassolândia, Monte Aprazível, Neves Paulista, Nipoã, Nova Aliança, Nova Granada, Onda Verde, Orindiúva, Palestina, Paulo de Faria, Poloni, Potirendaba, Riolândia, Sebastianópolis do Sul, São José do Rio Preto, Tanabi, Ubarana, Uchoa, União Paulista;;0;;Vara Judicial
3551405;Serra Azul;12746;3513108;Cravinhos;2;Entrância Inicial;Avenida Fagundes , 29 - centro, 14140-000;-21.33964467704924;-47.74456484280334;41;41ª Ribeirão Preto;6;6ª Ribeirão Preto;46027;2;Cravinhos, Serra Azul;16;Barrinha, Cajuru, Cravinhos, Cássia dos Coqueiros, Dumont, Guatapará, Jardinópolis, Luís Antônio, Pontal, Ribeirão Preto, Santa Cruz da Esperança, Santa Rosa de Viterbo, Serra Azul, Serrana, Sertãozinho, São Simão;;0;;1ª Vara Judicial, Juizado Especial Cível
3551504;Serrana;43909;3551504;Serrana;2;Entrância Inicial;Avenida Habib Jabali , 500 - Jardim Boa Vista, 14150-000;-21.216896021392202;-47.612347895027106;41;41ª Ribeirão Preto;6;6ª Ribeirão Preto;43909;1;Serrana;16;Barrinha, Cajuru, Cravinhos, Cássia dos Coqueiros, Dumont, Guatapará, Jardinópolis, Luís Antônio, Pontal, Ribeirão Preto, Santa Cruz da Esperança, Santa Rosa de Viterbo, Serra Azul, Serrana, Sertãozinho, São Simão;Fórum Serrana;2;1ª Vara Judicial, Juizado Especial Cível;1ª Vara Judicial, Juizado Especial Cível
3551603;Serra Negra;29894;3551603;Serra Negra;3;Entrância Inicial;Praça Barão do Rio Branco , 71 - centro, 13930-000;-22.58909769482952;-46.68728559979821;54;54ª Amparo;4;4ª Campinas;29894;1;Serra Negra;9;Amparo, Jaguariúna, Lindóia, Monte Alegre do Sul, Pedreira, Santo Antônio de Posse, Serra Negra, Socorro, Águas de Lindóia;Fórum Serra Negra I - (Principal), Fórum Serra Negra II - (Distribuidor e Seção de Administração Geral), Fórum Serra Negra III - (Juizado Especial Cível), Fórum Serra Negra IV - (ARQUIVO e a SADM);3;1ª Vara Judicial, 2ª Vara Judicial, Juizado Especial Cível;1ª Vara Judicial, 2ª Vara Judicial, Juizado Especial Cível
3551702;Sertãozinho;126887;3551702;Sertãozinho;6;Entrância Final;Avenida Pedro Strini , 71 - Jd. América, 14160-260;-21.12291489152417;-48.00888267356239;41;41ª Ribeirão Preto;6;6ª Ribeirão Preto;168450;3;Barrinha, Dumont, Sertãozinho;16;Barrinha, Cajuru, Cravinhos, Cássia dos Coqueiros, Dumont, Guatapará, Jardinópolis, Luís Antônio, Pontal, Ribeirão Preto, Santa Cruz da Esperança, Santa Rosa de Viterbo, Serra Azul, Serrana, Sertãozinho, São Simão;Fórum Sertãozinho I, Fórum Sertãozinho II - CEJUSC / SEF;6;1ª Vara Criminal, 1ª Vara Cível, 2ª Vara Cível, 3ª Vara Cível, Oficio do Juizado Especial Cível e Criminal, Vara do Juizado Especial Cível e Criminal;1ª Vara Criminal, 1ª Vara Cível, 2ª Vara Cível, 3ª Vara Cível, Oficio do Juizado Especial Cível e Criminal, Vara do Juizado Especial Cível e Criminal
3551801;Sete Barras;12730;3542602;Registro;5;Entrância Final;Rua Jerônimo Monteiro Lopes , 93 - V. S. Francisco, 11900-000;-24.503987639410806;-47.82076173495117;21;21ª Registro;7;7ª Santos;72677;2;Registro, Sete Barras;13;Barra do Turvo, Cajati, Cananéia, Eldorado, Iguape, Ilha Comprida, Iporanga, Jacupiranga, Juquiá, Miracatu, Pariquera-Açu, Registro, Sete Barras;;0;;1ª Vara Judicial, 2ª Vara Judicial, 3ª Vara Judicial, Juizado Especial Cível e Criminal, Vara do Juizado Especial Cível e Criminal
3551900;Severínia;14576;3533908;Olímpia;4;Entrância Intermediária;Rua Engenheiro Reid , 377 - Patrimônio de São João Batista, 15400-091;-20.70524588579201;-48.959617264381016;14;14ª Barretos;8;8ª São José do Rio Preto;94907;6;Altair, Cajobi, Embaúba, Guaraci, Olímpia, Severínia;16;Altair, Barretos, Bebedouro, Cajobi, Colina, Colômbia, Embaúba, Guaraci, Guaíra, Jaborandi, Monte Azul Paulista, Olímpia, Paraíso, Severínia, Terra Roxa, Viradouro;;0;;1ª Vara Cível, 2ª Vara Cível, 3ª Vara Cível, Vara Criminal
3552007;Silveiras;6186;3508603;Cachoeira Paulista;6;Entrância Inicial;Rua São Sebastião , 191 - Centro, 12630-000;-22.702356699905327;-44.991691927143485;48;48ª Guaratinguetá;9;9ª São José dos Campos;37750;2;Cachoeira Paulista, Silveiras;17;Aparecida, Arapeí, Areias, Bananal, Cachoeira Paulista, Canas, Cruzeiro, Cunha, Guaratinguetá, Lavrinhas, Lorena, Piquete, Potim, Queluz, Roseira, Silveiras, São José do Barreiro;;0;;1ª Vara Judicial, 2ª Vara Judicial, Anexo Fiscal - 1ª Vara, Distribuidor - 1ª Vara, Juizado Especial Cível e Criminal, Juizado Informal de Conciliação
3552106;Socorro;40122;3552106;Socorro;2;Entrância Inicial;Praça 9 de Julho , 222 - Centro, 13960-000;-22.61118008772432;-46.524386317668984;54;54ª Amparo;4;4ª Campinas;40122;1;Socorro;9;Amparo, Jaguariúna, Lindóia, Monte Alegre do Sul, Pedreira, Santo Antônio de Posse, Serra Negra, Socorro, Águas de Lindóia;"Fórum ""Dr. Alfredo de Carvalho Pinto"", Fórum II de Socorro (Juizado Especial Cível e Criminal), Fórum III de Socorro (INATIVO)";2;1ª Vara Judicial, 2ª Vara Judicial;1ª Vara Judicial, 2ª Vara Judicial
3552205;Sorocaba;723682;3552205;Sorocaba;21;Entrância Final;Rua 28 de outubro , 665 - Alto Boa Vista, 18087-080;-23.464551916584632;-47.44675984401024;19;19ª Sorocaba;10;10ª Sorocaba;756125;2;Araçoiaba da Serra, Sorocaba;12;Alumínio, Araçariguama, Araçoiaba da Serra, Ibiúna, Mairinque, Piedade, Pilar do Sul, Salto de Pirapora, Sorocaba, São Roque, Tapiraí, Votorantim;DARAJ 10, Fórum Sorocaba I - Ministro Piza e Almeida, Prédio Protocolo estendido do mangal, Prédio do CEJUSC I Sorocaba, Prédio do CEJUSC II Sorocaba – Casa do Cidadão de Brigadeiro Tobias, Prédio do CEJUSC III Sorocaba – Casa do Cidadão do Éden, Prédio do CEJUSC IV Sorocaba – Casa do Cidadão de Ipanema, Prédio do CEJUSC IX Sorocaba - Araçoiaba da Serra, Prédio do CEJUSC V Sorocaba – Casa do Cidadão da Itavuvu, Prédio do CEJUSC VI Sorocaba – Casa do Cidadão do Jardim Ipiranga, Prédio do CEJUSC VIII Sorocaba - Casa do Cidadão da Nogueira Padilha, Prédio do Juizado Especial Cível VII Sorocaba – anexo FADI, Setor Psicossocial do Tribunal de Justiça;21;1ª Vara Criminal, 1ª Vara Cível, 1ª Vara da Família e das Sucessões, 1ª Vara do Juizado Especial Cível, 2ª Vara Criminal, 2ª Vara Cível, 2ª Vara da Família e das Sucessões, 2ª Vara do Juizado Especial Cível, 3ª Vara Criminal, 3ª Vara Cível, 3ª Vara da Família e das Sucessões, 4ª Vara Criminal, 4ª Vara Cível, 5ª Vara Cível, 6ª Vara Cível, 7ª Vara Cível, Ofício do Juizado Especial Cível, Vara da Fazenda Pública, Vara da Infância e da Juventude, Vara do Juizado Especial Criminal e da Violência Doméstica e Familiar contra a Mulher, Vara do Júri e Execuções Criminais;1ª Vara Criminal, 1ª Vara Cível, 1ª Vara da Família e das Sucessões, 1ª Vara do Juizado Especial Cível, 2ª Vara Criminal, 2ª Vara Cível, 2ª Vara da Família e das Sucessões, 2ª Vara do Juizado Especial Cível, 3ª Vara Criminal, 3ª Vara Cível, 3ª Vara da Família e das Sucessões, 4ª Vara Criminal, 4ª Vara Cível, 5ª Vara Cível, 6ª Vara Cível, 7ª Vara Cível, Ofício do Juizado Especial Cível, Vara da Fazenda Pública, Vara da Infância e da Juventude, Vara do Juizado Especial Criminal e da Violência Doméstica e Familiar contra a Mulher, Vara do Júri e Execuções Criminais
3552304;Sud Mennucci;7355;3537404;Pereira Barreto;3;Entrância Inicial;Rua Francisca Senhorinha Carneiro , s/n - Vila Municipal, 15371-274;-20.67776117917967;-51.10647190768788;37;37ª Andradina;2;2ª Araçatuba;34858;3;Pereira Barreto, Sud Mennucci, Suzanápolis;12;Andradina, Castilho, Guaraçaí, Ilha Solteira, Itapura, Lavínia, Mirandópolis, Murutinga do Sul, Nova Independência, Pereira Barreto, Sud Mennucci, Suzanápolis;;0;;1ª Vara Judicial, 2ª Vara Judicial, Juizado Especial Cível
3552403;Sumaré;279545;3552403;Sumaré;5;Entrância Final;Rua Antonio de Carvalho , 170 - Centro, 13170-901;-22.84184692439838;-47.26297363906891;53;53ª Americana;4;4ª Campinas;279545;1;Sumaré;5;Americana, Hortolândia, Nova Odessa, Santa Bárbara d'Oeste, Sumaré;Fórum Sumaré I, Fórum Sumaré II - Anexo Fiscal, Fórum Sumaré III - Cejusc;5;1ª Vara Criminal, 1º Vara Cível, 2ª Vara  Criminal, 2º Vara Cível, 3º Vara Cível;1ª Vara Criminal, 1º Vara Cível, 2ª Vara  Criminal, 2º Vara Cível, 3º Vara Cível
3552502;Suzano;307429;3552502;Suzano;8;Entrância Final;Avenida Paulo Portela , s/n - Jd. Paulista, 08675-230;-23.608379629957874;-46.31043955306553;45;45ª Mogi das Cruzes;1;1ª Grande São Paulo;307429;1;Suzano;7;Biritiba-Mirim, Ferraz de Vasconcelos, Guararema, Itaquaquecetuba, Mogi das Cruzes, Poá, Suzano;ANEXO FISCAL, Fórum Suzano - Cível - Criminal - JEC., Fórum Suzano II - (Cejusc), Fórum Suzano III - (Violência Doméstica);8;1ª Vara Criminal, 1ª Vara Cível, 1ª Vara Judicial, 2ª Vara Criminal, 2ª Vara Cível, 3ª Vara Cível, 4ª Vara Cível, Juizado Especial Cível;1ª Vara Criminal, 1ª Vara Cível, 1ª Vara Judicial, 2ª Vara Criminal, 2ª Vara Cível, 3ª Vara Cível, 4ª Vara Cível, Juizado Especial Cível
3552551;Suzanápolis;3408;3537404;Pereira Barreto;3;Entrância Inicial;Rua Francisca Senhorinha Carneiro , s/n - Vila Municipal, 15371-274;-20.67776117917967;-51.10647190768788;37;37ª Andradina;2;2ª Araçatuba;34858;3;Pereira Barreto, Sud Mennucci, Suzanápolis;12;Andradina, Castilho, Guaraçaí, Ilha Solteira, Itapura, Lavínia, Mirandópolis, Murutinga do Sul, Nova Independência, Pereira Barreto, Sud Mennucci, Suzanápolis;;0;;1ª Vara Judicial, 2ª Vara Judicial, Juizado Especial Cível
3552601;Tabapuã;11323;3552601;Tabapuã;1;Entrância Inicial;Rua Eugênio Ulian , 1265 - centro, 15880-023;-20.931884704714278;-49.02890930947145;15;15ª Catanduva;8;8ª São José do Rio Preto;22738;3;Catiguá, Novais, Tabapuã;16;Ariranha, Catanduva, Catiguá, Elisiário, Ibirá, Irapuã, Itajobi, Marapoama, Novais, Novo Horizonte, Palmares Paulista, Pindorama, Sales, Santa Adélia, Tabapuã, Urupês;Fórum Tabapuã;1;Vara Judicial;Vara Judicial
3552700;Tabatinga;14769;3519600;Ibitinga;4;Entrância Intermediária;Rua Prudente de Moraes , 570 - Centro, 14940-103;-21.792952728970263;-48.847812502235;13;13ª Araraquara;6;6ª Ribeirão Preto;74802;2;Ibitinga, Tabatinga;14;Américo Brasiliense, Araraquara, Borborema, Dobrada, Gavião Peixoto, Iacanga, Ibitinga, Itápolis, Matão, Motuca, Nova Europa, Rincão, Santa Lúcia, Tabatinga;;0;;1ª Vara Cível, 2ª Vara Cível, Juizado Especial Cível e Criminal, Vara Criminal
3552809;Taboão da Serra;273542;3552809;Taboão da Serra;6;Entrância Final;Avenida Armando Andrade , 1315 - Pq. Santos Dumont, 06754-210;-23.620534666622344;-46.78640477823453;52;52ª Itapecerica da Serra;1;1ª Grande São Paulo;273542;1;Taboão da Serra;9;Cotia, Embu das Artes, Embu-Guaçu, Itapecerica da Serra, Itapevi, Juquitiba, São Lourenço da Serra, Taboão da Serra, Vargem Grande Paulista;CEJUSC - Taboão da Serra, Fórum Taboão da Serra I - (Principal), Fórum Taboão da Serra II - Anexo Fiscal, Fórum Taboão da Serra III - Arq. das Execuções Fiscais;6;1ª Vara Cível e Família, 2ª Vara Cível e Família, 3ª Vara Cível e Família, Ofício do Juizado Especial Cível e Criminal, Vara Criminal, Vara do Juizado Especial Cível e Criminal;1ª Vara Cível e Família, 2ª Vara Cível e Família, 3ª Vara Cível e Família, Ofício do Juizado Especial Cível e Criminal, Vara Criminal, Vara do Juizado Especial Cível e Criminal
3552908;Taciba;6260;3542404;Regente Feijó;2;Entrância Inicial;Rua Carlos Beltrami , 10 - Portal do Sol, 19570-000;-22.252515049116653;-51.29406365126894;27;27ª Presidente Prudente;5;5ª Presidente Prudente;30117;3;Caiabu, Regente Feijó, Taciba;20;Alfredo Marcondes, Anhumas, Caiabu, Emilianópolis, Estrela do Norte, Iepê, Indiana, Martinópolis, Nantes, Narandiba, Pirapozinho, Presidente Bernardes, Presidente Prudente, Rancharia, Regente Feijó, Sandovalina, Santo Expedito, Taciba, Tarabai, Álvares Machado;;0;;Juizado Especial Cível, Vara Judicial
3553005;Taguaí;12669;3515400;Fartura;2;Entrância Inicial;Rua Anacleto Gonçalves Neves , 250 - Centro, 18870-007;-23.390179084345064;-49.51967844188836;24;24ª Avaré;3;3ª Bauru;29310;2;Fartura, Taguaí;11;Arandu, Avaré, Cerqueira César, Coronel Macedo, Fartura, Iaras, Itaí, Paranapanema, Taguaí, Taquarituba, Águas de Santa Bárbara;;0;;Juizado Especial Cível e Criminal, Vara Judicial
3553104;Taiaçu;5677;3524303;Jaboticabal;4;Entrância Final;Avenida Bento Vieira , 12 - Jardim Bela Vista, 14870-901;-21.21832462370609;-48.28793544272876;42;42ª Jaboticabal;6;6ª Ribeirão Preto;84046;3;Jaboticabal, Taiaçu, Taiúva;14;Cândido Rodrigues, Fernando Prestes, Guariba, Jaboticabal, Monte Alto, Pirangi, Pitangueiras, Pradópolis, Santa Ernestina, Taiaçu, Taiúva, Taquaral, Taquaritinga, Vista Alegre do Alto;;0;;1ª Vara Cível, 2ª Vara Cível, 3ª Vara Cível, Vara Criminal
3553203;Taiúva;6548;3524303;Jaboticabal;4;Entrância Final;Avenida Bento Vieira , 12 - Jardim Bela Vista, 14870-901;-21.21832462370609;-48.28793544272876;42;42ª Jaboticabal;6;6ª Ribeirão Preto;84046;3;Jaboticabal, Taiaçu, Taiúva;14;Cândido Rodrigues, Fernando Prestes, Guariba, Jaboticabal, Monte Alto, Pirangi, Pitangueiras, Pradópolis, Santa Ernestina, Taiaçu, Taiúva, Taquaral, Taquaritinga, Vista Alegre do Alto;;0;;1ª Vara Cível, 2ª Vara Cível, 3ª Vara Cível, Vara Criminal
3553302;Tambaú;21435;3553302;Tambaú;2;Entrância Inicial;Rua Campos Salles , 345 - Centro, 13710-000;-21.60178605962406;-47.23902684722621;43;43ª Casa Branca;6;6ª Ribeirão Preto;21435;1;Tambaú;10;Caconde, Casa Branca, Divinolândia, Itobi, Mococa, Santa Cruz das Palmeiras, São José do Rio Pardo, São Sebastião da Grama, Tambaú, Tapiratiba;Fórum Tambaú;2;Juizado Especial Cível e Criminal, Vara Judicial;Juizado Especial Cível e Criminal, Vara Judicial
3553401;Tanabi;25265;3553401;Tanabi;3;Entrância Inicial;Praça Stélio Machado Loureiro, , 273 - Centro, 15170-000;-20.531216941577227;-49.64644325481354;16;16ª São José do Rio Preto;8;8ª São José do Rio Preto;39854;3;Américo de Campos, Cosmorama, Tanabi;33;Adolfo, Américo de Campos, Bady Bassitt, Bálsamo, Cedral, Cosmorama, Guapiaçu, Icém, Ipiguá, Jaci, José Bonifácio, Macaubal, Mendonça, Mirassol, Mirassolândia, Monte Aprazível, Neves Paulista, Nipoã, Nova Aliança, Nova Granada, Onda Verde, Orindiúva, Palestina, Paulo de Faria, Poloni, Potirendaba, Riolândia, Sebastianópolis do Sul, São José do Rio Preto, Tanabi, Ubarana, Uchoa, União Paulista;Fórum Dr. Acrísio Pires Domingues, Fórum Tanabi (Juizado Especial Cível e Criminal);3;1ª Vara Judicial, 2ª Vara Judicial, Juizado Especial Cível e Criminal;1ª Vara Judicial, 2ª Vara Judicial, Juizado Especial Cível e Criminal
3553500;Tapiraí;7996;3537800;Piedade;2;Entrância Inicial;Praça Raul Gomes de Abreu , 73 - Centro, 18170-000;-23.787008344192724;-47.43813280184805;19;19ª Sorocaba;10;10ª Sorocaba;60966;2;Piedade, Tapiraí;12;Alumínio, Araçariguama, Araçoiaba da Serra, Ibiúna, Mairinque, Piedade, Pilar do Sul, Salto de Pirapora, Sorocaba, São Roque, Tapiraí, Votorantim;;0;;1ª Vara Judicial, 2ª Vara Judicial
3553609;Tapiratiba;11816;3508702;Caconde;1;Entrância Inicial;Praça Ranieri Mazzilli , 6 - Centro, 13770-000;-21.53952237312387;-46.61703405975839;43;43ª Casa Branca;6;6ª Ribeirão Preto;28917;2;Caconde, Tapiratiba;10;Caconde, Casa Branca, Divinolândia, Itobi, Mococa, Santa Cruz das Palmeiras, São José do Rio Pardo, São Sebastião da Grama, Tambaú, Tapiratiba;;0;;Vara Judicial
3553658;Taquaral;2619;3539509;Pitangueiras;2;Entrância Inicial;Rua Doutor Euclides Zanini Caldas , 713 - Centro, 14750-000;-21.006236530177024;-48.24937508742634;42;42ª Jaboticabal;6;6ª Ribeirão Preto;36293;2;Pitangueiras, Taquaral;14;Cândido Rodrigues, Fernando Prestes, Guariba, Jaboticabal, Monte Alto, Pirangi, Pitangueiras, Pradópolis, Santa Ernestina, Taiaçu, Taiúva, Taquaral, Taquaritinga, Vista Alegre do Alto;;0;;Juizado Especial Cível, Vara Judicial
3553708;Taquaritinga;52260;3553708;Taquaritinga;3;Entrância Inicial;Rua Duque de Caxias , 267 - Centro, 15900-017;-21.425577635346173;-48.53787919945323;42;42ª Jaboticabal;6;6ª Ribeirão Preto;67209;4;Cândido Rodrigues, Fernando Prestes, Santa Ernestina, Taquaritinga;14;Cândido Rodrigues, Fernando Prestes, Guariba, Jaboticabal, Monte Alto, Pirangi, Pitangueiras, Pradópolis, Santa Ernestina, Taiaçu, Taiúva, Taquaral, Taquaritinga, Vista Alegre do Alto;Fórum Taquaritinga I, Fórum Taquaritinga II (Anexo Fiscal / JECCrim / Central de Mandados), Fórum Taquaritinga II (Casa Oficial), Fórum Taquaritinga III ( CEJUSC );3;1ª Vara Judicial, 2ª Vara Judicial, 3ª Vara Judicial;1ª Vara Judicial, 2ª Vara Judicial, 3ª Vara Judicial
3553807;Taquarituba;24350;3553807;Taquarituba;2;Entrância Inicial;Avenida Coronel João Quintino , 137 - Centro, 18740-000;-23.53018762764983;-49.23457653690325;24;24ª Avaré;3;3ª Bauru;28630;2;Coronel Macedo, Taquarituba;11;Arandu, Avaré, Cerqueira César, Coronel Macedo, Fartura, Iaras, Itaí, Paranapanema, Taguaí, Taquarituba, Águas de Santa Bárbara;Fórum I Taquarituba - Joaquim Rodrigues, Fórum II Taquarituba (Residência Oficial);2;Juizado Especial Cível e Criminal, Vara Judicial;Juizado Especial Cível e Criminal, Vara Judicial
3553856;Taquarivaí;6876;3522406;Itapeva;6;Entrância Final;Avenida Dona Paulina de Morais , 444 - Vila Ophélia, 18400-818;-23.91407536437743;-48.87171677768003;49;49ª Itapeva;10;10ª Sorocaba;123728;4;Itapeva, Nova Campina, Ribeirão Branco, Taquarivaí;16;Apiaí, Barra do Chapéu, Barão de Antonina, Bom Sucesso de Itararé, Buri, Itaberá, Itapeva, Itapirapuã Paulista, Itaporanga, Itararé, Itaóca, Nova Campina, Ribeira, Ribeirão Branco, Riversul, Taquarivaí;;0;;1ª Vara Judicial, 2ª Vara Judicial, 3ª Vara Judicial, Juizado Especial Cível e Criminal, Vara da Infância e Juventude, Vara das Execuções Criminais - VEC
3553906;Tarabai;6536;3539202;Pirapozinho;4;Entrância Inicial;Rua Dr. Carlos Alberto Leite Boulhosa, 525 , 525 - Jardim Morada do Sol, 19200-000;-22.479179063433843;-51.61979607103878;27;27ª Presidente Prudente;5;5ª Presidente Prudente;43945;5;Estrela do Norte, Narandiba, Pirapozinho, Sandovalina, Tarabai;20;Alfredo Marcondes, Anhumas, Caiabu, Emilianópolis, Estrela do Norte, Iepê, Indiana, Martinópolis, Nantes, Narandiba, Pirapozinho, Presidente Bernardes, Presidente Prudente, Rancharia, Regente Feijó, Sandovalina, Santo Expedito, Taciba, Tarabai, Álvares Machado;;0;;2ª Vara Judicial, Juizado Especial Criminal, Juizado Especial Cível, Oficio Judicial (Crime)
3553955;Tarumã;14882;3504008;Assis;8;Entrância Final;Rua Doutor Lício Brandão de Camargo , 50 - Vila Clementina, 19802-300;-22.60173299588268;-50.42076115506051;26;26ª Assis;5;5ª Presidente Prudente;126347;4;Assis, Echaporã, Florínia, Tarumã;18;Assis, Borá, Campos Novos Paulista, Cruzália, Cândido Mota, Echaporã, Florínia, Ibirarema, João Ramalho, Lutécia, Maracaí, Oscar Bressane, Palmital, Paraguaçu Paulista, Pedrinhas Paulista, Platina, Quatá, Tarumã;;0;;1ª Vara Criminal, 1ª Vara Cível, 2ª Vara Criminal e do Juizado de Violência Doméstica e Familiar contra a Mulher, 2ª Vara Cível, 3ª Vara Cível, Corregedoria dos Presídios e da Polícia Judiciária, Seção Processual I e II, Vara da Família e das Sucessões
3554003;Tatuí;123942;3554003;Tatuí;7;Entrância Final;Avenida Virginio Montezzo Filho , 2009 - Nova Tatui, 18278-440;-23.36207995741744;-47.86948322059495;22;22ª Itapetininga;10;10ª Sorocaba;150213;3;Capela do Alto, Quadra, Tatuí;17;Alambari, Angatuba, Bofete, Campina do Monte Alegre, Capela do Alto, Capão Bonito, Cesário Lange, Guapiara, Guareí, Itapetininga, Porangaba, Quadra, Ribeirão Grande, Sarapuí, São Miguel Arcanjo, Tatuí, Torre de Pedra;Fórum Tatuí I, Fórum Tatuí II (Anexo do JEC - UAAJ de Capela do Alto);7;1ª vara criminal, 1ª Vara Cível, 2ª Vara criminal, 2ª Vara Cível, 3ª Vara Cível, Juizado Especial Cível e Criminal, Vara do Juizado Especial Civel e Criminal;1ª vara criminal, 1ª Vara Cível, 2ª Vara criminal, 2ª Vara Cível, 3ª Vara Cível, Juizado Especial Cível e Criminal, Vara do Juizado Especial Civel e Criminal
3554102;Taubaté;310739;3554102;Taubaté;12;Entrância Final;Rua José Licurgo Indiani , s/n - Jardim Maria Augusta, 12070-070;-23.087108076691788;-45.50238746883896;47;47ª Taubaté;9;9ª São José dos Campos;315233;2;Redenção da Serra, Taubaté;11;Campos do Jordão, Caçapava, Jambeiro, Lagoinha, Pindamonhangaba, Redenção da Serra, Santo Antônio do Pinhal, São Bento do Sapucaí, São Luiz do Paraitinga, Taubaté, Tremembé;Fórum Cível da Comarca de Taubaté, Fórum Taubaté I - (Criminal), Fórum Taubaté III - (Fazenda Pública), Fórum Taubaté IV - (Execuções Criminais), Fórum Taubaté V - (Cartório Setor Técnico), Fórum Taubaté V - (Cejusc), Fórum Taubaté VI - (Anexo do JEC - UNITAU);12;1ª Vara Criminal, 1ª Vara Cível, 2ª Vara Criminal, 2ª Vara Cível, 3ª Vara Criminal, 3ª Vara Cível, 4ª Vara Cível, 5ª Vara Cível, Ofício do Juizado Especial Cível e Criminal, Vara da Família e das Sucessões, Vara do Juizado Especial Cível e Criminal, Vara do Júri e da Infância e da Juventude;1ª Vara Criminal, 1ª Vara Cível, 2ª Vara Criminal, 2ª Vara Cível, 3ª Vara Criminal, 3ª Vara Cível, 4ª Vara Cível, 5ª Vara Cível, Ofício do Juizado Especial Cível e Criminal, Vara da Família e das Sucessões, Vara do Juizado Especial Cível e Criminal, Vara do Júri e da Infância e da Juventude
3554201;Tejupá;4127;3538808;Piraju;2;Entrância Inicial;Praça Joaquim Antonio Arruda , 126 - Centro, 18800-049;-23.186915952498072;-49.366092572260236;25;25ª Ourinhos;3;3ª Bauru;52114;6;Manduri, Piraju, Sarutaiá, Tejupá, Timburi, Óleo;16;Bernardino de Campos, Canitar, Chavantes, Espírito Santo do Turvo, Ipaussu, Manduri, Ourinhos, Piraju, Ribeirão do Sul, Salto Grande, Santa Cruz do Rio Pardo, Sarutaiá, São Pedro do Turvo, Tejupá, Timburi, Óleo;;0;;1ª Vara Judicial, 2ª Vara Judicial
3554300;Teodoro Sampaio;22173;3554300;Teodoro Sampaio;0;Entrância Inicial;Avenida Manoel Guirado Segura , 2080 - Vila Furlan, 19282160;-22.416603288973988;-52.3740434541867;28;28ª Presidente Venceslau;5;5ª Presidente Prudente;30097;2;Euclides da Cunha Paulista, Teodoro Sampaio;11;Caiuá, Euclides da Cunha Paulista, Marabá Paulista, Mirante do Paranapanema, Piquerobi, Presidente Epitácio, Presidente Venceslau, Ribeirão dos Índios, Rosana, Santo Anastácio, Teodoro Sampaio;Fórum de Teodoro Sampaio I (JIC e JEC), Fórum de Teodoro Sampaio II (Anexo do JEC - UAAJ - Euclides da Cunha Paulista), Prédio I - Teodoro Sampaio, Prédio II - Teodoro Sampaio, Prédio III  (JEC) - Teodoro Sampaio;0;;
3554409;Terra Roxa;7904;3556800;Viradouro;1;Entrância Inicial;Rua José Borelli , 10 - Centro, 14740-000;-20.88438617365445;-48.30985910756813;14;14ª Barretos;8;8ª São José do Rio Preto;25318;2;Terra Roxa, Viradouro;16;Altair, Barretos, Bebedouro, Cajobi, Colina, Colômbia, Embaúba, Guaraci, Guaíra, Jaborandi, Monte Azul Paulista, Olímpia, Paraíso, Severínia, Terra Roxa, Viradouro;;0;;Vara Judicial
3554508;Tietê;37663;3554508;Tietê;3;Entrância Inicial;Av. XI de Agosto , 130 - centro, 18530-000;-23.04941193912659;-47.70766937978773;34;34ª Piracicaba;4;4ª Campinas;40719;2;Jumirim, Tietê;16;Capivari, Cerquilho, Charqueada, Elias Fausto, Jumirim, Laranjal Paulista, Mombuca, Monte Mor, Piracicaba, Rafard, Rio das Pedras, Saltinho, Santa Maria da Serra, São Pedro, Tietê, Águas de São Pedro;Fórum Tietê, Fórum da Comarca de Tietê II (Cejusc), Fórum da Comarca de Tietê III (Cartório Eleitoral);3;1ª Vara Judicial, 2ª Vara Judicial, Juizado Especial Cível;1ª Vara Judicial, 2ª Vara Judicial, Juizado Especial Cível
3554607;Timburi;2464;3538808;Piraju;2;Entrância Inicial;Praça Joaquim Antonio Arruda , 126 - Centro, 18800-049;-23.186915952498072;-49.366092572260236;25;25ª Ourinhos;3;3ª Bauru;52114;6;Manduri, Piraju, Sarutaiá, Tejupá, Timburi, Óleo;16;Bernardino de Campos, Canitar, Chavantes, Espírito Santo do Turvo, Ipaussu, Manduri, Ourinhos, Piraju, Ribeirão do Sul, Salto Grande, Santa Cruz do Rio Pardo, Sarutaiá, São Pedro do Turvo, Tejupá, Timburi, Óleo;;0;;1ª Vara Judicial, 2ª Vara Judicial
3554656;Torre de Pedra;2046;3540507;Porangaba;3;Entrância Inicial;Rua Vereador Braz Gica da Paz , 193 - Centro, 18260-000;-23.173857061708233;-48.117365595638425;22;22ª Itapetininga;10;10ª Sorocaba;37970;4;Bofete, Guareí, Porangaba, Torre de Pedra;17;Alambari, Angatuba, Bofete, Campina do Monte Alegre, Capela do Alto, Capão Bonito, Cesário Lange, Guapiara, Guareí, Itapetininga, Porangaba, Quadra, Ribeirão Grande, Sarapuí, São Miguel Arcanjo, Tatuí, Torre de Pedra;;0;;Ofício do Juizado Especial Cível e Criminal, Vara do Juizado Especial Cível e Criminal, Vara Judicial
3554706;Torrinha;9335;3507902;Brotas;2;Entrância Inicial;Praça Nove de Julho , 26 - Centro, 17380-000;-22.27328762409111;-48.08121543602206;9;9ª Rio Claro;4;4ª Campinas;33233;2;Brotas, Torrinha;8;Analândia, Brotas, Corumbataí, Ipeúna, Itirapina, Rio Claro, Santa Gertrudes, Torrinha;;0;;Juizado Especial Cível e Criminal, Vara Judicial
3554755;Trabiju;1682;3542909;Ribeirão Bonito;2;Entrância Inicial;Rua Governador Pedro de Toledo , 231 - Centro, 13580-000;-22.06011102031761;-48.185333754630705;12;12ª São Carlos;6;6ª Ribeirão Preto;33745;4;Boa Esperança do Sul, Dourado, Ribeirão Bonito, Trabiju;7;Boa Esperança do Sul, Descalvado, Dourado, Ibaté, Ribeirão Bonito, São Carlos, Trabiju;;0;;Juizado Especial Cível e Criminal, Vara Judicial
3554805;Tremembé;51173;3554805;Tremembé;3;Entrância Inicial;Rua Costa Cabral , 1183 - Centro, 12120-013;-22.940847506417793;-45.60421305804643;47;47ª Taubaté;9;9ª São José dos Campos;51173;1;Tremembé;11;Campos do Jordão, Caçapava, Jambeiro, Lagoinha, Pindamonhangaba, Redenção da Serra, Santo Antônio do Pinhal, São Bento do Sapucaí, São Luiz do Paraitinga, Taubaté, Tremembé;"""Desembargador Jurandyr Nilsson""";3;1ª Vara Judicial, 2ª Vara Judicial, Juizado Especial Cível e Criminal;1ª Vara Judicial, 2ª Vara Judicial, Juizado Especial Cível e Criminal
3554904;Três Fronteiras;6804;3546603;Santa Fé do Sul;4;Entrância Inicial;Avenida Conselheiro Antonio Prado , 1662 - Centro, 15775-000;-20.24185796478308;-50.950177155259546;55;55ª Jales;2;2ª Araçatuba;54464;7;Nova Canaã Paulista, Rubinéia, Santa Clara d'Oeste, Santa Fé do Sul, Santa Rita d'Oeste, Santana da Ponte Pensa, Três Fronteiras;23;Aparecida d'Oeste, Aspásia, Auriflama, Dirce Reis, Guzolândia, Jales, Marinópolis, Mesópolis, Nova Canaã Paulista, Palmeira d'Oeste, Paranapuã, Pontalinda, Rubinéia, Santa Albertina, Santa Clara d'Oeste, Santa Fé do Sul, Santa Rita d'Oeste, Santa Salete, Santana da Ponte Pensa, São Francisco, Três Fronteiras, Urânia, Vitória Brasil;;0;;1ª Vara Judicial, 2ª Vara Judicial, 3ª Vara Judicial, Vara do Juizado Especial Cível
3554953;Tuiuti;6778;3507605;Bragança Paulista;8;Entrância Final;Avenida dos Imigrantes , 1501 - Jd. America, 12902-000;-22.93834773595671;-46.555949879414;6;6ª Bragança Paulista;4;4ª Campinas;200658;4;Bragança Paulista, Pedra Bela, Tuiuti, Vargem;11;Atibaia, Bom Jesus dos Perdões, Bragança Paulista, Jarinu, Joanópolis, Nazaré Paulista, Pedra Bela, Pinhalzinho, Piracaia, Tuiuti, Vargem;;0;;1ª Vara Criminal, 1ª Vara Cível, 2ª Vara Criminal, 2ª Vara Cível, 3ª Vara Cível, Execuções Criminais e da Infância e da Juventude, Juizado Especial Cível e Criminal, Vara do Júri
3555000;Tupã;63928;3555000;Tupã;5;Entrância Final;Rua Nhambiquaras , 1731 - centro, 17600-060;-21.947277997451096;-50.53461790893955;30;30ª Tupã;5;5ª Presidente Prudente;87621;5;Arco-Íris, Herculândia, Queiroz, Rinópolis, Tupã;17;Adamantina, Arco-Íris, Bastos, Flórida Paulista, Herculândia, Iacri, Inúbia Paulista, Lucélia, Mariápolis, Osvaldo Cruz, Parapuã, Pracinha, Queiroz, Rinópolis, Sagres, Salmourão, Tupã;Forum de Tupã II  - Arquivo Geral, Forum de Tupã III - Cejusc, Fórum Tupã I;5;1ª Vara Cível, 2ª Vara Cível, 3ª Vara Cível, Juizado Especial Cível, Vara Criminal;1ª Vara Cível, 2ª Vara Cível, 3ª Vara Cível, Juizado Especial Cível, Vara Criminal
3555109;Tupi Paulista;15854;3555109;Tupi Paulista;3;Entrância Inicial;Rua Tiradentes , 877 - centro, 17930-000;-21.390389526994984;-51.5872020682559;29;29ª Dracena;5;5ª Presidente Prudente;24474;4;Monte Castelo, Nova Guataporanga, São João do Pau d'Alho, Tupi Paulista;13;Dracena, Flora Rica, Irapuru, Junqueirópolis, Monte Castelo, Nova Guataporanga, Ouro Verde, Pacaembu, Panorama, Paulicéia, Santa Mercedes, São João do Pau d'Alho, Tupi Paulista;Fórum I Tupi Paulista, Fórum II Tupi Paulista;3;1ª Vara Judicial, 2ª Vara Judicial, Juizado Especial Cível;1ª Vara Judicial, 2ª Vara Judicial, Juizado Especial Cível
3555208;Turiúba;1818;3508108;Buritama;2;Entrância Inicial;Avenida Frei Marcelo Manilia , 739 - Centro, 15290-000;-21.04911063253764;-50.20022395961086;36;36ª Araçatuba;2;2ª Araçatuba;28059;5;Buritama, Lourdes, Planalto, Turiúba, Zacarias;26;Alto Alegre, Araçatuba, Avanhandava, Barbosa, Bento de Abreu, Bilac, Birigui, Braúna, Brejo Alegre, Buritama, Clementina, Coroados, Gabriel Monteiro, Glicério, Guararapes, Lourdes, Luiziânia, Penápolis, Piacatu, Planalto, Rubiácea, Santo Antônio do Aracanguá, Santópolis do Aguapeí, Turiúba, Valparaíso, Zacarias;;0;;Juizado Especial Cível e Criminal, Vara Cível
3555307;Turmalina;1669;3515202;Estrela dOeste;2;Entrância Inicial;Rua Minas Gerais , s/n - centro, 15650-000;-20.265760715088682;-50.411468747306685;18;18ª Fernandópolis;8;8ª São José do Rio Preto;20000;5;Dolcinópolis, Estrela dOeste, Populina, São João das Duas Pontes, Turmalina;15;Dolcinópolis, Estrela dOeste, Fernandópolis, General Salgado, Guarani d'Oeste, Indiaporã, Macedônia, Meridiano, Nova Castilho, Ouroeste, Pedranópolis, Populina, São João das Duas Pontes, São João de Iracema, Turmalina;;0;;Juizado Especial Cível, Vara Judicial
3555356;Ubarana;5365;3525706;José Bonifácio;0;Entrância Inicial;Av. Campos  Sales, , 341 - centro, 15200-000;-21.08936590148044;-49.77931545827638;16;16ª São José do Rio Preto;8;8ª São José do Rio Preto;52508;4;Adolfo, José Bonifácio, Mendonça, Ubarana;33;Adolfo, Américo de Campos, Bady Bassitt, Bálsamo, Cedral, Cosmorama, Guapiaçu, Icém, Ipiguá, Jaci, José Bonifácio, Macaubal, Mendonça, Mirassol, Mirassolândia, Monte Aprazível, Neves Paulista, Nipoã, Nova Aliança, Nova Granada, Onda Verde, Orindiúva, Palestina, Paulo de Faria, Poloni, Potirendaba, Riolândia, Sebastianópolis do Sul, São José do Rio Preto, Tanabi, Ubarana, Uchoa, União Paulista;;0;;
3555406;Ubatuba;92981;3555406;Ubatuba;4;Entrância Intermediária;Rua Sérgio Lucindo da Silva , 571 - Estufa II, 11689-416;-23.381088005306378;-45.02408953518848;51;51ª Caraguatatuba;9;9ª São José dos Campos;92981;1;Ubatuba;4;Caraguatatuba, Ilhabela, São Sebastião, Ubatuba;Fórum Ubatuba - Des. Joaquim de Syllus Cintra;4;1ª Vara Judicial, 2ª Vara Judicial, 3ª Vara Judicial, Vara do Juizado Especial Cível;1ª Vara Judicial, 2ª Vara Judicial, 3ª Vara Judicial, Vara do Juizado Especial Cível
3555505;Ubirajara;5132;3514502;Duartina;2;Entrância Inicial;Rua Sete de Setembro , 486 - centro, 17470-000;-22.393295039545052;-49.41335781419527;32;32ª Bauru;3;3ª Bauru;24131;4;Cabrália Paulista, Duartina, Lucianópolis, Ubirajara;18;Agudos, Arealva, Avaí, Balbinos, Bauru, Borebi, Cabrália Paulista, Duartina, Lençóis Paulista, Lucianópolis, Paulistânia, Pirajuí, Piratininga, Pongaí, Presidente Alves, Reginópolis, Ubirajara, Uru;;0;;Juizado Especial Cível e Criminal, Vara Judicial
3555604;Uchoa;10394;3549805;São José do Rio Preto;7;Entrância Final;Rua Marechal Deodoro da Fonseca , 3036 - Centro, 15010-902;-20.7972300873495;-49.35810215162149;16;16ª São José do Rio Preto;8;8ª São José do Rio Preto;559137;6;Bady Bassitt, Cedral, Guapiaçu, Ipiguá, São José do Rio Preto, Uchoa;33;Adolfo, Américo de Campos, Bady Bassitt, Bálsamo, Cedral, Cosmorama, Guapiaçu, Icém, Ipiguá, Jaci, José Bonifácio, Macaubal, Mendonça, Mirassol, Mirassolândia, Monte Aprazível, Neves Paulista, Nipoã, Nova Aliança, Nova Granada, Onda Verde, Orindiúva, Palestina, Paulo de Faria, Poloni, Potirendaba, Riolândia, Sebastianópolis do Sul, São José do Rio Preto, Tanabi, Ubarana, Uchoa, União Paulista;;0;;1ª Vara Criminal, 2ª Vara Criminal, 3ª Vara Criminal, 4ª Vara Criminal, 5ª Vara Criminal, Vara de Execuções Criminais, Vara do DEECRIM
3555703;União Paulista;1603;3528106;Macaubal;1;Entrância Inicial;Rua Sebastião Dib , 668 - Centro, 15270-000;-20.83793023133331;-49.97500542283497;16;16ª São José do Rio Preto;8;8ª São José do Rio Preto;12214;3;Macaubal, Sebastianópolis do Sul, União Paulista;33;Adolfo, Américo de Campos, Bady Bassitt, Bálsamo, Cedral, Cosmorama, Guapiaçu, Icém, Ipiguá, Jaci, José Bonifácio, Macaubal, Mendonça, Mirassol, Mirassolândia, Monte Aprazível, Neves Paulista, Nipoã, Nova Aliança, Nova Granada, Onda Verde, Orindiúva, Palestina, Paulo de Faria, Poloni, Potirendaba, Riolândia, Sebastianópolis do Sul, São José do Rio Preto, Tanabi, Ubarana, Uchoa, União Paulista;;0;;Vara Judicial
3555802;Urânia;8833;3555802;Urânia;2;Entrância Inicial;Avenida Barão do Rio Branco , 818 - Centro, 15760-000;-20.20893696772616;-50.652530592659005;55;55ª Jales;2;2ª Araçatuba;12320;3;Aspásia, Santa Salete, Urânia;23;Aparecida d'Oeste, Aspásia, Auriflama, Dirce Reis, Guzolândia, Jales, Marinópolis, Mesópolis, Nova Canaã Paulista, Palmeira d'Oeste, Paranapuã, Pontalinda, Rubinéia, Santa Albertina, Santa Clara d'Oeste, Santa Fé do Sul, Santa Rita d'Oeste, Santa Salete, Santana da Ponte Pensa, São Francisco, Três Fronteiras, Urânia, Vitória Brasil;Fórum da Comarca de Urânia I, Fórum da Comarca de Urânia II (Cejusc);2;Juizado Especial Cível, Vara Judicial;Juizado Especial Cível, Vara Judicial
3555901;Uru;1387;3538907;Pirajuí;3;Entrância Inicial;Praça Doutor Pedro da Rocha Braga , 43 - Centro, 16600-041;-21.957602612247964;-49.413609857419374;32;32ª Bauru;3;3ª Bauru;42566;6;Balbinos, Pirajuí, Pongaí, Presidente Alves, Reginópolis, Uru;18;Agudos, Arealva, Avaí, Balbinos, Bauru, Borebi, Cabrália Paulista, Duartina, Lençóis Paulista, Lucianópolis, Paulistânia, Pirajuí, Piratininga, Pongaí, Presidente Alves, Reginópolis, Ubirajara, Uru;;0;;1ª Vara Judicial, 2ª Vara Judicial, Juizado Especial Cível
3556008;Urupês;13744;3556008;Urupês;1;Entrância Inicial;Praça Jardim Bela Vista , s/n - Jardim Bela Vista, 15850-019;-21.20520226714293;-49.26516261413645;15;15ª Catanduva;8;8ª São José do Rio Preto;27048;3;Irapuã, Sales, Urupês;16;Ariranha, Catanduva, Catiguá, Elisiário, Ibirá, Irapuã, Itajobi, Marapoama, Novais, Novo Horizonte, Palmares Paulista, Pindorama, Sales, Santa Adélia, Tabapuã, Urupês;Fórum Urupês;1;Vara Judicial;Vara Judicial
3556107;Valentim Gentil;14098;3557105;Votuporanga;6;Entrância Final;Rua Espírito Santo , 2497 - Cia Melhoramentos, 15501-221;-20.4578116989283;-49.98909642316039;17;17ª Votuporanga;8;8ª São José do Rio Preto;117539;4;Parisi, Valentim Gentil, Votuporanga, Álvares Florence;13;Cardoso, Floreal, Gastão Vidigal, Magda, Mira Estrela, Monções, Nhandeara, Nova Luzitânia, Parisi, Pontes Gestal, Valentim Gentil, Votuporanga, Álvares Florence;;0;;1ª Vara Criminal, 1ª Vara Cível, 2ª Vara Cível, 3ª Vara Cível, 4ª Vara Cível, Ofício do Juizado Especial Civel e Criminal
3556206;Valinhos;126373;3556206;Valinhos;3;Entrância Intermediária;Rua Professor Ataliba Nogueira, 36 , 36 - Jd. Santo Antonio, 13270-660;-22.975119305544684;-46.98129603382448;8;8ª Campinas;4;4ª Campinas;126373;1;Valinhos;4;Campinas, Cosmópolis, Paulínia, Valinhos;Fórum Valinhos I - (Principal), Fórum Valinhos II - (Vara do Juizado Especial Cível e Criminal), Fórum Valinhos III - (Setor das Execuções Fiscais);3;1ª Vara Judicial, 2ª Vara Judicial, 3ª Vara Judicial;1ª Vara Judicial, 2ª Vara Judicial, 3ª Vara Judicial
3556305;Valparaíso;24241;3556305;Valparaíso;1;Entrância Inicial;Rua Padre Mauro Eduardo , s/n - Centro, 16880-000;-21.203091918979574;-50.92385983239317;36;36ª Araçatuba;2;2ª Araçatuba;26847;2;Bento de Abreu, Valparaíso;26;Alto Alegre, Araçatuba, Avanhandava, Barbosa, Bento de Abreu, Bilac, Birigui, Braúna, Brejo Alegre, Buritama, Clementina, Coroados, Gabriel Monteiro, Glicério, Guararapes, Lourdes, Luiziânia, Penápolis, Piacatu, Planalto, Rubiácea, Santo Antônio do Aracanguá, Santópolis do Aguapeí, Turiúba, Valparaíso, Zacarias;Fórum Desembargador Antonio Marzagão Barbuto, Juizado Especial Cível da Comarca de Valparaíso;1;1ª Vara Judicial;1ª Vara Judicial
3556354;Vargem;10512;3507605;Bragança Paulista;8;Entrância Final;Avenida dos Imigrantes , 1501 - Jd. America, 12902-000;-22.93834773595671;-46.555949879414;6;6ª Bragança Paulista;4;4ª Campinas;200658;4;Bragança Paulista, Pedra Bela, Tuiuti, Vargem;11;Atibaia, Bom Jesus dos Perdões, Bragança Paulista, Jarinu, Joanópolis, Nazaré Paulista, Pedra Bela, Pinhalzinho, Piracaia, Tuiuti, Vargem;;0;;1ª Vara Criminal, 1ª Vara Cível, 2ª Vara Criminal, 2ª Vara Cível, 3ª Vara Cível, Execuções Criminais e da Infância e da Juventude, Juizado Especial Cível e Criminal, Vara do Júri
3556404;Vargem Grande do Sul;40133;3556404;Vargem Grande do Sul;3;Entrância Inicial;Avenida Walter Tatoni , 343 - Vila Sant'Ana, 13880-000;-21.860698914449298;-46.898962354647594;50;50ª São João da Boa Vista;4;4ª Campinas;40133;1;Vargem Grande do Sul;6;Aguaí, Espírito Santo do Pinhal, Santo Antônio do Jardim, São João da Boa Vista, Vargem Grande do Sul, Águas da Prata;Fórum Vargem Grande do Sul;3;1ª Vara Judicial, 2ª Vara Judicial, Juizado Especial Cível;1ª Vara Judicial, 2ª Vara Judicial, Juizado Especial Cível
3556453;Vargem Grande Paulista;50415;3556453;Vargem Grande Paulista;1;Entrância Inicial;Avenida Miranda , 25 - Jd. Verona, 06735-020;-23.620895414923897;-47.01471038465669;52;52ª Itapecerica da Serra;1;1ª Grande São Paulo;50415;1;Vargem Grande Paulista;9;Cotia, Embu das Artes, Embu-Guaçu, Itapecerica da Serra, Itapevi, Juquitiba, São Lourenço da Serra, Taboão da Serra, Vargem Grande Paulista;Desembargador HELIO DE QUADROS ARRUDA;1;Vara Judicial;Vara Judicial
3556503;Várzea Paulista;115771;3556503;Várzea Paulista;3;Entrância Inicial;Rua Dom Pedro II , 271 - Centro, 13320-110;-23.21926044362212;-46.82490403181879;5;5ª Jundiaí;4;4ª Campinas;115771;1;Várzea Paulista;12;Caieiras, Cajamar, Campo Limpo Paulista, Francisco Morato, Franco da Rocha, Itatiba, Itupeva, Jundiaí, Louveira, Morungaba, Vinhedo, Várzea Paulista;Forum da Comarca de Várzea Paulista II - Setor de Execuções Fiscais, Fórum da Comarca de Várzea Paulista I;3;1ª Vara Judicial, 2ª Vara Judicial, Juizado Especial Cível;1ª Vara Judicial, 2ª Vara Judicial, Juizado Especial Cível
3556602;Vera Cruz;10176;3529005;Marília;13;Entrância Final;Rua Lourival Freire , 120 - Fragata, 17519-902;-22.177788412785993;-49.98309166308445;31;31ª Marília;5;5ª Presidente Prudente;252134;3;Marília, Ocauçu, Vera Cruz;12;Alvinlândia, Fernão, Garça, Gália, Lupércio, Marília, Ocauçu, Oriente, Pompéia, Quintana, Vera Cruz, Álvaro de Carvalho;;0;;1ª Vara Criminal, 1ª Vara Cível, 1ª Vara da Família e das Sucessões, 2ª Vara Criminal, 2ª Vara Cível, 3ª Vara Criminal, 3ª Vara Cível, 4ª Vara Cível, 5ª Vara Cível, Juizado Especial, Ofício do Juizado Especial Cível, Vara da Infância e da Juventude, Vara do Juizado Especial Cível
3556701;Vinhedo;76540;3556701;Vinhedo;4;Entrância Intermediária;Estrada da Boiada , 530 - Jardim Brasil, 13289-084;-23.04647122354406;-46.97922688392979;5;5ª Jundiaí;4;4ª Campinas;76540;1;Vinhedo;12;Caieiras, Cajamar, Campo Limpo Paulista, Francisco Morato, Franco da Rocha, Itatiba, Itupeva, Jundiaí, Louveira, Morungaba, Vinhedo, Várzea Paulista;Fórum Juiz João Mendes, Fórum Vinhedo II - Execução Fiscal, Fórum Vinhedo III - CEJUSC;4;1ª Vara Judicial, 2ª Vara Judicial, Ofício Juizado Especial Cível e Criminal, Vara do Juizado Especial Cível e Criminal;1ª Vara Judicial, 2ª Vara Judicial, Ofício Juizado Especial Cível e Criminal, Vara do Juizado Especial Cível e Criminal
3556800;Viradouro;17414;3556800;Viradouro;1;Entrância Inicial;Rua José Borelli , 10 - Centro, 14740-000;-20.88438617365445;-48.30985910756813;14;14ª Barretos;8;8ª São José do Rio Preto;25318;2;Terra Roxa, Viradouro;16;Altair, Barretos, Bebedouro, Cajobi, Colina, Colômbia, Embaúba, Guaraci, Guaíra, Jaborandi, Monte Azul Paulista, Olímpia, Paraíso, Severínia, Terra Roxa, Viradouro;Gabriel Custódio da Silveira;1;Vara Judicial;Vara Judicial
3556909;Vista Alegre do Alto;8109;3539004;Pirangi;0;Entrância Inicial;Travessa Vereador Rafael João Giglio , s/n - Centro, 15820-000;-21.093857619466252;-48.66945074305756;42;42ª Jaboticabal;6;6ª Ribeirão Preto;18994;2;Pirangi, Vista Alegre do Alto;14;Cândido Rodrigues, Fernando Prestes, Guariba, Jaboticabal, Monte Alto, Pirangi, Pitangueiras, Pradópolis, Santa Ernestina, Taiaçu, Taiúva, Taquaral, Taquaritinga, Vista Alegre do Alto;;0;;
3556958;Vitória Brasil;1794;3524808;Jales;5;Entrância Final;Rua Nove , 2.231 - Centro, 15700-018;-20.28581840738815;-50.55409741241927;55;55ª Jales;2;2ª Araçatuba;68693;7;Dirce Reis, Jales, Mesópolis, Paranapuã, Pontalinda, Santa Albertina, Vitória Brasil;23;Aparecida d'Oeste, Aspásia, Auriflama, Dirce Reis, Guzolândia, Jales, Marinópolis, Mesópolis, Nova Canaã Paulista, Palmeira d'Oeste, Paranapuã, Pontalinda, Rubinéia, Santa Albertina, Santa Clara d'Oeste, Santa Fé do Sul, Santa Rita d'Oeste, Santa Salete, Santana da Ponte Pensa, São Francisco, Três Fronteiras, Urânia, Vitória Brasil;;0;;1ª Vara Criminal, 1ª Vara Cível, 2ª Vara Criminal, 2ª Vara Cível, 3ª Vara Cível
3557006;Votorantim;127923;3557006;Votorantim;3;Entrância Intermediária;Avenida Luiz do Patrocínio Fernandes , 762 - Rio Acima, 18114-001;-23.579865772853115;-47.40655958900939;19;19ª Sorocaba;10;10ª Sorocaba;127923;1;Votorantim;12;Alumínio, Araçariguama, Araçoiaba da Serra, Ibiúna, Mairinque, Piedade, Pilar do Sul, Salto de Pirapora, Sorocaba, São Roque, Tapiraí, Votorantim;Fórum Votorantim;3;1ª Vara Cível, 2ª Vara Cível, Vara Criminal;1ª Vara Cível, 2ª Vara Cível, Vara Criminal
3557105;Votuporanga;96634;3557105;Votuporanga;6;Entrância Final;Rua Espírito Santo , 2497 - Cia Melhoramentos, 15501-221;-20.4578116989283;-49.98909642316039;17;17ª Votuporanga;8;8ª São José do Rio Preto;117539;4;Parisi, Valentim Gentil, Votuporanga, Álvares Florence;13;Cardoso, Floreal, Gastão Vidigal, Magda, Mira Estrela, Monções, Nhandeara, Nova Luzitânia, Parisi, Pontes Gestal, Valentim Gentil, Votuporanga, Álvares Florence;Fórum Votuporanga I, Fórum Votuporanga II - (Anexo Fiscal), Fórum Votuporanga III - (CEJUSC);6;1ª Vara Criminal, 1ª Vara Cível, 2ª Vara Cível, 3ª Vara Cível, 4ª Vara Cível, Ofício do Juizado Especial Civel e Criminal;1ª Vara Criminal, 1ª Vara Cível, 2ª Vara Cível, 3ª Vara Cível, 4ª Vara Cível, Ofício do Juizado Especial Civel e Criminal
3557154;Zacarias;2692;3508108;Buritama;2;Entrância Inicial;Avenida Frei Marcelo Manilia , 739 - Centro, 15290-000;-21.04911063253764;-50.20022395961086;36;36ª Araçatuba;2;2ª Araçatuba;28059;5;Buritama, Lourdes, Planalto, Turiúba, Zacarias;26;Alto Alegre, Araçatuba, Avanhandava, Barbosa, Bento de Abreu, Bilac, Birigui, Braúna, Brejo Alegre, Buritama, Clementina, Coroados, Gabriel Monteiro, Glicério, Guararapes, Lourdes, Luiziânia, Penápolis, Piacatu, Planalto, Rubiácea, Santo Antônio do Aracanguá, Santópolis do Aguapeí, Turiúba, Valparaíso, Zacarias;;0;;Juizado Especial Cível e Criminal, Vara Cível
3557204;Chavantes;12211;3557204;Chavantes;3;Entrância Inicial;Rua Cel. Julio Silva , 365 - Centro, 18970-029;-23.046338572753058;-49.72653963307492;25;25ª Ourinhos;3;3ª Bauru;18494;2;Canitar, Chavantes;16;Bernardino de Campos, Canitar, Chavantes, Espírito Santo do Turvo, Ipaussu, Manduri, Ourinhos, Piraju, Ribeirão do Sul, Salto Grande, Santa Cruz do Rio Pardo, Sarutaiá, São Pedro do Turvo, Tejupá, Timburi, Óleo;Fórum (Segundo Prédio), Fórum Chavantes;3;Criminal e Juizado Especial das Fazendas Públicas, Juizado Especial Cível, Vara Judicial;Criminal e Juizado Especial das Fazendas Públicas, Juizado Especial Cível, Vara Judicial
3557303;Estiva Gerbi;11295;3530706;Mogi Guaçu;4;Entrância Final;Rua José Colombo , 45 - Morro do Ouro, 13840-065;-22.232092691811168;-47.02896783494729;7;7ª Mogi Mirim;4;4ª Campinas;164953;2;Estiva Gerbi, Mogi Guaçu;8;Artur Nogueira, Conchal, Engenheiro Coelho, Estiva Gerbi, Holambra, Itapira, Mogi Guaçu, Mogi Mirim;;0;;1ª Vara Cível, 2ª Vara Cível, 3ª Vara Cível, Vara Criminal
