{
"type": "FeatureCollection",
"name": "tjsp_fronteiras_raj",
"features": [
{ "type": "Feature", "properties": { "nome_raj": "10ª RAJ Sorocaba", "id_municipio_ibge": 3500758, "nome_municipio": "Alambari", "populacao_municipio": 6141, "id_foro": 9, "nome_foro": "Itapetininga", "endereco_sede": "Praça Três Poderes , s/n - Jd. Marabá, 18213-540", "latitude": -23.548927142975408, "longitude": -47.869050653725246, "id_cj": 22.0, "nome_cj": "Itapetininga", "id_raj": 10, "populacao_foro": 174300, "cidades_no_foro": "Alambari, Itapetininga, Sarapuí", "cidades_na_cj": "Alambari, Angatuba, Bofete, Campina do Monte Alegre, Capela do Alto, Capão Bonito, Cesário Lange, Guapiara, Guareí, Itapetininga, Porangaba, Quadra, Ribeirão Grande, Sarapuí, São Miguel Arcanjo, Tatuí, Torre de Pedra" }, "geometry": { "type": "Polygon", "coordinates": [ [ [ -48.7812, -24.5649 ], [ -48.7813, -24.5665 ], [ -48.783, -24.5662 ], [ -48.7836, -24.5678 ], [ -48.7855, -24.5681 ], [ -48.7865, -24.571 ], [ -48.7885, -24.571 ], [ -48.7894, -24.5725 ], [ -48.7881, -24.5737 ], [ -48.7867, -24.576 ], [ -48.7847, -24.5768 ], [ -48.7819, -24.5794 ], [ -48.7833, -24.5816 ], [ -48.7837, -24.5849 ], [ -48.782, -24.5866 ], [ -48.7803, -24.5866 ], [ -48.7801, -24.5879 ], [ -48.7809, -24.5895 ], [ -48.7796, -24.5907 ], [ -48.7769, -24.5896 ], [ -48.7753, -24.5883 ], [ -48.7711, -24.5867 ], [ -48.766, -24.5867 ], [ -48.7637, -24.5865 ], [ -48.7623, -24.5884 ], [ -48.7595, -24.5872 ], [ -48.7548, -24.5878 ], [ -48.7535, -24.5883 ], [ -48.7525, -24.5899 ], [ -48.7514, -24.595 ], [ -48.7492, -24.5972 ], [ -48.7501, -24.6018 ], [ -48.7493, -24.6049 ], [ -48.7467, -24.6083 ], [ -48.7457, -24.6102 ], [ -48.7445, -24.6112 ], [ -48.7429, -24.6116 ], [ -48.7402, -24.6117 ], [ -48.7385, -24.6134 ], [ -48.7374, -24.6184 ], [ -48.7377, -24.6201 ], [ -48.7358, -24.6206 ], [ -48.7346, -24.622 ], [ -48.736, -24.6246 ], [ -48.7382, -24.6251 ], [ -48.7387, -24.626 ], [ -48.7362, -24.6286 ], [ -48.7334, -24.6295 ], [ -48.7324, -24.6316 ], [ -48.7327, -24.6346 ], [ -48.7319, -24.6352 ], [ -48.7308, -24.6372 ], [ -48.7329, -24.6407 ], [ -48.7355, -24.6413 ], [ -48.7394, -24.641 ], [ -48.7403, -24.6415 ], [ -48.7429, -24.6416 ], [ -48.746, -24.6441 ], [ -48.7505, -24.6454 ], [ -48.7527, -24.6458 ], [ -48.7577, -24.646 ], [ -48.76, -24.6458 ], [ -48.7614, -24.6472 ], [ -48.7637, -24.6488 ], [ -48.7652, -24.6507 ], [ -48.7664, -24.6531 ], [ -48.7674, -24.6567 ], [ -48.7694, -24.6566 ], [ -48.7713, -24.6578 ], [ -48.773, -24.6597 ], [ -48.7745, -24.6603 ], [ -48.7763, -24.6617 ], [ -48.7777, -24.662 ], [ -48.7787, -24.6644 ], [ -48.7795, -24.6651 ], [ -48.7835, -24.6668 ], [ -48.7864, -24.6675 ], [ -48.7889, -24.6674 ], [ -48.7936, -24.6682 ], [ -48.7986, -24.6677 ], [ -48.8003, -24.6668 ], [ -48.8043, -24.6673 ], [ -48.8072, -24.6724 ], [ -48.8108, -24.675 ], [ -48.8119, -24.6741 ], [ -48.8128, -24.671 ], [ -48.8142, -24.6694 ], [ -48.8151, -24.6673 ], [ -48.8155, -24.6652 ], [ -48.8164, -24.6641 ], [ -48.8178, -24.6644 ], [ -48.8191, -24.6636 ], [ -48.8199, -24.6623 ], [ -48.8199, -24.6591 ], [ -48.8208, -24.6573 ], [ -48.8228, -24.6553 ], [ -48.824, -24.6548 ], [ -48.8273, -24.6545 ], [ -48.8305, -24.6556 ], [ -48.8323, -24.6569 ], [ -48.8354, -24.6607 ], [ -48.8368, -24.6614 ], [ -48.8404, -24.665 ], [ -48.8429, -24.6649 ], [ -48.8444, -24.6642 ], [ -48.8486, -24.6599 ], [ -48.8498, -24.6578 ], [ -48.8533, -24.6562 ], [ -48.855, -24.6557 ], [ -48.8585, -24.6577 ], [ -48.8592, -24.6591 ], [ -48.8583, -24.6617 ], [ -48.8554, -24.6657 ], [ -48.8522, -24.6672 ], [ -48.8481, -24.6698 ], [ -48.8472, -24.6711 ], [ -48.8479, -24.6739 ], [ -48.8519, -24.675 ], [ -48.8539, -24.6751 ], [ -48.8567, -24.6731 ], [ -48.8596, -24.6702 ], [ -48.8636, -24.6678 ], [ -48.8654, -24.6673 ], [ -48.8695, -24.6697 ], [ -48.8722, -24.6695 ], [ -48.8785, -24.6682 ], [ -48.885, -24.6704 ], [ -48.8907, -24.6693 ], [ -48.9099, -24.6707 ], [ -48.9123, -24.6722 ], [ -48.9123, -24.674 ], [ -48.9112, -24.6752 ], [ -48.9102, -24.6779 ], [ -48.9127, -24.6819 ], [ -48.9153, -24.6829 ], [ -48.9224, -24.6752 ], [ -48.9239, -24.6749 ], [ -48.931, -24.6757 ], [ -48.9335, -24.6743 ], [ -48.9409, -24.6724 ], [ -48.9425, -24.6723 ], [ -48.9481, -24.6737 ], [ -48.9505, -24.6761 ], [ -48.9506, -24.6773 ], [ -48.9551, -24.6841 ], [ -48.9569, -24.6851 ], [ -48.9585, -24.6853 ], [ -48.961, -24.6845 ], [ -48.9606, -24.6796 ], [ -48.9621, -24.6758 ], [ -48.9622, -24.6742 ], [ -48.9633, -24.6732 ], [ -48.9655, -24.6728 ], [ -48.9685, -24.6733 ], [ -48.9733, -24.6725 ], [ -48.9749, -24.6717 ], [ -48.9755, -24.6701 ], [ -48.9751, -24.668 ], [ -48.9744, -24.6668 ], [ -48.9762, -24.6658 ], [ -48.9786, -24.665 ], [ -48.9863, -24.665 ], [ -48.9879, -24.6659 ], [ -48.9889, -24.6647 ], [ -48.9894, -24.6566 ], [ -48.9909, -24.6552 ], [ -49.0007, -24.6553 ], [ -49.0026, -24.6562 ], [ -49.008, -24.6605 ], [ -49.0094, -24.6604 ], [ -49.0102, -24.6594 ], [ -49.0107, -24.656 ], [ -49.0103, -24.6544 ], [ -49.0073, -24.6492 ], [ -49.0068, -24.6464 ], [ -49.007, -24.6434 ], [ -49.0054, -24.6391 ], [ -49.0045, -24.6378 ], [ -49.0006, -24.6386 ], [ -48.9993, -24.6379 ], [ -49.0007, -24.6353 ], [ -49.0032, -24.6335 ], [ -49.0047, -24.6332 ], [ -49.0084, -24.6346 ], [ -49.0108, -24.6367 ], [ -49.0121, -24.6397 ], [ -49.015, -24.6419 ], [ -49.0184, -24.6426 ], [ -49.0211, -24.642 ], [ -49.0248, -24.6394 ], [ -49.0305, -24.6343 ], [ -49.0322, -24.6338 ], [ -49.0341, -24.6341 ], [ -49.037, -24.6358 ], [ -49.04, -24.6368 ], [ -49.042, -24.6393 ], [ -49.0423, -24.6406 ], [ -49.041, -24.6433 ], [ -49.0398, -24.6439 ], [ -49.0373, -24.643 ], [ -49.0351, -24.6408 ], [ -49.0337, -24.6409 ], [ -49.0329, -24.6419 ], [ -49.0346, -24.65 ], [ -49.0361, -24.6516 ], [ -49.0395, -24.6534 ], [ -49.0393, -24.655 ], [ -49.0375, -24.6574 ], [ -49.0374, -24.6604 ], [ -49.0433, -24.6641 ], [ -49.0455, -24.6661 ], [ -49.0455, -24.6676 ], [ -49.0448, -24.669 ], [ -49.0477, -24.6759 ], [ -49.0518, -24.6807 ], [ -49.0542, -24.6824 ], [ -49.0613, -24.6853 ], [ -49.0644, -24.686 ], [ -49.0691, -24.6849 ], [ -49.0702, -24.684 ], [ -49.0708, -24.6824 ], [ -49.0714, -24.6777 ], [ -49.0728, -24.6751 ], [ -49.0747, -24.6734 ], [ -49.0832, -24.6722 ], [ -49.0844, -24.673 ], [ -49.0842, -24.6769 ], [ -49.0844, -24.6789 ], [ -49.0852, -24.6799 ], [ -49.0878, -24.6807 ], [ -49.0891, -24.6805 ], [ -49.0971, -24.6819 ], [ -49.0981, -24.6812 ], [ -49.0992, -24.6778 ], [ -49.1001, -24.6763 ], [ -49.1027, -24.6749 ], [ -49.1056, -24.6747 ], [ -49.1089, -24.6765 ], [ -49.1094, -24.6811 ], [ -49.1089, -24.6858 ], [ -49.1103, -24.688 ], [ -49.1116, -24.6884 ], [ -49.1147, -24.6869 ], [ -49.1183, -24.6862 ], [ -49.1194, -24.6856 ], [ -49.121, -24.683 ], [ -49.1237, -24.6826 ], [ -49.1247, -24.6839 ], [ -49.1262, -24.6842 ], [ -49.1298, -24.6819 ], [ -49.1314, -24.6809 ], [ -49.1322, -24.6798 ], [ -49.1335, -24.6766 ], [ -49.1348, -24.6756 ], [ -49.1419, -24.6751 ], [ -49.1482, -24.6753 ], [ -49.1501, -24.6736 ], [ -49.1539, -24.672 ], [ -49.1579, -24.6719 ], [ -49.1594, -24.6722 ], [ -49.1625, -24.6714 ], [ -49.1638, -24.6719 ], [ -49.1664, -24.6739 ], [ -49.1698, -24.6756 ], [ -49.1713, -24.6748 ], [ -49.1724, -24.6734 ], [ -49.1748, -24.6721 ], [ -49.1793, -24.6721 ], [ -49.1805, -24.6717 ], [ -49.1857, -24.6728 ], [ -49.1871, -24.6737 ], [ -49.1892, -24.6761 ], [ -49.1915, -24.678 ], [ -49.1936, -24.6822 ], [ -49.195, -24.6833 ], [ -49.1996, -24.6839 ], [ -49.2038, -24.6851 ], [ -49.206, -24.6872 ], [ -49.2064, -24.6889 ], [ -49.206, -24.6917 ], [ -49.2043, -24.6959 ], [ -49.2048, -24.6975 ], [ -49.2079, -24.7009 ], [ -49.2118, -24.7024 ], [ -49.2148, -24.7022 ], [ -49.2203, -24.6994 ], [ -49.2233, -24.6986 ], [ -49.228, -24.6983 ], [ -49.2309, -24.699 ], [ -49.2327, -24.6986 ], [ -49.237, -24.6991 ], [ -49.2444, -24.6968 ], [ -49.2499, -24.6971 ], [ -49.2526, -24.6963 ], [ -49.2574, -24.6965 ], [ -49.2591, -24.696 ], [ -49.2606, -24.6946 ], [ -49.2614, -24.6931 ], [ -49.2628, -24.6925 ], [ -49.2657, -24.6936 ], [ -49.2701, -24.6932 ], [ -49.2716, -24.6934 ], [ -49.273, -24.6946 ], [ -49.2757, -24.6944 ], [ -49.2781, -24.693 ], [ -49.2837, -24.6877 ], [ -49.288, -24.6844 ], [ -49.2895, -24.6828 ], [ -49.2911, -24.6791 ], [ -49.2937, -24.6777 ], [ -49.2942, -24.6759 ], [ -49.2973, -24.6753 ], [ -49.3012, -24.6741 ], [ -49.3038, -24.673 ], [ -49.3054, -24.6736 ], [ -49.305, -24.669 ], [ -49.3063, -24.6676 ], [ -49.3079, -24.6671 ], [ -49.3081, -24.6657 ], [ -49.3095, -24.6655 ], [ -49.312, -24.6635 ], [ -49.3113, -24.6621 ], [ -49.3097, -24.662 ], [ -49.3071, -24.6596 ], [ -49.3072, -24.658 ], [ -49.3045, -24.6584 ], [ -49.3026, -24.6581 ], [ -49.2996, -24.655 ], [ -49.3013, -24.6529 ], [ -49.3017, -24.6498 ], [ -49.3027, -24.6491 ], [ -49.3055, -24.649 ], [ -49.3072, -24.6472 ], [ -49.3085, -24.6469 ], [ -49.3097, -24.6458 ], [ -49.307, -24.6444 ], [ -49.3064, -24.6429 ], [ -49.3083, -24.6421 ], [ -49.3094, -24.6406 ], [ -49.3107, -24.6402 ], [ -49.3124, -24.642 ], [ -49.3137, -24.6421 ], [ -49.3164, -24.639 ], [ -49.3147, -24.638 ], [ -49.3134, -24.638 ], [ -49.3128, -24.6367 ], [ -49.3129, -24.6343 ], [ -49.3145, -24.6334 ], [ -49.3141, -24.6321 ], [ -49.3116, -24.6303 ], [ -49.3102, -24.6269 ], [ -49.3097, -24.6251 ], [ -49.3081, -24.6241 ], [ -49.3071, -24.6217 ], [ -49.3093, -24.6192 ], [ -49.3117, -24.6179 ], [ -49.3123, -24.6166 ], [ -49.3141, -24.6157 ], [ -49.3146, -24.6143 ], [ -49.3135, -24.612 ], [ -49.3123, -24.6108 ], [ -49.3141, -24.6083 ], [ -49.3135, -24.6067 ], [ -49.3119, -24.6051 ], [ -49.3122, -24.6036 ], [ -49.311, -24.6033 ], [ -49.3096, -24.6043 ], [ -49.3084, -24.6035 ], [ -49.3092, -24.6022 ], [ -49.308, -24.6014 ], [ -49.3061, -24.5991 ], [ -49.3036, -24.5969 ], [ -49.3042, -24.5957 ], [ -49.308, -24.5929 ], [ -49.3098, -24.5923 ], [ -49.3116, -24.591 ], [ -49.3145, -24.5903 ], [ -49.3166, -24.588 ], [ -49.3159, -24.5867 ], [ -49.3124, -24.5861 ], [ -49.3124, -24.5829 ], [ -49.3109, -24.581 ], [ -49.3126, -24.5789 ], [ -49.312, -24.5776 ], [ -49.3117, -24.5746 ], [ -49.3131, -24.5739 ], [ -49.3138, -24.5723 ], [ -49.3135, -24.57 ], [ -49.3169, -24.5676 ], [ -49.3177, -24.5666 ], [ -49.3177, -24.5641 ], [ -49.3153, -24.5633 ], [ -49.3146, -24.5625 ], [ -49.3154, -24.5601 ], [ -49.3152, -24.5586 ], [ -49.316, -24.5555 ], [ -49.3128, -24.5545 ], [ -49.3115, -24.5537 ], [ -49.3098, -24.5534 ], [ -49.3094, -24.5516 ], [ -49.3098, -24.5499 ], [ -49.3086, -24.5492 ], [ -49.3078, -24.55 ], [ -49.3066, -24.5493 ], [ -49.3065, -24.5478 ], [ -49.3041, -24.547 ], [ -49.3028, -24.5501 ], [ -49.3011, -24.55 ], [ -49.2997, -24.5507 ], [ -49.2982, -24.5497 ], [ -49.2965, -24.5501 ], [ -49.2965, -24.5514 ], [ -49.2933, -24.553 ], [ -49.2929, -24.5518 ], [ -49.2922, -24.5468 ], [ -49.2923, -24.5443 ], [ -49.2901, -24.5429 ], [ -49.2892, -24.5435 ], [ -49.2865, -24.5423 ], [ -49.2857, -24.5413 ], [ -49.2837, -24.5408 ], [ -49.2808, -24.538 ], [ -49.2799, -24.5359 ], [ -49.2814, -24.5341 ], [ -49.2838, -24.5337 ], [ -49.2837, -24.5323 ], [ -49.2852, -24.53 ], [ -49.2864, -24.5305 ], [ -49.288, -24.5266 ], [ -49.2877, -24.5243 ], [ -49.2883, -24.5228 ], [ -49.2872, -24.5216 ], [ -49.2862, -24.5183 ], [ -49.2871, -24.5175 ], [ -49.2864, -24.5161 ], [ -49.2874, -24.5152 ], [ -49.2871, -24.5142 ], [ -49.2883, -24.5133 ], [ -49.2896, -24.5134 ], [ -49.2901, -24.512 ], [ -49.2897, -24.5105 ], [ -49.2947, -24.5064 ], [ -49.2946, -24.5055 ], [ -49.2964, -24.5033 ], [ -49.2965, -24.5019 ], [ -49.2957, -24.5003 ], [ -49.2945, -24.4998 ], [ -49.2915, -24.4999 ], [ -49.29, -24.4978 ], [ -49.2878, -24.4963 ], [ -49.2843, -24.4948 ], [ -49.2811, -24.4951 ], [ -49.278, -24.4941 ], [ -49.2758, -24.4938 ], [ -49.2729, -24.4927 ], [ -49.2712, -24.4929 ], [ -49.2696, -24.4923 ], [ -49.2701, -24.4909 ], [ -49.2713, -24.4902 ], [ -49.2702, -24.4846 ], [ -49.2712, -24.4833 ], [ -49.2698, -24.4813 ], [ -49.2686, -24.4814 ], [ -49.2681, -24.4801 ], [ -49.2655, -24.4793 ], [ -49.2653, -24.4777 ], [ -49.2639, -24.4744 ], [ -49.2631, -24.4738 ], [ -49.2607, -24.4737 ], [ -49.2591, -24.4728 ], [ -49.2576, -24.4728 ], [ -49.2561, -24.4739 ], [ -49.2546, -24.4739 ], [ -49.2534, -24.473 ], [ -49.2537, -24.4705 ], [ -49.2504, -24.4707 ], [ -49.249, -24.4715 ], [ -49.2483, -24.4701 ], [ -49.2469, -24.4691 ], [ -49.2491, -24.4665 ], [ -49.2485, -24.4634 ], [ -49.2453, -24.4651 ], [ -49.2448, -24.4634 ], [ -49.2455, -24.4615 ], [ -49.2456, -24.4582 ], [ -49.2513, -24.4574 ], [ -49.2535, -24.4557 ], [ -49.2534, -24.4542 ], [ -49.2517, -24.4516 ], [ -49.2534, -24.4496 ], [ -49.2509, -24.4473 ], [ -49.2505, -24.4454 ], [ -49.2525, -24.4415 ], [ -49.2522, -24.4399 ], [ -49.2532, -24.4376 ], [ -49.2532, -24.4359 ], [ -49.2524, -24.4339 ], [ -49.2502, -24.4317 ], [ -49.2477, -24.4305 ], [ -49.2465, -24.4278 ], [ -49.2407, -24.422 ], [ -49.2405, -24.4191 ], [ -49.2374, -24.4147 ], [ -49.2355, -24.411 ], [ -49.2355, -24.4096 ], [ -49.2365, -24.4085 ], [ -49.2379, -24.4045 ], [ -49.241, -24.4021 ], [ -49.2437, -24.4022 ], [ -49.2474, -24.4063 ], [ -49.2502, -24.4139 ], [ -49.2535, -24.4094 ], [ -49.254, -24.4077 ], [ -49.2535, -24.405 ], [ -49.2524, -24.404 ], [ -49.2492, -24.3974 ], [ -49.2477, -24.3927 ], [ -49.2395, -24.3845 ], [ -49.2381, -24.3816 ], [ -49.2378, -24.379 ], [ -49.2316, -24.3751 ], [ -49.2297, -24.3718 ], [ -49.2284, -24.3706 ], [ -49.2235, -24.3635 ], [ -49.2203, -24.3609 ], [ -49.2162, -24.3559 ], [ -49.2139, -24.3539 ], [ -49.2114, -24.3537 ], [ -49.2085, -24.3523 ], [ -49.2073, -24.3494 ], [ -49.2066, -24.3484 ], [ -49.2042, -24.3476 ], [ -49.2011, -24.3451 ], [ -49.2007, -24.3444 ], [ -49.2012, -24.3427 ], [ -49.2047, -24.3405 ], [ -49.2038, -24.3396 ], [ -49.2059, -24.3383 ], [ -49.2097, -24.3383 ], [ -49.212, -24.3396 ], [ -49.2134, -24.3392 ], [ -49.221, -24.3405 ], [ -49.2243, -24.3402 ], [ -49.2289, -24.3335 ], [ -49.2306, -24.3321 ], [ -49.2312, -24.3304 ], [ -49.2361, -24.3296 ], [ -49.2395, -24.3314 ], [ -49.2414, -24.3313 ], [ -49.2447, -24.3322 ], [ -49.2458, -24.3308 ], [ -49.2489, -24.3305 ], [ -49.2505, -24.3288 ], [ -49.2504, -24.327 ], [ -49.2494, -24.3255 ], [ -49.2504, -24.3194 ], [ -49.253, -24.3191 ], [ -49.2542, -24.3179 ], [ -49.2556, -24.3167 ], [ -49.2582, -24.3169 ], [ -49.2607, -24.3128 ], [ -49.2654, -24.3101 ], [ -49.2677, -24.3094 ], [ -49.2687, -24.3078 ], [ -49.2698, -24.3072 ], [ -49.2719, -24.3073 ], [ -49.2726, -24.3087 ], [ -49.2739, -24.3081 ], [ -49.2747, -24.3055 ], [ -49.2782, -24.3064 ], [ -49.28, -24.3078 ], [ -49.2811, -24.3097 ], [ -49.2838, -24.3081 ], [ -49.2829, -24.3071 ], [ -49.2836, -24.306 ], [ -49.2861, -24.3041 ], [ -49.2869, -24.3026 ], [ -49.287, -24.2991 ], [ -49.2877, -24.2981 ], [ -49.2892, -24.2981 ], [ -49.2908, -24.2937 ], [ -49.2894, -24.293 ], [ -49.2887, -24.2918 ], [ -49.2914, -24.2912 ], [ -49.2926, -24.2897 ], [ -49.2939, -24.2894 ], [ -49.2952, -24.2905 ], [ -49.2968, -24.2903 ], [ -49.2987, -24.2878 ], [ -49.2975, -24.2865 ], [ -49.2966, -24.2875 ], [ -49.2952, -24.2854 ], [ -49.296, -24.2842 ], [ -49.2981, -24.2831 ], [ -49.2979, -24.2798 ], [ -49.3012, -24.2763 ], [ -49.3012, -24.2751 ], [ -49.3001, -24.274 ], [ -49.2991, -24.2713 ], [ -49.2987, -24.2681 ], [ -49.3006, -24.2661 ], [ -49.3012, -24.2647 ], [ -49.301, -24.2629 ], [ -49.3022, -24.2625 ], [ -49.3026, -24.2591 ], [ -49.3056, -24.2591 ], [ -49.3084, -24.2602 ], [ -49.3087, -24.2587 ], [ -49.3062, -24.2569 ], [ -49.3058, -24.2542 ], [ -49.3049, -24.2528 ], [ -49.3054, -24.2514 ], [ -49.3081, -24.2507 ], [ -49.3082, -24.2495 ], [ -49.3092, -24.2483 ], [ -49.3117, -24.2469 ], [ -49.3127, -24.2451 ], [ -49.3127, -24.2434 ], [ -49.3159, -24.2444 ], [ -49.3172, -24.2436 ], [ -49.3196, -24.2438 ], [ -49.3201, -24.2416 ], [ -49.3195, -24.24 ], [ -49.3198, -24.2381 ], [ -49.3212, -24.2388 ], [ -49.3227, -24.236 ], [ -49.3287, -24.2342 ], [ -49.3321, -24.2319 ], [ -49.3347, -24.231 ], [ -49.3352, -24.229 ], [ -49.3369, -24.2276 ], [ -49.3447, -24.2241 ], [ -49.3464, -24.2222 ], [ -49.3507, -24.2208 ], [ -49.3532, -24.2186 ], [ -49.356, -24.2145 ], [ -49.3568, -24.2115 ], [ -49.3567, -24.2102 ], [ -49.3558, -24.2091 ], [ -49.3528, -24.2083 ], [ -49.3428, -24.2043 ], [ -49.3415, -24.2031 ], [ -49.3419, -24.2016 ], [ -49.3441, -24.1999 ], [ -49.345, -24.1986 ], [ -49.346, -24.1955 ], [ -49.3465, -24.1924 ], [ -49.3463, -24.1912 ], [ -49.3435, -24.1877 ], [ -49.3398, -24.1748 ], [ -49.3398, -24.1701 ], [ -49.3405, -24.1682 ], [ -49.3401, -24.1636 ], [ -49.3403, -24.1572 ], [ -49.3389, -24.1544 ], [ -49.3378, -24.1537 ], [ -49.335, -24.1531 ], [ -49.3332, -24.1518 ], [ -49.3325, -24.1501 ], [ -49.3331, -24.1486 ], [ -49.3368, -24.1449 ], [ -49.3362, -24.141 ], [ -49.3366, -24.1376 ], [ -49.3385, -24.1369 ], [ -49.3405, -24.1389 ], [ -49.3419, -24.1384 ], [ -49.3423, -24.1367 ], [ -49.3435, -24.1351 ], [ -49.3495, -24.1325 ], [ -49.3515, -24.1328 ], [ -49.3531, -24.1313 ], [ -49.3555, -24.1311 ], [ -49.3574, -24.1304 ], [ -49.3614, -24.1281 ], [ -49.363, -24.1268 ], [ -49.3649, -24.1239 ], [ -49.3649, -24.1221 ], [ -49.3629, -24.1214 ], [ -49.3622, -24.1201 ], [ -49.3647, -24.1184 ], [ -49.3666, -24.1189 ], [ -49.3683, -24.1181 ], [ -49.3693, -24.1153 ], [ -49.3708, -24.1144 ], [ -49.3756, -24.1178 ], [ -49.378, -24.1181 ], [ -49.3832, -24.1151 ], [ -49.3847, -24.116 ], [ -49.3869, -24.1159 ], [ -49.3884, -24.1174 ], [ -49.3891, -24.1196 ], [ -49.3919, -24.117 ], [ -49.3923, -24.1151 ], [ -49.3939, -24.1141 ], [ -49.4003, -24.1117 ], [ -49.4023, -24.1099 ], [ -49.4039, -24.1093 ], [ -49.4079, -24.1091 ], [ -49.4092, -24.1083 ], [ -49.4087, -24.1069 ], [ -49.405, -24.1036 ], [ -49.4047, -24.1022 ], [ -49.4074, -24.0992 ], [ -49.4078, -24.0979 ], [ -49.4047, -24.0973 ], [ -49.4049, -24.0958 ], [ -49.4089, -24.0944 ], [ -49.4103, -24.0947 ], [ -49.411, -24.0931 ], [ -49.4122, -24.0929 ], [ -49.4147, -24.095 ], [ -49.4163, -24.0943 ], [ -49.4157, -24.0928 ], [ -49.4178, -24.0913 ], [ -49.421, -24.091 ], [ -49.422, -24.0922 ], [ -49.4249, -24.0903 ], [ -49.4258, -24.0885 ], [ -49.427, -24.0873 ], [ -49.43, -24.0885 ], [ -49.4314, -24.0869 ], [ -49.4318, -24.0856 ], [ -49.4315, -24.0811 ], [ -49.431, -24.08 ], [ -49.429, -24.078 ], [ -49.43, -24.0768 ], [ -49.434, -24.076 ], [ -49.4354, -24.0751 ], [ -49.4328, -24.0736 ], [ -49.432, -24.072 ], [ -49.4298, -24.0687 ], [ -49.4311, -24.0681 ], [ -49.4349, -24.0676 ], [ -49.4377, -24.0689 ], [ -49.439, -24.0687 ], [ -49.44, -24.0668 ], [ -49.4402, -24.063 ], [ -49.4378, -24.0588 ], [ -49.4401, -24.0578 ], [ -49.4447, -24.0578 ], [ -49.4498, -24.0564 ], [ -49.4519, -24.0552 ], [ -49.4538, -24.0527 ], [ -49.4575, -24.0495 ], [ -49.4579, -24.0484 ], [ -49.4577, -24.0451 ], [ -49.4596, -24.0427 ], [ -49.461, -24.0401 ], [ -49.4627, -24.0382 ], [ -49.4613, -24.033 ], [ -49.4624, -24.0311 ], [ -49.4634, -24.0274 ], [ -49.4663, -24.0259 ], [ -49.4696, -24.0258 ], [ -49.4711, -24.0262 ], [ -49.4731, -24.0277 ], [ -49.4738, -24.0273 ], [ -49.4749, -24.0241 ], [ -49.4739, -24.0205 ], [ -49.4744, -24.0201 ], [ -49.4777, -24.0201 ], [ -49.4796, -24.0194 ], [ -49.4804, -24.0201 ], [ -49.4806, -24.0231 ], [ -49.4816, -24.0241 ], [ -49.4845, -24.0239 ], [ -49.4872, -24.0246 ], [ -49.4878, -24.0235 ], [ -49.4876, -24.0221 ], [ -49.49, -24.0201 ], [ -49.4902, -24.0187 ], [ -49.4862, -24.0166 ], [ -49.4873, -24.0154 ], [ -49.4915, -24.0154 ], [ -49.4921, -24.0143 ], [ -49.4897, -24.0126 ], [ -49.4875, -24.0121 ], [ -49.4835, -24.0119 ], [ -49.481, -24.0088 ], [ -49.4806, -24.0062 ], [ -49.4814, -24.0052 ], [ -49.4848, -24.0066 ], [ -49.4862, -24.0066 ], [ -49.4872, -24.004 ], [ -49.4864, -24.0004 ], [ -49.4893, -23.9991 ], [ -49.4909, -23.9964 ], [ -49.4923, -23.9934 ], [ -49.4932, -23.993 ], [ -49.4962, -23.9942 ], [ -49.4977, -23.9942 ], [ -49.4984, -23.9929 ], [ -49.4969, -23.9884 ], [ -49.4957, -23.9866 ], [ -49.4964, -23.985 ], [ -49.4956, -23.9822 ], [ -49.4937, -23.9776 ], [ -49.4949, -23.9761 ], [ -49.4976, -23.974 ], [ -49.4986, -23.9718 ], [ -49.5006, -23.9695 ], [ -49.5045, -23.9677 ], [ -49.5072, -23.9674 ], [ -49.5082, -23.9684 ], [ -49.5092, -23.9714 ], [ -49.5108, -23.972 ], [ -49.5118, -23.9714 ], [ -49.5167, -23.9697 ], [ -49.5146, -23.9669 ], [ -49.5137, -23.9644 ], [ -49.5107, -23.9644 ], [ -49.5091, -23.9639 ], [ -49.5072, -23.9627 ], [ -49.5056, -23.9611 ], [ -49.5002, -23.9596 ], [ -49.5, -23.958 ], [ -49.5043, -23.9564 ], [ -49.5057, -23.9548 ], [ -49.5052, -23.9528 ], [ -49.5036, -23.9503 ], [ -49.5029, -23.9485 ], [ -49.5039, -23.9472 ], [ -49.5082, -23.948 ], [ -49.5102, -23.9479 ], [ -49.5114, -23.9473 ], [ -49.5117, -23.9456 ], [ -49.5139, -23.9444 ], [ -49.5198, -23.947 ], [ -49.5211, -23.9461 ], [ -49.5228, -23.9406 ], [ -49.523, -23.9385 ], [ -49.5244, -23.9365 ], [ -49.5245, -23.9352 ], [ -49.5233, -23.9344 ], [ -49.5194, -23.9365 ], [ -49.5144, -23.9378 ], [ -49.5122, -23.9377 ], [ -49.5094, -23.9364 ], [ -49.508, -23.9337 ], [ -49.5084, -23.9325 ], [ -49.5096, -23.9313 ], [ -49.5146, -23.9316 ], [ -49.5154, -23.9305 ], [ -49.5153, -23.9292 ], [ -49.5125, -23.927 ], [ -49.5116, -23.9259 ], [ -49.5125, -23.9247 ], [ -49.5169, -23.9234 ], [ -49.5202, -23.9193 ], [ -49.5223, -23.9178 ], [ -49.5223, -23.9166 ], [ -49.5236, -23.9162 ], [ -49.5246, -23.9171 ], [ -49.5262, -23.9213 ], [ -49.527, -23.9224 ], [ -49.5295, -23.9222 ], [ -49.5308, -23.9225 ], [ -49.5312, -23.9239 ], [ -49.5308, -23.9266 ], [ -49.5312, -23.9293 ], [ -49.5322, -23.9301 ], [ -49.5358, -23.9282 ], [ -49.5369, -23.9275 ], [ -49.5402, -23.9273 ], [ -49.5417, -23.9265 ], [ -49.5437, -23.924 ], [ -49.5464, -23.9231 ], [ -49.5508, -23.9226 ], [ -49.5553, -23.9231 ], [ -49.557, -23.9227 ], [ -49.557, -23.9213 ], [ -49.5543, -23.918 ], [ -49.5536, -23.9165 ], [ -49.5545, -23.9153 ], [ -49.5632, -23.9123 ], [ -49.565, -23.9096 ], [ -49.5661, -23.9058 ], [ -49.5684, -23.9033 ], [ -49.5688, -23.9017 ], [ -49.5685, -23.9005 ], [ -49.5695, -23.8995 ], [ -49.5727, -23.8999 ], [ -49.5752, -23.8995 ], [ -49.5774, -23.8974 ], [ -49.5775, -23.896 ], [ -49.5764, -23.893 ], [ -49.5757, -23.8896 ], [ -49.5758, -23.883 ], [ -49.5736, -23.878 ], [ -49.5747, -23.877 ], [ -49.5759, -23.8775 ], [ -49.5787, -23.8803 ], [ -49.5812, -23.8841 ], [ -49.5841, -23.8897 ], [ -49.5853, -23.8904 ], [ -49.587, -23.8889 ], [ -49.5884, -23.8862 ], [ -49.5915, -23.8785 ], [ -49.5919, -23.8749 ], [ -49.5941, -23.8726 ], [ -49.5972, -23.8707 ], [ -49.6015, -23.8691 ], [ -49.6025, -23.8683 ], [ -49.6025, -23.8644 ], [ -49.602, -23.8629 ], [ -49.5992, -23.8598 ], [ -49.5989, -23.8585 ], [ -49.5997, -23.8571 ], [ -49.6022, -23.8554 ], [ -49.6056, -23.8543 ], [ -49.6088, -23.8539 ], [ -49.6101, -23.8532 ], [ -49.6107, -23.8517 ], [ -49.61, -23.8492 ], [ -49.6065, -23.848 ], [ -49.6004, -23.8495 ], [ -49.5975, -23.8494 ], [ -49.5959, -23.8484 ], [ -49.5955, -23.8468 ], [ -49.596, -23.8456 ], [ -49.6076, -23.8406 ], [ -49.608, -23.8394 ], [ -49.604, -23.8375 ], [ -49.6011, -23.8368 ], [ -49.5985, -23.8368 ], [ -49.5969, -23.8374 ], [ -49.5896, -23.8418 ], [ -49.5867, -23.8423 ], [ -49.5867, -23.8408 ], [ -49.5901, -23.8392 ], [ -49.5927, -23.8371 ], [ -49.594, -23.8328 ], [ -49.593, -23.8303 ], [ -49.5903, -23.828 ], [ -49.5875, -23.8271 ], [ -49.5854, -23.8269 ], [ -49.578, -23.8277 ], [ -49.5727, -23.827 ], [ -49.5682, -23.8211 ], [ -49.5637, -23.8195 ], [ -49.5624, -23.8185 ], [ -49.5609, -23.8159 ], [ -49.5601, -23.8119 ], [ -49.5611, -23.806 ], [ -49.5631, -23.8019 ], [ -49.5608, -23.7949 ], [ -49.5597, -23.7936 ], [ -49.5607, -23.7897 ], [ -49.5646, -23.7851 ], [ -49.5651, -23.7825 ], [ -49.5658, -23.7808 ], [ -49.5671, -23.7801 ], [ -49.57, -23.7797 ], [ -49.5705, -23.7784 ], [ -49.568, -23.7784 ], [ -49.5665, -23.7778 ], [ -49.5661, -23.7749 ], [ -49.5665, -23.7719 ], [ -49.5658, -23.7707 ], [ -49.5632, -23.7699 ], [ -49.5624, -23.7689 ], [ -49.5621, -23.7668 ], [ -49.5638, -23.7642 ], [ -49.5629, -23.7629 ], [ -49.5609, -23.7624 ], [ -49.5609, -23.761 ], [ -49.5645, -23.7595 ], [ -49.5679, -23.7577 ], [ -49.5718, -23.7569 ], [ -49.5735, -23.756 ], [ -49.5731, -23.7545 ], [ -49.5709, -23.7536 ], [ -49.5675, -23.7535 ], [ -49.566, -23.753 ], [ -49.5646, -23.7517 ], [ -49.5638, -23.7501 ], [ -49.5638, -23.7479 ], [ -49.5673, -23.7416 ], [ -49.5676, -23.7401 ], [ -49.5673, -23.7368 ], [ -49.5657, -23.7341 ], [ -49.564, -23.7322 ], [ -49.5615, -23.7317 ], [ -49.5602, -23.7326 ], [ -49.5552, -23.7372 ], [ -49.5513, -23.7387 ], [ -49.5499, -23.7377 ], [ -49.5488, -23.7363 ], [ -49.5484, -23.7348 ], [ -49.5488, -23.7324 ], [ -49.5532, -23.7276 ], [ -49.5547, -23.7254 ], [ -49.5555, -23.7221 ], [ -49.5554, -23.7205 ], [ -49.554, -23.7141 ], [ -49.553, -23.7111 ], [ -49.5502, -23.7068 ], [ -49.5492, -23.704 ], [ -49.551, -23.7024 ], [ -49.5543, -23.7027 ], [ -49.5557, -23.701 ], [ -49.5555, -23.6996 ], [ -49.5542, -23.6968 ], [ -49.5551, -23.6954 ], [ -49.5574, -23.6935 ], [ -49.5572, -23.692 ], [ -49.5563, -23.691 ], [ -49.5572, -23.6898 ], [ -49.5588, -23.6897 ], [ -49.5601, -23.6921 ], [ -49.5613, -23.6921 ], [ -49.5635, -23.6879 ], [ -49.5617, -23.6857 ], [ -49.5653, -23.6855 ], [ -49.5668, -23.6858 ], [ -49.5681, -23.688 ], [ -49.5691, -23.6851 ], [ -49.5703, -23.6839 ], [ -49.5722, -23.6831 ], [ -49.5734, -23.6821 ], [ -49.5751, -23.6816 ], [ -49.5759, -23.6804 ], [ -49.5747, -23.676 ], [ -49.5768, -23.6764 ], [ -49.5785, -23.679 ], [ -49.5799, -23.6783 ], [ -49.5817, -23.6711 ], [ -49.5832, -23.6703 ], [ -49.5826, -23.6662 ], [ -49.5802, -23.6646 ], [ -49.5808, -23.6635 ], [ -49.5826, -23.6632 ], [ -49.5857, -23.6638 ], [ -49.5853, -23.6589 ], [ -49.5885, -23.6569 ], [ -49.591, -23.6569 ], [ -49.5939, -23.656 ], [ -49.5969, -23.6543 ], [ -49.6021, -23.6521 ], [ -49.6028, -23.6511 ], [ -49.6023, -23.6451 ], [ -49.6034, -23.6435 ], [ -49.6161, -23.6406 ], [ -49.6171, -23.6396 ], [ -49.6164, -23.6381 ], [ -49.613, -23.6372 ], [ -49.6107, -23.6362 ], [ -49.6082, -23.6341 ], [ -49.6075, -23.6322 ], [ -49.6082, -23.6276 ], [ -49.6077, -23.6264 ], [ -49.6063, -23.6249 ], [ -49.6064, -23.6237 ], [ -49.6077, -23.6234 ], [ -49.6122, -23.6235 ], [ -49.6136, -23.6231 ], [ -49.6139, -23.6215 ], [ -49.6136, -23.6197 ], [ -49.614, -23.6186 ], [ -49.6156, -23.6167 ], [ -49.6136, -23.6147 ], [ -49.6142, -23.6135 ], [ -49.6183, -23.6129 ], [ -49.6199, -23.6122 ], [ -49.621, -23.6111 ], [ -49.6212, -23.607 ], [ -49.6192, -23.5976 ], [ -49.6189, -23.5943 ], [ -49.6162, -23.591 ], [ -49.6141, -23.5903 ], [ -49.61, -23.5899 ], [ -49.6085, -23.5888 ], [ -49.6069, -23.5862 ], [ -49.6028, -23.584 ], [ -49.6017, -23.581 ], [ -49.6018, -23.5778 ], [ -49.6012, -23.5752 ], [ -49.6017, -23.574 ], [ -49.6043, -23.5717 ], [ -49.6079, -23.5668 ], [ -49.608, -23.5652 ], [ -49.6072, -23.5637 ], [ -49.6, -23.5584 ], [ -49.5987, -23.5546 ], [ -49.5988, -23.553 ], [ -49.6014, -23.5516 ], [ -49.6043, -23.5476 ], [ -49.6054, -23.5452 ], [ -49.6057, -23.5417 ], [ -49.6047, -23.5403 ], [ -49.6014, -23.5382 ], [ -49.6005, -23.5373 ], [ -49.6002, -23.5356 ], [ -49.6041, -23.533 ], [ -49.6071, -23.5317 ], [ -49.6114, -23.5286 ], [ -49.6176, -23.5268 ], [ -49.6242, -23.5233 ], [ -49.6264, -23.5197 ], [ -49.6283, -23.5171 ], [ -49.6294, -23.5143 ], [ -49.6294, -23.5118 ], [ -49.6285, -23.5097 ], [ -49.6273, -23.5084 ], [ -49.6218, -23.5059 ], [ -49.62, -23.5065 ], [ -49.6165, -23.5094 ], [ -49.6148, -23.5103 ], [ -49.6137, -23.5101 ], [ -49.6128, -23.5083 ], [ -49.6136, -23.506 ], [ -49.6183, -23.5017 ], [ -49.6193, -23.4993 ], [ -49.6192, -23.4977 ], [ -49.6201, -23.4954 ], [ -49.6214, -23.4933 ], [ -49.6201, -23.4911 ], [ -49.616, -23.49 ], [ -49.615, -23.4893 ], [ -49.6134, -23.4868 ], [ -49.6127, -23.4829 ], [ -49.6156, -23.4735 ], [ -49.6149, -23.4722 ], [ -49.6133, -23.4726 ], [ -49.6033, -23.4784 ], [ -49.6015, -23.4788 ], [ -49.5999, -23.4785 ], [ -49.5986, -23.4772 ], [ -49.5988, -23.4758 ], [ -49.6015, -23.4728 ], [ -49.6026, -23.4706 ], [ -49.6017, -23.4676 ], [ -49.6012, -23.4613 ], [ -49.6001, -23.4599 ], [ -49.5987, -23.4594 ], [ -49.5981, -23.4582 ], [ -49.597, -23.4585 ], [ -49.5961, -23.4598 ], [ -49.5945, -23.4588 ], [ -49.5933, -23.4588 ], [ -49.5921, -23.4604 ], [ -49.5958, -23.4628 ], [ -49.596, -23.4649 ], [ -49.5945, -23.4651 ], [ -49.5938, -23.4633 ], [ -49.5918, -23.4632 ], [ -49.5922, -23.4683 ], [ -49.5929, -23.4711 ], [ -49.5945, -23.4741 ], [ -49.5917, -23.4762 ], [ -49.5901, -23.4779 ], [ -49.5869, -23.4792 ], [ -49.5849, -23.4792 ], [ -49.5826, -23.4805 ], [ -49.5782, -23.4795 ], [ -49.5775, -23.4804 ], [ -49.5782, -23.4821 ], [ -49.5798, -23.4843 ], [ -49.5799, -23.4863 ], [ -49.5789, -23.4882 ], [ -49.5775, -23.4918 ], [ -49.5761, -23.4906 ], [ -49.5743, -23.4904 ], [ -49.5708, -23.4911 ], [ -49.5671, -23.4908 ], [ -49.566, -23.4916 ], [ -49.5667, -23.4942 ], [ -49.5657, -23.4953 ], [ -49.5632, -23.4962 ], [ -49.5583, -23.4943 ], [ -49.5566, -23.4955 ], [ -49.5542, -23.4962 ], [ -49.5526, -23.496 ], [ -49.5509, -23.4951 ], [ -49.5485, -23.4957 ], [ -49.5448, -23.4984 ], [ -49.5436, -23.5001 ], [ -49.5417, -23.5003 ], [ -49.5388, -23.5001 ], [ -49.5373, -23.5007 ], [ -49.5365, -23.5018 ], [ -49.5346, -23.5022 ], [ -49.5338, -23.5034 ], [ -49.5352, -23.5041 ], [ -49.5362, -23.5056 ], [ -49.5354, -23.5064 ], [ -49.5339, -23.5063 ], [ -49.5342, -23.5082 ], [ -49.533, -23.508 ], [ -49.5303, -23.5085 ], [ -49.5295, -23.51 ], [ -49.5283, -23.5108 ], [ -49.5269, -23.51 ], [ -49.526, -23.5104 ], [ -49.5243, -23.5094 ], [ -49.5226, -23.51 ], [ -49.5206, -23.5078 ], [ -49.5185, -23.5075 ], [ -49.5179, -23.5084 ], [ -49.5136, -23.5077 ], [ -49.5127, -23.5083 ], [ -49.512, -23.5102 ], [ -49.5105, -23.5108 ], [ -49.5095, -23.5099 ], [ -49.5086, -23.5106 ], [ -49.508, -23.5123 ], [ -49.5053, -23.5136 ], [ -49.504, -23.5153 ], [ -49.5024, -23.5164 ], [ -49.5009, -23.5183 ], [ -49.4978, -23.5198 ], [ -49.4946, -23.5226 ], [ -49.4911, -23.5244 ], [ -49.4881, -23.5263 ], [ -49.486, -23.5269 ], [ -49.484, -23.5298 ], [ -49.4828, -23.5304 ], [ -49.4824, -23.5316 ], [ -49.4807, -23.5336 ], [ -49.4806, -23.5393 ], [ -49.48, -23.5405 ], [ -49.4776, -23.5411 ], [ -49.4764, -23.5409 ], [ -49.4745, -23.5402 ], [ -49.472, -23.5411 ], [ -49.4684, -23.542 ], [ -49.4663, -23.5436 ], [ -49.4649, -23.544 ], [ -49.4629, -23.5454 ], [ -49.463, -23.5478 ], [ -49.4593, -23.5499 ], [ -49.4585, -23.5512 ], [ -49.4563, -23.5523 ], [ -49.4556, -23.5539 ], [ -49.4534, -23.5564 ], [ -49.4518, -23.5569 ], [ -49.4489, -23.5602 ], [ -49.4489, -23.5621 ], [ -49.4466, -23.5625 ], [ -49.4443, -23.5641 ], [ -49.4434, -23.5636 ], [ -49.443, -23.5616 ], [ -49.4439, -23.56 ], [ -49.4427, -23.5582 ], [ -49.4424, -23.5565 ], [ -49.441, -23.5569 ], [ -49.4389, -23.5558 ], [ -49.4383, -23.5546 ], [ -49.4366, -23.5551 ], [ -49.4353, -23.5523 ], [ -49.4344, -23.5518 ], [ -49.43, -23.5544 ], [ -49.4274, -23.5546 ], [ -49.4263, -23.556 ], [ -49.4251, -23.5568 ], [ -49.4228, -23.5591 ], [ -49.4215, -23.5615 ], [ -49.4206, -23.562 ], [ -49.4195, -23.5643 ], [ -49.4202, -23.5672 ], [ -49.4198, -23.5682 ], [ -49.4204, -23.57 ], [ -49.4202, -23.571 ], [ -49.4178, -23.5746 ], [ -49.418, -23.5763 ], [ -49.417, -23.5765 ], [ -49.4138, -23.575 ], [ -49.4091, -23.5748 ], [ -49.4061, -23.576 ], [ -49.4048, -23.576 ], [ -49.4023, -23.5788 ], [ -49.4001, -23.5798 ], [ -49.4001, -23.5822 ], [ -49.4008, -23.5829 ], [ -49.3997, -23.587 ], [ -49.3996, -23.5926 ], [ -49.3989, -23.5941 ], [ -49.3994, -23.5958 ], [ -49.3992, -23.5981 ], [ -49.3995, -23.6024 ], [ -49.4005, -23.6057 ], [ -49.4019, -23.6074 ], [ -49.4024, -23.6101 ], [ -49.4013, -23.6135 ], [ -49.4012, -23.6173 ], [ -49.402, -23.6187 ], [ -49.4036, -23.6233 ], [ -49.4035, -23.6278 ], [ -49.4007, -23.6317 ], [ -49.3991, -23.6326 ], [ -49.3966, -23.6336 ], [ -49.3929, -23.6343 ], [ -49.39, -23.6351 ], [ -49.3894, -23.6359 ], [ -49.3902, -23.6385 ], [ -49.3892, -23.6397 ], [ -49.3878, -23.6398 ], [ -49.3804, -23.6381 ], [ -49.378, -23.6381 ], [ -49.3761, -23.6389 ], [ -49.3741, -23.6405 ], [ -49.3705, -23.6411 ], [ -49.366, -23.646 ], [ -49.3645, -23.6467 ], [ -49.3629, -23.6489 ], [ -49.3608, -23.6502 ], [ -49.3592, -23.6517 ], [ -49.3587, -23.6538 ], [ -49.3593, -23.6544 ], [ -49.3591, -23.656 ], [ -49.3597, -23.6577 ], [ -49.3594, -23.6596 ], [ -49.3585, -23.66 ], [ -49.3578, -23.6617 ], [ -49.3553, -23.6638 ], [ -49.3553, -23.6666 ], [ -49.3565, -23.6664 ], [ -49.3567, -23.6678 ], [ -49.3583, -23.6686 ], [ -49.3589, -23.6702 ], [ -49.3586, -23.6731 ], [ -49.358, -23.6738 ], [ -49.3592, -23.677 ], [ -49.3567, -23.6771 ], [ -49.3496, -23.68 ], [ -49.346, -23.68 ], [ -49.34, -23.6795 ], [ -49.3368, -23.6789 ], [ -49.3335, -23.6791 ], [ -49.3314, -23.6801 ], [ -49.3274, -23.6808 ], [ -49.3263, -23.6819 ], [ -49.3252, -23.6856 ], [ -49.3227, -23.6896 ], [ -49.3224, -23.6918 ], [ -49.323, -23.6937 ], [ -49.3224, -23.6967 ], [ -49.3213, -23.698 ], [ -49.3184, -23.6993 ], [ -49.3176, -23.7001 ], [ -49.3166, -23.7033 ], [ -49.3151, -23.7065 ], [ -49.3135, -23.7088 ], [ -49.31, -23.7116 ], [ -49.3122, -23.7142 ], [ -49.3147, -23.7156 ], [ -49.3131, -23.717 ], [ -49.312, -23.7199 ], [ -49.3102, -23.7211 ], [ -49.308, -23.7234 ], [ -49.3058, -23.7273 ], [ -49.305, -23.7301 ], [ -49.3048, -23.7331 ], [ -49.3035, -23.734 ], [ -49.3022, -23.7371 ], [ -49.3013, -23.7378 ], [ -49.2994, -23.7377 ], [ -49.2949, -23.7361 ], [ -49.2908, -23.7335 ], [ -49.2892, -23.7319 ], [ -49.2876, -23.7292 ], [ -49.2861, -23.7274 ], [ -49.2817, -23.7258 ], [ -49.2761, -23.7247 ], [ -49.2761, -23.7234 ], [ -49.2741, -23.722 ], [ -49.2709, -23.7226 ], [ -49.2687, -23.7226 ], [ -49.2641, -23.7216 ], [ -49.2591, -23.718 ], [ -49.259, -23.7154 ], [ -49.2584, -23.7132 ], [ -49.2562, -23.7109 ], [ -49.2537, -23.71 ], [ -49.2523, -23.7104 ], [ -49.248, -23.7105 ], [ -49.2472, -23.7101 ], [ -49.2465, -23.7065 ], [ -49.2446, -23.7053 ], [ -49.2428, -23.7055 ], [ -49.2395, -23.707 ], [ -49.2371, -23.7073 ], [ -49.235, -23.7081 ], [ -49.2333, -23.7081 ], [ -49.2315, -23.7069 ], [ -49.2296, -23.7066 ], [ -49.228, -23.7058 ], [ -49.2263, -23.7058 ], [ -49.2237, -23.7066 ], [ -49.2191, -23.7066 ], [ -49.2173, -23.7073 ], [ -49.2131, -23.7086 ], [ -49.2084, -23.7107 ], [ -49.2038, -23.7122 ], [ -49.2018, -23.7132 ], [ -49.1972, -23.7134 ], [ -49.1959, -23.713 ], [ -49.1947, -23.7118 ], [ -49.1893, -23.7097 ], [ -49.1884, -23.7096 ], [ -49.1858, -23.7084 ], [ -49.1852, -23.7072 ], [ -49.1842, -23.7038 ], [ -49.1823, -23.702 ], [ -49.179, -23.7007 ], [ -49.177, -23.7003 ], [ -49.1747, -23.6975 ], [ -49.1734, -23.6968 ], [ -49.1708, -23.6964 ], [ -49.1678, -23.6938 ], [ -49.1629, -23.6932 ], [ -49.1602, -23.6938 ], [ -49.1585, -23.6938 ], [ -49.1568, -23.6949 ], [ -49.1555, -23.697 ], [ -49.1536, -23.6976 ], [ -49.1505, -23.6992 ], [ -49.1482, -23.6994 ], [ -49.1461, -23.7001 ], [ -49.145, -23.701 ], [ -49.1421, -23.7 ], [ -49.14, -23.702 ], [ -49.1413, -23.704 ], [ -49.1407, -23.7055 ], [ -49.1411, -23.7066 ], [ -49.141, -23.7088 ], [ -49.1416, -23.7121 ], [ -49.1394, -23.7154 ], [ -49.136, -23.7185 ], [ -49.1351, -23.7186 ], [ -49.1327, -23.7215 ], [ -49.0993, -23.7064 ], [ -49.0545, -23.6862 ], [ -49.0535, -23.6852 ], [ -49.046, -23.6834 ], [ -49.0408, -23.6818 ], [ -49.0371, -23.6795 ], [ -49.0354, -23.679 ], [ -49.0328, -23.6776 ], [ -49.032, -23.6762 ], [ -49.031, -23.6723 ], [ -49.0315, -23.669 ], [ -49.0314, -23.6655 ], [ -49.0305, -23.6627 ], [ -49.0289, -23.656 ], [ -49.0278, -23.6535 ], [ -49.0257, -23.6504 ], [ -49.0229, -23.6488 ], [ -49.0191, -23.6482 ], [ -49.0166, -23.6462 ], [ -49.0142, -23.6453 ], [ -49.012, -23.6437 ], [ -49.0105, -23.6412 ], [ -49.0103, -23.6384 ], [ -49.0096, -23.6359 ], [ -49.0082, -23.6338 ], [ -49.0069, -23.6328 ], [ -49.0058, -23.6335 ], [ -49.0044, -23.6366 ], [ -49.0019, -23.6381 ], [ -48.9981, -23.6416 ], [ -48.9957, -23.6425 ], [ -48.9922, -23.6422 ], [ -48.9896, -23.6409 ], [ -48.9876, -23.6389 ], [ -48.9867, -23.6357 ], [ -48.9842, -23.6337 ], [ -48.9786, -23.631 ], [ -48.9784, -23.6298 ], [ -48.9791, -23.6281 ], [ -48.9792, -23.625 ], [ -48.9783, -23.6234 ], [ -48.9734, -23.6225 ], [ -48.9655, -23.6235 ], [ -48.9585, -23.6229 ], [ -48.9546, -23.6223 ], [ -48.9521, -23.6211 ], [ -48.9504, -23.6217 ], [ -48.9495, -23.623 ], [ -48.9464, -23.6242 ], [ -48.9436, -23.6239 ], [ -48.9406, -23.6225 ], [ -48.9393, -23.6223 ], [ -48.9359, -23.6209 ], [ -48.9345, -23.6211 ], [ -48.9295, -23.6243 ], [ -48.9279, -23.6246 ], [ -48.9252, -23.6264 ], [ -48.9238, -23.6238 ], [ -48.9186, -23.6243 ], [ -48.9168, -23.6238 ], [ -48.9126, -23.6212 ], [ -48.9113, -23.6206 ], [ -48.9053, -23.6212 ], [ -48.9032, -23.6189 ], [ -48.9015, -23.618 ], [ -48.8981, -23.6174 ], [ -48.8975, -23.6158 ], [ -48.8959, -23.6147 ], [ -48.8919, -23.6138 ], [ -48.8895, -23.6124 ], [ -48.8826, -23.6123 ], [ -48.8783, -23.6103 ], [ -48.8766, -23.6099 ], [ -48.8749, -23.6103 ], [ -48.8694, -23.6085 ], [ -48.8673, -23.6081 ], [ -48.863, -23.6058 ], [ -48.8605, -23.6035 ], [ -48.8589, -23.6026 ], [ -48.8549, -23.6013 ], [ -48.852, -23.5979 ], [ -48.8499, -23.5963 ], [ -48.8471, -23.595 ], [ -48.8442, -23.594 ], [ -48.8411, -23.5935 ], [ -48.8374, -23.5945 ], [ -48.8353, -23.5962 ], [ -48.8334, -23.5983 ], [ -48.832, -23.6011 ], [ -48.8303, -23.6017 ], [ -48.8252, -23.6053 ], [ -48.8231, -23.6052 ], [ -48.8209, -23.6064 ], [ -48.8188, -23.609 ], [ -48.819, -23.6115 ], [ -48.8189, -23.6158 ], [ -48.8178, -23.6175 ], [ -48.8162, -23.619 ], [ -48.8148, -23.6215 ], [ -48.8124, -23.6235 ], [ -48.809, -23.6288 ], [ -48.8061, -23.6327 ], [ -48.8044, -23.6343 ], [ -48.8033, -23.6365 ], [ -48.8002, -23.6393 ], [ -48.7969, -23.641 ], [ -48.7936, -23.6412 ], [ -48.7919, -23.6407 ], [ -48.7895, -23.639 ], [ -48.7876, -23.6385 ], [ -48.7856, -23.639 ], [ -48.781, -23.6428 ], [ -48.78, -23.6416 ], [ -48.7755, -23.6381 ], [ -48.7734, -23.635 ], [ -48.7723, -23.6303 ], [ -48.7712, -23.6289 ], [ -48.7691, -23.6252 ], [ -48.7686, -23.6228 ], [ -48.7691, -23.6217 ], [ -48.7688, -23.6181 ], [ -48.767, -23.6162 ], [ -48.7672, -23.6138 ], [ -48.7649, -23.6135 ], [ -48.7632, -23.6148 ], [ -48.7619, -23.615 ], [ -48.7597, -23.614 ], [ -48.7576, -23.6149 ], [ -48.7551, -23.6131 ], [ -48.7497, -23.613 ], [ -48.7468, -23.6126 ], [ -48.7435, -23.6109 ], [ -48.7411, -23.611 ], [ -48.7384, -23.6098 ], [ -48.7373, -23.6088 ], [ -48.735, -23.6082 ], [ -48.7316, -23.6086 ], [ -48.7302, -23.6078 ], [ -48.7275, -23.6052 ], [ -48.726, -23.6018 ], [ -48.7249, -23.6015 ], [ -48.7221, -23.6019 ], [ -48.7214, -23.6005 ], [ -48.719, -23.6003 ], [ -48.716, -23.5995 ], [ -48.7143, -23.5999 ], [ -48.7114, -23.5996 ], [ -48.7085, -23.6002 ], [ -48.7079, -23.6021 ], [ -48.7065, -23.6017 ], [ -48.7051, -23.602 ], [ -48.7026, -23.601 ], [ -48.7006, -23.6018 ], [ -48.6996, -23.6028 ], [ -48.6976, -23.6025 ], [ -48.6954, -23.6011 ], [ -48.6936, -23.6009 ], [ -48.6915, -23.5986 ], [ -48.6899, -23.5987 ], [ -48.6883, -23.5979 ], [ -48.6877, -23.5963 ], [ -48.6863, -23.5958 ], [ -48.684, -23.5942 ], [ -48.6817, -23.5897 ], [ -48.6804, -23.588 ], [ -48.678, -23.5876 ], [ -48.6755, -23.5884 ], [ -48.6752, -23.5895 ], [ -48.6736, -23.5903 ], [ -48.6715, -23.5905 ], [ -48.6701, -23.592 ], [ -48.6662, -23.5919 ], [ -48.6657, -23.5941 ], [ -48.6629, -23.5951 ], [ -48.6618, -23.5947 ], [ -48.6592, -23.5949 ], [ -48.6571, -23.5962 ], [ -48.6555, -23.5963 ], [ -48.6536, -23.5957 ], [ -48.653, -23.5946 ], [ -48.6515, -23.5936 ], [ -48.6506, -23.5914 ], [ -48.6493, -23.5913 ], [ -48.6473, -23.5932 ], [ -48.6459, -23.5933 ], [ -48.6446, -23.5927 ], [ -48.6422, -23.5928 ], [ -48.6402, -23.591 ], [ -48.6365, -23.5919 ], [ -48.6351, -23.5935 ], [ -48.6336, -23.5941 ], [ -48.6277, -23.5936 ], [ -48.6268, -23.5947 ], [ -48.6256, -23.5951 ], [ -48.6219, -23.594 ], [ -48.621, -23.5926 ], [ -48.6202, -23.5902 ], [ -48.6185, -23.5877 ], [ -48.614, -23.5876 ], [ -48.6132, -23.5883 ], [ -48.614, -23.5924 ], [ -48.6122, -23.5929 ], [ -48.6092, -23.5919 ], [ -48.6085, -23.5902 ], [ -48.611, -23.5877 ], [ -48.6104, -23.5845 ], [ -48.6095, -23.5818 ], [ -48.6097, -23.5784 ], [ -48.6074, -23.5761 ], [ -48.6075, -23.5747 ], [ -48.6105, -23.573 ], [ -48.6114, -23.572 ], [ -48.6132, -23.569 ], [ -48.6138, -23.5667 ], [ -48.6147, -23.5653 ], [ -48.6148, -23.5624 ], [ -48.6164, -23.5609 ], [ -48.6199, -23.5603 ], [ -48.6252, -23.5619 ], [ -48.6276, -23.5618 ], [ -48.6293, -23.5604 ], [ -48.6297, -23.5582 ], [ -48.6287, -23.5552 ], [ -48.6305, -23.5465 ], [ -48.6301, -23.5453 ], [ -48.6284, -23.5439 ], [ -48.6228, -23.5426 ], [ -48.6215, -23.5406 ], [ -48.6218, -23.5382 ], [ -48.6247, -23.5373 ], [ -48.6293, -23.538 ], [ -48.6342, -23.5391 ], [ -48.6368, -23.5403 ], [ -48.639, -23.5417 ], [ -48.6407, -23.5433 ], [ -48.6424, -23.5443 ], [ -48.644, -23.5443 ], [ -48.6457, -23.5434 ], [ -48.6486, -23.5409 ], [ -48.6514, -23.5393 ], [ -48.6523, -23.5375 ], [ -48.6521, -23.5357 ], [ -48.6487, -23.5312 ], [ -48.6481, -23.5294 ], [ -48.6482, -23.5245 ], [ -48.6473, -23.5221 ], [ -48.6455, -23.5208 ], [ -48.6436, -23.5211 ], [ -48.6392, -23.5249 ], [ -48.637, -23.5263 ], [ -48.6355, -23.5264 ], [ -48.6344, -23.5254 ], [ -48.6329, -23.5223 ], [ -48.6326, -23.5208 ], [ -48.6339, -23.5175 ], [ -48.6343, -23.5138 ], [ -48.6339, -23.5109 ], [ -48.6327, -23.5084 ], [ -48.6312, -23.5065 ], [ -48.6282, -23.5034 ], [ -48.6268, -23.5015 ], [ -48.6245, -23.4971 ], [ -48.6256, -23.4943 ], [ -48.6289, -23.491 ], [ -48.6298, -23.4897 ], [ -48.6297, -23.4885 ], [ -48.6282, -23.4877 ], [ -48.6264, -23.4876 ], [ -48.6231, -23.4883 ], [ -48.6184, -23.4911 ], [ -48.6165, -23.4916 ], [ -48.6152, -23.4908 ], [ -48.6156, -23.4885 ], [ -48.6169, -23.4867 ], [ -48.6195, -23.4849 ], [ -48.6245, -23.4823 ], [ -48.6266, -23.4802 ], [ -48.6302, -23.4758 ], [ -48.6326, -23.4738 ], [ -48.6362, -23.4733 ], [ -48.6393, -23.4733 ], [ -48.6417, -23.4727 ], [ -48.6427, -23.4719 ], [ -48.6439, -23.4691 ], [ -48.6448, -23.4609 ], [ -48.6472, -23.4499 ], [ -48.6475, -23.4477 ], [ -48.6487, -23.4421 ], [ -48.6501, -23.437 ], [ -48.6531, -23.4314 ], [ -48.653, -23.4289 ], [ -48.6497, -23.424 ], [ -48.6495, -23.4218 ], [ -48.6522, -23.4189 ], [ -48.6529, -23.4173 ], [ -48.6563, -23.4141 ], [ -48.6561, -23.4096 ], [ -48.6538, -23.4082 ], [ -48.6492, -23.4092 ], [ -48.6483, -23.4086 ], [ -48.6465, -23.4086 ], [ -48.6419, -23.4098 ], [ -48.6393, -23.4086 ], [ -48.6385, -23.4074 ], [ -48.6369, -23.4066 ], [ -48.6356, -23.4044 ], [ -48.6353, -23.4008 ], [ -48.6349, -23.3995 ], [ -48.6331, -23.3979 ], [ -48.6332, -23.3949 ], [ -48.634, -23.3927 ], [ -48.6337, -23.3917 ], [ -48.635, -23.3877 ], [ -48.6347, -23.3848 ], [ -48.6337, -23.3829 ], [ -48.634, -23.3819 ], [ -48.6329, -23.3784 ], [ -48.6322, -23.3748 ], [ -48.6314, -23.3737 ], [ -48.6313, -23.3721 ], [ -48.6318, -23.3659 ], [ -48.6315, -23.3645 ], [ -48.6288, -23.3592 ], [ -48.6279, -23.3564 ], [ -48.6281, -23.3522 ], [ -48.6287, -23.3505 ], [ -48.6323, -23.3443 ], [ -48.6355, -23.3409 ], [ -48.6394, -23.3381 ], [ -48.6438, -23.3343 ], [ -48.6451, -23.333 ], [ -48.6475, -23.3291 ], [ -48.6407, -23.3278 ], [ -48.6372, -23.3268 ], [ -48.6324, -23.326 ], [ -48.6269, -23.326 ], [ -48.6248, -23.3256 ], [ -48.6123, -23.3195 ], [ -48.6037, -23.3162 ], [ -48.5993, -23.3154 ], [ -48.5927, -23.3154 ], [ -48.5905, -23.3149 ], [ -48.5881, -23.3132 ], [ -48.5866, -23.3114 ], [ -48.5844, -23.308 ], [ -48.5818, -23.3022 ], [ -48.5799, -23.2974 ], [ -48.579, -23.2966 ], [ -48.5762, -23.2959 ], [ -48.5708, -23.2974 ], [ -48.5685, -23.2971 ], [ -48.5665, -23.2957 ], [ -48.5634, -23.2912 ], [ -48.5614, -23.289 ], [ -48.5563, -23.2838 ], [ -48.5552, -23.2807 ], [ -48.5541, -23.2794 ], [ -48.5522, -23.2794 ], [ -48.55, -23.2811 ], [ -48.5476, -23.2806 ], [ -48.5439, -23.2778 ], [ -48.5402, -23.2757 ], [ -48.5385, -23.2739 ], [ -48.5371, -23.2732 ], [ -48.5331, -23.2727 ], [ -48.5295, -23.2729 ], [ -48.5269, -23.2716 ], [ -48.5254, -23.2717 ], [ -48.5224, -23.2725 ], [ -48.5199, -23.2721 ], [ -48.5192, -23.2705 ], [ -48.5161, -23.2704 ], [ -48.5145, -23.2719 ], [ -48.5103, -23.2698 ], [ -48.5088, -23.2678 ], [ -48.5069, -23.2681 ], [ -48.506, -23.2692 ], [ -48.5033, -23.269 ], [ -48.5012, -23.2674 ], [ -48.4993, -23.2669 ], [ -48.4978, -23.2652 ], [ -48.496, -23.2649 ], [ -48.4957, -23.2637 ], [ -48.4938, -23.2627 ], [ -48.4926, -23.2626 ], [ -48.4915, -23.2611 ], [ -48.4915, -23.2601 ], [ -48.4888, -23.2579 ], [ -48.4896, -23.2556 ], [ -48.4893, -23.2548 ], [ -48.4918, -23.2535 ], [ -48.4919, -23.2514 ], [ -48.4912, -23.2503 ], [ -48.4895, -23.2498 ], [ -48.4882, -23.2481 ], [ -48.4855, -23.247 ], [ -48.4862, -23.245 ], [ -48.4844, -23.2442 ], [ -48.4824, -23.2418 ], [ -48.4802, -23.2413 ], [ -48.4784, -23.2421 ], [ -48.4765, -23.2408 ], [ -48.4774, -23.2395 ], [ -48.4761, -23.2385 ], [ -48.4753, -23.2391 ], [ -48.4732, -23.2394 ], [ -48.4707, -23.2409 ], [ -48.4692, -23.2406 ], [ -48.4695, -23.2385 ], [ -48.4687, -23.2373 ], [ -48.4676, -23.2374 ], [ -48.4675, -23.2343 ], [ -48.4685, -23.2327 ], [ -48.4662, -23.2306 ], [ -48.4671, -23.2286 ], [ -48.4647, -23.229 ], [ -48.4642, -23.2266 ], [ -48.4647, -23.2247 ], [ -48.4629, -23.2223 ], [ -48.4606, -23.2214 ], [ -48.4608, -23.2205 ], [ -48.4589, -23.2184 ], [ -48.4565, -23.2167 ], [ -48.4562, -23.2147 ], [ -48.4549, -23.215 ], [ -48.4518, -23.2138 ], [ -48.4508, -23.2124 ], [ -48.4521, -23.2117 ], [ -48.452, -23.2107 ], [ -48.4503, -23.2103 ], [ -48.4476, -23.2104 ], [ -48.4464, -23.2124 ], [ -48.4449, -23.2127 ], [ -48.4435, -23.2102 ], [ -48.4393, -23.2121 ], [ -48.4375, -23.2106 ], [ -48.4349, -23.2092 ], [ -48.4323, -23.2084 ], [ -48.4293, -23.2058 ], [ -48.4284, -23.2031 ], [ -48.4247, -23.2036 ], [ -48.4219, -23.2025 ], [ -48.4202, -23.2002 ], [ -48.4186, -23.1996 ], [ -48.4153, -23.1991 ], [ -48.4144, -23.1977 ], [ -48.4116, -23.1966 ], [ -48.4102, -23.1954 ], [ -48.4071, -23.1955 ], [ -48.4048, -23.1944 ], [ -48.4041, -23.1924 ], [ -48.402, -23.1896 ], [ -48.3982, -23.19 ], [ -48.3955, -23.1892 ], [ -48.395, -23.1884 ], [ -48.3924, -23.1873 ], [ -48.3883, -23.187 ], [ -48.3866, -23.1863 ], [ -48.385, -23.183 ], [ -48.3825, -23.181 ], [ -48.3802, -23.1807 ], [ -48.3771, -23.1788 ], [ -48.3748, -23.176 ], [ -48.374, -23.1736 ], [ -48.3728, -23.1721 ], [ -48.3691, -23.1698 ], [ -48.3663, -23.1704 ], [ -48.3639, -23.1699 ], [ -48.3621, -23.1686 ], [ -48.3613, -23.1673 ], [ -48.3603, -23.1646 ], [ -48.3601, -23.1631 ], [ -48.3636, -23.1559 ], [ -48.3627, -23.1541 ], [ -48.3616, -23.1532 ], [ -48.3597, -23.1528 ], [ -48.3562, -23.1509 ], [ -48.355, -23.1511 ], [ -48.3519, -23.1527 ], [ -48.3508, -23.1523 ], [ -48.3502, -23.1491 ], [ -48.3466, -23.1463 ], [ -48.3439, -23.1447 ], [ -48.3425, -23.1416 ], [ -48.341, -23.1394 ], [ -48.3395, -23.1395 ], [ -48.3376, -23.139 ], [ -48.3348, -23.1405 ], [ -48.3338, -23.1421 ], [ -48.3323, -23.1428 ], [ -48.3277, -23.143 ], [ -48.3248, -23.1441 ], [ -48.3231, -23.1451 ], [ -48.3208, -23.1451 ], [ -48.3195, -23.146 ], [ -48.3173, -23.146 ], [ -48.3153, -23.1474 ], [ -48.3127, -23.1459 ], [ -48.3098, -23.1484 ], [ -48.309, -23.1499 ], [ -48.3077, -23.1509 ], [ -48.306, -23.1515 ], [ -48.3049, -23.1512 ], [ -48.303, -23.1494 ], [ -48.3075, -23.146 ], [ -48.309, -23.1442 ], [ -48.3133, -23.1415 ], [ -48.3159, -23.1408 ], [ -48.3186, -23.141 ], [ -48.3202, -23.1399 ], [ -48.3207, -23.1387 ], [ -48.326, -23.1362 ], [ -48.3271, -23.1351 ], [ -48.3271, -23.1333 ], [ -48.3279, -23.1318 ], [ -48.3274, -23.1291 ], [ -48.3256, -23.1308 ], [ -48.3231, -23.1307 ], [ -48.3206, -23.1294 ], [ -48.3208, -23.1276 ], [ -48.322, -23.1242 ], [ -48.3243, -23.121 ], [ -48.3242, -23.118 ], [ -48.3251, -23.1179 ], [ -48.3271, -23.1202 ], [ -48.3286, -23.1197 ], [ -48.3312, -23.1211 ], [ -48.3326, -23.1211 ], [ -48.3352, -23.1193 ], [ -48.3382, -23.1179 ], [ -48.3384, -23.1157 ], [ -48.341, -23.1149 ], [ -48.3433, -23.1146 ], [ -48.3444, -23.1139 ], [ -48.3454, -23.112 ], [ -48.3468, -23.1117 ], [ -48.351, -23.1073 ], [ -48.3556, -23.1052 ], [ -48.3571, -23.1034 ], [ -48.3574, -23.1009 ], [ -48.3564, -23.0989 ], [ -48.3542, -23.0981 ], [ -48.3539, -23.0972 ], [ -48.3557, -23.0947 ], [ -48.3573, -23.094 ], [ -48.3593, -23.0941 ], [ -48.3573, -23.0918 ], [ -48.3547, -23.091 ], [ -48.3512, -23.0922 ], [ -48.3503, -23.0917 ], [ -48.3524, -23.0904 ], [ -48.3529, -23.0891 ], [ -48.3513, -23.0868 ], [ -48.3439, -23.0867 ], [ -48.3419, -23.0853 ], [ -48.3398, -23.0853 ], [ -48.3394, -23.0847 ], [ -48.3407, -23.083 ], [ -48.3419, -23.0827 ], [ -48.344, -23.0843 ], [ -48.3462, -23.0849 ], [ -48.3509, -23.0846 ], [ -48.3543, -23.0834 ], [ -48.3547, -23.0827 ], [ -48.3516, -23.0795 ], [ -48.3503, -23.0764 ], [ -48.3485, -23.0758 ], [ -48.3476, -23.075 ], [ -48.3471, -23.0718 ], [ -48.3502, -23.0716 ], [ -48.3511, -23.0711 ], [ -48.3521, -23.069 ], [ -48.3513, -23.0653 ], [ -48.3537, -23.066 ], [ -48.3547, -23.068 ], [ -48.3542, -23.0707 ], [ -48.3547, -23.0718 ], [ -48.3583, -23.0708 ], [ -48.3583, -23.0692 ], [ -48.3592, -23.0675 ], [ -48.3614, -23.0668 ], [ -48.3587, -23.0655 ], [ -48.3573, -23.0633 ], [ -48.3577, -23.0603 ], [ -48.3567, -23.0599 ], [ -48.3548, -23.0611 ], [ -48.3527, -23.0606 ], [ -48.3508, -23.0572 ], [ -48.3489, -23.0563 ], [ -48.3471, -23.0571 ], [ -48.3466, -23.0566 ], [ -48.3464, -23.0544 ], [ -48.3451, -23.0516 ], [ -48.3438, -23.05 ], [ -48.3447, -23.0495 ], [ -48.3476, -23.0525 ], [ -48.3486, -23.0531 ], [ -48.3507, -23.0531 ], [ -48.3522, -23.0537 ], [ -48.3534, -23.0534 ], [ -48.3535, -23.0513 ], [ -48.354, -23.0506 ], [ -48.3563, -23.0508 ], [ -48.3573, -23.049 ], [ -48.3562, -23.0474 ], [ -48.3538, -23.0461 ], [ -48.3542, -23.0444 ], [ -48.3579, -23.0435 ], [ -48.3587, -23.041 ], [ -48.3585, -23.0372 ], [ -48.3589, -23.0351 ], [ -48.3565, -23.0353 ], [ -48.3559, -23.0348 ], [ -48.357, -23.0324 ], [ -48.356, -23.0311 ], [ -48.3541, -23.0312 ], [ -48.3521, -23.0292 ], [ -48.351, -23.029 ], [ -48.3494, -23.0297 ], [ -48.348, -23.028 ], [ -48.3462, -23.027 ], [ -48.3433, -23.0266 ], [ -48.3424, -23.0261 ], [ -48.3428, -23.0248 ], [ -48.3452, -23.0249 ], [ -48.3464, -23.0239 ], [ -48.3476, -23.0248 ], [ -48.3496, -23.0255 ], [ -48.3522, -23.0271 ], [ -48.356, -23.0269 ], [ -48.3558, -23.0252 ], [ -48.3547, -23.024 ], [ -48.3546, -23.0226 ], [ -48.3534, -23.0216 ], [ -48.3552, -23.0202 ], [ -48.3528, -23.0184 ], [ -48.3507, -23.019 ], [ -48.3491, -23.0162 ], [ -48.3468, -23.0157 ], [ -48.3468, -23.014 ], [ -48.3475, -23.013 ], [ -48.3492, -23.0121 ], [ -48.3496, -23.0113 ], [ -48.3464, -23.01 ], [ -48.3458, -23.009 ], [ -48.3467, -23.0065 ], [ -48.3484, -23.0048 ], [ -48.3483, -23.0033 ], [ -48.3466, -23.0036 ], [ -48.3431, -23.0056 ], [ -48.3421, -23.0058 ], [ -48.3399, -23.0023 ], [ -48.3391, -23.0021 ], [ -48.3374, -23.0036 ], [ -48.3362, -23.0057 ], [ -48.3334, -23.0088 ], [ -48.3316, -23.0073 ], [ -48.3317, -23.0057 ], [ -48.33, -23.0044 ], [ -48.3282, -23.0013 ], [ -48.3262, -23.0028 ], [ -48.324, -23.003 ], [ -48.3213, -23.0018 ], [ -48.3204, -22.9976 ], [ -48.3202, -22.9959 ], [ -48.3185, -22.9935 ], [ -48.3157, -22.994 ], [ -48.313, -22.9926 ], [ -48.31, -22.9924 ], [ -48.3084, -22.9913 ], [ -48.3067, -22.9909 ], [ -48.3046, -22.9888 ], [ -48.3034, -22.9867 ], [ -48.3008, -22.9851 ], [ -48.2996, -22.9834 ], [ -48.2961, -22.9817 ], [ -48.2952, -22.9802 ], [ -48.2956, -22.9779 ], [ -48.2942, -22.9736 ], [ -48.2931, -22.9721 ], [ -48.2913, -22.9709 ], [ -48.2918, -22.9655 ], [ -48.2918, -22.9595 ], [ -48.2913, -22.9582 ], [ -48.2841, -22.9585 ], [ -48.2792, -22.9599 ], [ -48.2768, -22.96 ], [ -48.2745, -22.9612 ], [ -48.2717, -22.962 ], [ -48.2701, -22.9632 ], [ -48.269, -22.9651 ], [ -48.2662, -22.9651 ], [ -48.2635, -22.9659 ], [ -48.2619, -22.9669 ], [ -48.2582, -22.9674 ], [ -48.2549, -22.9694 ], [ -48.253, -22.969 ], [ -48.2506, -22.9691 ], [ -48.2479, -22.9699 ], [ -48.2464, -22.9716 ], [ -48.2443, -22.9714 ], [ -48.2435, -22.972 ], [ -48.2435, -22.9736 ], [ -48.2427, -22.9745 ], [ -48.2403, -22.9737 ], [ -48.2375, -22.9767 ], [ -48.2361, -22.9764 ], [ -48.2341, -22.979 ], [ -48.2339, -22.9799 ], [ -48.2315, -22.9798 ], [ -48.2301, -22.9802 ], [ -48.2283, -22.9846 ], [ -48.2258, -22.9864 ], [ -48.2225, -22.9878 ], [ -48.2214, -22.9896 ], [ -48.2212, -22.9912 ], [ -48.2202, -22.9922 ], [ -48.2185, -22.9921 ], [ -48.218, -22.9935 ], [ -48.2153, -22.9935 ], [ -48.2137, -22.9947 ], [ -48.2106, -22.9948 ], [ -48.2089, -22.9956 ], [ -48.2057, -22.9951 ], [ -48.2046, -22.9937 ], [ -48.2044, -22.9919 ], [ -48.2036, -22.9914 ], [ -48.2018, -22.9917 ], [ -48.2003, -22.9905 ], [ -48.1992, -22.9877 ], [ -48.1977, -22.9849 ], [ -48.1946, -22.985 ], [ -48.1917, -22.9832 ], [ -48.188, -22.9832 ], [ -48.185, -22.9827 ], [ -48.1829, -22.9811 ], [ -48.1798, -22.9806 ], [ -48.1792, -22.9792 ], [ -48.1776, -22.9791 ], [ -48.1736, -22.983 ], [ -48.1701, -22.9891 ], [ -48.1696, -22.9906 ], [ -48.1692, -22.9942 ], [ -48.168, -22.9958 ], [ -48.1663, -22.9968 ], [ -48.1622, -22.9982 ], [ -48.1571, -22.9973 ], [ -48.1561, -22.9965 ], [ -48.1529, -22.9952 ], [ -48.1486, -22.9924 ], [ -48.1442, -22.9919 ], [ -48.1413, -22.9903 ], [ -48.1392, -22.9879 ], [ -48.1361, -22.9858 ], [ -48.134, -22.9852 ], [ -48.1326, -22.9839 ], [ -48.1322, -22.9822 ], [ -48.1327, -22.9743 ], [ -48.1336, -22.9715 ], [ -48.1367, -22.9688 ], [ -48.1381, -22.9669 ], [ -48.1382, -22.9649 ], [ -48.136, -22.9652 ], [ -48.1339, -22.9661 ], [ -48.1323, -22.9684 ], [ -48.1307, -22.9684 ], [ -48.1288, -22.9696 ], [ -48.1298, -22.9705 ], [ -48.128, -22.9712 ], [ -48.127, -22.9701 ], [ -48.1261, -22.9711 ], [ -48.1262, -22.9724 ], [ -48.1274, -22.9756 ], [ -48.1268, -22.9773 ], [ -48.1276, -22.978 ], [ -48.1284, -22.9801 ], [ -48.1297, -22.9808 ], [ -48.1288, -22.9838 ], [ -48.1301, -22.9845 ], [ -48.1296, -22.9859 ], [ -48.1302, -22.9866 ], [ -48.1293, -22.9917 ], [ -48.13, -22.9933 ], [ -48.1288, -22.9938 ], [ -48.1283, -22.9955 ], [ -48.1291, -22.996 ], [ -48.1291, -22.9977 ], [ -48.1273, -23.0 ], [ -48.1261, -22.9992 ], [ -48.125, -23.0027 ], [ -48.1255, -23.0058 ], [ -48.1282, -23.0074 ], [ -48.1294, -23.0089 ], [ -48.1291, -23.0101 ], [ -48.1276, -23.0109 ], [ -48.1278, -23.0138 ], [ -48.1262, -23.0138 ], [ -48.127, -23.0153 ], [ -48.1265, -23.017 ], [ -48.127, -23.0182 ], [ -48.1287, -23.0191 ], [ -48.1291, -23.0202 ], [ -48.1317, -23.0208 ], [ -48.1335, -23.0204 ], [ -48.1341, -23.022 ], [ -48.1353, -23.0214 ], [ -48.1372, -23.0213 ], [ -48.1379, -23.023 ], [ -48.139, -23.0221 ], [ -48.14, -23.0227 ], [ -48.1395, -23.0242 ], [ -48.1384, -23.0251 ], [ -48.1338, -23.0268 ], [ -48.1319, -23.0269 ], [ -48.1295, -23.0283 ], [ -48.1285, -23.0283 ], [ -48.1252, -23.0296 ], [ -48.1232, -23.03 ], [ -48.1231, -23.0308 ], [ -48.1247, -23.0322 ], [ -48.1268, -23.0321 ], [ -48.1279, -23.0335 ], [ -48.1301, -23.0329 ], [ -48.13, -23.0346 ], [ -48.1308, -23.0359 ], [ -48.1304, -23.0368 ], [ -48.1327, -23.0387 ], [ -48.1327, -23.0397 ], [ -48.1343, -23.0402 ], [ -48.1345, -23.0423 ], [ -48.1332, -23.0444 ], [ -48.1351, -23.0449 ], [ -48.1358, -23.046 ], [ -48.1354, -23.0476 ], [ -48.134, -23.0475 ], [ -48.1353, -23.0515 ], [ -48.1348, -23.0523 ], [ -48.1325, -23.0541 ], [ -48.1321, -23.0557 ], [ -48.1298, -23.0573 ], [ -48.1298, -23.0591 ], [ -48.1334, -23.0619 ], [ -48.1346, -23.0609 ], [ -48.1363, -23.0609 ], [ -48.1377, -23.06 ], [ -48.1415, -23.0586 ], [ -48.1425, -23.0588 ], [ -48.1441, -23.0616 ], [ -48.1451, -23.0621 ], [ -48.146, -23.0641 ], [ -48.1457, -23.0651 ], [ -48.1421, -23.0648 ], [ -48.1407, -23.0641 ], [ -48.1399, -23.0654 ], [ -48.1402, -23.0666 ], [ -48.1416, -23.0673 ], [ -48.1439, -23.0714 ], [ -48.1428, -23.0719 ], [ -48.1429, -23.0736 ], [ -48.1461, -23.0762 ], [ -48.1456, -23.0784 ], [ -48.1469, -23.0808 ], [ -48.148, -23.0805 ], [ -48.1482, -23.0789 ], [ -48.1493, -23.0782 ], [ -48.1482, -23.0743 ], [ -48.1483, -23.0725 ], [ -48.149, -23.0703 ], [ -48.1505, -23.0691 ], [ -48.1517, -23.0715 ], [ -48.1538, -23.0695 ], [ -48.1556, -23.0701 ], [ -48.1561, -23.0709 ], [ -48.1554, -23.0739 ], [ -48.1533, -23.077 ], [ -48.1545, -23.078 ], [ -48.1573, -23.0776 ], [ -48.1597, -23.0779 ], [ -48.1629, -23.0778 ], [ -48.1658, -23.0794 ], [ -48.1661, -23.0809 ], [ -48.1652, -23.0816 ], [ -48.1614, -23.0816 ], [ -48.1596, -23.0827 ], [ -48.1588, -23.0841 ], [ -48.1595, -23.0867 ], [ -48.1567, -23.0865 ], [ -48.1543, -23.0854 ], [ -48.1526, -23.0842 ], [ -48.1505, -23.0846 ], [ -48.1489, -23.0874 ], [ -48.1459, -23.0904 ], [ -48.1432, -23.0896 ], [ -48.1422, -23.0886 ], [ -48.1376, -23.0886 ], [ -48.1349, -23.0893 ], [ -48.133, -23.0903 ], [ -48.1291, -23.0902 ], [ -48.1271, -23.0892 ], [ -48.1253, -23.0916 ], [ -48.1234, -23.093 ], [ -48.1204, -23.0942 ], [ -48.1129, -23.0983 ], [ -48.1095, -23.0983 ], [ -48.1077, -23.0978 ], [ -48.1077, -23.0957 ], [ -48.1093, -23.0936 ], [ -48.1101, -23.0917 ], [ -48.1096, -23.0903 ], [ -48.105, -23.0899 ], [ -48.1005, -23.0878 ], [ -48.0985, -23.0874 ], [ -48.0969, -23.0865 ], [ -48.0958, -23.0852 ], [ -48.0944, -23.0861 ], [ -48.0917, -23.0865 ], [ -48.09, -23.0847 ], [ -48.0894, -23.0815 ], [ -48.0882, -23.0804 ], [ -48.0858, -23.0809 ], [ -48.0837, -23.0823 ], [ -48.0834, -23.0845 ], [ -48.0803, -23.0872 ], [ -48.0792, -23.0872 ], [ -48.0769, -23.0905 ], [ -48.0745, -23.0911 ], [ -48.0708, -23.0908 ], [ -48.0683, -23.091 ], [ -48.0637, -23.0929 ], [ -48.0617, -23.095 ], [ -48.0609, -23.097 ], [ -48.0609, -23.0996 ], [ -48.0599, -23.1011 ], [ -48.057, -23.1038 ], [ -48.0581, -23.1046 ], [ -48.0576, -23.1076 ], [ -48.0581, -23.1105 ], [ -48.0578, -23.1117 ], [ -48.0563, -23.1129 ], [ -48.0548, -23.1157 ], [ -48.0538, -23.1166 ], [ -48.0518, -23.1171 ], [ -48.05, -23.1181 ], [ -48.0491, -23.1197 ], [ -48.0489, -23.1213 ], [ -48.0497, -23.1236 ], [ -48.05, -23.1258 ], [ -48.0498, -23.1279 ], [ -48.0566, -23.1322 ], [ -48.0592, -23.1328 ], [ -48.061, -23.1339 ], [ -48.0616, -23.1352 ], [ -48.0606, -23.1383 ], [ -48.062, -23.1424 ], [ -48.0628, -23.1437 ], [ -48.0626, -23.147 ], [ -48.061, -23.148 ], [ -48.0546, -23.1484 ], [ -48.0527, -23.1482 ], [ -48.0521, -23.1489 ], [ -48.0516, -23.1518 ], [ -48.0507, -23.1534 ], [ -48.0495, -23.1542 ], [ -48.0471, -23.1544 ], [ -48.0443, -23.1539 ], [ -48.0429, -23.1546 ], [ -48.0413, -23.1578 ], [ -48.0398, -23.1586 ], [ -48.0368, -23.1587 ], [ -48.0348, -23.1596 ], [ -48.0335, -23.1613 ], [ -48.0306, -23.1621 ], [ -48.0289, -23.1636 ], [ -48.0263, -23.1645 ], [ -48.0228, -23.1647 ], [ -48.0213, -23.1663 ], [ -48.0179, -23.1667 ], [ -48.0144, -23.1673 ], [ -48.0127, -23.1688 ], [ -48.0126, -23.1715 ], [ -48.0142, -23.1733 ], [ -48.0139, -23.1759 ], [ -48.0146, -23.1772 ], [ -48.019, -23.1808 ], [ -48.0208, -23.1833 ], [ -48.0217, -23.1859 ], [ -48.0216, -23.1881 ], [ -48.0202, -23.1895 ], [ -48.0213, -23.1923 ], [ -48.0219, -23.1951 ], [ -48.0227, -23.1964 ], [ -48.0245, -23.1975 ], [ -48.0249, -23.1984 ], [ -48.0244, -23.201 ], [ -48.0248, -23.202 ], [ -48.0273, -23.2033 ], [ -48.0292, -23.206 ], [ -48.0342, -23.2066 ], [ -48.0352, -23.2072 ], [ -48.0378, -23.2118 ], [ -48.0414, -23.2146 ], [ -48.0429, -23.2165 ], [ -48.0461, -23.2184 ], [ -48.0494, -23.218 ], [ -48.0504, -23.2197 ], [ -48.0512, -23.2235 ], [ -48.0524, -23.2246 ], [ -48.0535, -23.2279 ], [ -48.056, -23.2304 ], [ -48.0572, -23.2325 ], [ -48.0507, -23.2308 ], [ -48.0455, -23.2287 ], [ -48.0432, -23.2275 ], [ -48.0398, -23.2264 ], [ -48.0354, -23.2255 ], [ -48.0321, -23.2243 ], [ -48.0304, -23.2226 ], [ -48.029, -23.2247 ], [ -48.0263, -23.227 ], [ -48.0197, -23.2279 ], [ -48.0174, -23.2269 ], [ -48.0141, -23.2239 ], [ -48.0128, -23.2234 ], [ -48.009, -23.2236 ], [ -48.0036, -23.2233 ], [ -48.0004, -23.2234 ], [ -47.9989, -23.2238 ], [ -47.9956, -23.2235 ], [ -47.9925, -23.2217 ], [ -47.9904, -23.2209 ], [ -47.9849, -23.2203 ], [ -47.9822, -23.2197 ], [ -47.9813, -23.2188 ], [ -47.9825, -23.2171 ], [ -47.9814, -23.2152 ], [ -47.9782, -23.2151 ], [ -47.9767, -23.2146 ], [ -47.9752, -23.2128 ], [ -47.9743, -23.2108 ], [ -47.9724, -23.2095 ], [ -47.9724, -23.2075 ], [ -47.9738, -23.206 ], [ -47.976, -23.2046 ], [ -47.9779, -23.2028 ], [ -47.9786, -23.201 ], [ -47.9777, -23.199 ], [ -47.9776, -23.1976 ], [ -47.9782, -23.1956 ], [ -47.9797, -23.1933 ], [ -47.9801, -23.1915 ], [ -47.9793, -23.1888 ], [ -47.9782, -23.1879 ], [ -47.9757, -23.1875 ], [ -47.9728, -23.1881 ], [ -47.9707, -23.189 ], [ -47.9699, -23.1887 ], [ -47.9691, -23.186 ], [ -47.9654, -23.1846 ], [ -47.9627, -23.183 ], [ -47.959, -23.1833 ], [ -47.9562, -23.1838 ], [ -47.9536, -23.183 ], [ -47.9495, -23.1822 ], [ -47.9471, -23.1813 ], [ -47.9456, -23.18 ], [ -47.9455, -23.1782 ], [ -47.9485, -23.1729 ], [ -47.9493, -23.1699 ], [ -47.9487, -23.1693 ], [ -47.9428, -23.1674 ], [ -47.9416, -23.1661 ], [ -47.9405, -23.1632 ], [ -47.9373, -23.1614 ], [ -47.9342, -23.1612 ], [ -47.9316, -23.1601 ], [ -47.9307, -23.1592 ], [ -47.927, -23.1576 ], [ -47.9245, -23.161 ], [ -47.9231, -23.1622 ], [ -47.9192, -23.1625 ], [ -47.9158, -23.1624 ], [ -47.912, -23.1608 ], [ -47.91, -23.1609 ], [ -47.9066, -23.1604 ], [ -47.9056, -23.1607 ], [ -47.9014, -23.1601 ], [ -47.9001, -23.1605 ], [ -47.8981, -23.1603 ], [ -47.8967, -23.161 ], [ -47.8928, -23.1614 ], [ -47.8912, -23.1605 ], [ -47.8898, -23.1613 ], [ -47.8857, -23.1619 ], [ -47.885, -23.1636 ], [ -47.8829, -23.1629 ], [ -47.8813, -23.1612 ], [ -47.8794, -23.1601 ], [ -47.8761, -23.1601 ], [ -47.8747, -23.1608 ], [ -47.8744, -23.1619 ], [ -47.8725, -23.1631 ], [ -47.8718, -23.1643 ], [ -47.8693, -23.1656 ], [ -47.8688, -23.1667 ], [ -47.8658, -23.1676 ], [ -47.865, -23.1698 ], [ -47.862, -23.1707 ], [ -47.8598, -23.1717 ], [ -47.8596, -23.1725 ], [ -47.8598, -23.1758 ], [ -47.8582, -23.1759 ], [ -47.857, -23.175 ], [ -47.8554, -23.175 ], [ -47.8533, -23.1731 ], [ -47.8515, -23.1728 ], [ -47.8492, -23.1734 ], [ -47.8477, -23.173 ], [ -47.8445, -23.1746 ], [ -47.8436, -23.174 ], [ -47.8391, -23.174 ], [ -47.8408, -23.1721 ], [ -47.8395, -23.1703 ], [ -47.8373, -23.1695 ], [ -47.8393, -23.1678 ], [ -47.8391, -23.1655 ], [ -47.8409, -23.1649 ], [ -47.841, -23.1634 ], [ -47.842, -23.1629 ], [ -47.843, -23.1641 ], [ -47.8442, -23.1642 ], [ -47.8449, -23.1624 ], [ -47.844, -23.1619 ], [ -47.844, -23.1599 ], [ -47.8451, -23.1591 ], [ -47.8432, -23.1575 ], [ -47.8409, -23.1583 ], [ -47.8391, -23.1576 ], [ -47.8394, -23.1564 ], [ -47.8366, -23.1543 ], [ -47.8345, -23.1543 ], [ -47.8319, -23.1524 ], [ -47.8298, -23.1522 ], [ -47.8279, -23.1503 ], [ -47.8248, -23.1514 ], [ -47.8233, -23.1513 ], [ -47.8171, -23.1526 ], [ -47.8144, -23.1541 ], [ -47.8134, -23.1567 ], [ -47.8068, -23.1635 ], [ -47.8054, -23.1655 ], [ -47.8045, -23.1689 ], [ -47.8046, -23.1707 ], [ -47.8057, -23.1709 ], [ -47.8093, -23.1702 ], [ -47.8128, -23.1706 ], [ -47.8149, -23.1713 ], [ -47.8179, -23.1739 ], [ -47.819, -23.1761 ], [ -47.8182, -23.1779 ], [ -47.8166, -23.1792 ], [ -47.8123, -23.1819 ], [ -47.8089, -23.1834 ], [ -47.8071, -23.1855 ], [ -47.8073, -23.1871 ], [ -47.8099, -23.1869 ], [ -47.8107, -23.1876 ], [ -47.8093, -23.1888 ], [ -47.8103, -23.19 ], [ -47.812, -23.1904 ], [ -47.812, -23.1929 ], [ -47.8133, -23.1943 ], [ -47.8143, -23.1942 ], [ -47.8139, -23.1916 ], [ -47.8156, -23.1908 ], [ -47.8186, -23.1919 ], [ -47.8191, -23.1926 ], [ -47.8185, -23.1958 ], [ -47.8186, -23.1991 ], [ -47.819, -23.2002 ], [ -47.8205, -23.2011 ], [ -47.8254, -23.2029 ], [ -47.8273, -23.2033 ], [ -47.8273, -23.2046 ], [ -47.8228, -23.2082 ], [ -47.8196, -23.212 ], [ -47.8179, -23.2133 ], [ -47.8156, -23.2143 ], [ -47.8128, -23.216 ], [ -47.8095, -23.2164 ], [ -47.8084, -23.2156 ], [ -47.807, -23.2135 ], [ -47.8051, -23.2117 ], [ -47.8038, -23.2113 ], [ -47.8027, -23.2123 ], [ -47.8051, -23.2166 ], [ -47.8051, -23.2179 ], [ -47.8039, -23.2203 ], [ -47.8018, -23.2224 ], [ -47.8025, -23.2239 ], [ -47.802, -23.2253 ], [ -47.803, -23.226 ], [ -47.8063, -23.2252 ], [ -47.8076, -23.2244 ], [ -47.8093, -23.2224 ], [ -47.8112, -23.2227 ], [ -47.8129, -23.2244 ], [ -47.8149, -23.2275 ], [ -47.8146, -23.2283 ], [ -47.8125, -23.2294 ], [ -47.812, -23.2323 ], [ -47.8115, -23.2334 ], [ -47.8077, -23.2367 ], [ -47.8066, -23.2369 ], [ -47.8049, -23.2358 ], [ -47.802, -23.2352 ], [ -47.8006, -23.2344 ], [ -47.7978, -23.2309 ], [ -47.7952, -23.2287 ], [ -47.7934, -23.2286 ], [ -47.7913, -23.2293 ], [ -47.7874, -23.232 ], [ -47.7862, -23.2319 ], [ -47.7842, -23.2306 ], [ -47.7832, -23.2287 ], [ -47.7836, -23.2225 ], [ -47.7806, -23.2231 ], [ -47.7797, -23.2242 ], [ -47.7799, -23.2254 ], [ -47.7817, -23.2267 ], [ -47.7822, -23.228 ], [ -47.7805, -23.2299 ], [ -47.7798, -23.2312 ], [ -47.7803, -23.2326 ], [ -47.7816, -23.2333 ], [ -47.7837, -23.2335 ], [ -47.7859, -23.2347 ], [ -47.7858, -23.2357 ], [ -47.7847, -23.2365 ], [ -47.7829, -23.2368 ], [ -47.7815, -23.2377 ], [ -47.7813, -23.2395 ], [ -47.7822, -23.2418 ], [ -47.7823, -23.2433 ], [ -47.7819, -23.2479 ], [ -47.7829, -23.2514 ], [ -47.7822, -23.2525 ], [ -47.7778, -23.2531 ], [ -47.7757, -23.2528 ], [ -47.7741, -23.2519 ], [ -47.7722, -23.2518 ], [ -47.7713, -23.2515 ], [ -47.7668, -23.248 ], [ -47.7632, -23.2434 ], [ -47.7618, -23.2423 ], [ -47.7562, -23.2412 ], [ -47.7532, -23.2409 ], [ -47.7503, -23.2393 ], [ -47.7486, -23.2377 ], [ -47.7468, -23.2333 ], [ -47.745, -23.2311 ], [ -47.7432, -23.2299 ], [ -47.7419, -23.2296 ], [ -47.7385, -23.2305 ], [ -47.7357, -23.23 ], [ -47.7327, -23.2306 ], [ -47.7295, -23.2306 ], [ -47.7268, -23.2318 ], [ -47.7238, -23.2322 ], [ -47.7202, -23.2344 ], [ -47.719, -23.2342 ], [ -47.715, -23.2313 ], [ -47.7098, -23.2294 ], [ -47.7082, -23.2294 ], [ -47.7049, -23.2282 ], [ -47.7022, -23.2277 ], [ -47.7032, -23.2266 ], [ -47.7054, -23.2221 ], [ -47.7064, -23.2187 ], [ -47.704, -23.216 ], [ -47.6994, -23.2166 ], [ -47.694, -23.2183 ], [ -47.6909, -23.2197 ], [ -47.6904, -23.2207 ], [ -47.6901, -23.2232 ], [ -47.6887, -23.2228 ], [ -47.6851, -23.2199 ], [ -47.684, -23.2197 ], [ -47.6815, -23.2203 ], [ -47.6796, -23.2198 ], [ -47.6784, -23.2184 ], [ -47.673, -23.2147 ], [ -47.6699, -23.2138 ], [ -47.6661, -23.2108 ], [ -47.664, -23.2076 ], [ -47.6605, -23.2045 ], [ -47.6602, -23.2026 ], [ -47.6591, -23.2015 ], [ -47.6562, -23.201 ], [ -47.6511, -23.1976 ], [ -47.6477, -23.1965 ], [ -47.6469, -23.1947 ], [ -47.6454, -23.1936 ], [ -47.6423, -23.1937 ], [ -47.6402, -23.1951 ], [ -47.6386, -23.1951 ], [ -47.6356, -23.1933 ], [ -47.6338, -23.1916 ], [ -47.6319, -23.1908 ], [ -47.6295, -23.1916 ], [ -47.6285, -23.1911 ], [ -47.6247, -23.1877 ], [ -47.6227, -23.1866 ], [ -47.6199, -23.1844 ], [ -47.6159, -23.1818 ], [ -47.6158, -23.1801 ], [ -47.6173, -23.1743 ], [ -47.6168, -23.173 ], [ -47.6149, -23.1721 ], [ -47.6151, -23.1701 ], [ -47.6137, -23.1686 ], [ -47.6137, -23.1671 ], [ -47.6156, -23.1648 ], [ -47.6162, -23.1618 ], [ -47.6138, -23.1542 ], [ -47.6124, -23.1515 ], [ -47.6094, -23.1486 ], [ -47.6083, -23.1483 ], [ -47.6056, -23.1504 ], [ -47.6027, -23.1518 ], [ -47.5999, -23.1514 ], [ -47.597, -23.1498 ], [ -47.5942, -23.1496 ], [ -47.5895, -23.1528 ], [ -47.5866, -23.1532 ], [ -47.5842, -23.1521 ], [ -47.5834, -23.1506 ], [ -47.585, -23.1486 ], [ -47.5862, -23.1461 ], [ -47.5878, -23.1446 ], [ -47.591, -23.1432 ], [ -47.5944, -23.1405 ], [ -47.5964, -23.138 ], [ -47.5974, -23.1357 ], [ -47.5961, -23.1333 ], [ -47.596, -23.132 ], [ -47.5969, -23.1313 ], [ -47.6002, -23.1305 ], [ -47.6042, -23.1309 ], [ -47.6067, -23.1318 ], [ -47.6097, -23.1341 ], [ -47.6111, -23.1365 ], [ -47.6122, -23.1375 ], [ -47.6151, -23.1388 ], [ -47.6198, -23.1418 ], [ -47.6229, -23.1422 ], [ -47.6243, -23.1418 ], [ -47.6255, -23.1402 ], [ -47.6254, -23.1388 ], [ -47.6242, -23.1377 ], [ -47.624, -23.1323 ], [ -47.6243, -23.1306 ], [ -47.6257, -23.1287 ], [ -47.6284, -23.1261 ], [ -47.6289, -23.125 ], [ -47.6303, -23.1169 ], [ -47.6301, -23.1155 ], [ -47.6282, -23.1122 ], [ -47.6279, -23.1091 ], [ -47.6252, -23.1103 ], [ -47.6244, -23.1116 ], [ -47.6246, -23.1137 ], [ -47.6217, -23.1155 ], [ -47.6193, -23.1143 ], [ -47.6179, -23.112 ], [ -47.6171, -23.1117 ], [ -47.6171, -23.1099 ], [ -47.6148, -23.1095 ], [ -47.6145, -23.1085 ], [ -47.616, -23.1069 ], [ -47.6157, -23.1062 ], [ -47.6133, -23.1065 ], [ -47.6127, -23.1057 ], [ -47.6137, -23.1047 ], [ -47.6129, -23.1029 ], [ -47.6087, -23.0993 ], [ -47.6072, -23.0986 ], [ -47.6038, -23.0984 ], [ -47.6028, -23.0997 ], [ -47.6004, -23.0999 ], [ -47.5971, -23.0995 ], [ -47.595, -23.102 ], [ -47.5932, -23.1022 ], [ -47.5896, -23.102 ], [ -47.587, -23.1032 ], [ -47.5863, -23.1024 ], [ -47.5814, -23.1037 ], [ -47.5791, -23.1026 ], [ -47.5779, -23.1013 ], [ -47.5766, -23.1011 ], [ -47.5755, -23.1001 ], [ -47.5739, -23.0999 ], [ -47.5725, -23.0983 ], [ -47.5686, -23.0991 ], [ -47.5674, -23.0987 ], [ -47.5657, -23.097 ], [ -47.5667, -23.095 ], [ -47.5666, -23.094 ], [ -47.5647, -23.0915 ], [ -47.5632, -23.0907 ], [ -47.5623, -23.091 ], [ -47.56, -23.0932 ], [ -47.5589, -23.0948 ], [ -47.5576, -23.0958 ], [ -47.5564, -23.0959 ], [ -47.5538, -23.0984 ], [ -47.5525, -23.0985 ], [ -47.5494, -23.0974 ], [ -47.5465, -23.0982 ], [ -47.542, -23.0984 ], [ -47.5396, -23.1001 ], [ -47.5387, -23.1015 ], [ -47.5363, -23.1017 ], [ -47.5348, -23.1009 ], [ -47.5315, -23.1015 ], [ -47.53, -23.1013 ], [ -47.5292, -23.1005 ], [ -47.5286, -23.0948 ], [ -47.5247, -23.0949 ], [ -47.52, -23.0946 ], [ -47.5144, -23.0925 ], [ -47.511, -23.0915 ], [ -47.5086, -23.0916 ], [ -47.5065, -23.0936 ], [ -47.5034, -23.0937 ], [ -47.5013, -23.0943 ], [ -47.4971, -23.0977 ], [ -47.4927, -23.1023 ], [ -47.4918, -23.1038 ], [ -47.4898, -23.1059 ], [ -47.4888, -23.1075 ], [ -47.4869, -23.1118 ], [ -47.4852, -23.117 ], [ -47.4831, -23.1189 ], [ -47.4818, -23.1209 ], [ -47.4814, -23.1239 ], [ -47.4804, -23.125 ], [ -47.4787, -23.125 ], [ -47.4769, -23.1237 ], [ -47.4751, -23.1232 ], [ -47.4694, -23.124 ], [ -47.4655, -23.128 ], [ -47.4649, -23.1268 ], [ -47.4666, -23.1214 ], [ -47.4683, -23.1176 ], [ -47.468, -23.1154 ], [ -47.4656, -23.1119 ], [ -47.4653, -23.1099 ], [ -47.4622, -23.1086 ], [ -47.4566, -23.1074 ], [ -47.4533, -23.1062 ], [ -47.451, -23.1061 ], [ -47.4475, -23.1072 ], [ -47.4437, -23.1063 ], [ -47.4414, -23.1061 ], [ -47.4339, -23.1061 ], [ -47.4326, -23.1056 ], [ -47.4309, -23.1043 ], [ -47.4282, -23.1011 ], [ -47.4273, -23.1021 ], [ -47.4262, -23.1054 ], [ -47.4227, -23.1087 ], [ -47.422, -23.1111 ], [ -47.4203, -23.1132 ], [ -47.4179, -23.1152 ], [ -47.4155, -23.1162 ], [ -47.4119, -23.1195 ], [ -47.4117, -23.121 ], [ -47.4152, -23.126 ], [ -47.4156, -23.1285 ], [ -47.4141, -23.1324 ], [ -47.4142, -23.1335 ], [ -47.4158, -23.1356 ], [ -47.4182, -23.1376 ], [ -47.4201, -23.1402 ], [ -47.4207, -23.1422 ], [ -47.4203, -23.1447 ], [ -47.4209, -23.1462 ], [ -47.4222, -23.1474 ], [ -47.4229, -23.149 ], [ -47.4229, -23.152 ], [ -47.4235, -23.1559 ], [ -47.4214, -23.1619 ], [ -47.4216, -23.1632 ], [ -47.4203, -23.166 ], [ -47.4185, -23.1687 ], [ -47.4175, -23.1669 ], [ -47.4157, -23.1658 ], [ -47.4113, -23.1642 ], [ -47.4073, -23.1636 ], [ -47.4049, -23.1622 ], [ -47.4024, -23.1616 ], [ -47.3991, -23.162 ], [ -47.3973, -23.1613 ], [ -47.3959, -23.1588 ], [ -47.3927, -23.1556 ], [ -47.3896, -23.1547 ], [ -47.3881, -23.1541 ], [ -47.3873, -23.1528 ], [ -47.3843, -23.1545 ], [ -47.3836, -23.1544 ], [ -47.382, -23.152 ], [ -47.3786, -23.1511 ], [ -47.3781, -23.1525 ], [ -47.3757, -23.1508 ], [ -47.3768, -23.148 ], [ -47.3746, -23.1484 ], [ -47.3726, -23.1453 ], [ -47.3726, -23.1445 ], [ -47.3689, -23.1431 ], [ -47.3662, -23.143 ], [ -47.3638, -23.1424 ], [ -47.3618, -23.1415 ], [ -47.3597, -23.1396 ], [ -47.3544, -23.1356 ], [ -47.352, -23.1328 ], [ -47.3503, -23.1282 ], [ -47.3497, -23.1252 ], [ -47.35, -23.1218 ], [ -47.3499, -23.1182 ], [ -47.3483, -23.1173 ], [ -47.3433, -23.1175 ], [ -47.3414, -23.1166 ], [ -47.3402, -23.1122 ], [ -47.3393, -23.1112 ], [ -47.3365, -23.1107 ], [ -47.3343, -23.1114 ], [ -47.3306, -23.1135 ], [ -47.3287, -23.1141 ], [ -47.3274, -23.1162 ], [ -47.3258, -23.1181 ], [ -47.3249, -23.1211 ], [ -47.324, -23.1228 ], [ -47.3217, -23.1232 ], [ -47.3208, -23.1244 ], [ -47.3185, -23.1231 ], [ -47.3007, -23.1128 ], [ -47.2995, -23.1109 ], [ -47.2999, -23.1087 ], [ -47.3009, -23.1063 ], [ -47.3005, -23.1031 ], [ -47.3008, -23.102 ], [ -47.3006, -23.0989 ], [ -47.2996, -23.0981 ], [ -47.2986, -23.0956 ], [ -47.2981, -23.0926 ], [ -47.2954, -23.0909 ], [ -47.295, -23.0898 ], [ -47.2937, -23.089 ], [ -47.2922, -23.0861 ], [ -47.289, -23.0835 ], [ -47.2868, -23.0801 ], [ -47.2843, -23.0773 ], [ -47.2806, -23.0739 ], [ -47.2777, -23.0723 ], [ -47.2777, -23.0708 ], [ -47.2794, -23.0669 ], [ -47.2803, -23.064 ], [ -47.2808, -23.0632 ], [ -47.2838, -23.0617 ], [ -47.286, -23.0591 ], [ -47.2868, -23.0567 ], [ -47.2871, -23.0534 ], [ -47.2895, -23.0504 ], [ -47.2905, -23.0481 ], [ -47.2906, -23.0437 ], [ -47.2899, -23.0427 ], [ -47.2865, -23.0391 ], [ -47.2854, -23.0348 ], [ -47.2852, -23.0315 ], [ -47.2845, -23.0302 ], [ -47.2829, -23.0287 ], [ -47.2799, -23.0266 ], [ -47.2771, -23.0242 ], [ -47.2745, -23.0206 ], [ -47.2732, -23.0199 ], [ -47.2712, -23.0199 ], [ -47.2701, -23.0176 ], [ -47.27, -23.0153 ], [ -47.265, -23.0142 ], [ -47.2614, -23.0089 ], [ -47.2593, -23.0071 ], [ -47.2575, -23.0026 ], [ -47.2572, -23.0004 ], [ -47.2549, -22.9979 ], [ -47.2516, -22.9988 ], [ -47.2502, -23.0003 ], [ -47.2477, -23.0014 ], [ -47.2467, -23.0022 ], [ -47.2454, -23.0017 ], [ -47.2425, -23.0024 ], [ -47.2412, -23.0041 ], [ -47.2401, -23.0045 ], [ -47.2383, -23.004 ], [ -47.2363, -23.005 ], [ -47.2353, -23.0062 ], [ -47.2331, -23.0072 ], [ -47.2324, -23.0077 ], [ -47.2319, -23.0096 ], [ -47.228, -23.0132 ], [ -47.2251, -23.0143 ], [ -47.2248, -23.0152 ], [ -47.2232, -23.016 ], [ -47.2208, -23.0157 ], [ -47.2199, -23.0161 ], [ -47.2201, -23.0184 ], [ -47.2165, -23.0213 ], [ -47.213, -23.0231 ], [ -47.2116, -23.0232 ], [ -47.21, -23.0241 ], [ -47.2082, -23.0259 ], [ -47.2069, -23.0297 ], [ -47.2047, -23.0311 ], [ -47.2045, -23.0318 ], [ -47.1997, -23.0323 ], [ -47.1978, -23.0312 ], [ -47.1971, -23.0316 ], [ -47.1935, -23.0317 ], [ -47.1918, -23.0332 ], [ -47.19, -23.0334 ], [ -47.1885, -23.033 ], [ -47.1858, -23.0302 ], [ -47.1841, -23.0307 ], [ -47.1833, -23.0299 ], [ -47.1817, -23.0299 ], [ -47.1791, -23.0317 ], [ -47.1767, -23.0312 ], [ -47.1757, -23.0319 ], [ -47.1741, -23.0319 ], [ -47.1731, -23.0329 ], [ -47.1699, -23.033 ], [ -47.1692, -23.0321 ], [ -47.1673, -23.0322 ], [ -47.1655, -23.0339 ], [ -47.1649, -23.036 ], [ -47.163, -23.0361 ], [ -47.1602, -23.0375 ], [ -47.1589, -23.0376 ], [ -47.1583, -23.0386 ], [ -47.1581, -23.0413 ], [ -47.1573, -23.0418 ], [ -47.1548, -23.041 ], [ -47.1533, -23.0385 ], [ -47.1526, -23.0384 ], [ -47.1503, -23.0423 ], [ -47.1503, -23.0437 ], [ -47.1496, -23.045 ], [ -47.1491, -23.0475 ], [ -47.1502, -23.0511 ], [ -47.1493, -23.0508 ], [ -47.1486, -23.0524 ], [ -47.1467, -23.054 ], [ -47.1458, -23.0558 ], [ -47.1447, -23.0565 ], [ -47.1438, -23.0578 ], [ -47.1401, -23.0557 ], [ -47.138, -23.0536 ], [ -47.136, -23.0537 ], [ -47.1332, -23.0555 ], [ -47.1321, -23.0535 ], [ -47.1296, -23.054 ], [ -47.1298, -23.0553 ], [ -47.1281, -23.0551 ], [ -47.1265, -23.0568 ], [ -47.1266, -23.0593 ], [ -47.1242, -23.0601 ], [ -47.1226, -23.0576 ], [ -47.1206, -23.0564 ], [ -47.1171, -23.056 ], [ -47.115, -23.0577 ], [ -47.1117, -23.0585 ], [ -47.1098, -23.061 ], [ -47.1086, -23.0612 ], [ -47.1052, -23.0591 ], [ -47.1031, -23.0553 ], [ -47.1019, -23.0541 ], [ -47.1002, -23.0546 ], [ -47.0977, -23.0544 ], [ -47.0962, -23.0535 ], [ -47.0938, -23.0527 ], [ -47.0921, -23.0533 ], [ -47.0918, -23.0545 ], [ -47.0902, -23.0543 ], [ -47.0883, -23.0555 ], [ -47.0893, -23.0566 ], [ -47.0912, -23.0572 ], [ -47.0922, -23.0582 ], [ -47.093, -23.0611 ], [ -47.0923, -23.0643 ], [ -47.0888, -23.0672 ], [ -47.088, -23.0687 ], [ -47.0863, -23.0699 ], [ -47.0845, -23.0732 ], [ -47.0858, -23.0765 ], [ -47.0852, -23.0801 ], [ -47.0864, -23.0821 ], [ -47.0866, -23.0853 ], [ -47.0836, -23.0881 ], [ -47.0843, -23.0897 ], [ -47.0868, -23.0909 ], [ -47.0912, -23.0909 ], [ -47.0939, -23.0913 ], [ -47.0953, -23.0921 ], [ -47.0976, -23.0919 ], [ -47.0998, -23.0951 ], [ -47.1016, -23.0939 ], [ -47.1027, -23.0938 ], [ -47.1047, -23.0925 ], [ -47.1085, -23.0948 ], [ -47.1109, -23.0935 ], [ -47.1128, -23.0954 ], [ -47.1136, -23.0971 ], [ -47.115, -23.0986 ], [ -47.1167, -23.1029 ], [ -47.1188, -23.1025 ], [ -47.12, -23.1031 ], [ -47.1224, -23.1026 ], [ -47.1238, -23.1007 ], [ -47.1265, -23.1008 ], [ -47.1287, -23.1024 ], [ -47.1303, -23.1029 ], [ -47.1328, -23.103 ], [ -47.1361, -23.1025 ], [ -47.137, -23.1012 ], [ -47.1401, -23.1014 ], [ -47.1418, -23.1006 ], [ -47.1438, -23.1009 ], [ -47.1471, -23.1041 ], [ -47.1448, -23.1066 ], [ -47.1449, -23.1077 ], [ -47.1437, -23.1092 ], [ -47.143, -23.1121 ], [ -47.1442, -23.1143 ], [ -47.1442, -23.1163 ], [ -47.1436, -23.118 ], [ -47.1424, -23.1181 ], [ -47.1406, -23.1202 ], [ -47.1399, -23.1228 ], [ -47.1394, -23.127 ], [ -47.1385, -23.1287 ], [ -47.1381, -23.1333 ], [ -47.137, -23.1351 ], [ -47.1359, -23.1378 ], [ -47.1347, -23.1393 ], [ -47.1356, -23.1402 ], [ -47.1341, -23.142 ], [ -47.1346, -23.1441 ], [ -47.1338, -23.1452 ], [ -47.1337, -23.1466 ], [ -47.1321, -23.1476 ], [ -47.1305, -23.1497 ], [ -47.1301, -23.1514 ], [ -47.1302, -23.1538 ], [ -47.1281, -23.1566 ], [ -47.126, -23.1601 ], [ -47.1259, -23.1618 ], [ -47.1222, -23.1679 ], [ -47.1217, -23.1693 ], [ -47.1205, -23.1703 ], [ -47.1185, -23.1734 ], [ -47.1167, -23.1738 ], [ -47.1144, -23.1773 ], [ -47.1136, -23.1793 ], [ -47.1147, -23.1806 ], [ -47.114, -23.1833 ], [ -47.1146, -23.1848 ], [ -47.1144, -23.1861 ], [ -47.1163, -23.1867 ], [ -47.1161, -23.1907 ], [ -47.1166, -23.1924 ], [ -47.1162, -23.1934 ], [ -47.1175, -23.1939 ], [ -47.1186, -23.1956 ], [ -47.119, -23.1975 ], [ -47.1199, -23.1983 ], [ -47.12, -23.2 ], [ -47.1179, -23.2009 ], [ -47.1159, -23.2033 ], [ -47.1156, -23.2045 ], [ -47.1127, -23.207 ], [ -47.1107, -23.2103 ], [ -47.1069, -23.2125 ], [ -47.1069, -23.2145 ], [ -47.1106, -23.2184 ], [ -47.1107, -23.2202 ], [ -47.1124, -23.224 ], [ -47.1128, -23.226 ], [ -47.1109, -23.226 ], [ -47.1095, -23.2254 ], [ -47.1077, -23.2231 ], [ -47.1053, -23.2236 ], [ -47.1009, -23.2226 ], [ -47.0988, -23.2226 ], [ -47.0969, -23.2235 ], [ -47.0957, -23.2246 ], [ -47.0936, -23.229 ], [ -47.093, -23.2326 ], [ -47.0915, -23.2354 ], [ -47.0886, -23.2374 ], [ -47.088, -23.2374 ], [ -47.0812, -23.2351 ], [ -47.0796, -23.2344 ], [ -47.0772, -23.2342 ], [ -47.0739, -23.2355 ], [ -47.0712, -23.2361 ], [ -47.0687, -23.237 ], [ -47.0654, -23.2365 ], [ -47.0612, -23.2383 ], [ -47.0583, -23.2382 ], [ -47.0561, -23.2376 ], [ -47.0519, -23.2396 ], [ -47.0509, -23.2406 ], [ -47.05, -23.2441 ], [ -47.0477, -23.2453 ], [ -47.0463, -23.2418 ], [ -47.0445, -23.2407 ], [ -47.045, -23.2389 ], [ -47.0431, -23.2379 ], [ -47.0418, -23.2387 ], [ -47.038, -23.2379 ], [ -47.0364, -23.2368 ], [ -47.0347, -23.2366 ], [ -47.0324, -23.2352 ], [ -47.0315, -23.2352 ], [ -47.0284, -23.2367 ], [ -47.0283, -23.2408 ], [ -47.0276, -23.2428 ], [ -47.0268, -23.2474 ], [ -47.0258, -23.248 ], [ -47.0233, -23.2481 ], [ -47.0227, -23.2489 ], [ -47.0176, -23.2499 ], [ -47.0174, -23.2525 ], [ -47.0161, -23.2539 ], [ -47.0156, -23.2573 ], [ -47.0146, -23.2591 ], [ -47.0146, -23.2617 ], [ -47.0142, -23.2636 ], [ -47.013, -23.2655 ], [ -47.0113, -23.267 ], [ -47.0064, -23.2684 ], [ -47.0051, -23.2678 ], [ -47.0033, -23.2679 ], [ -46.9998, -23.2644 ], [ -46.998, -23.2644 ], [ -46.9943, -23.2619 ], [ -46.992, -23.2611 ], [ -46.9911, -23.26 ], [ -46.989, -23.2597 ], [ -46.9873, -23.2605 ], [ -46.9808, -23.2615 ], [ -46.978, -23.2598 ], [ -46.9756, -23.2595 ], [ -46.9741, -23.26 ], [ -46.9698, -23.2604 ], [ -46.9697, -23.2618 ], [ -46.9709, -23.2643 ], [ -46.9707, -23.2657 ], [ -46.9716, -23.268 ], [ -46.9713, -23.2687 ], [ -46.9687, -23.2687 ], [ -46.9663, -23.2697 ], [ -46.9645, -23.271 ], [ -46.9645, -23.2742 ], [ -46.9666, -23.2759 ], [ -46.9677, -23.2774 ], [ -46.9667, -23.2791 ], [ -46.9649, -23.2808 ], [ -46.9634, -23.2835 ], [ -46.9632, -23.2857 ], [ -46.9652, -23.2873 ], [ -46.9661, -23.2891 ], [ -46.9666, -23.2923 ], [ -46.9658, -23.2952 ], [ -46.9674, -23.2975 ], [ -46.967, -23.2982 ], [ -46.9723, -23.3012 ], [ -46.9703, -23.3036 ], [ -46.9713, -23.3046 ], [ -46.9698, -23.3073 ], [ -46.9659, -23.3092 ], [ -46.9658, -23.3098 ], [ -46.968, -23.3113 ], [ -46.9681, -23.3124 ], [ -46.97, -23.3166 ], [ -46.9676, -23.3209 ], [ -46.9658, -23.3207 ], [ -46.9647, -23.3213 ], [ -46.9611, -23.3223 ], [ -46.9604, -23.3231 ], [ -46.96, -23.3261 ], [ -46.9591, -23.3268 ], [ -46.96, -23.3279 ], [ -46.962, -23.3264 ], [ -46.9633, -23.3238 ], [ -46.9646, -23.3242 ], [ -46.9684, -23.3262 ], [ -46.9703, -23.3262 ], [ -46.9708, -23.3272 ], [ -46.9736, -23.3288 ], [ -46.9738, -23.3297 ], [ -46.9755, -23.3298 ], [ -46.9765, -23.329 ], [ -46.9782, -23.3296 ], [ -46.9806, -23.3318 ], [ -46.9837, -23.3336 ], [ -46.9876, -23.3327 ], [ -46.989, -23.3342 ], [ -46.9911, -23.3328 ], [ -46.9918, -23.3339 ], [ -46.9955, -23.331 ], [ -46.9976, -23.3322 ], [ -46.9991, -23.3325 ], [ -47.0001, -23.3335 ], [ -46.9996, -23.3347 ], [ -47.0005, -23.3362 ], [ -47.0004, -23.338 ], [ -47.0015, -23.338 ], [ -47.0027, -23.3369 ], [ -47.004, -23.3369 ], [ -47.0049, -23.338 ], [ -47.007, -23.338 ], [ -47.0081, -23.3375 ], [ -47.0089, -23.3387 ], [ -47.0109, -23.3387 ], [ -47.0154, -23.3403 ], [ -47.0164, -23.3415 ], [ -47.016, -23.343 ], [ -47.0187, -23.3454 ], [ -47.0212, -23.3441 ], [ -47.025, -23.3458 ], [ -47.0306, -23.346 ], [ -47.0317, -23.3463 ], [ -47.0332, -23.3479 ], [ -47.0363, -23.3487 ], [ -47.0382, -23.3503 ], [ -47.0398, -23.3508 ], [ -47.0413, -23.352 ], [ -47.0429, -23.3523 ], [ -47.0413, -23.3551 ], [ -47.0399, -23.3581 ], [ -47.0396, -23.36 ], [ -47.0401, -23.3615 ], [ -47.0397, -23.3632 ], [ -47.0387, -23.3648 ], [ -47.0393, -23.3672 ], [ -47.0384, -23.3691 ], [ -47.0362, -23.3688 ], [ -47.0341, -23.3711 ], [ -47.0316, -23.3713 ], [ -47.0306, -23.3717 ], [ -47.0295, -23.3737 ], [ -47.029, -23.3764 ], [ -47.0305, -23.3789 ], [ -47.0336, -23.3799 ], [ -47.0361, -23.3789 ], [ -47.0373, -23.3797 ], [ -47.0376, -23.382 ], [ -47.0387, -23.3832 ], [ -47.0416, -23.3851 ], [ -47.0427, -23.3876 ], [ -47.0413, -23.3902 ], [ -47.0411, -23.3932 ], [ -47.0386, -23.3939 ], [ -47.0386, -23.3958 ], [ -47.0367, -23.397 ], [ -47.0361, -23.3991 ], [ -47.0373, -23.4004 ], [ -47.0367, -23.4015 ], [ -47.0373, -23.4026 ], [ -47.0394, -23.4035 ], [ -47.0395, -23.4052 ], [ -47.0372, -23.407 ], [ -47.038, -23.4086 ], [ -47.0394, -23.4088 ], [ -47.0398, -23.4099 ], [ -47.0381, -23.4104 ], [ -47.0376, -23.4121 ], [ -47.0385, -23.4126 ], [ -47.0388, -23.4153 ], [ -47.0412, -23.4162 ], [ -47.0415, -23.4184 ], [ -47.0407, -23.4238 ], [ -47.0388, -23.4233 ], [ -47.0364, -23.4259 ], [ -47.0352, -23.4298 ], [ -47.0351, -23.4318 ], [ -47.0362, -23.4345 ], [ -47.0375, -23.4356 ], [ -47.0359, -23.4371 ], [ -47.0332, -23.4378 ], [ -47.0316, -23.441 ], [ -47.0293, -23.4425 ], [ -47.0279, -23.4422 ], [ -47.0267, -23.4411 ], [ -47.0236, -23.441 ], [ -47.0211, -23.4428 ], [ -47.0202, -23.4442 ], [ -47.0189, -23.4443 ], [ -47.0168, -23.4457 ], [ -47.0157, -23.4454 ], [ -47.0107, -23.4464 ], [ -47.0123, -23.4482 ], [ -47.0107, -23.4501 ], [ -47.012, -23.4517 ], [ -47.0119, -23.4542 ], [ -47.0137, -23.4551 ], [ -47.014, -23.4578 ], [ -47.013, -23.4583 ], [ -47.0112, -23.4604 ], [ -47.0117, -23.4643 ], [ -47.0129, -23.4678 ], [ -47.0151, -23.4703 ], [ -47.017, -23.4721 ], [ -47.0172, -23.4731 ], [ -47.016, -23.4749 ], [ -47.0139, -23.477 ], [ -47.0137, -23.4781 ], [ -47.0166, -23.4806 ], [ -47.0179, -23.4827 ], [ -47.017, -23.4846 ], [ -47.015, -23.4844 ], [ -47.0133, -23.4855 ], [ -47.0129, -23.4869 ], [ -47.0114, -23.4898 ], [ -47.01, -23.491 ], [ -47.0089, -23.4947 ], [ -47.0064, -23.4973 ], [ -47.0041, -23.4992 ], [ -47.0032, -23.501 ], [ -47.0031, -23.5026 ], [ -47.0009, -23.5057 ], [ -46.9964, -23.5071 ], [ -46.995, -23.507 ], [ -46.9937, -23.5083 ], [ -46.9936, -23.5109 ], [ -46.9945, -23.512 ], [ -46.995, -23.514 ], [ -46.9964, -23.5152 ], [ -46.996, -23.5185 ], [ -46.997, -23.522 ], [ -46.9956, -23.5229 ], [ -46.9955, -23.524 ], [ -46.9933, -23.5242 ], [ -46.992, -23.5252 ], [ -46.9926, -23.5267 ], [ -46.9911, -23.5273 ], [ -46.9916, -23.5294 ], [ -46.9937, -23.5306 ], [ -46.9956, -23.5311 ], [ -46.9968, -23.5321 ], [ -46.9996, -23.5326 ], [ -47.0017, -23.5326 ], [ -47.0032, -23.5333 ], [ -47.0054, -23.5335 ], [ -47.0069, -23.535 ], [ -47.009, -23.536 ], [ -47.0126, -23.5361 ], [ -47.0136, -23.5412 ], [ -47.0127, -23.5441 ], [ -47.0129, -23.5456 ], [ -47.0119, -23.5504 ], [ -47.0082, -23.5507 ], [ -47.0066, -23.552 ], [ -47.006, -23.5537 ], [ -47.0067, -23.5549 ], [ -47.0112, -23.5579 ], [ -47.0155, -23.5608 ], [ -47.0144, -23.5625 ], [ -47.0149, -23.5636 ], [ -47.0189, -23.5643 ], [ -47.0207, -23.5674 ], [ -47.0236, -23.5668 ], [ -47.0251, -23.567 ], [ -47.0266, -23.5681 ], [ -47.0296, -23.5678 ], [ -47.0295, -23.5715 ], [ -47.0272, -23.5734 ], [ -47.0247, -23.5762 ], [ -47.0245, -23.5796 ], [ -47.0254, -23.5806 ], [ -47.0281, -23.5813 ], [ -47.0308, -23.5822 ], [ -47.0318, -23.5828 ], [ -47.0323, -23.5855 ], [ -47.0313, -23.5876 ], [ -47.0312, -23.589 ], [ -47.0324, -23.5908 ], [ -47.0326, -23.5924 ], [ -47.0348, -23.597 ], [ -47.0373, -23.5991 ], [ -47.0364, -23.6012 ], [ -47.038, -23.6038 ], [ -47.0392, -23.6044 ], [ -47.0409, -23.6073 ], [ -47.0412, -23.6106 ], [ -47.0425, -23.6121 ], [ -47.0449, -23.6125 ], [ -47.0473, -23.614 ], [ -47.047, -23.6158 ], [ -47.0477, -23.6174 ], [ -47.0503, -23.6189 ], [ -47.0528, -23.6172 ], [ -47.0546, -23.6173 ], [ -47.0562, -23.6187 ], [ -47.057, -23.6212 ], [ -47.057, -23.624 ], [ -47.0576, -23.6262 ], [ -47.059, -23.6283 ], [ -47.0598, -23.6293 ], [ -47.0591, -23.6303 ], [ -47.0581, -23.6357 ], [ -47.0593, -23.6377 ], [ -47.059, -23.6397 ], [ -47.0601, -23.6401 ], [ -47.0602, -23.6417 ], [ -47.0629, -23.6446 ], [ -47.0665, -23.646 ], [ -47.0691, -23.6464 ], [ -47.0722, -23.6456 ], [ -47.0744, -23.65 ], [ -47.0734, -23.6515 ], [ -47.0761, -23.6533 ], [ -47.0783, -23.6529 ], [ -47.0791, -23.6539 ], [ -47.0815, -23.6532 ], [ -47.0812, -23.6542 ], [ -47.0833, -23.658 ], [ -47.0819, -23.6606 ], [ -47.0833, -23.6619 ], [ -47.082, -23.6642 ], [ -47.0823, -23.6651 ], [ -47.0839, -23.6659 ], [ -47.0847, -23.667 ], [ -47.0835, -23.668 ], [ -47.083, -23.6698 ], [ -47.0819, -23.671 ], [ -47.0788, -23.6725 ], [ -47.0774, -23.6728 ], [ -47.0764, -23.6738 ], [ -47.0765, -23.675 ], [ -47.078, -23.6763 ], [ -47.0765, -23.6785 ], [ -47.0761, -23.6807 ], [ -47.071, -23.6809 ], [ -47.0697, -23.6803 ], [ -47.0682, -23.6813 ], [ -47.0655, -23.6819 ], [ -47.0634, -23.6814 ], [ -47.0622, -23.6825 ], [ -47.063, -23.6891 ], [ -47.0627, -23.6905 ], [ -47.0616, -23.692 ], [ -47.0618, -23.6944 ], [ -47.0611, -23.6971 ], [ -47.06, -23.6993 ], [ -47.0596, -23.7029 ], [ -47.0614, -23.7039 ], [ -47.0623, -23.709 ], [ -47.0603, -23.7098 ], [ -47.0603, -23.7109 ], [ -47.0586, -23.7116 ], [ -47.0577, -23.7127 ], [ -47.058, -23.7146 ], [ -47.0562, -23.7172 ], [ -47.0563, -23.7187 ], [ -47.0548, -23.7197 ], [ -47.0526, -23.7204 ], [ -47.0532, -23.7213 ], [ -47.0513, -23.7241 ], [ -47.0511, -23.7277 ], [ -47.0493, -23.7299 ], [ -47.0498, -23.7311 ], [ -47.0472, -23.7351 ], [ -47.0448, -23.736 ], [ -47.0441, -23.7368 ], [ -47.0409, -23.7368 ], [ -47.0395, -23.7351 ], [ -47.0364, -23.7357 ], [ -47.0344, -23.7356 ], [ -47.0333, -23.7375 ], [ -47.0336, -23.74 ], [ -47.0323, -23.741 ], [ -47.0323, -23.7434 ], [ -47.033, -23.7441 ], [ -47.0329, -23.746 ], [ -47.0345, -23.7479 ], [ -47.0361, -23.7484 ], [ -47.0351, -23.7506 ], [ -47.0365, -23.7523 ], [ -47.0363, -23.7536 ], [ -47.0345, -23.7559 ], [ -47.0347, -23.7577 ], [ -47.0332, -23.7575 ], [ -47.0326, -23.7564 ], [ -47.0314, -23.7571 ], [ -47.0288, -23.7572 ], [ -47.0296, -23.7599 ], [ -47.0288, -23.7616 ], [ -47.0304, -23.7631 ], [ -47.0328, -23.7641 ], [ -47.0324, -23.7657 ], [ -47.0332, -23.7676 ], [ -47.0322, -23.7678 ], [ -47.0319, -23.7695 ], [ -47.0266, -23.7714 ], [ -47.025, -23.7731 ], [ -47.0252, -23.7743 ], [ -47.0233, -23.7749 ], [ -47.0229, -23.7759 ], [ -47.0236, -23.7797 ], [ -47.0218, -23.7824 ], [ -47.021, -23.7855 ], [ -47.0189, -23.7875 ], [ -47.0193, -23.7885 ], [ -47.0158, -23.79 ], [ -47.0149, -23.7917 ], [ -47.0132, -23.7923 ], [ -47.0099, -23.7913 ], [ -47.0086, -23.7918 ], [ -47.0069, -23.7936 ], [ -47.0054, -23.7973 ], [ -47.0038, -23.7987 ], [ -47.0021, -23.7989 ], [ -47.0007, -23.8016 ], [ -46.9988, -23.8011 ], [ -46.9966, -23.8027 ], [ -46.9951, -23.8019 ], [ -46.9935, -23.8034 ], [ -46.9926, -23.8033 ], [ -46.9889, -23.8008 ], [ -46.986, -23.8005 ], [ -46.9851, -23.8011 ], [ -46.984, -23.8032 ], [ -46.9855, -23.8045 ], [ -46.9864, -23.8066 ], [ -46.9865, -23.8084 ], [ -46.9925, -23.8096 ], [ -46.9944, -23.8116 ], [ -46.9967, -23.8119 ], [ -46.9988, -23.8131 ], [ -47.0012, -23.8127 ], [ -47.0075, -23.8157 ], [ -47.0102, -23.8147 ], [ -47.0123, -23.8151 ], [ -47.0141, -23.8142 ], [ -47.0151, -23.8145 ], [ -47.0174, -23.8176 ], [ -47.0159, -23.8203 ], [ -47.0175, -23.8214 ], [ -47.0154, -23.8224 ], [ -47.0139, -23.8246 ], [ -47.0132, -23.825 ], [ -47.0142, -23.8284 ], [ -47.0126, -23.8307 ], [ -47.0146, -23.8309 ], [ -47.0151, -23.8332 ], [ -47.0146, -23.8353 ], [ -47.016, -23.835 ], [ -47.0168, -23.8361 ], [ -47.0184, -23.8364 ], [ -47.0196, -23.8355 ], [ -47.0217, -23.8361 ], [ -47.0228, -23.8373 ], [ -47.0232, -23.8408 ], [ -47.0255, -23.8429 ], [ -47.027, -23.8438 ], [ -47.0274, -23.8454 ], [ -47.0288, -23.8462 ], [ -47.0301, -23.8459 ], [ -47.0303, -23.8446 ], [ -47.0325, -23.8438 ], [ -47.0336, -23.8419 ], [ -47.0359, -23.8402 ], [ -47.0352, -23.8379 ], [ -47.0376, -23.8363 ], [ -47.0405, -23.8358 ], [ -47.0424, -23.8363 ], [ -47.0438, -23.8377 ], [ -47.0446, -23.8398 ], [ -47.0474, -23.8409 ], [ -47.0486, -23.8417 ], [ -47.0496, -23.8436 ], [ -47.0529, -23.8443 ], [ -47.0553, -23.844 ], [ -47.0566, -23.8417 ], [ -47.0584, -23.8434 ], [ -47.0596, -23.843 ], [ -47.0617, -23.841 ], [ -47.0634, -23.8406 ], [ -47.0642, -23.8389 ], [ -47.0655, -23.838 ], [ -47.0667, -23.8395 ], [ -47.0657, -23.843 ], [ -47.0673, -23.8437 ], [ -47.0689, -23.8434 ], [ -47.0717, -23.8419 ], [ -47.0726, -23.8419 ], [ -47.0744, -23.8434 ], [ -47.0778, -23.8437 ], [ -47.0791, -23.8432 ], [ -47.0802, -23.844 ], [ -47.0836, -23.8447 ], [ -47.089, -23.847 ], [ -47.0908, -23.8466 ], [ -47.0922, -23.8474 ], [ -47.0942, -23.8471 ], [ -47.0956, -23.8458 ], [ -47.0997, -23.8476 ], [ -47.1019, -23.8472 ], [ -47.103, -23.8488 ], [ -47.1071, -23.8485 ], [ -47.1077, -23.8479 ], [ -47.1078, -23.846 ], [ -47.109, -23.8454 ], [ -47.1103, -23.8424 ], [ -47.1112, -23.8422 ], [ -47.1127, -23.8434 ], [ -47.114, -23.8429 ], [ -47.114, -23.8412 ], [ -47.1149, -23.8402 ], [ -47.1173, -23.8411 ], [ -47.1178, -23.8427 ], [ -47.1169, -23.8433 ], [ -47.1186, -23.8482 ], [ -47.1182, -23.8499 ], [ -47.1207, -23.8516 ], [ -47.1224, -23.852 ], [ -47.1239, -23.8539 ], [ -47.1229, -23.8555 ], [ -47.1233, -23.8571 ], [ -47.1251, -23.8579 ], [ -47.1247, -23.8599 ], [ -47.1291, -23.8606 ], [ -47.1298, -23.8628 ], [ -47.1293, -23.864 ], [ -47.1302, -23.8655 ], [ -47.1299, -23.8674 ], [ -47.1309, -23.8685 ], [ -47.1323, -23.8718 ], [ -47.1328, -23.8737 ], [ -47.1305, -23.8739 ], [ -47.1289, -23.8751 ], [ -47.1274, -23.8743 ], [ -47.1266, -23.8748 ], [ -47.1273, -23.8766 ], [ -47.1296, -23.8788 ], [ -47.1319, -23.8784 ], [ -47.1342, -23.8803 ], [ -47.1347, -23.8818 ], [ -47.1333, -23.8826 ], [ -47.1347, -23.8852 ], [ -47.1373, -23.8862 ], [ -47.1371, -23.8886 ], [ -47.1383, -23.8889 ], [ -47.1386, -23.8902 ], [ -47.1366, -23.8901 ], [ -47.1351, -23.8915 ], [ -47.1354, -23.8925 ], [ -47.1349, -23.8944 ], [ -47.1391, -23.8999 ], [ -47.1411, -23.9004 ], [ -47.1427, -23.9002 ], [ -47.1438, -23.9017 ], [ -47.1417, -23.9016 ], [ -47.1396, -23.9034 ], [ -47.138, -23.9033 ], [ -47.1388, -23.9055 ], [ -47.1402, -23.9061 ], [ -47.1427, -23.9087 ], [ -47.1424, -23.9113 ], [ -47.1437, -23.9125 ], [ -47.1463, -23.9128 ], [ -47.1484, -23.9144 ], [ -47.1497, -23.9174 ], [ -47.1534, -23.9207 ], [ -47.1556, -23.9208 ], [ -47.1562, -23.9216 ], [ -47.1558, -23.9237 ], [ -47.1579, -23.9261 ], [ -47.1584, -23.929 ], [ -47.1584, -23.9322 ], [ -47.1592, -23.9346 ], [ -47.16, -23.9356 ], [ -47.1613, -23.9358 ], [ -47.1622, -23.9343 ], [ -47.1653, -23.9346 ], [ -47.1708, -23.9346 ], [ -47.1731, -23.9337 ], [ -47.1747, -23.9322 ], [ -47.1757, -23.9318 ], [ -47.1787, -23.9331 ], [ -47.1791, -23.9343 ], [ -47.1782, -23.9356 ], [ -47.1784, -23.937 ], [ -47.1803, -23.9365 ], [ -47.1806, -23.935 ], [ -47.1818, -23.9338 ], [ -47.1825, -23.931 ], [ -47.1843, -23.9299 ], [ -47.1865, -23.9312 ], [ -47.188, -23.9311 ], [ -47.1897, -23.9288 ], [ -47.1913, -23.9281 ], [ -47.1921, -23.9287 ], [ -47.1918, -23.9329 ], [ -47.1914, -23.9338 ], [ -47.1895, -23.9345 ], [ -47.1888, -23.9382 ], [ -47.189, -23.9396 ], [ -47.1927, -23.9409 ], [ -47.1943, -23.942 ], [ -47.197, -23.9405 ], [ -47.1984, -23.9389 ], [ -47.2001, -23.9387 ], [ -47.2001, -23.9407 ], [ -47.2013, -23.9418 ], [ -47.2017, -23.9467 ], [ -47.2009, -23.9491 ], [ -47.1997, -23.9497 ], [ -47.1982, -23.9492 ], [ -47.1975, -23.953 ], [ -47.1966, -23.9535 ], [ -47.1942, -23.9533 ], [ -47.1955, -23.9564 ], [ -47.1956, -23.9582 ], [ -47.1969, -23.9587 ], [ -47.2013, -23.9587 ], [ -47.2032, -23.9594 ], [ -47.2055, -23.9608 ], [ -47.2084, -23.9645 ], [ -47.2062, -23.9658 ], [ -47.2054, -23.9677 ], [ -47.2061, -23.9694 ], [ -47.2053, -23.9708 ], [ -47.2032, -23.9711 ], [ -47.2018, -23.9692 ], [ -47.2008, -23.9689 ], [ -47.1998, -23.97 ], [ -47.2012, -23.9727 ], [ -47.1992, -23.9722 ], [ -47.1971, -23.9737 ], [ -47.1971, -23.9757 ], [ -47.1953, -23.9748 ], [ -47.1938, -23.978 ], [ -47.1934, -23.9803 ], [ -47.1944, -23.9823 ], [ -47.1923, -23.9839 ], [ -47.1913, -23.9862 ], [ -47.1901, -23.9876 ], [ -47.1901, -23.9891 ], [ -47.1887, -23.9904 ], [ -47.19, -23.9919 ], [ -47.1928, -23.9913 ], [ -47.195, -23.9923 ], [ -47.1966, -23.9948 ], [ -47.1971, -23.9963 ], [ -47.2005, -23.9984 ], [ -47.2, -24.0006 ], [ -47.2018, -24.0011 ], [ -47.2064, -24.0033 ], [ -47.2075, -24.0031 ], [ -47.2094, -24.0013 ], [ -47.2103, -24.0013 ], [ -47.2125, -24.0028 ], [ -47.2139, -24.0048 ], [ -47.2142, -24.0067 ], [ -47.2206, -24.0106 ], [ -47.2206, -24.0114 ], [ -47.2185, -24.0122 ], [ -47.2196, -24.0135 ], [ -47.2226, -24.0149 ], [ -47.2247, -24.0151 ], [ -47.2272, -24.0143 ], [ -47.2298, -24.0124 ], [ -47.231, -24.0127 ], [ -47.2313, -24.0144 ], [ -47.2328, -24.0166 ], [ -47.2341, -24.0176 ], [ -47.2353, -24.0175 ], [ -47.2373, -24.0164 ], [ -47.2395, -24.0167 ], [ -47.2417, -24.0198 ], [ -47.244, -24.0218 ], [ -47.247, -24.0226 ], [ -47.2493, -24.0207 ], [ -47.2513, -24.0215 ], [ -47.2521, -24.0232 ], [ -47.2535, -24.0241 ], [ -47.2549, -24.0238 ], [ -47.2566, -24.0223 ], [ -47.2569, -24.0209 ], [ -47.2559, -24.0183 ], [ -47.2557, -24.0145 ], [ -47.2552, -24.0125 ], [ -47.2533, -24.0099 ], [ -47.2529, -24.0083 ], [ -47.2537, -24.007 ], [ -47.2557, -24.0059 ], [ -47.2573, -24.0055 ], [ -47.2618, -24.0054 ], [ -47.2633, -24.0058 ], [ -47.2645, -24.0074 ], [ -47.2641, -24.0097 ], [ -47.2614, -24.0106 ], [ -47.2605, -24.0116 ], [ -47.2603, -24.0136 ], [ -47.2611, -24.0143 ], [ -47.263, -24.0146 ], [ -47.2656, -24.0158 ], [ -47.2683, -24.015 ], [ -47.2702, -24.0158 ], [ -47.2706, -24.0172 ], [ -47.2723, -24.0176 ], [ -47.2739, -24.0168 ], [ -47.2753, -24.0155 ], [ -47.277, -24.0149 ], [ -47.2759, -24.0128 ], [ -47.2773, -24.0114 ], [ -47.2785, -24.0117 ], [ -47.2819, -24.0147 ], [ -47.2828, -24.0151 ], [ -47.2862, -24.014 ], [ -47.2865, -24.0122 ], [ -47.2848, -24.0107 ], [ -47.2845, -24.0073 ], [ -47.286, -24.0064 ], [ -47.2881, -24.0069 ], [ -47.2896, -24.0081 ], [ -47.2908, -24.0081 ], [ -47.2944, -24.0108 ], [ -47.2975, -24.0105 ], [ -47.3004, -24.0114 ], [ -47.3028, -24.0115 ], [ -47.3043, -24.0108 ], [ -47.3061, -24.0094 ], [ -47.3089, -24.0089 ], [ -47.3122, -24.0097 ], [ -47.3146, -24.0124 ], [ -47.3152, -24.0137 ], [ -47.3152, -24.0153 ], [ -47.3164, -24.0171 ], [ -47.3184, -24.0161 ], [ -47.3231, -24.0179 ], [ -47.3251, -24.0175 ], [ -47.3271, -24.0165 ], [ -47.328, -24.0149 ], [ -47.3301, -24.0149 ], [ -47.3304, -24.0175 ], [ -47.3319, -24.0182 ], [ -47.3337, -24.0176 ], [ -47.3351, -24.0152 ], [ -47.3342, -24.0137 ], [ -47.3349, -24.0126 ], [ -47.3363, -24.0125 ], [ -47.3376, -24.0133 ], [ -47.3403, -24.0131 ], [ -47.3426, -24.0139 ], [ -47.3476, -24.0177 ], [ -47.3552, -24.0218 ], [ -47.3563, -24.0225 ], [ -47.3553, -24.0267 ], [ -47.3558, -24.0296 ], [ -47.3571, -24.0296 ], [ -47.3601, -24.0316 ], [ -47.3626, -24.0316 ], [ -47.3654, -24.0359 ], [ -47.3674, -24.0373 ], [ -47.3687, -24.0397 ], [ -47.3683, -24.0427 ], [ -47.3698, -24.0435 ], [ -47.3706, -24.042 ], [ -47.3725, -24.0424 ], [ -47.3723, -24.0436 ], [ -47.373, -24.0453 ], [ -47.375, -24.0466 ], [ -47.3769, -24.0485 ], [ -47.378, -24.0489 ], [ -47.3803, -24.0483 ], [ -47.3825, -24.0486 ], [ -47.3862, -24.05 ], [ -47.3864, -24.0511 ], [ -47.3878, -24.0516 ], [ -47.3886, -24.0531 ], [ -47.3883, -24.0545 ], [ -47.3893, -24.055 ], [ -47.3924, -24.0551 ], [ -47.3943, -24.056 ], [ -47.3955, -24.056 ], [ -47.3983, -24.0577 ], [ -47.4004, -24.0578 ], [ -47.405, -24.0585 ], [ -47.4077, -24.0597 ], [ -47.409, -24.0594 ], [ -47.4126, -24.0602 ], [ -47.4156, -24.0612 ], [ -47.4167, -24.062 ], [ -47.4164, -24.0633 ], [ -47.4171, -24.0661 ], [ -47.4193, -24.067 ], [ -47.4215, -24.0686 ], [ -47.4232, -24.0671 ], [ -47.4247, -24.0678 ], [ -47.4261, -24.0691 ], [ -47.4278, -24.0683 ], [ -47.428, -24.0669 ], [ -47.4303, -24.064 ], [ -47.435, -24.0601 ], [ -47.4378, -24.0575 ], [ -47.4417, -24.0553 ], [ -47.4436, -24.0546 ], [ -47.4445, -24.0536 ], [ -47.4463, -24.0539 ], [ -47.4482, -24.0535 ], [ -47.4488, -24.0527 ], [ -47.4487, -24.051 ], [ -47.452, -24.0516 ], [ -47.4528, -24.0522 ], [ -47.4532, -24.0542 ], [ -47.4544, -24.0561 ], [ -47.458, -24.0587 ], [ -47.46, -24.0578 ], [ -47.4631, -24.0602 ], [ -47.4632, -24.0634 ], [ -47.464, -24.066 ], [ -47.4624, -24.0695 ], [ -47.4642, -24.072 ], [ -47.4648, -24.0739 ], [ -47.4649, -24.0759 ], [ -47.4677, -24.0773 ], [ -47.4699, -24.0775 ], [ -47.4732, -24.0783 ], [ -47.4773, -24.0813 ], [ -47.4777, -24.0803 ], [ -47.4795, -24.0784 ], [ -47.481, -24.0783 ], [ -47.4802, -24.0767 ], [ -47.4815, -24.076 ], [ -47.4827, -24.0744 ], [ -47.484, -24.0744 ], [ -47.486, -24.0727 ], [ -47.4879, -24.0728 ], [ -47.4893, -24.0713 ], [ -47.491, -24.0713 ], [ -47.4922, -24.0702 ], [ -47.4939, -24.0679 ], [ -47.4947, -24.066 ], [ -47.4937, -24.065 ], [ -47.493, -24.0622 ], [ -47.4938, -24.0587 ], [ -47.496, -24.0587 ], [ -47.4977, -24.0559 ], [ -47.4988, -24.0529 ], [ -47.5021, -24.0502 ], [ -47.5035, -24.0495 ], [ -47.5061, -24.049 ], [ -47.5088, -24.0489 ], [ -47.5114, -24.0469 ], [ -47.5129, -24.0464 ], [ -47.5143, -24.0472 ], [ -47.5172, -24.047 ], [ -47.5204, -24.0458 ], [ -47.5266, -24.0464 ], [ -47.5286, -24.0467 ], [ -47.5302, -24.0464 ], [ -47.5316, -24.0453 ], [ -47.5319, -24.0437 ], [ -47.5351, -24.0436 ], [ -47.5386, -24.0425 ], [ -47.5396, -24.0417 ], [ -47.5392, -24.0394 ], [ -47.541, -24.0379 ], [ -47.543, -24.0372 ], [ -47.5459, -24.0374 ], [ -47.5495, -24.0364 ], [ -47.554, -24.0372 ], [ -47.5539, -24.0396 ], [ -47.5559, -24.0402 ], [ -47.5576, -24.0389 ], [ -47.5601, -24.0387 ], [ -47.5628, -24.0396 ], [ -47.5622, -24.0421 ], [ -47.5622, -24.0471 ], [ -47.5625, -24.0494 ], [ -47.5634, -24.0522 ], [ -47.5641, -24.0566 ], [ -47.5648, -24.058 ], [ -47.567, -24.0606 ], [ -47.5679, -24.0632 ], [ -47.5671, -24.066 ], [ -47.5668, -24.0694 ], [ -47.5684, -24.0721 ], [ -47.5691, -24.0752 ], [ -47.57, -24.0774 ], [ -47.5717, -24.0786 ], [ -47.5755, -24.0783 ], [ -47.5772, -24.0777 ], [ -47.5779, -24.0761 ], [ -47.579, -24.0751 ], [ -47.5813, -24.0747 ], [ -47.584, -24.0763 ], [ -47.5848, -24.0792 ], [ -47.5858, -24.0804 ], [ -47.5884, -24.0815 ], [ -47.5899, -24.0832 ], [ -47.5907, -24.0877 ], [ -47.5919, -24.0884 ], [ -47.5933, -24.0873 ], [ -47.5941, -24.0854 ], [ -47.5934, -24.0825 ], [ -47.594, -24.0807 ], [ -47.596, -24.0798 ], [ -47.5965, -24.0807 ], [ -47.5955, -24.0817 ], [ -47.5962, -24.0841 ], [ -47.5995, -24.0873 ], [ -47.6021, -24.0879 ], [ -47.6043, -24.0905 ], [ -47.6077, -24.0938 ], [ -47.6112, -24.0962 ], [ -47.6125, -24.1006 ], [ -47.6146, -24.1021 ], [ -47.617, -24.1044 ], [ -47.6202, -24.1049 ], [ -47.6201, -24.1058 ], [ -47.6222, -24.1075 ], [ -47.6226, -24.1093 ], [ -47.6218, -24.11 ], [ -47.6231, -24.112 ], [ -47.6248, -24.1131 ], [ -47.6285, -24.114 ], [ -47.6321, -24.1138 ], [ -47.6331, -24.1135 ], [ -47.6341, -24.1121 ], [ -47.6335, -24.1093 ], [ -47.6336, -24.106 ], [ -47.6343, -24.1047 ], [ -47.6338, -24.103 ], [ -47.636, -24.1005 ], [ -47.6358, -24.0989 ], [ -47.6346, -24.0974 ], [ -47.6336, -24.0946 ], [ -47.6334, -24.0928 ], [ -47.6325, -24.0908 ], [ -47.6302, -24.0876 ], [ -47.6305, -24.0856 ], [ -47.6296, -24.0828 ], [ -47.629, -24.0793 ], [ -47.629, -24.077 ], [ -47.6303, -24.0757 ], [ -47.6247, -24.0717 ], [ -47.6241, -24.0697 ], [ -47.6206, -24.0686 ], [ -47.6203, -24.0676 ], [ -47.622, -24.0648 ], [ -47.6214, -24.0637 ], [ -47.6177, -24.062 ], [ -47.6155, -24.0596 ], [ -47.6156, -24.0562 ], [ -47.6141, -24.0538 ], [ -47.6136, -24.0522 ], [ -47.6144, -24.0505 ], [ -47.6153, -24.0498 ], [ -47.6153, -24.0482 ], [ -47.6138, -24.0447 ], [ -47.6166, -24.0444 ], [ -47.6195, -24.0435 ], [ -47.621, -24.0422 ], [ -47.6225, -24.0416 ], [ -47.6251, -24.0385 ], [ -47.6253, -24.0374 ], [ -47.624, -24.0356 ], [ -47.6256, -24.0343 ], [ -47.6281, -24.035 ], [ -47.6283, -24.0364 ], [ -47.6368, -24.0381 ], [ -47.6369, -24.0432 ], [ -47.6387, -24.0435 ], [ -47.6402, -24.0399 ], [ -47.6414, -24.0395 ], [ -47.6423, -24.0408 ], [ -47.6439, -24.0417 ], [ -47.6466, -24.0423 ], [ -47.6481, -24.0412 ], [ -47.6493, -24.0411 ], [ -47.6508, -24.0423 ], [ -47.6524, -24.0443 ], [ -47.654, -24.0447 ], [ -47.6564, -24.0439 ], [ -47.6588, -24.0414 ], [ -47.661, -24.0404 ], [ -47.6637, -24.0405 ], [ -47.6662, -24.0412 ], [ -47.6698, -24.0416 ], [ -47.6736, -24.0415 ], [ -47.6742, -24.0432 ], [ -47.6762, -24.0451 ], [ -47.6775, -24.0455 ], [ -47.6803, -24.0453 ], [ -47.6806, -24.0461 ], [ -47.6838, -24.0501 ], [ -47.6845, -24.0528 ], [ -47.684, -24.0542 ], [ -47.6851, -24.0566 ], [ -47.6879, -24.0589 ], [ -47.6895, -24.0594 ], [ -47.6911, -24.0619 ], [ -47.6924, -24.0631 ], [ -47.6944, -24.0662 ], [ -47.6976, -24.0676 ], [ -47.6995, -24.0696 ], [ -47.7004, -24.0719 ], [ -47.703, -24.0741 ], [ -47.7071, -24.0733 ], [ -47.7087, -24.0716 ], [ -47.71, -24.0721 ], [ -47.7121, -24.0743 ], [ -47.7148, -24.0754 ], [ -47.7163, -24.0764 ], [ -47.7181, -24.0768 ], [ -47.7197, -24.0789 ], [ -47.7212, -24.0796 ], [ -47.7239, -24.0798 ], [ -47.7258, -24.0821 ], [ -47.7261, -24.0843 ], [ -47.7254, -24.0865 ], [ -47.7253, -24.0884 ], [ -47.7265, -24.0907 ], [ -47.7292, -24.0922 ], [ -47.7317, -24.0965 ], [ -47.7342, -24.0985 ], [ -47.7344, -24.1005 ], [ -47.7357, -24.1023 ], [ -47.7357, -24.104 ], [ -47.7341, -24.1055 ], [ -47.7304, -24.1055 ], [ -47.7287, -24.1061 ], [ -47.7245, -24.106 ], [ -47.7235, -24.1065 ], [ -47.7237, -24.1078 ], [ -47.7259, -24.1103 ], [ -47.7251, -24.1116 ], [ -47.7225, -24.1127 ], [ -47.722, -24.1134 ], [ -47.7242, -24.1152 ], [ -47.7245, -24.1178 ], [ -47.7276, -24.1183 ], [ -47.7289, -24.1198 ], [ -47.7309, -24.1204 ], [ -47.7322, -24.1222 ], [ -47.7362, -24.125 ], [ -47.7371, -24.1252 ], [ -47.7413, -24.1219 ], [ -47.7438, -24.1208 ], [ -47.745, -24.121 ], [ -47.749, -24.1233 ], [ -47.7507, -24.1228 ], [ -47.7537, -24.1251 ], [ -47.7562, -24.1289 ], [ -47.7591, -24.131 ], [ -47.7623, -24.1311 ], [ -47.7657, -24.1325 ], [ -47.7694, -24.1321 ], [ -47.7703, -24.1324 ], [ -47.7727, -24.1344 ], [ -47.7744, -24.1317 ], [ -47.7744, -24.1293 ], [ -47.7752, -24.1278 ], [ -47.7761, -24.128 ], [ -47.7788, -24.1299 ], [ -47.7815, -24.1298 ], [ -47.786, -24.1301 ], [ -47.788, -24.1308 ], [ -47.789, -24.1334 ], [ -47.7917, -24.1349 ], [ -47.7936, -24.1351 ], [ -47.798, -24.1341 ], [ -47.8001, -24.134 ], [ -47.8014, -24.1349 ], [ -47.8028, -24.1347 ], [ -47.8077, -24.131 ], [ -47.8103, -24.1308 ], [ -47.8124, -24.1313 ], [ -47.8159, -24.1329 ], [ -47.8169, -24.1337 ], [ -47.8185, -24.1336 ], [ -47.8214, -24.1325 ], [ -47.8244, -24.133 ], [ -47.8262, -24.1338 ], [ -47.8286, -24.1329 ], [ -47.8303, -24.1306 ], [ -47.8312, -24.1282 ], [ -47.8298, -24.125 ], [ -47.83, -24.1235 ], [ -47.8321, -24.1214 ], [ -47.8336, -24.1206 ], [ -47.839, -24.1192 ], [ -47.8411, -24.1202 ], [ -47.8461, -24.1197 ], [ -47.8481, -24.1188 ], [ -47.8493, -24.117 ], [ -47.8512, -24.1168 ], [ -47.8517, -24.12 ], [ -47.8539, -24.1206 ], [ -47.8562, -24.1228 ], [ -47.8577, -24.123 ], [ -47.8591, -24.122 ], [ -47.8593, -24.12 ], [ -47.8622, -24.1182 ], [ -47.8633, -24.114 ], [ -47.8632, -24.1127 ], [ -47.8616, -24.1108 ], [ -47.8599, -24.1069 ], [ -47.857, -24.1046 ], [ -47.8565, -24.1031 ], [ -47.857, -24.1015 ], [ -47.8589, -24.0982 ], [ -47.8586, -24.0943 ], [ -47.8609, -24.092 ], [ -47.8615, -24.0896 ], [ -47.864, -24.088 ], [ -47.8655, -24.0881 ], [ -47.8678, -24.0864 ], [ -47.8678, -24.0853 ], [ -47.8667, -24.0835 ], [ -47.8672, -24.0814 ], [ -47.8669, -24.0798 ], [ -47.8678, -24.0768 ], [ -47.8695, -24.0762 ], [ -47.8713, -24.0766 ], [ -47.8741, -24.0782 ], [ -47.877, -24.0809 ], [ -47.8796, -24.0807 ], [ -47.8816, -24.081 ], [ -47.8848, -24.0799 ], [ -47.8882, -24.0782 ], [ -47.8899, -24.0779 ], [ -47.8927, -24.0781 ], [ -47.8948, -24.0793 ], [ -47.8959, -24.0807 ], [ -47.8962, -24.0836 ], [ -47.8979, -24.086 ], [ -47.8999, -24.0874 ], [ -47.9017, -24.0896 ], [ -47.9015, -24.0931 ], [ -47.903, -24.0939 ], [ -47.9056, -24.0932 ], [ -47.9092, -24.0958 ], [ -47.9114, -24.0967 ], [ -47.9139, -24.0986 ], [ -47.9169, -24.1005 ], [ -47.9206, -24.0997 ], [ -47.9219, -24.1008 ], [ -47.9241, -24.1012 ], [ -47.9298, -24.1011 ], [ -47.9326, -24.1007 ], [ -47.9343, -24.0996 ], [ -47.9377, -24.0993 ], [ -47.9391, -24.1011 ], [ -47.9386, -24.1038 ], [ -47.9393, -24.1046 ], [ -47.942, -24.1056 ], [ -47.9448, -24.1081 ], [ -47.9459, -24.1099 ], [ -47.9464, -24.1125 ], [ -47.9464, -24.1172 ], [ -47.947, -24.118 ], [ -47.9497, -24.1197 ], [ -47.9519, -24.1203 ], [ -47.9531, -24.1198 ], [ -47.9551, -24.1181 ], [ -47.9568, -24.1158 ], [ -47.9578, -24.1154 ], [ -47.9606, -24.1157 ], [ -47.964, -24.1151 ], [ -47.9679, -24.1156 ], [ -47.9706, -24.1152 ], [ -47.975, -24.1136 ], [ -47.9766, -24.1137 ], [ -47.978, -24.1143 ], [ -47.9812, -24.1135 ], [ -47.9839, -24.1153 ], [ -47.9858, -24.1159 ], [ -47.9871, -24.1175 ], [ -47.9879, -24.1202 ], [ -47.9904, -24.1226 ], [ -47.9958, -24.1249 ], [ -47.9972, -24.1257 ], [ -48.0007, -24.129 ], [ -48.0017, -24.1296 ], [ -48.0038, -24.1319 ], [ -48.006, -24.1328 ], [ -48.0088, -24.1354 ], [ -48.0122, -24.135 ], [ -48.0116, -24.1324 ], [ -48.012, -24.131 ], [ -48.0133, -24.1296 ], [ -48.016, -24.1286 ], [ -48.0195, -24.1292 ], [ -48.0224, -24.1307 ], [ -48.0234, -24.1321 ], [ -48.0234, -24.1339 ], [ -48.0242, -24.1347 ], [ -48.0259, -24.1339 ], [ -48.0272, -24.134 ], [ -48.0299, -24.1358 ], [ -48.0359, -24.1354 ], [ -48.0369, -24.1357 ], [ -48.039, -24.1372 ], [ -48.0417, -24.1382 ], [ -48.045, -24.1378 ], [ -48.0476, -24.1382 ], [ -48.0494, -24.1376 ], [ -48.051, -24.1387 ], [ -48.0509, -24.1406 ], [ -48.0516, -24.1426 ], [ -48.0529, -24.1439 ], [ -48.0566, -24.146 ], [ -48.0568, -24.1481 ], [ -48.0539, -24.1494 ], [ -48.0519, -24.1523 ], [ -48.0514, -24.1547 ], [ -48.0506, -24.1563 ], [ -48.0544, -24.1578 ], [ -48.058, -24.1572 ], [ -48.0601, -24.1591 ], [ -48.0601, -24.16 ], [ -48.0589, -24.1619 ], [ -48.0569, -24.1636 ], [ -48.0584, -24.1653 ], [ -48.0575, -24.1682 ], [ -48.0582, -24.1703 ], [ -48.0575, -24.1726 ], [ -48.059, -24.1738 ], [ -48.0578, -24.1755 ], [ -48.0581, -24.1772 ], [ -48.0602, -24.179 ], [ -48.0609, -24.1802 ], [ -48.06, -24.1833 ], [ -48.0627, -24.1823 ], [ -48.0667, -24.1832 ], [ -48.0689, -24.1851 ], [ -48.0721, -24.1866 ], [ -48.076, -24.1905 ], [ -48.0797, -24.1919 ], [ -48.0815, -24.1932 ], [ -48.083, -24.1931 ], [ -48.0841, -24.1913 ], [ -48.0852, -24.1913 ], [ -48.088, -24.1938 ], [ -48.0913, -24.1939 ], [ -48.0939, -24.1935 ], [ -48.0945, -24.1942 ], [ -48.093, -24.1957 ], [ -48.0936, -24.1999 ], [ -48.0949, -24.2013 ], [ -48.0995, -24.2021 ], [ -48.1063, -24.2015 ], [ -48.1091, -24.2003 ], [ -48.1139, -24.1999 ], [ -48.1155, -24.199 ], [ -48.1168, -24.1955 ], [ -48.1186, -24.1948 ], [ -48.1217, -24.1957 ], [ -48.1244, -24.1974 ], [ -48.1273, -24.1965 ], [ -48.1289, -24.1966 ], [ -48.1308, -24.196 ], [ -48.133, -24.1945 ], [ -48.1351, -24.1945 ], [ -48.1378, -24.1952 ], [ -48.1395, -24.1944 ], [ -48.1413, -24.1945 ], [ -48.1421, -24.1957 ], [ -48.1425, -24.1984 ], [ -48.1435, -24.2004 ], [ -48.1421, -24.2038 ], [ -48.1402, -24.2047 ], [ -48.1386, -24.2077 ], [ -48.1385, -24.2092 ], [ -48.1405, -24.2111 ], [ -48.1436, -24.2113 ], [ -48.1457, -24.2123 ], [ -48.1461, -24.2149 ], [ -48.1446, -24.2168 ], [ -48.1449, -24.2184 ], [ -48.1438, -24.22 ], [ -48.1443, -24.2222 ], [ -48.1459, -24.2241 ], [ -48.1468, -24.2261 ], [ -48.1462, -24.2268 ], [ -48.1437, -24.2277 ], [ -48.1436, -24.2295 ], [ -48.1449, -24.2317 ], [ -48.1468, -24.2328 ], [ -48.1488, -24.2331 ], [ -48.1491, -24.2317 ], [ -48.1482, -24.2306 ], [ -48.1482, -24.2293 ], [ -48.1504, -24.2291 ], [ -48.1546, -24.2297 ], [ -48.1539, -24.2309 ], [ -48.155, -24.2325 ], [ -48.1576, -24.2329 ], [ -48.1596, -24.2352 ], [ -48.1617, -24.2369 ], [ -48.1657, -24.2385 ], [ -48.1679, -24.242 ], [ -48.1711, -24.245 ], [ -48.1744, -24.2456 ], [ -48.1762, -24.2469 ], [ -48.181, -24.2477 ], [ -48.1828, -24.249 ], [ -48.1847, -24.2495 ], [ -48.187, -24.2517 ], [ -48.1886, -24.252 ], [ -48.192, -24.2544 ], [ -48.1956, -24.2545 ], [ -48.1974, -24.2553 ], [ -48.1978, -24.2567 ], [ -48.1993, -24.259 ], [ -48.1996, -24.2607 ], [ -48.2015, -24.2624 ], [ -48.2032, -24.2624 ], [ -48.2049, -24.2633 ], [ -48.2086, -24.263 ], [ -48.2101, -24.2621 ], [ -48.2134, -24.2625 ], [ -48.215, -24.2621 ], [ -48.2179, -24.2625 ], [ -48.2201, -24.2642 ], [ -48.2235, -24.2638 ], [ -48.2256, -24.2627 ], [ -48.227, -24.2626 ], [ -48.2295, -24.264 ], [ -48.2321, -24.2633 ], [ -48.2359, -24.2631 ], [ -48.2384, -24.2638 ], [ -48.2414, -24.2631 ], [ -48.2422, -24.2623 ], [ -48.2425, -24.2599 ], [ -48.2453, -24.2594 ], [ -48.2472, -24.26 ], [ -48.249, -24.2598 ], [ -48.2512, -24.2586 ], [ -48.2531, -24.2582 ], [ -48.2537, -24.2602 ], [ -48.256, -24.2624 ], [ -48.2572, -24.2649 ], [ -48.2574, -24.2669 ], [ -48.259, -24.2682 ], [ -48.2603, -24.2703 ], [ -48.2623, -24.2709 ], [ -48.2636, -24.2736 ], [ -48.2657, -24.2738 ], [ -48.267, -24.2756 ], [ -48.268, -24.276 ], [ -48.271, -24.2761 ], [ -48.2725, -24.2768 ], [ -48.2751, -24.2789 ], [ -48.2798, -24.2811 ], [ -48.281, -24.2819 ], [ -48.2836, -24.284 ], [ -48.2836, -24.286 ], [ -48.2824, -24.2882 ], [ -48.2804, -24.2897 ], [ -48.2775, -24.2905 ], [ -48.2767, -24.2919 ], [ -48.2746, -24.2941 ], [ -48.275, -24.2964 ], [ -48.2761, -24.2968 ], [ -48.2786, -24.2968 ], [ -48.2808, -24.2981 ], [ -48.2825, -24.2981 ], [ -48.286, -24.2955 ], [ -48.2878, -24.2946 ], [ -48.2905, -24.2942 ], [ -48.2921, -24.2943 ], [ -48.2943, -24.2957 ], [ -48.2956, -24.2973 ], [ -48.296, -24.2989 ], [ -48.2949, -24.3013 ], [ -48.2976, -24.3019 ], [ -48.2987, -24.3027 ], [ -48.2999, -24.3047 ], [ -48.2996, -24.3064 ], [ -48.3005, -24.3067 ], [ -48.3019, -24.3054 ], [ -48.3055, -24.3045 ], [ -48.31, -24.3079 ], [ -48.3134, -24.3099 ], [ -48.3169, -24.313 ], [ -48.3182, -24.3137 ], [ -48.3202, -24.3138 ], [ -48.3227, -24.3145 ], [ -48.3283, -24.3128 ], [ -48.3291, -24.3122 ], [ -48.3292, -24.3097 ], [ -48.3301, -24.3079 ], [ -48.3298, -24.3057 ], [ -48.3299, -24.3033 ], [ -48.3282, -24.3006 ], [ -48.3283, -24.2994 ], [ -48.3271, -24.2974 ], [ -48.3243, -24.2955 ], [ -48.3241, -24.294 ], [ -48.3247, -24.2928 ], [ -48.3266, -24.2913 ], [ -48.33, -24.2906 ], [ -48.332, -24.2911 ], [ -48.3334, -24.2923 ], [ -48.3353, -24.2929 ], [ -48.3395, -24.2929 ], [ -48.3401, -24.2924 ], [ -48.3403, -24.2886 ], [ -48.3424, -24.2866 ], [ -48.3459, -24.2861 ], [ -48.3495, -24.2877 ], [ -48.3523, -24.288 ], [ -48.3539, -24.2851 ], [ -48.3563, -24.2845 ], [ -48.3582, -24.283 ], [ -48.36, -24.2824 ], [ -48.361, -24.2828 ], [ -48.3639, -24.2852 ], [ -48.3663, -24.2876 ], [ -48.368, -24.2899 ], [ -48.3698, -24.2933 ], [ -48.3727, -24.2942 ], [ -48.3748, -24.2967 ], [ -48.3777, -24.2985 ], [ -48.3794, -24.3 ], [ -48.3813, -24.303 ], [ -48.3831, -24.3042 ], [ -48.3861, -24.3062 ], [ -48.3874, -24.3066 ], [ -48.3891, -24.306 ], [ -48.3911, -24.3039 ], [ -48.3919, -24.3007 ], [ -48.3941, -24.2972 ], [ -48.3935, -24.293 ], [ -48.3945, -24.2918 ], [ -48.3977, -24.2913 ], [ -48.3997, -24.2889 ], [ -48.3993, -24.287 ], [ -48.3997, -24.2853 ], [ -48.4023, -24.285 ], [ -48.4035, -24.2842 ], [ -48.4062, -24.284 ], [ -48.4068, -24.2829 ], [ -48.4069, -24.2808 ], [ -48.4084, -24.2778 ], [ -48.408, -24.2766 ], [ -48.4057, -24.2742 ], [ -48.4058, -24.2732 ], [ -48.4094, -24.2708 ], [ -48.4103, -24.2696 ], [ -48.411, -24.2675 ], [ -48.4152, -24.2681 ], [ -48.4182, -24.2677 ], [ -48.4222, -24.266 ], [ -48.4259, -24.2658 ], [ -48.4286, -24.2668 ], [ -48.4298, -24.2664 ], [ -48.4302, -24.2644 ], [ -48.4311, -24.2637 ], [ -48.4338, -24.2641 ], [ -48.4386, -24.2626 ], [ -48.4425, -24.2629 ], [ -48.4434, -24.2645 ], [ -48.4448, -24.265 ], [ -48.4466, -24.2631 ], [ -48.4488, -24.2628 ], [ -48.4505, -24.2635 ], [ -48.452, -24.2633 ], [ -48.453, -24.2616 ], [ -48.4525, -24.2597 ], [ -48.4537, -24.2553 ], [ -48.4544, -24.2543 ], [ -48.4576, -24.2527 ], [ -48.459, -24.2528 ], [ -48.4591, -24.2547 ], [ -48.461, -24.259 ], [ -48.4613, -24.2615 ], [ -48.4623, -24.2634 ], [ -48.4626, -24.2659 ], [ -48.4641, -24.2688 ], [ -48.4647, -24.2729 ], [ -48.4643, -24.2741 ], [ -48.4623, -24.2763 ], [ -48.4621, -24.2781 ], [ -48.4604, -24.2789 ], [ -48.4589, -24.281 ], [ -48.4564, -24.2812 ], [ -48.4538, -24.2827 ], [ -48.4526, -24.2843 ], [ -48.4529, -24.286 ], [ -48.4543, -24.2877 ], [ -48.4543, -24.2893 ], [ -48.4536, -24.2915 ], [ -48.4545, -24.2941 ], [ -48.4558, -24.2955 ], [ -48.4571, -24.2956 ], [ -48.4592, -24.2935 ], [ -48.4599, -24.2918 ], [ -48.4636, -24.287 ], [ -48.4651, -24.2861 ], [ -48.468, -24.287 ], [ -48.4697, -24.2883 ], [ -48.4712, -24.2879 ], [ -48.4712, -24.286 ], [ -48.4725, -24.2853 ], [ -48.4747, -24.289 ], [ -48.476, -24.2896 ], [ -48.4802, -24.2865 ], [ -48.4832, -24.2853 ], [ -48.4858, -24.2838 ], [ -48.488, -24.2842 ], [ -48.4912, -24.2817 ], [ -48.4942, -24.2801 ], [ -48.4966, -24.2803 ], [ -48.4979, -24.2812 ], [ -48.4994, -24.284 ], [ -48.5027, -24.2867 ], [ -48.5035, -24.2881 ], [ -48.5033, -24.2898 ], [ -48.5019, -24.2908 ], [ -48.5008, -24.2924 ], [ -48.5007, -24.2939 ], [ -48.5029, -24.2962 ], [ -48.5033, -24.2984 ], [ -48.5049, -24.3001 ], [ -48.5048, -24.3011 ], [ -48.5037, -24.3025 ], [ -48.5042, -24.3036 ], [ -48.5062, -24.3042 ], [ -48.5085, -24.3033 ], [ -48.5094, -24.3033 ], [ -48.51, -24.3053 ], [ -48.5116, -24.3062 ], [ -48.5134, -24.3056 ], [ -48.5148, -24.307 ], [ -48.5152, -24.3093 ], [ -48.5169, -24.3095 ], [ -48.5186, -24.3081 ], [ -48.5207, -24.3082 ], [ -48.5224, -24.3099 ], [ -48.5231, -24.3114 ], [ -48.5233, -24.3143 ], [ -48.5229, -24.3174 ], [ -48.5235, -24.3199 ], [ -48.5289, -24.3171 ], [ -48.5304, -24.3176 ], [ -48.5307, -24.3193 ], [ -48.5316, -24.3201 ], [ -48.5336, -24.3208 ], [ -48.535, -24.3205 ], [ -48.5389, -24.3178 ], [ -48.5401, -24.3154 ], [ -48.5397, -24.314 ], [ -48.5404, -24.3126 ], [ -48.5436, -24.311 ], [ -48.546, -24.3084 ], [ -48.5487, -24.3062 ], [ -48.5478, -24.3036 ], [ -48.5482, -24.302 ], [ -48.5507, -24.2989 ], [ -48.5526, -24.2952 ], [ -48.5529, -24.2935 ], [ -48.5519, -24.2905 ], [ -48.553, -24.289 ], [ -48.5557, -24.2874 ], [ -48.5584, -24.287 ], [ -48.5612, -24.2879 ], [ -48.5619, -24.2897 ], [ -48.5618, -24.2921 ], [ -48.5628, -24.2935 ], [ -48.5655, -24.2958 ], [ -48.5674, -24.2981 ], [ -48.5685, -24.2989 ], [ -48.5721, -24.3004 ], [ -48.5753, -24.3028 ], [ -48.5777, -24.3037 ], [ -48.5806, -24.3073 ], [ -48.5862, -24.3109 ], [ -48.5886, -24.314 ], [ -48.5907, -24.3151 ], [ -48.5904, -24.3177 ], [ -48.5919, -24.3209 ], [ -48.5949, -24.3237 ], [ -48.596, -24.3253 ], [ -48.5993, -24.3283 ], [ -48.6006, -24.3302 ], [ -48.6004, -24.3318 ], [ -48.6017, -24.3338 ], [ -48.6034, -24.334 ], [ -48.6052, -24.3322 ], [ -48.605, -24.333 ], [ -48.6061, -24.3354 ], [ -48.608, -24.3385 ], [ -48.6076, -24.339 ], [ -48.6038, -24.3396 ], [ -48.6021, -24.3403 ], [ -48.5997, -24.3395 ], [ -48.5981, -24.3399 ], [ -48.5948, -24.3423 ], [ -48.5932, -24.3426 ], [ -48.5891, -24.342 ], [ -48.5848, -24.3395 ], [ -48.5794, -24.3333 ], [ -48.5777, -24.333 ], [ -48.5782, -24.3364 ], [ -48.5773, -24.3378 ], [ -48.5729, -24.3374 ], [ -48.5696, -24.3363 ], [ -48.567, -24.3366 ], [ -48.5656, -24.3379 ], [ -48.5639, -24.3402 ], [ -48.5613, -24.3408 ], [ -48.5586, -24.3391 ], [ -48.554, -24.3371 ], [ -48.5519, -24.3369 ], [ -48.5495, -24.336 ], [ -48.5469, -24.3361 ], [ -48.5447, -24.3344 ], [ -48.5434, -24.3346 ], [ -48.5428, -24.3369 ], [ -48.5404, -24.3385 ], [ -48.539, -24.3405 ], [ -48.5388, -24.3417 ], [ -48.54, -24.3435 ], [ -48.5387, -24.3459 ], [ -48.5361, -24.3474 ], [ -48.535, -24.3474 ], [ -48.534, -24.3457 ], [ -48.5317, -24.3444 ], [ -48.5285, -24.3429 ], [ -48.5248, -24.3422 ], [ -48.5225, -24.3402 ], [ -48.5193, -24.3396 ], [ -48.5142, -24.3381 ], [ -48.5132, -24.3386 ], [ -48.5111, -24.341 ], [ -48.5074, -24.3441 ], [ -48.5056, -24.345 ], [ -48.5036, -24.3473 ], [ -48.5016, -24.3483 ], [ -48.5014, -24.35 ], [ -48.505, -24.3543 ], [ -48.5051, -24.3559 ], [ -48.5038, -24.3577 ], [ -48.5035, -24.3587 ], [ -48.5018, -24.3602 ], [ -48.5004, -24.3604 ], [ -48.4993, -24.3617 ], [ -48.497, -24.3623 ], [ -48.4965, -24.3644 ], [ -48.4947, -24.3657 ], [ -48.4946, -24.3669 ], [ -48.4934, -24.3679 ], [ -48.4931, -24.3693 ], [ -48.4912, -24.3697 ], [ -48.4906, -24.3706 ], [ -48.4921, -24.3722 ], [ -48.4923, -24.3738 ], [ -48.4916, -24.3748 ], [ -48.4921, -24.3767 ], [ -48.4915, -24.3778 ], [ -48.4933, -24.3815 ], [ -48.4938, -24.3838 ], [ -48.4949, -24.3852 ], [ -48.4947, -24.3866 ], [ -48.496, -24.389 ], [ -48.4976, -24.3896 ], [ -48.4999, -24.3885 ], [ -48.5009, -24.3869 ], [ -48.5029, -24.3875 ], [ -48.5032, -24.3896 ], [ -48.5049, -24.3908 ], [ -48.505, -24.3942 ], [ -48.5042, -24.3957 ], [ -48.5059, -24.3964 ], [ -48.5068, -24.3945 ], [ -48.5079, -24.3943 ], [ -48.5087, -24.3954 ], [ -48.5074, -24.3963 ], [ -48.5082, -24.3981 ], [ -48.5093, -24.3981 ], [ -48.5104, -24.4007 ], [ -48.5101, -24.4016 ], [ -48.5118, -24.4027 ], [ -48.5133, -24.4022 ], [ -48.5154, -24.4026 ], [ -48.5171, -24.4022 ], [ -48.5173, -24.4038 ], [ -48.5191, -24.4061 ], [ -48.5185, -24.4077 ], [ -48.5207, -24.4069 ], [ -48.5214, -24.4097 ], [ -48.5228, -24.4113 ], [ -48.5216, -24.4127 ], [ -48.5207, -24.4146 ], [ -48.5193, -24.4149 ], [ -48.5194, -24.4159 ], [ -48.5208, -24.4165 ], [ -48.52, -24.4181 ], [ -48.5163, -24.4196 ], [ -48.5182, -24.421 ], [ -48.5211, -24.4209 ], [ -48.5247, -24.4219 ], [ -48.5247, -24.4244 ], [ -48.5254, -24.4254 ], [ -48.5267, -24.4259 ], [ -48.5276, -24.4278 ], [ -48.5307, -24.4303 ], [ -48.5335, -24.4308 ], [ -48.535, -24.4325 ], [ -48.5359, -24.4344 ], [ -48.5367, -24.4347 ], [ -48.5404, -24.4346 ], [ -48.5414, -24.4359 ], [ -48.5454, -24.4376 ], [ -48.5472, -24.4395 ], [ -48.5496, -24.4405 ], [ -48.5526, -24.439 ], [ -48.5567, -24.4385 ], [ -48.5598, -24.4391 ], [ -48.5608, -24.4389 ], [ -48.5634, -24.4364 ], [ -48.5658, -24.4366 ], [ -48.567, -24.4356 ], [ -48.5693, -24.435 ], [ -48.5704, -24.4352 ], [ -48.5724, -24.434 ], [ -48.5743, -24.4339 ], [ -48.5781, -24.4358 ], [ -48.5779, -24.4375 ], [ -48.5809, -24.438 ], [ -48.5826, -24.4374 ], [ -48.5849, -24.4351 ], [ -48.5863, -24.4348 ], [ -48.5891, -24.4364 ], [ -48.592, -24.4411 ], [ -48.594, -24.4427 ], [ -48.5992, -24.4449 ], [ -48.6013, -24.4446 ], [ -48.6042, -24.4462 ], [ -48.6055, -24.448 ], [ -48.6105, -24.4515 ], [ -48.6132, -24.4531 ], [ -48.6148, -24.4556 ], [ -48.6156, -24.4552 ], [ -48.6157, -24.4527 ], [ -48.6175, -24.4506 ], [ -48.6164, -24.4463 ], [ -48.6181, -24.443 ], [ -48.6213, -24.4403 ], [ -48.626, -24.4392 ], [ -48.6298, -24.4371 ], [ -48.631, -24.4383 ], [ -48.6302, -24.4429 ], [ -48.6306, -24.4444 ], [ -48.6319, -24.447 ], [ -48.6298, -24.4479 ], [ -48.6288, -24.4489 ], [ -48.629, -24.4518 ], [ -48.6304, -24.4556 ], [ -48.6322, -24.4576 ], [ -48.6346, -24.4577 ], [ -48.6356, -24.4571 ], [ -48.6372, -24.4581 ], [ -48.6389, -24.4582 ], [ -48.6407, -24.4592 ], [ -48.6452, -24.4596 ], [ -48.6457, -24.4583 ], [ -48.6504, -24.4572 ], [ -48.6503, -24.4556 ], [ -48.6546, -24.4561 ], [ -48.6552, -24.4568 ], [ -48.6559, -24.46 ], [ -48.6585, -24.4622 ], [ -48.6622, -24.4659 ], [ -48.6646, -24.4669 ], [ -48.6661, -24.4685 ], [ -48.6689, -24.4697 ], [ -48.6729, -24.4727 ], [ -48.6742, -24.4744 ], [ -48.6749, -24.4761 ], [ -48.6748, -24.4781 ], [ -48.6737, -24.4785 ], [ -48.6717, -24.4771 ], [ -48.6701, -24.4766 ], [ -48.6683, -24.4769 ], [ -48.6669, -24.4781 ], [ -48.667, -24.4798 ], [ -48.6692, -24.4829 ], [ -48.6724, -24.4849 ], [ -48.6723, -24.487 ], [ -48.6729, -24.488 ], [ -48.6752, -24.4895 ], [ -48.679, -24.491 ], [ -48.6821, -24.4933 ], [ -48.6862, -24.494 ], [ -48.6878, -24.4948 ], [ -48.6885, -24.4963 ], [ -48.6875, -24.4991 ], [ -48.6879, -24.5008 ], [ -48.689, -24.5015 ], [ -48.6926, -24.5028 ], [ -48.6958, -24.505 ], [ -48.698, -24.5054 ], [ -48.6983, -24.5065 ], [ -48.6998, -24.5064 ], [ -48.7011, -24.5054 ], [ -48.7039, -24.5052 ], [ -48.7042, -24.506 ], [ -48.7037, -24.5086 ], [ -48.7054, -24.5096 ], [ -48.7086, -24.5103 ], [ -48.7146, -24.5112 ], [ -48.7171, -24.5131 ], [ -48.718, -24.5149 ], [ -48.7204, -24.5172 ], [ -48.7249, -24.5184 ], [ -48.7251, -24.5195 ], [ -48.7274, -24.522 ], [ -48.7282, -24.5248 ], [ -48.7275, -24.5266 ], [ -48.7279, -24.5276 ], [ -48.7322, -24.5293 ], [ -48.7338, -24.5297 ], [ -48.7367, -24.5318 ], [ -48.7379, -24.5336 ], [ -48.7407, -24.5342 ], [ -48.7421, -24.535 ], [ -48.7465, -24.5365 ], [ -48.748, -24.5381 ], [ -48.7497, -24.5386 ], [ -48.7505, -24.5399 ], [ -48.7533, -24.5404 ], [ -48.7541, -24.5422 ], [ -48.7557, -24.5432 ], [ -48.7582, -24.544 ], [ -48.7589, -24.5452 ], [ -48.7607, -24.5466 ], [ -48.7647, -24.5468 ], [ -48.7665, -24.5485 ], [ -48.7687, -24.5488 ], [ -48.7701, -24.5507 ], [ -48.7733, -24.551 ], [ -48.774, -24.5518 ], [ -48.7756, -24.5518 ], [ -48.7777, -24.5525 ], [ -48.7776, -24.5544 ], [ -48.7783, -24.5555 ], [ -48.781, -24.5566 ], [ -48.783, -24.5563 ], [ -48.7849, -24.5566 ], [ -48.786, -24.5574 ], [ -48.7882, -24.5574 ], [ -48.7892, -24.5582 ], [ -48.7882, -24.5596 ], [ -48.785, -24.5623 ], [ -48.7824, -24.5633 ], [ -48.7812, -24.5649 ] ] ] } },
{ "type": "Feature", "properties": { "nome_raj": "1ª RAJ Grande São Paulo", "id_municipio_ibge": 3503901, "nome_municipio": "Arujá", "populacao_municipio": 86678, "id_foro": 42, "nome_foro": "Arujá", "endereco_sede": "Rua Albino Rodrigues Neves , 585 - Center Ville, 07401-125", "latitude": -23.386006966979739, "longitude": -46.319035002988109, "id_cj": 44.0, "nome_cj": "Guarulhos", "id_raj": 1, "populacao_foro": 86678, "cidades_no_foro": "Arujá", "cidades_na_cj": "Arujá, Guarulhos, Igaratá, Mairiporã, Santa Isabel" }, "geometry": { "type": "Polygon", "coordinates": [ [ [ -46.8136, -23.9398 ], [ -46.8156, -23.9407 ], [ -46.8172, -23.9435 ], [ -46.8202, -23.9422 ], [ -46.8223, -23.9445 ], [ -46.8271, -23.9465 ], [ -46.8299, -23.9473 ], [ -46.83, -23.9485 ], [ -46.8275, -23.9514 ], [ -46.826, -23.9514 ], [ -46.825, -23.953 ], [ -46.8238, -23.9538 ], [ -46.823, -23.9552 ], [ -46.8238, -23.9562 ], [ -46.8272, -23.957 ], [ -46.8303, -23.9572 ], [ -46.8329, -23.9564 ], [ -46.8348, -23.9563 ], [ -46.8386, -23.9586 ], [ -46.8396, -23.962 ], [ -46.8409, -23.9625 ], [ -46.8452, -23.9627 ], [ -46.8486, -23.9651 ], [ -46.849, -23.9663 ], [ -46.8513, -23.97 ], [ -46.8539, -23.9715 ], [ -46.8553, -23.9735 ], [ -46.8566, -23.9726 ], [ -46.8578, -23.9739 ], [ -46.8607, -23.9738 ], [ -46.8623, -23.9742 ], [ -46.8629, -23.9759 ], [ -46.8653, -23.9777 ], [ -46.8676, -23.9801 ], [ -46.8725, -23.9793 ], [ -46.8736, -23.9786 ], [ -46.8751, -23.9793 ], [ -46.8799, -23.9831 ], [ -46.8815, -23.9831 ], [ -46.8831, -23.9852 ], [ -46.8828, -23.9871 ], [ -46.883, -23.9896 ], [ -46.882, -23.9905 ], [ -46.8814, -23.9934 ], [ -46.879, -23.9948 ], [ -46.8786, -23.9964 ], [ -46.8776, -23.9974 ], [ -46.8772, -23.9988 ], [ -46.8751, -24.0018 ], [ -46.8739, -24.0019 ], [ -46.8726, -23.9991 ], [ -46.871, -23.9986 ], [ -46.8692, -24.0007 ], [ -46.8707, -24.0025 ], [ -46.8699, -24.0051 ], [ -46.8701, -24.007 ], [ -46.8697, -24.0086 ], [ -46.8685, -24.0096 ], [ -46.8691, -24.0111 ], [ -46.8734, -24.014 ], [ -46.8733, -24.0161 ], [ -46.8719, -24.0166 ], [ -46.8694, -24.0165 ], [ -46.8677, -24.0192 ], [ -46.8683, -24.0208 ], [ -46.8698, -24.0209 ], [ -46.8709, -24.022 ], [ -46.8719, -24.0239 ], [ -46.8733, -24.0229 ], [ -46.8747, -24.0227 ], [ -46.876, -24.0242 ], [ -46.8775, -24.0238 ], [ -46.88, -24.0239 ], [ -46.8826, -24.0233 ], [ -46.8853, -24.0244 ], [ -46.8846, -24.0271 ], [ -46.8855, -24.0286 ], [ -46.8903, -24.0312 ], [ -46.893, -24.0342 ], [ -46.8933, -24.0361 ], [ -46.8916, -24.0366 ], [ -46.8893, -24.0359 ], [ -46.8882, -24.0367 ], [ -46.8893, -24.0386 ], [ -46.8906, -24.0385 ], [ -46.8922, -24.0397 ], [ -46.8929, -24.0411 ], [ -46.894, -24.0417 ], [ -46.8962, -24.0412 ], [ -46.8979, -24.0416 ], [ -46.8998, -24.0443 ], [ -46.9003, -24.0461 ], [ -46.9035, -24.0451 ], [ -46.9051, -24.0451 ], [ -46.9069, -24.0456 ], [ -46.9084, -24.045 ], [ -46.9088, -24.0435 ], [ -46.9098, -24.0419 ], [ -46.9113, -24.0415 ], [ -46.9148, -24.0432 ], [ -46.9166, -24.0437 ], [ -46.9206, -24.0415 ], [ -46.9227, -24.042 ], [ -46.9237, -24.043 ], [ -46.9266, -24.044 ], [ -46.9282, -24.045 ], [ -46.9303, -24.0445 ], [ -46.9326, -24.0422 ], [ -46.9339, -24.0388 ], [ -46.9336, -24.0375 ], [ -46.9342, -24.0357 ], [ -46.9354, -24.0349 ], [ -46.9362, -24.0334 ], [ -46.938, -24.0337 ], [ -46.9402, -24.0349 ], [ -46.9419, -24.0364 ], [ -46.9397, -24.0388 ], [ -46.9405, -24.04 ], [ -46.9438, -24.0406 ], [ -46.9458, -24.0406 ], [ -46.9461, -24.0436 ], [ -46.9488, -24.0425 ], [ -46.9505, -24.0425 ], [ -46.9515, -24.0443 ], [ -46.953, -24.0452 ], [ -46.954, -24.0438 ], [ -46.9568, -24.0449 ], [ -46.9588, -24.0449 ], [ -46.9608, -24.0459 ], [ -46.9631, -24.0458 ], [ -46.965, -24.0433 ], [ -46.9678, -24.0447 ], [ -46.9682, -24.0462 ], [ -46.9675, -24.0474 ], [ -46.965, -24.0484 ], [ -46.9671, -24.0508 ], [ -46.9673, -24.0532 ], [ -46.9667, -24.0546 ], [ -46.9652, -24.0544 ], [ -46.9638, -24.0551 ], [ -46.9636, -24.0563 ], [ -46.9647, -24.0584 ], [ -46.9685, -24.0593 ], [ -46.9691, -24.0606 ], [ -46.9707, -24.0616 ], [ -46.9734, -24.0611 ], [ -46.9768, -24.0625 ], [ -46.9786, -24.0643 ], [ -46.9804, -24.0635 ], [ -46.9812, -24.0623 ], [ -46.9821, -24.0595 ], [ -46.9836, -24.0581 ], [ -46.9863, -24.0579 ], [ -46.9897, -24.0588 ], [ -46.9914, -24.0585 ], [ -46.9939, -24.0566 ], [ -46.9958, -24.0528 ], [ -46.9978, -24.0521 ], [ -47.0022, -24.0563 ], [ -47.0064, -24.0639 ], [ -47.0093, -24.0629 ], [ -47.0116, -24.0605 ], [ -47.0144, -24.0595 ], [ -47.0158, -24.0574 ], [ -47.0171, -24.0567 ], [ -47.0189, -24.0585 ], [ -47.0202, -24.0578 ], [ -47.0212, -24.0555 ], [ -47.023, -24.0542 ], [ -47.0237, -24.0544 ], [ -47.0262, -24.0529 ], [ -47.0272, -24.0516 ], [ -47.0271, -24.0488 ], [ -47.0261, -24.0471 ], [ -47.0267, -24.043 ], [ -47.0274, -24.0422 ], [ -47.0299, -24.0422 ], [ -47.031, -24.0394 ], [ -47.032, -24.0349 ], [ -47.0343, -24.0308 ], [ -47.0366, -24.0303 ], [ -47.0378, -24.0296 ], [ -47.0381, -24.0284 ], [ -47.0396, -24.028 ], [ -47.0402, -24.0248 ], [ -47.0407, -24.0243 ], [ -47.0429, -24.0247 ], [ -47.0453, -24.0258 ], [ -47.0462, -24.0256 ], [ -47.0464, -24.0232 ], [ -47.0459, -24.022 ], [ -47.0459, -24.0196 ], [ -47.0463, -24.0182 ], [ -47.0476, -24.017 ], [ -47.0488, -24.015 ], [ -47.0506, -24.0135 ], [ -47.0521, -24.0129 ], [ -47.0539, -24.0108 ], [ -47.056, -24.0096 ], [ -47.0575, -24.0102 ], [ -47.0586, -24.0124 ], [ -47.0617, -24.0167 ], [ -47.0644, -24.018 ], [ -47.0649, -24.0189 ], [ -47.0638, -24.0203 ], [ -47.0644, -24.0227 ], [ -47.0684, -24.0254 ], [ -47.0714, -24.024 ], [ -47.0743, -24.0239 ], [ -47.0773, -24.0222 ], [ -47.0804, -24.0214 ], [ -47.0836, -24.0194 ], [ -47.0864, -24.0186 ], [ -47.0887, -24.0173 ], [ -47.0915, -24.0176 ], [ -47.0923, -24.0164 ], [ -47.0921, -24.0141 ], [ -47.0924, -24.0102 ], [ -47.0942, -24.01 ], [ -47.0948, -24.0093 ], [ -47.0953, -24.0069 ], [ -47.0966, -24.0062 ], [ -47.0993, -24.0058 ], [ -47.099, -24.0038 ], [ -47.0999, -24.0024 ], [ -47.0998, -24.0002 ], [ -47.0984, -23.9983 ], [ -47.1004, -23.9972 ], [ -47.1042, -23.9968 ], [ -47.1051, -23.995 ], [ -47.1071, -23.9938 ], [ -47.1143, -23.9968 ], [ -47.1165, -23.9964 ], [ -47.1184, -23.9979 ], [ -47.1202, -23.9976 ], [ -47.1218, -23.9965 ], [ -47.1246, -23.9976 ], [ -47.1227, -24.0001 ], [ -47.1224, -24.0018 ], [ -47.1224, -24.0079 ], [ -47.1232, -24.0084 ], [ -47.1271, -24.0087 ], [ -47.1292, -24.0094 ], [ -47.1306, -24.0092 ], [ -47.1316, -24.0104 ], [ -47.1345, -24.0116 ], [ -47.1378, -24.0141 ], [ -47.1398, -24.0141 ], [ -47.1418, -24.0128 ], [ -47.1424, -24.0114 ], [ -47.144, -24.0112 ], [ -47.1468, -24.0117 ], [ -47.1495, -24.0101 ], [ -47.1506, -24.0105 ], [ -47.153, -24.0076 ], [ -47.1533, -24.0062 ], [ -47.1575, -24.0064 ], [ -47.1591, -24.0043 ], [ -47.1608, -24.0042 ], [ -47.1617, -24.0033 ], [ -47.1638, -24.0037 ], [ -47.1649, -24.0029 ], [ -47.1666, -24.0032 ], [ -47.1692, -24.0021 ], [ -47.1717, -24.0036 ], [ -47.1743, -24.0036 ], [ -47.1757, -24.0031 ], [ -47.1781, -24.0034 ], [ -47.1812, -24.0015 ], [ -47.1831, -24.0008 ], [ -47.1841, -24.0017 ], [ -47.1852, -24.0015 ], [ -47.1878, -24.0025 ], [ -47.1889, -24.0003 ], [ -47.1902, -23.9991 ], [ -47.1922, -23.9984 ], [ -47.1975, -24.0015 ], [ -47.2, -24.0006 ], [ -47.2005, -23.9984 ], [ -47.1971, -23.9963 ], [ -47.1966, -23.9948 ], [ -47.195, -23.9923 ], [ -47.1928, -23.9913 ], [ -47.19, -23.9919 ], [ -47.1887, -23.9904 ], [ -47.1901, -23.9891 ], [ -47.1901, -23.9876 ], [ -47.1913, -23.9862 ], [ -47.1923, -23.9839 ], [ -47.1944, -23.9823 ], [ -47.1934, -23.9803 ], [ -47.1938, -23.978 ], [ -47.1953, -23.9748 ], [ -47.1971, -23.9757 ], [ -47.1971, -23.9737 ], [ -47.1992, -23.9722 ], [ -47.2012, -23.9727 ], [ -47.1998, -23.97 ], [ -47.2008, -23.9689 ], [ -47.2018, -23.9692 ], [ -47.2032, -23.9711 ], [ -47.2053, -23.9708 ], [ -47.2061, -23.9694 ], [ -47.2054, -23.9677 ], [ -47.2062, -23.9658 ], [ -47.2084, -23.9645 ], [ -47.2055, -23.9608 ], [ -47.2032, -23.9594 ], [ -47.2013, -23.9587 ], [ -47.1969, -23.9587 ], [ -47.1956, -23.9582 ], [ -47.1955, -23.9564 ], [ -47.1942, -23.9533 ], [ -47.1966, -23.9535 ], [ -47.1975, -23.953 ], [ -47.1982, -23.9492 ], [ -47.1997, -23.9497 ], [ -47.2009, -23.9491 ], [ -47.2017, -23.9467 ], [ -47.2013, -23.9418 ], [ -47.2001, -23.9407 ], [ -47.2001, -23.9387 ], [ -47.1984, -23.9389 ], [ -47.197, -23.9405 ], [ -47.1943, -23.942 ], [ -47.1927, -23.9409 ], [ -47.189, -23.9396 ], [ -47.1888, -23.9382 ], [ -47.1895, -23.9345 ], [ -47.1914, -23.9338 ], [ -47.1918, -23.9329 ], [ -47.1921, -23.9287 ], [ -47.1913, -23.9281 ], [ -47.1897, -23.9288 ], [ -47.188, -23.9311 ], [ -47.1865, -23.9312 ], [ -47.1843, -23.9299 ], [ -47.1825, -23.931 ], [ -47.1818, -23.9338 ], [ -47.1806, -23.935 ], [ -47.1803, -23.9365 ], [ -47.1784, -23.937 ], [ -47.1782, -23.9356 ], [ -47.1791, -23.9343 ], [ -47.1787, -23.9331 ], [ -47.1757, -23.9318 ], [ -47.1747, -23.9322 ], [ -47.1731, -23.9337 ], [ -47.1708, -23.9346 ], [ -47.1653, -23.9346 ], [ -47.1622, -23.9343 ], [ -47.1613, -23.9358 ], [ -47.16, -23.9356 ], [ -47.1592, -23.9346 ], [ -47.1584, -23.9322 ], [ -47.1584, -23.929 ], [ -47.1579, -23.9261 ], [ -47.1558, -23.9237 ], [ -47.1562, -23.9216 ], [ -47.1556, -23.9208 ], [ -47.1534, -23.9207 ], [ -47.1497, -23.9174 ], [ -47.1484, -23.9144 ], [ -47.1463, -23.9128 ], [ -47.1437, -23.9125 ], [ -47.1424, -23.9113 ], [ -47.1427, -23.9087 ], [ -47.1402, -23.9061 ], [ -47.1388, -23.9055 ], [ -47.138, -23.9033 ], [ -47.1396, -23.9034 ], [ -47.1417, -23.9016 ], [ -47.1438, -23.9017 ], [ -47.1427, -23.9002 ], [ -47.1411, -23.9004 ], [ -47.1391, -23.8999 ], [ -47.1349, -23.8944 ], [ -47.1354, -23.8925 ], [ -47.1351, -23.8915 ], [ -47.1366, -23.8901 ], [ -47.1386, -23.8902 ], [ -47.1383, -23.8889 ], [ -47.1371, -23.8886 ], [ -47.1373, -23.8862 ], [ -47.1347, -23.8852 ], [ -47.1333, -23.8826 ], [ -47.1347, -23.8818 ], [ -47.1342, -23.8803 ], [ -47.1319, -23.8784 ], [ -47.1296, -23.8788 ], [ -47.1273, -23.8766 ], [ -47.1266, -23.8748 ], [ -47.1274, -23.8743 ], [ -47.1289, -23.8751 ], [ -47.1305, -23.8739 ], [ -47.1328, -23.8737 ], [ -47.1323, -23.8718 ], [ -47.1309, -23.8685 ], [ -47.1299, -23.8674 ], [ -47.1302, -23.8655 ], [ -47.1293, -23.864 ], [ -47.1298, -23.8628 ], [ -47.1291, -23.8606 ], [ -47.1247, -23.8599 ], [ -47.1251, -23.8579 ], [ -47.1233, -23.8571 ], [ -47.1229, -23.8555 ], [ -47.1239, -23.8539 ], [ -47.1224, -23.852 ], [ -47.1207, -23.8516 ], [ -47.1182, -23.8499 ], [ -47.1186, -23.8482 ], [ -47.1169, -23.8433 ], [ -47.1178, -23.8427 ], [ -47.1173, -23.8411 ], [ -47.1149, -23.8402 ], [ -47.114, -23.8412 ], [ -47.114, -23.8429 ], [ -47.1127, -23.8434 ], [ -47.1112, -23.8422 ], [ -47.1103, -23.8424 ], [ -47.109, -23.8454 ], [ -47.1078, -23.846 ], [ -47.1077, -23.8479 ], [ -47.1071, -23.8485 ], [ -47.103, -23.8488 ], [ -47.1019, -23.8472 ], [ -47.0997, -23.8476 ], [ -47.0956, -23.8458 ], [ -47.0942, -23.8471 ], [ -47.0922, -23.8474 ], [ -47.0908, -23.8466 ], [ -47.089, -23.847 ], [ -47.0836, -23.8447 ], [ -47.0802, -23.844 ], [ -47.0791, -23.8432 ], [ -47.0778, -23.8437 ], [ -47.0744, -23.8434 ], [ -47.0726, -23.8419 ], [ -47.0717, -23.8419 ], [ -47.0689, -23.8434 ], [ -47.0673, -23.8437 ], [ -47.0657, -23.843 ], [ -47.0667, -23.8395 ], [ -47.0655, -23.838 ], [ -47.0642, -23.8389 ], [ -47.0634, -23.8406 ], [ -47.0617, -23.841 ], [ -47.0596, -23.843 ], [ -47.0584, -23.8434 ], [ -47.0566, -23.8417 ], [ -47.0553, -23.844 ], [ -47.0529, -23.8443 ], [ -47.0496, -23.8436 ], [ -47.0486, -23.8417 ], [ -47.0474, -23.8409 ], [ -47.0446, -23.8398 ], [ -47.0438, -23.8377 ], [ -47.0424, -23.8363 ], [ -47.0405, -23.8358 ], [ -47.0376, -23.8363 ], [ -47.0352, -23.8379 ], [ -47.0359, -23.8402 ], [ -47.0336, -23.8419 ], [ -47.0325, -23.8438 ], [ -47.0303, -23.8446 ], [ -47.0301, -23.8459 ], [ -47.0288, -23.8462 ], [ -47.0274, -23.8454 ], [ -47.027, -23.8438 ], [ -47.0255, -23.8429 ], [ -47.0232, -23.8408 ], [ -47.0228, -23.8373 ], [ -47.0217, -23.8361 ], [ -47.0196, -23.8355 ], [ -47.0184, -23.8364 ], [ -47.0168, -23.8361 ], [ -47.016, -23.835 ], [ -47.0146, -23.8353 ], [ -47.0151, -23.8332 ], [ -47.0146, -23.8309 ], [ -47.0126, -23.8307 ], [ -47.0142, -23.8284 ], [ -47.0132, -23.825 ], [ -47.0139, -23.8246 ], [ -47.0154, -23.8224 ], [ -47.0175, -23.8214 ], [ -47.0159, -23.8203 ], [ -47.0174, -23.8176 ], [ -47.0151, -23.8145 ], [ -47.0141, -23.8142 ], [ -47.0123, -23.8151 ], [ -47.0102, -23.8147 ], [ -47.0075, -23.8157 ], [ -47.0012, -23.8127 ], [ -46.9988, -23.8131 ], [ -46.9967, -23.8119 ], [ -46.9944, -23.8116 ], [ -46.9925, -23.8096 ], [ -46.9865, -23.8084 ], [ -46.9864, -23.8066 ], [ -46.9855, -23.8045 ], [ -46.984, -23.8032 ], [ -46.9851, -23.8011 ], [ -46.986, -23.8005 ], [ -46.9889, -23.8008 ], [ -46.9926, -23.8033 ], [ -46.9935, -23.8034 ], [ -46.9951, -23.8019 ], [ -46.9966, -23.8027 ], [ -46.9988, -23.8011 ], [ -47.0007, -23.8016 ], [ -47.0021, -23.7989 ], [ -47.0038, -23.7987 ], [ -47.0054, -23.7973 ], [ -47.0069, -23.7936 ], [ -47.0086, -23.7918 ], [ -47.0099, -23.7913 ], [ -47.0132, -23.7923 ], [ -47.0149, -23.7917 ], [ -47.0158, -23.79 ], [ -47.0193, -23.7885 ], [ -47.0189, -23.7875 ], [ -47.021, -23.7855 ], [ -47.0218, -23.7824 ], [ -47.0236, -23.7797 ], [ -47.0229, -23.7759 ], [ -47.0233, -23.7749 ], [ -47.0252, -23.7743 ], [ -47.025, -23.7731 ], [ -47.0266, -23.7714 ], [ -47.0319, -23.7695 ], [ -47.0322, -23.7678 ], [ -47.0332, -23.7676 ], [ -47.0324, -23.7657 ], [ -47.0328, -23.7641 ], [ -47.0304, -23.7631 ], [ -47.0288, -23.7616 ], [ -47.0296, -23.7599 ], [ -47.0288, -23.7572 ], [ -47.0314, -23.7571 ], [ -47.0326, -23.7564 ], [ -47.0332, -23.7575 ], [ -47.0347, -23.7577 ], [ -47.0345, -23.7559 ], [ -47.0363, -23.7536 ], [ -47.0365, -23.7523 ], [ -47.0351, -23.7506 ], [ -47.0361, -23.7484 ], [ -47.0345, -23.7479 ], [ -47.0329, -23.746 ], [ -47.033, -23.7441 ], [ -47.0323, -23.7434 ], [ -47.0323, -23.741 ], [ -47.0336, -23.74 ], [ -47.0333, -23.7375 ], [ -47.0344, -23.7356 ], [ -47.0364, -23.7357 ], [ -47.0395, -23.7351 ], [ -47.0409, -23.7368 ], [ -47.0441, -23.7368 ], [ -47.0448, -23.736 ], [ -47.0472, -23.7351 ], [ -47.0498, -23.7311 ], [ -47.0493, -23.7299 ], [ -47.0511, -23.7277 ], [ -47.0513, -23.7241 ], [ -47.0532, -23.7213 ], [ -47.0526, -23.7204 ], [ -47.0548, -23.7197 ], [ -47.0563, -23.7187 ], [ -47.0562, -23.7172 ], [ -47.058, -23.7146 ], [ -47.0577, -23.7127 ], [ -47.0586, -23.7116 ], [ -47.0603, -23.7109 ], [ -47.0603, -23.7098 ], [ -47.0623, -23.709 ], [ -47.0614, -23.7039 ], [ -47.0596, -23.7029 ], [ -47.06, -23.6993 ], [ -47.0611, -23.6971 ], [ -47.0618, -23.6944 ], [ -47.0616, -23.692 ], [ -47.0627, -23.6905 ], [ -47.063, -23.6891 ], [ -47.0622, -23.6825 ], [ -47.0634, -23.6814 ], [ -47.0655, -23.6819 ], [ -47.0682, -23.6813 ], [ -47.0697, -23.6803 ], [ -47.071, -23.6809 ], [ -47.0761, -23.6807 ], [ -47.0765, -23.6785 ], [ -47.078, -23.6763 ], [ -47.0765, -23.675 ], [ -47.0764, -23.6738 ], [ -47.0774, -23.6728 ], [ -47.0788, -23.6725 ], [ -47.0819, -23.671 ], [ -47.083, -23.6698 ], [ -47.0835, -23.668 ], [ -47.0847, -23.667 ], [ -47.0839, -23.6659 ], [ -47.0823, -23.6651 ], [ -47.082, -23.6642 ], [ -47.0833, -23.6619 ], [ -47.0819, -23.6606 ], [ -47.0833, -23.658 ], [ -47.0812, -23.6542 ], [ -47.0815, -23.6532 ], [ -47.0791, -23.6539 ], [ -47.0783, -23.6529 ], [ -47.0761, -23.6533 ], [ -47.0734, -23.6515 ], [ -47.0744, -23.65 ], [ -47.0722, -23.6456 ], [ -47.0691, -23.6464 ], [ -47.0665, -23.646 ], [ -47.0629, -23.6446 ], [ -47.0602, -23.6417 ], [ -47.0601, -23.6401 ], [ -47.059, -23.6397 ], [ -47.0593, -23.6377 ], [ -47.0581, -23.6357 ], [ -47.0591, -23.6303 ], [ -47.0598, -23.6293 ], [ -47.059, -23.6283 ], [ -47.0576, -23.6262 ], [ -47.057, -23.624 ], [ -47.057, -23.6212 ], [ -47.0562, -23.6187 ], [ -47.0546, -23.6173 ], [ -47.0528, -23.6172 ], [ -47.0503, -23.6189 ], [ -47.0477, -23.6174 ], [ -47.047, -23.6158 ], [ -47.0473, -23.614 ], [ -47.0449, -23.6125 ], [ -47.0425, -23.6121 ], [ -47.0412, -23.6106 ], [ -47.0409, -23.6073 ], [ -47.0392, -23.6044 ], [ -47.038, -23.6038 ], [ -47.0364, -23.6012 ], [ -47.0373, -23.5991 ], [ -47.0348, -23.597 ], [ -47.0326, -23.5924 ], [ -47.0324, -23.5908 ], [ -47.0312, -23.589 ], [ -47.0313, -23.5876 ], [ -47.0323, -23.5855 ], [ -47.0318, -23.5828 ], [ -47.0308, -23.5822 ], [ -47.0281, -23.5813 ], [ -47.0254, -23.5806 ], [ -47.0245, -23.5796 ], [ -47.0247, -23.5762 ], [ -47.0272, -23.5734 ], [ -47.0295, -23.5715 ], [ -47.0296, -23.5678 ], [ -47.0266, -23.5681 ], [ -47.0251, -23.567 ], [ -47.0236, -23.5668 ], [ -47.0207, -23.5674 ], [ -47.0189, -23.5643 ], [ -47.0149, -23.5636 ], [ -47.0144, -23.5625 ], [ -47.0155, -23.5608 ], [ -47.0112, -23.5579 ], [ -47.0067, -23.5549 ], [ -47.006, -23.5537 ], [ -47.0066, -23.552 ], [ -47.0082, -23.5507 ], [ -47.0119, -23.5504 ], [ -47.0129, -23.5456 ], [ -47.0127, -23.5441 ], [ -47.0136, -23.5412 ], [ -47.0126, -23.5361 ], [ -47.009, -23.536 ], [ -47.0069, -23.535 ], [ -47.0054, -23.5335 ], [ -47.0032, -23.5333 ], [ -47.0017, -23.5326 ], [ -46.9996, -23.5326 ], [ -46.9968, -23.5321 ], [ -46.9956, -23.5311 ], [ -46.9937, -23.5306 ], [ -46.9916, -23.5294 ], [ -46.9911, -23.5273 ], [ -46.9926, -23.5267 ], [ -46.992, -23.5252 ], [ -46.9933, -23.5242 ], [ -46.9955, -23.524 ], [ -46.9956, -23.5229 ], [ -46.997, -23.522 ], [ -46.996, -23.5185 ], [ -46.9964, -23.5152 ], [ -46.995, -23.514 ], [ -46.9945, -23.512 ], [ -46.9936, -23.5109 ], [ -46.9937, -23.5083 ], [ -46.995, -23.507 ], [ -46.9964, -23.5071 ], [ -47.0009, -23.5057 ], [ -47.0031, -23.5026 ], [ -47.0032, -23.501 ], [ -47.0041, -23.4992 ], [ -47.0064, -23.4973 ], [ -47.0089, -23.4947 ], [ -47.01, -23.491 ], [ -47.0114, -23.4898 ], [ -47.0129, -23.4869 ], [ -47.0133, -23.4855 ], [ -47.015, -23.4844 ], [ -47.017, -23.4846 ], [ -47.0179, -23.4827 ], [ -47.0166, -23.4806 ], [ -47.0137, -23.4781 ], [ -47.0139, -23.477 ], [ -47.016, -23.4749 ], [ -47.0172, -23.4731 ], [ -47.017, -23.4721 ], [ -47.0151, -23.4703 ], [ -47.0129, -23.4678 ], [ -47.0117, -23.4643 ], [ -47.0112, -23.4604 ], [ -47.013, -23.4583 ], [ -47.014, -23.4578 ], [ -47.0137, -23.4551 ], [ -47.0119, -23.4542 ], [ -47.012, -23.4517 ], [ -47.0107, -23.4501 ], [ -47.0123, -23.4482 ], [ -47.0107, -23.4464 ], [ -47.0157, -23.4454 ], [ -47.0168, -23.4457 ], [ -47.0189, -23.4443 ], [ -47.0202, -23.4442 ], [ -47.0211, -23.4428 ], [ -47.0236, -23.441 ], [ -47.0267, -23.4411 ], [ -47.0279, -23.4422 ], [ -47.0293, -23.4425 ], [ -47.0316, -23.441 ], [ -47.0332, -23.4378 ], [ -47.0359, -23.4371 ], [ -47.0375, -23.4356 ], [ -47.0362, -23.4345 ], [ -47.0351, -23.4318 ], [ -47.0352, -23.4298 ], [ -47.0364, -23.4259 ], [ -47.0388, -23.4233 ], [ -47.0407, -23.4238 ], [ -47.0415, -23.4184 ], [ -47.0412, -23.4162 ], [ -47.0388, -23.4153 ], [ -47.0385, -23.4126 ], [ -47.0376, -23.4121 ], [ -47.0381, -23.4104 ], [ -47.0398, -23.4099 ], [ -47.0394, -23.4088 ], [ -47.038, -23.4086 ], [ -47.0372, -23.407 ], [ -47.0395, -23.4052 ], [ -47.0394, -23.4035 ], [ -47.0373, -23.4026 ], [ -47.0367, -23.4015 ], [ -47.0373, -23.4004 ], [ -47.0361, -23.3991 ], [ -47.0367, -23.397 ], [ -47.0386, -23.3958 ], [ -47.0386, -23.3939 ], [ -47.0411, -23.3932 ], [ -47.0413, -23.3902 ], [ -47.0427, -23.3876 ], [ -47.0416, -23.3851 ], [ -47.0387, -23.3832 ], [ -47.0376, -23.382 ], [ -47.0373, -23.3797 ], [ -47.0361, -23.3789 ], [ -47.0336, -23.3799 ], [ -47.0305, -23.3789 ], [ -47.029, -23.3764 ], [ -47.0295, -23.3737 ], [ -47.0306, -23.3717 ], [ -47.0316, -23.3713 ], [ -47.0341, -23.3711 ], [ -47.0362, -23.3688 ], [ -47.0384, -23.3691 ], [ -47.0393, -23.3672 ], [ -47.0387, -23.3648 ], [ -47.0397, -23.3632 ], [ -47.0401, -23.3615 ], [ -47.0396, -23.36 ], [ -47.0399, -23.3581 ], [ -47.0413, -23.3551 ], [ -47.0429, -23.3523 ], [ -47.0413, -23.352 ], [ -47.0398, -23.3508 ], [ -47.0382, -23.3503 ], [ -47.0363, -23.3487 ], [ -47.0332, -23.3479 ], [ -47.0317, -23.3463 ], [ -47.0306, -23.346 ], [ -47.025, -23.3458 ], [ -47.0212, -23.3441 ], [ -47.0187, -23.3454 ], [ -47.016, -23.343 ], [ -47.0164, -23.3415 ], [ -47.0154, -23.3403 ], [ -47.0109, -23.3387 ], [ -47.0089, -23.3387 ], [ -47.0081, -23.3375 ], [ -47.007, -23.338 ], [ -47.0049, -23.338 ], [ -47.004, -23.3369 ], [ -47.0027, -23.3369 ], [ -47.0015, -23.338 ], [ -47.0004, -23.338 ], [ -47.0005, -23.3362 ], [ -46.9996, -23.3347 ], [ -47.0001, -23.3335 ], [ -46.9991, -23.3325 ], [ -46.9976, -23.3322 ], [ -46.9955, -23.331 ], [ -46.9918, -23.3339 ], [ -46.9911, -23.3328 ], [ -46.989, -23.3342 ], [ -46.9876, -23.3327 ], [ -46.9837, -23.3336 ], [ -46.9806, -23.3318 ], [ -46.9782, -23.3296 ], [ -46.9765, -23.329 ], [ -46.9755, -23.3298 ], [ -46.9738, -23.3297 ], [ -46.9736, -23.3288 ], [ -46.9708, -23.3272 ], [ -46.9703, -23.3262 ], [ -46.9684, -23.3262 ], [ -46.9646, -23.3242 ], [ -46.9633, -23.3238 ], [ -46.962, -23.3264 ], [ -46.96, -23.3279 ], [ -46.9591, -23.3268 ], [ -46.9549, -23.3255 ], [ -46.9529, -23.3254 ], [ -46.9502, -23.3242 ], [ -46.9487, -23.3263 ], [ -46.9473, -23.3251 ], [ -46.9453, -23.3248 ], [ -46.9449, -23.3228 ], [ -46.9435, -23.3228 ], [ -46.9428, -23.3217 ], [ -46.9414, -23.3212 ], [ -46.9402, -23.3219 ], [ -46.9392, -23.3235 ], [ -46.9379, -23.3219 ], [ -46.9383, -23.3451 ], [ -46.9385, -23.3479 ], [ -46.9403, -23.3504 ], [ -46.9409, -23.3519 ], [ -46.9403, -23.3544 ], [ -46.9378, -23.3578 ], [ -46.9373, -23.359 ], [ -46.9351, -23.3603 ], [ -46.9346, -23.3611 ], [ -46.9352, -23.3631 ], [ -46.9339, -23.3647 ], [ -46.9328, -23.3633 ], [ -46.931, -23.362 ], [ -46.9296, -23.3616 ], [ -46.929, -23.3577 ], [ -46.9275, -23.3562 ], [ -46.9244, -23.3561 ], [ -46.9226, -23.3569 ], [ -46.9205, -23.3569 ], [ -46.9173, -23.3563 ], [ -46.9132, -23.3535 ], [ -46.9116, -23.353 ], [ -46.9098, -23.3542 ], [ -46.9092, -23.3557 ], [ -46.9054, -23.3567 ], [ -46.9041, -23.3581 ], [ -46.9029, -23.3585 ], [ -46.9023, -23.3603 ], [ -46.9032, -23.3623 ], [ -46.9025, -23.3631 ], [ -46.9028, -23.3645 ], [ -46.9023, -23.3664 ], [ -46.9049, -23.3674 ], [ -46.9054, -23.3689 ], [ -46.9071, -23.37 ], [ -46.9095, -23.3688 ], [ -46.9106, -23.3693 ], [ -46.9115, -23.3714 ], [ -46.9132, -23.3727 ], [ -46.9146, -23.373 ], [ -46.9167, -23.3748 ], [ -46.918, -23.3751 ], [ -46.9208, -23.3769 ], [ -46.9234, -23.3768 ], [ -46.9275, -23.3764 ], [ -46.9294, -23.3784 ], [ -46.9319, -23.3791 ], [ -46.9309, -23.3831 ], [ -46.9291, -23.3853 ], [ -46.9288, -23.3875 ], [ -46.9282, -23.3896 ], [ -46.9239, -23.3889 ], [ -46.9222, -23.3898 ], [ -46.9189, -23.3902 ], [ -46.9168, -23.3894 ], [ -46.9141, -23.3868 ], [ -46.9128, -23.3897 ], [ -46.9149, -23.391 ], [ -46.9145, -23.3925 ], [ -46.9123, -23.3924 ], [ -46.9119, -23.3933 ], [ -46.9096, -23.3958 ], [ -46.9083, -23.3949 ], [ -46.9057, -23.3958 ], [ -46.9056, -23.3972 ], [ -46.9042, -23.3981 ], [ -46.9018, -23.3985 ], [ -46.9012, -23.3996 ], [ -46.8991, -23.3998 ], [ -46.8974, -23.3994 ], [ -46.8949, -23.4 ], [ -46.8908, -23.3985 ], [ -46.8867, -23.3995 ], [ -46.8869, -23.3986 ], [ -46.8858, -23.3976 ], [ -46.8863, -23.3962 ], [ -46.885, -23.3953 ], [ -46.8842, -23.3958 ], [ -46.8819, -23.3959 ], [ -46.8798, -23.3974 ], [ -46.8787, -23.3968 ], [ -46.8775, -23.398 ], [ -46.8759, -23.3988 ], [ -46.8735, -23.3993 ], [ -46.8723, -23.4013 ], [ -46.8705, -23.4009 ], [ -46.8698, -23.4032 ], [ -46.8673, -23.4052 ], [ -46.8685, -23.4062 ], [ -46.8691, -23.4081 ], [ -46.8689, -23.4092 ], [ -46.8697, -23.4111 ], [ -46.8679, -23.4117 ], [ -46.868, -23.4138 ], [ -46.8693, -23.415 ], [ -46.8654, -23.4165 ], [ -46.8642, -23.4185 ], [ -46.8628, -23.4195 ], [ -46.8593, -23.4187 ], [ -46.8564, -23.4191 ], [ -46.8531, -23.4216 ], [ -46.8482, -23.4211 ], [ -46.8465, -23.4214 ], [ -46.8423, -23.4212 ], [ -46.8416, -23.4228 ], [ -46.8406, -23.4229 ], [ -46.8398, -23.4244 ], [ -46.8381, -23.4258 ], [ -46.836, -23.4258 ], [ -46.8347, -23.4273 ], [ -46.8339, -23.4291 ], [ -46.8318, -23.4303 ], [ -46.8304, -23.4297 ], [ -46.8304, -23.428 ], [ -46.8295, -23.4244 ], [ -46.8277, -23.424 ], [ -46.8266, -23.4231 ], [ -46.8233, -23.4224 ], [ -46.8223, -23.4205 ], [ -46.8203, -23.42 ], [ -46.8197, -23.4179 ], [ -46.8204, -23.4153 ], [ -46.8217, -23.414 ], [ -46.8222, -23.4122 ], [ -46.8246, -23.411 ], [ -46.8262, -23.4089 ], [ -46.8245, -23.4073 ], [ -46.8242, -23.4062 ], [ -46.8255, -23.4044 ], [ -46.823, -23.401 ], [ -46.822, -23.4015 ], [ -46.82, -23.4013 ], [ -46.8199, -23.4002 ], [ -46.8173, -23.3994 ], [ -46.815, -23.4001 ], [ -46.8131, -23.3999 ], [ -46.8123, -23.3988 ], [ -46.8102, -23.3997 ], [ -46.8075, -23.3993 ], [ -46.8075, -23.3982 ], [ -46.8058, -23.3969 ], [ -46.8029, -23.3966 ], [ -46.8014, -23.3956 ], [ -46.8006, -23.3971 ], [ -46.7987, -23.399 ], [ -46.7987, -23.4002 ], [ -46.8006, -23.4014 ], [ -46.7989, -23.4021 ], [ -46.7973, -23.4016 ], [ -46.7937, -23.3996 ], [ -46.7926, -23.3999 ], [ -46.7911, -23.4025 ], [ -46.7897, -23.4023 ], [ -46.7888, -23.4038 ], [ -46.7879, -23.4037 ], [ -46.786, -23.405 ], [ -46.7849, -23.404 ], [ -46.7832, -23.4041 ], [ -46.7826, -23.4034 ], [ -46.7841, -23.3997 ], [ -46.7834, -23.3987 ], [ -46.782, -23.3989 ], [ -46.7809, -23.3981 ], [ -46.7773, -23.3989 ], [ -46.7772, -23.398 ], [ -46.7755, -23.3968 ], [ -46.7741, -23.3971 ], [ -46.7708, -23.3972 ], [ -46.7709, -23.3953 ], [ -46.77, -23.3923 ], [ -46.7705, -23.3914 ], [ -46.7702, -23.3887 ], [ -46.7681, -23.3877 ], [ -46.7672, -23.3867 ], [ -46.7656, -23.3864 ], [ -46.7641, -23.3849 ], [ -46.7634, -23.3861 ], [ -46.7613, -23.3871 ], [ -46.7605, -23.386 ], [ -46.7569, -23.3866 ], [ -46.7541, -23.3877 ], [ -46.7535, -23.3893 ], [ -46.7511, -23.3901 ], [ -46.75, -23.3893 ], [ -46.7463, -23.3896 ], [ -46.7428, -23.3893 ], [ -46.7418, -23.3896 ], [ -46.7371, -23.3889 ], [ -46.7355, -23.3881 ], [ -46.7336, -23.3909 ], [ -46.7305, -23.3939 ], [ -46.727, -23.3949 ], [ -46.7251, -23.3948 ], [ -46.7217, -23.3963 ], [ -46.7203, -23.3975 ], [ -46.7196, -23.3993 ], [ -46.7203, -23.4015 ], [ -46.7199, -23.4037 ], [ -46.7179, -23.4061 ], [ -46.7157, -23.4074 ], [ -46.714, -23.4073 ], [ -46.7106, -23.4065 ], [ -46.71, -23.4074 ], [ -46.7093, -23.4106 ], [ -46.7093, -23.4144 ], [ -46.7085, -23.4165 ], [ -46.7073, -23.4165 ], [ -46.7023, -23.4175 ], [ -46.7001, -23.4173 ], [ -46.6999, -23.4188 ], [ -46.7004, -23.4225 ], [ -46.699, -23.4239 ], [ -46.6967, -23.4243 ], [ -46.6952, -23.4242 ], [ -46.6929, -23.4228 ], [ -46.6916, -23.4231 ], [ -46.6885, -23.426 ], [ -46.6866, -23.427 ], [ -46.6854, -23.4255 ], [ -46.6854, -23.4235 ], [ -46.6847, -23.4193 ], [ -46.6823, -23.4177 ], [ -46.6799, -23.4169 ], [ -46.6778, -23.4156 ], [ -46.676, -23.4159 ], [ -46.6725, -23.4192 ], [ -46.6698, -23.4186 ], [ -46.6692, -23.4153 ], [ -46.6666, -23.4129 ], [ -46.6653, -23.4097 ], [ -46.6645, -23.4084 ], [ -46.6643, -23.4069 ], [ -46.661, -23.4034 ], [ -46.6593, -23.4004 ], [ -46.6584, -23.3984 ], [ -46.6566, -23.3966 ], [ -46.655, -23.3955 ], [ -46.6554, -23.3943 ], [ -46.6569, -23.3941 ], [ -46.6575, -23.3928 ], [ -46.6562, -23.3913 ], [ -46.6589, -23.3902 ], [ -46.6592, -23.3893 ], [ -46.6581, -23.3876 ], [ -46.6557, -23.3865 ], [ -46.6563, -23.3845 ], [ -46.6585, -23.3841 ], [ -46.6605, -23.382 ], [ -46.6595, -23.3812 ], [ -46.6596, -23.3779 ], [ -46.6602, -23.377 ], [ -46.6606, -23.3748 ], [ -46.664, -23.376 ], [ -46.6664, -23.375 ], [ -46.6677, -23.3737 ], [ -46.6674, -23.37 ], [ -46.6689, -23.3671 ], [ -46.6696, -23.3633 ], [ -46.6702, -23.3631 ], [ -46.6688, -23.36 ], [ -46.6677, -23.3558 ], [ -46.6655, -23.3517 ], [ -46.6648, -23.3479 ], [ -46.6632, -23.3447 ], [ -46.6618, -23.3393 ], [ -46.6608, -23.3348 ], [ -46.66, -23.3335 ], [ -46.658, -23.3313 ], [ -46.6579, -23.3303 ], [ -46.6589, -23.329 ], [ -46.6606, -23.3286 ], [ -46.6629, -23.3271 ], [ -46.6634, -23.3257 ], [ -46.6626, -23.3245 ], [ -46.6542, -23.3217 ], [ -46.6516, -23.3217 ], [ -46.6491, -23.3202 ], [ -46.6453, -23.3186 ], [ -46.6452, -23.3167 ], [ -46.6457, -23.314 ], [ -46.6454, -23.3119 ], [ -46.6427, -23.3113 ], [ -46.6427, -23.3101 ], [ -46.6409, -23.3083 ], [ -46.6372, -23.3065 ], [ -46.6358, -23.3053 ], [ -46.6362, -23.3039 ], [ -46.6387, -23.3003 ], [ -46.6418, -23.2987 ], [ -46.6458, -23.2961 ], [ -46.6466, -23.2953 ], [ -46.6469, -23.2933 ], [ -46.6466, -23.2901 ], [ -46.6475, -23.2876 ], [ -46.6491, -23.2875 ], [ -46.6504, -23.2882 ], [ -46.6518, -23.2875 ], [ -46.6531, -23.2844 ], [ -46.6578, -23.2833 ], [ -46.659, -23.2834 ], [ -46.6605, -23.2823 ], [ -46.6608, -23.2811 ], [ -46.6592, -23.2779 ], [ -46.6579, -23.2777 ], [ -46.656, -23.2784 ], [ -46.654, -23.2769 ], [ -46.6527, -23.277 ], [ -46.6493, -23.2761 ], [ -46.6476, -23.2753 ], [ -46.6477, -23.2726 ], [ -46.6456, -23.2706 ], [ -46.6448, -23.2681 ], [ -46.643, -23.2654 ], [ -46.6413, -23.2648 ], [ -46.6386, -23.2655 ], [ -46.6376, -23.2636 ], [ -46.6377, -23.2607 ], [ -46.6371, -23.2581 ], [ -46.6347, -23.2575 ], [ -46.6333, -23.2582 ], [ -46.6301, -23.259 ], [ -46.6264, -23.2562 ], [ -46.624, -23.2571 ], [ -46.6228, -23.2567 ], [ -46.6222, -23.2543 ], [ -46.6227, -23.2527 ], [ -46.6224, -23.2506 ], [ -46.6228, -23.2457 ], [ -46.6218, -23.2422 ], [ -46.6189, -23.2416 ], [ -46.6175, -23.2401 ], [ -46.6183, -23.2385 ], [ -46.617, -23.2333 ], [ -46.6148, -23.2315 ], [ -46.6145, -23.2301 ], [ -46.6156, -23.2279 ], [ -46.6151, -23.2273 ], [ -46.6097, -23.2258 ], [ -46.6077, -23.2263 ], [ -46.6058, -23.2277 ], [ -46.6049, -23.2296 ], [ -46.6049, -23.2319 ], [ -46.6043, -23.2349 ], [ -46.6036, -23.2352 ], [ -46.6013, -23.2342 ], [ -46.599, -23.2353 ], [ -46.5937, -23.2365 ], [ -46.5899, -23.2367 ], [ -46.5892, -23.2356 ], [ -46.5876, -23.2346 ], [ -46.5856, -23.2343 ], [ -46.5837, -23.2329 ], [ -46.5789, -23.2325 ], [ -46.5753, -23.2325 ], [ -46.5727, -23.2333 ], [ -46.5683, -23.2337 ], [ -46.5669, -23.2358 ], [ -46.563, -23.2365 ], [ -46.562, -23.2359 ], [ -46.5592, -23.2352 ], [ -46.5575, -23.2353 ], [ -46.5539, -23.2361 ], [ -46.5523, -23.237 ], [ -46.5514, -23.2394 ], [ -46.5488, -23.2402 ], [ -46.5471, -23.2412 ], [ -46.5454, -23.2414 ], [ -46.5421, -23.2403 ], [ -46.5396, -23.2398 ], [ -46.535, -23.2404 ], [ -46.5323, -23.2405 ], [ -46.5301, -23.2414 ], [ -46.5284, -23.2414 ], [ -46.5255, -23.2388 ], [ -46.5231, -23.2379 ], [ -46.5204, -23.2374 ], [ -46.5167, -23.2385 ], [ -46.5154, -23.2375 ], [ -46.5155, -23.2391 ], [ -46.5146, -23.2422 ], [ -46.5153, -23.2442 ], [ -46.5135, -23.2472 ], [ -46.5143, -23.2499 ], [ -46.5109, -23.2502 ], [ -46.5086, -23.2493 ], [ -46.5043, -23.2487 ], [ -46.5031, -23.2479 ], [ -46.5021, -23.2507 ], [ -46.5009, -23.2512 ], [ -46.4998, -23.2529 ], [ -46.4953, -23.2536 ], [ -46.4943, -23.255 ], [ -46.4915, -23.2555 ], [ -46.4905, -23.2578 ], [ -46.4882, -23.2591 ], [ -46.4876, -23.2609 ], [ -46.4843, -23.2638 ], [ -46.4828, -23.2654 ], [ -46.483, -23.267 ], [ -46.4792, -23.2688 ], [ -46.4777, -23.2712 ], [ -46.4764, -23.2727 ], [ -46.4764, -23.2747 ], [ -46.4751, -23.2757 ], [ -46.473, -23.2764 ], [ -46.4725, -23.2803 ], [ -46.471, -23.2826 ], [ -46.4698, -23.2828 ], [ -46.4687, -23.2814 ], [ -46.4673, -23.2807 ], [ -46.4627, -23.28 ], [ -46.4623, -23.2788 ], [ -46.4606, -23.2781 ], [ -46.4603, -23.2755 ], [ -46.4618, -23.2729 ], [ -46.4615, -23.2718 ], [ -46.4594, -23.2703 ], [ -46.4585, -23.2705 ], [ -46.4567, -23.2724 ], [ -46.454, -23.2731 ], [ -46.4523, -23.2726 ], [ -46.4505, -23.2708 ], [ -46.4484, -23.2701 ], [ -46.4467, -23.2716 ], [ -46.4445, -23.2715 ], [ -46.4404, -23.2731 ], [ -46.4391, -23.2746 ], [ -46.4369, -23.2763 ], [ -46.4343, -23.2799 ], [ -46.4374, -23.2835 ], [ -46.4374, -23.2846 ], [ -46.4338, -23.2866 ], [ -46.4326, -23.2876 ], [ -46.4296, -23.2893 ], [ -46.4275, -23.2916 ], [ -46.4277, -23.2947 ], [ -46.426, -23.2963 ], [ -46.4254, -23.2978 ], [ -46.4259, -23.3017 ], [ -46.4244, -23.3041 ], [ -46.4239, -23.3053 ], [ -46.4216, -23.3076 ], [ -46.4202, -23.3124 ], [ -46.4189, -23.3137 ], [ -46.4185, -23.3163 ], [ -46.4171, -23.3151 ], [ -46.4163, -23.3133 ], [ -46.4139, -23.3101 ], [ -46.4135, -23.3083 ], [ -46.4109, -23.3065 ], [ -46.4103, -23.3043 ], [ -46.4121, -23.3027 ], [ -46.4116, -23.3014 ], [ -46.4079, -23.3003 ], [ -46.4058, -23.301 ], [ -46.4042, -23.3006 ], [ -46.4027, -23.2991 ], [ -46.4033, -23.296 ], [ -46.4018, -23.296 ], [ -46.4005, -23.2946 ], [ -46.4008, -23.2916 ], [ -46.4003, -23.2892 ], [ -46.3982, -23.2877 ], [ -46.3964, -23.2859 ], [ -46.395, -23.2859 ], [ -46.3928, -23.2869 ], [ -46.3903, -23.2875 ], [ -46.3871, -23.2867 ], [ -46.3863, -23.2848 ], [ -46.3846, -23.2835 ], [ -46.3843, -23.2814 ], [ -46.3814, -23.2781 ], [ -46.3787, -23.2787 ], [ -46.3758, -23.2782 ], [ -46.3717, -23.2757 ], [ -46.3693, -23.275 ], [ -46.3672, -23.2752 ], [ -46.3657, -23.2739 ], [ -46.3642, -23.2741 ], [ -46.3629, -23.2735 ], [ -46.358, -23.2731 ], [ -46.3571, -23.2721 ], [ -46.3594, -23.2709 ], [ -46.3598, -23.2678 ], [ -46.3579, -23.2656 ], [ -46.3559, -23.2649 ], [ -46.3539, -23.265 ], [ -46.3539, -23.2627 ], [ -46.3518, -23.2607 ], [ -46.35, -23.258 ], [ -46.3492, -23.2559 ], [ -46.3481, -23.2546 ], [ -46.3482, -23.2528 ], [ -46.3475, -23.2522 ], [ -46.345, -23.2522 ], [ -46.344, -23.2515 ], [ -46.3398, -23.2514 ], [ -46.3369, -23.2505 ], [ -46.3331, -23.247 ], [ -46.3297, -23.2463 ], [ -46.3294, -23.2448 ], [ -46.3272, -23.2414 ], [ -46.3231, -23.2386 ], [ -46.3221, -23.2372 ], [ -46.3176, -23.2337 ], [ -46.3161, -23.2319 ], [ -46.3141, -23.2286 ], [ -46.3113, -23.2271 ], [ -46.3108, -23.2246 ], [ -46.3089, -23.2229 ], [ -46.3092, -23.2201 ], [ -46.3071, -23.2175 ], [ -46.3068, -23.2159 ], [ -46.3055, -23.213 ], [ -46.306, -23.2109 ], [ -46.3074, -23.2103 ], [ -46.3088, -23.2086 ], [ -46.309, -23.207 ], [ -46.31, -23.205 ], [ -46.3077, -23.2031 ], [ -46.3076, -23.2024 ], [ -46.3089, -23.2003 ], [ -46.3077, -23.198 ], [ -46.3057, -23.1973 ], [ -46.303, -23.1975 ], [ -46.3016, -23.1983 ], [ -46.2986, -23.1964 ], [ -46.2966, -23.1968 ], [ -46.2958, -23.1957 ], [ -46.2924, -23.1938 ], [ -46.2895, -23.1929 ], [ -46.2856, -23.1907 ], [ -46.2851, -23.1895 ], [ -46.2836, -23.1842 ], [ -46.2819, -23.1834 ], [ -46.2798, -23.1837 ], [ -46.2783, -23.1847 ], [ -46.2758, -23.1849 ], [ -46.2737, -23.1869 ], [ -46.271, -23.1876 ], [ -46.2693, -23.1903 ], [ -46.2681, -23.1906 ], [ -46.2656, -23.1897 ], [ -46.2646, -23.1885 ], [ -46.2631, -23.188 ], [ -46.2622, -23.1864 ], [ -46.2633, -23.1856 ], [ -46.2637, -23.184 ], [ -46.2624, -23.182 ], [ -46.2597, -23.1798 ], [ -46.2612, -23.1789 ], [ -46.2616, -23.1771 ], [ -46.2606, -23.1759 ], [ -46.2613, -23.1737 ], [ -46.2569, -23.1728 ], [ -46.2562, -23.1723 ], [ -46.2557, -23.1687 ], [ -46.2575, -23.1674 ], [ -46.2564, -23.1632 ], [ -46.2571, -23.1604 ], [ -46.257, -23.1596 ], [ -46.2536, -23.1565 ], [ -46.2506, -23.1564 ], [ -46.2471, -23.1551 ], [ -46.2465, -23.1516 ], [ -46.2459, -23.1505 ], [ -46.2436, -23.1495 ], [ -46.2414, -23.1466 ], [ -46.2407, -23.1436 ], [ -46.2395, -23.1422 ], [ -46.2378, -23.1416 ], [ -46.2368, -23.1402 ], [ -46.2366, -23.1387 ], [ -46.2352, -23.1354 ], [ -46.2332, -23.135 ], [ -46.2281, -23.136 ], [ -46.2259, -23.1366 ], [ -46.2264, -23.1342 ], [ -46.2272, -23.1327 ], [ -46.2263, -23.1305 ], [ -46.2268, -23.1285 ], [ -46.2265, -23.1276 ], [ -46.2235, -23.1255 ], [ -46.2216, -23.123 ], [ -46.2199, -23.1242 ], [ -46.2185, -23.1238 ], [ -46.2179, -23.1222 ], [ -46.2177, -23.1198 ], [ -46.2182, -23.1173 ], [ -46.2171, -23.1161 ], [ -46.2144, -23.1148 ], [ -46.2143, -23.1135 ], [ -46.2157, -23.1106 ], [ -46.2151, -23.1084 ], [ -46.2128, -23.1069 ], [ -46.209, -23.1069 ], [ -46.2104, -23.1054 ], [ -46.2104, -23.1044 ], [ -46.2088, -23.1026 ], [ -46.2089, -23.0985 ], [ -46.2067, -23.096 ], [ -46.2052, -23.0931 ], [ -46.2058, -23.0876 ], [ -46.2052, -23.0849 ], [ -46.2029, -23.0828 ], [ -46.2011, -23.0823 ], [ -46.1994, -23.0812 ], [ -46.1965, -23.0805 ], [ -46.1959, -23.0788 ], [ -46.1948, -23.0779 ], [ -46.193, -23.0779 ], [ -46.1907, -23.0772 ], [ -46.1876, -23.0773 ], [ -46.1853, -23.0783 ], [ -46.184, -23.0784 ], [ -46.1829, -23.0793 ], [ -46.1803, -23.0794 ], [ -46.1789, -23.0781 ], [ -46.1762, -23.0769 ], [ -46.1748, -23.0756 ], [ -46.1741, -23.0734 ], [ -46.1738, -23.0711 ], [ -46.1721, -23.0707 ], [ -46.1701, -23.0714 ], [ -46.1688, -23.07 ], [ -46.1673, -23.07 ], [ -46.1654, -23.0686 ], [ -46.1639, -23.0667 ], [ -46.1614, -23.0661 ], [ -46.1612, -23.0651 ], [ -46.1623, -23.0637 ], [ -46.162, -23.0629 ], [ -46.1598, -23.0625 ], [ -46.1589, -23.0615 ], [ -46.1589, -23.0603 ], [ -46.16, -23.0587 ], [ -46.1603, -23.0573 ], [ -46.1586, -23.0532 ], [ -46.1591, -23.0506 ], [ -46.1582, -23.0497 ], [ -46.1558, -23.0497 ], [ -46.1541, -23.0488 ], [ -46.1534, -23.0467 ], [ -46.151, -23.0445 ], [ -46.1494, -23.0437 ], [ -46.1473, -23.0444 ], [ -46.146, -23.0439 ], [ -46.144, -23.0424 ], [ -46.1438, -23.0415 ], [ -46.1446, -23.0397 ], [ -46.1437, -23.0391 ], [ -46.141, -23.0393 ], [ -46.1402, -23.0384 ], [ -46.1398, -23.0359 ], [ -46.1408, -23.0334 ], [ -46.142, -23.0313 ], [ -46.1421, -23.029 ], [ -46.1416, -23.0284 ], [ -46.1393, -23.029 ], [ -46.1352, -23.0275 ], [ -46.1339, -23.0262 ], [ -46.1314, -23.023 ], [ -46.13, -23.0206 ], [ -46.1292, -23.0182 ], [ -46.1274, -23.0151 ], [ -46.1259, -23.0118 ], [ -46.1255, -23.0093 ], [ -46.1242, -23.0087 ], [ -46.1215, -23.009 ], [ -46.1196, -23.0069 ], [ -46.1178, -23.0055 ], [ -46.1146, -23.0048 ], [ -46.1128, -23.0041 ], [ -46.109, -23.0018 ], [ -46.1004, -23.0 ], [ -46.099, -22.9991 ], [ -46.0964, -22.9982 ], [ -46.0934, -22.9966 ], [ -46.0896, -22.9931 ], [ -46.0892, -22.9915 ], [ -46.0893, -22.9897 ], [ -46.0888, -22.9885 ], [ -46.0866, -22.985 ], [ -46.0845, -22.985 ], [ -46.0826, -22.9855 ], [ -46.0806, -22.9874 ], [ -46.0783, -22.9862 ], [ -46.0765, -22.9858 ], [ -46.0738, -22.9874 ], [ -46.0705, -22.989 ], [ -46.0699, -22.9903 ], [ -46.0706, -22.9924 ], [ -46.07, -22.9939 ], [ -46.0675, -22.9938 ], [ -46.0664, -22.9944 ], [ -46.0656, -22.9972 ], [ -46.0656, -22.9985 ], [ -46.0672, -23.0001 ], [ -46.0674, -23.0018 ], [ -46.0707, -23.0055 ], [ -46.0714, -23.0072 ], [ -46.0718, -23.0112 ], [ -46.0708, -23.014 ], [ -46.0728, -23.0159 ], [ -46.0748, -23.0163 ], [ -46.0784, -23.02 ], [ -46.0794, -23.0231 ], [ -46.08, -23.0238 ], [ -46.0809, -23.027 ], [ -46.0803, -23.029 ], [ -46.0818, -23.0309 ], [ -46.0825, -23.0338 ], [ -46.0788, -23.0347 ], [ -46.0784, -23.0365 ], [ -46.0766, -23.0368 ], [ -46.0773, -23.039 ], [ -46.0788, -23.0397 ], [ -46.0782, -23.0428 ], [ -46.0795, -23.0434 ], [ -46.0806, -23.0454 ], [ -46.0822, -23.046 ], [ -46.0819, -23.047 ], [ -46.0829, -23.0489 ], [ -46.0817, -23.0511 ], [ -46.0859, -23.0527 ], [ -46.0866, -23.0546 ], [ -46.0866, -23.0568 ], [ -46.0891, -23.0615 ], [ -46.0912, -23.0669 ], [ -46.0897, -23.0682 ], [ -46.0905, -23.0694 ], [ -46.0897, -23.075 ], [ -46.091, -23.076 ], [ -46.0918, -23.0775 ], [ -46.0926, -23.0812 ], [ -46.094, -23.0821 ], [ -46.0938, -23.0839 ], [ -46.0947, -23.0844 ], [ -46.0958, -23.0836 ], [ -46.0973, -23.0843 ], [ -46.1023, -23.084 ], [ -46.1051, -23.0851 ], [ -46.1051, -23.0882 ], [ -46.1045, -23.0907 ], [ -46.1057, -23.0917 ], [ -46.1062, -23.0934 ], [ -46.1078, -23.0946 ], [ -46.1074, -23.0962 ], [ -46.108, -23.0973 ], [ -46.105, -23.0994 ], [ -46.1042, -23.1007 ], [ -46.1013, -23.1039 ], [ -46.1013, -23.1048 ], [ -46.1026, -23.1084 ], [ -46.1006, -23.1079 ], [ -46.1005, -23.1102 ], [ -46.1009, -23.1113 ], [ -46.1001, -23.1124 ], [ -46.1016, -23.1159 ], [ -46.1039, -23.1173 ], [ -46.1031, -23.118 ], [ -46.0999, -23.1184 ], [ -46.0982, -23.1197 ], [ -46.0967, -23.1183 ], [ -46.0943, -23.1191 ], [ -46.0939, -23.1209 ], [ -46.0954, -23.1204 ], [ -46.0964, -23.1212 ], [ -46.098, -23.1214 ], [ -46.0994, -23.1229 ], [ -46.0994, -23.1243 ], [ -46.101, -23.125 ], [ -46.101, -23.126 ], [ -46.0984, -23.1293 ], [ -46.0975, -23.1317 ], [ -46.0962, -23.1322 ], [ -46.0959, -23.1332 ], [ -46.0972, -23.1343 ], [ -46.0977, -23.1363 ], [ -46.0973, -23.1376 ], [ -46.0939, -23.1405 ], [ -46.092, -23.1418 ], [ -46.0914, -23.143 ], [ -46.0942, -23.1466 ], [ -46.0948, -23.1481 ], [ -46.0978, -23.1506 ], [ -46.0995, -23.1545 ], [ -46.1019, -23.156 ], [ -46.1026, -23.1573 ], [ -46.0989, -23.1613 ], [ -46.0978, -23.1647 ], [ -46.0964, -23.1662 ], [ -46.0945, -23.17 ], [ -46.0928, -23.1716 ], [ -46.0887, -23.1729 ], [ -46.0864, -23.1728 ], [ -46.0847, -23.172 ], [ -46.0818, -23.1701 ], [ -46.0796, -23.1692 ], [ -46.0774, -23.1695 ], [ -46.0749, -23.1722 ], [ -46.0736, -23.1748 ], [ -46.0752, -23.1776 ], [ -46.0753, -23.1798 ], [ -46.0748, -23.1809 ], [ -46.0773, -23.1844 ], [ -46.0795, -23.1854 ], [ -46.0798, -23.1866 ], [ -46.0777, -23.1882 ], [ -46.0769, -23.1901 ], [ -46.0777, -23.1919 ], [ -46.0763, -23.1932 ], [ -46.0793, -23.1953 ], [ -46.0809, -23.1972 ], [ -46.0807, -23.1987 ], [ -46.0797, -23.1999 ], [ -46.079, -23.2037 ], [ -46.0795, -23.2055 ], [ -46.0807, -23.2066 ], [ -46.0829, -23.2069 ], [ -46.0886, -23.2066 ], [ -46.0898, -23.2068 ], [ -46.0912, -23.208 ], [ -46.0916, -23.2107 ], [ -46.0925, -23.2139 ], [ -46.0938, -23.2159 ], [ -46.0958, -23.2178 ], [ -46.0982, -23.2193 ], [ -46.1042, -23.2202 ], [ -46.105, -23.2216 ], [ -46.1039, -23.225 ], [ -46.1046, -23.2258 ], [ -46.1067, -23.2259 ], [ -46.1098, -23.2272 ], [ -46.1118, -23.2269 ], [ -46.1138, -23.2277 ], [ -46.1165, -23.2297 ], [ -46.1181, -23.2324 ], [ -46.1179, -23.2353 ], [ -46.1182, -23.2363 ], [ -46.1202, -23.2365 ], [ -46.1232, -23.2383 ], [ -46.124, -23.2402 ], [ -46.1275, -23.2423 ], [ -46.1287, -23.2439 ], [ -46.1289, -23.246 ], [ -46.1282, -23.2477 ], [ -46.1284, -23.2498 ], [ -46.1296, -23.251 ], [ -46.1333, -23.2526 ], [ -46.1366, -23.2557 ], [ -46.1392, -23.2556 ], [ -46.1411, -23.2563 ], [ -46.1431, -23.2554 ], [ -46.1457, -23.2568 ], [ -46.1473, -23.2591 ], [ -46.1486, -23.2596 ], [ -46.1494, -23.2612 ], [ -46.1507, -23.2619 ], [ -46.1509, -23.2645 ], [ -46.1534, -23.2656 ], [ -46.152, -23.2675 ], [ -46.152, -23.2724 ], [ -46.151, -23.2743 ], [ -46.1489, -23.2747 ], [ -46.1463, -23.2735 ], [ -46.1451, -23.2738 ], [ -46.1445, -23.276 ], [ -46.1438, -23.2768 ], [ -46.1419, -23.2773 ], [ -46.1397, -23.2796 ], [ -46.1388, -23.281 ], [ -46.1394, -23.2823 ], [ -46.1392, -23.285 ], [ -46.1369, -23.2874 ], [ -46.1349, -23.2879 ], [ -46.1269, -23.2873 ], [ -46.1259, -23.2879 ], [ -46.1249, -23.2897 ], [ -46.1237, -23.2902 ], [ -46.122, -23.2892 ], [ -46.1192, -23.2854 ], [ -46.1156, -23.2851 ], [ -46.114, -23.2855 ], [ -46.113, -23.2869 ], [ -46.1127, -23.2886 ], [ -46.1137, -23.2897 ], [ -46.1134, -23.292 ], [ -46.115, -23.294 ], [ -46.1151, -23.2966 ], [ -46.1138, -23.2993 ], [ -46.1109, -23.3005 ], [ -46.1104, -23.3016 ], [ -46.1088, -23.3017 ], [ -46.1069, -23.3026 ], [ -46.1029, -23.3029 ], [ -46.1007, -23.3056 ], [ -46.1015, -23.3072 ], [ -46.1015, -23.3086 ], [ -46.099, -23.3089 ], [ -46.0987, -23.3128 ], [ -46.0979, -23.3195 ], [ -46.0981, -23.3209 ], [ -46.0995, -23.3243 ], [ -46.099, -23.326 ], [ -46.0976, -23.3266 ], [ -46.0958, -23.3285 ], [ -46.092, -23.3307 ], [ -46.0916, -23.3321 ], [ -46.0886, -23.3353 ], [ -46.0852, -23.3366 ], [ -46.0827, -23.3394 ], [ -46.0811, -23.3399 ], [ -46.08, -23.3415 ], [ -46.0769, -23.3409 ], [ -46.0737, -23.3422 ], [ -46.0715, -23.345 ], [ -46.0706, -23.3467 ], [ -46.0683, -23.3483 ], [ -46.0675, -23.35 ], [ -46.067, -23.3529 ], [ -46.0678, -23.355 ], [ -46.0642, -23.3574 ], [ -46.063, -23.3588 ], [ -46.061, -23.3577 ], [ -46.0595, -23.3604 ], [ -46.0577, -23.3611 ], [ -46.0574, -23.3627 ], [ -46.0567, -23.3634 ], [ -46.0559, -23.3662 ], [ -46.0548, -23.3667 ], [ -46.0544, -23.3679 ], [ -46.052, -23.3681 ], [ -46.0513, -23.3688 ], [ -46.0508, -23.3709 ], [ -46.0479, -23.3762 ], [ -46.0458, -23.3785 ], [ -46.0445, -23.3806 ], [ -46.0423, -23.3827 ], [ -46.0413, -23.3844 ], [ -46.0384, -23.387 ], [ -46.0367, -23.3881 ], [ -46.0346, -23.3872 ], [ -46.0332, -23.3881 ], [ -46.032, -23.3897 ], [ -46.0295, -23.3918 ], [ -46.0266, -23.3921 ], [ -46.0252, -23.3914 ], [ -46.0244, -23.3899 ], [ -46.0224, -23.3877 ], [ -46.0209, -23.3882 ], [ -46.0184, -23.3881 ], [ -46.0167, -23.3909 ], [ -46.0154, -23.3909 ], [ -46.0146, -23.3889 ], [ -46.0133, -23.3874 ], [ -46.0109, -23.3871 ], [ -46.0105, -23.3843 ], [ -46.0086, -23.3844 ], [ -46.0065, -23.3837 ], [ -46.0025, -23.3853 ], [ -45.9999, -23.3878 ], [ -45.9983, -23.3914 ], [ -45.999, -23.394 ], [ -45.9977, -23.3969 ], [ -45.9971, -23.4021 ], [ -45.9946, -23.4058 ], [ -45.9934, -23.4097 ], [ -45.9928, -23.4135 ], [ -45.9912, -23.4175 ], [ -45.9898, -23.4188 ], [ -45.9874, -23.4198 ], [ -45.9856, -23.4195 ], [ -45.9843, -23.4204 ], [ -45.9797, -23.4184 ], [ -45.9791, -23.42 ], [ -45.9793, -23.4217 ], [ -45.9783, -23.4227 ], [ -45.979, -23.4235 ], [ -45.9783, -23.4262 ], [ -45.9771, -23.4281 ], [ -45.9751, -23.4286 ], [ -45.9705, -23.4266 ], [ -45.9679, -23.4268 ], [ -45.9664, -23.428 ], [ -45.9653, -23.4296 ], [ -45.9653, -23.4334 ], [ -45.9629, -23.4355 ], [ -45.961, -23.439 ], [ -45.9608, -23.4404 ], [ -45.9596, -23.4425 ], [ -45.9578, -23.4446 ], [ -45.9539, -23.4474 ], [ -45.9522, -23.4497 ], [ -45.9519, -23.4514 ], [ -45.9528, -23.4566 ], [ -45.9535, -23.4575 ], [ -45.9558, -23.4631 ], [ -45.9571, -23.4645 ], [ -45.9575, -23.4664 ], [ -45.9569, -23.4686 ], [ -45.9583, -23.4689 ], [ -45.9594, -23.4683 ], [ -45.9606, -23.4687 ], [ -45.9612, -23.4712 ], [ -45.9624, -23.4724 ], [ -45.9654, -23.4742 ], [ -45.9674, -23.4747 ], [ -45.9681, -23.4764 ], [ -45.9647, -23.478 ], [ -45.962, -23.4809 ], [ -45.9608, -23.4835 ], [ -45.9597, -23.4841 ], [ -45.9587, -23.4866 ], [ -45.9572, -23.4881 ], [ -45.9568, -23.4913 ], [ -45.9558, -23.4931 ], [ -45.9565, -23.4945 ], [ -45.9587, -23.495 ], [ -45.9617, -23.4963 ], [ -45.9619, -23.4971 ], [ -45.9654, -23.4994 ], [ -45.9679, -23.5004 ], [ -45.9725, -23.503 ], [ -45.9752, -23.5035 ], [ -45.9777, -23.5066 ], [ -45.9779, -23.5096 ], [ -45.9798, -23.5111 ], [ -45.9813, -23.5137 ], [ -45.9829, -23.5149 ], [ -45.9841, -23.518 ], [ -45.9855, -23.5173 ], [ -45.9887, -23.5188 ], [ -45.9927, -23.5199 ], [ -45.9911, -23.5209 ], [ -45.9903, -23.5225 ], [ -45.9868, -23.5236 ], [ -45.9853, -23.5252 ], [ -45.9858, -23.5276 ], [ -45.9846, -23.5288 ], [ -45.9812, -23.5294 ], [ -45.982, -23.531 ], [ -45.9815, -23.5329 ], [ -45.983, -23.5337 ], [ -45.9842, -23.5352 ], [ -45.987, -23.5376 ], [ -45.9868, -23.539 ], [ -45.9832, -23.5407 ], [ -45.9804, -23.5417 ], [ -45.9782, -23.5415 ], [ -45.976, -23.5401 ], [ -45.9728, -23.5392 ], [ -45.9698, -23.5389 ], [ -45.968, -23.5406 ], [ -45.9687, -23.542 ], [ -45.9682, -23.543 ], [ -45.9668, -23.5428 ], [ -45.9653, -23.5437 ], [ -45.9659, -23.5452 ], [ -45.968, -23.5458 ], [ -45.9689, -23.5477 ], [ -45.9682, -23.5494 ], [ -45.9651, -23.5536 ], [ -45.9652, -23.5808 ], [ -45.9637, -23.5812 ], [ -45.9623, -23.5808 ], [ -45.9567, -23.5805 ], [ -45.9498, -23.581 ], [ -45.9475, -23.581 ], [ -45.945, -23.5816 ], [ -45.9404, -23.5834 ], [ -45.9357, -23.5862 ], [ -45.9338, -23.5883 ], [ -45.9316, -23.5915 ], [ -45.9304, -23.594 ], [ -45.9293, -23.5985 ], [ -45.9289, -23.6036 ], [ -45.9303, -23.6091 ], [ -45.9317, -23.6113 ], [ -45.934, -23.6135 ], [ -45.939, -23.617 ], [ -45.9457, -23.6225 ], [ -45.9484, -23.6255 ], [ -45.9514, -23.6282 ], [ -45.953, -23.629 ], [ -45.9542, -23.6303 ], [ -45.9569, -23.6319 ], [ -45.9596, -23.634 ], [ -45.955, -23.6348 ], [ -45.9523, -23.6341 ], [ -45.9484, -23.6339 ], [ -45.9474, -23.6357 ], [ -45.9445, -23.6341 ], [ -45.9436, -23.6342 ], [ -45.9394, -23.6323 ], [ -45.9381, -23.6337 ], [ -45.9378, -23.6349 ], [ -45.9363, -23.6355 ], [ -45.9347, -23.635 ], [ -45.933, -23.6328 ], [ -45.932, -23.6336 ], [ -45.9328, -23.6357 ], [ -45.9305, -23.637 ], [ -45.9284, -23.6375 ], [ -45.9288, -23.6397 ], [ -45.9327, -23.6413 ], [ -45.9322, -23.6433 ], [ -45.9355, -23.6429 ], [ -45.9364, -23.6439 ], [ -45.937, -23.6462 ], [ -45.9359, -23.6473 ], [ -45.9339, -23.6477 ], [ -45.934, -23.6493 ], [ -45.9321, -23.6514 ], [ -45.9333, -23.6523 ], [ -45.9359, -23.6512 ], [ -45.9384, -23.651 ], [ -45.9392, -23.6522 ], [ -45.9382, -23.6536 ], [ -45.9363, -23.6542 ], [ -45.9364, -23.6555 ], [ -45.9382, -23.6575 ], [ -45.9378, -23.6585 ], [ -45.9355, -23.6583 ], [ -45.9342, -23.6604 ], [ -45.9322, -23.6596 ], [ -45.9299, -23.6599 ], [ -45.9295, -23.6582 ], [ -45.9272, -23.6569 ], [ -45.9245, -23.6569 ], [ -45.9238, -23.6555 ], [ -45.9217, -23.6558 ], [ -45.9224, -23.658 ], [ -45.921, -23.6593 ], [ -45.9207, -23.6642 ], [ -45.9196, -23.6641 ], [ -45.918, -23.6653 ], [ -45.9168, -23.6654 ], [ -45.9161, -23.6669 ], [ -45.916, -23.668 ], [ -45.9172, -23.6686 ], [ -45.9175, -23.6703 ], [ -45.917, -23.6731 ], [ -45.918, -23.6745 ], [ -45.9181, -23.6773 ], [ -45.9188, -23.6783 ], [ -45.923, -23.6803 ], [ -45.9244, -23.6813 ], [ -45.923, -23.685 ], [ -45.9221, -23.686 ], [ -45.9201, -23.6868 ], [ -45.9198, -23.6884 ], [ -45.9213, -23.6893 ], [ -45.9227, -23.6892 ], [ -45.9243, -23.6899 ], [ -45.926, -23.6937 ], [ -45.9279, -23.6952 ], [ -45.9293, -23.6955 ], [ -45.9313, -23.6981 ], [ -45.9361, -23.7012 ], [ -45.9377, -23.7006 ], [ -45.9384, -23.7014 ], [ -45.9405, -23.7013 ], [ -45.9412, -23.7001 ], [ -45.9434, -23.7009 ], [ -45.9452, -23.7008 ], [ -45.9505, -23.7023 ], [ -45.9513, -23.7017 ], [ -45.9511, -23.7 ], [ -45.9524, -23.6996 ], [ -45.9548, -23.7006 ], [ -45.9566, -23.7006 ], [ -45.9569, -23.6998 ], [ -45.9559, -23.6968 ], [ -45.9541, -23.6956 ], [ -45.9548, -23.6942 ], [ -45.9576, -23.6949 ], [ -45.9595, -23.6948 ], [ -45.9657, -23.6969 ], [ -45.9695, -23.6969 ], [ -45.9706, -23.6964 ], [ -45.9713, -23.6947 ], [ -45.9749, -23.694 ], [ -45.9765, -23.694 ], [ -45.9784, -23.6957 ], [ -45.9815, -23.6966 ], [ -45.9854, -23.6982 ], [ -45.9876, -23.6999 ], [ -45.9891, -23.7017 ], [ -45.9907, -23.7027 ], [ -45.992, -23.7055 ], [ -45.993, -23.7058 ], [ -45.9945, -23.7047 ], [ -45.9969, -23.7045 ], [ -45.9988, -23.7052 ], [ -46.0021, -23.7072 ], [ -46.0042, -23.7081 ], [ -46.0082, -23.7086 ], [ -46.0105, -23.7105 ], [ -46.0135, -23.712 ], [ -46.0167, -23.7148 ], [ -46.0201, -23.7157 ], [ -46.0224, -23.7153 ], [ -46.0261, -23.7158 ], [ -46.0266, -23.7176 ], [ -46.0281, -23.7189 ], [ -46.0309, -23.7201 ], [ -46.0337, -23.7208 ], [ -46.0372, -23.721 ], [ -46.0416, -23.72 ], [ -46.045, -23.7198 ], [ -46.0498, -23.7182 ], [ -46.0541, -23.7163 ], [ -46.0565, -23.716 ], [ -46.0576, -23.7164 ], [ -46.059, -23.7185 ], [ -46.0634, -23.7209 ], [ -46.0661, -23.7236 ], [ -46.0655, -23.7259 ], [ -46.0677, -23.729 ], [ -46.0705, -23.7299 ], [ -46.0731, -23.7312 ], [ -46.075, -23.7311 ], [ -46.0774, -23.7326 ], [ -46.0846, -23.7338 ], [ -46.0861, -23.7339 ], [ -46.0898, -23.7332 ], [ -46.0956, -23.7338 ], [ -46.0972, -23.7353 ], [ -46.0985, -23.7358 ], [ -46.1024, -23.7363 ], [ -46.1033, -23.7359 ], [ -46.1037, -23.7339 ], [ -46.1068, -23.7322 ], [ -46.107, -23.7309 ], [ -46.1048, -23.7295 ], [ -46.103, -23.7291 ], [ -46.1006, -23.7294 ], [ -46.0985, -23.7282 ], [ -46.0973, -23.7268 ], [ -46.0971, -23.7256 ], [ -46.0995, -23.725 ], [ -46.1012, -23.7234 ], [ -46.1016, -23.7222 ], [ -46.1002, -23.7205 ], [ -46.1009, -23.7184 ], [ -46.1037, -23.7157 ], [ -46.104, -23.7149 ], [ -46.1031, -23.7129 ], [ -46.1041, -23.7115 ], [ -46.1066, -23.7117 ], [ -46.1083, -23.7148 ], [ -46.1096, -23.7154 ], [ -46.1117, -23.7151 ], [ -46.1124, -23.7166 ], [ -46.1137, -23.7177 ], [ -46.1158, -23.7176 ], [ -46.117, -23.716 ], [ -46.1193, -23.7161 ], [ -46.1223, -23.7187 ], [ -46.1235, -23.7169 ], [ -46.1224, -23.7152 ], [ -46.1242, -23.715 ], [ -46.1254, -23.7132 ], [ -46.1264, -23.7132 ], [ -46.1275, -23.7169 ], [ -46.1287, -23.7186 ], [ -46.1294, -23.7205 ], [ -46.131, -23.7215 ], [ -46.1315, -23.7246 ], [ -46.1325, -23.7251 ], [ -46.1361, -23.7247 ], [ -46.137, -23.7258 ], [ -46.1384, -23.7264 ], [ -46.1399, -23.7259 ], [ -46.1451, -23.7271 ], [ -46.148, -23.7284 ], [ -46.1487, -23.7303 ], [ -46.1506, -23.7328 ], [ -46.1529, -23.734 ], [ -46.1557, -23.7362 ], [ -46.157, -23.7354 ], [ -46.1573, -23.7333 ], [ -46.1582, -23.7324 ], [ -46.1602, -23.7319 ], [ -46.1642, -23.7328 ], [ -46.1654, -23.7343 ], [ -46.1663, -23.7343 ], [ -46.1691, -23.7323 ], [ -46.1705, -23.7324 ], [ -46.1726, -23.7346 ], [ -46.1743, -23.7359 ], [ -46.1761, -23.7354 ], [ -46.1769, -23.7359 ], [ -46.1764, -23.7379 ], [ -46.1779, -23.7393 ], [ -46.1783, -23.7453 ], [ -46.1793, -23.7459 ], [ -46.183, -23.7445 ], [ -46.1864, -23.7447 ], [ -46.1889, -23.7466 ], [ -46.19, -23.7479 ], [ -46.1903, -23.7506 ], [ -46.1928, -23.7536 ], [ -46.1949, -23.7542 ], [ -46.1969, -23.7528 ], [ -46.1988, -23.7532 ], [ -46.2008, -23.7514 ], [ -46.2024, -23.7513 ], [ -46.2038, -23.7509 ], [ -46.2066, -23.7517 ], [ -46.2083, -23.7511 ], [ -46.2085, -23.749 ], [ -46.2079, -23.746 ], [ -46.2086, -23.7434 ], [ -46.2102, -23.7417 ], [ -46.2114, -23.7414 ], [ -46.2177, -23.7441 ], [ -46.221, -23.7423 ], [ -46.2229, -23.7404 ], [ -46.2248, -23.7406 ], [ -46.2261, -23.7375 ], [ -46.2287, -23.7368 ], [ -46.2314, -23.7374 ], [ -46.2349, -23.7372 ], [ -46.2378, -23.7353 ], [ -46.2396, -23.7359 ], [ -46.2416, -23.739 ], [ -46.2418, -23.7408 ], [ -46.244, -23.7418 ], [ -46.2452, -23.743 ], [ -46.2455, -23.7451 ], [ -46.2478, -23.7462 ], [ -46.2479, -23.7472 ], [ -46.2475, -23.7505 ], [ -46.2467, -23.7518 ], [ -46.247, -23.7531 ], [ -46.2489, -23.7569 ], [ -46.2509, -23.7583 ], [ -46.2536, -23.7595 ], [ -46.2554, -23.7598 ], [ -46.2559, -23.7608 ], [ -46.2552, -23.7621 ], [ -46.2556, -23.7636 ], [ -46.258, -23.7662 ], [ -46.2603, -23.7679 ], [ -46.2622, -23.7672 ], [ -46.2639, -23.7678 ], [ -46.2655, -23.7671 ], [ -46.2701, -23.7658 ], [ -46.2739, -23.7663 ], [ -46.2745, -23.7679 ], [ -46.2784, -23.7703 ], [ -46.2811, -23.7734 ], [ -46.2831, -23.775 ], [ -46.2852, -23.7772 ], [ -46.2872, -23.778 ], [ -46.2889, -23.7797 ], [ -46.2913, -23.7812 ], [ -46.2938, -23.7837 ], [ -46.2956, -23.786 ], [ -46.296, -23.7872 ], [ -46.2981, -23.7881 ], [ -46.2997, -23.7869 ], [ -46.3026, -23.7879 ], [ -46.3089, -23.7936 ], [ -46.3086, -23.7944 ], [ -46.3109, -23.7968 ], [ -46.3118, -23.7971 ], [ -46.3159, -23.8009 ], [ -46.3165, -23.802 ], [ -46.3193, -23.8024 ], [ -46.3203, -23.8031 ], [ -46.3202, -23.7855 ], [ -46.3208, -23.7851 ], [ -46.3235, -23.7853 ], [ -46.3253, -23.7842 ], [ -46.3289, -23.7832 ], [ -46.3295, -23.7823 ], [ -46.3315, -23.782 ], [ -46.3318, -23.7813 ], [ -46.3356, -23.7812 ], [ -46.3386, -23.7817 ], [ -46.3423, -23.7838 ], [ -46.3435, -23.7847 ], [ -46.3452, -23.7875 ], [ -46.3484, -23.7878 ], [ -46.3491, -23.7872 ], [ -46.352, -23.7879 ], [ -46.3538, -23.7887 ], [ -46.3536, -23.7905 ], [ -46.3544, -23.7915 ], [ -46.357, -23.7913 ], [ -46.3587, -23.7922 ], [ -46.3612, -23.7924 ], [ -46.3621, -23.7913 ], [ -46.3677, -23.7925 ], [ -46.3688, -23.7915 ], [ -46.3704, -23.7911 ], [ -46.372, -23.7898 ], [ -46.3764, -23.7935 ], [ -46.3772, -23.7948 ], [ -46.3745, -23.7946 ], [ -46.3733, -23.7955 ], [ -46.3747, -23.7977 ], [ -46.3755, -23.8001 ], [ -46.3768, -23.8019 ], [ -46.3776, -23.8041 ], [ -46.3807, -23.8061 ], [ -46.3827, -23.8091 ], [ -46.3836, -23.8097 ], [ -46.3863, -23.8093 ], [ -46.3896, -23.81 ], [ -46.3927, -23.8121 ], [ -46.3942, -23.8143 ], [ -46.3962, -23.8118 ], [ -46.4024, -23.8118 ], [ -46.4059, -23.8124 ], [ -46.408, -23.8132 ], [ -46.4085, -23.8148 ], [ -46.4103, -23.8154 ], [ -46.4116, -23.8167 ], [ -46.4144, -23.818 ], [ -46.4151, -23.817 ], [ -46.4206, -23.8201 ], [ -46.4227, -23.8226 ], [ -46.4244, -23.8241 ], [ -46.4263, -23.8251 ], [ -46.4313, -23.826 ], [ -46.4338, -23.8255 ], [ -46.4344, -23.8241 ], [ -46.4369, -23.8254 ], [ -46.4382, -23.827 ], [ -46.4373, -23.8285 ], [ -46.4446, -23.8293 ], [ -46.4439, -23.8307 ], [ -46.4416, -23.8298 ], [ -46.439, -23.8318 ], [ -46.4394, -23.8334 ], [ -46.4412, -23.8349 ], [ -46.442, -23.8373 ], [ -46.442, -23.8388 ], [ -46.4438, -23.8409 ], [ -46.4426, -23.8417 ], [ -46.4417, -23.8407 ], [ -46.4398, -23.8397 ], [ -46.438, -23.8422 ], [ -46.4398, -23.8444 ], [ -46.4413, -23.8475 ], [ -46.4435, -23.8502 ], [ -46.447, -23.8508 ], [ -46.449, -23.8517 ], [ -46.4507, -23.8513 ], [ -46.4521, -23.8526 ], [ -46.4539, -23.8534 ], [ -46.455, -23.8546 ], [ -46.4561, -23.8572 ], [ -46.4571, -23.858 ], [ -46.4577, -23.8602 ], [ -46.4586, -23.8604 ], [ -46.459, -23.8625 ], [ -46.4597, -23.8633 ], [ -46.4599, -23.8661 ], [ -46.4642, -23.8625 ], [ -46.4654, -23.861 ], [ -46.4668, -23.8627 ], [ -46.4673, -23.8641 ], [ -46.4664, -23.8656 ], [ -46.4671, -23.8673 ], [ -46.4677, -23.8707 ], [ -46.4688, -23.8714 ], [ -46.4694, -23.8729 ], [ -46.4709, -23.8733 ], [ -46.473, -23.8748 ], [ -46.4743, -23.8766 ], [ -46.4749, -23.8785 ], [ -46.477, -23.8794 ], [ -46.4778, -23.8791 ], [ -46.4802, -23.8821 ], [ -46.4813, -23.8842 ], [ -46.4829, -23.8858 ], [ -46.4844, -23.8857 ], [ -46.4837, -23.8839 ], [ -46.4858, -23.8835 ], [ -46.4884, -23.8854 ], [ -46.4902, -23.8882 ], [ -46.4923, -23.89 ], [ -46.493, -23.8919 ], [ -46.493, -23.8956 ], [ -46.4962, -23.8996 ], [ -46.497, -23.9011 ], [ -46.4993, -23.9024 ], [ -46.5006, -23.9023 ], [ -46.5031, -23.9045 ], [ -46.5064, -23.9049 ], [ -46.5082, -23.9042 ], [ -46.5124, -23.9043 ], [ -46.5154, -23.9058 ], [ -46.5174, -23.9049 ], [ -46.5201, -23.9055 ], [ -46.5213, -23.9073 ], [ -46.5223, -23.9077 ], [ -46.5217, -23.9093 ], [ -46.5225, -23.9099 ], [ -46.5209, -23.9118 ], [ -46.5232, -23.9133 ], [ -46.5244, -23.9134 ], [ -46.526, -23.9158 ], [ -46.5299, -23.9166 ], [ -46.5319, -23.9173 ], [ -46.5332, -23.9187 ], [ -46.5341, -23.9214 ], [ -46.5349, -23.9228 ], [ -46.5375, -23.924 ], [ -46.5405, -23.9235 ], [ -46.5435, -23.926 ], [ -46.5445, -23.9274 ], [ -46.5438, -23.9282 ], [ -46.5455, -23.9301 ], [ -46.548, -23.9306 ], [ -46.5482, -23.9329 ], [ -46.5503, -23.9347 ], [ -46.5509, -23.9365 ], [ -46.5523, -23.9373 ], [ -46.5519, -23.9393 ], [ -46.5524, -23.9406 ], [ -46.5537, -23.9406 ], [ -46.5566, -23.9417 ], [ -46.5569, -23.9435 ], [ -46.5585, -23.946 ], [ -46.5595, -23.947 ], [ -46.561, -23.9465 ], [ -46.5635, -23.9487 ], [ -46.5643, -23.9505 ], [ -46.5645, -23.9529 ], [ -46.5667, -23.9542 ], [ -46.5677, -23.9538 ], [ -46.5674, -23.9478 ], [ -46.5695, -23.9468 ], [ -46.5696, -23.948 ], [ -46.5713, -23.9525 ], [ -46.5722, -23.9532 ], [ -46.5743, -23.9535 ], [ -46.5756, -23.9543 ], [ -46.5779, -23.957 ], [ -46.5802, -23.9558 ], [ -46.5813, -23.9566 ], [ -46.5827, -23.9587 ], [ -46.5846, -23.9594 ], [ -46.5853, -23.9608 ], [ -46.5882, -23.9613 ], [ -46.589, -23.9625 ], [ -46.5922, -23.9629 ], [ -46.5953, -23.9654 ], [ -46.5964, -23.9641 ], [ -46.5981, -23.9633 ], [ -46.6003, -23.9636 ], [ -46.6073, -23.9658 ], [ -46.6094, -23.9676 ], [ -46.6119, -23.9678 ], [ -46.6133, -23.9685 ], [ -46.6158, -23.9673 ], [ -46.6167, -23.9681 ], [ -46.618, -23.9678 ], [ -46.62, -23.9696 ], [ -46.6205, -23.9707 ], [ -46.6229, -23.9713 ], [ -46.6242, -23.9712 ], [ -46.625, -23.9723 ], [ -46.6277, -23.9725 ], [ -46.6278, -23.9733 ], [ -46.6305, -23.9742 ], [ -46.6312, -23.975 ], [ -46.6357, -23.9773 ], [ -46.6348, -23.9811 ], [ -46.6333, -23.9838 ], [ -46.6331, -23.988 ], [ -46.6304, -23.9899 ], [ -46.6295, -23.9912 ], [ -46.6314, -23.9923 ], [ -46.6337, -23.9927 ], [ -46.6351, -23.9948 ], [ -46.6371, -23.9942 ], [ -46.6389, -23.9954 ], [ -46.6395, -23.9972 ], [ -46.6404, -23.9978 ], [ -46.6426, -23.9979 ], [ -46.6437, -23.9987 ], [ -46.6476, -23.9999 ], [ -46.6499, -24.0016 ], [ -46.6509, -24.001 ], [ -46.653, -23.9967 ], [ -46.6546, -23.9955 ], [ -46.6566, -23.9932 ], [ -46.6591, -23.992 ], [ -46.6618, -23.9882 ], [ -46.6653, -23.9881 ], [ -46.6678, -23.9882 ], [ -46.6717, -23.9891 ], [ -46.6735, -23.9885 ], [ -46.6754, -23.9894 ], [ -46.68, -23.9872 ], [ -46.6816, -23.9854 ], [ -46.6824, -23.9832 ], [ -46.6833, -23.9824 ], [ -46.6855, -23.9824 ], [ -46.6875, -23.9847 ], [ -46.6921, -23.9844 ], [ -46.6941, -23.9867 ], [ -46.6967, -23.9883 ], [ -46.6993, -23.9903 ], [ -46.7034, -23.9916 ], [ -46.7063, -23.9907 ], [ -46.7081, -23.991 ], [ -46.7103, -23.9934 ], [ -46.7128, -23.9939 ], [ -46.7136, -23.9954 ], [ -46.7148, -23.9962 ], [ -46.7175, -23.9958 ], [ -46.72, -23.9946 ], [ -46.721, -23.993 ], [ -46.7244, -23.9943 ], [ -46.7262, -23.9943 ], [ -46.7303, -23.9955 ], [ -46.7322, -23.9952 ], [ -46.736, -23.9935 ], [ -46.7376, -23.9919 ], [ -46.7404, -23.9924 ], [ -46.7427, -23.9919 ], [ -46.7451, -23.9939 ], [ -46.7492, -23.9943 ], [ -46.7494, -23.9954 ], [ -46.751, -23.9965 ], [ -46.7522, -23.9958 ], [ -46.755, -23.9968 ], [ -46.758, -24.0013 ], [ -46.7597, -24.0029 ], [ -46.7612, -24.0032 ], [ -46.7627, -24.006 ], [ -46.7649, -24.0062 ], [ -46.7664, -24.0054 ], [ -46.768, -24.0063 ], [ -46.7694, -24.0084 ], [ -46.772, -24.0077 ], [ -46.7723, -24.0064 ], [ -46.7742, -24.005 ], [ -46.7747, -24.003 ], [ -46.7739, -24.0021 ], [ -46.7709, -24.0008 ], [ -46.7682, -23.9988 ], [ -46.7682, -23.9961 ], [ -46.767, -23.995 ], [ -46.7664, -23.9917 ], [ -46.7648, -23.9901 ], [ -46.7644, -23.9885 ], [ -46.7623, -23.988 ], [ -46.7622, -23.9865 ], [ -46.7604, -23.9848 ], [ -46.7603, -23.9834 ], [ -46.7582, -23.9806 ], [ -46.7591, -23.9799 ], [ -46.7591, -23.9787 ], [ -46.7573, -23.9783 ], [ -46.7559, -23.9759 ], [ -46.7549, -23.9754 ], [ -46.7548, -23.9732 ], [ -46.7554, -23.9725 ], [ -46.7583, -23.9725 ], [ -46.7593, -23.9708 ], [ -46.7611, -23.9691 ], [ -46.7626, -23.9683 ], [ -46.7637, -23.9662 ], [ -46.7625, -23.9647 ], [ -46.7633, -23.9632 ], [ -46.7649, -23.9617 ], [ -46.7663, -23.9612 ], [ -46.7683, -23.962 ], [ -46.7698, -23.9609 ], [ -46.7716, -23.961 ], [ -46.772, -23.9599 ], [ -46.7751, -23.9564 ], [ -46.7742, -23.9538 ], [ -46.7749, -23.9529 ], [ -46.7742, -23.9503 ], [ -46.7757, -23.9499 ], [ -46.7777, -23.95 ], [ -46.7809, -23.9488 ], [ -46.7835, -23.9469 ], [ -46.7834, -23.9453 ], [ -46.7856, -23.9423 ], [ -46.7876, -23.9412 ], [ -46.7898, -23.9409 ], [ -46.7912, -23.9426 ], [ -46.7928, -23.9431 ], [ -46.7945, -23.9426 ], [ -46.796, -23.9402 ], [ -46.8001, -23.938 ], [ -46.8013, -23.9378 ], [ -46.8046, -23.9386 ], [ -46.8069, -23.9382 ], [ -46.8067, -23.9394 ], [ -46.8087, -23.9401 ], [ -46.8136, -23.9398 ] ] ] } },
{ "type": "Feature", "properties": { "nome_raj": "2ª RAJ Araçatuba", "id_municipio_ibge": 3501103, "nome_municipio": "Alto Alegre", "populacao_municipio": 3841, "id_foro": 13, "nome_foro": "Penápolis", "endereco_sede": "Praça Doutor Carlos Sampaio Filho , 190 - Centro, 16300-000", "latitude": -21.612519926495519, "longitude": -50.192117852564756, "id_cj": 36.0, "nome_cj": "Araçatuba", "id_raj": 2, "populacao_foro": 96618, "cidades_no_foro": "Alto Alegre, Avanhandava, Barbosa, Braúna, Glicério, Luiziânia, Penápolis", "cidades_na_cj": "Alto Alegre, Araçatuba, Avanhandava, Barbosa, Bento de Abreu, Bilac, Birigui, Braúna, Brejo Alegre, Buritama, Clementina, Coroados, Gabriel Monteiro, Glicério, Guararapes, Lourdes, Luiziânia, Penápolis, Piacatu, Planalto, Rubiácea, Santo Antônio do Aracanguá, Santópolis do Aguapeí, Turiúba, Valparaíso, Zacarias" }, "geometry": { "type": "Polygon", "coordinates": [ [ [ -50.8771, -21.4898 ], [ -50.8798, -21.4891 ], [ -50.884, -21.4866 ], [ -50.8881, -21.4856 ], [ -50.8908, -21.4865 ], [ -50.8941, -21.4864 ], [ -50.8946, -21.4893 ], [ -50.8952, -21.49 ], [ -50.8978, -21.4907 ], [ -50.8994, -21.4901 ], [ -50.8985, -21.4891 ], [ -50.8992, -21.4874 ], [ -50.9004, -21.4865 ], [ -50.9031, -21.4861 ], [ -50.9045, -21.4848 ], [ -50.9024, -21.4813 ], [ -50.9026, -21.4804 ], [ -50.905, -21.4794 ], [ -50.9066, -21.4778 ], [ -50.907, -21.4761 ], [ -50.9058, -21.4733 ], [ -50.9051, -21.4705 ], [ -50.9059, -21.47 ], [ -50.9086, -21.4697 ], [ -50.9097, -21.4686 ], [ -50.9138, -21.4656 ], [ -50.916, -21.465 ], [ -50.9202, -21.4607 ], [ -50.921, -21.4573 ], [ -50.9199, -21.4555 ], [ -50.9169, -21.4559 ], [ -50.916, -21.4543 ], [ -50.9165, -21.4531 ], [ -50.9186, -21.4521 ], [ -50.9193, -21.4493 ], [ -50.9214, -21.4475 ], [ -50.9218, -21.4456 ], [ -50.9241, -21.4444 ], [ -50.9241, -21.4419 ], [ -50.9249, -21.4414 ], [ -50.9278, -21.4429 ], [ -50.93, -21.4425 ], [ -50.9311, -21.4441 ], [ -50.9338, -21.4435 ], [ -50.9399, -21.4455 ], [ -50.943, -21.4449 ], [ -50.9442, -21.4456 ], [ -50.9462, -21.4477 ], [ -50.9483, -21.4473 ], [ -50.953, -21.4442 ], [ -50.9551, -21.443 ], [ -50.9561, -21.4412 ], [ -50.9589, -21.44 ], [ -50.9604, -21.4386 ], [ -50.9622, -21.4385 ], [ -50.9667, -21.4367 ], [ -50.9705, -21.4347 ], [ -50.9733, -21.4343 ], [ -50.9759, -21.4327 ], [ -50.9781, -21.4327 ], [ -50.9815, -21.4319 ], [ -50.9849, -21.4328 ], [ -50.9872, -21.4349 ], [ -50.9895, -21.435 ], [ -50.9905, -21.4368 ], [ -50.993, -21.4371 ], [ -50.9967, -21.4383 ], [ -50.9986, -21.4394 ], [ -51.0018, -21.4391 ], [ -51.0048, -21.4383 ], [ -51.0083, -21.4359 ], [ -51.0136, -21.4329 ], [ -51.0145, -21.4319 ], [ -51.0171, -21.4309 ], [ -51.0188, -21.4298 ], [ -51.0211, -21.4289 ], [ -51.0219, -21.4281 ], [ -51.0259, -21.4256 ], [ -51.0262, -21.4249 ], [ -51.025, -21.4221 ], [ -51.0259, -21.4202 ], [ -51.0289, -21.4182 ], [ -51.0314, -21.4139 ], [ -51.0334, -21.4113 ], [ -51.0341, -21.4084 ], [ -51.0407, -21.4067 ], [ -51.0447, -21.4067 ], [ -51.0461, -21.4059 ], [ -51.0462, -21.4039 ], [ -51.047, -21.4037 ], [ -51.0512, -21.4047 ], [ -51.053, -21.4049 ], [ -51.0552, -21.4042 ], [ -51.0575, -21.4001 ], [ -51.0588, -21.3986 ], [ -51.0595, -21.3971 ], [ -51.0617, -21.3959 ], [ -51.0635, -21.3945 ], [ -51.0661, -21.3946 ], [ -51.068, -21.3942 ], [ -51.0729, -21.3916 ], [ -51.0748, -21.3912 ], [ -51.0756, -21.3899 ], [ -51.0752, -21.3883 ], [ -51.0764, -21.3874 ], [ -51.078, -21.3893 ], [ -51.079, -21.3887 ], [ -51.0802, -21.3859 ], [ -51.0829, -21.3845 ], [ -51.086, -21.3841 ], [ -51.0859, -21.3824 ], [ -51.0896, -21.3801 ], [ -51.0905, -21.3768 ], [ -51.0905, -21.3747 ], [ -51.0899, -21.3723 ], [ -51.0927, -21.371 ], [ -51.0999, -21.3699 ], [ -51.101, -21.3702 ], [ -51.1037, -21.3724 ], [ -51.1056, -21.3729 ], [ -51.1067, -21.375 ], [ -51.1079, -21.3758 ], [ -51.1122, -21.3761 ], [ -51.115, -21.3772 ], [ -51.1201, -21.3795 ], [ -51.1216, -21.3815 ], [ -51.1224, -21.3816 ], [ -51.1253, -21.3801 ], [ -51.1296, -21.3789 ], [ -51.1317, -21.3774 ], [ -51.133, -21.375 ], [ -51.1373, -21.374 ], [ -51.1396, -21.3738 ], [ -51.143, -21.3747 ], [ -51.145, -21.3744 ], [ -51.1481, -21.3746 ], [ -51.1534, -21.3775 ], [ -51.1544, -21.3785 ], [ -51.1562, -21.3782 ], [ -51.1575, -21.3786 ], [ -51.1622, -21.3819 ], [ -51.1641, -21.384 ], [ -51.1657, -21.3841 ], [ -51.1678, -21.3836 ], [ -51.1718, -21.3836 ], [ -51.1745, -21.3812 ], [ -51.1789, -21.38 ], [ -51.1809, -21.3789 ], [ -51.182, -21.3771 ], [ -51.1834, -21.3762 ], [ -51.1862, -21.3762 ], [ -51.1897, -21.3771 ], [ -51.1937, -21.3743 ], [ -51.1954, -21.3718 ], [ -51.1961, -21.3673 ], [ -51.1976, -21.3644 ], [ -51.1997, -21.3615 ], [ -51.2001, -21.36 ], [ -51.2019, -21.3599 ], [ -51.2039, -21.361 ], [ -51.2065, -21.3591 ], [ -51.2078, -21.3568 ], [ -51.2102, -21.3572 ], [ -51.2108, -21.3554 ], [ -51.2141, -21.3548 ], [ -51.2143, -21.3536 ], [ -51.212, -21.3527 ], [ -51.2128, -21.3514 ], [ -51.2168, -21.3511 ], [ -51.2179, -21.3492 ], [ -51.2209, -21.3481 ], [ -51.2223, -21.3462 ], [ -51.224, -21.3458 ], [ -51.2256, -21.3435 ], [ -51.2254, -21.342 ], [ -51.2277, -21.3404 ], [ -51.2293, -21.3414 ], [ -51.2302, -21.3394 ], [ -51.2322, -21.338 ], [ -51.2312, -21.3358 ], [ -51.2328, -21.3344 ], [ -51.2328, -21.333 ], [ -51.237, -21.332 ], [ -51.2379, -21.3308 ], [ -51.2367, -21.328 ], [ -51.2378, -21.3268 ], [ -51.2429, -21.3269 ], [ -51.2445, -21.3265 ], [ -51.2533, -21.3267 ], [ -51.2595, -21.3276 ], [ -51.2628, -21.3279 ], [ -51.2637, -21.3288 ], [ -51.2642, -21.3314 ], [ -51.2662, -21.3308 ], [ -51.2693, -21.326 ], [ -51.2701, -21.3223 ], [ -51.2709, -21.3213 ], [ -51.2725, -21.3211 ], [ -51.275, -21.3219 ], [ -51.2774, -21.3206 ], [ -51.2807, -21.3199 ], [ -51.283, -21.3189 ], [ -51.2856, -21.3183 ], [ -51.2863, -21.3193 ], [ -51.2865, -21.3183 ], [ -51.288, -21.3173 ], [ -51.2876, -21.3143 ], [ -51.2883, -21.3132 ], [ -51.2898, -21.3132 ], [ -51.2922, -21.3144 ], [ -51.294, -21.3139 ], [ -51.2951, -21.3129 ], [ -51.2967, -21.3103 ], [ -51.2996, -21.3093 ], [ -51.3028, -21.3094 ], [ -51.3045, -21.3078 ], [ -51.3046, -21.3061 ], [ -51.3055, -21.3052 ], [ -51.3088, -21.3031 ], [ -51.3092, -21.302 ], [ -51.3089, -21.2999 ], [ -51.3103, -21.2988 ], [ -51.3125, -21.299 ], [ -51.313, -21.2973 ], [ -51.3141, -21.2957 ], [ -51.3156, -21.2964 ], [ -51.3156, -21.2983 ], [ -51.3172, -21.2988 ], [ -51.3185, -21.298 ], [ -51.3209, -21.2991 ], [ -51.3222, -21.2983 ], [ -51.3234, -21.2958 ], [ -51.3237, -21.2937 ], [ -51.3251, -21.2937 ], [ -51.3259, -21.2952 ], [ -51.3268, -21.2945 ], [ -51.3251, -21.2922 ], [ -51.3269, -21.2918 ], [ -51.3288, -21.2925 ], [ -51.3314, -21.2928 ], [ -51.3335, -21.2924 ], [ -51.3347, -21.2927 ], [ -51.3364, -21.2912 ], [ -51.338, -21.2887 ], [ -51.3391, -21.2887 ], [ -51.3391, -21.2902 ], [ -51.3378, -21.2911 ], [ -51.3372, -21.2927 ], [ -51.3379, -21.2933 ], [ -51.3404, -21.2929 ], [ -51.3431, -21.2901 ], [ -51.3433, -21.2879 ], [ -51.345, -21.2886 ], [ -51.3472, -21.2886 ], [ -51.3459, -21.2909 ], [ -51.3464, -21.2919 ], [ -51.3486, -21.292 ], [ -51.3493, -21.2914 ], [ -51.3488, -21.2887 ], [ -51.3506, -21.288 ], [ -51.3519, -21.2891 ], [ -51.3533, -21.2892 ], [ -51.3549, -21.2884 ], [ -51.3573, -21.2885 ], [ -51.3587, -21.2878 ], [ -51.3589, -21.2862 ], [ -51.3605, -21.2858 ], [ -51.3622, -21.2864 ], [ -51.3627, -21.2874 ], [ -51.3618, -21.2892 ], [ -51.363, -21.2896 ], [ -51.3661, -21.289 ], [ -51.3698, -21.2899 ], [ -51.3717, -21.2875 ], [ -51.3748, -21.2852 ], [ -51.3772, -21.2853 ], [ -51.3816, -21.2829 ], [ -51.3826, -21.2829 ], [ -51.3853, -21.2844 ], [ -51.392, -21.2805 ], [ -51.3928, -21.2793 ], [ -51.3927, -21.2771 ], [ -51.3949, -21.2753 ], [ -51.3976, -21.2761 ], [ -51.3974, -21.2743 ], [ -51.3955, -21.274 ], [ -51.3954, -21.2727 ], [ -51.3964, -21.2724 ], [ -51.4017, -21.2726 ], [ -51.402, -21.271 ], [ -51.3986, -21.2706 ], [ -51.3977, -21.2693 ], [ -51.3981, -21.2684 ], [ -51.4004, -21.2663 ], [ -51.4023, -21.2658 ], [ -51.4036, -21.2661 ], [ -51.404, -21.2679 ], [ -51.4049, -21.2688 ], [ -51.4067, -21.267 ], [ -51.4072, -21.2645 ], [ -51.4092, -21.2637 ], [ -51.4115, -21.2636 ], [ -51.4134, -21.2625 ], [ -51.4152, -21.2626 ], [ -51.4167, -21.2613 ], [ -51.4204, -21.2595 ], [ -51.4215, -21.2584 ], [ -51.4222, -21.2567 ], [ -51.4234, -21.2562 ], [ -51.4244, -21.258 ], [ -51.4259, -21.2577 ], [ -51.4278, -21.2559 ], [ -51.431, -21.2548 ], [ -51.4313, -21.2533 ], [ -51.4293, -21.2521 ], [ -51.4299, -21.2505 ], [ -51.4328, -21.2498 ], [ -51.4337, -21.2482 ], [ -51.434, -21.2464 ], [ -51.4353, -21.2457 ], [ -51.4406, -21.2448 ], [ -51.4436, -21.2433 ], [ -51.4466, -21.2437 ], [ -51.4482, -21.2419 ], [ -51.4498, -21.2413 ], [ -51.4518, -21.2414 ], [ -51.4531, -21.2407 ], [ -51.4545, -21.2388 ], [ -51.4583, -21.2374 ], [ -51.4633, -21.2365 ], [ -51.4674, -21.2378 ], [ -51.4693, -21.2366 ], [ -51.4699, -21.2349 ], [ -51.4713, -21.2343 ], [ -51.4717, -21.2355 ], [ -51.47, -21.2373 ], [ -51.4714, -21.2386 ], [ -51.473, -21.2364 ], [ -51.4753, -21.2356 ], [ -51.4781, -21.2359 ], [ -51.4794, -21.235 ], [ -51.4792, -21.2324 ], [ -51.4808, -21.2317 ], [ -51.4824, -21.2324 ], [ -51.4843, -21.2321 ], [ -51.4855, -21.2325 ], [ -51.4867, -21.2331 ], [ -51.4896, -21.2311 ], [ -51.4927, -21.2305 ], [ -51.4943, -21.2287 ], [ -51.4962, -21.2273 ], [ -51.496, -21.2253 ], [ -51.4944, -21.2242 ], [ -51.4944, -21.2209 ], [ -51.4957, -21.2199 ], [ -51.4981, -21.2197 ], [ -51.5006, -21.221 ], [ -51.5018, -21.2211 ], [ -51.5035, -21.2196 ], [ -51.5037, -21.2175 ], [ -51.5058, -21.217 ], [ -51.5078, -21.2177 ], [ -51.5097, -21.2168 ], [ -51.5108, -21.2147 ], [ -51.5115, -21.2113 ], [ -51.5126, -21.2102 ], [ -51.5147, -21.2098 ], [ -51.5166, -21.2098 ], [ -51.5181, -21.209 ], [ -51.5185, -21.2081 ], [ -51.5187, -21.2045 ], [ -51.5196, -21.2036 ], [ -51.5223, -21.2034 ], [ -51.5234, -21.202 ], [ -51.5234, -21.1996 ], [ -51.5277, -21.1975 ], [ -51.5299, -21.1976 ], [ -51.5309, -21.1968 ], [ -51.5311, -21.1957 ], [ -51.5336, -21.1956 ], [ -51.5358, -21.1974 ], [ -51.5357, -21.1993 ], [ -51.5339, -21.1995 ], [ -51.5346, -21.2008 ], [ -51.5356, -21.2008 ], [ -51.5385, -21.1983 ], [ -51.5385, -21.1966 ], [ -51.5375, -21.1948 ], [ -51.5388, -21.1935 ], [ -51.5405, -21.1941 ], [ -51.5407, -21.1966 ], [ -51.5442, -21.1948 ], [ -51.543, -21.193 ], [ -51.543, -21.1917 ], [ -51.5461, -21.1909 ], [ -51.5501, -21.1908 ], [ -51.5528, -21.19 ], [ -51.5556, -21.1909 ], [ -51.5574, -21.1902 ], [ -51.5607, -21.1909 ], [ -51.5618, -21.1903 ], [ -51.5646, -21.1901 ], [ -51.5647, -21.189 ], [ -51.563, -21.1872 ], [ -51.5633, -21.1861 ], [ -51.5648, -21.1853 ], [ -51.5664, -21.1856 ], [ -51.5681, -21.1872 ], [ -51.5697, -21.1866 ], [ -51.5699, -21.1851 ], [ -51.571, -21.1852 ], [ -51.5711, -21.187 ], [ -51.573, -21.1868 ], [ -51.5738, -21.1873 ], [ -51.5739, -21.1892 ], [ -51.5762, -21.1892 ], [ -51.5765, -21.1875 ], [ -51.5759, -21.1867 ], [ -51.5763, -21.1852 ], [ -51.5778, -21.1841 ], [ -51.5771, -21.1827 ], [ -51.5757, -21.1813 ], [ -51.5769, -21.18 ], [ -51.5789, -21.1797 ], [ -51.5806, -21.1785 ], [ -51.5832, -21.1781 ], [ -51.585, -21.1773 ], [ -51.5867, -21.1754 ], [ -51.5895, -21.1747 ], [ -51.5913, -21.1721 ], [ -51.5936, -21.1707 ], [ -51.5936, -21.1682 ], [ -51.595, -21.1665 ], [ -51.5949, -21.1648 ], [ -51.5936, -21.1624 ], [ -51.5954, -21.1604 ], [ -51.596, -21.159 ], [ -51.5917, -21.1544 ], [ -51.5905, -21.154 ], [ -51.5901, -21.1526 ], [ -51.5915, -21.1486 ], [ -51.5944, -21.1477 ], [ -51.5965, -21.1463 ], [ -51.5989, -21.1457 ], [ -51.6008, -21.1443 ], [ -51.6035, -21.1437 ], [ -51.6043, -21.1448 ], [ -51.6034, -21.1459 ], [ -51.6032, -21.1474 ], [ -51.6078, -21.1455 ], [ -51.612, -21.1431 ], [ -51.6137, -21.1417 ], [ -51.6155, -21.1421 ], [ -51.6168, -21.1448 ], [ -51.6192, -21.1451 ], [ -51.6192, -21.1472 ], [ -51.6204, -21.1476 ], [ -51.6227, -21.1467 ], [ -51.6239, -21.1467 ], [ -51.6268, -21.146 ], [ -51.6287, -21.147 ], [ -51.6289, -21.1487 ], [ -51.63, -21.15 ], [ -51.6321, -21.1506 ], [ -51.6335, -21.1523 ], [ -51.6352, -21.1525 ], [ -51.6365, -21.1513 ], [ -51.6381, -21.1517 ], [ -51.6378, -21.1538 ], [ -51.6388, -21.1567 ], [ -51.6381, -21.1593 ], [ -51.6382, -21.1607 ], [ -51.6396, -21.1628 ], [ -51.64, -21.1632 ], [ -51.6415, -21.1652 ], [ -51.6438, -21.1665 ], [ -51.6478, -21.1669 ], [ -51.651, -21.1676 ], [ -51.6544, -21.1676 ], [ -51.6568, -21.1694 ], [ -51.6588, -21.1696 ], [ -51.6596, -21.169 ], [ -51.6609, -21.1661 ], [ -51.6656, -21.164 ], [ -51.6683, -21.1618 ], [ -51.6717, -21.1609 ], [ -51.6723, -21.1596 ], [ -51.6712, -21.1585 ], [ -51.6686, -21.1587 ], [ -51.6677, -21.1582 ], [ -51.6678, -21.1562 ], [ -51.6694, -21.1559 ], [ -51.6707, -21.1545 ], [ -51.6734, -21.154 ], [ -51.6744, -21.1533 ], [ -51.6738, -21.1521 ], [ -51.6723, -21.1517 ], [ -51.6716, -21.1497 ], [ -51.6729, -21.1489 ], [ -51.6745, -21.1495 ], [ -51.6759, -21.1512 ], [ -51.6778, -21.1513 ], [ -51.6799, -21.1495 ], [ -51.682, -21.1491 ], [ -51.6855, -21.1498 ], [ -51.6862, -21.1492 ], [ -51.6875, -21.1462 ], [ -51.6901, -21.1455 ], [ -51.691, -21.1436 ], [ -51.6906, -21.1395 ], [ -51.6919, -21.1366 ], [ -51.6904, -21.1352 ], [ -51.6905, -21.1336 ], [ -51.6938, -21.1328 ], [ -51.6949, -21.1319 ], [ -51.694, -21.1302 ], [ -51.6925, -21.1294 ], [ -51.6912, -21.1274 ], [ -51.6912, -21.1262 ], [ -51.6928, -21.1238 ], [ -51.6919, -21.1223 ], [ -51.6886, -21.1232 ], [ -51.6882, -21.122 ], [ -51.6898, -21.1209 ], [ -51.6913, -21.1194 ], [ -51.6908, -21.1161 ], [ -51.6931, -21.1148 ], [ -51.6973, -21.111 ], [ -51.7001, -21.1096 ], [ -51.7015, -21.1078 ], [ -51.7015, -21.1062 ], [ -51.7007, -21.1052 ], [ -51.6986, -21.1046 ], [ -51.6978, -21.1036 ], [ -51.6987, -21.1008 ], [ -51.6976, -21.0982 ], [ -51.6945, -21.0963 ], [ -51.6952, -21.0954 ], [ -51.6968, -21.096 ], [ -51.6978, -21.0954 ], [ -51.698, -21.0917 ], [ -51.6995, -21.0882 ], [ -51.7007, -21.0884 ], [ -51.701, -21.0902 ], [ -51.7027, -21.09 ], [ -51.7028, -21.0877 ], [ -51.704, -21.0872 ], [ -51.7051, -21.0891 ], [ -51.7061, -21.0894 ], [ -51.7079, -21.0883 ], [ -51.7082, -21.0871 ], [ -51.7069, -21.0867 ], [ -51.7063, -21.0856 ], [ -51.7068, -21.0835 ], [ -51.7082, -21.0832 ], [ -51.7102, -21.0846 ], [ -51.7129, -21.084 ], [ -51.7137, -21.0833 ], [ -51.7136, -21.0807 ], [ -51.7116, -21.0792 ], [ -51.7143, -21.0792 ], [ -51.7146, -21.0769 ], [ -51.7184, -21.0752 ], [ -51.7171, -21.0726 ], [ -51.7182, -21.0717 ], [ -51.7191, -21.0699 ], [ -51.7202, -21.0696 ], [ -51.7212, -21.0721 ], [ -51.7222, -21.0722 ], [ -51.725, -21.0703 ], [ -51.7254, -21.0689 ], [ -51.7273, -21.0719 ], [ -51.7278, -21.0738 ], [ -51.7291, -21.0739 ], [ -51.7293, -21.0719 ], [ -51.73, -21.0703 ], [ -51.7315, -21.0695 ], [ -51.7331, -21.0703 ], [ -51.7342, -21.0715 ], [ -51.7367, -21.0717 ], [ -51.7363, -21.0735 ], [ -51.7375, -21.0743 ], [ -51.7383, -21.0732 ], [ -51.7383, -21.0714 ], [ -51.7413, -21.0703 ], [ -51.7399, -21.0692 ], [ -51.7437, -21.068 ], [ -51.7458, -21.0703 ], [ -51.747, -21.0705 ], [ -51.748, -21.0695 ], [ -51.7472, -21.068 ], [ -51.7457, -21.0665 ], [ -51.7467, -21.0658 ], [ -51.749, -21.0664 ], [ -51.7514, -21.0644 ], [ -51.7531, -21.0642 ], [ -51.7532, -21.0628 ], [ -51.7516, -21.0619 ], [ -51.7522, -21.0608 ], [ -51.7538, -21.061 ], [ -51.7553, -21.0635 ], [ -51.7551, -21.0651 ], [ -51.757, -21.0659 ], [ -51.7592, -21.0643 ], [ -51.7619, -21.0643 ], [ -51.7625, -21.0637 ], [ -51.7617, -21.0595 ], [ -51.7608, -21.0581 ], [ -51.7612, -21.0555 ], [ -51.7644, -21.0547 ], [ -51.7655, -21.0559 ], [ -51.7638, -21.0592 ], [ -51.7654, -21.0597 ], [ -51.7672, -21.0581 ], [ -51.7676, -21.0556 ], [ -51.766, -21.052 ], [ -51.7669, -21.0508 ], [ -51.7725, -21.0511 ], [ -51.772, -21.0459 ], [ -51.7713, -21.0427 ], [ -51.7685, -21.0365 ], [ -51.7644, -21.0296 ], [ -51.7606, -21.0242 ], [ -51.7596, -21.0222 ], [ -51.7554, -21.0171 ], [ -51.7524, -21.0133 ], [ -51.7489, -21.0113 ], [ -51.7439, -21.0053 ], [ -51.7424, -21.0014 ], [ -51.7379, -20.9953 ], [ -51.7316, -20.9879 ], [ -51.7284, -20.9835 ], [ -51.723, -20.9774 ], [ -51.7182, -20.9741 ], [ -51.7137, -20.9715 ], [ -51.7057, -20.9704 ], [ -51.7032, -20.9702 ], [ -51.6964, -20.9705 ], [ -51.6917, -20.9713 ], [ -51.6856, -20.973 ], [ -51.6787, -20.9729 ], [ -51.6667, -20.9708 ], [ -51.6596, -20.9685 ], [ -51.6549, -20.9653 ], [ -51.6497, -20.9597 ], [ -51.6443, -20.9555 ], [ -51.6398, -20.9536 ], [ -51.6363, -20.953 ], [ -51.6328, -20.9517 ], [ -51.6282, -20.949 ], [ -51.6236, -20.9444 ], [ -51.6209, -20.9394 ], [ -51.619, -20.9326 ], [ -51.6188, -20.9224 ], [ -51.618, -20.9132 ], [ -51.6176, -20.9106 ], [ -51.6137, -20.8963 ], [ -51.6135, -20.8901 ], [ -51.614, -20.8879 ], [ -51.6151, -20.8861 ], [ -51.6226, -20.8784 ], [ -51.6267, -20.8725 ], [ -51.6284, -20.8687 ], [ -51.6297, -20.8615 ], [ -51.6302, -20.8541 ], [ -51.6316, -20.8449 ], [ -51.6318, -20.8412 ], [ -51.6327, -20.8329 ], [ -51.633, -20.8216 ], [ -51.6321, -20.8166 ], [ -51.63, -20.8103 ], [ -51.6278, -20.8038 ], [ -51.6261, -20.7963 ], [ -51.6269, -20.7907 ], [ -51.6279, -20.789 ], [ -51.6275, -20.7847 ], [ -51.6232, -20.7787 ], [ -51.6224, -20.7769 ], [ -51.6245, -20.7718 ], [ -51.6273, -20.7687 ], [ -51.6327, -20.7611 ], [ -51.6336, -20.7593 ], [ -51.6349, -20.7548 ], [ -51.634, -20.7475 ], [ -51.6315, -20.7368 ], [ -51.6282, -20.7251 ], [ -51.6243, -20.7125 ], [ -51.6231, -20.7107 ], [ -51.6198, -20.7035 ], [ -51.617, -20.6963 ], [ -51.6115, -20.6856 ], [ -51.6108, -20.6839 ], [ -51.6083, -20.6755 ], [ -51.6063, -20.6715 ], [ -51.6051, -20.6666 ], [ -51.6033, -20.6617 ], [ -51.6003, -20.6559 ], [ -51.5978, -20.6516 ], [ -51.5941, -20.6438 ], [ -51.5883, -20.6357 ], [ -51.5837, -20.6307 ], [ -51.5813, -20.629 ], [ -51.5775, -20.6252 ], [ -51.5752, -20.6234 ], [ -51.5708, -20.6201 ], [ -51.5676, -20.6183 ], [ -51.5523, -20.6083 ], [ -51.533, -20.597 ], [ -51.5215, -20.5873 ], [ -51.516, -20.5812 ], [ -51.5002, -20.5682 ], [ -51.4979, -20.5637 ], [ -51.4929, -20.5465 ], [ -51.4661, -20.5082 ], [ -51.4638, -20.5015 ], [ -51.4604, -20.4982 ], [ -51.4566, -20.4957 ], [ -51.4554, -20.494 ], [ -51.4539, -20.4901 ], [ -51.4492, -20.4828 ], [ -51.4444, -20.4789 ], [ -51.4354, -20.4733 ], [ -51.4233, -20.468 ], [ -51.4216, -20.4666 ], [ -51.4188, -20.465 ], [ -51.4093, -20.4596 ], [ -51.4039, -20.4527 ], [ -51.399, -20.4458 ], [ -51.3967, -20.4415 ], [ -51.3844, -20.4162 ], [ -51.3781, -20.4018 ], [ -51.3751, -20.3965 ], [ -51.3722, -20.3931 ], [ -51.3612, -20.3845 ], [ -51.358, -20.3794 ], [ -51.354, -20.3686 ], [ -51.3509, -20.3632 ], [ -51.3481, -20.3595 ], [ -51.3435, -20.3556 ], [ -51.3427, -20.3547 ], [ -51.3214, -20.3396 ], [ -51.3055, -20.332 ], [ -51.2957, -20.3285 ], [ -51.2708, -20.323 ], [ -51.2572, -20.3211 ], [ -51.2475, -20.3184 ], [ -51.2399, -20.3169 ], [ -51.1976, -20.3123 ], [ -51.1781, -20.3093 ], [ -51.1608, -20.3052 ], [ -51.1452, -20.3003 ], [ -51.137, -20.2975 ], [ -51.1324, -20.2955 ], [ -51.1226, -20.2902 ], [ -51.1176, -20.2869 ], [ -51.114, -20.2836 ], [ -51.1094, -20.2801 ], [ -51.101, -20.274 ], [ -51.0948, -20.2692 ], [ -51.0935, -20.2686 ], [ -51.0831, -20.2608 ], [ -51.079, -20.2583 ], [ -51.0692, -20.25 ], [ -51.0654, -20.2455 ], [ -51.0589, -20.2352 ], [ -51.0539, -20.2202 ], [ -51.0488, -20.1986 ], [ -51.0398, -20.1782 ], [ -51.0377, -20.1747 ], [ -51.0366, -20.1706 ], [ -51.0346, -20.167 ], [ -51.0342, -20.1649 ], [ -51.0293, -20.151 ], [ -51.0216, -20.1333 ], [ -51.0191, -20.1298 ], [ -51.0171, -20.1243 ], [ -51.0132, -20.1185 ], [ -51.0074, -20.1056 ], [ -51.0035, -20.1005 ], [ -51.0024, -20.0975 ], [ -51.0012, -20.0963 ], [ -51.0005, -20.0854 ], [ -50.9965, -20.0773 ], [ -50.9942, -20.0741 ], [ -50.99, -20.0694 ], [ -50.9808, -20.0579 ], [ -50.9761, -20.0477 ], [ -50.9717, -20.0405 ], [ -50.9691, -20.0364 ], [ -50.9658, -20.0336 ], [ -50.9619, -20.0319 ], [ -50.9606, -20.032 ], [ -50.9532, -20.0339 ], [ -50.9495, -20.0327 ], [ -50.9471, -20.0313 ], [ -50.9455, -20.0297 ], [ -50.9408, -20.023 ], [ -50.9372, -20.0197 ], [ -50.9337, -20.0149 ], [ -50.9318, -20.0139 ], [ -50.9275, -20.0128 ], [ -50.9247, -20.0114 ], [ -50.9119, -20.0031 ], [ -50.9117, -20.0008 ], [ -50.9109, -19.9974 ], [ -50.9081, -19.9943 ], [ -50.8988, -19.9905 ], [ -50.8972, -19.9902 ], [ -50.8923, -19.9902 ], [ -50.8889, -19.9906 ], [ -50.886, -19.9904 ], [ -50.8762, -19.9908 ], [ -50.8729, -19.9896 ], [ -50.868, -19.9866 ], [ -50.8631, -19.9822 ], [ -50.8547, -19.972 ], [ -50.8516, -19.9698 ], [ -50.8441, -19.9676 ], [ -50.8366, -19.966 ], [ -50.8256, -19.9612 ], [ -50.8173, -19.9583 ], [ -50.8046, -19.9503 ], [ -50.796, -19.9429 ], [ -50.7902, -19.9396 ], [ -50.7836, -19.9372 ], [ -50.7354, -19.9302 ], [ -50.7251, -19.9268 ], [ -50.7163, -19.9232 ], [ -50.7131, -19.9216 ], [ -50.709, -19.9202 ], [ -50.6885, -19.9166 ], [ -50.6864, -19.9162 ], [ -50.6805, -19.9148 ], [ -50.6762, -19.9129 ], [ -50.6651, -19.9104 ], [ -50.6613, -19.909 ], [ -50.6581, -19.9071 ], [ -50.6521, -19.9015 ], [ -50.6474, -19.8953 ], [ -50.6398, -19.8805 ], [ -50.6362, -19.8751 ], [ -50.6319, -19.8709 ], [ -50.6255, -19.8666 ], [ -50.6218, -19.8644 ], [ -50.6194, -19.8638 ], [ -50.6165, -19.8617 ], [ -50.6142, -19.861 ], [ -50.6132, -19.8627 ], [ -50.6131, -19.8648 ], [ -50.6139, -19.8673 ], [ -50.6139, -19.8711 ], [ -50.6128, -19.8767 ], [ -50.6117, -19.8787 ], [ -50.6105, -19.879 ], [ -50.6109, -19.8803 ], [ -50.6129, -19.8823 ], [ -50.613, -19.8843 ], [ -50.6096, -19.8857 ], [ -50.6072, -19.8851 ], [ -50.6045, -19.8864 ], [ -50.6024, -19.8915 ], [ -50.6011, -19.8933 ], [ -50.5984, -19.8963 ], [ -50.5974, -19.898 ], [ -50.5974, -19.8999 ], [ -50.5964, -19.9011 ], [ -50.5933, -19.9025 ], [ -50.5918, -19.9038 ], [ -50.592, -19.9058 ], [ -50.593, -19.9068 ], [ -50.5926, -19.9077 ], [ -50.591, -19.9081 ], [ -50.5901, -19.9093 ], [ -50.5897, -19.912 ], [ -50.5902, -19.9144 ], [ -50.5887, -19.9163 ], [ -50.5874, -19.9202 ], [ -50.5861, -19.9217 ], [ -50.5838, -19.9231 ], [ -50.5824, -19.9253 ], [ -50.5806, -19.9262 ], [ -50.5798, -19.9274 ], [ -50.5794, -19.9295 ], [ -50.5795, -19.932 ], [ -50.578, -19.9334 ], [ -50.5763, -19.9341 ], [ -50.5757, -19.9381 ], [ -50.574, -19.941 ], [ -50.5751, -19.9439 ], [ -50.5734, -19.9456 ], [ -50.5732, -19.9469 ], [ -50.5738, -19.9482 ], [ -50.5736, -19.9505 ], [ -50.5712, -19.9505 ], [ -50.5664, -19.9543 ], [ -50.5657, -19.9588 ], [ -50.5633, -19.9597 ], [ -50.562, -19.9595 ], [ -50.5594, -19.9616 ], [ -50.5605, -19.9629 ], [ -50.5621, -19.9636 ], [ -50.5613, -19.9655 ], [ -50.5612, -19.9668 ], [ -50.5589, -19.973 ], [ -50.5572, -19.9741 ], [ -50.5564, -19.9774 ], [ -50.5546, -19.9793 ], [ -50.553, -19.9843 ], [ -50.5525, -19.9876 ], [ -50.5526, -19.9903 ], [ -50.5517, -19.9918 ], [ -50.5507, -19.9913 ], [ -50.5487, -19.9914 ], [ -50.5485, -19.989 ], [ -50.5468, -19.9876 ], [ -50.5438, -19.9885 ], [ -50.5434, -19.9898 ], [ -50.5424, -19.9903 ], [ -50.5417, -19.9917 ], [ -50.5406, -19.9912 ], [ -50.5397, -19.9928 ], [ -50.5379, -19.9937 ], [ -50.5377, -19.9944 ], [ -50.5382, -19.9977 ], [ -50.5379, -20.0004 ], [ -50.5366, -20.0025 ], [ -50.5358, -20.0029 ], [ -50.5303, -20.0034 ], [ -50.5281, -20.0041 ], [ -50.5264, -20.0069 ], [ -50.5262, -20.0087 ], [ -50.5246, -20.0108 ], [ -50.5232, -20.0117 ], [ -50.5193, -20.0155 ], [ -50.5167, -20.0151 ], [ -50.5159, -20.0159 ], [ -50.5164, -20.0197 ], [ -50.5178, -20.0214 ], [ -50.5187, -20.0247 ], [ -50.5196, -20.0252 ], [ -50.5202, -20.027 ], [ -50.5191, -20.0287 ], [ -50.518, -20.0293 ], [ -50.5177, -20.0302 ], [ -50.519, -20.0321 ], [ -50.5196, -20.0339 ], [ -50.5192, -20.0359 ], [ -50.519, -20.0373 ], [ -50.5199, -20.0386 ], [ -50.5241, -20.0413 ], [ -50.5263, -20.0421 ], [ -50.5311, -20.0433 ], [ -50.5346, -20.0458 ], [ -50.5372, -20.0494 ], [ -50.5376, -20.0531 ], [ -50.5383, -20.0553 ], [ -50.5401, -20.0569 ], [ -50.5436, -20.0611 ], [ -50.5461, -20.0637 ], [ -50.549, -20.0679 ], [ -50.5514, -20.07 ], [ -50.5526, -20.0717 ], [ -50.5546, -20.0761 ], [ -50.5565, -20.0794 ], [ -50.5573, -20.0839 ], [ -50.5592, -20.0888 ], [ -50.5598, -20.0918 ], [ -50.5591, -20.0963 ], [ -50.5586, -20.098 ], [ -50.5569, -20.1012 ], [ -50.5552, -20.1017 ], [ -50.5536, -20.1007 ], [ -50.5512, -20.098 ], [ -50.5512, -20.1025 ], [ -50.5515, -20.1046 ], [ -50.5524, -20.1073 ], [ -50.551, -20.1105 ], [ -50.5509, -20.1126 ], [ -50.5527, -20.1153 ], [ -50.553, -20.117 ], [ -50.5519, -20.1201 ], [ -50.5559, -20.1197 ], [ -50.5567, -20.1202 ], [ -50.5591, -20.123 ], [ -50.5603, -20.1238 ], [ -50.562, -20.1258 ], [ -50.5643, -20.1264 ], [ -50.5674, -20.1268 ], [ -50.5736, -20.1297 ], [ -50.5747, -20.131 ], [ -50.577, -20.1325 ], [ -50.579, -20.1353 ], [ -50.5804, -20.1391 ], [ -50.5817, -20.1409 ], [ -50.5848, -20.1407 ], [ -50.5826, -20.1425 ], [ -50.5805, -20.143 ], [ -50.5791, -20.1425 ], [ -50.5783, -20.1436 ], [ -50.5794, -20.145 ], [ -50.5794, -20.1461 ], [ -50.5771, -20.147 ], [ -50.5762, -20.1486 ], [ -50.575, -20.1486 ], [ -50.5732, -20.1498 ], [ -50.5728, -20.1507 ], [ -50.5672, -20.1518 ], [ -50.5651, -20.1533 ], [ -50.5593, -20.1535 ], [ -50.5571, -20.1538 ], [ -50.5551, -20.1547 ], [ -50.5527, -20.1544 ], [ -50.552, -20.1535 ], [ -50.55, -20.1542 ], [ -50.5479, -20.1541 ], [ -50.544, -20.1547 ], [ -50.5427, -20.1559 ], [ -50.5387, -20.1582 ], [ -50.5386, -20.159 ], [ -50.5348, -20.1601 ], [ -50.5317, -20.1622 ], [ -50.5274, -20.164 ], [ -50.527, -20.1649 ], [ -50.5245, -20.1671 ], [ -50.5239, -20.1687 ], [ -50.5242, -20.1706 ], [ -50.5233, -20.1721 ], [ -50.5223, -20.176 ], [ -50.5205, -20.176 ], [ -50.5189, -20.1757 ], [ -50.5157, -20.1743 ], [ -50.512, -20.1736 ], [ -50.5059, -20.1691 ], [ -50.5019, -20.1685 ], [ -50.4985, -20.1665 ], [ -50.4934, -20.1625 ], [ -50.4915, -20.1615 ], [ -50.4859, -20.1596 ], [ -50.483, -20.1582 ], [ -50.4778, -20.1582 ], [ -50.4756, -20.1594 ], [ -50.4762, -20.157 ], [ -50.479, -20.1544 ], [ -50.481, -20.1535 ], [ -50.4791, -20.1528 ], [ -50.4759, -20.1532 ], [ -50.4688, -20.157 ], [ -50.4661, -20.1577 ], [ -50.4612, -20.1576 ], [ -50.4567, -20.157 ], [ -50.453, -20.1569 ], [ -50.4507, -20.1589 ], [ -50.4519, -20.1596 ], [ -50.4556, -20.1648 ], [ -50.4577, -20.1664 ], [ -50.4599, -20.1686 ], [ -50.4596, -20.1721 ], [ -50.4602, -20.1757 ], [ -50.4601, -20.1794 ], [ -50.459, -20.1831 ], [ -50.4577, -20.1855 ], [ -50.4575, -20.1872 ], [ -50.4587, -20.1875 ], [ -50.4598, -20.1863 ], [ -50.4617, -20.1855 ], [ -50.465, -20.1856 ], [ -50.4655, -20.1865 ], [ -50.465, -20.1879 ], [ -50.4648, -20.1909 ], [ -50.4653, -20.1924 ], [ -50.4664, -20.1939 ], [ -50.4664, -20.1956 ], [ -50.4632, -20.1974 ], [ -50.4604, -20.2001 ], [ -50.4587, -20.2027 ], [ -50.4569, -20.2032 ], [ -50.4549, -20.2043 ], [ -50.4524, -20.2074 ], [ -50.4515, -20.2111 ], [ -50.4511, -20.2144 ], [ -50.4523, -20.2165 ], [ -50.4527, -20.2189 ], [ -50.454, -20.2202 ], [ -50.4547, -20.2219 ], [ -50.458, -20.2239 ], [ -50.4607, -20.2269 ], [ -50.4619, -20.2278 ], [ -50.464, -20.2328 ], [ -50.4646, -20.2351 ], [ -50.4658, -20.2369 ], [ -50.4638, -20.2411 ], [ -50.4632, -20.2451 ], [ -50.4634, -20.2483 ], [ -50.464, -20.2499 ], [ -50.4631, -20.2527 ], [ -50.4626, -20.2558 ], [ -50.4615, -20.2569 ], [ -50.4613, -20.2587 ], [ -50.4602, -20.2617 ], [ -50.4582, -20.2653 ], [ -50.458, -20.2681 ], [ -50.4583, -20.2738 ], [ -50.4596, -20.2754 ], [ -50.4623, -20.2775 ], [ -50.4673, -20.2801 ], [ -50.469, -20.2812 ], [ -50.4723, -20.2847 ], [ -50.4756, -20.2865 ], [ -50.4765, -20.2876 ], [ -50.4773, -20.2916 ], [ -50.4795, -20.2955 ], [ -50.4809, -20.3001 ], [ -50.4794, -20.3047 ], [ -50.4768, -20.3071 ], [ -50.4745, -20.3098 ], [ -50.4723, -20.3116 ], [ -50.4721, -20.3126 ], [ -50.4696, -20.3134 ], [ -50.468, -20.3153 ], [ -50.4683, -20.3173 ], [ -50.4677, -20.3181 ], [ -50.4683, -20.3198 ], [ -50.4681, -20.3211 ], [ -50.4686, -20.3234 ], [ -50.4679, -20.3271 ], [ -50.4654, -20.3295 ], [ -50.4649, -20.3316 ], [ -50.4651, -20.3335 ], [ -50.4664, -20.3357 ], [ -50.4674, -20.3391 ], [ -50.4698, -20.3423 ], [ -50.4712, -20.3433 ], [ -50.4716, -20.3461 ], [ -50.4713, -20.352 ], [ -50.4719, -20.3535 ], [ -50.4711, -20.3556 ], [ -50.4719, -20.359 ], [ -50.4719, -20.3618 ], [ -50.4715, -20.3631 ], [ -50.4704, -20.3644 ], [ -50.471, -20.367 ], [ -50.4705, -20.371 ], [ -50.4703, -20.3756 ], [ -50.4707, -20.3795 ], [ -50.4701, -20.3812 ], [ -50.469, -20.3822 ], [ -50.4695, -20.3852 ], [ -50.4695, -20.3874 ], [ -50.4687, -20.3888 ], [ -50.4687, -20.3905 ], [ -50.4682, -20.3901 ], [ -50.4658, -20.3915 ], [ -50.4645, -20.3929 ], [ -50.4618, -20.3938 ], [ -50.4562, -20.3944 ], [ -50.4547, -20.3964 ], [ -50.4538, -20.3964 ], [ -50.4531, -20.3978 ], [ -50.4503, -20.3995 ], [ -50.4489, -20.4012 ], [ -50.4489, -20.403 ], [ -50.4462, -20.4026 ], [ -50.4449, -20.4032 ], [ -50.4432, -20.4029 ], [ -50.4376, -20.4058 ], [ -50.4362, -20.4078 ], [ -50.4353, -20.4082 ], [ -50.4322, -20.4109 ], [ -50.4311, -20.4111 ], [ -50.4302, -20.4123 ], [ -50.4314, -20.4139 ], [ -50.4328, -20.4199 ], [ -50.4355, -20.4221 ], [ -50.4374, -20.4227 ], [ -50.4366, -20.4255 ], [ -50.4375, -20.4272 ], [ -50.4388, -20.428 ], [ -50.4383, -20.4298 ], [ -50.4384, -20.4314 ], [ -50.4394, -20.4316 ], [ -50.44, -20.4342 ], [ -50.4396, -20.4361 ], [ -50.4402, -20.4365 ], [ -50.4406, -20.4386 ], [ -50.4394, -20.4409 ], [ -50.4407, -20.4425 ], [ -50.4402, -20.4439 ], [ -50.4395, -20.4479 ], [ -50.4398, -20.4495 ], [ -50.4411, -20.4509 ], [ -50.4401, -20.4535 ], [ -50.4403, -20.4573 ], [ -50.4423, -20.4596 ], [ -50.4416, -20.4607 ], [ -50.4432, -20.4616 ], [ -50.4446, -20.4635 ], [ -50.4445, -20.4663 ], [ -50.4437, -20.4668 ], [ -50.4437, -20.4683 ], [ -50.4445, -20.4702 ], [ -50.4443, -20.4716 ], [ -50.4449, -20.4727 ], [ -50.4476, -20.4732 ], [ -50.4483, -20.4756 ], [ -50.4459, -20.4766 ], [ -50.4464, -20.4786 ], [ -50.4452, -20.4817 ], [ -50.4458, -20.483 ], [ -50.4486, -20.4824 ], [ -50.4496, -20.4835 ], [ -50.4482, -20.4855 ], [ -50.4485, -20.4862 ], [ -50.451, -20.4859 ], [ -50.4528, -20.4866 ], [ -50.4539, -20.4862 ], [ -50.4577, -20.4873 ], [ -50.4589, -20.4871 ], [ -50.4623, -20.4877 ], [ -50.4626, -20.4887 ], [ -50.4644, -20.4883 ], [ -50.4664, -20.4898 ], [ -50.4669, -20.4891 ], [ -50.4686, -20.4899 ], [ -50.4717, -20.4925 ], [ -50.4716, -20.4937 ], [ -50.4736, -20.4945 ], [ -50.4762, -20.4941 ], [ -50.4787, -20.4956 ], [ -50.4807, -20.4959 ], [ -50.483, -20.4928 ], [ -50.4856, -20.4934 ], [ -50.4878, -20.4958 ], [ -50.4879, -20.4973 ], [ -50.4916, -20.4996 ], [ -50.4931, -20.4995 ], [ -50.4956, -20.4975 ], [ -50.4965, -20.4961 ], [ -50.4981, -20.4965 ], [ -50.4996, -20.4986 ], [ -50.5011, -20.4998 ], [ -50.5051, -20.4968 ], [ -50.5071, -20.5003 ], [ -50.5082, -20.5006 ], [ -50.5103, -20.5024 ], [ -50.5136, -20.5027 ], [ -50.5179, -20.5009 ], [ -50.5189, -20.5009 ], [ -50.5201, -20.5027 ], [ -50.5218, -20.5072 ], [ -50.5229, -20.5072 ], [ -50.528, -20.5089 ], [ -50.5284, -20.5082 ], [ -50.5331, -20.5078 ], [ -50.5335, -20.507 ], [ -50.5364, -20.506 ], [ -50.537, -20.505 ], [ -50.5387, -20.5053 ], [ -50.5398, -20.5044 ], [ -50.5409, -20.5047 ], [ -50.5448, -20.5036 ], [ -50.5458, -20.5051 ], [ -50.5477, -20.5061 ], [ -50.5492, -20.5093 ], [ -50.549, -20.5129 ], [ -50.5483, -20.5155 ], [ -50.5477, -20.5161 ], [ -50.5485, -20.5176 ], [ -50.5478, -20.519 ], [ -50.5494, -20.5203 ], [ -50.5512, -20.5209 ], [ -50.5515, -20.5229 ], [ -50.5545, -20.5235 ], [ -50.553, -20.5265 ], [ -50.5541, -20.5283 ], [ -50.5518, -20.5304 ], [ -50.5504, -20.5309 ], [ -50.5496, -20.5298 ], [ -50.5484, -20.5295 ], [ -50.5446, -20.5312 ], [ -50.544, -20.5323 ], [ -50.5422, -20.5322 ], [ -50.5405, -20.5333 ], [ -50.5379, -20.5331 ], [ -50.5341, -20.5333 ], [ -50.5314, -20.5342 ], [ -50.528, -20.5372 ], [ -50.5251, -20.5379 ], [ -50.5226, -20.5369 ], [ -50.5191, -20.5369 ], [ -50.5174, -20.5381 ], [ -50.5176, -20.5403 ], [ -50.517, -20.5413 ], [ -50.5103, -20.5455 ], [ -50.5093, -20.5474 ], [ -50.5083, -20.5513 ], [ -50.5087, -20.5525 ], [ -50.5105, -20.5547 ], [ -50.5117, -20.5576 ], [ -50.5124, -20.56 ], [ -50.514, -20.5629 ], [ -50.515, -20.5689 ], [ -50.5153, -20.5699 ], [ -50.5149, -20.5725 ], [ -50.5119, -20.5743 ], [ -50.512, -20.5774 ], [ -50.5133, -20.5796 ], [ -50.5122, -20.5815 ], [ -50.5098, -20.5832 ], [ -50.5066, -20.5879 ], [ -50.5075, -20.59 ], [ -50.5087, -20.5911 ], [ -50.5083, -20.5945 ], [ -50.5084, -20.5965 ], [ -50.5101, -20.601 ], [ -50.51, -20.6032 ], [ -50.5087, -20.6061 ], [ -50.5105, -20.6106 ], [ -50.5091, -20.6129 ], [ -50.5093, -20.6152 ], [ -50.5106, -20.6171 ], [ -50.5109, -20.621 ], [ -50.5116, -20.6217 ], [ -50.5115, -20.6233 ], [ -50.5102, -20.6245 ], [ -50.5086, -20.6276 ], [ -50.5052, -20.6328 ], [ -50.5015, -20.6355 ], [ -50.4981, -20.6397 ], [ -50.4959, -20.6416 ], [ -50.4937, -20.644 ], [ -50.4904, -20.6466 ], [ -50.4868, -20.646 ], [ -50.4854, -20.6452 ], [ -50.4831, -20.6449 ], [ -50.482, -20.6467 ], [ -50.4818, -20.651 ], [ -50.4797, -20.6535 ], [ -50.4798, -20.6556 ], [ -50.4804, -20.6573 ], [ -50.4816, -20.6591 ], [ -50.4832, -20.6603 ], [ -50.4802, -20.6671 ], [ -50.4798, -20.6711 ], [ -50.4805, -20.6742 ], [ -50.4796, -20.6757 ], [ -50.4776, -20.6805 ], [ -50.4776, -20.6826 ], [ -50.4766, -20.6856 ], [ -50.4765, -20.6878 ], [ -50.4786, -20.6889 ], [ -50.4785, -20.6901 ], [ -50.4796, -20.6925 ], [ -50.4802, -20.6954 ], [ -50.481, -20.6968 ], [ -50.4833, -20.6969 ], [ -50.4847, -20.6995 ], [ -50.486, -20.7008 ], [ -50.4881, -20.701 ], [ -50.4899, -20.7021 ], [ -50.4902, -20.7032 ], [ -50.4923, -20.7053 ], [ -50.4942, -20.7046 ], [ -50.4942, -20.7068 ], [ -50.4966, -20.7103 ], [ -50.4969, -20.7127 ], [ -50.4981, -20.7146 ], [ -50.4978, -20.7184 ], [ -50.4984, -20.72 ], [ -50.5007, -20.7219 ], [ -50.5021, -20.7244 ], [ -50.502, -20.7265 ], [ -50.5004, -20.7284 ], [ -50.5001, -20.7301 ], [ -50.5011, -20.731 ], [ -50.5013, -20.7325 ], [ -50.4997, -20.736 ], [ -50.5, -20.7375 ], [ -50.5014, -20.7397 ], [ -50.5028, -20.7405 ], [ -50.502, -20.743 ], [ -50.5029, -20.7459 ], [ -50.5029, -20.7472 ], [ -50.505, -20.7496 ], [ -50.5057, -20.7512 ], [ -50.5059, -20.7547 ], [ -50.5049, -20.7568 ], [ -50.5059, -20.7591 ], [ -50.5056, -20.7616 ], [ -50.4617, -20.7769 ], [ -50.4607, -20.7778 ], [ -50.4576, -20.778 ], [ -50.4564, -20.7789 ], [ -50.4553, -20.7812 ], [ -50.4546, -20.7842 ], [ -50.4544, -20.7921 ], [ -50.4531, -20.7976 ], [ -50.4524, -20.799 ], [ -50.4495, -20.801 ], [ -50.4459, -20.8007 ], [ -50.4438, -20.8 ], [ -50.4402, -20.7983 ], [ -50.4332, -20.8002 ], [ -50.4322, -20.7997 ], [ -50.4322, -20.7975 ], [ -50.4284, -20.7969 ], [ -50.4271, -20.7962 ], [ -50.4252, -20.7964 ], [ -50.423, -20.7975 ], [ -50.4216, -20.7986 ], [ -50.4179, -20.8005 ], [ -50.4168, -20.8018 ], [ -50.4157, -20.8038 ], [ -50.4144, -20.8084 ], [ -50.4128, -20.8119 ], [ -50.4117, -20.8131 ], [ -50.4092, -20.8131 ], [ -50.4072, -20.8135 ], [ -50.4046, -20.8126 ], [ -50.4014, -20.8129 ], [ -50.3977, -20.8114 ], [ -50.3927, -20.8092 ], [ -50.3891, -20.8086 ], [ -50.387, -20.8087 ], [ -50.3838, -20.8094 ], [ -50.3806, -20.8117 ], [ -50.3778, -20.8145 ], [ -50.376, -20.8157 ], [ -50.3741, -20.8183 ], [ -50.3728, -20.8227 ], [ -50.3712, -20.8258 ], [ -50.3707, -20.8291 ], [ -50.3717, -20.8321 ], [ -50.3721, -20.8364 ], [ -50.3756, -20.8388 ], [ -50.377, -20.8416 ], [ -50.3763, -20.8458 ], [ -50.3742, -20.8495 ], [ -50.3739, -20.8507 ], [ -50.3752, -20.8522 ], [ -50.3744, -20.8537 ], [ -50.373, -20.854 ], [ -50.3713, -20.8534 ], [ -50.3698, -20.8535 ], [ -50.3686, -20.8523 ], [ -50.3671, -20.8519 ], [ -50.3646, -20.8522 ], [ -50.3631, -20.8519 ], [ -50.3611, -20.849 ], [ -50.3587, -20.848 ], [ -50.3555, -20.8486 ], [ -50.353, -20.8478 ], [ -50.3509, -20.8461 ], [ -50.3497, -20.8468 ], [ -50.3496, -20.8487 ], [ -50.3479, -20.8516 ], [ -50.3457, -20.8532 ], [ -50.3451, -20.8546 ], [ -50.344, -20.8552 ], [ -50.3427, -20.8545 ], [ -50.3417, -20.8503 ], [ -50.3408, -20.8494 ], [ -50.3414, -20.8479 ], [ -50.3397, -20.8457 ], [ -50.3363, -20.8461 ], [ -50.3376, -20.8487 ], [ -50.3372, -20.8501 ], [ -50.3355, -20.851 ], [ -50.3326, -20.8531 ], [ -50.3312, -20.8548 ], [ -50.3308, -20.8587 ], [ -50.3282, -20.8615 ], [ -50.3271, -20.8635 ], [ -50.3261, -20.8667 ], [ -50.3252, -20.8683 ], [ -50.3243, -20.8718 ], [ -50.3232, -20.8728 ], [ -50.321, -20.8731 ], [ -50.3195, -20.8729 ], [ -50.3151, -20.8732 ], [ -50.3113, -20.8743 ], [ -50.3083, -20.8729 ], [ -50.3053, -20.87 ], [ -50.3039, -20.8692 ], [ -50.302, -20.8695 ], [ -50.297, -20.8743 ], [ -50.2921, -20.8745 ], [ -50.2872, -20.8765 ], [ -50.2838, -20.8756 ], [ -50.2785, -20.8724 ], [ -50.2757, -20.8728 ], [ -50.2758, -20.8756 ], [ -50.2765, -20.8775 ], [ -50.2767, -20.8836 ], [ -50.275, -20.8854 ], [ -50.2722, -20.8874 ], [ -50.2698, -20.8902 ], [ -50.2678, -20.8953 ], [ -50.2651, -20.8977 ], [ -50.2652, -20.901 ], [ -50.2628, -20.9058 ], [ -50.2608, -20.9052 ], [ -50.2583, -20.9058 ], [ -50.2563, -20.9027 ], [ -50.2527, -20.9024 ], [ -50.251, -20.8992 ], [ -50.2493, -20.8982 ], [ -50.2472, -20.8988 ], [ -50.2444, -20.8971 ], [ -50.2453, -20.896 ], [ -50.2451, -20.8938 ], [ -50.24, -20.8935 ], [ -50.2387, -20.8946 ], [ -50.2363, -20.8941 ], [ -50.2331, -20.8922 ], [ -50.2332, -20.8914 ], [ -50.2314, -20.8911 ], [ -50.2266, -20.8886 ], [ -50.2234, -20.8888 ], [ -50.2223, -20.8894 ], [ -50.2219, -20.8926 ], [ -50.2213, -20.8943 ], [ -50.221, -20.8976 ], [ -50.2198, -20.8984 ], [ -50.2185, -20.8982 ], [ -50.2148, -20.8987 ], [ -50.213, -20.8999 ], [ -50.2122, -20.8983 ], [ -50.2058, -20.8976 ], [ -50.2041, -20.8977 ], [ -50.2022, -20.8966 ], [ -50.2008, -20.8967 ], [ -50.1999, -20.8958 ], [ -50.197, -20.8979 ], [ -50.1952, -20.897 ], [ -50.1958, -20.8991 ], [ -50.1943, -20.8989 ], [ -50.1921, -20.8974 ], [ -50.1902, -20.8992 ], [ -50.1885, -20.8981 ], [ -50.1876, -20.8993 ], [ -50.188, -20.9012 ], [ -50.1858, -20.9017 ], [ -50.1847, -20.8991 ], [ -50.1833, -20.9007 ], [ -50.181, -20.9006 ], [ -50.1817, -20.8991 ], [ -50.1802, -20.8978 ], [ -50.1781, -20.8978 ], [ -50.1768, -20.8963 ], [ -50.1752, -20.8956 ], [ -50.1737, -20.8933 ], [ -50.1718, -20.892 ], [ -50.1694, -20.8921 ], [ -50.1678, -20.8929 ], [ -50.1676, -20.8912 ], [ -50.1689, -20.8894 ], [ -50.1679, -20.8888 ], [ -50.1659, -20.8903 ], [ -50.1651, -20.8891 ], [ -50.163, -20.8875 ], [ -50.164, -20.8862 ], [ -50.1658, -20.8817 ], [ -50.1648, -20.8797 ], [ -50.1641, -20.8771 ], [ -50.1639, -20.8749 ], [ -50.1614, -20.8739 ], [ -50.1599, -20.8754 ], [ -50.1583, -20.8757 ], [ -50.1557, -20.8752 ], [ -50.153, -20.8743 ], [ -50.1517, -20.8732 ], [ -50.1486, -20.8737 ], [ -50.1457, -20.8757 ], [ -50.1445, -20.8771 ], [ -50.1425, -20.8784 ], [ -50.139, -20.8787 ], [ -50.1351, -20.8805 ], [ -50.1328, -20.8823 ], [ -50.1279, -20.8802 ], [ -50.1222, -20.8801 ], [ -50.1199, -20.8807 ], [ -50.1175, -20.8826 ], [ -50.1157, -20.8816 ], [ -50.1147, -20.8771 ], [ -50.1138, -20.8762 ], [ -50.1121, -20.8763 ], [ -50.1114, -20.8773 ], [ -50.1119, -20.88 ], [ -50.1054, -20.8863 ], [ -50.1036, -20.8871 ], [ -50.1009, -20.8871 ], [ -50.0963, -20.886 ], [ -50.0945, -20.886 ], [ -50.0924, -20.8871 ], [ -50.0916, -20.8887 ], [ -50.089, -20.8921 ], [ -50.0868, -20.8946 ], [ -50.0851, -20.8962 ], [ -50.082, -20.9004 ], [ -50.0795, -20.9026 ], [ -50.0787, -20.9042 ], [ -50.0736, -20.9089 ], [ -50.0712, -20.9104 ], [ -50.0727, -20.9132 ], [ -50.0721, -20.9143 ], [ -50.0701, -20.9154 ], [ -50.0688, -20.9179 ], [ -50.0656, -20.9204 ], [ -50.0649, -20.9215 ], [ -50.064, -20.9277 ], [ -50.0629, -20.9303 ], [ -50.0618, -20.9309 ], [ -50.0613, -20.9334 ], [ -50.0624, -20.9346 ], [ -50.0629, -20.9361 ], [ -50.0623, -20.9368 ], [ -50.0621, -20.9393 ], [ -50.0603, -20.94 ], [ -50.0589, -20.9388 ], [ -50.0568, -20.9399 ], [ -50.0556, -20.9381 ], [ -50.0558, -20.9362 ], [ -50.0538, -20.9346 ], [ -50.0525, -20.9321 ], [ -50.0507, -20.9315 ], [ -50.0512, -20.9339 ], [ -50.0494, -20.937 ], [ -50.0479, -20.9389 ], [ -50.0459, -20.9408 ], [ -50.0426, -20.9412 ], [ -50.0394, -20.9422 ], [ -50.0367, -20.9438 ], [ -50.0359, -20.9432 ], [ -50.0361, -20.9408 ], [ -50.0358, -20.9398 ], [ -50.0338, -20.9379 ], [ -50.0324, -20.9333 ], [ -50.0309, -20.9347 ], [ -50.024, -20.9404 ], [ -50.0224, -20.9436 ], [ -50.0237, -20.9474 ], [ -50.0249, -20.9533 ], [ -50.0265, -20.9573 ], [ -50.0264, -20.9588 ], [ -50.0273, -20.9599 ], [ -50.027, -20.962 ], [ -50.0281, -20.9649 ], [ -50.0293, -20.966 ], [ -50.03, -20.9699 ], [ -50.0317, -20.9709 ], [ -50.0327, -20.9733 ], [ -50.0325, -20.9748 ], [ -50.0329, -20.9762 ], [ -50.0329, -20.9784 ], [ -50.0316, -20.9777 ], [ -50.03, -20.9776 ], [ -50.0274, -20.9763 ], [ -50.0251, -20.977 ], [ -50.0223, -20.9771 ], [ -50.0211, -20.9775 ], [ -50.0183, -20.9773 ], [ -50.0165, -20.9753 ], [ -50.0184, -20.9734 ], [ -50.0181, -20.9713 ], [ -50.0196, -20.9692 ], [ -50.016, -20.9648 ], [ -50.0138, -20.965 ], [ -50.0123, -20.9666 ], [ -50.0104, -20.9658 ], [ -50.009, -20.9643 ], [ -50.0074, -20.966 ], [ -50.0059, -20.9666 ], [ -50.0051, -20.9659 ], [ -50.0039, -20.9635 ], [ -50.0048, -20.9622 ], [ -50.007, -20.9602 ], [ -50.0065, -20.9593 ], [ -50.0038, -20.9582 ], [ -50.003, -20.9572 ], [ -50.0028, -20.9548 ], [ -50.0023, -20.9537 ], [ -50.0003, -20.9538 ], [ -49.9991, -20.9527 ], [ -49.9965, -20.9514 ], [ -49.9955, -20.9498 ], [ -49.9937, -20.9498 ], [ -49.993, -20.948 ], [ -49.9892, -20.9429 ], [ -49.9889, -20.9404 ], [ -49.987, -20.9373 ], [ -49.9832, -20.9332 ], [ -49.9822, -20.9296 ], [ -49.9803, -20.9258 ], [ -49.9789, -20.9218 ], [ -49.9778, -20.9195 ], [ -49.9751, -20.9151 ], [ -49.9756, -20.9124 ], [ -49.9755, -20.9108 ], [ -49.9726, -20.9089 ], [ -49.971, -20.9082 ], [ -49.9699, -20.909 ], [ -49.9674, -20.9094 ], [ -49.9662, -20.91 ], [ -49.9632, -20.9095 ], [ -49.9616, -20.9096 ], [ -49.958, -20.9064 ], [ -49.957, -20.9069 ], [ -49.9548, -20.9107 ], [ -49.9527, -20.9127 ], [ -49.9513, -20.9166 ], [ -49.9505, -20.9178 ], [ -49.9488, -20.9241 ], [ -49.9491, -20.9259 ], [ -49.9485, -20.9273 ], [ -49.9465, -20.9293 ], [ -49.9453, -20.9312 ], [ -49.9446, -20.9335 ], [ -49.9435, -20.9354 ], [ -49.9402, -20.935 ], [ -49.9374, -20.934 ], [ -49.933, -20.9336 ], [ -49.9311, -20.9329 ], [ -49.9272, -20.9296 ], [ -49.9255, -20.927 ], [ -49.9247, -20.9228 ], [ -49.9231, -20.9204 ], [ -49.9183, -20.9187 ], [ -49.916, -20.9184 ], [ -49.8824, -20.9171 ], [ -49.8799, -20.9172 ], [ -49.8756, -20.9179 ], [ -49.872, -20.9178 ], [ -49.8711, -20.922 ], [ -49.8649, -20.9272 ], [ -49.8636, -20.9277 ], [ -49.8604, -20.9301 ], [ -49.8574, -20.9315 ], [ -49.8563, -20.9329 ], [ -49.8537, -20.9326 ], [ -49.8522, -20.9318 ], [ -49.8508, -20.9319 ], [ -49.8478, -20.9367 ], [ -49.8467, -20.9395 ], [ -49.8458, -20.9404 ], [ -49.8462, -20.9445 ], [ -49.8454, -20.9454 ], [ -49.8415, -20.945 ], [ -49.8378, -20.9454 ], [ -49.8357, -20.9461 ], [ -49.8312, -20.9491 ], [ -49.8293, -20.95 ], [ -49.8294, -20.9521 ], [ -49.8273, -20.9537 ], [ -49.8298, -20.9565 ], [ -49.8296, -20.9576 ], [ -49.8281, -20.9591 ], [ -49.8287, -20.96 ], [ -49.8314, -20.9615 ], [ -49.8327, -20.964 ], [ -49.8348, -20.9651 ], [ -49.8348, -20.9662 ], [ -49.8363, -20.9673 ], [ -49.8384, -20.9706 ], [ -49.8398, -20.9708 ], [ -49.8413, -20.9721 ], [ -49.842, -20.9739 ], [ -49.8413, -20.975 ], [ -49.8412, -20.9767 ], [ -49.8421, -20.9777 ], [ -49.8432, -20.9772 ], [ -49.8455, -20.9795 ], [ -49.8459, -20.9809 ], [ -49.848, -20.9834 ], [ -49.8467, -20.9861 ], [ -49.848, -20.9879 ], [ -49.8472, -20.9891 ], [ -49.8485, -20.9896 ], [ -49.849, -20.9909 ], [ -49.8487, -20.9948 ], [ -49.8511, -20.9976 ], [ -49.8515, -20.9988 ], [ -49.8538, -21.0025 ], [ -49.8551, -21.0022 ], [ -49.8569, -21.0042 ], [ -49.8593, -21.0054 ], [ -49.8586, -21.0092 ], [ -49.8565, -21.0122 ], [ -49.857, -21.013 ], [ -49.8555, -21.0162 ], [ -49.8549, -21.0182 ], [ -49.8559, -21.0198 ], [ -49.8571, -21.0206 ], [ -49.8595, -21.0233 ], [ -49.862, -21.0242 ], [ -49.862, -21.0254 ], [ -49.8627, -21.0274 ], [ -49.8624, -21.0297 ], [ -49.8634, -21.0302 ], [ -49.8647, -21.0321 ], [ -49.8659, -21.0328 ], [ -49.869, -21.0327 ], [ -49.8697, -21.0335 ], [ -49.8693, -21.0366 ], [ -49.8703, -21.0387 ], [ -49.871, -21.0389 ], [ -49.8727, -21.0413 ], [ -49.8746, -21.0416 ], [ -49.8769, -21.0435 ], [ -49.8769, -21.0449 ], [ -49.8782, -21.0461 ], [ -49.8791, -21.0483 ], [ -49.8809, -21.049 ], [ -49.8829, -21.0506 ], [ -49.8832, -21.0529 ], [ -49.885, -21.0546 ], [ -49.8863, -21.0548 ], [ -49.8862, -21.0561 ], [ -49.8892, -21.0585 ], [ -49.8885, -21.0609 ], [ -49.8892, -21.0628 ], [ -49.8908, -21.063 ], [ -49.8936, -21.0642 ], [ -49.8962, -21.0661 ], [ -49.8973, -21.0658 ], [ -49.8994, -21.0682 ], [ -49.8996, -21.0717 ], [ -49.9, -21.0726 ], [ -49.9, -21.0751 ], [ -49.9016, -21.0751 ], [ -49.9022, -21.0738 ], [ -49.9066, -21.0724 ], [ -49.9078, -21.0705 ], [ -49.9096, -21.0705 ], [ -49.9115, -21.0692 ], [ -49.9143, -21.0713 ], [ -49.9157, -21.0713 ], [ -49.9169, -21.0725 ], [ -49.9217, -21.0745 ], [ -49.9212, -21.077 ], [ -49.9237, -21.0758 ], [ -49.925, -21.0757 ], [ -49.9262, -21.0767 ], [ -49.9264, -21.0782 ], [ -49.9277, -21.0794 ], [ -49.9292, -21.0822 ], [ -49.933, -21.0828 ], [ -49.934, -21.0836 ], [ -49.9338, -21.0857 ], [ -49.9353, -21.0869 ], [ -49.9355, -21.0891 ], [ -49.9366, -21.0909 ], [ -49.9375, -21.0913 ], [ -49.9384, -21.0933 ], [ -49.9406, -21.0942 ], [ -49.9409, -21.0962 ], [ -49.9433, -21.098 ], [ -49.9453, -21.099 ], [ -49.9461, -21.1005 ], [ -49.9456, -21.1012 ], [ -49.9464, -21.1035 ], [ -49.9464, -21.1058 ], [ -49.9477, -21.1071 ], [ -49.9469, -21.1078 ], [ -49.9475, -21.1093 ], [ -49.9471, -21.1114 ], [ -49.946, -21.1125 ], [ -49.9467, -21.1153 ], [ -49.9457, -21.118 ], [ -49.9466, -21.1194 ], [ -49.9469, -21.1226 ], [ -49.9505, -21.1244 ], [ -49.9501, -21.1258 ], [ -49.9526, -21.1261 ], [ -49.9539, -21.1255 ], [ -49.955, -21.1271 ], [ -49.9551, -21.1289 ], [ -49.9563, -21.1289 ], [ -49.9561, -21.1313 ], [ -49.9583, -21.1316 ], [ -49.9601, -21.1331 ], [ -49.9616, -21.1334 ], [ -49.9619, -21.1347 ], [ -49.9608, -21.1355 ], [ -49.9596, -21.1344 ], [ -49.9594, -21.1365 ], [ -49.9598, -21.1379 ], [ -49.9612, -21.1399 ], [ -49.9602, -21.1402 ], [ -49.9599, -21.1418 ], [ -49.9618, -21.1433 ], [ -49.963, -21.1462 ], [ -49.9632, -21.1491 ], [ -49.9646, -21.151 ], [ -49.9647, -21.1521 ], [ -49.9627, -21.154 ], [ -49.9646, -21.1556 ], [ -49.9654, -21.158 ], [ -49.9647, -21.1598 ], [ -49.9632, -21.1611 ], [ -49.9646, -21.162 ], [ -49.9648, -21.1636 ], [ -49.9661, -21.1648 ], [ -49.9679, -21.1681 ], [ -49.9691, -21.1689 ], [ -49.9719, -21.1685 ], [ -49.9738, -21.1695 ], [ -49.9735, -21.1731 ], [ -49.9743, -21.1741 ], [ -49.9745, -21.1758 ], [ -49.9781, -21.179 ], [ -49.9782, -21.1803 ], [ -49.977, -21.184 ], [ -49.9787, -21.1855 ], [ -49.9791, -21.1865 ], [ -49.9785, -21.189 ], [ -49.9786, -21.1907 ], [ -49.978, -21.1929 ], [ -49.9782, -21.1946 ], [ -49.9799, -21.1962 ], [ -49.9791, -21.199 ], [ -49.9797, -21.2011 ], [ -49.9795, -21.2036 ], [ -49.9796, -21.2059 ], [ -49.9803, -21.21 ], [ -49.9821, -21.2148 ], [ -49.9819, -21.2218 ], [ -49.9833, -21.2234 ], [ -49.9899, -21.2251 ], [ -49.9916, -21.2267 ], [ -49.9892, -21.2266 ], [ -49.987, -21.227 ], [ -49.9818, -21.229 ], [ -49.978, -21.2297 ], [ -49.9731, -21.2293 ], [ -49.9704, -21.2282 ], [ -49.966, -21.2276 ], [ -49.9621, -21.2277 ], [ -49.9592, -21.2284 ], [ -49.9564, -21.2285 ], [ -49.9527, -21.2292 ], [ -49.9486, -21.2305 ], [ -49.9446, -21.2321 ], [ -49.9416, -21.2325 ], [ -49.9395, -21.232 ], [ -49.9367, -21.2327 ], [ -49.934, -21.2319 ], [ -49.9326, -21.2308 ], [ -49.9306, -21.2281 ], [ -49.9266, -21.2262 ], [ -49.9234, -21.2257 ], [ -49.9211, -21.2259 ], [ -49.9191, -21.2273 ], [ -49.9174, -21.2303 ], [ -49.9165, -21.2327 ], [ -49.9157, -21.2362 ], [ -49.9146, -21.2382 ], [ -49.9127, -21.2396 ], [ -49.9103, -21.2406 ], [ -49.9062, -21.2414 ], [ -49.9033, -21.2423 ], [ -49.8931, -21.246 ], [ -49.8869, -21.2473 ], [ -49.8847, -21.2482 ], [ -49.8825, -21.2495 ], [ -49.8781, -21.2542 ], [ -49.874, -21.2576 ], [ -49.8706, -21.2599 ], [ -49.8668, -21.2614 ], [ -49.8637, -21.2618 ], [ -49.8623, -21.2617 ], [ -49.8587, -21.2604 ], [ -49.8565, -21.2603 ], [ -49.855, -21.2611 ], [ -49.8536, -21.263 ], [ -49.8518, -21.2668 ], [ -49.849, -21.2707 ], [ -49.8477, -21.2718 ], [ -49.8456, -21.2728 ], [ -49.8431, -21.2733 ], [ -49.8346, -21.2743 ], [ -49.8316, -21.275 ], [ -49.8251, -21.2764 ], [ -49.8198, -21.2781 ], [ -49.8143, -21.2806 ], [ -49.8096, -21.2843 ], [ -49.8045, -21.2912 ], [ -49.8006, -21.2935 ], [ -49.7981, -21.2942 ], [ -49.793, -21.2946 ], [ -49.7906, -21.2955 ], [ -49.7866, -21.2973 ], [ -49.7834, -21.2977 ], [ -49.7781, -21.3008 ], [ -49.7738, -21.3048 ], [ -49.7718, -21.3062 ], [ -49.7687, -21.3063 ], [ -49.7664, -21.3052 ], [ -49.7623, -21.3019 ], [ -49.7592, -21.3003 ], [ -49.7551, -21.2977 ], [ -49.7522, -21.2965 ], [ -49.7503, -21.2963 ], [ -49.7461, -21.2968 ], [ -49.7446, -21.2978 ], [ -49.7431, -21.3006 ], [ -49.7434, -21.3036 ], [ -49.7455, -21.3085 ], [ -49.7465, -21.3122 ], [ -49.7458, -21.3151 ], [ -49.745, -21.3169 ], [ -49.7409, -21.3237 ], [ -49.7355, -21.3331 ], [ -49.7315, -21.3396 ], [ -49.7278, -21.3449 ], [ -49.7261, -21.3462 ], [ -49.7236, -21.345 ], [ -49.7201, -21.3399 ], [ -49.718, -21.3379 ], [ -49.7158, -21.3366 ], [ -49.7118, -21.335 ], [ -49.7079, -21.3345 ], [ -49.7042, -21.3352 ], [ -49.7017, -21.3361 ], [ -49.6989, -21.3377 ], [ -49.697, -21.3402 ], [ -49.6965, -21.3421 ], [ -49.6967, -21.3443 ], [ -49.6984, -21.349 ], [ -49.6998, -21.3539 ], [ -49.7001, -21.3568 ], [ -49.6996, -21.3597 ], [ -49.6988, -21.361 ], [ -49.697, -21.3627 ], [ -49.6959, -21.3634 ], [ -49.6927, -21.3644 ], [ -49.6882, -21.3645 ], [ -49.6856, -21.3635 ], [ -49.684, -21.362 ], [ -49.6807, -21.3557 ], [ -49.6786, -21.353 ], [ -49.6743, -21.3501 ], [ -49.6715, -21.3492 ], [ -49.6675, -21.3495 ], [ -49.6609, -21.3519 ], [ -49.6573, -21.3521 ], [ -49.6509, -21.352 ], [ -49.6415, -21.3521 ], [ -49.6392, -21.3523 ], [ -49.6284, -21.3544 ], [ -49.6232, -21.3578 ], [ -49.6185, -21.362 ], [ -49.6115, -21.3665 ], [ -49.6077, -21.3696 ], [ -49.6042, -21.3732 ], [ -49.6021, -21.3744 ], [ -49.5978, -21.3749 ], [ -49.5923, -21.3743 ], [ -49.5893, -21.3754 ], [ -49.5872, -21.3764 ], [ -49.5834, -21.3795 ], [ -49.5806, -21.3832 ], [ -49.5776, -21.3883 ], [ -49.5702, -21.402 ], [ -49.5674, -21.406 ], [ -49.5644, -21.4097 ], [ -49.5595, -21.415 ], [ -49.5572, -21.4165 ], [ -49.5524, -21.4167 ], [ -49.5509, -21.4171 ], [ -49.5486, -21.4188 ], [ -49.5471, -21.4227 ], [ -49.5467, -21.4263 ], [ -49.5454, -21.4298 ], [ -49.5434, -21.4326 ], [ -49.5418, -21.4343 ], [ -49.5367, -21.4385 ], [ -49.5333, -21.4409 ], [ -49.53, -21.4435 ], [ -49.5259, -21.4473 ], [ -49.5227, -21.4519 ], [ -49.5195, -21.4579 ], [ -49.5164, -21.4631 ], [ -49.5131, -21.4678 ], [ -49.51, -21.4743 ], [ -49.5073, -21.4795 ], [ -49.5041, -21.484 ], [ -49.4997, -21.4894 ], [ -49.4955, -21.4942 ], [ -49.4903, -21.499 ], [ -49.4845, -21.5035 ], [ -49.4783, -21.5067 ], [ -49.4756, -21.5078 ], [ -49.4712, -21.5102 ], [ -49.4674, -21.5129 ], [ -49.4623, -21.5158 ], [ -49.4556, -21.5181 ], [ -49.4512, -21.52 ], [ -49.4474, -21.5223 ], [ -49.4455, -21.5241 ], [ -49.4415, -21.5282 ], [ -49.4383, -21.531 ], [ -49.4324, -21.5353 ], [ -49.4269, -21.539 ], [ -49.4226, -21.5416 ], [ -49.418, -21.5433 ], [ -49.4146, -21.5441 ], [ -49.4117, -21.5444 ], [ -49.4073, -21.5443 ], [ -49.4032, -21.5432 ], [ -49.3951, -21.5397 ], [ -49.3876, -21.5376 ], [ -49.3816, -21.5351 ], [ -49.379, -21.5348 ], [ -49.373, -21.5353 ], [ -49.3704, -21.5358 ], [ -49.3648, -21.5376 ], [ -49.3606, -21.5387 ], [ -49.3549, -21.5408 ], [ -49.3487, -21.5426 ], [ -49.3416, -21.5455 ], [ -49.3383, -21.5475 ], [ -49.335, -21.5501 ], [ -49.3327, -21.5527 ], [ -49.3285, -21.559 ], [ -49.3272, -21.562 ], [ -49.3265, -21.5654 ], [ -49.3247, -21.57 ], [ -49.3221, -21.5846 ], [ -49.3222, -21.5892 ], [ -49.3209, -21.5964 ], [ -49.3201, -21.5987 ], [ -49.3174, -21.6038 ], [ -49.3156, -21.6083 ], [ -49.3134, -21.6128 ], [ -49.3126, -21.6153 ], [ -49.3115, -21.6172 ], [ -49.3129, -21.6188 ], [ -49.3107, -21.6217 ], [ -49.3106, -21.6235 ], [ -49.3091, -21.6257 ], [ -49.3089, -21.6268 ], [ -49.3102, -21.628 ], [ -49.3124, -21.6288 ], [ -49.313, -21.6305 ], [ -49.316, -21.6327 ], [ -49.3177, -21.6331 ], [ -49.3188, -21.635 ], [ -49.3199, -21.6358 ], [ -49.3213, -21.6383 ], [ -49.3221, -21.6389 ], [ -49.3262, -21.644 ], [ -49.3289, -21.6485 ], [ -49.3316, -21.6515 ], [ -49.3335, -21.6528 ], [ -49.3366, -21.6543 ], [ -49.3414, -21.657 ], [ -49.3447, -21.6578 ], [ -49.3479, -21.6574 ], [ -49.3515, -21.6587 ], [ -49.3535, -21.6591 ], [ -49.3595, -21.6591 ], [ -49.3632, -21.66 ], [ -49.3657, -21.6614 ], [ -49.3674, -21.6628 ], [ -49.3704, -21.6659 ], [ -49.3733, -21.6676 ], [ -49.3807, -21.6681 ], [ -49.3825, -21.6693 ], [ -49.3828, -21.677 ], [ -49.3835, -21.6781 ], [ -49.3884, -21.6777 ], [ -49.3891, -21.6789 ], [ -49.3894, -21.6821 ], [ -49.3888, -21.6831 ], [ -49.3858, -21.6852 ], [ -49.3858, -21.6864 ], [ -49.3865, -21.6883 ], [ -49.3882, -21.691 ], [ -49.3899, -21.6928 ], [ -49.3927, -21.6946 ], [ -49.3953, -21.6953 ], [ -49.397, -21.6933 ], [ -49.3992, -21.6927 ], [ -49.4012, -21.6937 ], [ -49.4046, -21.6947 ], [ -49.4063, -21.6967 ], [ -49.4071, -21.6987 ], [ -49.4071, -21.7014 ], [ -49.4077, -21.7022 ], [ -49.4078, -21.7044 ], [ -49.4084, -21.7069 ], [ -49.4064, -21.7087 ], [ -49.4065, -21.7109 ], [ -49.4077, -21.7127 ], [ -49.4076, -21.7151 ], [ -49.4085, -21.716 ], [ -49.4118, -21.7168 ], [ -49.4115, -21.7187 ], [ -49.4126, -21.7206 ], [ -49.4109, -21.7252 ], [ -49.4118, -21.7267 ], [ -49.4149, -21.7279 ], [ -49.4168, -21.7301 ], [ -49.4188, -21.731 ], [ -49.4207, -21.7355 ], [ -49.419, -21.7385 ], [ -49.4193, -21.7409 ], [ -49.4188, -21.7434 ], [ -49.4153, -21.7476 ], [ -49.4147, -21.7488 ], [ -49.4133, -21.7495 ], [ -49.4127, -21.7507 ], [ -49.4143, -21.7568 ], [ -49.4153, -21.758 ], [ -49.4178, -21.76 ], [ -49.421, -21.7615 ], [ -49.4236, -21.7636 ], [ -49.4269, -21.7686 ], [ -49.4285, -21.7697 ], [ -49.4315, -21.7701 ], [ -49.4334, -21.77 ], [ -49.4345, -21.7705 ], [ -49.4338, -21.772 ], [ -49.4318, -21.7742 ], [ -49.4313, -21.7794 ], [ -49.4271, -21.7834 ], [ -49.4212, -21.7872 ], [ -49.4191, -21.7895 ], [ -49.4167, -21.7952 ], [ -49.4153, -21.7973 ], [ -49.4153, -21.7983 ], [ -49.4167, -21.8021 ], [ -49.4166, -21.8052 ], [ -49.4154, -21.8082 ], [ -49.4143, -21.8096 ], [ -49.4114, -21.8118 ], [ -49.4108, -21.8128 ], [ -49.4128, -21.8177 ], [ -49.413, -21.8192 ], [ -49.412, -21.8208 ], [ -49.4095, -21.8226 ], [ -49.405, -21.8245 ], [ -49.4029, -21.8261 ], [ -49.4033, -21.8273 ], [ -49.4033, -21.8309 ], [ -49.4023, -21.8354 ], [ -49.4026, -21.8367 ], [ -49.4048, -21.84 ], [ -49.4045, -21.843 ], [ -49.4049, -21.8442 ], [ -49.4072, -21.8464 ], [ -49.4092, -21.8495 ], [ -49.4146, -21.8534 ], [ -49.4177, -21.8579 ], [ -49.4186, -21.859 ], [ -49.4218, -21.8642 ], [ -49.423, -21.8654 ], [ -49.4262, -21.8673 ], [ -49.4281, -21.8693 ], [ -49.4327, -21.8713 ], [ -49.4382, -21.8733 ], [ -49.4391, -21.8743 ], [ -49.4433, -21.8772 ], [ -49.444, -21.8782 ], [ -49.4455, -21.8786 ], [ -49.4475, -21.8801 ], [ -49.4488, -21.8798 ], [ -49.4504, -21.8804 ], [ -49.4511, -21.8814 ], [ -49.4509, -21.8843 ], [ -49.4521, -21.8876 ], [ -49.4547, -21.8894 ], [ -49.4601, -21.8887 ], [ -49.4629, -21.8892 ], [ -49.4688, -21.8919 ], [ -49.47, -21.8928 ], [ -49.4721, -21.895 ], [ -49.4734, -21.8976 ], [ -49.4746, -21.8989 ], [ -49.4797, -21.9005 ], [ -49.4809, -21.9011 ], [ -49.4835, -21.9036 ], [ -49.4843, -21.9053 ], [ -49.4847, -21.9096 ], [ -49.4864, -21.9122 ], [ -49.493, -21.9161 ], [ -49.4958, -21.9166 ], [ -49.5004, -21.9163 ], [ -49.504, -21.918 ], [ -49.5059, -21.9203 ], [ -49.5086, -21.9256 ], [ -49.5097, -21.9304 ], [ -49.5105, -21.9317 ], [ -49.5123, -21.9325 ], [ -49.5184, -21.9339 ], [ -49.5212, -21.9335 ], [ -49.5225, -21.9338 ], [ -49.5233, -21.935 ], [ -49.5236, -21.9369 ], [ -49.5235, -21.9395 ], [ -49.5208, -21.9415 ], [ -49.5221, -21.9426 ], [ -49.5268, -21.9425 ], [ -49.5284, -21.9428 ], [ -49.529, -21.9442 ], [ -49.5288, -21.9458 ], [ -49.5265, -21.9508 ], [ -49.5266, -21.9521 ], [ -49.5278, -21.9533 ], [ -49.5305, -21.9543 ], [ -49.5337, -21.9575 ], [ -49.5345, -21.9589 ], [ -49.5353, -21.9622 ], [ -49.5362, -21.9636 ], [ -49.539, -21.9698 ], [ -49.5399, -21.9736 ], [ -49.539, -21.9763 ], [ -49.5363, -21.9802 ], [ -49.5361, -21.9817 ], [ -49.5385, -21.9864 ], [ -49.5408, -21.9901 ], [ -49.5431, -21.996 ], [ -49.542, -21.9991 ], [ -49.541, -22.0029 ], [ -49.5414, -22.0046 ], [ -49.5427, -22.0058 ], [ -49.5488, -22.0096 ], [ -49.55, -22.01 ], [ -49.5529, -22.0078 ], [ -49.5556, -22.0042 ], [ -49.5588, -22.0017 ], [ -49.5633, -22.0004 ], [ -49.5657, -21.9981 ], [ -49.5716, -21.9949 ], [ -49.5728, -21.9938 ], [ -49.5718, -21.9906 ], [ -49.5712, -21.9873 ], [ -49.5717, -21.9855 ], [ -49.5748, -21.982 ], [ -49.5735, -21.9808 ], [ -49.571, -21.9791 ], [ -49.5705, -21.9765 ], [ -49.5723, -21.974 ], [ -49.5732, -21.975 ], [ -49.5738, -21.9767 ], [ -49.575, -21.9777 ], [ -49.583, -21.9812 ], [ -49.585, -21.9847 ], [ -49.5896, -21.9856 ], [ -49.5936, -21.9847 ], [ -49.5954, -21.9853 ], [ -49.5988, -21.9852 ], [ -49.6017, -21.9863 ], [ -49.6039, -21.9859 ], [ -49.6047, -21.9868 ], [ -49.6065, -21.9872 ], [ -49.6094, -21.9891 ], [ -49.6104, -21.9888 ], [ -49.6152, -21.992 ], [ -49.6156, -21.9931 ], [ -49.6152, -21.9949 ], [ -49.6136, -21.9966 ], [ -49.6135, -21.9989 ], [ -49.6123, -21.9998 ], [ -49.6124, -22.0046 ], [ -49.6135, -22.0078 ], [ -49.6152, -22.0074 ], [ -49.6175, -22.0052 ], [ -49.6203, -22.0019 ], [ -49.6226, -22.0027 ], [ -49.6243, -22.0058 ], [ -49.6256, -22.0073 ], [ -49.6293, -22.0097 ], [ -49.6314, -22.0106 ], [ -49.6371, -22.0118 ], [ -49.6428, -22.0136 ], [ -49.6446, -22.0132 ], [ -49.6469, -22.0116 ], [ -49.6511, -22.0093 ], [ -49.6555, -22.0096 ], [ -49.6574, -22.0111 ], [ -49.6598, -22.0149 ], [ -49.6594, -22.0176 ], [ -49.6637, -22.0194 ], [ -49.667, -22.0195 ], [ -49.6694, -22.0201 ], [ -49.6746, -22.0229 ], [ -49.6767, -22.0244 ], [ -49.6772, -22.0272 ], [ -49.678, -22.029 ], [ -49.6796, -22.0314 ], [ -49.6808, -22.0325 ], [ -49.6851, -22.0311 ], [ -49.6882, -22.0313 ], [ -49.6909, -22.0311 ], [ -49.6917, -22.0322 ], [ -49.6931, -22.0362 ], [ -49.6929, -22.0404 ], [ -49.6945, -22.0432 ], [ -49.6955, -22.0445 ], [ -49.6966, -22.0466 ], [ -49.7005, -22.047 ], [ -49.7024, -22.0477 ], [ -49.7047, -22.0469 ], [ -49.7058, -22.0458 ], [ -49.7062, -22.0441 ], [ -49.7059, -22.0415 ], [ -49.7071, -22.0399 ], [ -49.7097, -22.0394 ], [ -49.712, -22.0372 ], [ -49.7247, -22.0345 ], [ -49.7275, -22.0309 ], [ -49.7308, -22.0295 ], [ -49.7341, -22.0288 ], [ -49.7378, -22.0288 ], [ -49.7407, -22.0262 ], [ -49.7412, -22.0263 ], [ -49.7444, -22.0289 ], [ -49.7456, -22.0316 ], [ -49.7445, -22.0338 ], [ -49.7453, -22.0343 ], [ -49.7465, -22.0388 ], [ -49.7478, -22.0395 ], [ -49.7484, -22.0434 ], [ -49.7496, -22.0455 ], [ -49.7502, -22.0473 ], [ -49.752, -22.0485 ], [ -49.7548, -22.0514 ], [ -49.7566, -22.0524 ], [ -49.7576, -22.0561 ], [ -49.7579, -22.0591 ], [ -49.7578, -22.0611 ], [ -49.7584, -22.0616 ], [ -49.7601, -22.0591 ], [ -49.7612, -22.0585 ], [ -49.7656, -22.0581 ], [ -49.7674, -22.0571 ], [ -49.7678, -22.0556 ], [ -49.7674, -22.0537 ], [ -49.7665, -22.0521 ], [ -49.7666, -22.0505 ], [ -49.7679, -22.0489 ], [ -49.7683, -22.0467 ], [ -49.7679, -22.0451 ], [ -49.7687, -22.0432 ], [ -49.7704, -22.043 ], [ -49.7732, -22.0434 ], [ -49.7771, -22.043 ], [ -49.7775, -22.04 ], [ -49.778, -22.0389 ], [ -49.7801, -22.038 ], [ -49.7819, -22.0385 ], [ -49.7843, -22.0383 ], [ -49.7862, -22.0367 ], [ -49.7881, -22.034 ], [ -49.7882, -22.0324 ], [ -49.7902, -22.0285 ], [ -49.793, -22.0265 ], [ -49.7945, -22.0266 ], [ -49.7953, -22.0253 ], [ -49.7996, -22.0223 ], [ -49.8026, -22.0169 ], [ -49.8036, -22.0166 ], [ -49.8067, -22.0139 ], [ -49.8097, -22.0106 ], [ -49.8099, -22.0094 ], [ -49.8126, -22.005 ], [ -49.8137, -22.0045 ], [ -49.8143, -22.0032 ], [ -49.8168, -22.0032 ], [ -49.8181, -22.0021 ], [ -49.8181, -22.0009 ], [ -49.8225, -22.0021 ], [ -49.8249, -22.0015 ], [ -49.8271, -21.9999 ], [ -49.8289, -21.9997 ], [ -49.8306, -21.9981 ], [ -49.832, -21.9979 ], [ -49.8322, -21.9956 ], [ -49.834, -21.9953 ], [ -49.8359, -21.9937 ], [ -49.838, -21.9933 ], [ -49.8392, -21.9913 ], [ -49.8415, -21.9912 ], [ -49.8433, -21.9897 ], [ -49.8452, -21.9906 ], [ -49.8473, -21.9898 ], [ -49.8525, -21.9901 ], [ -49.8541, -21.9913 ], [ -49.8581, -21.9885 ], [ -49.8605, -21.9877 ], [ -49.863, -21.9864 ], [ -49.865, -21.9848 ], [ -49.8664, -21.9842 ], [ -49.8685, -21.9846 ], [ -49.8692, -21.982 ], [ -49.8703, -21.9803 ], [ -49.8721, -21.9802 ], [ -49.8736, -21.9794 ], [ -49.8748, -21.977 ], [ -49.8777, -21.9752 ], [ -49.8777, -21.9735 ], [ -49.8806, -21.9723 ], [ -49.8821, -21.97 ], [ -49.8844, -21.9706 ], [ -49.8851, -21.9715 ], [ -49.8877, -21.9695 ], [ -49.8882, -21.9683 ], [ -49.89, -21.9666 ], [ -49.8916, -21.9657 ], [ -49.8948, -21.9666 ], [ -49.8968, -21.9667 ], [ -49.8978, -21.9659 ], [ -49.9, -21.9654 ], [ -49.9012, -21.9637 ], [ -49.905, -21.9635 ], [ -49.9077, -21.9628 ], [ -49.9079, -21.9613 ], [ -49.9088, -21.9599 ], [ -49.9108, -21.9597 ], [ -49.9121, -21.9587 ], [ -49.913, -21.9598 ], [ -49.9151, -21.9605 ], [ -49.9157, -21.9584 ], [ -49.9192, -21.9575 ], [ -49.9211, -21.9563 ], [ -49.9225, -21.9561 ], [ -49.9247, -21.9567 ], [ -49.9277, -21.9564 ], [ -49.929, -21.9559 ], [ -49.9313, -21.9558 ], [ -49.933, -21.9544 ], [ -49.9344, -21.9545 ], [ -49.9356, -21.9538 ], [ -49.9386, -21.9536 ], [ -49.9392, -21.9531 ], [ -49.9414, -21.9534 ], [ -49.9435, -21.953 ], [ -49.9447, -21.9539 ], [ -49.9465, -21.9528 ], [ -49.9485, -21.9506 ], [ -49.9484, -21.9489 ], [ -49.9494, -21.9476 ], [ -49.9511, -21.9469 ], [ -49.9517, -21.9454 ], [ -49.9539, -21.945 ], [ -49.956, -21.9439 ], [ -49.9588, -21.9419 ], [ -49.9596, -21.9429 ], [ -49.9608, -21.9421 ], [ -49.9644, -21.9415 ], [ -49.9667, -21.9402 ], [ -49.9682, -21.9385 ], [ -49.9702, -21.9393 ], [ -49.9707, -21.9383 ], [ -49.9724, -21.9393 ], [ -49.9723, -21.9409 ], [ -49.9772, -21.9418 ], [ -49.9791, -21.9426 ], [ -49.9805, -21.9426 ], [ -49.9846, -21.9393 ], [ -49.9857, -21.9373 ], [ -49.9869, -21.9366 ], [ -49.9875, -21.9347 ], [ -49.9888, -21.9334 ], [ -49.9902, -21.9332 ], [ -49.993, -21.9319 ], [ -49.9938, -21.931 ], [ -49.9956, -21.9311 ], [ -49.9977, -21.9298 ], [ -49.9987, -21.9278 ], [ -50.0007, -21.9279 ], [ -50.0017, -21.9287 ], [ -50.0032, -21.9288 ], [ -50.0044, -21.9275 ], [ -50.0078, -21.9253 ], [ -50.0111, -21.9252 ], [ -50.0132, -21.923 ], [ -50.0135, -21.9214 ], [ -50.0159, -21.9186 ], [ -50.0154, -21.9172 ], [ -50.0179, -21.9143 ], [ -50.0171, -21.911 ], [ -50.0156, -21.9103 ], [ -50.0159, -21.9091 ], [ -50.0187, -21.9063 ], [ -50.02, -21.9063 ], [ -50.0213, -21.9034 ], [ -50.0228, -21.9016 ], [ -50.0244, -21.9013 ], [ -50.0243, -21.9002 ], [ -50.0259, -21.8994 ], [ -50.0274, -21.9004 ], [ -50.0296, -21.8985 ], [ -50.0309, -21.8979 ], [ -50.0315, -21.8953 ], [ -50.0289, -21.893 ], [ -50.0275, -21.8908 ], [ -50.0291, -21.8886 ], [ -50.0307, -21.8871 ], [ -50.0318, -21.8867 ], [ -50.0324, -21.888 ], [ -50.0366, -21.8866 ], [ -50.0409, -21.8877 ], [ -50.0416, -21.8861 ], [ -50.0427, -21.8858 ], [ -50.0442, -21.8836 ], [ -50.0457, -21.8847 ], [ -50.0483, -21.8833 ], [ -50.0478, -21.8826 ], [ -50.0498, -21.8805 ], [ -50.0492, -21.8791 ], [ -50.0564, -21.8752 ], [ -50.0581, -21.8755 ], [ -50.0603, -21.8745 ], [ -50.061, -21.8736 ], [ -50.0606, -21.8724 ], [ -50.0612, -21.8715 ], [ -50.0627, -21.8716 ], [ -50.0639, -21.8708 ], [ -50.0651, -21.8672 ], [ -50.0663, -21.8658 ], [ -50.0659, -21.8645 ], [ -50.0668, -21.8637 ], [ -50.0673, -21.8614 ], [ -50.0689, -21.861 ], [ -50.0702, -21.8598 ], [ -50.0713, -21.8563 ], [ -50.0762, -21.8555 ], [ -50.0772, -21.8566 ], [ -50.0848, -21.8527 ], [ -50.0847, -21.8517 ], [ -50.0874, -21.8493 ], [ -50.0886, -21.8502 ], [ -50.09, -21.8488 ], [ -50.0926, -21.8495 ], [ -50.0933, -21.8479 ], [ -50.0943, -21.8468 ], [ -50.0975, -21.8458 ], [ -50.0982, -21.8441 ], [ -50.0993, -21.843 ], [ -50.099, -21.8412 ], [ -50.1004, -21.8393 ], [ -50.102, -21.8394 ], [ -50.1024, -21.8377 ], [ -50.1045, -21.8369 ], [ -50.1058, -21.8377 ], [ -50.109, -21.836 ], [ -50.1124, -21.8362 ], [ -50.1145, -21.8341 ], [ -50.114, -21.8311 ], [ -50.1157, -21.8298 ], [ -50.1173, -21.8278 ], [ -50.1176, -21.8261 ], [ -50.1205, -21.8221 ], [ -50.1201, -21.8203 ], [ -50.1217, -21.8193 ], [ -50.1257, -21.8189 ], [ -50.1281, -21.817 ], [ -50.129, -21.8151 ], [ -50.1307, -21.815 ], [ -50.1314, -21.8135 ], [ -50.1313, -21.8109 ], [ -50.1307, -21.8092 ], [ -50.1341, -21.8058 ], [ -50.1362, -21.8059 ], [ -50.1367, -21.8068 ], [ -50.1387, -21.8072 ], [ -50.1407, -21.8052 ], [ -50.1425, -21.8052 ], [ -50.144, -21.8023 ], [ -50.1437, -21.8017 ], [ -50.1453, -21.7998 ], [ -50.1473, -21.799 ], [ -50.1469, -21.7968 ], [ -50.1446, -21.7958 ], [ -50.1451, -21.7947 ], [ -50.1474, -21.7937 ], [ -50.1478, -21.7924 ], [ -50.1504, -21.7911 ], [ -50.1509, -21.7899 ], [ -50.1528, -21.7877 ], [ -50.1532, -21.786 ], [ -50.1556, -21.7849 ], [ -50.1584, -21.7853 ], [ -50.1611, -21.785 ], [ -50.1622, -21.7825 ], [ -50.1625, -21.7794 ], [ -50.1656, -21.7784 ], [ -50.1659, -21.7771 ], [ -50.1677, -21.7767 ], [ -50.1679, -21.7756 ], [ -50.1692, -21.7756 ], [ -50.1709, -21.7746 ], [ -50.1735, -21.7756 ], [ -50.1767, -21.7758 ], [ -50.1774, -21.7746 ], [ -50.1792, -21.7747 ], [ -50.1818, -21.7725 ], [ -50.1817, -21.7706 ], [ -50.1852, -21.7689 ], [ -50.1875, -21.7684 ], [ -50.1874, -21.7667 ], [ -50.1898, -21.7628 ], [ -50.1922, -21.7637 ], [ -50.1934, -21.7633 ], [ -50.1951, -21.7653 ], [ -50.1972, -21.7657 ], [ -50.1986, -21.7649 ], [ -50.2011, -21.7667 ], [ -50.2032, -21.7657 ], [ -50.2037, -21.7649 ], [ -50.2056, -21.7639 ], [ -50.2073, -21.7638 ], [ -50.2078, -21.7619 ], [ -50.2087, -21.7611 ], [ -50.21, -21.7614 ], [ -50.2102, -21.7597 ], [ -50.2125, -21.7591 ], [ -50.2127, -21.7601 ], [ -50.2145, -21.7608 ], [ -50.2176, -21.7606 ], [ -50.2175, -21.7618 ], [ -50.2184, -21.7628 ], [ -50.223, -21.7603 ], [ -50.2237, -21.7585 ], [ -50.2232, -21.7554 ], [ -50.2245, -21.7544 ], [ -50.2254, -21.7524 ], [ -50.2267, -21.752 ], [ -50.2292, -21.7525 ], [ -50.2307, -21.7502 ], [ -50.2318, -21.7506 ], [ -50.2341, -21.7484 ], [ -50.235, -21.7467 ], [ -50.2368, -21.7457 ], [ -50.2388, -21.7459 ], [ -50.2396, -21.7472 ], [ -50.2409, -21.7464 ], [ -50.2428, -21.7438 ], [ -50.2431, -21.7418 ], [ -50.2458, -21.7398 ], [ -50.2479, -21.7397 ], [ -50.2494, -21.7415 ], [ -50.2503, -21.7407 ], [ -50.2521, -21.741 ], [ -50.252, -21.7398 ], [ -50.2552, -21.7396 ], [ -50.257, -21.7375 ], [ -50.2579, -21.7381 ], [ -50.2594, -21.7376 ], [ -50.2601, -21.7348 ], [ -50.2615, -21.7342 ], [ -50.2627, -21.7321 ], [ -50.2613, -21.7303 ], [ -50.2614, -21.7275 ], [ -50.264, -21.7253 ], [ -50.2662, -21.7256 ], [ -50.2673, -21.7239 ], [ -50.2683, -21.7239 ], [ -50.2697, -21.7225 ], [ -50.2716, -21.7218 ], [ -50.2714, -21.7192 ], [ -50.2728, -21.7174 ], [ -50.2724, -21.7163 ], [ -50.2738, -21.7136 ], [ -50.2727, -21.7121 ], [ -50.2742, -21.7109 ], [ -50.2733, -21.7093 ], [ -50.2744, -21.7076 ], [ -50.2771, -21.7079 ], [ -50.2776, -21.7074 ], [ -50.2817, -21.7081 ], [ -50.2843, -21.7097 ], [ -50.2878, -21.7107 ], [ -50.2907, -21.7146 ], [ -50.2919, -21.7155 ], [ -50.2968, -21.7157 ], [ -50.2998, -21.7142 ], [ -50.3008, -21.7159 ], [ -50.3018, -21.7153 ], [ -50.3015, -21.7137 ], [ -50.3035, -21.7136 ], [ -50.3042, -21.713 ], [ -50.3041, -21.7115 ], [ -50.306, -21.7118 ], [ -50.308, -21.7132 ], [ -50.3085, -21.7145 ], [ -50.3111, -21.7132 ], [ -50.3129, -21.7107 ], [ -50.3146, -21.7107 ], [ -50.3157, -21.7086 ], [ -50.3177, -21.7073 ], [ -50.3224, -21.7079 ], [ -50.3233, -21.7093 ], [ -50.3262, -21.7089 ], [ -50.3269, -21.7081 ], [ -50.3282, -21.7102 ], [ -50.3307, -21.7095 ], [ -50.3323, -21.7125 ], [ -50.3323, -21.7141 ], [ -50.3338, -21.7151 ], [ -50.3343, -21.7167 ], [ -50.3357, -21.7156 ], [ -50.3392, -21.7142 ], [ -50.3415, -21.7155 ], [ -50.3437, -21.7135 ], [ -50.3444, -21.7115 ], [ -50.3467, -21.7101 ], [ -50.3484, -21.7096 ], [ -50.3506, -21.7119 ], [ -50.3523, -21.7118 ], [ -50.3522, -21.7133 ], [ -50.3539, -21.7139 ], [ -50.353, -21.7154 ], [ -50.3554, -21.7157 ], [ -50.3562, -21.7172 ], [ -50.3561, -21.7183 ], [ -50.3541, -21.7189 ], [ -50.3559, -21.7202 ], [ -50.3579, -21.7194 ], [ -50.3606, -21.7242 ], [ -50.3606, -21.7258 ], [ -50.3621, -21.7256 ], [ -50.3631, -21.7244 ], [ -50.3621, -21.7226 ], [ -50.3626, -21.7219 ], [ -50.3647, -21.7217 ], [ -50.3648, -21.7204 ], [ -50.3684, -21.7198 ], [ -50.3689, -21.7213 ], [ -50.3702, -21.7214 ], [ -50.3711, -21.7233 ], [ -50.3736, -21.7232 ], [ -50.3751, -21.7223 ], [ -50.3751, -21.721 ], [ -50.3796, -21.7183 ], [ -50.3825, -21.719 ], [ -50.3837, -21.7182 ], [ -50.3844, -21.719 ], [ -50.3865, -21.7193 ], [ -50.3879, -21.7187 ], [ -50.3896, -21.7187 ], [ -50.3923, -21.7178 ], [ -50.3928, -21.7171 ], [ -50.395, -21.7166 ], [ -50.396, -21.7155 ], [ -50.3969, -21.7172 ], [ -50.3997, -21.7166 ], [ -50.4005, -21.7156 ], [ -50.4006, -21.714 ], [ -50.4042, -21.7127 ], [ -50.4101, -21.7065 ], [ -50.4118, -21.7069 ], [ -50.4121, -21.7057 ], [ -50.415, -21.7071 ], [ -50.4166, -21.7056 ], [ -50.4167, -21.7047 ], [ -50.4203, -21.7051 ], [ -50.4209, -21.703 ], [ -50.423, -21.6998 ], [ -50.4255, -21.6977 ], [ -50.4249, -21.6962 ], [ -50.4266, -21.6949 ], [ -50.4305, -21.694 ], [ -50.4335, -21.6959 ], [ -50.4323, -21.6971 ], [ -50.434, -21.6977 ], [ -50.4375, -21.6965 ], [ -50.4376, -21.6954 ], [ -50.4402, -21.6955 ], [ -50.4427, -21.695 ], [ -50.4431, -21.6939 ], [ -50.4461, -21.693 ], [ -50.4477, -21.6935 ], [ -50.4492, -21.6928 ], [ -50.451, -21.6929 ], [ -50.4517, -21.6917 ], [ -50.4518, -21.6894 ], [ -50.4541, -21.6882 ], [ -50.4553, -21.6891 ], [ -50.4563, -21.6877 ], [ -50.458, -21.6873 ], [ -50.4597, -21.6883 ], [ -50.4613, -21.6875 ], [ -50.4618, -21.6886 ], [ -50.4616, -21.6906 ], [ -50.4647, -21.6926 ], [ -50.464, -21.6935 ], [ -50.4624, -21.6937 ], [ -50.4628, -21.6952 ], [ -50.4643, -21.6964 ], [ -50.463, -21.6985 ], [ -50.4628, -21.7002 ], [ -50.4634, -21.701 ], [ -50.4634, -21.7045 ], [ -50.4641, -21.7065 ], [ -50.4658, -21.7051 ], [ -50.4661, -21.7041 ], [ -50.4678, -21.7044 ], [ -50.4688, -21.7057 ], [ -50.4698, -21.7043 ], [ -50.4735, -21.7031 ], [ -50.4749, -21.7019 ], [ -50.4783, -21.7018 ], [ -50.4809, -21.702 ], [ -50.4809, -21.704 ], [ -50.4819, -21.7041 ], [ -50.4831, -21.7028 ], [ -50.4848, -21.7023 ], [ -50.4866, -21.7037 ], [ -50.4868, -21.7047 ], [ -50.49, -21.7052 ], [ -50.4898, -21.7061 ], [ -50.4908, -21.7085 ], [ -50.4899, -21.7097 ], [ -50.4928, -21.7107 ], [ -50.4931, -21.7119 ], [ -50.4942, -21.7123 ], [ -50.496, -21.7153 ], [ -50.4994, -21.7142 ], [ -50.5037, -21.7156 ], [ -50.5056, -21.714 ], [ -50.5065, -21.7122 ], [ -50.5066, -21.7091 ], [ -50.5076, -21.7083 ], [ -50.5096, -21.7082 ], [ -50.5103, -21.7067 ], [ -50.5094, -21.7054 ], [ -50.5112, -21.7032 ], [ -50.5132, -21.7051 ], [ -50.5151, -21.7063 ], [ -50.5158, -21.7085 ], [ -50.5156, -21.71 ], [ -50.5171, -21.7099 ], [ -50.5179, -21.7077 ], [ -50.52, -21.7067 ], [ -50.5207, -21.7059 ], [ -50.523, -21.7072 ], [ -50.5247, -21.7062 ], [ -50.526, -21.7066 ], [ -50.5264, -21.7048 ], [ -50.5279, -21.705 ], [ -50.529, -21.7034 ], [ -50.5308, -21.703 ], [ -50.5318, -21.7015 ], [ -50.5334, -21.7018 ], [ -50.5363, -21.7006 ], [ -50.5382, -21.6995 ], [ -50.5393, -21.7002 ], [ -50.5427, -21.6991 ], [ -50.5445, -21.6992 ], [ -50.5437, -21.7007 ], [ -50.5442, -21.7015 ], [ -50.5461, -21.7013 ], [ -50.5481, -21.6996 ], [ -50.5488, -21.6997 ], [ -50.549, -21.7022 ], [ -50.5499, -21.7025 ], [ -50.5511, -21.7013 ], [ -50.5501, -21.7 ], [ -50.5518, -21.6995 ], [ -50.5518, -21.6979 ], [ -50.5531, -21.6978 ], [ -50.5531, -21.6957 ], [ -50.5545, -21.6939 ], [ -50.5557, -21.6941 ], [ -50.5564, -21.6953 ], [ -50.5583, -21.694 ], [ -50.5607, -21.6911 ], [ -50.5622, -21.6909 ], [ -50.5627, -21.6921 ], [ -50.5641, -21.6915 ], [ -50.5651, -21.6899 ], [ -50.5671, -21.6911 ], [ -50.567, -21.6926 ], [ -50.5687, -21.6923 ], [ -50.5696, -21.6908 ], [ -50.5706, -21.6919 ], [ -50.573, -21.6871 ], [ -50.5746, -21.6867 ], [ -50.5787, -21.6866 ], [ -50.5772, -21.6845 ], [ -50.5786, -21.6836 ], [ -50.5802, -21.6833 ], [ -50.581, -21.6822 ], [ -50.5833, -21.6819 ], [ -50.585, -21.68 ], [ -50.5861, -21.6795 ], [ -50.5884, -21.681 ], [ -50.5888, -21.6794 ], [ -50.5874, -21.6785 ], [ -50.5884, -21.6771 ], [ -50.5883, -21.6753 ], [ -50.5901, -21.6737 ], [ -50.5953, -21.6723 ], [ -50.5968, -21.6734 ], [ -50.599, -21.6711 ], [ -50.5984, -21.6693 ], [ -50.5994, -21.6683 ], [ -50.6032, -21.6667 ], [ -50.6025, -21.6657 ], [ -50.6013, -21.6663 ], [ -50.5998, -21.665 ], [ -50.5994, -21.6635 ], [ -50.5979, -21.6628 ], [ -50.5982, -21.6618 ], [ -50.6, -21.6619 ], [ -50.6007, -21.6607 ], [ -50.6005, -21.6589 ], [ -50.601, -21.6582 ], [ -50.6047, -21.6583 ], [ -50.6067, -21.6591 ], [ -50.6082, -21.6587 ], [ -50.6084, -21.6572 ], [ -50.6096, -21.6569 ], [ -50.6107, -21.6581 ], [ -50.6138, -21.6568 ], [ -50.6152, -21.6589 ], [ -50.6166, -21.6599 ], [ -50.6182, -21.6598 ], [ -50.6201, -21.661 ], [ -50.6212, -21.6602 ], [ -50.6209, -21.6575 ], [ -50.6199, -21.6555 ], [ -50.6209, -21.6545 ], [ -50.6205, -21.6533 ], [ -50.6189, -21.6523 ], [ -50.6192, -21.6508 ], [ -50.6216, -21.6505 ], [ -50.6215, -21.6487 ], [ -50.6205, -21.6469 ], [ -50.6208, -21.645 ], [ -50.6231, -21.643 ], [ -50.6243, -21.6427 ], [ -50.6276, -21.6429 ], [ -50.6295, -21.648 ], [ -50.6304, -21.6497 ], [ -50.6308, -21.6517 ], [ -50.63, -21.6547 ], [ -50.6325, -21.6566 ], [ -50.6349, -21.6558 ], [ -50.6363, -21.6544 ], [ -50.6375, -21.6523 ], [ -50.6396, -21.6502 ], [ -50.6408, -21.6496 ], [ -50.6435, -21.651 ], [ -50.6466, -21.6507 ], [ -50.6474, -21.6499 ], [ -50.6479, -21.6458 ], [ -50.649, -21.6446 ], [ -50.6497, -21.6386 ], [ -50.6517, -21.6365 ], [ -50.6544, -21.6346 ], [ -50.6546, -21.6334 ], [ -50.6538, -21.6304 ], [ -50.652, -21.6293 ], [ -50.652, -21.6277 ], [ -50.6534, -21.6265 ], [ -50.6518, -21.6243 ], [ -50.6526, -21.6231 ], [ -50.6562, -21.6227 ], [ -50.6578, -21.6209 ], [ -50.6608, -21.6185 ], [ -50.6612, -21.6178 ], [ -50.6609, -21.6156 ], [ -50.6625, -21.6135 ], [ -50.6667, -21.6115 ], [ -50.6685, -21.609 ], [ -50.6696, -21.6058 ], [ -50.6713, -21.6043 ], [ -50.6742, -21.603 ], [ -50.6771, -21.6012 ], [ -50.6781, -21.6011 ], [ -50.6791, -21.6023 ], [ -50.6809, -21.6023 ], [ -50.6819, -21.5991 ], [ -50.6836, -21.5978 ], [ -50.6867, -21.5978 ], [ -50.6892, -21.5963 ], [ -50.6922, -21.5932 ], [ -50.6947, -21.5933 ], [ -50.6971, -21.5926 ], [ -50.6986, -21.5902 ], [ -50.7009, -21.5901 ], [ -50.704, -21.5878 ], [ -50.7055, -21.5862 ], [ -50.7079, -21.5855 ], [ -50.7083, -21.5837 ], [ -50.7066, -21.5804 ], [ -50.7066, -21.5782 ], [ -50.7094, -21.5766 ], [ -50.7134, -21.5777 ], [ -50.7261, -21.577 ], [ -50.7282, -21.5753 ], [ -50.73, -21.5727 ], [ -50.7343, -21.572 ], [ -50.7359, -21.5723 ], [ -50.7391, -21.5744 ], [ -50.7424, -21.578 ], [ -50.7448, -21.5785 ], [ -50.7463, -21.5781 ], [ -50.7484, -21.5765 ], [ -50.7491, -21.5741 ], [ -50.7464, -21.5693 ], [ -50.7446, -21.5671 ], [ -50.7442, -21.5653 ], [ -50.7471, -21.5663 ], [ -50.7488, -21.5654 ], [ -50.7515, -21.5681 ], [ -50.7532, -21.5692 ], [ -50.7538, -21.571 ], [ -50.7562, -21.5712 ], [ -50.7576, -21.5704 ], [ -50.759, -21.5685 ], [ -50.7602, -21.5656 ], [ -50.7602, -21.5638 ], [ -50.7622, -21.563 ], [ -50.7638, -21.5635 ], [ -50.7675, -21.5636 ], [ -50.7689, -21.5666 ], [ -50.7692, -21.5686 ], [ -50.771, -21.5695 ], [ -50.7716, -21.5685 ], [ -50.7699, -21.5673 ], [ -50.7702, -21.5657 ], [ -50.7739, -21.5641 ], [ -50.775, -21.5653 ], [ -50.7731, -21.5668 ], [ -50.7744, -21.5677 ], [ -50.7798, -21.5678 ], [ -50.7818, -21.5676 ], [ -50.7824, -21.567 ], [ -50.7821, -21.5639 ], [ -50.7817, -21.5629 ], [ -50.776, -21.5621 ], [ -50.7741, -21.561 ], [ -50.7726, -21.5579 ], [ -50.7708, -21.558 ], [ -50.7705, -21.5558 ], [ -50.769, -21.5541 ], [ -50.7692, -21.5518 ], [ -50.77, -21.5505 ], [ -50.7693, -21.5482 ], [ -50.7712, -21.546 ], [ -50.7726, -21.5459 ], [ -50.7735, -21.5446 ], [ -50.7746, -21.5447 ], [ -50.776, -21.5462 ], [ -50.7767, -21.5455 ], [ -50.7766, -21.5437 ], [ -50.7775, -21.5428 ], [ -50.7794, -21.5428 ], [ -50.7809, -21.5437 ], [ -50.7822, -21.5438 ], [ -50.7849, -21.5461 ], [ -50.7854, -21.5474 ], [ -50.7864, -21.5482 ], [ -50.7887, -21.5486 ], [ -50.7891, -21.5507 ], [ -50.7872, -21.5519 ], [ -50.7879, -21.5536 ], [ -50.7859, -21.5567 ], [ -50.7868, -21.5579 ], [ -50.7898, -21.559 ], [ -50.7942, -21.5591 ], [ -50.7962, -21.5582 ], [ -50.7989, -21.5557 ], [ -50.7992, -21.5549 ], [ -50.7983, -21.5517 ], [ -50.7946, -21.5464 ], [ -50.7934, -21.543 ], [ -50.7971, -21.5416 ], [ -50.7978, -21.5423 ], [ -50.7998, -21.546 ], [ -50.8015, -21.5474 ], [ -50.8027, -21.5497 ], [ -50.8035, -21.5531 ], [ -50.8044, -21.554 ], [ -50.8066, -21.5547 ], [ -50.8056, -21.5582 ], [ -50.8065, -21.5602 ], [ -50.8076, -21.561 ], [ -50.8092, -21.5601 ], [ -50.8108, -21.5572 ], [ -50.8092, -21.556 ], [ -50.8107, -21.5554 ], [ -50.8119, -21.5557 ], [ -50.8149, -21.5604 ], [ -50.8149, -21.5635 ], [ -50.8154, -21.564 ], [ -50.8176, -21.5633 ], [ -50.8195, -21.5606 ], [ -50.822, -21.5586 ], [ -50.822, -21.5565 ], [ -50.8207, -21.5554 ], [ -50.8183, -21.5546 ], [ -50.8166, -21.555 ], [ -50.8154, -21.5543 ], [ -50.8159, -21.5529 ], [ -50.8179, -21.5525 ], [ -50.8193, -21.5504 ], [ -50.8172, -21.5495 ], [ -50.8149, -21.5502 ], [ -50.8136, -21.548 ], [ -50.813, -21.5455 ], [ -50.8137, -21.5424 ], [ -50.8151, -21.5415 ], [ -50.8159, -21.5399 ], [ -50.8199, -21.5391 ], [ -50.8231, -21.5392 ], [ -50.8247, -21.5376 ], [ -50.8294, -21.5366 ], [ -50.838, -21.5371 ], [ -50.8415, -21.5364 ], [ -50.8444, -21.5349 ], [ -50.8464, -21.5357 ], [ -50.8485, -21.535 ], [ -50.8512, -21.5319 ], [ -50.8553, -21.5297 ], [ -50.8579, -21.53 ], [ -50.8602, -21.5291 ], [ -50.8642, -21.5282 ], [ -50.8681, -21.5263 ], [ -50.8695, -21.5251 ], [ -50.8713, -21.5226 ], [ -50.8726, -21.5191 ], [ -50.8717, -21.517 ], [ -50.8727, -21.5142 ], [ -50.8661, -21.5111 ], [ -50.8644, -21.5089 ], [ -50.8649, -21.5073 ], [ -50.8668, -21.5062 ], [ -50.8679, -21.5045 ], [ -50.8676, -21.5032 ], [ -50.866, -21.5005 ], [ -50.8664, -21.4986 ], [ -50.8691, -21.4972 ], [ -50.8698, -21.4963 ], [ -50.8705, -21.4932 ], [ -50.8736, -21.4892 ], [ -50.875, -21.4889 ], [ -50.8771, -21.4898 ] ] ] } },
{ "type": "Feature", "properties": { "nome_raj": "3ª RAJ Bauru", "id_municipio_ibge": 3500550, "nome_municipio": "Águas de Santa Bárbara", "populacao_municipio": 7177, "id_foro": 6, "nome_foro": "Cerqueira César", "endereco_sede": "Rua Olimpio Pavan , 355 - Centro, 18760015", "latitude": -22.857950069569672, "longitude": -49.261047130347876, "id_cj": 24.0, "nome_cj": "Avaré", "id_raj": 3, "populacao_foro": 36656, "cidades_no_foro": "Cerqueira César, Iaras, Águas de Santa Bárbara", "cidades_na_cj": "Arandu, Avaré, Cerqueira César, Coronel Macedo, Fartura, Iaras, Itaí, Paranapanema, Taguaí, Taquarituba, Águas de Santa Bárbara" }, "geometry": { "type": "Polygon", "coordinates": [ [ [ -49.48, -23.5405 ], [ -49.4806, -23.5393 ], [ -49.4807, -23.5336 ], [ -49.4824, -23.5316 ], [ -49.4828, -23.5304 ], [ -49.484, -23.5298 ], [ -49.486, -23.5269 ], [ -49.4881, -23.5263 ], [ -49.4911, -23.5244 ], [ -49.4946, -23.5226 ], [ -49.4978, -23.5198 ], [ -49.5009, -23.5183 ], [ -49.5024, -23.5164 ], [ -49.504, -23.5153 ], [ -49.5053, -23.5136 ], [ -49.508, -23.5123 ], [ -49.5086, -23.5106 ], [ -49.5095, -23.5099 ], [ -49.5105, -23.5108 ], [ -49.512, -23.5102 ], [ -49.5127, -23.5083 ], [ -49.5136, -23.5077 ], [ -49.5179, -23.5084 ], [ -49.5185, -23.5075 ], [ -49.5206, -23.5078 ], [ -49.5226, -23.51 ], [ -49.5243, -23.5094 ], [ -49.526, -23.5104 ], [ -49.5269, -23.51 ], [ -49.5283, -23.5108 ], [ -49.5295, -23.51 ], [ -49.5303, -23.5085 ], [ -49.533, -23.508 ], [ -49.5342, -23.5082 ], [ -49.5339, -23.5063 ], [ -49.5354, -23.5064 ], [ -49.5362, -23.5056 ], [ -49.5352, -23.5041 ], [ -49.5338, -23.5034 ], [ -49.5346, -23.5022 ], [ -49.5365, -23.5018 ], [ -49.5373, -23.5007 ], [ -49.5388, -23.5001 ], [ -49.5417, -23.5003 ], [ -49.5436, -23.5001 ], [ -49.5448, -23.4984 ], [ -49.5485, -23.4957 ], [ -49.5509, -23.4951 ], [ -49.5526, -23.496 ], [ -49.5542, -23.4962 ], [ -49.5566, -23.4955 ], [ -49.5583, -23.4943 ], [ -49.5632, -23.4962 ], [ -49.5657, -23.4953 ], [ -49.5667, -23.4942 ], [ -49.566, -23.4916 ], [ -49.5671, -23.4908 ], [ -49.5708, -23.4911 ], [ -49.5743, -23.4904 ], [ -49.5761, -23.4906 ], [ -49.5775, -23.4918 ], [ -49.5789, -23.4882 ], [ -49.5799, -23.4863 ], [ -49.5798, -23.4843 ], [ -49.5782, -23.4821 ], [ -49.5775, -23.4804 ], [ -49.5782, -23.4795 ], [ -49.5826, -23.4805 ], [ -49.5849, -23.4792 ], [ -49.5869, -23.4792 ], [ -49.5901, -23.4779 ], [ -49.5917, -23.4762 ], [ -49.5945, -23.4741 ], [ -49.5929, -23.4711 ], [ -49.5922, -23.4683 ], [ -49.5918, -23.4632 ], [ -49.5938, -23.4633 ], [ -49.5945, -23.4651 ], [ -49.596, -23.4649 ], [ -49.5958, -23.4628 ], [ -49.5921, -23.4604 ], [ -49.5933, -23.4588 ], [ -49.5945, -23.4588 ], [ -49.5961, -23.4598 ], [ -49.597, -23.4585 ], [ -49.5981, -23.4582 ], [ -49.599, -23.4564 ], [ -49.6023, -23.4539 ], [ -49.6033, -23.4525 ], [ -49.6032, -23.4513 ], [ -49.6017, -23.4493 ], [ -49.5982, -23.4462 ], [ -49.5956, -23.4404 ], [ -49.5924, -23.437 ], [ -49.5901, -23.4359 ], [ -49.5888, -23.4358 ], [ -49.5831, -23.437 ], [ -49.58, -23.4367 ], [ -49.5779, -23.4377 ], [ -49.5766, -23.4423 ], [ -49.5756, -23.4436 ], [ -49.573, -23.4439 ], [ -49.5699, -23.442 ], [ -49.569, -23.4403 ], [ -49.5696, -23.4387 ], [ -49.5719, -23.4376 ], [ -49.5724, -23.4362 ], [ -49.5718, -23.4346 ], [ -49.5673, -23.4293 ], [ -49.5666, -23.4277 ], [ -49.5671, -23.426 ], [ -49.5691, -23.4255 ], [ -49.5721, -23.4286 ], [ -49.5755, -23.4314 ], [ -49.5785, -23.4321 ], [ -49.5808, -23.4317 ], [ -49.5818, -23.429 ], [ -49.5785, -23.4225 ], [ -49.5786, -23.4201 ], [ -49.5795, -23.4165 ], [ -49.5796, -23.4151 ], [ -49.581, -23.4139 ], [ -49.5859, -23.416 ], [ -49.5893, -23.4161 ], [ -49.5905, -23.4157 ], [ -49.5917, -23.4125 ], [ -49.5926, -23.4075 ], [ -49.5945, -23.4065 ], [ -49.6025, -23.4085 ], [ -49.6037, -23.4078 ], [ -49.6047, -23.4028 ], [ -49.6037, -23.4015 ], [ -49.5997, -23.4006 ], [ -49.5983, -23.3994 ], [ -49.5985, -23.3982 ], [ -49.6004, -23.3967 ], [ -49.6072, -23.3934 ], [ -49.6091, -23.3935 ], [ -49.6116, -23.3945 ], [ -49.6153, -23.3977 ], [ -49.6183, -23.3982 ], [ -49.621, -23.3974 ], [ -49.6217, -23.3943 ], [ -49.6213, -23.3905 ], [ -49.6206, -23.3887 ], [ -49.6176, -23.388 ], [ -49.6128, -23.3879 ], [ -49.608, -23.3862 ], [ -49.6051, -23.3844 ], [ -49.6033, -23.3839 ], [ -49.6011, -23.384 ], [ -49.598, -23.3849 ], [ -49.5948, -23.3884 ], [ -49.5925, -23.3896 ], [ -49.5911, -23.3879 ], [ -49.5904, -23.3828 ], [ -49.591, -23.3813 ], [ -49.5948, -23.3776 ], [ -49.596, -23.376 ], [ -49.5964, -23.3722 ], [ -49.5954, -23.3688 ], [ -49.5954, -23.3671 ], [ -49.5968, -23.3655 ], [ -49.6017, -23.3626 ], [ -49.6031, -23.3599 ], [ -49.6042, -23.3589 ], [ -49.6072, -23.3574 ], [ -49.6118, -23.3547 ], [ -49.6194, -23.3557 ], [ -49.6209, -23.3568 ], [ -49.6227, -23.3568 ], [ -49.627, -23.356 ], [ -49.6322, -23.3566 ], [ -49.6334, -23.3564 ], [ -49.6359, -23.354 ], [ -49.6379, -23.3495 ], [ -49.6382, -23.3488 ], [ -49.6379, -23.3426 ], [ -49.6362, -23.3398 ], [ -49.6348, -23.34 ], [ -49.6327, -23.343 ], [ -49.6313, -23.3442 ], [ -49.6294, -23.3438 ], [ -49.6277, -23.342 ], [ -49.6261, -23.3389 ], [ -49.6238, -23.336 ], [ -49.6217, -23.3319 ], [ -49.6216, -23.3306 ], [ -49.6229, -23.3265 ], [ -49.6227, -23.3223 ], [ -49.6233, -23.3184 ], [ -49.6241, -23.3166 ], [ -49.6275, -23.3131 ], [ -49.6287, -23.3112 ], [ -49.6292, -23.3082 ], [ -49.6311, -23.3057 ], [ -49.6314, -23.3044 ], [ -49.6309, -23.2995 ], [ -49.629, -23.2954 ], [ -49.6258, -23.2867 ], [ -49.6265, -23.2829 ], [ -49.6271, -23.2818 ], [ -49.6281, -23.2787 ], [ -49.6291, -23.2768 ], [ -49.6338, -23.2731 ], [ -49.6352, -23.2713 ], [ -49.6356, -23.2675 ], [ -49.6368, -23.2667 ], [ -49.6377, -23.2617 ], [ -49.639, -23.2594 ], [ -49.6401, -23.2563 ], [ -49.6425, -23.2538 ], [ -49.6471, -23.2517 ], [ -49.6472, -23.2498 ], [ -49.6461, -23.2437 ], [ -49.6448, -23.2418 ], [ -49.6445, -23.2402 ], [ -49.6449, -23.2392 ], [ -49.6516, -23.2369 ], [ -49.6531, -23.2345 ], [ -49.6548, -23.2283 ], [ -49.6542, -23.2233 ], [ -49.6524, -23.219 ], [ -49.6538, -23.212 ], [ -49.6557, -23.209 ], [ -49.6615, -23.2016 ], [ -49.6632, -23.1942 ], [ -49.6656, -23.1913 ], [ -49.6667, -23.1888 ], [ -49.6713, -23.1845 ], [ -49.6755, -23.1774 ], [ -49.6777, -23.1749 ], [ -49.6792, -23.1747 ], [ -49.6825, -23.1751 ], [ -49.6833, -23.1736 ], [ -49.6817, -23.1712 ], [ -49.6794, -23.1691 ], [ -49.678, -23.1664 ], [ -49.6783, -23.1651 ], [ -49.6799, -23.1644 ], [ -49.6833, -23.1638 ], [ -49.6885, -23.1654 ], [ -49.6901, -23.165 ], [ -49.6946, -23.1656 ], [ -49.6975, -23.165 ], [ -49.6985, -23.1643 ], [ -49.6996, -23.1615 ], [ -49.7012, -23.1595 ], [ -49.7035, -23.1583 ], [ -49.7038, -23.1571 ], [ -49.7018, -23.1551 ], [ -49.7014, -23.1531 ], [ -49.7031, -23.1534 ], [ -49.7058, -23.1555 ], [ -49.7099, -23.1566 ], [ -49.7113, -23.1562 ], [ -49.7146, -23.1539 ], [ -49.7162, -23.1514 ], [ -49.7165, -23.1484 ], [ -49.7187, -23.1482 ], [ -49.7238, -23.1445 ], [ -49.7265, -23.1432 ], [ -49.7281, -23.1431 ], [ -49.7305, -23.1414 ], [ -49.7324, -23.1393 ], [ -49.7334, -23.1375 ], [ -49.7349, -23.1337 ], [ -49.7349, -23.1329 ], [ -49.73, -23.1261 ], [ -49.7288, -23.1217 ], [ -49.7262, -23.1169 ], [ -49.7253, -23.1142 ], [ -49.7256, -23.1094 ], [ -49.7283, -23.1069 ], [ -49.7305, -23.1059 ], [ -49.7353, -23.1046 ], [ -49.7373, -23.1026 ], [ -49.7387, -23.1004 ], [ -49.7402, -23.0992 ], [ -49.7453, -23.0994 ], [ -49.7479, -23.0986 ], [ -49.7498, -23.0975 ], [ -49.7514, -23.0978 ], [ -49.755, -23.1027 ], [ -49.7601, -23.1041 ], [ -49.7629, -23.1056 ], [ -49.7651, -23.1057 ], [ -49.7678, -23.105 ], [ -49.7703, -23.1032 ], [ -49.7733, -23.1021 ], [ -49.7787, -23.1013 ], [ -49.7892, -23.1033 ], [ -49.7917, -23.1024 ], [ -49.7939, -23.0965 ], [ -49.7956, -23.0946 ], [ -49.7995, -23.0934 ], [ -49.8035, -23.0945 ], [ -49.8066, -23.0943 ], [ -49.8079, -23.0927 ], [ -49.8095, -23.0892 ], [ -49.8097, -23.0873 ], [ -49.8111, -23.0831 ], [ -49.8127, -23.08 ], [ -49.8139, -23.0786 ], [ -49.8158, -23.0778 ], [ -49.8194, -23.077 ], [ -49.8227, -23.0756 ], [ -49.8254, -23.0754 ], [ -49.827, -23.0749 ], [ -49.8285, -23.0736 ], [ -49.8297, -23.0709 ], [ -49.8337, -23.0659 ], [ -49.8354, -23.0673 ], [ -49.8384, -23.0687 ], [ -49.8414, -23.0705 ], [ -49.845, -23.0713 ], [ -49.8506, -23.0733 ], [ -49.8527, -23.0732 ], [ -49.8579, -23.071 ], [ -49.8616, -23.0708 ], [ -49.8674, -23.0717 ], [ -49.8713, -23.0704 ], [ -49.8732, -23.069 ], [ -49.878, -23.0607 ], [ -49.8791, -23.0597 ], [ -49.8805, -23.0594 ], [ -49.8826, -23.0638 ], [ -49.8839, -23.0648 ], [ -49.8868, -23.0647 ], [ -49.8891, -23.0631 ], [ -49.8907, -23.0604 ], [ -49.8937, -23.0577 ], [ -49.8992, -23.054 ], [ -49.9014, -23.0534 ], [ -49.9074, -23.0531 ], [ -49.9116, -23.0511 ], [ -49.9126, -23.0465 ], [ -49.9135, -23.0443 ], [ -49.9143, -23.0412 ], [ -49.9157, -23.0385 ], [ -49.9163, -23.0364 ], [ -49.9159, -23.0348 ], [ -49.9134, -23.0301 ], [ -49.9132, -23.026 ], [ -49.9127, -23.0223 ], [ -49.9121, -23.0213 ], [ -49.9093, -23.0136 ], [ -49.9079, -23.0118 ], [ -49.9033, -23.0091 ], [ -49.9015, -23.0075 ], [ -49.9002, -23.0053 ], [ -49.8996, -23.002 ], [ -49.9004, -23.0004 ], [ -49.9017, -22.9993 ], [ -49.9047, -22.9981 ], [ -49.9084, -22.9956 ], [ -49.9119, -22.9917 ], [ -49.914, -22.9904 ], [ -49.9184, -22.9908 ], [ -49.9206, -22.99 ], [ -49.9262, -22.9853 ], [ -49.9308, -22.983 ], [ -49.9326, -22.9825 ], [ -49.9352, -22.9824 ], [ -49.9371, -22.9829 ], [ -49.9401, -22.9826 ], [ -49.951, -22.9797 ], [ -49.9545, -22.9784 ], [ -49.9565, -22.9764 ], [ -49.9585, -22.9731 ], [ -49.9606, -22.9706 ], [ -49.9663, -22.9668 ], [ -49.9693, -22.9645 ], [ -49.9705, -22.9628 ], [ -49.9725, -22.9585 ], [ -49.9739, -22.9565 ], [ -49.9742, -22.9545 ], [ -49.9717, -22.9507 ], [ -49.9664, -22.9463 ], [ -49.9657, -22.9446 ], [ -49.9655, -22.9413 ], [ -49.9614, -22.9309 ], [ -49.962, -22.9233 ], [ -49.9637, -22.9183 ], [ -49.9657, -22.9141 ], [ -49.9715, -22.9087 ], [ -49.9752, -22.9045 ], [ -49.9862, -22.8975 ], [ -49.9895, -22.8967 ], [ -49.9917, -22.897 ], [ -49.9956, -22.898 ], [ -49.9981, -22.9002 ], [ -49.9989, -22.9017 ], [ -49.9985, -22.9036 ], [ -49.9919, -22.9166 ], [ -49.9915, -22.9201 ], [ -49.9904, -22.9235 ], [ -49.9904, -22.9252 ], [ -49.992, -22.9277 ], [ -49.9949, -22.9297 ], [ -49.9969, -22.9297 ], [ -50.0005, -22.9287 ], [ -50.0016, -22.9294 ], [ -50.0042, -22.9285 ], [ -50.0061, -22.9269 ], [ -50.0101, -22.9219 ], [ -50.0126, -22.9173 ], [ -50.0133, -22.9144 ], [ -50.0146, -22.9113 ], [ -50.0162, -22.9103 ], [ -50.0181, -22.9101 ], [ -50.0227, -22.9105 ], [ -50.03, -22.9089 ], [ -50.0344, -22.909 ], [ -50.0373, -22.9081 ], [ -50.0438, -22.9026 ], [ -50.0453, -22.9019 ], [ -50.0479, -22.902 ], [ -50.0528, -22.9055 ], [ -50.0535, -22.9042 ], [ -50.0536, -22.9018 ], [ -50.0553, -22.8982 ], [ -50.0553, -22.8972 ], [ -50.0566, -22.8949 ], [ -50.0566, -22.8935 ], [ -50.0554, -22.892 ], [ -50.052, -22.8894 ], [ -50.049, -22.8887 ], [ -50.0466, -22.8885 ], [ -50.0439, -22.8864 ], [ -50.0428, -22.8845 ], [ -50.0425, -22.8821 ], [ -50.0443, -22.8786 ], [ -50.0446, -22.8772 ], [ -50.0432, -22.8764 ], [ -50.0398, -22.876 ], [ -50.0372, -22.8742 ], [ -50.036, -22.8684 ], [ -50.0359, -22.863 ], [ -50.0324, -22.8558 ], [ -50.0325, -22.8532 ], [ -50.0335, -22.8517 ], [ -50.0324, -22.848 ], [ -50.0321, -22.8448 ], [ -50.0323, -22.842 ], [ -50.0274, -22.834 ], [ -50.0153, -22.8146 ], [ -50.0131, -22.8128 ], [ -50.0109, -22.8125 ], [ -50.0082, -22.8125 ], [ -50.0048, -22.8121 ], [ -50.0087, -22.7867 ], [ -50.0101, -22.7843 ], [ -50.0093, -22.7828 ], [ -50.0075, -22.7815 ], [ -50.0066, -22.7803 ], [ -50.0032, -22.7749 ], [ -50.0005, -22.772 ], [ -50.0009, -22.7692 ], [ -49.9986, -22.7672 ], [ -49.9979, -22.7659 ], [ -49.9977, -22.7619 ], [ -49.9978, -22.7592 ], [ -49.9971, -22.756 ], [ -49.996, -22.7524 ], [ -49.9935, -22.7487 ], [ -49.992, -22.7478 ], [ -49.9916, -22.7459 ], [ -49.9921, -22.7439 ], [ -49.9918, -22.7411 ], [ -49.9906, -22.7397 ], [ -49.9874, -22.7339 ], [ -49.9841, -22.7252 ], [ -49.9831, -22.72 ], [ -49.9778, -22.7152 ], [ -49.9757, -22.7144 ], [ -49.9736, -22.7124 ], [ -49.9724, -22.7083 ], [ -49.9731, -22.7005 ], [ -49.9726, -22.6959 ], [ -49.9732, -22.6901 ], [ -49.9736, -22.6878 ], [ -49.9728, -22.6854 ], [ -49.9712, -22.6839 ], [ -49.968, -22.6833 ], [ -49.9633, -22.6841 ], [ -49.9594, -22.6843 ], [ -49.958, -22.6837 ], [ -49.9556, -22.6817 ], [ -49.9533, -22.6802 ], [ -49.9502, -22.6798 ], [ -49.9467, -22.6808 ], [ -49.9436, -22.6807 ], [ -49.94, -22.6794 ], [ -49.936, -22.6788 ], [ -49.9342, -22.6787 ], [ -49.9305, -22.677 ], [ -49.9288, -22.677 ], [ -49.9256, -22.6754 ], [ -49.9234, -22.6738 ], [ -49.9209, -22.6693 ], [ -49.9181, -22.6672 ], [ -49.9161, -22.666 ], [ -49.9145, -22.664 ], [ -49.9132, -22.6637 ], [ -49.9108, -22.6656 ], [ -49.9094, -22.6677 ], [ -49.9079, -22.6685 ], [ -49.9062, -22.6685 ], [ -49.9022, -22.6666 ], [ -49.9011, -22.663 ], [ -49.9005, -22.6623 ], [ -49.8969, -22.6609 ], [ -49.8941, -22.6578 ], [ -49.8909, -22.6554 ], [ -49.8909, -22.6538 ], [ -49.8924, -22.652 ], [ -49.8921, -22.6479 ], [ -49.8897, -22.6438 ], [ -49.8882, -22.6423 ], [ -49.8877, -22.6408 ], [ -49.8882, -22.6393 ], [ -49.8908, -22.6355 ], [ -49.8902, -22.6327 ], [ -49.8906, -22.6271 ], [ -49.8901, -22.6248 ], [ -49.8887, -22.6221 ], [ -49.889, -22.6179 ], [ -49.8884, -22.6133 ], [ -49.8877, -22.6109 ], [ -49.8879, -22.609 ], [ -49.8892, -22.6065 ], [ -49.8922, -22.6029 ], [ -49.8921, -22.6 ], [ -49.8884, -22.5948 ], [ -49.8868, -22.5914 ], [ -49.8875, -22.5889 ], [ -49.8886, -22.5835 ], [ -49.8884, -22.5806 ], [ -49.8894, -22.5744 ], [ -49.8889, -22.5695 ], [ -49.8888, -22.5673 ], [ -49.8877, -22.564 ], [ -49.888, -22.5618 ], [ -49.8895, -22.5597 ], [ -49.8922, -22.5541 ], [ -49.8927, -22.5504 ], [ -49.8926, -22.5485 ], [ -49.8904, -22.5436 ], [ -49.8885, -22.542 ], [ -49.8879, -22.5408 ], [ -49.8877, -22.5366 ], [ -49.8865, -22.5339 ], [ -49.8862, -22.5322 ], [ -49.8879, -22.5255 ], [ -49.8884, -22.5235 ], [ -49.8876, -22.5203 ], [ -49.8862, -22.5173 ], [ -49.8851, -22.513 ], [ -49.8859, -22.5102 ], [ -49.8854, -22.5058 ], [ -49.8828, -22.506 ], [ -49.8794, -22.5071 ], [ -49.8777, -22.5082 ], [ -49.8751, -22.5104 ], [ -49.8721, -22.5114 ], [ -49.867, -22.5121 ], [ -49.864, -22.5132 ], [ -49.8577, -22.5131 ], [ -49.8551, -22.5117 ], [ -49.8535, -22.5116 ], [ -49.8504, -22.5148 ], [ -49.8493, -22.517 ], [ -49.8494, -22.5196 ], [ -49.8506, -22.5213 ], [ -49.8508, -22.5227 ], [ -49.8495, -22.5235 ], [ -49.8454, -22.5228 ], [ -49.8421, -22.5228 ], [ -49.8395, -22.5223 ], [ -49.8355, -22.5194 ], [ -49.8337, -22.5194 ], [ -49.8305, -22.5226 ], [ -49.8286, -22.5238 ], [ -49.8247, -22.5259 ], [ -49.8236, -22.5262 ], [ -49.8186, -22.5268 ], [ -49.8176, -22.5261 ], [ -49.8164, -22.5244 ], [ -49.8136, -22.5235 ], [ -49.8113, -22.5211 ], [ -49.8087, -22.5194 ], [ -49.8074, -22.5179 ], [ -49.803, -22.5144 ], [ -49.7989, -22.5127 ], [ -49.7971, -22.5124 ], [ -49.7925, -22.5094 ], [ -49.7912, -22.5079 ], [ -49.7883, -22.5064 ], [ -49.7867, -22.5039 ], [ -49.7845, -22.5035 ], [ -49.7815, -22.5021 ], [ -49.7752, -22.502 ], [ -49.772, -22.5006 ], [ -49.7699, -22.5013 ], [ -49.765, -22.5036 ], [ -49.7618, -22.5039 ], [ -49.7594, -22.502 ], [ -49.758, -22.4994 ], [ -49.7556, -22.4982 ], [ -49.7565, -22.4971 ], [ -49.7545, -22.4961 ], [ -49.7514, -22.4953 ], [ -49.7496, -22.4926 ], [ -49.7497, -22.4911 ], [ -49.749, -22.4899 ], [ -49.75, -22.4889 ], [ -49.7492, -22.4881 ], [ -49.748, -22.4849 ], [ -49.7483, -22.4821 ], [ -49.7493, -22.4816 ], [ -49.75, -22.4787 ], [ -49.7491, -22.4768 ], [ -49.7469, -22.476 ], [ -49.7455, -22.4739 ], [ -49.744, -22.473 ], [ -49.7435, -22.4702 ], [ -49.7413, -22.47 ], [ -49.7401, -22.4685 ], [ -49.7374, -22.4666 ], [ -49.7358, -22.4666 ], [ -49.7321, -22.4678 ], [ -49.7308, -22.4671 ], [ -49.7275, -22.4641 ], [ -49.7254, -22.4637 ], [ -49.723, -22.4643 ], [ -49.7215, -22.464 ], [ -49.7202, -22.4622 ], [ -49.7193, -22.4576 ], [ -49.7194, -22.4542 ], [ -49.7185, -22.4522 ], [ -49.7155, -22.4508 ], [ -49.7126, -22.4487 ], [ -49.7113, -22.4458 ], [ -49.7103, -22.4442 ], [ -49.7075, -22.4414 ], [ -49.7054, -22.4399 ], [ -49.7038, -22.4393 ], [ -49.7034, -22.4404 ], [ -49.704, -22.4434 ], [ -49.7019, -22.4456 ], [ -49.7018, -22.4471 ], [ -49.6981, -22.4481 ], [ -49.6967, -22.449 ], [ -49.6955, -22.4513 ], [ -49.6957, -22.4541 ], [ -49.6944, -22.4562 ], [ -49.6925, -22.4573 ], [ -49.6916, -22.4586 ], [ -49.6889, -22.4581 ], [ -49.6874, -22.4592 ], [ -49.685, -22.4621 ], [ -49.684, -22.4638 ], [ -49.6837, -22.4661 ], [ -49.6793, -22.4675 ], [ -49.6765, -22.4679 ], [ -49.6745, -22.4687 ], [ -49.6726, -22.4682 ], [ -49.6711, -22.4668 ], [ -49.6692, -22.4661 ], [ -49.6655, -22.4638 ], [ -49.6638, -22.4621 ], [ -49.6625, -22.4585 ], [ -49.6599, -22.4563 ], [ -49.658, -22.4534 ], [ -49.6582, -22.4524 ], [ -49.6564, -22.4494 ], [ -49.6557, -22.4489 ], [ -49.6548, -22.446 ], [ -49.6523, -22.4436 ], [ -49.6517, -22.4416 ], [ -49.6507, -22.44 ], [ -49.6471, -22.4369 ], [ -49.645, -22.4372 ], [ -49.6422, -22.4393 ], [ -49.6414, -22.4406 ], [ -49.6385, -22.4436 ], [ -49.636, -22.4471 ], [ -49.6358, -22.4481 ], [ -49.6369, -22.45 ], [ -49.6365, -22.4514 ], [ -49.6364, -22.4545 ], [ -49.637, -22.457 ], [ -49.636, -22.461 ], [ -49.6342, -22.4638 ], [ -49.6315, -22.4655 ], [ -49.6285, -22.4692 ], [ -49.6273, -22.4689 ], [ -49.6252, -22.4674 ], [ -49.6229, -22.4672 ], [ -49.62, -22.4682 ], [ -49.6167, -22.4679 ], [ -49.6134, -22.4668 ], [ -49.6102, -22.4662 ], [ -49.6023, -22.4608 ], [ -49.6001, -22.4597 ], [ -49.5971, -22.4599 ], [ -49.5962, -22.4594 ], [ -49.5965, -22.4581 ], [ -49.5956, -22.4561 ], [ -49.5968, -22.4538 ], [ -49.5989, -22.4545 ], [ -49.6041, -22.4536 ], [ -49.6035, -22.4509 ], [ -49.6055, -22.4484 ], [ -49.6048, -22.4461 ], [ -49.6039, -22.4447 ], [ -49.6039, -22.4431 ], [ -49.6019, -22.4419 ], [ -49.6012, -22.4409 ], [ -49.6003, -22.4382 ], [ -49.5981, -22.4364 ], [ -49.5965, -22.4343 ], [ -49.5953, -22.4339 ], [ -49.594, -22.4324 ], [ -49.5902, -22.4296 ], [ -49.5886, -22.4277 ], [ -49.5853, -22.4256 ], [ -49.5836, -22.4256 ], [ -49.5822, -22.4249 ], [ -49.5816, -22.4234 ], [ -49.5777, -22.4191 ], [ -49.5761, -22.4171 ], [ -49.5755, -22.4149 ], [ -49.5751, -22.4078 ], [ -49.5722, -22.4038 ], [ -49.571, -22.399 ], [ -49.5717, -22.3968 ], [ -49.5713, -22.3927 ], [ -49.5701, -22.3903 ], [ -49.57, -22.3884 ], [ -49.5703, -22.3854 ], [ -49.5694, -22.3836 ], [ -49.5666, -22.3858 ], [ -49.5627, -22.3892 ], [ -49.5609, -22.3902 ], [ -49.5581, -22.3911 ], [ -49.5564, -22.392 ], [ -49.5538, -22.3923 ], [ -49.5525, -22.3914 ], [ -49.5476, -22.3909 ], [ -49.5438, -22.391 ], [ -49.541, -22.3922 ], [ -49.5389, -22.3927 ], [ -49.5347, -22.395 ], [ -49.5324, -22.3953 ], [ -49.5284, -22.394 ], [ -49.5245, -22.3935 ], [ -49.5198, -22.3936 ], [ -49.5176, -22.3939 ], [ -49.5159, -22.3952 ], [ -49.5128, -22.3957 ], [ -49.5148, -22.3913 ], [ -49.514, -22.391 ], [ -49.5109, -22.3907 ], [ -49.5095, -22.3903 ], [ -49.506, -22.3881 ], [ -49.504, -22.3878 ], [ -49.502, -22.3866 ], [ -49.4992, -22.3854 ], [ -49.4982, -22.384 ], [ -49.4955, -22.3833 ], [ -49.4936, -22.3811 ], [ -49.4929, -22.3783 ], [ -49.4913, -22.3766 ], [ -49.4909, -22.3729 ], [ -49.4883, -22.3703 ], [ -49.4874, -22.3691 ], [ -49.4857, -22.3679 ], [ -49.4828, -22.3648 ], [ -49.4825, -22.3635 ], [ -49.4832, -22.3613 ], [ -49.4832, -22.3571 ], [ -49.482, -22.3555 ], [ -49.4782, -22.3544 ], [ -49.4755, -22.3532 ], [ -49.474, -22.3518 ], [ -49.4744, -22.3485 ], [ -49.4738, -22.3468 ], [ -49.4714, -22.3448 ], [ -49.4705, -22.3417 ], [ -49.4686, -22.3409 ], [ -49.4664, -22.3392 ], [ -49.4656, -22.337 ], [ -49.4641, -22.3358 ], [ -49.461, -22.3354 ], [ -49.4592, -22.3375 ], [ -49.4545, -22.335 ], [ -49.4522, -22.3345 ], [ -49.4511, -22.3322 ], [ -49.4507, -22.3296 ], [ -49.4487, -22.3286 ], [ -49.4474, -22.3289 ], [ -49.4453, -22.3286 ], [ -49.4435, -22.327 ], [ -49.4412, -22.3281 ], [ -49.4389, -22.3244 ], [ -49.4378, -22.3239 ], [ -49.4355, -22.3204 ], [ -49.4338, -22.316 ], [ -49.4313, -22.3155 ], [ -49.43, -22.3131 ], [ -49.4296, -22.3112 ], [ -49.4282, -22.3105 ], [ -49.4281, -22.3087 ], [ -49.4292, -22.3069 ], [ -49.4293, -22.3054 ], [ -49.4286, -22.3039 ], [ -49.4268, -22.3033 ], [ -49.4266, -22.3 ], [ -49.4255, -22.2958 ], [ -49.4245, -22.2948 ], [ -49.4228, -22.2942 ], [ -49.4231, -22.2935 ], [ -49.4255, -22.2933 ], [ -49.4271, -22.2937 ], [ -49.4297, -22.2937 ], [ -49.4319, -22.2942 ], [ -49.433, -22.2954 ], [ -49.4343, -22.2992 ], [ -49.4349, -22.3002 ], [ -49.4371, -22.302 ], [ -49.4396, -22.3033 ], [ -49.4409, -22.3031 ], [ -49.4406, -22.2985 ], [ -49.4387, -22.2944 ], [ -49.4365, -22.2915 ], [ -49.4357, -22.2888 ], [ -49.436, -22.2865 ], [ -49.4351, -22.2834 ], [ -49.4358, -22.281 ], [ -49.4365, -22.2772 ], [ -49.4387, -22.274 ], [ -49.4385, -22.2727 ], [ -49.437, -22.272 ], [ -49.4367, -22.2706 ], [ -49.4387, -22.2702 ], [ -49.4405, -22.2684 ], [ -49.4418, -22.2656 ], [ -49.4444, -22.2644 ], [ -49.4478, -22.2621 ], [ -49.4487, -22.2606 ], [ -49.4497, -22.2605 ], [ -49.4517, -22.2586 ], [ -49.4519, -22.2562 ], [ -49.4541, -22.2542 ], [ -49.4547, -22.2521 ], [ -49.456, -22.2505 ], [ -49.4562, -22.2492 ], [ -49.4581, -22.2471 ], [ -49.4586, -22.2459 ], [ -49.4584, -22.2422 ], [ -49.459, -22.2411 ], [ -49.4605, -22.2422 ], [ -49.4624, -22.2452 ], [ -49.4651, -22.2451 ], [ -49.4663, -22.2443 ], [ -49.4671, -22.243 ], [ -49.4694, -22.2413 ], [ -49.4713, -22.2409 ], [ -49.4731, -22.2399 ], [ -49.4753, -22.2401 ], [ -49.476, -22.239 ], [ -49.479, -22.2387 ], [ -49.4807, -22.2367 ], [ -49.4826, -22.2361 ], [ -49.485, -22.2342 ], [ -49.4868, -22.2347 ], [ -49.4889, -22.2348 ], [ -49.4894, -22.2336 ], [ -49.4909, -22.2332 ], [ -49.4913, -22.2322 ], [ -49.4934, -22.2309 ], [ -49.4952, -22.2304 ], [ -49.4957, -22.2292 ], [ -49.4946, -22.2276 ], [ -49.4931, -22.2246 ], [ -49.4935, -22.223 ], [ -49.4959, -22.2193 ], [ -49.4987, -22.2163 ], [ -49.4996, -22.2131 ], [ -49.5016, -22.2115 ], [ -49.5065, -22.2105 ], [ -49.5073, -22.2099 ], [ -49.5068, -22.2056 ], [ -49.507, -22.2018 ], [ -49.5079, -22.2004 ], [ -49.5109, -22.1989 ], [ -49.5098, -22.1951 ], [ -49.5105, -22.1932 ], [ -49.5106, -22.1905 ], [ -49.5122, -22.1887 ], [ -49.5152, -22.1875 ], [ -49.517, -22.1864 ], [ -49.5196, -22.1857 ], [ -49.523, -22.1836 ], [ -49.5256, -22.1827 ], [ -49.5283, -22.1824 ], [ -49.53, -22.1816 ], [ -49.5297, -22.1787 ], [ -49.5303, -22.1783 ], [ -49.5305, -22.1757 ], [ -49.5299, -22.175 ], [ -49.5302, -22.1727 ], [ -49.5289, -22.1694 ], [ -49.5292, -22.1682 ], [ -49.5281, -22.1628 ], [ -49.527, -22.1607 ], [ -49.527, -22.1586 ], [ -49.5262, -22.1555 ], [ -49.5235, -22.1538 ], [ -49.5245, -22.153 ], [ -49.5276, -22.1519 ], [ -49.5297, -22.1517 ], [ -49.5317, -22.1521 ], [ -49.5355, -22.151 ], [ -49.5378, -22.1515 ], [ -49.542, -22.1505 ], [ -49.5436, -22.1513 ], [ -49.5462, -22.1508 ], [ -49.5482, -22.1499 ], [ -49.5493, -22.1504 ], [ -49.5514, -22.15 ], [ -49.5533, -22.148 ], [ -49.5562, -22.1478 ], [ -49.559, -22.1457 ], [ -49.5609, -22.145 ], [ -49.5621, -22.1453 ], [ -49.5601, -22.1407 ], [ -49.5588, -22.1402 ], [ -49.5568, -22.1384 ], [ -49.5553, -22.1352 ], [ -49.5557, -22.1316 ], [ -49.5564, -22.1298 ], [ -49.5588, -22.1343 ], [ -49.5601, -22.1351 ], [ -49.5624, -22.1385 ], [ -49.564, -22.1385 ], [ -49.5662, -22.1397 ], [ -49.5694, -22.1394 ], [ -49.5702, -22.1387 ], [ -49.572, -22.136 ], [ -49.5734, -22.135 ], [ -49.5756, -22.1314 ], [ -49.579, -22.1286 ], [ -49.5821, -22.1265 ], [ -49.5861, -22.1251 ], [ -49.5881, -22.1249 ], [ -49.5879, -22.1217 ], [ -49.5869, -22.1208 ], [ -49.5869, -22.119 ], [ -49.5861, -22.1184 ], [ -49.585, -22.113 ], [ -49.5869, -22.1132 ], [ -49.5924, -22.1128 ], [ -49.5937, -22.1123 ], [ -49.5948, -22.1108 ], [ -49.5968, -22.1093 ], [ -49.6001, -22.1083 ], [ -49.6015, -22.1082 ], [ -49.6082, -22.1092 ], [ -49.6104, -22.109 ], [ -49.6118, -22.1109 ], [ -49.6136, -22.1115 ], [ -49.6177, -22.1136 ], [ -49.6201, -22.1137 ], [ -49.6227, -22.1127 ], [ -49.6233, -22.1101 ], [ -49.6233, -22.1075 ], [ -49.6227, -22.1067 ], [ -49.6222, -22.1045 ], [ -49.6203, -22.101 ], [ -49.6205, -22.0995 ], [ -49.6214, -22.0979 ], [ -49.6213, -22.0966 ], [ -49.6222, -22.0957 ], [ -49.6253, -22.0912 ], [ -49.626, -22.0893 ], [ -49.6267, -22.0864 ], [ -49.629, -22.0849 ], [ -49.6305, -22.0831 ], [ -49.6316, -22.0825 ], [ -49.6337, -22.0794 ], [ -49.6339, -22.0771 ], [ -49.6336, -22.076 ], [ -49.6363, -22.0755 ], [ -49.6374, -22.0745 ], [ -49.6386, -22.071 ], [ -49.6399, -22.0695 ], [ -49.6443, -22.0685 ], [ -49.6481, -22.0686 ], [ -49.6502, -22.0677 ], [ -49.6509, -22.068 ], [ -49.6516, -22.0703 ], [ -49.6542, -22.0726 ], [ -49.6562, -22.0772 ], [ -49.657, -22.0775 ], [ -49.6602, -22.0765 ], [ -49.6617, -22.0768 ], [ -49.6627, -22.0734 ], [ -49.6633, -22.0701 ], [ -49.6639, -22.0684 ], [ -49.665, -22.0674 ], [ -49.6647, -22.0659 ], [ -49.6649, -22.063 ], [ -49.6661, -22.0617 ], [ -49.6686, -22.0613 ], [ -49.67, -22.0615 ], [ -49.6745, -22.0605 ], [ -49.6763, -22.059 ], [ -49.6794, -22.0589 ], [ -49.6845, -22.0574 ], [ -49.6861, -22.0562 ], [ -49.6869, -22.0534 ], [ -49.6872, -22.0508 ], [ -49.6879, -22.0488 ], [ -49.6893, -22.0481 ], [ -49.6925, -22.0476 ], [ -49.6941, -22.0454 ], [ -49.6955, -22.0445 ], [ -49.6945, -22.0432 ], [ -49.6929, -22.0404 ], [ -49.6931, -22.0362 ], [ -49.6917, -22.0322 ], [ -49.6909, -22.0311 ], [ -49.6882, -22.0313 ], [ -49.6851, -22.0311 ], [ -49.6808, -22.0325 ], [ -49.6796, -22.0314 ], [ -49.678, -22.029 ], [ -49.6772, -22.0272 ], [ -49.6767, -22.0244 ], [ -49.6746, -22.0229 ], [ -49.6694, -22.0201 ], [ -49.667, -22.0195 ], [ -49.6637, -22.0194 ], [ -49.6594, -22.0176 ], [ -49.6598, -22.0149 ], [ -49.6574, -22.0111 ], [ -49.6555, -22.0096 ], [ -49.6511, -22.0093 ], [ -49.6469, -22.0116 ], [ -49.6446, -22.0132 ], [ -49.6428, -22.0136 ], [ -49.6371, -22.0118 ], [ -49.6314, -22.0106 ], [ -49.6293, -22.0097 ], [ -49.6256, -22.0073 ], [ -49.6243, -22.0058 ], [ -49.6226, -22.0027 ], [ -49.6203, -22.0019 ], [ -49.6175, -22.0052 ], [ -49.6152, -22.0074 ], [ -49.6135, -22.0078 ], [ -49.6124, -22.0046 ], [ -49.6123, -21.9998 ], [ -49.6135, -21.9989 ], [ -49.6136, -21.9966 ], [ -49.6152, -21.9949 ], [ -49.6156, -21.9931 ], [ -49.6152, -21.992 ], [ -49.6104, -21.9888 ], [ -49.6094, -21.9891 ], [ -49.6065, -21.9872 ], [ -49.6047, -21.9868 ], [ -49.6039, -21.9859 ], [ -49.6017, -21.9863 ], [ -49.5988, -21.9852 ], [ -49.5954, -21.9853 ], [ -49.5936, -21.9847 ], [ -49.5896, -21.9856 ], [ -49.585, -21.9847 ], [ -49.583, -21.9812 ], [ -49.575, -21.9777 ], [ -49.5738, -21.9767 ], [ -49.5732, -21.975 ], [ -49.5723, -21.974 ], [ -49.5705, -21.9765 ], [ -49.571, -21.9791 ], [ -49.5735, -21.9808 ], [ -49.5748, -21.982 ], [ -49.5717, -21.9855 ], [ -49.5712, -21.9873 ], [ -49.5718, -21.9906 ], [ -49.5728, -21.9938 ], [ -49.5716, -21.9949 ], [ -49.5657, -21.9981 ], [ -49.5633, -22.0004 ], [ -49.5588, -22.0017 ], [ -49.5556, -22.0042 ], [ -49.5529, -22.0078 ], [ -49.55, -22.01 ], [ -49.5488, -22.0096 ], [ -49.5427, -22.0058 ], [ -49.5414, -22.0046 ], [ -49.541, -22.0029 ], [ -49.542, -21.9991 ], [ -49.5431, -21.996 ], [ -49.5408, -21.9901 ], [ -49.5385, -21.9864 ], [ -49.5361, -21.9817 ], [ -49.5363, -21.9802 ], [ -49.539, -21.9763 ], [ -49.5399, -21.9736 ], [ -49.539, -21.9698 ], [ -49.5362, -21.9636 ], [ -49.5353, -21.9622 ], [ -49.5345, -21.9589 ], [ -49.5337, -21.9575 ], [ -49.5305, -21.9543 ], [ -49.5278, -21.9533 ], [ -49.5266, -21.9521 ], [ -49.5265, -21.9508 ], [ -49.5288, -21.9458 ], [ -49.529, -21.9442 ], [ -49.5284, -21.9428 ], [ -49.5268, -21.9425 ], [ -49.5221, -21.9426 ], [ -49.5208, -21.9415 ], [ -49.5235, -21.9395 ], [ -49.5236, -21.9369 ], [ -49.5233, -21.935 ], [ -49.5225, -21.9338 ], [ -49.5212, -21.9335 ], [ -49.5184, -21.9339 ], [ -49.5123, -21.9325 ], [ -49.5105, -21.9317 ], [ -49.5097, -21.9304 ], [ -49.5086, -21.9256 ], [ -49.5059, -21.9203 ], [ -49.504, -21.918 ], [ -49.5004, -21.9163 ], [ -49.4958, -21.9166 ], [ -49.493, -21.9161 ], [ -49.4864, -21.9122 ], [ -49.4847, -21.9096 ], [ -49.4843, -21.9053 ], [ -49.4835, -21.9036 ], [ -49.4809, -21.9011 ], [ -49.4797, -21.9005 ], [ -49.4746, -21.8989 ], [ -49.4734, -21.8976 ], [ -49.4721, -21.895 ], [ -49.47, -21.8928 ], [ -49.4688, -21.8919 ], [ -49.4629, -21.8892 ], [ -49.4601, -21.8887 ], [ -49.4547, -21.8894 ], [ -49.4521, -21.8876 ], [ -49.4509, -21.8843 ], [ -49.4511, -21.8814 ], [ -49.4504, -21.8804 ], [ -49.4488, -21.8798 ], [ -49.4475, -21.8801 ], [ -49.4455, -21.8786 ], [ -49.444, -21.8782 ], [ -49.4433, -21.8772 ], [ -49.4391, -21.8743 ], [ -49.4382, -21.8733 ], [ -49.4327, -21.8713 ], [ -49.4281, -21.8693 ], [ -49.4262, -21.8673 ], [ -49.423, -21.8654 ], [ -49.4218, -21.8642 ], [ -49.4186, -21.859 ], [ -49.4177, -21.8579 ], [ -49.4146, -21.8534 ], [ -49.4092, -21.8495 ], [ -49.4072, -21.8464 ], [ -49.4049, -21.8442 ], [ -49.4045, -21.843 ], [ -49.4048, -21.84 ], [ -49.4026, -21.8367 ], [ -49.4023, -21.8354 ], [ -49.4033, -21.8309 ], [ -49.4033, -21.8273 ], [ -49.4029, -21.8261 ], [ -49.405, -21.8245 ], [ -49.4095, -21.8226 ], [ -49.412, -21.8208 ], [ -49.413, -21.8192 ], [ -49.4128, -21.8177 ], [ -49.4108, -21.8128 ], [ -49.4114, -21.8118 ], [ -49.4143, -21.8096 ], [ -49.4154, -21.8082 ], [ -49.4166, -21.8052 ], [ -49.4167, -21.8021 ], [ -49.4153, -21.7983 ], [ -49.4153, -21.7973 ], [ -49.4167, -21.7952 ], [ -49.4191, -21.7895 ], [ -49.4212, -21.7872 ], [ -49.4271, -21.7834 ], [ -49.4313, -21.7794 ], [ -49.4318, -21.7742 ], [ -49.4338, -21.772 ], [ -49.4345, -21.7705 ], [ -49.4334, -21.77 ], [ -49.4315, -21.7701 ], [ -49.4285, -21.7697 ], [ -49.4269, -21.7686 ], [ -49.4236, -21.7636 ], [ -49.421, -21.7615 ], [ -49.4178, -21.76 ], [ -49.4153, -21.758 ], [ -49.4143, -21.7568 ], [ -49.4127, -21.7507 ], [ -49.4133, -21.7495 ], [ -49.4147, -21.7488 ], [ -49.4153, -21.7476 ], [ -49.4188, -21.7434 ], [ -49.4193, -21.7409 ], [ -49.419, -21.7385 ], [ -49.4207, -21.7355 ], [ -49.4188, -21.731 ], [ -49.4168, -21.7301 ], [ -49.4149, -21.7279 ], [ -49.4118, -21.7267 ], [ -49.4109, -21.7252 ], [ -49.4126, -21.7206 ], [ -49.4115, -21.7187 ], [ -49.4118, -21.7168 ], [ -49.4085, -21.716 ], [ -49.4076, -21.7151 ], [ -49.4077, -21.7127 ], [ -49.4065, -21.7109 ], [ -49.4064, -21.7087 ], [ -49.4084, -21.7069 ], [ -49.4078, -21.7044 ], [ -49.4077, -21.7022 ], [ -49.4071, -21.7014 ], [ -49.4071, -21.6987 ], [ -49.4063, -21.6967 ], [ -49.4046, -21.6947 ], [ -49.4012, -21.6937 ], [ -49.3992, -21.6927 ], [ -49.397, -21.6933 ], [ -49.3953, -21.6953 ], [ -49.3927, -21.6946 ], [ -49.3899, -21.6928 ], [ -49.3882, -21.691 ], [ -49.3865, -21.6883 ], [ -49.3858, -21.6864 ], [ -49.3858, -21.6852 ], [ -49.3888, -21.6831 ], [ -49.3894, -21.6821 ], [ -49.3891, -21.6789 ], [ -49.3884, -21.6777 ], [ -49.3835, -21.6781 ], [ -49.3828, -21.677 ], [ -49.3825, -21.6693 ], [ -49.3807, -21.6681 ], [ -49.3733, -21.6676 ], [ -49.3704, -21.6659 ], [ -49.3674, -21.6628 ], [ -49.3657, -21.6614 ], [ -49.3632, -21.66 ], [ -49.3595, -21.6591 ], [ -49.3535, -21.6591 ], [ -49.3515, -21.6587 ], [ -49.3479, -21.6574 ], [ -49.3447, -21.6578 ], [ -49.3414, -21.657 ], [ -49.3366, -21.6543 ], [ -49.3335, -21.6528 ], [ -49.3316, -21.6515 ], [ -49.3289, -21.6485 ], [ -49.3262, -21.644 ], [ -49.3221, -21.6389 ], [ -49.3213, -21.6383 ], [ -49.3199, -21.6358 ], [ -49.3188, -21.635 ], [ -49.3177, -21.6331 ], [ -49.316, -21.6327 ], [ -49.313, -21.6305 ], [ -49.3124, -21.6288 ], [ -49.3102, -21.628 ], [ -49.3089, -21.6268 ], [ -49.3091, -21.6257 ], [ -49.3106, -21.6235 ], [ -49.3107, -21.6217 ], [ -49.3129, -21.6188 ], [ -49.3115, -21.6172 ], [ -49.3093, -21.6193 ], [ -49.2998, -21.6254 ], [ -49.2944, -21.6299 ], [ -49.29, -21.6346 ], [ -49.2877, -21.6383 ], [ -49.2842, -21.6455 ], [ -49.283, -21.6494 ], [ -49.2823, -21.6506 ], [ -49.2812, -21.6511 ], [ -49.2782, -21.6553 ], [ -49.2733, -21.659 ], [ -49.2714, -21.6604 ], [ -49.2686, -21.6621 ], [ -49.2663, -21.6639 ], [ -49.2647, -21.6646 ], [ -49.2563, -21.6648 ], [ -49.2536, -21.6651 ], [ -49.2503, -21.666 ], [ -49.2435, -21.6696 ], [ -49.2386, -21.6708 ], [ -49.2361, -21.671 ], [ -49.2294, -21.6703 ], [ -49.2243, -21.672 ], [ -49.2199, -21.6731 ], [ -49.2172, -21.6733 ], [ -49.2147, -21.6723 ], [ -49.2133, -21.6711 ], [ -49.2121, -21.67 ], [ -49.2101, -21.6669 ], [ -49.2099, -21.6647 ], [ -49.2107, -21.6606 ], [ -49.2101, -21.6586 ], [ -49.2087, -21.6563 ], [ -49.2063, -21.6545 ], [ -49.201, -21.6538 ], [ -49.1987, -21.6531 ], [ -49.196, -21.6515 ], [ -49.1936, -21.6495 ], [ -49.1883, -21.6473 ], [ -49.1848, -21.6466 ], [ -49.1763, -21.6454 ], [ -49.1694, -21.6461 ], [ -49.1642, -21.6474 ], [ -49.1624, -21.6484 ], [ -49.1561, -21.6535 ], [ -49.1516, -21.6584 ], [ -49.1503, -21.6616 ], [ -49.1499, -21.6646 ], [ -49.1503, -21.6732 ], [ -49.1517, -21.6755 ], [ -49.1521, -21.6772 ], [ -49.1519, -21.6806 ], [ -49.1505, -21.6846 ], [ -49.145, -21.6919 ], [ -49.1426, -21.6972 ], [ -49.1405, -21.7042 ], [ -49.1396, -21.7063 ], [ -49.1381, -21.7084 ], [ -49.1343, -21.7126 ], [ -49.1298, -21.7167 ], [ -49.1258, -21.7187 ], [ -49.123, -21.7219 ], [ -49.1188, -21.7316 ], [ -49.1168, -21.7351 ], [ -49.1158, -21.738 ], [ -49.1145, -21.7399 ], [ -49.1124, -21.7419 ], [ -49.1101, -21.7461 ], [ -49.1076, -21.749 ], [ -49.1045, -21.751 ], [ -49.1061, -21.7573 ], [ -49.1064, -21.7622 ], [ -49.1083, -21.7643 ], [ -49.1095, -21.765 ], [ -49.113, -21.7654 ], [ -49.1173, -21.7675 ], [ -49.1193, -21.7698 ], [ -49.1219, -21.7712 ], [ -49.1242, -21.774 ], [ -49.1287, -21.7755 ], [ -49.1307, -21.7779 ], [ -49.1312, -21.7794 ], [ -49.1304, -21.7807 ], [ -49.1305, -21.7822 ], [ -49.1327, -21.7837 ], [ -49.1335, -21.7868 ], [ -49.133, -21.7895 ], [ -49.1333, -21.7945 ], [ -49.1339, -21.7978 ], [ -49.1359, -21.8006 ], [ -49.1371, -21.8032 ], [ -49.1379, -21.8077 ], [ -49.1412, -21.8122 ], [ -49.1426, -21.8149 ], [ -49.1467, -21.8189 ], [ -49.1492, -21.8229 ], [ -49.1498, -21.826 ], [ -49.1511, -21.8286 ], [ -49.1513, -21.8322 ], [ -49.1505, -21.8349 ], [ -49.15, -21.839 ], [ -49.1493, -21.8503 ], [ -49.1494, -21.8519 ], [ -49.1514, -21.8539 ], [ -49.1521, -21.8552 ], [ -49.1521, -21.8597 ], [ -49.1518, -21.8615 ], [ -49.15, -21.867 ], [ -49.1477, -21.8709 ], [ -49.1468, -21.8742 ], [ -49.1437, -21.8791 ], [ -49.1415, -21.8814 ], [ -49.1407, -21.8843 ], [ -49.1388, -21.8868 ], [ -49.1389, -21.8899 ], [ -49.1386, -21.8913 ], [ -49.1363, -21.8973 ], [ -49.134, -21.9013 ], [ -49.1318, -21.9049 ], [ -49.1301, -21.9086 ], [ -49.1272, -21.9102 ], [ -49.1258, -21.9127 ], [ -49.1233, -21.9225 ], [ -49.1239, -21.9238 ], [ -49.1262, -21.9259 ], [ -49.1289, -21.9298 ], [ -49.1304, -21.9328 ], [ -49.1306, -21.9342 ], [ -49.1301, -21.9357 ], [ -49.1305, -21.9389 ], [ -49.1321, -21.9394 ], [ -49.1341, -21.9391 ], [ -49.1356, -21.9395 ], [ -49.1369, -21.9406 ], [ -49.1382, -21.9435 ], [ -49.1423, -21.9467 ], [ -49.1425, -21.948 ], [ -49.1405, -21.952 ], [ -49.139, -21.953 ], [ -49.1359, -21.954 ], [ -49.134, -21.9563 ], [ -49.1351, -21.9624 ], [ -49.1345, -21.9639 ], [ -49.1332, -21.9642 ], [ -49.1302, -21.9641 ], [ -49.1279, -21.966 ], [ -49.1271, -21.9677 ], [ -49.1261, -21.976 ], [ -49.1271, -21.9789 ], [ -49.1281, -21.9804 ], [ -49.1282, -21.982 ], [ -49.1235, -21.9842 ], [ -49.1232, -21.9857 ], [ -49.1235, -21.9897 ], [ -49.1233, -21.9911 ], [ -49.1219, -21.9932 ], [ -49.1205, -21.9935 ], [ -49.118, -21.9953 ], [ -49.1177, -21.998 ], [ -49.1183, -21.9994 ], [ -49.1235, -22.0063 ], [ -49.1258, -22.0083 ], [ -49.1264, -22.0108 ], [ -49.1248, -22.0137 ], [ -49.125, -22.0149 ], [ -49.1271, -22.0195 ], [ -49.1292, -22.0219 ], [ -49.1305, -22.0228 ], [ -49.1312, -22.0243 ], [ -49.1313, -22.0275 ], [ -49.1325, -22.0286 ], [ -49.1367, -22.0295 ], [ -49.1378, -22.0303 ], [ -49.1383, -22.0318 ], [ -49.138, -22.0346 ], [ -49.1366, -22.0391 ], [ -49.1376, -22.0414 ], [ -49.14, -22.0429 ], [ -49.1401, -22.0442 ], [ -49.1393, -22.0458 ], [ -49.136, -22.0493 ], [ -49.1344, -22.0499 ], [ -49.1337, -22.0478 ], [ -49.1306, -22.0453 ], [ -49.1272, -22.0415 ], [ -49.1256, -22.0403 ], [ -49.1241, -22.0383 ], [ -49.122, -22.038 ], [ -49.1182, -22.0354 ], [ -49.1171, -22.0322 ], [ -49.115, -22.0298 ], [ -49.1132, -22.0287 ], [ -49.1117, -22.0264 ], [ -49.1097, -22.0247 ], [ -49.1072, -22.0233 ], [ -49.1036, -22.0226 ], [ -49.101, -22.0224 ], [ -49.0981, -22.0212 ], [ -49.0969, -22.0202 ], [ -49.0944, -22.0194 ], [ -49.0934, -22.0187 ], [ -49.0903, -22.0177 ], [ -49.0864, -22.0169 ], [ -49.0839, -22.0153 ], [ -49.082, -22.0148 ], [ -49.078, -22.0159 ], [ -49.077, -22.0166 ], [ -49.0714, -22.0189 ], [ -49.0702, -22.0189 ], [ -49.0677, -22.0177 ], [ -49.0653, -22.0153 ], [ -49.0619, -22.01 ], [ -49.0595, -22.0083 ], [ -49.056, -22.0067 ], [ -49.0535, -22.0043 ], [ -49.0521, -22.0043 ], [ -49.0506, -22.0054 ], [ -49.0454, -22.0106 ], [ -49.042, -22.0121 ], [ -49.0371, -22.0129 ], [ -49.034, -22.0131 ], [ -49.0301, -22.0139 ], [ -49.0236, -22.0158 ], [ -49.0233, -22.0169 ], [ -49.0212, -22.0201 ], [ -49.0203, -22.0225 ], [ -49.0176, -22.0244 ], [ -49.0124, -22.0269 ], [ -49.0106, -22.0269 ], [ -49.0091, -22.026 ], [ -49.0039, -22.0211 ], [ -49.0032, -22.0199 ], [ -49.0022, -22.0165 ], [ -48.9994, -22.0133 ], [ -48.9995, -22.0101 ], [ -48.9992, -22.0044 ], [ -48.9983, -22.0026 ], [ -48.997, -22.0016 ], [ -48.9937, -21.9998 ], [ -48.987, -21.995 ], [ -48.9825, -21.9921 ], [ -48.9761, -21.9887 ], [ -48.9663, -21.9818 ], [ -48.9664, -21.9793 ], [ -48.9658, -21.9767 ], [ -48.9664, -21.9746 ], [ -48.9654, -21.9714 ], [ -48.9635, -21.9688 ], [ -48.9621, -21.9648 ], [ -48.961, -21.9633 ], [ -48.9567, -21.962 ], [ -48.9542, -21.9588 ], [ -48.9533, -21.9583 ], [ -48.9503, -21.9579 ], [ -48.9451, -21.9564 ], [ -48.9422, -21.9551 ], [ -48.9373, -21.9516 ], [ -48.9343, -21.9487 ], [ -48.932, -21.9476 ], [ -48.9282, -21.9475 ], [ -48.9248, -21.9481 ], [ -48.9221, -21.9481 ], [ -48.9205, -21.9475 ], [ -48.9184, -21.9475 ], [ -48.9144, -21.9465 ], [ -48.9099, -21.9461 ], [ -48.9076, -21.944 ], [ -48.907, -21.9412 ], [ -48.9053, -21.9382 ], [ -48.903, -21.9333 ], [ -48.9047, -21.9319 ], [ -48.9067, -21.9295 ], [ -48.9088, -21.9249 ], [ -48.9089, -21.9217 ], [ -48.9086, -21.9191 ], [ -48.9073, -21.9167 ], [ -48.9058, -21.9157 ], [ -48.899, -21.9132 ], [ -48.8965, -21.9119 ], [ -48.8932, -21.9087 ], [ -48.8922, -21.9067 ], [ -48.891, -21.9087 ], [ -48.8878, -21.9127 ], [ -48.8804, -21.92 ], [ -48.8792, -21.9209 ], [ -48.8776, -21.921 ], [ -48.8755, -21.9193 ], [ -48.8725, -21.9152 ], [ -48.8708, -21.9142 ], [ -48.8677, -21.9148 ], [ -48.8665, -21.9163 ], [ -48.8646, -21.9165 ], [ -48.8619, -21.9146 ], [ -48.8587, -21.9144 ], [ -48.8548, -21.9118 ], [ -48.85, -21.9109 ], [ -48.8479, -21.9099 ], [ -48.847, -21.9089 ], [ -48.8451, -21.9056 ], [ -48.8416, -21.904 ], [ -48.8408, -21.9031 ], [ -48.8397, -21.8982 ], [ -48.8362, -21.8994 ], [ -48.8335, -21.8991 ], [ -48.8321, -21.8975 ], [ -48.8326, -21.8949 ], [ -48.8342, -21.8958 ], [ -48.8355, -21.8949 ], [ -48.8352, -21.8938 ], [ -48.8339, -21.893 ], [ -48.8318, -21.8926 ], [ -48.8306, -21.8904 ], [ -48.8299, -21.8907 ], [ -48.8287, -21.8925 ], [ -48.8273, -21.893 ], [ -48.827, -21.8917 ], [ -48.8258, -21.8914 ], [ -48.8252, -21.8901 ], [ -48.8224, -21.8896 ], [ -48.8213, -21.89 ], [ -48.8213, -21.892 ], [ -48.82, -21.8924 ], [ -48.8195, -21.8907 ], [ -48.8172, -21.8905 ], [ -48.8159, -21.8911 ], [ -48.8149, -21.8924 ], [ -48.8129, -21.8917 ], [ -48.8109, -21.892 ], [ -48.8104, -21.8934 ], [ -48.8083, -21.8935 ], [ -48.8074, -21.8918 ], [ -48.8045, -21.8921 ], [ -48.8038, -21.8932 ], [ -48.8024, -21.8925 ], [ -48.8004, -21.8942 ], [ -48.7991, -21.8924 ], [ -48.7985, -21.8951 ], [ -48.7972, -21.894 ], [ -48.7956, -21.8943 ], [ -48.7956, -21.8929 ], [ -48.7942, -21.8917 ], [ -48.7914, -21.8922 ], [ -48.7886, -21.8933 ], [ -48.7884, -21.8958 ], [ -48.7859, -21.8943 ], [ -48.7829, -21.8951 ], [ -48.7808, -21.8939 ], [ -48.778, -21.8949 ], [ -48.7762, -21.8936 ], [ -48.7738, -21.8938 ], [ -48.7705, -21.8927 ], [ -48.7693, -21.8929 ], [ -48.7678, -21.8894 ], [ -48.7659, -21.8891 ], [ -48.764, -21.8875 ], [ -48.7631, -21.8877 ], [ -48.7618, -21.8845 ], [ -48.7598, -21.8841 ], [ -48.7587, -21.8846 ], [ -48.7574, -21.8839 ], [ -48.7547, -21.8838 ], [ -48.7537, -21.8865 ], [ -48.7529, -21.887 ], [ -48.7503, -21.8851 ], [ -48.7473, -21.8874 ], [ -48.7466, -21.8885 ], [ -48.7448, -21.8884 ], [ -48.7442, -21.8876 ], [ -48.7423, -21.8867 ], [ -48.7401, -21.8885 ], [ -48.7368, -21.8883 ], [ -48.7353, -21.8895 ], [ -48.7329, -21.8891 ], [ -48.7307, -21.8897 ], [ -48.7304, -21.8909 ], [ -48.729, -21.8906 ], [ -48.7267, -21.891 ], [ -48.7251, -21.8929 ], [ -48.7257, -21.8943 ], [ -48.7259, -21.8967 ], [ -48.7244, -21.898 ], [ -48.7225, -21.8979 ], [ -48.7228, -21.8998 ], [ -48.7214, -21.8999 ], [ -48.72, -21.902 ], [ -48.721, -21.9032 ], [ -48.7205, -21.9058 ], [ -48.7211, -21.9076 ], [ -48.7184, -21.9097 ], [ -48.7175, -21.909 ], [ -48.715, -21.9082 ], [ -48.7141, -21.9094 ], [ -48.7116, -21.9103 ], [ -48.7088, -21.9092 ], [ -48.7071, -21.9096 ], [ -48.7059, -21.9106 ], [ -48.7065, -21.9117 ], [ -48.7057, -21.9131 ], [ -48.7041, -21.9122 ], [ -48.7029, -21.9105 ], [ -48.7022, -21.912 ], [ -48.701, -21.9123 ], [ -48.6993, -21.9102 ], [ -48.6968, -21.9129 ], [ -48.6941, -21.913 ], [ -48.6931, -21.9125 ], [ -48.6908, -21.9123 ], [ -48.6873, -21.9141 ], [ -48.6853, -21.9169 ], [ -48.684, -21.9171 ], [ -48.6841, -21.9189 ], [ -48.6852, -21.9193 ], [ -48.6854, -21.922 ], [ -48.6836, -21.9226 ], [ -48.6836, -21.9246 ], [ -48.6812, -21.925 ], [ -48.6802, -21.9261 ], [ -48.6808, -21.927 ], [ -48.6789, -21.9278 ], [ -48.6794, -21.9288 ], [ -48.6779, -21.9298 ], [ -48.6784, -21.9322 ], [ -48.6759, -21.9333 ], [ -48.6761, -21.9343 ], [ -48.6744, -21.9375 ], [ -48.6726, -21.9382 ], [ -48.6709, -21.938 ], [ -48.6709, -21.9398 ], [ -48.6694, -21.9419 ], [ -48.6719, -21.9432 ], [ -48.6722, -21.9444 ], [ -48.6716, -21.9466 ], [ -48.6702, -21.9473 ], [ -48.6686, -21.9501 ], [ -48.6657, -21.9503 ], [ -48.6649, -21.9499 ], [ -48.6628, -21.9515 ], [ -48.6602, -21.9528 ], [ -48.6569, -21.9555 ], [ -48.656, -21.9579 ], [ -48.657, -21.9584 ], [ -48.6531, -21.9602 ], [ -48.6532, -21.9616 ], [ -48.652, -21.9618 ], [ -48.6513, -21.9638 ], [ -48.6498, -21.964 ], [ -48.6484, -21.9635 ], [ -48.6459, -21.9681 ], [ -48.6438, -21.9697 ], [ -48.6424, -21.9701 ], [ -48.6396, -21.9701 ], [ -48.6382, -21.9697 ], [ -48.6373, -21.9683 ], [ -48.6339, -21.9693 ], [ -48.6289, -21.9698 ], [ -48.6263, -21.9714 ], [ -48.6265, -21.9722 ], [ -48.6247, -21.9746 ], [ -48.6232, -21.9749 ], [ -48.6202, -21.9767 ], [ -48.6192, -21.9788 ], [ -48.6156, -21.9785 ], [ -48.6141, -21.9777 ], [ -48.6117, -21.9815 ], [ -48.6134, -21.9843 ], [ -48.6113, -21.9859 ], [ -48.6102, -21.9857 ], [ -48.6069, -21.9877 ], [ -48.6037, -21.9875 ], [ -48.5983, -21.9887 ], [ -48.598, -21.9871 ], [ -48.5961, -21.9884 ], [ -48.5946, -21.99 ], [ -48.5939, -21.9922 ], [ -48.593, -21.993 ], [ -48.5941, -21.9944 ], [ -48.5926, -21.9954 ], [ -48.5927, -21.9971 ], [ -48.5901, -21.9967 ], [ -48.5874, -22.0004 ], [ -48.5856, -22.0002 ], [ -48.5843, -22.0007 ], [ -48.5834, -22.0001 ], [ -48.5815, -22.0013 ], [ -48.5783, -22.0012 ], [ -48.5774, -22.0022 ], [ -48.5758, -22.0019 ], [ -48.5739, -22.0023 ], [ -48.5722, -22.002 ], [ -48.5705, -22.003 ], [ -48.5686, -22.0028 ], [ -48.5673, -22.0048 ], [ -48.5644, -22.0048 ], [ -48.5637, -22.0073 ], [ -48.5624, -22.0079 ], [ -48.5606, -22.0103 ], [ -48.5586, -22.0119 ], [ -48.5555, -22.0157 ], [ -48.5536, -22.0167 ], [ -48.5545, -22.0191 ], [ -48.5513, -22.0219 ], [ -48.5523, -22.0228 ], [ -48.5505, -22.0238 ], [ -48.5495, -22.0236 ], [ -48.5474, -22.0244 ], [ -48.5473, -22.0271 ], [ -48.5462, -22.0284 ], [ -48.5469, -22.031 ], [ -48.545, -22.0329 ], [ -48.5443, -22.0345 ], [ -48.5417, -22.0343 ], [ -48.54, -22.0348 ], [ -48.5366, -22.0351 ], [ -48.5331, -22.0307 ], [ -48.5303, -22.0288 ], [ -48.5257, -22.0281 ], [ -48.5247, -22.0275 ], [ -48.5216, -22.0271 ], [ -48.52, -22.0262 ], [ -48.518, -22.0247 ], [ -48.5127, -22.0236 ], [ -48.5088, -22.0221 ], [ -48.507, -22.0216 ], [ -48.5033, -22.0194 ], [ -48.499, -22.0133 ], [ -48.4965, -22.0115 ], [ -48.495, -22.011 ], [ -48.491, -22.0113 ], [ -48.4846, -22.0142 ], [ -48.4815, -22.0142 ], [ -48.4874, -22.0271 ], [ -48.4836, -22.0303 ], [ -48.4823, -22.0307 ], [ -48.4809, -22.0322 ], [ -48.4802, -22.0341 ], [ -48.4789, -22.0359 ], [ -48.4773, -22.0397 ], [ -48.4769, -22.0418 ], [ -48.4748, -22.0434 ], [ -48.4717, -22.0445 ], [ -48.4688, -22.0449 ], [ -48.4657, -22.0462 ], [ -48.4656, -22.0478 ], [ -48.4639, -22.049 ], [ -48.4576, -22.0483 ], [ -48.4551, -22.0493 ], [ -48.4544, -22.0504 ], [ -48.4526, -22.0515 ], [ -48.4522, -22.0542 ], [ -48.4509, -22.0565 ], [ -48.4504, -22.0581 ], [ -48.4493, -22.0594 ], [ -48.4481, -22.0597 ], [ -48.4449, -22.0632 ], [ -48.4462, -22.071 ], [ -48.4447, -22.0716 ], [ -48.443, -22.0748 ], [ -48.4401, -22.0747 ], [ -48.4385, -22.0764 ], [ -48.4393, -22.0772 ], [ -48.439, -22.0783 ], [ -48.4375, -22.0789 ], [ -48.4362, -22.0786 ], [ -48.4348, -22.0793 ], [ -48.4357, -22.0804 ], [ -48.4359, -22.0841 ], [ -48.4354, -22.0847 ], [ -48.4335, -22.0841 ], [ -48.434, -22.0858 ], [ -48.4333, -22.0875 ], [ -48.4308, -22.0893 ], [ -48.4289, -22.0897 ], [ -48.4268, -22.0895 ], [ -48.4245, -22.0916 ], [ -48.4239, -22.0932 ], [ -48.4225, -22.0941 ], [ -48.42, -22.0904 ], [ -48.4165, -22.0899 ], [ -48.4157, -22.0893 ], [ -48.4135, -22.0922 ], [ -48.4137, -22.0937 ], [ -48.4096, -22.0942 ], [ -48.4074, -22.0965 ], [ -48.4053, -22.0982 ], [ -48.4066, -22.0994 ], [ -48.4042, -22.1005 ], [ -48.4023, -22.1022 ], [ -48.4017, -22.1041 ], [ -48.4035, -22.1072 ], [ -48.4028, -22.1085 ], [ -48.4007, -22.1094 ], [ -48.3993, -22.1109 ], [ -48.397, -22.1113 ], [ -48.396, -22.1125 ], [ -48.3981, -22.1127 ], [ -48.3978, -22.1144 ], [ -48.3953, -22.1139 ], [ -48.3949, -22.1152 ], [ -48.3976, -22.1164 ], [ -48.3975, -22.1176 ], [ -48.396, -22.1198 ], [ -48.3962, -22.1218 ], [ -48.3972, -22.124 ], [ -48.3971, -22.1257 ], [ -48.3958, -22.1274 ], [ -48.3952, -22.1294 ], [ -48.3969, -22.1295 ], [ -48.3976, -22.1319 ], [ -48.3968, -22.1351 ], [ -48.3958, -22.1364 ], [ -48.3944, -22.1371 ], [ -48.3928, -22.1364 ], [ -48.393, -22.1393 ], [ -48.3927, -22.1406 ], [ -48.3937, -22.1436 ], [ -48.3927, -22.1454 ], [ -48.3952, -22.1468 ], [ -48.3944, -22.1482 ], [ -48.3909, -22.1478 ], [ -48.39, -22.1486 ], [ -48.3926, -22.1518 ], [ -48.3889, -22.1522 ], [ -48.386, -22.1531 ], [ -48.3864, -22.1553 ], [ -48.3856, -22.1563 ], [ -48.3876, -22.1568 ], [ -48.3879, -22.1591 ], [ -48.3866, -22.1599 ], [ -48.3836, -22.1597 ], [ -48.3821, -22.1606 ], [ -48.3811, -22.1625 ], [ -48.3786, -22.1627 ], [ -48.3779, -22.1618 ], [ -48.3759, -22.1623 ], [ -48.3753, -22.1634 ], [ -48.3736, -22.1642 ], [ -48.3741, -22.1663 ], [ -48.373, -22.1677 ], [ -48.3712, -22.1682 ], [ -48.3683, -22.1671 ], [ -48.3685, -22.1651 ], [ -48.3668, -22.1655 ], [ -48.3626, -22.1647 ], [ -48.3608, -22.1669 ], [ -48.3586, -22.1676 ], [ -48.3555, -22.1668 ], [ -48.3555, -22.1676 ], [ -48.3534, -22.1689 ], [ -48.354, -22.1701 ], [ -48.353, -22.1709 ], [ -48.3515, -22.1707 ], [ -48.3508, -22.1715 ], [ -48.3466, -22.1722 ], [ -48.3457, -22.1714 ], [ -48.3443, -22.1721 ], [ -48.3432, -22.1736 ], [ -48.3441, -22.1749 ], [ -48.345, -22.1781 ], [ -48.3432, -22.1807 ], [ -48.3423, -22.181 ], [ -48.3407, -22.1808 ], [ -48.3385, -22.1811 ], [ -48.3374, -22.1838 ], [ -48.3357, -22.1847 ], [ -48.3326, -22.1854 ], [ -48.3326, -22.1871 ], [ -48.3313, -22.189 ], [ -48.3303, -22.1881 ], [ -48.3283, -22.1879 ], [ -48.3261, -22.1888 ], [ -48.324, -22.189 ], [ -48.323, -22.1895 ], [ -48.322, -22.1917 ], [ -48.3233, -22.1929 ], [ -48.3221, -22.1942 ], [ -48.3168, -22.1938 ], [ -48.3155, -22.1945 ], [ -48.3151, -22.1956 ], [ -48.3153, -22.1985 ], [ -48.3143, -22.1987 ], [ -48.3129, -22.2007 ], [ -48.314, -22.2022 ], [ -48.3151, -22.2046 ], [ -48.317, -22.2066 ], [ -48.318, -22.2086 ], [ -48.3181, -22.2104 ], [ -48.3194, -22.2117 ], [ -48.3198, -22.2131 ], [ -48.3211, -22.2144 ], [ -48.3236, -22.2145 ], [ -48.3257, -22.2152 ], [ -48.3266, -22.2179 ], [ -48.3265, -22.2199 ], [ -48.3253, -22.2205 ], [ -48.3244, -22.222 ], [ -48.3245, -22.2232 ], [ -48.3227, -22.2261 ], [ -48.3222, -22.2292 ], [ -48.3213, -22.2314 ], [ -48.3209, -22.234 ], [ -48.3215, -22.236 ], [ -48.3233, -22.2379 ], [ -48.3257, -22.2439 ], [ -48.3259, -22.2468 ], [ -48.3268, -22.248 ], [ -48.3248, -22.2504 ], [ -48.3257, -22.2529 ], [ -48.3268, -22.2548 ], [ -48.3272, -22.2582 ], [ -48.3266, -22.2609 ], [ -48.3277, -22.2627 ], [ -48.3279, -22.2646 ], [ -48.3299, -22.267 ], [ -48.3267, -22.2676 ], [ -48.3259, -22.2672 ], [ -48.3246, -22.2652 ], [ -48.3232, -22.2647 ], [ -48.3221, -22.2653 ], [ -48.3212, -22.2679 ], [ -48.3217, -22.2695 ], [ -48.3209, -22.2702 ], [ -48.3197, -22.2693 ], [ -48.3184, -22.2669 ], [ -48.3162, -22.2674 ], [ -48.3154, -22.269 ], [ -48.3137, -22.2702 ], [ -48.3148, -22.2758 ], [ -48.3129, -22.2758 ], [ -48.3127, -22.2732 ], [ -48.311, -22.271 ], [ -48.3119, -22.2685 ], [ -48.312, -22.2668 ], [ -48.3113, -22.266 ], [ -48.3082, -22.2654 ], [ -48.3066, -22.2667 ], [ -48.3042, -22.2661 ], [ -48.3023, -22.2674 ], [ -48.3, -22.2667 ], [ -48.2976, -22.2687 ], [ -48.2931, -22.2673 ], [ -48.2929, -22.2686 ], [ -48.2917, -22.27 ], [ -48.2937, -22.2714 ], [ -48.294, -22.2726 ], [ -48.2937, -22.2749 ], [ -48.295, -22.276 ], [ -48.2985, -22.2766 ], [ -48.299, -22.2777 ], [ -48.2974, -22.2801 ], [ -48.2968, -22.2821 ], [ -48.2971, -22.2842 ], [ -48.299, -22.2865 ], [ -48.2964, -22.2863 ], [ -48.2951, -22.2852 ], [ -48.2931, -22.2829 ], [ -48.2913, -22.2816 ], [ -48.2885, -22.2808 ], [ -48.2873, -22.2811 ], [ -48.286, -22.2824 ], [ -48.2862, -22.2837 ], [ -48.2839, -22.2861 ], [ -48.2845, -22.2883 ], [ -48.2826, -22.2891 ], [ -48.2809, -22.2911 ], [ -48.2808, -22.2941 ], [ -48.2796, -22.2951 ], [ -48.2807, -22.2964 ], [ -48.2805, -22.2976 ], [ -48.2787, -22.2982 ], [ -48.2769, -22.3002 ], [ -48.2746, -22.3037 ], [ -48.2718, -22.3039 ], [ -48.2716, -22.3059 ], [ -48.2702, -22.3064 ], [ -48.2696, -22.3078 ], [ -48.2684, -22.3088 ], [ -48.2689, -22.3107 ], [ -48.2671, -22.3124 ], [ -48.2666, -22.3138 ], [ -48.2655, -22.3144 ], [ -48.2653, -22.3156 ], [ -48.2659, -22.3174 ], [ -48.2653, -22.3202 ], [ -48.2638, -22.3219 ], [ -48.262, -22.3223 ], [ -48.2615, -22.3236 ], [ -48.2604, -22.3241 ], [ -48.2589, -22.3265 ], [ -48.2577, -22.3328 ], [ -48.2567, -22.3334 ], [ -48.256, -22.3362 ], [ -48.2535, -22.3369 ], [ -48.2519, -22.3393 ], [ -48.2505, -22.3407 ], [ -48.2507, -22.3432 ], [ -48.2469, -22.3473 ], [ -48.2451, -22.3483 ], [ -48.2439, -22.3507 ], [ -48.2433, -22.3534 ], [ -48.2418, -22.3564 ], [ -48.2408, -22.36 ], [ -48.2398, -22.3641 ], [ -48.2401, -22.3658 ], [ -48.2393, -22.3675 ], [ -48.2408, -22.3683 ], [ -48.2428, -22.3728 ], [ -48.2425, -22.3773 ], [ -48.2418, -22.3795 ], [ -48.2409, -22.3811 ], [ -48.2405, -22.3842 ], [ -48.2397, -22.3855 ], [ -48.2373, -22.3882 ], [ -48.237, -22.3911 ], [ -48.2382, -22.3932 ], [ -48.2401, -22.3933 ], [ -48.2483, -22.3908 ], [ -48.2489, -22.3884 ], [ -48.2505, -22.3879 ], [ -48.2539, -22.39 ], [ -48.2566, -22.3933 ], [ -48.2614, -22.3975 ], [ -48.262, -22.3996 ], [ -48.2629, -22.4004 ], [ -48.2682, -22.4084 ], [ -48.2671, -22.4133 ], [ -48.2687, -22.416 ], [ -48.2708, -22.4181 ], [ -48.2741, -22.4202 ], [ -48.2756, -22.4209 ], [ -48.2766, -22.4226 ], [ -48.2778, -22.4234 ], [ -48.2787, -22.4271 ], [ -48.2773, -22.4311 ], [ -48.2771, -22.4323 ], [ -48.2745, -22.4342 ], [ -48.2735, -22.4369 ], [ -48.2712, -22.4396 ], [ -48.2705, -22.4413 ], [ -48.2704, -22.4437 ], [ -48.2694, -22.4454 ], [ -48.2689, -22.4479 ], [ -48.2653, -22.4497 ], [ -48.263, -22.4528 ], [ -48.261, -22.4549 ], [ -48.2598, -22.4553 ], [ -48.2569, -22.4577 ], [ -48.2564, -22.4604 ], [ -48.2545, -22.463 ], [ -48.2513, -22.465 ], [ -48.248, -22.4653 ], [ -48.2467, -22.467 ], [ -48.2442, -22.4677 ], [ -48.2431, -22.4694 ], [ -48.2439, -22.4702 ], [ -48.2439, -22.4729 ], [ -48.2444, -22.4759 ], [ -48.2431, -22.4785 ], [ -48.243, -22.4794 ], [ -48.2455, -22.4807 ], [ -48.246, -22.4824 ], [ -48.2555, -22.4888 ], [ -48.2564, -22.4913 ], [ -48.2596, -22.4928 ], [ -48.2619, -22.4931 ], [ -48.2641, -22.4922 ], [ -48.2677, -22.4928 ], [ -48.2706, -22.4928 ], [ -48.2716, -22.4939 ], [ -48.2737, -22.4952 ], [ -48.2758, -22.4952 ], [ -48.2774, -22.4965 ], [ -48.2785, -22.4985 ], [ -48.2781, -22.4997 ], [ -48.2793, -22.5018 ], [ -48.2796, -22.5037 ], [ -48.2809, -22.506 ], [ -48.2822, -22.5071 ], [ -48.282, -22.5087 ], [ -48.2828, -22.5095 ], [ -48.2823, -22.5107 ], [ -48.2826, -22.5127 ], [ -48.2842, -22.5146 ], [ -48.2842, -22.5163 ], [ -48.2835, -22.5179 ], [ -48.2835, -22.5198 ], [ -48.2855, -22.5222 ], [ -48.2865, -22.5228 ], [ -48.2871, -22.5251 ], [ -48.2825, -22.5254 ], [ -48.2799, -22.5264 ], [ -48.2783, -22.5275 ], [ -48.2768, -22.5273 ], [ -48.2723, -22.5286 ], [ -48.2702, -22.5272 ], [ -48.2665, -22.5267 ], [ -48.2633, -22.5248 ], [ -48.2616, -22.5228 ], [ -48.2608, -22.5212 ], [ -48.2597, -22.5207 ], [ -48.2547, -22.5198 ], [ -48.251, -22.5185 ], [ -48.247, -22.5149 ], [ -48.2454, -22.5144 ], [ -48.2404, -22.5159 ], [ -48.2349, -22.5204 ], [ -48.2394, -22.5203 ], [ -48.2427, -22.522 ], [ -48.247, -22.5263 ], [ -48.249, -22.5296 ], [ -48.2498, -22.5319 ], [ -48.2527, -22.536 ], [ -48.2542, -22.5371 ], [ -48.2575, -22.5385 ], [ -48.2601, -22.5404 ], [ -48.2603, -22.5425 ], [ -48.2558, -22.5451 ], [ -48.2544, -22.547 ], [ -48.2542, -22.5488 ], [ -48.253, -22.5507 ], [ -48.2539, -22.5529 ], [ -48.2562, -22.5549 ], [ -48.2562, -22.5559 ], [ -48.2545, -22.5587 ], [ -48.2527, -22.5634 ], [ -48.2509, -22.5664 ], [ -48.2498, -22.5675 ], [ -48.2486, -22.5698 ], [ -48.2479, -22.5738 ], [ -48.2477, -22.5785 ], [ -48.2492, -22.5816 ], [ -48.2516, -22.5844 ], [ -48.2544, -22.5912 ], [ -48.2556, -22.5953 ], [ -48.2565, -22.5989 ], [ -48.2584, -22.6028 ], [ -48.2595, -22.604 ], [ -48.2615, -22.6054 ], [ -48.2583, -22.6122 ], [ -48.2571, -22.6141 ], [ -48.2542, -22.6178 ], [ -48.2516, -22.6194 ], [ -48.2502, -22.6196 ], [ -48.2464, -22.619 ], [ -48.2439, -22.6186 ], [ -48.2426, -22.6179 ], [ -48.2408, -22.6156 ], [ -48.2396, -22.6128 ], [ -48.2375, -22.6059 ], [ -48.237, -22.6009 ], [ -48.2361, -22.5988 ], [ -48.2338, -22.5959 ], [ -48.2313, -22.5944 ], [ -48.2272, -22.594 ], [ -48.2227, -22.595 ], [ -48.219, -22.597 ], [ -48.2178, -22.5983 ], [ -48.2162, -22.6012 ], [ -48.2153, -22.6043 ], [ -48.2154, -22.6117 ], [ -48.2147, -22.614 ], [ -48.2138, -22.6152 ], [ -48.2105, -22.6181 ], [ -48.2058, -22.6204 ], [ -48.1905, -22.6253 ], [ -48.1872, -22.6258 ], [ -48.1835, -22.6256 ], [ -48.18, -22.6257 ], [ -48.1762, -22.6268 ], [ -48.1721, -22.6287 ], [ -48.1687, -22.6308 ], [ -48.1642, -22.6357 ], [ -48.1619, -22.6372 ], [ -48.1591, -22.6381 ], [ -48.1563, -22.6378 ], [ -48.1493, -22.6327 ], [ -48.1453, -22.6307 ], [ -48.1418, -22.6297 ], [ -48.1364, -22.6287 ], [ -48.134, -22.6286 ], [ -48.1226, -22.6294 ], [ -48.1177, -22.6296 ], [ -48.1118, -22.6287 ], [ -48.1034, -22.6261 ], [ -48.1012, -22.6253 ], [ -48.0988, -22.6239 ], [ -48.0964, -22.6234 ], [ -48.0953, -22.6238 ], [ -48.093, -22.6255 ], [ -48.091, -22.6283 ], [ -48.0904, -22.6304 ], [ -48.0903, -22.6324 ], [ -48.0913, -22.637 ], [ -48.0952, -22.6449 ], [ -48.0957, -22.6463 ], [ -48.0957, -22.6488 ], [ -48.0939, -22.651 ], [ -48.0906, -22.6519 ], [ -48.0885, -22.6519 ], [ -48.0895, -22.6583 ], [ -48.0895, -22.667 ], [ -48.0902, -22.6686 ], [ -48.0925, -22.6721 ], [ -48.093, -22.6757 ], [ -48.0953, -22.6779 ], [ -48.0957, -22.6839 ], [ -48.0986, -22.6884 ], [ -48.0984, -22.6897 ], [ -48.0975, -22.6912 ], [ -48.0975, -22.6936 ], [ -48.0939, -22.7022 ], [ -48.0906, -22.7061 ], [ -48.0878, -22.7064 ], [ -48.0864, -22.7071 ], [ -48.0861, -22.7111 ], [ -48.0866, -22.716 ], [ -48.0865, -22.718 ], [ -48.0856, -22.7205 ], [ -48.0839, -22.7239 ], [ -48.0827, -22.725 ], [ -48.0807, -22.7255 ], [ -48.0775, -22.7256 ], [ -48.0759, -22.7262 ], [ -48.0743, -22.7314 ], [ -48.0717, -22.7363 ], [ -48.0701, -22.7369 ], [ -48.0645, -22.7357 ], [ -48.0586, -22.7339 ], [ -48.0548, -22.7313 ], [ -48.0505, -22.729 ], [ -48.0463, -22.7248 ], [ -48.0452, -22.7245 ], [ -48.0388, -22.7253 ], [ -48.0378, -22.7247 ], [ -48.0351, -22.7217 ], [ -48.0326, -22.7197 ], [ -48.0315, -22.7192 ], [ -48.0295, -22.7199 ], [ -48.0283, -22.7216 ], [ -48.026, -22.7236 ], [ -48.0243, -22.7244 ], [ -48.0217, -22.7241 ], [ -48.0181, -22.7287 ], [ -48.0168, -22.7314 ], [ -48.0149, -22.7334 ], [ -48.0143, -22.7346 ], [ -48.0152, -22.7363 ], [ -48.0166, -22.7371 ], [ -48.0183, -22.7414 ], [ -48.0179, -22.7429 ], [ -48.0182, -22.7443 ], [ -48.0159, -22.7485 ], [ -48.0174, -22.7495 ], [ -48.0216, -22.7486 ], [ -48.0234, -22.7487 ], [ -48.025, -22.7495 ], [ -48.0275, -22.7529 ], [ -48.028, -22.7551 ], [ -48.0279, -22.7582 ], [ -48.0268, -22.7625 ], [ -48.0283, -22.7696 ], [ -48.0279, -22.7733 ], [ -48.0285, -22.774 ], [ -48.0294, -22.7775 ], [ -48.029, -22.78 ], [ -48.0278, -22.7823 ], [ -48.0275, -22.7863 ], [ -48.0269, -22.7888 ], [ -48.0272, -22.7919 ], [ -48.0285, -22.7922 ], [ -48.0317, -22.7962 ], [ -48.0318, -22.798 ], [ -48.031, -22.8024 ], [ -48.0307, -22.8059 ], [ -48.031, -22.8074 ], [ -48.0322, -22.8095 ], [ -48.0321, -22.8123 ], [ -48.0332, -22.8161 ], [ -48.0336, -22.8186 ], [ -48.0322, -22.823 ], [ -48.032, -22.8257 ], [ -48.034, -22.8272 ], [ -48.0386, -22.8284 ], [ -48.0418, -22.8289 ], [ -48.0468, -22.8318 ], [ -48.0475, -22.8319 ], [ -48.0474, -22.8338 ], [ -48.0466, -22.8358 ], [ -48.0419, -22.8428 ], [ -48.0409, -22.8454 ], [ -48.0399, -22.8469 ], [ -48.0375, -22.8482 ], [ -48.0341, -22.8489 ], [ -48.0317, -22.849 ], [ -48.0286, -22.8497 ], [ -48.0253, -22.8497 ], [ -48.0226, -22.8504 ], [ -48.0178, -22.8512 ], [ -48.0144, -22.8523 ], [ -48.0122, -22.8544 ], [ -48.0098, -22.859 ], [ -48.008, -22.8614 ], [ -48.0046, -22.8641 ], [ -48.0031, -22.8658 ], [ -48.0027, -22.8672 ], [ -48.0032, -22.8708 ], [ -48.0031, -22.8722 ], [ -48.0014, -22.876 ], [ -48.0013, -22.8778 ], [ -48.0024, -22.8804 ], [ -48.0036, -22.8817 ], [ -48.0065, -22.8828 ], [ -48.0097, -22.8833 ], [ -48.0147, -22.8836 ], [ -48.0153, -22.8847 ], [ -48.0143, -22.8876 ], [ -48.0127, -22.8903 ], [ -48.0111, -22.8945 ], [ -48.0094, -22.896 ], [ -48.0046, -22.898 ], [ -48.0025, -22.8993 ], [ -47.9997, -22.8992 ], [ -47.9976, -22.8986 ], [ -47.9947, -22.8972 ], [ -47.9926, -22.8955 ], [ -47.9878, -22.8879 ], [ -47.9879, -22.8858 ], [ -47.9908, -22.8807 ], [ -47.9911, -22.8798 ], [ -47.9913, -22.8758 ], [ -47.9903, -22.8731 ], [ -47.9891, -22.8709 ], [ -47.9865, -22.8688 ], [ -47.9845, -22.8687 ], [ -47.9828, -22.8694 ], [ -47.982, -22.8709 ], [ -47.9816, -22.8757 ], [ -47.9796, -22.879 ], [ -47.9779, -22.8809 ], [ -47.975, -22.8852 ], [ -47.975, -22.8869 ], [ -47.9756, -22.8891 ], [ -47.9756, -22.8904 ], [ -47.9744, -22.8938 ], [ -47.9737, -22.8974 ], [ -47.973, -22.8984 ], [ -47.9703, -22.9001 ], [ -47.9686, -22.8997 ], [ -47.9639, -22.894 ], [ -47.9615, -22.8903 ], [ -47.959, -22.8892 ], [ -47.9543, -22.8886 ], [ -47.9501, -22.8888 ], [ -47.9478, -22.8887 ], [ -47.946, -22.8873 ], [ -47.9425, -22.8839 ], [ -47.9392, -22.8829 ], [ -47.9355, -22.883 ], [ -47.9326, -22.8828 ], [ -47.9308, -22.8833 ], [ -47.9278, -22.8847 ], [ -47.9281, -22.887 ], [ -47.932, -22.8911 ], [ -47.9351, -22.8923 ], [ -47.9371, -22.8935 ], [ -47.9379, -22.8955 ], [ -47.9378, -22.899 ], [ -47.9382, -22.9019 ], [ -47.9389, -22.9037 ], [ -47.9411, -22.9051 ], [ -47.9442, -22.9058 ], [ -47.9462, -22.9075 ], [ -47.9475, -22.9103 ], [ -47.949, -22.9156 ], [ -47.9492, -22.9174 ], [ -47.9503, -22.9218 ], [ -47.9515, -22.9245 ], [ -47.9514, -22.9266 ], [ -47.95, -22.9299 ], [ -47.9471, -22.9334 ], [ -47.9422, -22.936 ], [ -47.94, -22.9362 ], [ -47.9368, -22.9394 ], [ -47.9338, -22.9451 ], [ -47.9339, -22.9495 ], [ -47.9353, -22.9512 ], [ -47.9372, -22.9513 ], [ -47.9386, -22.9531 ], [ -47.9401, -22.9543 ], [ -47.9406, -22.9555 ], [ -47.9391, -22.9578 ], [ -47.9361, -22.9593 ], [ -47.9341, -22.9611 ], [ -47.933, -22.9615 ], [ -47.932, -22.9629 ], [ -47.9332, -22.9642 ], [ -47.9329, -22.966 ], [ -47.9352, -22.9678 ], [ -47.9337, -22.9704 ], [ -47.931, -22.9723 ], [ -47.9292, -22.9731 ], [ -47.9288, -22.9753 ], [ -47.9292, -22.9777 ], [ -47.9285, -22.9798 ], [ -47.9298, -22.9812 ], [ -47.9319, -22.9819 ], [ -47.933, -22.9817 ], [ -47.9364, -22.9831 ], [ -47.9381, -22.9856 ], [ -47.9374, -22.9878 ], [ -47.9376, -22.9891 ], [ -47.9392, -22.9898 ], [ -47.9392, -22.9911 ], [ -47.9407, -22.9929 ], [ -47.9408, -22.9945 ], [ -47.9419, -22.9958 ], [ -47.944, -22.9963 ], [ -47.9451, -22.9971 ], [ -47.9454, -23.0006 ], [ -47.9465, -23.002 ], [ -47.9462, -23.0034 ], [ -47.9452, -23.0045 ], [ -47.9451, -23.0057 ], [ -47.9439, -23.0087 ], [ -47.9403, -23.0136 ], [ -47.9369, -23.0146 ], [ -47.9337, -23.015 ], [ -47.9284, -23.0163 ], [ -47.9264, -23.0171 ], [ -47.9236, -23.0201 ], [ -47.9217, -23.0241 ], [ -47.9208, -23.0253 ], [ -47.919, -23.0262 ], [ -47.9187, -23.028 ], [ -47.9201, -23.0298 ], [ -47.9185, -23.031 ], [ -47.917, -23.0306 ], [ -47.9129, -23.0314 ], [ -47.9088, -23.0333 ], [ -47.9094, -23.0346 ], [ -47.9118, -23.0364 ], [ -47.9148, -23.038 ], [ -47.9157, -23.0391 ], [ -47.9156, -23.0417 ], [ -47.9139, -23.0441 ], [ -47.9123, -23.0452 ], [ -47.9103, -23.0459 ], [ -47.9082, -23.046 ], [ -47.9059, -23.0482 ], [ -47.905, -23.0507 ], [ -47.9037, -23.0516 ], [ -47.9011, -23.0556 ], [ -47.8987, -23.0571 ], [ -47.898, -23.0582 ], [ -47.8984, -23.0597 ], [ -47.8995, -23.0605 ], [ -47.9044, -23.0603 ], [ -47.9062, -23.0581 ], [ -47.9118, -23.0553 ], [ -47.9151, -23.055 ], [ -47.9175, -23.0554 ], [ -47.9204, -23.0565 ], [ -47.925, -23.0576 ], [ -47.926, -23.0592 ], [ -47.9272, -23.0595 ], [ -47.9292, -23.0584 ], [ -47.9316, -23.0587 ], [ -47.9327, -23.0601 ], [ -47.9321, -23.0616 ], [ -47.9293, -23.0648 ], [ -47.9282, -23.0687 ], [ -47.9278, -23.0734 ], [ -47.9281, -23.0768 ], [ -47.9298, -23.0788 ], [ -47.9297, -23.0805 ], [ -47.9265, -23.0812 ], [ -47.9185, -23.0807 ], [ -47.9158, -23.0812 ], [ -47.9123, -23.0804 ], [ -47.9084, -23.1075 ], [ -47.9088, -23.1093 ], [ -47.9074, -23.1111 ], [ -47.9087, -23.1177 ], [ -47.9093, -23.1194 ], [ -47.9085, -23.1209 ], [ -47.9084, -23.1234 ], [ -47.9075, -23.1259 ], [ -47.9085, -23.1274 ], [ -47.9084, -23.1285 ], [ -47.9098, -23.1303 ], [ -47.9101, -23.1315 ], [ -47.9121, -23.1355 ], [ -47.9135, -23.1369 ], [ -47.9147, -23.1396 ], [ -47.9145, -23.1408 ], [ -47.9119, -23.1435 ], [ -47.9087, -23.1451 ], [ -47.9097, -23.147 ], [ -47.9096, -23.1488 ], [ -47.9089, -23.1507 ], [ -47.9071, -23.1526 ], [ -47.9076, -23.1541 ], [ -47.9092, -23.1567 ], [ -47.9101, -23.1598 ], [ -47.91, -23.1609 ], [ -47.912, -23.1608 ], [ -47.9158, -23.1624 ], [ -47.9192, -23.1625 ], [ -47.9231, -23.1622 ], [ -47.9245, -23.161 ], [ -47.927, -23.1576 ], [ -47.9307, -23.1592 ], [ -47.9316, -23.1601 ], [ -47.9342, -23.1612 ], [ -47.9373, -23.1614 ], [ -47.9405, -23.1632 ], [ -47.9416, -23.1661 ], [ -47.9428, -23.1674 ], [ -47.9487, -23.1693 ], [ -47.9493, -23.1699 ], [ -47.9485, -23.1729 ], [ -47.9455, -23.1782 ], [ -47.9456, -23.18 ], [ -47.9471, -23.1813 ], [ -47.9495, -23.1822 ], [ -47.9536, -23.183 ], [ -47.9562, -23.1838 ], [ -47.959, -23.1833 ], [ -47.9627, -23.183 ], [ -47.9654, -23.1846 ], [ -47.9691, -23.186 ], [ -47.9699, -23.1887 ], [ -47.9707, -23.189 ], [ -47.9728, -23.1881 ], [ -47.9757, -23.1875 ], [ -47.9782, -23.1879 ], [ -47.9793, -23.1888 ], [ -47.9801, -23.1915 ], [ -47.9797, -23.1933 ], [ -47.9782, -23.1956 ], [ -47.9776, -23.1976 ], [ -47.9777, -23.199 ], [ -47.9786, -23.201 ], [ -47.9779, -23.2028 ], [ -47.976, -23.2046 ], [ -47.9738, -23.206 ], [ -47.9724, -23.2075 ], [ -47.9724, -23.2095 ], [ -47.9743, -23.2108 ], [ -47.9752, -23.2128 ], [ -47.9767, -23.2146 ], [ -47.9782, -23.2151 ], [ -47.9814, -23.2152 ], [ -47.9825, -23.2171 ], [ -47.9813, -23.2188 ], [ -47.9822, -23.2197 ], [ -47.9849, -23.2203 ], [ -47.9904, -23.2209 ], [ -47.9925, -23.2217 ], [ -47.9956, -23.2235 ], [ -47.9989, -23.2238 ], [ -48.0004, -23.2234 ], [ -48.0036, -23.2233 ], [ -48.009, -23.2236 ], [ -48.0128, -23.2234 ], [ -48.0141, -23.2239 ], [ -48.0174, -23.2269 ], [ -48.0197, -23.2279 ], [ -48.0263, -23.227 ], [ -48.029, -23.2247 ], [ -48.0304, -23.2226 ], [ -48.0321, -23.2243 ], [ -48.0354, -23.2255 ], [ -48.0398, -23.2264 ], [ -48.0432, -23.2275 ], [ -48.0455, -23.2287 ], [ -48.0507, -23.2308 ], [ -48.0572, -23.2325 ], [ -48.056, -23.2304 ], [ -48.0535, -23.2279 ], [ -48.0524, -23.2246 ], [ -48.0512, -23.2235 ], [ -48.0504, -23.2197 ], [ -48.0494, -23.218 ], [ -48.0461, -23.2184 ], [ -48.0429, -23.2165 ], [ -48.0414, -23.2146 ], [ -48.0378, -23.2118 ], [ -48.0352, -23.2072 ], [ -48.0342, -23.2066 ], [ -48.0292, -23.206 ], [ -48.0273, -23.2033 ], [ -48.0248, -23.202 ], [ -48.0244, -23.201 ], [ -48.0249, -23.1984 ], [ -48.0245, -23.1975 ], [ -48.0227, -23.1964 ], [ -48.0219, -23.1951 ], [ -48.0213, -23.1923 ], [ -48.0202, -23.1895 ], [ -48.0216, -23.1881 ], [ -48.0217, -23.1859 ], [ -48.0208, -23.1833 ], [ -48.019, -23.1808 ], [ -48.0146, -23.1772 ], [ -48.0139, -23.1759 ], [ -48.0142, -23.1733 ], [ -48.0126, -23.1715 ], [ -48.0127, -23.1688 ], [ -48.0144, -23.1673 ], [ -48.0179, -23.1667 ], [ -48.0213, -23.1663 ], [ -48.0228, -23.1647 ], [ -48.0263, -23.1645 ], [ -48.0289, -23.1636 ], [ -48.0306, -23.1621 ], [ -48.0335, -23.1613 ], [ -48.0348, -23.1596 ], [ -48.0368, -23.1587 ], [ -48.0398, -23.1586 ], [ -48.0413, -23.1578 ], [ -48.0429, -23.1546 ], [ -48.0443, -23.1539 ], [ -48.0471, -23.1544 ], [ -48.0495, -23.1542 ], [ -48.0507, -23.1534 ], [ -48.0516, -23.1518 ], [ -48.0521, -23.1489 ], [ -48.0527, -23.1482 ], [ -48.0546, -23.1484 ], [ -48.061, -23.148 ], [ -48.0626, -23.147 ], [ -48.0628, -23.1437 ], [ -48.062, -23.1424 ], [ -48.0606, -23.1383 ], [ -48.0616, -23.1352 ], [ -48.061, -23.1339 ], [ -48.0592, -23.1328 ], [ -48.0566, -23.1322 ], [ -48.0498, -23.1279 ], [ -48.05, -23.1258 ], [ -48.0497, -23.1236 ], [ -48.0489, -23.1213 ], [ -48.0491, -23.1197 ], [ -48.05, -23.1181 ], [ -48.0518, -23.1171 ], [ -48.0538, -23.1166 ], [ -48.0548, -23.1157 ], [ -48.0563, -23.1129 ], [ -48.0578, -23.1117 ], [ -48.0581, -23.1105 ], [ -48.0576, -23.1076 ], [ -48.0581, -23.1046 ], [ -48.057, -23.1038 ], [ -48.0599, -23.1011 ], [ -48.0609, -23.0996 ], [ -48.0609, -23.097 ], [ -48.0617, -23.095 ], [ -48.0637, -23.0929 ], [ -48.0683, -23.091 ], [ -48.0708, -23.0908 ], [ -48.0745, -23.0911 ], [ -48.0769, -23.0905 ], [ -48.0792, -23.0872 ], [ -48.0803, -23.0872 ], [ -48.0834, -23.0845 ], [ -48.0837, -23.0823 ], [ -48.0858, -23.0809 ], [ -48.0882, -23.0804 ], [ -48.0894, -23.0815 ], [ -48.09, -23.0847 ], [ -48.0917, -23.0865 ], [ -48.0944, -23.0861 ], [ -48.0958, -23.0852 ], [ -48.0969, -23.0865 ], [ -48.0985, -23.0874 ], [ -48.1005, -23.0878 ], [ -48.105, -23.0899 ], [ -48.1096, -23.0903 ], [ -48.1101, -23.0917 ], [ -48.1093, -23.0936 ], [ -48.1077, -23.0957 ], [ -48.1077, -23.0978 ], [ -48.1095, -23.0983 ], [ -48.1129, -23.0983 ], [ -48.1204, -23.0942 ], [ -48.1234, -23.093 ], [ -48.1253, -23.0916 ], [ -48.1271, -23.0892 ], [ -48.1291, -23.0902 ], [ -48.133, -23.0903 ], [ -48.1349, -23.0893 ], [ -48.1376, -23.0886 ], [ -48.1422, -23.0886 ], [ -48.1432, -23.0896 ], [ -48.1459, -23.0904 ], [ -48.1489, -23.0874 ], [ -48.1505, -23.0846 ], [ -48.1526, -23.0842 ], [ -48.1543, -23.0854 ], [ -48.1567, -23.0865 ], [ -48.1595, -23.0867 ], [ -48.1588, -23.0841 ], [ -48.1596, -23.0827 ], [ -48.1614, -23.0816 ], [ -48.1652, -23.0816 ], [ -48.1661, -23.0809 ], [ -48.1658, -23.0794 ], [ -48.1629, -23.0778 ], [ -48.1597, -23.0779 ], [ -48.1573, -23.0776 ], [ -48.1545, -23.078 ], [ -48.1533, -23.077 ], [ -48.1554, -23.0739 ], [ -48.1561, -23.0709 ], [ -48.1556, -23.0701 ], [ -48.1538, -23.0695 ], [ -48.1517, -23.0715 ], [ -48.1505, -23.0691 ], [ -48.149, -23.0703 ], [ -48.1483, -23.0725 ], [ -48.1482, -23.0743 ], [ -48.1493, -23.0782 ], [ -48.1482, -23.0789 ], [ -48.148, -23.0805 ], [ -48.1469, -23.0808 ], [ -48.1456, -23.0784 ], [ -48.1461, -23.0762 ], [ -48.1429, -23.0736 ], [ -48.1428, -23.0719 ], [ -48.1439, -23.0714 ], [ -48.1416, -23.0673 ], [ -48.1402, -23.0666 ], [ -48.1399, -23.0654 ], [ -48.1407, -23.0641 ], [ -48.1421, -23.0648 ], [ -48.1457, -23.0651 ], [ -48.146, -23.0641 ], [ -48.1451, -23.0621 ], [ -48.1441, -23.0616 ], [ -48.1425, -23.0588 ], [ -48.1415, -23.0586 ], [ -48.1377, -23.06 ], [ -48.1363, -23.0609 ], [ -48.1346, -23.0609 ], [ -48.1334, -23.0619 ], [ -48.1298, -23.0591 ], [ -48.1298, -23.0573 ], [ -48.1321, -23.0557 ], [ -48.1325, -23.0541 ], [ -48.1348, -23.0523 ], [ -48.1353, -23.0515 ], [ -48.134, -23.0475 ], [ -48.1354, -23.0476 ], [ -48.1358, -23.046 ], [ -48.1351, -23.0449 ], [ -48.1332, -23.0444 ], [ -48.1345, -23.0423 ], [ -48.1343, -23.0402 ], [ -48.1327, -23.0397 ], [ -48.1327, -23.0387 ], [ -48.1304, -23.0368 ], [ -48.1308, -23.0359 ], [ -48.13, -23.0346 ], [ -48.1301, -23.0329 ], [ -48.1279, -23.0335 ], [ -48.1268, -23.0321 ], [ -48.1247, -23.0322 ], [ -48.1231, -23.0308 ], [ -48.1232, -23.03 ], [ -48.1252, -23.0296 ], [ -48.1285, -23.0283 ], [ -48.1295, -23.0283 ], [ -48.1319, -23.0269 ], [ -48.1338, -23.0268 ], [ -48.1384, -23.0251 ], [ -48.1395, -23.0242 ], [ -48.14, -23.0227 ], [ -48.139, -23.0221 ], [ -48.1379, -23.023 ], [ -48.1372, -23.0213 ], [ -48.1353, -23.0214 ], [ -48.1341, -23.022 ], [ -48.1335, -23.0204 ], [ -48.1317, -23.0208 ], [ -48.1291, -23.0202 ], [ -48.1287, -23.0191 ], [ -48.127, -23.0182 ], [ -48.1265, -23.017 ], [ -48.127, -23.0153 ], [ -48.1262, -23.0138 ], [ -48.1278, -23.0138 ], [ -48.1276, -23.0109 ], [ -48.1291, -23.0101 ], [ -48.1294, -23.0089 ], [ -48.1282, -23.0074 ], [ -48.1255, -23.0058 ], [ -48.125, -23.0027 ], [ -48.1261, -22.9992 ], [ -48.1273, -23.0 ], [ -48.1291, -22.9977 ], [ -48.1291, -22.996 ], [ -48.1283, -22.9955 ], [ -48.1288, -22.9938 ], [ -48.13, -22.9933 ], [ -48.1293, -22.9917 ], [ -48.1302, -22.9866 ], [ -48.1296, -22.9859 ], [ -48.1301, -22.9845 ], [ -48.1288, -22.9838 ], [ -48.1297, -22.9808 ], [ -48.1284, -22.9801 ], [ -48.1276, -22.978 ], [ -48.1268, -22.9773 ], [ -48.1274, -22.9756 ], [ -48.1262, -22.9724 ], [ -48.1261, -22.9711 ], [ -48.127, -22.9701 ], [ -48.128, -22.9712 ], [ -48.1298, -22.9705 ], [ -48.1288, -22.9696 ], [ -48.1307, -22.9684 ], [ -48.1323, -22.9684 ], [ -48.1339, -22.9661 ], [ -48.136, -22.9652 ], [ -48.1382, -22.9649 ], [ -48.1381, -22.9669 ], [ -48.1367, -22.9688 ], [ -48.1336, -22.9715 ], [ -48.1327, -22.9743 ], [ -48.1322, -22.9822 ], [ -48.1326, -22.9839 ], [ -48.134, -22.9852 ], [ -48.1361, -22.9858 ], [ -48.1392, -22.9879 ], [ -48.1413, -22.9903 ], [ -48.1442, -22.9919 ], [ -48.1486, -22.9924 ], [ -48.1529, -22.9952 ], [ -48.1561, -22.9965 ], [ -48.1571, -22.9973 ], [ -48.1622, -22.9982 ], [ -48.1663, -22.9968 ], [ -48.168, -22.9958 ], [ -48.1692, -22.9942 ], [ -48.1696, -22.9906 ], [ -48.1701, -22.9891 ], [ -48.1736, -22.983 ], [ -48.1776, -22.9791 ], [ -48.1792, -22.9792 ], [ -48.1798, -22.9806 ], [ -48.1829, -22.9811 ], [ -48.185, -22.9827 ], [ -48.188, -22.9832 ], [ -48.1917, -22.9832 ], [ -48.1946, -22.985 ], [ -48.1977, -22.9849 ], [ -48.1992, -22.9877 ], [ -48.2003, -22.9905 ], [ -48.2018, -22.9917 ], [ -48.2036, -22.9914 ], [ -48.2044, -22.9919 ], [ -48.2046, -22.9937 ], [ -48.2057, -22.9951 ], [ -48.2089, -22.9956 ], [ -48.2106, -22.9948 ], [ -48.2137, -22.9947 ], [ -48.2153, -22.9935 ], [ -48.218, -22.9935 ], [ -48.2185, -22.9921 ], [ -48.2202, -22.9922 ], [ -48.2212, -22.9912 ], [ -48.2214, -22.9896 ], [ -48.2225, -22.9878 ], [ -48.2258, -22.9864 ], [ -48.2283, -22.9846 ], [ -48.2301, -22.9802 ], [ -48.2315, -22.9798 ], [ -48.2339, -22.9799 ], [ -48.2341, -22.979 ], [ -48.2361, -22.9764 ], [ -48.2375, -22.9767 ], [ -48.2403, -22.9737 ], [ -48.2427, -22.9745 ], [ -48.2435, -22.9736 ], [ -48.2435, -22.972 ], [ -48.2443, -22.9714 ], [ -48.2464, -22.9716 ], [ -48.2479, -22.9699 ], [ -48.2506, -22.9691 ], [ -48.253, -22.969 ], [ -48.2549, -22.9694 ], [ -48.2582, -22.9674 ], [ -48.2619, -22.9669 ], [ -48.2635, -22.9659 ], [ -48.2662, -22.9651 ], [ -48.269, -22.9651 ], [ -48.2701, -22.9632 ], [ -48.2717, -22.962 ], [ -48.2745, -22.9612 ], [ -48.2768, -22.96 ], [ -48.2792, -22.9599 ], [ -48.2841, -22.9585 ], [ -48.2913, -22.9582 ], [ -48.2918, -22.9595 ], [ -48.2918, -22.9655 ], [ -48.2913, -22.9709 ], [ -48.2931, -22.9721 ], [ -48.2942, -22.9736 ], [ -48.2956, -22.9779 ], [ -48.2952, -22.9802 ], [ -48.2961, -22.9817 ], [ -48.2996, -22.9834 ], [ -48.3008, -22.9851 ], [ -48.3034, -22.9867 ], [ -48.3046, -22.9888 ], [ -48.3067, -22.9909 ], [ -48.3084, -22.9913 ], [ -48.31, -22.9924 ], [ -48.313, -22.9926 ], [ -48.3157, -22.994 ], [ -48.3185, -22.9935 ], [ -48.3202, -22.9959 ], [ -48.3204, -22.9976 ], [ -48.3213, -23.0018 ], [ -48.324, -23.003 ], [ -48.3262, -23.0028 ], [ -48.3282, -23.0013 ], [ -48.33, -23.0044 ], [ -48.3317, -23.0057 ], [ -48.3316, -23.0073 ], [ -48.3334, -23.0088 ], [ -48.3362, -23.0057 ], [ -48.3374, -23.0036 ], [ -48.3391, -23.0021 ], [ -48.3399, -23.0023 ], [ -48.3421, -23.0058 ], [ -48.3431, -23.0056 ], [ -48.3466, -23.0036 ], [ -48.3483, -23.0033 ], [ -48.3484, -23.0048 ], [ -48.3467, -23.0065 ], [ -48.3458, -23.009 ], [ -48.3464, -23.01 ], [ -48.3496, -23.0113 ], [ -48.3492, -23.0121 ], [ -48.3475, -23.013 ], [ -48.3468, -23.014 ], [ -48.3468, -23.0157 ], [ -48.3491, -23.0162 ], [ -48.3507, -23.019 ], [ -48.3528, -23.0184 ], [ -48.3552, -23.0202 ], [ -48.3534, -23.0216 ], [ -48.3546, -23.0226 ], [ -48.3547, -23.024 ], [ -48.3558, -23.0252 ], [ -48.356, -23.0269 ], [ -48.3522, -23.0271 ], [ -48.3496, -23.0255 ], [ -48.3476, -23.0248 ], [ -48.3464, -23.0239 ], [ -48.3452, -23.0249 ], [ -48.3428, -23.0248 ], [ -48.3424, -23.0261 ], [ -48.3433, -23.0266 ], [ -48.3462, -23.027 ], [ -48.348, -23.028 ], [ -48.3494, -23.0297 ], [ -48.351, -23.029 ], [ -48.3521, -23.0292 ], [ -48.3541, -23.0312 ], [ -48.356, -23.0311 ], [ -48.357, -23.0324 ], [ -48.3559, -23.0348 ], [ -48.3565, -23.0353 ], [ -48.3589, -23.0351 ], [ -48.3585, -23.0372 ], [ -48.3587, -23.041 ], [ -48.3579, -23.0435 ], [ -48.3542, -23.0444 ], [ -48.3538, -23.0461 ], [ -48.3562, -23.0474 ], [ -48.3573, -23.049 ], [ -48.3563, -23.0508 ], [ -48.354, -23.0506 ], [ -48.3535, -23.0513 ], [ -48.3534, -23.0534 ], [ -48.3522, -23.0537 ], [ -48.3507, -23.0531 ], [ -48.3486, -23.0531 ], [ -48.3476, -23.0525 ], [ -48.3447, -23.0495 ], [ -48.3438, -23.05 ], [ -48.3451, -23.0516 ], [ -48.3464, -23.0544 ], [ -48.3466, -23.0566 ], [ -48.3471, -23.0571 ], [ -48.3489, -23.0563 ], [ -48.3508, -23.0572 ], [ -48.3527, -23.0606 ], [ -48.3548, -23.0611 ], [ -48.3567, -23.0599 ], [ -48.3577, -23.0603 ], [ -48.3573, -23.0633 ], [ -48.3587, -23.0655 ], [ -48.3614, -23.0668 ], [ -48.3592, -23.0675 ], [ -48.3583, -23.0692 ], [ -48.3583, -23.0708 ], [ -48.3547, -23.0718 ], [ -48.3542, -23.0707 ], [ -48.3547, -23.068 ], [ -48.3537, -23.066 ], [ -48.3513, -23.0653 ], [ -48.3521, -23.069 ], [ -48.3511, -23.0711 ], [ -48.3502, -23.0716 ], [ -48.3471, -23.0718 ], [ -48.3476, -23.075 ], [ -48.3485, -23.0758 ], [ -48.3503, -23.0764 ], [ -48.3516, -23.0795 ], [ -48.3547, -23.0827 ], [ -48.3543, -23.0834 ], [ -48.3509, -23.0846 ], [ -48.3462, -23.0849 ], [ -48.344, -23.0843 ], [ -48.3419, -23.0827 ], [ -48.3407, -23.083 ], [ -48.3394, -23.0847 ], [ -48.3398, -23.0853 ], [ -48.3419, -23.0853 ], [ -48.3439, -23.0867 ], [ -48.3513, -23.0868 ], [ -48.3529, -23.0891 ], [ -48.3524, -23.0904 ], [ -48.3503, -23.0917 ], [ -48.3512, -23.0922 ], [ -48.3547, -23.091 ], [ -48.3573, -23.0918 ], [ -48.3593, -23.0941 ], [ -48.3573, -23.094 ], [ -48.3557, -23.0947 ], [ -48.3539, -23.0972 ], [ -48.3542, -23.0981 ], [ -48.3564, -23.0989 ], [ -48.3574, -23.1009 ], [ -48.3571, -23.1034 ], [ -48.3556, -23.1052 ], [ -48.351, -23.1073 ], [ -48.3468, -23.1117 ], [ -48.3454, -23.112 ], [ -48.3444, -23.1139 ], [ -48.3433, -23.1146 ], [ -48.341, -23.1149 ], [ -48.3384, -23.1157 ], [ -48.3382, -23.1179 ], [ -48.3352, -23.1193 ], [ -48.3326, -23.1211 ], [ -48.3312, -23.1211 ], [ -48.3286, -23.1197 ], [ -48.3271, -23.1202 ], [ -48.3251, -23.1179 ], [ -48.3242, -23.118 ], [ -48.3243, -23.121 ], [ -48.322, -23.1242 ], [ -48.3208, -23.1276 ], [ -48.3206, -23.1294 ], [ -48.3231, -23.1307 ], [ -48.3256, -23.1308 ], [ -48.3274, -23.1291 ], [ -48.3279, -23.1318 ], [ -48.3271, -23.1333 ], [ -48.3271, -23.1351 ], [ -48.326, -23.1362 ], [ -48.3207, -23.1387 ], [ -48.3202, -23.1399 ], [ -48.3186, -23.141 ], [ -48.3159, -23.1408 ], [ -48.3133, -23.1415 ], [ -48.309, -23.1442 ], [ -48.3075, -23.146 ], [ -48.303, -23.1494 ], [ -48.3049, -23.1512 ], [ -48.306, -23.1515 ], [ -48.3077, -23.1509 ], [ -48.309, -23.1499 ], [ -48.3098, -23.1484 ], [ -48.3127, -23.1459 ], [ -48.3153, -23.1474 ], [ -48.3173, -23.146 ], [ -48.3195, -23.146 ], [ -48.3208, -23.1451 ], [ -48.3231, -23.1451 ], [ -48.3248, -23.1441 ], [ -48.3277, -23.143 ], [ -48.3323, -23.1428 ], [ -48.3338, -23.1421 ], [ -48.3348, -23.1405 ], [ -48.3376, -23.139 ], [ -48.3395, -23.1395 ], [ -48.341, -23.1394 ], [ -48.3425, -23.1416 ], [ -48.3439, -23.1447 ], [ -48.3466, -23.1463 ], [ -48.3502, -23.1491 ], [ -48.3508, -23.1523 ], [ -48.3519, -23.1527 ], [ -48.355, -23.1511 ], [ -48.3562, -23.1509 ], [ -48.3597, -23.1528 ], [ -48.3616, -23.1532 ], [ -48.3627, -23.1541 ], [ -48.3636, -23.1559 ], [ -48.3601, -23.1631 ], [ -48.3603, -23.1646 ], [ -48.3613, -23.1673 ], [ -48.3621, -23.1686 ], [ -48.3639, -23.1699 ], [ -48.3663, -23.1704 ], [ -48.3691, -23.1698 ], [ -48.3728, -23.1721 ], [ -48.374, -23.1736 ], [ -48.3748, -23.176 ], [ -48.3771, -23.1788 ], [ -48.3802, -23.1807 ], [ -48.3825, -23.181 ], [ -48.385, -23.183 ], [ -48.3866, -23.1863 ], [ -48.3883, -23.187 ], [ -48.3924, -23.1873 ], [ -48.395, -23.1884 ], [ -48.3955, -23.1892 ], [ -48.3982, -23.19 ], [ -48.402, -23.1896 ], [ -48.4041, -23.1924 ], [ -48.4048, -23.1944 ], [ -48.4071, -23.1955 ], [ -48.4102, -23.1954 ], [ -48.4116, -23.1966 ], [ -48.4144, -23.1977 ], [ -48.4153, -23.1991 ], [ -48.4186, -23.1996 ], [ -48.4202, -23.2002 ], [ -48.4219, -23.2025 ], [ -48.4247, -23.2036 ], [ -48.4284, -23.2031 ], [ -48.4293, -23.2058 ], [ -48.4323, -23.2084 ], [ -48.4349, -23.2092 ], [ -48.4375, -23.2106 ], [ -48.4393, -23.2121 ], [ -48.4435, -23.2102 ], [ -48.4449, -23.2127 ], [ -48.4464, -23.2124 ], [ -48.4476, -23.2104 ], [ -48.4503, -23.2103 ], [ -48.452, -23.2107 ], [ -48.4521, -23.2117 ], [ -48.4508, -23.2124 ], [ -48.4518, -23.2138 ], [ -48.4549, -23.215 ], [ -48.4562, -23.2147 ], [ -48.4565, -23.2167 ], [ -48.4589, -23.2184 ], [ -48.4608, -23.2205 ], [ -48.4606, -23.2214 ], [ -48.4629, -23.2223 ], [ -48.4647, -23.2247 ], [ -48.4642, -23.2266 ], [ -48.4647, -23.229 ], [ -48.4671, -23.2286 ], [ -48.4662, -23.2306 ], [ -48.4685, -23.2327 ], [ -48.4675, -23.2343 ], [ -48.4676, -23.2374 ], [ -48.4687, -23.2373 ], [ -48.4695, -23.2385 ], [ -48.4692, -23.2406 ], [ -48.4707, -23.2409 ], [ -48.4732, -23.2394 ], [ -48.4753, -23.2391 ], [ -48.4761, -23.2385 ], [ -48.4774, -23.2395 ], [ -48.4765, -23.2408 ], [ -48.4784, -23.2421 ], [ -48.4802, -23.2413 ], [ -48.4824, -23.2418 ], [ -48.4844, -23.2442 ], [ -48.4862, -23.245 ], [ -48.4855, -23.247 ], [ -48.4882, -23.2481 ], [ -48.4895, -23.2498 ], [ -48.4912, -23.2503 ], [ -48.4919, -23.2514 ], [ -48.4918, -23.2535 ], [ -48.4893, -23.2548 ], [ -48.4896, -23.2556 ], [ -48.4888, -23.2579 ], [ -48.4915, -23.2601 ], [ -48.4915, -23.2611 ], [ -48.4926, -23.2626 ], [ -48.4938, -23.2627 ], [ -48.4957, -23.2637 ], [ -48.496, -23.2649 ], [ -48.4978, -23.2652 ], [ -48.4993, -23.2669 ], [ -48.5012, -23.2674 ], [ -48.5033, -23.269 ], [ -48.506, -23.2692 ], [ -48.5069, -23.2681 ], [ -48.5088, -23.2678 ], [ -48.5103, -23.2698 ], [ -48.5145, -23.2719 ], [ -48.5161, -23.2704 ], [ -48.5192, -23.2705 ], [ -48.5199, -23.2721 ], [ -48.5224, -23.2725 ], [ -48.5254, -23.2717 ], [ -48.5269, -23.2716 ], [ -48.5295, -23.2729 ], [ -48.5331, -23.2727 ], [ -48.5371, -23.2732 ], [ -48.5385, -23.2739 ], [ -48.5402, -23.2757 ], [ -48.5439, -23.2778 ], [ -48.5476, -23.2806 ], [ -48.55, -23.2811 ], [ -48.5522, -23.2794 ], [ -48.5541, -23.2794 ], [ -48.5552, -23.2807 ], [ -48.5563, -23.2838 ], [ -48.5614, -23.289 ], [ -48.5634, -23.2912 ], [ -48.5665, -23.2957 ], [ -48.5685, -23.2971 ], [ -48.5708, -23.2974 ], [ -48.5762, -23.2959 ], [ -48.579, -23.2966 ], [ -48.5799, -23.2974 ], [ -48.5818, -23.3022 ], [ -48.5844, -23.308 ], [ -48.5866, -23.3114 ], [ -48.5881, -23.3132 ], [ -48.5905, -23.3149 ], [ -48.5927, -23.3154 ], [ -48.5993, -23.3154 ], [ -48.6037, -23.3162 ], [ -48.6123, -23.3195 ], [ -48.6248, -23.3256 ], [ -48.6269, -23.326 ], [ -48.6324, -23.326 ], [ -48.6372, -23.3268 ], [ -48.6407, -23.3278 ], [ -48.6475, -23.3291 ], [ -48.6451, -23.333 ], [ -48.6438, -23.3343 ], [ -48.6394, -23.3381 ], [ -48.6355, -23.3409 ], [ -48.6323, -23.3443 ], [ -48.6287, -23.3505 ], [ -48.6281, -23.3522 ], [ -48.6279, -23.3564 ], [ -48.6288, -23.3592 ], [ -48.6315, -23.3645 ], [ -48.6318, -23.3659 ], [ -48.6313, -23.3721 ], [ -48.6314, -23.3737 ], [ -48.6322, -23.3748 ], [ -48.6329, -23.3784 ], [ -48.634, -23.3819 ], [ -48.6337, -23.3829 ], [ -48.6347, -23.3848 ], [ -48.635, -23.3877 ], [ -48.6337, -23.3917 ], [ -48.634, -23.3927 ], [ -48.6332, -23.3949 ], [ -48.6331, -23.3979 ], [ -48.6349, -23.3995 ], [ -48.6353, -23.4008 ], [ -48.6356, -23.4044 ], [ -48.6369, -23.4066 ], [ -48.6385, -23.4074 ], [ -48.6393, -23.4086 ], [ -48.6419, -23.4098 ], [ -48.6465, -23.4086 ], [ -48.6483, -23.4086 ], [ -48.6492, -23.4092 ], [ -48.6538, -23.4082 ], [ -48.6561, -23.4096 ], [ -48.6563, -23.4141 ], [ -48.6529, -23.4173 ], [ -48.6522, -23.4189 ], [ -48.6495, -23.4218 ], [ -48.6497, -23.424 ], [ -48.653, -23.4289 ], [ -48.6531, -23.4314 ], [ -48.6501, -23.437 ], [ -48.6487, -23.4421 ], [ -48.6475, -23.4477 ], [ -48.6472, -23.4499 ], [ -48.6448, -23.4609 ], [ -48.6439, -23.4691 ], [ -48.6427, -23.4719 ], [ -48.6417, -23.4727 ], [ -48.6393, -23.4733 ], [ -48.6362, -23.4733 ], [ -48.6326, -23.4738 ], [ -48.6302, -23.4758 ], [ -48.6266, -23.4802 ], [ -48.6245, -23.4823 ], [ -48.6195, -23.4849 ], [ -48.6169, -23.4867 ], [ -48.6156, -23.4885 ], [ -48.6152, -23.4908 ], [ -48.6165, -23.4916 ], [ -48.6184, -23.4911 ], [ -48.6231, -23.4883 ], [ -48.6264, -23.4876 ], [ -48.6282, -23.4877 ], [ -48.6297, -23.4885 ], [ -48.6298, -23.4897 ], [ -48.6289, -23.491 ], [ -48.6256, -23.4943 ], [ -48.6245, -23.4971 ], [ -48.6268, -23.5015 ], [ -48.6282, -23.5034 ], [ -48.6312, -23.5065 ], [ -48.6327, -23.5084 ], [ -48.6339, -23.5109 ], [ -48.6343, -23.5138 ], [ -48.6339, -23.5175 ], [ -48.6326, -23.5208 ], [ -48.6329, -23.5223 ], [ -48.6344, -23.5254 ], [ -48.6355, -23.5264 ], [ -48.637, -23.5263 ], [ -48.6392, -23.5249 ], [ -48.6436, -23.5211 ], [ -48.6455, -23.5208 ], [ -48.6473, -23.5221 ], [ -48.6482, -23.5245 ], [ -48.6481, -23.5294 ], [ -48.6487, -23.5312 ], [ -48.6521, -23.5357 ], [ -48.6523, -23.5375 ], [ -48.6514, -23.5393 ], [ -48.6486, -23.5409 ], [ -48.6457, -23.5434 ], [ -48.644, -23.5443 ], [ -48.6424, -23.5443 ], [ -48.6407, -23.5433 ], [ -48.639, -23.5417 ], [ -48.6368, -23.5403 ], [ -48.6342, -23.5391 ], [ -48.6293, -23.538 ], [ -48.6247, -23.5373 ], [ -48.6218, -23.5382 ], [ -48.6215, -23.5406 ], [ -48.6228, -23.5426 ], [ -48.6284, -23.5439 ], [ -48.6301, -23.5453 ], [ -48.6305, -23.5465 ], [ -48.6287, -23.5552 ], [ -48.6297, -23.5582 ], [ -48.6293, -23.5604 ], [ -48.6276, -23.5618 ], [ -48.6252, -23.5619 ], [ -48.6199, -23.5603 ], [ -48.6164, -23.5609 ], [ -48.6148, -23.5624 ], [ -48.6147, -23.5653 ], [ -48.6138, -23.5667 ], [ -48.6132, -23.569 ], [ -48.6114, -23.572 ], [ -48.6105, -23.573 ], [ -48.6075, -23.5747 ], [ -48.6074, -23.5761 ], [ -48.6097, -23.5784 ], [ -48.6095, -23.5818 ], [ -48.6104, -23.5845 ], [ -48.611, -23.5877 ], [ -48.6085, -23.5902 ], [ -48.6092, -23.5919 ], [ -48.6122, -23.5929 ], [ -48.614, -23.5924 ], [ -48.6132, -23.5883 ], [ -48.614, -23.5876 ], [ -48.6185, -23.5877 ], [ -48.6202, -23.5902 ], [ -48.621, -23.5926 ], [ -48.6219, -23.594 ], [ -48.6256, -23.5951 ], [ -48.6268, -23.5947 ], [ -48.6277, -23.5936 ], [ -48.6336, -23.5941 ], [ -48.6351, -23.5935 ], [ -48.6365, -23.5919 ], [ -48.6402, -23.591 ], [ -48.6422, -23.5928 ], [ -48.6446, -23.5927 ], [ -48.6459, -23.5933 ], [ -48.6473, -23.5932 ], [ -48.6493, -23.5913 ], [ -48.6506, -23.5914 ], [ -48.6515, -23.5936 ], [ -48.653, -23.5946 ], [ -48.6536, -23.5957 ], [ -48.6555, -23.5963 ], [ -48.6571, -23.5962 ], [ -48.6592, -23.5949 ], [ -48.6618, -23.5947 ], [ -48.6629, -23.5951 ], [ -48.6657, -23.5941 ], [ -48.6662, -23.5919 ], [ -48.6701, -23.592 ], [ -48.6715, -23.5905 ], [ -48.6736, -23.5903 ], [ -48.6752, -23.5895 ], [ -48.6755, -23.5884 ], [ -48.678, -23.5876 ], [ -48.6804, -23.588 ], [ -48.6817, -23.5897 ], [ -48.684, -23.5942 ], [ -48.6863, -23.5958 ], [ -48.6877, -23.5963 ], [ -48.6883, -23.5979 ], [ -48.6899, -23.5987 ], [ -48.6915, -23.5986 ], [ -48.6936, -23.6009 ], [ -48.6954, -23.6011 ], [ -48.6976, -23.6025 ], [ -48.6996, -23.6028 ], [ -48.7006, -23.6018 ], [ -48.7026, -23.601 ], [ -48.7051, -23.602 ], [ -48.7065, -23.6017 ], [ -48.7079, -23.6021 ], [ -48.7085, -23.6002 ], [ -48.7114, -23.5996 ], [ -48.7143, -23.5999 ], [ -48.716, -23.5995 ], [ -48.719, -23.6003 ], [ -48.7214, -23.6005 ], [ -48.7221, -23.6019 ], [ -48.7249, -23.6015 ], [ -48.726, -23.6018 ], [ -48.7275, -23.6052 ], [ -48.7302, -23.6078 ], [ -48.7316, -23.6086 ], [ -48.735, -23.6082 ], [ -48.7373, -23.6088 ], [ -48.7384, -23.6098 ], [ -48.7411, -23.611 ], [ -48.7435, -23.6109 ], [ -48.7468, -23.6126 ], [ -48.7497, -23.613 ], [ -48.7551, -23.6131 ], [ -48.7576, -23.6149 ], [ -48.7597, -23.614 ], [ -48.7619, -23.615 ], [ -48.7632, -23.6148 ], [ -48.7649, -23.6135 ], [ -48.7672, -23.6138 ], [ -48.767, -23.6162 ], [ -48.7688, -23.6181 ], [ -48.7691, -23.6217 ], [ -48.7686, -23.6228 ], [ -48.7691, -23.6252 ], [ -48.7712, -23.6289 ], [ -48.7723, -23.6303 ], [ -48.7734, -23.635 ], [ -48.7755, -23.6381 ], [ -48.78, -23.6416 ], [ -48.781, -23.6428 ], [ -48.7856, -23.639 ], [ -48.7876, -23.6385 ], [ -48.7895, -23.639 ], [ -48.7919, -23.6407 ], [ -48.7936, -23.6412 ], [ -48.7969, -23.641 ], [ -48.8002, -23.6393 ], [ -48.8033, -23.6365 ], [ -48.8044, -23.6343 ], [ -48.8061, -23.6327 ], [ -48.809, -23.6288 ], [ -48.8124, -23.6235 ], [ -48.8148, -23.6215 ], [ -48.8162, -23.619 ], [ -48.8178, -23.6175 ], [ -48.8189, -23.6158 ], [ -48.819, -23.6115 ], [ -48.8188, -23.609 ], [ -48.8209, -23.6064 ], [ -48.8231, -23.6052 ], [ -48.8252, -23.6053 ], [ -48.8303, -23.6017 ], [ -48.832, -23.6011 ], [ -48.8334, -23.5983 ], [ -48.8353, -23.5962 ], [ -48.8374, -23.5945 ], [ -48.8411, -23.5935 ], [ -48.8442, -23.594 ], [ -48.8471, -23.595 ], [ -48.8499, -23.5963 ], [ -48.852, -23.5979 ], [ -48.8549, -23.6013 ], [ -48.8589, -23.6026 ], [ -48.8605, -23.6035 ], [ -48.863, -23.6058 ], [ -48.8673, -23.6081 ], [ -48.8694, -23.6085 ], [ -48.8749, -23.6103 ], [ -48.8766, -23.6099 ], [ -48.8783, -23.6103 ], [ -48.8826, -23.6123 ], [ -48.8895, -23.6124 ], [ -48.8919, -23.6138 ], [ -48.8959, -23.6147 ], [ -48.8975, -23.6158 ], [ -48.8981, -23.6174 ], [ -48.9015, -23.618 ], [ -48.9032, -23.6189 ], [ -48.9053, -23.6212 ], [ -48.9113, -23.6206 ], [ -48.9126, -23.6212 ], [ -48.9168, -23.6238 ], [ -48.9186, -23.6243 ], [ -48.9238, -23.6238 ], [ -48.9252, -23.6264 ], [ -48.9279, -23.6246 ], [ -48.9295, -23.6243 ], [ -48.9345, -23.6211 ], [ -48.9359, -23.6209 ], [ -48.9393, -23.6223 ], [ -48.9406, -23.6225 ], [ -48.9436, -23.6239 ], [ -48.9464, -23.6242 ], [ -48.9495, -23.623 ], [ -48.9504, -23.6217 ], [ -48.9521, -23.6211 ], [ -48.9546, -23.6223 ], [ -48.9585, -23.6229 ], [ -48.9655, -23.6235 ], [ -48.9734, -23.6225 ], [ -48.9783, -23.6234 ], [ -48.9792, -23.625 ], [ -48.9791, -23.6281 ], [ -48.9784, -23.6298 ], [ -48.9786, -23.631 ], [ -48.9842, -23.6337 ], [ -48.9867, -23.6357 ], [ -48.9876, -23.6389 ], [ -48.9896, -23.6409 ], [ -48.9922, -23.6422 ], [ -48.9957, -23.6425 ], [ -48.9981, -23.6416 ], [ -49.0019, -23.6381 ], [ -49.0044, -23.6366 ], [ -49.0058, -23.6335 ], [ -49.0069, -23.6328 ], [ -49.0082, -23.6338 ], [ -49.0096, -23.6359 ], [ -49.0103, -23.6384 ], [ -49.0105, -23.6412 ], [ -49.012, -23.6437 ], [ -49.0142, -23.6453 ], [ -49.0166, -23.6462 ], [ -49.0191, -23.6482 ], [ -49.0229, -23.6488 ], [ -49.0257, -23.6504 ], [ -49.0278, -23.6535 ], [ -49.0289, -23.656 ], [ -49.0305, -23.6627 ], [ -49.0314, -23.6655 ], [ -49.0315, -23.669 ], [ -49.031, -23.6723 ], [ -49.032, -23.6762 ], [ -49.0328, -23.6776 ], [ -49.0354, -23.679 ], [ -49.0371, -23.6795 ], [ -49.0408, -23.6818 ], [ -49.046, -23.6834 ], [ -49.0535, -23.6852 ], [ -49.0545, -23.6862 ], [ -49.0993, -23.7064 ], [ -49.1327, -23.7215 ], [ -49.1351, -23.7186 ], [ -49.136, -23.7185 ], [ -49.1394, -23.7154 ], [ -49.1416, -23.7121 ], [ -49.141, -23.7088 ], [ -49.1411, -23.7066 ], [ -49.1407, -23.7055 ], [ -49.1413, -23.704 ], [ -49.14, -23.702 ], [ -49.1421, -23.7 ], [ -49.145, -23.701 ], [ -49.1461, -23.7001 ], [ -49.1482, -23.6994 ], [ -49.1505, -23.6992 ], [ -49.1536, -23.6976 ], [ -49.1555, -23.697 ], [ -49.1568, -23.6949 ], [ -49.1585, -23.6938 ], [ -49.1602, -23.6938 ], [ -49.1629, -23.6932 ], [ -49.1678, -23.6938 ], [ -49.1708, -23.6964 ], [ -49.1734, -23.6968 ], [ -49.1747, -23.6975 ], [ -49.177, -23.7003 ], [ -49.179, -23.7007 ], [ -49.1823, -23.702 ], [ -49.1842, -23.7038 ], [ -49.1852, -23.7072 ], [ -49.1858, -23.7084 ], [ -49.1884, -23.7096 ], [ -49.1893, -23.7097 ], [ -49.1947, -23.7118 ], [ -49.1959, -23.713 ], [ -49.1972, -23.7134 ], [ -49.2018, -23.7132 ], [ -49.2038, -23.7122 ], [ -49.2084, -23.7107 ], [ -49.2131, -23.7086 ], [ -49.2173, -23.7073 ], [ -49.2191, -23.7066 ], [ -49.2237, -23.7066 ], [ -49.2263, -23.7058 ], [ -49.228, -23.7058 ], [ -49.2296, -23.7066 ], [ -49.2315, -23.7069 ], [ -49.2333, -23.7081 ], [ -49.235, -23.7081 ], [ -49.2371, -23.7073 ], [ -49.2395, -23.707 ], [ -49.2428, -23.7055 ], [ -49.2446, -23.7053 ], [ -49.2465, -23.7065 ], [ -49.2472, -23.7101 ], [ -49.248, -23.7105 ], [ -49.2523, -23.7104 ], [ -49.2537, -23.71 ], [ -49.2562, -23.7109 ], [ -49.2584, -23.7132 ], [ -49.259, -23.7154 ], [ -49.2591, -23.718 ], [ -49.2641, -23.7216 ], [ -49.2687, -23.7226 ], [ -49.2709, -23.7226 ], [ -49.2741, -23.722 ], [ -49.2761, -23.7234 ], [ -49.2761, -23.7247 ], [ -49.2817, -23.7258 ], [ -49.2861, -23.7274 ], [ -49.2876, -23.7292 ], [ -49.2892, -23.7319 ], [ -49.2908, -23.7335 ], [ -49.2949, -23.7361 ], [ -49.2994, -23.7377 ], [ -49.3013, -23.7378 ], [ -49.3022, -23.7371 ], [ -49.3035, -23.734 ], [ -49.3048, -23.7331 ], [ -49.305, -23.7301 ], [ -49.3058, -23.7273 ], [ -49.308, -23.7234 ], [ -49.3102, -23.7211 ], [ -49.312, -23.7199 ], [ -49.3131, -23.717 ], [ -49.3147, -23.7156 ], [ -49.3122, -23.7142 ], [ -49.31, -23.7116 ], [ -49.3135, -23.7088 ], [ -49.3151, -23.7065 ], [ -49.3166, -23.7033 ], [ -49.3176, -23.7001 ], [ -49.3184, -23.6993 ], [ -49.3213, -23.698 ], [ -49.3224, -23.6967 ], [ -49.323, -23.6937 ], [ -49.3224, -23.6918 ], [ -49.3227, -23.6896 ], [ -49.3252, -23.6856 ], [ -49.3263, -23.6819 ], [ -49.3274, -23.6808 ], [ -49.3314, -23.6801 ], [ -49.3335, -23.6791 ], [ -49.3368, -23.6789 ], [ -49.34, -23.6795 ], [ -49.346, -23.68 ], [ -49.3496, -23.68 ], [ -49.3567, -23.6771 ], [ -49.3592, -23.677 ], [ -49.358, -23.6738 ], [ -49.3586, -23.6731 ], [ -49.3589, -23.6702 ], [ -49.3583, -23.6686 ], [ -49.3567, -23.6678 ], [ -49.3565, -23.6664 ], [ -49.3553, -23.6666 ], [ -49.3553, -23.6638 ], [ -49.3578, -23.6617 ], [ -49.3585, -23.66 ], [ -49.3594, -23.6596 ], [ -49.3597, -23.6577 ], [ -49.3591, -23.656 ], [ -49.3593, -23.6544 ], [ -49.3587, -23.6538 ], [ -49.3592, -23.6517 ], [ -49.3608, -23.6502 ], [ -49.3629, -23.6489 ], [ -49.3645, -23.6467 ], [ -49.366, -23.646 ], [ -49.3705, -23.6411 ], [ -49.3741, -23.6405 ], [ -49.3761, -23.6389 ], [ -49.378, -23.6381 ], [ -49.3804, -23.6381 ], [ -49.3878, -23.6398 ], [ -49.3892, -23.6397 ], [ -49.3902, -23.6385 ], [ -49.3894, -23.6359 ], [ -49.39, -23.6351 ], [ -49.3929, -23.6343 ], [ -49.3966, -23.6336 ], [ -49.3991, -23.6326 ], [ -49.4007, -23.6317 ], [ -49.4035, -23.6278 ], [ -49.4036, -23.6233 ], [ -49.402, -23.6187 ], [ -49.4012, -23.6173 ], [ -49.4013, -23.6135 ], [ -49.4024, -23.6101 ], [ -49.4019, -23.6074 ], [ -49.4005, -23.6057 ], [ -49.3995, -23.6024 ], [ -49.3992, -23.5981 ], [ -49.3994, -23.5958 ], [ -49.3989, -23.5941 ], [ -49.3996, -23.5926 ], [ -49.3997, -23.587 ], [ -49.4008, -23.5829 ], [ -49.4001, -23.5822 ], [ -49.4001, -23.5798 ], [ -49.4023, -23.5788 ], [ -49.4048, -23.576 ], [ -49.4061, -23.576 ], [ -49.4091, -23.5748 ], [ -49.4138, -23.575 ], [ -49.417, -23.5765 ], [ -49.418, -23.5763 ], [ -49.4178, -23.5746 ], [ -49.4202, -23.571 ], [ -49.4204, -23.57 ], [ -49.4198, -23.5682 ], [ -49.4202, -23.5672 ], [ -49.4195, -23.5643 ], [ -49.4206, -23.562 ], [ -49.4215, -23.5615 ], [ -49.4228, -23.5591 ], [ -49.4251, -23.5568 ], [ -49.4263, -23.556 ], [ -49.4274, -23.5546 ], [ -49.43, -23.5544 ], [ -49.4344, -23.5518 ], [ -49.4353, -23.5523 ], [ -49.4366, -23.5551 ], [ -49.4383, -23.5546 ], [ -49.4389, -23.5558 ], [ -49.441, -23.5569 ], [ -49.4424, -23.5565 ], [ -49.4427, -23.5582 ], [ -49.4439, -23.56 ], [ -49.443, -23.5616 ], [ -49.4434, -23.5636 ], [ -49.4443, -23.5641 ], [ -49.4466, -23.5625 ], [ -49.4489, -23.5621 ], [ -49.4489, -23.5602 ], [ -49.4518, -23.5569 ], [ -49.4534, -23.5564 ], [ -49.4556, -23.5539 ], [ -49.4563, -23.5523 ], [ -49.4585, -23.5512 ], [ -49.4593, -23.5499 ], [ -49.463, -23.5478 ], [ -49.4629, -23.5454 ], [ -49.4649, -23.544 ], [ -49.4663, -23.5436 ], [ -49.4684, -23.542 ], [ -49.472, -23.5411 ], [ -49.4745, -23.5402 ], [ -49.4764, -23.5409 ], [ -49.4776, -23.5411 ], [ -49.48, -23.5405 ] ] ] } },
{ "type": "Feature", "properties": { "nome_raj": "4ª RAJ Campinas", "id_municipio_ibge": 3500303, "nome_municipio": "Aguaí", "populacao_municipio": 32072, "id_foro": 3, "nome_foro": "Aguaí", "endereco_sede": "Rua Joaquim Paula Cruz , 900 - Jd. Sta. Úrsula, 13863-044", "latitude": -22.049949649172998, "longitude": -47.040328913184439, "id_cj": 50.0, "nome_cj": "São João da Boa Vista", "id_raj": 4, "populacao_foro": 32072, "cidades_no_foro": "Aguaí", "cidades_na_cj": "Aguaí, Espírito Santo do Pinhal, Santo Antônio do Jardim, São João da Boa Vista, Vargem Grande do Sul, Águas da Prata" }, "geometry": { "type": "Polygon", "coordinates": [ [ [ -47.7049, -23.2282 ], [ -47.7082, -23.2294 ], [ -47.7098, -23.2294 ], [ -47.715, -23.2313 ], [ -47.719, -23.2342 ], [ -47.7202, -23.2344 ], [ -47.7238, -23.2322 ], [ -47.7268, -23.2318 ], [ -47.7295, -23.2306 ], [ -47.7327, -23.2306 ], [ -47.7357, -23.23 ], [ -47.7385, -23.2305 ], [ -47.7419, -23.2296 ], [ -47.7432, -23.2299 ], [ -47.745, -23.2311 ], [ -47.7468, -23.2333 ], [ -47.7486, -23.2377 ], [ -47.7503, -23.2393 ], [ -47.7532, -23.2409 ], [ -47.7562, -23.2412 ], [ -47.7618, -23.2423 ], [ -47.7632, -23.2434 ], [ -47.7668, -23.248 ], [ -47.7713, -23.2515 ], [ -47.7722, -23.2518 ], [ -47.7741, -23.2519 ], [ -47.7757, -23.2528 ], [ -47.7778, -23.2531 ], [ -47.7822, -23.2525 ], [ -47.7829, -23.2514 ], [ -47.7819, -23.2479 ], [ -47.7823, -23.2433 ], [ -47.7822, -23.2418 ], [ -47.7813, -23.2395 ], [ -47.7815, -23.2377 ], [ -47.7829, -23.2368 ], [ -47.7847, -23.2365 ], [ -47.7858, -23.2357 ], [ -47.7859, -23.2347 ], [ -47.7837, -23.2335 ], [ -47.7816, -23.2333 ], [ -47.7803, -23.2326 ], [ -47.7798, -23.2312 ], [ -47.7805, -23.2299 ], [ -47.7822, -23.228 ], [ -47.7817, -23.2267 ], [ -47.7799, -23.2254 ], [ -47.7797, -23.2242 ], [ -47.7806, -23.2231 ], [ -47.7836, -23.2225 ], [ -47.7832, -23.2287 ], [ -47.7842, -23.2306 ], [ -47.7862, -23.2319 ], [ -47.7874, -23.232 ], [ -47.7913, -23.2293 ], [ -47.7934, -23.2286 ], [ -47.7952, -23.2287 ], [ -47.7978, -23.2309 ], [ -47.8006, -23.2344 ], [ -47.802, -23.2352 ], [ -47.8049, -23.2358 ], [ -47.8066, -23.2369 ], [ -47.8077, -23.2367 ], [ -47.8115, -23.2334 ], [ -47.812, -23.2323 ], [ -47.8125, -23.2294 ], [ -47.8146, -23.2283 ], [ -47.8149, -23.2275 ], [ -47.8129, -23.2244 ], [ -47.8112, -23.2227 ], [ -47.8093, -23.2224 ], [ -47.8076, -23.2244 ], [ -47.8063, -23.2252 ], [ -47.803, -23.226 ], [ -47.802, -23.2253 ], [ -47.8025, -23.2239 ], [ -47.8018, -23.2224 ], [ -47.8039, -23.2203 ], [ -47.8051, -23.2179 ], [ -47.8051, -23.2166 ], [ -47.8027, -23.2123 ], [ -47.8038, -23.2113 ], [ -47.8051, -23.2117 ], [ -47.807, -23.2135 ], [ -47.8084, -23.2156 ], [ -47.8095, -23.2164 ], [ -47.8128, -23.216 ], [ -47.8156, -23.2143 ], [ -47.8179, -23.2133 ], [ -47.8196, -23.212 ], [ -47.8228, -23.2082 ], [ -47.8273, -23.2046 ], [ -47.8273, -23.2033 ], [ -47.8254, -23.2029 ], [ -47.8205, -23.2011 ], [ -47.819, -23.2002 ], [ -47.8186, -23.1991 ], [ -47.8185, -23.1958 ], [ -47.8191, -23.1926 ], [ -47.8186, -23.1919 ], [ -47.8156, -23.1908 ], [ -47.8139, -23.1916 ], [ -47.8143, -23.1942 ], [ -47.8133, -23.1943 ], [ -47.812, -23.1929 ], [ -47.812, -23.1904 ], [ -47.8103, -23.19 ], [ -47.8093, -23.1888 ], [ -47.8107, -23.1876 ], [ -47.8099, -23.1869 ], [ -47.8073, -23.1871 ], [ -47.8071, -23.1855 ], [ -47.8089, -23.1834 ], [ -47.8123, -23.1819 ], [ -47.8166, -23.1792 ], [ -47.8182, -23.1779 ], [ -47.819, -23.1761 ], [ -47.8179, -23.1739 ], [ -47.8149, -23.1713 ], [ -47.8128, -23.1706 ], [ -47.8093, -23.1702 ], [ -47.8057, -23.1709 ], [ -47.8046, -23.1707 ], [ -47.8045, -23.1689 ], [ -47.8054, -23.1655 ], [ -47.8068, -23.1635 ], [ -47.8134, -23.1567 ], [ -47.8144, -23.1541 ], [ -47.8171, -23.1526 ], [ -47.8233, -23.1513 ], [ -47.8248, -23.1514 ], [ -47.8279, -23.1503 ], [ -47.8298, -23.1522 ], [ -47.8319, -23.1524 ], [ -47.8345, -23.1543 ], [ -47.8366, -23.1543 ], [ -47.8394, -23.1564 ], [ -47.8391, -23.1576 ], [ -47.8409, -23.1583 ], [ -47.8432, -23.1575 ], [ -47.8451, -23.1591 ], [ -47.844, -23.1599 ], [ -47.844, -23.1619 ], [ -47.8449, -23.1624 ], [ -47.8442, -23.1642 ], [ -47.843, -23.1641 ], [ -47.842, -23.1629 ], [ -47.841, -23.1634 ], [ -47.8409, -23.1649 ], [ -47.8391, -23.1655 ], [ -47.8393, -23.1678 ], [ -47.8373, -23.1695 ], [ -47.8395, -23.1703 ], [ -47.8408, -23.1721 ], [ -47.8391, -23.174 ], [ -47.8436, -23.174 ], [ -47.8445, -23.1746 ], [ -47.8477, -23.173 ], [ -47.8492, -23.1734 ], [ -47.8515, -23.1728 ], [ -47.8533, -23.1731 ], [ -47.8554, -23.175 ], [ -47.857, -23.175 ], [ -47.8582, -23.1759 ], [ -47.8598, -23.1758 ], [ -47.8596, -23.1725 ], [ -47.8598, -23.1717 ], [ -47.862, -23.1707 ], [ -47.865, -23.1698 ], [ -47.8658, -23.1676 ], [ -47.8688, -23.1667 ], [ -47.8693, -23.1656 ], [ -47.8718, -23.1643 ], [ -47.8725, -23.1631 ], [ -47.8744, -23.1619 ], [ -47.8747, -23.1608 ], [ -47.8761, -23.1601 ], [ -47.8794, -23.1601 ], [ -47.8813, -23.1612 ], [ -47.8829, -23.1629 ], [ -47.885, -23.1636 ], [ -47.8857, -23.1619 ], [ -47.8898, -23.1613 ], [ -47.8912, -23.1605 ], [ -47.8928, -23.1614 ], [ -47.8967, -23.161 ], [ -47.8981, -23.1603 ], [ -47.9001, -23.1605 ], [ -47.9014, -23.1601 ], [ -47.9056, -23.1607 ], [ -47.9066, -23.1604 ], [ -47.91, -23.1609 ], [ -47.9101, -23.1598 ], [ -47.9092, -23.1567 ], [ -47.9076, -23.1541 ], [ -47.9071, -23.1526 ], [ -47.9089, -23.1507 ], [ -47.9096, -23.1488 ], [ -47.9097, -23.147 ], [ -47.9087, -23.1451 ], [ -47.9119, -23.1435 ], [ -47.9145, -23.1408 ], [ -47.9147, -23.1396 ], [ -47.9135, -23.1369 ], [ -47.9121, -23.1355 ], [ -47.9101, -23.1315 ], [ -47.9098, -23.1303 ], [ -47.9084, -23.1285 ], [ -47.9085, -23.1274 ], [ -47.9075, -23.1259 ], [ -47.9084, -23.1234 ], [ -47.9085, -23.1209 ], [ -47.9093, -23.1194 ], [ -47.9087, -23.1177 ], [ -47.9074, -23.1111 ], [ -47.9088, -23.1093 ], [ -47.9084, -23.1075 ], [ -47.9123, -23.0804 ], [ -47.9158, -23.0812 ], [ -47.9185, -23.0807 ], [ -47.9265, -23.0812 ], [ -47.9297, -23.0805 ], [ -47.9298, -23.0788 ], [ -47.9281, -23.0768 ], [ -47.9278, -23.0734 ], [ -47.9282, -23.0687 ], [ -47.9293, -23.0648 ], [ -47.9321, -23.0616 ], [ -47.9327, -23.0601 ], [ -47.9316, -23.0587 ], [ -47.9292, -23.0584 ], [ -47.9272, -23.0595 ], [ -47.926, -23.0592 ], [ -47.925, -23.0576 ], [ -47.9204, -23.0565 ], [ -47.9175, -23.0554 ], [ -47.9151, -23.055 ], [ -47.9118, -23.0553 ], [ -47.9062, -23.0581 ], [ -47.9044, -23.0603 ], [ -47.8995, -23.0605 ], [ -47.8984, -23.0597 ], [ -47.898, -23.0582 ], [ -47.8987, -23.0571 ], [ -47.9011, -23.0556 ], [ -47.9037, -23.0516 ], [ -47.905, -23.0507 ], [ -47.9059, -23.0482 ], [ -47.9082, -23.046 ], [ -47.9103, -23.0459 ], [ -47.9123, -23.0452 ], [ -47.9139, -23.0441 ], [ -47.9156, -23.0417 ], [ -47.9157, -23.0391 ], [ -47.9148, -23.038 ], [ -47.9118, -23.0364 ], [ -47.9094, -23.0346 ], [ -47.9088, -23.0333 ], [ -47.9129, -23.0314 ], [ -47.917, -23.0306 ], [ -47.9185, -23.031 ], [ -47.9201, -23.0298 ], [ -47.9187, -23.028 ], [ -47.919, -23.0262 ], [ -47.9208, -23.0253 ], [ -47.9217, -23.0241 ], [ -47.9236, -23.0201 ], [ -47.9264, -23.0171 ], [ -47.9284, -23.0163 ], [ -47.9337, -23.015 ], [ -47.9369, -23.0146 ], [ -47.9403, -23.0136 ], [ -47.9439, -23.0087 ], [ -47.9451, -23.0057 ], [ -47.9452, -23.0045 ], [ -47.9462, -23.0034 ], [ -47.9465, -23.002 ], [ -47.9454, -23.0006 ], [ -47.9451, -22.9971 ], [ -47.944, -22.9963 ], [ -47.9419, -22.9958 ], [ -47.9408, -22.9945 ], [ -47.9407, -22.9929 ], [ -47.9392, -22.9911 ], [ -47.9392, -22.9898 ], [ -47.9376, -22.9891 ], [ -47.9374, -22.9878 ], [ -47.9381, -22.9856 ], [ -47.9364, -22.9831 ], [ -47.933, -22.9817 ], [ -47.9319, -22.9819 ], [ -47.9298, -22.9812 ], [ -47.9285, -22.9798 ], [ -47.9292, -22.9777 ], [ -47.9288, -22.9753 ], [ -47.9292, -22.9731 ], [ -47.931, -22.9723 ], [ -47.9337, -22.9704 ], [ -47.9352, -22.9678 ], [ -47.9329, -22.966 ], [ -47.9332, -22.9642 ], [ -47.932, -22.9629 ], [ -47.933, -22.9615 ], [ -47.9341, -22.9611 ], [ -47.9361, -22.9593 ], [ -47.9391, -22.9578 ], [ -47.9406, -22.9555 ], [ -47.9401, -22.9543 ], [ -47.9386, -22.9531 ], [ -47.9372, -22.9513 ], [ -47.9353, -22.9512 ], [ -47.9339, -22.9495 ], [ -47.9338, -22.9451 ], [ -47.9368, -22.9394 ], [ -47.94, -22.9362 ], [ -47.9422, -22.936 ], [ -47.9471, -22.9334 ], [ -47.95, -22.9299 ], [ -47.9514, -22.9266 ], [ -47.9515, -22.9245 ], [ -47.9503, -22.9218 ], [ -47.9492, -22.9174 ], [ -47.949, -22.9156 ], [ -47.9475, -22.9103 ], [ -47.9462, -22.9075 ], [ -47.9442, -22.9058 ], [ -47.9411, -22.9051 ], [ -47.9389, -22.9037 ], [ -47.9382, -22.9019 ], [ -47.9378, -22.899 ], [ -47.9379, -22.8955 ], [ -47.9371, -22.8935 ], [ -47.9351, -22.8923 ], [ -47.932, -22.8911 ], [ -47.9281, -22.887 ], [ -47.9278, -22.8847 ], [ -47.9308, -22.8833 ], [ -47.9326, -22.8828 ], [ -47.9355, -22.883 ], [ -47.9392, -22.8829 ], [ -47.9425, -22.8839 ], [ -47.946, -22.8873 ], [ -47.9478, -22.8887 ], [ -47.9501, -22.8888 ], [ -47.9543, -22.8886 ], [ -47.959, -22.8892 ], [ -47.9615, -22.8903 ], [ -47.9639, -22.894 ], [ -47.9686, -22.8997 ], [ -47.9703, -22.9001 ], [ -47.973, -22.8984 ], [ -47.9737, -22.8974 ], [ -47.9744, -22.8938 ], [ -47.9756, -22.8904 ], [ -47.9756, -22.8891 ], [ -47.975, -22.8869 ], [ -47.975, -22.8852 ], [ -47.9779, -22.8809 ], [ -47.9796, -22.879 ], [ -47.9816, -22.8757 ], [ -47.982, -22.8709 ], [ -47.9828, -22.8694 ], [ -47.9845, -22.8687 ], [ -47.9865, -22.8688 ], [ -47.9891, -22.8709 ], [ -47.9903, -22.8731 ], [ -47.9913, -22.8758 ], [ -47.9911, -22.8798 ], [ -47.9908, -22.8807 ], [ -47.9879, -22.8858 ], [ -47.9878, -22.8879 ], [ -47.9926, -22.8955 ], [ -47.9947, -22.8972 ], [ -47.9976, -22.8986 ], [ -47.9997, -22.8992 ], [ -48.0025, -22.8993 ], [ -48.0046, -22.898 ], [ -48.0094, -22.896 ], [ -48.0111, -22.8945 ], [ -48.0127, -22.8903 ], [ -48.0143, -22.8876 ], [ -48.0153, -22.8847 ], [ -48.0147, -22.8836 ], [ -48.0097, -22.8833 ], [ -48.0065, -22.8828 ], [ -48.0036, -22.8817 ], [ -48.0024, -22.8804 ], [ -48.0013, -22.8778 ], [ -48.0014, -22.876 ], [ -48.0031, -22.8722 ], [ -48.0032, -22.8708 ], [ -48.0027, -22.8672 ], [ -48.0031, -22.8658 ], [ -48.0046, -22.8641 ], [ -48.008, -22.8614 ], [ -48.0098, -22.859 ], [ -48.0122, -22.8544 ], [ -48.0144, -22.8523 ], [ -48.0178, -22.8512 ], [ -48.0226, -22.8504 ], [ -48.0253, -22.8497 ], [ -48.0286, -22.8497 ], [ -48.0317, -22.849 ], [ -48.0341, -22.8489 ], [ -48.0375, -22.8482 ], [ -48.0399, -22.8469 ], [ -48.0409, -22.8454 ], [ -48.0419, -22.8428 ], [ -48.0466, -22.8358 ], [ -48.0474, -22.8338 ], [ -48.0475, -22.8319 ], [ -48.0468, -22.8318 ], [ -48.0418, -22.8289 ], [ -48.0386, -22.8284 ], [ -48.034, -22.8272 ], [ -48.032, -22.8257 ], [ -48.0322, -22.823 ], [ -48.0336, -22.8186 ], [ -48.0332, -22.8161 ], [ -48.0321, -22.8123 ], [ -48.0322, -22.8095 ], [ -48.031, -22.8074 ], [ -48.0307, -22.8059 ], [ -48.031, -22.8024 ], [ -48.0318, -22.798 ], [ -48.0317, -22.7962 ], [ -48.0285, -22.7922 ], [ -48.0272, -22.7919 ], [ -48.0269, -22.7888 ], [ -48.0275, -22.7863 ], [ -48.0278, -22.7823 ], [ -48.029, -22.78 ], [ -48.0294, -22.7775 ], [ -48.0285, -22.774 ], [ -48.0279, -22.7733 ], [ -48.0283, -22.7696 ], [ -48.0268, -22.7625 ], [ -48.0279, -22.7582 ], [ -48.028, -22.7551 ], [ -48.0275, -22.7529 ], [ -48.025, -22.7495 ], [ -48.0234, -22.7487 ], [ -48.0216, -22.7486 ], [ -48.0174, -22.7495 ], [ -48.0159, -22.7485 ], [ -48.0182, -22.7443 ], [ -48.0179, -22.7429 ], [ -48.0183, -22.7414 ], [ -48.0166, -22.7371 ], [ -48.0152, -22.7363 ], [ -48.0143, -22.7346 ], [ -48.0149, -22.7334 ], [ -48.0168, -22.7314 ], [ -48.0181, -22.7287 ], [ -48.0217, -22.7241 ], [ -48.0243, -22.7244 ], [ -48.026, -22.7236 ], [ -48.0283, -22.7216 ], [ -48.0295, -22.7199 ], [ -48.0315, -22.7192 ], [ -48.0326, -22.7197 ], [ -48.0351, -22.7217 ], [ -48.0378, -22.7247 ], [ -48.0388, -22.7253 ], [ -48.0452, -22.7245 ], [ -48.0463, -22.7248 ], [ -48.0505, -22.729 ], [ -48.0548, -22.7313 ], [ -48.0586, -22.7339 ], [ -48.0645, -22.7357 ], [ -48.0701, -22.7369 ], [ -48.0717, -22.7363 ], [ -48.0743, -22.7314 ], [ -48.0759, -22.7262 ], [ -48.0775, -22.7256 ], [ -48.0807, -22.7255 ], [ -48.0827, -22.725 ], [ -48.0839, -22.7239 ], [ -48.0856, -22.7205 ], [ -48.0865, -22.718 ], [ -48.0866, -22.716 ], [ -48.0861, -22.7111 ], [ -48.0864, -22.7071 ], [ -48.0878, -22.7064 ], [ -48.0906, -22.7061 ], [ -48.0939, -22.7022 ], [ -48.0975, -22.6936 ], [ -48.0975, -22.6912 ], [ -48.0984, -22.6897 ], [ -48.0986, -22.6884 ], [ -48.0957, -22.6839 ], [ -48.0953, -22.6779 ], [ -48.093, -22.6757 ], [ -48.0925, -22.6721 ], [ -48.0902, -22.6686 ], [ -48.0895, -22.667 ], [ -48.0895, -22.6583 ], [ -48.0885, -22.6519 ], [ -48.0906, -22.6519 ], [ -48.0939, -22.651 ], [ -48.0957, -22.6488 ], [ -48.0957, -22.6463 ], [ -48.0952, -22.6449 ], [ -48.0913, -22.637 ], [ -48.0903, -22.6324 ], [ -48.0904, -22.6304 ], [ -48.091, -22.6283 ], [ -48.093, -22.6255 ], [ -48.0953, -22.6238 ], [ -48.0964, -22.6234 ], [ -48.0988, -22.6239 ], [ -48.1012, -22.6253 ], [ -48.1034, -22.6261 ], [ -48.1118, -22.6287 ], [ -48.1177, -22.6296 ], [ -48.1226, -22.6294 ], [ -48.134, -22.6286 ], [ -48.1364, -22.6287 ], [ -48.1418, -22.6297 ], [ -48.1453, -22.6307 ], [ -48.1493, -22.6327 ], [ -48.1563, -22.6378 ], [ -48.1591, -22.6381 ], [ -48.1619, -22.6372 ], [ -48.1642, -22.6357 ], [ -48.1687, -22.6308 ], [ -48.1721, -22.6287 ], [ -48.1762, -22.6268 ], [ -48.18, -22.6257 ], [ -48.1835, -22.6256 ], [ -48.1872, -22.6258 ], [ -48.1905, -22.6253 ], [ -48.2058, -22.6204 ], [ -48.2105, -22.6181 ], [ -48.2138, -22.6152 ], [ -48.2147, -22.614 ], [ -48.2154, -22.6117 ], [ -48.2153, -22.6043 ], [ -48.2162, -22.6012 ], [ -48.2178, -22.5983 ], [ -48.219, -22.597 ], [ -48.2227, -22.595 ], [ -48.2272, -22.594 ], [ -48.2313, -22.5944 ], [ -48.2338, -22.5959 ], [ -48.2361, -22.5988 ], [ -48.237, -22.6009 ], [ -48.2375, -22.6059 ], [ -48.2396, -22.6128 ], [ -48.2408, -22.6156 ], [ -48.2426, -22.6179 ], [ -48.2439, -22.6186 ], [ -48.2464, -22.619 ], [ -48.2502, -22.6196 ], [ -48.2516, -22.6194 ], [ -48.2542, -22.6178 ], [ -48.2571, -22.6141 ], [ -48.2583, -22.6122 ], [ -48.2615, -22.6054 ], [ -48.2595, -22.604 ], [ -48.2584, -22.6028 ], [ -48.2565, -22.5989 ], [ -48.2556, -22.5953 ], [ -48.2544, -22.5912 ], [ -48.2516, -22.5844 ], [ -48.2492, -22.5816 ], [ -48.2477, -22.5785 ], [ -48.2479, -22.5738 ], [ -48.2486, -22.5698 ], [ -48.2498, -22.5675 ], [ -48.2509, -22.5664 ], [ -48.2527, -22.5634 ], [ -48.2545, -22.5587 ], [ -48.2562, -22.5559 ], [ -48.2562, -22.5549 ], [ -48.2539, -22.5529 ], [ -48.253, -22.5507 ], [ -48.2542, -22.5488 ], [ -48.2544, -22.547 ], [ -48.2558, -22.5451 ], [ -48.2603, -22.5425 ], [ -48.2601, -22.5404 ], [ -48.2575, -22.5385 ], [ -48.2542, -22.5371 ], [ -48.2527, -22.536 ], [ -48.2498, -22.5319 ], [ -48.249, -22.5296 ], [ -48.247, -22.5263 ], [ -48.2427, -22.522 ], [ -48.2394, -22.5203 ], [ -48.2349, -22.5204 ], [ -48.2404, -22.5159 ], [ -48.2454, -22.5144 ], [ -48.247, -22.5149 ], [ -48.251, -22.5185 ], [ -48.2547, -22.5198 ], [ -48.2597, -22.5207 ], [ -48.2608, -22.5212 ], [ -48.2616, -22.5228 ], [ -48.2633, -22.5248 ], [ -48.2665, -22.5267 ], [ -48.2702, -22.5272 ], [ -48.2723, -22.5286 ], [ -48.2768, -22.5273 ], [ -48.2783, -22.5275 ], [ -48.2799, -22.5264 ], [ -48.2825, -22.5254 ], [ -48.2871, -22.5251 ], [ -48.2865, -22.5228 ], [ -48.2855, -22.5222 ], [ -48.2835, -22.5198 ], [ -48.2835, -22.5179 ], [ -48.2842, -22.5163 ], [ -48.2842, -22.5146 ], [ -48.2826, -22.5127 ], [ -48.2823, -22.5107 ], [ -48.2828, -22.5095 ], [ -48.282, -22.5087 ], [ -48.2822, -22.5071 ], [ -48.2809, -22.506 ], [ -48.2796, -22.5037 ], [ -48.2793, -22.5018 ], [ -48.2781, -22.4997 ], [ -48.2785, -22.4985 ], [ -48.2774, -22.4965 ], [ -48.2758, -22.4952 ], [ -48.2737, -22.4952 ], [ -48.2716, -22.4939 ], [ -48.2706, -22.4928 ], [ -48.2677, -22.4928 ], [ -48.2641, -22.4922 ], [ -48.2619, -22.4931 ], [ -48.2596, -22.4928 ], [ -48.2564, -22.4913 ], [ -48.2555, -22.4888 ], [ -48.246, -22.4824 ], [ -48.2455, -22.4807 ], [ -48.243, -22.4794 ], [ -48.2431, -22.4785 ], [ -48.2444, -22.4759 ], [ -48.2439, -22.4729 ], [ -48.2439, -22.4702 ], [ -48.2431, -22.4694 ], [ -48.2442, -22.4677 ], [ -48.2467, -22.467 ], [ -48.248, -22.4653 ], [ -48.2513, -22.465 ], [ -48.2545, -22.463 ], [ -48.2564, -22.4604 ], [ -48.2569, -22.4577 ], [ -48.2598, -22.4553 ], [ -48.261, -22.4549 ], [ -48.263, -22.4528 ], [ -48.2653, -22.4497 ], [ -48.2689, -22.4479 ], [ -48.2694, -22.4454 ], [ -48.2704, -22.4437 ], [ -48.2705, -22.4413 ], [ -48.2712, -22.4396 ], [ -48.2735, -22.4369 ], [ -48.2745, -22.4342 ], [ -48.2771, -22.4323 ], [ -48.2773, -22.4311 ], [ -48.2787, -22.4271 ], [ -48.2778, -22.4234 ], [ -48.2766, -22.4226 ], [ -48.2756, -22.4209 ], [ -48.2741, -22.4202 ], [ -48.2708, -22.4181 ], [ -48.2687, -22.416 ], [ -48.2671, -22.4133 ], [ -48.2682, -22.4084 ], [ -48.2629, -22.4004 ], [ -48.262, -22.3996 ], [ -48.2614, -22.3975 ], [ -48.2566, -22.3933 ], [ -48.2539, -22.39 ], [ -48.2505, -22.3879 ], [ -48.2489, -22.3884 ], [ -48.2483, -22.3908 ], [ -48.2401, -22.3933 ], [ -48.2382, -22.3932 ], [ -48.237, -22.3911 ], [ -48.2373, -22.3882 ], [ -48.2397, -22.3855 ], [ -48.2405, -22.3842 ], [ -48.2409, -22.3811 ], [ -48.2418, -22.3795 ], [ -48.2425, -22.3773 ], [ -48.2428, -22.3728 ], [ -48.2408, -22.3683 ], [ -48.2393, -22.3675 ], [ -48.2401, -22.3658 ], [ -48.2398, -22.3641 ], [ -48.2408, -22.36 ], [ -48.2418, -22.3564 ], [ -48.2433, -22.3534 ], [ -48.2439, -22.3507 ], [ -48.2451, -22.3483 ], [ -48.2469, -22.3473 ], [ -48.2507, -22.3432 ], [ -48.2505, -22.3407 ], [ -48.2519, -22.3393 ], [ -48.2535, -22.3369 ], [ -48.256, -22.3362 ], [ -48.2567, -22.3334 ], [ -48.2577, -22.3328 ], [ -48.2589, -22.3265 ], [ -48.2604, -22.3241 ], [ -48.2615, -22.3236 ], [ -48.262, -22.3223 ], [ -48.2638, -22.3219 ], [ -48.2653, -22.3202 ], [ -48.2659, -22.3174 ], [ -48.2653, -22.3156 ], [ -48.2655, -22.3144 ], [ -48.2666, -22.3138 ], [ -48.2671, -22.3124 ], [ -48.2689, -22.3107 ], [ -48.2684, -22.3088 ], [ -48.2696, -22.3078 ], [ -48.2702, -22.3064 ], [ -48.2716, -22.3059 ], [ -48.2718, -22.3039 ], [ -48.2746, -22.3037 ], [ -48.2769, -22.3002 ], [ -48.2787, -22.2982 ], [ -48.2805, -22.2976 ], [ -48.2807, -22.2964 ], [ -48.2796, -22.2951 ], [ -48.2808, -22.2941 ], [ -48.2809, -22.2911 ], [ -48.2826, -22.2891 ], [ -48.2845, -22.2883 ], [ -48.2839, -22.2861 ], [ -48.2862, -22.2837 ], [ -48.286, -22.2824 ], [ -48.2873, -22.2811 ], [ -48.2885, -22.2808 ], [ -48.2913, -22.2816 ], [ -48.2931, -22.2829 ], [ -48.2951, -22.2852 ], [ -48.2964, -22.2863 ], [ -48.299, -22.2865 ], [ -48.2971, -22.2842 ], [ -48.2968, -22.2821 ], [ -48.2974, -22.2801 ], [ -48.299, -22.2777 ], [ -48.2985, -22.2766 ], [ -48.295, -22.276 ], [ -48.2937, -22.2749 ], [ -48.294, -22.2726 ], [ -48.2937, -22.2714 ], [ -48.2917, -22.27 ], [ -48.2929, -22.2686 ], [ -48.2931, -22.2673 ], [ -48.2976, -22.2687 ], [ -48.3, -22.2667 ], [ -48.3023, -22.2674 ], [ -48.3042, -22.2661 ], [ -48.3066, -22.2667 ], [ -48.3082, -22.2654 ], [ -48.3113, -22.266 ], [ -48.312, -22.2668 ], [ -48.3119, -22.2685 ], [ -48.311, -22.271 ], [ -48.3127, -22.2732 ], [ -48.3129, -22.2758 ], [ -48.3148, -22.2758 ], [ -48.3137, -22.2702 ], [ -48.3154, -22.269 ], [ -48.3162, -22.2674 ], [ -48.3184, -22.2669 ], [ -48.3197, -22.2693 ], [ -48.3209, -22.2702 ], [ -48.3217, -22.2695 ], [ -48.3212, -22.2679 ], [ -48.3221, -22.2653 ], [ -48.3232, -22.2647 ], [ -48.3246, -22.2652 ], [ -48.3259, -22.2672 ], [ -48.3267, -22.2676 ], [ -48.3299, -22.267 ], [ -48.3279, -22.2646 ], [ -48.3277, -22.2627 ], [ -48.3266, -22.2609 ], [ -48.3272, -22.2582 ], [ -48.3268, -22.2548 ], [ -48.3257, -22.2529 ], [ -48.3248, -22.2504 ], [ -48.3268, -22.248 ], [ -48.3259, -22.2468 ], [ -48.3257, -22.2439 ], [ -48.3233, -22.2379 ], [ -48.3215, -22.236 ], [ -48.3209, -22.234 ], [ -48.3213, -22.2314 ], [ -48.3222, -22.2292 ], [ -48.3227, -22.2261 ], [ -48.3245, -22.2232 ], [ -48.3244, -22.222 ], [ -48.3253, -22.2205 ], [ -48.3265, -22.2199 ], [ -48.3266, -22.2179 ], [ -48.3257, -22.2152 ], [ -48.3236, -22.2145 ], [ -48.3211, -22.2144 ], [ -48.3198, -22.2131 ], [ -48.3194, -22.2117 ], [ -48.3181, -22.2104 ], [ -48.318, -22.2086 ], [ -48.317, -22.2066 ], [ -48.3151, -22.2046 ], [ -48.314, -22.2022 ], [ -48.3129, -22.2007 ], [ -48.3143, -22.1987 ], [ -48.3136, -22.1955 ], [ -48.3123, -22.1939 ], [ -48.3086, -22.1922 ], [ -48.3059, -22.1919 ], [ -48.2987, -22.1922 ], [ -48.2965, -22.1916 ], [ -48.292, -22.1897 ], [ -48.2899, -22.1893 ], [ -48.2867, -22.1891 ], [ -48.284, -22.1893 ], [ -48.2814, -22.1904 ], [ -48.2802, -22.1914 ], [ -48.2754, -22.1924 ], [ -48.2743, -22.1923 ], [ -48.2728, -22.1899 ], [ -48.2714, -22.1848 ], [ -48.2709, -22.1825 ], [ -48.2683, -22.181 ], [ -48.2606, -22.1789 ], [ -48.2564, -22.1774 ], [ -48.2541, -22.1772 ], [ -48.2491, -22.178 ], [ -48.2455, -22.1781 ], [ -48.2446, -22.1776 ], [ -48.245, -22.1752 ], [ -48.2472, -22.1736 ], [ -48.2477, -22.1725 ], [ -48.2496, -22.1704 ], [ -48.2501, -22.1676 ], [ -48.2535, -22.1648 ], [ -48.255, -22.163 ], [ -48.2558, -22.1605 ], [ -48.256, -22.1546 ], [ -48.2528, -22.1558 ], [ -48.2518, -22.1565 ], [ -48.2502, -22.1567 ], [ -48.2483, -22.1578 ], [ -48.2465, -22.1579 ], [ -48.2445, -22.1591 ], [ -48.2417, -22.1588 ], [ -48.2343, -22.1595 ], [ -48.2324, -22.1586 ], [ -48.2299, -22.1586 ], [ -48.2271, -22.1577 ], [ -48.2236, -22.1585 ], [ -48.2158, -22.1588 ], [ -48.2145, -22.1581 ], [ -48.2124, -22.158 ], [ -48.2111, -22.157 ], [ -48.2088, -22.1561 ], [ -48.207, -22.1536 ], [ -48.2068, -22.152 ], [ -48.2052, -22.1503 ], [ -48.2024, -22.1494 ], [ -48.2004, -22.1493 ], [ -48.199, -22.1481 ], [ -48.198, -22.148 ], [ -48.1954, -22.149 ], [ -48.1931, -22.1494 ], [ -48.1913, -22.1506 ], [ -48.1896, -22.1509 ], [ -48.1868, -22.1524 ], [ -48.1852, -22.1528 ], [ -48.1819, -22.1551 ], [ -48.1809, -22.1562 ], [ -48.1797, -22.1597 ], [ -48.1781, -22.1621 ], [ -48.1768, -22.1655 ], [ -48.1759, -22.1664 ], [ -48.1699, -22.1673 ], [ -48.1687, -22.168 ], [ -48.1666, -22.1701 ], [ -48.164, -22.1715 ], [ -48.1602, -22.1723 ], [ -48.1571, -22.1749 ], [ -48.1515, -22.1754 ], [ -48.1486, -22.1765 ], [ -48.145, -22.1783 ], [ -48.1435, -22.1786 ], [ -48.1396, -22.1788 ], [ -48.1376, -22.1796 ], [ -48.1347, -22.1832 ], [ -48.132, -22.1839 ], [ -48.1298, -22.1836 ], [ -48.1279, -22.1824 ], [ -48.1257, -22.1817 ], [ -48.1224, -22.1818 ], [ -48.1199, -22.1827 ], [ -48.1181, -22.1814 ], [ -48.1171, -22.1789 ], [ -48.1153, -22.1786 ], [ -48.1115, -22.1791 ], [ -48.1076, -22.1802 ], [ -48.1051, -22.1802 ], [ -48.104, -22.1796 ], [ -48.1018, -22.1764 ], [ -48.0999, -22.1747 ], [ -48.0978, -22.1736 ], [ -48.0947, -22.1711 ], [ -48.0927, -22.1704 ], [ -48.0904, -22.1692 ], [ -48.0883, -22.167 ], [ -48.0867, -22.1649 ], [ -48.0853, -22.1637 ], [ -48.0832, -22.1607 ], [ -48.0819, -22.1595 ], [ -48.0815, -22.1582 ], [ -48.0803, -22.157 ], [ -48.0777, -22.1563 ], [ -48.0756, -22.1543 ], [ -48.074, -22.1539 ], [ -48.0714, -22.1518 ], [ -48.0679, -22.1511 ], [ -48.0655, -22.1499 ], [ -48.063, -22.1495 ], [ -48.0618, -22.151 ], [ -48.059, -22.1514 ], [ -48.0568, -22.1499 ], [ -48.0543, -22.1467 ], [ -48.0528, -22.1407 ], [ -48.052, -22.1397 ], [ -48.0483, -22.1363 ], [ -48.0474, -22.1352 ], [ -48.0458, -22.1322 ], [ -48.0452, -22.1301 ], [ -48.0437, -22.1289 ], [ -48.0429, -22.1262 ], [ -48.0426, -22.1221 ], [ -48.0438, -22.1198 ], [ -48.0445, -22.1163 ], [ -48.0443, -22.1144 ], [ -48.0451, -22.1116 ], [ -48.0448, -22.1105 ], [ -48.0452, -22.1088 ], [ -48.0453, -22.1054 ], [ -48.046, -22.1032 ], [ -48.0457, -22.1001 ], [ -48.0441, -22.0938 ], [ -48.0437, -22.09 ], [ -48.0439, -22.0869 ], [ -48.0451, -22.0845 ], [ -48.0466, -22.0835 ], [ -48.0474, -22.0804 ], [ -48.0469, -22.079 ], [ -48.048, -22.0779 ], [ -48.0464, -22.0753 ], [ -48.0454, -22.0748 ], [ -48.0449, -22.0732 ], [ -48.044, -22.0748 ], [ -48.0362, -22.0781 ], [ -48.0349, -22.0779 ], [ -48.0298, -22.0782 ], [ -48.0266, -22.0769 ], [ -48.0225, -22.0799 ], [ -48.0216, -22.0819 ], [ -48.0208, -22.0825 ], [ -48.0184, -22.0857 ], [ -48.0184, -22.0868 ], [ -48.0174, -22.0878 ], [ -48.0157, -22.0882 ], [ -48.0155, -22.09 ], [ -48.0141, -22.092 ], [ -48.0114, -22.0947 ], [ -48.0106, -22.0969 ], [ -48.0098, -22.0965 ], [ -48.0074, -22.0974 ], [ -48.0068, -22.0989 ], [ -48.0056, -22.0994 ], [ -48.0033, -22.0994 ], [ -48.0031, -22.1014 ], [ -48.0014, -22.102 ], [ -47.9988, -22.1042 ], [ -47.9992, -22.1074 ], [ -47.9985, -22.1083 ], [ -47.9985, -22.1101 ], [ -47.9963, -22.1114 ], [ -47.9931, -22.116 ], [ -47.9918, -22.1156 ], [ -47.9879, -22.1169 ], [ -47.9849, -22.1166 ], [ -47.9828, -22.117 ], [ -47.9819, -22.1162 ], [ -47.9841, -22.1148 ], [ -47.9818, -22.1128 ], [ -47.9807, -22.1125 ], [ -47.9786, -22.1144 ], [ -47.9762, -22.1143 ], [ -47.9749, -22.1153 ], [ -47.9755, -22.1173 ], [ -47.9746, -22.119 ], [ -47.9714, -22.1182 ], [ -47.9704, -22.1189 ], [ -47.9692, -22.1155 ], [ -47.9674, -22.1142 ], [ -47.9662, -22.1148 ], [ -47.9638, -22.1133 ], [ -47.9625, -22.1148 ], [ -47.961, -22.1153 ], [ -47.9566, -22.1139 ], [ -47.956, -22.1135 ], [ -47.9535, -22.1143 ], [ -47.9535, -22.1128 ], [ -47.9495, -22.1125 ], [ -47.9479, -22.1111 ], [ -47.9468, -22.1127 ], [ -47.9447, -22.1142 ], [ -47.9429, -22.1145 ], [ -47.9413, -22.1155 ], [ -47.9407, -22.1167 ], [ -47.939, -22.1178 ], [ -47.9375, -22.1196 ], [ -47.9346, -22.12 ], [ -47.9337, -22.1217 ], [ -47.9336, -22.1241 ], [ -47.9313, -22.1248 ], [ -47.931, -22.1272 ], [ -47.9291, -22.1287 ], [ -47.9275, -22.1311 ], [ -47.9276, -22.1333 ], [ -47.9293, -22.137 ], [ -47.9285, -22.1397 ], [ -47.9267, -22.1397 ], [ -47.9264, -22.1419 ], [ -47.9255, -22.1443 ], [ -47.9235, -22.1454 ], [ -47.9229, -22.1472 ], [ -47.9215, -22.1473 ], [ -47.9214, -22.1487 ], [ -47.9204, -22.1495 ], [ -47.9183, -22.15 ], [ -47.9166, -22.1493 ], [ -47.9143, -22.1497 ], [ -47.9125, -22.151 ], [ -47.9104, -22.1516 ], [ -47.9074, -22.1539 ], [ -47.9072, -22.1552 ], [ -47.906, -22.156 ], [ -47.9033, -22.1561 ], [ -47.9022, -22.1576 ], [ -47.8999, -22.1576 ], [ -47.8992, -22.1571 ], [ -47.8966, -22.1599 ], [ -47.8957, -22.1582 ], [ -47.8952, -22.1551 ], [ -47.8943, -22.1544 ], [ -47.891, -22.1537 ], [ -47.8882, -22.1562 ], [ -47.8868, -22.1571 ], [ -47.8866, -22.154 ], [ -47.8868, -22.1524 ], [ -47.8848, -22.153 ], [ -47.8832, -22.1545 ], [ -47.8812, -22.1555 ], [ -47.8794, -22.158 ], [ -47.8767, -22.158 ], [ -47.8759, -22.1585 ], [ -47.8736, -22.1583 ], [ -47.8717, -22.1571 ], [ -47.8708, -22.1558 ], [ -47.8684, -22.1547 ], [ -47.8641, -22.1514 ], [ -47.8621, -22.1507 ], [ -47.8602, -22.1515 ], [ -47.8592, -22.153 ], [ -47.8572, -22.1548 ], [ -47.8571, -22.1563 ], [ -47.8545, -22.1565 ], [ -47.8536, -22.1558 ], [ -47.8516, -22.1565 ], [ -47.8487, -22.1558 ], [ -47.845, -22.1555 ], [ -47.8439, -22.1544 ], [ -47.8432, -22.1521 ], [ -47.8411, -22.1507 ], [ -47.8381, -22.1506 ], [ -47.8347, -22.1484 ], [ -47.8308, -22.1482 ], [ -47.8278, -22.1488 ], [ -47.824, -22.1509 ], [ -47.8218, -22.1525 ], [ -47.8217, -22.1544 ], [ -47.8205, -22.1551 ], [ -47.8207, -22.1594 ], [ -47.8201, -22.16 ], [ -47.8176, -22.161 ], [ -47.8149, -22.1612 ], [ -47.8161, -22.1598 ], [ -47.8163, -22.1566 ], [ -47.8157, -22.1547 ], [ -47.8144, -22.1529 ], [ -47.8111, -22.1504 ], [ -47.8092, -22.1484 ], [ -47.8113, -22.1415 ], [ -47.8111, -22.1397 ], [ -47.8095, -22.1362 ], [ -47.8087, -22.133 ], [ -47.8071, -22.1313 ], [ -47.8035, -22.1303 ], [ -47.7998, -22.1282 ], [ -47.7974, -22.1254 ], [ -47.7947, -22.1211 ], [ -47.7919, -22.119 ], [ -47.7898, -22.1178 ], [ -47.7888, -22.1168 ], [ -47.787, -22.1126 ], [ -47.787, -22.1109 ], [ -47.7883, -22.1068 ], [ -47.788, -22.1043 ], [ -47.7881, -22.1018 ], [ -47.7887, -22.1 ], [ -47.7898, -22.0983 ], [ -47.7895, -22.0976 ], [ -47.7853, -22.0971 ], [ -47.7834, -22.0965 ], [ -47.7799, -22.0931 ], [ -47.7784, -22.092 ], [ -47.7759, -22.0914 ], [ -47.7731, -22.0927 ], [ -47.7717, -22.0928 ], [ -47.7669, -22.0902 ], [ -47.7662, -22.0892 ], [ -47.7633, -22.0877 ], [ -47.7618, -22.0877 ], [ -47.7583, -22.0894 ], [ -47.7565, -22.0906 ], [ -47.7538, -22.0907 ], [ -47.7523, -22.0894 ], [ -47.752, -22.0875 ], [ -47.7508, -22.0846 ], [ -47.7508, -22.0826 ], [ -47.7513, -22.08 ], [ -47.751, -22.0791 ], [ -47.7475, -22.0797 ], [ -47.7465, -22.0791 ], [ -47.7461, -22.0773 ], [ -47.7469, -22.0747 ], [ -47.7462, -22.0731 ], [ -47.746, -22.0703 ], [ -47.7476, -22.0672 ], [ -47.7482, -22.0638 ], [ -47.7473, -22.0628 ], [ -47.7459, -22.0572 ], [ -47.744, -22.0545 ], [ -47.7388, -22.0534 ], [ -47.7373, -22.0514 ], [ -47.7364, -22.0489 ], [ -47.7321, -22.0456 ], [ -47.729, -22.0446 ], [ -47.7279, -22.0437 ], [ -47.7264, -22.0415 ], [ -47.7247, -22.0403 ], [ -47.7236, -22.0402 ], [ -47.7229, -22.0388 ], [ -47.7217, -22.0381 ], [ -47.7207, -22.0366 ], [ -47.7176, -22.0362 ], [ -47.7162, -22.0351 ], [ -47.7146, -22.0365 ], [ -47.7136, -22.0355 ], [ -47.7123, -22.0355 ], [ -47.7095, -22.034 ], [ -47.7063, -22.0337 ], [ -47.7036, -22.0347 ], [ -47.701, -22.0341 ], [ -47.6984, -22.032 ], [ -47.6987, -22.0302 ], [ -47.6973, -22.0277 ], [ -47.6937, -22.0285 ], [ -47.6913, -22.0268 ], [ -47.6895, -22.0238 ], [ -47.687, -22.0226 ], [ -47.6866, -22.0216 ], [ -47.6842, -22.0205 ], [ -47.6811, -22.0177 ], [ -47.6796, -22.0153 ], [ -47.6774, -22.0137 ], [ -47.6758, -22.0135 ], [ -47.6735, -22.0162 ], [ -47.6728, -22.0184 ], [ -47.6727, -22.0218 ], [ -47.6732, -22.0229 ], [ -47.6722, -22.0247 ], [ -47.6721, -22.0265 ], [ -47.6704, -22.0285 ], [ -47.6703, -22.0303 ], [ -47.6683, -22.0334 ], [ -47.6692, -22.0355 ], [ -47.6694, -22.0377 ], [ -47.6689, -22.0394 ], [ -47.6679, -22.0402 ], [ -47.6659, -22.0441 ], [ -47.6633, -22.0454 ], [ -47.6617, -22.0478 ], [ -47.6604, -22.0478 ], [ -47.6595, -22.0503 ], [ -47.6581, -22.0518 ], [ -47.6545, -22.0517 ], [ -47.6527, -22.0539 ], [ -47.6516, -22.0543 ], [ -47.6487, -22.054 ], [ -47.6467, -22.0519 ], [ -47.6447, -22.0522 ], [ -47.6434, -22.0519 ], [ -47.6409, -22.0526 ], [ -47.6365, -22.0549 ], [ -47.6351, -22.0534 ], [ -47.6326, -22.0523 ], [ -47.6317, -22.0487 ], [ -47.6302, -22.0471 ], [ -47.6265, -22.0436 ], [ -47.6253, -22.0425 ], [ -47.6222, -22.0415 ], [ -47.6173, -22.0422 ], [ -47.6178, -22.0447 ], [ -47.6174, -22.0454 ], [ -47.6141, -22.0479 ], [ -47.6115, -22.0503 ], [ -47.6089, -22.052 ], [ -47.6063, -22.0527 ], [ -47.6017, -22.052 ], [ -47.5995, -22.0502 ], [ -47.598, -22.0471 ], [ -47.5961, -22.045 ], [ -47.5922, -22.0428 ], [ -47.5913, -22.0401 ], [ -47.5902, -22.039 ], [ -47.5847, -22.036 ], [ -47.5831, -22.034 ], [ -47.5811, -22.0323 ], [ -47.5805, -22.0308 ], [ -47.5797, -22.022 ], [ -47.5791, -22.0206 ], [ -47.5762, -22.0189 ], [ -47.5749, -22.0177 ], [ -47.5745, -22.016 ], [ -47.5746, -22.0143 ], [ -47.5764, -22.0097 ], [ -47.5781, -22.0024 ], [ -47.5795, -21.9994 ], [ -47.5818, -21.9972 ], [ -47.5824, -21.996 ], [ -47.5828, -21.9935 ], [ -47.5826, -21.9916 ], [ -47.5807, -21.9891 ], [ -47.5787, -21.9879 ], [ -47.5741, -21.9862 ], [ -47.5708, -21.986 ], [ -47.5662, -21.9862 ], [ -47.5638, -21.9865 ], [ -47.559, -21.9855 ], [ -47.5537, -21.9836 ], [ -47.5485, -21.9822 ], [ -47.545, -21.9807 ], [ -47.5423, -21.9783 ], [ -47.5412, -21.9753 ], [ -47.5413, -21.9702 ], [ -47.5408, -21.9676 ], [ -47.5399, -21.9658 ], [ -47.5381, -21.9641 ], [ -47.5363, -21.961 ], [ -47.5359, -21.9569 ], [ -47.5346, -21.9546 ], [ -47.5298, -21.9501 ], [ -47.5263, -21.9453 ], [ -47.5242, -21.9435 ], [ -47.5214, -21.9418 ], [ -47.5178, -21.941 ], [ -47.5159, -21.9396 ], [ -47.5138, -21.9365 ], [ -47.5119, -21.9359 ], [ -47.5272, -21.9255 ], [ -47.5245, -21.9236 ], [ -47.5183, -21.9169 ], [ -47.5146, -21.9123 ], [ -47.5156, -21.9097 ], [ -47.516, -21.9062 ], [ -47.5158, -21.904 ], [ -47.5145, -21.9016 ], [ -47.5151, -21.8967 ], [ -47.5126, -21.8923 ], [ -47.5126, -21.8906 ], [ -47.5115, -21.886 ], [ -47.5103, -21.8832 ], [ -47.5102, -21.8806 ], [ -47.5106, -21.8793 ], [ -47.5422, -21.8626 ], [ -47.5429, -21.8629 ], [ -47.5459, -21.8601 ], [ -47.5498, -21.8553 ], [ -47.5517, -21.8546 ], [ -47.552, -21.8531 ], [ -47.5512, -21.8519 ], [ -47.5514, -21.8502 ], [ -47.5497, -21.8484 ], [ -47.5488, -21.8461 ], [ -47.5486, -21.8442 ], [ -47.5493, -21.8433 ], [ -47.5521, -21.8419 ], [ -47.5545, -21.8391 ], [ -47.555, -21.8374 ], [ -47.5547, -21.8363 ], [ -47.5523, -21.8338 ], [ -47.5512, -21.8319 ], [ -47.5498, -21.8304 ], [ -47.5484, -21.8298 ], [ -47.546, -21.8279 ], [ -47.5454, -21.826 ], [ -47.5439, -21.8243 ], [ -47.5434, -21.8224 ], [ -47.5426, -21.8214 ], [ -47.5408, -21.8203 ], [ -47.5366, -21.8201 ], [ -47.5333, -21.8191 ], [ -47.5312, -21.8179 ], [ -47.5297, -21.8166 ], [ -47.5292, -21.8149 ], [ -47.5267, -21.8123 ], [ -47.5243, -21.8112 ], [ -47.5237, -21.8104 ], [ -47.5243, -21.8066 ], [ -47.5242, -21.8023 ], [ -47.5253, -21.8006 ], [ -47.528, -21.7987 ], [ -47.5305, -21.7979 ], [ -47.5344, -21.7975 ], [ -47.5353, -21.7979 ], [ -47.5371, -21.8012 ], [ -47.5382, -21.8021 ], [ -47.5403, -21.8025 ], [ -47.5428, -21.8021 ], [ -47.5449, -21.8005 ], [ -47.5459, -21.7982 ], [ -47.5486, -21.796 ], [ -47.5525, -21.7944 ], [ -47.5539, -21.793 ], [ -47.5565, -21.7892 ], [ -47.5581, -21.7881 ], [ -47.5606, -21.7873 ], [ -47.5646, -21.7872 ], [ -47.5675, -21.7861 ], [ -47.5699, -21.7843 ], [ -47.5709, -21.7821 ], [ -47.5714, -21.7784 ], [ -47.5714, -21.7748 ], [ -47.5721, -21.7734 ], [ -47.5744, -21.7708 ], [ -47.5789, -21.7677 ], [ -47.5792, -21.7666 ], [ -47.5794, -21.762 ], [ -47.5808, -21.7575 ], [ -47.5817, -21.7554 ], [ -47.5822, -21.7523 ], [ -47.582, -21.7486 ], [ -47.5811, -21.7464 ], [ -47.5811, -21.7445 ], [ -47.5827, -21.7407 ], [ -47.5855, -21.7386 ], [ -47.5866, -21.7355 ], [ -47.5879, -21.7345 ], [ -47.5955, -21.7369 ], [ -47.5986, -21.7383 ], [ -47.6032, -21.7417 ], [ -47.6063, -21.7448 ], [ -47.6081, -21.7458 ], [ -47.61, -21.7457 ], [ -47.6121, -21.7451 ], [ -47.6145, -21.7432 ], [ -47.6157, -21.7434 ], [ -47.6158, -21.7457 ], [ -47.6135, -21.7496 ], [ -47.614, -21.7511 ], [ -47.615, -21.7511 ], [ -47.6172, -21.7493 ], [ -47.6202, -21.7454 ], [ -47.6225, -21.7417 ], [ -47.6235, -21.7405 ], [ -47.6238, -21.7391 ], [ -47.6236, -21.7368 ], [ -47.6238, -21.7349 ], [ -47.6251, -21.7336 ], [ -47.6283, -21.7342 ], [ -47.63, -21.7341 ], [ -47.6312, -21.7321 ], [ -47.631, -21.7281 ], [ -47.6324, -21.7263 ], [ -47.6377, -21.7248 ], [ -47.6412, -21.725 ], [ -47.644, -21.7258 ], [ -47.6452, -21.7274 ], [ -47.6448, -21.7308 ], [ -47.6466, -21.7364 ], [ -47.6473, -21.7372 ], [ -47.6511, -21.7382 ], [ -47.6541, -21.7394 ], [ -47.6595, -21.7399 ], [ -47.6641, -21.7424 ], [ -47.6672, -21.7426 ], [ -47.67, -21.7407 ], [ -47.6708, -21.7386 ], [ -47.6722, -21.7362 ], [ -47.6745, -21.7345 ], [ -47.677, -21.7343 ], [ -47.6782, -21.7337 ], [ -47.6789, -21.7316 ], [ -47.6774, -21.7261 ], [ -47.6768, -21.722 ], [ -47.679, -21.7178 ], [ -47.6805, -21.7162 ], [ -47.682, -21.7158 ], [ -47.6861, -21.7171 ], [ -47.6932, -21.7177 ], [ -47.696, -21.7184 ], [ -47.6986, -21.7184 ], [ -47.7008, -21.7189 ], [ -47.7031, -21.7204 ], [ -47.7059, -21.7204 ], [ -47.7081, -21.7188 ], [ -47.7117, -21.715 ], [ -47.716, -21.7119 ], [ -47.7187, -21.7083 ], [ -47.7202, -21.7067 ], [ -47.7218, -21.7059 ], [ -47.7241, -21.7062 ], [ -47.7238, -21.7036 ], [ -47.7215, -21.6979 ], [ -47.7197, -21.6968 ], [ -47.7193, -21.6956 ], [ -47.7179, -21.6948 ], [ -47.7172, -21.6921 ], [ -47.7137, -21.6879 ], [ -47.7122, -21.684 ], [ -47.7115, -21.6835 ], [ -47.7089, -21.6833 ], [ -47.7054, -21.6814 ], [ -47.7043, -21.68 ], [ -47.7018, -21.6792 ], [ -47.6994, -21.6791 ], [ -47.6998, -21.6772 ], [ -47.6977, -21.6765 ], [ -47.6969, -21.6774 ], [ -47.694, -21.6758 ], [ -47.6923, -21.6735 ], [ -47.6896, -21.6715 ], [ -47.6893, -21.6703 ], [ -47.6879, -21.6694 ], [ -47.6859, -21.6673 ], [ -47.6849, -21.6633 ], [ -47.6827, -21.661 ], [ -47.6809, -21.6596 ], [ -47.679, -21.6571 ], [ -47.6802, -21.6529 ], [ -47.6794, -21.6516 ], [ -47.6787, -21.6456 ], [ -47.6788, -21.6396 ], [ -47.6786, -21.6368 ], [ -47.6772, -21.632 ], [ -47.6776, -21.6308 ], [ -47.6775, -21.626 ], [ -47.677, -21.624 ], [ -47.6762, -21.623 ], [ -47.6765, -21.6207 ], [ -47.6788, -21.6163 ], [ -47.6791, -21.6141 ], [ -47.678, -21.6117 ], [ -47.676, -21.6093 ], [ -47.673, -21.6084 ], [ -47.6714, -21.607 ], [ -47.671, -21.6031 ], [ -47.6697, -21.6018 ], [ -47.6672, -21.6007 ], [ -47.662, -21.5997 ], [ -47.6594, -21.5986 ], [ -47.6581, -21.5976 ], [ -47.6548, -21.5968 ], [ -47.6507, -21.5964 ], [ -47.6496, -21.5959 ], [ -47.6475, -21.5938 ], [ -47.646, -21.5933 ], [ -47.6441, -21.5935 ], [ -47.6426, -21.5922 ], [ -47.6413, -21.5905 ], [ -47.6392, -21.5892 ], [ -47.6376, -21.5897 ], [ -47.6319, -21.5895 ], [ -47.6307, -21.5905 ], [ -47.6282, -21.5918 ], [ -47.6264, -21.5923 ], [ -47.6172, -21.5882 ], [ -47.6136, -21.5864 ], [ -47.6096, -21.584 ], [ -47.6078, -21.5825 ], [ -47.6056, -21.5788 ], [ -47.6043, -21.5756 ], [ -47.6039, -21.5731 ], [ -47.6052, -21.564 ], [ -47.6037, -21.5611 ], [ -47.6014, -21.5587 ], [ -47.6001, -21.5567 ], [ -47.5995, -21.5525 ], [ -47.5996, -21.548 ], [ -47.5987, -21.5468 ], [ -47.5952, -21.5481 ], [ -47.592, -21.5484 ], [ -47.5885, -21.5503 ], [ -47.587, -21.5519 ], [ -47.5845, -21.5519 ], [ -47.5827, -21.5528 ], [ -47.5796, -21.5532 ], [ -47.5782, -21.5537 ], [ -47.5749, -21.5561 ], [ -47.5733, -21.5576 ], [ -47.5707, -21.5589 ], [ -47.566, -21.5568 ], [ -47.5647, -21.5585 ], [ -47.5601, -21.5585 ], [ -47.5566, -21.5581 ], [ -47.5524, -21.5564 ], [ -47.549, -21.5556 ], [ -47.5472, -21.5541 ], [ -47.5455, -21.552 ], [ -47.5443, -21.5514 ], [ -47.5434, -21.553 ], [ -47.5443, -21.5563 ], [ -47.5429, -21.5585 ], [ -47.5396, -21.5616 ], [ -47.5367, -21.563 ], [ -47.5307, -21.5655 ], [ -47.5285, -21.5659 ], [ -47.5252, -21.5659 ], [ -47.5185, -21.5646 ], [ -47.515, -21.5635 ], [ -47.5117, -21.5619 ], [ -47.5078, -21.5654 ], [ -47.5052, -21.5664 ], [ -47.5034, -21.5682 ], [ -47.5017, -21.5689 ], [ -47.4971, -21.5697 ], [ -47.4921, -21.5701 ], [ -47.4821, -21.573 ], [ -47.4782, -21.5738 ], [ -47.4734, -21.5752 ], [ -47.4702, -21.576 ], [ -47.4679, -21.5759 ], [ -47.4652, -21.5751 ], [ -47.4636, -21.5757 ], [ -47.4599, -21.576 ], [ -47.4585, -21.5768 ], [ -47.4554, -21.5774 ], [ -47.4527, -21.5774 ], [ -47.4507, -21.5769 ], [ -47.4497, -21.5775 ], [ -47.4461, -21.5842 ], [ -47.4443, -21.5883 ], [ -47.4393, -21.5926 ], [ -47.439, -21.5939 ], [ -47.4395, -21.5956 ], [ -47.4413, -21.5991 ], [ -47.4418, -21.6029 ], [ -47.4415, -21.6047 ], [ -47.4413, -21.6096 ], [ -47.4427, -21.6118 ], [ -47.4415, -21.6131 ], [ -47.4401, -21.6135 ], [ -47.4385, -21.6129 ], [ -47.4372, -21.6132 ], [ -47.434, -21.6107 ], [ -47.4332, -21.6096 ], [ -47.4325, -21.6068 ], [ -47.4301, -21.6042 ], [ -47.4247, -21.6017 ], [ -47.422, -21.6028 ], [ -47.4189, -21.6028 ], [ -47.4142, -21.6023 ], [ -47.4128, -21.6026 ], [ -47.4111, -21.6037 ], [ -47.4092, -21.6058 ], [ -47.407, -21.609 ], [ -47.4038, -21.6117 ], [ -47.3992, -21.6137 ], [ -47.3989, -21.6151 ], [ -47.3999, -21.6211 ], [ -47.3991, -21.6233 ], [ -47.3965, -21.6258 ], [ -47.3947, -21.6293 ], [ -47.3907, -21.6336 ], [ -47.3877, -21.6351 ], [ -47.3855, -21.6365 ], [ -47.3829, -21.6394 ], [ -47.382, -21.6411 ], [ -47.3815, -21.6448 ], [ -47.3816, -21.6479 ], [ -47.3811, -21.6494 ], [ -47.3801, -21.6499 ], [ -47.3764, -21.6493 ], [ -47.3736, -21.65 ], [ -47.3724, -21.6498 ], [ -47.368, -21.6465 ], [ -47.3637, -21.645 ], [ -47.3611, -21.6436 ], [ -47.3579, -21.6428 ], [ -47.3564, -21.6435 ], [ -47.3523, -21.6472 ], [ -47.3511, -21.6475 ], [ -47.346, -21.6438 ], [ -47.3428, -21.6423 ], [ -47.3412, -21.6423 ], [ -47.3393, -21.6429 ], [ -47.3345, -21.6454 ], [ -47.3325, -21.6454 ], [ -47.3306, -21.6445 ], [ -47.3288, -21.6445 ], [ -47.3251, -21.647 ], [ -47.3222, -21.65 ], [ -47.322, -21.6507 ], [ -47.3224, -21.6547 ], [ -47.3256, -21.6575 ], [ -47.3237, -21.6599 ], [ -47.3258, -21.6648 ], [ -47.3268, -21.6687 ], [ -47.3274, -21.6689 ], [ -47.3333, -21.6686 ], [ -47.336, -21.667 ], [ -47.3373, -21.6678 ], [ -47.3377, -21.6709 ], [ -47.3375, -21.6759 ], [ -47.3383, -21.6812 ], [ -47.3375, -21.687 ], [ -47.3348, -21.6926 ], [ -47.3327, -21.6955 ], [ -47.3305, -21.6976 ], [ -47.3298, -21.6993 ], [ -47.3272, -21.7031 ], [ -47.3265, -21.7059 ], [ -47.3257, -21.7071 ], [ -47.3249, -21.7105 ], [ -47.3234, -21.715 ], [ -47.3234, -21.7187 ], [ -47.3243, -21.7205 ], [ -47.3257, -21.7217 ], [ -47.3284, -21.723 ], [ -47.33, -21.7245 ], [ -47.3302, -21.7269 ], [ -47.329, -21.7281 ], [ -47.3271, -21.7287 ], [ -47.3232, -21.7306 ], [ -47.3206, -21.7324 ], [ -47.318, -21.7337 ], [ -47.314, -21.7351 ], [ -47.3104, -21.7373 ], [ -47.306, -21.7368 ], [ -47.3037, -21.7373 ], [ -47.3028, -21.7389 ], [ -47.3025, -21.7408 ], [ -47.3017, -21.7429 ], [ -47.3003, -21.7449 ], [ -47.295, -21.7482 ], [ -47.2938, -21.7504 ], [ -47.2934, -21.7523 ], [ -47.2933, -21.7562 ], [ -47.2935, -21.7584 ], [ -47.2947, -21.7611 ], [ -47.2962, -21.7626 ], [ -47.2981, -21.7627 ], [ -47.2997, -21.7633 ], [ -47.3017, -21.7657 ], [ -47.3043, -21.768 ], [ -47.3068, -21.7692 ], [ -47.3103, -21.7714 ], [ -47.3128, -21.7738 ], [ -47.3168, -21.7742 ], [ -47.3196, -21.7754 ], [ -47.321, -21.777 ], [ -47.3235, -21.7766 ], [ -47.3293, -21.7768 ], [ -47.3334, -21.7759 ], [ -47.3346, -21.7765 ], [ -47.3338, -21.7801 ], [ -47.332, -21.7826 ], [ -47.3323, -21.7843 ], [ -47.3332, -21.7865 ], [ -47.3351, -21.789 ], [ -47.3369, -21.7904 ], [ -47.338, -21.7923 ], [ -47.342, -21.7957 ], [ -47.3425, -21.7978 ], [ -47.3436, -21.7989 ], [ -47.3441, -21.8008 ], [ -47.3449, -21.8015 ], [ -47.3469, -21.8065 ], [ -47.3451, -21.8076 ], [ -47.3455, -21.8093 ], [ -47.3438, -21.8103 ], [ -47.343, -21.8093 ], [ -47.3421, -21.8118 ], [ -47.3403, -21.8119 ], [ -47.339, -21.8104 ], [ -47.3362, -21.8136 ], [ -47.3351, -21.8143 ], [ -47.3349, -21.8161 ], [ -47.3364, -21.816 ], [ -47.3363, -21.8192 ], [ -47.3376, -21.8194 ], [ -47.3376, -21.8217 ], [ -47.3366, -21.8217 ], [ -47.335, -21.8233 ], [ -47.3353, -21.8242 ], [ -47.3357, -21.8289 ], [ -47.3382, -21.8289 ], [ -47.3382, -21.8312 ], [ -47.3392, -21.8349 ], [ -47.339, -21.8364 ], [ -47.341, -21.8385 ], [ -47.3431, -21.8399 ], [ -47.3388, -21.8425 ], [ -47.3376, -21.8427 ], [ -47.332, -21.8425 ], [ -47.3306, -21.8441 ], [ -47.3283, -21.8475 ], [ -47.326, -21.8502 ], [ -47.3245, -21.8513 ], [ -47.3247, -21.8527 ], [ -47.324, -21.8536 ], [ -47.3248, -21.856 ], [ -47.3249, -21.8588 ], [ -47.3237, -21.8611 ], [ -47.3217, -21.8626 ], [ -47.3173, -21.8672 ], [ -47.3147, -21.8696 ], [ -47.3127, -21.8707 ], [ -47.3104, -21.8727 ], [ -47.3093, -21.8731 ], [ -47.3066, -21.8731 ], [ -47.3027, -21.8722 ], [ -47.2954, -21.8696 ], [ -47.2928, -21.8685 ], [ -47.2903, -21.8681 ], [ -47.2878, -21.8674 ], [ -47.2857, -21.8674 ], [ -47.2839, -21.8692 ], [ -47.2789, -21.8768 ], [ -47.2779, -21.8788 ], [ -47.2777, -21.8826 ], [ -47.2785, -21.8862 ], [ -47.2785, -21.8888 ], [ -47.2802, -21.8945 ], [ -47.2795, -21.8966 ], [ -47.2795, -21.9002 ], [ -47.2822, -21.9037 ], [ -47.2826, -21.9045 ], [ -47.2827, -21.9098 ], [ -47.2808, -21.9121 ], [ -47.2787, -21.9137 ], [ -47.2786, -21.9149 ], [ -47.2803, -21.9173 ], [ -47.2822, -21.9208 ], [ -47.2813, -21.9223 ], [ -47.2793, -21.9241 ], [ -47.2785, -21.9258 ], [ -47.2782, -21.9283 ], [ -47.2763, -21.9295 ], [ -47.2752, -21.9313 ], [ -47.2752, -21.9339 ], [ -47.274, -21.9359 ], [ -47.2743, -21.9394 ], [ -47.2737, -21.9406 ], [ -47.2708, -21.9406 ], [ -47.2695, -21.9436 ], [ -47.2674, -21.9447 ], [ -47.2668, -21.9468 ], [ -47.2668, -21.9486 ], [ -47.2682, -21.9499 ], [ -47.269, -21.9514 ], [ -47.2694, -21.9538 ], [ -47.2703, -21.9546 ], [ -47.2732, -21.9553 ], [ -47.2755, -21.9564 ], [ -47.2777, -21.9561 ], [ -47.28, -21.9563 ], [ -47.2824, -21.9569 ], [ -47.2881, -21.9566 ], [ -47.289, -21.9571 ], [ -47.2912, -21.9595 ], [ -47.2923, -21.962 ], [ -47.2934, -21.9629 ], [ -47.2938, -21.9656 ], [ -47.295, -21.9677 ], [ -47.2971, -21.9684 ], [ -47.2987, -21.9705 ], [ -47.2973, -21.9716 ], [ -47.2964, -21.9729 ], [ -47.296, -21.9764 ], [ -47.2964, -21.9791 ], [ -47.2938, -21.9816 ], [ -47.2927, -21.9821 ], [ -47.2908, -21.982 ], [ -47.2901, -21.9811 ], [ -47.2918, -21.9789 ], [ -47.2898, -21.9762 ], [ -47.2886, -21.9752 ], [ -47.2864, -21.9724 ], [ -47.2848, -21.9712 ], [ -47.2825, -21.9701 ], [ -47.2802, -21.9695 ], [ -47.2762, -21.971 ], [ -47.2717, -21.9707 ], [ -47.2663, -21.969 ], [ -47.2633, -21.9695 ], [ -47.2612, -21.9724 ], [ -47.2602, -21.9759 ], [ -47.2584, -21.9757 ], [ -47.2561, -21.9735 ], [ -47.2551, -21.9675 ], [ -47.253, -21.9657 ], [ -47.2514, -21.9652 ], [ -47.2499, -21.9656 ], [ -47.2475, -21.9675 ], [ -47.2447, -21.9671 ], [ -47.2414, -21.9689 ], [ -47.2398, -21.9682 ], [ -47.2385, -21.9687 ], [ -47.2375, -21.9701 ], [ -47.2351, -21.97 ], [ -47.2345, -21.971 ], [ -47.2316, -21.9719 ], [ -47.2313, -21.9732 ], [ -47.2286, -21.9722 ], [ -47.2258, -21.9734 ], [ -47.2244, -21.9726 ], [ -47.223, -21.9739 ], [ -47.2225, -21.9764 ], [ -47.219, -21.9779 ], [ -47.2179, -21.9776 ], [ -47.2162, -21.976 ], [ -47.2098, -21.9718 ], [ -47.2092, -21.973 ], [ -47.2072, -21.9731 ], [ -47.2066, -21.9741 ], [ -47.2048, -21.9748 ], [ -47.2047, -21.9758 ], [ -47.2026, -21.9769 ], [ -47.2002, -21.9766 ], [ -47.1997, -21.9757 ], [ -47.1984, -21.976 ], [ -47.1976, -21.9776 ], [ -47.1949, -21.9775 ], [ -47.1968, -21.9758 ], [ -47.1966, -21.974 ], [ -47.1955, -21.9737 ], [ -47.1933, -21.9734 ], [ -47.1923, -21.9743 ], [ -47.1924, -21.9753 ], [ -47.1902, -21.9756 ], [ -47.1888, -21.9742 ], [ -47.1867, -21.9759 ], [ -47.1837, -21.9737 ], [ -47.183, -21.9744 ], [ -47.1771, -21.9746 ], [ -47.1772, -21.976 ], [ -47.1753, -21.9766 ], [ -47.1752, -21.9776 ], [ -47.1735, -21.9778 ], [ -47.1719, -21.9771 ], [ -47.1701, -21.9774 ], [ -47.1696, -21.9784 ], [ -47.1672, -21.9796 ], [ -47.166, -21.9807 ], [ -47.1655, -21.9824 ], [ -47.1659, -21.9838 ], [ -47.1649, -21.9853 ], [ -47.1649, -21.9873 ], [ -47.1643, -21.9881 ], [ -47.1626, -21.9879 ], [ -47.162, -21.9868 ], [ -47.1605, -21.9862 ], [ -47.1601, -21.9843 ], [ -47.1584, -21.9838 ], [ -47.1558, -21.9841 ], [ -47.1546, -21.9848 ], [ -47.1528, -21.9829 ], [ -47.1488, -21.9838 ], [ -47.1476, -21.9873 ], [ -47.1466, -21.9879 ], [ -47.1461, -21.9858 ], [ -47.1446, -21.9855 ], [ -47.1417, -21.982 ], [ -47.139, -21.9811 ], [ -47.1382, -21.982 ], [ -47.1367, -21.9812 ], [ -47.134, -21.9809 ], [ -47.1326, -21.9813 ], [ -47.1308, -21.9829 ], [ -47.1301, -21.9828 ], [ -47.1301, -21.9802 ], [ -47.1279, -21.9797 ], [ -47.1255, -21.9803 ], [ -47.1226, -21.9795 ], [ -47.1191, -21.9745 ], [ -47.1167, -21.9732 ], [ -47.1158, -21.9736 ], [ -47.1153, -21.9759 ], [ -47.1138, -21.9762 ], [ -47.1144, -21.9774 ], [ -47.1138, -21.9804 ], [ -47.1122, -21.9807 ], [ -47.1116, -21.9779 ], [ -47.1084, -21.9761 ], [ -47.1071, -21.9757 ], [ -47.1059, -21.9767 ], [ -47.1039, -21.9773 ], [ -47.1012, -21.9789 ], [ -47.1009, -21.9799 ], [ -47.099, -21.9798 ], [ -47.0992, -21.982 ], [ -47.0957, -21.984 ], [ -47.0952, -21.9855 ], [ -47.0936, -21.9844 ], [ -47.0925, -21.9829 ], [ -47.0932, -21.9813 ], [ -47.0916, -21.9801 ], [ -47.0905, -21.9805 ], [ -47.0908, -21.9818 ], [ -47.0869, -21.9825 ], [ -47.0878, -21.9835 ], [ -47.0859, -21.9853 ], [ -47.0843, -21.9851 ], [ -47.0843, -21.9864 ], [ -47.083, -21.9881 ], [ -47.0823, -21.9866 ], [ -47.0812, -21.9868 ], [ -47.0797, -21.9847 ], [ -47.0775, -21.985 ], [ -47.0761, -21.9843 ], [ -47.0705, -21.9847 ], [ -47.0684, -21.9856 ], [ -47.068, -21.987 ], [ -47.068, -21.9905 ], [ -47.0669, -21.9905 ], [ -47.067, -21.9925 ], [ -47.0657, -21.9933 ], [ -47.0639, -21.9927 ], [ -47.0647, -21.9913 ], [ -47.0635, -21.9907 ], [ -47.0611, -21.9887 ], [ -47.0585, -21.9886 ], [ -47.0567, -21.9872 ], [ -47.0561, -21.9884 ], [ -47.0544, -21.9876 ], [ -47.0527, -21.9886 ], [ -47.0524, -21.9895 ], [ -47.0482, -21.9912 ], [ -47.0455, -21.9913 ], [ -47.0445, -21.992 ], [ -47.0405, -21.9922 ], [ -47.0378, -21.9906 ], [ -47.0354, -21.9925 ], [ -47.0362, -21.9933 ], [ -47.0356, -21.9951 ], [ -47.037, -21.996 ], [ -47.0377, -21.9975 ], [ -47.037, -21.9988 ], [ -47.034, -21.9972 ], [ -47.0331, -21.9986 ], [ -47.0352, -22.0002 ], [ -47.0344, -22.0012 ], [ -47.0309, -22.0017 ], [ -47.0315, -22.0054 ], [ -47.0329, -22.006 ], [ -47.0329, -22.0081 ], [ -47.0307, -22.0107 ], [ -47.0297, -22.0096 ], [ -47.0277, -22.0083 ], [ -47.0261, -22.0087 ], [ -47.0242, -22.0084 ], [ -47.0215, -22.0072 ], [ -47.0179, -22.0076 ], [ -47.0172, -22.0089 ], [ -47.0156, -22.0086 ], [ -47.0145, -22.0073 ], [ -47.0129, -22.0064 ], [ -47.0122, -22.0043 ], [ -47.0106, -22.0025 ], [ -47.0111, -22.0001 ], [ -47.0097, -21.9985 ], [ -47.0104, -21.9976 ], [ -47.0087, -21.9969 ], [ -47.0083, -21.9954 ], [ -47.0087, -21.9931 ], [ -47.0116, -21.9932 ], [ -47.0108, -21.9889 ], [ -47.0096, -21.9878 ], [ -47.0086, -21.9883 ], [ -47.0077, -21.9863 ], [ -47.0091, -21.9859 ], [ -47.0097, -21.9847 ], [ -47.0094, -21.9832 ], [ -47.0078, -21.9833 ], [ -47.0068, -21.9822 ], [ -47.0101, -21.9809 ], [ -47.0088, -21.9801 ], [ -47.0092, -21.9785 ], [ -47.0089, -21.9773 ], [ -47.0075, -21.9756 ], [ -47.0067, -21.9754 ], [ -47.0038, -21.9758 ], [ -47.0021, -21.9747 ], [ -47.0, -21.9753 ], [ -46.9998, -21.9743 ], [ -46.9977, -21.973 ], [ -46.9966, -21.9743 ], [ -46.9925, -21.9745 ], [ -46.9904, -21.9734 ], [ -46.9885, -21.9731 ], [ -46.9885, -21.972 ], [ -46.987, -21.9719 ], [ -46.9862, -21.971 ], [ -46.9843, -21.9721 ], [ -46.9822, -21.9677 ], [ -46.9853, -21.9647 ], [ -46.9875, -21.9639 ], [ -46.9881, -21.9614 ], [ -46.9894, -21.9596 ], [ -46.9899, -21.9568 ], [ -46.9917, -21.9532 ], [ -46.9941, -21.9507 ], [ -46.9953, -21.9498 ], [ -46.9948, -21.9473 ], [ -46.996, -21.9455 ], [ -46.9953, -21.9442 ], [ -46.9962, -21.9426 ], [ -46.996, -21.9396 ], [ -46.9969, -21.9393 ], [ -46.9973, -21.9374 ], [ -46.9991, -21.937 ], [ -46.9985, -21.9352 ], [ -46.9987, -21.9331 ], [ -46.9997, -21.9315 ], [ -47.0023, -21.929 ], [ -47.0011, -21.9269 ], [ -47.0018, -21.9233 ], [ -47.0041, -21.9205 ], [ -47.0039, -21.9184 ], [ -47.0024, -21.9176 ], [ -47.0022, -21.9166 ], [ -47.0004, -21.9151 ], [ -47.0003, -21.9127 ], [ -47.0018, -21.9108 ], [ -47.0027, -21.9104 ], [ -47.0024, -21.9079 ], [ -47.0003, -21.9057 ], [ -46.9994, -21.9032 ], [ -46.9998, -21.9021 ], [ -46.9975, -21.8987 ], [ -46.9948, -21.897 ], [ -46.9943, -21.8961 ], [ -46.994, -21.8926 ], [ -46.9948, -21.89 ], [ -46.9943, -21.8851 ], [ -46.9944, -21.8828 ], [ -46.9942, -21.8778 ], [ -46.9919, -21.8764 ], [ -46.9869, -21.8763 ], [ -46.986, -21.8758 ], [ -46.9837, -21.8729 ], [ -46.9823, -21.8696 ], [ -46.9824, -21.8676 ], [ -46.9841, -21.8639 ], [ -46.9856, -21.8584 ], [ -46.9866, -21.8557 ], [ -46.9866, -21.8532 ], [ -46.9875, -21.8495 ], [ -46.9882, -21.8475 ], [ -46.9869, -21.8469 ], [ -46.9808, -21.8464 ], [ -46.9781, -21.8457 ], [ -46.975, -21.8439 ], [ -46.9733, -21.8421 ], [ -46.9724, -21.8403 ], [ -46.9682, -21.8375 ], [ -46.9651, -21.8369 ], [ -46.9607, -21.8346 ], [ -46.9603, -21.8319 ], [ -46.9605, -21.8286 ], [ -46.961, -21.825 ], [ -46.9622, -21.8228 ], [ -46.9627, -21.8206 ], [ -46.9623, -21.8196 ], [ -46.9627, -21.8167 ], [ -46.9607, -21.8151 ], [ -46.9592, -21.8152 ], [ -46.9564, -21.8166 ], [ -46.9551, -21.8167 ], [ -46.9519, -21.8178 ], [ -46.9491, -21.8194 ], [ -46.9485, -21.8202 ], [ -46.946, -21.8194 ], [ -46.9445, -21.8195 ], [ -46.9391, -21.8186 ], [ -46.9369, -21.8187 ], [ -46.9335, -21.8168 ], [ -46.9286, -21.8156 ], [ -46.9255, -21.8152 ], [ -46.9229, -21.8144 ], [ -46.9218, -21.8116 ], [ -46.9215, -21.8086 ], [ -46.9207, -21.8075 ], [ -46.9168, -21.8053 ], [ -46.9149, -21.8038 ], [ -46.9077, -21.8004 ], [ -46.9067, -21.7991 ], [ -46.906, -21.796 ], [ -46.9014, -21.7932 ], [ -46.9003, -21.7912 ], [ -46.899, -21.7899 ], [ -46.8964, -21.7885 ], [ -46.8965, -21.7863 ], [ -46.8947, -21.7848 ], [ -46.8865, -21.7843 ], [ -46.8842, -21.7837 ], [ -46.8833, -21.7826 ], [ -46.8791, -21.7869 ], [ -46.877, -21.7864 ], [ -46.8744, -21.7854 ], [ -46.8721, -21.784 ], [ -46.8681, -21.7799 ], [ -46.8664, -21.7793 ], [ -46.8642, -21.7797 ], [ -46.8587, -21.7789 ], [ -46.8552, -21.78 ], [ -46.8542, -21.7789 ], [ -46.8553, -21.7761 ], [ -46.8547, -21.7752 ], [ -46.852, -21.7746 ], [ -46.8505, -21.7738 ], [ -46.8473, -21.773 ], [ -46.8466, -21.7717 ], [ -46.8474, -21.7678 ], [ -46.8461, -21.7654 ], [ -46.8445, -21.7637 ], [ -46.8431, -21.7611 ], [ -46.8431, -21.7595 ], [ -46.8428, -21.7585 ], [ -46.841, -21.758 ], [ -46.8355, -21.7593 ], [ -46.8335, -21.7602 ], [ -46.8322, -21.7579 ], [ -46.8312, -21.7575 ], [ -46.8309, -21.7561 ], [ -46.8298, -21.7546 ], [ -46.8283, -21.7545 ], [ -46.8269, -21.7556 ], [ -46.8235, -21.7588 ], [ -46.8221, -21.7591 ], [ -46.8188, -21.7592 ], [ -46.8165, -21.7608 ], [ -46.818, -21.7615 ], [ -46.8193, -21.7628 ], [ -46.8195, -21.7641 ], [ -46.8188, -21.7661 ], [ -46.8201, -21.7684 ], [ -46.8194, -21.7698 ], [ -46.8206, -21.771 ], [ -46.8205, -21.772 ], [ -46.819, -21.7744 ], [ -46.8182, -21.7765 ], [ -46.816, -21.7797 ], [ -46.8159, -21.7806 ], [ -46.8135, -21.7827 ], [ -46.8111, -21.7827 ], [ -46.8111, -21.7839 ], [ -46.8093, -21.7852 ], [ -46.8086, -21.7844 ], [ -46.8059, -21.7848 ], [ -46.8054, -21.7862 ], [ -46.8032, -21.7891 ], [ -46.803, -21.7902 ], [ -46.8046, -21.7924 ], [ -46.8028, -21.7943 ], [ -46.8012, -21.7953 ], [ -46.8006, -21.7965 ], [ -46.7987, -21.7965 ], [ -46.7973, -21.7974 ], [ -46.7962, -21.7988 ], [ -46.7955, -21.8009 ], [ -46.7935, -21.8024 ], [ -46.7933, -21.8042 ], [ -46.7925, -21.8047 ], [ -46.7893, -21.8047 ], [ -46.7884, -21.8053 ], [ -46.7861, -21.8079 ], [ -46.7853, -21.8099 ], [ -46.7834, -21.811 ], [ -46.7815, -21.8128 ], [ -46.7804, -21.8129 ], [ -46.7798, -21.8153 ], [ -46.7777, -21.8157 ], [ -46.776, -21.8167 ], [ -46.772, -21.8179 ], [ -46.7702, -21.8194 ], [ -46.7715, -21.8236 ], [ -46.7713, -21.8253 ], [ -46.7701, -21.8263 ], [ -46.7672, -21.8257 ], [ -46.7653, -21.8278 ], [ -46.7619, -21.8292 ], [ -46.7611, -21.8301 ], [ -46.7587, -21.8299 ], [ -46.7562, -21.8302 ], [ -46.7528, -21.8319 ], [ -46.7505, -21.8342 ], [ -46.7491, -21.8307 ], [ -46.7473, -21.8298 ], [ -46.746, -21.8298 ], [ -46.7427, -21.8287 ], [ -46.7401, -21.8269 ], [ -46.7359, -21.8229 ], [ -46.7354, -21.8211 ], [ -46.7362, -21.8185 ], [ -46.7343, -21.819 ], [ -46.7265, -21.819 ], [ -46.7241, -21.82 ], [ -46.721, -21.8207 ], [ -46.7187, -21.8226 ], [ -46.7161, -21.8253 ], [ -46.7131, -21.8273 ], [ -46.7098, -21.8282 ], [ -46.7085, -21.8288 ], [ -46.707, -21.831 ], [ -46.706, -21.8331 ], [ -46.7059, -21.836 ], [ -46.7052, -21.8399 ], [ -46.7036, -21.8412 ], [ -46.7007, -21.8411 ], [ -46.6971, -21.8399 ], [ -46.6933, -21.8381 ], [ -46.6907, -21.8376 ], [ -46.6897, -21.8402 ], [ -46.6888, -21.8413 ], [ -46.6864, -21.8426 ], [ -46.6859, -21.8423 ], [ -46.683, -21.8437 ], [ -46.6815, -21.8451 ], [ -46.6805, -21.8453 ], [ -46.679, -21.8482 ], [ -46.6765, -21.8506 ], [ -46.6738, -21.8508 ], [ -46.6729, -21.8496 ], [ -46.6708, -21.8488 ], [ -46.666, -21.8484 ], [ -46.665, -21.8494 ], [ -46.6652, -21.8531 ], [ -46.6621, -21.8602 ], [ -46.6611, -21.8623 ], [ -46.6572, -21.8678 ], [ -46.6559, -21.8699 ], [ -46.6561, -21.873 ], [ -46.6575, -21.8729 ], [ -46.6581, -21.8753 ], [ -46.6572, -21.8781 ], [ -46.6538, -21.88 ], [ -46.6502, -21.8807 ], [ -46.6475, -21.8805 ], [ -46.6487, -21.884 ], [ -46.6486, -21.8876 ], [ -46.6532, -21.896 ], [ -46.6549, -21.8967 ], [ -46.6576, -21.8968 ], [ -46.6594, -21.8976 ], [ -46.6636, -21.8981 ], [ -46.6656, -21.8993 ], [ -46.6678, -21.903 ], [ -46.6712, -21.9059 ], [ -46.6732, -21.9081 ], [ -46.6738, -21.9111 ], [ -46.6683, -21.9183 ], [ -46.6658, -21.9193 ], [ -46.665, -21.9207 ], [ -46.6646, -21.9234 ], [ -46.6653, -21.9265 ], [ -46.668, -21.9306 ], [ -46.6673, -21.9326 ], [ -46.6621, -21.9379 ], [ -46.6599, -21.9387 ], [ -46.6575, -21.9388 ], [ -46.6556, -21.9394 ], [ -46.6536, -21.9417 ], [ -46.6533, -21.9441 ], [ -46.6538, -21.9533 ], [ -46.6529, -21.9551 ], [ -46.6514, -21.9615 ], [ -46.6495, -21.965 ], [ -46.6465, -21.9695 ], [ -46.6442, -21.9746 ], [ -46.6428, -21.9766 ], [ -46.6398, -21.9782 ], [ -46.6387, -21.98 ], [ -46.6375, -21.9808 ], [ -46.6355, -21.9812 ], [ -46.631, -21.9812 ], [ -46.6292, -21.9862 ], [ -46.6254, -21.9919 ], [ -46.622, -21.9953 ], [ -46.6201, -21.9956 ], [ -46.6179, -21.995 ], [ -46.6159, -21.9955 ], [ -46.6147, -21.997 ], [ -46.6138, -21.9997 ], [ -46.6138, -22.0013 ], [ -46.6125, -22.0049 ], [ -46.6124, -22.0073 ], [ -46.6133, -22.0105 ], [ -46.6133, -22.015 ], [ -46.614, -22.0167 ], [ -46.6151, -22.0174 ], [ -46.6178, -22.0175 ], [ -46.6281, -22.0155 ], [ -46.6332, -22.0124 ], [ -46.6353, -22.0124 ], [ -46.6369, -22.0115 ], [ -46.6403, -22.0089 ], [ -46.6452, -22.0089 ], [ -46.6499, -22.0095 ], [ -46.6522, -22.0103 ], [ -46.6537, -22.0119 ], [ -46.6548, -22.0178 ], [ -46.6561, -22.0192 ], [ -46.6596, -22.0203 ], [ -46.6622, -22.0237 ], [ -46.6662, -22.0234 ], [ -46.6713, -22.0222 ], [ -46.6756, -22.0224 ], [ -46.6809, -22.0265 ], [ -46.6836, -22.03 ], [ -46.6854, -22.0374 ], [ -46.6839, -22.0421 ], [ -46.6795, -22.0483 ], [ -46.6779, -22.0511 ], [ -46.6779, -22.054 ], [ -46.6764, -22.0554 ], [ -46.6704, -22.0578 ], [ -46.666, -22.0583 ], [ -46.6632, -22.0597 ], [ -46.6581, -22.06 ], [ -46.6577, -22.0605 ], [ -46.6611, -22.0634 ], [ -46.6628, -22.0665 ], [ -46.6648, -22.0689 ], [ -46.6675, -22.07 ], [ -46.6732, -22.0701 ], [ -46.6799, -22.0713 ], [ -46.6811, -22.0717 ], [ -46.682, -22.0732 ], [ -46.684, -22.0739 ], [ -46.6875, -22.0731 ], [ -46.6964, -22.0729 ], [ -46.6995, -22.0744 ], [ -46.7061, -22.079 ], [ -46.7077, -22.0788 ], [ -46.7086, -22.0759 ], [ -46.7096, -22.0748 ], [ -46.7132, -22.075 ], [ -46.7147, -22.0746 ], [ -46.7162, -22.0736 ], [ -46.7173, -22.0736 ], [ -46.7205, -22.0752 ], [ -46.7222, -22.075 ], [ -46.7228, -22.0763 ], [ -46.7212, -22.0781 ], [ -46.7215, -22.0803 ], [ -46.7195, -22.0833 ], [ -46.7189, -22.0851 ], [ -46.7188, -22.0887 ], [ -46.7158, -22.0898 ], [ -46.7154, -22.0914 ], [ -46.7141, -22.091 ], [ -46.7131, -22.0919 ], [ -46.7108, -22.0919 ], [ -46.7082, -22.0926 ], [ -46.7067, -22.0939 ], [ -46.7001, -22.0951 ], [ -46.6977, -22.0933 ], [ -46.6951, -22.0905 ], [ -46.6921, -22.09 ], [ -46.6911, -22.0907 ], [ -46.6902, -22.0927 ], [ -46.6886, -22.0935 ], [ -46.6864, -22.0925 ], [ -46.6843, -22.0925 ], [ -46.6809, -22.091 ], [ -46.6795, -22.0914 ], [ -46.6761, -22.095 ], [ -46.6745, -22.0962 ], [ -46.6709, -22.0973 ], [ -46.6693, -22.0964 ], [ -46.6649, -22.0964 ], [ -46.66, -22.0931 ], [ -46.6564, -22.0931 ], [ -46.6545, -22.0919 ], [ -46.6534, -22.0927 ], [ -46.6515, -22.0913 ], [ -46.6468, -22.0919 ], [ -46.6454, -22.0948 ], [ -46.6446, -22.0958 ], [ -46.6426, -22.0966 ], [ -46.6399, -22.1 ], [ -46.6392, -22.1024 ], [ -46.6384, -22.103 ], [ -46.6361, -22.1033 ], [ -46.6356, -22.1065 ], [ -46.6343, -22.1077 ], [ -46.6326, -22.1079 ], [ -46.6305, -22.1072 ], [ -46.6281, -22.1084 ], [ -46.6242, -22.1085 ], [ -46.6227, -22.1099 ], [ -46.6218, -22.1128 ], [ -46.6203, -22.115 ], [ -46.6206, -22.1188 ], [ -46.6203, -22.1203 ], [ -46.6177, -22.1237 ], [ -46.6176, -22.1283 ], [ -46.6161, -22.1307 ], [ -46.6111, -22.1324 ], [ -46.6036, -22.1322 ], [ -46.6004, -22.1335 ], [ -46.5986, -22.1353 ], [ -46.5985, -22.1364 ], [ -46.601, -22.1391 ], [ -46.6047, -22.1399 ], [ -46.6072, -22.1417 ], [ -46.6109, -22.1484 ], [ -46.613, -22.1503 ], [ -46.6197, -22.1524 ], [ -46.6279, -22.1564 ], [ -46.6311, -22.1549 ], [ -46.635, -22.1545 ], [ -46.6358, -22.1548 ], [ -46.6405, -22.1577 ], [ -46.6412, -22.1596 ], [ -46.6402, -22.1642 ], [ -46.6403, -22.1659 ], [ -46.6429, -22.1704 ], [ -46.6436, -22.1745 ], [ -46.6464, -22.1779 ], [ -46.6456, -22.1806 ], [ -46.6469, -22.181 ], [ -46.65, -22.1778 ], [ -46.6526, -22.1776 ], [ -46.6553, -22.1782 ], [ -46.6607, -22.18 ], [ -46.6631, -22.1804 ], [ -46.669, -22.1747 ], [ -46.6713, -22.1742 ], [ -46.6738, -22.1756 ], [ -46.6743, -22.1763 ], [ -46.6718, -22.1783 ], [ -46.6707, -22.1802 ], [ -46.6708, -22.1843 ], [ -46.6726, -22.188 ], [ -46.6729, -22.191 ], [ -46.6747, -22.1943 ], [ -46.6751, -22.1975 ], [ -46.6781, -22.2034 ], [ -46.6797, -22.2084 ], [ -46.6806, -22.2143 ], [ -46.6803, -22.2165 ], [ -46.6799, -22.2182 ], [ -46.6781, -22.2219 ], [ -46.678, -22.2235 ], [ -46.6789, -22.2247 ], [ -46.6819, -22.2256 ], [ -46.6845, -22.2291 ], [ -46.69, -22.2323 ], [ -46.6931, -22.2376 ], [ -46.6931, -22.2387 ], [ -46.6917, -22.2422 ], [ -46.6894, -22.2452 ], [ -46.6887, -22.2471 ], [ -46.6886, -22.2488 ], [ -46.6898, -22.2491 ], [ -46.694, -22.2467 ], [ -46.6963, -22.2496 ], [ -46.6984, -22.2505 ], [ -46.7013, -22.2528 ], [ -46.7036, -22.2553 ], [ -46.7069, -22.2579 ], [ -46.7104, -22.2624 ], [ -46.7109, -22.2639 ], [ -46.7106, -22.2699 ], [ -46.7096, -22.2708 ], [ -46.707, -22.2711 ], [ -46.7059, -22.2718 ], [ -46.7036, -22.2745 ], [ -46.7023, -22.2779 ], [ -46.7025, -22.28 ], [ -46.7061, -22.2825 ], [ -46.7089, -22.2833 ], [ -46.7105, -22.285 ], [ -46.7104, -22.2864 ], [ -46.7093, -22.2879 ], [ -46.7088, -22.2896 ], [ -46.7086, -22.2938 ], [ -46.7058, -22.2937 ], [ -46.7053, -22.2958 ], [ -46.709, -22.3004 ], [ -46.7113, -22.3017 ], [ -46.7126, -22.3045 ], [ -46.7141, -22.305 ], [ -46.7158, -22.3066 ], [ -46.7174, -22.3073 ], [ -46.7203, -22.3065 ], [ -46.7233, -22.3066 ], [ -46.7218, -22.3093 ], [ -46.7216, -22.3112 ], [ -46.7199, -22.3126 ], [ -46.7197, -22.3139 ], [ -46.718, -22.3169 ], [ -46.7158, -22.3155 ], [ -46.7145, -22.3156 ], [ -46.713, -22.3142 ], [ -46.7127, -22.3131 ], [ -46.7107, -22.3135 ], [ -46.7118, -22.3166 ], [ -46.7108, -22.3193 ], [ -46.709, -22.319 ], [ -46.7056, -22.3209 ], [ -46.7031, -22.3216 ], [ -46.7012, -22.3215 ], [ -46.7014, -22.3232 ], [ -46.7008, -22.3253 ], [ -46.6987, -22.3258 ], [ -46.6981, -22.3267 ], [ -46.698, -22.3284 ], [ -46.6988, -22.3299 ], [ -46.6989, -22.3323 ], [ -46.6981, -22.3333 ], [ -46.696, -22.3339 ], [ -46.6953, -22.3364 ], [ -46.6975, -22.3376 ], [ -46.6977, -22.3386 ], [ -46.6962, -22.3406 ], [ -46.6978, -22.3421 ], [ -46.6976, -22.3432 ], [ -46.6936, -22.343 ], [ -46.6933, -22.3461 ], [ -46.6947, -22.348 ], [ -46.6928, -22.3483 ], [ -46.6907, -22.3468 ], [ -46.6876, -22.3494 ], [ -46.6867, -22.3527 ], [ -46.6878, -22.3542 ], [ -46.687, -22.3573 ], [ -46.6861, -22.3579 ], [ -46.6828, -22.3575 ], [ -46.6823, -22.358 ], [ -46.6796, -22.3639 ], [ -46.6769, -22.366 ], [ -46.6759, -22.3693 ], [ -46.6752, -22.3694 ], [ -46.6696, -22.3673 ], [ -46.6653, -22.3669 ], [ -46.6622, -22.3658 ], [ -46.6609, -22.366 ], [ -46.6611, -22.3696 ], [ -46.6622, -22.3733 ], [ -46.665, -22.3791 ], [ -46.6663, -22.381 ], [ -46.6664, -22.382 ], [ -46.6637, -22.3833 ], [ -46.665, -22.3868 ], [ -46.6634, -22.3915 ], [ -46.6642, -22.3943 ], [ -46.6641, -22.3994 ], [ -46.668, -22.4064 ], [ -46.6682, -22.4078 ], [ -46.6665, -22.4151 ], [ -46.6637, -22.4167 ], [ -46.6618, -22.4188 ], [ -46.6605, -22.4196 ], [ -46.658, -22.4201 ], [ -46.6551, -22.4227 ], [ -46.6508, -22.4235 ], [ -46.65, -22.4244 ], [ -46.6496, -22.4269 ], [ -46.647, -22.4288 ], [ -46.646, -22.4289 ], [ -46.6419, -22.4259 ], [ -46.6404, -22.4253 ], [ -46.6396, -22.426 ], [ -46.637, -22.431 ], [ -46.6339, -22.4333 ], [ -46.6316, -22.4358 ], [ -46.6278, -22.4363 ], [ -46.6259, -22.4373 ], [ -46.6235, -22.4377 ], [ -46.6196, -22.4369 ], [ -46.6183, -22.437 ], [ -46.6163, -22.4386 ], [ -46.6155, -22.4386 ], [ -46.6119, -22.4354 ], [ -46.6061, -22.4417 ], [ -46.6035, -22.4431 ], [ -46.6007, -22.4415 ], [ -46.5959, -22.4415 ], [ -46.5944, -22.441 ], [ -46.5917, -22.4381 ], [ -46.5893, -22.4382 ], [ -46.5851, -22.4394 ], [ -46.578, -22.4429 ], [ -46.5737, -22.4456 ], [ -46.5751, -22.4479 ], [ -46.574, -22.4515 ], [ -46.5727, -22.4531 ], [ -46.5715, -22.4522 ], [ -46.5681, -22.4509 ], [ -46.5648, -22.4474 ], [ -46.562, -22.4467 ], [ -46.5548, -22.4466 ], [ -46.5535, -22.4479 ], [ -46.5488, -22.4552 ], [ -46.5493, -22.4571 ], [ -46.5511, -22.4586 ], [ -46.5516, -22.46 ], [ -46.5508, -22.4631 ], [ -46.5505, -22.4682 ], [ -46.5499, -22.4695 ], [ -46.5465, -22.4689 ], [ -46.543, -22.4678 ], [ -46.5393, -22.4686 ], [ -46.5375, -22.4713 ], [ -46.5352, -22.4704 ], [ -46.5318, -22.47 ], [ -46.5307, -22.4709 ], [ -46.5336, -22.4793 ], [ -46.5361, -22.4837 ], [ -46.5361, -22.4878 ], [ -46.5421, -22.4944 ], [ -46.516, -22.504 ], [ -46.507, -22.507 ], [ -46.5063, -22.5082 ], [ -46.5072, -22.5096 ], [ -46.5066, -22.5155 ], [ -46.5053, -22.517 ], [ -46.503, -22.5175 ], [ -46.5009, -22.517 ], [ -46.4998, -22.5145 ], [ -46.4983, -22.5132 ], [ -46.4933, -22.5109 ], [ -46.4912, -22.5104 ], [ -46.4906, -22.5125 ], [ -46.4896, -22.5139 ], [ -46.4889, -22.5161 ], [ -46.4846, -22.5192 ], [ -46.4817, -22.5186 ], [ -46.4801, -22.5187 ], [ -46.4768, -22.5207 ], [ -46.4751, -22.5206 ], [ -46.4724, -22.5188 ], [ -46.4711, -22.5183 ], [ -46.4669, -22.5185 ], [ -46.4659, -22.5196 ], [ -46.4649, -22.5228 ], [ -46.4615, -22.5219 ], [ -46.4577, -22.5226 ], [ -46.4565, -22.5217 ], [ -46.4556, -22.5216 ], [ -46.4533, -22.5225 ], [ -46.4501, -22.5265 ], [ -46.4499, -22.5297 ], [ -46.4492, -22.5308 ], [ -46.4472, -22.532 ], [ -46.4426, -22.533 ], [ -46.4395, -22.5347 ], [ -46.4388, -22.5366 ], [ -46.4398, -22.5389 ], [ -46.4393, -22.5406 ], [ -46.4348, -22.5423 ], [ -46.4326, -22.5439 ], [ -46.4292, -22.5437 ], [ -46.4279, -22.5449 ], [ -46.4263, -22.5476 ], [ -46.4208, -22.5486 ], [ -46.4179, -22.5475 ], [ -46.4176, -22.543 ], [ -46.4169, -22.5418 ], [ -46.4133, -22.5403 ], [ -46.4126, -22.5394 ], [ -46.4124, -22.5373 ], [ -46.4117, -22.5367 ], [ -46.4096, -22.5387 ], [ -46.407, -22.5399 ], [ -46.4061, -22.5415 ], [ -46.4078, -22.5481 ], [ -46.4099, -22.5501 ], [ -46.4114, -22.5543 ], [ -46.4146, -22.5579 ], [ -46.419, -22.5599 ], [ -46.4225, -22.5645 ], [ -46.4235, -22.5651 ], [ -46.4261, -22.5655 ], [ -46.4275, -22.5664 ], [ -46.4326, -22.5712 ], [ -46.4337, -22.5746 ], [ -46.4313, -22.576 ], [ -46.4289, -22.5797 ], [ -46.4291, -22.583 ], [ -46.4274, -22.5841 ], [ -46.4195, -22.5829 ], [ -46.4178, -22.584 ], [ -46.4124, -22.5854 ], [ -46.4123, -22.5869 ], [ -46.4152, -22.59 ], [ -46.4191, -22.5919 ], [ -46.4216, -22.5942 ], [ -46.4214, -22.5966 ], [ -46.4228, -22.5975 ], [ -46.4231, -22.5986 ], [ -46.4243, -22.5994 ], [ -46.4221, -22.6003 ], [ -46.4208, -22.5986 ], [ -46.4194, -22.6008 ], [ -46.4187, -22.6027 ], [ -46.4166, -22.604 ], [ -46.4162, -22.6053 ], [ -46.4134, -22.6073 ], [ -46.4115, -22.6106 ], [ -46.4112, -22.6127 ], [ -46.4078, -22.6176 ], [ -46.4052, -22.6199 ], [ -46.4048, -22.6209 ], [ -46.406, -22.6222 ], [ -46.4151, -22.6235 ], [ -46.4194, -22.6246 ], [ -46.423, -22.6248 ], [ -46.4241, -22.6286 ], [ -46.4246, -22.6336 ], [ -46.4232, -22.6357 ], [ -46.4206, -22.6381 ], [ -46.4147, -22.6402 ], [ -46.4093, -22.6401 ], [ -46.406, -22.6406 ], [ -46.3963, -22.646 ], [ -46.3943, -22.6506 ], [ -46.3924, -22.6531 ], [ -46.3923, -22.6547 ], [ -46.3941, -22.6577 ], [ -46.3943, -22.6589 ], [ -46.3931, -22.663 ], [ -46.3982, -22.6657 ], [ -46.4022, -22.671 ], [ -46.4039, -22.6722 ], [ -46.4059, -22.6726 ], [ -46.4079, -22.6719 ], [ -46.4084, -22.6693 ], [ -46.4055, -22.6663 ], [ -46.4049, -22.6651 ], [ -46.405, -22.6634 ], [ -46.4057, -22.6626 ], [ -46.4096, -22.662 ], [ -46.4123, -22.6598 ], [ -46.4134, -22.6599 ], [ -46.4158, -22.6629 ], [ -46.4179, -22.6645 ], [ -46.42, -22.665 ], [ -46.422, -22.6647 ], [ -46.4237, -22.6639 ], [ -46.4256, -22.6616 ], [ -46.4277, -22.6614 ], [ -46.4365, -22.6644 ], [ -46.4384, -22.6669 ], [ -46.4402, -22.6681 ], [ -46.4421, -22.6685 ], [ -46.4463, -22.668 ], [ -46.4485, -22.6683 ], [ -46.4516, -22.6705 ], [ -46.4588, -22.6718 ], [ -46.4613, -22.676 ], [ -46.4625, -22.6762 ], [ -46.4639, -22.675 ], [ -46.4653, -22.6748 ], [ -46.4691, -22.6732 ], [ -46.4704, -22.6732 ], [ -46.4733, -22.6745 ], [ -46.4762, -22.6767 ], [ -46.4798, -22.6775 ], [ -46.4806, -22.6783 ], [ -46.4806, -22.6799 ], [ -46.4796, -22.6813 ], [ -46.4786, -22.6859 ], [ -46.47, -22.694 ], [ -46.4701, -22.6948 ], [ -46.4718, -22.6952 ], [ -46.4739, -22.6968 ], [ -46.4759, -22.6976 ], [ -46.4786, -22.6978 ], [ -46.4782, -22.6996 ], [ -46.4755, -22.7017 ], [ -46.4731, -22.705 ], [ -46.4717, -22.7063 ], [ -46.4692, -22.7018 ], [ -46.4686, -22.7013 ], [ -46.4658, -22.7044 ], [ -46.4628, -22.7055 ], [ -46.463, -22.7068 ], [ -46.461, -22.7072 ], [ -46.4573, -22.7071 ], [ -46.4562, -22.7097 ], [ -46.4568, -22.7111 ], [ -46.4559, -22.713 ], [ -46.4565, -22.715 ], [ -46.4551, -22.7172 ], [ -46.4557, -22.7205 ], [ -46.4557, -22.7236 ], [ -46.4527, -22.7276 ], [ -46.4506, -22.7281 ], [ -46.4501, -22.727 ], [ -46.4483, -22.7265 ], [ -46.4458, -22.7269 ], [ -46.4448, -22.7265 ], [ -46.4439, -22.7281 ], [ -46.4395, -22.7267 ], [ -46.4384, -22.7286 ], [ -46.4377, -22.731 ], [ -46.4367, -22.7319 ], [ -46.4315, -22.7344 ], [ -46.4296, -22.7341 ], [ -46.4256, -22.7363 ], [ -46.4226, -22.733 ], [ -46.4215, -22.7325 ], [ -46.4199, -22.7329 ], [ -46.4188, -22.7342 ], [ -46.4145, -22.7346 ], [ -46.4131, -22.7383 ], [ -46.4093, -22.7393 ], [ -46.4066, -22.7409 ], [ -46.4056, -22.7394 ], [ -46.4047, -22.7394 ], [ -46.4015, -22.7406 ], [ -46.4008, -22.7412 ], [ -46.3928, -22.7433 ], [ -46.3911, -22.743 ], [ -46.3883, -22.7404 ], [ -46.3858, -22.7403 ], [ -46.3838, -22.7412 ], [ -46.3803, -22.7455 ], [ -46.3791, -22.7461 ], [ -46.3755, -22.7469 ], [ -46.3751, -22.7462 ], [ -46.3728, -22.7468 ], [ -46.3693, -22.7509 ], [ -46.3672, -22.7519 ], [ -46.3676, -22.7533 ], [ -46.3661, -22.7538 ], [ -46.3635, -22.7556 ], [ -46.3631, -22.7578 ], [ -46.3613, -22.7606 ], [ -46.3594, -22.7613 ], [ -46.3569, -22.7582 ], [ -46.3549, -22.7571 ], [ -46.3511, -22.7587 ], [ -46.3488, -22.759 ], [ -46.3464, -22.76 ], [ -46.3385, -22.7607 ], [ -46.3357, -22.7601 ], [ -46.3345, -22.7603 ], [ -46.3345, -22.7623 ], [ -46.3326, -22.7661 ], [ -46.3346, -22.7679 ], [ -46.3362, -22.7684 ], [ -46.3407, -22.7689 ], [ -46.3421, -22.7701 ], [ -46.3408, -22.7725 ], [ -46.3408, -22.7737 ], [ -46.3435, -22.7775 ], [ -46.3447, -22.7781 ], [ -46.347, -22.7774 ], [ -46.3481, -22.7777 ], [ -46.3508, -22.7833 ], [ -46.3523, -22.7851 ], [ -46.3538, -22.7857 ], [ -46.3567, -22.7851 ], [ -46.3586, -22.7876 ], [ -46.3617, -22.7889 ], [ -46.3624, -22.7939 ], [ -46.3651, -22.7971 ], [ -46.3673, -22.8015 ], [ -46.3709, -22.8122 ], [ -46.3738, -22.8171 ], [ -46.3745, -22.8202 ], [ -46.3745, -22.8208 ], [ -46.3768, -22.8278 ], [ -46.3766, -22.8287 ], [ -46.3735, -22.8305 ], [ -46.3732, -22.8326 ], [ -46.3707, -22.8351 ], [ -46.371, -22.8385 ], [ -46.3723, -22.8415 ], [ -46.3743, -22.8439 ], [ -46.3738, -22.8476 ], [ -46.3745, -22.8485 ], [ -46.3747, -22.8522 ], [ -46.374, -22.8544 ], [ -46.3724, -22.8571 ], [ -46.3726, -22.8601 ], [ -46.3732, -22.8617 ], [ -46.3761, -22.8636 ], [ -46.3788, -22.8635 ], [ -46.3808, -22.864 ], [ -46.3822, -22.8655 ], [ -46.3842, -22.87 ], [ -46.3802, -22.8718 ], [ -46.3775, -22.8706 ], [ -46.3755, -22.871 ], [ -46.377, -22.8734 ], [ -46.3762, -22.876 ], [ -46.3763, -22.8771 ], [ -46.3782, -22.8785 ], [ -46.3778, -22.8792 ], [ -46.3735, -22.8788 ], [ -46.373, -22.8795 ], [ -46.3732, -22.8817 ], [ -46.3717, -22.8839 ], [ -46.3677, -22.8862 ], [ -46.3649, -22.8903 ], [ -46.3638, -22.8937 ], [ -46.3598, -22.8955 ], [ -46.3563, -22.9003 ], [ -46.3549, -22.9004 ], [ -46.3508, -22.8994 ], [ -46.3486, -22.9007 ], [ -46.3449, -22.9052 ], [ -46.3434, -22.9023 ], [ -46.3406, -22.9004 ], [ -46.3388, -22.8979 ], [ -46.3375, -22.8968 ], [ -46.3349, -22.8953 ], [ -46.3321, -22.895 ], [ -46.3277, -22.8928 ], [ -46.3207, -22.8891 ], [ -46.3161, -22.887 ], [ -46.3139, -22.8869 ], [ -46.3123, -22.8899 ], [ -46.3114, -22.8907 ], [ -46.3091, -22.8907 ], [ -46.305, -22.8914 ], [ -46.3041, -22.892 ], [ -46.3034, -22.8942 ], [ -46.3025, -22.8954 ], [ -46.299, -22.8966 ], [ -46.2977, -22.8977 ], [ -46.2961, -22.8982 ], [ -46.295, -22.8978 ], [ -46.2909, -22.8941 ], [ -46.2879, -22.8878 ], [ -46.2846, -22.8853 ], [ -46.2811, -22.8842 ], [ -46.2804, -22.8829 ], [ -46.2799, -22.8799 ], [ -46.279, -22.8783 ], [ -46.2718, -22.8774 ], [ -46.2689, -22.876 ], [ -46.2669, -22.8757 ], [ -46.2646, -22.8768 ], [ -46.2626, -22.8785 ], [ -46.2604, -22.8848 ], [ -46.2597, -22.8889 ], [ -46.2585, -22.8906 ], [ -46.2574, -22.8909 ], [ -46.2509, -22.8896 ], [ -46.2483, -22.8894 ], [ -46.2418, -22.8903 ], [ -46.2396, -22.8917 ], [ -46.2382, -22.8942 ], [ -46.2374, -22.8932 ], [ -46.2352, -22.8869 ], [ -46.2349, -22.8832 ], [ -46.2341, -22.8818 ], [ -46.2322, -22.8812 ], [ -46.2286, -22.8815 ], [ -46.2204, -22.8776 ], [ -46.2172, -22.8773 ], [ -46.2149, -22.8766 ], [ -46.2103, -22.8744 ], [ -46.2085, -22.8731 ], [ -46.2046, -22.8722 ], [ -46.2028, -22.8704 ], [ -46.1998, -22.8709 ], [ -46.1966, -22.869 ], [ -46.1941, -22.8663 ], [ -46.1922, -22.8652 ], [ -46.1897, -22.8657 ], [ -46.1884, -22.8666 ], [ -46.1866, -22.8692 ], [ -46.1855, -22.8692 ], [ -46.1821, -22.867 ], [ -46.1695, -22.8654 ], [ -46.1672, -22.8655 ], [ -46.1648, -22.8641 ], [ -46.1578, -22.8635 ], [ -46.1553, -22.8642 ], [ -46.1533, -22.8627 ], [ -46.1506, -22.86 ], [ -46.1465, -22.8576 ], [ -46.145, -22.8572 ], [ -46.1438, -22.8583 ], [ -46.1413, -22.8681 ], [ -46.1419, -22.8717 ], [ -46.1417, -22.8754 ], [ -46.1421, -22.881 ], [ -46.1414, -22.8825 ], [ -46.1392, -22.8836 ], [ -46.1379, -22.885 ], [ -46.1376, -22.8889 ], [ -46.1369, -22.8905 ], [ -46.1382, -22.8932 ], [ -46.1383, -22.895 ], [ -46.1408, -22.8976 ], [ -46.1422, -22.9008 ], [ -46.1438, -22.903 ], [ -46.1457, -22.904 ], [ -46.1468, -22.9053 ], [ -46.1474, -22.9076 ], [ -46.1498, -22.9105 ], [ -46.1528, -22.9107 ], [ -46.154, -22.9124 ], [ -46.1516, -22.9153 ], [ -46.1499, -22.9165 ], [ -46.1465, -22.9174 ], [ -46.1435, -22.9203 ], [ -46.1391, -22.9228 ], [ -46.1373, -22.9222 ], [ -46.135, -22.9191 ], [ -46.1304, -22.9159 ], [ -46.1236, -22.9095 ], [ -46.1209, -22.9093 ], [ -46.1178, -22.9071 ], [ -46.1148, -22.9061 ], [ -46.1101, -22.9059 ], [ -46.1076, -22.9046 ], [ -46.1067, -22.9029 ], [ -46.1053, -22.9015 ], [ -46.1027, -22.902 ], [ -46.1016, -22.9015 ], [ -46.0991, -22.8992 ], [ -46.0968, -22.8959 ], [ -46.0952, -22.8944 ], [ -46.0924, -22.8943 ], [ -46.0895, -22.8952 ], [ -46.0876, -22.8941 ], [ -46.0867, -22.8931 ], [ -46.0837, -22.8916 ], [ -46.0754, -22.891 ], [ -46.0741, -22.8912 ], [ -46.0739, -22.8933 ], [ -46.0716, -22.8936 ], [ -46.0663, -22.8915 ], [ -46.0639, -22.8916 ], [ -46.0596, -22.8947 ], [ -46.0545, -22.8963 ], [ -46.0507, -22.897 ], [ -46.0511, -22.9008 ], [ -46.0502, -22.903 ], [ -46.0493, -22.904 ], [ -46.0445, -22.9051 ], [ -46.0437, -22.9074 ], [ -46.0439, -22.9114 ], [ -46.0432, -22.9125 ], [ -46.0412, -22.9138 ], [ -46.0411, -22.9192 ], [ -46.0417, -22.9237 ], [ -46.0426, -22.9264 ], [ -46.045, -22.9294 ], [ -46.0467, -22.9304 ], [ -46.0486, -22.9328 ], [ -46.0512, -22.9405 ], [ -46.0504, -22.9433 ], [ -46.0532, -22.9502 ], [ -46.0496, -22.9537 ], [ -46.0491, -22.9549 ], [ -46.0516, -22.9592 ], [ -46.0506, -22.9643 ], [ -46.0508, -22.9664 ], [ -46.052, -22.9683 ], [ -46.0556, -22.9698 ], [ -46.0558, -22.9714 ], [ -46.057, -22.9731 ], [ -46.0592, -22.9737 ], [ -46.0613, -22.9736 ], [ -46.0634, -22.9744 ], [ -46.0648, -22.9758 ], [ -46.0663, -22.9793 ], [ -46.0676, -22.9802 ], [ -46.0704, -22.9793 ], [ -46.0731, -22.98 ], [ -46.075, -22.9783 ], [ -46.0775, -22.9772 ], [ -46.0779, -22.9794 ], [ -46.0792, -22.9804 ], [ -46.0805, -22.9826 ], [ -46.0813, -22.9849 ], [ -46.0826, -22.9855 ], [ -46.0845, -22.985 ], [ -46.0866, -22.985 ], [ -46.0888, -22.9885 ], [ -46.0893, -22.9897 ], [ -46.0892, -22.9915 ], [ -46.0896, -22.9931 ], [ -46.0934, -22.9966 ], [ -46.0964, -22.9982 ], [ -46.099, -22.9991 ], [ -46.1004, -23.0 ], [ -46.109, -23.0018 ], [ -46.1128, -23.0041 ], [ -46.1146, -23.0048 ], [ -46.1178, -23.0055 ], [ -46.1196, -23.0069 ], [ -46.1215, -23.009 ], [ -46.1242, -23.0087 ], [ -46.1255, -23.0093 ], [ -46.1259, -23.0118 ], [ -46.1274, -23.0151 ], [ -46.1292, -23.0182 ], [ -46.13, -23.0206 ], [ -46.1314, -23.023 ], [ -46.1339, -23.0262 ], [ -46.1352, -23.0275 ], [ -46.1393, -23.029 ], [ -46.1416, -23.0284 ], [ -46.1421, -23.029 ], [ -46.142, -23.0313 ], [ -46.1408, -23.0334 ], [ -46.1398, -23.0359 ], [ -46.1402, -23.0384 ], [ -46.141, -23.0393 ], [ -46.1437, -23.0391 ], [ -46.1446, -23.0397 ], [ -46.1438, -23.0415 ], [ -46.144, -23.0424 ], [ -46.146, -23.0439 ], [ -46.1473, -23.0444 ], [ -46.1494, -23.0437 ], [ -46.151, -23.0445 ], [ -46.1534, -23.0467 ], [ -46.1541, -23.0488 ], [ -46.1558, -23.0497 ], [ -46.1582, -23.0497 ], [ -46.1591, -23.0506 ], [ -46.1586, -23.0532 ], [ -46.1603, -23.0573 ], [ -46.16, -23.0587 ], [ -46.1589, -23.0603 ], [ -46.1589, -23.0615 ], [ -46.1598, -23.0625 ], [ -46.162, -23.0629 ], [ -46.1623, -23.0637 ], [ -46.1612, -23.0651 ], [ -46.1614, -23.0661 ], [ -46.1639, -23.0667 ], [ -46.1654, -23.0686 ], [ -46.1673, -23.07 ], [ -46.1688, -23.07 ], [ -46.1701, -23.0714 ], [ -46.1721, -23.0707 ], [ -46.1738, -23.0711 ], [ -46.1741, -23.0734 ], [ -46.1748, -23.0756 ], [ -46.1762, -23.0769 ], [ -46.1789, -23.0781 ], [ -46.1803, -23.0794 ], [ -46.1829, -23.0793 ], [ -46.184, -23.0784 ], [ -46.1853, -23.0783 ], [ -46.1876, -23.0773 ], [ -46.1907, -23.0772 ], [ -46.193, -23.0779 ], [ -46.1948, -23.0779 ], [ -46.1959, -23.0788 ], [ -46.1965, -23.0805 ], [ -46.1994, -23.0812 ], [ -46.2011, -23.0823 ], [ -46.2029, -23.0828 ], [ -46.2052, -23.0849 ], [ -46.2058, -23.0876 ], [ -46.2052, -23.0931 ], [ -46.2067, -23.096 ], [ -46.2089, -23.0985 ], [ -46.2088, -23.1026 ], [ -46.2104, -23.1044 ], [ -46.2104, -23.1054 ], [ -46.209, -23.1069 ], [ -46.2128, -23.1069 ], [ -46.2151, -23.1084 ], [ -46.2157, -23.1106 ], [ -46.2143, -23.1135 ], [ -46.2144, -23.1148 ], [ -46.2171, -23.1161 ], [ -46.2182, -23.1173 ], [ -46.2177, -23.1198 ], [ -46.2179, -23.1222 ], [ -46.2185, -23.1238 ], [ -46.2199, -23.1242 ], [ -46.2216, -23.123 ], [ -46.2235, -23.1255 ], [ -46.2265, -23.1276 ], [ -46.2268, -23.1285 ], [ -46.2263, -23.1305 ], [ -46.2272, -23.1327 ], [ -46.2264, -23.1342 ], [ -46.2259, -23.1366 ], [ -46.2281, -23.136 ], [ -46.2332, -23.135 ], [ -46.2352, -23.1354 ], [ -46.2366, -23.1387 ], [ -46.2368, -23.1402 ], [ -46.2378, -23.1416 ], [ -46.2395, -23.1422 ], [ -46.2407, -23.1436 ], [ -46.2414, -23.1466 ], [ -46.2436, -23.1495 ], [ -46.2459, -23.1505 ], [ -46.2465, -23.1516 ], [ -46.2471, -23.1551 ], [ -46.2506, -23.1564 ], [ -46.2536, -23.1565 ], [ -46.257, -23.1596 ], [ -46.2571, -23.1604 ], [ -46.2564, -23.1632 ], [ -46.2575, -23.1674 ], [ -46.2557, -23.1687 ], [ -46.2562, -23.1723 ], [ -46.2569, -23.1728 ], [ -46.2613, -23.1737 ], [ -46.2606, -23.1759 ], [ -46.2616, -23.1771 ], [ -46.2612, -23.1789 ], [ -46.2597, -23.1798 ], [ -46.2624, -23.182 ], [ -46.2637, -23.184 ], [ -46.2633, -23.1856 ], [ -46.2622, -23.1864 ], [ -46.2631, -23.188 ], [ -46.2646, -23.1885 ], [ -46.2656, -23.1897 ], [ -46.2681, -23.1906 ], [ -46.2693, -23.1903 ], [ -46.271, -23.1876 ], [ -46.2737, -23.1869 ], [ -46.2758, -23.1849 ], [ -46.2783, -23.1847 ], [ -46.2798, -23.1837 ], [ -46.2819, -23.1834 ], [ -46.2836, -23.1842 ], [ -46.2851, -23.1895 ], [ -46.2856, -23.1907 ], [ -46.2895, -23.1929 ], [ -46.2924, -23.1938 ], [ -46.2958, -23.1957 ], [ -46.2966, -23.1968 ], [ -46.2986, -23.1964 ], [ -46.3016, -23.1983 ], [ -46.303, -23.1975 ], [ -46.3057, -23.1973 ], [ -46.3077, -23.198 ], [ -46.3089, -23.2003 ], [ -46.3076, -23.2024 ], [ -46.3077, -23.2031 ], [ -46.31, -23.205 ], [ -46.309, -23.207 ], [ -46.3088, -23.2086 ], [ -46.3074, -23.2103 ], [ -46.306, -23.2109 ], [ -46.3055, -23.213 ], [ -46.3068, -23.2159 ], [ -46.3071, -23.2175 ], [ -46.3092, -23.2201 ], [ -46.3089, -23.2229 ], [ -46.3108, -23.2246 ], [ -46.3113, -23.2271 ], [ -46.3141, -23.2286 ], [ -46.3161, -23.2319 ], [ -46.3176, -23.2337 ], [ -46.3221, -23.2372 ], [ -46.3231, -23.2386 ], [ -46.3272, -23.2414 ], [ -46.3294, -23.2448 ], [ -46.3297, -23.2463 ], [ -46.3331, -23.247 ], [ -46.3369, -23.2505 ], [ -46.3398, -23.2514 ], [ -46.344, -23.2515 ], [ -46.345, -23.2522 ], [ -46.3475, -23.2522 ], [ -46.3482, -23.2528 ], [ -46.3481, -23.2546 ], [ -46.3492, -23.2559 ], [ -46.35, -23.258 ], [ -46.3518, -23.2607 ], [ -46.3539, -23.2627 ], [ -46.3539, -23.265 ], [ -46.3559, -23.2649 ], [ -46.3579, -23.2656 ], [ -46.3598, -23.2678 ], [ -46.3594, -23.2709 ], [ -46.3571, -23.2721 ], [ -46.358, -23.2731 ], [ -46.3629, -23.2735 ], [ -46.3642, -23.2741 ], [ -46.3657, -23.2739 ], [ -46.3672, -23.2752 ], [ -46.3693, -23.275 ], [ -46.3717, -23.2757 ], [ -46.3758, -23.2782 ], [ -46.3787, -23.2787 ], [ -46.3814, -23.2781 ], [ -46.3843, -23.2814 ], [ -46.3846, -23.2835 ], [ -46.3863, -23.2848 ], [ -46.3871, -23.2867 ], [ -46.3903, -23.2875 ], [ -46.3928, -23.2869 ], [ -46.395, -23.2859 ], [ -46.3964, -23.2859 ], [ -46.3982, -23.2877 ], [ -46.4003, -23.2892 ], [ -46.4008, -23.2916 ], [ -46.4005, -23.2946 ], [ -46.4018, -23.296 ], [ -46.4033, -23.296 ], [ -46.4027, -23.2991 ], [ -46.4042, -23.3006 ], [ -46.4058, -23.301 ], [ -46.4079, -23.3003 ], [ -46.4116, -23.3014 ], [ -46.4121, -23.3027 ], [ -46.4103, -23.3043 ], [ -46.4109, -23.3065 ], [ -46.4135, -23.3083 ], [ -46.4139, -23.3101 ], [ -46.4163, -23.3133 ], [ -46.4171, -23.3151 ], [ -46.4185, -23.3163 ], [ -46.4189, -23.3137 ], [ -46.4202, -23.3124 ], [ -46.4216, -23.3076 ], [ -46.4239, -23.3053 ], [ -46.4244, -23.3041 ], [ -46.4259, -23.3017 ], [ -46.4254, -23.2978 ], [ -46.426, -23.2963 ], [ -46.4277, -23.2947 ], [ -46.4275, -23.2916 ], [ -46.4296, -23.2893 ], [ -46.4326, -23.2876 ], [ -46.4338, -23.2866 ], [ -46.4374, -23.2846 ], [ -46.4374, -23.2835 ], [ -46.4343, -23.2799 ], [ -46.4369, -23.2763 ], [ -46.4391, -23.2746 ], [ -46.4404, -23.2731 ], [ -46.4445, -23.2715 ], [ -46.4467, -23.2716 ], [ -46.4484, -23.2701 ], [ -46.4505, -23.2708 ], [ -46.4523, -23.2726 ], [ -46.454, -23.2731 ], [ -46.4567, -23.2724 ], [ -46.4585, -23.2705 ], [ -46.4594, -23.2703 ], [ -46.4615, -23.2718 ], [ -46.4618, -23.2729 ], [ -46.4603, -23.2755 ], [ -46.4606, -23.2781 ], [ -46.4623, -23.2788 ], [ -46.4627, -23.28 ], [ -46.4673, -23.2807 ], [ -46.4687, -23.2814 ], [ -46.4698, -23.2828 ], [ -46.471, -23.2826 ], [ -46.4725, -23.2803 ], [ -46.473, -23.2764 ], [ -46.4751, -23.2757 ], [ -46.4764, -23.2747 ], [ -46.4764, -23.2727 ], [ -46.4777, -23.2712 ], [ -46.4792, -23.2688 ], [ -46.483, -23.267 ], [ -46.4828, -23.2654 ], [ -46.4843, -23.2638 ], [ -46.4876, -23.2609 ], [ -46.4882, -23.2591 ], [ -46.4905, -23.2578 ], [ -46.4915, -23.2555 ], [ -46.4943, -23.255 ], [ -46.4953, -23.2536 ], [ -46.4998, -23.2529 ], [ -46.5009, -23.2512 ], [ -46.5021, -23.2507 ], [ -46.5031, -23.2479 ], [ -46.5043, -23.2487 ], [ -46.5086, -23.2493 ], [ -46.5109, -23.2502 ], [ -46.5143, -23.2499 ], [ -46.5135, -23.2472 ], [ -46.5153, -23.2442 ], [ -46.5146, -23.2422 ], [ -46.5155, -23.2391 ], [ -46.5154, -23.2375 ], [ -46.5167, -23.2385 ], [ -46.5204, -23.2374 ], [ -46.5231, -23.2379 ], [ -46.5255, -23.2388 ], [ -46.5284, -23.2414 ], [ -46.5301, -23.2414 ], [ -46.5323, -23.2405 ], [ -46.535, -23.2404 ], [ -46.5396, -23.2398 ], [ -46.5421, -23.2403 ], [ -46.5454, -23.2414 ], [ -46.5471, -23.2412 ], [ -46.5488, -23.2402 ], [ -46.5514, -23.2394 ], [ -46.5523, -23.237 ], [ -46.5539, -23.2361 ], [ -46.5575, -23.2353 ], [ -46.5592, -23.2352 ], [ -46.562, -23.2359 ], [ -46.563, -23.2365 ], [ -46.5669, -23.2358 ], [ -46.5683, -23.2337 ], [ -46.5727, -23.2333 ], [ -46.5753, -23.2325 ], [ -46.5789, -23.2325 ], [ -46.5837, -23.2329 ], [ -46.5856, -23.2343 ], [ -46.5876, -23.2346 ], [ -46.5892, -23.2356 ], [ -46.5899, -23.2367 ], [ -46.5937, -23.2365 ], [ -46.599, -23.2353 ], [ -46.6013, -23.2342 ], [ -46.6036, -23.2352 ], [ -46.6043, -23.2349 ], [ -46.6049, -23.2319 ], [ -46.6049, -23.2296 ], [ -46.6058, -23.2277 ], [ -46.6077, -23.2263 ], [ -46.6097, -23.2258 ], [ -46.6151, -23.2273 ], [ -46.6156, -23.2279 ], [ -46.6145, -23.2301 ], [ -46.6148, -23.2315 ], [ -46.617, -23.2333 ], [ -46.6183, -23.2385 ], [ -46.6175, -23.2401 ], [ -46.6189, -23.2416 ], [ -46.6218, -23.2422 ], [ -46.6228, -23.2457 ], [ -46.6224, -23.2506 ], [ -46.6227, -23.2527 ], [ -46.6222, -23.2543 ], [ -46.6228, -23.2567 ], [ -46.624, -23.2571 ], [ -46.6264, -23.2562 ], [ -46.6301, -23.259 ], [ -46.6333, -23.2582 ], [ -46.6347, -23.2575 ], [ -46.6371, -23.2581 ], [ -46.6377, -23.2607 ], [ -46.6376, -23.2636 ], [ -46.6386, -23.2655 ], [ -46.6413, -23.2648 ], [ -46.643, -23.2654 ], [ -46.6448, -23.2681 ], [ -46.6456, -23.2706 ], [ -46.6477, -23.2726 ], [ -46.6476, -23.2753 ], [ -46.6493, -23.2761 ], [ -46.6527, -23.277 ], [ -46.654, -23.2769 ], [ -46.656, -23.2784 ], [ -46.6579, -23.2777 ], [ -46.6592, -23.2779 ], [ -46.6608, -23.2811 ], [ -46.6605, -23.2823 ], [ -46.659, -23.2834 ], [ -46.6578, -23.2833 ], [ -46.6531, -23.2844 ], [ -46.6518, -23.2875 ], [ -46.6504, -23.2882 ], [ -46.6491, -23.2875 ], [ -46.6475, -23.2876 ], [ -46.6466, -23.2901 ], [ -46.6469, -23.2933 ], [ -46.6466, -23.2953 ], [ -46.6458, -23.2961 ], [ -46.6418, -23.2987 ], [ -46.6387, -23.3003 ], [ -46.6362, -23.3039 ], [ -46.6358, -23.3053 ], [ -46.6372, -23.3065 ], [ -46.6409, -23.3083 ], [ -46.6427, -23.3101 ], [ -46.6427, -23.3113 ], [ -46.6454, -23.3119 ], [ -46.6457, -23.314 ], [ -46.6452, -23.3167 ], [ -46.6453, -23.3186 ], [ -46.6491, -23.3202 ], [ -46.6516, -23.3217 ], [ -46.6542, -23.3217 ], [ -46.6626, -23.3245 ], [ -46.6634, -23.3257 ], [ -46.6629, -23.3271 ], [ -46.6606, -23.3286 ], [ -46.6589, -23.329 ], [ -46.6579, -23.3303 ], [ -46.658, -23.3313 ], [ -46.66, -23.3335 ], [ -46.6608, -23.3348 ], [ -46.6618, -23.3393 ], [ -46.6632, -23.3447 ], [ -46.6648, -23.3479 ], [ -46.6655, -23.3517 ], [ -46.6677, -23.3558 ], [ -46.6688, -23.36 ], [ -46.6702, -23.3631 ], [ -46.6696, -23.3633 ], [ -46.6689, -23.3671 ], [ -46.6674, -23.37 ], [ -46.6677, -23.3737 ], [ -46.6664, -23.375 ], [ -46.664, -23.376 ], [ -46.6606, -23.3748 ], [ -46.6602, -23.377 ], [ -46.6596, -23.3779 ], [ -46.6595, -23.3812 ], [ -46.6605, -23.382 ], [ -46.6585, -23.3841 ], [ -46.6563, -23.3845 ], [ -46.6557, -23.3865 ], [ -46.6581, -23.3876 ], [ -46.6592, -23.3893 ], [ -46.6589, -23.3902 ], [ -46.6562, -23.3913 ], [ -46.6575, -23.3928 ], [ -46.6569, -23.3941 ], [ -46.6554, -23.3943 ], [ -46.655, -23.3955 ], [ -46.6566, -23.3966 ], [ -46.6584, -23.3984 ], [ -46.6593, -23.4004 ], [ -46.661, -23.4034 ], [ -46.6643, -23.4069 ], [ -46.6645, -23.4084 ], [ -46.6653, -23.4097 ], [ -46.6666, -23.4129 ], [ -46.6692, -23.4153 ], [ -46.6698, -23.4186 ], [ -46.6725, -23.4192 ], [ -46.676, -23.4159 ], [ -46.6778, -23.4156 ], [ -46.6799, -23.4169 ], [ -46.6823, -23.4177 ], [ -46.6847, -23.4193 ], [ -46.6854, -23.4235 ], [ -46.6854, -23.4255 ], [ -46.6866, -23.427 ], [ -46.6885, -23.426 ], [ -46.6916, -23.4231 ], [ -46.6929, -23.4228 ], [ -46.6952, -23.4242 ], [ -46.6967, -23.4243 ], [ -46.699, -23.4239 ], [ -46.7004, -23.4225 ], [ -46.6999, -23.4188 ], [ -46.7001, -23.4173 ], [ -46.7023, -23.4175 ], [ -46.7073, -23.4165 ], [ -46.7085, -23.4165 ], [ -46.7093, -23.4144 ], [ -46.7093, -23.4106 ], [ -46.71, -23.4074 ], [ -46.7106, -23.4065 ], [ -46.714, -23.4073 ], [ -46.7157, -23.4074 ], [ -46.7179, -23.4061 ], [ -46.7199, -23.4037 ], [ -46.7203, -23.4015 ], [ -46.7196, -23.3993 ], [ -46.7203, -23.3975 ], [ -46.7217, -23.3963 ], [ -46.7251, -23.3948 ], [ -46.727, -23.3949 ], [ -46.7305, -23.3939 ], [ -46.7336, -23.3909 ], [ -46.7355, -23.3881 ], [ -46.7371, -23.3889 ], [ -46.7418, -23.3896 ], [ -46.7428, -23.3893 ], [ -46.7463, -23.3896 ], [ -46.75, -23.3893 ], [ -46.7511, -23.3901 ], [ -46.7535, -23.3893 ], [ -46.7541, -23.3877 ], [ -46.7569, -23.3866 ], [ -46.7605, -23.386 ], [ -46.7613, -23.3871 ], [ -46.7634, -23.3861 ], [ -46.7641, -23.3849 ], [ -46.7656, -23.3864 ], [ -46.7672, -23.3867 ], [ -46.7681, -23.3877 ], [ -46.7702, -23.3887 ], [ -46.7705, -23.3914 ], [ -46.77, -23.3923 ], [ -46.7709, -23.3953 ], [ -46.7708, -23.3972 ], [ -46.7741, -23.3971 ], [ -46.7755, -23.3968 ], [ -46.7772, -23.398 ], [ -46.7773, -23.3989 ], [ -46.7809, -23.3981 ], [ -46.782, -23.3989 ], [ -46.7834, -23.3987 ], [ -46.7841, -23.3997 ], [ -46.7826, -23.4034 ], [ -46.7832, -23.4041 ], [ -46.7849, -23.404 ], [ -46.786, -23.405 ], [ -46.7879, -23.4037 ], [ -46.7888, -23.4038 ], [ -46.7897, -23.4023 ], [ -46.7911, -23.4025 ], [ -46.7926, -23.3999 ], [ -46.7937, -23.3996 ], [ -46.7973, -23.4016 ], [ -46.7989, -23.4021 ], [ -46.8006, -23.4014 ], [ -46.7987, -23.4002 ], [ -46.7987, -23.399 ], [ -46.8006, -23.3971 ], [ -46.8014, -23.3956 ], [ -46.8029, -23.3966 ], [ -46.8058, -23.3969 ], [ -46.8075, -23.3982 ], [ -46.8075, -23.3993 ], [ -46.8102, -23.3997 ], [ -46.8123, -23.3988 ], [ -46.8131, -23.3999 ], [ -46.815, -23.4001 ], [ -46.8173, -23.3994 ], [ -46.8199, -23.4002 ], [ -46.82, -23.4013 ], [ -46.822, -23.4015 ], [ -46.823, -23.401 ], [ -46.8255, -23.4044 ], [ -46.8242, -23.4062 ], [ -46.8245, -23.4073 ], [ -46.8262, -23.4089 ], [ -46.8246, -23.411 ], [ -46.8222, -23.4122 ], [ -46.8217, -23.414 ], [ -46.8204, -23.4153 ], [ -46.8197, -23.4179 ], [ -46.8203, -23.42 ], [ -46.8223, -23.4205 ], [ -46.8233, -23.4224 ], [ -46.8266, -23.4231 ], [ -46.8277, -23.424 ], [ -46.8295, -23.4244 ], [ -46.8304, -23.428 ], [ -46.8304, -23.4297 ], [ -46.8318, -23.4303 ], [ -46.8339, -23.4291 ], [ -46.8347, -23.4273 ], [ -46.836, -23.4258 ], [ -46.8381, -23.4258 ], [ -46.8398, -23.4244 ], [ -46.8406, -23.4229 ], [ -46.8416, -23.4228 ], [ -46.8423, -23.4212 ], [ -46.8465, -23.4214 ], [ -46.8482, -23.4211 ], [ -46.8531, -23.4216 ], [ -46.8564, -23.4191 ], [ -46.8593, -23.4187 ], [ -46.8628, -23.4195 ], [ -46.8642, -23.4185 ], [ -46.8654, -23.4165 ], [ -46.8693, -23.415 ], [ -46.868, -23.4138 ], [ -46.8679, -23.4117 ], [ -46.8697, -23.4111 ], [ -46.8689, -23.4092 ], [ -46.8691, -23.4081 ], [ -46.8685, -23.4062 ], [ -46.8673, -23.4052 ], [ -46.8698, -23.4032 ], [ -46.8705, -23.4009 ], [ -46.8723, -23.4013 ], [ -46.8735, -23.3993 ], [ -46.8759, -23.3988 ], [ -46.8775, -23.398 ], [ -46.8787, -23.3968 ], [ -46.8798, -23.3974 ], [ -46.8819, -23.3959 ], [ -46.8842, -23.3958 ], [ -46.885, -23.3953 ], [ -46.8863, -23.3962 ], [ -46.8858, -23.3976 ], [ -46.8869, -23.3986 ], [ -46.8867, -23.3995 ], [ -46.8908, -23.3985 ], [ -46.8949, -23.4 ], [ -46.8974, -23.3994 ], [ -46.8991, -23.3998 ], [ -46.9012, -23.3996 ], [ -46.9018, -23.3985 ], [ -46.9042, -23.3981 ], [ -46.9056, -23.3972 ], [ -46.9057, -23.3958 ], [ -46.9083, -23.3949 ], [ -46.9096, -23.3958 ], [ -46.9119, -23.3933 ], [ -46.9123, -23.3924 ], [ -46.9145, -23.3925 ], [ -46.9149, -23.391 ], [ -46.9128, -23.3897 ], [ -46.9141, -23.3868 ], [ -46.9168, -23.3894 ], [ -46.9189, -23.3902 ], [ -46.9222, -23.3898 ], [ -46.9239, -23.3889 ], [ -46.9282, -23.3896 ], [ -46.9288, -23.3875 ], [ -46.9291, -23.3853 ], [ -46.9309, -23.3831 ], [ -46.9319, -23.3791 ], [ -46.9294, -23.3784 ], [ -46.9275, -23.3764 ], [ -46.9234, -23.3768 ], [ -46.9208, -23.3769 ], [ -46.918, -23.3751 ], [ -46.9167, -23.3748 ], [ -46.9146, -23.373 ], [ -46.9132, -23.3727 ], [ -46.9115, -23.3714 ], [ -46.9106, -23.3693 ], [ -46.9095, -23.3688 ], [ -46.9071, -23.37 ], [ -46.9054, -23.3689 ], [ -46.9049, -23.3674 ], [ -46.9023, -23.3664 ], [ -46.9028, -23.3645 ], [ -46.9025, -23.3631 ], [ -46.9032, -23.3623 ], [ -46.9023, -23.3603 ], [ -46.9029, -23.3585 ], [ -46.9041, -23.3581 ], [ -46.9054, -23.3567 ], [ -46.9092, -23.3557 ], [ -46.9098, -23.3542 ], [ -46.9116, -23.353 ], [ -46.9132, -23.3535 ], [ -46.9173, -23.3563 ], [ -46.9205, -23.3569 ], [ -46.9226, -23.3569 ], [ -46.9244, -23.3561 ], [ -46.9275, -23.3562 ], [ -46.929, -23.3577 ], [ -46.9296, -23.3616 ], [ -46.931, -23.362 ], [ -46.9328, -23.3633 ], [ -46.9339, -23.3647 ], [ -46.9352, -23.3631 ], [ -46.9346, -23.3611 ], [ -46.9351, -23.3603 ], [ -46.9373, -23.359 ], [ -46.9378, -23.3578 ], [ -46.9403, -23.3544 ], [ -46.9409, -23.3519 ], [ -46.9403, -23.3504 ], [ -46.9385, -23.3479 ], [ -46.9383, -23.3451 ], [ -46.9379, -23.3219 ], [ -46.9392, -23.3235 ], [ -46.9402, -23.3219 ], [ -46.9414, -23.3212 ], [ -46.9428, -23.3217 ], [ -46.9435, -23.3228 ], [ -46.9449, -23.3228 ], [ -46.9453, -23.3248 ], [ -46.9473, -23.3251 ], [ -46.9487, -23.3263 ], [ -46.9502, -23.3242 ], [ -46.9529, -23.3254 ], [ -46.9549, -23.3255 ], [ -46.9591, -23.3268 ], [ -46.96, -23.3261 ], [ -46.9604, -23.3231 ], [ -46.9611, -23.3223 ], [ -46.9647, -23.3213 ], [ -46.9658, -23.3207 ], [ -46.9676, -23.3209 ], [ -46.97, -23.3166 ], [ -46.9681, -23.3124 ], [ -46.968, -23.3113 ], [ -46.9658, -23.3098 ], [ -46.9659, -23.3092 ], [ -46.9698, -23.3073 ], [ -46.9713, -23.3046 ], [ -46.9703, -23.3036 ], [ -46.9723, -23.3012 ], [ -46.967, -23.2982 ], [ -46.9674, -23.2975 ], [ -46.9658, -23.2952 ], [ -46.9666, -23.2923 ], [ -46.9661, -23.2891 ], [ -46.9652, -23.2873 ], [ -46.9632, -23.2857 ], [ -46.9634, -23.2835 ], [ -46.9649, -23.2808 ], [ -46.9667, -23.2791 ], [ -46.9677, -23.2774 ], [ -46.9666, -23.2759 ], [ -46.9645, -23.2742 ], [ -46.9645, -23.271 ], [ -46.9663, -23.2697 ], [ -46.9687, -23.2687 ], [ -46.9713, -23.2687 ], [ -46.9716, -23.268 ], [ -46.9707, -23.2657 ], [ -46.9709, -23.2643 ], [ -46.9697, -23.2618 ], [ -46.9698, -23.2604 ], [ -46.9741, -23.26 ], [ -46.9756, -23.2595 ], [ -46.978, -23.2598 ], [ -46.9808, -23.2615 ], [ -46.9873, -23.2605 ], [ -46.989, -23.2597 ], [ -46.9911, -23.26 ], [ -46.992, -23.2611 ], [ -46.9943, -23.2619 ], [ -46.998, -23.2644 ], [ -46.9998, -23.2644 ], [ -47.0033, -23.2679 ], [ -47.0051, -23.2678 ], [ -47.0064, -23.2684 ], [ -47.0113, -23.267 ], [ -47.013, -23.2655 ], [ -47.0142, -23.2636 ], [ -47.0146, -23.2617 ], [ -47.0146, -23.2591 ], [ -47.0156, -23.2573 ], [ -47.0161, -23.2539 ], [ -47.0174, -23.2525 ], [ -47.0176, -23.2499 ], [ -47.0227, -23.2489 ], [ -47.0233, -23.2481 ], [ -47.0258, -23.248 ], [ -47.0268, -23.2474 ], [ -47.0276, -23.2428 ], [ -47.0283, -23.2408 ], [ -47.0284, -23.2367 ], [ -47.0315, -23.2352 ], [ -47.0324, -23.2352 ], [ -47.0347, -23.2366 ], [ -47.0364, -23.2368 ], [ -47.038, -23.2379 ], [ -47.0418, -23.2387 ], [ -47.0431, -23.2379 ], [ -47.045, -23.2389 ], [ -47.0445, -23.2407 ], [ -47.0463, -23.2418 ], [ -47.0477, -23.2453 ], [ -47.05, -23.2441 ], [ -47.0509, -23.2406 ], [ -47.0519, -23.2396 ], [ -47.0561, -23.2376 ], [ -47.0583, -23.2382 ], [ -47.0612, -23.2383 ], [ -47.0654, -23.2365 ], [ -47.0687, -23.237 ], [ -47.0712, -23.2361 ], [ -47.0739, -23.2355 ], [ -47.0772, -23.2342 ], [ -47.0796, -23.2344 ], [ -47.0812, -23.2351 ], [ -47.088, -23.2374 ], [ -47.0886, -23.2374 ], [ -47.0915, -23.2354 ], [ -47.093, -23.2326 ], [ -47.0936, -23.229 ], [ -47.0957, -23.2246 ], [ -47.0969, -23.2235 ], [ -47.0988, -23.2226 ], [ -47.1009, -23.2226 ], [ -47.1053, -23.2236 ], [ -47.1077, -23.2231 ], [ -47.1095, -23.2254 ], [ -47.1109, -23.226 ], [ -47.1128, -23.226 ], [ -47.1124, -23.224 ], [ -47.1107, -23.2202 ], [ -47.1106, -23.2184 ], [ -47.1069, -23.2145 ], [ -47.1069, -23.2125 ], [ -47.1107, -23.2103 ], [ -47.1127, -23.207 ], [ -47.1156, -23.2045 ], [ -47.1159, -23.2033 ], [ -47.1179, -23.2009 ], [ -47.12, -23.2 ], [ -47.1199, -23.1983 ], [ -47.119, -23.1975 ], [ -47.1186, -23.1956 ], [ -47.1175, -23.1939 ], [ -47.1162, -23.1934 ], [ -47.1166, -23.1924 ], [ -47.1161, -23.1907 ], [ -47.1163, -23.1867 ], [ -47.1144, -23.1861 ], [ -47.1146, -23.1848 ], [ -47.114, -23.1833 ], [ -47.1147, -23.1806 ], [ -47.1136, -23.1793 ], [ -47.1144, -23.1773 ], [ -47.1167, -23.1738 ], [ -47.1185, -23.1734 ], [ -47.1205, -23.1703 ], [ -47.1217, -23.1693 ], [ -47.1222, -23.1679 ], [ -47.1259, -23.1618 ], [ -47.126, -23.1601 ], [ -47.1281, -23.1566 ], [ -47.1302, -23.1538 ], [ -47.1301, -23.1514 ], [ -47.1305, -23.1497 ], [ -47.1321, -23.1476 ], [ -47.1337, -23.1466 ], [ -47.1338, -23.1452 ], [ -47.1346, -23.1441 ], [ -47.1341, -23.142 ], [ -47.1356, -23.1402 ], [ -47.1347, -23.1393 ], [ -47.1359, -23.1378 ], [ -47.137, -23.1351 ], [ -47.1381, -23.1333 ], [ -47.1385, -23.1287 ], [ -47.1394, -23.127 ], [ -47.1399, -23.1228 ], [ -47.1406, -23.1202 ], [ -47.1424, -23.1181 ], [ -47.1436, -23.118 ], [ -47.1442, -23.1163 ], [ -47.1442, -23.1143 ], [ -47.143, -23.1121 ], [ -47.1437, -23.1092 ], [ -47.1449, -23.1077 ], [ -47.1448, -23.1066 ], [ -47.1471, -23.1041 ], [ -47.1438, -23.1009 ], [ -47.1418, -23.1006 ], [ -47.1401, -23.1014 ], [ -47.137, -23.1012 ], [ -47.1361, -23.1025 ], [ -47.1328, -23.103 ], [ -47.1303, -23.1029 ], [ -47.1287, -23.1024 ], [ -47.1265, -23.1008 ], [ -47.1238, -23.1007 ], [ -47.1224, -23.1026 ], [ -47.12, -23.1031 ], [ -47.1188, -23.1025 ], [ -47.1167, -23.1029 ], [ -47.115, -23.0986 ], [ -47.1136, -23.0971 ], [ -47.1128, -23.0954 ], [ -47.1109, -23.0935 ], [ -47.1085, -23.0948 ], [ -47.1047, -23.0925 ], [ -47.1027, -23.0938 ], [ -47.1016, -23.0939 ], [ -47.0998, -23.0951 ], [ -47.0976, -23.0919 ], [ -47.0953, -23.0921 ], [ -47.0939, -23.0913 ], [ -47.0912, -23.0909 ], [ -47.0868, -23.0909 ], [ -47.0843, -23.0897 ], [ -47.0836, -23.0881 ], [ -47.0866, -23.0853 ], [ -47.0864, -23.0821 ], [ -47.0852, -23.0801 ], [ -47.0858, -23.0765 ], [ -47.0845, -23.0732 ], [ -47.0863, -23.0699 ], [ -47.088, -23.0687 ], [ -47.0888, -23.0672 ], [ -47.0923, -23.0643 ], [ -47.093, -23.0611 ], [ -47.0922, -23.0582 ], [ -47.0912, -23.0572 ], [ -47.0893, -23.0566 ], [ -47.0883, -23.0555 ], [ -47.0902, -23.0543 ], [ -47.0918, -23.0545 ], [ -47.0921, -23.0533 ], [ -47.0938, -23.0527 ], [ -47.0962, -23.0535 ], [ -47.0977, -23.0544 ], [ -47.1002, -23.0546 ], [ -47.1019, -23.0541 ], [ -47.1031, -23.0553 ], [ -47.1052, -23.0591 ], [ -47.1086, -23.0612 ], [ -47.1098, -23.061 ], [ -47.1117, -23.0585 ], [ -47.115, -23.0577 ], [ -47.1171, -23.056 ], [ -47.1206, -23.0564 ], [ -47.1226, -23.0576 ], [ -47.1242, -23.0601 ], [ -47.1266, -23.0593 ], [ -47.1265, -23.0568 ], [ -47.1281, -23.0551 ], [ -47.1298, -23.0553 ], [ -47.1296, -23.054 ], [ -47.1321, -23.0535 ], [ -47.1332, -23.0555 ], [ -47.136, -23.0537 ], [ -47.138, -23.0536 ], [ -47.1401, -23.0557 ], [ -47.1438, -23.0578 ], [ -47.1447, -23.0565 ], [ -47.1458, -23.0558 ], [ -47.1467, -23.054 ], [ -47.1486, -23.0524 ], [ -47.1493, -23.0508 ], [ -47.1502, -23.0511 ], [ -47.1491, -23.0475 ], [ -47.1496, -23.045 ], [ -47.1503, -23.0437 ], [ -47.1503, -23.0423 ], [ -47.1526, -23.0384 ], [ -47.1533, -23.0385 ], [ -47.1548, -23.041 ], [ -47.1573, -23.0418 ], [ -47.1581, -23.0413 ], [ -47.1583, -23.0386 ], [ -47.1589, -23.0376 ], [ -47.1602, -23.0375 ], [ -47.163, -23.0361 ], [ -47.1649, -23.036 ], [ -47.1655, -23.0339 ], [ -47.1673, -23.0322 ], [ -47.1692, -23.0321 ], [ -47.1699, -23.033 ], [ -47.1731, -23.0329 ], [ -47.1741, -23.0319 ], [ -47.1757, -23.0319 ], [ -47.1767, -23.0312 ], [ -47.1791, -23.0317 ], [ -47.1817, -23.0299 ], [ -47.1833, -23.0299 ], [ -47.1841, -23.0307 ], [ -47.1858, -23.0302 ], [ -47.1885, -23.033 ], [ -47.19, -23.0334 ], [ -47.1918, -23.0332 ], [ -47.1935, -23.0317 ], [ -47.1971, -23.0316 ], [ -47.1978, -23.0312 ], [ -47.1997, -23.0323 ], [ -47.2045, -23.0318 ], [ -47.2047, -23.0311 ], [ -47.2069, -23.0297 ], [ -47.2082, -23.0259 ], [ -47.21, -23.0241 ], [ -47.2116, -23.0232 ], [ -47.213, -23.0231 ], [ -47.2165, -23.0213 ], [ -47.2201, -23.0184 ], [ -47.2199, -23.0161 ], [ -47.2208, -23.0157 ], [ -47.2232, -23.016 ], [ -47.2248, -23.0152 ], [ -47.2251, -23.0143 ], [ -47.228, -23.0132 ], [ -47.2319, -23.0096 ], [ -47.2324, -23.0077 ], [ -47.2331, -23.0072 ], [ -47.2353, -23.0062 ], [ -47.2363, -23.005 ], [ -47.2383, -23.004 ], [ -47.2401, -23.0045 ], [ -47.2412, -23.0041 ], [ -47.2425, -23.0024 ], [ -47.2454, -23.0017 ], [ -47.2467, -23.0022 ], [ -47.2477, -23.0014 ], [ -47.2502, -23.0003 ], [ -47.2516, -22.9988 ], [ -47.2549, -22.9979 ], [ -47.2572, -23.0004 ], [ -47.2575, -23.0026 ], [ -47.2593, -23.0071 ], [ -47.2614, -23.0089 ], [ -47.265, -23.0142 ], [ -47.27, -23.0153 ], [ -47.2701, -23.0176 ], [ -47.2712, -23.0199 ], [ -47.2732, -23.0199 ], [ -47.2745, -23.0206 ], [ -47.2771, -23.0242 ], [ -47.2799, -23.0266 ], [ -47.2829, -23.0287 ], [ -47.2845, -23.0302 ], [ -47.2852, -23.0315 ], [ -47.2854, -23.0348 ], [ -47.2865, -23.0391 ], [ -47.2899, -23.0427 ], [ -47.2906, -23.0437 ], [ -47.2905, -23.0481 ], [ -47.2895, -23.0504 ], [ -47.2871, -23.0534 ], [ -47.2868, -23.0567 ], [ -47.286, -23.0591 ], [ -47.2838, -23.0617 ], [ -47.2808, -23.0632 ], [ -47.2803, -23.064 ], [ -47.2794, -23.0669 ], [ -47.2777, -23.0708 ], [ -47.2777, -23.0723 ], [ -47.2806, -23.0739 ], [ -47.2843, -23.0773 ], [ -47.2868, -23.0801 ], [ -47.289, -23.0835 ], [ -47.2922, -23.0861 ], [ -47.2937, -23.089 ], [ -47.295, -23.0898 ], [ -47.2954, -23.0909 ], [ -47.2981, -23.0926 ], [ -47.2986, -23.0956 ], [ -47.2996, -23.0981 ], [ -47.3006, -23.0989 ], [ -47.3008, -23.102 ], [ -47.3005, -23.1031 ], [ -47.3009, -23.1063 ], [ -47.2999, -23.1087 ], [ -47.2995, -23.1109 ], [ -47.3007, -23.1128 ], [ -47.3185, -23.1231 ], [ -47.3208, -23.1244 ], [ -47.3217, -23.1232 ], [ -47.324, -23.1228 ], [ -47.3249, -23.1211 ], [ -47.3258, -23.1181 ], [ -47.3274, -23.1162 ], [ -47.3287, -23.1141 ], [ -47.3306, -23.1135 ], [ -47.3343, -23.1114 ], [ -47.3365, -23.1107 ], [ -47.3393, -23.1112 ], [ -47.3402, -23.1122 ], [ -47.3414, -23.1166 ], [ -47.3433, -23.1175 ], [ -47.3483, -23.1173 ], [ -47.3499, -23.1182 ], [ -47.35, -23.1218 ], [ -47.3497, -23.1252 ], [ -47.3503, -23.1282 ], [ -47.352, -23.1328 ], [ -47.3544, -23.1356 ], [ -47.3597, -23.1396 ], [ -47.3618, -23.1415 ], [ -47.3638, -23.1424 ], [ -47.3662, -23.143 ], [ -47.3689, -23.1431 ], [ -47.3726, -23.1445 ], [ -47.3726, -23.1453 ], [ -47.3746, -23.1484 ], [ -47.3768, -23.148 ], [ -47.3757, -23.1508 ], [ -47.3781, -23.1525 ], [ -47.3786, -23.1511 ], [ -47.382, -23.152 ], [ -47.3836, -23.1544 ], [ -47.3843, -23.1545 ], [ -47.3873, -23.1528 ], [ -47.3881, -23.1541 ], [ -47.3896, -23.1547 ], [ -47.3927, -23.1556 ], [ -47.3959, -23.1588 ], [ -47.3973, -23.1613 ], [ -47.3991, -23.162 ], [ -47.4024, -23.1616 ], [ -47.4049, -23.1622 ], [ -47.4073, -23.1636 ], [ -47.4113, -23.1642 ], [ -47.4157, -23.1658 ], [ -47.4175, -23.1669 ], [ -47.4185, -23.1687 ], [ -47.4203, -23.166 ], [ -47.4216, -23.1632 ], [ -47.4214, -23.1619 ], [ -47.4235, -23.1559 ], [ -47.4229, -23.152 ], [ -47.4229, -23.149 ], [ -47.4222, -23.1474 ], [ -47.4209, -23.1462 ], [ -47.4203, -23.1447 ], [ -47.4207, -23.1422 ], [ -47.4201, -23.1402 ], [ -47.4182, -23.1376 ], [ -47.4158, -23.1356 ], [ -47.4142, -23.1335 ], [ -47.4141, -23.1324 ], [ -47.4156, -23.1285 ], [ -47.4152, -23.126 ], [ -47.4117, -23.121 ], [ -47.4119, -23.1195 ], [ -47.4155, -23.1162 ], [ -47.4179, -23.1152 ], [ -47.4203, -23.1132 ], [ -47.422, -23.1111 ], [ -47.4227, -23.1087 ], [ -47.4262, -23.1054 ], [ -47.4273, -23.1021 ], [ -47.4282, -23.1011 ], [ -47.4309, -23.1043 ], [ -47.4326, -23.1056 ], [ -47.4339, -23.1061 ], [ -47.4414, -23.1061 ], [ -47.4437, -23.1063 ], [ -47.4475, -23.1072 ], [ -47.451, -23.1061 ], [ -47.4533, -23.1062 ], [ -47.4566, -23.1074 ], [ -47.4622, -23.1086 ], [ -47.4653, -23.1099 ], [ -47.4656, -23.1119 ], [ -47.468, -23.1154 ], [ -47.4683, -23.1176 ], [ -47.4666, -23.1214 ], [ -47.4649, -23.1268 ], [ -47.4655, -23.128 ], [ -47.4694, -23.124 ], [ -47.4751, -23.1232 ], [ -47.4769, -23.1237 ], [ -47.4787, -23.125 ], [ -47.4804, -23.125 ], [ -47.4814, -23.1239 ], [ -47.4818, -23.1209 ], [ -47.4831, -23.1189 ], [ -47.4852, -23.117 ], [ -47.4869, -23.1118 ], [ -47.4888, -23.1075 ], [ -47.4898, -23.1059 ], [ -47.4918, -23.1038 ], [ -47.4927, -23.1023 ], [ -47.4971, -23.0977 ], [ -47.5013, -23.0943 ], [ -47.5034, -23.0937 ], [ -47.5065, -23.0936 ], [ -47.5086, -23.0916 ], [ -47.511, -23.0915 ], [ -47.5144, -23.0925 ], [ -47.52, -23.0946 ], [ -47.5247, -23.0949 ], [ -47.5286, -23.0948 ], [ -47.5292, -23.1005 ], [ -47.53, -23.1013 ], [ -47.5315, -23.1015 ], [ -47.5348, -23.1009 ], [ -47.5363, -23.1017 ], [ -47.5387, -23.1015 ], [ -47.5396, -23.1001 ], [ -47.542, -23.0984 ], [ -47.5465, -23.0982 ], [ -47.5494, -23.0974 ], [ -47.5525, -23.0985 ], [ -47.5538, -23.0984 ], [ -47.5564, -23.0959 ], [ -47.5576, -23.0958 ], [ -47.5589, -23.0948 ], [ -47.56, -23.0932 ], [ -47.5623, -23.091 ], [ -47.5632, -23.0907 ], [ -47.5647, -23.0915 ], [ -47.5666, -23.094 ], [ -47.5667, -23.095 ], [ -47.5657, -23.097 ], [ -47.5674, -23.0987 ], [ -47.5686, -23.0991 ], [ -47.5725, -23.0983 ], [ -47.5739, -23.0999 ], [ -47.5755, -23.1001 ], [ -47.5766, -23.1011 ], [ -47.5779, -23.1013 ], [ -47.5791, -23.1026 ], [ -47.5814, -23.1037 ], [ -47.5863, -23.1024 ], [ -47.587, -23.1032 ], [ -47.5896, -23.102 ], [ -47.5932, -23.1022 ], [ -47.595, -23.102 ], [ -47.5971, -23.0995 ], [ -47.6004, -23.0999 ], [ -47.6028, -23.0997 ], [ -47.6038, -23.0984 ], [ -47.6072, -23.0986 ], [ -47.6087, -23.0993 ], [ -47.6129, -23.1029 ], [ -47.6137, -23.1047 ], [ -47.6127, -23.1057 ], [ -47.6133, -23.1065 ], [ -47.6157, -23.1062 ], [ -47.616, -23.1069 ], [ -47.6145, -23.1085 ], [ -47.6148, -23.1095 ], [ -47.6171, -23.1099 ], [ -47.6171, -23.1117 ], [ -47.6179, -23.112 ], [ -47.6193, -23.1143 ], [ -47.6217, -23.1155 ], [ -47.6246, -23.1137 ], [ -47.6244, -23.1116 ], [ -47.6252, -23.1103 ], [ -47.6279, -23.1091 ], [ -47.6282, -23.1122 ], [ -47.6301, -23.1155 ], [ -47.6303, -23.1169 ], [ -47.6289, -23.125 ], [ -47.6284, -23.1261 ], [ -47.6257, -23.1287 ], [ -47.6243, -23.1306 ], [ -47.624, -23.1323 ], [ -47.6242, -23.1377 ], [ -47.6254, -23.1388 ], [ -47.6255, -23.1402 ], [ -47.6243, -23.1418 ], [ -47.6229, -23.1422 ], [ -47.6198, -23.1418 ], [ -47.6151, -23.1388 ], [ -47.6122, -23.1375 ], [ -47.6111, -23.1365 ], [ -47.6097, -23.1341 ], [ -47.6067, -23.1318 ], [ -47.6042, -23.1309 ], [ -47.6002, -23.1305 ], [ -47.5969, -23.1313 ], [ -47.596, -23.132 ], [ -47.5961, -23.1333 ], [ -47.5974, -23.1357 ], [ -47.5964, -23.138 ], [ -47.5944, -23.1405 ], [ -47.591, -23.1432 ], [ -47.5878, -23.1446 ], [ -47.5862, -23.1461 ], [ -47.585, -23.1486 ], [ -47.5834, -23.1506 ], [ -47.5842, -23.1521 ], [ -47.5866, -23.1532 ], [ -47.5895, -23.1528 ], [ -47.5942, -23.1496 ], [ -47.597, -23.1498 ], [ -47.5999, -23.1514 ], [ -47.6027, -23.1518 ], [ -47.6056, -23.1504 ], [ -47.6083, -23.1483 ], [ -47.6094, -23.1486 ], [ -47.6124, -23.1515 ], [ -47.6138, -23.1542 ], [ -47.6162, -23.1618 ], [ -47.6156, -23.1648 ], [ -47.6137, -23.1671 ], [ -47.6137, -23.1686 ], [ -47.6151, -23.1701 ], [ -47.6149, -23.1721 ], [ -47.6168, -23.173 ], [ -47.6173, -23.1743 ], [ -47.6158, -23.1801 ], [ -47.6159, -23.1818 ], [ -47.6199, -23.1844 ], [ -47.6227, -23.1866 ], [ -47.6247, -23.1877 ], [ -47.6285, -23.1911 ], [ -47.6295, -23.1916 ], [ -47.6319, -23.1908 ], [ -47.6338, -23.1916 ], [ -47.6356, -23.1933 ], [ -47.6386, -23.1951 ], [ -47.6402, -23.1951 ], [ -47.6423, -23.1937 ], [ -47.6454, -23.1936 ], [ -47.6469, -23.1947 ], [ -47.6477, -23.1965 ], [ -47.6511, -23.1976 ], [ -47.6562, -23.201 ], [ -47.6591, -23.2015 ], [ -47.6602, -23.2026 ], [ -47.6605, -23.2045 ], [ -47.664, -23.2076 ], [ -47.6661, -23.2108 ], [ -47.6699, -23.2138 ], [ -47.673, -23.2147 ], [ -47.6784, -23.2184 ], [ -47.6796, -23.2198 ], [ -47.6815, -23.2203 ], [ -47.684, -23.2197 ], [ -47.6851, -23.2199 ], [ -47.6887, -23.2228 ], [ -47.6901, -23.2232 ], [ -47.6904, -23.2207 ], [ -47.6909, -23.2197 ], [ -47.694, -23.2183 ], [ -47.6994, -23.2166 ], [ -47.704, -23.216 ], [ -47.7064, -23.2187 ], [ -47.7054, -23.2221 ], [ -47.7032, -23.2266 ], [ -47.7022, -23.2277 ], [ -47.7049, -23.2282 ] ] ] } },
{ "type": "Feature", "properties": { "nome_raj": "5ª RAJ Presidente Prudente", "id_municipio_ibge": 3500105, "nome_municipio": "Adamantina", "populacao_municipio": 34687, "id_foro": 1, "nome_foro": "Adamantina", "endereco_sede": "Avenida Ademar de Barros , 133 - Centro, 17800-000", "latitude": -21.576695151888305, "longitude": -51.056812445653414, "id_cj": 30.0, "nome_cj": "Tupã", "id_raj": 5, "populacao_foro": 38200, "cidades_no_foro": "Adamantina, Mariápolis", "cidades_na_cj": "Adamantina, Arco-Íris, Bastos, Flórida Paulista, Herculândia, Iacri, Inúbia Paulista, Lucélia, Mariápolis, Osvaldo Cruz, Parapuã, Pracinha, Queiroz, Rinópolis, Sagres, Salmourão, Tupã" }, "geometry": { "type": "Polygon", "coordinates": [ [ [ -52.4901, -22.6307 ], [ -52.4953, -22.6331 ], [ -52.4988, -22.6342 ], [ -52.5027, -22.6346 ], [ -52.5066, -22.6335 ], [ -52.5118, -22.6303 ], [ -52.5208, -22.6218 ], [ -52.5235, -22.6199 ], [ -52.5293, -22.6177 ], [ -52.5378, -22.616 ], [ -52.5389, -22.6157 ], [ -52.5454, -22.6117 ], [ -52.5491, -22.6075 ], [ -52.5539, -22.6007 ], [ -52.5631, -22.5934 ], [ -52.5671, -22.5892 ], [ -52.5715, -22.5829 ], [ -52.5758, -22.572 ], [ -52.5813, -22.5674 ], [ -52.5849, -22.5659 ], [ -52.5893, -22.5661 ], [ -52.5945, -22.5684 ], [ -52.5999, -22.5697 ], [ -52.6043, -22.5722 ], [ -52.607, -22.5733 ], [ -52.6099, -22.5738 ], [ -52.6114, -22.5745 ], [ -52.6199, -22.5803 ], [ -52.6301, -22.5905 ], [ -52.6329, -22.5925 ], [ -52.6442, -22.5975 ], [ -52.6512, -22.6026 ], [ -52.656, -22.6072 ], [ -52.663, -22.6119 ], [ -52.6777, -22.6183 ], [ -52.69, -22.6244 ], [ -52.6971, -22.627 ], [ -52.7017, -22.6277 ], [ -52.7083, -22.6281 ], [ -52.7152, -22.6271 ], [ -52.718, -22.6275 ], [ -52.7224, -22.6268 ], [ -52.7269, -22.6252 ], [ -52.7324, -22.6226 ], [ -52.7397, -22.6181 ], [ -52.7449, -22.6159 ], [ -52.7503, -22.6124 ], [ -52.7643, -22.6086 ], [ -52.7754, -22.6044 ], [ -52.7829, -22.6021 ], [ -52.8154, -22.597 ], [ -52.8449, -22.6092 ], [ -52.8584, -22.608 ], [ -52.9054, -22.5722 ], [ -52.9247, -22.5656 ], [ -52.9724, -22.5705 ], [ -52.9849, -22.5763 ], [ -53.0117, -22.5988 ], [ -53.0198, -22.6017 ], [ -53.0245, -22.6042 ], [ -53.0308, -22.6084 ], [ -53.0385, -22.6184 ], [ -53.0387, -22.6182 ], [ -53.0452, -22.6245 ], [ -53.0558, -22.6326 ], [ -53.0571, -22.6333 ], [ -53.0691, -22.6379 ], [ -53.0747, -22.6413 ], [ -53.0839, -22.6551 ], [ -53.0853, -22.6568 ], [ -53.0878, -22.6584 ], [ -53.0897, -22.6529 ], [ -53.0915, -22.6448 ], [ -53.0946, -22.638 ], [ -53.1014, -22.6256 ], [ -53.1052, -22.6219 ], [ -53.1087, -22.615 ], [ -53.1101, -22.6102 ], [ -53.1099, -22.6043 ], [ -53.1089, -22.5983 ], [ -53.1079, -22.5955 ], [ -53.0978, -22.5825 ], [ -53.0909, -22.5694 ], [ -53.0886, -22.5658 ], [ -53.086, -22.5623 ], [ -53.0815, -22.5571 ], [ -53.0738, -22.5489 ], [ -53.058, -22.5369 ], [ -53.0542, -22.5349 ], [ -53.0512, -22.5338 ], [ -53.0497, -22.5325 ], [ -53.0398, -22.5274 ], [ -53.0383, -22.5274 ], [ -53.0245, -22.5241 ], [ -53.0206, -22.5225 ], [ -53.0144, -22.5207 ], [ -53.0116, -22.5182 ], [ -53.0071, -22.513 ], [ -53.0041, -22.5051 ], [ -53.0012, -22.5008 ], [ -52.9986, -22.4932 ], [ -52.9882, -22.4869 ], [ -52.9797, -22.4835 ], [ -52.9551, -22.4755 ], [ -52.9482, -22.4734 ], [ -52.9387, -22.4704 ], [ -52.8858, -22.4529 ], [ -52.8578, -22.4415 ], [ -52.8548, -22.4391 ], [ -52.8399, -22.4153 ], [ -52.8082, -22.3883 ], [ -52.7983, -22.3783 ], [ -52.7458, -22.3433 ], [ -52.7243, -22.3351 ], [ -52.6951, -22.3146 ], [ -52.6569, -22.3038 ], [ -52.6553, -22.3031 ], [ -52.6503, -22.301 ], [ -52.6458, -22.2983 ], [ -52.64, -22.293 ], [ -52.6363, -22.2887 ], [ -52.6334, -22.285 ], [ -52.6295, -22.2824 ], [ -52.6234, -22.279 ], [ -52.6044, -22.2731 ], [ -52.602, -22.272 ], [ -52.5975, -22.2688 ], [ -52.5928, -22.2627 ], [ -52.5869, -22.2568 ], [ -52.5792, -22.252 ], [ -52.571, -22.2484 ], [ -52.5486, -22.2424 ], [ -52.5421, -22.2403 ], [ -52.5334, -22.2356 ], [ -52.5315, -22.2339 ], [ -52.5232, -22.229 ], [ -52.5124, -22.2256 ], [ -52.5068, -22.2251 ], [ -52.5034, -22.2254 ], [ -52.4988, -22.2235 ], [ -52.493, -22.2199 ], [ -52.4877, -22.2172 ], [ -52.4842, -22.2133 ], [ -52.481, -22.2023 ], [ -52.48, -22.2009 ], [ -52.4607, -22.1887 ], [ -52.4562, -22.1853 ], [ -52.4457, -22.1769 ], [ -52.4415, -22.1713 ], [ -52.433, -22.1634 ], [ -52.415, -22.1488 ], [ -52.4082, -22.1416 ], [ -52.4041, -22.1311 ], [ -52.4017, -22.1264 ], [ -52.3964, -22.1189 ], [ -52.3919, -22.1147 ], [ -52.3864, -22.1113 ], [ -52.3789, -22.1082 ], [ -52.3772, -22.1067 ], [ -52.3707, -22.0967 ], [ -52.3605, -22.0833 ], [ -52.3551, -22.0772 ], [ -52.3454, -22.062 ], [ -52.3392, -22.0478 ], [ -52.3379, -22.0415 ], [ -52.3359, -22.035 ], [ -52.3324, -22.0203 ], [ -52.3264, -22.0023 ], [ -52.328, -22.0 ], [ -52.3256, -21.9961 ], [ -52.3236, -21.987 ], [ -52.319, -21.9721 ], [ -52.3155, -21.9668 ], [ -52.3141, -21.962 ], [ -52.3088, -21.9519 ], [ -52.3073, -21.9505 ], [ -52.3015, -21.9422 ], [ -52.2938, -21.9352 ], [ -52.2878, -21.9287 ], [ -52.2803, -21.9228 ], [ -52.2792, -21.9216 ], [ -52.2784, -21.9186 ], [ -52.275, -21.9149 ], [ -52.2737, -21.9146 ], [ -52.2706, -21.9148 ], [ -52.269, -21.9145 ], [ -52.2637, -21.9123 ], [ -52.2594, -21.9067 ], [ -52.2582, -21.9059 ], [ -52.2555, -21.9053 ], [ -52.2484, -21.9023 ], [ -52.2364, -21.8868 ], [ -52.2334, -21.8838 ], [ -52.2285, -21.8791 ], [ -52.2067, -21.8621 ], [ -52.1906, -21.8461 ], [ -52.1894, -21.8443 ], [ -52.1845, -21.8302 ], [ -52.1836, -21.8264 ], [ -52.1844, -21.8182 ], [ -52.184, -21.8145 ], [ -52.1752, -21.7948 ], [ -52.171, -21.7864 ], [ -52.1622, -21.773 ], [ -52.1613, -21.7708 ], [ -52.1478, -21.7596 ], [ -52.14, -21.7557 ], [ -52.1365, -21.7544 ], [ -52.131, -21.7529 ], [ -52.1255, -21.7518 ], [ -52.1221, -21.7495 ], [ -52.1182, -21.7488 ], [ -52.112, -21.7496 ], [ -52.1038, -21.7461 ], [ -52.1013, -21.7431 ], [ -52.1007, -21.7395 ], [ -52.0996, -21.7376 ], [ -52.0939, -21.7305 ], [ -52.0867, -21.7238 ], [ -52.082, -21.7206 ], [ -52.0765, -21.7149 ], [ -52.0731, -21.7086 ], [ -52.0704, -21.7024 ], [ -52.0629, -21.6896 ], [ -52.0558, -21.6772 ], [ -52.0507, -21.6658 ], [ -52.0499, -21.6631 ], [ -52.0483, -21.6563 ], [ -52.0483, -21.6506 ], [ -52.0495, -21.6431 ], [ -52.0521, -21.6366 ], [ -52.0556, -21.6311 ], [ -52.0608, -21.6243 ], [ -52.0628, -21.6206 ], [ -52.0653, -21.6133 ], [ -52.0673, -21.6027 ], [ -52.0689, -21.5981 ], [ -52.0724, -21.5931 ], [ -52.0828, -21.5842 ], [ -52.0842, -21.5833 ], [ -52.0885, -21.582 ], [ -52.0915, -21.5807 ], [ -52.0988, -21.575 ], [ -52.1022, -21.5698 ], [ -52.1034, -21.5646 ], [ -52.1033, -21.5591 ], [ -52.1023, -21.5548 ], [ -52.096, -21.5421 ], [ -52.0931, -21.5378 ], [ -52.0879, -21.5329 ], [ -52.0853, -21.528 ], [ -52.0803, -21.5216 ], [ -52.0778, -21.5152 ], [ -52.0722, -21.509 ], [ -52.0665, -21.5046 ], [ -52.062, -21.5033 ], [ -52.0571, -21.5036 ], [ -52.0516, -21.5051 ], [ -52.0425, -21.5067 ], [ -52.0376, -21.5086 ], [ -52.0218, -21.5109 ], [ -52.0139, -21.5127 ], [ -52.0004, -21.5166 ], [ -51.9969, -21.5159 ], [ -51.9872, -21.5117 ], [ -51.9789, -21.5069 ], [ -51.9679, -21.5018 ], [ -51.9635, -21.496 ], [ -51.9622, -21.4933 ], [ -51.9612, -21.4912 ], [ -51.9587, -21.4851 ], [ -51.9583, -21.4835 ], [ -51.9552, -21.4779 ], [ -51.9524, -21.4736 ], [ -51.9491, -21.4698 ], [ -51.9444, -21.4658 ], [ -51.9428, -21.4649 ], [ -51.9361, -21.4623 ], [ -51.9305, -21.4578 ], [ -51.9287, -21.4558 ], [ -51.927, -21.4514 ], [ -51.9241, -21.4457 ], [ -51.9224, -21.4404 ], [ -51.9192, -21.4235 ], [ -51.9182, -21.4122 ], [ -51.9173, -21.4104 ], [ -51.9152, -21.4031 ], [ -51.9125, -21.3957 ], [ -51.9111, -21.3927 ], [ -51.9082, -21.3879 ], [ -51.9075, -21.3865 ], [ -51.9056, -21.384 ], [ -51.8999, -21.3776 ], [ -51.8878, -21.3669 ], [ -51.8746, -21.3574 ], [ -51.8688, -21.3535 ], [ -51.8653, -21.3489 ], [ -51.862, -21.3416 ], [ -51.8611, -21.3367 ], [ -51.8614, -21.3171 ], [ -51.8599, -21.3112 ], [ -51.8598, -21.3067 ], [ -51.8585, -21.3005 ], [ -51.8569, -21.2895 ], [ -51.8559, -21.2859 ], [ -51.8514, -21.2812 ], [ -51.8494, -21.2762 ], [ -51.8485, -21.2666 ], [ -51.8493, -21.2649 ], [ -51.8505, -21.2636 ], [ -51.8535, -21.2625 ], [ -51.8546, -21.2599 ], [ -51.8542, -21.257 ], [ -51.8543, -21.2543 ], [ -51.8552, -21.2503 ], [ -51.8572, -21.2459 ], [ -51.8598, -21.242 ], [ -51.8609, -21.2389 ], [ -51.8637, -21.2267 ], [ -51.8669, -21.221 ], [ -51.8698, -21.2174 ], [ -51.8738, -21.2112 ], [ -51.8796, -21.1994 ], [ -51.8797, -21.1979 ], [ -51.8758, -21.181 ], [ -51.879, -21.1481 ], [ -51.8769, -21.1395 ], [ -51.8759, -21.1361 ], [ -51.8655, -21.1305 ], [ -51.8446, -21.1315 ], [ -51.8236, -21.1268 ], [ -51.8145, -21.1214 ], [ -51.808, -21.11 ], [ -51.7897, -21.1021 ], [ -51.7756, -21.0731 ], [ -51.7725, -21.0511 ], [ -51.7669, -21.0508 ], [ -51.766, -21.052 ], [ -51.7676, -21.0556 ], [ -51.7672, -21.0581 ], [ -51.7654, -21.0597 ], [ -51.7638, -21.0592 ], [ -51.7655, -21.0559 ], [ -51.7644, -21.0547 ], [ -51.7612, -21.0555 ], [ -51.7608, -21.0581 ], [ -51.7617, -21.0595 ], [ -51.7625, -21.0637 ], [ -51.7619, -21.0643 ], [ -51.7592, -21.0643 ], [ -51.757, -21.0659 ], [ -51.7551, -21.0651 ], [ -51.7553, -21.0635 ], [ -51.7538, -21.061 ], [ -51.7522, -21.0608 ], [ -51.7516, -21.0619 ], [ -51.7532, -21.0628 ], [ -51.7531, -21.0642 ], [ -51.7514, -21.0644 ], [ -51.749, -21.0664 ], [ -51.7467, -21.0658 ], [ -51.7457, -21.0665 ], [ -51.7472, -21.068 ], [ -51.748, -21.0695 ], [ -51.747, -21.0705 ], [ -51.7458, -21.0703 ], [ -51.7437, -21.068 ], [ -51.7399, -21.0692 ], [ -51.7413, -21.0703 ], [ -51.7383, -21.0714 ], [ -51.7383, -21.0732 ], [ -51.7375, -21.0743 ], [ -51.7363, -21.0735 ], [ -51.7367, -21.0717 ], [ -51.7342, -21.0715 ], [ -51.7331, -21.0703 ], [ -51.7315, -21.0695 ], [ -51.73, -21.0703 ], [ -51.7293, -21.0719 ], [ -51.7291, -21.0739 ], [ -51.7278, -21.0738 ], [ -51.7273, -21.0719 ], [ -51.7254, -21.0689 ], [ -51.725, -21.0703 ], [ -51.7222, -21.0722 ], [ -51.7212, -21.0721 ], [ -51.7202, -21.0696 ], [ -51.7191, -21.0699 ], [ -51.7182, -21.0717 ], [ -51.7171, -21.0726 ], [ -51.7184, -21.0752 ], [ -51.7146, -21.0769 ], [ -51.7143, -21.0792 ], [ -51.7116, -21.0792 ], [ -51.7136, -21.0807 ], [ -51.7137, -21.0833 ], [ -51.7129, -21.084 ], [ -51.7102, -21.0846 ], [ -51.7082, -21.0832 ], [ -51.7068, -21.0835 ], [ -51.7063, -21.0856 ], [ -51.7069, -21.0867 ], [ -51.7082, -21.0871 ], [ -51.7079, -21.0883 ], [ -51.7061, -21.0894 ], [ -51.7051, -21.0891 ], [ -51.704, -21.0872 ], [ -51.7028, -21.0877 ], [ -51.7027, -21.09 ], [ -51.701, -21.0902 ], [ -51.7007, -21.0884 ], [ -51.6995, -21.0882 ], [ -51.698, -21.0917 ], [ -51.6978, -21.0954 ], [ -51.6968, -21.096 ], [ -51.6952, -21.0954 ], [ -51.6945, -21.0963 ], [ -51.6976, -21.0982 ], [ -51.6987, -21.1008 ], [ -51.6978, -21.1036 ], [ -51.6986, -21.1046 ], [ -51.7007, -21.1052 ], [ -51.7015, -21.1062 ], [ -51.7015, -21.1078 ], [ -51.7001, -21.1096 ], [ -51.6973, -21.111 ], [ -51.6931, -21.1148 ], [ -51.6908, -21.1161 ], [ -51.6913, -21.1194 ], [ -51.6898, -21.1209 ], [ -51.6882, -21.122 ], [ -51.6886, -21.1232 ], [ -51.6919, -21.1223 ], [ -51.6928, -21.1238 ], [ -51.6912, -21.1262 ], [ -51.6912, -21.1274 ], [ -51.6925, -21.1294 ], [ -51.694, -21.1302 ], [ -51.6949, -21.1319 ], [ -51.6938, -21.1328 ], [ -51.6905, -21.1336 ], [ -51.6904, -21.1352 ], [ -51.6919, -21.1366 ], [ -51.6906, -21.1395 ], [ -51.691, -21.1436 ], [ -51.6901, -21.1455 ], [ -51.6875, -21.1462 ], [ -51.6862, -21.1492 ], [ -51.6855, -21.1498 ], [ -51.682, -21.1491 ], [ -51.6799, -21.1495 ], [ -51.6778, -21.1513 ], [ -51.6759, -21.1512 ], [ -51.6745, -21.1495 ], [ -51.6729, -21.1489 ], [ -51.6716, -21.1497 ], [ -51.6723, -21.1517 ], [ -51.6738, -21.1521 ], [ -51.6744, -21.1533 ], [ -51.6734, -21.154 ], [ -51.6707, -21.1545 ], [ -51.6694, -21.1559 ], [ -51.6678, -21.1562 ], [ -51.6677, -21.1582 ], [ -51.6686, -21.1587 ], [ -51.6712, -21.1585 ], [ -51.6723, -21.1596 ], [ -51.6717, -21.1609 ], [ -51.6683, -21.1618 ], [ -51.6656, -21.164 ], [ -51.6609, -21.1661 ], [ -51.6596, -21.169 ], [ -51.6588, -21.1696 ], [ -51.6568, -21.1694 ], [ -51.6544, -21.1676 ], [ -51.651, -21.1676 ], [ -51.6478, -21.1669 ], [ -51.6438, -21.1665 ], [ -51.6415, -21.1652 ], [ -51.64, -21.1632 ], [ -51.6396, -21.1628 ], [ -51.6382, -21.1607 ], [ -51.6381, -21.1593 ], [ -51.6388, -21.1567 ], [ -51.6378, -21.1538 ], [ -51.6381, -21.1517 ], [ -51.6365, -21.1513 ], [ -51.6352, -21.1525 ], [ -51.6335, -21.1523 ], [ -51.6321, -21.1506 ], [ -51.63, -21.15 ], [ -51.6289, -21.1487 ], [ -51.6287, -21.147 ], [ -51.6268, -21.146 ], [ -51.6239, -21.1467 ], [ -51.6227, -21.1467 ], [ -51.6204, -21.1476 ], [ -51.6192, -21.1472 ], [ -51.6192, -21.1451 ], [ -51.6168, -21.1448 ], [ -51.6155, -21.1421 ], [ -51.6137, -21.1417 ], [ -51.612, -21.1431 ], [ -51.6078, -21.1455 ], [ -51.6032, -21.1474 ], [ -51.6034, -21.1459 ], [ -51.6043, -21.1448 ], [ -51.6035, -21.1437 ], [ -51.6008, -21.1443 ], [ -51.5989, -21.1457 ], [ -51.5965, -21.1463 ], [ -51.5944, -21.1477 ], [ -51.5915, -21.1486 ], [ -51.5901, -21.1526 ], [ -51.5905, -21.154 ], [ -51.5917, -21.1544 ], [ -51.596, -21.159 ], [ -51.5954, -21.1604 ], [ -51.5936, -21.1624 ], [ -51.5949, -21.1648 ], [ -51.595, -21.1665 ], [ -51.5936, -21.1682 ], [ -51.5936, -21.1707 ], [ -51.5913, -21.1721 ], [ -51.5895, -21.1747 ], [ -51.5867, -21.1754 ], [ -51.585, -21.1773 ], [ -51.5832, -21.1781 ], [ -51.5806, -21.1785 ], [ -51.5789, -21.1797 ], [ -51.5769, -21.18 ], [ -51.5757, -21.1813 ], [ -51.5771, -21.1827 ], [ -51.5778, -21.1841 ], [ -51.5763, -21.1852 ], [ -51.5759, -21.1867 ], [ -51.5765, -21.1875 ], [ -51.5762, -21.1892 ], [ -51.5739, -21.1892 ], [ -51.5738, -21.1873 ], [ -51.573, -21.1868 ], [ -51.5711, -21.187 ], [ -51.571, -21.1852 ], [ -51.5699, -21.1851 ], [ -51.5697, -21.1866 ], [ -51.5681, -21.1872 ], [ -51.5664, -21.1856 ], [ -51.5648, -21.1853 ], [ -51.5633, -21.1861 ], [ -51.563, -21.1872 ], [ -51.5647, -21.189 ], [ -51.5646, -21.1901 ], [ -51.5618, -21.1903 ], [ -51.5607, -21.1909 ], [ -51.5574, -21.1902 ], [ -51.5556, -21.1909 ], [ -51.5528, -21.19 ], [ -51.5501, -21.1908 ], [ -51.5461, -21.1909 ], [ -51.543, -21.1917 ], [ -51.543, -21.193 ], [ -51.5442, -21.1948 ], [ -51.5407, -21.1966 ], [ -51.5405, -21.1941 ], [ -51.5388, -21.1935 ], [ -51.5375, -21.1948 ], [ -51.5385, -21.1966 ], [ -51.5385, -21.1983 ], [ -51.5356, -21.2008 ], [ -51.5346, -21.2008 ], [ -51.5339, -21.1995 ], [ -51.5357, -21.1993 ], [ -51.5358, -21.1974 ], [ -51.5336, -21.1956 ], [ -51.5311, -21.1957 ], [ -51.5309, -21.1968 ], [ -51.5299, -21.1976 ], [ -51.5277, -21.1975 ], [ -51.5234, -21.1996 ], [ -51.5234, -21.202 ], [ -51.5223, -21.2034 ], [ -51.5196, -21.2036 ], [ -51.5187, -21.2045 ], [ -51.5185, -21.2081 ], [ -51.5181, -21.209 ], [ -51.5166, -21.2098 ], [ -51.5147, -21.2098 ], [ -51.5126, -21.2102 ], [ -51.5115, -21.2113 ], [ -51.5108, -21.2147 ], [ -51.5097, -21.2168 ], [ -51.5078, -21.2177 ], [ -51.5058, -21.217 ], [ -51.5037, -21.2175 ], [ -51.5035, -21.2196 ], [ -51.5018, -21.2211 ], [ -51.5006, -21.221 ], [ -51.4981, -21.2197 ], [ -51.4957, -21.2199 ], [ -51.4944, -21.2209 ], [ -51.4944, -21.2242 ], [ -51.496, -21.2253 ], [ -51.4962, -21.2273 ], [ -51.4943, -21.2287 ], [ -51.4927, -21.2305 ], [ -51.4896, -21.2311 ], [ -51.4867, -21.2331 ], [ -51.4855, -21.2325 ], [ -51.4843, -21.2321 ], [ -51.4824, -21.2324 ], [ -51.4808, -21.2317 ], [ -51.4792, -21.2324 ], [ -51.4794, -21.235 ], [ -51.4781, -21.2359 ], [ -51.4753, -21.2356 ], [ -51.473, -21.2364 ], [ -51.4714, -21.2386 ], [ -51.47, -21.2373 ], [ -51.4717, -21.2355 ], [ -51.4713, -21.2343 ], [ -51.4699, -21.2349 ], [ -51.4693, -21.2366 ], [ -51.4674, -21.2378 ], [ -51.4633, -21.2365 ], [ -51.4583, -21.2374 ], [ -51.4545, -21.2388 ], [ -51.4531, -21.2407 ], [ -51.4518, -21.2414 ], [ -51.4498, -21.2413 ], [ -51.4482, -21.2419 ], [ -51.4466, -21.2437 ], [ -51.4436, -21.2433 ], [ -51.4406, -21.2448 ], [ -51.4353, -21.2457 ], [ -51.434, -21.2464 ], [ -51.4337, -21.2482 ], [ -51.4328, -21.2498 ], [ -51.4299, -21.2505 ], [ -51.4293, -21.2521 ], [ -51.4313, -21.2533 ], [ -51.431, -21.2548 ], [ -51.4278, -21.2559 ], [ -51.4259, -21.2577 ], [ -51.4244, -21.258 ], [ -51.4234, -21.2562 ], [ -51.4222, -21.2567 ], [ -51.4215, -21.2584 ], [ -51.4204, -21.2595 ], [ -51.4167, -21.2613 ], [ -51.4152, -21.2626 ], [ -51.4134, -21.2625 ], [ -51.4115, -21.2636 ], [ -51.4092, -21.2637 ], [ -51.4072, -21.2645 ], [ -51.4067, -21.267 ], [ -51.4049, -21.2688 ], [ -51.404, -21.2679 ], [ -51.4036, -21.2661 ], [ -51.4023, -21.2658 ], [ -51.4004, -21.2663 ], [ -51.3981, -21.2684 ], [ -51.3977, -21.2693 ], [ -51.3986, -21.2706 ], [ -51.402, -21.271 ], [ -51.4017, -21.2726 ], [ -51.3964, -21.2724 ], [ -51.3954, -21.2727 ], [ -51.3955, -21.274 ], [ -51.3974, -21.2743 ], [ -51.3976, -21.2761 ], [ -51.3949, -21.2753 ], [ -51.3927, -21.2771 ], [ -51.3928, -21.2793 ], [ -51.392, -21.2805 ], [ -51.3853, -21.2844 ], [ -51.3826, -21.2829 ], [ -51.3816, -21.2829 ], [ -51.3772, -21.2853 ], [ -51.3748, -21.2852 ], [ -51.3717, -21.2875 ], [ -51.3698, -21.2899 ], [ -51.3661, -21.289 ], [ -51.363, -21.2896 ], [ -51.3618, -21.2892 ], [ -51.3627, -21.2874 ], [ -51.3622, -21.2864 ], [ -51.3605, -21.2858 ], [ -51.3589, -21.2862 ], [ -51.3587, -21.2878 ], [ -51.3573, -21.2885 ], [ -51.3549, -21.2884 ], [ -51.3533, -21.2892 ], [ -51.3519, -21.2891 ], [ -51.3506, -21.288 ], [ -51.3488, -21.2887 ], [ -51.3493, -21.2914 ], [ -51.3486, -21.292 ], [ -51.3464, -21.2919 ], [ -51.3459, -21.2909 ], [ -51.3472, -21.2886 ], [ -51.345, -21.2886 ], [ -51.3433, -21.2879 ], [ -51.3431, -21.2901 ], [ -51.3404, -21.2929 ], [ -51.3379, -21.2933 ], [ -51.3372, -21.2927 ], [ -51.3378, -21.2911 ], [ -51.3391, -21.2902 ], [ -51.3391, -21.2887 ], [ -51.338, -21.2887 ], [ -51.3364, -21.2912 ], [ -51.3347, -21.2927 ], [ -51.3335, -21.2924 ], [ -51.3314, -21.2928 ], [ -51.3288, -21.2925 ], [ -51.3269, -21.2918 ], [ -51.3251, -21.2922 ], [ -51.3268, -21.2945 ], [ -51.3259, -21.2952 ], [ -51.3251, -21.2937 ], [ -51.3237, -21.2937 ], [ -51.3234, -21.2958 ], [ -51.3222, -21.2983 ], [ -51.3209, -21.2991 ], [ -51.3185, -21.298 ], [ -51.3172, -21.2988 ], [ -51.3156, -21.2983 ], [ -51.3156, -21.2964 ], [ -51.3141, -21.2957 ], [ -51.313, -21.2973 ], [ -51.3125, -21.299 ], [ -51.3103, -21.2988 ], [ -51.3089, -21.2999 ], [ -51.3092, -21.302 ], [ -51.3088, -21.3031 ], [ -51.3055, -21.3052 ], [ -51.3046, -21.3061 ], [ -51.3045, -21.3078 ], [ -51.3028, -21.3094 ], [ -51.2996, -21.3093 ], [ -51.2967, -21.3103 ], [ -51.2951, -21.3129 ], [ -51.294, -21.3139 ], [ -51.2922, -21.3144 ], [ -51.2898, -21.3132 ], [ -51.2883, -21.3132 ], [ -51.2876, -21.3143 ], [ -51.288, -21.3173 ], [ -51.2865, -21.3183 ], [ -51.2863, -21.3193 ], [ -51.2856, -21.3183 ], [ -51.283, -21.3189 ], [ -51.2807, -21.3199 ], [ -51.2774, -21.3206 ], [ -51.275, -21.3219 ], [ -51.2725, -21.3211 ], [ -51.2709, -21.3213 ], [ -51.2701, -21.3223 ], [ -51.2693, -21.326 ], [ -51.2662, -21.3308 ], [ -51.2642, -21.3314 ], [ -51.2637, -21.3288 ], [ -51.2628, -21.3279 ], [ -51.2595, -21.3276 ], [ -51.2533, -21.3267 ], [ -51.2445, -21.3265 ], [ -51.2429, -21.3269 ], [ -51.2378, -21.3268 ], [ -51.2367, -21.328 ], [ -51.2379, -21.3308 ], [ -51.237, -21.332 ], [ -51.2328, -21.333 ], [ -51.2328, -21.3344 ], [ -51.2312, -21.3358 ], [ -51.2322, -21.338 ], [ -51.2302, -21.3394 ], [ -51.2293, -21.3414 ], [ -51.2277, -21.3404 ], [ -51.2254, -21.342 ], [ -51.2256, -21.3435 ], [ -51.224, -21.3458 ], [ -51.2223, -21.3462 ], [ -51.2209, -21.3481 ], [ -51.2179, -21.3492 ], [ -51.2168, -21.3511 ], [ -51.2128, -21.3514 ], [ -51.212, -21.3527 ], [ -51.2143, -21.3536 ], [ -51.2141, -21.3548 ], [ -51.2108, -21.3554 ], [ -51.2102, -21.3572 ], [ -51.2078, -21.3568 ], [ -51.2065, -21.3591 ], [ -51.2039, -21.361 ], [ -51.2019, -21.3599 ], [ -51.2001, -21.36 ], [ -51.1997, -21.3615 ], [ -51.1976, -21.3644 ], [ -51.1961, -21.3673 ], [ -51.1954, -21.3718 ], [ -51.1937, -21.3743 ], [ -51.1897, -21.3771 ], [ -51.1862, -21.3762 ], [ -51.1834, -21.3762 ], [ -51.182, -21.3771 ], [ -51.1809, -21.3789 ], [ -51.1789, -21.38 ], [ -51.1745, -21.3812 ], [ -51.1718, -21.3836 ], [ -51.1678, -21.3836 ], [ -51.1657, -21.3841 ], [ -51.1641, -21.384 ], [ -51.1622, -21.3819 ], [ -51.1575, -21.3786 ], [ -51.1562, -21.3782 ], [ -51.1544, -21.3785 ], [ -51.1534, -21.3775 ], [ -51.1481, -21.3746 ], [ -51.145, -21.3744 ], [ -51.143, -21.3747 ], [ -51.1396, -21.3738 ], [ -51.1373, -21.374 ], [ -51.133, -21.375 ], [ -51.1317, -21.3774 ], [ -51.1296, -21.3789 ], [ -51.1253, -21.3801 ], [ -51.1224, -21.3816 ], [ -51.1216, -21.3815 ], [ -51.1201, -21.3795 ], [ -51.115, -21.3772 ], [ -51.1122, -21.3761 ], [ -51.1079, -21.3758 ], [ -51.1067, -21.375 ], [ -51.1056, -21.3729 ], [ -51.1037, -21.3724 ], [ -51.101, -21.3702 ], [ -51.0999, -21.3699 ], [ -51.0927, -21.371 ], [ -51.0899, -21.3723 ], [ -51.0905, -21.3747 ], [ -51.0905, -21.3768 ], [ -51.0896, -21.3801 ], [ -51.0859, -21.3824 ], [ -51.086, -21.3841 ], [ -51.0829, -21.3845 ], [ -51.0802, -21.3859 ], [ -51.079, -21.3887 ], [ -51.078, -21.3893 ], [ -51.0764, -21.3874 ], [ -51.0752, -21.3883 ], [ -51.0756, -21.3899 ], [ -51.0748, -21.3912 ], [ -51.0729, -21.3916 ], [ -51.068, -21.3942 ], [ -51.0661, -21.3946 ], [ -51.0635, -21.3945 ], [ -51.0617, -21.3959 ], [ -51.0595, -21.3971 ], [ -51.0588, -21.3986 ], [ -51.0575, -21.4001 ], [ -51.0552, -21.4042 ], [ -51.053, -21.4049 ], [ -51.0512, -21.4047 ], [ -51.047, -21.4037 ], [ -51.0462, -21.4039 ], [ -51.0461, -21.4059 ], [ -51.0447, -21.4067 ], [ -51.0407, -21.4067 ], [ -51.0341, -21.4084 ], [ -51.0334, -21.4113 ], [ -51.0314, -21.4139 ], [ -51.0289, -21.4182 ], [ -51.0259, -21.4202 ], [ -51.025, -21.4221 ], [ -51.0262, -21.4249 ], [ -51.0259, -21.4256 ], [ -51.0219, -21.4281 ], [ -51.0211, -21.4289 ], [ -51.0188, -21.4298 ], [ -51.0171, -21.4309 ], [ -51.0145, -21.4319 ], [ -51.0136, -21.4329 ], [ -51.0083, -21.4359 ], [ -51.0048, -21.4383 ], [ -51.0018, -21.4391 ], [ -50.9986, -21.4394 ], [ -50.9967, -21.4383 ], [ -50.993, -21.4371 ], [ -50.9905, -21.4368 ], [ -50.9895, -21.435 ], [ -50.9872, -21.4349 ], [ -50.9849, -21.4328 ], [ -50.9815, -21.4319 ], [ -50.9781, -21.4327 ], [ -50.9759, -21.4327 ], [ -50.9733, -21.4343 ], [ -50.9705, -21.4347 ], [ -50.9667, -21.4367 ], [ -50.9622, -21.4385 ], [ -50.9604, -21.4386 ], [ -50.9589, -21.44 ], [ -50.9561, -21.4412 ], [ -50.9551, -21.443 ], [ -50.953, -21.4442 ], [ -50.9483, -21.4473 ], [ -50.9462, -21.4477 ], [ -50.9442, -21.4456 ], [ -50.943, -21.4449 ], [ -50.9399, -21.4455 ], [ -50.9338, -21.4435 ], [ -50.9311, -21.4441 ], [ -50.93, -21.4425 ], [ -50.9278, -21.4429 ], [ -50.9249, -21.4414 ], [ -50.9241, -21.4419 ], [ -50.9241, -21.4444 ], [ -50.9218, -21.4456 ], [ -50.9214, -21.4475 ], [ -50.9193, -21.4493 ], [ -50.9186, -21.4521 ], [ -50.9165, -21.4531 ], [ -50.916, -21.4543 ], [ -50.9169, -21.4559 ], [ -50.9199, -21.4555 ], [ -50.921, -21.4573 ], [ -50.9202, -21.4607 ], [ -50.916, -21.465 ], [ -50.9138, -21.4656 ], [ -50.9097, -21.4686 ], [ -50.9086, -21.4697 ], [ -50.9059, -21.47 ], [ -50.9051, -21.4705 ], [ -50.9058, -21.4733 ], [ -50.907, -21.4761 ], [ -50.9066, -21.4778 ], [ -50.905, -21.4794 ], [ -50.9026, -21.4804 ], [ -50.9024, -21.4813 ], [ -50.9045, -21.4848 ], [ -50.9031, -21.4861 ], [ -50.9004, -21.4865 ], [ -50.8992, -21.4874 ], [ -50.8985, -21.4891 ], [ -50.8994, -21.4901 ], [ -50.8978, -21.4907 ], [ -50.8952, -21.49 ], [ -50.8946, -21.4893 ], [ -50.8941, -21.4864 ], [ -50.8908, -21.4865 ], [ -50.8881, -21.4856 ], [ -50.884, -21.4866 ], [ -50.8798, -21.4891 ], [ -50.8771, -21.4898 ], [ -50.875, -21.4889 ], [ -50.8736, -21.4892 ], [ -50.8705, -21.4932 ], [ -50.8698, -21.4963 ], [ -50.8691, -21.4972 ], [ -50.8664, -21.4986 ], [ -50.866, -21.5005 ], [ -50.8676, -21.5032 ], [ -50.8679, -21.5045 ], [ -50.8668, -21.5062 ], [ -50.8649, -21.5073 ], [ -50.8644, -21.5089 ], [ -50.8661, -21.5111 ], [ -50.8727, -21.5142 ], [ -50.8717, -21.517 ], [ -50.8726, -21.5191 ], [ -50.8713, -21.5226 ], [ -50.8695, -21.5251 ], [ -50.8681, -21.5263 ], [ -50.8642, -21.5282 ], [ -50.8602, -21.5291 ], [ -50.8579, -21.53 ], [ -50.8553, -21.5297 ], [ -50.8512, -21.5319 ], [ -50.8485, -21.535 ], [ -50.8464, -21.5357 ], [ -50.8444, -21.5349 ], [ -50.8415, -21.5364 ], [ -50.838, -21.5371 ], [ -50.8294, -21.5366 ], [ -50.8247, -21.5376 ], [ -50.8231, -21.5392 ], [ -50.8199, -21.5391 ], [ -50.8159, -21.5399 ], [ -50.8151, -21.5415 ], [ -50.8137, -21.5424 ], [ -50.813, -21.5455 ], [ -50.8136, -21.548 ], [ -50.8149, -21.5502 ], [ -50.8172, -21.5495 ], [ -50.8193, -21.5504 ], [ -50.8179, -21.5525 ], [ -50.8159, -21.5529 ], [ -50.8154, -21.5543 ], [ -50.8166, -21.555 ], [ -50.8183, -21.5546 ], [ -50.8207, -21.5554 ], [ -50.822, -21.5565 ], [ -50.822, -21.5586 ], [ -50.8195, -21.5606 ], [ -50.8176, -21.5633 ], [ -50.8154, -21.564 ], [ -50.8149, -21.5635 ], [ -50.8149, -21.5604 ], [ -50.8119, -21.5557 ], [ -50.8107, -21.5554 ], [ -50.8092, -21.556 ], [ -50.8108, -21.5572 ], [ -50.8092, -21.5601 ], [ -50.8076, -21.561 ], [ -50.8065, -21.5602 ], [ -50.8056, -21.5582 ], [ -50.8066, -21.5547 ], [ -50.8044, -21.554 ], [ -50.8035, -21.5531 ], [ -50.8027, -21.5497 ], [ -50.8015, -21.5474 ], [ -50.7998, -21.546 ], [ -50.7978, -21.5423 ], [ -50.7971, -21.5416 ], [ -50.7934, -21.543 ], [ -50.7946, -21.5464 ], [ -50.7983, -21.5517 ], [ -50.7992, -21.5549 ], [ -50.7989, -21.5557 ], [ -50.7962, -21.5582 ], [ -50.7942, -21.5591 ], [ -50.7898, -21.559 ], [ -50.7868, -21.5579 ], [ -50.7859, -21.5567 ], [ -50.7879, -21.5536 ], [ -50.7872, -21.5519 ], [ -50.7891, -21.5507 ], [ -50.7887, -21.5486 ], [ -50.7864, -21.5482 ], [ -50.7854, -21.5474 ], [ -50.7849, -21.5461 ], [ -50.7822, -21.5438 ], [ -50.7809, -21.5437 ], [ -50.7794, -21.5428 ], [ -50.7775, -21.5428 ], [ -50.7766, -21.5437 ], [ -50.7767, -21.5455 ], [ -50.776, -21.5462 ], [ -50.7746, -21.5447 ], [ -50.7735, -21.5446 ], [ -50.7726, -21.5459 ], [ -50.7712, -21.546 ], [ -50.7693, -21.5482 ], [ -50.77, -21.5505 ], [ -50.7692, -21.5518 ], [ -50.769, -21.5541 ], [ -50.7705, -21.5558 ], [ -50.7708, -21.558 ], [ -50.7726, -21.5579 ], [ -50.7741, -21.561 ], [ -50.776, -21.5621 ], [ -50.7817, -21.5629 ], [ -50.7821, -21.5639 ], [ -50.7824, -21.567 ], [ -50.7818, -21.5676 ], [ -50.7798, -21.5678 ], [ -50.7744, -21.5677 ], [ -50.7731, -21.5668 ], [ -50.775, -21.5653 ], [ -50.7739, -21.5641 ], [ -50.7702, -21.5657 ], [ -50.7699, -21.5673 ], [ -50.7716, -21.5685 ], [ -50.771, -21.5695 ], [ -50.7692, -21.5686 ], [ -50.7689, -21.5666 ], [ -50.7675, -21.5636 ], [ -50.7638, -21.5635 ], [ -50.7622, -21.563 ], [ -50.7602, -21.5638 ], [ -50.7602, -21.5656 ], [ -50.759, -21.5685 ], [ -50.7576, -21.5704 ], [ -50.7562, -21.5712 ], [ -50.7538, -21.571 ], [ -50.7532, -21.5692 ], [ -50.7515, -21.5681 ], [ -50.7488, -21.5654 ], [ -50.7471, -21.5663 ], [ -50.7442, -21.5653 ], [ -50.7446, -21.5671 ], [ -50.7464, -21.5693 ], [ -50.7491, -21.5741 ], [ -50.7484, -21.5765 ], [ -50.7463, -21.5781 ], [ -50.7448, -21.5785 ], [ -50.7424, -21.578 ], [ -50.7391, -21.5744 ], [ -50.7359, -21.5723 ], [ -50.7343, -21.572 ], [ -50.73, -21.5727 ], [ -50.7282, -21.5753 ], [ -50.7261, -21.577 ], [ -50.7134, -21.5777 ], [ -50.7094, -21.5766 ], [ -50.7066, -21.5782 ], [ -50.7066, -21.5804 ], [ -50.7083, -21.5837 ], [ -50.7079, -21.5855 ], [ -50.7055, -21.5862 ], [ -50.704, -21.5878 ], [ -50.7009, -21.5901 ], [ -50.6986, -21.5902 ], [ -50.6971, -21.5926 ], [ -50.6947, -21.5933 ], [ -50.6922, -21.5932 ], [ -50.6892, -21.5963 ], [ -50.6867, -21.5978 ], [ -50.6836, -21.5978 ], [ -50.6819, -21.5991 ], [ -50.6809, -21.6023 ], [ -50.6791, -21.6023 ], [ -50.6781, -21.6011 ], [ -50.6771, -21.6012 ], [ -50.6742, -21.603 ], [ -50.6713, -21.6043 ], [ -50.6696, -21.6058 ], [ -50.6685, -21.609 ], [ -50.6667, -21.6115 ], [ -50.6625, -21.6135 ], [ -50.6609, -21.6156 ], [ -50.6612, -21.6178 ], [ -50.6608, -21.6185 ], [ -50.6578, -21.6209 ], [ -50.6562, -21.6227 ], [ -50.6526, -21.6231 ], [ -50.6518, -21.6243 ], [ -50.6534, -21.6265 ], [ -50.652, -21.6277 ], [ -50.652, -21.6293 ], [ -50.6538, -21.6304 ], [ -50.6546, -21.6334 ], [ -50.6544, -21.6346 ], [ -50.6517, -21.6365 ], [ -50.6497, -21.6386 ], [ -50.649, -21.6446 ], [ -50.6479, -21.6458 ], [ -50.6474, -21.6499 ], [ -50.6466, -21.6507 ], [ -50.6435, -21.651 ], [ -50.6408, -21.6496 ], [ -50.6396, -21.6502 ], [ -50.6375, -21.6523 ], [ -50.6363, -21.6544 ], [ -50.6349, -21.6558 ], [ -50.6325, -21.6566 ], [ -50.63, -21.6547 ], [ -50.6308, -21.6517 ], [ -50.6304, -21.6497 ], [ -50.6295, -21.648 ], [ -50.6276, -21.6429 ], [ -50.6243, -21.6427 ], [ -50.6231, -21.643 ], [ -50.6208, -21.645 ], [ -50.6205, -21.6469 ], [ -50.6215, -21.6487 ], [ -50.6216, -21.6505 ], [ -50.6192, -21.6508 ], [ -50.6189, -21.6523 ], [ -50.6205, -21.6533 ], [ -50.6209, -21.6545 ], [ -50.6199, -21.6555 ], [ -50.6209, -21.6575 ], [ -50.6212, -21.6602 ], [ -50.6201, -21.661 ], [ -50.6182, -21.6598 ], [ -50.6166, -21.6599 ], [ -50.6152, -21.6589 ], [ -50.6138, -21.6568 ], [ -50.6107, -21.6581 ], [ -50.6096, -21.6569 ], [ -50.6084, -21.6572 ], [ -50.6082, -21.6587 ], [ -50.6067, -21.6591 ], [ -50.6047, -21.6583 ], [ -50.601, -21.6582 ], [ -50.6005, -21.6589 ], [ -50.6007, -21.6607 ], [ -50.6, -21.6619 ], [ -50.5982, -21.6618 ], [ -50.5979, -21.6628 ], [ -50.5994, -21.6635 ], [ -50.5998, -21.665 ], [ -50.6013, -21.6663 ], [ -50.6025, -21.6657 ], [ -50.6032, -21.6667 ], [ -50.5994, -21.6683 ], [ -50.5984, -21.6693 ], [ -50.599, -21.6711 ], [ -50.5968, -21.6734 ], [ -50.5953, -21.6723 ], [ -50.5901, -21.6737 ], [ -50.5883, -21.6753 ], [ -50.5884, -21.6771 ], [ -50.5874, -21.6785 ], [ -50.5888, -21.6794 ], [ -50.5884, -21.681 ], [ -50.5861, -21.6795 ], [ -50.585, -21.68 ], [ -50.5833, -21.6819 ], [ -50.581, -21.6822 ], [ -50.5802, -21.6833 ], [ -50.5786, -21.6836 ], [ -50.5772, -21.6845 ], [ -50.5787, -21.6866 ], [ -50.5746, -21.6867 ], [ -50.573, -21.6871 ], [ -50.5706, -21.6919 ], [ -50.5696, -21.6908 ], [ -50.5687, -21.6923 ], [ -50.567, -21.6926 ], [ -50.5671, -21.6911 ], [ -50.5651, -21.6899 ], [ -50.5641, -21.6915 ], [ -50.5627, -21.6921 ], [ -50.5622, -21.6909 ], [ -50.5607, -21.6911 ], [ -50.5583, -21.694 ], [ -50.5564, -21.6953 ], [ -50.5557, -21.6941 ], [ -50.5545, -21.6939 ], [ -50.5531, -21.6957 ], [ -50.5531, -21.6978 ], [ -50.5518, -21.6979 ], [ -50.5518, -21.6995 ], [ -50.5501, -21.7 ], [ -50.5511, -21.7013 ], [ -50.5499, -21.7025 ], [ -50.549, -21.7022 ], [ -50.5488, -21.6997 ], [ -50.5481, -21.6996 ], [ -50.5461, -21.7013 ], [ -50.5442, -21.7015 ], [ -50.5437, -21.7007 ], [ -50.5445, -21.6992 ], [ -50.5427, -21.6991 ], [ -50.5393, -21.7002 ], [ -50.5382, -21.6995 ], [ -50.5363, -21.7006 ], [ -50.5334, -21.7018 ], [ -50.5318, -21.7015 ], [ -50.5308, -21.703 ], [ -50.529, -21.7034 ], [ -50.5279, -21.705 ], [ -50.5264, -21.7048 ], [ -50.526, -21.7066 ], [ -50.5247, -21.7062 ], [ -50.523, -21.7072 ], [ -50.5207, -21.7059 ], [ -50.52, -21.7067 ], [ -50.5179, -21.7077 ], [ -50.5171, -21.7099 ], [ -50.5156, -21.71 ], [ -50.5158, -21.7085 ], [ -50.5151, -21.7063 ], [ -50.5132, -21.7051 ], [ -50.5112, -21.7032 ], [ -50.5094, -21.7054 ], [ -50.5103, -21.7067 ], [ -50.5096, -21.7082 ], [ -50.5076, -21.7083 ], [ -50.5066, -21.7091 ], [ -50.5065, -21.7122 ], [ -50.5056, -21.714 ], [ -50.5037, -21.7156 ], [ -50.4994, -21.7142 ], [ -50.496, -21.7153 ], [ -50.4942, -21.7123 ], [ -50.4931, -21.7119 ], [ -50.4928, -21.7107 ], [ -50.4899, -21.7097 ], [ -50.4908, -21.7085 ], [ -50.4898, -21.7061 ], [ -50.49, -21.7052 ], [ -50.4868, -21.7047 ], [ -50.4866, -21.7037 ], [ -50.4848, -21.7023 ], [ -50.4831, -21.7028 ], [ -50.4819, -21.7041 ], [ -50.4809, -21.704 ], [ -50.4809, -21.702 ], [ -50.4783, -21.7018 ], [ -50.4749, -21.7019 ], [ -50.4735, -21.7031 ], [ -50.4698, -21.7043 ], [ -50.4688, -21.7057 ], [ -50.4678, -21.7044 ], [ -50.4661, -21.7041 ], [ -50.4658, -21.7051 ], [ -50.4641, -21.7065 ], [ -50.4634, -21.7045 ], [ -50.4634, -21.701 ], [ -50.4628, -21.7002 ], [ -50.463, -21.6985 ], [ -50.4643, -21.6964 ], [ -50.4628, -21.6952 ], [ -50.4624, -21.6937 ], [ -50.464, -21.6935 ], [ -50.4647, -21.6926 ], [ -50.4616, -21.6906 ], [ -50.4618, -21.6886 ], [ -50.4613, -21.6875 ], [ -50.4597, -21.6883 ], [ -50.458, -21.6873 ], [ -50.4563, -21.6877 ], [ -50.4553, -21.6891 ], [ -50.4541, -21.6882 ], [ -50.4518, -21.6894 ], [ -50.4517, -21.6917 ], [ -50.451, -21.6929 ], [ -50.4492, -21.6928 ], [ -50.4477, -21.6935 ], [ -50.4461, -21.693 ], [ -50.4431, -21.6939 ], [ -50.4427, -21.695 ], [ -50.4402, -21.6955 ], [ -50.4376, -21.6954 ], [ -50.4375, -21.6965 ], [ -50.434, -21.6977 ], [ -50.4323, -21.6971 ], [ -50.4335, -21.6959 ], [ -50.4305, -21.694 ], [ -50.4266, -21.6949 ], [ -50.4249, -21.6962 ], [ -50.4255, -21.6977 ], [ -50.423, -21.6998 ], [ -50.4209, -21.703 ], [ -50.4203, -21.7051 ], [ -50.4167, -21.7047 ], [ -50.4166, -21.7056 ], [ -50.415, -21.7071 ], [ -50.4121, -21.7057 ], [ -50.4118, -21.7069 ], [ -50.4101, -21.7065 ], [ -50.4042, -21.7127 ], [ -50.4006, -21.714 ], [ -50.4005, -21.7156 ], [ -50.3997, -21.7166 ], [ -50.3969, -21.7172 ], [ -50.396, -21.7155 ], [ -50.395, -21.7166 ], [ -50.3928, -21.7171 ], [ -50.3923, -21.7178 ], [ -50.3896, -21.7187 ], [ -50.3879, -21.7187 ], [ -50.3865, -21.7193 ], [ -50.3844, -21.719 ], [ -50.3837, -21.7182 ], [ -50.3825, -21.719 ], [ -50.3796, -21.7183 ], [ -50.3751, -21.721 ], [ -50.3751, -21.7223 ], [ -50.3736, -21.7232 ], [ -50.3711, -21.7233 ], [ -50.3702, -21.7214 ], [ -50.3689, -21.7213 ], [ -50.3684, -21.7198 ], [ -50.3648, -21.7204 ], [ -50.3647, -21.7217 ], [ -50.3626, -21.7219 ], [ -50.3621, -21.7226 ], [ -50.3631, -21.7244 ], [ -50.3621, -21.7256 ], [ -50.3606, -21.7258 ], [ -50.3606, -21.7242 ], [ -50.3579, -21.7194 ], [ -50.3559, -21.7202 ], [ -50.3541, -21.7189 ], [ -50.3561, -21.7183 ], [ -50.3562, -21.7172 ], [ -50.3554, -21.7157 ], [ -50.353, -21.7154 ], [ -50.3539, -21.7139 ], [ -50.3522, -21.7133 ], [ -50.3523, -21.7118 ], [ -50.3506, -21.7119 ], [ -50.3484, -21.7096 ], [ -50.3467, -21.7101 ], [ -50.3444, -21.7115 ], [ -50.3437, -21.7135 ], [ -50.3415, -21.7155 ], [ -50.3392, -21.7142 ], [ -50.3357, -21.7156 ], [ -50.3343, -21.7167 ], [ -50.3338, -21.7151 ], [ -50.3323, -21.7141 ], [ -50.3323, -21.7125 ], [ -50.3307, -21.7095 ], [ -50.3282, -21.7102 ], [ -50.3269, -21.7081 ], [ -50.3262, -21.7089 ], [ -50.3233, -21.7093 ], [ -50.3224, -21.7079 ], [ -50.3177, -21.7073 ], [ -50.3157, -21.7086 ], [ -50.3146, -21.7107 ], [ -50.3129, -21.7107 ], [ -50.3111, -21.7132 ], [ -50.3085, -21.7145 ], [ -50.308, -21.7132 ], [ -50.306, -21.7118 ], [ -50.3041, -21.7115 ], [ -50.3042, -21.713 ], [ -50.3035, -21.7136 ], [ -50.3015, -21.7137 ], [ -50.3018, -21.7153 ], [ -50.3008, -21.7159 ], [ -50.2998, -21.7142 ], [ -50.2968, -21.7157 ], [ -50.2919, -21.7155 ], [ -50.2907, -21.7146 ], [ -50.2878, -21.7107 ], [ -50.2843, -21.7097 ], [ -50.2817, -21.7081 ], [ -50.2776, -21.7074 ], [ -50.2771, -21.7079 ], [ -50.2744, -21.7076 ], [ -50.2733, -21.7093 ], [ -50.2742, -21.7109 ], [ -50.2727, -21.7121 ], [ -50.2738, -21.7136 ], [ -50.2724, -21.7163 ], [ -50.2728, -21.7174 ], [ -50.2714, -21.7192 ], [ -50.2716, -21.7218 ], [ -50.2697, -21.7225 ], [ -50.2683, -21.7239 ], [ -50.2673, -21.7239 ], [ -50.2662, -21.7256 ], [ -50.264, -21.7253 ], [ -50.2614, -21.7275 ], [ -50.2613, -21.7303 ], [ -50.2627, -21.7321 ], [ -50.2615, -21.7342 ], [ -50.2601, -21.7348 ], [ -50.2594, -21.7376 ], [ -50.2579, -21.7381 ], [ -50.257, -21.7375 ], [ -50.2552, -21.7396 ], [ -50.252, -21.7398 ], [ -50.2521, -21.741 ], [ -50.2503, -21.7407 ], [ -50.2494, -21.7415 ], [ -50.2479, -21.7397 ], [ -50.2458, -21.7398 ], [ -50.2431, -21.7418 ], [ -50.2428, -21.7438 ], [ -50.2409, -21.7464 ], [ -50.2396, -21.7472 ], [ -50.2388, -21.7459 ], [ -50.2368, -21.7457 ], [ -50.235, -21.7467 ], [ -50.2341, -21.7484 ], [ -50.2318, -21.7506 ], [ -50.2307, -21.7502 ], [ -50.2292, -21.7525 ], [ -50.2267, -21.752 ], [ -50.2254, -21.7524 ], [ -50.2245, -21.7544 ], [ -50.2232, -21.7554 ], [ -50.2237, -21.7585 ], [ -50.223, -21.7603 ], [ -50.2184, -21.7628 ], [ -50.2175, -21.7618 ], [ -50.2176, -21.7606 ], [ -50.2145, -21.7608 ], [ -50.2127, -21.7601 ], [ -50.2125, -21.7591 ], [ -50.2102, -21.7597 ], [ -50.21, -21.7614 ], [ -50.2087, -21.7611 ], [ -50.2078, -21.7619 ], [ -50.2073, -21.7638 ], [ -50.2056, -21.7639 ], [ -50.2037, -21.7649 ], [ -50.2032, -21.7657 ], [ -50.2011, -21.7667 ], [ -50.1986, -21.7649 ], [ -50.1972, -21.7657 ], [ -50.1951, -21.7653 ], [ -50.1934, -21.7633 ], [ -50.1922, -21.7637 ], [ -50.1898, -21.7628 ], [ -50.1874, -21.7667 ], [ -50.1875, -21.7684 ], [ -50.1852, -21.7689 ], [ -50.1817, -21.7706 ], [ -50.1818, -21.7725 ], [ -50.1792, -21.7747 ], [ -50.1774, -21.7746 ], [ -50.1767, -21.7758 ], [ -50.1735, -21.7756 ], [ -50.1709, -21.7746 ], [ -50.1692, -21.7756 ], [ -50.1679, -21.7756 ], [ -50.1677, -21.7767 ], [ -50.1659, -21.7771 ], [ -50.1656, -21.7784 ], [ -50.1625, -21.7794 ], [ -50.1622, -21.7825 ], [ -50.1611, -21.785 ], [ -50.1584, -21.7853 ], [ -50.1556, -21.7849 ], [ -50.1532, -21.786 ], [ -50.1528, -21.7877 ], [ -50.1509, -21.7899 ], [ -50.1504, -21.7911 ], [ -50.1478, -21.7924 ], [ -50.1474, -21.7937 ], [ -50.1451, -21.7947 ], [ -50.1446, -21.7958 ], [ -50.1469, -21.7968 ], [ -50.1473, -21.799 ], [ -50.1453, -21.7998 ], [ -50.1437, -21.8017 ], [ -50.144, -21.8023 ], [ -50.1425, -21.8052 ], [ -50.1407, -21.8052 ], [ -50.1387, -21.8072 ], [ -50.1367, -21.8068 ], [ -50.1362, -21.8059 ], [ -50.1341, -21.8058 ], [ -50.1307, -21.8092 ], [ -50.1313, -21.8109 ], [ -50.1314, -21.8135 ], [ -50.1307, -21.815 ], [ -50.129, -21.8151 ], [ -50.1281, -21.817 ], [ -50.1257, -21.8189 ], [ -50.1217, -21.8193 ], [ -50.1201, -21.8203 ], [ -50.1205, -21.8221 ], [ -50.1176, -21.8261 ], [ -50.1173, -21.8278 ], [ -50.1157, -21.8298 ], [ -50.114, -21.8311 ], [ -50.1145, -21.8341 ], [ -50.1124, -21.8362 ], [ -50.109, -21.836 ], [ -50.1058, -21.8377 ], [ -50.1045, -21.8369 ], [ -50.1024, -21.8377 ], [ -50.102, -21.8394 ], [ -50.1004, -21.8393 ], [ -50.099, -21.8412 ], [ -50.0993, -21.843 ], [ -50.0982, -21.8441 ], [ -50.0975, -21.8458 ], [ -50.0943, -21.8468 ], [ -50.0933, -21.8479 ], [ -50.0926, -21.8495 ], [ -50.09, -21.8488 ], [ -50.0886, -21.8502 ], [ -50.0874, -21.8493 ], [ -50.0847, -21.8517 ], [ -50.0848, -21.8527 ], [ -50.0772, -21.8566 ], [ -50.0762, -21.8555 ], [ -50.0713, -21.8563 ], [ -50.0702, -21.8598 ], [ -50.0689, -21.861 ], [ -50.0673, -21.8614 ], [ -50.0668, -21.8637 ], [ -50.0659, -21.8645 ], [ -50.0663, -21.8658 ], [ -50.0651, -21.8672 ], [ -50.0639, -21.8708 ], [ -50.0627, -21.8716 ], [ -50.0612, -21.8715 ], [ -50.0606, -21.8724 ], [ -50.061, -21.8736 ], [ -50.0603, -21.8745 ], [ -50.0581, -21.8755 ], [ -50.0564, -21.8752 ], [ -50.0492, -21.8791 ], [ -50.0498, -21.8805 ], [ -50.0478, -21.8826 ], [ -50.0483, -21.8833 ], [ -50.0457, -21.8847 ], [ -50.0442, -21.8836 ], [ -50.0427, -21.8858 ], [ -50.0416, -21.8861 ], [ -50.0409, -21.8877 ], [ -50.0366, -21.8866 ], [ -50.0324, -21.888 ], [ -50.0318, -21.8867 ], [ -50.0307, -21.8871 ], [ -50.0291, -21.8886 ], [ -50.0275, -21.8908 ], [ -50.0289, -21.893 ], [ -50.0315, -21.8953 ], [ -50.0309, -21.8979 ], [ -50.0296, -21.8985 ], [ -50.0274, -21.9004 ], [ -50.0259, -21.8994 ], [ -50.0243, -21.9002 ], [ -50.0244, -21.9013 ], [ -50.0228, -21.9016 ], [ -50.0213, -21.9034 ], [ -50.02, -21.9063 ], [ -50.0187, -21.9063 ], [ -50.0159, -21.9091 ], [ -50.0156, -21.9103 ], [ -50.0171, -21.911 ], [ -50.0179, -21.9143 ], [ -50.0154, -21.9172 ], [ -50.0159, -21.9186 ], [ -50.0135, -21.9214 ], [ -50.0132, -21.923 ], [ -50.0111, -21.9252 ], [ -50.0078, -21.9253 ], [ -50.0044, -21.9275 ], [ -50.0032, -21.9288 ], [ -50.0017, -21.9287 ], [ -50.0007, -21.9279 ], [ -49.9987, -21.9278 ], [ -49.9977, -21.9298 ], [ -49.9956, -21.9311 ], [ -49.9938, -21.931 ], [ -49.993, -21.9319 ], [ -49.9902, -21.9332 ], [ -49.9888, -21.9334 ], [ -49.9875, -21.9347 ], [ -49.9869, -21.9366 ], [ -49.9857, -21.9373 ], [ -49.9846, -21.9393 ], [ -49.9805, -21.9426 ], [ -49.9791, -21.9426 ], [ -49.9772, -21.9418 ], [ -49.9723, -21.9409 ], [ -49.9724, -21.9393 ], [ -49.9707, -21.9383 ], [ -49.9702, -21.9393 ], [ -49.9682, -21.9385 ], [ -49.9667, -21.9402 ], [ -49.9644, -21.9415 ], [ -49.9608, -21.9421 ], [ -49.9596, -21.9429 ], [ -49.9588, -21.9419 ], [ -49.956, -21.9439 ], [ -49.9539, -21.945 ], [ -49.9517, -21.9454 ], [ -49.9511, -21.9469 ], [ -49.9494, -21.9476 ], [ -49.9484, -21.9489 ], [ -49.9485, -21.9506 ], [ -49.9465, -21.9528 ], [ -49.9447, -21.9539 ], [ -49.9435, -21.953 ], [ -49.9414, -21.9534 ], [ -49.9392, -21.9531 ], [ -49.9386, -21.9536 ], [ -49.9356, -21.9538 ], [ -49.9344, -21.9545 ], [ -49.933, -21.9544 ], [ -49.9313, -21.9558 ], [ -49.929, -21.9559 ], [ -49.9277, -21.9564 ], [ -49.9247, -21.9567 ], [ -49.9225, -21.9561 ], [ -49.9211, -21.9563 ], [ -49.9192, -21.9575 ], [ -49.9157, -21.9584 ], [ -49.9151, -21.9605 ], [ -49.913, -21.9598 ], [ -49.9121, -21.9587 ], [ -49.9108, -21.9597 ], [ -49.9088, -21.9599 ], [ -49.9079, -21.9613 ], [ -49.9077, -21.9628 ], [ -49.905, -21.9635 ], [ -49.9012, -21.9637 ], [ -49.9, -21.9654 ], [ -49.8978, -21.9659 ], [ -49.8968, -21.9667 ], [ -49.8948, -21.9666 ], [ -49.8916, -21.9657 ], [ -49.89, -21.9666 ], [ -49.8882, -21.9683 ], [ -49.8877, -21.9695 ], [ -49.8851, -21.9715 ], [ -49.8844, -21.9706 ], [ -49.8821, -21.97 ], [ -49.8806, -21.9723 ], [ -49.8777, -21.9735 ], [ -49.8777, -21.9752 ], [ -49.8748, -21.977 ], [ -49.8736, -21.9794 ], [ -49.8721, -21.9802 ], [ -49.8703, -21.9803 ], [ -49.8692, -21.982 ], [ -49.8685, -21.9846 ], [ -49.8664, -21.9842 ], [ -49.865, -21.9848 ], [ -49.863, -21.9864 ], [ -49.8605, -21.9877 ], [ -49.8581, -21.9885 ], [ -49.8541, -21.9913 ], [ -49.8525, -21.9901 ], [ -49.8473, -21.9898 ], [ -49.8452, -21.9906 ], [ -49.8433, -21.9897 ], [ -49.8415, -21.9912 ], [ -49.8392, -21.9913 ], [ -49.838, -21.9933 ], [ -49.8359, -21.9937 ], [ -49.834, -21.9953 ], [ -49.8322, -21.9956 ], [ -49.832, -21.9979 ], [ -49.8306, -21.9981 ], [ -49.8289, -21.9997 ], [ -49.8271, -21.9999 ], [ -49.8249, -22.0015 ], [ -49.8225, -22.0021 ], [ -49.8181, -22.0009 ], [ -49.8181, -22.0021 ], [ -49.8168, -22.0032 ], [ -49.8143, -22.0032 ], [ -49.8137, -22.0045 ], [ -49.8126, -22.005 ], [ -49.8099, -22.0094 ], [ -49.8097, -22.0106 ], [ -49.8067, -22.0139 ], [ -49.8036, -22.0166 ], [ -49.8026, -22.0169 ], [ -49.7996, -22.0223 ], [ -49.7953, -22.0253 ], [ -49.7945, -22.0266 ], [ -49.793, -22.0265 ], [ -49.7902, -22.0285 ], [ -49.7882, -22.0324 ], [ -49.7881, -22.034 ], [ -49.7862, -22.0367 ], [ -49.7843, -22.0383 ], [ -49.7819, -22.0385 ], [ -49.7801, -22.038 ], [ -49.778, -22.0389 ], [ -49.7775, -22.04 ], [ -49.7771, -22.043 ], [ -49.7732, -22.0434 ], [ -49.7704, -22.043 ], [ -49.7687, -22.0432 ], [ -49.7679, -22.0451 ], [ -49.7683, -22.0467 ], [ -49.7679, -22.0489 ], [ -49.7666, -22.0505 ], [ -49.7665, -22.0521 ], [ -49.7674, -22.0537 ], [ -49.7678, -22.0556 ], [ -49.7674, -22.0571 ], [ -49.7656, -22.0581 ], [ -49.7612, -22.0585 ], [ -49.7601, -22.0591 ], [ -49.7584, -22.0616 ], [ -49.7578, -22.0611 ], [ -49.7579, -22.0591 ], [ -49.7576, -22.0561 ], [ -49.7566, -22.0524 ], [ -49.7548, -22.0514 ], [ -49.752, -22.0485 ], [ -49.7502, -22.0473 ], [ -49.7496, -22.0455 ], [ -49.7484, -22.0434 ], [ -49.7478, -22.0395 ], [ -49.7465, -22.0388 ], [ -49.7453, -22.0343 ], [ -49.7445, -22.0338 ], [ -49.7456, -22.0316 ], [ -49.7444, -22.0289 ], [ -49.7412, -22.0263 ], [ -49.7407, -22.0262 ], [ -49.7378, -22.0288 ], [ -49.7341, -22.0288 ], [ -49.7308, -22.0295 ], [ -49.7275, -22.0309 ], [ -49.7247, -22.0345 ], [ -49.712, -22.0372 ], [ -49.7097, -22.0394 ], [ -49.7071, -22.0399 ], [ -49.7059, -22.0415 ], [ -49.7062, -22.0441 ], [ -49.7058, -22.0458 ], [ -49.7047, -22.0469 ], [ -49.7024, -22.0477 ], [ -49.7005, -22.047 ], [ -49.6966, -22.0466 ], [ -49.6955, -22.0445 ], [ -49.6941, -22.0454 ], [ -49.6925, -22.0476 ], [ -49.6893, -22.0481 ], [ -49.6879, -22.0488 ], [ -49.6872, -22.0508 ], [ -49.6869, -22.0534 ], [ -49.6861, -22.0562 ], [ -49.6845, -22.0574 ], [ -49.6794, -22.0589 ], [ -49.6763, -22.059 ], [ -49.6745, -22.0605 ], [ -49.67, -22.0615 ], [ -49.6686, -22.0613 ], [ -49.6661, -22.0617 ], [ -49.6649, -22.063 ], [ -49.6647, -22.0659 ], [ -49.665, -22.0674 ], [ -49.6639, -22.0684 ], [ -49.6633, -22.0701 ], [ -49.6627, -22.0734 ], [ -49.6617, -22.0768 ], [ -49.6602, -22.0765 ], [ -49.657, -22.0775 ], [ -49.6562, -22.0772 ], [ -49.6542, -22.0726 ], [ -49.6516, -22.0703 ], [ -49.6509, -22.068 ], [ -49.6502, -22.0677 ], [ -49.6481, -22.0686 ], [ -49.6443, -22.0685 ], [ -49.6399, -22.0695 ], [ -49.6386, -22.071 ], [ -49.6374, -22.0745 ], [ -49.6363, -22.0755 ], [ -49.6336, -22.076 ], [ -49.6339, -22.0771 ], [ -49.6337, -22.0794 ], [ -49.6316, -22.0825 ], [ -49.6305, -22.0831 ], [ -49.629, -22.0849 ], [ -49.6267, -22.0864 ], [ -49.626, -22.0893 ], [ -49.6253, -22.0912 ], [ -49.6222, -22.0957 ], [ -49.6213, -22.0966 ], [ -49.6214, -22.0979 ], [ -49.6205, -22.0995 ], [ -49.6203, -22.101 ], [ -49.6222, -22.1045 ], [ -49.6227, -22.1067 ], [ -49.6233, -22.1075 ], [ -49.6233, -22.1101 ], [ -49.6227, -22.1127 ], [ -49.6201, -22.1137 ], [ -49.6177, -22.1136 ], [ -49.6136, -22.1115 ], [ -49.6118, -22.1109 ], [ -49.6104, -22.109 ], [ -49.6082, -22.1092 ], [ -49.6015, -22.1082 ], [ -49.6001, -22.1083 ], [ -49.5968, -22.1093 ], [ -49.5948, -22.1108 ], [ -49.5937, -22.1123 ], [ -49.5924, -22.1128 ], [ -49.5869, -22.1132 ], [ -49.585, -22.113 ], [ -49.5861, -22.1184 ], [ -49.5869, -22.119 ], [ -49.5869, -22.1208 ], [ -49.5879, -22.1217 ], [ -49.5881, -22.1249 ], [ -49.5861, -22.1251 ], [ -49.5821, -22.1265 ], [ -49.579, -22.1286 ], [ -49.5756, -22.1314 ], [ -49.5734, -22.135 ], [ -49.572, -22.136 ], [ -49.5702, -22.1387 ], [ -49.5694, -22.1394 ], [ -49.5662, -22.1397 ], [ -49.564, -22.1385 ], [ -49.5624, -22.1385 ], [ -49.5601, -22.1351 ], [ -49.5588, -22.1343 ], [ -49.5564, -22.1298 ], [ -49.5557, -22.1316 ], [ -49.5553, -22.1352 ], [ -49.5568, -22.1384 ], [ -49.5588, -22.1402 ], [ -49.5601, -22.1407 ], [ -49.5621, -22.1453 ], [ -49.5609, -22.145 ], [ -49.559, -22.1457 ], [ -49.5562, -22.1478 ], [ -49.5533, -22.148 ], [ -49.5514, -22.15 ], [ -49.5493, -22.1504 ], [ -49.5482, -22.1499 ], [ -49.5462, -22.1508 ], [ -49.5436, -22.1513 ], [ -49.542, -22.1505 ], [ -49.5378, -22.1515 ], [ -49.5355, -22.151 ], [ -49.5317, -22.1521 ], [ -49.5297, -22.1517 ], [ -49.5276, -22.1519 ], [ -49.5245, -22.153 ], [ -49.5235, -22.1538 ], [ -49.5262, -22.1555 ], [ -49.527, -22.1586 ], [ -49.527, -22.1607 ], [ -49.5281, -22.1628 ], [ -49.5292, -22.1682 ], [ -49.5289, -22.1694 ], [ -49.5302, -22.1727 ], [ -49.5299, -22.175 ], [ -49.5305, -22.1757 ], [ -49.5303, -22.1783 ], [ -49.5297, -22.1787 ], [ -49.53, -22.1816 ], [ -49.5283, -22.1824 ], [ -49.5256, -22.1827 ], [ -49.523, -22.1836 ], [ -49.5196, -22.1857 ], [ -49.517, -22.1864 ], [ -49.5152, -22.1875 ], [ -49.5122, -22.1887 ], [ -49.5106, -22.1905 ], [ -49.5105, -22.1932 ], [ -49.5098, -22.1951 ], [ -49.5109, -22.1989 ], [ -49.5079, -22.2004 ], [ -49.507, -22.2018 ], [ -49.5068, -22.2056 ], [ -49.5073, -22.2099 ], [ -49.5065, -22.2105 ], [ -49.5016, -22.2115 ], [ -49.4996, -22.2131 ], [ -49.4987, -22.2163 ], [ -49.4959, -22.2193 ], [ -49.4935, -22.223 ], [ -49.4931, -22.2246 ], [ -49.4946, -22.2276 ], [ -49.4957, -22.2292 ], [ -49.4952, -22.2304 ], [ -49.4934, -22.2309 ], [ -49.4913, -22.2322 ], [ -49.4909, -22.2332 ], [ -49.4894, -22.2336 ], [ -49.4889, -22.2348 ], [ -49.4868, -22.2347 ], [ -49.485, -22.2342 ], [ -49.4826, -22.2361 ], [ -49.4807, -22.2367 ], [ -49.479, -22.2387 ], [ -49.476, -22.239 ], [ -49.4753, -22.2401 ], [ -49.4731, -22.2399 ], [ -49.4713, -22.2409 ], [ -49.4694, -22.2413 ], [ -49.4671, -22.243 ], [ -49.4663, -22.2443 ], [ -49.4651, -22.2451 ], [ -49.4624, -22.2452 ], [ -49.4605, -22.2422 ], [ -49.459, -22.2411 ], [ -49.4584, -22.2422 ], [ -49.4586, -22.2459 ], [ -49.4581, -22.2471 ], [ -49.4562, -22.2492 ], [ -49.456, -22.2505 ], [ -49.4547, -22.2521 ], [ -49.4541, -22.2542 ], [ -49.4519, -22.2562 ], [ -49.4517, -22.2586 ], [ -49.4497, -22.2605 ], [ -49.4487, -22.2606 ], [ -49.4478, -22.2621 ], [ -49.4444, -22.2644 ], [ -49.4418, -22.2656 ], [ -49.4405, -22.2684 ], [ -49.4387, -22.2702 ], [ -49.4367, -22.2706 ], [ -49.437, -22.272 ], [ -49.4385, -22.2727 ], [ -49.4387, -22.274 ], [ -49.4365, -22.2772 ], [ -49.4358, -22.281 ], [ -49.4351, -22.2834 ], [ -49.436, -22.2865 ], [ -49.4357, -22.2888 ], [ -49.4365, -22.2915 ], [ -49.4387, -22.2944 ], [ -49.4406, -22.2985 ], [ -49.4409, -22.3031 ], [ -49.4396, -22.3033 ], [ -49.4371, -22.302 ], [ -49.4349, -22.3002 ], [ -49.4343, -22.2992 ], [ -49.433, -22.2954 ], [ -49.4319, -22.2942 ], [ -49.4297, -22.2937 ], [ -49.4271, -22.2937 ], [ -49.4255, -22.2933 ], [ -49.4231, -22.2935 ], [ -49.4228, -22.2942 ], [ -49.4245, -22.2948 ], [ -49.4255, -22.2958 ], [ -49.4266, -22.3 ], [ -49.4268, -22.3033 ], [ -49.4286, -22.3039 ], [ -49.4293, -22.3054 ], [ -49.4292, -22.3069 ], [ -49.4281, -22.3087 ], [ -49.4282, -22.3105 ], [ -49.4296, -22.3112 ], [ -49.43, -22.3131 ], [ -49.4313, -22.3155 ], [ -49.4338, -22.316 ], [ -49.4355, -22.3204 ], [ -49.4378, -22.3239 ], [ -49.4389, -22.3244 ], [ -49.4412, -22.3281 ], [ -49.4435, -22.327 ], [ -49.4453, -22.3286 ], [ -49.4474, -22.3289 ], [ -49.4487, -22.3286 ], [ -49.4507, -22.3296 ], [ -49.4511, -22.3322 ], [ -49.4522, -22.3345 ], [ -49.4545, -22.335 ], [ -49.4592, -22.3375 ], [ -49.461, -22.3354 ], [ -49.4641, -22.3358 ], [ -49.4656, -22.337 ], [ -49.4664, -22.3392 ], [ -49.4686, -22.3409 ], [ -49.4705, -22.3417 ], [ -49.4714, -22.3448 ], [ -49.4738, -22.3468 ], [ -49.4744, -22.3485 ], [ -49.474, -22.3518 ], [ -49.4755, -22.3532 ], [ -49.4782, -22.3544 ], [ -49.482, -22.3555 ], [ -49.4832, -22.3571 ], [ -49.4832, -22.3613 ], [ -49.4825, -22.3635 ], [ -49.4828, -22.3648 ], [ -49.4857, -22.3679 ], [ -49.4874, -22.3691 ], [ -49.4883, -22.3703 ], [ -49.4909, -22.3729 ], [ -49.4913, -22.3766 ], [ -49.4929, -22.3783 ], [ -49.4936, -22.3811 ], [ -49.4955, -22.3833 ], [ -49.4982, -22.384 ], [ -49.4992, -22.3854 ], [ -49.502, -22.3866 ], [ -49.504, -22.3878 ], [ -49.506, -22.3881 ], [ -49.5095, -22.3903 ], [ -49.5109, -22.3907 ], [ -49.514, -22.391 ], [ -49.5148, -22.3913 ], [ -49.5128, -22.3957 ], [ -49.5159, -22.3952 ], [ -49.5176, -22.3939 ], [ -49.5198, -22.3936 ], [ -49.5245, -22.3935 ], [ -49.5284, -22.394 ], [ -49.5324, -22.3953 ], [ -49.5347, -22.395 ], [ -49.5389, -22.3927 ], [ -49.541, -22.3922 ], [ -49.5438, -22.391 ], [ -49.5476, -22.3909 ], [ -49.5525, -22.3914 ], [ -49.5538, -22.3923 ], [ -49.5564, -22.392 ], [ -49.5581, -22.3911 ], [ -49.5609, -22.3902 ], [ -49.5627, -22.3892 ], [ -49.5666, -22.3858 ], [ -49.5694, -22.3836 ], [ -49.5703, -22.3854 ], [ -49.57, -22.3884 ], [ -49.5701, -22.3903 ], [ -49.5713, -22.3927 ], [ -49.5717, -22.3968 ], [ -49.571, -22.399 ], [ -49.5722, -22.4038 ], [ -49.5751, -22.4078 ], [ -49.5755, -22.4149 ], [ -49.5761, -22.4171 ], [ -49.5777, -22.4191 ], [ -49.5816, -22.4234 ], [ -49.5822, -22.4249 ], [ -49.5836, -22.4256 ], [ -49.5853, -22.4256 ], [ -49.5886, -22.4277 ], [ -49.5902, -22.4296 ], [ -49.594, -22.4324 ], [ -49.5953, -22.4339 ], [ -49.5965, -22.4343 ], [ -49.5981, -22.4364 ], [ -49.6003, -22.4382 ], [ -49.6012, -22.4409 ], [ -49.6019, -22.4419 ], [ -49.6039, -22.4431 ], [ -49.6039, -22.4447 ], [ -49.6048, -22.4461 ], [ -49.6055, -22.4484 ], [ -49.6035, -22.4509 ], [ -49.6041, -22.4536 ], [ -49.5989, -22.4545 ], [ -49.5968, -22.4538 ], [ -49.5956, -22.4561 ], [ -49.5965, -22.4581 ], [ -49.5962, -22.4594 ], [ -49.5971, -22.4599 ], [ -49.6001, -22.4597 ], [ -49.6023, -22.4608 ], [ -49.6102, -22.4662 ], [ -49.6134, -22.4668 ], [ -49.6167, -22.4679 ], [ -49.62, -22.4682 ], [ -49.6229, -22.4672 ], [ -49.6252, -22.4674 ], [ -49.6273, -22.4689 ], [ -49.6285, -22.4692 ], [ -49.6315, -22.4655 ], [ -49.6342, -22.4638 ], [ -49.636, -22.461 ], [ -49.637, -22.457 ], [ -49.6364, -22.4545 ], [ -49.6365, -22.4514 ], [ -49.6369, -22.45 ], [ -49.6358, -22.4481 ], [ -49.636, -22.4471 ], [ -49.6385, -22.4436 ], [ -49.6414, -22.4406 ], [ -49.6422, -22.4393 ], [ -49.645, -22.4372 ], [ -49.6471, -22.4369 ], [ -49.6507, -22.44 ], [ -49.6517, -22.4416 ], [ -49.6523, -22.4436 ], [ -49.6548, -22.446 ], [ -49.6557, -22.4489 ], [ -49.6564, -22.4494 ], [ -49.6582, -22.4524 ], [ -49.658, -22.4534 ], [ -49.6599, -22.4563 ], [ -49.6625, -22.4585 ], [ -49.6638, -22.4621 ], [ -49.6655, -22.4638 ], [ -49.6692, -22.4661 ], [ -49.6711, -22.4668 ], [ -49.6726, -22.4682 ], [ -49.6745, -22.4687 ], [ -49.6765, -22.4679 ], [ -49.6793, -22.4675 ], [ -49.6837, -22.4661 ], [ -49.684, -22.4638 ], [ -49.685, -22.4621 ], [ -49.6874, -22.4592 ], [ -49.6889, -22.4581 ], [ -49.6916, -22.4586 ], [ -49.6925, -22.4573 ], [ -49.6944, -22.4562 ], [ -49.6957, -22.4541 ], [ -49.6955, -22.4513 ], [ -49.6967, -22.449 ], [ -49.6981, -22.4481 ], [ -49.7018, -22.4471 ], [ -49.7019, -22.4456 ], [ -49.704, -22.4434 ], [ -49.7034, -22.4404 ], [ -49.7038, -22.4393 ], [ -49.7054, -22.4399 ], [ -49.7075, -22.4414 ], [ -49.7103, -22.4442 ], [ -49.7113, -22.4458 ], [ -49.7126, -22.4487 ], [ -49.7155, -22.4508 ], [ -49.7185, -22.4522 ], [ -49.7194, -22.4542 ], [ -49.7193, -22.4576 ], [ -49.7202, -22.4622 ], [ -49.7215, -22.464 ], [ -49.723, -22.4643 ], [ -49.7254, -22.4637 ], [ -49.7275, -22.4641 ], [ -49.7308, -22.4671 ], [ -49.7321, -22.4678 ], [ -49.7358, -22.4666 ], [ -49.7374, -22.4666 ], [ -49.7401, -22.4685 ], [ -49.7413, -22.47 ], [ -49.7435, -22.4702 ], [ -49.744, -22.473 ], [ -49.7455, -22.4739 ], [ -49.7469, -22.476 ], [ -49.7491, -22.4768 ], [ -49.75, -22.4787 ], [ -49.7493, -22.4816 ], [ -49.7483, -22.4821 ], [ -49.748, -22.4849 ], [ -49.7492, -22.4881 ], [ -49.75, -22.4889 ], [ -49.749, -22.4899 ], [ -49.7497, -22.4911 ], [ -49.7496, -22.4926 ], [ -49.7514, -22.4953 ], [ -49.7545, -22.4961 ], [ -49.7565, -22.4971 ], [ -49.7556, -22.4982 ], [ -49.758, -22.4994 ], [ -49.7594, -22.502 ], [ -49.7618, -22.5039 ], [ -49.765, -22.5036 ], [ -49.7699, -22.5013 ], [ -49.772, -22.5006 ], [ -49.7752, -22.502 ], [ -49.7815, -22.5021 ], [ -49.7845, -22.5035 ], [ -49.7867, -22.5039 ], [ -49.7883, -22.5064 ], [ -49.7912, -22.5079 ], [ -49.7925, -22.5094 ], [ -49.7971, -22.5124 ], [ -49.7989, -22.5127 ], [ -49.803, -22.5144 ], [ -49.8074, -22.5179 ], [ -49.8087, -22.5194 ], [ -49.8113, -22.5211 ], [ -49.8136, -22.5235 ], [ -49.8164, -22.5244 ], [ -49.8176, -22.5261 ], [ -49.8186, -22.5268 ], [ -49.8236, -22.5262 ], [ -49.8247, -22.5259 ], [ -49.8286, -22.5238 ], [ -49.8305, -22.5226 ], [ -49.8337, -22.5194 ], [ -49.8355, -22.5194 ], [ -49.8395, -22.5223 ], [ -49.8421, -22.5228 ], [ -49.8454, -22.5228 ], [ -49.8495, -22.5235 ], [ -49.8508, -22.5227 ], [ -49.8506, -22.5213 ], [ -49.8494, -22.5196 ], [ -49.8493, -22.517 ], [ -49.8504, -22.5148 ], [ -49.8535, -22.5116 ], [ -49.8551, -22.5117 ], [ -49.8577, -22.5131 ], [ -49.864, -22.5132 ], [ -49.867, -22.5121 ], [ -49.8721, -22.5114 ], [ -49.8751, -22.5104 ], [ -49.8777, -22.5082 ], [ -49.8794, -22.5071 ], [ -49.8828, -22.506 ], [ -49.8854, -22.5058 ], [ -49.8859, -22.5102 ], [ -49.8851, -22.513 ], [ -49.8862, -22.5173 ], [ -49.8876, -22.5203 ], [ -49.8884, -22.5235 ], [ -49.8879, -22.5255 ], [ -49.8862, -22.5322 ], [ -49.8865, -22.5339 ], [ -49.8877, -22.5366 ], [ -49.8879, -22.5408 ], [ -49.8885, -22.542 ], [ -49.8904, -22.5436 ], [ -49.8926, -22.5485 ], [ -49.8927, -22.5504 ], [ -49.8922, -22.5541 ], [ -49.8895, -22.5597 ], [ -49.888, -22.5618 ], [ -49.8877, -22.564 ], [ -49.8888, -22.5673 ], [ -49.8889, -22.5695 ], [ -49.8894, -22.5744 ], [ -49.8884, -22.5806 ], [ -49.8886, -22.5835 ], [ -49.8875, -22.5889 ], [ -49.8868, -22.5914 ], [ -49.8884, -22.5948 ], [ -49.8921, -22.6 ], [ -49.8922, -22.6029 ], [ -49.8892, -22.6065 ], [ -49.8879, -22.609 ], [ -49.8877, -22.6109 ], [ -49.8884, -22.6133 ], [ -49.889, -22.6179 ], [ -49.8887, -22.6221 ], [ -49.8901, -22.6248 ], [ -49.8906, -22.6271 ], [ -49.8902, -22.6327 ], [ -49.8908, -22.6355 ], [ -49.8882, -22.6393 ], [ -49.8877, -22.6408 ], [ -49.8882, -22.6423 ], [ -49.8897, -22.6438 ], [ -49.8921, -22.6479 ], [ -49.8924, -22.652 ], [ -49.8909, -22.6538 ], [ -49.8909, -22.6554 ], [ -49.8941, -22.6578 ], [ -49.8969, -22.6609 ], [ -49.9005, -22.6623 ], [ -49.9011, -22.663 ], [ -49.9022, -22.6666 ], [ -49.9062, -22.6685 ], [ -49.9079, -22.6685 ], [ -49.9094, -22.6677 ], [ -49.9108, -22.6656 ], [ -49.9132, -22.6637 ], [ -49.9145, -22.664 ], [ -49.9161, -22.666 ], [ -49.9181, -22.6672 ], [ -49.9209, -22.6693 ], [ -49.9234, -22.6738 ], [ -49.9256, -22.6754 ], [ -49.9288, -22.677 ], [ -49.9305, -22.677 ], [ -49.9342, -22.6787 ], [ -49.936, -22.6788 ], [ -49.94, -22.6794 ], [ -49.9436, -22.6807 ], [ -49.9467, -22.6808 ], [ -49.9502, -22.6798 ], [ -49.9533, -22.6802 ], [ -49.9556, -22.6817 ], [ -49.958, -22.6837 ], [ -49.9594, -22.6843 ], [ -49.9633, -22.6841 ], [ -49.968, -22.6833 ], [ -49.9712, -22.6839 ], [ -49.9728, -22.6854 ], [ -49.9736, -22.6878 ], [ -49.9732, -22.6901 ], [ -49.9726, -22.6959 ], [ -49.9731, -22.7005 ], [ -49.9724, -22.7083 ], [ -49.9736, -22.7124 ], [ -49.9757, -22.7144 ], [ -49.9778, -22.7152 ], [ -49.9831, -22.72 ], [ -49.9841, -22.7252 ], [ -49.9874, -22.7339 ], [ -49.9906, -22.7397 ], [ -49.9918, -22.7411 ], [ -49.9921, -22.7439 ], [ -49.9916, -22.7459 ], [ -49.992, -22.7478 ], [ -49.9935, -22.7487 ], [ -49.996, -22.7524 ], [ -49.9971, -22.756 ], [ -49.9978, -22.7592 ], [ -49.9977, -22.7619 ], [ -49.9979, -22.7659 ], [ -49.9986, -22.7672 ], [ -50.0009, -22.7692 ], [ -50.0005, -22.772 ], [ -50.0032, -22.7749 ], [ -50.0066, -22.7803 ], [ -50.0075, -22.7815 ], [ -50.0093, -22.7828 ], [ -50.0101, -22.7843 ], [ -50.0087, -22.7867 ], [ -50.0048, -22.8121 ], [ -50.0082, -22.8125 ], [ -50.0109, -22.8125 ], [ -50.0131, -22.8128 ], [ -50.0153, -22.8146 ], [ -50.0274, -22.834 ], [ -50.0323, -22.842 ], [ -50.0321, -22.8448 ], [ -50.0324, -22.848 ], [ -50.0335, -22.8517 ], [ -50.0325, -22.8532 ], [ -50.0324, -22.8558 ], [ -50.0359, -22.863 ], [ -50.036, -22.8684 ], [ -50.0372, -22.8742 ], [ -50.0398, -22.876 ], [ -50.0432, -22.8764 ], [ -50.0446, -22.8772 ], [ -50.0443, -22.8786 ], [ -50.0425, -22.8821 ], [ -50.0428, -22.8845 ], [ -50.0439, -22.8864 ], [ -50.0466, -22.8885 ], [ -50.049, -22.8887 ], [ -50.052, -22.8894 ], [ -50.0554, -22.892 ], [ -50.0566, -22.8935 ], [ -50.0566, -22.8949 ], [ -50.0553, -22.8972 ], [ -50.0553, -22.8982 ], [ -50.0536, -22.9018 ], [ -50.0535, -22.9042 ], [ -50.0528, -22.9055 ], [ -50.057, -22.9153 ], [ -50.0589, -22.919 ], [ -50.0624, -22.9237 ], [ -50.0675, -22.9275 ], [ -50.0698, -22.9281 ], [ -50.0715, -22.9281 ], [ -50.0731, -22.9271 ], [ -50.0781, -22.9228 ], [ -50.0809, -22.9218 ], [ -50.0894, -22.922 ], [ -50.0928, -22.9225 ], [ -50.1051, -22.931 ], [ -50.1097, -22.9357 ], [ -50.1154, -22.9398 ], [ -50.1211, -22.9413 ], [ -50.1271, -22.9418 ], [ -50.1301, -22.9412 ], [ -50.1331, -22.9399 ], [ -50.1357, -22.9394 ], [ -50.1481, -22.9351 ], [ -50.1514, -22.9352 ], [ -50.153, -22.9356 ], [ -50.1573, -22.9388 ], [ -50.1649, -22.9464 ], [ -50.1687, -22.9481 ], [ -50.1753, -22.9493 ], [ -50.1806, -22.9527 ], [ -50.1834, -22.9538 ], [ -50.1851, -22.954 ], [ -50.1909, -22.9521 ], [ -50.1948, -22.9516 ], [ -50.2039, -22.9528 ], [ -50.213, -22.9485 ], [ -50.2169, -22.9479 ], [ -50.2207, -22.9491 ], [ -50.2243, -22.9516 ], [ -50.2275, -22.9535 ], [ -50.2306, -22.9541 ], [ -50.2375, -22.9541 ], [ -50.241, -22.953 ], [ -50.2432, -22.951 ], [ -50.2442, -22.9496 ], [ -50.2453, -22.9465 ], [ -50.246, -22.9401 ], [ -50.2466, -22.9385 ], [ -50.2476, -22.9378 ], [ -50.2574, -22.9365 ], [ -50.2701, -22.9317 ], [ -50.2734, -22.931 ], [ -50.2756, -22.9316 ], [ -50.2796, -22.9348 ], [ -50.2841, -22.9373 ], [ -50.2894, -22.9378 ], [ -50.2957, -22.937 ], [ -50.3004, -22.9379 ], [ -50.3017, -22.9387 ], [ -50.3035, -22.943 ], [ -50.3047, -22.9449 ], [ -50.3062, -22.9462 ], [ -50.309, -22.9476 ], [ -50.3156, -22.9491 ], [ -50.3185, -22.9507 ], [ -50.3233, -22.9513 ], [ -50.3297, -22.9506 ], [ -50.3362, -22.9504 ], [ -50.3402, -22.9481 ], [ -50.3436, -22.9402 ], [ -50.3454, -22.9346 ], [ -50.3469, -22.9331 ], [ -50.3544, -22.9274 ], [ -50.3551, -22.9263 ], [ -50.3574, -22.9244 ], [ -50.3596, -22.9215 ], [ -50.3596, -22.9199 ], [ -50.3586, -22.9171 ], [ -50.3592, -22.9161 ], [ -50.3646, -22.914 ], [ -50.3791, -22.9054 ], [ -50.3817, -22.9055 ], [ -50.3871, -22.9078 ], [ -50.3982, -22.9072 ], [ -50.4001, -22.9076 ], [ -50.4164, -22.9128 ], [ -50.4189, -22.9139 ], [ -50.42, -22.9157 ], [ -50.4202, -22.9176 ], [ -50.4183, -22.9313 ], [ -50.4189, -22.9341 ], [ -50.4208, -22.9372 ], [ -50.4227, -22.9392 ], [ -50.4257, -22.9442 ], [ -50.4274, -22.9454 ], [ -50.4303, -22.9464 ], [ -50.4326, -22.9462 ], [ -50.4399, -22.9423 ], [ -50.4417, -22.942 ], [ -50.4484, -22.9415 ], [ -50.4501, -22.942 ], [ -50.4537, -22.944 ], [ -50.4594, -22.9452 ], [ -50.465, -22.944 ], [ -50.4827, -22.9369 ], [ -50.4861, -22.9369 ], [ -50.4914, -22.9377 ], [ -50.493, -22.9384 ], [ -50.498, -22.9425 ], [ -50.4997, -22.9436 ], [ -50.5061, -22.9454 ], [ -50.511, -22.9446 ], [ -50.5145, -22.9429 ], [ -50.5205, -22.9405 ], [ -50.5231, -22.9391 ], [ -50.5257, -22.9365 ], [ -50.5268, -22.9348 ], [ -50.5267, -22.9318 ], [ -50.53, -22.9191 ], [ -50.5348, -22.9143 ], [ -50.5405, -22.9121 ], [ -50.5477, -22.9114 ], [ -50.5544, -22.9116 ], [ -50.5577, -22.9107 ], [ -50.5673, -22.9057 ], [ -50.5725, -22.9041 ], [ -50.5772, -22.904 ], [ -50.581, -22.9053 ], [ -50.5888, -22.9104 ], [ -50.6038, -22.9232 ], [ -50.6085, -22.9242 ], [ -50.6116, -22.9236 ], [ -50.6127, -22.9225 ], [ -50.6171, -22.9144 ], [ -50.6203, -22.9122 ], [ -50.6299, -22.9097 ], [ -50.6373, -22.9069 ], [ -50.6449, -22.8991 ], [ -50.6485, -22.8971 ], [ -50.6579, -22.8957 ], [ -50.6616, -22.8955 ], [ -50.6635, -22.8957 ], [ -50.6726, -22.8982 ], [ -50.6774, -22.901 ], [ -50.6799, -22.9032 ], [ -50.6821, -22.9062 ], [ -50.6826, -22.9086 ], [ -50.6879, -22.9171 ], [ -50.6913, -22.9206 ], [ -50.6935, -22.9236 ], [ -50.7002, -22.9374 ], [ -50.7027, -22.9421 ], [ -50.7071, -22.948 ], [ -50.7098, -22.9534 ], [ -50.7131, -22.956 ], [ -50.7236, -22.9592 ], [ -50.7295, -22.9625 ], [ -50.7327, -22.9633 ], [ -50.7364, -22.9634 ], [ -50.7406, -22.9625 ], [ -50.7452, -22.96 ], [ -50.7477, -22.9564 ], [ -50.7487, -22.9535 ], [ -50.7503, -22.9515 ], [ -50.7537, -22.9495 ], [ -50.7587, -22.9477 ], [ -50.7682, -22.947 ], [ -50.7709, -22.9477 ], [ -50.7757, -22.9463 ], [ -50.7797, -22.9466 ], [ -50.7876, -22.9499 ], [ -50.792, -22.951 ], [ -50.7959, -22.9512 ], [ -50.799, -22.9496 ], [ -50.804, -22.9457 ], [ -50.8054, -22.9435 ], [ -50.8061, -22.9403 ], [ -50.8052, -22.9361 ], [ -50.8005, -22.9283 ], [ -50.7985, -22.9216 ], [ -50.7975, -22.915 ], [ -50.7955, -22.9094 ], [ -50.7937, -22.9068 ], [ -50.7931, -22.9051 ], [ -50.7924, -22.8986 ], [ -50.793, -22.8944 ], [ -50.7956, -22.8904 ], [ -50.7978, -22.8886 ], [ -50.807, -22.8849 ], [ -50.8085, -22.8838 ], [ -50.8153, -22.8808 ], [ -50.817, -22.8795 ], [ -50.8208, -22.874 ], [ -50.8236, -22.8661 ], [ -50.8258, -22.8661 ], [ -50.8274, -22.865 ], [ -50.8307, -22.8622 ], [ -50.8329, -22.8592 ], [ -50.8347, -22.854 ], [ -50.8355, -22.8473 ], [ -50.8376, -22.8401 ], [ -50.8395, -22.8376 ], [ -50.8424, -22.8314 ], [ -50.8456, -22.8284 ], [ -50.8488, -22.8261 ], [ -50.8503, -22.8242 ], [ -50.8519, -22.8233 ], [ -50.8545, -22.82 ], [ -50.8632, -22.8137 ], [ -50.876, -22.8065 ], [ -50.8887, -22.7965 ], [ -50.8923, -22.7949 ], [ -50.8953, -22.7943 ], [ -50.904, -22.7951 ], [ -50.9069, -22.7951 ], [ -50.9191, -22.7959 ], [ -50.9277, -22.7977 ], [ -50.9317, -22.801 ], [ -50.9373, -22.8048 ], [ -50.9407, -22.8053 ], [ -50.9446, -22.8047 ], [ -50.9456, -22.8039 ], [ -50.9519, -22.7975 ], [ -50.9562, -22.7912 ], [ -50.9593, -22.7879 ], [ -50.9616, -22.7862 ], [ -50.9682, -22.7834 ], [ -50.9719, -22.7824 ], [ -50.9759, -22.7821 ], [ -50.9787, -22.7826 ], [ -50.9834, -22.7844 ], [ -50.9862, -22.786 ], [ -50.9913, -22.7902 ], [ -50.9946, -22.7921 ], [ -50.9973, -22.7929 ], [ -51.0044, -22.7937 ], [ -51.0055, -22.7938 ], [ -51.0111, -22.7923 ], [ -51.0182, -22.788 ], [ -51.0351, -22.7793 ], [ -51.0452, -22.7738 ], [ -51.0538, -22.7678 ], [ -51.0576, -22.7661 ], [ -51.0616, -22.7651 ], [ -51.0666, -22.7646 ], [ -51.0754, -22.7659 ], [ -51.09, -22.7627 ], [ -51.0991, -22.7632 ], [ -51.1026, -22.7629 ], [ -51.1171, -22.7602 ], [ -51.1279, -22.76 ], [ -51.1446, -22.7558 ], [ -51.1496, -22.7551 ], [ -51.1567, -22.7525 ], [ -51.1599, -22.7506 ], [ -51.1644, -22.749 ], [ -51.1704, -22.7443 ], [ -51.176, -22.7388 ], [ -51.1825, -22.7323 ], [ -51.187, -22.7299 ], [ -51.192, -22.7287 ], [ -51.1947, -22.7293 ], [ -51.2027, -22.7282 ], [ -51.2054, -22.7274 ], [ -51.2137, -22.7237 ], [ -51.2206, -22.7204 ], [ -51.2283, -22.716 ], [ -51.2351, -22.7092 ], [ -51.2378, -22.7058 ], [ -51.2395, -22.7006 ], [ -51.2401, -22.6964 ], [ -51.2429, -22.6896 ], [ -51.2524, -22.6794 ], [ -51.2552, -22.6755 ], [ -51.2587, -22.6719 ], [ -51.2652, -22.6677 ], [ -51.2728, -22.6662 ], [ -51.2775, -22.6662 ], [ -51.2814, -22.6665 ], [ -51.2867, -22.6684 ], [ -51.2972, -22.6732 ], [ -51.2982, -22.6735 ], [ -51.2998, -22.674 ], [ -51.3065, -22.6745 ], [ -51.3118, -22.6735 ], [ -51.3207, -22.6706 ], [ -51.3331, -22.6671 ], [ -51.3393, -22.6654 ], [ -51.3534, -22.6634 ], [ -51.3591, -22.6615 ], [ -51.3622, -22.6599 ], [ -51.3678, -22.6587 ], [ -51.3736, -22.6581 ], [ -51.3782, -22.6595 ], [ -51.3807, -22.6612 ], [ -51.3849, -22.6649 ], [ -51.3861, -22.6654 ], [ -51.3971, -22.6678 ], [ -51.402, -22.6679 ], [ -51.4053, -22.667 ], [ -51.41, -22.665 ], [ -51.4164, -22.6587 ], [ -51.423, -22.6541 ], [ -51.4247, -22.6535 ], [ -51.4353, -22.6522 ], [ -51.4366, -22.6521 ], [ -51.4464, -22.653 ], [ -51.4498, -22.6538 ], [ -51.4531, -22.6558 ], [ -51.4559, -22.6587 ], [ -51.466, -22.6724 ], [ -51.4719, -22.6772 ], [ -51.475, -22.6792 ], [ -51.4864, -22.685 ], [ -51.4989, -22.6905 ], [ -51.5083, -22.692 ], [ -51.5122, -22.692 ], [ -51.5161, -22.6908 ], [ -51.5172, -22.69 ], [ -51.5198, -22.6879 ], [ -51.5257, -22.6868 ], [ -51.5318, -22.6872 ], [ -51.5376, -22.688 ], [ -51.5435, -22.6895 ], [ -51.5481, -22.692 ], [ -51.5522, -22.6954 ], [ -51.5553, -22.6965 ], [ -51.5596, -22.6972 ], [ -51.5624, -22.6966 ], [ -51.5652, -22.6956 ], [ -51.5773, -22.6892 ], [ -51.5845, -22.6879 ], [ -51.5892, -22.6865 ], [ -51.5915, -22.6852 ], [ -51.5939, -22.6829 ], [ -51.5977, -22.6782 ], [ -51.6043, -22.6726 ], [ -51.6113, -22.6661 ], [ -51.6158, -22.6626 ], [ -51.619, -22.6609 ], [ -51.6256, -22.6587 ], [ -51.6279, -22.6582 ], [ -51.6305, -22.6579 ], [ -51.6382, -22.6566 ], [ -51.6464, -22.6563 ], [ -51.6624, -22.6572 ], [ -51.6723, -22.6587 ], [ -51.6811, -22.6607 ], [ -51.6875, -22.663 ], [ -51.6903, -22.6644 ], [ -51.6945, -22.6672 ], [ -51.6992, -22.6694 ], [ -51.7058, -22.6704 ], [ -51.7116, -22.6701 ], [ -51.7182, -22.669 ], [ -51.7227, -22.666 ], [ -51.7245, -22.6638 ], [ -51.7259, -22.6615 ], [ -51.7267, -22.658 ], [ -51.7288, -22.6451 ], [ -51.7315, -22.6375 ], [ -51.733, -22.6286 ], [ -51.7343, -22.6255 ], [ -51.7357, -22.6243 ], [ -51.737, -22.6241 ], [ -51.7445, -22.6247 ], [ -51.7473, -22.6236 ], [ -51.7516, -22.6181 ], [ -51.7538, -22.6173 ], [ -51.7614, -22.6156 ], [ -51.7716, -22.6141 ], [ -51.7745, -22.6144 ], [ -51.779, -22.6158 ], [ -51.7814, -22.6158 ], [ -51.7841, -22.6173 ], [ -51.7863, -22.619 ], [ -51.7895, -22.6197 ], [ -51.7948, -22.6196 ], [ -51.8034, -22.6207 ], [ -51.8118, -22.622 ], [ -51.8181, -22.6233 ], [ -51.8223, -22.6257 ], [ -51.8262, -22.6273 ], [ -51.8322, -22.6275 ], [ -51.8387, -22.6285 ], [ -51.8438, -22.631 ], [ -51.8471, -22.6322 ], [ -51.8503, -22.6323 ], [ -51.8558, -22.6317 ], [ -51.8656, -22.6312 ], [ -51.8686, -22.6304 ], [ -51.8737, -22.6282 ], [ -51.879, -22.6244 ], [ -51.8819, -22.6209 ], [ -51.8902, -22.6132 ], [ -51.8921, -22.6097 ], [ -51.8946, -22.6075 ], [ -51.8989, -22.6029 ], [ -51.9015, -22.6019 ], [ -51.9095, -22.5947 ], [ -51.9168, -22.5861 ], [ -51.9272, -22.578 ], [ -51.931, -22.576 ], [ -51.9344, -22.5714 ], [ -51.9405, -22.5673 ], [ -51.947, -22.5662 ], [ -51.9521, -22.5651 ], [ -51.9555, -22.5649 ], [ -51.9609, -22.5635 ], [ -51.9683, -22.5602 ], [ -51.9704, -22.5597 ], [ -51.9773, -22.5561 ], [ -51.9912, -22.5508 ], [ -51.9939, -22.5489 ], [ -51.9969, -22.5461 ], [ -51.9982, -22.5456 ], [ -52.0026, -22.5455 ], [ -52.0127, -22.5417 ], [ -52.0254, -22.5397 ], [ -52.0284, -22.5395 ], [ -52.0329, -22.5392 ], [ -52.0345, -22.539 ], [ -52.0424, -22.5391 ], [ -52.0461, -22.5394 ], [ -52.0519, -22.5393 ], [ -52.0561, -22.5388 ], [ -52.06, -22.5378 ], [ -52.0648, -22.5357 ], [ -52.0694, -22.5333 ], [ -52.079, -22.5262 ], [ -52.0896, -22.5212 ], [ -52.0996, -22.5181 ], [ -52.1059, -22.5167 ], [ -52.1092, -22.5163 ], [ -52.1186, -22.5168 ], [ -52.1225, -22.518 ], [ -52.1276, -22.5199 ], [ -52.1356, -22.5269 ], [ -52.1389, -22.5313 ], [ -52.1421, -22.5365 ], [ -52.1446, -22.5426 ], [ -52.1476, -22.5465 ], [ -52.1488, -22.5493 ], [ -52.152, -22.5686 ], [ -52.1523, -22.5692 ], [ -52.1569, -22.5773 ], [ -52.161, -22.5895 ], [ -52.1625, -22.6012 ], [ -52.1626, -22.6056 ], [ -52.1619, -22.6109 ], [ -52.1597, -22.6216 ], [ -52.1569, -22.6287 ], [ -52.1557, -22.6414 ], [ -52.1567, -22.6447 ], [ -52.1635, -22.6488 ], [ -52.1668, -22.6503 ], [ -52.1828, -22.6554 ], [ -52.1888, -22.6564 ], [ -52.1972, -22.6589 ], [ -52.2011, -22.6609 ], [ -52.2055, -22.6639 ], [ -52.2095, -22.6673 ], [ -52.2136, -22.672 ], [ -52.2152, -22.6725 ], [ -52.2185, -22.6748 ], [ -52.2226, -22.6755 ], [ -52.2244, -22.6745 ], [ -52.2274, -22.6709 ], [ -52.2285, -22.6646 ], [ -52.2284, -22.6564 ], [ -52.2288, -22.649 ], [ -52.2281, -22.6425 ], [ -52.2296, -22.6387 ], [ -52.2309, -22.6335 ], [ -52.2351, -22.6257 ], [ -52.2401, -22.6199 ], [ -52.2471, -22.6166 ], [ -52.2504, -22.6154 ], [ -52.2607, -22.6164 ], [ -52.2708, -22.6187 ], [ -52.2734, -22.6196 ], [ -52.2787, -22.6204 ], [ -52.2874, -22.6261 ], [ -52.29, -22.6282 ], [ -52.2907, -22.6286 ], [ -52.2963, -22.6328 ], [ -52.3004, -22.6354 ], [ -52.3037, -22.6366 ], [ -52.3054, -22.6368 ], [ -52.3131, -22.6365 ], [ -52.3195, -22.6353 ], [ -52.3269, -22.6331 ], [ -52.3354, -22.6328 ], [ -52.3419, -22.6311 ], [ -52.3494, -22.6307 ], [ -52.3587, -22.6294 ], [ -52.3686, -22.6293 ], [ -52.3805, -22.6265 ], [ -52.3919, -22.6222 ], [ -52.3957, -22.6203 ], [ -52.4054, -22.6171 ], [ -52.4127, -22.6134 ], [ -52.4214, -22.6106 ], [ -52.4265, -22.6089 ], [ -52.433, -22.6072 ], [ -52.4376, -22.6068 ], [ -52.4407, -22.6072 ], [ -52.4457, -22.6083 ], [ -52.4515, -22.6095 ], [ -52.455, -22.6106 ], [ -52.4676, -22.6159 ], [ -52.4735, -22.6195 ], [ -52.479, -22.6241 ], [ -52.4901, -22.6307 ] ] ] } },
{ "type": "Feature", "properties": { "nome_raj": "6ª RAJ Ribeirão Preto", "id_municipio_ibge": 3501004, "nome_municipio": "Altinópolis", "populacao_municipio": 16818, "id_foro": 12, "nome_foro": "Altinópolis", "endereco_sede": "Avenida Doutor Alberto Crivelenti , 555 - Centro, 14350-005", "latitude": -21.018030684452601, "longitude": -47.386230467667289, "id_cj": 39.0, "nome_cj": "Batatais", "id_raj": 6, "populacao_foro": 23593, "cidades_no_foro": "Altinópolis, Santo Antônio da Alegria", "cidades_na_cj": "Altinópolis, Batatais, Brodowski, Morro Agudo, Nuporanga, Orlândia, Sales Oliveira, Santo Antônio da Alegria" }, "geometry": { "type": "Polygon", "coordinates": [ [ [ -48.2477, -22.1725 ], [ -48.2472, -22.1736 ], [ -48.245, -22.1752 ], [ -48.2446, -22.1776 ], [ -48.2455, -22.1781 ], [ -48.2491, -22.178 ], [ -48.2541, -22.1772 ], [ -48.2564, -22.1774 ], [ -48.2606, -22.1789 ], [ -48.2683, -22.181 ], [ -48.2709, -22.1825 ], [ -48.2714, -22.1848 ], [ -48.2728, -22.1899 ], [ -48.2743, -22.1923 ], [ -48.2754, -22.1924 ], [ -48.2802, -22.1914 ], [ -48.2814, -22.1904 ], [ -48.284, -22.1893 ], [ -48.2867, -22.1891 ], [ -48.2899, -22.1893 ], [ -48.292, -22.1897 ], [ -48.2965, -22.1916 ], [ -48.2987, -22.1922 ], [ -48.3059, -22.1919 ], [ -48.3086, -22.1922 ], [ -48.3123, -22.1939 ], [ -48.3136, -22.1955 ], [ -48.3143, -22.1987 ], [ -48.3153, -22.1985 ], [ -48.3151, -22.1956 ], [ -48.3155, -22.1945 ], [ -48.3168, -22.1938 ], [ -48.3221, -22.1942 ], [ -48.3233, -22.1929 ], [ -48.322, -22.1917 ], [ -48.323, -22.1895 ], [ -48.324, -22.189 ], [ -48.3261, -22.1888 ], [ -48.3283, -22.1879 ], [ -48.3303, -22.1881 ], [ -48.3313, -22.189 ], [ -48.3326, -22.1871 ], [ -48.3326, -22.1854 ], [ -48.3357, -22.1847 ], [ -48.3374, -22.1838 ], [ -48.3385, -22.1811 ], [ -48.3407, -22.1808 ], [ -48.3423, -22.181 ], [ -48.3432, -22.1807 ], [ -48.345, -22.1781 ], [ -48.3441, -22.1749 ], [ -48.3432, -22.1736 ], [ -48.3443, -22.1721 ], [ -48.3457, -22.1714 ], [ -48.3466, -22.1722 ], [ -48.3508, -22.1715 ], [ -48.3515, -22.1707 ], [ -48.353, -22.1709 ], [ -48.354, -22.1701 ], [ -48.3534, -22.1689 ], [ -48.3555, -22.1676 ], [ -48.3555, -22.1668 ], [ -48.3586, -22.1676 ], [ -48.3608, -22.1669 ], [ -48.3626, -22.1647 ], [ -48.3668, -22.1655 ], [ -48.3685, -22.1651 ], [ -48.3683, -22.1671 ], [ -48.3712, -22.1682 ], [ -48.373, -22.1677 ], [ -48.3741, -22.1663 ], [ -48.3736, -22.1642 ], [ -48.3753, -22.1634 ], [ -48.3759, -22.1623 ], [ -48.3779, -22.1618 ], [ -48.3786, -22.1627 ], [ -48.3811, -22.1625 ], [ -48.3821, -22.1606 ], [ -48.3836, -22.1597 ], [ -48.3866, -22.1599 ], [ -48.3879, -22.1591 ], [ -48.3876, -22.1568 ], [ -48.3856, -22.1563 ], [ -48.3864, -22.1553 ], [ -48.386, -22.1531 ], [ -48.3889, -22.1522 ], [ -48.3926, -22.1518 ], [ -48.39, -22.1486 ], [ -48.3909, -22.1478 ], [ -48.3944, -22.1482 ], [ -48.3952, -22.1468 ], [ -48.3927, -22.1454 ], [ -48.3937, -22.1436 ], [ -48.3927, -22.1406 ], [ -48.393, -22.1393 ], [ -48.3928, -22.1364 ], [ -48.3944, -22.1371 ], [ -48.3958, -22.1364 ], [ -48.3968, -22.1351 ], [ -48.3976, -22.1319 ], [ -48.3969, -22.1295 ], [ -48.3952, -22.1294 ], [ -48.3958, -22.1274 ], [ -48.3971, -22.1257 ], [ -48.3972, -22.124 ], [ -48.3962, -22.1218 ], [ -48.396, -22.1198 ], [ -48.3975, -22.1176 ], [ -48.3976, -22.1164 ], [ -48.3949, -22.1152 ], [ -48.3953, -22.1139 ], [ -48.3978, -22.1144 ], [ -48.3981, -22.1127 ], [ -48.396, -22.1125 ], [ -48.397, -22.1113 ], [ -48.3993, -22.1109 ], [ -48.4007, -22.1094 ], [ -48.4028, -22.1085 ], [ -48.4035, -22.1072 ], [ -48.4017, -22.1041 ], [ -48.4023, -22.1022 ], [ -48.4042, -22.1005 ], [ -48.4066, -22.0994 ], [ -48.4053, -22.0982 ], [ -48.4074, -22.0965 ], [ -48.4096, -22.0942 ], [ -48.4137, -22.0937 ], [ -48.4135, -22.0922 ], [ -48.4157, -22.0893 ], [ -48.4165, -22.0899 ], [ -48.42, -22.0904 ], [ -48.4225, -22.0941 ], [ -48.4239, -22.0932 ], [ -48.4245, -22.0916 ], [ -48.4268, -22.0895 ], [ -48.4289, -22.0897 ], [ -48.4308, -22.0893 ], [ -48.4333, -22.0875 ], [ -48.434, -22.0858 ], [ -48.4335, -22.0841 ], [ -48.4354, -22.0847 ], [ -48.4359, -22.0841 ], [ -48.4357, -22.0804 ], [ -48.4348, -22.0793 ], [ -48.4362, -22.0786 ], [ -48.4375, -22.0789 ], [ -48.439, -22.0783 ], [ -48.4393, -22.0772 ], [ -48.4385, -22.0764 ], [ -48.4401, -22.0747 ], [ -48.443, -22.0748 ], [ -48.4447, -22.0716 ], [ -48.4462, -22.071 ], [ -48.4449, -22.0632 ], [ -48.4481, -22.0597 ], [ -48.4493, -22.0594 ], [ -48.4504, -22.0581 ], [ -48.4509, -22.0565 ], [ -48.4522, -22.0542 ], [ -48.4526, -22.0515 ], [ -48.4544, -22.0504 ], [ -48.4551, -22.0493 ], [ -48.4576, -22.0483 ], [ -48.4639, -22.049 ], [ -48.4656, -22.0478 ], [ -48.4657, -22.0462 ], [ -48.4688, -22.0449 ], [ -48.4717, -22.0445 ], [ -48.4748, -22.0434 ], [ -48.4769, -22.0418 ], [ -48.4773, -22.0397 ], [ -48.4789, -22.0359 ], [ -48.4802, -22.0341 ], [ -48.4809, -22.0322 ], [ -48.4823, -22.0307 ], [ -48.4836, -22.0303 ], [ -48.4874, -22.0271 ], [ -48.4815, -22.0142 ], [ -48.4846, -22.0142 ], [ -48.491, -22.0113 ], [ -48.495, -22.011 ], [ -48.4965, -22.0115 ], [ -48.499, -22.0133 ], [ -48.5033, -22.0194 ], [ -48.507, -22.0216 ], [ -48.5088, -22.0221 ], [ -48.5127, -22.0236 ], [ -48.518, -22.0247 ], [ -48.52, -22.0262 ], [ -48.5216, -22.0271 ], [ -48.5247, -22.0275 ], [ -48.5257, -22.0281 ], [ -48.5303, -22.0288 ], [ -48.5331, -22.0307 ], [ -48.5366, -22.0351 ], [ -48.54, -22.0348 ], [ -48.5417, -22.0343 ], [ -48.5443, -22.0345 ], [ -48.545, -22.0329 ], [ -48.5469, -22.031 ], [ -48.5462, -22.0284 ], [ -48.5473, -22.0271 ], [ -48.5474, -22.0244 ], [ -48.5495, -22.0236 ], [ -48.5505, -22.0238 ], [ -48.5523, -22.0228 ], [ -48.5513, -22.0219 ], [ -48.5545, -22.0191 ], [ -48.5536, -22.0167 ], [ -48.5555, -22.0157 ], [ -48.5586, -22.0119 ], [ -48.5606, -22.0103 ], [ -48.5624, -22.0079 ], [ -48.5637, -22.0073 ], [ -48.5644, -22.0048 ], [ -48.5673, -22.0048 ], [ -48.5686, -22.0028 ], [ -48.5705, -22.003 ], [ -48.5722, -22.002 ], [ -48.5739, -22.0023 ], [ -48.5758, -22.0019 ], [ -48.5774, -22.0022 ], [ -48.5783, -22.0012 ], [ -48.5815, -22.0013 ], [ -48.5834, -22.0001 ], [ -48.5843, -22.0007 ], [ -48.5856, -22.0002 ], [ -48.5874, -22.0004 ], [ -48.5901, -21.9967 ], [ -48.5927, -21.9971 ], [ -48.5926, -21.9954 ], [ -48.5941, -21.9944 ], [ -48.593, -21.993 ], [ -48.5939, -21.9922 ], [ -48.5946, -21.99 ], [ -48.5961, -21.9884 ], [ -48.598, -21.9871 ], [ -48.5983, -21.9887 ], [ -48.6037, -21.9875 ], [ -48.6069, -21.9877 ], [ -48.6102, -21.9857 ], [ -48.6113, -21.9859 ], [ -48.6134, -21.9843 ], [ -48.6117, -21.9815 ], [ -48.6141, -21.9777 ], [ -48.6156, -21.9785 ], [ -48.6192, -21.9788 ], [ -48.6202, -21.9767 ], [ -48.6232, -21.9749 ], [ -48.6247, -21.9746 ], [ -48.6265, -21.9722 ], [ -48.6263, -21.9714 ], [ -48.6289, -21.9698 ], [ -48.6339, -21.9693 ], [ -48.6373, -21.9683 ], [ -48.6382, -21.9697 ], [ -48.6396, -21.9701 ], [ -48.6424, -21.9701 ], [ -48.6438, -21.9697 ], [ -48.6459, -21.9681 ], [ -48.6484, -21.9635 ], [ -48.6498, -21.964 ], [ -48.6513, -21.9638 ], [ -48.652, -21.9618 ], [ -48.6532, -21.9616 ], [ -48.6531, -21.9602 ], [ -48.657, -21.9584 ], [ -48.656, -21.9579 ], [ -48.6569, -21.9555 ], [ -48.6602, -21.9528 ], [ -48.6628, -21.9515 ], [ -48.6649, -21.9499 ], [ -48.6657, -21.9503 ], [ -48.6686, -21.9501 ], [ -48.6702, -21.9473 ], [ -48.6716, -21.9466 ], [ -48.6722, -21.9444 ], [ -48.6719, -21.9432 ], [ -48.6694, -21.9419 ], [ -48.6709, -21.9398 ], [ -48.6709, -21.938 ], [ -48.6726, -21.9382 ], [ -48.6744, -21.9375 ], [ -48.6761, -21.9343 ], [ -48.6759, -21.9333 ], [ -48.6784, -21.9322 ], [ -48.6779, -21.9298 ], [ -48.6794, -21.9288 ], [ -48.6789, -21.9278 ], [ -48.6808, -21.927 ], [ -48.6802, -21.9261 ], [ -48.6812, -21.925 ], [ -48.6836, -21.9246 ], [ -48.6836, -21.9226 ], [ -48.6854, -21.922 ], [ -48.6852, -21.9193 ], [ -48.6841, -21.9189 ], [ -48.684, -21.9171 ], [ -48.6853, -21.9169 ], [ -48.6873, -21.9141 ], [ -48.6908, -21.9123 ], [ -48.6931, -21.9125 ], [ -48.6941, -21.913 ], [ -48.6968, -21.9129 ], [ -48.6993, -21.9102 ], [ -48.701, -21.9123 ], [ -48.7022, -21.912 ], [ -48.7029, -21.9105 ], [ -48.7041, -21.9122 ], [ -48.7057, -21.9131 ], [ -48.7065, -21.9117 ], [ -48.7059, -21.9106 ], [ -48.7071, -21.9096 ], [ -48.7088, -21.9092 ], [ -48.7116, -21.9103 ], [ -48.7141, -21.9094 ], [ -48.715, -21.9082 ], [ -48.7175, -21.909 ], [ -48.7184, -21.9097 ], [ -48.7211, -21.9076 ], [ -48.7205, -21.9058 ], [ -48.721, -21.9032 ], [ -48.72, -21.902 ], [ -48.7214, -21.8999 ], [ -48.7228, -21.8998 ], [ -48.7225, -21.8979 ], [ -48.7244, -21.898 ], [ -48.7259, -21.8967 ], [ -48.7257, -21.8943 ], [ -48.7251, -21.8929 ], [ -48.7267, -21.891 ], [ -48.729, -21.8906 ], [ -48.7304, -21.8909 ], [ -48.7307, -21.8897 ], [ -48.7329, -21.8891 ], [ -48.7353, -21.8895 ], [ -48.7368, -21.8883 ], [ -48.7401, -21.8885 ], [ -48.7423, -21.8867 ], [ -48.7442, -21.8876 ], [ -48.7448, -21.8884 ], [ -48.7466, -21.8885 ], [ -48.7473, -21.8874 ], [ -48.7503, -21.8851 ], [ -48.7529, -21.887 ], [ -48.7537, -21.8865 ], [ -48.7547, -21.8838 ], [ -48.7574, -21.8839 ], [ -48.7587, -21.8846 ], [ -48.7598, -21.8841 ], [ -48.7618, -21.8845 ], [ -48.7631, -21.8877 ], [ -48.764, -21.8875 ], [ -48.7659, -21.8891 ], [ -48.7678, -21.8894 ], [ -48.7693, -21.8929 ], [ -48.7705, -21.8927 ], [ -48.7738, -21.8938 ], [ -48.7762, -21.8936 ], [ -48.778, -21.8949 ], [ -48.7808, -21.8939 ], [ -48.7829, -21.8951 ], [ -48.7859, -21.8943 ], [ -48.7884, -21.8958 ], [ -48.7886, -21.8933 ], [ -48.7914, -21.8922 ], [ -48.7942, -21.8917 ], [ -48.7956, -21.8929 ], [ -48.7956, -21.8943 ], [ -48.7972, -21.894 ], [ -48.7985, -21.8951 ], [ -48.7991, -21.8924 ], [ -48.8004, -21.8942 ], [ -48.8024, -21.8925 ], [ -48.8038, -21.8932 ], [ -48.8045, -21.8921 ], [ -48.8074, -21.8918 ], [ -48.8083, -21.8935 ], [ -48.8104, -21.8934 ], [ -48.8109, -21.892 ], [ -48.8129, -21.8917 ], [ -48.8149, -21.8924 ], [ -48.8159, -21.8911 ], [ -48.8172, -21.8905 ], [ -48.8195, -21.8907 ], [ -48.82, -21.8924 ], [ -48.8213, -21.892 ], [ -48.8213, -21.89 ], [ -48.8224, -21.8896 ], [ -48.8252, -21.8901 ], [ -48.8258, -21.8914 ], [ -48.827, -21.8917 ], [ -48.8273, -21.893 ], [ -48.8287, -21.8925 ], [ -48.8299, -21.8907 ], [ -48.8306, -21.8904 ], [ -48.8318, -21.8926 ], [ -48.8339, -21.893 ], [ -48.8352, -21.8938 ], [ -48.8355, -21.8949 ], [ -48.8342, -21.8958 ], [ -48.8326, -21.8949 ], [ -48.8321, -21.8975 ], [ -48.8335, -21.8991 ], [ -48.8362, -21.8994 ], [ -48.8397, -21.8982 ], [ -48.8408, -21.9031 ], [ -48.8416, -21.904 ], [ -48.8451, -21.9056 ], [ -48.847, -21.9089 ], [ -48.8479, -21.9099 ], [ -48.85, -21.9109 ], [ -48.8548, -21.9118 ], [ -48.8587, -21.9144 ], [ -48.8619, -21.9146 ], [ -48.8646, -21.9165 ], [ -48.8665, -21.9163 ], [ -48.8677, -21.9148 ], [ -48.8708, -21.9142 ], [ -48.8725, -21.9152 ], [ -48.8755, -21.9193 ], [ -48.8776, -21.921 ], [ -48.8792, -21.9209 ], [ -48.8804, -21.92 ], [ -48.8878, -21.9127 ], [ -48.891, -21.9087 ], [ -48.8922, -21.9067 ], [ -48.8932, -21.9087 ], [ -48.8965, -21.9119 ], [ -48.899, -21.9132 ], [ -48.9058, -21.9157 ], [ -48.9073, -21.9167 ], [ -48.9086, -21.9191 ], [ -48.9089, -21.9217 ], [ -48.9088, -21.9249 ], [ -48.9067, -21.9295 ], [ -48.9047, -21.9319 ], [ -48.903, -21.9333 ], [ -48.9053, -21.9382 ], [ -48.907, -21.9412 ], [ -48.9076, -21.944 ], [ -48.9099, -21.9461 ], [ -48.9144, -21.9465 ], [ -48.9184, -21.9475 ], [ -48.9205, -21.9475 ], [ -48.9221, -21.9481 ], [ -48.9248, -21.9481 ], [ -48.9282, -21.9475 ], [ -48.932, -21.9476 ], [ -48.9343, -21.9487 ], [ -48.9373, -21.9516 ], [ -48.9422, -21.9551 ], [ -48.9451, -21.9564 ], [ -48.9503, -21.9579 ], [ -48.9533, -21.9583 ], [ -48.9542, -21.9588 ], [ -48.9567, -21.962 ], [ -48.961, -21.9633 ], [ -48.9621, -21.9648 ], [ -48.9635, -21.9688 ], [ -48.9654, -21.9714 ], [ -48.9664, -21.9746 ], [ -48.9658, -21.9767 ], [ -48.9664, -21.9793 ], [ -48.9663, -21.9818 ], [ -48.9761, -21.9887 ], [ -48.9825, -21.9921 ], [ -48.987, -21.995 ], [ -48.9937, -21.9998 ], [ -48.997, -22.0016 ], [ -48.9983, -22.0026 ], [ -48.9992, -22.0044 ], [ -48.9995, -22.0101 ], [ -48.9994, -22.0133 ], [ -49.0022, -22.0165 ], [ -49.0032, -22.0199 ], [ -49.0039, -22.0211 ], [ -49.0091, -22.026 ], [ -49.0106, -22.0269 ], [ -49.0124, -22.0269 ], [ -49.0176, -22.0244 ], [ -49.0203, -22.0225 ], [ -49.0212, -22.0201 ], [ -49.0233, -22.0169 ], [ -49.0236, -22.0158 ], [ -49.0301, -22.0139 ], [ -49.034, -22.0131 ], [ -49.0371, -22.0129 ], [ -49.042, -22.0121 ], [ -49.0454, -22.0106 ], [ -49.0506, -22.0054 ], [ -49.0521, -22.0043 ], [ -49.0535, -22.0043 ], [ -49.056, -22.0067 ], [ -49.0595, -22.0083 ], [ -49.0619, -22.01 ], [ -49.0653, -22.0153 ], [ -49.0677, -22.0177 ], [ -49.0702, -22.0189 ], [ -49.0714, -22.0189 ], [ -49.077, -22.0166 ], [ -49.078, -22.0159 ], [ -49.082, -22.0148 ], [ -49.0839, -22.0153 ], [ -49.0864, -22.0169 ], [ -49.0903, -22.0177 ], [ -49.0934, -22.0187 ], [ -49.0944, -22.0194 ], [ -49.0969, -22.0202 ], [ -49.0981, -22.0212 ], [ -49.101, -22.0224 ], [ -49.1036, -22.0226 ], [ -49.1072, -22.0233 ], [ -49.1097, -22.0247 ], [ -49.1117, -22.0264 ], [ -49.1132, -22.0287 ], [ -49.115, -22.0298 ], [ -49.1171, -22.0322 ], [ -49.1182, -22.0354 ], [ -49.122, -22.038 ], [ -49.1241, -22.0383 ], [ -49.1256, -22.0403 ], [ -49.1272, -22.0415 ], [ -49.1306, -22.0453 ], [ -49.1337, -22.0478 ], [ -49.1344, -22.0499 ], [ -49.136, -22.0493 ], [ -49.1393, -22.0458 ], [ -49.1401, -22.0442 ], [ -49.14, -22.0429 ], [ -49.1376, -22.0414 ], [ -49.1366, -22.0391 ], [ -49.138, -22.0346 ], [ -49.1383, -22.0318 ], [ -49.1378, -22.0303 ], [ -49.1367, -22.0295 ], [ -49.1325, -22.0286 ], [ -49.1313, -22.0275 ], [ -49.1312, -22.0243 ], [ -49.1305, -22.0228 ], [ -49.1292, -22.0219 ], [ -49.1271, -22.0195 ], [ -49.125, -22.0149 ], [ -49.1248, -22.0137 ], [ -49.1264, -22.0108 ], [ -49.1258, -22.0083 ], [ -49.1235, -22.0063 ], [ -49.1183, -21.9994 ], [ -49.1177, -21.998 ], [ -49.118, -21.9953 ], [ -49.1205, -21.9935 ], [ -49.1219, -21.9932 ], [ -49.1233, -21.9911 ], [ -49.1235, -21.9897 ], [ -49.1232, -21.9857 ], [ -49.1235, -21.9842 ], [ -49.1282, -21.982 ], [ -49.1281, -21.9804 ], [ -49.1271, -21.9789 ], [ -49.1261, -21.976 ], [ -49.1271, -21.9677 ], [ -49.1279, -21.966 ], [ -49.1302, -21.9641 ], [ -49.1332, -21.9642 ], [ -49.1345, -21.9639 ], [ -49.1351, -21.9624 ], [ -49.134, -21.9563 ], [ -49.1359, -21.954 ], [ -49.139, -21.953 ], [ -49.1405, -21.952 ], [ -49.1425, -21.948 ], [ -49.1423, -21.9467 ], [ -49.1382, -21.9435 ], [ -49.1369, -21.9406 ], [ -49.1356, -21.9395 ], [ -49.1341, -21.9391 ], [ -49.1321, -21.9394 ], [ -49.1305, -21.9389 ], [ -49.1301, -21.9357 ], [ -49.1306, -21.9342 ], [ -49.1304, -21.9328 ], [ -49.1289, -21.9298 ], [ -49.1262, -21.9259 ], [ -49.1239, -21.9238 ], [ -49.1233, -21.9225 ], [ -49.1258, -21.9127 ], [ -49.1272, -21.9102 ], [ -49.1301, -21.9086 ], [ -49.1318, -21.9049 ], [ -49.134, -21.9013 ], [ -49.1363, -21.8973 ], [ -49.1386, -21.8913 ], [ -49.1389, -21.8899 ], [ -49.1388, -21.8868 ], [ -49.1407, -21.8843 ], [ -49.1415, -21.8814 ], [ -49.1437, -21.8791 ], [ -49.1468, -21.8742 ], [ -49.1477, -21.8709 ], [ -49.15, -21.867 ], [ -49.1518, -21.8615 ], [ -49.1521, -21.8597 ], [ -49.1521, -21.8552 ], [ -49.1514, -21.8539 ], [ -49.1494, -21.8519 ], [ -49.1493, -21.8503 ], [ -49.15, -21.839 ], [ -49.1505, -21.8349 ], [ -49.1513, -21.8322 ], [ -49.1511, -21.8286 ], [ -49.1498, -21.826 ], [ -49.1492, -21.8229 ], [ -49.1467, -21.8189 ], [ -49.1426, -21.8149 ], [ -49.1412, -21.8122 ], [ -49.1379, -21.8077 ], [ -49.1371, -21.8032 ], [ -49.1359, -21.8006 ], [ -49.1339, -21.7978 ], [ -49.1333, -21.7945 ], [ -49.133, -21.7895 ], [ -49.1335, -21.7868 ], [ -49.1327, -21.7837 ], [ -49.1305, -21.7822 ], [ -49.1304, -21.7807 ], [ -49.1312, -21.7794 ], [ -49.1307, -21.7779 ], [ -49.1287, -21.7755 ], [ -49.1242, -21.774 ], [ -49.1219, -21.7712 ], [ -49.1193, -21.7698 ], [ -49.1173, -21.7675 ], [ -49.113, -21.7654 ], [ -49.1095, -21.765 ], [ -49.1083, -21.7643 ], [ -49.1064, -21.7622 ], [ -49.1061, -21.7573 ], [ -49.1045, -21.751 ], [ -49.1076, -21.749 ], [ -49.1101, -21.7461 ], [ -49.1124, -21.7419 ], [ -49.1145, -21.7399 ], [ -49.1158, -21.738 ], [ -49.1168, -21.7351 ], [ -49.1188, -21.7316 ], [ -49.123, -21.7219 ], [ -49.1258, -21.7187 ], [ -49.1298, -21.7167 ], [ -49.1343, -21.7126 ], [ -49.1381, -21.7084 ], [ -49.1396, -21.7063 ], [ -49.1405, -21.7042 ], [ -49.1426, -21.6972 ], [ -49.145, -21.6919 ], [ -49.1505, -21.6846 ], [ -49.1519, -21.6806 ], [ -49.1521, -21.6772 ], [ -49.1517, -21.6755 ], [ -49.1503, -21.6732 ], [ -49.1499, -21.6646 ], [ -49.1503, -21.6616 ], [ -49.1516, -21.6584 ], [ -49.1561, -21.6535 ], [ -49.1624, -21.6484 ], [ -49.1642, -21.6474 ], [ -49.1694, -21.6461 ], [ -49.1763, -21.6454 ], [ -49.1848, -21.6466 ], [ -49.1883, -21.6473 ], [ -49.1936, -21.6495 ], [ -49.196, -21.6515 ], [ -49.1987, -21.6531 ], [ -49.201, -21.6538 ], [ -49.2063, -21.6545 ], [ -49.2087, -21.6563 ], [ -49.2101, -21.6586 ], [ -49.2107, -21.6606 ], [ -49.2099, -21.6647 ], [ -49.2101, -21.6669 ], [ -49.2121, -21.67 ], [ -49.2133, -21.6711 ], [ -49.2144, -21.6716 ], [ -49.2173, -21.6694 ], [ -49.2187, -21.6677 ], [ -49.2211, -21.6654 ], [ -49.224, -21.6633 ], [ -49.2274, -21.6595 ], [ -49.2276, -21.6581 ], [ -49.2287, -21.6559 ], [ -49.2285, -21.6548 ], [ -49.2304, -21.6515 ], [ -49.2314, -21.6488 ], [ -49.2321, -21.6442 ], [ -49.2346, -21.6389 ], [ -49.2355, -21.6347 ], [ -49.2367, -21.6329 ], [ -49.238, -21.6293 ], [ -49.2392, -21.6277 ], [ -49.2412, -21.6242 ], [ -49.2412, -21.6227 ], [ -49.2398, -21.6211 ], [ -49.2367, -21.6225 ], [ -49.2328, -21.6217 ], [ -49.231, -21.6209 ], [ -49.2288, -21.6183 ], [ -49.2253, -21.6109 ], [ -49.2231, -21.6084 ], [ -49.2211, -21.6073 ], [ -49.2196, -21.6052 ], [ -49.2172, -21.6042 ], [ -49.2151, -21.605 ], [ -49.2135, -21.605 ], [ -49.2112, -21.6044 ], [ -49.2064, -21.6022 ], [ -49.2053, -21.6011 ], [ -49.2043, -21.5991 ], [ -49.2001, -21.597 ], [ -49.1971, -21.5973 ], [ -49.1875, -21.5959 ], [ -49.1835, -21.5942 ], [ -49.1795, -21.5905 ], [ -49.1779, -21.5873 ], [ -49.1783, -21.5846 ], [ -49.1777, -21.5798 ], [ -49.1762, -21.5769 ], [ -49.1749, -21.5757 ], [ -49.171, -21.5735 ], [ -49.1669, -21.5715 ], [ -49.1648, -21.5691 ], [ -49.1647, -21.5641 ], [ -49.1637, -21.5607 ], [ -49.1593, -21.5575 ], [ -49.1579, -21.5573 ], [ -49.1559, -21.5559 ], [ -49.154, -21.5527 ], [ -49.153, -21.5487 ], [ -49.1528, -21.5466 ], [ -49.1545, -21.5412 ], [ -49.1536, -21.5386 ], [ -49.1515, -21.5359 ], [ -49.1504, -21.5328 ], [ -49.1502, -21.5302 ], [ -49.1487, -21.5286 ], [ -49.1457, -21.5283 ], [ -49.1425, -21.5267 ], [ -49.1393, -21.5257 ], [ -49.1362, -21.5221 ], [ -49.1355, -21.5208 ], [ -49.1346, -21.518 ], [ -49.1331, -21.5164 ], [ -49.1305, -21.5157 ], [ -49.1265, -21.5168 ], [ -49.1238, -21.5162 ], [ -49.1213, -21.5167 ], [ -49.1185, -21.5155 ], [ -49.1169, -21.513 ], [ -49.1165, -21.5089 ], [ -49.1152, -21.5054 ], [ -49.115, -21.5015 ], [ -49.1145, -21.4995 ], [ -49.1134, -21.4982 ], [ -49.1107, -21.4969 ], [ -49.108, -21.4926 ], [ -49.1046, -21.4891 ], [ -49.1012, -21.4869 ], [ -49.0964, -21.4832 ], [ -49.0947, -21.481 ], [ -49.0923, -21.4763 ], [ -49.0912, -21.4728 ], [ -49.0882, -21.4675 ], [ -49.0858, -21.4654 ], [ -49.0822, -21.4645 ], [ -49.081, -21.4661 ], [ -49.078, -21.4691 ], [ -49.0765, -21.4717 ], [ -49.0746, -21.4735 ], [ -49.073, -21.4763 ], [ -49.0705, -21.4782 ], [ -49.0653, -21.4812 ], [ -49.0602, -21.4846 ], [ -49.0574, -21.4869 ], [ -49.0548, -21.4885 ], [ -49.0508, -21.4895 ], [ -49.0473, -21.4901 ], [ -49.0427, -21.4906 ], [ -49.041, -21.4916 ], [ -49.0404, -21.4882 ], [ -49.0407, -21.4862 ], [ -49.0385, -21.4848 ], [ -49.0346, -21.4836 ], [ -49.0308, -21.4828 ], [ -49.0254, -21.4827 ], [ -49.0234, -21.4829 ], [ -49.0194, -21.4823 ], [ -49.0182, -21.4812 ], [ -49.0163, -21.4784 ], [ -49.0123, -21.4755 ], [ -49.0087, -21.4732 ], [ -49.0075, -21.4719 ], [ -49.0045, -21.4669 ], [ -49.0029, -21.4651 ], [ -49.0008, -21.464 ], [ -48.9993, -21.4625 ], [ -48.9979, -21.4605 ], [ -48.9933, -21.4563 ], [ -48.9914, -21.4562 ], [ -48.9893, -21.4557 ], [ -48.987, -21.4564 ], [ -48.9837, -21.4561 ], [ -48.983, -21.4554 ], [ -48.9825, -21.4535 ], [ -48.9828, -21.4498 ], [ -48.9859, -21.4425 ], [ -48.9865, -21.4383 ], [ -48.9856, -21.4296 ], [ -48.9849, -21.4256 ], [ -48.9833, -21.4206 ], [ -48.9815, -21.4165 ], [ -48.9803, -21.4158 ], [ -48.9792, -21.4161 ], [ -48.9775, -21.4184 ], [ -48.9751, -21.4203 ], [ -48.9729, -21.4231 ], [ -48.9705, -21.425 ], [ -48.9696, -21.4252 ], [ -48.9662, -21.4248 ], [ -48.9644, -21.4255 ], [ -48.9615, -21.4247 ], [ -48.9584, -21.4247 ], [ -48.9563, -21.4238 ], [ -48.9536, -21.4243 ], [ -48.9498, -21.4255 ], [ -48.9489, -21.4239 ], [ -48.9483, -21.4208 ], [ -48.9476, -21.4198 ], [ -48.9457, -21.4126 ], [ -48.9457, -21.4098 ], [ -48.946, -21.4067 ], [ -48.9483, -21.3992 ], [ -48.9318, -21.3886 ], [ -48.9281, -21.3875 ], [ -48.9269, -21.3858 ], [ -48.9254, -21.3844 ], [ -48.9239, -21.3836 ], [ -48.9225, -21.3823 ], [ -48.9182, -21.3805 ], [ -48.9171, -21.3794 ], [ -48.9153, -21.3792 ], [ -48.9132, -21.3785 ], [ -48.9103, -21.3769 ], [ -48.9078, -21.3751 ], [ -48.9061, -21.3732 ], [ -48.9022, -21.3709 ], [ -48.9002, -21.3706 ], [ -48.8988, -21.3712 ], [ -48.8971, -21.3735 ], [ -48.8963, -21.377 ], [ -48.8938, -21.3789 ], [ -48.8927, -21.3827 ], [ -48.8919, -21.3841 ], [ -48.8899, -21.386 ], [ -48.8886, -21.3863 ], [ -48.8875, -21.3875 ], [ -48.8825, -21.388 ], [ -48.8812, -21.3894 ], [ -48.8798, -21.3895 ], [ -48.878, -21.3911 ], [ -48.8768, -21.3933 ], [ -48.875, -21.3933 ], [ -48.873, -21.3943 ], [ -48.8704, -21.3936 ], [ -48.8695, -21.3927 ], [ -48.8668, -21.3918 ], [ -48.8664, -21.3923 ], [ -48.8639, -21.3918 ], [ -48.8624, -21.3931 ], [ -48.861, -21.3931 ], [ -48.8592, -21.3921 ], [ -48.8569, -21.3923 ], [ -48.8538, -21.3917 ], [ -48.8531, -21.3927 ], [ -48.8507, -21.3916 ], [ -48.8505, -21.3905 ], [ -48.8484, -21.3913 ], [ -48.8479, -21.3924 ], [ -48.8466, -21.393 ], [ -48.844, -21.3931 ], [ -48.842, -21.3927 ], [ -48.8414, -21.3943 ], [ -48.84, -21.3952 ], [ -48.8384, -21.3955 ], [ -48.8376, -21.3949 ], [ -48.8374, -21.3928 ], [ -48.8345, -21.3934 ], [ -48.8338, -21.3944 ], [ -48.8317, -21.3956 ], [ -48.8321, -21.3966 ], [ -48.8311, -21.3979 ], [ -48.8293, -21.399 ], [ -48.8286, -21.4011 ], [ -48.8274, -21.4023 ], [ -48.8273, -21.4032 ], [ -48.8253, -21.4045 ], [ -48.8247, -21.4073 ], [ -48.8233, -21.4081 ], [ -48.821, -21.4073 ], [ -48.8185, -21.4078 ], [ -48.817, -21.4093 ], [ -48.8143, -21.4109 ], [ -48.814, -21.4117 ], [ -48.8122, -21.4112 ], [ -48.8069, -21.412 ], [ -48.8046, -21.4131 ], [ -48.8019, -21.4121 ], [ -48.8011, -21.4102 ], [ -48.7958, -21.4096 ], [ -48.7942, -21.4088 ], [ -48.7926, -21.4112 ], [ -48.7935, -21.4131 ], [ -48.7921, -21.414 ], [ -48.7921, -21.4151 ], [ -48.7906, -21.4164 ], [ -48.7909, -21.418 ], [ -48.7891, -21.4184 ], [ -48.7881, -21.4178 ], [ -48.7861, -21.4196 ], [ -48.7836, -21.4201 ], [ -48.7821, -21.4209 ], [ -48.7808, -21.423 ], [ -48.7766, -21.4257 ], [ -48.7763, -21.4266 ], [ -48.7735, -21.4276 ], [ -48.7719, -21.427 ], [ -48.7709, -21.4258 ], [ -48.7695, -21.4259 ], [ -48.7651, -21.4255 ], [ -48.7643, -21.4243 ], [ -48.7629, -21.4244 ], [ -48.7623, -21.4235 ], [ -48.761, -21.4243 ], [ -48.7596, -21.4233 ], [ -48.7574, -21.4235 ], [ -48.7559, -21.4227 ], [ -48.7558, -21.4214 ], [ -48.7543, -21.4207 ], [ -48.7543, -21.4155 ], [ -48.7528, -21.4095 ], [ -48.7524, -21.4063 ], [ -48.7514, -21.405 ], [ -48.7504, -21.4024 ], [ -48.7486, -21.3992 ], [ -48.747, -21.3975 ], [ -48.7466, -21.3958 ], [ -48.7451, -21.3924 ], [ -48.7454, -21.389 ], [ -48.7465, -21.3866 ], [ -48.7471, -21.3842 ], [ -48.7472, -21.3818 ], [ -48.7482, -21.3767 ], [ -48.749, -21.3752 ], [ -48.7477, -21.3719 ], [ -48.7484, -21.368 ], [ -48.7479, -21.3659 ], [ -48.7478, -21.3623 ], [ -48.7463, -21.3558 ], [ -48.7447, -21.354 ], [ -48.7412, -21.3492 ], [ -48.74, -21.3466 ], [ -48.7391, -21.3458 ], [ -48.7375, -21.3423 ], [ -48.7378, -21.3393 ], [ -48.7351, -21.3352 ], [ -48.7344, -21.3335 ], [ -48.7343, -21.3291 ], [ -48.7351, -21.3282 ], [ -48.7348, -21.3271 ], [ -48.7355, -21.3236 ], [ -48.735, -21.3217 ], [ -48.732, -21.3189 ], [ -48.7309, -21.316 ], [ -48.732, -21.3133 ], [ -48.7322, -21.3112 ], [ -48.7338, -21.3093 ], [ -48.7334, -21.3063 ], [ -48.7322, -21.3015 ], [ -48.7325, -21.2947 ], [ -48.7331, -21.294 ], [ -48.734, -21.2914 ], [ -48.7342, -21.2898 ], [ -48.7353, -21.288 ], [ -48.7359, -21.2844 ], [ -48.7355, -21.2823 ], [ -48.7336, -21.279 ], [ -48.7334, -21.2762 ], [ -48.7348, -21.2745 ], [ -48.7351, -21.2726 ], [ -48.734, -21.2714 ], [ -48.7348, -21.2689 ], [ -48.7363, -21.2661 ], [ -48.7342, -21.261 ], [ -48.7389, -21.2584 ], [ -48.743, -21.254 ], [ -48.7438, -21.252 ], [ -48.7435, -21.2498 ], [ -48.7414, -21.2456 ], [ -48.7397, -21.2456 ], [ -48.7363, -21.2471 ], [ -48.7354, -21.2468 ], [ -48.7342, -21.244 ], [ -48.7328, -21.2425 ], [ -48.7299, -21.2415 ], [ -48.7267, -21.2425 ], [ -48.7233, -21.2418 ], [ -48.7192, -21.239 ], [ -48.7176, -21.2374 ], [ -48.7153, -21.2344 ], [ -48.7128, -21.2321 ], [ -48.709, -21.2305 ], [ -48.7058, -21.2301 ], [ -48.7023, -21.2288 ], [ -48.6988, -21.2281 ], [ -48.698, -21.2253 ], [ -48.6952, -21.2228 ], [ -48.6955, -21.2209 ], [ -48.6978, -21.2188 ], [ -48.698, -21.2179 ], [ -48.6996, -21.2165 ], [ -48.6995, -21.2153 ], [ -48.7006, -21.2132 ], [ -48.7019, -21.2136 ], [ -48.7042, -21.2129 ], [ -48.7055, -21.2108 ], [ -48.7059, -21.2082 ], [ -48.707, -21.2068 ], [ -48.707, -21.2046 ], [ -48.7087, -21.2024 ], [ -48.7109, -21.2009 ], [ -48.7121, -21.2016 ], [ -48.713, -21.1989 ], [ -48.7148, -21.1977 ], [ -48.7146, -21.1968 ], [ -48.7167, -21.1946 ], [ -48.7192, -21.1936 ], [ -48.7198, -21.1941 ], [ -48.7222, -21.1907 ], [ -48.7244, -21.1898 ], [ -48.7242, -21.1887 ], [ -48.7256, -21.1867 ], [ -48.7264, -21.1829 ], [ -48.7254, -21.1815 ], [ -48.7256, -21.1799 ], [ -48.7268, -21.1799 ], [ -48.7286, -21.1787 ], [ -48.7285, -21.1763 ], [ -48.7269, -21.1726 ], [ -48.728, -21.1711 ], [ -48.7288, -21.169 ], [ -48.7281, -21.1668 ], [ -48.7287, -21.1649 ], [ -48.7305, -21.1645 ], [ -48.7306, -21.162 ], [ -48.7317, -21.16 ], [ -48.7329, -21.1589 ], [ -48.7333, -21.1563 ], [ -48.7351, -21.1536 ], [ -48.7354, -21.1514 ], [ -48.7364, -21.1487 ], [ -48.7398, -21.1473 ], [ -48.7412, -21.1484 ], [ -48.7431, -21.1485 ], [ -48.7467, -21.1472 ], [ -48.7487, -21.1447 ], [ -48.7489, -21.1434 ], [ -48.748, -21.1421 ], [ -48.7505, -21.14 ], [ -48.7541, -21.1363 ], [ -48.7563, -21.1363 ], [ -48.7567, -21.135 ], [ -48.7598, -21.1344 ], [ -48.7596, -21.1323 ], [ -48.7583, -21.1313 ], [ -48.7581, -21.1283 ], [ -48.7588, -21.1271 ], [ -48.7582, -21.1257 ], [ -48.7589, -21.1244 ], [ -48.7577, -21.1224 ], [ -48.7581, -21.1204 ], [ -48.7608, -21.1193 ], [ -48.7628, -21.1201 ], [ -48.7646, -21.1196 ], [ -48.765, -21.1183 ], [ -48.7677, -21.1146 ], [ -48.7674, -21.1135 ], [ -48.7691, -21.1118 ], [ -48.769, -21.1104 ], [ -48.7703, -21.1086 ], [ -48.7717, -21.1081 ], [ -48.7744, -21.1092 ], [ -48.7761, -21.109 ], [ -48.7775, -21.108 ], [ -48.7779, -21.1064 ], [ -48.7748, -21.1045 ], [ -48.7756, -21.1034 ], [ -48.7756, -21.1017 ], [ -48.7769, -21.0992 ], [ -48.7754, -21.097 ], [ -48.7748, -21.0954 ], [ -48.7705, -21.091 ], [ -48.7662, -21.0896 ], [ -48.7646, -21.0896 ], [ -48.7618, -21.0884 ], [ -48.7602, -21.088 ], [ -48.7577, -21.0882 ], [ -48.7498, -21.0844 ], [ -48.7483, -21.0847 ], [ -48.7463, -21.0842 ], [ -48.7455, -21.0832 ], [ -48.7433, -21.082 ], [ -48.7401, -21.0783 ], [ -48.7396, -21.0787 ], [ -48.7363, -21.0775 ], [ -48.7351, -21.0756 ], [ -48.7316, -21.0743 ], [ -48.7286, -21.0738 ], [ -48.7266, -21.0741 ], [ -48.7251, -21.0734 ], [ -48.7252, -21.0715 ], [ -48.7241, -21.0688 ], [ -48.7203, -21.0653 ], [ -48.7175, -21.0619 ], [ -48.7166, -21.0604 ], [ -48.7157, -21.0561 ], [ -48.7155, -21.054 ], [ -48.7162, -21.0504 ], [ -48.7158, -21.0474 ], [ -48.7139, -21.0451 ], [ -48.7105, -21.0428 ], [ -48.7072, -21.0395 ], [ -48.7063, -21.0382 ], [ -48.702, -21.0338 ], [ -48.7018, -21.0324 ], [ -48.6997, -21.0293 ], [ -48.6992, -21.0259 ], [ -48.6964, -21.0199 ], [ -48.6936, -21.0155 ], [ -48.692, -21.0122 ], [ -48.6919, -21.0094 ], [ -48.6938, -21.0069 ], [ -48.6913, -21.0053 ], [ -48.6915, -21.0047 ], [ -48.6895, -21.0035 ], [ -48.6881, -21.0033 ], [ -48.6876, -21.0053 ], [ -48.6887, -21.0063 ], [ -48.6868, -21.0105 ], [ -48.686, -21.0102 ], [ -48.6831, -21.0109 ], [ -48.6818, -21.012 ], [ -48.6807, -21.0119 ], [ -48.6786, -21.0126 ], [ -48.6774, -21.0119 ], [ -48.6761, -21.0126 ], [ -48.6739, -21.0147 ], [ -48.6742, -21.0166 ], [ -48.6716, -21.0179 ], [ -48.6695, -21.02 ], [ -48.6654, -21.0185 ], [ -48.6642, -21.0192 ], [ -48.6636, -21.0224 ], [ -48.662, -21.0266 ], [ -48.6608, -21.0275 ], [ -48.6606, -21.0287 ], [ -48.6578, -21.0309 ], [ -48.6555, -21.0308 ], [ -48.6536, -21.0317 ], [ -48.6525, -21.0317 ], [ -48.6494, -21.0326 ], [ -48.6478, -21.0337 ], [ -48.6435, -21.0346 ], [ -48.6417, -21.0348 ], [ -48.6401, -21.0367 ], [ -48.6398, -21.0384 ], [ -48.6371, -21.0396 ], [ -48.637, -21.0378 ], [ -48.6338, -21.0346 ], [ -48.6323, -21.0346 ], [ -48.6319, -21.0371 ], [ -48.6299, -21.0375 ], [ -48.6298, -21.0386 ], [ -48.6316, -21.0411 ], [ -48.6268, -21.0427 ], [ -48.6227, -21.0411 ], [ -48.6212, -21.0398 ], [ -48.6189, -21.04 ], [ -48.6173, -21.0409 ], [ -48.6155, -21.0408 ], [ -48.613, -21.0425 ], [ -48.6123, -21.0436 ], [ -48.6131, -21.0463 ], [ -48.6117, -21.0477 ], [ -48.611, -21.051 ], [ -48.6096, -21.051 ], [ -48.6074, -21.0501 ], [ -48.6057, -21.0507 ], [ -48.6043, -21.05 ], [ -48.6015, -21.0505 ], [ -48.6003, -21.0502 ], [ -48.5985, -21.0525 ], [ -48.6001, -21.0548 ], [ -48.5987, -21.057 ], [ -48.5973, -21.0573 ], [ -48.5953, -21.0569 ], [ -48.5945, -21.0578 ], [ -48.5924, -21.0587 ], [ -48.5897, -21.059 ], [ -48.5882, -21.0612 ], [ -48.5849, -21.0627 ], [ -48.5829, -21.0646 ], [ -48.5805, -21.0662 ], [ -48.5793, -21.0676 ], [ -48.5781, -21.068 ], [ -48.5772, -21.0699 ], [ -48.5756, -21.0709 ], [ -48.5739, -21.0707 ], [ -48.5732, -21.0722 ], [ -48.5735, -21.0733 ], [ -48.5716, -21.0755 ], [ -48.5683, -21.0751 ], [ -48.5677, -21.0755 ], [ -48.5671, -21.0753 ], [ -48.5644, -21.0759 ], [ -48.5627, -21.0757 ], [ -48.5613, -21.0773 ], [ -48.5592, -21.0784 ], [ -48.5595, -21.0801 ], [ -48.5589, -21.0811 ], [ -48.5572, -21.0815 ], [ -48.5551, -21.0853 ], [ -48.5543, -21.0862 ], [ -48.55, -21.0853 ], [ -48.5484, -21.0835 ], [ -48.5465, -21.0844 ], [ -48.5455, -21.0855 ], [ -48.5451, -21.0873 ], [ -48.5435, -21.0889 ], [ -48.5411, -21.0884 ], [ -48.5393, -21.0894 ], [ -48.5388, -21.0908 ], [ -48.5369, -21.0906 ], [ -48.5348, -21.0913 ], [ -48.5325, -21.0905 ], [ -48.5305, -21.0883 ], [ -48.5289, -21.0874 ], [ -48.5265, -21.0834 ], [ -48.5253, -21.0822 ], [ -48.522, -21.0799 ], [ -48.5204, -21.0778 ], [ -48.5199, -21.0757 ], [ -48.5183, -21.0748 ], [ -48.5148, -21.0751 ], [ -48.5118, -21.0759 ], [ -48.5112, -21.0755 ], [ -48.5074, -21.0767 ], [ -48.5045, -21.078 ], [ -48.4984, -21.0781 ], [ -48.4968, -21.0776 ], [ -48.4939, -21.0795 ], [ -48.4925, -21.0809 ], [ -48.4897, -21.0804 ], [ -48.4879, -21.0808 ], [ -48.4861, -21.0784 ], [ -48.485, -21.078 ], [ -48.4834, -21.0759 ], [ -48.4806, -21.0753 ], [ -48.479, -21.0758 ], [ -48.4772, -21.0769 ], [ -48.4721, -21.0755 ], [ -48.4699, -21.0763 ], [ -48.4682, -21.0775 ], [ -48.4664, -21.0778 ], [ -48.4621, -21.0797 ], [ -48.4597, -21.0785 ], [ -48.4581, -21.0783 ], [ -48.4598, -21.0752 ], [ -48.4607, -21.0703 ], [ -48.4601, -21.0673 ], [ -48.46, -21.0637 ], [ -48.4592, -21.0608 ], [ -48.4569, -21.0561 ], [ -48.4561, -21.0528 ], [ -48.4522, -21.0516 ], [ -48.4506, -21.0496 ], [ -48.4471, -21.0469 ], [ -48.4441, -21.046 ], [ -48.4411, -21.0443 ], [ -48.4384, -21.0412 ], [ -48.4331, -21.0374 ], [ -48.4301, -21.0348 ], [ -48.4283, -21.0339 ], [ -48.4273, -21.0321 ], [ -48.4257, -21.0304 ], [ -48.4225, -21.0287 ], [ -48.4163, -21.0259 ], [ -48.4138, -21.0223 ], [ -48.4109, -21.0198 ], [ -48.4086, -21.0181 ], [ -48.406, -21.0172 ], [ -48.4048, -21.0158 ], [ -48.4034, -21.0123 ], [ -48.4021, -21.0105 ], [ -48.4011, -21.0064 ], [ -48.3992, -21.006 ], [ -48.3971, -21.0064 ], [ -48.3924, -21.0079 ], [ -48.389, -21.0078 ], [ -48.3848, -21.0085 ], [ -48.3828, -21.008 ], [ -48.381, -21.0085 ], [ -48.378, -21.0086 ], [ -48.377, -21.008 ], [ -48.3774, -21.0064 ], [ -48.3804, -21.0041 ], [ -48.3809, -21.0031 ], [ -48.3814, -20.9994 ], [ -48.3811, -20.9944 ], [ -48.3819, -20.9866 ], [ -48.3826, -20.9833 ], [ -48.3821, -20.9819 ], [ -48.379, -20.9765 ], [ -48.3787, -20.9748 ], [ -48.3788, -20.9707 ], [ -48.3785, -20.9688 ], [ -48.3733, -20.9635 ], [ -48.3736, -20.9598 ], [ -48.3716, -20.9581 ], [ -48.3707, -20.9558 ], [ -48.3697, -20.9517 ], [ -48.3672, -20.9491 ], [ -48.3397, -20.955 ], [ -48.3388, -20.955 ], [ -48.3305, -20.954 ], [ -48.3254, -20.9547 ], [ -48.3228, -20.9544 ], [ -48.3172, -20.9523 ], [ -48.3151, -20.9519 ], [ -48.3021, -20.9531 ], [ -48.2919, -20.9528 ], [ -48.2878, -20.9534 ], [ -48.286, -20.9533 ], [ -48.2825, -20.9515 ], [ -48.2809, -20.9496 ], [ -48.2798, -20.9473 ], [ -48.2755, -20.9444 ], [ -48.274, -20.942 ], [ -48.2735, -20.9396 ], [ -48.268, -20.9383 ], [ -48.2656, -20.9362 ], [ -48.2611, -20.9316 ], [ -48.2579, -20.931 ], [ -48.2295, -20.9003 ], [ -48.2274, -20.8987 ], [ -48.2249, -20.8978 ], [ -48.2234, -20.8967 ], [ -48.22, -20.8931 ], [ -48.2185, -20.8921 ], [ -48.2167, -20.8899 ], [ -48.2149, -20.8871 ], [ -48.2118, -20.8818 ], [ -48.2093, -20.8792 ], [ -48.2088, -20.8769 ], [ -48.2077, -20.8754 ], [ -48.2094, -20.8737 ], [ -48.2157, -20.8688 ], [ -48.2213, -20.8633 ], [ -48.2281, -20.8575 ], [ -48.2295, -20.8568 ], [ -48.2321, -20.8565 ], [ -48.2337, -20.8558 ], [ -48.2361, -20.8539 ], [ -48.2404, -20.8514 ], [ -48.2416, -20.8504 ], [ -48.2432, -20.8481 ], [ -48.244, -20.8436 ], [ -48.2428, -20.8405 ], [ -48.2396, -20.8362 ], [ -48.236, -20.8327 ], [ -48.2337, -20.8292 ], [ -48.2331, -20.8266 ], [ -48.2326, -20.8225 ], [ -48.2325, -20.82 ], [ -48.2331, -20.8174 ], [ -48.2338, -20.8161 ], [ -48.2358, -20.8144 ], [ -48.2396, -20.8128 ], [ -48.2433, -20.8122 ], [ -48.249, -20.8105 ], [ -48.2524, -20.8091 ], [ -48.2552, -20.8063 ], [ -48.2562, -20.8046 ], [ -48.2568, -20.8024 ], [ -48.2573, -20.7962 ], [ -48.2563, -20.7947 ], [ -48.2542, -20.7933 ], [ -48.2512, -20.7907 ], [ -48.2496, -20.7876 ], [ -48.247, -20.7845 ], [ -48.2447, -20.7806 ], [ -48.2435, -20.7766 ], [ -48.2438, -20.7749 ], [ -48.2451, -20.7724 ], [ -48.2468, -20.7682 ], [ -48.2488, -20.7581 ], [ -48.2499, -20.756 ], [ -48.2536, -20.7507 ], [ -48.2559, -20.7429 ], [ -48.2573, -20.7405 ], [ -48.2606, -20.7383 ], [ -48.2624, -20.7379 ], [ -48.2641, -20.7383 ], [ -48.2695, -20.7428 ], [ -48.2724, -20.7437 ], [ -48.2743, -20.7434 ], [ -48.2795, -20.7411 ], [ -48.2813, -20.7398 ], [ -48.2829, -20.738 ], [ -48.2855, -20.7314 ], [ -48.2881, -20.7272 ], [ -48.2896, -20.7242 ], [ -48.2907, -20.7226 ], [ -48.2927, -20.7213 ], [ -48.2967, -20.7202 ], [ -48.2998, -20.7204 ], [ -48.3018, -20.721 ], [ -48.3057, -20.7229 ], [ -48.3081, -20.7233 ], [ -48.3124, -20.7236 ], [ -48.3142, -20.7241 ], [ -48.3154, -20.7254 ], [ -48.3183, -20.7257 ], [ -48.32, -20.7255 ], [ -48.3217, -20.7242 ], [ -48.324, -20.7217 ], [ -48.3258, -20.7192 ], [ -48.3275, -20.7159 ], [ -48.3287, -20.7126 ], [ -48.3296, -20.7094 ], [ -48.3322, -20.7038 ], [ -48.3365, -20.6983 ], [ -48.3383, -20.6955 ], [ -48.3393, -20.694 ], [ -48.3403, -20.6912 ], [ -48.3408, -20.6861 ], [ -48.3406, -20.684 ], [ -48.3374, -20.6793 ], [ -48.3361, -20.677 ], [ -48.3339, -20.6694 ], [ -48.3336, -20.6654 ], [ -48.3346, -20.6631 ], [ -48.3363, -20.6607 ], [ -48.3384, -20.6589 ], [ -48.3415, -20.6554 ], [ -48.3441, -20.6538 ], [ -48.3456, -20.6523 ], [ -48.3469, -20.6503 ], [ -48.3504, -20.6463 ], [ -48.3508, -20.6447 ], [ -48.3488, -20.6373 ], [ -48.3484, -20.6336 ], [ -48.3485, -20.6301 ], [ -48.348, -20.6279 ], [ -48.3471, -20.6261 ], [ -48.3435, -20.622 ], [ -48.3404, -20.6197 ], [ -48.3368, -20.6186 ], [ -48.3345, -20.6165 ], [ -48.3317, -20.6146 ], [ -48.3274, -20.6133 ], [ -48.3255, -20.6122 ], [ -48.3224, -20.6092 ], [ -48.3213, -20.6069 ], [ -48.321, -20.6046 ], [ -48.3211, -20.6002 ], [ -48.3201, -20.5933 ], [ -48.3203, -20.589 ], [ -48.3221, -20.5861 ], [ -48.3242, -20.5839 ], [ -48.3263, -20.5825 ], [ -48.328, -20.582 ], [ -48.3299, -20.5821 ], [ -48.3357, -20.5833 ], [ -48.3387, -20.5829 ], [ -48.3409, -20.5812 ], [ -48.3428, -20.5789 ], [ -48.3446, -20.5753 ], [ -48.3473, -20.5688 ], [ -48.3481, -20.5663 ], [ -48.3492, -20.5636 ], [ -48.3515, -20.561 ], [ -48.3536, -20.5602 ], [ -48.3559, -20.5605 ], [ -48.3595, -20.5596 ], [ -48.3624, -20.5574 ], [ -48.3671, -20.5551 ], [ -48.3703, -20.5511 ], [ -48.374, -20.5508 ], [ -48.3781, -20.5493 ], [ -48.3826, -20.5449 ], [ -48.3831, -20.5435 ], [ -48.3837, -20.5372 ], [ -48.3806, -20.5383 ], [ -48.3793, -20.5397 ], [ -48.3787, -20.5417 ], [ -48.3764, -20.542 ], [ -48.375, -20.5443 ], [ -48.3729, -20.5445 ], [ -48.3715, -20.5462 ], [ -48.3701, -20.5452 ], [ -48.3702, -20.5436 ], [ -48.3716, -20.5422 ], [ -48.3713, -20.5379 ], [ -48.3688, -20.5365 ], [ -48.3685, -20.5355 ], [ -48.3699, -20.5317 ], [ -48.3721, -20.5305 ], [ -48.3702, -20.5294 ], [ -48.3693, -20.5278 ], [ -48.3666, -20.5269 ], [ -48.3638, -20.527 ], [ -48.3632, -20.528 ], [ -48.3589, -20.5281 ], [ -48.3558, -20.5278 ], [ -48.3539, -20.5264 ], [ -48.3531, -20.5245 ], [ -48.3522, -20.5238 ], [ -48.3499, -20.5241 ], [ -48.3469, -20.5257 ], [ -48.3461, -20.5238 ], [ -48.346, -20.5225 ], [ -48.3442, -20.5219 ], [ -48.3422, -20.5222 ], [ -48.3413, -20.5243 ], [ -48.342, -20.5252 ], [ -48.3419, -20.5279 ], [ -48.3392, -20.5279 ], [ -48.3383, -20.5273 ], [ -48.3357, -20.5296 ], [ -48.3337, -20.5294 ], [ -48.3337, -20.531 ], [ -48.3326, -20.5325 ], [ -48.3314, -20.5308 ], [ -48.3293, -20.5308 ], [ -48.326, -20.5322 ], [ -48.3242, -20.528 ], [ -48.3217, -20.5253 ], [ -48.3197, -20.5251 ], [ -48.3188, -20.5243 ], [ -48.3172, -20.5241 ], [ -48.3177, -20.5221 ], [ -48.3168, -20.5212 ], [ -48.3195, -20.5204 ], [ -48.3186, -20.5186 ], [ -48.3169, -20.5192 ], [ -48.3139, -20.5185 ], [ -48.3121, -20.5175 ], [ -48.3105, -20.5178 ], [ -48.3078, -20.5172 ], [ -48.3065, -20.5156 ], [ -48.304, -20.5156 ], [ -48.3014, -20.5134 ], [ -48.3, -20.5133 ], [ -48.2997, -20.5143 ], [ -48.2982, -20.515 ], [ -48.2957, -20.5149 ], [ -48.2932, -20.5143 ], [ -48.2945, -20.5131 ], [ -48.2948, -20.5114 ], [ -48.2934, -20.5093 ], [ -48.2914, -20.5074 ], [ -48.2899, -20.5065 ], [ -48.2892, -20.5046 ], [ -48.2885, -20.5041 ], [ -48.2874, -20.5011 ], [ -48.2862, -20.5011 ], [ -48.2843, -20.4994 ], [ -48.2836, -20.4979 ], [ -48.2842, -20.4973 ], [ -48.2836, -20.4953 ], [ -48.2842, -20.494 ], [ -48.2839, -20.4926 ], [ -48.2819, -20.4925 ], [ -48.2818, -20.4907 ], [ -48.2849, -20.4856 ], [ -48.2861, -20.4845 ], [ -48.2884, -20.4835 ], [ -48.2866, -20.4827 ], [ -48.2853, -20.4831 ], [ -48.2841, -20.481 ], [ -48.2817, -20.4812 ], [ -48.2822, -20.4783 ], [ -48.2828, -20.4768 ], [ -48.2832, -20.4743 ], [ -48.2799, -20.4754 ], [ -48.2788, -20.4745 ], [ -48.2792, -20.473 ], [ -48.2807, -20.4707 ], [ -48.2779, -20.4686 ], [ -48.2767, -20.4692 ], [ -48.2723, -20.4683 ], [ -48.2705, -20.4687 ], [ -48.2677, -20.468 ], [ -48.2671, -20.4671 ], [ -48.2638, -20.4676 ], [ -48.2602, -20.4652 ], [ -48.2554, -20.4627 ], [ -48.2543, -20.4635 ], [ -48.253, -20.4633 ], [ -48.2523, -20.4621 ], [ -48.249, -20.4617 ], [ -48.2472, -20.4607 ], [ -48.2449, -20.4607 ], [ -48.244, -20.4612 ], [ -48.2418, -20.4604 ], [ -48.2399, -20.4613 ], [ -48.2376, -20.4595 ], [ -48.2362, -20.4568 ], [ -48.2334, -20.4565 ], [ -48.231, -20.4572 ], [ -48.2297, -20.4563 ], [ -48.2288, -20.4543 ], [ -48.2275, -20.4536 ], [ -48.2275, -20.4519 ], [ -48.2289, -20.4513 ], [ -48.2281, -20.4499 ], [ -48.2263, -20.4503 ], [ -48.2247, -20.4496 ], [ -48.2215, -20.4506 ], [ -48.2221, -20.4515 ], [ -48.2215, -20.4533 ], [ -48.2192, -20.4539 ], [ -48.2192, -20.4549 ], [ -48.2169, -20.4557 ], [ -48.2157, -20.4552 ], [ -48.2144, -20.4559 ], [ -48.2132, -20.4575 ], [ -48.2119, -20.4573 ], [ -48.2114, -20.455 ], [ -48.2105, -20.4538 ], [ -48.2095, -20.4512 ], [ -48.2081, -20.4504 ], [ -48.2053, -20.448 ], [ -48.2035, -20.4459 ], [ -48.2018, -20.4427 ], [ -48.2009, -20.438 ], [ -48.1996, -20.4362 ], [ -48.1788, -20.39 ], [ -48.1791, -20.3877 ], [ -48.1855, -20.3557 ], [ -48.1855, -20.3537 ], [ -48.1865, -20.349 ], [ -48.1874, -20.3465 ], [ -48.1894, -20.3437 ], [ -48.1899, -20.3419 ], [ -48.189, -20.3403 ], [ -48.1856, -20.3378 ], [ -48.1851, -20.3365 ], [ -48.1828, -20.3343 ], [ -48.1819, -20.333 ], [ -48.1796, -20.3315 ], [ -48.1794, -20.3297 ], [ -48.1786, -20.3281 ], [ -48.178, -20.3252 ], [ -48.1764, -20.3218 ], [ -48.1749, -20.3204 ], [ -48.1743, -20.3191 ], [ -48.1708, -20.3153 ], [ -48.1675, -20.3127 ], [ -48.1668, -20.3107 ], [ -48.1645, -20.3092 ], [ -48.164, -20.3079 ], [ -48.1638, -20.304 ], [ -48.1631, -20.3027 ], [ -48.1606, -20.2996 ], [ -48.1605, -20.2977 ], [ -48.1597, -20.2966 ], [ -48.1521, -20.2909 ], [ -48.1497, -20.2914 ], [ -48.1498, -20.2896 ], [ -48.1515, -20.2874 ], [ -48.1514, -20.285 ], [ -48.1491, -20.2825 ], [ -48.1495, -20.2795 ], [ -48.1522, -20.2758 ], [ -48.1535, -20.2751 ], [ -48.1574, -20.2741 ], [ -48.1584, -20.2725 ], [ -48.1575, -20.2713 ], [ -48.1547, -20.2693 ], [ -48.1522, -20.269 ], [ -48.1508, -20.2683 ], [ -48.1486, -20.2662 ], [ -48.1479, -20.2646 ], [ -48.146, -20.2618 ], [ -48.1494, -20.2582 ], [ -48.1532, -20.2567 ], [ -48.154, -20.2554 ], [ -48.1555, -20.2542 ], [ -48.1572, -20.2517 ], [ -48.1582, -20.2492 ], [ -48.1583, -20.2473 ], [ -48.1561, -20.2429 ], [ -48.1556, -20.2413 ], [ -48.1555, -20.2371 ], [ -48.1559, -20.2357 ], [ -48.1571, -20.2347 ], [ -48.1598, -20.2332 ], [ -48.1615, -20.2304 ], [ -48.1628, -20.2299 ], [ -48.1657, -20.2301 ], [ -48.1675, -20.2296 ], [ -48.1707, -20.2277 ], [ -48.1743, -20.2271 ], [ -48.176, -20.2243 ], [ -48.1772, -20.2231 ], [ -48.1795, -20.2228 ], [ -48.181, -20.2243 ], [ -48.1823, -20.2244 ], [ -48.185, -20.2228 ], [ -48.188, -20.2221 ], [ -48.1909, -20.2225 ], [ -48.1933, -20.2222 ], [ -48.1954, -20.2214 ], [ -48.1982, -20.2226 ], [ -48.1997, -20.2229 ], [ -48.2025, -20.2221 ], [ -48.2034, -20.221 ], [ -48.2041, -20.2182 ], [ -48.2054, -20.2179 ], [ -48.2076, -20.2183 ], [ -48.2109, -20.2177 ], [ -48.2134, -20.2181 ], [ -48.2172, -20.2201 ], [ -48.2187, -20.2226 ], [ -48.2216, -20.2234 ], [ -48.2229, -20.2244 ], [ -48.2243, -20.2267 ], [ -48.2263, -20.2281 ], [ -48.2294, -20.2277 ], [ -48.2332, -20.2289 ], [ -48.2366, -20.2285 ], [ -48.2415, -20.229 ], [ -48.2441, -20.2274 ], [ -48.2443, -20.2263 ], [ -48.2433, -20.2241 ], [ -48.2398, -20.2203 ], [ -48.2352, -20.218 ], [ -48.2313, -20.2167 ], [ -48.2287, -20.2153 ], [ -48.2278, -20.2135 ], [ -48.228, -20.2116 ], [ -48.2287, -20.2094 ], [ -48.2287, -20.2065 ], [ -48.2279, -20.2014 ], [ -48.2279, -20.2 ], [ -48.2294, -20.1985 ], [ -48.2304, -20.1989 ], [ -48.2328, -20.2005 ], [ -48.235, -20.2006 ], [ -48.2369, -20.2002 ], [ -48.2404, -20.1989 ], [ -48.2426, -20.1968 ], [ -48.244, -20.1971 ], [ -48.246, -20.1984 ], [ -48.2481, -20.1979 ], [ -48.2496, -20.1959 ], [ -48.2525, -20.1958 ], [ -48.2563, -20.1961 ], [ -48.2594, -20.1946 ], [ -48.2612, -20.1947 ], [ -48.2635, -20.1962 ], [ -48.2647, -20.1975 ], [ -48.2655, -20.2001 ], [ -48.2653, -20.206 ], [ -48.2658, -20.2078 ], [ -48.2684, -20.2111 ], [ -48.2691, -20.2127 ], [ -48.2695, -20.2154 ], [ -48.2702, -20.2172 ], [ -48.2722, -20.2179 ], [ -48.2734, -20.2171 ], [ -48.2737, -20.2131 ], [ -48.2744, -20.2101 ], [ -48.2753, -20.2085 ], [ -48.2767, -20.2072 ], [ -48.2815, -20.2065 ], [ -48.2831, -20.2046 ], [ -48.2856, -20.2034 ], [ -48.2883, -20.2033 ], [ -48.2918, -20.2022 ], [ -48.294, -20.2041 ], [ -48.2963, -20.204 ], [ -48.3027, -20.2027 ], [ -48.3074, -20.2006 ], [ -48.3085, -20.1986 ], [ -48.3098, -20.1973 ], [ -48.3129, -20.1972 ], [ -48.3142, -20.1967 ], [ -48.3151, -20.1955 ], [ -48.3164, -20.1906 ], [ -48.3167, -20.1883 ], [ -48.3157, -20.1858 ], [ -48.3129, -20.1836 ], [ -48.3123, -20.1813 ], [ -48.3141, -20.1782 ], [ -48.3142, -20.1746 ], [ -48.3126, -20.1725 ], [ -48.3114, -20.1704 ], [ -48.3113, -20.1669 ], [ -48.3109, -20.1631 ], [ -48.3094, -20.1595 ], [ -48.3087, -20.1568 ], [ -48.3091, -20.1552 ], [ -48.31, -20.1544 ], [ -48.312, -20.1543 ], [ -48.316, -20.1561 ], [ -48.3172, -20.1584 ], [ -48.3186, -20.1597 ], [ -48.3205, -20.1586 ], [ -48.3239, -20.1579 ], [ -48.3256, -20.159 ], [ -48.3246, -20.1604 ], [ -48.3242, -20.162 ], [ -48.3249, -20.1639 ], [ -48.3248, -20.1658 ], [ -48.3242, -20.1688 ], [ -48.3243, -20.1711 ], [ -48.3252, -20.1727 ], [ -48.3273, -20.1742 ], [ -48.33, -20.1744 ], [ -48.3319, -20.1754 ], [ -48.3336, -20.177 ], [ -48.334, -20.1786 ], [ -48.3335, -20.1813 ], [ -48.334, -20.1838 ], [ -48.3351, -20.185 ], [ -48.3389, -20.1855 ], [ -48.3404, -20.186 ], [ -48.3429, -20.1861 ], [ -48.3446, -20.1865 ], [ -48.349, -20.1855 ], [ -48.35, -20.1847 ], [ -48.3511, -20.1827 ], [ -48.3526, -20.181 ], [ -48.3551, -20.1788 ], [ -48.3559, -20.1772 ], [ -48.3561, -20.1751 ], [ -48.3586, -20.1707 ], [ -48.3595, -20.1683 ], [ -48.362, -20.1669 ], [ -48.3646, -20.1678 ], [ -48.3656, -20.1696 ], [ -48.3686, -20.1704 ], [ -48.3723, -20.1697 ], [ -48.3738, -20.169 ], [ -48.3764, -20.1653 ], [ -48.3768, -20.1635 ], [ -48.3761, -20.1613 ], [ -48.3747, -20.1605 ], [ -48.3681, -20.16 ], [ -48.3658, -20.1602 ], [ -48.364, -20.1596 ], [ -48.3607, -20.155 ], [ -48.3605, -20.1537 ], [ -48.3611, -20.1508 ], [ -48.3622, -20.1486 ], [ -48.3645, -20.1477 ], [ -48.3706, -20.1495 ], [ -48.3733, -20.1496 ], [ -48.3752, -20.149 ], [ -48.3764, -20.1492 ], [ -48.3777, -20.1514 ], [ -48.3795, -20.1526 ], [ -48.3811, -20.1527 ], [ -48.3841, -20.1512 ], [ -48.3867, -20.1512 ], [ -48.3892, -20.1529 ], [ -48.39, -20.1547 ], [ -48.3905, -20.1575 ], [ -48.3925, -20.1605 ], [ -48.395, -20.1614 ], [ -48.3968, -20.1596 ], [ -48.3981, -20.1568 ], [ -48.3984, -20.1538 ], [ -48.3979, -20.1527 ], [ -48.3953, -20.1505 ], [ -48.394, -20.1468 ], [ -48.3936, -20.1422 ], [ -48.393, -20.1404 ], [ -48.3906, -20.1382 ], [ -48.3897, -20.1364 ], [ -48.3899, -20.134 ], [ -48.3952, -20.1341 ], [ -48.3987, -20.1358 ], [ -48.3995, -20.1371 ], [ -48.4006, -20.1424 ], [ -48.4042, -20.1474 ], [ -48.4061, -20.1493 ], [ -48.4086, -20.1503 ], [ -48.4103, -20.1498 ], [ -48.4115, -20.1459 ], [ -48.4131, -20.143 ], [ -48.416, -20.1415 ], [ -48.4171, -20.1415 ], [ -48.4182, -20.1425 ], [ -48.4186, -20.1452 ], [ -48.4215, -20.1528 ], [ -48.4246, -20.1537 ], [ -48.4265, -20.1529 ], [ -48.431, -20.1484 ], [ -48.4319, -20.147 ], [ -48.4334, -20.143 ], [ -48.435, -20.1406 ], [ -48.4355, -20.1389 ], [ -48.4383, -20.1357 ], [ -48.4402, -20.1341 ], [ -48.442, -20.1317 ], [ -48.4433, -20.1309 ], [ -48.4486, -20.1288 ], [ -48.4516, -20.1259 ], [ -48.4435, -20.1219 ], [ -48.439, -20.1202 ], [ -48.4227, -20.1165 ], [ -48.4058, -20.1135 ], [ -48.3979, -20.1143 ], [ -48.3963, -20.115 ], [ -48.3939, -20.1168 ], [ -48.3923, -20.1185 ], [ -48.3908, -20.1193 ], [ -48.3887, -20.1196 ], [ -48.3864, -20.1186 ], [ -48.3839, -20.119 ], [ -48.381, -20.1216 ], [ -48.3789, -20.1223 ], [ -48.3749, -20.1231 ], [ -48.3687, -20.1229 ], [ -48.3618, -20.1231 ], [ -48.3531, -20.1219 ], [ -48.3459, -20.1199 ], [ -48.3432, -20.1175 ], [ -48.342, -20.115 ], [ -48.3395, -20.1142 ], [ -48.3345, -20.1144 ], [ -48.3333, -20.1143 ], [ -48.329, -20.1127 ], [ -48.3241, -20.1141 ], [ -48.3185, -20.1132 ], [ -48.3154, -20.1138 ], [ -48.3109, -20.1167 ], [ -48.3075, -20.1177 ], [ -48.3037, -20.1209 ], [ -48.3016, -20.1219 ], [ -48.2977, -20.1229 ], [ -48.2955, -20.124 ], [ -48.292, -20.1276 ], [ -48.2899, -20.1306 ], [ -48.2888, -20.1333 ], [ -48.2871, -20.1361 ], [ -48.2858, -20.1374 ], [ -48.2834, -20.1388 ], [ -48.2794, -20.1408 ], [ -48.275, -20.1421 ], [ -48.2651, -20.1438 ], [ -48.2547, -20.1438 ], [ -48.2478, -20.1414 ], [ -48.2413, -20.1402 ], [ -48.2394, -20.137 ], [ -48.2374, -20.1359 ], [ -48.2253, -20.1342 ], [ -48.2239, -20.1323 ], [ -48.2186, -20.1279 ], [ -48.2177, -20.1253 ], [ -48.2178, -20.122 ], [ -48.219, -20.1154 ], [ -48.2281, -20.1042 ], [ -48.2372, -20.0965 ], [ -48.2476, -20.0882 ], [ -48.2501, -20.0858 ], [ -48.2513, -20.0841 ], [ -48.2534, -20.0779 ], [ -48.2533, -20.0744 ], [ -48.2513, -20.0687 ], [ -48.2481, -20.0633 ], [ -48.2474, -20.0603 ], [ -48.2464, -20.0587 ], [ -48.2441, -20.0474 ], [ -48.2475, -20.039 ], [ -48.2477, -20.0358 ], [ -48.247, -20.0339 ], [ -48.2445, -20.0314 ], [ -48.2409, -20.0293 ], [ -48.2348, -20.0283 ], [ -48.2285, -20.0282 ], [ -48.2237, -20.0293 ], [ -48.2171, -20.0325 ], [ -48.2119, -20.0366 ], [ -48.2078, -20.0394 ], [ -48.2034, -20.0455 ], [ -48.2013, -20.0475 ], [ -48.1999, -20.0508 ], [ -48.1971, -20.0553 ], [ -48.1949, -20.057 ], [ -48.1911, -20.061 ], [ -48.1847, -20.0719 ], [ -48.1825, -20.0746 ], [ -48.1818, -20.0779 ], [ -48.1821, -20.0895 ], [ -48.1806, -20.0933 ], [ -48.1786, -20.0962 ], [ -48.1677, -20.1038 ], [ -48.1615, -20.1029 ], [ -48.1583, -20.103 ], [ -48.1557, -20.1053 ], [ -48.154, -20.1091 ], [ -48.1514, -20.1174 ], [ -48.1492, -20.1224 ], [ -48.1477, -20.1241 ], [ -48.1442, -20.1255 ], [ -48.1406, -20.1258 ], [ -48.1345, -20.1287 ], [ -48.1298, -20.1299 ], [ -48.1265, -20.1313 ], [ -48.123, -20.1354 ], [ -48.12, -20.1394 ], [ -48.117, -20.1421 ], [ -48.113, -20.1438 ], [ -48.1055, -20.1464 ], [ -48.0957, -20.147 ], [ -48.0924, -20.1462 ], [ -48.0907, -20.1472 ], [ -48.0833, -20.1482 ], [ -48.0768, -20.1484 ], [ -48.0704, -20.1466 ], [ -48.0576, -20.1396 ], [ -48.0514, -20.1383 ], [ -48.0494, -20.1372 ], [ -48.0485, -20.1358 ], [ -48.0484, -20.1343 ], [ -48.0461, -20.1269 ], [ -48.0429, -20.1238 ], [ -48.0412, -20.1217 ], [ -48.0388, -20.1199 ], [ -48.0357, -20.1194 ], [ -48.0334, -20.1198 ], [ -48.0304, -20.1211 ], [ -48.0261, -20.1242 ], [ -48.0234, -20.1248 ], [ -48.0202, -20.124 ], [ -48.0189, -20.1212 ], [ -48.0167, -20.1185 ], [ -48.0142, -20.1162 ], [ -48.0105, -20.1124 ], [ -48.0086, -20.1109 ], [ -48.0053, -20.1067 ], [ -48.0042, -20.1047 ], [ -48.0024, -20.104 ], [ -48.0011, -20.1013 ], [ -48.0012, -20.0968 ], [ -48.0004, -20.0942 ], [ -47.9968, -20.0874 ], [ -47.9928, -20.082 ], [ -47.9916, -20.0797 ], [ -47.9906, -20.0769 ], [ -47.9897, -20.073 ], [ -47.9899, -20.0674 ], [ -47.9915, -20.0492 ], [ -47.9912, -20.0462 ], [ -47.9906, -20.0442 ], [ -47.9885, -20.0403 ], [ -47.9867, -20.0388 ], [ -47.9846, -20.0374 ], [ -47.9812, -20.0364 ], [ -47.976, -20.0354 ], [ -47.9567, -20.0476 ], [ -47.9527, -20.0509 ], [ -47.9485, -20.0558 ], [ -47.946, -20.0605 ], [ -47.9456, -20.0644 ], [ -47.945, -20.0713 ], [ -47.9452, -20.0733 ], [ -47.9447, -20.0853 ], [ -47.9435, -20.092 ], [ -47.9424, -20.095 ], [ -47.9341, -20.1079 ], [ -47.9315, -20.1104 ], [ -47.9272, -20.1129 ], [ -47.9241, -20.1136 ], [ -47.9223, -20.1145 ], [ -47.9131, -20.1203 ], [ -47.8994, -20.1257 ], [ -47.8955, -20.1253 ], [ -47.8936, -20.1235 ], [ -47.8885, -20.1148 ], [ -47.8792, -20.1047 ], [ -47.8751, -20.0984 ], [ -47.8727, -20.0904 ], [ -47.8698, -20.0762 ], [ -47.8696, -20.0693 ], [ -47.87, -20.0637 ], [ -47.8693, -20.0619 ], [ -47.8666, -20.0589 ], [ -47.8645, -20.0583 ], [ -47.8611, -20.0555 ], [ -47.8594, -20.0524 ], [ -47.859, -20.0499 ], [ -47.86, -20.0472 ], [ -47.8615, -20.045 ], [ -47.8664, -20.0418 ], [ -47.8684, -20.0413 ], [ -47.8715, -20.0396 ], [ -47.8733, -20.0374 ], [ -47.8758, -20.0324 ], [ -47.8762, -20.0287 ], [ -47.8758, -20.0214 ], [ -47.8752, -20.0186 ], [ -47.8724, -20.013 ], [ -47.8701, -20.0097 ], [ -47.8687, -20.0086 ], [ -47.8652, -20.003 ], [ -47.8598, -19.9929 ], [ -47.8562, -19.9905 ], [ -47.853, -19.9898 ], [ -47.8509, -19.9898 ], [ -47.8478, -19.9899 ], [ -47.8448, -19.991 ], [ -47.84, -19.9949 ], [ -47.8368, -19.9959 ], [ -47.8347, -19.9961 ], [ -47.8283, -19.9921 ], [ -47.8092, -19.9867 ], [ -47.8057, -19.9851 ], [ -47.7968, -19.985 ], [ -47.7881, -19.9854 ], [ -47.766, -19.9857 ], [ -47.7626, -19.986 ], [ -47.7598, -19.9869 ], [ -47.7542, -19.9901 ], [ -47.7511, -19.9903 ], [ -47.7337, -19.9879 ], [ -47.7283, -19.9841 ], [ -47.7127, -19.9781 ], [ -47.7084, -19.9787 ], [ -47.7042, -19.9799 ], [ -47.6956, -19.9844 ], [ -47.688, -19.9902 ], [ -47.6808, -19.998 ], [ -47.6761, -20.0019 ], [ -47.6743, -20.0061 ], [ -47.6742, -20.0084 ], [ -47.6756, -20.0137 ], [ -47.6746, -20.0164 ], [ -47.6722, -20.0206 ], [ -47.6706, -20.0225 ], [ -47.6599, -20.0307 ], [ -47.6554, -20.0349 ], [ -47.6508, -20.0373 ], [ -47.6476, -20.0407 ], [ -47.6397, -20.0472 ], [ -47.6368, -20.0489 ], [ -47.6348, -20.0492 ], [ -47.6321, -20.0482 ], [ -47.6302, -20.047 ], [ -47.6249, -20.0423 ], [ -47.6235, -20.0419 ], [ -47.618, -20.0424 ], [ -47.614, -20.0421 ], [ -47.6088, -20.0378 ], [ -47.6007, -20.0333 ], [ -47.5997, -20.0324 ], [ -47.5947, -20.0259 ], [ -47.5937, -20.0209 ], [ -47.5941, -20.0143 ], [ -47.594, -20.0109 ], [ -47.5909, -20.0033 ], [ -47.5869, -19.9991 ], [ -47.5838, -19.9967 ], [ -47.5804, -19.9952 ], [ -47.5756, -19.9942 ], [ -47.5701, -19.9945 ], [ -47.5596, -19.9966 ], [ -47.5553, -19.9965 ], [ -47.5526, -19.996 ], [ -47.5492, -19.9938 ], [ -47.5476, -19.9903 ], [ -47.5453, -19.9873 ], [ -47.5424, -19.9853 ], [ -47.5402, -19.9843 ], [ -47.5369, -19.9836 ], [ -47.5316, -19.9832 ], [ -47.5207, -19.9842 ], [ -47.5085, -19.9829 ], [ -47.5069, -19.9824 ], [ -47.503, -19.9761 ], [ -47.5004, -19.9735 ], [ -47.4977, -19.9716 ], [ -47.4896, -19.9693 ], [ -47.4793, -19.9688 ], [ -47.476, -19.9637 ], [ -47.4745, -19.9621 ], [ -47.4726, -19.961 ], [ -47.4705, -19.9607 ], [ -47.4683, -19.9614 ], [ -47.4633, -19.9658 ], [ -47.4588, -19.9716 ], [ -47.4546, -19.9781 ], [ -47.4525, -19.9847 ], [ -47.4503, -19.9878 ], [ -47.4475, -19.9908 ], [ -47.4408, -19.9946 ], [ -47.4378, -19.997 ], [ -47.4352, -20.0024 ], [ -47.4329, -20.0049 ], [ -47.4295, -20.007 ], [ -47.4257, -20.0123 ], [ -47.4244, -20.0153 ], [ -47.4255, -20.0177 ], [ -47.429, -20.0202 ], [ -47.4314, -20.0214 ], [ -47.4346, -20.0245 ], [ -47.4372, -20.0258 ], [ -47.4442, -20.028 ], [ -47.4448, -20.0304 ], [ -47.4403, -20.0488 ], [ -47.4387, -20.0511 ], [ -47.4352, -20.0534 ], [ -47.4268, -20.0575 ], [ -47.4182, -20.0646 ], [ -47.4161, -20.0669 ], [ -47.4135, -20.0705 ], [ -47.4081, -20.0802 ], [ -47.405, -20.0827 ], [ -47.4015, -20.0836 ], [ -47.3952, -20.0831 ], [ -47.3903, -20.0815 ], [ -47.3767, -20.0829 ], [ -47.3746, -20.0837 ], [ -47.3716, -20.0859 ], [ -47.3697, -20.0889 ], [ -47.3689, -20.0918 ], [ -47.3673, -20.0938 ], [ -47.365, -20.0983 ], [ -47.3587, -20.104 ], [ -47.3555, -20.1051 ], [ -47.3503, -20.1049 ], [ -47.3475, -20.1053 ], [ -47.3411, -20.1112 ], [ -47.3348, -20.1133 ], [ -47.3332, -20.1131 ], [ -47.3292, -20.1153 ], [ -47.3265, -20.1157 ], [ -47.3233, -20.1168 ], [ -47.3165, -20.1218 ], [ -47.3097, -20.1245 ], [ -47.3087, -20.1258 ], [ -47.3072, -20.131 ], [ -47.3059, -20.1333 ], [ -47.298, -20.1429 ], [ -47.2964, -20.1459 ], [ -47.293, -20.1487 ], [ -47.289, -20.1514 ], [ -47.2872, -20.1521 ], [ -47.2852, -20.1518 ], [ -47.2794, -20.1524 ], [ -47.2755, -20.1545 ], [ -47.2685, -20.1567 ], [ -47.2618, -20.1599 ], [ -47.257, -20.1662 ], [ -47.2566, -20.1702 ], [ -47.2573, -20.1847 ], [ -47.2559, -20.1908 ], [ -47.2541, -20.1943 ], [ -47.2506, -20.1997 ], [ -47.2442, -20.2056 ], [ -47.2401, -20.2089 ], [ -47.2311, -20.2192 ], [ -47.2324, -20.2247 ], [ -47.2326, -20.2275 ], [ -47.2359, -20.2321 ], [ -47.2373, -20.2352 ], [ -47.238, -20.2403 ], [ -47.2391, -20.2436 ], [ -47.2417, -20.2461 ], [ -47.2423, -20.2501 ], [ -47.2436, -20.2511 ], [ -47.2433, -20.2523 ], [ -47.2448, -20.2536 ], [ -47.246, -20.2566 ], [ -47.2474, -20.2586 ], [ -47.2474, -20.2599 ], [ -47.2463, -20.2614 ], [ -47.2485, -20.2632 ], [ -47.2513, -20.2622 ], [ -47.2521, -20.2635 ], [ -47.2536, -20.2644 ], [ -47.2549, -20.2676 ], [ -47.2574, -20.2694 ], [ -47.2587, -20.272 ], [ -47.2582, -20.2733 ], [ -47.2587, -20.275 ], [ -47.2604, -20.2776 ], [ -47.2623, -20.2794 ], [ -47.2635, -20.281 ], [ -47.2649, -20.2816 ], [ -47.2671, -20.2831 ], [ -47.2689, -20.2828 ], [ -47.2695, -20.2845 ], [ -47.2709, -20.2846 ], [ -47.2726, -20.2857 ], [ -47.273, -20.2883 ], [ -47.2743, -20.2878 ], [ -47.275, -20.2896 ], [ -47.2767, -20.2916 ], [ -47.2767, -20.293 ], [ -47.2777, -20.2944 ], [ -47.2785, -20.2983 ], [ -47.2796, -20.2994 ], [ -47.2799, -20.3019 ], [ -47.2816, -20.3035 ], [ -47.2814, -20.3044 ], [ -47.2823, -20.3084 ], [ -47.2818, -20.3126 ], [ -47.2836, -20.3152 ], [ -47.2839, -20.3135 ], [ -47.2858, -20.3163 ], [ -47.284, -20.3178 ], [ -47.2852, -20.3202 ], [ -47.2851, -20.3216 ], [ -47.2838, -20.3225 ], [ -47.284, -20.3242 ], [ -47.286, -20.3251 ], [ -47.2854, -20.327 ], [ -47.2841, -20.3271 ], [ -47.2841, -20.3288 ], [ -47.285, -20.332 ], [ -47.2864, -20.3336 ], [ -47.2871, -20.3323 ], [ -47.2889, -20.334 ], [ -47.2903, -20.3337 ], [ -47.291, -20.3364 ], [ -47.291, -20.3387 ], [ -47.2921, -20.3386 ], [ -47.2933, -20.3396 ], [ -47.2939, -20.341 ], [ -47.2934, -20.3425 ], [ -47.2947, -20.3436 ], [ -47.2949, -20.3449 ], [ -47.2975, -20.347 ], [ -47.2982, -20.3484 ], [ -47.2956, -20.3508 ], [ -47.2972, -20.3517 ], [ -47.2962, -20.3529 ], [ -47.2956, -20.3556 ], [ -47.2965, -20.3573 ], [ -47.2957, -20.3595 ], [ -47.2946, -20.3602 ], [ -47.2944, -20.362 ], [ -47.2934, -20.3643 ], [ -47.294, -20.3675 ], [ -47.295, -20.3672 ], [ -47.2952, -20.3696 ], [ -47.2925, -20.3703 ], [ -47.293, -20.3712 ], [ -47.2945, -20.3712 ], [ -47.2935, -20.3733 ], [ -47.2951, -20.3749 ], [ -47.2938, -20.3762 ], [ -47.2948, -20.3778 ], [ -47.2929, -20.3793 ], [ -47.2944, -20.3808 ], [ -47.2942, -20.3815 ], [ -47.2917, -20.3823 ], [ -47.2906, -20.3832 ], [ -47.2912, -20.3843 ], [ -47.2938, -20.3857 ], [ -47.2925, -20.3867 ], [ -47.2923, -20.3882 ], [ -47.2905, -20.3867 ], [ -47.2896, -20.3866 ], [ -47.2872, -20.3879 ], [ -47.2886, -20.3891 ], [ -47.2893, -20.3905 ], [ -47.288, -20.3932 ], [ -47.2889, -20.3953 ], [ -47.2918, -20.398 ], [ -47.2915, -20.4 ], [ -47.2898, -20.3997 ], [ -47.2893, -20.4013 ], [ -47.2874, -20.402 ], [ -47.2855, -20.4057 ], [ -47.2868, -20.409 ], [ -47.2889, -20.4091 ], [ -47.2896, -20.4098 ], [ -47.2881, -20.415 ], [ -47.2884, -20.4167 ], [ -47.2904, -20.4179 ], [ -47.2935, -20.418 ], [ -47.2935, -20.4187 ], [ -47.2928, -20.42 ], [ -47.2898, -20.4219 ], [ -47.2917, -20.4233 ], [ -47.2936, -20.4231 ], [ -47.2961, -20.4273 ], [ -47.2946, -20.4272 ], [ -47.2929, -20.4282 ], [ -47.2945, -20.4318 ], [ -47.2926, -20.4324 ], [ -47.2917, -20.4335 ], [ -47.2906, -20.4333 ], [ -47.2873, -20.4351 ], [ -47.2874, -20.4369 ], [ -47.2883, -20.4386 ], [ -47.288, -20.4401 ], [ -47.2865, -20.4425 ], [ -47.288, -20.4446 ], [ -47.2895, -20.4445 ], [ -47.2912, -20.4452 ], [ -47.2928, -20.4477 ], [ -47.2911, -20.4483 ], [ -47.291, -20.4505 ], [ -47.2881, -20.4522 ], [ -47.2851, -20.4552 ], [ -47.2837, -20.4554 ], [ -47.2837, -20.4574 ], [ -47.2813, -20.4571 ], [ -47.2786, -20.4582 ], [ -47.2781, -20.4592 ], [ -47.2791, -20.4605 ], [ -47.2761, -20.4609 ], [ -47.2743, -20.4628 ], [ -47.2717, -20.4628 ], [ -47.2713, -20.464 ], [ -47.2703, -20.4643 ], [ -47.2699, -20.4665 ], [ -47.2678, -20.4669 ], [ -47.2658, -20.4662 ], [ -47.2637, -20.4684 ], [ -47.262, -20.4689 ], [ -47.2595, -20.4689 ], [ -47.2577, -20.4707 ], [ -47.2563, -20.473 ], [ -47.2557, -20.4749 ], [ -47.2539, -20.4757 ], [ -47.2536, -20.478 ], [ -47.2506, -20.4767 ], [ -47.2499, -20.478 ], [ -47.2483, -20.4788 ], [ -47.2474, -20.4805 ], [ -47.2432, -20.4818 ], [ -47.2412, -20.4836 ], [ -47.2387, -20.484 ], [ -47.2384, -20.4847 ], [ -47.2315, -20.487 ], [ -47.2296, -20.4869 ], [ -47.2271, -20.4885 ], [ -47.2269, -20.4911 ], [ -47.2256, -20.4903 ], [ -47.2235, -20.4911 ], [ -47.223, -20.4921 ], [ -47.2213, -20.493 ], [ -47.2193, -20.4949 ], [ -47.2195, -20.4965 ], [ -47.217, -20.4966 ], [ -47.2154, -20.498 ], [ -47.2135, -20.4984 ], [ -47.2119, -20.4998 ], [ -47.2115, -20.5023 ], [ -47.2043, -20.5035 ], [ -47.2032, -20.503 ], [ -47.2027, -20.5016 ], [ -47.196, -20.504 ], [ -47.1908, -20.5076 ], [ -47.19, -20.5104 ], [ -47.1857, -20.5109 ], [ -47.1849, -20.512 ], [ -47.1848, -20.5137 ], [ -47.1824, -20.5126 ], [ -47.1809, -20.5139 ], [ -47.1799, -20.5129 ], [ -47.1782, -20.5136 ], [ -47.1777, -20.5149 ], [ -47.1758, -20.5141 ], [ -47.1731, -20.5159 ], [ -47.1667, -20.5174 ], [ -47.1635, -20.5189 ], [ -47.1589, -20.5189 ], [ -47.1564, -20.5196 ], [ -47.1545, -20.5196 ], [ -47.1511, -20.522 ], [ -47.1491, -20.5265 ], [ -47.1485, -20.5297 ], [ -47.1447, -20.5325 ], [ -47.1435, -20.5353 ], [ -47.1452, -20.5402 ], [ -47.1442, -20.5408 ], [ -47.1415, -20.541 ], [ -47.1419, -20.5432 ], [ -47.1407, -20.5461 ], [ -47.1404, -20.5492 ], [ -47.1388, -20.5521 ], [ -47.1382, -20.5546 ], [ -47.1377, -20.5611 ], [ -47.1385, -20.5638 ], [ -47.14, -20.5638 ], [ -47.1428, -20.5656 ], [ -47.1418, -20.5672 ], [ -47.1405, -20.5683 ], [ -47.14, -20.5701 ], [ -47.1387, -20.5713 ], [ -47.1355, -20.5788 ], [ -47.1343, -20.5834 ], [ -47.1338, -20.5868 ], [ -47.1324, -20.5908 ], [ -47.1313, -20.5909 ], [ -47.1263, -20.5902 ], [ -47.1253, -20.5904 ], [ -47.1228, -20.5947 ], [ -47.123, -20.5959 ], [ -47.1243, -20.5985 ], [ -47.1257, -20.603 ], [ -47.1259, -20.6057 ], [ -47.1253, -20.6088 ], [ -47.1233, -20.6106 ], [ -47.1233, -20.6127 ], [ -47.1182, -20.6147 ], [ -47.1159, -20.6153 ], [ -47.1107, -20.6196 ], [ -47.1087, -20.6208 ], [ -47.1085, -20.6219 ], [ -47.1105, -20.6245 ], [ -47.1117, -20.6282 ], [ -47.112, -20.6343 ], [ -47.1127, -20.6381 ], [ -47.1118, -20.639 ], [ -47.1086, -20.6381 ], [ -47.1066, -20.6389 ], [ -47.1015, -20.6422 ], [ -47.0975, -20.6439 ], [ -47.0969, -20.6453 ], [ -47.0982, -20.6472 ], [ -47.0979, -20.6486 ], [ -47.0959, -20.6522 ], [ -47.0961, -20.6558 ], [ -47.0958, -20.6578 ], [ -47.0968, -20.6618 ], [ -47.0992, -20.6658 ], [ -47.101, -20.6673 ], [ -47.1027, -20.6699 ], [ -47.1024, -20.6747 ], [ -47.1003, -20.6791 ], [ -47.101, -20.682 ], [ -47.1012, -20.6832 ], [ -47.103, -20.6856 ], [ -47.1065, -20.6884 ], [ -47.1103, -20.6941 ], [ -47.1128, -20.6966 ], [ -47.1133, -20.6977 ], [ -47.1127, -20.7004 ], [ -47.1127, -20.7036 ], [ -47.1133, -20.7052 ], [ -47.1153, -20.7072 ], [ -47.12, -20.7078 ], [ -47.1267, -20.7093 ], [ -47.1285, -20.7091 ], [ -47.1341, -20.7064 ], [ -47.1357, -20.7066 ], [ -47.138, -20.7075 ], [ -47.1445, -20.7057 ], [ -47.1474, -20.7075 ], [ -47.15, -20.7073 ], [ -47.1519, -20.7054 ], [ -47.155, -20.7042 ], [ -47.1573, -20.7036 ], [ -47.1599, -20.7038 ], [ -47.1633, -20.7034 ], [ -47.1648, -20.7015 ], [ -47.1692, -20.7034 ], [ -47.1709, -20.7093 ], [ -47.1731, -20.7119 ], [ -47.1696, -20.7162 ], [ -47.1695, -20.7177 ], [ -47.1703, -20.7186 ], [ -47.1751, -20.722 ], [ -47.1769, -20.7244 ], [ -47.1783, -20.7252 ], [ -47.1816, -20.7264 ], [ -47.1838, -20.7282 ], [ -47.1849, -20.7304 ], [ -47.1862, -20.7314 ], [ -47.1862, -20.7324 ], [ -47.1847, -20.7342 ], [ -47.1825, -20.7352 ], [ -47.1802, -20.7359 ], [ -47.1766, -20.7359 ], [ -47.1763, -20.7377 ], [ -47.1752, -20.7393 ], [ -47.1796, -20.7399 ], [ -47.1823, -20.7413 ], [ -47.1828, -20.7475 ], [ -47.1846, -20.75 ], [ -47.185, -20.7551 ], [ -47.1867, -20.7573 ], [ -47.1873, -20.7617 ], [ -47.187, -20.7658 ], [ -47.1876, -20.7682 ], [ -47.1888, -20.7706 ], [ -47.1917, -20.7709 ], [ -47.1932, -20.7721 ], [ -47.1953, -20.775 ], [ -47.197, -20.775 ], [ -47.2019, -20.7742 ], [ -47.2048, -20.7743 ], [ -47.2071, -20.7755 ], [ -47.2094, -20.7775 ], [ -47.2115, -20.7807 ], [ -47.2129, -20.7868 ], [ -47.2132, -20.7912 ], [ -47.2139, -20.7923 ], [ -47.2182, -20.7941 ], [ -47.2218, -20.7965 ], [ -47.2248, -20.8001 ], [ -47.2249, -20.8009 ], [ -47.2238, -20.806 ], [ -47.2228, -20.8089 ], [ -47.2196, -20.8145 ], [ -47.2187, -20.8169 ], [ -47.2166, -20.8191 ], [ -47.2154, -20.8197 ], [ -47.2145, -20.8212 ], [ -47.2142, -20.8237 ], [ -47.2145, -20.8272 ], [ -47.2269, -20.8555 ], [ -47.2274, -20.8565 ], [ -47.24, -20.8853 ], [ -47.2246, -20.9116 ], [ -47.2105, -20.9241 ], [ -47.19, -20.9282 ], [ -47.1926, -20.9421 ], [ -47.1866, -20.9495 ], [ -47.183, -20.9516 ], [ -47.182, -20.9536 ], [ -47.1813, -20.9538 ], [ -47.1798, -20.9541 ], [ -47.1753, -20.9539 ], [ -47.1736, -20.9543 ], [ -47.1688, -20.9565 ], [ -47.1683, -20.958 ], [ -47.168, -20.9625 ], [ -47.1645, -20.9661 ], [ -47.1629, -20.9666 ], [ -47.1607, -20.9664 ], [ -47.1575, -20.9684 ], [ -47.1565, -20.9685 ], [ -47.1533, -20.9709 ], [ -47.1513, -20.9714 ], [ -47.1496, -20.97 ], [ -47.1478, -20.9725 ], [ -47.1474, -20.9777 ], [ -47.1437, -20.9824 ], [ -47.1457, -20.9908 ], [ -47.1468, -20.993 ], [ -47.1503, -20.9963 ], [ -47.1506, -20.9975 ], [ -47.1505, -21.0073 ], [ -47.1511, -21.0103 ], [ -47.1539, -21.0129 ], [ -47.157, -21.0188 ], [ -47.1561, -21.0214 ], [ -47.1549, -21.0229 ], [ -47.1527, -21.0244 ], [ -47.1481, -21.0355 ], [ -47.1479, -21.0355 ], [ -47.147, -21.038 ], [ -47.1481, -21.0449 ], [ -47.1473, -21.045 ], [ -47.146, -21.0479 ], [ -47.1465, -21.0494 ], [ -47.1466, -21.0563 ], [ -47.1461, -21.0591 ], [ -47.1394, -21.0694 ], [ -47.1405, -21.0789 ], [ -47.1409, -21.0836 ], [ -47.1413, -21.0859 ], [ -47.1423, -21.0882 ], [ -47.1395, -21.0884 ], [ -47.137, -21.088 ], [ -47.1372, -21.0898 ], [ -47.1354, -21.0905 ], [ -47.1336, -21.0903 ], [ -47.1288, -21.0954 ], [ -47.1281, -21.0992 ], [ -47.124, -21.1014 ], [ -47.122, -21.1011 ], [ -47.1203, -21.1014 ], [ -47.1177, -21.1035 ], [ -47.1148, -21.1047 ], [ -47.1133, -21.1064 ], [ -47.1128, -21.1086 ], [ -47.1185, -21.1091 ], [ -47.1184, -21.1102 ], [ -47.1215, -21.1125 ], [ -47.1226, -21.1152 ], [ -47.1244, -21.117 ], [ -47.1269, -21.1217 ], [ -47.1262, -21.1236 ], [ -47.1262, -21.1253 ], [ -47.1291, -21.1283 ], [ -47.1311, -21.1292 ], [ -47.133, -21.1332 ], [ -47.1315, -21.1382 ], [ -47.1294, -21.1399 ], [ -47.1268, -21.1443 ], [ -47.1225, -21.1455 ], [ -47.1198, -21.1486 ], [ -47.1186, -21.149 ], [ -47.1186, -21.1514 ], [ -47.1176, -21.1532 ], [ -47.1179, -21.1555 ], [ -47.1196, -21.158 ], [ -47.1212, -21.162 ], [ -47.1221, -21.1658 ], [ -47.1236, -21.1679 ], [ -47.1186, -21.1753 ], [ -47.1184, -21.1826 ], [ -47.1185, -21.1859 ], [ -47.116, -21.1867 ], [ -47.1143, -21.1877 ], [ -47.1097, -21.1931 ], [ -47.1076, -21.1964 ], [ -47.1052, -21.1982 ], [ -47.1028, -21.2006 ], [ -47.1011, -21.2049 ], [ -47.0999, -21.206 ], [ -47.0992, -21.2074 ], [ -47.0996, -21.211 ], [ -47.0996, -21.2136 ], [ -47.0978, -21.2135 ], [ -47.0957, -21.2097 ], [ -47.094, -21.2092 ], [ -47.0901, -21.21 ], [ -47.0884, -21.2096 ], [ -47.0866, -21.2074 ], [ -47.0831, -21.2086 ], [ -47.0804, -21.2086 ], [ -47.077, -21.2079 ], [ -47.0745, -21.2079 ], [ -47.0715, -21.2089 ], [ -47.0689, -21.209 ], [ -47.0647, -21.2071 ], [ -47.0622, -21.2092 ], [ -47.0617, -21.2102 ], [ -47.0623, -21.2115 ], [ -47.0651, -21.2123 ], [ -47.068, -21.2143 ], [ -47.0691, -21.2167 ], [ -47.0723, -21.2258 ], [ -47.0753, -21.2277 ], [ -47.0789, -21.2306 ], [ -47.0792, -21.2324 ], [ -47.0786, -21.2341 ], [ -47.0762, -21.2357 ], [ -47.0772, -21.2388 ], [ -47.0773, -21.2402 ], [ -47.0761, -21.2412 ], [ -47.0691, -21.2416 ], [ -47.0639, -21.2393 ], [ -47.0621, -21.2398 ], [ -47.0605, -21.2415 ], [ -47.0562, -21.2448 ], [ -47.0542, -21.2451 ], [ -47.0523, -21.2465 ], [ -47.0519, -21.2479 ], [ -47.0521, -21.2505 ], [ -47.0503, -21.2535 ], [ -47.0513, -21.2574 ], [ -47.0506, -21.2583 ], [ -47.0482, -21.26 ], [ -47.0451, -21.263 ], [ -47.0448, -21.2648 ], [ -47.0452, -21.2669 ], [ -47.0442, -21.2674 ], [ -47.0434, -21.2677 ], [ -47.0419, -21.2697 ], [ -47.0425, -21.2769 ], [ -47.0413, -21.2793 ], [ -47.0395, -21.2809 ], [ -47.0398, -21.2818 ], [ -47.0417, -21.2828 ], [ -47.0408, -21.285 ], [ -47.042, -21.2865 ], [ -47.0407, -21.2892 ], [ -47.0424, -21.29 ], [ -47.0406, -21.2914 ], [ -47.0394, -21.2916 ], [ -47.0375, -21.2933 ], [ -47.0374, -21.2956 ], [ -47.0356, -21.296 ], [ -47.0298, -21.2996 ], [ -47.0301, -21.303 ], [ -47.0307, -21.3041 ], [ -47.0329, -21.3062 ], [ -47.0335, -21.308 ], [ -47.0352, -21.31 ], [ -47.0342, -21.3115 ], [ -47.0316, -21.3114 ], [ -47.0305, -21.3117 ], [ -47.0299, -21.3138 ], [ -47.0278, -21.3148 ], [ -47.025, -21.319 ], [ -47.022, -21.3206 ], [ -47.021, -21.3216 ], [ -47.021, -21.3241 ], [ -47.0235, -21.3264 ], [ -47.0238, -21.3285 ], [ -47.021, -21.3308 ], [ -47.0208, -21.3353 ], [ -47.0181, -21.3403 ], [ -47.0165, -21.3424 ], [ -47.0133, -21.3432 ], [ -47.0114, -21.3449 ], [ -47.0081, -21.3457 ], [ -47.007, -21.3473 ], [ -47.0036, -21.3494 ], [ -47.001, -21.3495 ], [ -47.0, -21.3485 ], [ -46.9982, -21.3494 ], [ -46.9973, -21.3512 ], [ -46.9963, -21.3564 ], [ -46.9967, -21.3573 ], [ -47.0012, -21.3602 ], [ -46.9993, -21.3609 ], [ -46.9996, -21.3627 ], [ -47.003, -21.3637 ], [ -47.004, -21.3645 ], [ -47.0056, -21.3648 ], [ -47.0067, -21.3658 ], [ -47.0083, -21.37 ], [ -47.0095, -21.3707 ], [ -47.0085, -21.373 ], [ -47.0071, -21.374 ], [ -47.0076, -21.3763 ], [ -47.0073, -21.3781 ], [ -47.0056, -21.3796 ], [ -47.0061, -21.382 ], [ -47.0046, -21.3836 ], [ -47.0058, -21.3852 ], [ -47.0087, -21.3929 ], [ -47.0115, -21.3931 ], [ -47.0142, -21.3939 ], [ -47.0162, -21.3965 ], [ -47.0159, -21.3987 ], [ -47.0142, -21.3997 ], [ -47.0146, -21.4012 ], [ -47.0138, -21.4034 ], [ -47.0112, -21.4046 ], [ -47.0095, -21.4072 ], [ -47.0104, -21.4078 ], [ -47.0103, -21.4104 ], [ -47.0077, -21.4107 ], [ -47.0101, -21.4153 ], [ -47.0117, -21.4153 ], [ -47.0128, -21.4163 ], [ -47.013, -21.4191 ], [ -47.0115, -21.4223 ], [ -47.0109, -21.4209 ], [ -47.0094, -21.4214 ], [ -47.007, -21.4205 ], [ -47.005, -21.4215 ], [ -46.9997, -21.421 ], [ -46.9979, -21.4219 ], [ -46.9954, -21.4222 ], [ -46.9943, -21.4234 ], [ -46.9933, -21.4234 ], [ -46.9927, -21.4253 ], [ -46.9904, -21.4249 ], [ -46.9903, -21.4232 ], [ -46.9869, -21.4216 ], [ -46.9861, -21.4222 ], [ -46.9872, -21.4237 ], [ -46.9858, -21.4244 ], [ -46.9844, -21.4267 ], [ -46.9808, -21.426 ], [ -46.9789, -21.4241 ], [ -46.9766, -21.4233 ], [ -46.9762, -21.4211 ], [ -46.9748, -21.4194 ], [ -46.9743, -21.4178 ], [ -46.9729, -21.4193 ], [ -46.972, -21.4218 ], [ -46.9704, -21.4223 ], [ -46.9679, -21.4219 ], [ -46.9656, -21.4203 ], [ -46.9647, -21.4181 ], [ -46.9637, -21.4184 ], [ -46.962, -21.4206 ], [ -46.9594, -21.4214 ], [ -46.9581, -21.4224 ], [ -46.958, -21.4235 ], [ -46.9567, -21.4247 ], [ -46.9536, -21.4242 ], [ -46.9517, -21.4216 ], [ -46.9502, -21.422 ], [ -46.9491, -21.4196 ], [ -46.9482, -21.4203 ], [ -46.9469, -21.42 ], [ -46.946, -21.4217 ], [ -46.9442, -21.421 ], [ -46.9431, -21.4229 ], [ -46.9403, -21.4221 ], [ -46.9391, -21.4243 ], [ -46.9365, -21.4245 ], [ -46.9342, -21.4253 ], [ -46.9329, -21.425 ], [ -46.9316, -21.4226 ], [ -46.9286, -21.4233 ], [ -46.9255, -21.4226 ], [ -46.9221, -21.4268 ], [ -46.9208, -21.4271 ], [ -46.9189, -21.4242 ], [ -46.9181, -21.4219 ], [ -46.9169, -21.4209 ], [ -46.9123, -21.4201 ], [ -46.9083, -21.4212 ], [ -46.9069, -21.4182 ], [ -46.9035, -21.4186 ], [ -46.903, -21.4173 ], [ -46.9009, -21.415 ], [ -46.9003, -21.4132 ], [ -46.899, -21.4132 ], [ -46.8988, -21.4155 ], [ -46.8969, -21.4154 ], [ -46.896, -21.4164 ], [ -46.8933, -21.4156 ], [ -46.8925, -21.4136 ], [ -46.8911, -21.4122 ], [ -46.8908, -21.4109 ], [ -46.889, -21.4108 ], [ -46.8876, -21.4094 ], [ -46.8854, -21.4083 ], [ -46.8846, -21.4072 ], [ -46.8827, -21.4049 ], [ -46.8801, -21.4052 ], [ -46.8785, -21.4047 ], [ -46.8778, -21.4059 ], [ -46.8767, -21.4059 ], [ -46.8758, -21.4046 ], [ -46.8743, -21.4038 ], [ -46.8732, -21.4047 ], [ -46.8681, -21.4037 ], [ -46.8652, -21.4008 ], [ -46.865, -21.3991 ], [ -46.8657, -21.3969 ], [ -46.8653, -21.3956 ], [ -46.8637, -21.395 ], [ -46.8609, -21.3933 ], [ -46.8595, -21.3932 ], [ -46.8583, -21.394 ], [ -46.8568, -21.3906 ], [ -46.8558, -21.3897 ], [ -46.8532, -21.3906 ], [ -46.848, -21.3895 ], [ -46.846, -21.39 ], [ -46.8421, -21.3891 ], [ -46.8407, -21.3873 ], [ -46.841, -21.3852 ], [ -46.8393, -21.3857 ], [ -46.8376, -21.3841 ], [ -46.8359, -21.3835 ], [ -46.8353, -21.3801 ], [ -46.8366, -21.3794 ], [ -46.8362, -21.3785 ], [ -46.8365, -21.3745 ], [ -46.8361, -21.3707 ], [ -46.8341, -21.368 ], [ -46.8321, -21.3665 ], [ -46.8308, -21.3661 ], [ -46.8238, -21.3668 ], [ -46.8196, -21.3662 ], [ -46.8173, -21.3664 ], [ -46.8117, -21.3691 ], [ -46.8048, -21.3711 ], [ -46.8033, -21.3712 ], [ -46.7989, -21.3708 ], [ -46.7959, -21.371 ], [ -46.7936, -21.3716 ], [ -46.7918, -21.3737 ], [ -46.7895, -21.373 ], [ -46.7877, -21.37 ], [ -46.7862, -21.3689 ], [ -46.7843, -21.3692 ], [ -46.7815, -21.3707 ], [ -46.7804, -21.3698 ], [ -46.7791, -21.3663 ], [ -46.7777, -21.3639 ], [ -46.7748, -21.3621 ], [ -46.7688, -21.3613 ], [ -46.7674, -21.3606 ], [ -46.7647, -21.3601 ], [ -46.7636, -21.3619 ], [ -46.7588, -21.3629 ], [ -46.7583, -21.3647 ], [ -46.7596, -21.3722 ], [ -46.7616, -21.3733 ], [ -46.7621, -21.375 ], [ -46.7613, -21.3763 ], [ -46.7587, -21.3788 ], [ -46.7539, -21.3816 ], [ -46.7505, -21.3849 ], [ -46.7488, -21.3854 ], [ -46.745, -21.3854 ], [ -46.744, -21.3864 ], [ -46.7408, -21.3877 ], [ -46.7393, -21.3896 ], [ -46.739, -21.3926 ], [ -46.7344, -21.3942 ], [ -46.7336, -21.3941 ], [ -46.7315, -21.3922 ], [ -46.7284, -21.3929 ], [ -46.7258, -21.3929 ], [ -46.724, -21.3916 ], [ -46.7225, -21.3898 ], [ -46.7204, -21.3896 ], [ -46.718, -21.3907 ], [ -46.7147, -21.3927 ], [ -46.7133, -21.3945 ], [ -46.7122, -21.3969 ], [ -46.7102, -21.3987 ], [ -46.7093, -21.4014 ], [ -46.7075, -21.4046 ], [ -46.706, -21.4048 ], [ -46.7028, -21.4027 ], [ -46.7006, -21.4008 ], [ -46.6986, -21.3966 ], [ -46.6939, -21.3906 ], [ -46.6932, -21.3843 ], [ -46.6922, -21.3827 ], [ -46.6894, -21.3807 ], [ -46.6875, -21.3798 ], [ -46.684, -21.3764 ], [ -46.6809, -21.3751 ], [ -46.6755, -21.3751 ], [ -46.6739, -21.3745 ], [ -46.6729, -21.373 ], [ -46.673, -21.3708 ], [ -46.6722, -21.3688 ], [ -46.6692, -21.3654 ], [ -46.6667, -21.3613 ], [ -46.6647, -21.3614 ], [ -46.6614, -21.3637 ], [ -46.6584, -21.3638 ], [ -46.6558, -21.3644 ], [ -46.6511, -21.363 ], [ -46.6479, -21.3635 ], [ -46.6472, -21.3642 ], [ -46.6467, -21.3682 ], [ -46.6452, -21.3709 ], [ -46.6452, -21.373 ], [ -46.6483, -21.3758 ], [ -46.6484, -21.3777 ], [ -46.6476, -21.3796 ], [ -46.6468, -21.3814 ], [ -46.6469, -21.3852 ], [ -46.6487, -21.3883 ], [ -46.6487, -21.3917 ], [ -46.6468, -21.3947 ], [ -46.6441, -21.3968 ], [ -46.6424, -21.3977 ], [ -46.6406, -21.4009 ], [ -46.6386, -21.4025 ], [ -46.6393, -21.4044 ], [ -46.6394, -21.4075 ], [ -46.6386, -21.4093 ], [ -46.6373, -21.4107 ], [ -46.633, -21.4124 ], [ -46.63, -21.4128 ], [ -46.6277, -21.4113 ], [ -46.6266, -21.4115 ], [ -46.6247, -21.4135 ], [ -46.6208, -21.4194 ], [ -46.6185, -21.4212 ], [ -46.6181, -21.4223 ], [ -46.6208, -21.4246 ], [ -46.6207, -21.426 ], [ -46.6189, -21.4271 ], [ -46.6163, -21.4278 ], [ -46.6156, -21.4288 ], [ -46.6161, -21.4303 ], [ -46.6161, -21.4307 ], [ -46.6197, -21.434 ], [ -46.62, -21.4354 ], [ -46.6186, -21.4373 ], [ -46.6172, -21.4383 ], [ -46.6153, -21.4415 ], [ -46.6114, -21.4415 ], [ -46.6064, -21.4446 ], [ -46.6046, -21.4446 ], [ -46.6019, -21.444 ], [ -46.5979, -21.4422 ], [ -46.5943, -21.4397 ], [ -46.5931, -21.4377 ], [ -46.5931, -21.4358 ], [ -46.5903, -21.4365 ], [ -46.5872, -21.4353 ], [ -46.5833, -21.4332 ], [ -46.5791, -21.4288 ], [ -46.5765, -21.427 ], [ -46.5746, -21.4281 ], [ -46.5725, -21.4314 ], [ -46.5704, -21.4368 ], [ -46.5684, -21.4382 ], [ -46.5653, -21.4384 ], [ -46.5632, -21.4398 ], [ -46.5614, -21.4418 ], [ -46.5579, -21.4427 ], [ -46.5547, -21.4406 ], [ -46.5526, -21.44 ], [ -46.5488, -21.4406 ], [ -46.5459, -21.4403 ], [ -46.5449, -21.4408 ], [ -46.5402, -21.4462 ], [ -46.5358, -21.4491 ], [ -46.5337, -21.4485 ], [ -46.5314, -21.4466 ], [ -46.5285, -21.445 ], [ -46.5253, -21.4452 ], [ -46.524, -21.4461 ], [ -46.5211, -21.447 ], [ -46.5191, -21.449 ], [ -46.518, -21.4535 ], [ -46.5185, -21.4565 ], [ -46.5195, -21.4602 ], [ -46.5196, -21.462 ], [ -46.5166, -21.4649 ], [ -46.5137, -21.4647 ], [ -46.5121, -21.4662 ], [ -46.5111, -21.4686 ], [ -46.5093, -21.4699 ], [ -46.5103, -21.4742 ], [ -46.5121, -21.4765 ], [ -46.5117, -21.4784 ], [ -46.5107, -21.4794 ], [ -46.5102, -21.4842 ], [ -46.5089, -21.4868 ], [ -46.5089, -21.4891 ], [ -46.5114, -21.4892 ], [ -46.5114, -21.4915 ], [ -46.5125, -21.4949 ], [ -46.5146, -21.4978 ], [ -46.5187, -21.5002 ], [ -46.5193, -21.5009 ], [ -46.5197, -21.5057 ], [ -46.5186, -21.5078 ], [ -46.516, -21.5103 ], [ -46.5161, -21.5113 ], [ -46.5183, -21.5126 ], [ -46.5212, -21.515 ], [ -46.5224, -21.518 ], [ -46.5219, -21.5203 ], [ -46.5242, -21.5218 ], [ -46.523, -21.5255 ], [ -46.523, -21.5299 ], [ -46.5212, -21.5325 ], [ -46.5201, -21.535 ], [ -46.5189, -21.534 ], [ -46.5153, -21.5353 ], [ -46.5138, -21.5348 ], [ -46.5111, -21.5359 ], [ -46.5067, -21.5438 ], [ -46.5036, -21.5461 ], [ -46.5008, -21.5498 ], [ -46.5, -21.5545 ], [ -46.5027, -21.5616 ], [ -46.504, -21.5628 ], [ -46.5088, -21.5649 ], [ -46.5118, -21.5654 ], [ -46.5124, -21.5666 ], [ -46.5116, -21.569 ], [ -46.5122, -21.5722 ], [ -46.5161, -21.5781 ], [ -46.5199, -21.5806 ], [ -46.522, -21.5845 ], [ -46.5222, -21.5863 ], [ -46.5214, -21.588 ], [ -46.5183, -21.5906 ], [ -46.5184, -21.5931 ], [ -46.5244, -21.601 ], [ -46.5238, -21.6017 ], [ -46.52, -21.6033 ], [ -46.516, -21.606 ], [ -46.5173, -21.6083 ], [ -46.5182, -21.6128 ], [ -46.5229, -21.6141 ], [ -46.526, -21.6157 ], [ -46.5343, -21.6213 ], [ -46.5334, -21.6252 ], [ -46.5338, -21.627 ], [ -46.5349, -21.6287 ], [ -46.5366, -21.629 ], [ -46.5376, -21.6285 ], [ -46.5397, -21.6287 ], [ -46.5415, -21.6295 ], [ -46.5422, -21.6311 ], [ -46.5437, -21.6311 ], [ -46.5449, -21.6303 ], [ -46.5474, -21.6304 ], [ -46.549, -21.6336 ], [ -46.553, -21.6381 ], [ -46.552, -21.6429 ], [ -46.5482, -21.6482 ], [ -46.5483, -21.6499 ], [ -46.5504, -21.6526 ], [ -46.5547, -21.6534 ], [ -46.5581, -21.6527 ], [ -46.5603, -21.653 ], [ -46.5647, -21.6555 ], [ -46.5659, -21.6569 ], [ -46.5667, -21.6592 ], [ -46.5651, -21.6637 ], [ -46.5664, -21.669 ], [ -46.5654, -21.6718 ], [ -46.5654, -21.6742 ], [ -46.5645, -21.6778 ], [ -46.5646, -21.6787 ], [ -46.5695, -21.6812 ], [ -46.5727, -21.6817 ], [ -46.5753, -21.6841 ], [ -46.5769, -21.6851 ], [ -46.5784, -21.6845 ], [ -46.5791, -21.6826 ], [ -46.5831, -21.6825 ], [ -46.5858, -21.6827 ], [ -46.5881, -21.6824 ], [ -46.5902, -21.6832 ], [ -46.593, -21.6832 ], [ -46.6054, -21.6809 ], [ -46.607, -21.6798 ], [ -46.6087, -21.6775 ], [ -46.6145, -21.6765 ], [ -46.6197, -21.6756 ], [ -46.6216, -21.6755 ], [ -46.6236, -21.6798 ], [ -46.6248, -21.6868 ], [ -46.6248, -21.6886 ], [ -46.624, -21.6902 ], [ -46.6239, -21.6927 ], [ -46.6246, -21.6941 ], [ -46.6287, -21.6948 ], [ -46.6292, -21.6961 ], [ -46.6282, -21.6982 ], [ -46.6285, -21.6998 ], [ -46.6299, -21.7027 ], [ -46.6299, -21.7047 ], [ -46.6291, -21.7064 ], [ -46.6265, -21.7086 ], [ -46.6253, -21.711 ], [ -46.623, -21.7129 ], [ -46.6225, -21.7155 ], [ -46.6232, -21.7195 ], [ -46.6285, -21.7296 ], [ -46.6275, -21.732 ], [ -46.6256, -21.7341 ], [ -46.6261, -21.7355 ], [ -46.6297, -21.7391 ], [ -46.6308, -21.7415 ], [ -46.6287, -21.7448 ], [ -46.6274, -21.7479 ], [ -46.6281, -21.7513 ], [ -46.6281, -21.755 ], [ -46.6271, -21.7626 ], [ -46.626, -21.7662 ], [ -46.6279, -21.7688 ], [ -46.6307, -21.7686 ], [ -46.6347, -21.7681 ], [ -46.6394, -21.7685 ], [ -46.6406, -21.7695 ], [ -46.6423, -21.7728 ], [ -46.646, -21.7761 ], [ -46.654, -21.7792 ], [ -46.6543, -21.7806 ], [ -46.6516, -21.7868 ], [ -46.6512, -21.7894 ], [ -46.6524, -21.7913 ], [ -46.6596, -21.7977 ], [ -46.6647, -21.8044 ], [ -46.6677, -21.807 ], [ -46.6688, -21.809 ], [ -46.6688, -21.8113 ], [ -46.6695, -21.8146 ], [ -46.6708, -21.8165 ], [ -46.6807, -21.8234 ], [ -46.6826, -21.8258 ], [ -46.6855, -21.8283 ], [ -46.6877, -21.8326 ], [ -46.691, -21.837 ], [ -46.6907, -21.8376 ], [ -46.6933, -21.8381 ], [ -46.6971, -21.8399 ], [ -46.7007, -21.8411 ], [ -46.7036, -21.8412 ], [ -46.7052, -21.8399 ], [ -46.7059, -21.836 ], [ -46.706, -21.8331 ], [ -46.707, -21.831 ], [ -46.7085, -21.8288 ], [ -46.7098, -21.8282 ], [ -46.7131, -21.8273 ], [ -46.7161, -21.8253 ], [ -46.7187, -21.8226 ], [ -46.721, -21.8207 ], [ -46.7241, -21.82 ], [ -46.7265, -21.819 ], [ -46.7343, -21.819 ], [ -46.7362, -21.8185 ], [ -46.7354, -21.8211 ], [ -46.7359, -21.8229 ], [ -46.7401, -21.8269 ], [ -46.7427, -21.8287 ], [ -46.746, -21.8298 ], [ -46.7473, -21.8298 ], [ -46.7491, -21.8307 ], [ -46.7505, -21.8342 ], [ -46.7528, -21.8319 ], [ -46.7562, -21.8302 ], [ -46.7587, -21.8299 ], [ -46.7611, -21.8301 ], [ -46.7619, -21.8292 ], [ -46.7653, -21.8278 ], [ -46.7672, -21.8257 ], [ -46.7701, -21.8263 ], [ -46.7713, -21.8253 ], [ -46.7715, -21.8236 ], [ -46.7702, -21.8194 ], [ -46.772, -21.8179 ], [ -46.776, -21.8167 ], [ -46.7777, -21.8157 ], [ -46.7798, -21.8153 ], [ -46.7804, -21.8129 ], [ -46.7815, -21.8128 ], [ -46.7834, -21.811 ], [ -46.7853, -21.8099 ], [ -46.7861, -21.8079 ], [ -46.7884, -21.8053 ], [ -46.7893, -21.8047 ], [ -46.7925, -21.8047 ], [ -46.7933, -21.8042 ], [ -46.7935, -21.8024 ], [ -46.7955, -21.8009 ], [ -46.7962, -21.7988 ], [ -46.7973, -21.7974 ], [ -46.7987, -21.7965 ], [ -46.8006, -21.7965 ], [ -46.8012, -21.7953 ], [ -46.8028, -21.7943 ], [ -46.8046, -21.7924 ], [ -46.803, -21.7902 ], [ -46.8032, -21.7891 ], [ -46.8054, -21.7862 ], [ -46.8059, -21.7848 ], [ -46.8086, -21.7844 ], [ -46.8093, -21.7852 ], [ -46.8111, -21.7839 ], [ -46.8111, -21.7827 ], [ -46.8135, -21.7827 ], [ -46.8159, -21.7806 ], [ -46.816, -21.7797 ], [ -46.8182, -21.7765 ], [ -46.819, -21.7744 ], [ -46.8205, -21.772 ], [ -46.8206, -21.771 ], [ -46.8194, -21.7698 ], [ -46.8201, -21.7684 ], [ -46.8188, -21.7661 ], [ -46.8195, -21.7641 ], [ -46.8193, -21.7628 ], [ -46.818, -21.7615 ], [ -46.8165, -21.7608 ], [ -46.8188, -21.7592 ], [ -46.8221, -21.7591 ], [ -46.8235, -21.7588 ], [ -46.8269, -21.7556 ], [ -46.8283, -21.7545 ], [ -46.8298, -21.7546 ], [ -46.8309, -21.7561 ], [ -46.8312, -21.7575 ], [ -46.8322, -21.7579 ], [ -46.8335, -21.7602 ], [ -46.8355, -21.7593 ], [ -46.841, -21.758 ], [ -46.8428, -21.7585 ], [ -46.8431, -21.7595 ], [ -46.8431, -21.7611 ], [ -46.8445, -21.7637 ], [ -46.8461, -21.7654 ], [ -46.8474, -21.7678 ], [ -46.8466, -21.7717 ], [ -46.8473, -21.773 ], [ -46.8505, -21.7738 ], [ -46.852, -21.7746 ], [ -46.8547, -21.7752 ], [ -46.8553, -21.7761 ], [ -46.8542, -21.7789 ], [ -46.8552, -21.78 ], [ -46.8587, -21.7789 ], [ -46.8642, -21.7797 ], [ -46.8664, -21.7793 ], [ -46.8681, -21.7799 ], [ -46.8721, -21.784 ], [ -46.8744, -21.7854 ], [ -46.877, -21.7864 ], [ -46.8791, -21.7869 ], [ -46.8833, -21.7826 ], [ -46.8842, -21.7837 ], [ -46.8865, -21.7843 ], [ -46.8947, -21.7848 ], [ -46.8965, -21.7863 ], [ -46.8964, -21.7885 ], [ -46.899, -21.7899 ], [ -46.9003, -21.7912 ], [ -46.9014, -21.7932 ], [ -46.906, -21.796 ], [ -46.9067, -21.7991 ], [ -46.9077, -21.8004 ], [ -46.9149, -21.8038 ], [ -46.9168, -21.8053 ], [ -46.9207, -21.8075 ], [ -46.9215, -21.8086 ], [ -46.9218, -21.8116 ], [ -46.9229, -21.8144 ], [ -46.9255, -21.8152 ], [ -46.9286, -21.8156 ], [ -46.9335, -21.8168 ], [ -46.9369, -21.8187 ], [ -46.9391, -21.8186 ], [ -46.9445, -21.8195 ], [ -46.946, -21.8194 ], [ -46.9485, -21.8202 ], [ -46.9491, -21.8194 ], [ -46.9519, -21.8178 ], [ -46.9551, -21.8167 ], [ -46.9564, -21.8166 ], [ -46.9592, -21.8152 ], [ -46.9607, -21.8151 ], [ -46.9627, -21.8167 ], [ -46.9623, -21.8196 ], [ -46.9627, -21.8206 ], [ -46.9622, -21.8228 ], [ -46.961, -21.825 ], [ -46.9605, -21.8286 ], [ -46.9603, -21.8319 ], [ -46.9607, -21.8346 ], [ -46.9651, -21.8369 ], [ -46.9682, -21.8375 ], [ -46.9724, -21.8403 ], [ -46.9733, -21.8421 ], [ -46.975, -21.8439 ], [ -46.9781, -21.8457 ], [ -46.9808, -21.8464 ], [ -46.9869, -21.8469 ], [ -46.9882, -21.8475 ], [ -46.9875, -21.8495 ], [ -46.9866, -21.8532 ], [ -46.9866, -21.8557 ], [ -46.9856, -21.8584 ], [ -46.9841, -21.8639 ], [ -46.9824, -21.8676 ], [ -46.9823, -21.8696 ], [ -46.9837, -21.8729 ], [ -46.986, -21.8758 ], [ -46.9869, -21.8763 ], [ -46.9919, -21.8764 ], [ -46.9942, -21.8778 ], [ -46.9944, -21.8828 ], [ -46.9943, -21.8851 ], [ -46.9948, -21.89 ], [ -46.994, -21.8926 ], [ -46.9943, -21.8961 ], [ -46.9948, -21.897 ], [ -46.9975, -21.8987 ], [ -46.9998, -21.9021 ], [ -46.9994, -21.9032 ], [ -47.0003, -21.9057 ], [ -47.0024, -21.9079 ], [ -47.0027, -21.9104 ], [ -47.0018, -21.9108 ], [ -47.0003, -21.9127 ], [ -47.0004, -21.9151 ], [ -47.0022, -21.9166 ], [ -47.0024, -21.9176 ], [ -47.0039, -21.9184 ], [ -47.0041, -21.9205 ], [ -47.0018, -21.9233 ], [ -47.0011, -21.9269 ], [ -47.0023, -21.929 ], [ -46.9997, -21.9315 ], [ -46.9987, -21.9331 ], [ -46.9985, -21.9352 ], [ -46.9991, -21.937 ], [ -46.9973, -21.9374 ], [ -46.9969, -21.9393 ], [ -46.996, -21.9396 ], [ -46.9962, -21.9426 ], [ -46.9953, -21.9442 ], [ -46.996, -21.9455 ], [ -46.9948, -21.9473 ], [ -46.9953, -21.9498 ], [ -46.9941, -21.9507 ], [ -46.9917, -21.9532 ], [ -46.9899, -21.9568 ], [ -46.9894, -21.9596 ], [ -46.9881, -21.9614 ], [ -46.9875, -21.9639 ], [ -46.9853, -21.9647 ], [ -46.9822, -21.9677 ], [ -46.9843, -21.9721 ], [ -46.9862, -21.971 ], [ -46.987, -21.9719 ], [ -46.9885, -21.972 ], [ -46.9885, -21.9731 ], [ -46.9904, -21.9734 ], [ -46.9925, -21.9745 ], [ -46.9966, -21.9743 ], [ -46.9977, -21.973 ], [ -46.9998, -21.9743 ], [ -47.0, -21.9753 ], [ -47.0021, -21.9747 ], [ -47.0038, -21.9758 ], [ -47.0067, -21.9754 ], [ -47.0075, -21.9756 ], [ -47.0089, -21.9773 ], [ -47.0092, -21.9785 ], [ -47.0088, -21.9801 ], [ -47.0101, -21.9809 ], [ -47.0068, -21.9822 ], [ -47.0078, -21.9833 ], [ -47.0094, -21.9832 ], [ -47.0097, -21.9847 ], [ -47.0091, -21.9859 ], [ -47.0077, -21.9863 ], [ -47.0086, -21.9883 ], [ -47.0096, -21.9878 ], [ -47.0108, -21.9889 ], [ -47.0116, -21.9932 ], [ -47.0087, -21.9931 ], [ -47.0083, -21.9954 ], [ -47.0087, -21.9969 ], [ -47.0104, -21.9976 ], [ -47.0097, -21.9985 ], [ -47.0111, -22.0001 ], [ -47.0106, -22.0025 ], [ -47.0122, -22.0043 ], [ -47.0129, -22.0064 ], [ -47.0145, -22.0073 ], [ -47.0156, -22.0086 ], [ -47.0172, -22.0089 ], [ -47.0179, -22.0076 ], [ -47.0215, -22.0072 ], [ -47.0242, -22.0084 ], [ -47.0261, -22.0087 ], [ -47.0277, -22.0083 ], [ -47.0297, -22.0096 ], [ -47.0307, -22.0107 ], [ -47.0329, -22.0081 ], [ -47.0329, -22.006 ], [ -47.0315, -22.0054 ], [ -47.0309, -22.0017 ], [ -47.0344, -22.0012 ], [ -47.0352, -22.0002 ], [ -47.0331, -21.9986 ], [ -47.034, -21.9972 ], [ -47.037, -21.9988 ], [ -47.0377, -21.9975 ], [ -47.037, -21.996 ], [ -47.0356, -21.9951 ], [ -47.0362, -21.9933 ], [ -47.0354, -21.9925 ], [ -47.0378, -21.9906 ], [ -47.0405, -21.9922 ], [ -47.0445, -21.992 ], [ -47.0455, -21.9913 ], [ -47.0482, -21.9912 ], [ -47.0524, -21.9895 ], [ -47.0527, -21.9886 ], [ -47.0544, -21.9876 ], [ -47.0561, -21.9884 ], [ -47.0567, -21.9872 ], [ -47.0585, -21.9886 ], [ -47.0611, -21.9887 ], [ -47.0635, -21.9907 ], [ -47.0647, -21.9913 ], [ -47.0639, -21.9927 ], [ -47.0657, -21.9933 ], [ -47.067, -21.9925 ], [ -47.0669, -21.9905 ], [ -47.068, -21.9905 ], [ -47.068, -21.987 ], [ -47.0684, -21.9856 ], [ -47.0705, -21.9847 ], [ -47.0761, -21.9843 ], [ -47.0775, -21.985 ], [ -47.0797, -21.9847 ], [ -47.0812, -21.9868 ], [ -47.0823, -21.9866 ], [ -47.083, -21.9881 ], [ -47.0843, -21.9864 ], [ -47.0843, -21.9851 ], [ -47.0859, -21.9853 ], [ -47.0878, -21.9835 ], [ -47.0869, -21.9825 ], [ -47.0908, -21.9818 ], [ -47.0905, -21.9805 ], [ -47.0916, -21.9801 ], [ -47.0932, -21.9813 ], [ -47.0925, -21.9829 ], [ -47.0936, -21.9844 ], [ -47.0952, -21.9855 ], [ -47.0957, -21.984 ], [ -47.0992, -21.982 ], [ -47.099, -21.9798 ], [ -47.1009, -21.9799 ], [ -47.1012, -21.9789 ], [ -47.1039, -21.9773 ], [ -47.1059, -21.9767 ], [ -47.1071, -21.9757 ], [ -47.1084, -21.9761 ], [ -47.1116, -21.9779 ], [ -47.1122, -21.9807 ], [ -47.1138, -21.9804 ], [ -47.1144, -21.9774 ], [ -47.1138, -21.9762 ], [ -47.1153, -21.9759 ], [ -47.1158, -21.9736 ], [ -47.1167, -21.9732 ], [ -47.1191, -21.9745 ], [ -47.1226, -21.9795 ], [ -47.1255, -21.9803 ], [ -47.1279, -21.9797 ], [ -47.1301, -21.9802 ], [ -47.1301, -21.9828 ], [ -47.1308, -21.9829 ], [ -47.1326, -21.9813 ], [ -47.134, -21.9809 ], [ -47.1367, -21.9812 ], [ -47.1382, -21.982 ], [ -47.139, -21.9811 ], [ -47.1417, -21.982 ], [ -47.1446, -21.9855 ], [ -47.1461, -21.9858 ], [ -47.1466, -21.9879 ], [ -47.1476, -21.9873 ], [ -47.1488, -21.9838 ], [ -47.1528, -21.9829 ], [ -47.1546, -21.9848 ], [ -47.1558, -21.9841 ], [ -47.1584, -21.9838 ], [ -47.1601, -21.9843 ], [ -47.1605, -21.9862 ], [ -47.162, -21.9868 ], [ -47.1626, -21.9879 ], [ -47.1643, -21.9881 ], [ -47.1649, -21.9873 ], [ -47.1649, -21.9853 ], [ -47.1659, -21.9838 ], [ -47.1655, -21.9824 ], [ -47.166, -21.9807 ], [ -47.1672, -21.9796 ], [ -47.1696, -21.9784 ], [ -47.1701, -21.9774 ], [ -47.1719, -21.9771 ], [ -47.1735, -21.9778 ], [ -47.1752, -21.9776 ], [ -47.1753, -21.9766 ], [ -47.1772, -21.976 ], [ -47.1771, -21.9746 ], [ -47.183, -21.9744 ], [ -47.1837, -21.9737 ], [ -47.1867, -21.9759 ], [ -47.1888, -21.9742 ], [ -47.1902, -21.9756 ], [ -47.1924, -21.9753 ], [ -47.1923, -21.9743 ], [ -47.1933, -21.9734 ], [ -47.1955, -21.9737 ], [ -47.1966, -21.974 ], [ -47.1968, -21.9758 ], [ -47.1949, -21.9775 ], [ -47.1976, -21.9776 ], [ -47.1984, -21.976 ], [ -47.1997, -21.9757 ], [ -47.2002, -21.9766 ], [ -47.2026, -21.9769 ], [ -47.2047, -21.9758 ], [ -47.2048, -21.9748 ], [ -47.2066, -21.9741 ], [ -47.2072, -21.9731 ], [ -47.2092, -21.973 ], [ -47.2098, -21.9718 ], [ -47.2162, -21.976 ], [ -47.2179, -21.9776 ], [ -47.219, -21.9779 ], [ -47.2225, -21.9764 ], [ -47.223, -21.9739 ], [ -47.2244, -21.9726 ], [ -47.2258, -21.9734 ], [ -47.2286, -21.9722 ], [ -47.2313, -21.9732 ], [ -47.2316, -21.9719 ], [ -47.2345, -21.971 ], [ -47.2351, -21.97 ], [ -47.2375, -21.9701 ], [ -47.2385, -21.9687 ], [ -47.2398, -21.9682 ], [ -47.2414, -21.9689 ], [ -47.2447, -21.9671 ], [ -47.2475, -21.9675 ], [ -47.2499, -21.9656 ], [ -47.2514, -21.9652 ], [ -47.253, -21.9657 ], [ -47.2551, -21.9675 ], [ -47.2561, -21.9735 ], [ -47.2584, -21.9757 ], [ -47.2602, -21.9759 ], [ -47.2612, -21.9724 ], [ -47.2633, -21.9695 ], [ -47.2663, -21.969 ], [ -47.2717, -21.9707 ], [ -47.2762, -21.971 ], [ -47.2802, -21.9695 ], [ -47.2825, -21.9701 ], [ -47.2848, -21.9712 ], [ -47.2864, -21.9724 ], [ -47.2886, -21.9752 ], [ -47.2898, -21.9762 ], [ -47.2918, -21.9789 ], [ -47.2901, -21.9811 ], [ -47.2908, -21.982 ], [ -47.2927, -21.9821 ], [ -47.2938, -21.9816 ], [ -47.2964, -21.9791 ], [ -47.296, -21.9764 ], [ -47.2964, -21.9729 ], [ -47.2973, -21.9716 ], [ -47.2987, -21.9705 ], [ -47.2971, -21.9684 ], [ -47.295, -21.9677 ], [ -47.2938, -21.9656 ], [ -47.2934, -21.9629 ], [ -47.2923, -21.962 ], [ -47.2912, -21.9595 ], [ -47.289, -21.9571 ], [ -47.2881, -21.9566 ], [ -47.2824, -21.9569 ], [ -47.28, -21.9563 ], [ -47.2777, -21.9561 ], [ -47.2755, -21.9564 ], [ -47.2732, -21.9553 ], [ -47.2703, -21.9546 ], [ -47.2694, -21.9538 ], [ -47.269, -21.9514 ], [ -47.2682, -21.9499 ], [ -47.2668, -21.9486 ], [ -47.2668, -21.9468 ], [ -47.2674, -21.9447 ], [ -47.2695, -21.9436 ], [ -47.2708, -21.9406 ], [ -47.2737, -21.9406 ], [ -47.2743, -21.9394 ], [ -47.274, -21.9359 ], [ -47.2752, -21.9339 ], [ -47.2752, -21.9313 ], [ -47.2763, -21.9295 ], [ -47.2782, -21.9283 ], [ -47.2785, -21.9258 ], [ -47.2793, -21.9241 ], [ -47.2813, -21.9223 ], [ -47.2822, -21.9208 ], [ -47.2803, -21.9173 ], [ -47.2786, -21.9149 ], [ -47.2787, -21.9137 ], [ -47.2808, -21.9121 ], [ -47.2827, -21.9098 ], [ -47.2826, -21.9045 ], [ -47.2822, -21.9037 ], [ -47.2795, -21.9002 ], [ -47.2795, -21.8966 ], [ -47.2802, -21.8945 ], [ -47.2785, -21.8888 ], [ -47.2785, -21.8862 ], [ -47.2777, -21.8826 ], [ -47.2779, -21.8788 ], [ -47.2789, -21.8768 ], [ -47.2839, -21.8692 ], [ -47.2857, -21.8674 ], [ -47.2878, -21.8674 ], [ -47.2903, -21.8681 ], [ -47.2928, -21.8685 ], [ -47.2954, -21.8696 ], [ -47.3027, -21.8722 ], [ -47.3066, -21.8731 ], [ -47.3093, -21.8731 ], [ -47.3104, -21.8727 ], [ -47.3127, -21.8707 ], [ -47.3147, -21.8696 ], [ -47.3173, -21.8672 ], [ -47.3217, -21.8626 ], [ -47.3237, -21.8611 ], [ -47.3249, -21.8588 ], [ -47.3248, -21.856 ], [ -47.324, -21.8536 ], [ -47.3247, -21.8527 ], [ -47.3245, -21.8513 ], [ -47.326, -21.8502 ], [ -47.3283, -21.8475 ], [ -47.3306, -21.8441 ], [ -47.332, -21.8425 ], [ -47.3376, -21.8427 ], [ -47.3388, -21.8425 ], [ -47.3431, -21.8399 ], [ -47.341, -21.8385 ], [ -47.339, -21.8364 ], [ -47.3392, -21.8349 ], [ -47.3382, -21.8312 ], [ -47.3382, -21.8289 ], [ -47.3357, -21.8289 ], [ -47.3353, -21.8242 ], [ -47.335, -21.8233 ], [ -47.3366, -21.8217 ], [ -47.3376, -21.8217 ], [ -47.3376, -21.8194 ], [ -47.3363, -21.8192 ], [ -47.3364, -21.816 ], [ -47.3349, -21.8161 ], [ -47.3351, -21.8143 ], [ -47.3362, -21.8136 ], [ -47.339, -21.8104 ], [ -47.3403, -21.8119 ], [ -47.3421, -21.8118 ], [ -47.343, -21.8093 ], [ -47.3438, -21.8103 ], [ -47.3455, -21.8093 ], [ -47.3451, -21.8076 ], [ -47.3469, -21.8065 ], [ -47.3449, -21.8015 ], [ -47.3441, -21.8008 ], [ -47.3436, -21.7989 ], [ -47.3425, -21.7978 ], [ -47.342, -21.7957 ], [ -47.338, -21.7923 ], [ -47.3369, -21.7904 ], [ -47.3351, -21.789 ], [ -47.3332, -21.7865 ], [ -47.3323, -21.7843 ], [ -47.332, -21.7826 ], [ -47.3338, -21.7801 ], [ -47.3346, -21.7765 ], [ -47.3334, -21.7759 ], [ -47.3293, -21.7768 ], [ -47.3235, -21.7766 ], [ -47.321, -21.777 ], [ -47.3196, -21.7754 ], [ -47.3168, -21.7742 ], [ -47.3128, -21.7738 ], [ -47.3103, -21.7714 ], [ -47.3068, -21.7692 ], [ -47.3043, -21.768 ], [ -47.3017, -21.7657 ], [ -47.2997, -21.7633 ], [ -47.2981, -21.7627 ], [ -47.2962, -21.7626 ], [ -47.2947, -21.7611 ], [ -47.2935, -21.7584 ], [ -47.2933, -21.7562 ], [ -47.2934, -21.7523 ], [ -47.2938, -21.7504 ], [ -47.295, -21.7482 ], [ -47.3003, -21.7449 ], [ -47.3017, -21.7429 ], [ -47.3025, -21.7408 ], [ -47.3028, -21.7389 ], [ -47.3037, -21.7373 ], [ -47.306, -21.7368 ], [ -47.3104, -21.7373 ], [ -47.314, -21.7351 ], [ -47.318, -21.7337 ], [ -47.3206, -21.7324 ], [ -47.3232, -21.7306 ], [ -47.3271, -21.7287 ], [ -47.329, -21.7281 ], [ -47.3302, -21.7269 ], [ -47.33, -21.7245 ], [ -47.3284, -21.723 ], [ -47.3257, -21.7217 ], [ -47.3243, -21.7205 ], [ -47.3234, -21.7187 ], [ -47.3234, -21.715 ], [ -47.3249, -21.7105 ], [ -47.3257, -21.7071 ], [ -47.3265, -21.7059 ], [ -47.3272, -21.7031 ], [ -47.3298, -21.6993 ], [ -47.3305, -21.6976 ], [ -47.3327, -21.6955 ], [ -47.3348, -21.6926 ], [ -47.3375, -21.687 ], [ -47.3383, -21.6812 ], [ -47.3375, -21.6759 ], [ -47.3377, -21.6709 ], [ -47.3373, -21.6678 ], [ -47.336, -21.667 ], [ -47.3333, -21.6686 ], [ -47.3274, -21.6689 ], [ -47.3268, -21.6687 ], [ -47.3258, -21.6648 ], [ -47.3237, -21.6599 ], [ -47.3256, -21.6575 ], [ -47.3224, -21.6547 ], [ -47.322, -21.6507 ], [ -47.3222, -21.65 ], [ -47.3251, -21.647 ], [ -47.3288, -21.6445 ], [ -47.3306, -21.6445 ], [ -47.3325, -21.6454 ], [ -47.3345, -21.6454 ], [ -47.3393, -21.6429 ], [ -47.3412, -21.6423 ], [ -47.3428, -21.6423 ], [ -47.346, -21.6438 ], [ -47.3511, -21.6475 ], [ -47.3523, -21.6472 ], [ -47.3564, -21.6435 ], [ -47.3579, -21.6428 ], [ -47.3611, -21.6436 ], [ -47.3637, -21.645 ], [ -47.368, -21.6465 ], [ -47.3724, -21.6498 ], [ -47.3736, -21.65 ], [ -47.3764, -21.6493 ], [ -47.3801, -21.6499 ], [ -47.3811, -21.6494 ], [ -47.3816, -21.6479 ], [ -47.3815, -21.6448 ], [ -47.382, -21.6411 ], [ -47.3829, -21.6394 ], [ -47.3855, -21.6365 ], [ -47.3877, -21.6351 ], [ -47.3907, -21.6336 ], [ -47.3947, -21.6293 ], [ -47.3965, -21.6258 ], [ -47.3991, -21.6233 ], [ -47.3999, -21.6211 ], [ -47.3989, -21.6151 ], [ -47.3992, -21.6137 ], [ -47.4038, -21.6117 ], [ -47.407, -21.609 ], [ -47.4092, -21.6058 ], [ -47.4111, -21.6037 ], [ -47.4128, -21.6026 ], [ -47.4142, -21.6023 ], [ -47.4189, -21.6028 ], [ -47.422, -21.6028 ], [ -47.4247, -21.6017 ], [ -47.4301, -21.6042 ], [ -47.4325, -21.6068 ], [ -47.4332, -21.6096 ], [ -47.434, -21.6107 ], [ -47.4372, -21.6132 ], [ -47.4385, -21.6129 ], [ -47.4401, -21.6135 ], [ -47.4415, -21.6131 ], [ -47.4427, -21.6118 ], [ -47.4413, -21.6096 ], [ -47.4415, -21.6047 ], [ -47.4418, -21.6029 ], [ -47.4413, -21.5991 ], [ -47.4395, -21.5956 ], [ -47.439, -21.5939 ], [ -47.4393, -21.5926 ], [ -47.4443, -21.5883 ], [ -47.4461, -21.5842 ], [ -47.4497, -21.5775 ], [ -47.4507, -21.5769 ], [ -47.4527, -21.5774 ], [ -47.4554, -21.5774 ], [ -47.4585, -21.5768 ], [ -47.4599, -21.576 ], [ -47.4636, -21.5757 ], [ -47.4652, -21.5751 ], [ -47.4679, -21.5759 ], [ -47.4702, -21.576 ], [ -47.4734, -21.5752 ], [ -47.4782, -21.5738 ], [ -47.4821, -21.573 ], [ -47.4921, -21.5701 ], [ -47.4971, -21.5697 ], [ -47.5017, -21.5689 ], [ -47.5034, -21.5682 ], [ -47.5052, -21.5664 ], [ -47.5078, -21.5654 ], [ -47.5117, -21.5619 ], [ -47.515, -21.5635 ], [ -47.5185, -21.5646 ], [ -47.5252, -21.5659 ], [ -47.5285, -21.5659 ], [ -47.5307, -21.5655 ], [ -47.5367, -21.563 ], [ -47.5396, -21.5616 ], [ -47.5429, -21.5585 ], [ -47.5443, -21.5563 ], [ -47.5434, -21.553 ], [ -47.5443, -21.5514 ], [ -47.5455, -21.552 ], [ -47.5472, -21.5541 ], [ -47.549, -21.5556 ], [ -47.5524, -21.5564 ], [ -47.5566, -21.5581 ], [ -47.5601, -21.5585 ], [ -47.5647, -21.5585 ], [ -47.566, -21.5568 ], [ -47.5707, -21.5589 ], [ -47.5733, -21.5576 ], [ -47.5749, -21.5561 ], [ -47.5782, -21.5537 ], [ -47.5796, -21.5532 ], [ -47.5827, -21.5528 ], [ -47.5845, -21.5519 ], [ -47.587, -21.5519 ], [ -47.5885, -21.5503 ], [ -47.592, -21.5484 ], [ -47.5952, -21.5481 ], [ -47.5987, -21.5468 ], [ -47.5996, -21.548 ], [ -47.5995, -21.5525 ], [ -47.6001, -21.5567 ], [ -47.6014, -21.5587 ], [ -47.6037, -21.5611 ], [ -47.6052, -21.564 ], [ -47.6039, -21.5731 ], [ -47.6043, -21.5756 ], [ -47.6056, -21.5788 ], [ -47.6078, -21.5825 ], [ -47.6096, -21.584 ], [ -47.6136, -21.5864 ], [ -47.6172, -21.5882 ], [ -47.6264, -21.5923 ], [ -47.6282, -21.5918 ], [ -47.6307, -21.5905 ], [ -47.6319, -21.5895 ], [ -47.6376, -21.5897 ], [ -47.6392, -21.5892 ], [ -47.6413, -21.5905 ], [ -47.6426, -21.5922 ], [ -47.6441, -21.5935 ], [ -47.646, -21.5933 ], [ -47.6475, -21.5938 ], [ -47.6496, -21.5959 ], [ -47.6507, -21.5964 ], [ -47.6548, -21.5968 ], [ -47.6581, -21.5976 ], [ -47.6594, -21.5986 ], [ -47.662, -21.5997 ], [ -47.6672, -21.6007 ], [ -47.6697, -21.6018 ], [ -47.671, -21.6031 ], [ -47.6714, -21.607 ], [ -47.673, -21.6084 ], [ -47.676, -21.6093 ], [ -47.678, -21.6117 ], [ -47.6791, -21.6141 ], [ -47.6788, -21.6163 ], [ -47.6765, -21.6207 ], [ -47.6762, -21.623 ], [ -47.677, -21.624 ], [ -47.6775, -21.626 ], [ -47.6776, -21.6308 ], [ -47.6772, -21.632 ], [ -47.6786, -21.6368 ], [ -47.6788, -21.6396 ], [ -47.6787, -21.6456 ], [ -47.6794, -21.6516 ], [ -47.6802, -21.6529 ], [ -47.679, -21.6571 ], [ -47.6809, -21.6596 ], [ -47.6827, -21.661 ], [ -47.6849, -21.6633 ], [ -47.6859, -21.6673 ], [ -47.6879, -21.6694 ], [ -47.6893, -21.6703 ], [ -47.6896, -21.6715 ], [ -47.6923, -21.6735 ], [ -47.694, -21.6758 ], [ -47.6969, -21.6774 ], [ -47.6977, -21.6765 ], [ -47.6998, -21.6772 ], [ -47.6994, -21.6791 ], [ -47.7018, -21.6792 ], [ -47.7043, -21.68 ], [ -47.7054, -21.6814 ], [ -47.7089, -21.6833 ], [ -47.7115, -21.6835 ], [ -47.7122, -21.684 ], [ -47.7137, -21.6879 ], [ -47.7172, -21.6921 ], [ -47.7179, -21.6948 ], [ -47.7193, -21.6956 ], [ -47.7197, -21.6968 ], [ -47.7215, -21.6979 ], [ -47.7238, -21.7036 ], [ -47.7241, -21.7062 ], [ -47.7218, -21.7059 ], [ -47.7202, -21.7067 ], [ -47.7187, -21.7083 ], [ -47.716, -21.7119 ], [ -47.7117, -21.715 ], [ -47.7081, -21.7188 ], [ -47.7059, -21.7204 ], [ -47.7031, -21.7204 ], [ -47.7008, -21.7189 ], [ -47.6986, -21.7184 ], [ -47.696, -21.7184 ], [ -47.6932, -21.7177 ], [ -47.6861, -21.7171 ], [ -47.682, -21.7158 ], [ -47.6805, -21.7162 ], [ -47.679, -21.7178 ], [ -47.6768, -21.722 ], [ -47.6774, -21.7261 ], [ -47.6789, -21.7316 ], [ -47.6782, -21.7337 ], [ -47.677, -21.7343 ], [ -47.6745, -21.7345 ], [ -47.6722, -21.7362 ], [ -47.6708, -21.7386 ], [ -47.67, -21.7407 ], [ -47.6672, -21.7426 ], [ -47.6641, -21.7424 ], [ -47.6595, -21.7399 ], [ -47.6541, -21.7394 ], [ -47.6511, -21.7382 ], [ -47.6473, -21.7372 ], [ -47.6466, -21.7364 ], [ -47.6448, -21.7308 ], [ -47.6452, -21.7274 ], [ -47.644, -21.7258 ], [ -47.6412, -21.725 ], [ -47.6377, -21.7248 ], [ -47.6324, -21.7263 ], [ -47.631, -21.7281 ], [ -47.6312, -21.7321 ], [ -47.63, -21.7341 ], [ -47.6283, -21.7342 ], [ -47.6251, -21.7336 ], [ -47.6238, -21.7349 ], [ -47.6236, -21.7368 ], [ -47.6238, -21.7391 ], [ -47.6235, -21.7405 ], [ -47.6225, -21.7417 ], [ -47.6202, -21.7454 ], [ -47.6172, -21.7493 ], [ -47.615, -21.7511 ], [ -47.614, -21.7511 ], [ -47.6135, -21.7496 ], [ -47.6158, -21.7457 ], [ -47.6157, -21.7434 ], [ -47.6145, -21.7432 ], [ -47.6121, -21.7451 ], [ -47.61, -21.7457 ], [ -47.6081, -21.7458 ], [ -47.6063, -21.7448 ], [ -47.6032, -21.7417 ], [ -47.5986, -21.7383 ], [ -47.5955, -21.7369 ], [ -47.5879, -21.7345 ], [ -47.5866, -21.7355 ], [ -47.5855, -21.7386 ], [ -47.5827, -21.7407 ], [ -47.5811, -21.7445 ], [ -47.5811, -21.7464 ], [ -47.582, -21.7486 ], [ -47.5822, -21.7523 ], [ -47.5817, -21.7554 ], [ -47.5808, -21.7575 ], [ -47.5794, -21.762 ], [ -47.5792, -21.7666 ], [ -47.5789, -21.7677 ], [ -47.5744, -21.7708 ], [ -47.5721, -21.7734 ], [ -47.5714, -21.7748 ], [ -47.5714, -21.7784 ], [ -47.5709, -21.7821 ], [ -47.5699, -21.7843 ], [ -47.5675, -21.7861 ], [ -47.5646, -21.7872 ], [ -47.5606, -21.7873 ], [ -47.5581, -21.7881 ], [ -47.5565, -21.7892 ], [ -47.5539, -21.793 ], [ -47.5525, -21.7944 ], [ -47.5486, -21.796 ], [ -47.5459, -21.7982 ], [ -47.5449, -21.8005 ], [ -47.5428, -21.8021 ], [ -47.5403, -21.8025 ], [ -47.5382, -21.8021 ], [ -47.5371, -21.8012 ], [ -47.5353, -21.7979 ], [ -47.5344, -21.7975 ], [ -47.5305, -21.7979 ], [ -47.528, -21.7987 ], [ -47.5253, -21.8006 ], [ -47.5242, -21.8023 ], [ -47.5243, -21.8066 ], [ -47.5237, -21.8104 ], [ -47.5243, -21.8112 ], [ -47.5267, -21.8123 ], [ -47.5292, -21.8149 ], [ -47.5297, -21.8166 ], [ -47.5312, -21.8179 ], [ -47.5333, -21.8191 ], [ -47.5366, -21.8201 ], [ -47.5408, -21.8203 ], [ -47.5426, -21.8214 ], [ -47.5434, -21.8224 ], [ -47.5439, -21.8243 ], [ -47.5454, -21.826 ], [ -47.546, -21.8279 ], [ -47.5484, -21.8298 ], [ -47.5498, -21.8304 ], [ -47.5512, -21.8319 ], [ -47.5523, -21.8338 ], [ -47.5547, -21.8363 ], [ -47.555, -21.8374 ], [ -47.5545, -21.8391 ], [ -47.5521, -21.8419 ], [ -47.5493, -21.8433 ], [ -47.5486, -21.8442 ], [ -47.5488, -21.8461 ], [ -47.5497, -21.8484 ], [ -47.5514, -21.8502 ], [ -47.5512, -21.8519 ], [ -47.552, -21.8531 ], [ -47.5517, -21.8546 ], [ -47.5498, -21.8553 ], [ -47.5459, -21.8601 ], [ -47.5429, -21.8629 ], [ -47.5422, -21.8626 ], [ -47.5106, -21.8793 ], [ -47.5102, -21.8806 ], [ -47.5103, -21.8832 ], [ -47.5115, -21.886 ], [ -47.5126, -21.8906 ], [ -47.5126, -21.8923 ], [ -47.5151, -21.8967 ], [ -47.5145, -21.9016 ], [ -47.5158, -21.904 ], [ -47.516, -21.9062 ], [ -47.5156, -21.9097 ], [ -47.5146, -21.9123 ], [ -47.5183, -21.9169 ], [ -47.5245, -21.9236 ], [ -47.5272, -21.9255 ], [ -47.5119, -21.9359 ], [ -47.5138, -21.9365 ], [ -47.5159, -21.9396 ], [ -47.5178, -21.941 ], [ -47.5214, -21.9418 ], [ -47.5242, -21.9435 ], [ -47.5263, -21.9453 ], [ -47.5298, -21.9501 ], [ -47.5346, -21.9546 ], [ -47.5359, -21.9569 ], [ -47.5363, -21.961 ], [ -47.5381, -21.9641 ], [ -47.5399, -21.9658 ], [ -47.5408, -21.9676 ], [ -47.5413, -21.9702 ], [ -47.5412, -21.9753 ], [ -47.5423, -21.9783 ], [ -47.545, -21.9807 ], [ -47.5485, -21.9822 ], [ -47.5537, -21.9836 ], [ -47.559, -21.9855 ], [ -47.5638, -21.9865 ], [ -47.5662, -21.9862 ], [ -47.5708, -21.986 ], [ -47.5741, -21.9862 ], [ -47.5787, -21.9879 ], [ -47.5807, -21.9891 ], [ -47.5826, -21.9916 ], [ -47.5828, -21.9935 ], [ -47.5824, -21.996 ], [ -47.5818, -21.9972 ], [ -47.5795, -21.9994 ], [ -47.5781, -22.0024 ], [ -47.5764, -22.0097 ], [ -47.5746, -22.0143 ], [ -47.5745, -22.016 ], [ -47.5749, -22.0177 ], [ -47.5762, -22.0189 ], [ -47.5791, -22.0206 ], [ -47.5797, -22.022 ], [ -47.5805, -22.0308 ], [ -47.5811, -22.0323 ], [ -47.5831, -22.034 ], [ -47.5847, -22.036 ], [ -47.5902, -22.039 ], [ -47.5913, -22.0401 ], [ -47.5922, -22.0428 ], [ -47.5961, -22.045 ], [ -47.598, -22.0471 ], [ -47.5995, -22.0502 ], [ -47.6017, -22.052 ], [ -47.6063, -22.0527 ], [ -47.6089, -22.052 ], [ -47.6115, -22.0503 ], [ -47.6141, -22.0479 ], [ -47.6174, -22.0454 ], [ -47.6178, -22.0447 ], [ -47.6173, -22.0422 ], [ -47.6222, -22.0415 ], [ -47.6253, -22.0425 ], [ -47.6265, -22.0436 ], [ -47.6302, -22.0471 ], [ -47.6317, -22.0487 ], [ -47.6326, -22.0523 ], [ -47.6351, -22.0534 ], [ -47.6365, -22.0549 ], [ -47.6409, -22.0526 ], [ -47.6434, -22.0519 ], [ -47.6447, -22.0522 ], [ -47.6467, -22.0519 ], [ -47.6487, -22.054 ], [ -47.6516, -22.0543 ], [ -47.6527, -22.0539 ], [ -47.6545, -22.0517 ], [ -47.6581, -22.0518 ], [ -47.6595, -22.0503 ], [ -47.6604, -22.0478 ], [ -47.6617, -22.0478 ], [ -47.6633, -22.0454 ], [ -47.6659, -22.0441 ], [ -47.6679, -22.0402 ], [ -47.6689, -22.0394 ], [ -47.6694, -22.0377 ], [ -47.6692, -22.0355 ], [ -47.6683, -22.0334 ], [ -47.6703, -22.0303 ], [ -47.6704, -22.0285 ], [ -47.6721, -22.0265 ], [ -47.6722, -22.0247 ], [ -47.6732, -22.0229 ], [ -47.6727, -22.0218 ], [ -47.6728, -22.0184 ], [ -47.6735, -22.0162 ], [ -47.6758, -22.0135 ], [ -47.6774, -22.0137 ], [ -47.6796, -22.0153 ], [ -47.6811, -22.0177 ], [ -47.6842, -22.0205 ], [ -47.6866, -22.0216 ], [ -47.687, -22.0226 ], [ -47.6895, -22.0238 ], [ -47.6913, -22.0268 ], [ -47.6937, -22.0285 ], [ -47.6973, -22.0277 ], [ -47.6987, -22.0302 ], [ -47.6984, -22.032 ], [ -47.701, -22.0341 ], [ -47.7036, -22.0347 ], [ -47.7063, -22.0337 ], [ -47.7095, -22.034 ], [ -47.7123, -22.0355 ], [ -47.7136, -22.0355 ], [ -47.7146, -22.0365 ], [ -47.7162, -22.0351 ], [ -47.7176, -22.0362 ], [ -47.7207, -22.0366 ], [ -47.7217, -22.0381 ], [ -47.7229, -22.0388 ], [ -47.7236, -22.0402 ], [ -47.7247, -22.0403 ], [ -47.7264, -22.0415 ], [ -47.7279, -22.0437 ], [ -47.729, -22.0446 ], [ -47.7321, -22.0456 ], [ -47.7364, -22.0489 ], [ -47.7373, -22.0514 ], [ -47.7388, -22.0534 ], [ -47.744, -22.0545 ], [ -47.7459, -22.0572 ], [ -47.7473, -22.0628 ], [ -47.7482, -22.0638 ], [ -47.7476, -22.0672 ], [ -47.746, -22.0703 ], [ -47.7462, -22.0731 ], [ -47.7469, -22.0747 ], [ -47.7461, -22.0773 ], [ -47.7465, -22.0791 ], [ -47.7475, -22.0797 ], [ -47.751, -22.0791 ], [ -47.7513, -22.08 ], [ -47.7508, -22.0826 ], [ -47.7508, -22.0846 ], [ -47.752, -22.0875 ], [ -47.7523, -22.0894 ], [ -47.7538, -22.0907 ], [ -47.7565, -22.0906 ], [ -47.7583, -22.0894 ], [ -47.7618, -22.0877 ], [ -47.7633, -22.0877 ], [ -47.7662, -22.0892 ], [ -47.7669, -22.0902 ], [ -47.7717, -22.0928 ], [ -47.7731, -22.0927 ], [ -47.7759, -22.0914 ], [ -47.7784, -22.092 ], [ -47.7799, -22.0931 ], [ -47.7834, -22.0965 ], [ -47.7853, -22.0971 ], [ -47.7895, -22.0976 ], [ -47.7898, -22.0983 ], [ -47.7887, -22.1 ], [ -47.7881, -22.1018 ], [ -47.788, -22.1043 ], [ -47.7883, -22.1068 ], [ -47.787, -22.1109 ], [ -47.787, -22.1126 ], [ -47.7888, -22.1168 ], [ -47.7898, -22.1178 ], [ -47.7919, -22.119 ], [ -47.7947, -22.1211 ], [ -47.7974, -22.1254 ], [ -47.7998, -22.1282 ], [ -47.8035, -22.1303 ], [ -47.8071, -22.1313 ], [ -47.8087, -22.133 ], [ -47.8095, -22.1362 ], [ -47.8111, -22.1397 ], [ -47.8113, -22.1415 ], [ -47.8092, -22.1484 ], [ -47.8111, -22.1504 ], [ -47.8144, -22.1529 ], [ -47.8157, -22.1547 ], [ -47.8163, -22.1566 ], [ -47.8161, -22.1598 ], [ -47.8149, -22.1612 ], [ -47.8176, -22.161 ], [ -47.8201, -22.16 ], [ -47.8207, -22.1594 ], [ -47.8205, -22.1551 ], [ -47.8217, -22.1544 ], [ -47.8218, -22.1525 ], [ -47.824, -22.1509 ], [ -47.8278, -22.1488 ], [ -47.8308, -22.1482 ], [ -47.8347, -22.1484 ], [ -47.8381, -22.1506 ], [ -47.8411, -22.1507 ], [ -47.8432, -22.1521 ], [ -47.8439, -22.1544 ], [ -47.845, -22.1555 ], [ -47.8487, -22.1558 ], [ -47.8516, -22.1565 ], [ -47.8536, -22.1558 ], [ -47.8545, -22.1565 ], [ -47.8571, -22.1563 ], [ -47.8572, -22.1548 ], [ -47.8592, -22.153 ], [ -47.8602, -22.1515 ], [ -47.8621, -22.1507 ], [ -47.8641, -22.1514 ], [ -47.8684, -22.1547 ], [ -47.8708, -22.1558 ], [ -47.8717, -22.1571 ], [ -47.8736, -22.1583 ], [ -47.8759, -22.1585 ], [ -47.8767, -22.158 ], [ -47.8794, -22.158 ], [ -47.8812, -22.1555 ], [ -47.8832, -22.1545 ], [ -47.8848, -22.153 ], [ -47.8868, -22.1524 ], [ -47.8866, -22.154 ], [ -47.8868, -22.1571 ], [ -47.8882, -22.1562 ], [ -47.891, -22.1537 ], [ -47.8943, -22.1544 ], [ -47.8952, -22.1551 ], [ -47.8957, -22.1582 ], [ -47.8966, -22.1599 ], [ -47.8992, -22.1571 ], [ -47.8999, -22.1576 ], [ -47.9022, -22.1576 ], [ -47.9033, -22.1561 ], [ -47.906, -22.156 ], [ -47.9072, -22.1552 ], [ -47.9074, -22.1539 ], [ -47.9104, -22.1516 ], [ -47.9125, -22.151 ], [ -47.9143, -22.1497 ], [ -47.9166, -22.1493 ], [ -47.9183, -22.15 ], [ -47.9204, -22.1495 ], [ -47.9214, -22.1487 ], [ -47.9215, -22.1473 ], [ -47.9229, -22.1472 ], [ -47.9235, -22.1454 ], [ -47.9255, -22.1443 ], [ -47.9264, -22.1419 ], [ -47.9267, -22.1397 ], [ -47.9285, -22.1397 ], [ -47.9293, -22.137 ], [ -47.9276, -22.1333 ], [ -47.9275, -22.1311 ], [ -47.9291, -22.1287 ], [ -47.931, -22.1272 ], [ -47.9313, -22.1248 ], [ -47.9336, -22.1241 ], [ -47.9337, -22.1217 ], [ -47.9346, -22.12 ], [ -47.9375, -22.1196 ], [ -47.939, -22.1178 ], [ -47.9407, -22.1167 ], [ -47.9413, -22.1155 ], [ -47.9429, -22.1145 ], [ -47.9447, -22.1142 ], [ -47.9468, -22.1127 ], [ -47.9479, -22.1111 ], [ -47.9495, -22.1125 ], [ -47.9535, -22.1128 ], [ -47.9535, -22.1143 ], [ -47.956, -22.1135 ], [ -47.9566, -22.1139 ], [ -47.961, -22.1153 ], [ -47.9625, -22.1148 ], [ -47.9638, -22.1133 ], [ -47.9662, -22.1148 ], [ -47.9674, -22.1142 ], [ -47.9692, -22.1155 ], [ -47.9704, -22.1189 ], [ -47.9714, -22.1182 ], [ -47.9746, -22.119 ], [ -47.9755, -22.1173 ], [ -47.9749, -22.1153 ], [ -47.9762, -22.1143 ], [ -47.9786, -22.1144 ], [ -47.9807, -22.1125 ], [ -47.9818, -22.1128 ], [ -47.9841, -22.1148 ], [ -47.9819, -22.1162 ], [ -47.9828, -22.117 ], [ -47.9849, -22.1166 ], [ -47.9879, -22.1169 ], [ -47.9918, -22.1156 ], [ -47.9931, -22.116 ], [ -47.9963, -22.1114 ], [ -47.9985, -22.1101 ], [ -47.9985, -22.1083 ], [ -47.9992, -22.1074 ], [ -47.9988, -22.1042 ], [ -48.0014, -22.102 ], [ -48.0031, -22.1014 ], [ -48.0033, -22.0994 ], [ -48.0056, -22.0994 ], [ -48.0068, -22.0989 ], [ -48.0074, -22.0974 ], [ -48.0098, -22.0965 ], [ -48.0106, -22.0969 ], [ -48.0114, -22.0947 ], [ -48.0141, -22.092 ], [ -48.0155, -22.09 ], [ -48.0157, -22.0882 ], [ -48.0174, -22.0878 ], [ -48.0184, -22.0868 ], [ -48.0184, -22.0857 ], [ -48.0208, -22.0825 ], [ -48.0216, -22.0819 ], [ -48.0225, -22.0799 ], [ -48.0266, -22.0769 ], [ -48.0298, -22.0782 ], [ -48.0349, -22.0779 ], [ -48.0362, -22.0781 ], [ -48.044, -22.0748 ], [ -48.0449, -22.0732 ], [ -48.0454, -22.0748 ], [ -48.0464, -22.0753 ], [ -48.048, -22.0779 ], [ -48.0469, -22.079 ], [ -48.0474, -22.0804 ], [ -48.0466, -22.0835 ], [ -48.0451, -22.0845 ], [ -48.0439, -22.0869 ], [ -48.0437, -22.09 ], [ -48.0441, -22.0938 ], [ -48.0457, -22.1001 ], [ -48.046, -22.1032 ], [ -48.0453, -22.1054 ], [ -48.0452, -22.1088 ], [ -48.0448, -22.1105 ], [ -48.0451, -22.1116 ], [ -48.0443, -22.1144 ], [ -48.0445, -22.1163 ], [ -48.0438, -22.1198 ], [ -48.0426, -22.1221 ], [ -48.0429, -22.1262 ], [ -48.0437, -22.1289 ], [ -48.0452, -22.1301 ], [ -48.0458, -22.1322 ], [ -48.0474, -22.1352 ], [ -48.0483, -22.1363 ], [ -48.052, -22.1397 ], [ -48.0528, -22.1407 ], [ -48.0543, -22.1467 ], [ -48.0568, -22.1499 ], [ -48.059, -22.1514 ], [ -48.0618, -22.151 ], [ -48.063, -22.1495 ], [ -48.0655, -22.1499 ], [ -48.0679, -22.1511 ], [ -48.0714, -22.1518 ], [ -48.074, -22.1539 ], [ -48.0756, -22.1543 ], [ -48.0777, -22.1563 ], [ -48.0803, -22.157 ], [ -48.0815, -22.1582 ], [ -48.0819, -22.1595 ], [ -48.0832, -22.1607 ], [ -48.0853, -22.1637 ], [ -48.0867, -22.1649 ], [ -48.0883, -22.167 ], [ -48.0904, -22.1692 ], [ -48.0927, -22.1704 ], [ -48.0947, -22.1711 ], [ -48.0978, -22.1736 ], [ -48.0999, -22.1747 ], [ -48.1018, -22.1764 ], [ -48.104, -22.1796 ], [ -48.1051, -22.1802 ], [ -48.1076, -22.1802 ], [ -48.1115, -22.1791 ], [ -48.1153, -22.1786 ], [ -48.1171, -22.1789 ], [ -48.1181, -22.1814 ], [ -48.1199, -22.1827 ], [ -48.1224, -22.1818 ], [ -48.1257, -22.1817 ], [ -48.1279, -22.1824 ], [ -48.1298, -22.1836 ], [ -48.132, -22.1839 ], [ -48.1347, -22.1832 ], [ -48.1376, -22.1796 ], [ -48.1396, -22.1788 ], [ -48.1435, -22.1786 ], [ -48.145, -22.1783 ], [ -48.1486, -22.1765 ], [ -48.1515, -22.1754 ], [ -48.1571, -22.1749 ], [ -48.1602, -22.1723 ], [ -48.164, -22.1715 ], [ -48.1666, -22.1701 ], [ -48.1687, -22.168 ], [ -48.1699, -22.1673 ], [ -48.1759, -22.1664 ], [ -48.1768, -22.1655 ], [ -48.1781, -22.1621 ], [ -48.1797, -22.1597 ], [ -48.1809, -22.1562 ], [ -48.1819, -22.1551 ], [ -48.1852, -22.1528 ], [ -48.1868, -22.1524 ], [ -48.1896, -22.1509 ], [ -48.1913, -22.1506 ], [ -48.1931, -22.1494 ], [ -48.1954, -22.149 ], [ -48.198, -22.148 ], [ -48.199, -22.1481 ], [ -48.2004, -22.1493 ], [ -48.2024, -22.1494 ], [ -48.2052, -22.1503 ], [ -48.2068, -22.152 ], [ -48.207, -22.1536 ], [ -48.2088, -22.1561 ], [ -48.2111, -22.157 ], [ -48.2124, -22.158 ], [ -48.2145, -22.1581 ], [ -48.2158, -22.1588 ], [ -48.2236, -22.1585 ], [ -48.2271, -22.1577 ], [ -48.2299, -22.1586 ], [ -48.2324, -22.1586 ], [ -48.2343, -22.1595 ], [ -48.2417, -22.1588 ], [ -48.2445, -22.1591 ], [ -48.2465, -22.1579 ], [ -48.2483, -22.1578 ], [ -48.2502, -22.1567 ], [ -48.2518, -22.1565 ], [ -48.2528, -22.1558 ], [ -48.256, -22.1546 ], [ -48.2558, -22.1605 ], [ -48.255, -22.163 ], [ -48.2535, -22.1648 ], [ -48.2501, -22.1676 ], [ -48.2496, -22.1704 ], [ -48.2477, -22.1725 ] ] ] } },
{ "type": "Feature", "properties": { "nome_raj": "7ª RAJ Santos", "id_municipio_ibge": 3505401, "nome_municipio": "Barra do Turvo", "populacao_municipio": 6876, "id_foro": 53, "nome_foro": "Jacupiranga", "endereco_sede": "Avenida Presidente Kennedy , 299 - Centro, 11940-000", "latitude": -24.888751336861397, "longitude": -48.426977387526129, "id_cj": 21.0, "nome_cj": "Registro", "id_raj": 7, "populacao_foro": 51488, "cidades_no_foro": "Barra do Turvo, Cajati, Jacupiranga", "cidades_na_cj": "Barra do Turvo, Cajati, Cananéia, Eldorado, Iguape, Ilha Comprida, Iporanga, Jacupiranga, Juquiá, Miracatu, Pariquera-Açu, Registro, Sete Barras" }, "geometry": { "type": "MultiPolygon", "coordinates": [ [ [ [ -48.0381, -25.3568 ], [ -48.0375, -25.356 ], [ -48.0354, -25.3568 ], [ -48.0372, -25.3579 ], [ -48.0381, -25.3568 ] ] ], [ [ [ -47.9553, -25.2728 ], [ -47.9528, -25.2727 ], [ -47.9533, -25.2745 ], [ -47.9559, -25.2744 ], [ -47.9576, -25.273 ], [ -47.9553, -25.2728 ] ] ], [ [ [ -47.9114, -25.1629 ], [ -47.91, -25.1633 ], [ -47.909, -25.1661 ], [ -47.9095, -25.1671 ], [ -47.9127, -25.1663 ], [ -47.914, -25.1672 ], [ -47.9148, -25.1663 ], [ -47.9114, -25.1629 ] ] ], [ [ [ -47.8622, -25.1323 ], [ -47.8615, -25.1308 ], [ -47.8596, -25.1318 ], [ -47.8603, -25.1332 ], [ -47.8622, -25.1323 ] ] ], [ [ [ -47.8535, -25.1226 ], [ -47.8562, -25.125 ], [ -47.8585, -25.1245 ], [ -47.8591, -25.1254 ], [ -47.8618, -25.1276 ], [ -47.865, -25.1282 ], [ -47.8649, -25.1262 ], [ -47.8656, -25.1235 ], [ -47.8651, -25.1218 ], [ -47.8619, -25.1201 ], [ -47.8598, -25.1204 ], [ -47.8586, -25.1176 ], [ -47.8552, -25.1163 ], [ -47.8539, -25.1168 ], [ -47.8531, -25.1158 ], [ -47.8508, -25.1168 ], [ -47.85, -25.1178 ], [ -47.8507, -25.1215 ], [ -47.8523, -25.1203 ], [ -47.8535, -25.1226 ] ] ], [ [ [ -47.4204, -24.6813 ], [ -47.4216, -24.6829 ], [ -47.4248, -24.6851 ], [ -47.4363, -24.6912 ], [ -47.462, -24.7045 ], [ -47.4851, -24.7158 ], [ -47.5104, -24.729 ], [ -47.5258, -24.7376 ], [ -47.5435, -24.7476 ], [ -47.561, -24.7579 ], [ -47.5756, -24.7672 ], [ -47.5919, -24.7779 ], [ -47.623, -24.7991 ], [ -47.6415, -24.8129 ], [ -47.6597, -24.8266 ], [ -47.6754, -24.8381 ], [ -47.6943, -24.8521 ], [ -47.7159, -24.8684 ], [ -47.7315, -24.8806 ], [ -47.745, -24.8917 ], [ -47.7593, -24.903 ], [ -47.7685, -24.9105 ], [ -47.7791, -24.9193 ], [ -47.7898, -24.9279 ], [ -47.8003, -24.9368 ], [ -47.8066, -24.9422 ], [ -47.8219, -24.9559 ], [ -47.8365, -24.97 ], [ -47.8429, -24.9766 ], [ -47.8544, -24.9895 ], [ -47.8626, -24.9996 ], [ -47.8717, -25.0116 ], [ -47.8733, -25.0137 ], [ -47.8784, -25.0217 ], [ -47.8804, -25.0252 ], [ -47.883, -25.031 ], [ -47.8851, -25.0385 ], [ -47.8857, -25.0417 ], [ -47.886, -25.0474 ], [ -47.8864, -25.0502 ], [ -47.8869, -25.0513 ], [ -47.8909, -25.0522 ], [ -47.8976, -25.0519 ], [ -47.9095, -25.0529 ], [ -47.9087, -25.0634 ], [ -47.9059, -25.0633 ], [ -47.9029, -25.0649 ], [ -47.9024, -25.0657 ], [ -47.9026, -25.0684 ], [ -47.9025, -25.0749 ], [ -47.9029, -25.0859 ], [ -47.9044, -25.091 ], [ -47.9047, -25.0954 ], [ -47.9045, -25.0985 ], [ -47.9033, -25.1017 ], [ -47.9023, -25.103 ], [ -47.9005, -25.1041 ], [ -47.8973, -25.1043 ], [ -47.8961, -25.104 ], [ -47.8947, -25.1055 ], [ -47.8947, -25.1074 ], [ -47.8966, -25.1086 ], [ -47.8978, -25.1083 ], [ -47.9009, -25.1108 ], [ -47.9031, -25.1134 ], [ -47.9039, -25.1156 ], [ -47.9047, -25.1165 ], [ -47.908, -25.1181 ], [ -47.9091, -25.1223 ], [ -47.91, -25.1235 ], [ -47.9111, -25.1267 ], [ -47.9127, -25.1287 ], [ -47.9124, -25.1294 ], [ -47.9136, -25.1317 ], [ -47.9141, -25.1347 ], [ -47.9148, -25.1366 ], [ -47.916, -25.1384 ], [ -47.9149, -25.1397 ], [ -47.9164, -25.1438 ], [ -47.9182, -25.1441 ], [ -47.9193, -25.1466 ], [ -47.9197, -25.1512 ], [ -47.9193, -25.153 ], [ -47.9182, -25.1554 ], [ -47.917, -25.1565 ], [ -47.9154, -25.1557 ], [ -47.9133, -25.1554 ], [ -47.9124, -25.156 ], [ -47.9141, -25.1594 ], [ -47.9178, -25.1594 ], [ -47.9199, -25.1603 ], [ -47.9208, -25.1598 ], [ -47.9238, -25.1605 ], [ -47.9265, -25.1617 ], [ -47.9309, -25.1643 ], [ -47.9318, -25.1662 ], [ -47.9336, -25.1664 ], [ -47.9363, -25.1674 ], [ -47.9426, -25.1717 ], [ -47.946, -25.1743 ], [ -47.953, -25.1803 ], [ -47.9598, -25.186 ], [ -47.9688, -25.1938 ], [ -47.9726, -25.1978 ], [ -47.9722, -25.1997 ], [ -47.974, -25.2009 ], [ -47.977, -25.2023 ], [ -47.9789, -25.2025 ], [ -47.9837, -25.2063 ], [ -47.9916, -25.2131 ], [ -48.0023, -25.2217 ], [ -48.0133, -25.2302 ], [ -48.0253, -25.2403 ], [ -48.0348, -25.2479 ], [ -48.0431, -25.2554 ], [ -48.0469, -25.2585 ], [ -48.0528, -25.2639 ], [ -48.0612, -25.272 ], [ -48.0704, -25.2812 ], [ -48.0791, -25.2907 ], [ -48.0843, -25.2968 ], [ -48.0912, -25.3043 ], [ -48.0961, -25.3089 ], [ -48.0995, -25.3123 ], [ -48.1004, -25.3073 ], [ -48.0998, -25.3034 ], [ -48.0985, -25.2997 ], [ -48.0968, -25.2972 ], [ -48.0908, -25.2909 ], [ -48.0874, -25.2868 ], [ -48.0831, -25.282 ], [ -48.0733, -25.2741 ], [ -48.0653, -25.2692 ], [ -48.0575, -25.2633 ], [ -48.056, -25.2616 ], [ -48.0531, -25.255 ], [ -48.0512, -25.2523 ], [ -48.0307, -25.2388 ], [ -48.0276, -25.2361 ], [ -48.0247, -25.2328 ], [ -48.0235, -25.2309 ], [ -48.0239, -25.2291 ], [ -48.0276, -25.2282 ], [ -48.029, -25.2275 ], [ -48.0299, -25.2262 ], [ -48.029, -25.2238 ], [ -48.0269, -25.222 ], [ -48.0276, -25.2205 ], [ -48.0291, -25.2195 ], [ -48.0323, -25.2185 ], [ -48.035, -25.2183 ], [ -48.0403, -25.2187 ], [ -48.0442, -25.221 ], [ -48.0455, -25.2263 ], [ -48.0472, -25.2267 ], [ -48.0498, -25.2255 ], [ -48.0533, -25.2226 ], [ -48.0559, -25.2196 ], [ -48.0574, -25.2183 ], [ -48.0584, -25.2222 ], [ -48.0581, -25.2242 ], [ -48.0572, -25.226 ], [ -48.0579, -25.227 ], [ -48.0593, -25.2276 ], [ -48.0595, -25.2295 ], [ -48.057, -25.2331 ], [ -48.0587, -25.2381 ], [ -48.0621, -25.2401 ], [ -48.0666, -25.2398 ], [ -48.0751, -25.2406 ], [ -48.0768, -25.2411 ], [ -48.0814, -25.2442 ], [ -48.0837, -25.2434 ], [ -48.0839, -25.2406 ], [ -48.0856, -25.2403 ], [ -48.0897, -25.2418 ], [ -48.0924, -25.24 ], [ -48.0957, -25.2414 ], [ -48.0986, -25.2413 ], [ -48.0998, -25.242 ], [ -48.1004, -25.2438 ], [ -48.1025, -25.2432 ], [ -48.1063, -25.2439 ], [ -48.1087, -25.2457 ], [ -48.1094, -25.2485 ], [ -48.1107, -25.2498 ], [ -48.113, -25.2509 ], [ -48.1149, -25.2507 ], [ -48.116, -25.2489 ], [ -48.1204, -25.2461 ], [ -48.1222, -25.2455 ], [ -48.1233, -25.2437 ], [ -48.1257, -25.2419 ], [ -48.129, -25.2418 ], [ -48.1331, -25.2398 ], [ -48.1425, -25.2333 ], [ -48.1479, -25.2309 ], [ -48.1512, -25.2281 ], [ -48.1531, -25.225 ], [ -48.1551, -25.2227 ], [ -48.1559, -25.2205 ], [ -48.1593, -25.2151 ], [ -48.1605, -25.2141 ], [ -48.1615, -25.2109 ], [ -48.1627, -25.2098 ], [ -48.1657, -25.209 ], [ -48.1686, -25.2102 ], [ -48.1715, -25.2105 ], [ -48.1752, -25.2094 ], [ -48.1801, -25.2068 ], [ -48.1825, -25.205 ], [ -48.1865, -25.2003 ], [ -48.1892, -25.1977 ], [ -48.1914, -25.1962 ], [ -48.1932, -25.1934 ], [ -48.1936, -25.1914 ], [ -48.1934, -25.1899 ], [ -48.191, -25.1883 ], [ -48.185, -25.1864 ], [ -48.1821, -25.1848 ], [ -48.1784, -25.1821 ], [ -48.1787, -25.1796 ], [ -48.176, -25.1779 ], [ -48.1738, -25.1738 ], [ -48.1724, -25.1717 ], [ -48.1713, -25.1712 ], [ -48.1677, -25.1679 ], [ -48.1666, -25.166 ], [ -48.1667, -25.1646 ], [ -48.1685, -25.1605 ], [ -48.1687, -25.1565 ], [ -48.1674, -25.1553 ], [ -48.1638, -25.1552 ], [ -48.1622, -25.1542 ], [ -48.1609, -25.1518 ], [ -48.1585, -25.1499 ], [ -48.1569, -25.1447 ], [ -48.1597, -25.1445 ], [ -48.1609, -25.1458 ], [ -48.1638, -25.1457 ], [ -48.167, -25.1438 ], [ -48.1713, -25.1423 ], [ -48.1736, -25.1395 ], [ -48.1751, -25.1387 ], [ -48.1771, -25.1357 ], [ -48.1802, -25.1349 ], [ -48.1816, -25.1338 ], [ -48.1812, -25.1305 ], [ -48.1826, -25.1282 ], [ -48.187, -25.1253 ], [ -48.1881, -25.1237 ], [ -48.1881, -25.1219 ], [ -48.189, -25.1204 ], [ -48.1894, -25.1176 ], [ -48.1904, -25.1164 ], [ -48.1936, -25.115 ], [ -48.1949, -25.1123 ], [ -48.1946, -25.109 ], [ -48.1948, -25.1065 ], [ -48.1986, -25.1033 ], [ -48.2045, -25.0997 ], [ -48.2053, -25.0983 ], [ -48.2037, -25.0952 ], [ -48.204, -25.0935 ], [ -48.2074, -25.0888 ], [ -48.2089, -25.0881 ], [ -48.2122, -25.0854 ], [ -48.2129, -25.0834 ], [ -48.2127, -25.0821 ], [ -48.2113, -25.0816 ], [ -48.2101, -25.0802 ], [ -48.2121, -25.0783 ], [ -48.2134, -25.0777 ], [ -48.2152, -25.0777 ], [ -48.2161, -25.0767 ], [ -48.2146, -25.074 ], [ -48.2133, -25.0731 ], [ -48.2135, -25.0719 ], [ -48.2152, -25.0679 ], [ -48.2128, -25.062 ], [ -48.2121, -25.0592 ], [ -48.2129, -25.0577 ], [ -48.2151, -25.0505 ], [ -48.2157, -25.0469 ], [ -48.2156, -25.0426 ], [ -48.2153, -25.0408 ], [ -48.2118, -25.0382 ], [ -48.2103, -25.0364 ], [ -48.2086, -25.0319 ], [ -48.2089, -25.0286 ], [ -48.2095, -25.0272 ], [ -48.2109, -25.0272 ], [ -48.2134, -25.0292 ], [ -48.2149, -25.0297 ], [ -48.2162, -25.0291 ], [ -48.2185, -25.0268 ], [ -48.22, -25.027 ], [ -48.2215, -25.0249 ], [ -48.2253, -25.0225 ], [ -48.2284, -25.023 ], [ -48.2304, -25.0211 ], [ -48.2316, -25.0208 ], [ -48.2311, -25.0194 ], [ -48.2318, -25.0183 ], [ -48.233, -25.0179 ], [ -48.232, -25.0154 ], [ -48.2273, -25.0127 ], [ -48.225, -25.0096 ], [ -48.2234, -25.0091 ], [ -48.224, -25.008 ], [ -48.227, -25.0068 ], [ -48.2289, -25.0086 ], [ -48.2306, -25.0084 ], [ -48.2315, -25.0075 ], [ -48.2329, -25.0075 ], [ -48.2336, -25.0064 ], [ -48.2317, -25.0043 ], [ -48.2312, -25.0026 ], [ -48.2295, -25.0014 ], [ -48.2339, -25.0007 ], [ -48.2363, -24.9982 ], [ -48.2354, -24.9956 ], [ -48.2375, -24.9932 ], [ -48.2395, -24.9926 ], [ -48.2397, -24.9914 ], [ -48.2421, -24.9914 ], [ -48.2429, -24.9906 ], [ -48.2458, -24.9894 ], [ -48.2461, -24.9882 ], [ -48.2485, -24.9853 ], [ -48.2491, -24.9838 ], [ -48.2488, -24.9821 ], [ -48.2493, -24.9787 ], [ -48.2503, -24.9774 ], [ -48.2523, -24.9781 ], [ -48.2521, -24.9797 ], [ -48.2548, -24.9817 ], [ -48.2593, -24.9867 ], [ -48.2577, -24.9889 ], [ -48.2588, -24.9901 ], [ -48.2579, -24.9915 ], [ -48.2566, -24.9922 ], [ -48.2554, -24.9941 ], [ -48.2548, -24.9965 ], [ -48.2577, -24.9968 ], [ -48.2586, -24.9979 ], [ -48.2599, -24.9977 ], [ -48.2618, -24.9951 ], [ -48.2619, -24.9937 ], [ -48.2633, -24.9928 ], [ -48.2662, -24.995 ], [ -48.2669, -24.9965 ], [ -48.2696, -24.9975 ], [ -48.2694, -24.9991 ], [ -48.2682, -25.0012 ], [ -48.2702, -25.0048 ], [ -48.2755, -25.0121 ], [ -48.2776, -25.016 ], [ -48.2762, -25.0217 ], [ -48.2754, -25.0277 ], [ -48.2779, -25.033 ], [ -48.2846, -25.0392 ], [ -48.2859, -25.04 ], [ -48.2875, -25.04 ], [ -48.2897, -25.0377 ], [ -48.2893, -25.0359 ], [ -48.2897, -25.0336 ], [ -48.2891, -25.0322 ], [ -48.2897, -25.0299 ], [ -48.2913, -25.0287 ], [ -48.2928, -25.0244 ], [ -48.2945, -25.0234 ], [ -48.2972, -25.0234 ], [ -48.2992, -25.0256 ], [ -48.2981, -25.0266 ], [ -48.2983, -25.0278 ], [ -48.2965, -25.0297 ], [ -48.2965, -25.0309 ], [ -48.2978, -25.0336 ], [ -48.2992, -25.0354 ], [ -48.3027, -25.0345 ], [ -48.3075, -25.0355 ], [ -48.3082, -25.0365 ], [ -48.3081, -25.0405 ], [ -48.3072, -25.0441 ], [ -48.3086, -25.0467 ], [ -48.3102, -25.0481 ], [ -48.3116, -25.0481 ], [ -48.3136, -25.0466 ], [ -48.3143, -25.047 ], [ -48.315, -25.0503 ], [ -48.3178, -25.0565 ], [ -48.324, -25.0635 ], [ -48.3304, -25.0697 ], [ -48.3337, -25.0706 ], [ -48.3357, -25.0675 ], [ -48.3358, -25.0634 ], [ -48.3337, -25.0576 ], [ -48.331, -25.0559 ], [ -48.3243, -25.0544 ], [ -48.325, -25.0524 ], [ -48.326, -25.0522 ], [ -48.3264, -25.0507 ], [ -48.3257, -25.0475 ], [ -48.3247, -25.0462 ], [ -48.3232, -25.0423 ], [ -48.3234, -25.039 ], [ -48.3241, -25.0367 ], [ -48.3287, -25.0371 ], [ -48.3305, -25.036 ], [ -48.3325, -25.0361 ], [ -48.3359, -25.0395 ], [ -48.3371, -25.0397 ], [ -48.3379, -25.0386 ], [ -48.3379, -25.0373 ], [ -48.3391, -25.036 ], [ -48.3426, -25.0376 ], [ -48.3438, -25.0373 ], [ -48.345, -25.0358 ], [ -48.347, -25.0352 ], [ -48.3485, -25.0354 ], [ -48.3496, -25.0368 ], [ -48.3512, -25.0365 ], [ -48.3521, -25.0324 ], [ -48.3509, -25.0311 ], [ -48.3503, -25.0287 ], [ -48.3509, -25.0282 ], [ -48.3547, -25.02 ], [ -48.358, -25.0167 ], [ -48.3651, -25.0139 ], [ -48.3693, -25.0096 ], [ -48.371, -25.0075 ], [ -48.3726, -25.0065 ], [ -48.3734, -25.0047 ], [ -48.375, -25.0035 ], [ -48.3776, -25.0031 ], [ -48.3787, -25.0013 ], [ -48.378, -25.0003 ], [ -48.378, -24.9982 ], [ -48.3799, -24.9959 ], [ -48.3847, -24.9953 ], [ -48.3909, -24.9912 ], [ -48.3926, -24.9909 ], [ -48.3947, -24.9911 ], [ -48.3957, -24.9902 ], [ -48.3955, -24.9886 ], [ -48.3984, -24.9876 ], [ -48.3998, -24.9858 ], [ -48.4032, -24.985 ], [ -48.4042, -24.9843 ], [ -48.4055, -24.9825 ], [ -48.4095, -24.9808 ], [ -48.4119, -24.9804 ], [ -48.4136, -24.9825 ], [ -48.4137, -24.986 ], [ -48.4152, -24.9881 ], [ -48.417, -24.9894 ], [ -48.421, -24.9907 ], [ -48.4227, -24.991 ], [ -48.4264, -24.9909 ], [ -48.4288, -24.9901 ], [ -48.4314, -24.9914 ], [ -48.4345, -24.9913 ], [ -48.437, -24.993 ], [ -48.4391, -24.9938 ], [ -48.4415, -24.9958 ], [ -48.4448, -24.9963 ], [ -48.4456, -24.9981 ], [ -48.4483, -24.9991 ], [ -48.4492, -25.0009 ], [ -48.4541, -25.0033 ], [ -48.4596, -25.0054 ], [ -48.4628, -25.0057 ], [ -48.4667, -25.0095 ], [ -48.474, -25.0126 ], [ -48.4754, -25.0151 ], [ -48.4754, -25.0204 ], [ -48.4796, -25.0312 ], [ -48.4809, -25.037 ], [ -48.4855, -25.0421 ], [ -48.486, -25.0454 ], [ -48.4838, -25.0492 ], [ -48.4828, -25.0519 ], [ -48.4833, -25.0532 ], [ -48.4852, -25.054 ], [ -48.4894, -25.0529 ], [ -48.4914, -25.0534 ], [ -48.4939, -25.0567 ], [ -48.4984, -25.0591 ], [ -48.5027, -25.0646 ], [ -48.5064, -25.0676 ], [ -48.5076, -25.0697 ], [ -48.5076, -25.0731 ], [ -48.5083, -25.0747 ], [ -48.5107, -25.0775 ], [ -48.5125, -25.0838 ], [ -48.514, -25.0857 ], [ -48.5197, -25.0848 ], [ -48.5213, -25.0859 ], [ -48.5215, -25.0874 ], [ -48.5225, -25.089 ], [ -48.5219, -25.092 ], [ -48.5229, -25.0937 ], [ -48.5271, -25.0961 ], [ -48.5286, -25.1008 ], [ -48.5302, -25.1008 ], [ -48.5383, -25.098 ], [ -48.5413, -25.0975 ], [ -48.5431, -25.0958 ], [ -48.5452, -25.0949 ], [ -48.556, -25.0866 ], [ -48.5563, -25.0843 ], [ -48.5575, -25.0823 ], [ -48.5584, -25.0793 ], [ -48.5599, -25.078 ], [ -48.5601, -25.0752 ], [ -48.5585, -25.0729 ], [ -48.5592, -25.0703 ], [ -48.5578, -25.0686 ], [ -48.5591, -25.067 ], [ -48.5579, -25.064 ], [ -48.5589, -25.0615 ], [ -48.5617, -25.0604 ], [ -48.562, -25.0589 ], [ -48.5653, -25.0583 ], [ -48.567, -25.0553 ], [ -48.569, -25.0543 ], [ -48.5688, -25.0521 ], [ -48.5698, -25.0508 ], [ -48.5735, -25.0509 ], [ -48.5796, -25.0531 ], [ -48.5827, -25.0516 ], [ -48.583, -25.05 ], [ -48.5814, -25.0493 ], [ -48.5807, -25.0468 ], [ -48.5824, -25.0423 ], [ -48.5838, -25.0416 ], [ -48.5834, -25.0384 ], [ -48.5817, -25.0359 ], [ -48.5815, -25.0349 ], [ -48.5844, -25.0323 ], [ -48.5857, -25.0303 ], [ -48.5896, -25.0297 ], [ -48.588, -25.0277 ], [ -48.5907, -25.0265 ], [ -48.5883, -25.0239 ], [ -48.5889, -25.0197 ], [ -48.59, -25.0193 ], [ -48.5918, -25.0199 ], [ -48.5953, -25.0187 ], [ -48.5982, -25.02 ], [ -48.5992, -25.0193 ], [ -48.5994, -25.0178 ], [ -48.5978, -25.0167 ], [ -48.5972, -25.0154 ], [ -48.5987, -25.0141 ], [ -48.5997, -25.0111 ], [ -48.6008, -25.0105 ], [ -48.6, -25.0061 ], [ -48.5989, -25.0052 ], [ -48.5981, -25.0033 ], [ -48.5971, -25.0009 ], [ -48.5967, -24.9986 ], [ -48.5948, -24.9959 ], [ -48.5916, -24.9967 ], [ -48.5899, -24.9958 ], [ -48.5893, -24.9935 ], [ -48.5904, -24.9904 ], [ -48.5904, -24.9889 ], [ -48.5885, -24.9864 ], [ -48.5866, -24.9859 ], [ -48.583, -24.987 ], [ -48.5801, -24.9869 ], [ -48.5763, -24.9844 ], [ -48.5754, -24.9831 ], [ -48.5747, -24.9801 ], [ -48.5738, -24.9793 ], [ -48.5711, -24.9779 ], [ -48.5679, -24.9736 ], [ -48.5674, -24.9723 ], [ -48.5675, -24.9666 ], [ -48.5686, -24.9628 ], [ -48.5678, -24.9612 ], [ -48.5679, -24.96 ], [ -48.5698, -24.9575 ], [ -48.5716, -24.9564 ], [ -48.5727, -24.9549 ], [ -48.5725, -24.9541 ], [ -48.5705, -24.9516 ], [ -48.5689, -24.9513 ], [ -48.5643, -24.9515 ], [ -48.563, -24.9503 ], [ -48.564, -24.9488 ], [ -48.5689, -24.9469 ], [ -48.5697, -24.9452 ], [ -48.5697, -24.9435 ], [ -48.5677, -24.9415 ], [ -48.564, -24.9403 ], [ -48.5629, -24.9394 ], [ -48.5668, -24.9354 ], [ -48.5664, -24.9327 ], [ -48.5674, -24.9314 ], [ -48.5689, -24.932 ], [ -48.5702, -24.9315 ], [ -48.5694, -24.9283 ], [ -48.5716, -24.9247 ], [ -48.5719, -24.9232 ], [ -48.5713, -24.92 ], [ -48.5699, -24.9197 ], [ -48.5677, -24.9199 ], [ -48.5655, -24.9187 ], [ -48.5652, -24.9177 ], [ -48.5664, -24.9168 ], [ -48.5672, -24.9143 ], [ -48.5664, -24.9112 ], [ -48.5671, -24.9039 ], [ -48.5684, -24.9033 ], [ -48.5703, -24.9035 ], [ -48.5728, -24.9029 ], [ -48.5725, -24.8965 ], [ -48.5721, -24.895 ], [ -48.5706, -24.8941 ], [ -48.5673, -24.8939 ], [ -48.5637, -24.8949 ], [ -48.5625, -24.896 ], [ -48.5616, -24.8976 ], [ -48.5609, -24.9007 ], [ -48.5593, -24.9012 ], [ -48.5579, -24.8965 ], [ -48.5565, -24.8948 ], [ -48.5561, -24.8928 ], [ -48.557, -24.8912 ], [ -48.5594, -24.8892 ], [ -48.5594, -24.8878 ], [ -48.5583, -24.8846 ], [ -48.5564, -24.8823 ], [ -48.5549, -24.8817 ], [ -48.5535, -24.8823 ], [ -48.549, -24.8823 ], [ -48.5468, -24.8812 ], [ -48.5448, -24.879 ], [ -48.5454, -24.877 ], [ -48.5471, -24.8798 ], [ -48.5494, -24.8792 ], [ -48.5468, -24.8738 ], [ -48.5475, -24.8723 ], [ -48.5487, -24.8711 ], [ -48.549, -24.8687 ], [ -48.5497, -24.8675 ], [ -48.5545, -24.8669 ], [ -48.5567, -24.8657 ], [ -48.5623, -24.8651 ], [ -48.5637, -24.8645 ], [ -48.5652, -24.865 ], [ -48.5667, -24.864 ], [ -48.5647, -24.8598 ], [ -48.5645, -24.8562 ], [ -48.5649, -24.8541 ], [ -48.5677, -24.8488 ], [ -48.5678, -24.8475 ], [ -48.5668, -24.8466 ], [ -48.5661, -24.8419 ], [ -48.5639, -24.8369 ], [ -48.5645, -24.8343 ], [ -48.5623, -24.8302 ], [ -48.5623, -24.8284 ], [ -48.5613, -24.8265 ], [ -48.557, -24.8247 ], [ -48.5558, -24.8238 ], [ -48.5565, -24.8228 ], [ -48.5592, -24.8211 ], [ -48.5573, -24.813 ], [ -48.5561, -24.8119 ], [ -48.5554, -24.8101 ], [ -48.5558, -24.8062 ], [ -48.555, -24.8049 ], [ -48.5515, -24.8014 ], [ -48.5489, -24.7972 ], [ -48.5365, -24.7895 ], [ -48.5355, -24.7874 ], [ -48.5344, -24.7867 ], [ -48.5327, -24.7869 ], [ -48.5293, -24.7857 ], [ -48.5288, -24.7843 ], [ -48.5273, -24.7832 ], [ -48.5183, -24.781 ], [ -48.5167, -24.7802 ], [ -48.5157, -24.7784 ], [ -48.5158, -24.7768 ], [ -48.5178, -24.7744 ], [ -48.5171, -24.7731 ], [ -48.5173, -24.7702 ], [ -48.5167, -24.7686 ], [ -48.5143, -24.7671 ], [ -48.5121, -24.764 ], [ -48.5103, -24.764 ], [ -48.5079, -24.7652 ], [ -48.5068, -24.7633 ], [ -48.5081, -24.762 ], [ -48.5078, -24.7606 ], [ -48.5085, -24.7572 ], [ -48.5075, -24.7553 ], [ -48.5077, -24.7524 ], [ -48.5071, -24.7511 ], [ -48.5019, -24.746 ], [ -48.5021, -24.7447 ], [ -48.5041, -24.7415 ], [ -48.5032, -24.7391 ], [ -48.5005, -24.7394 ], [ -48.4993, -24.739 ], [ -48.5003, -24.7373 ], [ -48.5021, -24.7374 ], [ -48.5038, -24.7349 ], [ -48.505, -24.7349 ], [ -48.5066, -24.7358 ], [ -48.5077, -24.7383 ], [ -48.5095, -24.7402 ], [ -48.5115, -24.7406 ], [ -48.513, -24.7402 ], [ -48.5152, -24.7388 ], [ -48.5166, -24.7388 ], [ -48.5201, -24.7376 ], [ -48.5225, -24.7361 ], [ -48.524, -24.7363 ], [ -48.5256, -24.7372 ], [ -48.5266, -24.7387 ], [ -48.5294, -24.7393 ], [ -48.5308, -24.7384 ], [ -48.5318, -24.7368 ], [ -48.5303, -24.7343 ], [ -48.5304, -24.7331 ], [ -48.5292, -24.7316 ], [ -48.5306, -24.7301 ], [ -48.5339, -24.7281 ], [ -48.5381, -24.7262 ], [ -48.5408, -24.7258 ], [ -48.5426, -24.726 ], [ -48.5436, -24.7252 ], [ -48.5446, -24.7227 ], [ -48.5458, -24.7219 ], [ -48.546, -24.7206 ], [ -48.5446, -24.718 ], [ -48.5509, -24.7174 ], [ -48.5524, -24.7152 ], [ -48.5513, -24.711 ], [ -48.5521, -24.7096 ], [ -48.5534, -24.7097 ], [ -48.558, -24.7109 ], [ -48.5601, -24.7107 ], [ -48.56, -24.7094 ], [ -48.5617, -24.7071 ], [ -48.5647, -24.7062 ], [ -48.5692, -24.7008 ], [ -48.568, -24.6995 ], [ -48.5675, -24.6981 ], [ -48.5683, -24.6956 ], [ -48.5712, -24.6939 ], [ -48.5709, -24.6922 ], [ -48.5722, -24.6906 ], [ -48.5752, -24.6895 ], [ -48.5766, -24.6884 ], [ -48.577, -24.6871 ], [ -48.579, -24.6855 ], [ -48.5789, -24.6827 ], [ -48.58, -24.68 ], [ -48.5808, -24.6716 ], [ -48.582, -24.6707 ], [ -48.5847, -24.6718 ], [ -48.5856, -24.6765 ], [ -48.5865, -24.6786 ], [ -48.5893, -24.6805 ], [ -48.5905, -24.6799 ], [ -48.5909, -24.6769 ], [ -48.5934, -24.6743 ], [ -48.5971, -24.6714 ], [ -48.5988, -24.6708 ], [ -48.6012, -24.6691 ], [ -48.604, -24.6683 ], [ -48.6073, -24.6686 ], [ -48.6115, -24.6709 ], [ -48.6133, -24.6705 ], [ -48.6154, -24.6684 ], [ -48.6166, -24.6687 ], [ -48.6184, -24.6722 ], [ -48.6213, -24.6741 ], [ -48.6251, -24.6789 ], [ -48.6282, -24.6805 ], [ -48.6308, -24.6798 ], [ -48.6316, -24.6787 ], [ -48.6311, -24.6773 ], [ -48.6323, -24.677 ], [ -48.6335, -24.6778 ], [ -48.6378, -24.6777 ], [ -48.6401, -24.6789 ], [ -48.6411, -24.6801 ], [ -48.6428, -24.681 ], [ -48.6453, -24.6815 ], [ -48.6448, -24.6831 ], [ -48.6411, -24.6865 ], [ -48.6408, -24.688 ], [ -48.6416, -24.6897 ], [ -48.6434, -24.6891 ], [ -48.6451, -24.6899 ], [ -48.655, -24.6909 ], [ -48.6582, -24.692 ], [ -48.6585, -24.6933 ], [ -48.6578, -24.6943 ], [ -48.6608, -24.6991 ], [ -48.6612, -24.7041 ], [ -48.6593, -24.706 ], [ -48.6605, -24.7068 ], [ -48.6644, -24.7065 ], [ -48.6675, -24.7045 ], [ -48.6685, -24.7034 ], [ -48.6713, -24.7035 ], [ -48.675, -24.7018 ], [ -48.6772, -24.6984 ], [ -48.6761, -24.6978 ], [ -48.6731, -24.6988 ], [ -48.6715, -24.6987 ], [ -48.6719, -24.6973 ], [ -48.6736, -24.6966 ], [ -48.6763, -24.6939 ], [ -48.6771, -24.6925 ], [ -48.6763, -24.6914 ], [ -48.6728, -24.6888 ], [ -48.6721, -24.6873 ], [ -48.6724, -24.686 ], [ -48.675, -24.6841 ], [ -48.6744, -24.6828 ], [ -48.6724, -24.681 ], [ -48.6715, -24.6793 ], [ -48.6743, -24.6777 ], [ -48.6769, -24.6754 ], [ -48.6762, -24.6734 ], [ -48.677, -24.6716 ], [ -48.6787, -24.6709 ], [ -48.6847, -24.6709 ], [ -48.6878, -24.6695 ], [ -48.6897, -24.6679 ], [ -48.6913, -24.6682 ], [ -48.6935, -24.6695 ], [ -48.6941, -24.6707 ], [ -48.6935, -24.6734 ], [ -48.6883, -24.6775 ], [ -48.6886, -24.6804 ], [ -48.6903, -24.6826 ], [ -48.6908, -24.684 ], [ -48.6904, -24.6866 ], [ -48.6891, -24.6891 ], [ -48.6888, -24.6925 ], [ -48.6899, -24.6939 ], [ -48.6915, -24.694 ], [ -48.6926, -24.6934 ], [ -48.6953, -24.6895 ], [ -48.6967, -24.6885 ], [ -48.6994, -24.6853 ], [ -48.7, -24.6817 ], [ -48.7011, -24.6804 ], [ -48.7038, -24.6804 ], [ -48.706, -24.683 ], [ -48.7074, -24.6836 ], [ -48.7107, -24.6827 ], [ -48.7124, -24.6827 ], [ -48.7154, -24.6833 ], [ -48.7186, -24.683 ], [ -48.7216, -24.6843 ], [ -48.7264, -24.6848 ], [ -48.7301, -24.687 ], [ -48.7318, -24.6865 ], [ -48.7345, -24.6845 ], [ -48.7361, -24.6851 ], [ -48.7371, -24.6861 ], [ -48.74, -24.6869 ], [ -48.7411, -24.688 ], [ -48.7419, -24.6907 ], [ -48.7447, -24.6932 ], [ -48.7503, -24.6952 ], [ -48.7524, -24.6952 ], [ -48.7557, -24.6928 ], [ -48.7554, -24.6901 ], [ -48.7532, -24.6877 ], [ -48.7531, -24.6824 ], [ -48.7545, -24.6812 ], [ -48.7573, -24.6799 ], [ -48.7589, -24.6803 ], [ -48.7626, -24.6873 ], [ -48.7653, -24.6898 ], [ -48.7691, -24.6953 ], [ -48.7705, -24.696 ], [ -48.7734, -24.6952 ], [ -48.7771, -24.6957 ], [ -48.7787, -24.6967 ], [ -48.7808, -24.6932 ], [ -48.7811, -24.6905 ], [ -48.7822, -24.6881 ], [ -48.7836, -24.6864 ], [ -48.7846, -24.6844 ], [ -48.7865, -24.6838 ], [ -48.7882, -24.6812 ], [ -48.7947, -24.6785 ], [ -48.7956, -24.6764 ], [ -48.8008, -24.6749 ], [ -48.8025, -24.6762 ], [ -48.8038, -24.6766 ], [ -48.8097, -24.6758 ], [ -48.8108, -24.675 ], [ -48.8072, -24.6724 ], [ -48.8043, -24.6673 ], [ -48.8003, -24.6668 ], [ -48.7986, -24.6677 ], [ -48.7936, -24.6682 ], [ -48.7889, -24.6674 ], [ -48.7864, -24.6675 ], [ -48.7835, -24.6668 ], [ -48.7795, -24.6651 ], [ -48.7787, -24.6644 ], [ -48.7777, -24.662 ], [ -48.7763, -24.6617 ], [ -48.7745, -24.6603 ], [ -48.773, -24.6597 ], [ -48.7713, -24.6578 ], [ -48.7694, -24.6566 ], [ -48.7674, -24.6567 ], [ -48.7664, -24.6531 ], [ -48.7652, -24.6507 ], [ -48.7637, -24.6488 ], [ -48.7614, -24.6472 ], [ -48.76, -24.6458 ], [ -48.7577, -24.646 ], [ -48.7527, -24.6458 ], [ -48.7505, -24.6454 ], [ -48.746, -24.6441 ], [ -48.7429, -24.6416 ], [ -48.7403, -24.6415 ], [ -48.7394, -24.641 ], [ -48.7355, -24.6413 ], [ -48.7329, -24.6407 ], [ -48.7308, -24.6372 ], [ -48.7319, -24.6352 ], [ -48.7327, -24.6346 ], [ -48.7324, -24.6316 ], [ -48.7334, -24.6295 ], [ -48.7362, -24.6286 ], [ -48.7387, -24.626 ], [ -48.7382, -24.6251 ], [ -48.736, -24.6246 ], [ -48.7346, -24.622 ], [ -48.7358, -24.6206 ], [ -48.7377, -24.6201 ], [ -48.7374, -24.6184 ], [ -48.7385, -24.6134 ], [ -48.7402, -24.6117 ], [ -48.7429, -24.6116 ], [ -48.7445, -24.6112 ], [ -48.7457, -24.6102 ], [ -48.7467, -24.6083 ], [ -48.7493, -24.6049 ], [ -48.7501, -24.6018 ], [ -48.7492, -24.5972 ], [ -48.7514, -24.595 ], [ -48.7525, -24.5899 ], [ -48.7535, -24.5883 ], [ -48.7548, -24.5878 ], [ -48.7595, -24.5872 ], [ -48.7623, -24.5884 ], [ -48.7637, -24.5865 ], [ -48.766, -24.5867 ], [ -48.7711, -24.5867 ], [ -48.7753, -24.5883 ], [ -48.7769, -24.5896 ], [ -48.7796, -24.5907 ], [ -48.7809, -24.5895 ], [ -48.7801, -24.5879 ], [ -48.7803, -24.5866 ], [ -48.782, -24.5866 ], [ -48.7837, -24.5849 ], [ -48.7833, -24.5816 ], [ -48.7819, -24.5794 ], [ -48.7847, -24.5768 ], [ -48.7867, -24.576 ], [ -48.7881, -24.5737 ], [ -48.7894, -24.5725 ], [ -48.7885, -24.571 ], [ -48.7865, -24.571 ], [ -48.7855, -24.5681 ], [ -48.7836, -24.5678 ], [ -48.783, -24.5662 ], [ -48.7813, -24.5665 ], [ -48.7812, -24.5649 ], [ -48.7824, -24.5633 ], [ -48.785, -24.5623 ], [ -48.7882, -24.5596 ], [ -48.7892, -24.5582 ], [ -48.7882, -24.5574 ], [ -48.786, -24.5574 ], [ -48.7849, -24.5566 ], [ -48.783, -24.5563 ], [ -48.781, -24.5566 ], [ -48.7783, -24.5555 ], [ -48.7776, -24.5544 ], [ -48.7777, -24.5525 ], [ -48.7756, -24.5518 ], [ -48.774, -24.5518 ], [ -48.7733, -24.551 ], [ -48.7701, -24.5507 ], [ -48.7687, -24.5488 ], [ -48.7665, -24.5485 ], [ -48.7647, -24.5468 ], [ -48.7607, -24.5466 ], [ -48.7589, -24.5452 ], [ -48.7582, -24.544 ], [ -48.7557, -24.5432 ], [ -48.7541, -24.5422 ], [ -48.7533, -24.5404 ], [ -48.7505, -24.5399 ], [ -48.7497, -24.5386 ], [ -48.748, -24.5381 ], [ -48.7465, -24.5365 ], [ -48.7421, -24.535 ], [ -48.7407, -24.5342 ], [ -48.7379, -24.5336 ], [ -48.7367, -24.5318 ], [ -48.7338, -24.5297 ], [ -48.7322, -24.5293 ], [ -48.7279, -24.5276 ], [ -48.7275, -24.5266 ], [ -48.7282, -24.5248 ], [ -48.7274, -24.522 ], [ -48.7251, -24.5195 ], [ -48.7249, -24.5184 ], [ -48.7204, -24.5172 ], [ -48.718, -24.5149 ], [ -48.7171, -24.5131 ], [ -48.7146, -24.5112 ], [ -48.7086, -24.5103 ], [ -48.7054, -24.5096 ], [ -48.7037, -24.5086 ], [ -48.7042, -24.506 ], [ -48.7039, -24.5052 ], [ -48.7011, -24.5054 ], [ -48.6998, -24.5064 ], [ -48.6983, -24.5065 ], [ -48.698, -24.5054 ], [ -48.6958, -24.505 ], [ -48.6926, -24.5028 ], [ -48.689, -24.5015 ], [ -48.6879, -24.5008 ], [ -48.6875, -24.4991 ], [ -48.6885, -24.4963 ], [ -48.6878, -24.4948 ], [ -48.6862, -24.494 ], [ -48.6821, -24.4933 ], [ -48.679, -24.491 ], [ -48.6752, -24.4895 ], [ -48.6729, -24.488 ], [ -48.6723, -24.487 ], [ -48.6724, -24.4849 ], [ -48.6692, -24.4829 ], [ -48.667, -24.4798 ], [ -48.6669, -24.4781 ], [ -48.6683, -24.4769 ], [ -48.6701, -24.4766 ], [ -48.6717, -24.4771 ], [ -48.6737, -24.4785 ], [ -48.6748, -24.4781 ], [ -48.6749, -24.4761 ], [ -48.6742, -24.4744 ], [ -48.6729, -24.4727 ], [ -48.6689, -24.4697 ], [ -48.6661, -24.4685 ], [ -48.6646, -24.4669 ], [ -48.6622, -24.4659 ], [ -48.6585, -24.4622 ], [ -48.6559, -24.46 ], [ -48.6552, -24.4568 ], [ -48.6546, -24.4561 ], [ -48.6503, -24.4556 ], [ -48.6504, -24.4572 ], [ -48.6457, -24.4583 ], [ -48.6452, -24.4596 ], [ -48.6407, -24.4592 ], [ -48.6389, -24.4582 ], [ -48.6372, -24.4581 ], [ -48.6356, -24.4571 ], [ -48.6346, -24.4577 ], [ -48.6322, -24.4576 ], [ -48.6304, -24.4556 ], [ -48.629, -24.4518 ], [ -48.6288, -24.4489 ], [ -48.6298, -24.4479 ], [ -48.6319, -24.447 ], [ -48.6306, -24.4444 ], [ -48.6302, -24.4429 ], [ -48.631, -24.4383 ], [ -48.6298, -24.4371 ], [ -48.626, -24.4392 ], [ -48.6213, -24.4403 ], [ -48.6181, -24.443 ], [ -48.6164, -24.4463 ], [ -48.6175, -24.4506 ], [ -48.6157, -24.4527 ], [ -48.6156, -24.4552 ], [ -48.6148, -24.4556 ], [ -48.6132, -24.4531 ], [ -48.6105, -24.4515 ], [ -48.6055, -24.448 ], [ -48.6042, -24.4462 ], [ -48.6013, -24.4446 ], [ -48.5992, -24.4449 ], [ -48.594, -24.4427 ], [ -48.592, -24.4411 ], [ -48.5891, -24.4364 ], [ -48.5863, -24.4348 ], [ -48.5849, -24.4351 ], [ -48.5826, -24.4374 ], [ -48.5809, -24.438 ], [ -48.5779, -24.4375 ], [ -48.5781, -24.4358 ], [ -48.5743, -24.4339 ], [ -48.5724, -24.434 ], [ -48.5704, -24.4352 ], [ -48.5693, -24.435 ], [ -48.567, -24.4356 ], [ -48.5658, -24.4366 ], [ -48.5634, -24.4364 ], [ -48.5608, -24.4389 ], [ -48.5598, -24.4391 ], [ -48.5567, -24.4385 ], [ -48.5526, -24.439 ], [ -48.5496, -24.4405 ], [ -48.5472, -24.4395 ], [ -48.5454, -24.4376 ], [ -48.5414, -24.4359 ], [ -48.5404, -24.4346 ], [ -48.5367, -24.4347 ], [ -48.5359, -24.4344 ], [ -48.535, -24.4325 ], [ -48.5335, -24.4308 ], [ -48.5307, -24.4303 ], [ -48.5276, -24.4278 ], [ -48.5267, -24.4259 ], [ -48.5254, -24.4254 ], [ -48.5247, -24.4244 ], [ -48.5247, -24.4219 ], [ -48.5211, -24.4209 ], [ -48.5182, -24.421 ], [ -48.5163, -24.4196 ], [ -48.52, -24.4181 ], [ -48.5208, -24.4165 ], [ -48.5194, -24.4159 ], [ -48.5193, -24.4149 ], [ -48.5207, -24.4146 ], [ -48.5216, -24.4127 ], [ -48.5228, -24.4113 ], [ -48.5214, -24.4097 ], [ -48.5207, -24.4069 ], [ -48.5185, -24.4077 ], [ -48.5191, -24.4061 ], [ -48.5173, -24.4038 ], [ -48.5171, -24.4022 ], [ -48.5154, -24.4026 ], [ -48.5133, -24.4022 ], [ -48.5118, -24.4027 ], [ -48.5101, -24.4016 ], [ -48.5104, -24.4007 ], [ -48.5093, -24.3981 ], [ -48.5082, -24.3981 ], [ -48.5074, -24.3963 ], [ -48.5087, -24.3954 ], [ -48.5079, -24.3943 ], [ -48.5068, -24.3945 ], [ -48.5059, -24.3964 ], [ -48.5042, -24.3957 ], [ -48.505, -24.3942 ], [ -48.5049, -24.3908 ], [ -48.5032, -24.3896 ], [ -48.5029, -24.3875 ], [ -48.5009, -24.3869 ], [ -48.4999, -24.3885 ], [ -48.4976, -24.3896 ], [ -48.496, -24.389 ], [ -48.4947, -24.3866 ], [ -48.4949, -24.3852 ], [ -48.4938, -24.3838 ], [ -48.4933, -24.3815 ], [ -48.4915, -24.3778 ], [ -48.4921, -24.3767 ], [ -48.4916, -24.3748 ], [ -48.4923, -24.3738 ], [ -48.4921, -24.3722 ], [ -48.4906, -24.3706 ], [ -48.4912, -24.3697 ], [ -48.4931, -24.3693 ], [ -48.4934, -24.3679 ], [ -48.4946, -24.3669 ], [ -48.4947, -24.3657 ], [ -48.4965, -24.3644 ], [ -48.497, -24.3623 ], [ -48.4993, -24.3617 ], [ -48.5004, -24.3604 ], [ -48.5018, -24.3602 ], [ -48.5035, -24.3587 ], [ -48.5038, -24.3577 ], [ -48.5051, -24.3559 ], [ -48.505, -24.3543 ], [ -48.5014, -24.35 ], [ -48.5016, -24.3483 ], [ -48.5036, -24.3473 ], [ -48.5056, -24.345 ], [ -48.5074, -24.3441 ], [ -48.5111, -24.341 ], [ -48.5132, -24.3386 ], [ -48.5142, -24.3381 ], [ -48.5193, -24.3396 ], [ -48.5225, -24.3402 ], [ -48.5248, -24.3422 ], [ -48.5285, -24.3429 ], [ -48.5317, -24.3444 ], [ -48.534, -24.3457 ], [ -48.535, -24.3474 ], [ -48.5361, -24.3474 ], [ -48.5387, -24.3459 ], [ -48.54, -24.3435 ], [ -48.5388, -24.3417 ], [ -48.539, -24.3405 ], [ -48.5404, -24.3385 ], [ -48.5428, -24.3369 ], [ -48.5434, -24.3346 ], [ -48.5447, -24.3344 ], [ -48.5469, -24.3361 ], [ -48.5495, -24.336 ], [ -48.5519, -24.3369 ], [ -48.554, -24.3371 ], [ -48.5586, -24.3391 ], [ -48.5613, -24.3408 ], [ -48.5639, -24.3402 ], [ -48.5656, -24.3379 ], [ -48.567, -24.3366 ], [ -48.5696, -24.3363 ], [ -48.5729, -24.3374 ], [ -48.5773, -24.3378 ], [ -48.5782, -24.3364 ], [ -48.5777, -24.333 ], [ -48.5794, -24.3333 ], [ -48.5848, -24.3395 ], [ -48.5891, -24.342 ], [ -48.5932, -24.3426 ], [ -48.5948, -24.3423 ], [ -48.5981, -24.3399 ], [ -48.5997, -24.3395 ], [ -48.6021, -24.3403 ], [ -48.6038, -24.3396 ], [ -48.6076, -24.339 ], [ -48.608, -24.3385 ], [ -48.6061, -24.3354 ], [ -48.605, -24.333 ], [ -48.6052, -24.3322 ], [ -48.6034, -24.334 ], [ -48.6017, -24.3338 ], [ -48.6004, -24.3318 ], [ -48.6006, -24.3302 ], [ -48.5993, -24.3283 ], [ -48.596, -24.3253 ], [ -48.5949, -24.3237 ], [ -48.5919, -24.3209 ], [ -48.5904, -24.3177 ], [ -48.5907, -24.3151 ], [ -48.5886, -24.314 ], [ -48.5862, -24.3109 ], [ -48.5806, -24.3073 ], [ -48.5777, -24.3037 ], [ -48.5753, -24.3028 ], [ -48.5721, -24.3004 ], [ -48.5685, -24.2989 ], [ -48.5674, -24.2981 ], [ -48.5655, -24.2958 ], [ -48.5628, -24.2935 ], [ -48.5618, -24.2921 ], [ -48.5619, -24.2897 ], [ -48.5612, -24.2879 ], [ -48.5584, -24.287 ], [ -48.5557, -24.2874 ], [ -48.553, -24.289 ], [ -48.5519, -24.2905 ], [ -48.5529, -24.2935 ], [ -48.5526, -24.2952 ], [ -48.5507, -24.2989 ], [ -48.5482, -24.302 ], [ -48.5478, -24.3036 ], [ -48.5487, -24.3062 ], [ -48.546, -24.3084 ], [ -48.5436, -24.311 ], [ -48.5404, -24.3126 ], [ -48.5397, -24.314 ], [ -48.5401, -24.3154 ], [ -48.5389, -24.3178 ], [ -48.535, -24.3205 ], [ -48.5336, -24.3208 ], [ -48.5316, -24.3201 ], [ -48.5307, -24.3193 ], [ -48.5304, -24.3176 ], [ -48.5289, -24.3171 ], [ -48.5235, -24.3199 ], [ -48.5229, -24.3174 ], [ -48.5233, -24.3143 ], [ -48.5231, -24.3114 ], [ -48.5224, -24.3099 ], [ -48.5207, -24.3082 ], [ -48.5186, -24.3081 ], [ -48.5169, -24.3095 ], [ -48.5152, -24.3093 ], [ -48.5148, -24.307 ], [ -48.5134, -24.3056 ], [ -48.5116, -24.3062 ], [ -48.51, -24.3053 ], [ -48.5094, -24.3033 ], [ -48.5085, -24.3033 ], [ -48.5062, -24.3042 ], [ -48.5042, -24.3036 ], [ -48.5037, -24.3025 ], [ -48.5048, -24.3011 ], [ -48.5049, -24.3001 ], [ -48.5033, -24.2984 ], [ -48.5029, -24.2962 ], [ -48.5007, -24.2939 ], [ -48.5008, -24.2924 ], [ -48.5019, -24.2908 ], [ -48.5033, -24.2898 ], [ -48.5035, -24.2881 ], [ -48.5027, -24.2867 ], [ -48.4994, -24.284 ], [ -48.4979, -24.2812 ], [ -48.4966, -24.2803 ], [ -48.4942, -24.2801 ], [ -48.4912, -24.2817 ], [ -48.488, -24.2842 ], [ -48.4858, -24.2838 ], [ -48.4832, -24.2853 ], [ -48.4802, -24.2865 ], [ -48.476, -24.2896 ], [ -48.4747, -24.289 ], [ -48.4725, -24.2853 ], [ -48.4712, -24.286 ], [ -48.4712, -24.2879 ], [ -48.4697, -24.2883 ], [ -48.468, -24.287 ], [ -48.4651, -24.2861 ], [ -48.4636, -24.287 ], [ -48.4599, -24.2918 ], [ -48.4592, -24.2935 ], [ -48.4571, -24.2956 ], [ -48.4558, -24.2955 ], [ -48.4545, -24.2941 ], [ -48.4536, -24.2915 ], [ -48.4543, -24.2893 ], [ -48.4543, -24.2877 ], [ -48.4529, -24.286 ], [ -48.4526, -24.2843 ], [ -48.4538, -24.2827 ], [ -48.4564, -24.2812 ], [ -48.4589, -24.281 ], [ -48.4604, -24.2789 ], [ -48.4621, -24.2781 ], [ -48.4623, -24.2763 ], [ -48.4643, -24.2741 ], [ -48.4647, -24.2729 ], [ -48.4641, -24.2688 ], [ -48.4626, -24.2659 ], [ -48.4623, -24.2634 ], [ -48.4613, -24.2615 ], [ -48.461, -24.259 ], [ -48.4591, -24.2547 ], [ -48.459, -24.2528 ], [ -48.4576, -24.2527 ], [ -48.4544, -24.2543 ], [ -48.4537, -24.2553 ], [ -48.4525, -24.2597 ], [ -48.453, -24.2616 ], [ -48.452, -24.2633 ], [ -48.4505, -24.2635 ], [ -48.4488, -24.2628 ], [ -48.4466, -24.2631 ], [ -48.4448, -24.265 ], [ -48.4434, -24.2645 ], [ -48.4425, -24.2629 ], [ -48.4386, -24.2626 ], [ -48.4338, -24.2641 ], [ -48.4311, -24.2637 ], [ -48.4302, -24.2644 ], [ -48.4298, -24.2664 ], [ -48.4286, -24.2668 ], [ -48.4259, -24.2658 ], [ -48.4222, -24.266 ], [ -48.4182, -24.2677 ], [ -48.4152, -24.2681 ], [ -48.411, -24.2675 ], [ -48.4103, -24.2696 ], [ -48.4094, -24.2708 ], [ -48.4058, -24.2732 ], [ -48.4057, -24.2742 ], [ -48.408, -24.2766 ], [ -48.4084, -24.2778 ], [ -48.4069, -24.2808 ], [ -48.4068, -24.2829 ], [ -48.4062, -24.284 ], [ -48.4035, -24.2842 ], [ -48.4023, -24.285 ], [ -48.3997, -24.2853 ], [ -48.3993, -24.287 ], [ -48.3997, -24.2889 ], [ -48.3977, -24.2913 ], [ -48.3945, -24.2918 ], [ -48.3935, -24.293 ], [ -48.3941, -24.2972 ], [ -48.3919, -24.3007 ], [ -48.3911, -24.3039 ], [ -48.3891, -24.306 ], [ -48.3874, -24.3066 ], [ -48.3861, -24.3062 ], [ -48.3831, -24.3042 ], [ -48.3813, -24.303 ], [ -48.3794, -24.3 ], [ -48.3777, -24.2985 ], [ -48.3748, -24.2967 ], [ -48.3727, -24.2942 ], [ -48.3698, -24.2933 ], [ -48.368, -24.2899 ], [ -48.3663, -24.2876 ], [ -48.3639, -24.2852 ], [ -48.361, -24.2828 ], [ -48.36, -24.2824 ], [ -48.3582, -24.283 ], [ -48.3563, -24.2845 ], [ -48.3539, -24.2851 ], [ -48.3523, -24.288 ], [ -48.3495, -24.2877 ], [ -48.3459, -24.2861 ], [ -48.3424, -24.2866 ], [ -48.3403, -24.2886 ], [ -48.3401, -24.2924 ], [ -48.3395, -24.2929 ], [ -48.3353, -24.2929 ], [ -48.3334, -24.2923 ], [ -48.332, -24.2911 ], [ -48.33, -24.2906 ], [ -48.3266, -24.2913 ], [ -48.3247, -24.2928 ], [ -48.3241, -24.294 ], [ -48.3243, -24.2955 ], [ -48.3271, -24.2974 ], [ -48.3283, -24.2994 ], [ -48.3282, -24.3006 ], [ -48.3299, -24.3033 ], [ -48.3298, -24.3057 ], [ -48.3301, -24.3079 ], [ -48.3292, -24.3097 ], [ -48.3291, -24.3122 ], [ -48.3283, -24.3128 ], [ -48.3227, -24.3145 ], [ -48.3202, -24.3138 ], [ -48.3182, -24.3137 ], [ -48.3169, -24.313 ], [ -48.3134, -24.3099 ], [ -48.31, -24.3079 ], [ -48.3055, -24.3045 ], [ -48.3019, -24.3054 ], [ -48.3005, -24.3067 ], [ -48.2996, -24.3064 ], [ -48.2999, -24.3047 ], [ -48.2987, -24.3027 ], [ -48.2976, -24.3019 ], [ -48.2949, -24.3013 ], [ -48.296, -24.2989 ], [ -48.2956, -24.2973 ], [ -48.2943, -24.2957 ], [ -48.2921, -24.2943 ], [ -48.2905, -24.2942 ], [ -48.2878, -24.2946 ], [ -48.286, -24.2955 ], [ -48.2825, -24.2981 ], [ -48.2808, -24.2981 ], [ -48.2786, -24.2968 ], [ -48.2761, -24.2968 ], [ -48.275, -24.2964 ], [ -48.2746, -24.2941 ], [ -48.2767, -24.2919 ], [ -48.2775, -24.2905 ], [ -48.2804, -24.2897 ], [ -48.2824, -24.2882 ], [ -48.2836, -24.286 ], [ -48.2836, -24.284 ], [ -48.281, -24.2819 ], [ -48.2798, -24.2811 ], [ -48.2751, -24.2789 ], [ -48.2725, -24.2768 ], [ -48.271, -24.2761 ], [ -48.268, -24.276 ], [ -48.267, -24.2756 ], [ -48.2657, -24.2738 ], [ -48.2636, -24.2736 ], [ -48.2623, -24.2709 ], [ -48.2603, -24.2703 ], [ -48.259, -24.2682 ], [ -48.2574, -24.2669 ], [ -48.2572, -24.2649 ], [ -48.256, -24.2624 ], [ -48.2537, -24.2602 ], [ -48.2531, -24.2582 ], [ -48.2512, -24.2586 ], [ -48.249, -24.2598 ], [ -48.2472, -24.26 ], [ -48.2453, -24.2594 ], [ -48.2425, -24.2599 ], [ -48.2422, -24.2623 ], [ -48.2414, -24.2631 ], [ -48.2384, -24.2638 ], [ -48.2359, -24.2631 ], [ -48.2321, -24.2633 ], [ -48.2295, -24.264 ], [ -48.227, -24.2626 ], [ -48.2256, -24.2627 ], [ -48.2235, -24.2638 ], [ -48.2201, -24.2642 ], [ -48.2179, -24.2625 ], [ -48.215, -24.2621 ], [ -48.2134, -24.2625 ], [ -48.2101, -24.2621 ], [ -48.2086, -24.263 ], [ -48.2049, -24.2633 ], [ -48.2032, -24.2624 ], [ -48.2015, -24.2624 ], [ -48.1996, -24.2607 ], [ -48.1993, -24.259 ], [ -48.1978, -24.2567 ], [ -48.1974, -24.2553 ], [ -48.1956, -24.2545 ], [ -48.192, -24.2544 ], [ -48.1886, -24.252 ], [ -48.187, -24.2517 ], [ -48.1847, -24.2495 ], [ -48.1828, -24.249 ], [ -48.181, -24.2477 ], [ -48.1762, -24.2469 ], [ -48.1744, -24.2456 ], [ -48.1711, -24.245 ], [ -48.1679, -24.242 ], [ -48.1657, -24.2385 ], [ -48.1617, -24.2369 ], [ -48.1596, -24.2352 ], [ -48.1576, -24.2329 ], [ -48.155, -24.2325 ], [ -48.1539, -24.2309 ], [ -48.1546, -24.2297 ], [ -48.1504, -24.2291 ], [ -48.1482, -24.2293 ], [ -48.1482, -24.2306 ], [ -48.1491, -24.2317 ], [ -48.1488, -24.2331 ], [ -48.1468, -24.2328 ], [ -48.1449, -24.2317 ], [ -48.1436, -24.2295 ], [ -48.1437, -24.2277 ], [ -48.1462, -24.2268 ], [ -48.1468, -24.2261 ], [ -48.1459, -24.2241 ], [ -48.1443, -24.2222 ], [ -48.1438, -24.22 ], [ -48.1449, -24.2184 ], [ -48.1446, -24.2168 ], [ -48.1461, -24.2149 ], [ -48.1457, -24.2123 ], [ -48.1436, -24.2113 ], [ -48.1405, -24.2111 ], [ -48.1385, -24.2092 ], [ -48.1386, -24.2077 ], [ -48.1402, -24.2047 ], [ -48.1421, -24.2038 ], [ -48.1435, -24.2004 ], [ -48.1425, -24.1984 ], [ -48.1421, -24.1957 ], [ -48.1413, -24.1945 ], [ -48.1395, -24.1944 ], [ -48.1378, -24.1952 ], [ -48.1351, -24.1945 ], [ -48.133, -24.1945 ], [ -48.1308, -24.196 ], [ -48.1289, -24.1966 ], [ -48.1273, -24.1965 ], [ -48.1244, -24.1974 ], [ -48.1217, -24.1957 ], [ -48.1186, -24.1948 ], [ -48.1168, -24.1955 ], [ -48.1155, -24.199 ], [ -48.1139, -24.1999 ], [ -48.1091, -24.2003 ], [ -48.1063, -24.2015 ], [ -48.0995, -24.2021 ], [ -48.0949, -24.2013 ], [ -48.0936, -24.1999 ], [ -48.093, -24.1957 ], [ -48.0945, -24.1942 ], [ -48.0939, -24.1935 ], [ -48.0913, -24.1939 ], [ -48.088, -24.1938 ], [ -48.0852, -24.1913 ], [ -48.0841, -24.1913 ], [ -48.083, -24.1931 ], [ -48.0815, -24.1932 ], [ -48.0797, -24.1919 ], [ -48.076, -24.1905 ], [ -48.0721, -24.1866 ], [ -48.0689, -24.1851 ], [ -48.0667, -24.1832 ], [ -48.0627, -24.1823 ], [ -48.06, -24.1833 ], [ -48.0609, -24.1802 ], [ -48.0602, -24.179 ], [ -48.0581, -24.1772 ], [ -48.0578, -24.1755 ], [ -48.059, -24.1738 ], [ -48.0575, -24.1726 ], [ -48.0582, -24.1703 ], [ -48.0575, -24.1682 ], [ -48.0584, -24.1653 ], [ -48.0569, -24.1636 ], [ -48.0589, -24.1619 ], [ -48.0601, -24.16 ], [ -48.0601, -24.1591 ], [ -48.058, -24.1572 ], [ -48.0544, -24.1578 ], [ -48.0506, -24.1563 ], [ -48.0514, -24.1547 ], [ -48.0519, -24.1523 ], [ -48.0539, -24.1494 ], [ -48.0568, -24.1481 ], [ -48.0566, -24.146 ], [ -48.0529, -24.1439 ], [ -48.0516, -24.1426 ], [ -48.0509, -24.1406 ], [ -48.051, -24.1387 ], [ -48.0494, -24.1376 ], [ -48.0476, -24.1382 ], [ -48.045, -24.1378 ], [ -48.0417, -24.1382 ], [ -48.039, -24.1372 ], [ -48.0369, -24.1357 ], [ -48.0359, -24.1354 ], [ -48.0299, -24.1358 ], [ -48.0272, -24.134 ], [ -48.0259, -24.1339 ], [ -48.0242, -24.1347 ], [ -48.0234, -24.1339 ], [ -48.0234, -24.1321 ], [ -48.0224, -24.1307 ], [ -48.0195, -24.1292 ], [ -48.016, -24.1286 ], [ -48.0133, -24.1296 ], [ -48.012, -24.131 ], [ -48.0116, -24.1324 ], [ -48.0122, -24.135 ], [ -48.0088, -24.1354 ], [ -48.006, -24.1328 ], [ -48.0038, -24.1319 ], [ -48.0017, -24.1296 ], [ -48.0007, -24.129 ], [ -47.9972, -24.1257 ], [ -47.9958, -24.1249 ], [ -47.9904, -24.1226 ], [ -47.9879, -24.1202 ], [ -47.9871, -24.1175 ], [ -47.9858, -24.1159 ], [ -47.9839, -24.1153 ], [ -47.9812, -24.1135 ], [ -47.978, -24.1143 ], [ -47.9766, -24.1137 ], [ -47.975, -24.1136 ], [ -47.9706, -24.1152 ], [ -47.9679, -24.1156 ], [ -47.964, -24.1151 ], [ -47.9606, -24.1157 ], [ -47.9578, -24.1154 ], [ -47.9568, -24.1158 ], [ -47.9551, -24.1181 ], [ -47.9531, -24.1198 ], [ -47.9519, -24.1203 ], [ -47.9497, -24.1197 ], [ -47.947, -24.118 ], [ -47.9464, -24.1172 ], [ -47.9464, -24.1125 ], [ -47.9459, -24.1099 ], [ -47.9448, -24.1081 ], [ -47.942, -24.1056 ], [ -47.9393, -24.1046 ], [ -47.9386, -24.1038 ], [ -47.9391, -24.1011 ], [ -47.9377, -24.0993 ], [ -47.9343, -24.0996 ], [ -47.9326, -24.1007 ], [ -47.9298, -24.1011 ], [ -47.9241, -24.1012 ], [ -47.9219, -24.1008 ], [ -47.9206, -24.0997 ], [ -47.9169, -24.1005 ], [ -47.9139, -24.0986 ], [ -47.9114, -24.0967 ], [ -47.9092, -24.0958 ], [ -47.9056, -24.0932 ], [ -47.903, -24.0939 ], [ -47.9015, -24.0931 ], [ -47.9017, -24.0896 ], [ -47.8999, -24.0874 ], [ -47.8979, -24.086 ], [ -47.8962, -24.0836 ], [ -47.8959, -24.0807 ], [ -47.8948, -24.0793 ], [ -47.8927, -24.0781 ], [ -47.8899, -24.0779 ], [ -47.8882, -24.0782 ], [ -47.8848, -24.0799 ], [ -47.8816, -24.081 ], [ -47.8796, -24.0807 ], [ -47.877, -24.0809 ], [ -47.8741, -24.0782 ], [ -47.8713, -24.0766 ], [ -47.8695, -24.0762 ], [ -47.8678, -24.0768 ], [ -47.8669, -24.0798 ], [ -47.8672, -24.0814 ], [ -47.8667, -24.0835 ], [ -47.8678, -24.0853 ], [ -47.8678, -24.0864 ], [ -47.8655, -24.0881 ], [ -47.864, -24.088 ], [ -47.8615, -24.0896 ], [ -47.8609, -24.092 ], [ -47.8586, -24.0943 ], [ -47.8589, -24.0982 ], [ -47.857, -24.1015 ], [ -47.8565, -24.1031 ], [ -47.857, -24.1046 ], [ -47.8599, -24.1069 ], [ -47.8616, -24.1108 ], [ -47.8632, -24.1127 ], [ -47.8633, -24.114 ], [ -47.8622, -24.1182 ], [ -47.8593, -24.12 ], [ -47.8591, -24.122 ], [ -47.8577, -24.123 ], [ -47.8562, -24.1228 ], [ -47.8539, -24.1206 ], [ -47.8517, -24.12 ], [ -47.8512, -24.1168 ], [ -47.8493, -24.117 ], [ -47.8481, -24.1188 ], [ -47.8461, -24.1197 ], [ -47.8411, -24.1202 ], [ -47.839, -24.1192 ], [ -47.8336, -24.1206 ], [ -47.8321, -24.1214 ], [ -47.83, -24.1235 ], [ -47.8298, -24.125 ], [ -47.8312, -24.1282 ], [ -47.8303, -24.1306 ], [ -47.8286, -24.1329 ], [ -47.8262, -24.1338 ], [ -47.8244, -24.133 ], [ -47.8214, -24.1325 ], [ -47.8185, -24.1336 ], [ -47.8169, -24.1337 ], [ -47.8159, -24.1329 ], [ -47.8124, -24.1313 ], [ -47.8103, -24.1308 ], [ -47.8077, -24.131 ], [ -47.8028, -24.1347 ], [ -47.8014, -24.1349 ], [ -47.8001, -24.134 ], [ -47.798, -24.1341 ], [ -47.7936, -24.1351 ], [ -47.7917, -24.1349 ], [ -47.789, -24.1334 ], [ -47.788, -24.1308 ], [ -47.786, -24.1301 ], [ -47.7815, -24.1298 ], [ -47.7788, -24.1299 ], [ -47.7761, -24.128 ], [ -47.7752, -24.1278 ], [ -47.7744, -24.1293 ], [ -47.7744, -24.1317 ], [ -47.7727, -24.1344 ], [ -47.7703, -24.1324 ], [ -47.7694, -24.1321 ], [ -47.7657, -24.1325 ], [ -47.7623, -24.1311 ], [ -47.7591, -24.131 ], [ -47.7562, -24.1289 ], [ -47.7537, -24.1251 ], [ -47.7507, -24.1228 ], [ -47.749, -24.1233 ], [ -47.745, -24.121 ], [ -47.7438, -24.1208 ], [ -47.7413, -24.1219 ], [ -47.7371, -24.1252 ], [ -47.7362, -24.125 ], [ -47.7322, -24.1222 ], [ -47.7309, -24.1204 ], [ -47.7289, -24.1198 ], [ -47.7276, -24.1183 ], [ -47.7245, -24.1178 ], [ -47.7242, -24.1152 ], [ -47.722, -24.1134 ], [ -47.7225, -24.1127 ], [ -47.7251, -24.1116 ], [ -47.7259, -24.1103 ], [ -47.7237, -24.1078 ], [ -47.7235, -24.1065 ], [ -47.7245, -24.106 ], [ -47.7287, -24.1061 ], [ -47.7304, -24.1055 ], [ -47.7341, -24.1055 ], [ -47.7357, -24.104 ], [ -47.7357, -24.1023 ], [ -47.7344, -24.1005 ], [ -47.7342, -24.0985 ], [ -47.7317, -24.0965 ], [ -47.7292, -24.0922 ], [ -47.7265, -24.0907 ], [ -47.7253, -24.0884 ], [ -47.7254, -24.0865 ], [ -47.7261, -24.0843 ], [ -47.7258, -24.0821 ], [ -47.7239, -24.0798 ], [ -47.7212, -24.0796 ], [ -47.7197, -24.0789 ], [ -47.7181, -24.0768 ], [ -47.7163, -24.0764 ], [ -47.7148, -24.0754 ], [ -47.7121, -24.0743 ], [ -47.71, -24.0721 ], [ -47.7087, -24.0716 ], [ -47.7071, -24.0733 ], [ -47.703, -24.0741 ], [ -47.7004, -24.0719 ], [ -47.6995, -24.0696 ], [ -47.6976, -24.0676 ], [ -47.6944, -24.0662 ], [ -47.6924, -24.0631 ], [ -47.6911, -24.0619 ], [ -47.6895, -24.0594 ], [ -47.6879, -24.0589 ], [ -47.6851, -24.0566 ], [ -47.684, -24.0542 ], [ -47.6845, -24.0528 ], [ -47.6838, -24.0501 ], [ -47.6806, -24.0461 ], [ -47.6803, -24.0453 ], [ -47.6775, -24.0455 ], [ -47.6762, -24.0451 ], [ -47.6742, -24.0432 ], [ -47.6736, -24.0415 ], [ -47.6698, -24.0416 ], [ -47.6662, -24.0412 ], [ -47.6637, -24.0405 ], [ -47.661, -24.0404 ], [ -47.6588, -24.0414 ], [ -47.6564, -24.0439 ], [ -47.654, -24.0447 ], [ -47.6524, -24.0443 ], [ -47.6508, -24.0423 ], [ -47.6493, -24.0411 ], [ -47.6481, -24.0412 ], [ -47.6466, -24.0423 ], [ -47.6439, -24.0417 ], [ -47.6423, -24.0408 ], [ -47.6414, -24.0395 ], [ -47.6402, -24.0399 ], [ -47.6387, -24.0435 ], [ -47.6369, -24.0432 ], [ -47.6368, -24.0381 ], [ -47.6283, -24.0364 ], [ -47.6281, -24.035 ], [ -47.6256, -24.0343 ], [ -47.624, -24.0356 ], [ -47.6253, -24.0374 ], [ -47.6251, -24.0385 ], [ -47.6225, -24.0416 ], [ -47.621, -24.0422 ], [ -47.6195, -24.0435 ], [ -47.6166, -24.0444 ], [ -47.6138, -24.0447 ], [ -47.6153, -24.0482 ], [ -47.6153, -24.0498 ], [ -47.6144, -24.0505 ], [ -47.6136, -24.0522 ], [ -47.6141, -24.0538 ], [ -47.6156, -24.0562 ], [ -47.6155, -24.0596 ], [ -47.6177, -24.062 ], [ -47.6214, -24.0637 ], [ -47.622, -24.0648 ], [ -47.6203, -24.0676 ], [ -47.6206, -24.0686 ], [ -47.6241, -24.0697 ], [ -47.6247, -24.0717 ], [ -47.6303, -24.0757 ], [ -47.629, -24.077 ], [ -47.629, -24.0793 ], [ -47.6296, -24.0828 ], [ -47.6305, -24.0856 ], [ -47.6302, -24.0876 ], [ -47.6325, -24.0908 ], [ -47.6334, -24.0928 ], [ -47.6336, -24.0946 ], [ -47.6346, -24.0974 ], [ -47.6358, -24.0989 ], [ -47.636, -24.1005 ], [ -47.6338, -24.103 ], [ -47.6343, -24.1047 ], [ -47.6336, -24.106 ], [ -47.6335, -24.1093 ], [ -47.6341, -24.1121 ], [ -47.6331, -24.1135 ], [ -47.6321, -24.1138 ], [ -47.6285, -24.114 ], [ -47.6248, -24.1131 ], [ -47.6231, -24.112 ], [ -47.6218, -24.11 ], [ -47.6226, -24.1093 ], [ -47.6222, -24.1075 ], [ -47.6201, -24.1058 ], [ -47.6202, -24.1049 ], [ -47.617, -24.1044 ], [ -47.6146, -24.1021 ], [ -47.6125, -24.1006 ], [ -47.6112, -24.0962 ], [ -47.6077, -24.0938 ], [ -47.6043, -24.0905 ], [ -47.6021, -24.0879 ], [ -47.5995, -24.0873 ], [ -47.5962, -24.0841 ], [ -47.5955, -24.0817 ], [ -47.5965, -24.0807 ], [ -47.596, -24.0798 ], [ -47.594, -24.0807 ], [ -47.5934, -24.0825 ], [ -47.5941, -24.0854 ], [ -47.5933, -24.0873 ], [ -47.5919, -24.0884 ], [ -47.5907, -24.0877 ], [ -47.5899, -24.0832 ], [ -47.5884, -24.0815 ], [ -47.5858, -24.0804 ], [ -47.5848, -24.0792 ], [ -47.584, -24.0763 ], [ -47.5813, -24.0747 ], [ -47.579, -24.0751 ], [ -47.5779, -24.0761 ], [ -47.5772, -24.0777 ], [ -47.5755, -24.0783 ], [ -47.5717, -24.0786 ], [ -47.57, -24.0774 ], [ -47.5691, -24.0752 ], [ -47.5684, -24.0721 ], [ -47.5668, -24.0694 ], [ -47.5671, -24.066 ], [ -47.5679, -24.0632 ], [ -47.567, -24.0606 ], [ -47.5648, -24.058 ], [ -47.5641, -24.0566 ], [ -47.5634, -24.0522 ], [ -47.5625, -24.0494 ], [ -47.5622, -24.0471 ], [ -47.5622, -24.0421 ], [ -47.5628, -24.0396 ], [ -47.5601, -24.0387 ], [ -47.5576, -24.0389 ], [ -47.5559, -24.0402 ], [ -47.5539, -24.0396 ], [ -47.554, -24.0372 ], [ -47.5495, -24.0364 ], [ -47.5459, -24.0374 ], [ -47.543, -24.0372 ], [ -47.541, -24.0379 ], [ -47.5392, -24.0394 ], [ -47.5396, -24.0417 ], [ -47.5386, -24.0425 ], [ -47.5351, -24.0436 ], [ -47.5319, -24.0437 ], [ -47.5316, -24.0453 ], [ -47.5302, -24.0464 ], [ -47.5286, -24.0467 ], [ -47.5266, -24.0464 ], [ -47.5204, -24.0458 ], [ -47.5172, -24.047 ], [ -47.5143, -24.0472 ], [ -47.5129, -24.0464 ], [ -47.5114, -24.0469 ], [ -47.5088, -24.0489 ], [ -47.5061, -24.049 ], [ -47.5035, -24.0495 ], [ -47.5021, -24.0502 ], [ -47.4988, -24.0529 ], [ -47.4977, -24.0559 ], [ -47.496, -24.0587 ], [ -47.4938, -24.0587 ], [ -47.493, -24.0622 ], [ -47.4937, -24.065 ], [ -47.4947, -24.066 ], [ -47.4939, -24.0679 ], [ -47.4922, -24.0702 ], [ -47.491, -24.0713 ], [ -47.4893, -24.0713 ], [ -47.4879, -24.0728 ], [ -47.486, -24.0727 ], [ -47.484, -24.0744 ], [ -47.4827, -24.0744 ], [ -47.4815, -24.076 ], [ -47.4802, -24.0767 ], [ -47.481, -24.0783 ], [ -47.4795, -24.0784 ], [ -47.4777, -24.0803 ], [ -47.4773, -24.0813 ], [ -47.4732, -24.0783 ], [ -47.4699, -24.0775 ], [ -47.4677, -24.0773 ], [ -47.4649, -24.0759 ], [ -47.4648, -24.0739 ], [ -47.4642, -24.072 ], [ -47.4624, -24.0695 ], [ -47.464, -24.066 ], [ -47.4632, -24.0634 ], [ -47.4631, -24.0602 ], [ -47.46, -24.0578 ], [ -47.458, -24.0587 ], [ -47.4544, -24.0561 ], [ -47.4532, -24.0542 ], [ -47.4528, -24.0522 ], [ -47.452, -24.0516 ], [ -47.4487, -24.051 ], [ -47.4488, -24.0527 ], [ -47.4482, -24.0535 ], [ -47.4463, -24.0539 ], [ -47.4445, -24.0536 ], [ -47.4436, -24.0546 ], [ -47.4417, -24.0553 ], [ -47.4378, -24.0575 ], [ -47.435, -24.0601 ], [ -47.4303, -24.064 ], [ -47.428, -24.0669 ], [ -47.4278, -24.0683 ], [ -47.4261, -24.0691 ], [ -47.4247, -24.0678 ], [ -47.4232, -24.0671 ], [ -47.4215, -24.0686 ], [ -47.4193, -24.067 ], [ -47.4171, -24.0661 ], [ -47.4164, -24.0633 ], [ -47.4167, -24.062 ], [ -47.4156, -24.0612 ], [ -47.4126, -24.0602 ], [ -47.409, -24.0594 ], [ -47.4077, -24.0597 ], [ -47.405, -24.0585 ], [ -47.4004, -24.0578 ], [ -47.3983, -24.0577 ], [ -47.3955, -24.056 ], [ -47.3943, -24.056 ], [ -47.3924, -24.0551 ], [ -47.3893, -24.055 ], [ -47.3883, -24.0545 ], [ -47.3886, -24.0531 ], [ -47.3878, -24.0516 ], [ -47.3864, -24.0511 ], [ -47.3862, -24.05 ], [ -47.3825, -24.0486 ], [ -47.3803, -24.0483 ], [ -47.378, -24.0489 ], [ -47.3769, -24.0485 ], [ -47.375, -24.0466 ], [ -47.373, -24.0453 ], [ -47.3723, -24.0436 ], [ -47.3725, -24.0424 ], [ -47.3706, -24.042 ], [ -47.3698, -24.0435 ], [ -47.3683, -24.0427 ], [ -47.3687, -24.0397 ], [ -47.3674, -24.0373 ], [ -47.3654, -24.0359 ], [ -47.3626, -24.0316 ], [ -47.3601, -24.0316 ], [ -47.3571, -24.0296 ], [ -47.3558, -24.0296 ], [ -47.3553, -24.0267 ], [ -47.3563, -24.0225 ], [ -47.3552, -24.0218 ], [ -47.3476, -24.0177 ], [ -47.3426, -24.0139 ], [ -47.3403, -24.0131 ], [ -47.3376, -24.0133 ], [ -47.3363, -24.0125 ], [ -47.3349, -24.0126 ], [ -47.3342, -24.0137 ], [ -47.3351, -24.0152 ], [ -47.3337, -24.0176 ], [ -47.3319, -24.0182 ], [ -47.3304, -24.0175 ], [ -47.3301, -24.0149 ], [ -47.328, -24.0149 ], [ -47.3271, -24.0165 ], [ -47.3251, -24.0175 ], [ -47.3231, -24.0179 ], [ -47.3184, -24.0161 ], [ -47.3164, -24.0171 ], [ -47.3152, -24.0153 ], [ -47.3152, -24.0137 ], [ -47.3146, -24.0124 ], [ -47.3122, -24.0097 ], [ -47.3089, -24.0089 ], [ -47.3061, -24.0094 ], [ -47.3043, -24.0108 ], [ -47.3028, -24.0115 ], [ -47.3004, -24.0114 ], [ -47.2975, -24.0105 ], [ -47.2944, -24.0108 ], [ -47.2908, -24.0081 ], [ -47.2896, -24.0081 ], [ -47.2881, -24.0069 ], [ -47.286, -24.0064 ], [ -47.2845, -24.0073 ], [ -47.2848, -24.0107 ], [ -47.2865, -24.0122 ], [ -47.2862, -24.014 ], [ -47.2828, -24.0151 ], [ -47.2819, -24.0147 ], [ -47.2785, -24.0117 ], [ -47.2773, -24.0114 ], [ -47.2759, -24.0128 ], [ -47.277, -24.0149 ], [ -47.2753, -24.0155 ], [ -47.2739, -24.0168 ], [ -47.2723, -24.0176 ], [ -47.2706, -24.0172 ], [ -47.2702, -24.0158 ], [ -47.2683, -24.015 ], [ -47.2656, -24.0158 ], [ -47.263, -24.0146 ], [ -47.2611, -24.0143 ], [ -47.2603, -24.0136 ], [ -47.2605, -24.0116 ], [ -47.2614, -24.0106 ], [ -47.2641, -24.0097 ], [ -47.2645, -24.0074 ], [ -47.2633, -24.0058 ], [ -47.2618, -24.0054 ], [ -47.2573, -24.0055 ], [ -47.2557, -24.0059 ], [ -47.2537, -24.007 ], [ -47.2529, -24.0083 ], [ -47.2533, -24.0099 ], [ -47.2552, -24.0125 ], [ -47.2557, -24.0145 ], [ -47.2559, -24.0183 ], [ -47.2569, -24.0209 ], [ -47.2566, -24.0223 ], [ -47.2549, -24.0238 ], [ -47.2535, -24.0241 ], [ -47.2521, -24.0232 ], [ -47.2513, -24.0215 ], [ -47.2493, -24.0207 ], [ -47.247, -24.0226 ], [ -47.244, -24.0218 ], [ -47.2417, -24.0198 ], [ -47.2395, -24.0167 ], [ -47.2373, -24.0164 ], [ -47.2353, -24.0175 ], [ -47.2341, -24.0176 ], [ -47.2328, -24.0166 ], [ -47.2313, -24.0144 ], [ -47.231, -24.0127 ], [ -47.2298, -24.0124 ], [ -47.2272, -24.0143 ], [ -47.2247, -24.0151 ], [ -47.2226, -24.0149 ], [ -47.2196, -24.0135 ], [ -47.2185, -24.0122 ], [ -47.2206, -24.0114 ], [ -47.2206, -24.0106 ], [ -47.2142, -24.0067 ], [ -47.2139, -24.0048 ], [ -47.2125, -24.0028 ], [ -47.2103, -24.0013 ], [ -47.2094, -24.0013 ], [ -47.2075, -24.0031 ], [ -47.2064, -24.0033 ], [ -47.2018, -24.0011 ], [ -47.2, -24.0006 ], [ -47.1975, -24.0015 ], [ -47.1922, -23.9984 ], [ -47.1902, -23.9991 ], [ -47.1889, -24.0003 ], [ -47.1878, -24.0025 ], [ -47.1852, -24.0015 ], [ -47.1841, -24.0017 ], [ -47.1831, -24.0008 ], [ -47.1812, -24.0015 ], [ -47.1781, -24.0034 ], [ -47.1757, -24.0031 ], [ -47.1743, -24.0036 ], [ -47.1717, -24.0036 ], [ -47.1692, -24.0021 ], [ -47.1666, -24.0032 ], [ -47.1649, -24.0029 ], [ -47.1638, -24.0037 ], [ -47.1617, -24.0033 ], [ -47.1608, -24.0042 ], [ -47.1591, -24.0043 ], [ -47.1575, -24.0064 ], [ -47.1533, -24.0062 ], [ -47.153, -24.0076 ], [ -47.1506, -24.0105 ], [ -47.1495, -24.0101 ], [ -47.1468, -24.0117 ], [ -47.144, -24.0112 ], [ -47.1424, -24.0114 ], [ -47.1418, -24.0128 ], [ -47.1398, -24.0141 ], [ -47.1378, -24.0141 ], [ -47.1345, -24.0116 ], [ -47.1316, -24.0104 ], [ -47.1306, -24.0092 ], [ -47.1292, -24.0094 ], [ -47.1271, -24.0087 ], [ -47.1232, -24.0084 ], [ -47.1224, -24.0079 ], [ -47.1224, -24.0018 ], [ -47.1227, -24.0001 ], [ -47.1246, -23.9976 ], [ -47.1218, -23.9965 ], [ -47.1202, -23.9976 ], [ -47.1184, -23.9979 ], [ -47.1165, -23.9964 ], [ -47.1143, -23.9968 ], [ -47.1071, -23.9938 ], [ -47.1051, -23.995 ], [ -47.1042, -23.9968 ], [ -47.1004, -23.9972 ], [ -47.0984, -23.9983 ], [ -47.0998, -24.0002 ], [ -47.0999, -24.0024 ], [ -47.099, -24.0038 ], [ -47.0993, -24.0058 ], [ -47.0966, -24.0062 ], [ -47.0953, -24.0069 ], [ -47.0948, -24.0093 ], [ -47.0942, -24.01 ], [ -47.0924, -24.0102 ], [ -47.0921, -24.0141 ], [ -47.0923, -24.0164 ], [ -47.0915, -24.0176 ], [ -47.0887, -24.0173 ], [ -47.0864, -24.0186 ], [ -47.0836, -24.0194 ], [ -47.0804, -24.0214 ], [ -47.0773, -24.0222 ], [ -47.0743, -24.0239 ], [ -47.0714, -24.024 ], [ -47.0684, -24.0254 ], [ -47.0644, -24.0227 ], [ -47.0638, -24.0203 ], [ -47.0649, -24.0189 ], [ -47.0644, -24.018 ], [ -47.0617, -24.0167 ], [ -47.0586, -24.0124 ], [ -47.0575, -24.0102 ], [ -47.056, -24.0096 ], [ -47.0539, -24.0108 ], [ -47.0521, -24.0129 ], [ -47.0506, -24.0135 ], [ -47.0488, -24.015 ], [ -47.0476, -24.017 ], [ -47.0463, -24.0182 ], [ -47.0459, -24.0196 ], [ -47.0459, -24.022 ], [ -47.0464, -24.0232 ], [ -47.0462, -24.0256 ], [ -47.0453, -24.0258 ], [ -47.0429, -24.0247 ], [ -47.0407, -24.0243 ], [ -47.0402, -24.0248 ], [ -47.0396, -24.028 ], [ -47.0381, -24.0284 ], [ -47.0378, -24.0296 ], [ -47.0366, -24.0303 ], [ -47.0343, -24.0308 ], [ -47.032, -24.0349 ], [ -47.031, -24.0394 ], [ -47.0299, -24.0422 ], [ -47.0274, -24.0422 ], [ -47.0267, -24.043 ], [ -47.0261, -24.0471 ], [ -47.0271, -24.0488 ], [ -47.0272, -24.0516 ], [ -47.0262, -24.0529 ], [ -47.0237, -24.0544 ], [ -47.023, -24.0542 ], [ -47.0212, -24.0555 ], [ -47.0202, -24.0578 ], [ -47.0189, -24.0585 ], [ -47.0171, -24.0567 ], [ -47.0158, -24.0574 ], [ -47.0144, -24.0595 ], [ -47.0116, -24.0605 ], [ -47.0093, -24.0629 ], [ -47.0064, -24.0639 ], [ -47.0022, -24.0563 ], [ -46.9978, -24.0521 ], [ -46.9958, -24.0528 ], [ -46.9939, -24.0566 ], [ -46.9914, -24.0585 ], [ -46.9897, -24.0588 ], [ -46.9863, -24.0579 ], [ -46.9836, -24.0581 ], [ -46.9821, -24.0595 ], [ -46.9812, -24.0623 ], [ -46.9804, -24.0635 ], [ -46.9786, -24.0643 ], [ -46.9768, -24.0625 ], [ -46.9734, -24.0611 ], [ -46.9707, -24.0616 ], [ -46.9691, -24.0606 ], [ -46.9685, -24.0593 ], [ -46.9647, -24.0584 ], [ -46.9636, -24.0563 ], [ -46.9638, -24.0551 ], [ -46.9652, -24.0544 ], [ -46.9667, -24.0546 ], [ -46.9673, -24.0532 ], [ -46.9671, -24.0508 ], [ -46.965, -24.0484 ], [ -46.9675, -24.0474 ], [ -46.9682, -24.0462 ], [ -46.9678, -24.0447 ], [ -46.965, -24.0433 ], [ -46.9631, -24.0458 ], [ -46.9608, -24.0459 ], [ -46.9588, -24.0449 ], [ -46.9568, -24.0449 ], [ -46.954, -24.0438 ], [ -46.953, -24.0452 ], [ -46.9515, -24.0443 ], [ -46.9505, -24.0425 ], [ -46.9488, -24.0425 ], [ -46.9461, -24.0436 ], [ -46.9458, -24.0406 ], [ -46.9438, -24.0406 ], [ -46.9405, -24.04 ], [ -46.9397, -24.0388 ], [ -46.9419, -24.0364 ], [ -46.9402, -24.0349 ], [ -46.938, -24.0337 ], [ -46.9362, -24.0334 ], [ -46.9354, -24.0349 ], [ -46.9342, -24.0357 ], [ -46.9336, -24.0375 ], [ -46.9339, -24.0388 ], [ -46.9326, -24.0422 ], [ -46.9303, -24.0445 ], [ -46.9282, -24.045 ], [ -46.9266, -24.044 ], [ -46.9237, -24.043 ], [ -46.9227, -24.042 ], [ -46.9206, -24.0415 ], [ -46.9166, -24.0437 ], [ -46.9148, -24.0432 ], [ -46.9113, -24.0415 ], [ -46.9098, -24.0419 ], [ -46.9088, -24.0435 ], [ -46.9084, -24.045 ], [ -46.9069, -24.0456 ], [ -46.9051, -24.0451 ], [ -46.9035, -24.0451 ], [ -46.9003, -24.0461 ], [ -46.8998, -24.0443 ], [ -46.8979, -24.0416 ], [ -46.8962, -24.0412 ], [ -46.894, -24.0417 ], [ -46.8929, -24.0411 ], [ -46.8922, -24.0397 ], [ -46.8906, -24.0385 ], [ -46.8893, -24.0386 ], [ -46.8882, -24.0367 ], [ -46.8893, -24.0359 ], [ -46.8916, -24.0366 ], [ -46.8933, -24.0361 ], [ -46.893, -24.0342 ], [ -46.8903, -24.0312 ], [ -46.8855, -24.0286 ], [ -46.8846, -24.0271 ], [ -46.8853, -24.0244 ], [ -46.8826, -24.0233 ], [ -46.88, -24.0239 ], [ -46.8775, -24.0238 ], [ -46.876, -24.0242 ], [ -46.8747, -24.0227 ], [ -46.8733, -24.0229 ], [ -46.8719, -24.0239 ], [ -46.8709, -24.022 ], [ -46.8698, -24.0209 ], [ -46.8683, -24.0208 ], [ -46.8677, -24.0192 ], [ -46.8694, -24.0165 ], [ -46.8719, -24.0166 ], [ -46.8733, -24.0161 ], [ -46.8734, -24.014 ], [ -46.8691, -24.0111 ], [ -46.8685, -24.0096 ], [ -46.8697, -24.0086 ], [ -46.8701, -24.007 ], [ -46.8699, -24.0051 ], [ -46.8707, -24.0025 ], [ -46.8692, -24.0007 ], [ -46.871, -23.9986 ], [ -46.8726, -23.9991 ], [ -46.8739, -24.0019 ], [ -46.8751, -24.0018 ], [ -46.8772, -23.9988 ], [ -46.8776, -23.9974 ], [ -46.8786, -23.9964 ], [ -46.879, -23.9948 ], [ -46.8814, -23.9934 ], [ -46.882, -23.9905 ], [ -46.883, -23.9896 ], [ -46.8828, -23.9871 ], [ -46.8831, -23.9852 ], [ -46.8815, -23.9831 ], [ -46.8799, -23.9831 ], [ -46.8751, -23.9793 ], [ -46.8736, -23.9786 ], [ -46.8725, -23.9793 ], [ -46.8676, -23.9801 ], [ -46.8653, -23.9777 ], [ -46.8629, -23.9759 ], [ -46.8623, -23.9742 ], [ -46.8607, -23.9738 ], [ -46.8578, -23.9739 ], [ -46.8566, -23.9726 ], [ -46.8553, -23.9735 ], [ -46.8539, -23.9715 ], [ -46.8513, -23.97 ], [ -46.849, -23.9663 ], [ -46.8486, -23.9651 ], [ -46.8452, -23.9627 ], [ -46.8409, -23.9625 ], [ -46.8396, -23.962 ], [ -46.8386, -23.9586 ], [ -46.8348, -23.9563 ], [ -46.8329, -23.9564 ], [ -46.8303, -23.9572 ], [ -46.8272, -23.957 ], [ -46.8238, -23.9562 ], [ -46.823, -23.9552 ], [ -46.8238, -23.9538 ], [ -46.825, -23.953 ], [ -46.826, -23.9514 ], [ -46.8275, -23.9514 ], [ -46.83, -23.9485 ], [ -46.8299, -23.9473 ], [ -46.8271, -23.9465 ], [ -46.8223, -23.9445 ], [ -46.8202, -23.9422 ], [ -46.8172, -23.9435 ], [ -46.8156, -23.9407 ], [ -46.8136, -23.9398 ], [ -46.8087, -23.9401 ], [ -46.8067, -23.9394 ], [ -46.8069, -23.9382 ], [ -46.8046, -23.9386 ], [ -46.8013, -23.9378 ], [ -46.8001, -23.938 ], [ -46.796, -23.9402 ], [ -46.7945, -23.9426 ], [ -46.7928, -23.9431 ], [ -46.7912, -23.9426 ], [ -46.7898, -23.9409 ], [ -46.7876, -23.9412 ], [ -46.7856, -23.9423 ], [ -46.7834, -23.9453 ], [ -46.7835, -23.9469 ], [ -46.7809, -23.9488 ], [ -46.7777, -23.95 ], [ -46.7757, -23.9499 ], [ -46.7742, -23.9503 ], [ -46.7749, -23.9529 ], [ -46.7742, -23.9538 ], [ -46.7751, -23.9564 ], [ -46.772, -23.9599 ], [ -46.7716, -23.961 ], [ -46.7698, -23.9609 ], [ -46.7683, -23.962 ], [ -46.7663, -23.9612 ], [ -46.7649, -23.9617 ], [ -46.7633, -23.9632 ], [ -46.7625, -23.9647 ], [ -46.7637, -23.9662 ], [ -46.7626, -23.9683 ], [ -46.7611, -23.9691 ], [ -46.7593, -23.9708 ], [ -46.7583, -23.9725 ], [ -46.7554, -23.9725 ], [ -46.7548, -23.9732 ], [ -46.7549, -23.9754 ], [ -46.7559, -23.9759 ], [ -46.7573, -23.9783 ], [ -46.7591, -23.9787 ], [ -46.7591, -23.9799 ], [ -46.7582, -23.9806 ], [ -46.7603, -23.9834 ], [ -46.7604, -23.9848 ], [ -46.7622, -23.9865 ], [ -46.7623, -23.988 ], [ -46.7644, -23.9885 ], [ -46.7648, -23.9901 ], [ -46.7664, -23.9917 ], [ -46.767, -23.995 ], [ -46.7682, -23.9961 ], [ -46.7682, -23.9988 ], [ -46.7709, -24.0008 ], [ -46.7739, -24.0021 ], [ -46.7747, -24.003 ], [ -46.7742, -24.005 ], [ -46.7723, -24.0064 ], [ -46.772, -24.0077 ], [ -46.7694, -24.0084 ], [ -46.768, -24.0063 ], [ -46.7664, -24.0054 ], [ -46.7649, -24.0062 ], [ -46.7627, -24.006 ], [ -46.7612, -24.0032 ], [ -46.7597, -24.0029 ], [ -46.758, -24.0013 ], [ -46.755, -23.9968 ], [ -46.7522, -23.9958 ], [ -46.751, -23.9965 ], [ -46.7494, -23.9954 ], [ -46.7492, -23.9943 ], [ -46.7451, -23.9939 ], [ -46.7427, -23.9919 ], [ -46.7404, -23.9924 ], [ -46.7376, -23.9919 ], [ -46.736, -23.9935 ], [ -46.7322, -23.9952 ], [ -46.7303, -23.9955 ], [ -46.7262, -23.9943 ], [ -46.7244, -23.9943 ], [ -46.721, -23.993 ], [ -46.72, -23.9946 ], [ -46.7175, -23.9958 ], [ -46.7148, -23.9962 ], [ -46.7136, -23.9954 ], [ -46.7128, -23.9939 ], [ -46.7103, -23.9934 ], [ -46.7081, -23.991 ], [ -46.7063, -23.9907 ], [ -46.7034, -23.9916 ], [ -46.6993, -23.9903 ], [ -46.6967, -23.9883 ], [ -46.6941, -23.9867 ], [ -46.6921, -23.9844 ], [ -46.6875, -23.9847 ], [ -46.6855, -23.9824 ], [ -46.6833, -23.9824 ], [ -46.6824, -23.9832 ], [ -46.6816, -23.9854 ], [ -46.68, -23.9872 ], [ -46.6754, -23.9894 ], [ -46.6735, -23.9885 ], [ -46.6717, -23.9891 ], [ -46.6678, -23.9882 ], [ -46.6653, -23.9881 ], [ -46.6618, -23.9882 ], [ -46.6591, -23.992 ], [ -46.6566, -23.9932 ], [ -46.6546, -23.9955 ], [ -46.653, -23.9967 ], [ -46.6509, -24.001 ], [ -46.6499, -24.0016 ], [ -46.6476, -23.9999 ], [ -46.6437, -23.9987 ], [ -46.6426, -23.9979 ], [ -46.6404, -23.9978 ], [ -46.6395, -23.9972 ], [ -46.6389, -23.9954 ], [ -46.6371, -23.9942 ], [ -46.6351, -23.9948 ], [ -46.6337, -23.9927 ], [ -46.6314, -23.9923 ], [ -46.6295, -23.9912 ], [ -46.6304, -23.9899 ], [ -46.6331, -23.988 ], [ -46.6333, -23.9838 ], [ -46.6348, -23.9811 ], [ -46.6357, -23.9773 ], [ -46.6312, -23.975 ], [ -46.6305, -23.9742 ], [ -46.6278, -23.9733 ], [ -46.6277, -23.9725 ], [ -46.625, -23.9723 ], [ -46.6242, -23.9712 ], [ -46.6229, -23.9713 ], [ -46.6205, -23.9707 ], [ -46.62, -23.9696 ], [ -46.618, -23.9678 ], [ -46.6167, -23.9681 ], [ -46.6158, -23.9673 ], [ -46.6133, -23.9685 ], [ -46.6119, -23.9678 ], [ -46.6094, -23.9676 ], [ -46.6073, -23.9658 ], [ -46.6003, -23.9636 ], [ -46.5981, -23.9633 ], [ -46.5964, -23.9641 ], [ -46.5953, -23.9654 ], [ -46.5922, -23.9629 ], [ -46.589, -23.9625 ], [ -46.5882, -23.9613 ], [ -46.5853, -23.9608 ], [ -46.5846, -23.9594 ], [ -46.5827, -23.9587 ], [ -46.5813, -23.9566 ], [ -46.5802, -23.9558 ], [ -46.5779, -23.957 ], [ -46.5756, -23.9543 ], [ -46.5743, -23.9535 ], [ -46.5722, -23.9532 ], [ -46.5713, -23.9525 ], [ -46.5696, -23.948 ], [ -46.5695, -23.9468 ], [ -46.5674, -23.9478 ], [ -46.5677, -23.9538 ], [ -46.5667, -23.9542 ], [ -46.5645, -23.9529 ], [ -46.5643, -23.9505 ], [ -46.5635, -23.9487 ], [ -46.561, -23.9465 ], [ -46.5595, -23.947 ], [ -46.5585, -23.946 ], [ -46.5569, -23.9435 ], [ -46.5566, -23.9417 ], [ -46.5537, -23.9406 ], [ -46.5524, -23.9406 ], [ -46.5519, -23.9393 ], [ -46.5523, -23.9373 ], [ -46.5509, -23.9365 ], [ -46.5503, -23.9347 ], [ -46.5482, -23.9329 ], [ -46.548, -23.9306 ], [ -46.5455, -23.9301 ], [ -46.5438, -23.9282 ], [ -46.5445, -23.9274 ], [ -46.5435, -23.926 ], [ -46.5405, -23.9235 ], [ -46.5375, -23.924 ], [ -46.5349, -23.9228 ], [ -46.5341, -23.9214 ], [ -46.5332, -23.9187 ], [ -46.5319, -23.9173 ], [ -46.5299, -23.9166 ], [ -46.526, -23.9158 ], [ -46.5244, -23.9134 ], [ -46.5232, -23.9133 ], [ -46.5209, -23.9118 ], [ -46.5225, -23.9099 ], [ -46.5217, -23.9093 ], [ -46.5223, -23.9077 ], [ -46.5213, -23.9073 ], [ -46.5201, -23.9055 ], [ -46.5174, -23.9049 ], [ -46.5154, -23.9058 ], [ -46.5124, -23.9043 ], [ -46.5082, -23.9042 ], [ -46.5064, -23.9049 ], [ -46.5031, -23.9045 ], [ -46.5006, -23.9023 ], [ -46.4993, -23.9024 ], [ -46.497, -23.9011 ], [ -46.4962, -23.8996 ], [ -46.493, -23.8956 ], [ -46.493, -23.8919 ], [ -46.4923, -23.89 ], [ -46.4902, -23.8882 ], [ -46.4884, -23.8854 ], [ -46.4858, -23.8835 ], [ -46.4837, -23.8839 ], [ -46.4844, -23.8857 ], [ -46.4829, -23.8858 ], [ -46.4813, -23.8842 ], [ -46.4802, -23.8821 ], [ -46.4778, -23.8791 ], [ -46.477, -23.8794 ], [ -46.4749, -23.8785 ], [ -46.4743, -23.8766 ], [ -46.473, -23.8748 ], [ -46.4709, -23.8733 ], [ -46.4694, -23.8729 ], [ -46.4688, -23.8714 ], [ -46.4677, -23.8707 ], [ -46.4671, -23.8673 ], [ -46.4664, -23.8656 ], [ -46.4673, -23.8641 ], [ -46.4668, -23.8627 ], [ -46.4654, -23.861 ], [ -46.4642, -23.8625 ], [ -46.4599, -23.8661 ], [ -46.4597, -23.8633 ], [ -46.459, -23.8625 ], [ -46.4586, -23.8604 ], [ -46.4577, -23.8602 ], [ -46.4571, -23.858 ], [ -46.4561, -23.8572 ], [ -46.455, -23.8546 ], [ -46.4539, -23.8534 ], [ -46.4521, -23.8526 ], [ -46.4507, -23.8513 ], [ -46.449, -23.8517 ], [ -46.447, -23.8508 ], [ -46.4435, -23.8502 ], [ -46.4413, -23.8475 ], [ -46.4398, -23.8444 ], [ -46.438, -23.8422 ], [ -46.4398, -23.8397 ], [ -46.4417, -23.8407 ], [ -46.4426, -23.8417 ], [ -46.4438, -23.8409 ], [ -46.442, -23.8388 ], [ -46.442, -23.8373 ], [ -46.4412, -23.8349 ], [ -46.4394, -23.8334 ], [ -46.439, -23.8318 ], [ -46.4416, -23.8298 ], [ -46.4439, -23.8307 ], [ -46.4446, -23.8293 ], [ -46.4373, -23.8285 ], [ -46.4382, -23.827 ], [ -46.4369, -23.8254 ], [ -46.4344, -23.8241 ], [ -46.4338, -23.8255 ], [ -46.4313, -23.826 ], [ -46.4263, -23.8251 ], [ -46.4244, -23.8241 ], [ -46.4227, -23.8226 ], [ -46.4206, -23.8201 ], [ -46.4151, -23.817 ], [ -46.4144, -23.818 ], [ -46.4116, -23.8167 ], [ -46.4103, -23.8154 ], [ -46.4085, -23.8148 ], [ -46.408, -23.8132 ], [ -46.4059, -23.8124 ], [ -46.4024, -23.8118 ], [ -46.3962, -23.8118 ], [ -46.3942, -23.8143 ], [ -46.3927, -23.8121 ], [ -46.3896, -23.81 ], [ -46.3863, -23.8093 ], [ -46.3836, -23.8097 ], [ -46.3827, -23.8091 ], [ -46.3807, -23.8061 ], [ -46.3776, -23.8041 ], [ -46.3768, -23.8019 ], [ -46.3755, -23.8001 ], [ -46.3747, -23.7977 ], [ -46.3733, -23.7955 ], [ -46.3745, -23.7946 ], [ -46.3772, -23.7948 ], [ -46.3764, -23.7935 ], [ -46.372, -23.7898 ], [ -46.3704, -23.7911 ], [ -46.3688, -23.7915 ], [ -46.3677, -23.7925 ], [ -46.3621, -23.7913 ], [ -46.3612, -23.7924 ], [ -46.3587, -23.7922 ], [ -46.357, -23.7913 ], [ -46.3544, -23.7915 ], [ -46.3536, -23.7905 ], [ -46.3538, -23.7887 ], [ -46.352, -23.7879 ], [ -46.3491, -23.7872 ], [ -46.3484, -23.7878 ], [ -46.3452, -23.7875 ], [ -46.3435, -23.7847 ], [ -46.3423, -23.7838 ], [ -46.3386, -23.7817 ], [ -46.3356, -23.7812 ], [ -46.3318, -23.7813 ], [ -46.3315, -23.782 ], [ -46.3295, -23.7823 ], [ -46.3289, -23.7832 ], [ -46.3253, -23.7842 ], [ -46.3235, -23.7853 ], [ -46.3208, -23.7851 ], [ -46.3202, -23.7855 ], [ -46.3203, -23.8031 ], [ -46.3193, -23.8024 ], [ -46.3165, -23.802 ], [ -46.3159, -23.8009 ], [ -46.3118, -23.7971 ], [ -46.3109, -23.7968 ], [ -46.3086, -23.7944 ], [ -46.3089, -23.7936 ], [ -46.3026, -23.7879 ], [ -46.2997, -23.7869 ], [ -46.2981, -23.7881 ], [ -46.296, -23.7872 ], [ -46.2956, -23.786 ], [ -46.2938, -23.7837 ], [ -46.2913, -23.7812 ], [ -46.2889, -23.7797 ], [ -46.2872, -23.778 ], [ -46.2852, -23.7772 ], [ -46.2831, -23.775 ], [ -46.2811, -23.7734 ], [ -46.2784, -23.7703 ], [ -46.2745, -23.7679 ], [ -46.2739, -23.7663 ], [ -46.2701, -23.7658 ], [ -46.2655, -23.7671 ], [ -46.2639, -23.7678 ], [ -46.2622, -23.7672 ], [ -46.2603, -23.7679 ], [ -46.258, -23.7662 ], [ -46.2556, -23.7636 ], [ -46.2552, -23.7621 ], [ -46.2559, -23.7608 ], [ -46.2554, -23.7598 ], [ -46.2536, -23.7595 ], [ -46.2509, -23.7583 ], [ -46.2489, -23.7569 ], [ -46.247, -23.7531 ], [ -46.2467, -23.7518 ], [ -46.2475, -23.7505 ], [ -46.2479, -23.7472 ], [ -46.2478, -23.7462 ], [ -46.2455, -23.7451 ], [ -46.2452, -23.743 ], [ -46.244, -23.7418 ], [ -46.2418, -23.7408 ], [ -46.2416, -23.739 ], [ -46.2396, -23.7359 ], [ -46.2378, -23.7353 ], [ -46.2349, -23.7372 ], [ -46.2314, -23.7374 ], [ -46.2287, -23.7368 ], [ -46.2261, -23.7375 ], [ -46.2248, -23.7406 ], [ -46.2229, -23.7404 ], [ -46.221, -23.7423 ], [ -46.2177, -23.7441 ], [ -46.2114, -23.7414 ], [ -46.2102, -23.7417 ], [ -46.2086, -23.7434 ], [ -46.2079, -23.746 ], [ -46.2085, -23.749 ], [ -46.2083, -23.7511 ], [ -46.2066, -23.7517 ], [ -46.2038, -23.7509 ], [ -46.2024, -23.7513 ], [ -46.2008, -23.7514 ], [ -46.1988, -23.7532 ], [ -46.1969, -23.7528 ], [ -46.1949, -23.7542 ], [ -46.1928, -23.7536 ], [ -46.1903, -23.7506 ], [ -46.19, -23.7479 ], [ -46.1889, -23.7466 ], [ -46.1864, -23.7447 ], [ -46.183, -23.7445 ], [ -46.1793, -23.7459 ], [ -46.1783, -23.7453 ], [ -46.1779, -23.7393 ], [ -46.1764, -23.7379 ], [ -46.1769, -23.7359 ], [ -46.1761, -23.7354 ], [ -46.1743, -23.7359 ], [ -46.1726, -23.7346 ], [ -46.1705, -23.7324 ], [ -46.1691, -23.7323 ], [ -46.1663, -23.7343 ], [ -46.1654, -23.7343 ], [ -46.1642, -23.7328 ], [ -46.1602, -23.7319 ], [ -46.1582, -23.7324 ], [ -46.1573, -23.7333 ], [ -46.157, -23.7354 ], [ -46.1557, -23.7362 ], [ -46.1529, -23.734 ], [ -46.1506, -23.7328 ], [ -46.1487, -23.7303 ], [ -46.148, -23.7284 ], [ -46.1451, -23.7271 ], [ -46.1399, -23.7259 ], [ -46.1384, -23.7264 ], [ -46.137, -23.7258 ], [ -46.1361, -23.7247 ], [ -46.1325, -23.7251 ], [ -46.1315, -23.7246 ], [ -46.131, -23.7215 ], [ -46.1294, -23.7205 ], [ -46.1287, -23.7186 ], [ -46.1275, -23.7169 ], [ -46.1264, -23.7132 ], [ -46.1254, -23.7132 ], [ -46.1242, -23.715 ], [ -46.1224, -23.7152 ], [ -46.1235, -23.7169 ], [ -46.1223, -23.7187 ], [ -46.1193, -23.7161 ], [ -46.117, -23.716 ], [ -46.1158, -23.7176 ], [ -46.1137, -23.7177 ], [ -46.1124, -23.7166 ], [ -46.1117, -23.7151 ], [ -46.1096, -23.7154 ], [ -46.1083, -23.7148 ], [ -46.1066, -23.7117 ], [ -46.1041, -23.7115 ], [ -46.1031, -23.7129 ], [ -46.104, -23.7149 ], [ -46.1037, -23.7157 ], [ -46.1009, -23.7184 ], [ -46.1002, -23.7205 ], [ -46.1016, -23.7222 ], [ -46.1012, -23.7234 ], [ -46.0995, -23.725 ], [ -46.0971, -23.7256 ], [ -46.0973, -23.7268 ], [ -46.0985, -23.7282 ], [ -46.1006, -23.7294 ], [ -46.103, -23.7291 ], [ -46.1048, -23.7295 ], [ -46.107, -23.7309 ], [ -46.1068, -23.7322 ], [ -46.1037, -23.7339 ], [ -46.1033, -23.7359 ], [ -46.1024, -23.7363 ], [ -46.0985, -23.7358 ], [ -46.0972, -23.7353 ], [ -46.0956, -23.7338 ], [ -46.0898, -23.7332 ], [ -46.0861, -23.7339 ], [ -46.0846, -23.7338 ], [ -46.0774, -23.7326 ], [ -46.075, -23.7311 ], [ -46.0731, -23.7312 ], [ -46.0705, -23.7299 ], [ -46.0677, -23.729 ], [ -46.0655, -23.7259 ], [ -46.0661, -23.7236 ], [ -46.0634, -23.7209 ], [ -46.059, -23.7185 ], [ -46.0576, -23.7164 ], [ -46.0565, -23.716 ], [ -46.0541, -23.7163 ], [ -46.0498, -23.7182 ], [ -46.045, -23.7198 ], [ -46.0416, -23.72 ], [ -46.0372, -23.721 ], [ -46.0337, -23.7208 ], [ -46.0309, -23.7201 ], [ -46.0281, -23.7189 ], [ -46.0266, -23.7176 ], [ -46.0261, -23.7158 ], [ -46.0224, -23.7153 ], [ -46.0201, -23.7157 ], [ -46.0167, -23.7148 ], [ -46.0135, -23.712 ], [ -46.0105, -23.7105 ], [ -46.0082, -23.7086 ], [ -46.0042, -23.7081 ], [ -46.0021, -23.7072 ], [ -45.9988, -23.7052 ], [ -45.9969, -23.7045 ], [ -45.9945, -23.7047 ], [ -45.993, -23.7058 ], [ -45.992, -23.7055 ], [ -45.9907, -23.7027 ], [ -45.9891, -23.7017 ], [ -45.9876, -23.6999 ], [ -45.9854, -23.6982 ], [ -45.9815, -23.6966 ], [ -45.9784, -23.6957 ], [ -45.9765, -23.694 ], [ -45.9749, -23.694 ], [ -45.9713, -23.6947 ], [ -45.9706, -23.6964 ], [ -45.9695, -23.6969 ], [ -45.9657, -23.6969 ], [ -45.9595, -23.6948 ], [ -45.9576, -23.6949 ], [ -45.9548, -23.6942 ], [ -45.9541, -23.6956 ], [ -45.9559, -23.6968 ], [ -45.9569, -23.6998 ], [ -45.9566, -23.7006 ], [ -45.9548, -23.7006 ], [ -45.9524, -23.6996 ], [ -45.9511, -23.7 ], [ -45.9513, -23.7017 ], [ -45.9505, -23.7023 ], [ -45.9452, -23.7008 ], [ -45.9434, -23.7009 ], [ -45.9412, -23.7001 ], [ -45.9405, -23.7013 ], [ -45.9384, -23.7014 ], [ -45.9377, -23.7006 ], [ -45.9361, -23.7012 ], [ -45.9313, -23.6981 ], [ -45.9293, -23.6955 ], [ -45.9279, -23.6952 ], [ -45.926, -23.6937 ], [ -45.9243, -23.6899 ], [ -45.9227, -23.6892 ], [ -45.9213, -23.6893 ], [ -45.9198, -23.6884 ], [ -45.9201, -23.6868 ], [ -45.9221, -23.686 ], [ -45.923, -23.685 ], [ -45.9244, -23.6813 ], [ -45.923, -23.6803 ], [ -45.9188, -23.6783 ], [ -45.9181, -23.6773 ], [ -45.918, -23.6745 ], [ -45.917, -23.6731 ], [ -45.9175, -23.6703 ], [ -45.9172, -23.6686 ], [ -45.916, -23.668 ], [ -45.9161, -23.6669 ], [ -45.9151, -23.6656 ], [ -45.913, -23.6652 ], [ -45.9119, -23.6644 ], [ -45.9088, -23.6648 ], [ -45.9056, -23.6643 ], [ -45.9049, -23.6631 ], [ -45.9055, -23.6608 ], [ -45.9049, -23.6604 ], [ -45.9015, -23.6594 ], [ -45.9003, -23.6586 ], [ -45.8999, -23.6562 ], [ -45.8976, -23.6563 ], [ -45.8946, -23.6553 ], [ -45.8919, -23.6559 ], [ -45.89, -23.6571 ], [ -45.8872, -23.6573 ], [ -45.8836, -23.6535 ], [ -45.8776, -23.6535 ], [ -45.8756, -23.6542 ], [ -45.8737, -23.6527 ], [ -45.8726, -23.6531 ], [ -45.8721, -23.6548 ], [ -45.87, -23.6552 ], [ -45.8668, -23.6544 ], [ -45.8648, -23.6527 ], [ -45.863, -23.6521 ], [ -45.862, -23.6523 ], [ -45.8597, -23.6549 ], [ -45.8574, -23.6551 ], [ -45.8556, -23.6535 ], [ -45.8565, -23.6506 ], [ -45.855, -23.6497 ], [ -45.8547, -23.6467 ], [ -45.8539, -23.6464 ], [ -45.851, -23.6477 ], [ -45.8503, -23.6473 ], [ -45.8504, -23.6442 ], [ -45.8484, -23.644 ], [ -45.848, -23.6453 ], [ -45.8469, -23.6455 ], [ -45.8461, -23.6439 ], [ -45.8448, -23.6438 ], [ -45.8431, -23.6472 ], [ -45.8411, -23.6486 ], [ -45.8373, -23.6481 ], [ -45.8363, -23.649 ], [ -45.8345, -23.6483 ], [ -45.8334, -23.6487 ], [ -45.8327, -23.6513 ], [ -45.831, -23.6518 ], [ -45.8317, -23.6537 ], [ -45.8331, -23.6559 ], [ -45.8317, -23.6573 ], [ -45.8318, -23.6612 ], [ -45.831, -23.6626 ], [ -45.8314, -23.6636 ], [ -45.8328, -23.6646 ], [ -45.8352, -23.6649 ], [ -45.838, -23.6691 ], [ -45.8374, -23.6699 ], [ -45.834, -23.6701 ], [ -45.8329, -23.6698 ], [ -45.8314, -23.6719 ], [ -45.8294, -23.6724 ], [ -45.8302, -23.6747 ], [ -45.8265, -23.6744 ], [ -45.8247, -23.6749 ], [ -45.8233, -23.6762 ], [ -45.8217, -23.6749 ], [ -45.8184, -23.6754 ], [ -45.8164, -23.6768 ], [ -45.8138, -23.6769 ], [ -45.8108, -23.6766 ], [ -45.8098, -23.6757 ], [ -45.8078, -23.6756 ], [ -45.8054, -23.6767 ], [ -45.8018, -23.6761 ], [ -45.8003, -23.6762 ], [ -45.7982, -23.6754 ], [ -45.7947, -23.6796 ], [ -45.794, -23.6807 ], [ -45.7961, -23.683 ], [ -45.7969, -23.6847 ], [ -45.7974, -23.6879 ], [ -45.7996, -23.6932 ], [ -45.7981, -23.694 ], [ -45.7976, -23.6957 ], [ -45.7978, -23.6976 ], [ -45.7965, -23.701 ], [ -45.7971, -23.7052 ], [ -45.7965, -23.7063 ], [ -45.7963, -23.7092 ], [ -45.7949, -23.712 ], [ -45.7948, -23.7156 ], [ -45.7973, -23.7178 ], [ -45.798, -23.7193 ], [ -45.7998, -23.7209 ], [ -45.8016, -23.7218 ], [ -45.8033, -23.7232 ], [ -45.8059, -23.7247 ], [ -45.8073, -23.7248 ], [ -45.8424, -23.7582 ], [ -45.8611, -23.7598 ], [ -45.871, -23.7609 ], [ -45.8753, -23.7617 ], [ -45.8764, -23.7624 ], [ -45.8804, -23.7633 ], [ -45.8814, -23.7625 ], [ -45.8898, -23.7641 ], [ -45.8969, -23.7657 ], [ -45.8983, -23.7654 ], [ -45.9175, -23.7695 ], [ -45.9269, -23.7719 ], [ -45.9412, -23.7757 ], [ -45.952, -23.779 ], [ -45.9586, -23.7812 ], [ -45.9726, -23.7854 ], [ -45.9779, -23.7873 ], [ -45.9881, -23.7918 ], [ -45.9906, -23.793 ], [ -45.992, -23.7941 ], [ -45.9928, -23.7957 ], [ -45.9917, -23.7965 ], [ -45.992, -23.7989 ], [ -45.9931, -23.8006 ], [ -45.9946, -23.8016 ], [ -45.9966, -23.8022 ], [ -45.9985, -23.8035 ], [ -46.0002, -23.8036 ], [ -46.0011, -23.8024 ], [ -46.0003, -23.8015 ], [ -46.0021, -23.7999 ], [ -46.0039, -23.7995 ], [ -46.0081, -23.8003 ], [ -46.0161, -23.8026 ], [ -46.0235, -23.8051 ], [ -46.0317, -23.8092 ], [ -46.0343, -23.8106 ], [ -46.0367, -23.8125 ], [ -46.0388, -23.8155 ], [ -46.0393, -23.8178 ], [ -46.0385, -23.8201 ], [ -46.0371, -23.8207 ], [ -46.0397, -23.8232 ], [ -46.0388, -23.8256 ], [ -46.0406, -23.8269 ], [ -46.0436, -23.8301 ], [ -46.0466, -23.8313 ], [ -46.0474, -23.8321 ], [ -46.0498, -23.8305 ], [ -46.0503, -23.8281 ], [ -46.0474, -23.8284 ], [ -46.0465, -23.8263 ], [ -46.0451, -23.8255 ], [ -46.0449, -23.8237 ], [ -46.0455, -23.8224 ], [ -46.0483, -23.8189 ], [ -46.0501, -23.8174 ], [ -46.0542, -23.8154 ], [ -46.0575, -23.8143 ], [ -46.0614, -23.8141 ], [ -46.0662, -23.8146 ], [ -46.0713, -23.8159 ], [ -46.0754, -23.8172 ], [ -46.085, -23.8207 ], [ -46.0887, -23.8221 ], [ -46.1006, -23.8277 ], [ -46.1046, -23.8298 ], [ -46.1124, -23.8335 ], [ -46.1182, -23.8366 ], [ -46.1236, -23.8405 ], [ -46.1284, -23.8441 ], [ -46.1307, -23.8468 ], [ -46.1329, -23.8514 ], [ -46.1332, -23.8565 ], [ -46.1331, -23.858 ], [ -46.1302, -23.8569 ], [ -46.127, -23.8567 ], [ -46.1253, -23.8572 ], [ -46.1252, -23.8588 ], [ -46.1238, -23.8607 ], [ -46.1258, -23.8617 ], [ -46.1275, -23.8631 ], [ -46.1288, -23.8633 ], [ -46.1304, -23.8627 ], [ -46.133, -23.8643 ], [ -46.1349, -23.8661 ], [ -46.1363, -23.8681 ], [ -46.1365, -23.8711 ], [ -46.1384, -23.8729 ], [ -46.1394, -23.876 ], [ -46.1376, -23.8774 ], [ -46.1403, -23.8793 ], [ -46.1409, -23.8808 ], [ -46.1402, -23.8829 ], [ -46.139, -23.8832 ], [ -46.1391, -23.8845 ], [ -46.1374, -23.8857 ], [ -46.1385, -23.889 ], [ -46.1381, -23.8899 ], [ -46.14, -23.8918 ], [ -46.1442, -23.8931 ], [ -46.1486, -23.8941 ], [ -46.1494, -23.8951 ], [ -46.1515, -23.8987 ], [ -46.1522, -23.9024 ], [ -46.1518, -23.9044 ], [ -46.1506, -23.9059 ], [ -46.1471, -23.9048 ], [ -46.147, -23.9063 ], [ -46.1488, -23.9066 ], [ -46.1509, -23.9082 ], [ -46.1525, -23.9078 ], [ -46.1551, -23.9092 ], [ -46.1564, -23.9093 ], [ -46.156, -23.9075 ], [ -46.1568, -23.9069 ], [ -46.1583, -23.9073 ], [ -46.1607, -23.9065 ], [ -46.1654, -23.9095 ], [ -46.1678, -23.9117 ], [ -46.1686, -23.9137 ], [ -46.1685, -23.9149 ], [ -46.1732, -23.9192 ], [ -46.1742, -23.9214 ], [ -46.1754, -23.9223 ], [ -46.1774, -23.9229 ], [ -46.1789, -23.9242 ], [ -46.1802, -23.9283 ], [ -46.1805, -23.9331 ], [ -46.1801, -23.9359 ], [ -46.1784, -23.939 ], [ -46.1753, -23.9412 ], [ -46.1739, -23.9416 ], [ -46.1733, -23.94 ], [ -46.1723, -23.9398 ], [ -46.1702, -23.9379 ], [ -46.1683, -23.9377 ], [ -46.1666, -23.9414 ], [ -46.1658, -23.9422 ], [ -46.1656, -23.9442 ], [ -46.1631, -23.9444 ], [ -46.1606, -23.9454 ], [ -46.1611, -23.9461 ], [ -46.165, -23.946 ], [ -46.1674, -23.9473 ], [ -46.168, -23.9492 ], [ -46.1703, -23.952 ], [ -46.1716, -23.9557 ], [ -46.1726, -23.9579 ], [ -46.1776, -23.9605 ], [ -46.1819, -23.9612 ], [ -46.1828, -23.9619 ], [ -46.1847, -23.9654 ], [ -46.1852, -23.9671 ], [ -46.1848, -23.9716 ], [ -46.1868, -23.9725 ], [ -46.186, -23.9743 ], [ -46.1862, -23.9758 ], [ -46.1873, -23.9772 ], [ -46.1869, -23.978 ], [ -46.1853, -23.978 ], [ -46.1864, -23.9828 ], [ -46.1847, -23.9826 ], [ -46.1863, -23.9853 ], [ -46.1861, -23.9873 ], [ -46.1844, -23.9875 ], [ -46.1839, -23.9886 ], [ -46.1817, -23.9893 ], [ -46.1822, -23.9911 ], [ -46.1848, -23.9922 ], [ -46.1861, -23.9919 ], [ -46.1881, -23.9899 ], [ -46.1913, -23.9899 ], [ -46.1927, -23.9917 ], [ -46.1952, -23.9932 ], [ -46.1957, -23.994 ], [ -46.1978, -23.9948 ], [ -46.2004, -23.9951 ], [ -46.2009, -23.9964 ], [ -46.1997, -23.9974 ], [ -46.2007, -23.9995 ], [ -46.2025, -24.0006 ], [ -46.2054, -24.0006 ], [ -46.2068, -24.0002 ], [ -46.2076, -23.9984 ], [ -46.2045, -23.995 ], [ -46.2027, -23.9941 ], [ -46.203, -23.9924 ], [ -46.2048, -23.9901 ], [ -46.2092, -23.9872 ], [ -46.2119, -23.9864 ], [ -46.2144, -23.9861 ], [ -46.2177, -23.9865 ], [ -46.2279, -23.9882 ], [ -46.2397, -23.9908 ], [ -46.2425, -23.9917 ], [ -46.2474, -23.9939 ], [ -46.2481, -23.9958 ], [ -46.2501, -23.9967 ], [ -46.2514, -23.9963 ], [ -46.2532, -23.9972 ], [ -46.2557, -23.9996 ], [ -46.2571, -23.9995 ], [ -46.2593, -24.0001 ], [ -46.2628, -24.0021 ], [ -46.2652, -24.0041 ], [ -46.2674, -24.0074 ], [ -46.2674, -24.0091 ], [ -46.2653, -24.0101 ], [ -46.2629, -24.0135 ], [ -46.2659, -24.0144 ], [ -46.2675, -24.0131 ], [ -46.2693, -24.0132 ], [ -46.2745, -24.0159 ], [ -46.2755, -24.0168 ], [ -46.2764, -24.019 ], [ -46.278, -24.0199 ], [ -46.2799, -24.0223 ], [ -46.2794, -24.0249 ], [ -46.2803, -24.026 ], [ -46.2802, -24.0273 ], [ -46.2776, -24.0311 ], [ -46.2781, -24.0364 ], [ -46.2804, -24.0377 ], [ -46.2816, -24.0379 ], [ -46.2818, -24.04 ], [ -46.2826, -24.0417 ], [ -46.2826, -24.043 ], [ -46.2854, -24.0439 ], [ -46.2875, -24.0451 ], [ -46.2893, -24.0446 ], [ -46.2877, -24.0421 ], [ -46.2898, -24.0406 ], [ -46.2887, -24.0386 ], [ -46.2891, -24.0365 ], [ -46.2876, -24.036 ], [ -46.288, -24.0344 ], [ -46.2847, -24.0324 ], [ -46.2844, -24.0303 ], [ -46.2857, -24.0282 ], [ -46.2841, -24.0265 ], [ -46.2861, -24.0242 ], [ -46.2887, -24.0256 ], [ -46.2899, -24.0244 ], [ -46.2921, -24.0231 ], [ -46.2925, -24.0219 ], [ -46.2908, -24.0197 ], [ -46.2925, -24.0178 ], [ -46.295, -24.016 ], [ -46.2993, -24.016 ], [ -46.3016, -24.0181 ], [ -46.3046, -24.0195 ], [ -46.3063, -24.0217 ], [ -46.3062, -24.0223 ], [ -46.3078, -24.0246 ], [ -46.3093, -24.0259 ], [ -46.3112, -24.0287 ], [ -46.3127, -24.027 ], [ -46.3122, -24.0216 ], [ -46.313, -24.0208 ], [ -46.3153, -24.0203 ], [ -46.3167, -24.0216 ], [ -46.3177, -24.024 ], [ -46.3201, -24.0243 ], [ -46.3214, -24.0227 ], [ -46.3235, -24.0229 ], [ -46.3247, -24.0213 ], [ -46.3233, -24.0183 ], [ -46.3229, -24.0163 ], [ -46.3229, -24.0134 ], [ -46.3236, -24.012 ], [ -46.3223, -24.0097 ], [ -46.3235, -24.0095 ], [ -46.322, -24.007 ], [ -46.3212, -24.0042 ], [ -46.3201, -24.003 ], [ -46.3205, -24.0013 ], [ -46.3222, -24.0005 ], [ -46.3212, -23.9988 ], [ -46.3194, -23.9973 ], [ -46.3175, -23.9978 ], [ -46.3166, -23.9971 ], [ -46.3156, -23.9982 ], [ -46.3133, -23.9983 ], [ -46.3107, -23.996 ], [ -46.3083, -23.9957 ], [ -46.3067, -23.9942 ], [ -46.3063, -23.9931 ], [ -46.3057, -23.9912 ], [ -46.3078, -23.9898 ], [ -46.3085, -23.9879 ], [ -46.3116, -23.9844 ], [ -46.315, -23.9812 ], [ -46.3175, -23.9791 ], [ -46.3204, -23.9769 ], [ -46.3255, -23.9747 ], [ -46.3323, -23.9727 ], [ -46.3356, -23.9721 ], [ -46.3421, -23.9714 ], [ -46.3473, -23.9706 ], [ -46.3497, -23.9708 ], [ -46.3525, -23.9724 ], [ -46.3551, -23.9711 ], [ -46.3577, -23.971 ], [ -46.3634, -23.972 ], [ -46.366, -23.9729 ], [ -46.3679, -23.9741 ], [ -46.3693, -23.9758 ], [ -46.3698, -23.9776 ], [ -46.3682, -23.9781 ], [ -46.3673, -23.9808 ], [ -46.3689, -23.9819 ], [ -46.3725, -23.9802 ], [ -46.3717, -23.9765 ], [ -46.3721, -23.9743 ], [ -46.3727, -23.9739 ], [ -46.375, -23.97 ], [ -46.3775, -23.9694 ], [ -46.3817, -23.9707 ], [ -46.3838, -23.9718 ], [ -46.3858, -23.9744 ], [ -46.3886, -23.9748 ], [ -46.3887, -23.9763 ], [ -46.3856, -23.978 ], [ -46.3837, -23.9784 ], [ -46.382, -23.9772 ], [ -46.3806, -23.9777 ], [ -46.3804, -23.9792 ], [ -46.3785, -23.9799 ], [ -46.3793, -23.9816 ], [ -46.3792, -23.9832 ], [ -46.3785, -23.9846 ], [ -46.3747, -23.9852 ], [ -46.3745, -23.9867 ], [ -46.3752, -23.9889 ], [ -46.3763, -23.9907 ], [ -46.3783, -23.9923 ], [ -46.3791, -23.9938 ], [ -46.3838, -23.9953 ], [ -46.3866, -23.9951 ], [ -46.3904, -23.9971 ], [ -46.3919, -23.9986 ], [ -46.3913, -24.0007 ], [ -46.3915, -24.0018 ], [ -46.3892, -24.0041 ], [ -46.3893, -24.0055 ], [ -46.3917, -24.0071 ], [ -46.3923, -24.0079 ], [ -46.3922, -24.0102 ], [ -46.3912, -24.0129 ], [ -46.3891, -24.0131 ], [ -46.3864, -24.0147 ], [ -46.3836, -24.0179 ], [ -46.3846, -24.0189 ], [ -46.3855, -24.0182 ], [ -46.3885, -24.0171 ], [ -46.3901, -24.017 ], [ -46.391, -24.0181 ], [ -46.3916, -24.0215 ], [ -46.3906, -24.022 ], [ -46.3902, -24.0237 ], [ -46.3918, -24.025 ], [ -46.3934, -24.0275 ], [ -46.3943, -24.0278 ], [ -46.3976, -24.0312 ], [ -46.3989, -24.0335 ], [ -46.3999, -24.0336 ], [ -46.4017, -24.0322 ], [ -46.3995, -24.0287 ], [ -46.3991, -24.0263 ], [ -46.3995, -24.0229 ], [ -46.3994, -24.0192 ], [ -46.4009, -24.0182 ], [ -46.4081, -24.0158 ], [ -46.4156, -24.0157 ], [ -46.4248, -24.0167 ], [ -46.4351, -24.0186 ], [ -46.4455, -24.0211 ], [ -46.455, -24.0239 ], [ -46.4651, -24.0274 ], [ -46.4843, -24.0349 ], [ -46.493, -24.0385 ], [ -46.5015, -24.0423 ], [ -46.5204, -24.0505 ], [ -46.5494, -24.0636 ], [ -46.5585, -24.0679 ], [ -46.566, -24.0715 ], [ -46.583, -24.0797 ], [ -46.5913, -24.0834 ], [ -46.6044, -24.0897 ], [ -46.6174, -24.0961 ], [ -46.6265, -24.1003 ], [ -46.6351, -24.1045 ], [ -46.6507, -24.1125 ], [ -46.676, -24.1259 ], [ -46.6902, -24.1338 ], [ -46.6953, -24.1363 ], [ -46.7034, -24.1406 ], [ -46.7094, -24.1441 ], [ -46.7284, -24.1549 ], [ -46.749, -24.1664 ], [ -46.7559, -24.1701 ], [ -46.773, -24.1794 ], [ -46.7834, -24.1849 ], [ -46.7888, -24.1872 ], [ -46.7896, -24.189 ], [ -46.7909, -24.1905 ], [ -46.7925, -24.1911 ], [ -46.7939, -24.1939 ], [ -46.7952, -24.1946 ], [ -46.7959, -24.1936 ], [ -46.799, -24.1945 ], [ -46.8009, -24.1956 ], [ -46.8011, -24.197 ], [ -46.8026, -24.1982 ], [ -46.8046, -24.1985 ], [ -46.8048, -24.2004 ], [ -46.8104, -24.2015 ], [ -46.8114, -24.2025 ], [ -46.8124, -24.2011 ], [ -46.8153, -24.2015 ], [ -46.8203, -24.2042 ], [ -46.8446, -24.2184 ], [ -46.8533, -24.2239 ], [ -46.8622, -24.2297 ], [ -46.8789, -24.2402 ], [ -46.8851, -24.2444 ], [ -46.8884, -24.2469 ], [ -46.8976, -24.2529 ], [ -46.9205, -24.2674 ], [ -46.9316, -24.2747 ], [ -46.9402, -24.2808 ], [ -46.9476, -24.2862 ], [ -46.9631, -24.2981 ], [ -46.9718, -24.3051 ], [ -46.9786, -24.3109 ], [ -46.985, -24.3167 ], [ -46.9904, -24.3219 ], [ -46.9939, -24.3254 ], [ -46.9991, -24.3315 ], [ -47.0019, -24.3356 ], [ -47.0025, -24.3374 ], [ -47.0007, -24.3402 ], [ -46.9994, -24.3413 ], [ -47.0005, -24.3422 ], [ -47.0006, -24.3435 ], [ -47.0015, -24.3442 ], [ -47.0015, -24.3455 ], [ -47.0005, -24.3476 ], [ -47.0003, -24.349 ], [ -46.9992, -24.3507 ], [ -46.9966, -24.3501 ], [ -46.9964, -24.3512 ], [ -46.9987, -24.3516 ], [ -46.9996, -24.3537 ], [ -46.9992, -24.3548 ], [ -47.0013, -24.3569 ], [ -47.0015, -24.3599 ], [ -47.002, -24.3613 ], [ -47.0068, -24.3667 ], [ -47.0093, -24.3672 ], [ -47.0131, -24.3721 ], [ -47.0154, -24.3755 ], [ -47.0166, -24.3778 ], [ -47.0182, -24.3788 ], [ -47.0174, -24.3812 ], [ -47.017, -24.385 ], [ -47.0163, -24.3874 ], [ -47.0138, -24.3875 ], [ -47.0132, -24.3886 ], [ -47.0109, -24.3881 ], [ -47.0087, -24.3894 ], [ -47.0108, -24.39 ], [ -47.0102, -24.395 ], [ -47.0094, -24.3966 ], [ -47.0065, -24.3967 ], [ -47.005, -24.3977 ], [ -47.0016, -24.3977 ], [ -47.0012, -24.3989 ], [ -47.0016, -24.4003 ], [ -47.0042, -24.401 ], [ -47.005, -24.4016 ], [ -47.0046, -24.4059 ], [ -47.0036, -24.409 ], [ -47.0047, -24.4101 ], [ -47.0082, -24.4099 ], [ -47.0096, -24.4112 ], [ -47.0089, -24.4126 ], [ -47.0077, -24.4127 ], [ -47.0076, -24.4139 ], [ -47.0086, -24.4147 ], [ -47.0112, -24.4145 ], [ -47.0153, -24.4125 ], [ -47.0192, -24.4148 ], [ -47.0208, -24.4162 ], [ -47.0217, -24.4182 ], [ -47.0203, -24.419 ], [ -47.0203, -24.42 ], [ -47.0215, -24.4226 ], [ -47.0247, -24.4236 ], [ -47.0257, -24.4253 ], [ -47.0281, -24.4261 ], [ -47.0288, -24.4271 ], [ -47.0311, -24.4274 ], [ -47.032, -24.4268 ], [ -47.0372, -24.4269 ], [ -47.0388, -24.4279 ], [ -47.0414, -24.4283 ], [ -47.0443, -24.4295 ], [ -47.0454, -24.4305 ], [ -47.0473, -24.4301 ], [ -47.0499, -24.4324 ], [ -47.0533, -24.4331 ], [ -47.0586, -24.4362 ], [ -47.0779, -24.4482 ], [ -47.0905, -24.4559 ], [ -47.1095, -24.468 ], [ -47.1213, -24.4759 ], [ -47.1313, -24.483 ], [ -47.1347, -24.4853 ], [ -47.1447, -24.4923 ], [ -47.1533, -24.4989 ], [ -47.1733, -24.5142 ], [ -47.1827, -24.5222 ], [ -47.1862, -24.5255 ], [ -47.1877, -24.5273 ], [ -47.1884, -24.5301 ], [ -47.1861, -24.5317 ], [ -47.1869, -24.5342 ], [ -47.1902, -24.5366 ], [ -47.1937, -24.5357 ], [ -47.2006, -24.5396 ], [ -47.2147, -24.5493 ], [ -47.2207, -24.5537 ], [ -47.2245, -24.557 ], [ -47.2279, -24.5605 ], [ -47.2262, -24.5628 ], [ -47.2254, -24.5632 ], [ -47.2245, -24.5652 ], [ -47.2242, -24.5669 ], [ -47.2254, -24.5694 ], [ -47.2278, -24.5717 ], [ -47.2297, -24.5722 ], [ -47.2332, -24.5717 ], [ -47.2344, -24.5723 ], [ -47.2363, -24.5713 ], [ -47.2401, -24.5741 ], [ -47.242, -24.575 ], [ -47.2439, -24.5737 ], [ -47.245, -24.574 ], [ -47.2535, -24.5787 ], [ -47.2656, -24.5853 ], [ -47.2744, -24.5902 ], [ -47.2809, -24.5938 ], [ -47.2922, -24.6003 ], [ -47.3098, -24.6109 ], [ -47.3283, -24.6223 ], [ -47.349, -24.6344 ], [ -47.3582, -24.6399 ], [ -47.3622, -24.6421 ], [ -47.3753, -24.6501 ], [ -47.3863, -24.6574 ], [ -47.3899, -24.6601 ], [ -47.3967, -24.6654 ], [ -47.4006, -24.6688 ], [ -47.4024, -24.6707 ], [ -47.4052, -24.6729 ], [ -47.4083, -24.6739 ], [ -47.4111, -24.6737 ], [ -47.4153, -24.6756 ], [ -47.4203, -24.6783 ], [ -47.4204, -24.6813 ] ] ], [ [ [ -46.6716, -24.4857 ], [ -46.6714, -24.4887 ], [ -46.6762, -24.492 ], [ -46.6775, -24.4909 ], [ -46.6765, -24.4886 ], [ -46.6767, -24.4874 ], [ -46.6779, -24.4847 ], [ -46.6772, -24.4816 ], [ -46.6776, -24.4787 ], [ -46.6762, -24.4782 ], [ -46.6749, -24.4781 ], [ -46.6749, -24.4803 ], [ -46.6742, -24.4821 ], [ -46.6747, -24.4839 ], [ -46.6716, -24.4857 ] ] ], [ [ [ -47.0017, -24.4106 ], [ -47.0034, -24.4098 ], [ -47.0006, -24.4085 ], [ -47.0004, -24.4092 ], [ -47.0017, -24.4106 ] ] ], [ [ [ -46.9872, -24.3796 ], [ -46.9861, -24.3799 ], [ -46.9848, -24.3792 ], [ -46.9836, -24.3807 ], [ -46.9847, -24.3825 ], [ -46.9858, -24.3825 ], [ -46.9876, -24.3815 ], [ -46.9872, -24.3796 ] ] ], [ [ [ -46.8069, -24.374 ], [ -46.8053, -24.3746 ], [ -46.8056, -24.3759 ], [ -46.808, -24.3759 ], [ -46.808, -24.3744 ], [ -46.8069, -24.374 ] ] ], [ [ [ -46.1829, -24.3201 ], [ -46.1805, -24.3182 ], [ -46.1799, -24.3192 ], [ -46.1825, -24.3213 ], [ -46.1829, -24.3201 ] ] ], [ [ [ -46.2608, -24.0524 ], [ -46.2624, -24.0527 ], [ -46.2647, -24.0518 ], [ -46.2662, -24.0494 ], [ -46.2645, -24.0483 ], [ -46.2627, -24.0452 ], [ -46.2605, -24.0451 ], [ -46.2626, -24.048 ], [ -46.2618, -24.0491 ], [ -46.2617, -24.0506 ], [ -46.2604, -24.0514 ], [ -46.2608, -24.0524 ] ] ], [ [ [ -46.1844, -23.9743 ], [ -46.1837, -23.9722 ], [ -46.1825, -23.9711 ], [ -46.1809, -23.9707 ], [ -46.1801, -23.9711 ], [ -46.1814, -23.9729 ], [ -46.1813, -23.9752 ], [ -46.1822, -23.9757 ], [ -46.1844, -23.9743 ] ] ] ] } },
{ "type": "Feature", "properties": { "nome_raj": "8ª RAJ São José do Rio Preto", "id_municipio_ibge": 3500204, "nome_municipio": "Adolfo", "populacao_municipio": 4351, "id_foro": 2, "nome_foro": "José Bonifácio", "endereco_sede": "Av. Monsenhor Ângelo Angioni , 1.000 - Jd. das Palmeiras, 15200-000", "latitude": -21.288681407336686, "longitude": -49.653273609806782, "id_cj": 16.0, "nome_cj": "São José do Rio Preto", "id_raj": 8, "populacao_foro": 52508, "cidades_no_foro": "Adolfo, José Bonifácio, Mendonça, Ubarana", "cidades_na_cj": "Adolfo, Américo de Campos, Bady Bassitt, Bálsamo, Cedral, Cosmorama, Guapiaçu, Icém, Ipiguá, Jaci, José Bonifácio, Macaubal, Mendonça, Mirassol, Mirassolândia, Monte Aprazível, Neves Paulista, Nipoã, Nova Aliança, Nova Granada, Onda Verde, Orindiúva, Palestina, Paulo de Faria, Poloni, Potirendaba, Riolândia, Sebastianópolis do Sul, São José do Rio Preto, Tanabi, Ubarana, Uchoa, União Paulista" }, "geometry": { "type": "Polygon", "coordinates": [ [ [ -50.0538, -20.9346 ], [ -50.0558, -20.9362 ], [ -50.0556, -20.9381 ], [ -50.0568, -20.9399 ], [ -50.0589, -20.9388 ], [ -50.0603, -20.94 ], [ -50.0621, -20.9393 ], [ -50.0623, -20.9368 ], [ -50.0629, -20.9361 ], [ -50.0624, -20.9346 ], [ -50.0613, -20.9334 ], [ -50.0618, -20.9309 ], [ -50.0629, -20.9303 ], [ -50.064, -20.9277 ], [ -50.0649, -20.9215 ], [ -50.0656, -20.9204 ], [ -50.0688, -20.9179 ], [ -50.0701, -20.9154 ], [ -50.0721, -20.9143 ], [ -50.0727, -20.9132 ], [ -50.0712, -20.9104 ], [ -50.0736, -20.9089 ], [ -50.0787, -20.9042 ], [ -50.0795, -20.9026 ], [ -50.082, -20.9004 ], [ -50.0851, -20.8962 ], [ -50.0868, -20.8946 ], [ -50.089, -20.8921 ], [ -50.0916, -20.8887 ], [ -50.0924, -20.8871 ], [ -50.0945, -20.886 ], [ -50.0963, -20.886 ], [ -50.1009, -20.8871 ], [ -50.1036, -20.8871 ], [ -50.1054, -20.8863 ], [ -50.1119, -20.88 ], [ -50.1114, -20.8773 ], [ -50.1121, -20.8763 ], [ -50.1138, -20.8762 ], [ -50.1147, -20.8771 ], [ -50.1157, -20.8816 ], [ -50.1175, -20.8826 ], [ -50.1199, -20.8807 ], [ -50.1222, -20.8801 ], [ -50.1279, -20.8802 ], [ -50.1328, -20.8823 ], [ -50.1351, -20.8805 ], [ -50.139, -20.8787 ], [ -50.1425, -20.8784 ], [ -50.1445, -20.8771 ], [ -50.1457, -20.8757 ], [ -50.1486, -20.8737 ], [ -50.1517, -20.8732 ], [ -50.153, -20.8743 ], [ -50.1557, -20.8752 ], [ -50.1583, -20.8757 ], [ -50.1599, -20.8754 ], [ -50.1614, -20.8739 ], [ -50.1639, -20.8749 ], [ -50.1641, -20.8771 ], [ -50.1648, -20.8797 ], [ -50.1658, -20.8817 ], [ -50.164, -20.8862 ], [ -50.163, -20.8875 ], [ -50.1651, -20.8891 ], [ -50.1659, -20.8903 ], [ -50.1679, -20.8888 ], [ -50.1689, -20.8894 ], [ -50.1676, -20.8912 ], [ -50.1678, -20.8929 ], [ -50.1694, -20.8921 ], [ -50.1718, -20.892 ], [ -50.1737, -20.8933 ], [ -50.1752, -20.8956 ], [ -50.1768, -20.8963 ], [ -50.1781, -20.8978 ], [ -50.1802, -20.8978 ], [ -50.1817, -20.8991 ], [ -50.181, -20.9006 ], [ -50.1833, -20.9007 ], [ -50.1847, -20.8991 ], [ -50.1858, -20.9017 ], [ -50.188, -20.9012 ], [ -50.1876, -20.8993 ], [ -50.1885, -20.8981 ], [ -50.1902, -20.8992 ], [ -50.1921, -20.8974 ], [ -50.1943, -20.8989 ], [ -50.1958, -20.8991 ], [ -50.1952, -20.897 ], [ -50.197, -20.8979 ], [ -50.1999, -20.8958 ], [ -50.2008, -20.8967 ], [ -50.2022, -20.8966 ], [ -50.2041, -20.8977 ], [ -50.2058, -20.8976 ], [ -50.2122, -20.8983 ], [ -50.213, -20.8999 ], [ -50.2148, -20.8987 ], [ -50.2185, -20.8982 ], [ -50.2198, -20.8984 ], [ -50.221, -20.8976 ], [ -50.2213, -20.8943 ], [ -50.2219, -20.8926 ], [ -50.2223, -20.8894 ], [ -50.2234, -20.8888 ], [ -50.2266, -20.8886 ], [ -50.2314, -20.8911 ], [ -50.2332, -20.8914 ], [ -50.2331, -20.8922 ], [ -50.2363, -20.8941 ], [ -50.2387, -20.8946 ], [ -50.24, -20.8935 ], [ -50.2451, -20.8938 ], [ -50.2453, -20.896 ], [ -50.2444, -20.8971 ], [ -50.2472, -20.8988 ], [ -50.2493, -20.8982 ], [ -50.251, -20.8992 ], [ -50.2527, -20.9024 ], [ -50.2563, -20.9027 ], [ -50.2583, -20.9058 ], [ -50.2608, -20.9052 ], [ -50.2628, -20.9058 ], [ -50.2652, -20.901 ], [ -50.2651, -20.8977 ], [ -50.2678, -20.8953 ], [ -50.2698, -20.8902 ], [ -50.2722, -20.8874 ], [ -50.275, -20.8854 ], [ -50.2767, -20.8836 ], [ -50.2765, -20.8775 ], [ -50.2758, -20.8756 ], [ -50.2757, -20.8728 ], [ -50.2785, -20.8724 ], [ -50.2838, -20.8756 ], [ -50.2872, -20.8765 ], [ -50.2921, -20.8745 ], [ -50.297, -20.8743 ], [ -50.302, -20.8695 ], [ -50.3039, -20.8692 ], [ -50.3053, -20.87 ], [ -50.3083, -20.8729 ], [ -50.3113, -20.8743 ], [ -50.3151, -20.8732 ], [ -50.3195, -20.8729 ], [ -50.321, -20.8731 ], [ -50.3232, -20.8728 ], [ -50.3243, -20.8718 ], [ -50.3252, -20.8683 ], [ -50.3261, -20.8667 ], [ -50.3271, -20.8635 ], [ -50.3282, -20.8615 ], [ -50.3308, -20.8587 ], [ -50.3312, -20.8548 ], [ -50.3326, -20.8531 ], [ -50.3355, -20.851 ], [ -50.3372, -20.8501 ], [ -50.3376, -20.8487 ], [ -50.3363, -20.8461 ], [ -50.3397, -20.8457 ], [ -50.3414, -20.8479 ], [ -50.3408, -20.8494 ], [ -50.3417, -20.8503 ], [ -50.3427, -20.8545 ], [ -50.344, -20.8552 ], [ -50.3451, -20.8546 ], [ -50.3457, -20.8532 ], [ -50.3479, -20.8516 ], [ -50.3496, -20.8487 ], [ -50.3497, -20.8468 ], [ -50.3509, -20.8461 ], [ -50.353, -20.8478 ], [ -50.3555, -20.8486 ], [ -50.3587, -20.848 ], [ -50.3611, -20.849 ], [ -50.3631, -20.8519 ], [ -50.3646, -20.8522 ], [ -50.3671, -20.8519 ], [ -50.3686, -20.8523 ], [ -50.3698, -20.8535 ], [ -50.3713, -20.8534 ], [ -50.373, -20.854 ], [ -50.3744, -20.8537 ], [ -50.3752, -20.8522 ], [ -50.3739, -20.8507 ], [ -50.3742, -20.8495 ], [ -50.3763, -20.8458 ], [ -50.377, -20.8416 ], [ -50.3756, -20.8388 ], [ -50.3721, -20.8364 ], [ -50.3717, -20.8321 ], [ -50.3707, -20.8291 ], [ -50.3712, -20.8258 ], [ -50.3728, -20.8227 ], [ -50.3741, -20.8183 ], [ -50.376, -20.8157 ], [ -50.3778, -20.8145 ], [ -50.3806, -20.8117 ], [ -50.3838, -20.8094 ], [ -50.387, -20.8087 ], [ -50.3891, -20.8086 ], [ -50.3927, -20.8092 ], [ -50.3977, -20.8114 ], [ -50.4014, -20.8129 ], [ -50.4046, -20.8126 ], [ -50.4072, -20.8135 ], [ -50.4092, -20.8131 ], [ -50.4117, -20.8131 ], [ -50.4128, -20.8119 ], [ -50.4144, -20.8084 ], [ -50.4157, -20.8038 ], [ -50.4168, -20.8018 ], [ -50.4179, -20.8005 ], [ -50.4216, -20.7986 ], [ -50.423, -20.7975 ], [ -50.4252, -20.7964 ], [ -50.4271, -20.7962 ], [ -50.4284, -20.7969 ], [ -50.4322, -20.7975 ], [ -50.4322, -20.7997 ], [ -50.4332, -20.8002 ], [ -50.4402, -20.7983 ], [ -50.4438, -20.8 ], [ -50.4459, -20.8007 ], [ -50.4495, -20.801 ], [ -50.4524, -20.799 ], [ -50.4531, -20.7976 ], [ -50.4544, -20.7921 ], [ -50.4546, -20.7842 ], [ -50.4553, -20.7812 ], [ -50.4564, -20.7789 ], [ -50.4576, -20.778 ], [ -50.4607, -20.7778 ], [ -50.4617, -20.7769 ], [ -50.5056, -20.7616 ], [ -50.5059, -20.7591 ], [ -50.5049, -20.7568 ], [ -50.5059, -20.7547 ], [ -50.5057, -20.7512 ], [ -50.505, -20.7496 ], [ -50.5029, -20.7472 ], [ -50.5029, -20.7459 ], [ -50.502, -20.743 ], [ -50.5028, -20.7405 ], [ -50.5014, -20.7397 ], [ -50.5, -20.7375 ], [ -50.4997, -20.736 ], [ -50.5013, -20.7325 ], [ -50.5011, -20.731 ], [ -50.5001, -20.7301 ], [ -50.5004, -20.7284 ], [ -50.502, -20.7265 ], [ -50.5021, -20.7244 ], [ -50.5007, -20.7219 ], [ -50.4984, -20.72 ], [ -50.4978, -20.7184 ], [ -50.4981, -20.7146 ], [ -50.4969, -20.7127 ], [ -50.4966, -20.7103 ], [ -50.4942, -20.7068 ], [ -50.4942, -20.7046 ], [ -50.4923, -20.7053 ], [ -50.4902, -20.7032 ], [ -50.4899, -20.7021 ], [ -50.4881, -20.701 ], [ -50.486, -20.7008 ], [ -50.4847, -20.6995 ], [ -50.4833, -20.6969 ], [ -50.481, -20.6968 ], [ -50.4802, -20.6954 ], [ -50.4796, -20.6925 ], [ -50.4785, -20.6901 ], [ -50.4786, -20.6889 ], [ -50.4765, -20.6878 ], [ -50.4766, -20.6856 ], [ -50.4776, -20.6826 ], [ -50.4776, -20.6805 ], [ -50.4796, -20.6757 ], [ -50.4805, -20.6742 ], [ -50.4798, -20.6711 ], [ -50.4802, -20.6671 ], [ -50.4832, -20.6603 ], [ -50.4816, -20.6591 ], [ -50.4804, -20.6573 ], [ -50.4798, -20.6556 ], [ -50.4797, -20.6535 ], [ -50.4818, -20.651 ], [ -50.482, -20.6467 ], [ -50.4831, -20.6449 ], [ -50.4854, -20.6452 ], [ -50.4868, -20.646 ], [ -50.4904, -20.6466 ], [ -50.4937, -20.644 ], [ -50.4959, -20.6416 ], [ -50.4981, -20.6397 ], [ -50.5015, -20.6355 ], [ -50.5052, -20.6328 ], [ -50.5086, -20.6276 ], [ -50.5102, -20.6245 ], [ -50.5115, -20.6233 ], [ -50.5116, -20.6217 ], [ -50.5109, -20.621 ], [ -50.5106, -20.6171 ], [ -50.5093, -20.6152 ], [ -50.5091, -20.6129 ], [ -50.5105, -20.6106 ], [ -50.5087, -20.6061 ], [ -50.51, -20.6032 ], [ -50.5101, -20.601 ], [ -50.5084, -20.5965 ], [ -50.5083, -20.5945 ], [ -50.5087, -20.5911 ], [ -50.5075, -20.59 ], [ -50.5066, -20.5879 ], [ -50.5098, -20.5832 ], [ -50.5122, -20.5815 ], [ -50.5133, -20.5796 ], [ -50.512, -20.5774 ], [ -50.5119, -20.5743 ], [ -50.5149, -20.5725 ], [ -50.5153, -20.5699 ], [ -50.515, -20.5689 ], [ -50.514, -20.5629 ], [ -50.5124, -20.56 ], [ -50.5117, -20.5576 ], [ -50.5105, -20.5547 ], [ -50.5087, -20.5525 ], [ -50.5083, -20.5513 ], [ -50.5093, -20.5474 ], [ -50.5103, -20.5455 ], [ -50.517, -20.5413 ], [ -50.5176, -20.5403 ], [ -50.5174, -20.5381 ], [ -50.5191, -20.5369 ], [ -50.5226, -20.5369 ], [ -50.5251, -20.5379 ], [ -50.528, -20.5372 ], [ -50.5314, -20.5342 ], [ -50.5341, -20.5333 ], [ -50.5379, -20.5331 ], [ -50.5405, -20.5333 ], [ -50.5422, -20.5322 ], [ -50.544, -20.5323 ], [ -50.5446, -20.5312 ], [ -50.5484, -20.5295 ], [ -50.5496, -20.5298 ], [ -50.5504, -20.5309 ], [ -50.5518, -20.5304 ], [ -50.5541, -20.5283 ], [ -50.553, -20.5265 ], [ -50.5545, -20.5235 ], [ -50.5515, -20.5229 ], [ -50.5512, -20.5209 ], [ -50.5494, -20.5203 ], [ -50.5478, -20.519 ], [ -50.5485, -20.5176 ], [ -50.5477, -20.5161 ], [ -50.5483, -20.5155 ], [ -50.549, -20.5129 ], [ -50.5492, -20.5093 ], [ -50.5477, -20.5061 ], [ -50.5458, -20.5051 ], [ -50.5448, -20.5036 ], [ -50.5409, -20.5047 ], [ -50.5398, -20.5044 ], [ -50.5387, -20.5053 ], [ -50.537, -20.505 ], [ -50.5364, -20.506 ], [ -50.5335, -20.507 ], [ -50.5331, -20.5078 ], [ -50.5284, -20.5082 ], [ -50.528, -20.5089 ], [ -50.5229, -20.5072 ], [ -50.5218, -20.5072 ], [ -50.5201, -20.5027 ], [ -50.5189, -20.5009 ], [ -50.5179, -20.5009 ], [ -50.5136, -20.5027 ], [ -50.5103, -20.5024 ], [ -50.5082, -20.5006 ], [ -50.5071, -20.5003 ], [ -50.5051, -20.4968 ], [ -50.5011, -20.4998 ], [ -50.4996, -20.4986 ], [ -50.4981, -20.4965 ], [ -50.4965, -20.4961 ], [ -50.4956, -20.4975 ], [ -50.4931, -20.4995 ], [ -50.4916, -20.4996 ], [ -50.4879, -20.4973 ], [ -50.4878, -20.4958 ], [ -50.4856, -20.4934 ], [ -50.483, -20.4928 ], [ -50.4807, -20.4959 ], [ -50.4787, -20.4956 ], [ -50.4762, -20.4941 ], [ -50.4736, -20.4945 ], [ -50.4716, -20.4937 ], [ -50.4717, -20.4925 ], [ -50.4686, -20.4899 ], [ -50.4669, -20.4891 ], [ -50.4664, -20.4898 ], [ -50.4644, -20.4883 ], [ -50.4626, -20.4887 ], [ -50.4623, -20.4877 ], [ -50.4589, -20.4871 ], [ -50.4577, -20.4873 ], [ -50.4539, -20.4862 ], [ -50.4528, -20.4866 ], [ -50.451, -20.4859 ], [ -50.4485, -20.4862 ], [ -50.4482, -20.4855 ], [ -50.4496, -20.4835 ], [ -50.4486, -20.4824 ], [ -50.4458, -20.483 ], [ -50.4452, -20.4817 ], [ -50.4464, -20.4786 ], [ -50.4459, -20.4766 ], [ -50.4483, -20.4756 ], [ -50.4476, -20.4732 ], [ -50.4449, -20.4727 ], [ -50.4443, -20.4716 ], [ -50.4445, -20.4702 ], [ -50.4437, -20.4683 ], [ -50.4437, -20.4668 ], [ -50.4445, -20.4663 ], [ -50.4446, -20.4635 ], [ -50.4432, -20.4616 ], [ -50.4416, -20.4607 ], [ -50.4423, -20.4596 ], [ -50.4403, -20.4573 ], [ -50.4401, -20.4535 ], [ -50.4411, -20.4509 ], [ -50.4398, -20.4495 ], [ -50.4395, -20.4479 ], [ -50.4402, -20.4439 ], [ -50.4407, -20.4425 ], [ -50.4394, -20.4409 ], [ -50.4406, -20.4386 ], [ -50.4402, -20.4365 ], [ -50.4396, -20.4361 ], [ -50.44, -20.4342 ], [ -50.4394, -20.4316 ], [ -50.4384, -20.4314 ], [ -50.4383, -20.4298 ], [ -50.4388, -20.428 ], [ -50.4375, -20.4272 ], [ -50.4366, -20.4255 ], [ -50.4374, -20.4227 ], [ -50.4355, -20.4221 ], [ -50.4328, -20.4199 ], [ -50.4314, -20.4139 ], [ -50.4302, -20.4123 ], [ -50.4311, -20.4111 ], [ -50.4322, -20.4109 ], [ -50.4353, -20.4082 ], [ -50.4362, -20.4078 ], [ -50.4376, -20.4058 ], [ -50.4432, -20.4029 ], [ -50.4449, -20.4032 ], [ -50.4462, -20.4026 ], [ -50.4489, -20.403 ], [ -50.4489, -20.4012 ], [ -50.4503, -20.3995 ], [ -50.4531, -20.3978 ], [ -50.4538, -20.3964 ], [ -50.4547, -20.3964 ], [ -50.4562, -20.3944 ], [ -50.4618, -20.3938 ], [ -50.4645, -20.3929 ], [ -50.4658, -20.3915 ], [ -50.4682, -20.3901 ], [ -50.4687, -20.3905 ], [ -50.4687, -20.3888 ], [ -50.4695, -20.3874 ], [ -50.4695, -20.3852 ], [ -50.469, -20.3822 ], [ -50.4701, -20.3812 ], [ -50.4707, -20.3795 ], [ -50.4703, -20.3756 ], [ -50.4705, -20.371 ], [ -50.471, -20.367 ], [ -50.4704, -20.3644 ], [ -50.4715, -20.3631 ], [ -50.4719, -20.3618 ], [ -50.4719, -20.359 ], [ -50.4711, -20.3556 ], [ -50.4719, -20.3535 ], [ -50.4713, -20.352 ], [ -50.4716, -20.3461 ], [ -50.4712, -20.3433 ], [ -50.4698, -20.3423 ], [ -50.4674, -20.3391 ], [ -50.4664, -20.3357 ], [ -50.4651, -20.3335 ], [ -50.4649, -20.3316 ], [ -50.4654, -20.3295 ], [ -50.4679, -20.3271 ], [ -50.4686, -20.3234 ], [ -50.4681, -20.3211 ], [ -50.4683, -20.3198 ], [ -50.4677, -20.3181 ], [ -50.4683, -20.3173 ], [ -50.468, -20.3153 ], [ -50.4696, -20.3134 ], [ -50.4721, -20.3126 ], [ -50.4723, -20.3116 ], [ -50.4745, -20.3098 ], [ -50.4768, -20.3071 ], [ -50.4794, -20.3047 ], [ -50.4809, -20.3001 ], [ -50.4795, -20.2955 ], [ -50.4773, -20.2916 ], [ -50.4765, -20.2876 ], [ -50.4756, -20.2865 ], [ -50.4723, -20.2847 ], [ -50.469, -20.2812 ], [ -50.4673, -20.2801 ], [ -50.4623, -20.2775 ], [ -50.4596, -20.2754 ], [ -50.4583, -20.2738 ], [ -50.458, -20.2681 ], [ -50.4582, -20.2653 ], [ -50.4602, -20.2617 ], [ -50.4613, -20.2587 ], [ -50.4615, -20.2569 ], [ -50.4626, -20.2558 ], [ -50.4631, -20.2527 ], [ -50.464, -20.2499 ], [ -50.4634, -20.2483 ], [ -50.4632, -20.2451 ], [ -50.4638, -20.2411 ], [ -50.4658, -20.2369 ], [ -50.4646, -20.2351 ], [ -50.464, -20.2328 ], [ -50.4619, -20.2278 ], [ -50.4607, -20.2269 ], [ -50.458, -20.2239 ], [ -50.4547, -20.2219 ], [ -50.454, -20.2202 ], [ -50.4527, -20.2189 ], [ -50.4523, -20.2165 ], [ -50.4511, -20.2144 ], [ -50.4515, -20.2111 ], [ -50.4524, -20.2074 ], [ -50.4549, -20.2043 ], [ -50.4569, -20.2032 ], [ -50.4587, -20.2027 ], [ -50.4604, -20.2001 ], [ -50.4632, -20.1974 ], [ -50.4664, -20.1956 ], [ -50.4664, -20.1939 ], [ -50.4653, -20.1924 ], [ -50.4648, -20.1909 ], [ -50.465, -20.1879 ], [ -50.4655, -20.1865 ], [ -50.465, -20.1856 ], [ -50.4617, -20.1855 ], [ -50.4598, -20.1863 ], [ -50.4587, -20.1875 ], [ -50.4575, -20.1872 ], [ -50.4577, -20.1855 ], [ -50.459, -20.1831 ], [ -50.4601, -20.1794 ], [ -50.4602, -20.1757 ], [ -50.4596, -20.1721 ], [ -50.4599, -20.1686 ], [ -50.4577, -20.1664 ], [ -50.4556, -20.1648 ], [ -50.4519, -20.1596 ], [ -50.4507, -20.1589 ], [ -50.453, -20.1569 ], [ -50.4567, -20.157 ], [ -50.4612, -20.1576 ], [ -50.4661, -20.1577 ], [ -50.4688, -20.157 ], [ -50.4759, -20.1532 ], [ -50.4791, -20.1528 ], [ -50.481, -20.1535 ], [ -50.479, -20.1544 ], [ -50.4762, -20.157 ], [ -50.4756, -20.1594 ], [ -50.4778, -20.1582 ], [ -50.483, -20.1582 ], [ -50.4859, -20.1596 ], [ -50.4915, -20.1615 ], [ -50.4934, -20.1625 ], [ -50.4985, -20.1665 ], [ -50.5019, -20.1685 ], [ -50.5059, -20.1691 ], [ -50.512, -20.1736 ], [ -50.5157, -20.1743 ], [ -50.5189, -20.1757 ], [ -50.5205, -20.176 ], [ -50.5223, -20.176 ], [ -50.5233, -20.1721 ], [ -50.5242, -20.1706 ], [ -50.5239, -20.1687 ], [ -50.5245, -20.1671 ], [ -50.527, -20.1649 ], [ -50.5274, -20.164 ], [ -50.5317, -20.1622 ], [ -50.5348, -20.1601 ], [ -50.5386, -20.159 ], [ -50.5387, -20.1582 ], [ -50.5427, -20.1559 ], [ -50.544, -20.1547 ], [ -50.5479, -20.1541 ], [ -50.55, -20.1542 ], [ -50.552, -20.1535 ], [ -50.5527, -20.1544 ], [ -50.5551, -20.1547 ], [ -50.5571, -20.1538 ], [ -50.5593, -20.1535 ], [ -50.5651, -20.1533 ], [ -50.5672, -20.1518 ], [ -50.5728, -20.1507 ], [ -50.5732, -20.1498 ], [ -50.575, -20.1486 ], [ -50.5762, -20.1486 ], [ -50.5771, -20.147 ], [ -50.5794, -20.1461 ], [ -50.5794, -20.145 ], [ -50.5783, -20.1436 ], [ -50.5791, -20.1425 ], [ -50.5805, -20.143 ], [ -50.5826, -20.1425 ], [ -50.5848, -20.1407 ], [ -50.5817, -20.1409 ], [ -50.5804, -20.1391 ], [ -50.579, -20.1353 ], [ -50.577, -20.1325 ], [ -50.5747, -20.131 ], [ -50.5736, -20.1297 ], [ -50.5674, -20.1268 ], [ -50.5643, -20.1264 ], [ -50.562, -20.1258 ], [ -50.5603, -20.1238 ], [ -50.5591, -20.123 ], [ -50.5567, -20.1202 ], [ -50.5559, -20.1197 ], [ -50.5519, -20.1201 ], [ -50.553, -20.117 ], [ -50.5527, -20.1153 ], [ -50.5509, -20.1126 ], [ -50.551, -20.1105 ], [ -50.5524, -20.1073 ], [ -50.5515, -20.1046 ], [ -50.5512, -20.1025 ], [ -50.5512, -20.098 ], [ -50.5536, -20.1007 ], [ -50.5552, -20.1017 ], [ -50.5569, -20.1012 ], [ -50.5586, -20.098 ], [ -50.5591, -20.0963 ], [ -50.5598, -20.0918 ], [ -50.5592, -20.0888 ], [ -50.5573, -20.0839 ], [ -50.5565, -20.0794 ], [ -50.5546, -20.0761 ], [ -50.5526, -20.0717 ], [ -50.5514, -20.07 ], [ -50.549, -20.0679 ], [ -50.5461, -20.0637 ], [ -50.5436, -20.0611 ], [ -50.5401, -20.0569 ], [ -50.5383, -20.0553 ], [ -50.5376, -20.0531 ], [ -50.5372, -20.0494 ], [ -50.5346, -20.0458 ], [ -50.5311, -20.0433 ], [ -50.5263, -20.0421 ], [ -50.5241, -20.0413 ], [ -50.5199, -20.0386 ], [ -50.519, -20.0373 ], [ -50.5192, -20.0359 ], [ -50.5196, -20.0339 ], [ -50.519, -20.0321 ], [ -50.5177, -20.0302 ], [ -50.518, -20.0293 ], [ -50.5191, -20.0287 ], [ -50.5202, -20.027 ], [ -50.5196, -20.0252 ], [ -50.5187, -20.0247 ], [ -50.5178, -20.0214 ], [ -50.5164, -20.0197 ], [ -50.5159, -20.0159 ], [ -50.5167, -20.0151 ], [ -50.5193, -20.0155 ], [ -50.5232, -20.0117 ], [ -50.5246, -20.0108 ], [ -50.5262, -20.0087 ], [ -50.5264, -20.0069 ], [ -50.5281, -20.0041 ], [ -50.5303, -20.0034 ], [ -50.5358, -20.0029 ], [ -50.5366, -20.0025 ], [ -50.5379, -20.0004 ], [ -50.5382, -19.9977 ], [ -50.5377, -19.9944 ], [ -50.5379, -19.9937 ], [ -50.5397, -19.9928 ], [ -50.5406, -19.9912 ], [ -50.5417, -19.9917 ], [ -50.5424, -19.9903 ], [ -50.5434, -19.9898 ], [ -50.5438, -19.9885 ], [ -50.5468, -19.9876 ], [ -50.5485, -19.989 ], [ -50.5487, -19.9914 ], [ -50.5507, -19.9913 ], [ -50.5517, -19.9918 ], [ -50.5526, -19.9903 ], [ -50.5525, -19.9876 ], [ -50.553, -19.9843 ], [ -50.5546, -19.9793 ], [ -50.5564, -19.9774 ], [ -50.5572, -19.9741 ], [ -50.5589, -19.973 ], [ -50.5612, -19.9668 ], [ -50.5613, -19.9655 ], [ -50.5621, -19.9636 ], [ -50.5605, -19.9629 ], [ -50.5594, -19.9616 ], [ -50.562, -19.9595 ], [ -50.5633, -19.9597 ], [ -50.5657, -19.9588 ], [ -50.5664, -19.9543 ], [ -50.5712, -19.9505 ], [ -50.5736, -19.9505 ], [ -50.5738, -19.9482 ], [ -50.5732, -19.9469 ], [ -50.5734, -19.9456 ], [ -50.5751, -19.9439 ], [ -50.574, -19.941 ], [ -50.5757, -19.9381 ], [ -50.5763, -19.9341 ], [ -50.578, -19.9334 ], [ -50.5795, -19.932 ], [ -50.5794, -19.9295 ], [ -50.5798, -19.9274 ], [ -50.5806, -19.9262 ], [ -50.5824, -19.9253 ], [ -50.5838, -19.9231 ], [ -50.5861, -19.9217 ], [ -50.5874, -19.9202 ], [ -50.5887, -19.9163 ], [ -50.5902, -19.9144 ], [ -50.5897, -19.912 ], [ -50.5901, -19.9093 ], [ -50.591, -19.9081 ], [ -50.5926, -19.9077 ], [ -50.593, -19.9068 ], [ -50.592, -19.9058 ], [ -50.5918, -19.9038 ], [ -50.5933, -19.9025 ], [ -50.5964, -19.9011 ], [ -50.5974, -19.8999 ], [ -50.5974, -19.898 ], [ -50.5984, -19.8963 ], [ -50.6011, -19.8933 ], [ -50.6024, -19.8915 ], [ -50.6045, -19.8864 ], [ -50.6072, -19.8851 ], [ -50.6096, -19.8857 ], [ -50.613, -19.8843 ], [ -50.6129, -19.8823 ], [ -50.6109, -19.8803 ], [ -50.6105, -19.879 ], [ -50.6117, -19.8787 ], [ -50.6128, -19.8767 ], [ -50.6139, -19.8711 ], [ -50.6139, -19.8673 ], [ -50.6131, -19.8648 ], [ -50.6132, -19.8627 ], [ -50.6142, -19.861 ], [ -50.6098, -19.8597 ], [ -50.6073, -19.858 ], [ -50.6055, -19.8561 ], [ -50.5992, -19.8447 ], [ -50.5959, -19.8413 ], [ -50.5864, -19.8268 ], [ -50.5779, -19.8164 ], [ -50.5745, -19.8145 ], [ -50.5692, -19.8128 ], [ -50.562, -19.8136 ], [ -50.5576, -19.8131 ], [ -50.5483, -19.8112 ], [ -50.5449, -19.8101 ], [ -50.5381, -19.806 ], [ -50.5268, -19.7999 ], [ -50.5172, -19.7964 ], [ -50.5109, -19.7958 ], [ -50.5027, -19.7959 ], [ -50.499, -19.7958 ], [ -50.4976, -19.7952 ], [ -50.4917, -19.7899 ], [ -50.4862, -19.7857 ], [ -50.4782, -19.7815 ], [ -50.4719, -19.7797 ], [ -50.4693, -19.7799 ], [ -50.4656, -19.7811 ], [ -50.4599, -19.7835 ], [ -50.4571, -19.7853 ], [ -50.4541, -19.7862 ], [ -50.4491, -19.7887 ], [ -50.4435, -19.7925 ], [ -50.4401, -19.7941 ], [ -50.4349, -19.7953 ], [ -50.4294, -19.7958 ], [ -50.4269, -19.7965 ], [ -50.4171, -19.8011 ], [ -50.408, -19.8086 ], [ -50.4036, -19.8135 ], [ -50.4008, -19.8158 ], [ -50.3988, -19.8168 ], [ -50.3948, -19.8207 ], [ -50.3891, -19.8292 ], [ -50.3843, -19.8342 ], [ -50.379, -19.8378 ], [ -50.3729, -19.8454 ], [ -50.3679, -19.8465 ], [ -50.3644, -19.8508 ], [ -50.3593, -19.8527 ], [ -50.3571, -19.8546 ], [ -50.3551, -19.8574 ], [ -50.3528, -19.8646 ], [ -50.3457, -19.8676 ], [ -50.341, -19.8681 ], [ -50.3374, -19.8695 ], [ -50.3366, -19.8698 ], [ -50.3337, -19.8691 ], [ -50.3291, -19.8693 ], [ -50.3206, -19.8711 ], [ -50.3153, -19.8718 ], [ -50.3094, -19.874 ], [ -50.3064, -19.8741 ], [ -50.296, -19.8692 ], [ -50.2913, -19.8679 ], [ -50.2856, -19.8678 ], [ -50.2795, -19.8687 ], [ -50.2657, -19.8727 ], [ -50.2535, -19.8744 ], [ -50.2509, -19.876 ], [ -50.249, -19.8764 ], [ -50.2452, -19.8768 ], [ -50.2376, -19.8756 ], [ -50.2293, -19.8725 ], [ -50.2209, -19.8684 ], [ -50.2157, -19.8666 ], [ -50.2072, -19.8664 ], [ -50.2016, -19.8664 ], [ -50.196, -19.8672 ], [ -50.1763, -19.8726 ], [ -50.1737, -19.8748 ], [ -50.1718, -19.8755 ], [ -50.1654, -19.8779 ], [ -50.1605, -19.8784 ], [ -50.1503, -19.8775 ], [ -50.1343, -19.874 ], [ -50.1304, -19.8737 ], [ -50.11, -19.8739 ], [ -50.1062, -19.8743 ], [ -50.0972, -19.8755 ], [ -50.0922, -19.8776 ], [ -50.0877, -19.8803 ], [ -50.0795, -19.886 ], [ -50.0692, -19.895 ], [ -50.0605, -19.902 ], [ -50.0472, -19.9154 ], [ -50.0441, -19.9164 ], [ -50.0341, -19.9198 ], [ -50.0188, -19.9254 ], [ -50.0153, -19.9264 ], [ -50.0122, -19.9267 ], [ -50.0031, -19.9264 ], [ -49.9908, -19.9239 ], [ -49.9837, -19.9231 ], [ -49.9762, -19.9211 ], [ -49.9699, -19.92 ], [ -49.9622, -19.9202 ], [ -49.9555, -19.9214 ], [ -49.9461, -19.9239 ], [ -49.9414, -19.9258 ], [ -49.9339, -19.9285 ], [ -49.9275, -19.93 ], [ -49.9238, -19.9312 ], [ -49.917, -19.934 ], [ -49.9062, -19.9372 ], [ -49.9052, -19.9375 ], [ -49.8912, -19.9436 ], [ -49.8883, -19.9453 ], [ -49.8809, -19.9456 ], [ -49.8671, -19.9444 ], [ -49.8636, -19.9446 ], [ -49.8602, -19.9444 ], [ -49.8586, -19.9458 ], [ -49.8556, -19.9468 ], [ -49.8537, -19.9465 ], [ -49.8432, -19.9378 ], [ -49.8401, -19.9366 ], [ -49.8353, -19.9333 ], [ -49.8285, -19.9316 ], [ -49.8225, -19.9311 ], [ -49.8076, -19.9318 ], [ -49.8005, -19.9312 ], [ -49.7856, -19.9252 ], [ -49.7825, -19.9245 ], [ -49.7494, -19.9247 ], [ -49.734, -19.9262 ], [ -49.7121, -19.9313 ], [ -49.6893, -19.9306 ], [ -49.686, -19.9316 ], [ -49.6825, -19.9304 ], [ -49.6776, -19.9296 ], [ -49.6764, -19.9304 ], [ -49.676, -19.9328 ], [ -49.6572, -19.9315 ], [ -49.6473, -19.9317 ], [ -49.6429, -19.9322 ], [ -49.6344, -19.9319 ], [ -49.631, -19.9312 ], [ -49.6254, -19.9286 ], [ -49.6169, -19.9219 ], [ -49.6132, -19.92 ], [ -49.606, -19.9165 ], [ -49.5972, -19.9137 ], [ -49.591, -19.9125 ], [ -49.5832, -19.91 ], [ -49.5799, -19.9094 ], [ -49.575, -19.9096 ], [ -49.5659, -19.9113 ], [ -49.5628, -19.9116 ], [ -49.5592, -19.9112 ], [ -49.5557, -19.9091 ], [ -49.5532, -19.9063 ], [ -49.5515, -19.9058 ], [ -49.5399, -19.9074 ], [ -49.5287, -19.9101 ], [ -49.514, -19.9143 ], [ -49.5067, -19.9177 ], [ -49.5035, -19.9199 ], [ -49.4999, -19.926 ], [ -49.4951, -19.9461 ], [ -49.4928, -19.9504 ], [ -49.4876, -19.9553 ], [ -49.4849, -19.9563 ], [ -49.48, -19.9612 ], [ -49.4775, -19.963 ], [ -49.4632, -19.9715 ], [ -49.4582, -19.9759 ], [ -49.4538, -19.9781 ], [ -49.4445, -19.9805 ], [ -49.4345, -19.9824 ], [ -49.4092, -19.9839 ], [ -49.3965, -19.9839 ], [ -49.3767, -19.986 ], [ -49.3724, -19.9867 ], [ -49.3565, -19.9867 ], [ -49.3414, -19.9836 ], [ -49.3366, -19.9821 ], [ -49.3328, -19.9801 ], [ -49.3301, -19.9775 ], [ -49.329, -19.9749 ], [ -49.316, -19.9673 ], [ -49.3116, -19.9648 ], [ -49.3064, -19.9627 ], [ -49.2975, -19.9605 ], [ -49.2939, -19.9602 ], [ -49.2906, -19.9605 ], [ -49.284, -19.9624 ], [ -49.281, -19.9628 ], [ -49.2652, -19.962 ], [ -49.2595, -19.9638 ], [ -49.2563, -19.9652 ], [ -49.2501, -19.9693 ], [ -49.2496, -19.9696 ], [ -49.2464, -19.9752 ], [ -49.246, -19.9785 ], [ -49.2473, -19.9951 ], [ -49.2476, -19.9977 ], [ -49.2483, -19.9996 ], [ -49.2582, -20.0061 ], [ -49.2625, -20.0069 ], [ -49.2653, -20.006 ], [ -49.2746, -20.0036 ], [ -49.2806, -20.0039 ], [ -49.2839, -20.0048 ], [ -49.2879, -20.0073 ], [ -49.2921, -20.0108 ], [ -49.2963, -20.0156 ], [ -49.2973, -20.0175 ], [ -49.298, -20.0279 ], [ -49.2978, -20.0311 ], [ -49.2982, -20.0334 ], [ -49.3056, -20.0539 ], [ -49.3073, -20.0603 ], [ -49.3073, -20.0664 ], [ -49.3085, -20.0776 ], [ -49.3085, -20.085 ], [ -49.3083, -20.0888 ], [ -49.3085, -20.097 ], [ -49.3085, -20.1039 ], [ -49.3064, -20.1111 ], [ -49.3059, -20.1169 ], [ -49.3045, -20.1249 ], [ -49.3022, -20.1334 ], [ -49.3003, -20.1433 ], [ -49.2997, -20.1555 ], [ -49.2999, -20.1641 ], [ -49.2992, -20.1671 ], [ -49.2903, -20.1846 ], [ -49.2857, -20.1918 ], [ -49.2849, -20.194 ], [ -49.2835, -20.2 ], [ -49.2739, -20.2137 ], [ -49.266, -20.2285 ], [ -49.2652, -20.2297 ], [ -49.2643, -20.2313 ], [ -49.262, -20.2374 ], [ -49.2605, -20.2425 ], [ -49.2591, -20.2481 ], [ -49.2602, -20.2523 ], [ -49.2597, -20.2588 ], [ -49.2592, -20.2602 ], [ -49.2542, -20.2677 ], [ -49.2525, -20.2712 ], [ -49.2492, -20.2748 ], [ -49.2486, -20.2773 ], [ -49.2452, -20.2821 ], [ -49.2397, -20.2872 ], [ -49.2377, -20.2904 ], [ -49.2358, -20.2945 ], [ -49.2287, -20.3034 ], [ -49.2253, -20.3053 ], [ -49.2221, -20.3052 ], [ -49.2171, -20.3043 ], [ -49.2082, -20.3044 ], [ -49.2052, -20.305 ], [ -49.203, -20.3047 ], [ -49.1997, -20.3067 ], [ -49.1986, -20.3079 ], [ -49.1956, -20.3088 ], [ -49.1943, -20.3086 ], [ -49.1928, -20.3074 ], [ -49.1919, -20.3076 ], [ -49.1911, -20.3092 ], [ -49.189, -20.3112 ], [ -49.1865, -20.3123 ], [ -49.1836, -20.3147 ], [ -49.1805, -20.3132 ], [ -49.178, -20.3127 ], [ -49.1741, -20.3128 ], [ -49.1713, -20.3117 ], [ -49.1703, -20.3065 ], [ -49.159, -20.298 ], [ -49.1559, -20.2961 ], [ -49.1511, -20.2944 ], [ -49.134, -20.2845 ], [ -49.1297, -20.2808 ], [ -49.1224, -20.2735 ], [ -49.1207, -20.2705 ], [ -49.116, -20.2614 ], [ -49.1122, -20.2507 ], [ -49.1089, -20.2474 ], [ -49.1021, -20.2365 ], [ -49.096, -20.2259 ], [ -49.0893, -20.2122 ], [ -49.0886, -20.2087 ], [ -49.0858, -20.2006 ], [ -49.0799, -20.1887 ], [ -49.0768, -20.1799 ], [ -49.0757, -20.1755 ], [ -49.0731, -20.1688 ], [ -49.0718, -20.1615 ], [ -49.0675, -20.1547 ], [ -49.0659, -20.1535 ], [ -49.0631, -20.1518 ], [ -49.0592, -20.1511 ], [ -49.0329, -20.1501 ], [ -49.0245, -20.1511 ], [ -49.0166, -20.1536 ], [ -49.0004, -20.1607 ], [ -48.997, -20.1631 ], [ -48.9923, -20.1654 ], [ -48.986, -20.1708 ], [ -48.9841, -20.1737 ], [ -48.9809, -20.1822 ], [ -48.972, -20.2078 ], [ -48.9678, -20.2317 ], [ -48.9652, -20.2455 ], [ -48.964, -20.2494 ], [ -48.9618, -20.2633 ], [ -48.9624, -20.2696 ], [ -48.9643, -20.2735 ], [ -48.9653, -20.2762 ], [ -48.9658, -20.2793 ], [ -48.9642, -20.2834 ], [ -48.9659, -20.3034 ], [ -48.9647, -20.3147 ], [ -48.965, -20.3289 ], [ -48.968, -20.3447 ], [ -48.9677, -20.3502 ], [ -48.9657, -20.358 ], [ -48.9657, -20.3629 ], [ -48.9664, -20.3688 ], [ -48.9701, -20.3819 ], [ -48.9707, -20.3866 ], [ -48.9704, -20.3898 ], [ -48.9689, -20.3937 ], [ -48.9667, -20.3979 ], [ -48.963, -20.4031 ], [ -48.9518, -20.4107 ], [ -48.9369, -20.418 ], [ -48.9287, -20.4215 ], [ -48.923, -20.4248 ], [ -48.9133, -20.4308 ], [ -48.9042, -20.4387 ], [ -48.8999, -20.4413 ], [ -48.8982, -20.4419 ], [ -48.8949, -20.4418 ], [ -48.8921, -20.4407 ], [ -48.8865, -20.4369 ], [ -48.8817, -20.4332 ], [ -48.8786, -20.4297 ], [ -48.8716, -20.4171 ], [ -48.868, -20.4059 ], [ -48.8672, -20.4025 ], [ -48.8671, -20.3989 ], [ -48.867, -20.3983 ], [ -48.8693, -20.3793 ], [ -48.8721, -20.37 ], [ -48.8763, -20.3619 ], [ -48.8784, -20.3561 ], [ -48.88, -20.3483 ], [ -48.8796, -20.3377 ], [ -48.8755, -20.3184 ], [ -48.8757, -20.315 ], [ -48.8772, -20.3109 ], [ -48.8801, -20.3073 ], [ -48.8834, -20.3045 ], [ -48.886, -20.301 ], [ -48.8883, -20.2972 ], [ -48.8888, -20.2948 ], [ -48.8882, -20.2917 ], [ -48.8864, -20.2876 ], [ -48.8859, -20.2854 ], [ -48.8861, -20.2805 ], [ -48.8871, -20.2753 ], [ -48.8865, -20.2712 ], [ -48.8851, -20.2665 ], [ -48.8834, -20.2631 ], [ -48.8782, -20.2554 ], [ -48.8722, -20.2419 ], [ -48.8694, -20.2386 ], [ -48.864, -20.2347 ], [ -48.8593, -20.2323 ], [ -48.8568, -20.2269 ], [ -48.8543, -20.2191 ], [ -48.8534, -20.215 ], [ -48.8536, -20.2092 ], [ -48.8572, -20.2029 ], [ -48.8579, -20.1993 ], [ -48.8575, -20.1961 ], [ -48.8566, -20.1928 ], [ -48.8572, -20.1874 ], [ -48.8568, -20.1837 ], [ -48.8554, -20.1801 ], [ -48.8528, -20.1775 ], [ -48.8502, -20.1761 ], [ -48.8456, -20.1739 ], [ -48.8431, -20.1729 ], [ -48.8391, -20.1687 ], [ -48.8293, -20.1632 ], [ -48.8257, -20.162 ], [ -48.8221, -20.1615 ], [ -48.8047, -20.1621 ], [ -48.7923, -20.1635 ], [ -48.7811, -20.1639 ], [ -48.7701, -20.1618 ], [ -48.7642, -20.1595 ], [ -48.7566, -20.1544 ], [ -48.7537, -20.1534 ], [ -48.7454, -20.1526 ], [ -48.7429, -20.152 ], [ -48.7387, -20.1502 ], [ -48.7355, -20.1496 ], [ -48.7313, -20.1494 ], [ -48.7296, -20.1503 ], [ -48.7274, -20.1508 ], [ -48.723, -20.1528 ], [ -48.7194, -20.1541 ], [ -48.7111, -20.1579 ], [ -48.7071, -20.1602 ], [ -48.6884, -20.1637 ], [ -48.6812, -20.1621 ], [ -48.6743, -20.1614 ], [ -48.671, -20.1625 ], [ -48.6658, -20.1662 ], [ -48.6628, -20.1667 ], [ -48.6505, -20.1673 ], [ -48.6469, -20.167 ], [ -48.6421, -20.1665 ], [ -48.6377, -20.1653 ], [ -48.6268, -20.1601 ], [ -48.6131, -20.149 ], [ -48.6094, -20.1456 ], [ -48.6006, -20.1397 ], [ -48.5932, -20.1358 ], [ -48.5822, -20.1322 ], [ -48.5782, -20.1312 ], [ -48.5744, -20.1309 ], [ -48.5684, -20.1311 ], [ -48.5546, -20.1303 ], [ -48.5462, -20.1327 ], [ -48.5374, -20.1336 ], [ -48.5335, -20.1337 ], [ -48.5313, -20.1335 ], [ -48.5268, -20.1337 ], [ -48.5143, -20.1378 ], [ -48.5092, -20.1388 ], [ -48.5003, -20.139 ], [ -48.4911, -20.1381 ], [ -48.4841, -20.1353 ], [ -48.4762, -20.1348 ], [ -48.474, -20.1338 ], [ -48.4691, -20.1305 ], [ -48.4652, -20.1287 ], [ -48.4619, -20.1283 ], [ -48.4566, -20.1288 ], [ -48.4534, -20.1277 ], [ -48.4516, -20.1259 ], [ -48.4486, -20.1288 ], [ -48.4433, -20.1309 ], [ -48.442, -20.1317 ], [ -48.4402, -20.1341 ], [ -48.4383, -20.1357 ], [ -48.4355, -20.1389 ], [ -48.435, -20.1406 ], [ -48.4334, -20.143 ], [ -48.4319, -20.147 ], [ -48.431, -20.1484 ], [ -48.4265, -20.1529 ], [ -48.4246, -20.1537 ], [ -48.4215, -20.1528 ], [ -48.4186, -20.1452 ], [ -48.4182, -20.1425 ], [ -48.4171, -20.1415 ], [ -48.416, -20.1415 ], [ -48.4131, -20.143 ], [ -48.4115, -20.1459 ], [ -48.4103, -20.1498 ], [ -48.4086, -20.1503 ], [ -48.4061, -20.1493 ], [ -48.4042, -20.1474 ], [ -48.4006, -20.1424 ], [ -48.3995, -20.1371 ], [ -48.3987, -20.1358 ], [ -48.3952, -20.1341 ], [ -48.3899, -20.134 ], [ -48.3897, -20.1364 ], [ -48.3906, -20.1382 ], [ -48.393, -20.1404 ], [ -48.3936, -20.1422 ], [ -48.394, -20.1468 ], [ -48.3953, -20.1505 ], [ -48.3979, -20.1527 ], [ -48.3984, -20.1538 ], [ -48.3981, -20.1568 ], [ -48.3968, -20.1596 ], [ -48.395, -20.1614 ], [ -48.3925, -20.1605 ], [ -48.3905, -20.1575 ], [ -48.39, -20.1547 ], [ -48.3892, -20.1529 ], [ -48.3867, -20.1512 ], [ -48.3841, -20.1512 ], [ -48.3811, -20.1527 ], [ -48.3795, -20.1526 ], [ -48.3777, -20.1514 ], [ -48.3764, -20.1492 ], [ -48.3752, -20.149 ], [ -48.3733, -20.1496 ], [ -48.3706, -20.1495 ], [ -48.3645, -20.1477 ], [ -48.3622, -20.1486 ], [ -48.3611, -20.1508 ], [ -48.3605, -20.1537 ], [ -48.3607, -20.155 ], [ -48.364, -20.1596 ], [ -48.3658, -20.1602 ], [ -48.3681, -20.16 ], [ -48.3747, -20.1605 ], [ -48.3761, -20.1613 ], [ -48.3768, -20.1635 ], [ -48.3764, -20.1653 ], [ -48.3738, -20.169 ], [ -48.3723, -20.1697 ], [ -48.3686, -20.1704 ], [ -48.3656, -20.1696 ], [ -48.3646, -20.1678 ], [ -48.362, -20.1669 ], [ -48.3595, -20.1683 ], [ -48.3586, -20.1707 ], [ -48.3561, -20.1751 ], [ -48.3559, -20.1772 ], [ -48.3551, -20.1788 ], [ -48.3526, -20.181 ], [ -48.3511, -20.1827 ], [ -48.35, -20.1847 ], [ -48.349, -20.1855 ], [ -48.3446, -20.1865 ], [ -48.3429, -20.1861 ], [ -48.3404, -20.186 ], [ -48.3389, -20.1855 ], [ -48.3351, -20.185 ], [ -48.334, -20.1838 ], [ -48.3335, -20.1813 ], [ -48.334, -20.1786 ], [ -48.3336, -20.177 ], [ -48.3319, -20.1754 ], [ -48.33, -20.1744 ], [ -48.3273, -20.1742 ], [ -48.3252, -20.1727 ], [ -48.3243, -20.1711 ], [ -48.3242, -20.1688 ], [ -48.3248, -20.1658 ], [ -48.3249, -20.1639 ], [ -48.3242, -20.162 ], [ -48.3246, -20.1604 ], [ -48.3256, -20.159 ], [ -48.3239, -20.1579 ], [ -48.3205, -20.1586 ], [ -48.3186, -20.1597 ], [ -48.3172, -20.1584 ], [ -48.316, -20.1561 ], [ -48.312, -20.1543 ], [ -48.31, -20.1544 ], [ -48.3091, -20.1552 ], [ -48.3087, -20.1568 ], [ -48.3094, -20.1595 ], [ -48.3109, -20.1631 ], [ -48.3113, -20.1669 ], [ -48.3114, -20.1704 ], [ -48.3126, -20.1725 ], [ -48.3142, -20.1746 ], [ -48.3141, -20.1782 ], [ -48.3123, -20.1813 ], [ -48.3129, -20.1836 ], [ -48.3157, -20.1858 ], [ -48.3167, -20.1883 ], [ -48.3164, -20.1906 ], [ -48.3151, -20.1955 ], [ -48.3142, -20.1967 ], [ -48.3129, -20.1972 ], [ -48.3098, -20.1973 ], [ -48.3085, -20.1986 ], [ -48.3074, -20.2006 ], [ -48.3027, -20.2027 ], [ -48.2963, -20.204 ], [ -48.294, -20.2041 ], [ -48.2918, -20.2022 ], [ -48.2883, -20.2033 ], [ -48.2856, -20.2034 ], [ -48.2831, -20.2046 ], [ -48.2815, -20.2065 ], [ -48.2767, -20.2072 ], [ -48.2753, -20.2085 ], [ -48.2744, -20.2101 ], [ -48.2737, -20.2131 ], [ -48.2734, -20.2171 ], [ -48.2722, -20.2179 ], [ -48.2702, -20.2172 ], [ -48.2695, -20.2154 ], [ -48.2691, -20.2127 ], [ -48.2684, -20.2111 ], [ -48.2658, -20.2078 ], [ -48.2653, -20.206 ], [ -48.2655, -20.2001 ], [ -48.2647, -20.1975 ], [ -48.2635, -20.1962 ], [ -48.2612, -20.1947 ], [ -48.2594, -20.1946 ], [ -48.2563, -20.1961 ], [ -48.2525, -20.1958 ], [ -48.2496, -20.1959 ], [ -48.2481, -20.1979 ], [ -48.246, -20.1984 ], [ -48.244, -20.1971 ], [ -48.2426, -20.1968 ], [ -48.2404, -20.1989 ], [ -48.2369, -20.2002 ], [ -48.235, -20.2006 ], [ -48.2328, -20.2005 ], [ -48.2304, -20.1989 ], [ -48.2294, -20.1985 ], [ -48.2279, -20.2 ], [ -48.2279, -20.2014 ], [ -48.2287, -20.2065 ], [ -48.2287, -20.2094 ], [ -48.228, -20.2116 ], [ -48.2278, -20.2135 ], [ -48.2287, -20.2153 ], [ -48.2313, -20.2167 ], [ -48.2352, -20.218 ], [ -48.2398, -20.2203 ], [ -48.2433, -20.2241 ], [ -48.2443, -20.2263 ], [ -48.2441, -20.2274 ], [ -48.2415, -20.229 ], [ -48.2366, -20.2285 ], [ -48.2332, -20.2289 ], [ -48.2294, -20.2277 ], [ -48.2263, -20.2281 ], [ -48.2243, -20.2267 ], [ -48.2229, -20.2244 ], [ -48.2216, -20.2234 ], [ -48.2187, -20.2226 ], [ -48.2172, -20.2201 ], [ -48.2134, -20.2181 ], [ -48.2109, -20.2177 ], [ -48.2076, -20.2183 ], [ -48.2054, -20.2179 ], [ -48.2041, -20.2182 ], [ -48.2034, -20.221 ], [ -48.2025, -20.2221 ], [ -48.1997, -20.2229 ], [ -48.1982, -20.2226 ], [ -48.1954, -20.2214 ], [ -48.1933, -20.2222 ], [ -48.1909, -20.2225 ], [ -48.188, -20.2221 ], [ -48.185, -20.2228 ], [ -48.1823, -20.2244 ], [ -48.181, -20.2243 ], [ -48.1795, -20.2228 ], [ -48.1772, -20.2231 ], [ -48.176, -20.2243 ], [ -48.1743, -20.2271 ], [ -48.1707, -20.2277 ], [ -48.1675, -20.2296 ], [ -48.1657, -20.2301 ], [ -48.1628, -20.2299 ], [ -48.1615, -20.2304 ], [ -48.1598, -20.2332 ], [ -48.1571, -20.2347 ], [ -48.1559, -20.2357 ], [ -48.1555, -20.2371 ], [ -48.1556, -20.2413 ], [ -48.1561, -20.2429 ], [ -48.1583, -20.2473 ], [ -48.1582, -20.2492 ], [ -48.1572, -20.2517 ], [ -48.1555, -20.2542 ], [ -48.154, -20.2554 ], [ -48.1532, -20.2567 ], [ -48.1494, -20.2582 ], [ -48.146, -20.2618 ], [ -48.1479, -20.2646 ], [ -48.1486, -20.2662 ], [ -48.1508, -20.2683 ], [ -48.1522, -20.269 ], [ -48.1547, -20.2693 ], [ -48.1575, -20.2713 ], [ -48.1584, -20.2725 ], [ -48.1574, -20.2741 ], [ -48.1535, -20.2751 ], [ -48.1522, -20.2758 ], [ -48.1495, -20.2795 ], [ -48.1491, -20.2825 ], [ -48.1514, -20.285 ], [ -48.1515, -20.2874 ], [ -48.1498, -20.2896 ], [ -48.1497, -20.2914 ], [ -48.1521, -20.2909 ], [ -48.1597, -20.2966 ], [ -48.1605, -20.2977 ], [ -48.1606, -20.2996 ], [ -48.1631, -20.3027 ], [ -48.1638, -20.304 ], [ -48.164, -20.3079 ], [ -48.1645, -20.3092 ], [ -48.1668, -20.3107 ], [ -48.1675, -20.3127 ], [ -48.1708, -20.3153 ], [ -48.1743, -20.3191 ], [ -48.1749, -20.3204 ], [ -48.1764, -20.3218 ], [ -48.178, -20.3252 ], [ -48.1786, -20.3281 ], [ -48.1794, -20.3297 ], [ -48.1796, -20.3315 ], [ -48.1819, -20.333 ], [ -48.1828, -20.3343 ], [ -48.1851, -20.3365 ], [ -48.1856, -20.3378 ], [ -48.189, -20.3403 ], [ -48.1899, -20.3419 ], [ -48.1894, -20.3437 ], [ -48.1874, -20.3465 ], [ -48.1865, -20.349 ], [ -48.1855, -20.3537 ], [ -48.1855, -20.3557 ], [ -48.1791, -20.3877 ], [ -48.1788, -20.39 ], [ -48.1996, -20.4362 ], [ -48.2009, -20.438 ], [ -48.2018, -20.4427 ], [ -48.2035, -20.4459 ], [ -48.2053, -20.448 ], [ -48.2081, -20.4504 ], [ -48.2095, -20.4512 ], [ -48.2105, -20.4538 ], [ -48.2114, -20.455 ], [ -48.2119, -20.4573 ], [ -48.2132, -20.4575 ], [ -48.2144, -20.4559 ], [ -48.2157, -20.4552 ], [ -48.2169, -20.4557 ], [ -48.2192, -20.4549 ], [ -48.2192, -20.4539 ], [ -48.2215, -20.4533 ], [ -48.2221, -20.4515 ], [ -48.2215, -20.4506 ], [ -48.2247, -20.4496 ], [ -48.2263, -20.4503 ], [ -48.2281, -20.4499 ], [ -48.2289, -20.4513 ], [ -48.2275, -20.4519 ], [ -48.2275, -20.4536 ], [ -48.2288, -20.4543 ], [ -48.2297, -20.4563 ], [ -48.231, -20.4572 ], [ -48.2334, -20.4565 ], [ -48.2362, -20.4568 ], [ -48.2376, -20.4595 ], [ -48.2399, -20.4613 ], [ -48.2418, -20.4604 ], [ -48.244, -20.4612 ], [ -48.2449, -20.4607 ], [ -48.2472, -20.4607 ], [ -48.249, -20.4617 ], [ -48.2523, -20.4621 ], [ -48.253, -20.4633 ], [ -48.2543, -20.4635 ], [ -48.2554, -20.4627 ], [ -48.2602, -20.4652 ], [ -48.2638, -20.4676 ], [ -48.2671, -20.4671 ], [ -48.2677, -20.468 ], [ -48.2705, -20.4687 ], [ -48.2723, -20.4683 ], [ -48.2767, -20.4692 ], [ -48.2779, -20.4686 ], [ -48.2807, -20.4707 ], [ -48.2792, -20.473 ], [ -48.2788, -20.4745 ], [ -48.2799, -20.4754 ], [ -48.2832, -20.4743 ], [ -48.2828, -20.4768 ], [ -48.2822, -20.4783 ], [ -48.2817, -20.4812 ], [ -48.2841, -20.481 ], [ -48.2853, -20.4831 ], [ -48.2866, -20.4827 ], [ -48.2884, -20.4835 ], [ -48.2861, -20.4845 ], [ -48.2849, -20.4856 ], [ -48.2818, -20.4907 ], [ -48.2819, -20.4925 ], [ -48.2839, -20.4926 ], [ -48.2842, -20.494 ], [ -48.2836, -20.4953 ], [ -48.2842, -20.4973 ], [ -48.2836, -20.4979 ], [ -48.2843, -20.4994 ], [ -48.2862, -20.5011 ], [ -48.2874, -20.5011 ], [ -48.2885, -20.5041 ], [ -48.2892, -20.5046 ], [ -48.2899, -20.5065 ], [ -48.2914, -20.5074 ], [ -48.2934, -20.5093 ], [ -48.2948, -20.5114 ], [ -48.2945, -20.5131 ], [ -48.2932, -20.5143 ], [ -48.2957, -20.5149 ], [ -48.2982, -20.515 ], [ -48.2997, -20.5143 ], [ -48.3, -20.5133 ], [ -48.3014, -20.5134 ], [ -48.304, -20.5156 ], [ -48.3065, -20.5156 ], [ -48.3078, -20.5172 ], [ -48.3105, -20.5178 ], [ -48.3121, -20.5175 ], [ -48.3139, -20.5185 ], [ -48.3169, -20.5192 ], [ -48.3186, -20.5186 ], [ -48.3195, -20.5204 ], [ -48.3168, -20.5212 ], [ -48.3177, -20.5221 ], [ -48.3172, -20.5241 ], [ -48.3188, -20.5243 ], [ -48.3197, -20.5251 ], [ -48.3217, -20.5253 ], [ -48.3242, -20.528 ], [ -48.326, -20.5322 ], [ -48.3293, -20.5308 ], [ -48.3314, -20.5308 ], [ -48.3326, -20.5325 ], [ -48.3337, -20.531 ], [ -48.3337, -20.5294 ], [ -48.3357, -20.5296 ], [ -48.3383, -20.5273 ], [ -48.3392, -20.5279 ], [ -48.3419, -20.5279 ], [ -48.342, -20.5252 ], [ -48.3413, -20.5243 ], [ -48.3422, -20.5222 ], [ -48.3442, -20.5219 ], [ -48.346, -20.5225 ], [ -48.3461, -20.5238 ], [ -48.3469, -20.5257 ], [ -48.3499, -20.5241 ], [ -48.3522, -20.5238 ], [ -48.3531, -20.5245 ], [ -48.3539, -20.5264 ], [ -48.3558, -20.5278 ], [ -48.3589, -20.5281 ], [ -48.3632, -20.528 ], [ -48.3638, -20.527 ], [ -48.3666, -20.5269 ], [ -48.3693, -20.5278 ], [ -48.3702, -20.5294 ], [ -48.3721, -20.5305 ], [ -48.3699, -20.5317 ], [ -48.3685, -20.5355 ], [ -48.3688, -20.5365 ], [ -48.3713, -20.5379 ], [ -48.3716, -20.5422 ], [ -48.3702, -20.5436 ], [ -48.3701, -20.5452 ], [ -48.3715, -20.5462 ], [ -48.3729, -20.5445 ], [ -48.375, -20.5443 ], [ -48.3764, -20.542 ], [ -48.3787, -20.5417 ], [ -48.3793, -20.5397 ], [ -48.3806, -20.5383 ], [ -48.3837, -20.5372 ], [ -48.3831, -20.5435 ], [ -48.3826, -20.5449 ], [ -48.3781, -20.5493 ], [ -48.374, -20.5508 ], [ -48.3703, -20.5511 ], [ -48.3671, -20.5551 ], [ -48.3624, -20.5574 ], [ -48.3595, -20.5596 ], [ -48.3559, -20.5605 ], [ -48.3536, -20.5602 ], [ -48.3515, -20.561 ], [ -48.3492, -20.5636 ], [ -48.3481, -20.5663 ], [ -48.3473, -20.5688 ], [ -48.3446, -20.5753 ], [ -48.3428, -20.5789 ], [ -48.3409, -20.5812 ], [ -48.3387, -20.5829 ], [ -48.3357, -20.5833 ], [ -48.3299, -20.5821 ], [ -48.328, -20.582 ], [ -48.3263, -20.5825 ], [ -48.3242, -20.5839 ], [ -48.3221, -20.5861 ], [ -48.3203, -20.589 ], [ -48.3201, -20.5933 ], [ -48.3211, -20.6002 ], [ -48.321, -20.6046 ], [ -48.3213, -20.6069 ], [ -48.3224, -20.6092 ], [ -48.3255, -20.6122 ], [ -48.3274, -20.6133 ], [ -48.3317, -20.6146 ], [ -48.3345, -20.6165 ], [ -48.3368, -20.6186 ], [ -48.3404, -20.6197 ], [ -48.3435, -20.622 ], [ -48.3471, -20.6261 ], [ -48.348, -20.6279 ], [ -48.3485, -20.6301 ], [ -48.3484, -20.6336 ], [ -48.3488, -20.6373 ], [ -48.3508, -20.6447 ], [ -48.3504, -20.6463 ], [ -48.3469, -20.6503 ], [ -48.3456, -20.6523 ], [ -48.3441, -20.6538 ], [ -48.3415, -20.6554 ], [ -48.3384, -20.6589 ], [ -48.3363, -20.6607 ], [ -48.3346, -20.6631 ], [ -48.3336, -20.6654 ], [ -48.3339, -20.6694 ], [ -48.3361, -20.677 ], [ -48.3374, -20.6793 ], [ -48.3406, -20.684 ], [ -48.3408, -20.6861 ], [ -48.3403, -20.6912 ], [ -48.3393, -20.694 ], [ -48.3383, -20.6955 ], [ -48.3365, -20.6983 ], [ -48.3322, -20.7038 ], [ -48.3296, -20.7094 ], [ -48.3287, -20.7126 ], [ -48.3275, -20.7159 ], [ -48.3258, -20.7192 ], [ -48.324, -20.7217 ], [ -48.3217, -20.7242 ], [ -48.32, -20.7255 ], [ -48.3183, -20.7257 ], [ -48.3154, -20.7254 ], [ -48.3142, -20.7241 ], [ -48.3124, -20.7236 ], [ -48.3081, -20.7233 ], [ -48.3057, -20.7229 ], [ -48.3018, -20.721 ], [ -48.2998, -20.7204 ], [ -48.2967, -20.7202 ], [ -48.2927, -20.7213 ], [ -48.2907, -20.7226 ], [ -48.2896, -20.7242 ], [ -48.2881, -20.7272 ], [ -48.2855, -20.7314 ], [ -48.2829, -20.738 ], [ -48.2813, -20.7398 ], [ -48.2795, -20.7411 ], [ -48.2743, -20.7434 ], [ -48.2724, -20.7437 ], [ -48.2695, -20.7428 ], [ -48.2641, -20.7383 ], [ -48.2624, -20.7379 ], [ -48.2606, -20.7383 ], [ -48.2573, -20.7405 ], [ -48.2559, -20.7429 ], [ -48.2536, -20.7507 ], [ -48.2499, -20.756 ], [ -48.2488, -20.7581 ], [ -48.2468, -20.7682 ], [ -48.2451, -20.7724 ], [ -48.2438, -20.7749 ], [ -48.2435, -20.7766 ], [ -48.2447, -20.7806 ], [ -48.247, -20.7845 ], [ -48.2496, -20.7876 ], [ -48.2512, -20.7907 ], [ -48.2542, -20.7933 ], [ -48.2563, -20.7947 ], [ -48.2573, -20.7962 ], [ -48.2568, -20.8024 ], [ -48.2562, -20.8046 ], [ -48.2552, -20.8063 ], [ -48.2524, -20.8091 ], [ -48.249, -20.8105 ], [ -48.2433, -20.8122 ], [ -48.2396, -20.8128 ], [ -48.2358, -20.8144 ], [ -48.2338, -20.8161 ], [ -48.2331, -20.8174 ], [ -48.2325, -20.82 ], [ -48.2326, -20.8225 ], [ -48.2331, -20.8266 ], [ -48.2337, -20.8292 ], [ -48.236, -20.8327 ], [ -48.2396, -20.8362 ], [ -48.2428, -20.8405 ], [ -48.244, -20.8436 ], [ -48.2432, -20.8481 ], [ -48.2416, -20.8504 ], [ -48.2404, -20.8514 ], [ -48.2361, -20.8539 ], [ -48.2337, -20.8558 ], [ -48.2321, -20.8565 ], [ -48.2295, -20.8568 ], [ -48.2281, -20.8575 ], [ -48.2213, -20.8633 ], [ -48.2157, -20.8688 ], [ -48.2094, -20.8737 ], [ -48.2077, -20.8754 ], [ -48.2088, -20.8769 ], [ -48.2093, -20.8792 ], [ -48.2118, -20.8818 ], [ -48.2149, -20.8871 ], [ -48.2167, -20.8899 ], [ -48.2185, -20.8921 ], [ -48.22, -20.8931 ], [ -48.2234, -20.8967 ], [ -48.2249, -20.8978 ], [ -48.2274, -20.8987 ], [ -48.2295, -20.9003 ], [ -48.2579, -20.931 ], [ -48.2611, -20.9316 ], [ -48.2656, -20.9362 ], [ -48.268, -20.9383 ], [ -48.2735, -20.9396 ], [ -48.274, -20.942 ], [ -48.2755, -20.9444 ], [ -48.2798, -20.9473 ], [ -48.2809, -20.9496 ], [ -48.2825, -20.9515 ], [ -48.286, -20.9533 ], [ -48.2878, -20.9534 ], [ -48.2919, -20.9528 ], [ -48.3021, -20.9531 ], [ -48.3151, -20.9519 ], [ -48.3172, -20.9523 ], [ -48.3228, -20.9544 ], [ -48.3254, -20.9547 ], [ -48.3305, -20.954 ], [ -48.3388, -20.955 ], [ -48.3397, -20.955 ], [ -48.3672, -20.9491 ], [ -48.3697, -20.9517 ], [ -48.3707, -20.9558 ], [ -48.3716, -20.9581 ], [ -48.3736, -20.9598 ], [ -48.3733, -20.9635 ], [ -48.3785, -20.9688 ], [ -48.3788, -20.9707 ], [ -48.3787, -20.9748 ], [ -48.379, -20.9765 ], [ -48.3821, -20.9819 ], [ -48.3826, -20.9833 ], [ -48.3819, -20.9866 ], [ -48.3811, -20.9944 ], [ -48.3814, -20.9994 ], [ -48.3809, -21.0031 ], [ -48.3804, -21.0041 ], [ -48.3774, -21.0064 ], [ -48.377, -21.008 ], [ -48.378, -21.0086 ], [ -48.381, -21.0085 ], [ -48.3828, -21.008 ], [ -48.3848, -21.0085 ], [ -48.389, -21.0078 ], [ -48.3924, -21.0079 ], [ -48.3971, -21.0064 ], [ -48.3992, -21.006 ], [ -48.4011, -21.0064 ], [ -48.4021, -21.0105 ], [ -48.4034, -21.0123 ], [ -48.4048, -21.0158 ], [ -48.406, -21.0172 ], [ -48.4086, -21.0181 ], [ -48.4109, -21.0198 ], [ -48.4138, -21.0223 ], [ -48.4163, -21.0259 ], [ -48.4225, -21.0287 ], [ -48.4257, -21.0304 ], [ -48.4273, -21.0321 ], [ -48.4283, -21.0339 ], [ -48.4301, -21.0348 ], [ -48.4331, -21.0374 ], [ -48.4384, -21.0412 ], [ -48.4411, -21.0443 ], [ -48.4441, -21.046 ], [ -48.4471, -21.0469 ], [ -48.4506, -21.0496 ], [ -48.4522, -21.0516 ], [ -48.4561, -21.0528 ], [ -48.4569, -21.0561 ], [ -48.4592, -21.0608 ], [ -48.46, -21.0637 ], [ -48.4601, -21.0673 ], [ -48.4607, -21.0703 ], [ -48.4598, -21.0752 ], [ -48.4581, -21.0783 ], [ -48.4597, -21.0785 ], [ -48.4621, -21.0797 ], [ -48.4664, -21.0778 ], [ -48.4682, -21.0775 ], [ -48.4699, -21.0763 ], [ -48.4721, -21.0755 ], [ -48.4772, -21.0769 ], [ -48.479, -21.0758 ], [ -48.4806, -21.0753 ], [ -48.4834, -21.0759 ], [ -48.485, -21.078 ], [ -48.4861, -21.0784 ], [ -48.4879, -21.0808 ], [ -48.4897, -21.0804 ], [ -48.4925, -21.0809 ], [ -48.4939, -21.0795 ], [ -48.4968, -21.0776 ], [ -48.4984, -21.0781 ], [ -48.5045, -21.078 ], [ -48.5074, -21.0767 ], [ -48.5112, -21.0755 ], [ -48.5118, -21.0759 ], [ -48.5148, -21.0751 ], [ -48.5183, -21.0748 ], [ -48.5199, -21.0757 ], [ -48.5204, -21.0778 ], [ -48.522, -21.0799 ], [ -48.5253, -21.0822 ], [ -48.5265, -21.0834 ], [ -48.5289, -21.0874 ], [ -48.5305, -21.0883 ], [ -48.5325, -21.0905 ], [ -48.5348, -21.0913 ], [ -48.5369, -21.0906 ], [ -48.5388, -21.0908 ], [ -48.5393, -21.0894 ], [ -48.5411, -21.0884 ], [ -48.5435, -21.0889 ], [ -48.5451, -21.0873 ], [ -48.5455, -21.0855 ], [ -48.5465, -21.0844 ], [ -48.5484, -21.0835 ], [ -48.55, -21.0853 ], [ -48.5543, -21.0862 ], [ -48.5551, -21.0853 ], [ -48.5572, -21.0815 ], [ -48.5589, -21.0811 ], [ -48.5595, -21.0801 ], [ -48.5592, -21.0784 ], [ -48.5613, -21.0773 ], [ -48.5627, -21.0757 ], [ -48.5644, -21.0759 ], [ -48.5671, -21.0753 ], [ -48.5677, -21.0755 ], [ -48.5683, -21.0751 ], [ -48.5716, -21.0755 ], [ -48.5735, -21.0733 ], [ -48.5732, -21.0722 ], [ -48.5739, -21.0707 ], [ -48.5756, -21.0709 ], [ -48.5772, -21.0699 ], [ -48.5781, -21.068 ], [ -48.5793, -21.0676 ], [ -48.5805, -21.0662 ], [ -48.5829, -21.0646 ], [ -48.5849, -21.0627 ], [ -48.5882, -21.0612 ], [ -48.5897, -21.059 ], [ -48.5924, -21.0587 ], [ -48.5945, -21.0578 ], [ -48.5953, -21.0569 ], [ -48.5973, -21.0573 ], [ -48.5987, -21.057 ], [ -48.6001, -21.0548 ], [ -48.5985, -21.0525 ], [ -48.6003, -21.0502 ], [ -48.6015, -21.0505 ], [ -48.6043, -21.05 ], [ -48.6057, -21.0507 ], [ -48.6074, -21.0501 ], [ -48.6096, -21.051 ], [ -48.611, -21.051 ], [ -48.6117, -21.0477 ], [ -48.6131, -21.0463 ], [ -48.6123, -21.0436 ], [ -48.613, -21.0425 ], [ -48.6155, -21.0408 ], [ -48.6173, -21.0409 ], [ -48.6189, -21.04 ], [ -48.6212, -21.0398 ], [ -48.6227, -21.0411 ], [ -48.6268, -21.0427 ], [ -48.6316, -21.0411 ], [ -48.6298, -21.0386 ], [ -48.6299, -21.0375 ], [ -48.6319, -21.0371 ], [ -48.6323, -21.0346 ], [ -48.6338, -21.0346 ], [ -48.637, -21.0378 ], [ -48.6371, -21.0396 ], [ -48.6398, -21.0384 ], [ -48.6401, -21.0367 ], [ -48.6417, -21.0348 ], [ -48.6435, -21.0346 ], [ -48.6478, -21.0337 ], [ -48.6494, -21.0326 ], [ -48.6525, -21.0317 ], [ -48.6536, -21.0317 ], [ -48.6555, -21.0308 ], [ -48.6578, -21.0309 ], [ -48.6606, -21.0287 ], [ -48.6608, -21.0275 ], [ -48.662, -21.0266 ], [ -48.6636, -21.0224 ], [ -48.6642, -21.0192 ], [ -48.6654, -21.0185 ], [ -48.6695, -21.02 ], [ -48.6716, -21.0179 ], [ -48.6742, -21.0166 ], [ -48.6739, -21.0147 ], [ -48.6761, -21.0126 ], [ -48.6774, -21.0119 ], [ -48.6786, -21.0126 ], [ -48.6807, -21.0119 ], [ -48.6818, -21.012 ], [ -48.6831, -21.0109 ], [ -48.686, -21.0102 ], [ -48.6868, -21.0105 ], [ -48.6887, -21.0063 ], [ -48.6876, -21.0053 ], [ -48.6881, -21.0033 ], [ -48.6895, -21.0035 ], [ -48.6915, -21.0047 ], [ -48.6913, -21.0053 ], [ -48.6938, -21.0069 ], [ -48.6919, -21.0094 ], [ -48.692, -21.0122 ], [ -48.6936, -21.0155 ], [ -48.6964, -21.0199 ], [ -48.6992, -21.0259 ], [ -48.6997, -21.0293 ], [ -48.7018, -21.0324 ], [ -48.702, -21.0338 ], [ -48.7063, -21.0382 ], [ -48.7072, -21.0395 ], [ -48.7105, -21.0428 ], [ -48.7139, -21.0451 ], [ -48.7158, -21.0474 ], [ -48.7162, -21.0504 ], [ -48.7155, -21.054 ], [ -48.7157, -21.0561 ], [ -48.7166, -21.0604 ], [ -48.7175, -21.0619 ], [ -48.7203, -21.0653 ], [ -48.7241, -21.0688 ], [ -48.7252, -21.0715 ], [ -48.7251, -21.0734 ], [ -48.7266, -21.0741 ], [ -48.7286, -21.0738 ], [ -48.7316, -21.0743 ], [ -48.7351, -21.0756 ], [ -48.7363, -21.0775 ], [ -48.7396, -21.0787 ], [ -48.7401, -21.0783 ], [ -48.7433, -21.082 ], [ -48.7455, -21.0832 ], [ -48.7463, -21.0842 ], [ -48.7483, -21.0847 ], [ -48.7498, -21.0844 ], [ -48.7577, -21.0882 ], [ -48.7602, -21.088 ], [ -48.7618, -21.0884 ], [ -48.7646, -21.0896 ], [ -48.7662, -21.0896 ], [ -48.7705, -21.091 ], [ -48.7748, -21.0954 ], [ -48.7754, -21.097 ], [ -48.7769, -21.0992 ], [ -48.7756, -21.1017 ], [ -48.7756, -21.1034 ], [ -48.7748, -21.1045 ], [ -48.7779, -21.1064 ], [ -48.7775, -21.108 ], [ -48.7761, -21.109 ], [ -48.7744, -21.1092 ], [ -48.7717, -21.1081 ], [ -48.7703, -21.1086 ], [ -48.769, -21.1104 ], [ -48.7691, -21.1118 ], [ -48.7674, -21.1135 ], [ -48.7677, -21.1146 ], [ -48.765, -21.1183 ], [ -48.7646, -21.1196 ], [ -48.7628, -21.1201 ], [ -48.7608, -21.1193 ], [ -48.7581, -21.1204 ], [ -48.7577, -21.1224 ], [ -48.7589, -21.1244 ], [ -48.7582, -21.1257 ], [ -48.7588, -21.1271 ], [ -48.7581, -21.1283 ], [ -48.7583, -21.1313 ], [ -48.7596, -21.1323 ], [ -48.7598, -21.1344 ], [ -48.7567, -21.135 ], [ -48.7563, -21.1363 ], [ -48.7541, -21.1363 ], [ -48.7505, -21.14 ], [ -48.748, -21.1421 ], [ -48.7489, -21.1434 ], [ -48.7487, -21.1447 ], [ -48.7467, -21.1472 ], [ -48.7431, -21.1485 ], [ -48.7412, -21.1484 ], [ -48.7398, -21.1473 ], [ -48.7364, -21.1487 ], [ -48.7354, -21.1514 ], [ -48.7351, -21.1536 ], [ -48.7333, -21.1563 ], [ -48.7329, -21.1589 ], [ -48.7317, -21.16 ], [ -48.7306, -21.162 ], [ -48.7305, -21.1645 ], [ -48.7287, -21.1649 ], [ -48.7281, -21.1668 ], [ -48.7288, -21.169 ], [ -48.728, -21.1711 ], [ -48.7269, -21.1726 ], [ -48.7285, -21.1763 ], [ -48.7286, -21.1787 ], [ -48.7268, -21.1799 ], [ -48.7256, -21.1799 ], [ -48.7254, -21.1815 ], [ -48.7264, -21.1829 ], [ -48.7256, -21.1867 ], [ -48.7242, -21.1887 ], [ -48.7244, -21.1898 ], [ -48.7222, -21.1907 ], [ -48.7198, -21.1941 ], [ -48.7192, -21.1936 ], [ -48.7167, -21.1946 ], [ -48.7146, -21.1968 ], [ -48.7148, -21.1977 ], [ -48.713, -21.1989 ], [ -48.7121, -21.2016 ], [ -48.7109, -21.2009 ], [ -48.7087, -21.2024 ], [ -48.707, -21.2046 ], [ -48.707, -21.2068 ], [ -48.7059, -21.2082 ], [ -48.7055, -21.2108 ], [ -48.7042, -21.2129 ], [ -48.7019, -21.2136 ], [ -48.7006, -21.2132 ], [ -48.6995, -21.2153 ], [ -48.6996, -21.2165 ], [ -48.698, -21.2179 ], [ -48.6978, -21.2188 ], [ -48.6955, -21.2209 ], [ -48.6952, -21.2228 ], [ -48.698, -21.2253 ], [ -48.6988, -21.2281 ], [ -48.7023, -21.2288 ], [ -48.7058, -21.2301 ], [ -48.709, -21.2305 ], [ -48.7128, -21.2321 ], [ -48.7153, -21.2344 ], [ -48.7176, -21.2374 ], [ -48.7192, -21.239 ], [ -48.7233, -21.2418 ], [ -48.7267, -21.2425 ], [ -48.7299, -21.2415 ], [ -48.7328, -21.2425 ], [ -48.7342, -21.244 ], [ -48.7354, -21.2468 ], [ -48.7363, -21.2471 ], [ -48.7397, -21.2456 ], [ -48.7414, -21.2456 ], [ -48.7435, -21.2498 ], [ -48.7438, -21.252 ], [ -48.743, -21.254 ], [ -48.7389, -21.2584 ], [ -48.7342, -21.261 ], [ -48.7363, -21.2661 ], [ -48.7348, -21.2689 ], [ -48.734, -21.2714 ], [ -48.7351, -21.2726 ], [ -48.7348, -21.2745 ], [ -48.7334, -21.2762 ], [ -48.7336, -21.279 ], [ -48.7355, -21.2823 ], [ -48.7359, -21.2844 ], [ -48.7353, -21.288 ], [ -48.7342, -21.2898 ], [ -48.734, -21.2914 ], [ -48.7331, -21.294 ], [ -48.7325, -21.2947 ], [ -48.7322, -21.3015 ], [ -48.7334, -21.3063 ], [ -48.7338, -21.3093 ], [ -48.7322, -21.3112 ], [ -48.732, -21.3133 ], [ -48.7309, -21.316 ], [ -48.732, -21.3189 ], [ -48.735, -21.3217 ], [ -48.7355, -21.3236 ], [ -48.7348, -21.3271 ], [ -48.7351, -21.3282 ], [ -48.7343, -21.3291 ], [ -48.7344, -21.3335 ], [ -48.7351, -21.3352 ], [ -48.7378, -21.3393 ], [ -48.7375, -21.3423 ], [ -48.7391, -21.3458 ], [ -48.74, -21.3466 ], [ -48.7412, -21.3492 ], [ -48.7447, -21.354 ], [ -48.7463, -21.3558 ], [ -48.7478, -21.3623 ], [ -48.7479, -21.3659 ], [ -48.7484, -21.368 ], [ -48.7477, -21.3719 ], [ -48.749, -21.3752 ], [ -48.7482, -21.3767 ], [ -48.7472, -21.3818 ], [ -48.7471, -21.3842 ], [ -48.7465, -21.3866 ], [ -48.7454, -21.389 ], [ -48.7451, -21.3924 ], [ -48.7466, -21.3958 ], [ -48.747, -21.3975 ], [ -48.7486, -21.3992 ], [ -48.7504, -21.4024 ], [ -48.7514, -21.405 ], [ -48.7524, -21.4063 ], [ -48.7528, -21.4095 ], [ -48.7543, -21.4155 ], [ -48.7543, -21.4207 ], [ -48.7558, -21.4214 ], [ -48.7559, -21.4227 ], [ -48.7574, -21.4235 ], [ -48.7596, -21.4233 ], [ -48.761, -21.4243 ], [ -48.7623, -21.4235 ], [ -48.7629, -21.4244 ], [ -48.7643, -21.4243 ], [ -48.7651, -21.4255 ], [ -48.7695, -21.4259 ], [ -48.7709, -21.4258 ], [ -48.7719, -21.427 ], [ -48.7735, -21.4276 ], [ -48.7763, -21.4266 ], [ -48.7766, -21.4257 ], [ -48.7808, -21.423 ], [ -48.7821, -21.4209 ], [ -48.7836, -21.4201 ], [ -48.7861, -21.4196 ], [ -48.7881, -21.4178 ], [ -48.7891, -21.4184 ], [ -48.7909, -21.418 ], [ -48.7906, -21.4164 ], [ -48.7921, -21.4151 ], [ -48.7921, -21.414 ], [ -48.7935, -21.4131 ], [ -48.7926, -21.4112 ], [ -48.7942, -21.4088 ], [ -48.7958, -21.4096 ], [ -48.8011, -21.4102 ], [ -48.8019, -21.4121 ], [ -48.8046, -21.4131 ], [ -48.8069, -21.412 ], [ -48.8122, -21.4112 ], [ -48.814, -21.4117 ], [ -48.8143, -21.4109 ], [ -48.817, -21.4093 ], [ -48.8185, -21.4078 ], [ -48.821, -21.4073 ], [ -48.8233, -21.4081 ], [ -48.8247, -21.4073 ], [ -48.8253, -21.4045 ], [ -48.8273, -21.4032 ], [ -48.8274, -21.4023 ], [ -48.8286, -21.4011 ], [ -48.8293, -21.399 ], [ -48.8311, -21.3979 ], [ -48.8321, -21.3966 ], [ -48.8317, -21.3956 ], [ -48.8338, -21.3944 ], [ -48.8345, -21.3934 ], [ -48.8374, -21.3928 ], [ -48.8376, -21.3949 ], [ -48.8384, -21.3955 ], [ -48.84, -21.3952 ], [ -48.8414, -21.3943 ], [ -48.842, -21.3927 ], [ -48.844, -21.3931 ], [ -48.8466, -21.393 ], [ -48.8479, -21.3924 ], [ -48.8484, -21.3913 ], [ -48.8505, -21.3905 ], [ -48.8507, -21.3916 ], [ -48.8531, -21.3927 ], [ -48.8538, -21.3917 ], [ -48.8569, -21.3923 ], [ -48.8592, -21.3921 ], [ -48.861, -21.3931 ], [ -48.8624, -21.3931 ], [ -48.8639, -21.3918 ], [ -48.8664, -21.3923 ], [ -48.8668, -21.3918 ], [ -48.8695, -21.3927 ], [ -48.8704, -21.3936 ], [ -48.873, -21.3943 ], [ -48.875, -21.3933 ], [ -48.8768, -21.3933 ], [ -48.878, -21.3911 ], [ -48.8798, -21.3895 ], [ -48.8812, -21.3894 ], [ -48.8825, -21.388 ], [ -48.8875, -21.3875 ], [ -48.8886, -21.3863 ], [ -48.8899, -21.386 ], [ -48.8919, -21.3841 ], [ -48.8927, -21.3827 ], [ -48.8938, -21.3789 ], [ -48.8963, -21.377 ], [ -48.8971, -21.3735 ], [ -48.8988, -21.3712 ], [ -48.9002, -21.3706 ], [ -48.9022, -21.3709 ], [ -48.9061, -21.3732 ], [ -48.9078, -21.3751 ], [ -48.9103, -21.3769 ], [ -48.9132, -21.3785 ], [ -48.9153, -21.3792 ], [ -48.9171, -21.3794 ], [ -48.9182, -21.3805 ], [ -48.9225, -21.3823 ], [ -48.9239, -21.3836 ], [ -48.9254, -21.3844 ], [ -48.9269, -21.3858 ], [ -48.9281, -21.3875 ], [ -48.9318, -21.3886 ], [ -48.9483, -21.3992 ], [ -48.946, -21.4067 ], [ -48.9457, -21.4098 ], [ -48.9457, -21.4126 ], [ -48.9476, -21.4198 ], [ -48.9483, -21.4208 ], [ -48.9489, -21.4239 ], [ -48.9498, -21.4255 ], [ -48.9536, -21.4243 ], [ -48.9563, -21.4238 ], [ -48.9584, -21.4247 ], [ -48.9615, -21.4247 ], [ -48.9644, -21.4255 ], [ -48.9662, -21.4248 ], [ -48.9696, -21.4252 ], [ -48.9705, -21.425 ], [ -48.9729, -21.4231 ], [ -48.9751, -21.4203 ], [ -48.9775, -21.4184 ], [ -48.9792, -21.4161 ], [ -48.9803, -21.4158 ], [ -48.9815, -21.4165 ], [ -48.9833, -21.4206 ], [ -48.9849, -21.4256 ], [ -48.9856, -21.4296 ], [ -48.9865, -21.4383 ], [ -48.9859, -21.4425 ], [ -48.9828, -21.4498 ], [ -48.9825, -21.4535 ], [ -48.983, -21.4554 ], [ -48.9837, -21.4561 ], [ -48.987, -21.4564 ], [ -48.9893, -21.4557 ], [ -48.9914, -21.4562 ], [ -48.9933, -21.4563 ], [ -48.9979, -21.4605 ], [ -48.9993, -21.4625 ], [ -49.0008, -21.464 ], [ -49.0029, -21.4651 ], [ -49.0045, -21.4669 ], [ -49.0075, -21.4719 ], [ -49.0087, -21.4732 ], [ -49.0123, -21.4755 ], [ -49.0163, -21.4784 ], [ -49.0182, -21.4812 ], [ -49.0194, -21.4823 ], [ -49.0234, -21.4829 ], [ -49.0254, -21.4827 ], [ -49.0308, -21.4828 ], [ -49.0346, -21.4836 ], [ -49.0385, -21.4848 ], [ -49.0407, -21.4862 ], [ -49.0404, -21.4882 ], [ -49.041, -21.4916 ], [ -49.0427, -21.4906 ], [ -49.0473, -21.4901 ], [ -49.0508, -21.4895 ], [ -49.0548, -21.4885 ], [ -49.0574, -21.4869 ], [ -49.0602, -21.4846 ], [ -49.0653, -21.4812 ], [ -49.0705, -21.4782 ], [ -49.073, -21.4763 ], [ -49.0746, -21.4735 ], [ -49.0765, -21.4717 ], [ -49.078, -21.4691 ], [ -49.081, -21.4661 ], [ -49.0822, -21.4645 ], [ -49.0858, -21.4654 ], [ -49.0882, -21.4675 ], [ -49.0912, -21.4728 ], [ -49.0923, -21.4763 ], [ -49.0947, -21.481 ], [ -49.0964, -21.4832 ], [ -49.1012, -21.4869 ], [ -49.1046, -21.4891 ], [ -49.108, -21.4926 ], [ -49.1107, -21.4969 ], [ -49.1134, -21.4982 ], [ -49.1145, -21.4995 ], [ -49.115, -21.5015 ], [ -49.1152, -21.5054 ], [ -49.1165, -21.5089 ], [ -49.1169, -21.513 ], [ -49.1185, -21.5155 ], [ -49.1213, -21.5167 ], [ -49.1238, -21.5162 ], [ -49.1265, -21.5168 ], [ -49.1305, -21.5157 ], [ -49.1331, -21.5164 ], [ -49.1346, -21.518 ], [ -49.1355, -21.5208 ], [ -49.1362, -21.5221 ], [ -49.1393, -21.5257 ], [ -49.1425, -21.5267 ], [ -49.1457, -21.5283 ], [ -49.1487, -21.5286 ], [ -49.1502, -21.5302 ], [ -49.1504, -21.5328 ], [ -49.1515, -21.5359 ], [ -49.1536, -21.5386 ], [ -49.1545, -21.5412 ], [ -49.1528, -21.5466 ], [ -49.153, -21.5487 ], [ -49.154, -21.5527 ], [ -49.1559, -21.5559 ], [ -49.1579, -21.5573 ], [ -49.1593, -21.5575 ], [ -49.1637, -21.5607 ], [ -49.1647, -21.5641 ], [ -49.1648, -21.5691 ], [ -49.1669, -21.5715 ], [ -49.171, -21.5735 ], [ -49.1749, -21.5757 ], [ -49.1762, -21.5769 ], [ -49.1777, -21.5798 ], [ -49.1783, -21.5846 ], [ -49.1779, -21.5873 ], [ -49.1795, -21.5905 ], [ -49.1835, -21.5942 ], [ -49.1875, -21.5959 ], [ -49.1971, -21.5973 ], [ -49.2001, -21.597 ], [ -49.2043, -21.5991 ], [ -49.2053, -21.6011 ], [ -49.2064, -21.6022 ], [ -49.2112, -21.6044 ], [ -49.2135, -21.605 ], [ -49.2151, -21.605 ], [ -49.2172, -21.6042 ], [ -49.2196, -21.6052 ], [ -49.2211, -21.6073 ], [ -49.2231, -21.6084 ], [ -49.2253, -21.6109 ], [ -49.2288, -21.6183 ], [ -49.231, -21.6209 ], [ -49.2328, -21.6217 ], [ -49.2367, -21.6225 ], [ -49.2398, -21.6211 ], [ -49.2412, -21.6227 ], [ -49.2412, -21.6242 ], [ -49.2392, -21.6277 ], [ -49.238, -21.6293 ], [ -49.2367, -21.6329 ], [ -49.2355, -21.6347 ], [ -49.2346, -21.6389 ], [ -49.2321, -21.6442 ], [ -49.2314, -21.6488 ], [ -49.2304, -21.6515 ], [ -49.2285, -21.6548 ], [ -49.2287, -21.6559 ], [ -49.2276, -21.6581 ], [ -49.2274, -21.6595 ], [ -49.224, -21.6633 ], [ -49.2211, -21.6654 ], [ -49.2187, -21.6677 ], [ -49.2173, -21.6694 ], [ -49.2144, -21.6716 ], [ -49.2133, -21.6711 ], [ -49.2147, -21.6723 ], [ -49.2172, -21.6733 ], [ -49.2199, -21.6731 ], [ -49.2243, -21.672 ], [ -49.2294, -21.6703 ], [ -49.2361, -21.671 ], [ -49.2386, -21.6708 ], [ -49.2435, -21.6696 ], [ -49.2503, -21.666 ], [ -49.2536, -21.6651 ], [ -49.2563, -21.6648 ], [ -49.2647, -21.6646 ], [ -49.2663, -21.6639 ], [ -49.2686, -21.6621 ], [ -49.2714, -21.6604 ], [ -49.2733, -21.659 ], [ -49.2782, -21.6553 ], [ -49.2812, -21.6511 ], [ -49.2823, -21.6506 ], [ -49.283, -21.6494 ], [ -49.2842, -21.6455 ], [ -49.2877, -21.6383 ], [ -49.29, -21.6346 ], [ -49.2944, -21.6299 ], [ -49.2998, -21.6254 ], [ -49.3093, -21.6193 ], [ -49.3115, -21.6172 ], [ -49.3126, -21.6153 ], [ -49.3134, -21.6128 ], [ -49.3156, -21.6083 ], [ -49.3174, -21.6038 ], [ -49.3201, -21.5987 ], [ -49.3209, -21.5964 ], [ -49.3222, -21.5892 ], [ -49.3221, -21.5846 ], [ -49.3247, -21.57 ], [ -49.3265, -21.5654 ], [ -49.3272, -21.562 ], [ -49.3285, -21.559 ], [ -49.3327, -21.5527 ], [ -49.335, -21.5501 ], [ -49.3383, -21.5475 ], [ -49.3416, -21.5455 ], [ -49.3487, -21.5426 ], [ -49.3549, -21.5408 ], [ -49.3606, -21.5387 ], [ -49.3648, -21.5376 ], [ -49.3704, -21.5358 ], [ -49.373, -21.5353 ], [ -49.379, -21.5348 ], [ -49.3816, -21.5351 ], [ -49.3876, -21.5376 ], [ -49.3951, -21.5397 ], [ -49.4032, -21.5432 ], [ -49.4073, -21.5443 ], [ -49.4117, -21.5444 ], [ -49.4146, -21.5441 ], [ -49.418, -21.5433 ], [ -49.4226, -21.5416 ], [ -49.4269, -21.539 ], [ -49.4324, -21.5353 ], [ -49.4383, -21.531 ], [ -49.4415, -21.5282 ], [ -49.4455, -21.5241 ], [ -49.4474, -21.5223 ], [ -49.4512, -21.52 ], [ -49.4556, -21.5181 ], [ -49.4623, -21.5158 ], [ -49.4674, -21.5129 ], [ -49.4712, -21.5102 ], [ -49.4756, -21.5078 ], [ -49.4783, -21.5067 ], [ -49.4845, -21.5035 ], [ -49.4903, -21.499 ], [ -49.4955, -21.4942 ], [ -49.4997, -21.4894 ], [ -49.5041, -21.484 ], [ -49.5073, -21.4795 ], [ -49.51, -21.4743 ], [ -49.5131, -21.4678 ], [ -49.5164, -21.4631 ], [ -49.5195, -21.4579 ], [ -49.5227, -21.4519 ], [ -49.5259, -21.4473 ], [ -49.53, -21.4435 ], [ -49.5333, -21.4409 ], [ -49.5367, -21.4385 ], [ -49.5418, -21.4343 ], [ -49.5434, -21.4326 ], [ -49.5454, -21.4298 ], [ -49.5467, -21.4263 ], [ -49.5471, -21.4227 ], [ -49.5486, -21.4188 ], [ -49.5509, -21.4171 ], [ -49.5524, -21.4167 ], [ -49.5572, -21.4165 ], [ -49.5595, -21.415 ], [ -49.5644, -21.4097 ], [ -49.5674, -21.406 ], [ -49.5702, -21.402 ], [ -49.5776, -21.3883 ], [ -49.5806, -21.3832 ], [ -49.5834, -21.3795 ], [ -49.5872, -21.3764 ], [ -49.5893, -21.3754 ], [ -49.5923, -21.3743 ], [ -49.5978, -21.3749 ], [ -49.6021, -21.3744 ], [ -49.6042, -21.3732 ], [ -49.6077, -21.3696 ], [ -49.6115, -21.3665 ], [ -49.6185, -21.362 ], [ -49.6232, -21.3578 ], [ -49.6284, -21.3544 ], [ -49.6392, -21.3523 ], [ -49.6415, -21.3521 ], [ -49.6509, -21.352 ], [ -49.6573, -21.3521 ], [ -49.6609, -21.3519 ], [ -49.6675, -21.3495 ], [ -49.6715, -21.3492 ], [ -49.6743, -21.3501 ], [ -49.6786, -21.353 ], [ -49.6807, -21.3557 ], [ -49.684, -21.362 ], [ -49.6856, -21.3635 ], [ -49.6882, -21.3645 ], [ -49.6927, -21.3644 ], [ -49.6959, -21.3634 ], [ -49.697, -21.3627 ], [ -49.6988, -21.361 ], [ -49.6996, -21.3597 ], [ -49.7001, -21.3568 ], [ -49.6998, -21.3539 ], [ -49.6984, -21.349 ], [ -49.6967, -21.3443 ], [ -49.6965, -21.3421 ], [ -49.697, -21.3402 ], [ -49.6989, -21.3377 ], [ -49.7017, -21.3361 ], [ -49.7042, -21.3352 ], [ -49.7079, -21.3345 ], [ -49.7118, -21.335 ], [ -49.7158, -21.3366 ], [ -49.718, -21.3379 ], [ -49.7201, -21.3399 ], [ -49.7236, -21.345 ], [ -49.7261, -21.3462 ], [ -49.7278, -21.3449 ], [ -49.7315, -21.3396 ], [ -49.7355, -21.3331 ], [ -49.7409, -21.3237 ], [ -49.745, -21.3169 ], [ -49.7458, -21.3151 ], [ -49.7465, -21.3122 ], [ -49.7455, -21.3085 ], [ -49.7434, -21.3036 ], [ -49.7431, -21.3006 ], [ -49.7446, -21.2978 ], [ -49.7461, -21.2968 ], [ -49.7503, -21.2963 ], [ -49.7522, -21.2965 ], [ -49.7551, -21.2977 ], [ -49.7592, -21.3003 ], [ -49.7623, -21.3019 ], [ -49.7664, -21.3052 ], [ -49.7687, -21.3063 ], [ -49.7718, -21.3062 ], [ -49.7738, -21.3048 ], [ -49.7781, -21.3008 ], [ -49.7834, -21.2977 ], [ -49.7866, -21.2973 ], [ -49.7906, -21.2955 ], [ -49.793, -21.2946 ], [ -49.7981, -21.2942 ], [ -49.8006, -21.2935 ], [ -49.8045, -21.2912 ], [ -49.8096, -21.2843 ], [ -49.8143, -21.2806 ], [ -49.8198, -21.2781 ], [ -49.8251, -21.2764 ], [ -49.8316, -21.275 ], [ -49.8346, -21.2743 ], [ -49.8431, -21.2733 ], [ -49.8456, -21.2728 ], [ -49.8477, -21.2718 ], [ -49.849, -21.2707 ], [ -49.8518, -21.2668 ], [ -49.8536, -21.263 ], [ -49.855, -21.2611 ], [ -49.8565, -21.2603 ], [ -49.8587, -21.2604 ], [ -49.8623, -21.2617 ], [ -49.8637, -21.2618 ], [ -49.8668, -21.2614 ], [ -49.8706, -21.2599 ], [ -49.874, -21.2576 ], [ -49.8781, -21.2542 ], [ -49.8825, -21.2495 ], [ -49.8847, -21.2482 ], [ -49.8869, -21.2473 ], [ -49.8931, -21.246 ], [ -49.9033, -21.2423 ], [ -49.9062, -21.2414 ], [ -49.9103, -21.2406 ], [ -49.9127, -21.2396 ], [ -49.9146, -21.2382 ], [ -49.9157, -21.2362 ], [ -49.9165, -21.2327 ], [ -49.9174, -21.2303 ], [ -49.9191, -21.2273 ], [ -49.9211, -21.2259 ], [ -49.9234, -21.2257 ], [ -49.9266, -21.2262 ], [ -49.9306, -21.2281 ], [ -49.9326, -21.2308 ], [ -49.934, -21.2319 ], [ -49.9367, -21.2327 ], [ -49.9395, -21.232 ], [ -49.9416, -21.2325 ], [ -49.9446, -21.2321 ], [ -49.9486, -21.2305 ], [ -49.9527, -21.2292 ], [ -49.9564, -21.2285 ], [ -49.9592, -21.2284 ], [ -49.9621, -21.2277 ], [ -49.966, -21.2276 ], [ -49.9704, -21.2282 ], [ -49.9731, -21.2293 ], [ -49.978, -21.2297 ], [ -49.9818, -21.229 ], [ -49.987, -21.227 ], [ -49.9892, -21.2266 ], [ -49.9916, -21.2267 ], [ -49.9899, -21.2251 ], [ -49.9833, -21.2234 ], [ -49.9819, -21.2218 ], [ -49.9821, -21.2148 ], [ -49.9803, -21.21 ], [ -49.9796, -21.2059 ], [ -49.9795, -21.2036 ], [ -49.9797, -21.2011 ], [ -49.9791, -21.199 ], [ -49.9799, -21.1962 ], [ -49.9782, -21.1946 ], [ -49.978, -21.1929 ], [ -49.9786, -21.1907 ], [ -49.9785, -21.189 ], [ -49.9791, -21.1865 ], [ -49.9787, -21.1855 ], [ -49.977, -21.184 ], [ -49.9782, -21.1803 ], [ -49.9781, -21.179 ], [ -49.9745, -21.1758 ], [ -49.9743, -21.1741 ], [ -49.9735, -21.1731 ], [ -49.9738, -21.1695 ], [ -49.9719, -21.1685 ], [ -49.9691, -21.1689 ], [ -49.9679, -21.1681 ], [ -49.9661, -21.1648 ], [ -49.9648, -21.1636 ], [ -49.9646, -21.162 ], [ -49.9632, -21.1611 ], [ -49.9647, -21.1598 ], [ -49.9654, -21.158 ], [ -49.9646, -21.1556 ], [ -49.9627, -21.154 ], [ -49.9647, -21.1521 ], [ -49.9646, -21.151 ], [ -49.9632, -21.1491 ], [ -49.963, -21.1462 ], [ -49.9618, -21.1433 ], [ -49.9599, -21.1418 ], [ -49.9602, -21.1402 ], [ -49.9612, -21.1399 ], [ -49.9598, -21.1379 ], [ -49.9594, -21.1365 ], [ -49.9596, -21.1344 ], [ -49.9608, -21.1355 ], [ -49.9619, -21.1347 ], [ -49.9616, -21.1334 ], [ -49.9601, -21.1331 ], [ -49.9583, -21.1316 ], [ -49.9561, -21.1313 ], [ -49.9563, -21.1289 ], [ -49.9551, -21.1289 ], [ -49.955, -21.1271 ], [ -49.9539, -21.1255 ], [ -49.9526, -21.1261 ], [ -49.9501, -21.1258 ], [ -49.9505, -21.1244 ], [ -49.9469, -21.1226 ], [ -49.9466, -21.1194 ], [ -49.9457, -21.118 ], [ -49.9467, -21.1153 ], [ -49.946, -21.1125 ], [ -49.9471, -21.1114 ], [ -49.9475, -21.1093 ], [ -49.9469, -21.1078 ], [ -49.9477, -21.1071 ], [ -49.9464, -21.1058 ], [ -49.9464, -21.1035 ], [ -49.9456, -21.1012 ], [ -49.9461, -21.1005 ], [ -49.9453, -21.099 ], [ -49.9433, -21.098 ], [ -49.9409, -21.0962 ], [ -49.9406, -21.0942 ], [ -49.9384, -21.0933 ], [ -49.9375, -21.0913 ], [ -49.9366, -21.0909 ], [ -49.9355, -21.0891 ], [ -49.9353, -21.0869 ], [ -49.9338, -21.0857 ], [ -49.934, -21.0836 ], [ -49.933, -21.0828 ], [ -49.9292, -21.0822 ], [ -49.9277, -21.0794 ], [ -49.9264, -21.0782 ], [ -49.9262, -21.0767 ], [ -49.925, -21.0757 ], [ -49.9237, -21.0758 ], [ -49.9212, -21.077 ], [ -49.9217, -21.0745 ], [ -49.9169, -21.0725 ], [ -49.9157, -21.0713 ], [ -49.9143, -21.0713 ], [ -49.9115, -21.0692 ], [ -49.9096, -21.0705 ], [ -49.9078, -21.0705 ], [ -49.9066, -21.0724 ], [ -49.9022, -21.0738 ], [ -49.9016, -21.0751 ], [ -49.9, -21.0751 ], [ -49.9, -21.0726 ], [ -49.8996, -21.0717 ], [ -49.8994, -21.0682 ], [ -49.8973, -21.0658 ], [ -49.8962, -21.0661 ], [ -49.8936, -21.0642 ], [ -49.8908, -21.063 ], [ -49.8892, -21.0628 ], [ -49.8885, -21.0609 ], [ -49.8892, -21.0585 ], [ -49.8862, -21.0561 ], [ -49.8863, -21.0548 ], [ -49.885, -21.0546 ], [ -49.8832, -21.0529 ], [ -49.8829, -21.0506 ], [ -49.8809, -21.049 ], [ -49.8791, -21.0483 ], [ -49.8782, -21.0461 ], [ -49.8769, -21.0449 ], [ -49.8769, -21.0435 ], [ -49.8746, -21.0416 ], [ -49.8727, -21.0413 ], [ -49.871, -21.0389 ], [ -49.8703, -21.0387 ], [ -49.8693, -21.0366 ], [ -49.8697, -21.0335 ], [ -49.869, -21.0327 ], [ -49.8659, -21.0328 ], [ -49.8647, -21.0321 ], [ -49.8634, -21.0302 ], [ -49.8624, -21.0297 ], [ -49.8627, -21.0274 ], [ -49.862, -21.0254 ], [ -49.862, -21.0242 ], [ -49.8595, -21.0233 ], [ -49.8571, -21.0206 ], [ -49.8559, -21.0198 ], [ -49.8549, -21.0182 ], [ -49.8555, -21.0162 ], [ -49.857, -21.013 ], [ -49.8565, -21.0122 ], [ -49.8586, -21.0092 ], [ -49.8593, -21.0054 ], [ -49.8569, -21.0042 ], [ -49.8551, -21.0022 ], [ -49.8538, -21.0025 ], [ -49.8515, -20.9988 ], [ -49.8511, -20.9976 ], [ -49.8487, -20.9948 ], [ -49.849, -20.9909 ], [ -49.8485, -20.9896 ], [ -49.8472, -20.9891 ], [ -49.848, -20.9879 ], [ -49.8467, -20.9861 ], [ -49.848, -20.9834 ], [ -49.8459, -20.9809 ], [ -49.8455, -20.9795 ], [ -49.8432, -20.9772 ], [ -49.8421, -20.9777 ], [ -49.8412, -20.9767 ], [ -49.8413, -20.975 ], [ -49.842, -20.9739 ], [ -49.8413, -20.9721 ], [ -49.8398, -20.9708 ], [ -49.8384, -20.9706 ], [ -49.8363, -20.9673 ], [ -49.8348, -20.9662 ], [ -49.8348, -20.9651 ], [ -49.8327, -20.964 ], [ -49.8314, -20.9615 ], [ -49.8287, -20.96 ], [ -49.8281, -20.9591 ], [ -49.8296, -20.9576 ], [ -49.8298, -20.9565 ], [ -49.8273, -20.9537 ], [ -49.8294, -20.9521 ], [ -49.8293, -20.95 ], [ -49.8312, -20.9491 ], [ -49.8357, -20.9461 ], [ -49.8378, -20.9454 ], [ -49.8415, -20.945 ], [ -49.8454, -20.9454 ], [ -49.8462, -20.9445 ], [ -49.8458, -20.9404 ], [ -49.8467, -20.9395 ], [ -49.8478, -20.9367 ], [ -49.8508, -20.9319 ], [ -49.8522, -20.9318 ], [ -49.8537, -20.9326 ], [ -49.8563, -20.9329 ], [ -49.8574, -20.9315 ], [ -49.8604, -20.9301 ], [ -49.8636, -20.9277 ], [ -49.8649, -20.9272 ], [ -49.8711, -20.922 ], [ -49.872, -20.9178 ], [ -49.8756, -20.9179 ], [ -49.8799, -20.9172 ], [ -49.8824, -20.9171 ], [ -49.916, -20.9184 ], [ -49.9183, -20.9187 ], [ -49.9231, -20.9204 ], [ -49.9247, -20.9228 ], [ -49.9255, -20.927 ], [ -49.9272, -20.9296 ], [ -49.9311, -20.9329 ], [ -49.933, -20.9336 ], [ -49.9374, -20.934 ], [ -49.9402, -20.935 ], [ -49.9435, -20.9354 ], [ -49.9446, -20.9335 ], [ -49.9453, -20.9312 ], [ -49.9465, -20.9293 ], [ -49.9485, -20.9273 ], [ -49.9491, -20.9259 ], [ -49.9488, -20.9241 ], [ -49.9505, -20.9178 ], [ -49.9513, -20.9166 ], [ -49.9527, -20.9127 ], [ -49.9548, -20.9107 ], [ -49.957, -20.9069 ], [ -49.958, -20.9064 ], [ -49.9616, -20.9096 ], [ -49.9632, -20.9095 ], [ -49.9662, -20.91 ], [ -49.9674, -20.9094 ], [ -49.9699, -20.909 ], [ -49.971, -20.9082 ], [ -49.9726, -20.9089 ], [ -49.9755, -20.9108 ], [ -49.9756, -20.9124 ], [ -49.9751, -20.9151 ], [ -49.9778, -20.9195 ], [ -49.9789, -20.9218 ], [ -49.9803, -20.9258 ], [ -49.9822, -20.9296 ], [ -49.9832, -20.9332 ], [ -49.987, -20.9373 ], [ -49.9889, -20.9404 ], [ -49.9892, -20.9429 ], [ -49.993, -20.948 ], [ -49.9937, -20.9498 ], [ -49.9955, -20.9498 ], [ -49.9965, -20.9514 ], [ -49.9991, -20.9527 ], [ -50.0003, -20.9538 ], [ -50.0023, -20.9537 ], [ -50.0028, -20.9548 ], [ -50.003, -20.9572 ], [ -50.0038, -20.9582 ], [ -50.0065, -20.9593 ], [ -50.007, -20.9602 ], [ -50.0048, -20.9622 ], [ -50.0039, -20.9635 ], [ -50.0051, -20.9659 ], [ -50.0059, -20.9666 ], [ -50.0074, -20.966 ], [ -50.009, -20.9643 ], [ -50.0104, -20.9658 ], [ -50.0123, -20.9666 ], [ -50.0138, -20.965 ], [ -50.016, -20.9648 ], [ -50.0196, -20.9692 ], [ -50.0181, -20.9713 ], [ -50.0184, -20.9734 ], [ -50.0165, -20.9753 ], [ -50.0183, -20.9773 ], [ -50.0211, -20.9775 ], [ -50.0223, -20.9771 ], [ -50.0251, -20.977 ], [ -50.0274, -20.9763 ], [ -50.03, -20.9776 ], [ -50.0316, -20.9777 ], [ -50.0329, -20.9784 ], [ -50.0329, -20.9762 ], [ -50.0325, -20.9748 ], [ -50.0327, -20.9733 ], [ -50.0317, -20.9709 ], [ -50.03, -20.9699 ], [ -50.0293, -20.966 ], [ -50.0281, -20.9649 ], [ -50.027, -20.962 ], [ -50.0273, -20.9599 ], [ -50.0264, -20.9588 ], [ -50.0265, -20.9573 ], [ -50.0249, -20.9533 ], [ -50.0237, -20.9474 ], [ -50.0224, -20.9436 ], [ -50.024, -20.9404 ], [ -50.0309, -20.9347 ], [ -50.0324, -20.9333 ], [ -50.0338, -20.9379 ], [ -50.0358, -20.9398 ], [ -50.0361, -20.9408 ], [ -50.0359, -20.9432 ], [ -50.0367, -20.9438 ], [ -50.0394, -20.9422 ], [ -50.0426, -20.9412 ], [ -50.0459, -20.9408 ], [ -50.0479, -20.9389 ], [ -50.0494, -20.937 ], [ -50.0512, -20.9339 ], [ -50.0507, -20.9315 ], [ -50.0525, -20.9321 ], [ -50.0538, -20.9346 ] ] ] } },
{ "type": "Feature", "properties": { "nome_raj": "9ª RAJ São José dos Campos", "id_municipio_ibge": 3502507, "nome_municipio": "Aparecida", "populacao_municipio": 32569, "id_foro": 25, "nome_foro": "Aparecida", "endereco_sede": "Avenida Padroeira do Brasil , 180 - São Roque, 12573-276", "latitude": -22.914206366020995, "longitude": -45.237219519445574, "id_cj": 48.0, "nome_cj": "Guaratinguetá", "id_raj": 9, "populacao_foro": 52961, "cidades_no_foro": "Aparecida, Potim", "cidades_na_cj": "Aparecida, Arapeí, Areias, Bananal, Cachoeira Paulista, Canas, Cruzeiro, Cunha, Guaratinguetá, Lavrinhas, Lorena, Piquete, Potim, Queluz, Roseira, Silveiras, São José do Barreiro" }, "geometry": { "type": "MultiPolygon", "coordinates": [ [ [ [ -45.6879, -24.0985 ], [ -45.6856, -24.0975 ], [ -45.6844, -24.0964 ], [ -45.6829, -24.0975 ], [ -45.6816, -24.0968 ], [ -45.6799, -24.0978 ], [ -45.6827, -24.1007 ], [ -45.6869, -24.1033 ], [ -45.6919, -24.1058 ], [ -45.6964, -24.1069 ], [ -45.6983, -24.1065 ], [ -45.7004, -24.1077 ], [ -45.7, -24.1086 ], [ -45.702, -24.111 ], [ -45.7035, -24.1111 ], [ -45.705, -24.1129 ], [ -45.7063, -24.1132 ], [ -45.7065, -24.1117 ], [ -45.7043, -24.1104 ], [ -45.7029, -24.1107 ], [ -45.702, -24.1097 ], [ -45.7024, -24.1065 ], [ -45.701, -24.1062 ], [ -45.7006, -24.1043 ], [ -45.6974, -24.1008 ], [ -45.6963, -24.1005 ], [ -45.6926, -24.0975 ], [ -45.6914, -24.0958 ], [ -45.6918, -24.0941 ], [ -45.6898, -24.0917 ], [ -45.6884, -24.0923 ], [ -45.6889, -24.0939 ], [ -45.6881, -24.095 ], [ -45.688, -24.0965 ], [ -45.6887, -24.0975 ], [ -45.6879, -24.0985 ] ] ], [ [ [ -45.6554, -24.0749 ], [ -45.6543, -24.0758 ], [ -45.6558, -24.0768 ], [ -45.6564, -24.076 ], [ -45.6554, -24.0749 ] ] ], [ [ [ -45.7793, -23.8699 ], [ -45.7812, -23.8709 ], [ -45.7849, -23.8697 ], [ -45.787, -23.8685 ], [ -45.7872, -23.8656 ], [ -45.7866, -23.8625 ], [ -45.7859, -23.861 ], [ -45.7842, -23.8595 ], [ -45.7812, -23.8592 ], [ -45.7781, -23.8578 ], [ -45.7748, -23.8589 ], [ -45.7736, -23.8605 ], [ -45.7745, -23.8613 ], [ -45.775, -23.8651 ], [ -45.7766, -23.8683 ], [ -45.7785, -23.8689 ], [ -45.7793, -23.8699 ] ] ], [ [ [ -45.5261, -23.855 ], [ -45.5256, -23.8533 ], [ -45.5265, -23.8501 ], [ -45.5253, -23.8489 ], [ -45.5238, -23.8464 ], [ -45.5229, -23.8459 ], [ -45.5204, -23.8475 ], [ -45.5215, -23.8502 ], [ -45.5219, -23.8529 ], [ -45.5226, -23.8542 ], [ -45.5243, -23.856 ], [ -45.5261, -23.855 ] ] ], [ [ [ -45.6677, -23.8041 ], [ -45.6688, -23.8059 ], [ -45.6701, -23.807 ], [ -45.6715, -23.8073 ], [ -45.6716, -23.8059 ], [ -45.6707, -23.805 ], [ -45.6677, -23.8041 ] ] ], [ [ [ -45.7214, -23.8044 ], [ -45.7247, -23.8036 ], [ -45.7262, -23.8023 ], [ -45.7259, -23.8014 ], [ -45.7203, -23.7987 ], [ -45.7187, -23.7987 ], [ -45.7173, -23.7994 ], [ -45.7164, -23.8011 ], [ -45.716, -23.8029 ], [ -45.7167, -23.8049 ], [ -45.7191, -23.8036 ], [ -45.7214, -23.8044 ] ] ], [ [ [ -45.7176, -23.7937 ], [ -45.7169, -23.7912 ], [ -45.7153, -23.7911 ], [ -45.7137, -23.7893 ], [ -45.7119, -23.7884 ], [ -45.7111, -23.7872 ], [ -45.71, -23.7872 ], [ -45.7076, -23.7884 ], [ -45.7047, -23.7876 ], [ -45.7043, -23.7887 ], [ -45.7078, -23.7899 ], [ -45.7109, -23.7899 ], [ -45.7132, -23.7916 ], [ -45.7146, -23.7934 ], [ -45.7176, -23.7937 ] ] ], [ [ [ -45.798, -23.7193 ], [ -45.7973, -23.7178 ], [ -45.7948, -23.7156 ], [ -45.7949, -23.712 ], [ -45.7963, -23.7092 ], [ -45.7965, -23.7063 ], [ -45.7971, -23.7052 ], [ -45.7965, -23.701 ], [ -45.7978, -23.6976 ], [ -45.7976, -23.6957 ], [ -45.7981, -23.694 ], [ -45.7996, -23.6932 ], [ -45.7974, -23.6879 ], [ -45.7969, -23.6847 ], [ -45.7961, -23.683 ], [ -45.794, -23.6807 ], [ -45.7947, -23.6796 ], [ -45.7982, -23.6754 ], [ -45.8003, -23.6762 ], [ -45.8018, -23.6761 ], [ -45.8054, -23.6767 ], [ -45.8078, -23.6756 ], [ -45.8098, -23.6757 ], [ -45.8108, -23.6766 ], [ -45.8138, -23.6769 ], [ -45.8164, -23.6768 ], [ -45.8184, -23.6754 ], [ -45.8217, -23.6749 ], [ -45.8233, -23.6762 ], [ -45.8247, -23.6749 ], [ -45.8265, -23.6744 ], [ -45.8302, -23.6747 ], [ -45.8294, -23.6724 ], [ -45.8314, -23.6719 ], [ -45.8329, -23.6698 ], [ -45.834, -23.6701 ], [ -45.8374, -23.6699 ], [ -45.838, -23.6691 ], [ -45.8352, -23.6649 ], [ -45.8328, -23.6646 ], [ -45.8314, -23.6636 ], [ -45.831, -23.6626 ], [ -45.8318, -23.6612 ], [ -45.8317, -23.6573 ], [ -45.8331, -23.6559 ], [ -45.8317, -23.6537 ], [ -45.831, -23.6518 ], [ -45.8327, -23.6513 ], [ -45.8334, -23.6487 ], [ -45.8345, -23.6483 ], [ -45.8363, -23.649 ], [ -45.8373, -23.6481 ], [ -45.8411, -23.6486 ], [ -45.8431, -23.6472 ], [ -45.8448, -23.6438 ], [ -45.8461, -23.6439 ], [ -45.8469, -23.6455 ], [ -45.848, -23.6453 ], [ -45.8484, -23.644 ], [ -45.8504, -23.6442 ], [ -45.8503, -23.6473 ], [ -45.851, -23.6477 ], [ -45.8539, -23.6464 ], [ -45.8547, -23.6467 ], [ -45.855, -23.6497 ], [ -45.8565, -23.6506 ], [ -45.8556, -23.6535 ], [ -45.8574, -23.6551 ], [ -45.8597, -23.6549 ], [ -45.862, -23.6523 ], [ -45.863, -23.6521 ], [ -45.8648, -23.6527 ], [ -45.8668, -23.6544 ], [ -45.87, -23.6552 ], [ -45.8721, -23.6548 ], [ -45.8726, -23.6531 ], [ -45.8737, -23.6527 ], [ -45.8756, -23.6542 ], [ -45.8776, -23.6535 ], [ -45.8836, -23.6535 ], [ -45.8872, -23.6573 ], [ -45.89, -23.6571 ], [ -45.8919, -23.6559 ], [ -45.8946, -23.6553 ], [ -45.8976, -23.6563 ], [ -45.8999, -23.6562 ], [ -45.9003, -23.6586 ], [ -45.9015, -23.6594 ], [ -45.9049, -23.6604 ], [ -45.9055, -23.6608 ], [ -45.9049, -23.6631 ], [ -45.9056, -23.6643 ], [ -45.9088, -23.6648 ], [ -45.9119, -23.6644 ], [ -45.913, -23.6652 ], [ -45.9151, -23.6656 ], [ -45.9161, -23.6669 ], [ -45.9168, -23.6654 ], [ -45.918, -23.6653 ], [ -45.9196, -23.6641 ], [ -45.9207, -23.6642 ], [ -45.921, -23.6593 ], [ -45.9224, -23.658 ], [ -45.9217, -23.6558 ], [ -45.9238, -23.6555 ], [ -45.9245, -23.6569 ], [ -45.9272, -23.6569 ], [ -45.9295, -23.6582 ], [ -45.9299, -23.6599 ], [ -45.9322, -23.6596 ], [ -45.9342, -23.6604 ], [ -45.9355, -23.6583 ], [ -45.9378, -23.6585 ], [ -45.9382, -23.6575 ], [ -45.9364, -23.6555 ], [ -45.9363, -23.6542 ], [ -45.9382, -23.6536 ], [ -45.9392, -23.6522 ], [ -45.9384, -23.651 ], [ -45.9359, -23.6512 ], [ -45.9333, -23.6523 ], [ -45.9321, -23.6514 ], [ -45.934, -23.6493 ], [ -45.9339, -23.6477 ], [ -45.9359, -23.6473 ], [ -45.937, -23.6462 ], [ -45.9364, -23.6439 ], [ -45.9355, -23.6429 ], [ -45.9322, -23.6433 ], [ -45.9327, -23.6413 ], [ -45.9288, -23.6397 ], [ -45.9284, -23.6375 ], [ -45.9305, -23.637 ], [ -45.9328, -23.6357 ], [ -45.932, -23.6336 ], [ -45.933, -23.6328 ], [ -45.9347, -23.635 ], [ -45.9363, -23.6355 ], [ -45.9378, -23.6349 ], [ -45.9381, -23.6337 ], [ -45.9394, -23.6323 ], [ -45.9436, -23.6342 ], [ -45.9445, -23.6341 ], [ -45.9474, -23.6357 ], [ -45.9484, -23.6339 ], [ -45.9523, -23.6341 ], [ -45.955, -23.6348 ], [ -45.9596, -23.634 ], [ -45.9569, -23.6319 ], [ -45.9542, -23.6303 ], [ -45.953, -23.629 ], [ -45.9514, -23.6282 ], [ -45.9484, -23.6255 ], [ -45.9457, -23.6225 ], [ -45.939, -23.617 ], [ -45.934, -23.6135 ], [ -45.9317, -23.6113 ], [ -45.9303, -23.6091 ], [ -45.9289, -23.6036 ], [ -45.9293, -23.5985 ], [ -45.9304, -23.594 ], [ -45.9316, -23.5915 ], [ -45.9338, -23.5883 ], [ -45.9357, -23.5862 ], [ -45.9404, -23.5834 ], [ -45.945, -23.5816 ], [ -45.9475, -23.581 ], [ -45.9498, -23.581 ], [ -45.9567, -23.5805 ], [ -45.9623, -23.5808 ], [ -45.9637, -23.5812 ], [ -45.9652, -23.5808 ], [ -45.9651, -23.5536 ], [ -45.9682, -23.5494 ], [ -45.9689, -23.5477 ], [ -45.968, -23.5458 ], [ -45.9659, -23.5452 ], [ -45.9653, -23.5437 ], [ -45.9668, -23.5428 ], [ -45.9682, -23.543 ], [ -45.9687, -23.542 ], [ -45.968, -23.5406 ], [ -45.9698, -23.5389 ], [ -45.9728, -23.5392 ], [ -45.976, -23.5401 ], [ -45.9782, -23.5415 ], [ -45.9804, -23.5417 ], [ -45.9832, -23.5407 ], [ -45.9868, -23.539 ], [ -45.987, -23.5376 ], [ -45.9842, -23.5352 ], [ -45.983, -23.5337 ], [ -45.9815, -23.5329 ], [ -45.982, -23.531 ], [ -45.9812, -23.5294 ], [ -45.9846, -23.5288 ], [ -45.9858, -23.5276 ], [ -45.9853, -23.5252 ], [ -45.9868, -23.5236 ], [ -45.9903, -23.5225 ], [ -45.9911, -23.5209 ], [ -45.9927, -23.5199 ], [ -45.9887, -23.5188 ], [ -45.9855, -23.5173 ], [ -45.9841, -23.518 ], [ -45.9829, -23.5149 ], [ -45.9813, -23.5137 ], [ -45.9798, -23.5111 ], [ -45.9779, -23.5096 ], [ -45.9777, -23.5066 ], [ -45.9752, -23.5035 ], [ -45.9725, -23.503 ], [ -45.9679, -23.5004 ], [ -45.9654, -23.4994 ], [ -45.9619, -23.4971 ], [ -45.9617, -23.4963 ], [ -45.9587, -23.495 ], [ -45.9565, -23.4945 ], [ -45.9558, -23.4931 ], [ -45.9568, -23.4913 ], [ -45.9572, -23.4881 ], [ -45.9587, -23.4866 ], [ -45.9597, -23.4841 ], [ -45.9608, -23.4835 ], [ -45.962, -23.4809 ], [ -45.9647, -23.478 ], [ -45.9681, -23.4764 ], [ -45.9674, -23.4747 ], [ -45.9654, -23.4742 ], [ -45.9624, -23.4724 ], [ -45.9612, -23.4712 ], [ -45.9606, -23.4687 ], [ -45.9594, -23.4683 ], [ -45.9583, -23.4689 ], [ -45.9569, -23.4686 ], [ -45.9575, -23.4664 ], [ -45.9571, -23.4645 ], [ -45.9558, -23.4631 ], [ -45.9535, -23.4575 ], [ -45.9528, -23.4566 ], [ -45.9519, -23.4514 ], [ -45.9522, -23.4497 ], [ -45.9539, -23.4474 ], [ -45.9578, -23.4446 ], [ -45.9596, -23.4425 ], [ -45.9608, -23.4404 ], [ -45.961, -23.439 ], [ -45.9629, -23.4355 ], [ -45.9653, -23.4334 ], [ -45.9653, -23.4296 ], [ -45.9664, -23.428 ], [ -45.9679, -23.4268 ], [ -45.9705, -23.4266 ], [ -45.9751, -23.4286 ], [ -45.9771, -23.4281 ], [ -45.9783, -23.4262 ], [ -45.979, -23.4235 ], [ -45.9783, -23.4227 ], [ -45.9793, -23.4217 ], [ -45.9791, -23.42 ], [ -45.9797, -23.4184 ], [ -45.9843, -23.4204 ], [ -45.9856, -23.4195 ], [ -45.9874, -23.4198 ], [ -45.9898, -23.4188 ], [ -45.9912, -23.4175 ], [ -45.9928, -23.4135 ], [ -45.9934, -23.4097 ], [ -45.9946, -23.4058 ], [ -45.9971, -23.4021 ], [ -45.9977, -23.3969 ], [ -45.999, -23.394 ], [ -45.9983, -23.3914 ], [ -45.9999, -23.3878 ], [ -46.0025, -23.3853 ], [ -46.0065, -23.3837 ], [ -46.0086, -23.3844 ], [ -46.0105, -23.3843 ], [ -46.0109, -23.3871 ], [ -46.0133, -23.3874 ], [ -46.0146, -23.3889 ], [ -46.0154, -23.3909 ], [ -46.0167, -23.3909 ], [ -46.0184, -23.3881 ], [ -46.0209, -23.3882 ], [ -46.0224, -23.3877 ], [ -46.0244, -23.3899 ], [ -46.0252, -23.3914 ], [ -46.0266, -23.3921 ], [ -46.0295, -23.3918 ], [ -46.032, -23.3897 ], [ -46.0332, -23.3881 ], [ -46.0346, -23.3872 ], [ -46.0367, -23.3881 ], [ -46.0384, -23.387 ], [ -46.0413, -23.3844 ], [ -46.0423, -23.3827 ], [ -46.0445, -23.3806 ], [ -46.0458, -23.3785 ], [ -46.0479, -23.3762 ], [ -46.0508, -23.3709 ], [ -46.0513, -23.3688 ], [ -46.052, -23.3681 ], [ -46.0544, -23.3679 ], [ -46.0548, -23.3667 ], [ -46.0559, -23.3662 ], [ -46.0567, -23.3634 ], [ -46.0574, -23.3627 ], [ -46.0577, -23.3611 ], [ -46.0595, -23.3604 ], [ -46.061, -23.3577 ], [ -46.063, -23.3588 ], [ -46.0642, -23.3574 ], [ -46.0678, -23.355 ], [ -46.067, -23.3529 ], [ -46.0675, -23.35 ], [ -46.0683, -23.3483 ], [ -46.0706, -23.3467 ], [ -46.0715, -23.345 ], [ -46.0737, -23.3422 ], [ -46.0769, -23.3409 ], [ -46.08, -23.3415 ], [ -46.0811, -23.3399 ], [ -46.0827, -23.3394 ], [ -46.0852, -23.3366 ], [ -46.0886, -23.3353 ], [ -46.0916, -23.3321 ], [ -46.092, -23.3307 ], [ -46.0958, -23.3285 ], [ -46.0976, -23.3266 ], [ -46.099, -23.326 ], [ -46.0995, -23.3243 ], [ -46.0981, -23.3209 ], [ -46.0979, -23.3195 ], [ -46.0987, -23.3128 ], [ -46.099, -23.3089 ], [ -46.1015, -23.3086 ], [ -46.1015, -23.3072 ], [ -46.1007, -23.3056 ], [ -46.1029, -23.3029 ], [ -46.1069, -23.3026 ], [ -46.1088, -23.3017 ], [ -46.1104, -23.3016 ], [ -46.1109, -23.3005 ], [ -46.1138, -23.2993 ], [ -46.1151, -23.2966 ], [ -46.115, -23.294 ], [ -46.1134, -23.292 ], [ -46.1137, -23.2897 ], [ -46.1127, -23.2886 ], [ -46.113, -23.2869 ], [ -46.114, -23.2855 ], [ -46.1156, -23.2851 ], [ -46.1192, -23.2854 ], [ -46.122, -23.2892 ], [ -46.1237, -23.2902 ], [ -46.1249, -23.2897 ], [ -46.1259, -23.2879 ], [ -46.1269, -23.2873 ], [ -46.1349, -23.2879 ], [ -46.1369, -23.2874 ], [ -46.1392, -23.285 ], [ -46.1394, -23.2823 ], [ -46.1388, -23.281 ], [ -46.1397, -23.2796 ], [ -46.1419, -23.2773 ], [ -46.1438, -23.2768 ], [ -46.1445, -23.276 ], [ -46.1451, -23.2738 ], [ -46.1463, -23.2735 ], [ -46.1489, -23.2747 ], [ -46.151, -23.2743 ], [ -46.152, -23.2724 ], [ -46.152, -23.2675 ], [ -46.1534, -23.2656 ], [ -46.1509, -23.2645 ], [ -46.1507, -23.2619 ], [ -46.1494, -23.2612 ], [ -46.1486, -23.2596 ], [ -46.1473, -23.2591 ], [ -46.1457, -23.2568 ], [ -46.1431, -23.2554 ], [ -46.1411, -23.2563 ], [ -46.1392, -23.2556 ], [ -46.1366, -23.2557 ], [ -46.1333, -23.2526 ], [ -46.1296, -23.251 ], [ -46.1284, -23.2498 ], [ -46.1282, -23.2477 ], [ -46.1289, -23.246 ], [ -46.1287, -23.2439 ], [ -46.1275, -23.2423 ], [ -46.124, -23.2402 ], [ -46.1232, -23.2383 ], [ -46.1202, -23.2365 ], [ -46.1182, -23.2363 ], [ -46.1179, -23.2353 ], [ -46.1181, -23.2324 ], [ -46.1165, -23.2297 ], [ -46.1138, -23.2277 ], [ -46.1118, -23.2269 ], [ -46.1098, -23.2272 ], [ -46.1067, -23.2259 ], [ -46.1046, -23.2258 ], [ -46.1039, -23.225 ], [ -46.105, -23.2216 ], [ -46.1042, -23.2202 ], [ -46.0982, -23.2193 ], [ -46.0958, -23.2178 ], [ -46.0938, -23.2159 ], [ -46.0925, -23.2139 ], [ -46.0916, -23.2107 ], [ -46.0912, -23.208 ], [ -46.0898, -23.2068 ], [ -46.0886, -23.2066 ], [ -46.0829, -23.2069 ], [ -46.0807, -23.2066 ], [ -46.0795, -23.2055 ], [ -46.079, -23.2037 ], [ -46.0797, -23.1999 ], [ -46.0807, -23.1987 ], [ -46.0809, -23.1972 ], [ -46.0793, -23.1953 ], [ -46.0763, -23.1932 ], [ -46.0777, -23.1919 ], [ -46.0769, -23.1901 ], [ -46.0777, -23.1882 ], [ -46.0798, -23.1866 ], [ -46.0795, -23.1854 ], [ -46.0773, -23.1844 ], [ -46.0748, -23.1809 ], [ -46.0753, -23.1798 ], [ -46.0752, -23.1776 ], [ -46.0736, -23.1748 ], [ -46.0749, -23.1722 ], [ -46.0774, -23.1695 ], [ -46.0796, -23.1692 ], [ -46.0818, -23.1701 ], [ -46.0847, -23.172 ], [ -46.0864, -23.1728 ], [ -46.0887, -23.1729 ], [ -46.0928, -23.1716 ], [ -46.0945, -23.17 ], [ -46.0964, -23.1662 ], [ -46.0978, -23.1647 ], [ -46.0989, -23.1613 ], [ -46.1026, -23.1573 ], [ -46.1019, -23.156 ], [ -46.0995, -23.1545 ], [ -46.0978, -23.1506 ], [ -46.0948, -23.1481 ], [ -46.0942, -23.1466 ], [ -46.0914, -23.143 ], [ -46.092, -23.1418 ], [ -46.0939, -23.1405 ], [ -46.0973, -23.1376 ], [ -46.0977, -23.1363 ], [ -46.0972, -23.1343 ], [ -46.0959, -23.1332 ], [ -46.0962, -23.1322 ], [ -46.0975, -23.1317 ], [ -46.0984, -23.1293 ], [ -46.101, -23.126 ], [ -46.101, -23.125 ], [ -46.0994, -23.1243 ], [ -46.0994, -23.1229 ], [ -46.098, -23.1214 ], [ -46.0964, -23.1212 ], [ -46.0954, -23.1204 ], [ -46.0939, -23.1209 ], [ -46.0943, -23.1191 ], [ -46.0967, -23.1183 ], [ -46.0982, -23.1197 ], [ -46.0999, -23.1184 ], [ -46.1031, -23.118 ], [ -46.1039, -23.1173 ], [ -46.1016, -23.1159 ], [ -46.1001, -23.1124 ], [ -46.1009, -23.1113 ], [ -46.1005, -23.1102 ], [ -46.1006, -23.1079 ], [ -46.1026, -23.1084 ], [ -46.1013, -23.1048 ], [ -46.1013, -23.1039 ], [ -46.1042, -23.1007 ], [ -46.105, -23.0994 ], [ -46.108, -23.0973 ], [ -46.1074, -23.0962 ], [ -46.1078, -23.0946 ], [ -46.1062, -23.0934 ], [ -46.1057, -23.0917 ], [ -46.1045, -23.0907 ], [ -46.1051, -23.0882 ], [ -46.1051, -23.0851 ], [ -46.1023, -23.084 ], [ -46.0973, -23.0843 ], [ -46.0958, -23.0836 ], [ -46.0947, -23.0844 ], [ -46.0938, -23.0839 ], [ -46.094, -23.0821 ], [ -46.0926, -23.0812 ], [ -46.0918, -23.0775 ], [ -46.091, -23.076 ], [ -46.0897, -23.075 ], [ -46.0905, -23.0694 ], [ -46.0897, -23.0682 ], [ -46.0912, -23.0669 ], [ -46.0891, -23.0615 ], [ -46.0866, -23.0568 ], [ -46.0866, -23.0546 ], [ -46.0859, -23.0527 ], [ -46.0817, -23.0511 ], [ -46.0829, -23.0489 ], [ -46.0819, -23.047 ], [ -46.0822, -23.046 ], [ -46.0806, -23.0454 ], [ -46.0795, -23.0434 ], [ -46.0782, -23.0428 ], [ -46.0788, -23.0397 ], [ -46.0773, -23.039 ], [ -46.0766, -23.0368 ], [ -46.0784, -23.0365 ], [ -46.0788, -23.0347 ], [ -46.0825, -23.0338 ], [ -46.0818, -23.0309 ], [ -46.0803, -23.029 ], [ -46.0809, -23.027 ], [ -46.08, -23.0238 ], [ -46.0794, -23.0231 ], [ -46.0784, -23.02 ], [ -46.0748, -23.0163 ], [ -46.0728, -23.0159 ], [ -46.0708, -23.014 ], [ -46.0718, -23.0112 ], [ -46.0714, -23.0072 ], [ -46.0707, -23.0055 ], [ -46.0674, -23.0018 ], [ -46.0672, -23.0001 ], [ -46.0656, -22.9985 ], [ -46.0656, -22.9972 ], [ -46.0664, -22.9944 ], [ -46.0675, -22.9938 ], [ -46.07, -22.9939 ], [ -46.0706, -22.9924 ], [ -46.0699, -22.9903 ], [ -46.0705, -22.989 ], [ -46.0738, -22.9874 ], [ -46.0765, -22.9858 ], [ -46.0783, -22.9862 ], [ -46.0806, -22.9874 ], [ -46.0826, -22.9855 ], [ -46.0813, -22.9849 ], [ -46.0805, -22.9826 ], [ -46.0792, -22.9804 ], [ -46.0779, -22.9794 ], [ -46.0775, -22.9772 ], [ -46.075, -22.9783 ], [ -46.0731, -22.98 ], [ -46.0704, -22.9793 ], [ -46.0676, -22.9802 ], [ -46.0663, -22.9793 ], [ -46.0648, -22.9758 ], [ -46.0634, -22.9744 ], [ -46.0613, -22.9736 ], [ -46.0592, -22.9737 ], [ -46.057, -22.9731 ], [ -46.0558, -22.9714 ], [ -46.0556, -22.9698 ], [ -46.052, -22.9683 ], [ -46.0508, -22.9664 ], [ -46.0506, -22.9643 ], [ -46.0516, -22.9592 ], [ -46.0491, -22.9549 ], [ -46.0496, -22.9537 ], [ -46.0532, -22.9502 ], [ -46.0504, -22.9433 ], [ -46.0512, -22.9405 ], [ -46.0486, -22.9328 ], [ -46.0467, -22.9304 ], [ -46.045, -22.9294 ], [ -46.0426, -22.9264 ], [ -46.0417, -22.9237 ], [ -46.0411, -22.9192 ], [ -46.0412, -22.9138 ], [ -46.0432, -22.9125 ], [ -46.0439, -22.9114 ], [ -46.0437, -22.9074 ], [ -46.0445, -22.9051 ], [ -46.0493, -22.904 ], [ -46.0502, -22.903 ], [ -46.0511, -22.9008 ], [ -46.0507, -22.897 ], [ -46.0476, -22.8959 ], [ -46.0463, -22.895 ], [ -46.0436, -22.8917 ], [ -46.0412, -22.8903 ], [ -46.0389, -22.8896 ], [ -46.0371, -22.8884 ], [ -46.0344, -22.8881 ], [ -46.0278, -22.8851 ], [ -46.026, -22.8849 ], [ -46.0235, -22.8857 ], [ -46.0197, -22.8881 ], [ -46.0175, -22.8882 ], [ -46.0156, -22.887 ], [ -46.0131, -22.886 ], [ -46.0123, -22.8861 ], [ -46.0098, -22.888 ], [ -46.0085, -22.8895 ], [ -46.0076, -22.8893 ], [ -46.0057, -22.8858 ], [ -46.0036, -22.8838 ], [ -46.0027, -22.8814 ], [ -45.9998, -22.8789 ], [ -45.9974, -22.8787 ], [ -45.9944, -22.8792 ], [ -45.9936, -22.879 ], [ -45.9904, -22.876 ], [ -45.9912, -22.8732 ], [ -45.9931, -22.8698 ], [ -45.9902, -22.8695 ], [ -45.9874, -22.8686 ], [ -45.9829, -22.8685 ], [ -45.9807, -22.8671 ], [ -45.9798, -22.867 ], [ -45.9751, -22.8681 ], [ -45.9743, -22.8676 ], [ -45.9744, -22.865 ], [ -45.9735, -22.8631 ], [ -45.9707, -22.861 ], [ -45.9681, -22.86 ], [ -45.9651, -22.8562 ], [ -45.9642, -22.8554 ], [ -45.9619, -22.8566 ], [ -45.9602, -22.8581 ], [ -45.9597, -22.8556 ], [ -45.9579, -22.8536 ], [ -45.9565, -22.8498 ], [ -45.9541, -22.8487 ], [ -45.9521, -22.8491 ], [ -45.9508, -22.8472 ], [ -45.9511, -22.8464 ], [ -45.9486, -22.8463 ], [ -45.9468, -22.8456 ], [ -45.943, -22.8455 ], [ -45.9405, -22.8466 ], [ -45.9393, -22.8467 ], [ -45.938, -22.8455 ], [ -45.9371, -22.8436 ], [ -45.9353, -22.8421 ], [ -45.933, -22.8418 ], [ -45.9307, -22.8384 ], [ -45.9292, -22.8371 ], [ -45.9286, -22.8357 ], [ -45.9254, -22.8335 ], [ -45.9238, -22.8319 ], [ -45.9234, -22.8286 ], [ -45.9227, -22.8274 ], [ -45.9237, -22.8258 ], [ -45.9214, -22.8235 ], [ -45.9192, -22.8208 ], [ -45.9154, -22.819 ], [ -45.9142, -22.8192 ], [ -45.9132, -22.817 ], [ -45.9118, -22.8163 ], [ -45.9091, -22.8168 ], [ -45.9072, -22.8182 ], [ -45.9046, -22.8197 ], [ -45.9047, -22.8232 ], [ -45.9052, -22.8241 ], [ -45.9071, -22.8252 ], [ -45.9088, -22.8282 ], [ -45.909, -22.8296 ], [ -45.9074, -22.8318 ], [ -45.9064, -22.8339 ], [ -45.9045, -22.8356 ], [ -45.9035, -22.8371 ], [ -45.901, -22.8361 ], [ -45.8986, -22.8377 ], [ -45.8978, -22.8392 ], [ -45.8967, -22.8398 ], [ -45.8937, -22.8394 ], [ -45.8943, -22.842 ], [ -45.8931, -22.8438 ], [ -45.8912, -22.8455 ], [ -45.8919, -22.8468 ], [ -45.8938, -22.8483 ], [ -45.8942, -22.8492 ], [ -45.8935, -22.851 ], [ -45.8924, -22.8522 ], [ -45.8924, -22.8533 ], [ -45.8942, -22.8564 ], [ -45.8941, -22.8573 ], [ -45.8925, -22.858 ], [ -45.8902, -22.8582 ], [ -45.8893, -22.861 ], [ -45.8896, -22.8634 ], [ -45.8883, -22.8689 ], [ -45.888, -22.8709 ], [ -45.8873, -22.8722 ], [ -45.8881, -22.8731 ], [ -45.8885, -22.876 ], [ -45.8821, -22.8754 ], [ -45.8795, -22.8753 ], [ -45.8754, -22.8729 ], [ -45.8739, -22.8728 ], [ -45.8727, -22.8718 ], [ -45.871, -22.8715 ], [ -45.8704, -22.8694 ], [ -45.8646, -22.8691 ], [ -45.8639, -22.8687 ], [ -45.8618, -22.8662 ], [ -45.8604, -22.8621 ], [ -45.8573, -22.8587 ], [ -45.8585, -22.8564 ], [ -45.8586, -22.8553 ], [ -45.8577, -22.8542 ], [ -45.8573, -22.8512 ], [ -45.8561, -22.85 ], [ -45.8526, -22.8488 ], [ -45.8501, -22.8469 ], [ -45.8505, -22.8435 ], [ -45.8481, -22.8378 ], [ -45.8417, -22.8332 ], [ -45.8372, -22.8321 ], [ -45.8353, -22.8326 ], [ -45.8333, -22.8347 ], [ -45.8319, -22.8351 ], [ -45.8295, -22.8349 ], [ -45.8256, -22.8336 ], [ -45.8248, -22.8327 ], [ -45.8246, -22.8305 ], [ -45.8234, -22.8299 ], [ -45.8195, -22.8308 ], [ -45.8165, -22.8322 ], [ -45.8152, -22.8344 ], [ -45.8136, -22.8322 ], [ -45.8098, -22.8294 ], [ -45.8084, -22.8313 ], [ -45.8046, -22.8325 ], [ -45.8028, -22.8338 ], [ -45.8014, -22.8377 ], [ -45.8006, -22.8476 ], [ -45.7967, -22.8521 ], [ -45.7924, -22.8552 ], [ -45.7922, -22.8577 ], [ -45.7909, -22.8586 ], [ -45.7892, -22.8581 ], [ -45.7859, -22.8564 ], [ -45.7819, -22.8553 ], [ -45.7809, -22.8544 ], [ -45.7795, -22.8507 ], [ -45.7787, -22.8501 ], [ -45.775, -22.8493 ], [ -45.7703, -22.8468 ], [ -45.7679, -22.8444 ], [ -45.767, -22.8423 ], [ -45.767, -22.8408 ], [ -45.768, -22.836 ], [ -45.7709, -22.8059 ], [ -45.7691, -22.8038 ], [ -45.7668, -22.8025 ], [ -45.7632, -22.8011 ], [ -45.759, -22.801 ], [ -45.7585, -22.7986 ], [ -45.7568, -22.7953 ], [ -45.7549, -22.7929 ], [ -45.7508, -22.7934 ], [ -45.7486, -22.7923 ], [ -45.7466, -22.7941 ], [ -45.7438, -22.7947 ], [ -45.7429, -22.7954 ], [ -45.7421, -22.7988 ], [ -45.7422, -22.8015 ], [ -45.7429, -22.8033 ], [ -45.7423, -22.8059 ], [ -45.7427, -22.8069 ], [ -45.7417, -22.8079 ], [ -45.7299, -22.8098 ], [ -45.7276, -22.8109 ], [ -45.7243, -22.8158 ], [ -45.7228, -22.8163 ], [ -45.7208, -22.8161 ], [ -45.7186, -22.817 ], [ -45.7172, -22.817 ], [ -45.7136, -22.8148 ], [ -45.713, -22.813 ], [ -45.713, -22.8106 ], [ -45.7143, -22.8086 ], [ -45.7187, -22.8089 ], [ -45.7203, -22.8083 ], [ -45.721, -22.8069 ], [ -45.7214, -22.8042 ], [ -45.7222, -22.803 ], [ -45.7256, -22.8 ], [ -45.7287, -22.8009 ], [ -45.73, -22.7998 ], [ -45.7303, -22.7986 ], [ -45.7302, -22.7894 ], [ -45.729, -22.7852 ], [ -45.7251, -22.7843 ], [ -45.7244, -22.7834 ], [ -45.7242, -22.7807 ], [ -45.7225, -22.7795 ], [ -45.7181, -22.7805 ], [ -45.7168, -22.78 ], [ -45.7163, -22.7773 ], [ -45.7151, -22.7747 ], [ -45.7119, -22.7732 ], [ -45.7122, -22.7698 ], [ -45.7141, -22.7618 ], [ -45.7136, -22.7607 ], [ -45.7134, -22.7569 ], [ -45.7178, -22.7552 ], [ -45.7178, -22.7533 ], [ -45.7165, -22.7504 ], [ -45.7173, -22.7481 ], [ -45.7217, -22.7418 ], [ -45.7235, -22.7384 ], [ -45.7242, -22.7339 ], [ -45.7267, -22.7327 ], [ -45.7272, -22.7292 ], [ -45.73, -22.7272 ], [ -45.7299, -22.7255 ], [ -45.7281, -22.7237 ], [ -45.7326, -22.722 ], [ -45.738, -22.7219 ], [ -45.7395, -22.7227 ], [ -45.7421, -22.7223 ], [ -45.7467, -22.7232 ], [ -45.7488, -22.7218 ], [ -45.7501, -22.7217 ], [ -45.7521, -22.7226 ], [ -45.7565, -22.721 ], [ -45.7589, -22.7217 ], [ -45.7612, -22.7231 ], [ -45.7636, -22.7255 ], [ -45.7702, -22.7272 ], [ -45.7746, -22.7313 ], [ -45.776, -22.7321 ], [ -45.782, -22.7318 ], [ -45.7903, -22.7351 ], [ -45.7956, -22.739 ], [ -45.8015, -22.7386 ], [ -45.8051, -22.7373 ], [ -45.8081, -22.7354 ], [ -45.8118, -22.7318 ], [ -45.8152, -22.7302 ], [ -45.8178, -22.7253 ], [ -45.8199, -22.7227 ], [ -45.8177, -22.7161 ], [ -45.818, -22.7114 ], [ -45.8159, -22.7063 ], [ -45.8128, -22.7004 ], [ -45.8116, -22.6987 ], [ -45.8034, -22.6955 ], [ -45.8006, -22.696 ], [ -45.7928, -22.693 ], [ -45.7907, -22.6926 ], [ -45.7879, -22.6934 ], [ -45.7826, -22.6889 ], [ -45.7803, -22.6849 ], [ -45.7789, -22.6836 ], [ -45.773, -22.6812 ], [ -45.7695, -22.6789 ], [ -45.7642, -22.6785 ], [ -45.7611, -22.6772 ], [ -45.7578, -22.6731 ], [ -45.7555, -22.6711 ], [ -45.7543, -22.6706 ], [ -45.7506, -22.6712 ], [ -45.7504, -22.6704 ], [ -45.7478, -22.668 ], [ -45.7473, -22.6668 ], [ -45.7479, -22.6645 ], [ -45.746, -22.6628 ], [ -45.745, -22.6609 ], [ -45.7428, -22.6592 ], [ -45.7374, -22.6589 ], [ -45.7353, -22.6575 ], [ -45.7322, -22.6568 ], [ -45.727, -22.6603 ], [ -45.7249, -22.6601 ], [ -45.7176, -22.6621 ], [ -45.7162, -22.662 ], [ -45.7131, -22.6602 ], [ -45.7103, -22.6597 ], [ -45.7087, -22.6591 ], [ -45.7043, -22.6551 ], [ -45.6993, -22.6542 ], [ -45.6948, -22.6526 ], [ -45.694, -22.6517 ], [ -45.698, -22.6498 ], [ -45.697, -22.6468 ], [ -45.6972, -22.645 ], [ -45.6997, -22.6424 ], [ -45.7087, -22.6395 ], [ -45.7096, -22.6381 ], [ -45.7112, -22.6336 ], [ -45.7157, -22.6258 ], [ -45.7175, -22.621 ], [ -45.7192, -22.62 ], [ -45.7206, -22.6198 ], [ -45.7243, -22.6207 ], [ -45.7269, -22.621 ], [ -45.7288, -22.6205 ], [ -45.73, -22.6187 ], [ -45.7298, -22.6132 ], [ -45.7307, -22.6119 ], [ -45.7367, -22.6102 ], [ -45.7374, -22.6085 ], [ -45.7351, -22.6036 ], [ -45.7347, -22.6017 ], [ -45.735, -22.5993 ], [ -45.7346, -22.5974 ], [ -45.7337, -22.5966 ], [ -45.731, -22.5953 ], [ -45.7276, -22.5943 ], [ -45.7287, -22.5932 ], [ -45.7292, -22.5916 ], [ -45.7287, -22.5901 ], [ -45.7268, -22.587 ], [ -45.7208, -22.5855 ], [ -45.7172, -22.5821 ], [ -45.7172, -22.5808 ], [ -45.7189, -22.5787 ], [ -45.7168, -22.5777 ], [ -45.7136, -22.5795 ], [ -45.7087, -22.5801 ], [ -45.7055, -22.5812 ], [ -45.7018, -22.5851 ], [ -45.6988, -22.586 ], [ -45.6954, -22.5863 ], [ -45.6937, -22.5854 ], [ -45.6903, -22.5813 ], [ -45.6854, -22.5776 ], [ -45.6839, -22.5759 ], [ -45.6797, -22.5734 ], [ -45.6787, -22.5733 ], [ -45.6743, -22.5759 ], [ -45.6702, -22.5764 ], [ -45.6629, -22.5768 ], [ -45.6606, -22.5778 ], [ -45.6599, -22.5801 ], [ -45.6631, -22.5867 ], [ -45.6626, -22.5886 ], [ -45.6605, -22.5916 ], [ -45.6601, -22.5954 ], [ -45.6589, -22.5981 ], [ -45.6599, -22.599 ], [ -45.6635, -22.5995 ], [ -45.6644, -22.6001 ], [ -45.6651, -22.6026 ], [ -45.665, -22.6044 ], [ -45.6655, -22.6055 ], [ -45.6676, -22.6076 ], [ -45.6681, -22.6096 ], [ -45.6661, -22.6127 ], [ -45.6706, -22.6175 ], [ -45.6722, -22.621 ], [ -45.6755, -22.6262 ], [ -45.6737, -22.629 ], [ -45.6744, -22.6307 ], [ -45.6779, -22.6338 ], [ -45.6798, -22.6348 ], [ -45.6811, -22.6363 ], [ -45.6791, -22.639 ], [ -45.6734, -22.6426 ], [ -45.6722, -22.6469 ], [ -45.6675, -22.6506 ], [ -45.6662, -22.6512 ], [ -45.6616, -22.6489 ], [ -45.6594, -22.6484 ], [ -45.6544, -22.649 ], [ -45.6477, -22.6482 ], [ -45.6441, -22.6463 ], [ -45.6419, -22.646 ], [ -45.6316, -22.6436 ], [ -45.6266, -22.6397 ], [ -45.6247, -22.639 ], [ -45.6221, -22.6389 ], [ -45.6181, -22.6379 ], [ -45.6153, -22.6347 ], [ -45.6131, -22.63 ], [ -45.6105, -22.6274 ], [ -45.6088, -22.6241 ], [ -45.607, -22.6229 ], [ -45.6051, -22.6204 ], [ -45.6035, -22.6196 ], [ -45.601, -22.6189 ], [ -45.5938, -22.6194 ], [ -45.59, -22.6191 ], [ -45.587, -22.6166 ], [ -45.5848, -22.6155 ], [ -45.5885, -22.6117 ], [ -45.588, -22.6104 ], [ -45.584, -22.607 ], [ -45.5824, -22.6061 ], [ -45.5794, -22.6054 ], [ -45.578, -22.6043 ], [ -45.5765, -22.6017 ], [ -45.5762, -22.6039 ], [ -45.5754, -22.6067 ], [ -45.5727, -22.6093 ], [ -45.5653, -22.6117 ], [ -45.5637, -22.6127 ], [ -45.5602, -22.6188 ], [ -45.5565, -22.6239 ], [ -45.5554, -22.6264 ], [ -45.556, -22.6271 ], [ -45.5585, -22.627 ], [ -45.5599, -22.6276 ], [ -45.5642, -22.6319 ], [ -45.5661, -22.6331 ], [ -45.567, -22.635 ], [ -45.5695, -22.6386 ], [ -45.5716, -22.6395 ], [ -45.5728, -22.6412 ], [ -45.5773, -22.6405 ], [ -45.5789, -22.6428 ], [ -45.582, -22.6447 ], [ -45.5844, -22.6517 ], [ -45.5804, -22.6529 ], [ -45.5768, -22.654 ], [ -45.5746, -22.6569 ], [ -45.5736, -22.657 ], [ -45.5711, -22.6556 ], [ -45.5682, -22.6569 ], [ -45.566, -22.6565 ], [ -45.5615, -22.6541 ], [ -45.5592, -22.6536 ], [ -45.5565, -22.6536 ], [ -45.5541, -22.6543 ], [ -45.5517, -22.6529 ], [ -45.5477, -22.6521 ], [ -45.5448, -22.6508 ], [ -45.5434, -22.651 ], [ -45.5399, -22.6526 ], [ -45.5384, -22.65 ], [ -45.5358, -22.649 ], [ -45.533, -22.6468 ], [ -45.5288, -22.6461 ], [ -45.5249, -22.6469 ], [ -45.5226, -22.6451 ], [ -45.5165, -22.6414 ], [ -45.5156, -22.6405 ], [ -45.5142, -22.6374 ], [ -45.5083, -22.6343 ], [ -45.5075, -22.6317 ], [ -45.5046, -22.6307 ], [ -45.5011, -22.6263 ], [ -45.4991, -22.625 ], [ -45.4972, -22.625 ], [ -45.4945, -22.6272 ], [ -45.4893, -22.6289 ], [ -45.4888, -22.6288 ], [ -45.4856, -22.6236 ], [ -45.4852, -22.62 ], [ -45.4838, -22.6176 ], [ -45.4835, -22.6157 ], [ -45.4824, -22.6146 ], [ -45.4812, -22.612 ], [ -45.4774, -22.6087 ], [ -45.4768, -22.6024 ], [ -45.4748, -22.5995 ], [ -45.4747, -22.5979 ], [ -45.4762, -22.5968 ], [ -45.4761, -22.5951 ], [ -45.4785, -22.5911 ], [ -45.4809, -22.5919 ], [ -45.4804, -22.5905 ], [ -45.4783, -22.5896 ], [ -45.4739, -22.5889 ], [ -45.4693, -22.5918 ], [ -45.4635, -22.5967 ], [ -45.458, -22.6001 ], [ -45.4517, -22.6064 ], [ -45.4509, -22.6065 ], [ -45.4481, -22.6046 ], [ -45.4454, -22.6086 ], [ -45.4375, -22.6117 ], [ -45.4364, -22.6132 ], [ -45.4355, -22.6183 ], [ -45.4337, -22.6192 ], [ -45.43, -22.6198 ], [ -45.4261, -22.6212 ], [ -45.4204, -22.6212 ], [ -45.4185, -22.621 ], [ -45.4162, -22.622 ], [ -45.4129, -22.6222 ], [ -45.4125, -22.623 ], [ -45.4125, -22.6256 ], [ -45.4131, -22.6285 ], [ -45.4119, -22.6302 ], [ -45.4091, -22.6327 ], [ -45.4088, -22.6335 ], [ -45.4117, -22.6411 ], [ -45.4087, -22.6441 ], [ -45.4086, -22.6454 ], [ -45.4106, -22.6484 ], [ -45.4105, -22.6517 ], [ -45.4091, -22.6526 ], [ -45.4061, -22.6533 ], [ -45.4, -22.6537 ], [ -45.3979, -22.6534 ], [ -45.3933, -22.6498 ], [ -45.3899, -22.6497 ], [ -45.3864, -22.6486 ], [ -45.3842, -22.6471 ], [ -45.3826, -22.6438 ], [ -45.3813, -22.6423 ], [ -45.3754, -22.6408 ], [ -45.3725, -22.6393 ], [ -45.3706, -22.6373 ], [ -45.3693, -22.637 ], [ -45.365, -22.6393 ], [ -45.361, -22.6388 ], [ -45.3551, -22.6341 ], [ -45.3539, -22.6318 ], [ -45.3539, -22.6306 ], [ -45.349, -22.6265 ], [ -45.3472, -22.6257 ], [ -45.3358, -22.6228 ], [ -45.333, -22.6176 ], [ -45.3312, -22.6176 ], [ -45.3275, -22.6164 ], [ -45.3233, -22.6165 ], [ -45.3173, -22.6143 ], [ -45.3013, -22.6156 ], [ -45.2939, -22.6137 ], [ -45.2917, -22.6139 ], [ -45.2882, -22.6153 ], [ -45.284, -22.6151 ], [ -45.2759, -22.617 ], [ -45.2742, -22.6162 ], [ -45.2732, -22.6134 ], [ -45.2711, -22.6118 ], [ -45.2691, -22.6114 ], [ -45.2661, -22.6109 ], [ -45.2627, -22.6087 ], [ -45.2614, -22.6071 ], [ -45.2614, -22.6062 ], [ -45.2642, -22.6046 ], [ -45.2637, -22.6035 ], [ -45.2606, -22.6012 ], [ -45.2605, -22.5966 ], [ -45.2581, -22.5936 ], [ -45.2571, -22.5903 ], [ -45.2575, -22.5893 ], [ -45.2607, -22.5857 ], [ -45.2613, -22.584 ], [ -45.2602, -22.5821 ], [ -45.2545, -22.5816 ], [ -45.2512, -22.5797 ], [ -45.2487, -22.5793 ], [ -45.2445, -22.5768 ], [ -45.2437, -22.5758 ], [ -45.2409, -22.5757 ], [ -45.2381, -22.5741 ], [ -45.2373, -22.5732 ], [ -45.2337, -22.5719 ], [ -45.23, -22.5697 ], [ -45.2282, -22.5675 ], [ -45.2267, -22.5673 ], [ -45.2254, -22.5651 ], [ -45.2231, -22.5636 ], [ -45.2213, -22.5632 ], [ -45.2151, -22.5636 ], [ -45.2124, -22.5629 ], [ -45.2083, -22.5608 ], [ -45.2056, -22.5583 ], [ -45.2037, -22.5573 ], [ -45.1972, -22.5558 ], [ -45.1932, -22.5563 ], [ -45.1916, -22.5558 ], [ -45.19, -22.5524 ], [ -45.1859, -22.5521 ], [ -45.178, -22.5499 ], [ -45.1768, -22.549 ], [ -45.1772, -22.5467 ], [ -45.173, -22.5434 ], [ -45.1658, -22.5395 ], [ -45.1645, -22.5379 ], [ -45.1647, -22.5366 ], [ -45.166, -22.5348 ], [ -45.1667, -22.5327 ], [ -45.1668, -22.5307 ], [ -45.1663, -22.5295 ], [ -45.1634, -22.526 ], [ -45.1618, -22.5228 ], [ -45.1607, -22.518 ], [ -45.16, -22.5169 ], [ -45.1551, -22.5126 ], [ -45.152, -22.5117 ], [ -45.1511, -22.5101 ], [ -45.1511, -22.5087 ], [ -45.1503, -22.5074 ], [ -45.1459, -22.5075 ], [ -45.1438, -22.5067 ], [ -45.1411, -22.5028 ], [ -45.1386, -22.5014 ], [ -45.1361, -22.5021 ], [ -45.1349, -22.5016 ], [ -45.1332, -22.4999 ], [ -45.1285, -22.4971 ], [ -45.1267, -22.4969 ], [ -45.1244, -22.4972 ], [ -45.123, -22.4974 ], [ -45.121, -22.4969 ], [ -45.1166, -22.4935 ], [ -45.112, -22.4935 ], [ -45.1034, -22.4903 ], [ -45.1028, -22.4899 ], [ -45.1002, -22.4881 ], [ -45.0973, -22.4851 ], [ -45.0948, -22.4846 ], [ -45.0911, -22.4831 ], [ -45.0883, -22.4835 ], [ -45.0865, -22.4844 ], [ -45.0842, -22.4861 ], [ -45.0826, -22.4864 ], [ -45.0804, -22.4851 ], [ -45.0768, -22.481 ], [ -45.0715, -22.4774 ], [ -45.0684, -22.4776 ], [ -45.0658, -22.4771 ], [ -45.062, -22.4735 ], [ -45.0607, -22.4726 ], [ -45.0549, -22.4705 ], [ -45.049, -22.4699 ], [ -45.0461, -22.4693 ], [ -45.0405, -22.4693 ], [ -45.0369, -22.4667 ], [ -45.0341, -22.466 ], [ -45.0322, -22.4645 ], [ -45.0284, -22.4632 ], [ -45.0268, -22.4637 ], [ -45.0251, -22.4649 ], [ -45.025, -22.4659 ], [ -45.0271, -22.469 ], [ -45.0271, -22.4702 ], [ -45.0246, -22.4688 ], [ -45.0211, -22.4681 ], [ -45.018, -22.4681 ], [ -45.0118, -22.4666 ], [ -45.0098, -22.4664 ], [ -45.0003, -22.469 ], [ -44.9982, -22.4692 ], [ -44.9953, -22.4683 ], [ -44.9924, -22.4663 ], [ -44.9907, -22.4665 ], [ -44.9901, -22.4679 ], [ -44.9885, -22.4694 ], [ -44.9868, -22.4693 ], [ -44.9816, -22.4681 ], [ -44.9775, -22.47 ], [ -44.9725, -22.471 ], [ -44.9698, -22.4719 ], [ -44.968, -22.4732 ], [ -44.9659, -22.4752 ], [ -44.9631, -22.4712 ], [ -44.9618, -22.4697 ], [ -44.9599, -22.4667 ], [ -44.9582, -22.4654 ], [ -44.9565, -22.4652 ], [ -44.9516, -22.4631 ], [ -44.9498, -22.461 ], [ -44.9473, -22.4589 ], [ -44.9449, -22.4578 ], [ -44.9423, -22.4561 ], [ -44.9416, -22.454 ], [ -44.9396, -22.4526 ], [ -44.937, -22.4531 ], [ -44.9341, -22.4528 ], [ -44.9313, -22.4518 ], [ -44.9286, -22.4532 ], [ -44.9251, -22.4532 ], [ -44.9228, -22.4538 ], [ -44.9206, -22.454 ], [ -44.9177, -22.4549 ], [ -44.9141, -22.4551 ], [ -44.913, -22.4548 ], [ -44.9111, -22.4529 ], [ -44.9083, -22.4522 ], [ -44.905, -22.4533 ], [ -44.9036, -22.4542 ], [ -44.9019, -22.4536 ], [ -44.8994, -22.4537 ], [ -44.8975, -22.4525 ], [ -44.8977, -22.4491 ], [ -44.8954, -22.4469 ], [ -44.8946, -22.4429 ], [ -44.8929, -22.4408 ], [ -44.8897, -22.4359 ], [ -44.8901, -22.4335 ], [ -44.8897, -22.4321 ], [ -44.8881, -22.4321 ], [ -44.8867, -22.4311 ], [ -44.885, -22.4308 ], [ -44.8829, -22.4291 ], [ -44.8796, -22.4297 ], [ -44.8785, -22.4288 ], [ -44.8753, -22.4286 ], [ -44.8739, -22.4273 ], [ -44.8725, -22.4247 ], [ -44.8704, -22.424 ], [ -44.866, -22.4244 ], [ -44.8602, -22.4231 ], [ -44.8592, -22.4234 ], [ -44.8579, -22.4253 ], [ -44.8545, -22.428 ], [ -44.8514, -22.4268 ], [ -44.8485, -22.4266 ], [ -44.8439, -22.4278 ], [ -44.8418, -22.4279 ], [ -44.8397, -22.4272 ], [ -44.8386, -22.4278 ], [ -44.8349, -22.4311 ], [ -44.833, -22.431 ], [ -44.8302, -22.4281 ], [ -44.8282, -22.4228 ], [ -44.8241, -22.4193 ], [ -44.8227, -22.4189 ], [ -44.8164, -22.4181 ], [ -44.814, -22.4168 ], [ -44.8083, -22.4144 ], [ -44.808, -22.4141 ], [ -44.8077, -22.4097 ], [ -44.8094, -22.4074 ], [ -44.8094, -22.4056 ], [ -44.8075, -22.4053 ], [ -44.8054, -22.4038 ], [ -44.8029, -22.4045 ], [ -44.8023, -22.4056 ], [ -44.8002, -22.4072 ], [ -44.797, -22.4083 ], [ -44.7954, -22.4082 ], [ -44.7947, -22.4089 ], [ -44.7928, -22.409 ], [ -44.789, -22.4081 ], [ -44.7875, -22.4084 ], [ -44.7832, -22.4079 ], [ -44.7785, -22.4089 ], [ -44.7781, -22.4101 ], [ -44.7764, -22.4121 ], [ -44.7743, -22.4123 ], [ -44.7724, -22.4141 ], [ -44.7701, -22.4155 ], [ -44.7655, -22.4159 ], [ -44.7632, -22.417 ], [ -44.7596, -22.4167 ], [ -44.7571, -22.4153 ], [ -44.7553, -22.4153 ], [ -44.754, -22.4162 ], [ -44.7532, -22.4178 ], [ -44.7506, -22.4186 ], [ -44.7497, -22.4205 ], [ -44.748, -22.4217 ], [ -44.7457, -22.4221 ], [ -44.7414, -22.4248 ], [ -44.7397, -22.4269 ], [ -44.7389, -22.4287 ], [ -44.7363, -22.4314 ], [ -44.7339, -22.4329 ], [ -44.7331, -22.434 ], [ -44.734, -22.4356 ], [ -44.732, -22.4377 ], [ -44.7315, -22.439 ], [ -44.7302, -22.44 ], [ -44.7315, -22.4414 ], [ -44.731, -22.4431 ], [ -44.7294, -22.445 ], [ -44.729, -22.448 ], [ -44.727, -22.4506 ], [ -44.7242, -22.4508 ], [ -44.7237, -22.4534 ], [ -44.7249, -22.4552 ], [ -44.7249, -22.4568 ], [ -44.7237, -22.458 ], [ -44.7233, -22.4621 ], [ -44.7224, -22.463 ], [ -44.7211, -22.4628 ], [ -44.7192, -22.4634 ], [ -44.7186, -22.4653 ], [ -44.7194, -22.4667 ], [ -44.7181, -22.4672 ], [ -44.7177, -22.4686 ], [ -44.718, -22.4708 ], [ -44.7215, -22.471 ], [ -44.7211, -22.4725 ], [ -44.7227, -22.4732 ], [ -44.7237, -22.4759 ], [ -44.7225, -22.4791 ], [ -44.7236, -22.481 ], [ -44.7237, -22.4839 ], [ -44.7223, -22.4848 ], [ -44.722, -22.4874 ], [ -44.7209, -22.4909 ], [ -44.7199, -22.4928 ], [ -44.717, -22.4924 ], [ -44.7163, -22.4934 ], [ -44.713, -22.4932 ], [ -44.7111, -22.497 ], [ -44.7112, -22.5002 ], [ -44.7102, -22.5011 ], [ -44.7109, -22.502 ], [ -44.7127, -22.5021 ], [ -44.7137, -22.5031 ], [ -44.7144, -22.5056 ], [ -44.713, -22.5077 ], [ -44.7132, -22.5098 ], [ -44.7169, -22.5101 ], [ -44.7171, -22.5109 ], [ -44.7153, -22.5127 ], [ -44.7161, -22.5135 ], [ -44.7155, -22.5149 ], [ -44.7143, -22.5147 ], [ -44.7135, -22.5137 ], [ -44.7117, -22.514 ], [ -44.7098, -22.5126 ], [ -44.7074, -22.5117 ], [ -44.7055, -22.5118 ], [ -44.7045, -22.5123 ], [ -44.7031, -22.5113 ], [ -44.7014, -22.5107 ], [ -44.6987, -22.512 ], [ -44.7001, -22.513 ], [ -44.6993, -22.5143 ], [ -44.6975, -22.5148 ], [ -44.6969, -22.5165 ], [ -44.6977, -22.5175 ], [ -44.6962, -22.5184 ], [ -44.6946, -22.5181 ], [ -44.6896, -22.5195 ], [ -44.6881, -22.5205 ], [ -44.6882, -22.5215 ], [ -44.6865, -22.524 ], [ -44.6851, -22.5242 ], [ -44.6814, -22.5253 ], [ -44.68, -22.5266 ], [ -44.6798, -22.5289 ], [ -44.6788, -22.5306 ], [ -44.6764, -22.5329 ], [ -44.6713, -22.5364 ], [ -44.6699, -22.5393 ], [ -44.6716, -22.5411 ], [ -44.6749, -22.5429 ], [ -44.6763, -22.5449 ], [ -44.6771, -22.5475 ], [ -44.6776, -22.5551 ], [ -44.6788, -22.5589 ], [ -44.6785, -22.5603 ], [ -44.6774, -22.5615 ], [ -44.6749, -22.5613 ], [ -44.6706, -22.5575 ], [ -44.6679, -22.5541 ], [ -44.6658, -22.5536 ], [ -44.6629, -22.5516 ], [ -44.6615, -22.5509 ], [ -44.6594, -22.5542 ], [ -44.6572, -22.5547 ], [ -44.6557, -22.5542 ], [ -44.6517, -22.5557 ], [ -44.6498, -22.5568 ], [ -44.649, -22.5537 ], [ -44.6481, -22.5525 ], [ -44.6467, -22.5541 ], [ -44.6444, -22.5556 ], [ -44.6435, -22.5574 ], [ -44.6417, -22.5594 ], [ -44.6418, -22.5618 ], [ -44.6429, -22.5645 ], [ -44.6422, -22.5669 ], [ -44.643, -22.5715 ], [ -44.6423, -22.5742 ], [ -44.6424, -22.5776 ], [ -44.6447, -22.5793 ], [ -44.6465, -22.5815 ], [ -44.6471, -22.5846 ], [ -44.6467, -22.5891 ], [ -44.645, -22.5916 ], [ -44.6444, -22.5935 ], [ -44.6449, -22.5966 ], [ -44.6436, -22.5996 ], [ -44.6451, -22.6012 ], [ -44.6459, -22.6039 ], [ -44.6436, -22.6052 ], [ -44.6415, -22.6074 ], [ -44.6396, -22.6082 ], [ -44.6379, -22.6081 ], [ -44.6344, -22.6094 ], [ -44.6326, -22.6092 ], [ -44.6304, -22.6081 ], [ -44.6285, -22.6082 ], [ -44.6273, -22.6073 ], [ -44.6254, -22.6071 ], [ -44.6227, -22.6053 ], [ -44.6179, -22.6124 ], [ -44.6159, -22.6146 ], [ -44.6128, -22.6173 ], [ -44.6105, -22.6173 ], [ -44.6084, -22.6156 ], [ -44.6063, -22.6151 ], [ -44.6046, -22.6137 ], [ -44.6023, -22.6094 ], [ -44.6021, -22.6078 ], [ -44.5984, -22.6091 ], [ -44.5968, -22.6102 ], [ -44.5972, -22.612 ], [ -44.5969, -22.6137 ], [ -44.5929, -22.6169 ], [ -44.5932, -22.618 ], [ -44.5929, -22.6208 ], [ -44.5933, -22.6217 ], [ -44.5918, -22.6235 ], [ -44.5898, -22.6233 ], [ -44.5882, -22.6239 ], [ -44.5875, -22.6249 ], [ -44.5836, -22.6261 ], [ -44.584, -22.6242 ], [ -44.5829, -22.6208 ], [ -44.5812, -22.619 ], [ -44.5797, -22.6164 ], [ -44.5808, -22.6142 ], [ -44.5793, -22.6106 ], [ -44.578, -22.6095 ], [ -44.5772, -22.6074 ], [ -44.5758, -22.6064 ], [ -44.5756, -22.6046 ], [ -44.5742, -22.6019 ], [ -44.5722, -22.6014 ], [ -44.5716, -22.6057 ], [ -44.567, -22.6106 ], [ -44.564, -22.612 ], [ -44.5613, -22.612 ], [ -44.5579, -22.6116 ], [ -44.5576, -22.6105 ], [ -44.5548, -22.61 ], [ -44.5533, -22.6075 ], [ -44.5532, -22.6058 ], [ -44.5504, -22.6038 ], [ -44.5494, -22.6062 ], [ -44.5477, -22.6073 ], [ -44.546, -22.607 ], [ -44.5457, -22.6096 ], [ -44.5432, -22.6107 ], [ -44.5408, -22.6128 ], [ -44.5407, -22.6146 ], [ -44.5389, -22.6159 ], [ -44.5374, -22.6183 ], [ -44.5358, -22.6184 ], [ -44.534, -22.616 ], [ -44.5321, -22.6162 ], [ -44.5289, -22.6198 ], [ -44.5265, -22.6206 ], [ -44.5285, -22.6237 ], [ -44.5342, -22.6264 ], [ -44.5349, -22.6283 ], [ -44.5378, -22.633 ], [ -44.5375, -22.635 ], [ -44.536, -22.6371 ], [ -44.5335, -22.6392 ], [ -44.5312, -22.6395 ], [ -44.5312, -22.6384 ], [ -44.5327, -22.6356 ], [ -44.5345, -22.6331 ], [ -44.5334, -22.6314 ], [ -44.531, -22.6302 ], [ -44.5267, -22.6299 ], [ -44.5215, -22.6318 ], [ -44.5173, -22.631 ], [ -44.5156, -22.6301 ], [ -44.5146, -22.6305 ], [ -44.5142, -22.6341 ], [ -44.5121, -22.6358 ], [ -44.5111, -22.6382 ], [ -44.5107, -22.6401 ], [ -44.5086, -22.6409 ], [ -44.5067, -22.6394 ], [ -44.5045, -22.6362 ], [ -44.5025, -22.632 ], [ -44.5009, -22.6304 ], [ -44.5002, -22.6286 ], [ -44.4986, -22.6273 ], [ -44.4974, -22.6269 ], [ -44.4951, -22.6249 ], [ -44.4959, -22.6229 ], [ -44.4946, -22.6219 ], [ -44.4933, -22.6218 ], [ -44.4911, -22.6206 ], [ -44.493, -22.6182 ], [ -44.4918, -22.6177 ], [ -44.4889, -22.6152 ], [ -44.4887, -22.6139 ], [ -44.4863, -22.6123 ], [ -44.4852, -22.611 ], [ -44.4856, -22.6098 ], [ -44.4885, -22.6094 ], [ -44.4887, -22.6068 ], [ -44.487, -22.6052 ], [ -44.4853, -22.6049 ], [ -44.4825, -22.6058 ], [ -44.4805, -22.6094 ], [ -44.4802, -22.6114 ], [ -44.4777, -22.6132 ], [ -44.4765, -22.6128 ], [ -44.4754, -22.6135 ], [ -44.4732, -22.6138 ], [ -44.4718, -22.6134 ], [ -44.4706, -22.6138 ], [ -44.4684, -22.6152 ], [ -44.4662, -22.6157 ], [ -44.4649, -22.616 ], [ -44.4629, -22.6152 ], [ -44.4617, -22.6132 ], [ -44.4597, -22.6132 ], [ -44.4577, -22.6123 ], [ -44.4571, -22.6105 ], [ -44.4546, -22.6095 ], [ -44.4524, -22.609 ], [ -44.4511, -22.6105 ], [ -44.4488, -22.6105 ], [ -44.4476, -22.6109 ], [ -44.4465, -22.6103 ], [ -44.4462, -22.608 ], [ -44.4453, -22.6063 ], [ -44.4428, -22.6045 ], [ -44.4393, -22.6047 ], [ -44.4359, -22.6023 ], [ -44.4346, -22.6001 ], [ -44.4315, -22.5987 ], [ -44.4298, -22.5987 ], [ -44.4259, -22.6006 ], [ -44.4242, -22.6008 ], [ -44.4232, -22.6002 ], [ -44.4214, -22.6008 ], [ -44.4184, -22.6011 ], [ -44.4154, -22.6021 ], [ -44.414, -22.6033 ], [ -44.4124, -22.6053 ], [ -44.4104, -22.6066 ], [ -44.4093, -22.6067 ], [ -44.4073, -22.6079 ], [ -44.4066, -22.6088 ], [ -44.4047, -22.6068 ], [ -44.4033, -22.6061 ], [ -44.4018, -22.6067 ], [ -44.4014, -22.6055 ], [ -44.3985, -22.604 ], [ -44.3988, -22.6023 ], [ -44.4008, -22.6034 ], [ -44.4026, -22.6024 ], [ -44.403, -22.6015 ], [ -44.4058, -22.5991 ], [ -44.4061, -22.5976 ], [ -44.405, -22.5955 ], [ -44.4051, -22.5912 ], [ -44.4096, -22.5888 ], [ -44.4094, -22.5882 ], [ -44.4069, -22.5879 ], [ -44.4048, -22.5883 ], [ -44.4035, -22.588 ], [ -44.4009, -22.5853 ], [ -44.4002, -22.5822 ], [ -44.3988, -22.5817 ], [ -44.3964, -22.5817 ], [ -44.395, -22.5809 ], [ -44.3944, -22.5793 ], [ -44.3942, -22.5766 ], [ -44.3928, -22.5728 ], [ -44.392, -22.5724 ], [ -44.391, -22.574 ], [ -44.3867, -22.5739 ], [ -44.3824, -22.5735 ], [ -44.3789, -22.5759 ], [ -44.3772, -22.5764 ], [ -44.3752, -22.5785 ], [ -44.3736, -22.5783 ], [ -44.3728, -22.5794 ], [ -44.3707, -22.5805 ], [ -44.3681, -22.5787 ], [ -44.3638, -22.578 ], [ -44.3631, -22.5795 ], [ -44.3598, -22.5812 ], [ -44.3607, -22.5827 ], [ -44.3627, -22.5831 ], [ -44.3645, -22.5848 ], [ -44.3647, -22.5867 ], [ -44.3671, -22.5877 ], [ -44.3671, -22.5884 ], [ -44.3697, -22.5888 ], [ -44.3703, -22.5893 ], [ -44.3671, -22.5933 ], [ -44.3656, -22.5938 ], [ -44.3634, -22.5922 ], [ -44.3611, -22.592 ], [ -44.3599, -22.5931 ], [ -44.36, -22.5961 ], [ -44.3615, -22.6008 ], [ -44.3616, -22.603 ], [ -44.3627, -22.6048 ], [ -44.3627, -22.6059 ], [ -44.3609, -22.6075 ], [ -44.3598, -22.6094 ], [ -44.3609, -22.6118 ], [ -44.3609, -22.6132 ], [ -44.3598, -22.6139 ], [ -44.3577, -22.6141 ], [ -44.356, -22.6149 ], [ -44.3537, -22.6126 ], [ -44.3531, -22.6107 ], [ -44.352, -22.6098 ], [ -44.3505, -22.6099 ], [ -44.3492, -22.609 ], [ -44.3485, -22.606 ], [ -44.35, -22.6033 ], [ -44.3517, -22.6011 ], [ -44.3515, -22.5993 ], [ -44.3502, -22.5982 ], [ -44.3503, -22.5956 ], [ -44.3487, -22.5952 ], [ -44.3467, -22.5969 ], [ -44.3452, -22.5966 ], [ -44.3456, -22.5938 ], [ -44.3472, -22.5906 ], [ -44.3458, -22.5897 ], [ -44.3454, -22.588 ], [ -44.3445, -22.5879 ], [ -44.3421, -22.5893 ], [ -44.3402, -22.5902 ], [ -44.3376, -22.5903 ], [ -44.3346, -22.591 ], [ -44.3325, -22.591 ], [ -44.3309, -22.5902 ], [ -44.3295, -22.5885 ], [ -44.3275, -22.5882 ], [ -44.3245, -22.5897 ], [ -44.3201, -22.5955 ], [ -44.3178, -22.597 ], [ -44.3146, -22.5975 ], [ -44.3135, -22.5958 ], [ -44.3125, -22.596 ], [ -44.3098, -22.5973 ], [ -44.3078, -22.5977 ], [ -44.3042, -22.5991 ], [ -44.3018, -22.5987 ], [ -44.2992, -22.5996 ], [ -44.2976, -22.5985 ], [ -44.2952, -22.5988 ], [ -44.2949, -22.6002 ], [ -44.2953, -22.6017 ], [ -44.2928, -22.6036 ], [ -44.2906, -22.6047 ], [ -44.2907, -22.6057 ], [ -44.2857, -22.6097 ], [ -44.2842, -22.6094 ], [ -44.2832, -22.607 ], [ -44.284, -22.6057 ], [ -44.2829, -22.6041 ], [ -44.2802, -22.6033 ], [ -44.2789, -22.6033 ], [ -44.2753, -22.6025 ], [ -44.2744, -22.6017 ], [ -44.273, -22.6023 ], [ -44.2715, -22.6017 ], [ -44.2682, -22.5996 ], [ -44.2679, -22.6022 ], [ -44.2651, -22.6033 ], [ -44.2634, -22.6059 ], [ -44.2613, -22.6086 ], [ -44.259, -22.6104 ], [ -44.2534, -22.6125 ], [ -44.2508, -22.6116 ], [ -44.249, -22.6096 ], [ -44.2495, -22.6078 ], [ -44.2482, -22.6065 ], [ -44.2456, -22.6064 ], [ -44.2438, -22.6083 ], [ -44.2419, -22.6093 ], [ -44.2409, -22.6093 ], [ -44.2379, -22.6076 ], [ -44.236, -22.6088 ], [ -44.2352, -22.6085 ], [ -44.2326, -22.6092 ], [ -44.2295, -22.6073 ], [ -44.2285, -22.6061 ], [ -44.2258, -22.6047 ], [ -44.2244, -22.608 ], [ -44.2248, -22.6108 ], [ -44.223, -22.6125 ], [ -44.221, -22.6167 ], [ -44.2194, -22.6175 ], [ -44.2164, -22.6171 ], [ -44.2159, -22.6147 ], [ -44.2149, -22.6142 ], [ -44.21, -22.6156 ], [ -44.2071, -22.6135 ], [ -44.2041, -22.6155 ], [ -44.2044, -22.6188 ], [ -44.2026, -22.6229 ], [ -44.2046, -22.6251 ], [ -44.2044, -22.6263 ], [ -44.1985, -22.6305 ], [ -44.1967, -22.6308 ], [ -44.1944, -22.63 ], [ -44.1912, -22.6299 ], [ -44.1902, -22.631 ], [ -44.1898, -22.6332 ], [ -44.1847, -22.6367 ], [ -44.1843, -22.6373 ], [ -44.1859, -22.6393 ], [ -44.1862, -22.6414 ], [ -44.1892, -22.6425 ], [ -44.1911, -22.6451 ], [ -44.1909, -22.6473 ], [ -44.1896, -22.6491 ], [ -44.1859, -22.652 ], [ -44.1811, -22.6543 ], [ -44.1773, -22.6549 ], [ -44.1752, -22.6558 ], [ -44.1714, -22.6594 ], [ -44.1691, -22.6647 ], [ -44.1684, -22.6674 ], [ -44.1658, -22.6711 ], [ -44.1656, -22.6734 ], [ -44.1627, -22.6757 ], [ -44.1627, -22.6773 ], [ -44.1614, -22.6783 ], [ -44.1649, -22.6804 ], [ -44.1665, -22.6822 ], [ -44.1682, -22.6834 ], [ -44.167, -22.6855 ], [ -44.1671, -22.6867 ], [ -44.1683, -22.6879 ], [ -44.1716, -22.69 ], [ -44.1763, -22.6922 ], [ -44.1768, -22.6933 ], [ -44.1755, -22.6963 ], [ -44.1739, -22.7021 ], [ -44.1761, -22.7057 ], [ -44.1789, -22.7073 ], [ -44.1821, -22.7088 ], [ -44.1834, -22.711 ], [ -44.1852, -22.712 ], [ -44.1886, -22.7122 ], [ -44.1927, -22.7141 ], [ -44.1946, -22.7145 ], [ -44.2011, -22.7151 ], [ -44.2025, -22.7159 ], [ -44.2037, -22.7174 ], [ -44.2041, -22.7197 ], [ -44.2022, -22.7237 ], [ -44.2026, -22.7256 ], [ -44.1992, -22.7272 ], [ -44.2004, -22.73 ], [ -44.199, -22.7353 ], [ -44.2025, -22.7347 ], [ -44.2044, -22.735 ], [ -44.2056, -22.7365 ], [ -44.2084, -22.7365 ], [ -44.2094, -22.737 ], [ -44.2183, -22.7324 ], [ -44.2203, -22.7321 ], [ -44.2229, -22.733 ], [ -44.2239, -22.7328 ], [ -44.227, -22.7337 ], [ -44.2295, -22.7355 ], [ -44.2314, -22.7384 ], [ -44.2321, -22.7419 ], [ -44.2351, -22.7451 ], [ -44.2392, -22.7474 ], [ -44.2418, -22.7478 ], [ -44.2425, -22.7487 ], [ -44.2424, -22.7504 ], [ -44.241, -22.7515 ], [ -44.2408, -22.7532 ], [ -44.2389, -22.7546 ], [ -44.2401, -22.7559 ], [ -44.2421, -22.7547 ], [ -44.2431, -22.7547 ], [ -44.2462, -22.7574 ], [ -44.249, -22.7572 ], [ -44.2505, -22.7576 ], [ -44.2517, -22.7596 ], [ -44.2514, -22.7634 ], [ -44.252, -22.7647 ], [ -44.2551, -22.765 ], [ -44.2576, -22.767 ], [ -44.2586, -22.7707 ], [ -44.255, -22.7725 ], [ -44.2545, -22.7739 ], [ -44.2571, -22.7777 ], [ -44.2567, -22.7785 ], [ -44.2548, -22.7796 ], [ -44.2538, -22.7808 ], [ -44.2562, -22.7842 ], [ -44.2569, -22.7859 ], [ -44.2558, -22.7883 ], [ -44.2539, -22.788 ], [ -44.2525, -22.7885 ], [ -44.2507, -22.7883 ], [ -44.2479, -22.7909 ], [ -44.2431, -22.7883 ], [ -44.242, -22.7885 ], [ -44.2402, -22.7914 ], [ -44.2401, -22.7927 ], [ -44.2417, -22.7958 ], [ -44.2413, -22.7973 ], [ -44.2423, -22.7996 ], [ -44.2442, -22.8004 ], [ -44.2443, -22.8024 ], [ -44.2466, -22.804 ], [ -44.2478, -22.8036 ], [ -44.2491, -22.8043 ], [ -44.2522, -22.8052 ], [ -44.2543, -22.8051 ], [ -44.2545, -22.8062 ], [ -44.2567, -22.806 ], [ -44.258, -22.8065 ], [ -44.2589, -22.8049 ], [ -44.2613, -22.8063 ], [ -44.2617, -22.8086 ], [ -44.2612, -22.8092 ], [ -44.2619, -22.8111 ], [ -44.2621, -22.8134 ], [ -44.2633, -22.8143 ], [ -44.2629, -22.8155 ], [ -44.2637, -22.8178 ], [ -44.2659, -22.8189 ], [ -44.2671, -22.822 ], [ -44.2673, -22.8253 ], [ -44.2695, -22.8274 ], [ -44.2676, -22.829 ], [ -44.2683, -22.8297 ], [ -44.2713, -22.831 ], [ -44.2733, -22.8323 ], [ -44.2748, -22.8318 ], [ -44.2797, -22.8342 ], [ -44.2834, -22.8362 ], [ -44.2836, -22.8341 ], [ -44.2845, -22.8328 ], [ -44.2865, -22.8321 ], [ -44.2854, -22.8293 ], [ -44.2857, -22.8282 ], [ -44.2873, -22.8281 ], [ -44.2918, -22.8292 ], [ -44.2961, -22.8278 ], [ -44.2979, -22.8294 ], [ -44.3014, -22.831 ], [ -44.3045, -22.8316 ], [ -44.3058, -22.8316 ], [ -44.3069, -22.833 ], [ -44.3085, -22.8328 ], [ -44.3174, -22.84 ], [ -44.3181, -22.8416 ], [ -44.3176, -22.8428 ], [ -44.3181, -22.8451 ], [ -44.3196, -22.8476 ], [ -44.3224, -22.8497 ], [ -44.3238, -22.8492 ], [ -44.3211, -22.8471 ], [ -44.3207, -22.8451 ], [ -44.3211, -22.8427 ], [ -44.3205, -22.8399 ], [ -44.3226, -22.8397 ], [ -44.3231, -22.8387 ], [ -44.3253, -22.8378 ], [ -44.3268, -22.8384 ], [ -44.3279, -22.8405 ], [ -44.3291, -22.8417 ], [ -44.3323, -22.843 ], [ -44.3337, -22.8429 ], [ -44.3379, -22.8408 ], [ -44.34, -22.8414 ], [ -44.3407, -22.8425 ], [ -44.3408, -22.8446 ], [ -44.3414, -22.8455 ], [ -44.343, -22.8458 ], [ -44.3451, -22.8456 ], [ -44.347, -22.847 ], [ -44.3542, -22.8496 ], [ -44.3595, -22.8517 ], [ -44.3639, -22.8531 ], [ -44.3661, -22.8541 ], [ -44.3711, -22.8575 ], [ -44.3729, -22.8579 ], [ -44.3775, -22.8583 ], [ -44.3791, -22.858 ], [ -44.3812, -22.8584 ], [ -44.3841, -22.857 ], [ -44.3874, -22.8565 ], [ -44.3901, -22.8536 ], [ -44.3912, -22.8528 ], [ -44.3934, -22.8525 ], [ -44.3955, -22.8543 ], [ -44.3969, -22.8548 ], [ -44.4005, -22.8551 ], [ -44.4024, -22.8543 ], [ -44.4034, -22.8529 ], [ -44.4034, -22.8506 ], [ -44.4028, -22.8489 ], [ -44.405, -22.8485 ], [ -44.409, -22.8468 ], [ -44.4107, -22.8464 ], [ -44.415, -22.848 ], [ -44.4163, -22.8477 ], [ -44.4182, -22.8481 ], [ -44.4231, -22.8505 ], [ -44.4303, -22.859 ], [ -44.4327, -22.8611 ], [ -44.4329, -22.8626 ], [ -44.4327, -22.8657 ], [ -44.4333, -22.8688 ], [ -44.4345, -22.8703 ], [ -44.4376, -22.8731 ], [ -44.4415, -22.8756 ], [ -44.4443, -22.8765 ], [ -44.4512, -22.8768 ], [ -44.4523, -22.8772 ], [ -44.4562, -22.88 ], [ -44.457, -22.8821 ], [ -44.4583, -22.8833 ], [ -44.4607, -22.8841 ], [ -44.4638, -22.8844 ], [ -44.4657, -22.8853 ], [ -44.4669, -22.885 ], [ -44.4679, -22.883 ], [ -44.4699, -22.8805 ], [ -44.4703, -22.877 ], [ -44.4713, -22.8759 ], [ -44.4751, -22.875 ], [ -44.4769, -22.8743 ], [ -44.4773, -22.8725 ], [ -44.4766, -22.8701 ], [ -44.4756, -22.8684 ], [ -44.4768, -22.8669 ], [ -44.4799, -22.8668 ], [ -44.4788, -22.8618 ], [ -44.4772, -22.8587 ], [ -44.4753, -22.8572 ], [ -44.478, -22.8538 ], [ -44.4786, -22.8512 ], [ -44.4791, -22.8506 ], [ -44.4813, -22.8501 ], [ -44.4828, -22.848 ], [ -44.4844, -22.8464 ], [ -44.4862, -22.8464 ], [ -44.4894, -22.8478 ], [ -44.4907, -22.848 ], [ -44.4929, -22.8476 ], [ -44.4946, -22.8468 ], [ -44.501, -22.8505 ], [ -44.5053, -22.8515 ], [ -44.5067, -22.8537 ], [ -44.5091, -22.8563 ], [ -44.5115, -22.8572 ], [ -44.5119, -22.8584 ], [ -44.5117, -22.8604 ], [ -44.514, -22.8611 ], [ -44.5166, -22.8628 ], [ -44.5184, -22.8653 ], [ -44.5191, -22.8657 ], [ -44.5221, -22.8655 ], [ -44.5254, -22.866 ], [ -44.5282, -22.8678 ], [ -44.5301, -22.8679 ], [ -44.5326, -22.8693 ], [ -44.5347, -22.8711 ], [ -44.5389, -22.8737 ], [ -44.5406, -22.8753 ], [ -44.5432, -22.8785 ], [ -44.5442, -22.879 ], [ -44.5451, -22.8811 ], [ -44.5435, -22.8842 ], [ -44.5437, -22.8849 ], [ -44.5518, -22.8868 ], [ -44.5552, -22.8881 ], [ -44.5568, -22.8877 ], [ -44.5591, -22.8854 ], [ -44.5624, -22.8836 ], [ -44.5662, -22.8827 ], [ -44.5688, -22.884 ], [ -44.5702, -22.8838 ], [ -44.5722, -22.8805 ], [ -44.5757, -22.878 ], [ -44.578, -22.8796 ], [ -44.5789, -22.881 ], [ -44.5816, -22.8831 ], [ -44.5841, -22.8837 ], [ -44.5858, -22.8826 ], [ -44.5874, -22.8827 ], [ -44.5928, -22.8844 ], [ -44.5961, -22.8878 ], [ -44.5989, -22.8903 ], [ -44.6005, -22.8909 ], [ -44.6023, -22.8902 ], [ -44.6071, -22.8853 ], [ -44.6087, -22.8865 ], [ -44.6103, -22.8891 ], [ -44.62, -22.8987 ], [ -44.6227, -22.9009 ], [ -44.6257, -22.9023 ], [ -44.6262, -22.9029 ], [ -44.6295, -22.9049 ], [ -44.6306, -22.9058 ], [ -44.6324, -22.9051 ], [ -44.6348, -22.9059 ], [ -44.637, -22.908 ], [ -44.6393, -22.9109 ], [ -44.6403, -22.9131 ], [ -44.6387, -22.9142 ], [ -44.6392, -22.9151 ], [ -44.6411, -22.916 ], [ -44.6421, -22.9171 ], [ -44.6448, -22.9183 ], [ -44.6466, -22.9185 ], [ -44.647, -22.9197 ], [ -44.6483, -22.9197 ], [ -44.6518, -22.9217 ], [ -44.6534, -22.923 ], [ -44.6551, -22.9234 ], [ -44.6565, -22.9244 ], [ -44.659, -22.9279 ], [ -44.6626, -22.9272 ], [ -44.6653, -22.9259 ], [ -44.6663, -22.9246 ], [ -44.6676, -22.9244 ], [ -44.6696, -22.9225 ], [ -44.6716, -22.9221 ], [ -44.6724, -22.9207 ], [ -44.6716, -22.9198 ], [ -44.673, -22.9181 ], [ -44.6738, -22.918 ], [ -44.6752, -22.9195 ], [ -44.6757, -22.9208 ], [ -44.6779, -22.9242 ], [ -44.679, -22.9264 ], [ -44.6801, -22.9258 ], [ -44.6821, -22.9284 ], [ -44.6823, -22.9297 ], [ -44.6852, -22.9306 ], [ -44.6872, -22.9325 ], [ -44.6875, -22.9338 ], [ -44.687, -22.9359 ], [ -44.6881, -22.9368 ], [ -44.689, -22.9359 ], [ -44.6929, -22.9343 ], [ -44.6947, -22.9325 ], [ -44.6964, -22.9321 ], [ -44.7003, -22.9329 ], [ -44.701, -22.9352 ], [ -44.7035, -22.9361 ], [ -44.704, -22.9349 ], [ -44.7064, -22.9318 ], [ -44.71, -22.9317 ], [ -44.7105, -22.9304 ], [ -44.7115, -22.9299 ], [ -44.7136, -22.93 ], [ -44.7144, -22.9319 ], [ -44.7167, -22.9349 ], [ -44.7189, -22.9347 ], [ -44.7213, -22.9361 ], [ -44.7234, -22.9377 ], [ -44.7254, -22.94 ], [ -44.727, -22.9402 ], [ -44.7279, -22.9418 ], [ -44.731, -22.9429 ], [ -44.7327, -22.9442 ], [ -44.7346, -22.9451 ], [ -44.7381, -22.9457 ], [ -44.7393, -22.9465 ], [ -44.7435, -22.947 ], [ -44.7449, -22.9493 ], [ -44.7453, -22.9521 ], [ -44.7473, -22.9525 ], [ -44.7489, -22.9534 ], [ -44.7494, -22.955 ], [ -44.7482, -22.9562 ], [ -44.7488, -22.9581 ], [ -44.7498, -22.9592 ], [ -44.7509, -22.962 ], [ -44.7518, -22.9626 ], [ -44.7506, -22.9646 ], [ -44.7499, -22.9648 ], [ -44.7492, -22.9671 ], [ -44.7492, -22.9695 ], [ -44.751, -22.972 ], [ -44.7528, -22.9724 ], [ -44.7568, -22.9743 ], [ -44.7566, -22.9766 ], [ -44.7546, -22.9781 ], [ -44.7546, -22.9795 ], [ -44.756, -22.9804 ], [ -44.7593, -22.9791 ], [ -44.7617, -22.9808 ], [ -44.7633, -22.9828 ], [ -44.7648, -22.9833 ], [ -44.767, -22.982 ], [ -44.7699, -22.9809 ], [ -44.7731, -22.9815 ], [ -44.7743, -22.9795 ], [ -44.7767, -22.9781 ], [ -44.7786, -22.9786 ], [ -44.7813, -22.9785 ], [ -44.7842, -22.9793 ], [ -44.7857, -22.9805 ], [ -44.7864, -22.9822 ], [ -44.7881, -22.9824 ], [ -44.7898, -22.9814 ], [ -44.7919, -22.9819 ], [ -44.7936, -22.9863 ], [ -44.7925, -22.9895 ], [ -44.7933, -22.9905 ], [ -44.7927, -22.9921 ], [ -44.7929, -22.9934 ], [ -44.7951, -22.9939 ], [ -44.7965, -22.9956 ], [ -44.799, -22.9965 ], [ -44.8013, -22.9965 ], [ -44.8025, -22.9988 ], [ -44.8021, -23.0011 ], [ -44.8004, -23.0026 ], [ -44.8003, -23.0054 ], [ -44.7989, -23.0069 ], [ -44.7977, -23.0064 ], [ -44.7955, -23.0071 ], [ -44.7938, -23.0084 ], [ -44.7928, -23.0098 ], [ -44.7933, -23.0116 ], [ -44.7958, -23.0143 ], [ -44.797, -23.0161 ], [ -44.7972, -23.0187 ], [ -44.7986, -23.0203 ], [ -44.7962, -23.0236 ], [ -44.7959, -23.0253 ], [ -44.7966, -23.0269 ], [ -44.7991, -23.0302 ], [ -44.8016, -23.0308 ], [ -44.8021, -23.0325 ], [ -44.8006, -23.0353 ], [ -44.803, -23.0407 ], [ -44.8021, -23.0421 ], [ -44.8013, -23.0445 ], [ -44.8014, -23.0466 ], [ -44.8022, -23.0488 ], [ -44.803, -23.0495 ], [ -44.8046, -23.0493 ], [ -44.8065, -23.0499 ], [ -44.8097, -23.0521 ], [ -44.8119, -23.0545 ], [ -44.8097, -23.0575 ], [ -44.8095, -23.0598 ], [ -44.8073, -23.0617 ], [ -44.807, -23.0631 ], [ -44.8084, -23.0648 ], [ -44.8106, -23.0656 ], [ -44.812, -23.0654 ], [ -44.8148, -23.0677 ], [ -44.812, -23.0699 ], [ -44.8115, -23.0716 ], [ -44.8126, -23.075 ], [ -44.813, -23.0785 ], [ -44.8141, -23.0814 ], [ -44.8165, -23.0836 ], [ -44.8179, -23.0857 ], [ -44.8179, -23.0867 ], [ -44.8188, -23.0915 ], [ -44.8151, -23.0911 ], [ -44.8134, -23.0912 ], [ -44.8123, -23.092 ], [ -44.812, -23.094 ], [ -44.8112, -23.0949 ], [ -44.8112, -23.0963 ], [ -44.8128, -23.0978 ], [ -44.8124, -23.0988 ], [ -44.8098, -23.0989 ], [ -44.8088, -23.0995 ], [ -44.8093, -23.1014 ], [ -44.8122, -23.1036 ], [ -44.8136, -23.1043 ], [ -44.8144, -23.1064 ], [ -44.8163, -23.1076 ], [ -44.8162, -23.1106 ], [ -44.8153, -23.1125 ], [ -44.813, -23.1127 ], [ -44.8106, -23.1148 ], [ -44.8116, -23.1175 ], [ -44.8134, -23.1186 ], [ -44.8149, -23.1204 ], [ -44.8152, -23.1226 ], [ -44.8141, -23.1255 ], [ -44.8144, -23.1275 ], [ -44.817, -23.1303 ], [ -44.819, -23.1311 ], [ -44.8193, -23.1338 ], [ -44.8182, -23.1356 ], [ -44.8158, -23.1373 ], [ -44.8161, -23.1403 ], [ -44.8183, -23.1411 ], [ -44.8196, -23.1405 ], [ -44.8235, -23.1412 ], [ -44.8255, -23.1437 ], [ -44.824, -23.1462 ], [ -44.8222, -23.1519 ], [ -44.8213, -23.1535 ], [ -44.8211, -23.156 ], [ -44.8226, -23.158 ], [ -44.8227, -23.1601 ], [ -44.8244, -23.1627 ], [ -44.8258, -23.1631 ], [ -44.8269, -23.1622 ], [ -44.8284, -23.162 ], [ -44.8304, -23.1637 ], [ -44.8326, -23.1664 ], [ -44.8346, -23.1671 ], [ -44.8381, -23.1672 ], [ -44.8394, -23.1659 ], [ -44.8404, -23.1667 ], [ -44.8429, -23.1667 ], [ -44.8453, -23.169 ], [ -44.8449, -23.1724 ], [ -44.8464, -23.1727 ], [ -44.8479, -23.1741 ], [ -44.8494, -23.1736 ], [ -44.8506, -23.1742 ], [ -44.8518, -23.1738 ], [ -44.8531, -23.1766 ], [ -44.8564, -23.1767 ], [ -44.8579, -23.1777 ], [ -44.8594, -23.1801 ], [ -44.8605, -23.181 ], [ -44.8666, -23.1811 ], [ -44.8677, -23.1823 ], [ -44.8703, -23.1824 ], [ -44.8719, -23.182 ], [ -44.8747, -23.1847 ], [ -44.8741, -23.1897 ], [ -44.875, -23.1927 ], [ -44.8768, -23.1945 ], [ -44.8763, -23.1957 ], [ -44.8749, -23.1967 ], [ -44.8771, -23.1993 ], [ -44.8826, -23.2027 ], [ -44.8837, -23.2048 ], [ -44.8832, -23.2083 ], [ -44.8835, -23.211 ], [ -44.8801, -23.2133 ], [ -44.8814, -23.216 ], [ -44.8826, -23.2176 ], [ -44.885, -23.219 ], [ -44.8876, -23.2217 ], [ -44.8889, -23.2245 ], [ -44.8893, -23.2266 ], [ -44.8886, -23.2288 ], [ -44.8862, -23.2335 ], [ -44.886, -23.2358 ], [ -44.8834, -23.236 ], [ -44.8809, -23.2366 ], [ -44.8796, -23.2379 ], [ -44.8785, -23.2404 ], [ -44.8783, -23.2429 ], [ -44.8745, -23.2469 ], [ -44.872, -23.249 ], [ -44.8695, -23.2498 ], [ -44.8662, -23.2495 ], [ -44.8634, -23.2489 ], [ -44.8563, -23.2485 ], [ -44.8521, -23.2489 ], [ -44.8486, -23.2509 ], [ -44.8472, -23.2513 ], [ -44.8454, -23.2535 ], [ -44.8421, -23.2557 ], [ -44.8402, -23.2562 ], [ -44.837, -23.2557 ], [ -44.8359, -23.2566 ], [ -44.8369, -23.259 ], [ -44.8391, -23.2611 ], [ -44.8401, -23.2629 ], [ -44.8397, -23.2637 ], [ -44.8362, -23.2659 ], [ -44.8345, -23.2674 ], [ -44.8312, -23.2681 ], [ -44.8292, -23.2689 ], [ -44.828, -23.2706 ], [ -44.828, -23.2719 ], [ -44.8289, -23.2757 ], [ -44.8239, -23.2802 ], [ -44.8237, -23.2811 ], [ -44.8261, -23.286 ], [ -44.8272, -23.2888 ], [ -44.8275, -23.2906 ], [ -44.8267, -23.2916 ], [ -44.8247, -23.2916 ], [ -44.8223, -23.2905 ], [ -44.8188, -23.2897 ], [ -44.8158, -23.2882 ], [ -44.8121, -23.2857 ], [ -44.8079, -23.2836 ], [ -44.8068, -23.2841 ], [ -44.8072, -23.2869 ], [ -44.8068, -23.2881 ], [ -44.8054, -23.29 ], [ -44.801, -23.2928 ], [ -44.7902, -23.2975 ], [ -44.7874, -23.2991 ], [ -44.7863, -23.3014 ], [ -44.7878, -23.3044 ], [ -44.7877, -23.3078 ], [ -44.7868, -23.3101 ], [ -44.7844, -23.3123 ], [ -44.7826, -23.3132 ], [ -44.7788, -23.3145 ], [ -44.7781, -23.317 ], [ -44.7791, -23.3183 ], [ -44.7799, -23.3231 ], [ -44.7816, -23.3259 ], [ -44.7808, -23.3277 ], [ -44.7778, -23.3297 ], [ -44.7768, -23.331 ], [ -44.7761, -23.3337 ], [ -44.7777, -23.3377 ], [ -44.7772, -23.3385 ], [ -44.7747, -23.3388 ], [ -44.7708, -23.3383 ], [ -44.7695, -23.3385 ], [ -44.7648, -23.3412 ], [ -44.762, -23.3418 ], [ -44.7599, -23.3412 ], [ -44.7583, -23.3437 ], [ -44.7572, -23.349 ], [ -44.7554, -23.3509 ], [ -44.7504, -23.353 ], [ -44.7447, -23.3569 ], [ -44.7415, -23.3589 ], [ -44.7391, -23.3613 ], [ -44.737, -23.3646 ], [ -44.7358, -23.3656 ], [ -44.7325, -23.3659 ], [ -44.7281, -23.3689 ], [ -44.7269, -23.3689 ], [ -44.7242, -23.3676 ], [ -44.7238, -23.3684 ], [ -44.726, -23.3699 ], [ -44.7341, -23.3693 ], [ -44.7363, -23.3678 ], [ -44.7385, -23.3675 ], [ -44.741, -23.3661 ], [ -44.7431, -23.3661 ], [ -44.7464, -23.3675 ], [ -44.7487, -23.3661 ], [ -44.7506, -23.366 ], [ -44.7525, -23.3675 ], [ -44.7565, -23.3684 ], [ -44.7595, -23.3702 ], [ -44.7613, -23.3701 ], [ -44.7632, -23.3707 ], [ -44.7661, -23.3726 ], [ -44.7692, -23.3723 ], [ -44.7705, -23.373 ], [ -44.7736, -23.3736 ], [ -44.7763, -23.3749 ], [ -44.7793, -23.3755 ], [ -44.7824, -23.3775 ], [ -44.7851, -23.378 ], [ -44.7848, -23.3767 ], [ -44.7834, -23.3757 ], [ -44.7829, -23.3736 ], [ -44.7842, -23.3731 ], [ -44.7848, -23.3703 ], [ -44.7869, -23.3696 ], [ -44.7878, -23.3712 ], [ -44.7907, -23.3692 ], [ -44.7918, -23.369 ], [ -44.7928, -23.3698 ], [ -44.7949, -23.3703 ], [ -44.7964, -23.369 ], [ -44.7984, -23.3695 ], [ -44.8005, -23.3708 ], [ -44.8022, -23.3734 ], [ -44.7995, -23.3752 ], [ -44.8071, -23.3795 ], [ -44.808, -23.379 ], [ -44.811, -23.38 ], [ -44.8123, -23.3799 ], [ -44.8166, -23.3814 ], [ -44.8194, -23.3813 ], [ -44.821, -23.3823 ], [ -44.824, -23.3834 ], [ -44.8264, -23.3838 ], [ -44.8269, -23.3848 ], [ -44.8256, -23.3861 ], [ -44.8261, -23.3875 ], [ -44.8293, -23.3876 ], [ -44.8297, -23.3855 ], [ -44.8336, -23.3858 ], [ -44.8356, -23.3872 ], [ -44.8386, -23.3865 ], [ -44.8402, -23.3882 ], [ -44.8412, -23.3882 ], [ -44.8442, -23.387 ], [ -44.8431, -23.385 ], [ -44.8437, -23.3831 ], [ -44.8422, -23.3807 ], [ -44.8405, -23.3797 ], [ -44.8386, -23.3794 ], [ -44.8385, -23.3769 ], [ -44.8397, -23.375 ], [ -44.8367, -23.372 ], [ -44.8369, -23.3696 ], [ -44.8403, -23.3663 ], [ -44.8432, -23.3639 ], [ -44.846, -23.3624 ], [ -44.8499, -23.3611 ], [ -44.8568, -23.3591 ], [ -44.8652, -23.357 ], [ -44.8668, -23.358 ], [ -44.8706, -23.3587 ], [ -44.8706, -23.36 ], [ -44.8725, -23.3611 ], [ -44.8755, -23.3643 ], [ -44.8765, -23.3629 ], [ -44.8822, -23.3633 ], [ -44.8831, -23.365 ], [ -44.8849, -23.3668 ], [ -44.8846, -23.3696 ], [ -44.889, -23.3724 ], [ -44.8904, -23.3726 ], [ -44.8921, -23.3711 ], [ -44.8923, -23.3702 ], [ -44.8912, -23.369 ], [ -44.8901, -23.3688 ], [ -44.8896, -23.3674 ], [ -44.8874, -23.3656 ], [ -44.8874, -23.3643 ], [ -44.8891, -23.3597 ], [ -44.8906, -23.3587 ], [ -44.8881, -23.3562 ], [ -44.888, -23.3546 ], [ -44.8871, -23.3536 ], [ -44.8851, -23.3526 ], [ -44.8839, -23.3513 ], [ -44.8822, -23.3506 ], [ -44.8823, -23.3479 ], [ -44.8847, -23.3429 ], [ -44.8871, -23.34 ], [ -44.8872, -23.339 ], [ -44.8893, -23.3388 ], [ -44.8922, -23.3374 ], [ -44.8975, -23.3356 ], [ -44.9007, -23.3349 ], [ -44.9057, -23.334 ], [ -44.9082, -23.3342 ], [ -44.9087, -23.3354 ], [ -44.9116, -23.3362 ], [ -44.9123, -23.3372 ], [ -44.911, -23.3386 ], [ -44.9121, -23.3411 ], [ -44.914, -23.3442 ], [ -44.916, -23.3456 ], [ -44.918, -23.3485 ], [ -44.9196, -23.3494 ], [ -44.921, -23.3509 ], [ -44.9221, -23.3512 ], [ -44.9254, -23.3532 ], [ -44.9269, -23.3525 ], [ -44.9372, -23.3551 ], [ -44.9416, -23.357 ], [ -44.9437, -23.3601 ], [ -44.9455, -23.3618 ], [ -44.9473, -23.3627 ], [ -44.9485, -23.3641 ], [ -44.9484, -23.3663 ], [ -44.9476, -23.367 ], [ -44.9484, -23.3691 ], [ -44.9495, -23.3703 ], [ -44.9504, -23.3724 ], [ -44.9493, -23.3742 ], [ -44.9492, -23.3772 ], [ -44.9496, -23.3788 ], [ -44.9517, -23.3795 ], [ -44.9535, -23.3789 ], [ -44.9557, -23.3789 ], [ -44.9598, -23.3799 ], [ -44.9614, -23.3811 ], [ -44.9604, -23.3832 ], [ -44.9629, -23.3844 ], [ -44.9631, -23.3863 ], [ -44.966, -23.3871 ], [ -44.967, -23.3864 ], [ -44.9703, -23.3883 ], [ -44.9725, -23.3906 ], [ -44.9723, -23.3928 ], [ -44.9709, -23.3926 ], [ -44.9706, -23.3939 ], [ -44.9737, -23.3951 ], [ -44.9762, -23.3982 ], [ -44.9771, -23.4003 ], [ -44.981, -23.4012 ], [ -44.9806, -23.3999 ], [ -44.9823, -23.3976 ], [ -44.9842, -23.397 ], [ -44.9886, -23.3989 ], [ -44.9903, -23.3987 ], [ -44.9928, -23.3973 ], [ -44.9987, -23.4001 ], [ -45.0051, -23.4035 ], [ -45.0089, -23.4059 ], [ -45.0096, -23.407 ], [ -45.0084, -23.4084 ], [ -45.009, -23.4125 ], [ -45.0097, -23.4132 ], [ -45.0126, -23.4132 ], [ -45.0124, -23.4148 ], [ -45.0116, -23.4158 ], [ -45.0129, -23.4179 ], [ -45.015, -23.4187 ], [ -45.0188, -23.4182 ], [ -45.0201, -23.4187 ], [ -45.0227, -23.4187 ], [ -45.0222, -23.4149 ], [ -45.0239, -23.4138 ], [ -45.0305, -23.415 ], [ -45.0314, -23.4137 ], [ -45.0337, -23.4146 ], [ -45.0357, -23.4163 ], [ -45.0392, -23.4201 ], [ -45.0384, -23.422 ], [ -45.0389, -23.4231 ], [ -45.042, -23.422 ], [ -45.0436, -23.4235 ], [ -45.0437, -23.4255 ], [ -45.0474, -23.4256 ], [ -45.0481, -23.4238 ], [ -45.0469, -23.4224 ], [ -45.045, -23.4212 ], [ -45.0453, -23.4198 ], [ -45.0466, -23.4186 ], [ -45.0489, -23.4173 ], [ -45.0539, -23.4167 ], [ -45.0573, -23.4176 ], [ -45.0597, -23.4187 ], [ -45.0614, -23.4202 ], [ -45.0629, -23.4222 ], [ -45.0645, -23.425 ], [ -45.0646, -23.4261 ], [ -45.0639, -23.4279 ], [ -45.0615, -23.4278 ], [ -45.0602, -23.4286 ], [ -45.0593, -23.4299 ], [ -45.0604, -23.4313 ], [ -45.064, -23.4317 ], [ -45.0658, -23.4313 ], [ -45.0678, -23.4326 ], [ -45.0686, -23.4326 ], [ -45.0693, -23.4349 ], [ -45.0691, -23.4401 ], [ -45.0682, -23.4439 ], [ -45.0672, -23.4468 ], [ -45.0654, -23.4501 ], [ -45.061, -23.4553 ], [ -45.0564, -23.459 ], [ -45.0538, -23.4577 ], [ -45.0501, -23.4564 ], [ -45.0496, -23.4551 ], [ -45.0465, -23.4516 ], [ -45.0448, -23.4504 ], [ -45.0447, -23.4495 ], [ -45.0423, -23.4494 ], [ -45.0408, -23.4485 ], [ -45.0386, -23.4479 ], [ -45.0361, -23.4487 ], [ -45.0363, -23.4514 ], [ -45.0357, -23.4563 ], [ -45.0351, -23.4569 ], [ -45.0345, -23.4598 ], [ -45.0307, -23.4592 ], [ -45.0295, -23.4594 ], [ -45.0292, -23.4612 ], [ -45.0283, -23.4613 ], [ -45.0221, -23.4593 ], [ -45.0185, -23.4598 ], [ -45.0181, -23.4611 ], [ -45.0202, -23.462 ], [ -45.0235, -23.4618 ], [ -45.0249, -23.4629 ], [ -45.0274, -23.4629 ], [ -45.0291, -23.4633 ], [ -45.0299, -23.4627 ], [ -45.0313, -23.4631 ], [ -45.0326, -23.4645 ], [ -45.0347, -23.4646 ], [ -45.0364, -23.4637 ], [ -45.0376, -23.4624 ], [ -45.0401, -23.4626 ], [ -45.044, -23.4614 ], [ -45.0466, -23.4614 ], [ -45.0516, -23.4658 ], [ -45.0518, -23.4678 ], [ -45.0537, -23.4654 ], [ -45.0563, -23.4649 ], [ -45.0578, -23.4652 ], [ -45.0587, -23.4678 ], [ -45.061, -23.4666 ], [ -45.0627, -23.4679 ], [ -45.0648, -23.4703 ], [ -45.0681, -23.4746 ], [ -45.0708, -23.4786 ], [ -45.0707, -23.4802 ], [ -45.0717, -23.4808 ], [ -45.0737, -23.4855 ], [ -45.0743, -23.4889 ], [ -45.0738, -23.4912 ], [ -45.0723, -23.4936 ], [ -45.0696, -23.4927 ], [ -45.0669, -23.4931 ], [ -45.0676, -23.4949 ], [ -45.0704, -23.4971 ], [ -45.0715, -23.4972 ], [ -45.0738, -23.4995 ], [ -45.0738, -23.5009 ], [ -45.0769, -23.5025 ], [ -45.0774, -23.5038 ], [ -45.0762, -23.5054 ], [ -45.0769, -23.5069 ], [ -45.0791, -23.5084 ], [ -45.0811, -23.509 ], [ -45.0804, -23.5107 ], [ -45.081, -23.513 ], [ -45.0811, -23.515 ], [ -45.0802, -23.5166 ], [ -45.0814, -23.5181 ], [ -45.0819, -23.521 ], [ -45.0834, -23.5214 ], [ -45.0842, -23.5199 ], [ -45.0834, -23.519 ], [ -45.0839, -23.5168 ], [ -45.0848, -23.5168 ], [ -45.086, -23.5129 ], [ -45.0852, -23.5116 ], [ -45.0857, -23.5088 ], [ -45.0846, -23.5021 ], [ -45.0831, -23.4974 ], [ -45.0835, -23.4959 ], [ -45.0846, -23.4949 ], [ -45.0876, -23.4935 ], [ -45.0902, -23.493 ], [ -45.0948, -23.4925 ], [ -45.0986, -23.4927 ], [ -45.0996, -23.4945 ], [ -45.1007, -23.4944 ], [ -45.1045, -23.4981 ], [ -45.1047, -23.4968 ], [ -45.1028, -23.4952 ], [ -45.1029, -23.493 ], [ -45.1036, -23.4915 ], [ -45.103, -23.49 ], [ -45.1054, -23.4888 ], [ -45.1069, -23.489 ], [ -45.1068, -23.491 ], [ -45.1073, -23.4927 ], [ -45.1094, -23.4943 ], [ -45.1103, -23.4955 ], [ -45.1126, -23.4968 ], [ -45.1156, -23.4975 ], [ -45.1172, -23.4985 ], [ -45.119, -23.5011 ], [ -45.1209, -23.5005 ], [ -45.1226, -23.5011 ], [ -45.1242, -23.5035 ], [ -45.1231, -23.5037 ], [ -45.1223, -23.5052 ], [ -45.1209, -23.5047 ], [ -45.1177, -23.5053 ], [ -45.117, -23.505 ], [ -45.115, -23.5069 ], [ -45.1121, -23.508 ], [ -45.111, -23.5073 ], [ -45.1084, -23.5073 ], [ -45.1075, -23.5079 ], [ -45.1072, -23.5099 ], [ -45.1103, -23.5115 ], [ -45.1105, -23.5128 ], [ -45.1096, -23.5147 ], [ -45.1077, -23.5137 ], [ -45.1072, -23.5154 ], [ -45.1088, -23.5165 ], [ -45.1075, -23.5175 ], [ -45.1076, -23.52 ], [ -45.1061, -23.5243 ], [ -45.1093, -23.5251 ], [ -45.1127, -23.5264 ], [ -45.1136, -23.5255 ], [ -45.1132, -23.5229 ], [ -45.1123, -23.5206 ], [ -45.1142, -23.5191 ], [ -45.1161, -23.519 ], [ -45.1186, -23.5202 ], [ -45.1197, -23.5213 ], [ -45.1211, -23.5211 ], [ -45.1218, -23.5198 ], [ -45.1211, -23.5177 ], [ -45.1217, -23.5163 ], [ -45.1234, -23.5152 ], [ -45.1271, -23.5151 ], [ -45.1285, -23.514 ], [ -45.1298, -23.5119 ], [ -45.1312, -23.5116 ], [ -45.132, -23.5097 ], [ -45.1336, -23.509 ], [ -45.1378, -23.5118 ], [ -45.1385, -23.5095 ], [ -45.138, -23.5087 ], [ -45.1349, -23.5082 ], [ -45.1347, -23.5051 ], [ -45.1359, -23.5031 ], [ -45.1378, -23.5015 ], [ -45.1398, -23.5007 ], [ -45.1426, -23.5003 ], [ -45.1429, -23.5011 ], [ -45.1452, -23.5021 ], [ -45.1458, -23.5012 ], [ -45.1437, -23.4999 ], [ -45.1449, -23.4976 ], [ -45.1463, -23.4966 ], [ -45.1478, -23.4976 ], [ -45.149, -23.4973 ], [ -45.1519, -23.499 ], [ -45.1544, -23.4994 ], [ -45.1545, -23.4977 ], [ -45.1558, -23.4973 ], [ -45.1575, -23.4975 ], [ -45.1578, -23.4988 ], [ -45.1598, -23.5 ], [ -45.1625, -23.499 ], [ -45.1642, -23.4975 ], [ -45.1646, -23.4939 ], [ -45.166, -23.4927 ], [ -45.1691, -23.4928 ], [ -45.1714, -23.4941 ], [ -45.1739, -23.4963 ], [ -45.1746, -23.4975 ], [ -45.175, -23.5 ], [ -45.1742, -23.5017 ], [ -45.1727, -23.5015 ], [ -45.1733, -23.504 ], [ -45.1719, -23.5059 ], [ -45.173, -23.5067 ], [ -45.1734, -23.5086 ], [ -45.1731, -23.5111 ], [ -45.1724, -23.5121 ], [ -45.171, -23.512 ], [ -45.1688, -23.5129 ], [ -45.1682, -23.5124 ], [ -45.1663, -23.5126 ], [ -45.1659, -23.5142 ], [ -45.1667, -23.5151 ], [ -45.1653, -23.5168 ], [ -45.1633, -23.5162 ], [ -45.1627, -23.5171 ], [ -45.1641, -23.5195 ], [ -45.1656, -23.5193 ], [ -45.1667, -23.5213 ], [ -45.1663, -23.5219 ], [ -45.1671, -23.5248 ], [ -45.1666, -23.5281 ], [ -45.1655, -23.53 ], [ -45.1635, -23.5317 ], [ -45.1618, -23.5319 ], [ -45.1595, -23.5306 ], [ -45.1596, -23.5341 ], [ -45.1583, -23.534 ], [ -45.1579, -23.5352 ], [ -45.1592, -23.5385 ], [ -45.1609, -23.5389 ], [ -45.162, -23.5405 ], [ -45.162, -23.5419 ], [ -45.1653, -23.5418 ], [ -45.166, -23.5404 ], [ -45.1676, -23.5396 ], [ -45.1695, -23.5393 ], [ -45.1744, -23.543 ], [ -45.1757, -23.5421 ], [ -45.1763, -23.5405 ], [ -45.1775, -23.5398 ], [ -45.1769, -23.5387 ], [ -45.1783, -23.5378 ], [ -45.181, -23.5381 ], [ -45.1848, -23.5395 ], [ -45.1865, -23.5406 ], [ -45.1866, -23.5383 ], [ -45.186, -23.5368 ], [ -45.188, -23.5357 ], [ -45.1896, -23.534 ], [ -45.1896, -23.5333 ], [ -45.188, -23.5317 ], [ -45.1866, -23.5289 ], [ -45.1875, -23.527 ], [ -45.1906, -23.5242 ], [ -45.1903, -23.5218 ], [ -45.1937, -23.5205 ], [ -45.1966, -23.5202 ], [ -45.2022, -23.5208 ], [ -45.2053, -23.5217 ], [ -45.2097, -23.5236 ], [ -45.2122, -23.525 ], [ -45.2153, -23.5282 ], [ -45.2194, -23.5289 ], [ -45.222, -23.5306 ], [ -45.2243, -23.5326 ], [ -45.226, -23.5346 ], [ -45.228, -23.5386 ], [ -45.2294, -23.5442 ], [ -45.2305, -23.5467 ], [ -45.2306, -23.5487 ], [ -45.2296, -23.5511 ], [ -45.2279, -23.5518 ], [ -45.2266, -23.5511 ], [ -45.2239, -23.5514 ], [ -45.2202, -23.5546 ], [ -45.2208, -23.5556 ], [ -45.2191, -23.5575 ], [ -45.217, -23.5568 ], [ -45.219, -23.5599 ], [ -45.2187, -23.5611 ], [ -45.2167, -23.5645 ], [ -45.2155, -23.5653 ], [ -45.2125, -23.5662 ], [ -45.2154, -23.5686 ], [ -45.2127, -23.5702 ], [ -45.2114, -23.5701 ], [ -45.2103, -23.5712 ], [ -45.2113, -23.5721 ], [ -45.2109, -23.5739 ], [ -45.2099, -23.5747 ], [ -45.2103, -23.5761 ], [ -45.2098, -23.5777 ], [ -45.2079, -23.5787 ], [ -45.2098, -23.5798 ], [ -45.2099, -23.5814 ], [ -45.2116, -23.583 ], [ -45.213, -23.5818 ], [ -45.216, -23.5805 ], [ -45.2195, -23.5824 ], [ -45.2214, -23.5825 ], [ -45.2222, -23.5813 ], [ -45.2243, -23.5833 ], [ -45.225, -23.5829 ], [ -45.2287, -23.5841 ], [ -45.2285, -23.5817 ], [ -45.2306, -23.5817 ], [ -45.2322, -23.5826 ], [ -45.2343, -23.5829 ], [ -45.2357, -23.5837 ], [ -45.2413, -23.5879 ], [ -45.2442, -23.5937 ], [ -45.2459, -23.5936 ], [ -45.2484, -23.5924 ], [ -45.2498, -23.5926 ], [ -45.2516, -23.594 ], [ -45.2535, -23.5942 ], [ -45.2524, -23.592 ], [ -45.2542, -23.5901 ], [ -45.2555, -23.5895 ], [ -45.2579, -23.5899 ], [ -45.2584, -23.5912 ], [ -45.2596, -23.5922 ], [ -45.2597, -23.5939 ], [ -45.2616, -23.5964 ], [ -45.263, -23.5957 ], [ -45.261, -23.5919 ], [ -45.2626, -23.5906 ], [ -45.2633, -23.5893 ], [ -45.2664, -23.5881 ], [ -45.2689, -23.5878 ], [ -45.2703, -23.5884 ], [ -45.2714, -23.5869 ], [ -45.2732, -23.5864 ], [ -45.2761, -23.5873 ], [ -45.2774, -23.5887 ], [ -45.2784, -23.5883 ], [ -45.2801, -23.5845 ], [ -45.279, -23.5832 ], [ -45.2777, -23.5832 ], [ -45.2772, -23.582 ], [ -45.2774, -23.5798 ], [ -45.2767, -23.5783 ], [ -45.2772, -23.5757 ], [ -45.2792, -23.5738 ], [ -45.2822, -23.5726 ], [ -45.2851, -23.5723 ], [ -45.2872, -23.5726 ], [ -45.29, -23.5735 ], [ -45.2932, -23.5749 ], [ -45.2933, -23.5734 ], [ -45.2949, -23.5722 ], [ -45.2976, -23.5722 ], [ -45.3047, -23.5747 ], [ -45.3067, -23.5763 ], [ -45.3086, -23.5752 ], [ -45.3114, -23.5757 ], [ -45.3144, -23.5779 ], [ -45.3185, -23.5788 ], [ -45.3203, -23.5797 ], [ -45.3258, -23.5832 ], [ -45.3281, -23.5848 ], [ -45.3353, -23.5914 ], [ -45.3403, -23.5967 ], [ -45.3434, -23.6007 ], [ -45.3477, -23.6071 ], [ -45.3516, -23.6134 ], [ -45.3569, -23.6227 ], [ -45.3571, -23.6241 ], [ -45.3605, -23.626 ], [ -45.3624, -23.6255 ], [ -45.3657, -23.6266 ], [ -45.3676, -23.6278 ], [ -45.3692, -23.6301 ], [ -45.37, -23.6305 ], [ -45.3723, -23.629 ], [ -45.3742, -23.6272 ], [ -45.3758, -23.6264 ], [ -45.3754, -23.6253 ], [ -45.3773, -23.6244 ], [ -45.3792, -23.6251 ], [ -45.3805, -23.6261 ], [ -45.3839, -23.6299 ], [ -45.3877, -23.6345 ], [ -45.3895, -23.6343 ], [ -45.39, -23.6335 ], [ -45.3898, -23.6317 ], [ -45.3927, -23.6311 ], [ -45.3967, -23.6299 ], [ -45.3978, -23.6262 ], [ -45.4004, -23.6232 ], [ -45.4023, -23.6229 ], [ -45.4066, -23.6239 ], [ -45.4095, -23.6257 ], [ -45.4149, -23.6311 ], [ -45.4182, -23.6354 ], [ -45.4205, -23.6387 ], [ -45.4237, -23.6451 ], [ -45.4254, -23.6492 ], [ -45.4283, -23.6579 ], [ -45.4298, -23.666 ], [ -45.4304, -23.673 ], [ -45.4306, -23.6796 ], [ -45.4301, -23.6881 ], [ -45.4294, -23.6934 ], [ -45.4283, -23.6996 ], [ -45.4269, -23.7055 ], [ -45.427, -23.7084 ], [ -45.4272, -23.7093 ], [ -45.4256, -23.712 ], [ -45.4238, -23.7173 ], [ -45.4217, -23.7221 ], [ -45.4198, -23.7257 ], [ -45.4159, -23.7261 ], [ -45.4128, -23.7235 ], [ -45.4117, -23.725 ], [ -45.4091, -23.7241 ], [ -45.4081, -23.7258 ], [ -45.4066, -23.7264 ], [ -45.4048, -23.725 ], [ -45.4023, -23.7254 ], [ -45.3996, -23.7247 ], [ -45.3977, -23.723 ], [ -45.397, -23.7248 ], [ -45.3995, -23.7296 ], [ -45.3989, -23.7319 ], [ -45.3992, -23.7372 ], [ -45.4012, -23.7379 ], [ -45.4014, -23.7396 ], [ -45.4022, -23.7408 ], [ -45.4045, -23.7416 ], [ -45.4073, -23.7446 ], [ -45.4086, -23.747 ], [ -45.4115, -23.7499 ], [ -45.4114, -23.7514 ], [ -45.4125, -23.7537 ], [ -45.4101, -23.7586 ], [ -45.4084, -23.7612 ], [ -45.4065, -23.7635 ], [ -45.4065, -23.7642 ], [ -45.4026, -23.7681 ], [ -45.4032, -23.7698 ], [ -45.403, -23.7709 ], [ -45.4002, -23.7737 ], [ -45.4008, -23.7743 ], [ -45.4008, -23.7766 ], [ -45.3969, -23.7806 ], [ -45.3976, -23.7827 ], [ -45.3989, -23.7842 ], [ -45.3982, -23.7866 ], [ -45.3973, -23.7879 ], [ -45.3983, -23.7924 ], [ -45.3993, -23.7942 ], [ -45.3995, -23.7969 ], [ -45.3984, -23.7997 ], [ -45.3979, -23.8031 ], [ -45.397, -23.8037 ], [ -45.3963, -23.8081 ], [ -45.3968, -23.809 ], [ -45.3986, -23.8098 ], [ -45.3983, -23.8109 ], [ -45.4004, -23.8139 ], [ -45.406, -23.8097 ], [ -45.4084, -23.812 ], [ -45.4088, -23.8155 ], [ -45.4071, -23.8166 ], [ -45.4048, -23.8197 ], [ -45.4062, -23.821 ], [ -45.4101, -23.8214 ], [ -45.4113, -23.8225 ], [ -45.412, -23.8242 ], [ -45.4136, -23.825 ], [ -45.4138, -23.8235 ], [ -45.4167, -23.8232 ], [ -45.4174, -23.8239 ], [ -45.4196, -23.8245 ], [ -45.4219, -23.8257 ], [ -45.4225, -23.828 ], [ -45.4247, -23.8294 ], [ -45.4268, -23.8298 ], [ -45.4272, -23.8307 ], [ -45.4309, -23.8325 ], [ -45.4312, -23.8306 ], [ -45.432, -23.8295 ], [ -45.4337, -23.8287 ], [ -45.4383, -23.8269 ], [ -45.4412, -23.8269 ], [ -45.4424, -23.8296 ], [ -45.4439, -23.8304 ], [ -45.4451, -23.8321 ], [ -45.4466, -23.8319 ], [ -45.4477, -23.8302 ], [ -45.4467, -23.8279 ], [ -45.448, -23.8268 ], [ -45.4524, -23.8249 ], [ -45.4602, -23.8211 ], [ -45.4651, -23.8192 ], [ -45.4668, -23.8191 ], [ -45.4685, -23.8196 ], [ -45.4688, -23.8226 ], [ -45.4716, -23.8231 ], [ -45.4727, -23.825 ], [ -45.4746, -23.824 ], [ -45.4758, -23.8248 ], [ -45.4765, -23.8264 ], [ -45.4781, -23.8282 ], [ -45.4806, -23.8293 ], [ -45.4829, -23.8296 ], [ -45.4846, -23.8294 ], [ -45.4855, -23.8302 ], [ -45.4885, -23.8297 ], [ -45.4903, -23.8303 ], [ -45.4919, -23.8355 ], [ -45.4914, -23.8361 ], [ -45.4932, -23.8381 ], [ -45.4944, -23.8374 ], [ -45.4978, -23.8391 ], [ -45.499, -23.8385 ], [ -45.5024, -23.8412 ], [ -45.5038, -23.8415 ], [ -45.5075, -23.8411 ], [ -45.5098, -23.8402 ], [ -45.5124, -23.8418 ], [ -45.5146, -23.8421 ], [ -45.5143, -23.8401 ], [ -45.5111, -23.8365 ], [ -45.5113, -23.8337 ], [ -45.5118, -23.8325 ], [ -45.5132, -23.8315 ], [ -45.5186, -23.8327 ], [ -45.5197, -23.8312 ], [ -45.5218, -23.8314 ], [ -45.5233, -23.8291 ], [ -45.5268, -23.8291 ], [ -45.5292, -23.8297 ], [ -45.5315, -23.8289 ], [ -45.5334, -23.8288 ], [ -45.5372, -23.8308 ], [ -45.5388, -23.8277 ], [ -45.5364, -23.8268 ], [ -45.536, -23.8251 ], [ -45.5334, -23.8234 ], [ -45.5341, -23.8192 ], [ -45.5354, -23.817 ], [ -45.538, -23.8138 ], [ -45.5405, -23.8117 ], [ -45.5447, -23.809 ], [ -45.5463, -23.8099 ], [ -45.5489, -23.8104 ], [ -45.5491, -23.8093 ], [ -45.5538, -23.8108 ], [ -45.5539, -23.8092 ], [ -45.5533, -23.8074 ], [ -45.5533, -23.8059 ], [ -45.5521, -23.8052 ], [ -45.5528, -23.8025 ], [ -45.554, -23.8009 ], [ -45.5562, -23.8017 ], [ -45.5565, -23.8007 ], [ -45.5549, -23.7995 ], [ -45.554, -23.7972 ], [ -45.5552, -23.7961 ], [ -45.5551, -23.795 ], [ -45.5581, -23.7933 ], [ -45.5624, -23.7921 ], [ -45.5654, -23.792 ], [ -45.5755, -23.7923 ], [ -45.5832, -23.7924 ], [ -45.5876, -23.7927 ], [ -45.5889, -23.7952 ], [ -45.5904, -23.7966 ], [ -45.5924, -23.7951 ], [ -45.5953, -23.797 ], [ -45.596, -23.7982 ], [ -45.598, -23.7972 ], [ -45.6006, -23.7973 ], [ -45.6026, -23.798 ], [ -45.6053, -23.7996 ], [ -45.6072, -23.8004 ], [ -45.6091, -23.7988 ], [ -45.6155, -23.7992 ], [ -45.617, -23.8001 ], [ -45.6168, -23.8017 ], [ -45.6178, -23.8041 ], [ -45.6207, -23.8035 ], [ -45.6228, -23.805 ], [ -45.6238, -23.8041 ], [ -45.6236, -23.8029 ], [ -45.6259, -23.8013 ], [ -45.6266, -23.8 ], [ -45.624, -23.7958 ], [ -45.6251, -23.7942 ], [ -45.6246, -23.7927 ], [ -45.6248, -23.7911 ], [ -45.6274, -23.7904 ], [ -45.6248, -23.7893 ], [ -45.6251, -23.7878 ], [ -45.6267, -23.7859 ], [ -45.6282, -23.785 ], [ -45.6323, -23.7838 ], [ -45.6359, -23.7833 ], [ -45.6387, -23.7833 ], [ -45.6409, -23.7841 ], [ -45.6414, -23.7834 ], [ -45.6406, -23.7821 ], [ -45.6413, -23.7809 ], [ -45.6415, -23.7788 ], [ -45.6436, -23.7776 ], [ -45.6464, -23.7779 ], [ -45.6464, -23.7796 ], [ -45.6498, -23.7779 ], [ -45.6549, -23.7784 ], [ -45.6582, -23.779 ], [ -45.6608, -23.7825 ], [ -45.6627, -23.7824 ], [ -45.6629, -23.7851 ], [ -45.665, -23.7859 ], [ -45.6666, -23.7854 ], [ -45.6657, -23.7827 ], [ -45.6638, -23.7798 ], [ -45.6641, -23.779 ], [ -45.6676, -23.7763 ], [ -45.6703, -23.7753 ], [ -45.6735, -23.7747 ], [ -45.6796, -23.7746 ], [ -45.6845, -23.7753 ], [ -45.6849, -23.7785 ], [ -45.6866, -23.7788 ], [ -45.6888, -23.7784 ], [ -45.6905, -23.7804 ], [ -45.6911, -23.7824 ], [ -45.6926, -23.7827 ], [ -45.6949, -23.7824 ], [ -45.6969, -23.7802 ], [ -45.695, -23.7778 ], [ -45.6942, -23.7756 ], [ -45.695, -23.7749 ], [ -45.6996, -23.7728 ], [ -45.7022, -23.7729 ], [ -45.7027, -23.7745 ], [ -45.7052, -23.7732 ], [ -45.7059, -23.7714 ], [ -45.7093, -23.7707 ], [ -45.7135, -23.7716 ], [ -45.717, -23.7744 ], [ -45.7179, -23.7745 ], [ -45.7189, -23.7731 ], [ -45.7202, -23.7729 ], [ -45.7217, -23.7714 ], [ -45.7286, -23.7694 ], [ -45.7325, -23.7687 ], [ -45.7401, -23.7677 ], [ -45.745, -23.7677 ], [ -45.7503, -23.7675 ], [ -45.7523, -23.7677 ], [ -45.7548, -23.7684 ], [ -45.7557, -23.7703 ], [ -45.7572, -23.7706 ], [ -45.7587, -23.7691 ], [ -45.7604, -23.7687 ], [ -45.7609, -23.765 ], [ -45.7633, -23.763 ], [ -45.7659, -23.7625 ], [ -45.7695, -23.7624 ], [ -45.7764, -23.7631 ], [ -45.7773, -23.7648 ], [ -45.7798, -23.7661 ], [ -45.7802, -23.7646 ], [ -45.7814, -23.7642 ], [ -45.7838, -23.7648 ], [ -45.7838, -23.7658 ], [ -45.7873, -23.7653 ], [ -45.7908, -23.7661 ], [ -45.791, -23.7676 ], [ -45.7925, -23.7693 ], [ -45.7944, -23.7692 ], [ -45.7955, -23.7698 ], [ -45.7968, -23.7683 ], [ -45.7983, -23.7679 ], [ -45.8, -23.7694 ], [ -45.8041, -23.7699 ], [ -45.8045, -23.7679 ], [ -45.8035, -23.7658 ], [ -45.8019, -23.7645 ], [ -45.8016, -23.7633 ], [ -45.8028, -23.7613 ], [ -45.8051, -23.76 ], [ -45.8077, -23.7591 ], [ -45.8128, -23.7582 ], [ -45.8184, -23.7576 ], [ -45.8242, -23.7573 ], [ -45.8329, -23.7576 ], [ -45.8424, -23.7582 ], [ -45.8073, -23.7248 ], [ -45.8059, -23.7247 ], [ -45.8033, -23.7232 ], [ -45.8016, -23.7218 ], [ -45.7998, -23.7209 ], [ -45.798, -23.7193 ] ] ], [ [ [ -45.3237, -23.9172 ], [ -45.3251, -23.9194 ], [ -45.3257, -23.919 ], [ -45.3246, -23.9167 ], [ -45.3237, -23.9172 ] ] ], [ [ [ -45.2651, -23.8887 ], [ -45.2628, -23.8878 ], [ -45.2621, -23.8891 ], [ -45.2641, -23.89 ], [ -45.2651, -23.8887 ] ] ], [ [ [ -45.282, -23.8742 ], [ -45.2777, -23.8728 ], [ -45.2759, -23.8728 ], [ -45.2738, -23.8737 ], [ -45.272, -23.8733 ], [ -45.2698, -23.8753 ], [ -45.27, -23.8765 ], [ -45.2688, -23.8774 ], [ -45.2686, -23.879 ], [ -45.2701, -23.8805 ], [ -45.2726, -23.8799 ], [ -45.2731, -23.8812 ], [ -45.2747, -23.8817 ], [ -45.2758, -23.8834 ], [ -45.277, -23.8829 ], [ -45.2778, -23.885 ], [ -45.2761, -23.8859 ], [ -45.2742, -23.8862 ], [ -45.2743, -23.8901 ], [ -45.2719, -23.8926 ], [ -45.2678, -23.8931 ], [ -45.2654, -23.8923 ], [ -45.2636, -23.8931 ], [ -45.2606, -23.8927 ], [ -45.2593, -23.8949 ], [ -45.2547, -23.8963 ], [ -45.2526, -23.8984 ], [ -45.2522, -23.9004 ], [ -45.2495, -23.9009 ], [ -45.2497, -23.9024 ], [ -45.2485, -23.9032 ], [ -45.245, -23.9018 ], [ -45.244, -23.9004 ], [ -45.2455, -23.8963 ], [ -45.2445, -23.8948 ], [ -45.2414, -23.8922 ], [ -45.2408, -23.8938 ], [ -45.2388, -23.8951 ], [ -45.2377, -23.8965 ], [ -45.2359, -23.8972 ], [ -45.2353, -23.9 ], [ -45.234, -23.9007 ], [ -45.2308, -23.8989 ], [ -45.229, -23.8983 ], [ -45.227, -23.8998 ], [ -45.2271, -23.9017 ], [ -45.2264, -23.9024 ], [ -45.2246, -23.9025 ], [ -45.2232, -23.9035 ], [ -45.2235, -23.905 ], [ -45.2252, -23.9071 ], [ -45.2274, -23.9081 ], [ -45.2283, -23.9072 ], [ -45.2307, -23.9076 ], [ -45.2346, -23.9064 ], [ -45.236, -23.9069 ], [ -45.2376, -23.9091 ], [ -45.2381, -23.9123 ], [ -45.237, -23.9141 ], [ -45.2377, -23.9158 ], [ -45.2373, -23.9171 ], [ -45.2358, -23.9183 ], [ -45.2357, -23.9202 ], [ -45.2367, -23.922 ], [ -45.2379, -23.923 ], [ -45.2375, -23.9258 ], [ -45.2367, -23.9275 ], [ -45.2351, -23.928 ], [ -45.2343, -23.9293 ], [ -45.2333, -23.9289 ], [ -45.2323, -23.9306 ], [ -45.2327, -23.9316 ], [ -45.2348, -23.9322 ], [ -45.237, -23.9353 ], [ -45.2365, -23.9366 ], [ -45.2348, -23.9372 ], [ -45.2355, -23.9388 ], [ -45.2354, -23.9406 ], [ -45.2362, -23.9423 ], [ -45.2355, -23.9443 ], [ -45.2322, -23.9446 ], [ -45.2281, -23.9429 ], [ -45.2275, -23.9443 ], [ -45.2292, -23.9461 ], [ -45.231, -23.9465 ], [ -45.2334, -23.948 ], [ -45.2356, -23.9512 ], [ -45.2355, -23.9535 ], [ -45.2376, -23.9567 ], [ -45.2375, -23.9585 ], [ -45.2385, -23.9606 ], [ -45.2405, -23.9627 ], [ -45.2425, -23.9641 ], [ -45.2473, -23.9663 ], [ -45.2493, -23.9667 ], [ -45.2514, -23.9678 ], [ -45.2549, -23.966 ], [ -45.2569, -23.9662 ], [ -45.259, -23.9657 ], [ -45.2611, -23.9657 ], [ -45.2641, -23.9664 ], [ -45.2663, -23.9657 ], [ -45.2674, -23.9659 ], [ -45.269, -23.965 ], [ -45.2682, -23.963 ], [ -45.2689, -23.962 ], [ -45.2705, -23.9623 ], [ -45.2713, -23.9609 ], [ -45.2734, -23.9597 ], [ -45.2733, -23.9576 ], [ -45.275, -23.9568 ], [ -45.2767, -23.9544 ], [ -45.2788, -23.954 ], [ -45.2798, -23.9526 ], [ -45.2794, -23.9502 ], [ -45.2822, -23.946 ], [ -45.285, -23.9446 ], [ -45.2865, -23.9432 ], [ -45.287, -23.9408 ], [ -45.285, -23.9381 ], [ -45.2832, -23.9374 ], [ -45.2817, -23.9357 ], [ -45.2809, -23.9314 ], [ -45.2811, -23.9265 ], [ -45.2826, -23.9256 ], [ -45.2827, -23.9246 ], [ -45.2837, -23.9218 ], [ -45.2853, -23.92 ], [ -45.2884, -23.9188 ], [ -45.2882, -23.9169 ], [ -45.29, -23.9161 ], [ -45.2901, -23.9131 ], [ -45.2906, -23.9111 ], [ -45.2926, -23.9103 ], [ -45.2957, -23.9122 ], [ -45.2975, -23.9124 ], [ -45.2997, -23.9148 ], [ -45.3016, -23.9155 ], [ -45.3032, -23.915 ], [ -45.3018, -23.9136 ], [ -45.3021, -23.9117 ], [ -45.3032, -23.9112 ], [ -45.303, -23.9089 ], [ -45.3042, -23.908 ], [ -45.3062, -23.9087 ], [ -45.3073, -23.9106 ], [ -45.3097, -23.9124 ], [ -45.3113, -23.9116 ], [ -45.3136, -23.9139 ], [ -45.3172, -23.9155 ], [ -45.3186, -23.9151 ], [ -45.3205, -23.9165 ], [ -45.3212, -23.9147 ], [ -45.3226, -23.9133 ], [ -45.3259, -23.912 ], [ -45.3285, -23.9153 ], [ -45.3304, -23.9159 ], [ -45.3325, -23.9161 ], [ -45.3333, -23.9175 ], [ -45.3349, -23.9186 ], [ -45.338, -23.9197 ], [ -45.3393, -23.9208 ], [ -45.3397, -23.922 ], [ -45.3391, -23.9241 ], [ -45.3398, -23.925 ], [ -45.3412, -23.925 ], [ -45.3417, -23.9239 ], [ -45.3433, -23.9241 ], [ -45.3452, -23.9234 ], [ -45.343, -23.9202 ], [ -45.3442, -23.9186 ], [ -45.3474, -23.9161 ], [ -45.3495, -23.9185 ], [ -45.3514, -23.9193 ], [ -45.3519, -23.9225 ], [ -45.3543, -23.9243 ], [ -45.3573, -23.9278 ], [ -45.3595, -23.9284 ], [ -45.3609, -23.9282 ], [ -45.3634, -23.93 ], [ -45.3649, -23.9298 ], [ -45.3678, -23.9303 ], [ -45.37, -23.9314 ], [ -45.3708, -23.931 ], [ -45.3741, -23.9313 ], [ -45.3768, -23.9306 ], [ -45.3787, -23.9309 ], [ -45.381, -23.9299 ], [ -45.3833, -23.9306 ], [ -45.3842, -23.9313 ], [ -45.3868, -23.9315 ], [ -45.3885, -23.9323 ], [ -45.3904, -23.9318 ], [ -45.3937, -23.933 ], [ -45.3981, -23.9326 ], [ -45.4019, -23.9338 ], [ -45.4028, -23.9345 ], [ -45.4046, -23.9347 ], [ -45.4065, -23.9366 ], [ -45.4079, -23.9385 ], [ -45.4107, -23.9384 ], [ -45.4122, -23.939 ], [ -45.414, -23.9381 ], [ -45.4159, -23.9389 ], [ -45.4173, -23.9387 ], [ -45.4208, -23.939 ], [ -45.4227, -23.9384 ], [ -45.4267, -23.9394 ], [ -45.4322, -23.9391 ], [ -45.435, -23.9364 ], [ -45.4366, -23.9363 ], [ -45.4386, -23.9368 ], [ -45.4409, -23.9351 ], [ -45.4428, -23.9351 ], [ -45.4443, -23.9341 ], [ -45.4451, -23.9317 ], [ -45.4465, -23.931 ], [ -45.4465, -23.9296 ], [ -45.4475, -23.9278 ], [ -45.4504, -23.926 ], [ -45.4514, -23.9224 ], [ -45.4539, -23.9206 ], [ -45.4557, -23.9201 ], [ -45.4558, -23.9184 ], [ -45.4565, -23.9172 ], [ -45.4596, -23.9158 ], [ -45.4603, -23.9139 ], [ -45.4604, -23.9122 ], [ -45.4596, -23.91 ], [ -45.4588, -23.9057 ], [ -45.4594, -23.9044 ], [ -45.4593, -23.9022 ], [ -45.4599, -23.9011 ], [ -45.4595, -23.8986 ], [ -45.4606, -23.8973 ], [ -45.4606, -23.8927 ], [ -45.4615, -23.8913 ], [ -45.4604, -23.8902 ], [ -45.4621, -23.8885 ], [ -45.4611, -23.8877 ], [ -45.459, -23.8871 ], [ -45.4579, -23.8848 ], [ -45.4532, -23.8852 ], [ -45.4517, -23.8849 ], [ -45.4488, -23.8817 ], [ -45.4478, -23.8794 ], [ -45.4462, -23.8793 ], [ -45.4441, -23.8776 ], [ -45.4446, -23.8759 ], [ -45.4433, -23.8754 ], [ -45.4414, -23.8719 ], [ -45.4392, -23.8717 ], [ -45.437, -23.87 ], [ -45.4349, -23.8702 ], [ -45.4338, -23.8685 ], [ -45.4327, -23.8679 ], [ -45.4313, -23.8646 ], [ -45.4318, -23.862 ], [ -45.4301, -23.8602 ], [ -45.4263, -23.8589 ], [ -45.424, -23.86 ], [ -45.4219, -23.8591 ], [ -45.4206, -23.8597 ], [ -45.4178, -23.8594 ], [ -45.4146, -23.855 ], [ -45.4139, -23.8522 ], [ -45.4144, -23.8514 ], [ -45.4128, -23.8488 ], [ -45.4128, -23.8479 ], [ -45.4108, -23.8461 ], [ -45.4096, -23.8462 ], [ -45.4076, -23.8436 ], [ -45.4064, -23.8444 ], [ -45.4036, -23.8432 ], [ -45.4023, -23.8422 ], [ -45.3998, -23.839 ], [ -45.3982, -23.8385 ], [ -45.3944, -23.8333 ], [ -45.3914, -23.8308 ], [ -45.3892, -23.8295 ], [ -45.387, -23.8288 ], [ -45.3827, -23.8239 ], [ -45.3799, -23.8219 ], [ -45.3792, -23.8207 ], [ -45.3763, -23.8184 ], [ -45.3759, -23.8199 ], [ -45.3748, -23.8199 ], [ -45.3727, -23.8189 ], [ -45.3709, -23.8156 ], [ -45.3699, -23.8146 ], [ -45.3684, -23.8123 ], [ -45.3665, -23.811 ], [ -45.3657, -23.809 ], [ -45.3656, -23.8053 ], [ -45.3649, -23.8036 ], [ -45.3653, -23.8014 ], [ -45.3649, -23.8006 ], [ -45.3658, -23.7972 ], [ -45.3649, -23.7936 ], [ -45.3639, -23.7913 ], [ -45.3634, -23.7885 ], [ -45.3635, -23.7874 ], [ -45.3625, -23.7864 ], [ -45.359, -23.7855 ], [ -45.3581, -23.7841 ], [ -45.3582, -23.7818 ], [ -45.3592, -23.7778 ], [ -45.358, -23.7757 ], [ -45.3536, -23.774 ], [ -45.352, -23.7723 ], [ -45.3517, -23.7697 ], [ -45.352, -23.7679 ], [ -45.3489, -23.7654 ], [ -45.3498, -23.7616 ], [ -45.3508, -23.7607 ], [ -45.3513, -23.758 ], [ -45.3493, -23.7537 ], [ -45.3494, -23.7514 ], [ -45.3478, -23.7478 ], [ -45.349, -23.7457 ], [ -45.3482, -23.7441 ], [ -45.3493, -23.7424 ], [ -45.3478, -23.7401 ], [ -45.3434, -23.7367 ], [ -45.3416, -23.7308 ], [ -45.3418, -23.7288 ], [ -45.3415, -23.7278 ], [ -45.34, -23.7275 ], [ -45.3373, -23.7256 ], [ -45.3358, -23.724 ], [ -45.3315, -23.7225 ], [ -45.3281, -23.7224 ], [ -45.3227, -23.7239 ], [ -45.3205, -23.7239 ], [ -45.3188, -23.7234 ], [ -45.3172, -23.7247 ], [ -45.3173, -23.7264 ], [ -45.3145, -23.727 ], [ -45.3131, -23.7295 ], [ -45.3099, -23.7303 ], [ -45.3095, -23.7312 ], [ -45.3076, -23.7319 ], [ -45.3056, -23.7313 ], [ -45.3027, -23.7317 ], [ -45.3004, -23.7317 ], [ -45.2984, -23.7344 ], [ -45.294, -23.733 ], [ -45.293, -23.7334 ], [ -45.2934, -23.7355 ], [ -45.2911, -23.7373 ], [ -45.2897, -23.7364 ], [ -45.2868, -23.7367 ], [ -45.2855, -23.7351 ], [ -45.283, -23.7343 ], [ -45.2807, -23.7352 ], [ -45.2769, -23.7349 ], [ -45.2759, -23.7353 ], [ -45.2744, -23.7374 ], [ -45.2743, -23.7386 ], [ -45.2717, -23.7388 ], [ -45.2705, -23.7405 ], [ -45.2681, -23.7396 ], [ -45.267, -23.7434 ], [ -45.2644, -23.7417 ], [ -45.2633, -23.7415 ], [ -45.2621, -23.743 ], [ -45.2618, -23.7452 ], [ -45.2593, -23.7469 ], [ -45.2583, -23.7488 ], [ -45.2566, -23.7487 ], [ -45.2559, -23.7499 ], [ -45.2564, -23.7521 ], [ -45.2582, -23.7527 ], [ -45.2581, -23.7545 ], [ -45.2592, -23.7553 ], [ -45.2601, -23.7578 ], [ -45.2595, -23.7595 ], [ -45.2578, -23.7605 ], [ -45.2576, -23.7622 ], [ -45.2542, -23.7622 ], [ -45.2529, -23.7628 ], [ -45.2488, -23.7636 ], [ -45.2477, -23.7631 ], [ -45.2474, -23.7615 ], [ -45.2443, -23.7624 ], [ -45.2424, -23.7639 ], [ -45.2402, -23.7671 ], [ -45.2384, -23.7676 ], [ -45.2385, -23.7689 ], [ -45.2373, -23.7705 ], [ -45.2361, -23.771 ], [ -45.2339, -23.7739 ], [ -45.2346, -23.7761 ], [ -45.2337, -23.7769 ], [ -45.2312, -23.7761 ], [ -45.2298, -23.7766 ], [ -45.2303, -23.778 ], [ -45.233, -23.7797 ], [ -45.2346, -23.7811 ], [ -45.2352, -23.7823 ], [ -45.2344, -23.7839 ], [ -45.2327, -23.785 ], [ -45.2346, -23.7888 ], [ -45.2348, -23.7899 ], [ -45.2362, -23.7918 ], [ -45.2375, -23.7956 ], [ -45.2354, -23.7965 ], [ -45.2361, -23.7997 ], [ -45.2415, -23.806 ], [ -45.2422, -23.8077 ], [ -45.2423, -23.8108 ], [ -45.2405, -23.8121 ], [ -45.2379, -23.8106 ], [ -45.2373, -23.8114 ], [ -45.2386, -23.8124 ], [ -45.2371, -23.8144 ], [ -45.2389, -23.8176 ], [ -45.2388, -23.8191 ], [ -45.2399, -23.8207 ], [ -45.2426, -23.822 ], [ -45.2444, -23.8215 ], [ -45.2457, -23.8219 ], [ -45.2481, -23.8239 ], [ -45.2479, -23.8259 ], [ -45.2459, -23.8259 ], [ -45.2438, -23.8274 ], [ -45.2433, -23.8286 ], [ -45.2448, -23.8314 ], [ -45.2442, -23.8318 ], [ -45.241, -23.8304 ], [ -45.2383, -23.8304 ], [ -45.2378, -23.8324 ], [ -45.2397, -23.8345 ], [ -45.2412, -23.8346 ], [ -45.2442, -23.8362 ], [ -45.2439, -23.837 ], [ -45.2422, -23.8369 ], [ -45.241, -23.8388 ], [ -45.2382, -23.8385 ], [ -45.2347, -23.8363 ], [ -45.2326, -23.8356 ], [ -45.2307, -23.8367 ], [ -45.2296, -23.8363 ], [ -45.2269, -23.8366 ], [ -45.2277, -23.8378 ], [ -45.2287, -23.838 ], [ -45.2319, -23.8404 ], [ -45.233, -23.8421 ], [ -45.2349, -23.8422 ], [ -45.2361, -23.8428 ], [ -45.2385, -23.843 ], [ -45.241, -23.8411 ], [ -45.2425, -23.8384 ], [ -45.2445, -23.8373 ], [ -45.2471, -23.8384 ], [ -45.2485, -23.8375 ], [ -45.2504, -23.8376 ], [ -45.2536, -23.8368 ], [ -45.2553, -23.8361 ], [ -45.2568, -23.8368 ], [ -45.2582, -23.8363 ], [ -45.2607, -23.8371 ], [ -45.2625, -23.8371 ], [ -45.2667, -23.8387 ], [ -45.2678, -23.8373 ], [ -45.27, -23.8373 ], [ -45.274, -23.8388 ], [ -45.2757, -23.8414 ], [ -45.2788, -23.8424 ], [ -45.2807, -23.844 ], [ -45.2812, -23.8489 ], [ -45.2829, -23.8498 ], [ -45.2838, -23.8487 ], [ -45.2855, -23.8497 ], [ -45.2875, -23.8529 ], [ -45.2888, -23.857 ], [ -45.2887, -23.8593 ], [ -45.288, -23.8605 ], [ -45.2881, -23.8618 ], [ -45.2857, -23.8623 ], [ -45.2854, -23.8633 ], [ -45.287, -23.865 ], [ -45.2889, -23.8657 ], [ -45.2908, -23.8659 ], [ -45.2902, -23.8673 ], [ -45.2904, -23.8691 ], [ -45.2893, -23.8707 ], [ -45.2901, -23.8715 ], [ -45.2889, -23.8737 ], [ -45.2864, -23.8733 ], [ -45.2844, -23.874 ], [ -45.282, -23.8742 ] ] ], [ [ [ -45.153, -23.828 ], [ -45.1549, -23.829 ], [ -45.1559, -23.8277 ], [ -45.1545, -23.8263 ], [ -45.1532, -23.8261 ], [ -45.153, -23.828 ] ] ], [ [ [ -45.2273, -23.8143 ], [ -45.2292, -23.8128 ], [ -45.2272, -23.8112 ], [ -45.2259, -23.8126 ], [ -45.2273, -23.8143 ] ] ], [ [ [ -45.137, -23.7982 ], [ -45.1349, -23.7983 ], [ -45.1326, -23.7978 ], [ -45.1307, -23.798 ], [ -45.1303, -23.7987 ], [ -45.1266, -23.8 ], [ -45.1248, -23.8002 ], [ -45.1242, -23.8017 ], [ -45.1229, -23.803 ], [ -45.116, -23.8029 ], [ -45.1151, -23.8044 ], [ -45.1169, -23.8063 ], [ -45.1163, -23.8091 ], [ -45.1166, -23.8114 ], [ -45.1203, -23.8139 ], [ -45.1219, -23.8136 ], [ -45.1247, -23.8108 ], [ -45.1299, -23.8096 ], [ -45.1328, -23.8094 ], [ -45.1339, -23.8106 ], [ -45.1362, -23.8119 ], [ -45.137, -23.8118 ], [ -45.1413, -23.8134 ], [ -45.1428, -23.8145 ], [ -45.1441, -23.8167 ], [ -45.1471, -23.8176 ], [ -45.1476, -23.814 ], [ -45.1491, -23.8129 ], [ -45.1505, -23.8127 ], [ -45.1523, -23.8107 ], [ -45.1543, -23.811 ], [ -45.1565, -23.8103 ], [ -45.1565, -23.8083 ], [ -45.1572, -23.8056 ], [ -45.157, -23.8043 ], [ -45.1579, -23.8033 ], [ -45.1605, -23.8033 ], [ -45.1612, -23.8027 ], [ -45.1591, -23.8004 ], [ -45.1568, -23.799 ], [ -45.1528, -23.7945 ], [ -45.1506, -23.7936 ], [ -45.1486, -23.7917 ], [ -45.147, -23.7911 ], [ -45.1457, -23.7917 ], [ -45.1439, -23.7913 ], [ -45.1427, -23.7901 ], [ -45.1409, -23.7908 ], [ -45.1388, -23.7897 ], [ -45.1378, -23.7912 ], [ -45.1398, -23.7933 ], [ -45.1404, -23.7948 ], [ -45.1401, -23.7971 ], [ -45.1373, -23.7973 ], [ -45.137, -23.7982 ] ] ], [ [ [ -45.0339, -23.7387 ], [ -45.0317, -23.7375 ], [ -45.0297, -23.7373 ], [ -45.0334, -23.7395 ], [ -45.0339, -23.7387 ] ] ], [ [ [ -45.2799, -23.5959 ], [ -45.2814, -23.5971 ], [ -45.2828, -23.5989 ], [ -45.2833, -23.6009 ], [ -45.2854, -23.5994 ], [ -45.2874, -23.5999 ], [ -45.289, -23.6017 ], [ -45.2931, -23.6016 ], [ -45.2948, -23.602 ], [ -45.2957, -23.5987 ], [ -45.2935, -23.5964 ], [ -45.2934, -23.5952 ], [ -45.2918, -23.5943 ], [ -45.2915, -23.5934 ], [ -45.2899, -23.5932 ], [ -45.2893, -23.5923 ], [ -45.2873, -23.5941 ], [ -45.2854, -23.5943 ], [ -45.2836, -23.5934 ], [ -45.281, -23.5928 ], [ -45.2808, -23.5943 ], [ -45.2799, -23.5959 ] ] ], [ [ [ -45.3126, -23.5839 ], [ -45.3121, -23.5817 ], [ -45.3109, -23.5813 ], [ -45.3105, -23.5837 ], [ -45.3115, -23.5842 ], [ -45.3126, -23.5839 ] ] ], [ [ [ -45.1464, -23.5673 ], [ -45.146, -23.5688 ], [ -45.1446, -23.5695 ], [ -45.1449, -23.5711 ], [ -45.1471, -23.5718 ], [ -45.1482, -23.5699 ], [ -45.1504, -23.5691 ], [ -45.1525, -23.5689 ], [ -45.1551, -23.571 ], [ -45.1558, -23.5724 ], [ -45.1573, -23.5723 ], [ -45.1585, -23.5705 ], [ -45.1627, -23.57 ], [ -45.1633, -23.5676 ], [ -45.1602, -23.5636 ], [ -45.1582, -23.562 ], [ -45.1578, -23.56 ], [ -45.1559, -23.5602 ], [ -45.1543, -23.5617 ], [ -45.1527, -23.5625 ], [ -45.1528, -23.5637 ], [ -45.1514, -23.564 ], [ -45.1512, -23.5658 ], [ -45.1489, -23.5675 ], [ -45.1464, -23.5673 ] ] ], [ [ [ -45.0792, -23.563 ], [ -45.0768, -23.5621 ], [ -45.0759, -23.5633 ], [ -45.0777, -23.5647 ], [ -45.0792, -23.563 ] ] ], [ [ [ -45.2155, -23.5502 ], [ -45.2167, -23.551 ], [ -45.2184, -23.551 ], [ -45.2181, -23.5496 ], [ -45.2159, -23.5486 ], [ -45.2155, -23.5502 ] ] ], [ [ [ -45.0715, -23.5393 ], [ -45.0697, -23.5396 ], [ -45.0689, -23.5389 ], [ -45.0664, -23.539 ], [ -45.0641, -23.5386 ], [ -45.0607, -23.534 ], [ -45.0611, -23.5321 ], [ -45.0609, -23.5301 ], [ -45.06, -23.5277 ], [ -45.0585, -23.5268 ], [ -45.0575, -23.5279 ], [ -45.0562, -23.5276 ], [ -45.0531, -23.5284 ], [ -45.0508, -23.5277 ], [ -45.0505, -23.5291 ], [ -45.0485, -23.5302 ], [ -45.0475, -23.5315 ], [ -45.0464, -23.531 ], [ -45.0445, -23.5317 ], [ -45.0455, -23.5345 ], [ -45.0431, -23.5345 ], [ -45.0407, -23.5333 ], [ -45.0393, -23.5343 ], [ -45.0403, -23.5379 ], [ -45.041, -23.539 ], [ -45.0408, -23.5412 ], [ -45.0436, -23.5427 ], [ -45.0462, -23.543 ], [ -45.0484, -23.5453 ], [ -45.0501, -23.546 ], [ -45.0567, -23.5455 ], [ -45.0576, -23.5464 ], [ -45.0583, -23.5484 ], [ -45.0602, -23.5509 ], [ -45.0625, -23.5522 ], [ -45.063, -23.5533 ], [ -45.0652, -23.5555 ], [ -45.0665, -23.5551 ], [ -45.0704, -23.5573 ], [ -45.0727, -23.557 ], [ -45.0752, -23.5596 ], [ -45.0763, -23.5611 ], [ -45.0777, -23.5612 ], [ -45.0797, -23.559 ], [ -45.0801, -23.5566 ], [ -45.0812, -23.5565 ], [ -45.0802, -23.5519 ], [ -45.0808, -23.5508 ], [ -45.0798, -23.5498 ], [ -45.0789, -23.5462 ], [ -45.0795, -23.5415 ], [ -45.0813, -23.5396 ], [ -45.0833, -23.5394 ], [ -45.0836, -23.5387 ], [ -45.0825, -23.5372 ], [ -45.0826, -23.5357 ], [ -45.0801, -23.5344 ], [ -45.0796, -23.5332 ], [ -45.08, -23.5307 ], [ -45.0812, -23.5283 ], [ -45.0804, -23.5259 ], [ -45.0793, -23.5263 ], [ -45.0788, -23.5275 ], [ -45.0779, -23.5289 ], [ -45.0763, -23.5291 ], [ -45.078, -23.5331 ], [ -45.0778, -23.5361 ], [ -45.0751, -23.5379 ], [ -45.0715, -23.5393 ] ] ], [ [ [ -45.214, -23.533 ], [ -45.2141, -23.5318 ], [ -45.2117, -23.5319 ], [ -45.2114, -23.533 ], [ -45.214, -23.533 ] ] ], [ [ [ -45.0412, -23.5164 ], [ -45.04, -23.5173 ], [ -45.0418, -23.5186 ], [ -45.0423, -23.5179 ], [ -45.0412, -23.5164 ] ] ], [ [ [ -45.0152, -23.7488 ], [ -45.0134, -23.7479 ], [ -45.0107, -23.7484 ], [ -45.0084, -23.7475 ], [ -45.0082, -23.749 ], [ -45.007, -23.7517 ], [ -45.0075, -23.7547 ], [ -45.0088, -23.7561 ], [ -45.0107, -23.759 ], [ -45.0148, -23.7613 ], [ -45.0155, -23.7594 ], [ -45.0178, -23.7595 ], [ -45.0187, -23.7579 ], [ -45.0168, -23.7552 ], [ -45.0167, -23.7539 ], [ -45.0176, -23.7529 ], [ -45.0173, -23.7507 ], [ -45.0195, -23.7496 ], [ -45.0212, -23.7493 ], [ -45.0236, -23.7468 ], [ -45.0238, -23.7459 ], [ -45.0223, -23.7448 ], [ -45.022, -23.7435 ], [ -45.0236, -23.7412 ], [ -45.0201, -23.7401 ], [ -45.0175, -23.7388 ], [ -45.017, -23.7392 ], [ -45.0162, -23.7393 ], [ -45.0136, -23.7417 ], [ -45.0143, -23.7425 ], [ -45.0151, -23.7455 ], [ -45.0168, -23.7485 ], [ -45.0152, -23.7488 ] ] ], [ [ [ -45.0215, -23.7347 ], [ -45.02, -23.7352 ], [ -45.0204, -23.7375 ], [ -45.0212, -23.7384 ], [ -45.0243, -23.74 ], [ -45.0248, -23.737 ], [ -45.023, -23.7354 ], [ -45.0215, -23.7347 ] ] ], [ [ [ -45.0328, -23.5476 ], [ -45.0315, -23.5466 ], [ -45.0281, -23.5456 ], [ -45.0263, -23.5441 ], [ -45.0257, -23.5444 ], [ -45.0247, -23.5455 ], [ -45.0262, -23.5476 ], [ -45.0276, -23.5476 ], [ -45.0294, -23.5486 ], [ -45.0321, -23.549 ], [ -45.0328, -23.5476 ] ] ], [ [ [ -44.9058, -23.4266 ], [ -44.9028, -23.4246 ], [ -44.9014, -23.4242 ], [ -44.9018, -23.4267 ], [ -44.9024, -23.4273 ], [ -44.9058, -23.4266 ] ] ], [ [ [ -44.8532, -23.4243 ], [ -44.853, -23.4263 ], [ -44.8585, -23.4244 ], [ -44.8592, -23.4236 ], [ -44.8566, -23.4232 ], [ -44.8556, -23.4223 ], [ -44.8556, -23.4211 ], [ -44.8544, -23.4197 ], [ -44.8552, -23.419 ], [ -44.8552, -23.4155 ], [ -44.8539, -23.4149 ], [ -44.8537, -23.4126 ], [ -44.8529, -23.4106 ], [ -44.8522, -23.4101 ], [ -44.852, -23.4107 ], [ -44.8537, -23.4164 ], [ -44.8525, -23.418 ], [ -44.8509, -23.4188 ], [ -44.85, -23.4213 ], [ -44.8515, -23.4216 ], [ -44.8532, -23.4243 ] ] ], [ [ [ -44.8523, -23.401 ], [ -44.8537, -23.4004 ], [ -44.8542, -23.3981 ], [ -44.8517, -23.3969 ], [ -44.8499, -23.3965 ], [ -44.8476, -23.3945 ], [ -44.8467, -23.3963 ], [ -44.8493, -23.3986 ], [ -44.8513, -23.3999 ], [ -44.8502, -23.4017 ], [ -44.8506, -23.403 ], [ -44.8521, -23.4032 ], [ -44.853, -23.4025 ], [ -44.8523, -23.401 ] ] ], [ [ [ -44.9362, -23.3882 ], [ -44.9378, -23.389 ], [ -44.939, -23.388 ], [ -44.9381, -23.387 ], [ -44.9359, -23.387 ], [ -44.9362, -23.3882 ] ] ], [ [ [ -44.9467, -23.3829 ], [ -44.9453, -23.3835 ], [ -44.9404, -23.3834 ], [ -44.941, -23.3854 ], [ -44.9431, -23.3871 ], [ -44.9455, -23.3876 ], [ -44.9484, -23.3872 ], [ -44.9467, -23.3829 ] ] ], [ [ [ -44.8894, -23.3849 ], [ -44.8888, -23.3837 ], [ -44.8875, -23.3837 ], [ -44.8885, -23.3856 ], [ -44.8894, -23.3849 ] ] ], [ [ [ -44.9073, -23.3788 ], [ -44.9066, -23.3777 ], [ -44.9044, -23.3769 ], [ -44.9028, -23.3752 ], [ -44.9018, -23.3757 ], [ -44.8996, -23.3759 ], [ -44.9004, -23.3775 ], [ -44.9021, -23.3777 ], [ -44.9031, -23.3794 ], [ -44.9066, -23.3805 ], [ -44.9073, -23.3788 ] ] ], [ [ [ -44.9038, -23.3532 ], [ -44.9049, -23.3527 ], [ -44.9033, -23.351 ], [ -44.9026, -23.3517 ], [ -44.9038, -23.3532 ] ] ] ] } }
]
}
