{
"type": "FeatureCollection",
"name": "tjsp_municipios_pontos_sp",
"features": [
{ "type": "Feature", "properties": { "id_municipio_ibge": 3500105, "nome_municipio": "Adamantina", "populacao_municipio": 34687, "id_foro": 3500105, "nome_foro": "Adamantina", "total_varas_foro": 5, "entrancia": "Entrância Inicial", "endereco_sede": "Avenida Ademar de Barros , 133 - Centro, 17800-000", "latitude": -21.576695151888305, "longitude": -51.056812445653414, "id_cj": 30, "nome_cj": "30ª Tupã", "id_raj": 5, "nome_raj": "5ª Presidente Prudente", "populacao_foro": 38200, "qt_cidades_foro": 2, "cidades_no_foro": "Adamantina, Mariápolis", "qt_cidades_cj": 17, "cidades_na_cj": "Adamantina, Arco-Íris, Bastos, Flórida Paulista, Herculândia, Iacri, Inúbia Paulista, Lucélia, Mariápolis, Osvaldo Cruz, Parapuã, Pracinha, Queiroz, Rinópolis, Sagres, Salmourão, Tupã", "unidades": "Fórum I Adamantina, Fórum II Adamantina (Residência Oficial), Fórum III Adamantina - UAAJ - FAC. ADAM. INTEGRADAS", "total_varas_municipio": 5, "varas_municipio": "1ª Vara Judicial, 2ª Vara Judicial, 3ª Vara Judicial, Criminal e da Fazenda Pública de Adamantina, Juizado Especial Cível", "varas_foro": "1ª Vara Judicial, 2ª Vara Judicial, 3ª Vara Judicial, Criminal e da Fazenda Pública de Adamantina, Juizado Especial Cível" }, "geometry": { "type": "Point", "coordinates": [ -51.056812445653414, -21.576695151888305 ] } },
{ "type": "Feature", "properties": { "id_municipio_ibge": 3500204, "nome_municipio": "Adolfo", "populacao_municipio": 4351, "id_foro": 3525706, "nome_foro": "José Bonifácio", "total_varas_foro": 0, "entrancia": "Entrância Inicial", "endereco_sede": "Av. Campos  Sales, , 341 - centro, 15200-000", "latitude": -21.089365901480441, "longitude": -49.779315458276379, "id_cj": 16, "nome_cj": "16ª São José do Rio Preto", "id_raj": 8, "nome_raj": "8ª São José do Rio Preto", "populacao_foro": 52508, "qt_cidades_foro": 4, "cidades_no_foro": "Adolfo, José Bonifácio, Mendonça, Ubarana", "qt_cidades_cj": 33, "cidades_na_cj": "Adolfo, Américo de Campos, Bady Bassitt, Bálsamo, Cedral, Cosmorama, Guapiaçu, Icém, Ipiguá, Jaci, José Bonifácio, Macaubal, Mendonça, Mirassol, Mirassolândia, Monte Aprazível, Neves Paulista, Nipoã, Nova Aliança, Nova Granada, Onda Verde, Orindiúva, Palestina, Paulo de Faria, Poloni, Potirendaba, Riolândia, Sebastianópolis do Sul, São José do Rio Preto, Tanabi, Ubarana, Uchoa, União Paulista", "unidades": null, "total_varas_municipio": 0, "varas_municipio": null, "varas_foro": null }, "geometry": { "type": "Point", "coordinates": [ -49.653273609806782, -21.288681407336686 ] } },
{ "type": "Feature", "properties": { "id_municipio_ibge": 3500303, "nome_municipio": "Aguaí", "populacao_municipio": 32072, "id_foro": 3500303, "nome_foro": "Aguaí", "total_varas_foro": 2, "entrancia": "Entrância Inicial", "endereco_sede": "Rua Joaquim Paula Cruz , 900 - Jd. Sta. Úrsula, 13863-044", "latitude": -22.049949649172998, "longitude": -47.040328913184439, "id_cj": 50, "nome_cj": "50ª São João da Boa Vista", "id_raj": 4, "nome_raj": "4ª Campinas", "populacao_foro": 32072, "qt_cidades_foro": 1, "cidades_no_foro": "Aguaí", "qt_cidades_cj": 6, "cidades_na_cj": "Aguaí, Espírito Santo do Pinhal, Santo Antônio do Jardim, São João da Boa Vista, Vargem Grande do Sul, Águas da Prata", "unidades": "Comarca  de Aguaí", "total_varas_municipio": 2, "varas_municipio": "Juizado Especial Cível, Vara Judicial", "varas_foro": "Juizado Especial Cível, Vara Judicial" }, "geometry": { "type": "Point", "coordinates": [ -47.040328913184439, -22.049949649172998 ] } },
{ "type": "Feature", "properties": { "id_municipio_ibge": 3500402, "nome_municipio": "Águas da Prata", "populacao_municipio": 7369, "id_foro": 3549102, "nome_foro": "São João da Boa Vista", "total_varas_foro": 6, "entrancia": "Entrância Final", "endereco_sede": "Rua RIACHUELO , 571 - Centro, 13870234", "latitude": -21.977992653385609, "longitude": -46.802194870565863, "id_cj": 50, "nome_cj": "50ª São João da Boa Vista", "id_raj": 4, "nome_raj": "4ª Campinas", "populacao_foro": 99916, "qt_cidades_foro": 2, "cidades_no_foro": "São João da Boa Vista, Águas da Prata", "qt_cidades_cj": 6, "cidades_na_cj": "Aguaí, Espírito Santo do Pinhal, Santo Antônio do Jardim, São João da Boa Vista, Vargem Grande do Sul, Águas da Prata", "unidades": null, "total_varas_municipio": 0, "varas_municipio": null, "varas_foro": "1ª Vara Cível, 2ª Vara Cível, 3ª Vara Cível, Ofício do Juizado Especial Cível e Criminal, Vara Criminal, Vara do Juizado Especial Cível e Criminal" }, "geometry": { "type": "Point", "coordinates": [ -46.691692325442673, -21.913708919257115 ] } },
{ "type": "Feature", "properties": { "id_municipio_ibge": 3500501, "nome_municipio": "Águas de Lindóia", "populacao_municipio": 17930, "id_foro": 3500501, "nome_foro": "Águas de Lindóia", "total_varas_foro": 1, "entrancia": "Entrância Inicial", "endereco_sede": "Rua Francisco Spartani , 66 - Jd. Le Villete, 13940-000", "latitude": -22.474824935145158, "longitude": -46.6036501530808, "id_cj": 54, "nome_cj": "54ª Amparo", "id_raj": 4, "nome_raj": "4ª Campinas", "populacao_foro": 24944, "qt_cidades_foro": 2, "cidades_no_foro": "Lindóia, Águas de Lindóia", "qt_cidades_cj": 9, "cidades_na_cj": "Amparo, Jaguariúna, Lindóia, Monte Alegre do Sul, Pedreira, Santo Antônio de Posse, Serra Negra, Socorro, Águas de Lindóia", "unidades": "Fórum Águas de Lindóia, Fórum Águas de Lindóia (J.E.CÍVEL e Criminal)", "total_varas_municipio": 1, "varas_municipio": "Vara Judicial", "varas_foro": "Vara Judicial" }, "geometry": { "type": "Point", "coordinates": [ -46.6036501530808, -22.474824935145158 ] } },
{ "type": "Feature", "properties": { "id_municipio_ibge": 3500550, "nome_municipio": "Águas de Santa Bárbara", "populacao_municipio": 7177, "id_foro": 3511409, "nome_foro": "Cerqueira César", "total_varas_foro": 4, "entrancia": "Entrância Inicial", "endereco_sede": "Rua Olimpio Pavan , 355 - Centro, 18760015", "latitude": -23.059321610192633, "longitude": -49.14380676556663, "id_cj": 24, "nome_cj": "24ª Avaré", "id_raj": 3, "nome_raj": "3ª Bauru", "populacao_foro": 36656, "qt_cidades_foro": 3, "cidades_no_foro": "Cerqueira César, Iaras, Águas de Santa Bárbara", "qt_cidades_cj": 11, "cidades_na_cj": "Arandu, Avaré, Cerqueira César, Coronel Macedo, Fartura, Iaras, Itaí, Paranapanema, Taguaí, Taquarituba, Águas de Santa Bárbara", "unidades": null, "total_varas_municipio": 0, "varas_municipio": null, "varas_foro": "1ª Vara Judicial, 2ª Vara Judicial, Criminal e da Fazenda Pública de Cerqueira César, Juizado Especial Cível" }, "geometry": { "type": "Point", "coordinates": [ -49.261047130347876, -22.857950069569672 ] } },
{ "type": "Feature", "properties": { "id_municipio_ibge": 3500600, "nome_municipio": "Águas de São Pedro", "populacao_municipio": 2780, "id_foro": 3550407, "nome_foro": "São Pedro", "total_varas_foro": 3, "entrancia": "Entrância Inicial", "endereco_sede": "Praça Adolpho Bonifácio Bragaia , s/nº - Centro, 13520-028", "latitude": -22.558175497889824, "longitude": -47.924683049681562, "id_cj": 34, "nome_cj": "34ª Piracicaba", "id_raj": 4, "nome_raj": "4ª Campinas", "populacao_foro": 46279, "qt_cidades_foro": 3, "cidades_no_foro": "Santa Maria da Serra, São Pedro, Águas de São Pedro", "qt_cidades_cj": 16, "cidades_na_cj": "Capivari, Cerquilho, Charqueada, Elias Fausto, Jumirim, Laranjal Paulista, Mombuca, Monte Mor, Piracicaba, Rafard, Rio das Pedras, Saltinho, Santa Maria da Serra, São Pedro, Tietê, Águas de São Pedro", "unidades": null, "total_varas_municipio": 0, "varas_municipio": null, "varas_foro": "1ª Vara Judicial, 2ª Vara Judicial, Juizado Especial Cível e Criminal" }, "geometry": { "type": "Point", "coordinates": [ -47.876100454478419, -22.598649166877312 ] } },
{ "type": "Feature", "properties": { "id_municipio_ibge": 3500709, "nome_municipio": "Agudos", "populacao_municipio": 37680, "id_foro": 3500709, "nome_foro": "Agudos", "total_varas_foro": 2, "entrancia": "Entrância Inicial", "endereco_sede": "Rua Paulo Nelli , 276 - Vila Andreotti, 17120-370", "latitude": -22.571924916922669, "longitude": -49.108745175740339, "id_cj": 32, "nome_cj": "32ª Bauru", "id_raj": 3, "nome_raj": "3ª Bauru", "populacao_foro": 39770, "qt_cidades_foro": 2, "cidades_no_foro": "Agudos, Paulistânia", "qt_cidades_cj": 18, "cidades_na_cj": "Agudos, Arealva, Avaí, Balbinos, Bauru, Borebi, Cabrália Paulista, Duartina, Lençóis Paulista, Lucianópolis, Paulistânia, Pirajuí, Piratininga, Pongaí, Presidente Alves, Reginópolis, Ubirajara, Uru", "unidades": "FÓRUM DESEMBARGADOR \"FRANCISCO MEIRELLES DOS SANTOS\", Fórum Agudos (CEJUSC)", "total_varas_municipio": 2, "varas_municipio": "1ª Vara Judicial, Juizado Especial Cível", "varas_foro": "1ª Vara Judicial, Juizado Especial Cível" }, "geometry": { "type": "Point", "coordinates": [ -49.108745175740339, -22.571924916922669 ] } },
{ "type": "Feature", "properties": { "id_municipio_ibge": 3500758, "nome_municipio": "Alambari", "populacao_municipio": 6141, "id_foro": 3522307, "nome_foro": "Itapetininga", "total_varas_foro": 7, "entrancia": "Entrância Final", "endereco_sede": "Praça Três Poderes , s/n - Jd. Marabá, 18213-540", "latitude": -23.645468563011217, "longitude": -48.123318703177574, "id_cj": 22, "nome_cj": "22ª Itapetininga", "id_raj": 10, "nome_raj": "10ª Sorocaba", "populacao_foro": 174300, "qt_cidades_foro": 3, "cidades_no_foro": "Alambari, Itapetininga, Sarapuí", "qt_cidades_cj": 17, "cidades_na_cj": "Alambari, Angatuba, Bofete, Campina do Monte Alegre, Capela do Alto, Capão Bonito, Cesário Lange, Guapiara, Guareí, Itapetininga, Porangaba, Quadra, Ribeirão Grande, Sarapuí, São Miguel Arcanjo, Tatuí, Torre de Pedra", "unidades": null, "total_varas_municipio": 0, "varas_municipio": null, "varas_foro": "1ª Vara Cível, 1ª Vara da Família e das Sucessões, 2ª Vara Cível, 3ª Vara Cível, 4ª Vara Cível, Juizado Especial Cível, Vara do Juizado especial Cível e Criminal" }, "geometry": { "type": "Point", "coordinates": [ -47.869050653725246, -23.548927142975408 ] } },
{ "type": "Feature", "properties": { "id_municipio_ibge": 3500808, "nome_municipio": "Alfredo Marcondes", "populacao_municipio": 4445, "id_foro": 3541406, "nome_foro": "Presidente Prudente", "total_varas_foro": 17, "entrancia": "Entrância Final", "endereco_sede": "Avenida Coronel José Soares Marcondes , 2201 - Vila Comercial, 19013-050", "latitude": -21.993182240829181, "longitude": -51.343136618705643, "id_cj": 27, "nome_cj": "27ª Presidente Prudente", "id_raj": 5, "nome_raj": "5ª Presidente Prudente", "populacao_foro": 264391, "qt_cidades_foro": 5, "cidades_no_foro": "Alfredo Marcondes, Anhumas, Presidente Prudente, Santo Expedito, Álvares Machado", "qt_cidades_cj": 20, "cidades_na_cj": "Alfredo Marcondes, Anhumas, Caiabu, Emilianópolis, Estrela do Norte, Iepê, Indiana, Martinópolis, Nantes, Narandiba, Pirapozinho, Presidente Bernardes, Presidente Prudente, Rancharia, Regente Feijó, Sandovalina, Santo Expedito, Taciba, Tarabai, Álvares Machado", "unidades": null, "total_varas_municipio": 0, "varas_municipio": null, "varas_foro": "1ª Vara Criminal, 1ª Vara Cível, 1ª Vara da Família e das Sucessões, 1ª Vara das Execuções Criminais, 2ª Vara Criminal, 2ª Vara Cível, 2ª Vara da Família e das Sucessões, 2ª Vara das Execuçõs Criminais, 3ª Vara Criminal, 3ª Vara Cível, 4ª Vara Cível, 5ª Vara Cível, Juizado Especial Cível, Ofício do Juizado Especial Cível, Vara da Fazenda Pública, Vara do Juizado Especial Cível, Vara do Júri e da Infância e da Juventude" }, "geometry": { "type": "Point", "coordinates": [ -51.395676235730207, -21.934984760848767 ] } },
{ "type": "Feature", "properties": { "id_municipio_ibge": 3500907, "nome_municipio": "Altair", "populacao_municipio": 3451, "id_foro": 3533908, "nome_foro": "Olímpia", "total_varas_foro": 4, "entrancia": "Entrância Intermediária", "endereco_sede": "Rua Engenheiro Reid , 377 - Patrimônio de São João Batista, 15400-091", "latitude": -20.70524588579201, "longitude": -48.959617264381016, "id_cj": 14, "nome_cj": "14ª Barretos", "id_raj": 8, "nome_raj": "8ª São José do Rio Preto", "populacao_foro": 94907, "qt_cidades_foro": 6, "cidades_no_foro": "Altair, Cajobi, Embaúba, Guaraci, Olímpia, Severínia", "qt_cidades_cj": 16, "cidades_na_cj": "Altair, Barretos, Bebedouro, Cajobi, Colina, Colômbia, Embaúba, Guaraci, Guaíra, Jaborandi, Monte Azul Paulista, Olímpia, Paraíso, Severínia, Terra Roxa, Viradouro", "unidades": null, "total_varas_municipio": 0, "varas_municipio": null, "varas_foro": "1ª Vara Cível, 2ª Vara Cível, 3ª Vara Cível, Vara Criminal" }, "geometry": { "type": "Point", "coordinates": [ -49.093837483150551, -20.533346676749151 ] } },
{ "type": "Feature", "properties": { "id_municipio_ibge": 3501004, "nome_municipio": "Altinópolis", "populacao_municipio": 16818, "id_foro": 3501004, "nome_foro": "Altinópolis", "total_varas_foro": 2, "entrancia": "Entrância Inicial", "endereco_sede": "Avenida Doutor Alberto Crivelenti , 555 - Centro, 14350-005", "latitude": -21.018030684452601, "longitude": -47.386230467667289, "id_cj": 39, "nome_cj": "39ª Batatais", "id_raj": 6, "nome_raj": "6ª Ribeirão Preto", "populacao_foro": 23593, "qt_cidades_foro": 2, "cidades_no_foro": "Altinópolis, Santo Antônio da Alegria", "qt_cidades_cj": 8, "cidades_na_cj": "Altinópolis, Batatais, Brodowski, Morro Agudo, Nuporanga, Orlândia, Sales Oliveira, Santo Antônio da Alegria", "unidades": "Fórum \"Desembargador ALFREDO FANUCCHI NETO\"", "total_varas_municipio": 2, "varas_municipio": "Juizado Especial Cível / Criminal e Fazenda Pública, Vara Judicial", "varas_foro": "Juizado Especial Cível / Criminal e Fazenda Pública, Vara Judicial" }, "geometry": { "type": "Point", "coordinates": [ -47.386230467667289, -21.018030684452601 ] } },
{ "type": "Feature", "properties": { "id_municipio_ibge": 3501103, "nome_municipio": "Alto Alegre", "populacao_municipio": 3841, "id_foro": 3537305, "nome_foro": "Penápolis", "total_varas_foro": 5, "entrancia": "Entrância Intermediária", "endereco_sede": "Praça Doutor Carlos Sampaio Filho , 190 - Centro, 16300-000", "latitude": -21.405402830387295, "longitude": -50.095696189609299, "id_cj": 36, "nome_cj": "36ª Araçatuba", "id_raj": 2, "nome_raj": "2ª Araçatuba", "populacao_foro": 96618, "qt_cidades_foro": 7, "cidades_no_foro": "Alto Alegre, Avanhandava, Barbosa, Braúna, Glicério, Luiziânia, Penápolis", "qt_cidades_cj": 26, "cidades_na_cj": "Alto Alegre, Araçatuba, Avanhandava, Barbosa, Bento de Abreu, Bilac, Birigui, Braúna, Brejo Alegre, Buritama, Clementina, Coroados, Gabriel Monteiro, Glicério, Guararapes, Lourdes, Luiziânia, Penápolis, Piacatu, Planalto, Rubiácea, Santo Antônio do Aracanguá, Santópolis do Aguapeí, Turiúba, Valparaíso, Zacarias", "unidades": null, "total_varas_municipio": 0, "varas_municipio": null, "varas_foro": "1ª Vara Judicial, 2ª Vara Judicial, 3ª Vara Judicial, 4ª Vara Judicial, Vara do Juizado Especial Cível e Criminal" }, "geometry": { "type": "Point", "coordinates": [ -50.192117852564756, -21.612519926495519 ] } },
{ "type": "Feature", "properties": { "id_municipio_ibge": 3501152, "nome_municipio": "Alumínio", "populacao_municipio": 17301, "id_foro": 3528403, "nome_foro": "Mairinque", "total_varas_foro": 1, "entrancia": "Entrância Intermediária", "endereco_sede": "Avenida Doutor Gaspar Ricardo Jr. , 185 - Centro, 18120-000", "latitude": -23.50796877902965, "longitude": -47.229278565440616, "id_cj": 19, "nome_cj": "19ª Sorocaba", "id_raj": 10, "nome_raj": "10ª Sorocaba", "populacao_foro": 67328, "qt_cidades_foro": 2, "cidades_no_foro": "Alumínio, Mairinque", "qt_cidades_cj": 12, "cidades_na_cj": "Alumínio, Araçariguama, Araçoiaba da Serra, Ibiúna, Mairinque, Piedade, Pilar do Sul, Salto de Pirapora, Sorocaba, São Roque, Tapiraí, Votorantim", "unidades": null, "total_varas_municipio": 0, "varas_municipio": null, "varas_foro": "Juizado Especial Cível e Criminal" }, "geometry": { "type": "Point", "coordinates": [ -47.281265506124967, -23.532997569272133 ] } },
{ "type": "Feature", "properties": { "id_municipio_ibge": 3501202, "nome_municipio": "Álvares Florence", "populacao_municipio": 3915, "id_foro": 3557105, "nome_foro": "Votuporanga", "total_varas_foro": 6, "entrancia": "Entrância Final", "endereco_sede": "Rua Espírito Santo , 2497 - Cia Melhoramentos, 15501-221", "latitude": -20.4578116989283, "longitude": -49.98909642316039, "id_cj": 17, "nome_cj": "17ª Votuporanga", "id_raj": 8, "nome_raj": "8ª São José do Rio Preto", "populacao_foro": 117539, "qt_cidades_foro": 4, "cidades_no_foro": "Parisi, Valentim Gentil, Votuporanga, Álvares Florence", "qt_cidades_cj": 13, "cidades_na_cj": "Cardoso, Floreal, Gastão Vidigal, Magda, Mira Estrela, Monções, Nhandeara, Nova Luzitânia, Parisi, Pontes Gestal, Valentim Gentil, Votuporanga, Álvares Florence", "unidades": null, "total_varas_municipio": 0, "varas_municipio": null, "varas_foro": "1ª Vara Criminal, 1ª Vara Cível, 2ª Vara Cível, 3ª Vara Cível, 4ª Vara Cível, Ofício do Juizado Especial Civel e Criminal" }, "geometry": { "type": "Point", "coordinates": [ -49.920249525216413, -20.289540956754252 ] } },
{ "type": "Feature", "properties": { "id_municipio_ibge": 3501301, "nome_municipio": "Álvares Machado", "populacao_municipio": 27255, "id_foro": 3541406, "nome_foro": "Presidente Prudente", "total_varas_foro": 17, "entrancia": "Entrância Final", "endereco_sede": "Avenida Coronel José Soares Marcondes , 2201 - Vila Comercial, 19013-050", "latitude": -21.993182240829181, "longitude": -51.343136618705643, "id_cj": 27, "nome_cj": "27ª Presidente Prudente", "id_raj": 5, "nome_raj": "5ª Presidente Prudente", "populacao_foro": 264391, "qt_cidades_foro": 5, "cidades_no_foro": "Alfredo Marcondes, Anhumas, Presidente Prudente, Santo Expedito, Álvares Machado", "qt_cidades_cj": 20, "cidades_na_cj": "Alfredo Marcondes, Anhumas, Caiabu, Emilianópolis, Estrela do Norte, Iepê, Indiana, Martinópolis, Nantes, Narandiba, Pirapozinho, Presidente Bernardes, Presidente Prudente, Rancharia, Regente Feijó, Sandovalina, Santo Expedito, Taciba, Tarabai, Álvares Machado", "unidades": null, "total_varas_municipio": 0, "varas_municipio": null, "varas_foro": "1ª Vara Criminal, 1ª Vara Cível, 1ª Vara da Família e das Sucessões, 1ª Vara das Execuções Criminais, 2ª Vara Criminal, 2ª Vara Cível, 2ª Vara da Família e das Sucessões, 2ª Vara das Execuçõs Criminais, 3ª Vara Criminal, 3ª Vara Cível, 4ª Vara Cível, 5ª Vara Cível, Juizado Especial Cível, Ofício do Juizado Especial Cível, Vara da Fazenda Pública, Vara do Juizado Especial Cível, Vara do Júri e da Infância e da Juventude" }, "geometry": { "type": "Point", "coordinates": [ -51.514928845389008, -22.131506042057193 ] } },
{ "type": "Feature", "properties": { "id_municipio_ibge": 3501400, "nome_municipio": "Álvaro de Carvalho", "populacao_municipio": 4808, "id_foro": 3516705, "nome_foro": "Garça", "total_varas_foro": 4, "entrancia": "Entrância Inicial", "endereco_sede": "Praça Doutor Martino Funchal de Barros , 50 - Willians, 17402-059", "latitude": -22.231040035160522, "longitude": -49.689635238555574, "id_cj": 31, "nome_cj": "31ª Marília", "id_raj": 5, "nome_raj": "5ª Presidente Prudente", "populacao_foro": 53784, "qt_cidades_foro": 4, "cidades_no_foro": "Alvinlândia, Garça, Lupércio, Álvaro de Carvalho", "qt_cidades_cj": 12, "cidades_na_cj": "Alvinlândia, Fernão, Garça, Gália, Lupércio, Marília, Ocauçu, Oriente, Pompéia, Quintana, Vera Cruz, Álvaro de Carvalho", "unidades": null, "total_varas_municipio": 0, "varas_municipio": null, "varas_foro": "1ª Vara judicial, 2ª Vara Judicial, 3ª Vara Judicial, Juizado Especial Cível e Criminal" }, "geometry": { "type": "Point", "coordinates": [ -49.734001190994107, -22.086532409070195 ] } },
{ "type": "Feature", "properties": { "id_municipio_ibge": 3501509, "nome_municipio": "Alvinlândia", "populacao_municipio": 2885, "id_foro": 3516705, "nome_foro": "Garça", "total_varas_foro": 4, "entrancia": "Entrância Inicial", "endereco_sede": "Praça Doutor Martino Funchal de Barros , 50 - Willians, 17402-059", "latitude": -22.231040035160522, "longitude": -49.689635238555574, "id_cj": 31, "nome_cj": "31ª Marília", "id_raj": 5, "nome_raj": "5ª Presidente Prudente", "populacao_foro": 53784, "qt_cidades_foro": 4, "cidades_no_foro": "Alvinlândia, Garça, Lupércio, Álvaro de Carvalho", "qt_cidades_cj": 12, "cidades_na_cj": "Alvinlândia, Fernão, Garça, Gália, Lupércio, Marília, Ocauçu, Oriente, Pompéia, Quintana, Vera Cruz, Álvaro de Carvalho", "unidades": null, "total_varas_municipio": 0, "varas_municipio": null, "varas_foro": "1ª Vara judicial, 2ª Vara Judicial, 3ª Vara Judicial, Juizado Especial Cível e Criminal" }, "geometry": { "type": "Point", "coordinates": [ -49.75851305409185, -22.452530187966421 ] } },
{ "type": "Feature", "properties": { "id_municipio_ibge": 3501608, "nome_municipio": "Americana", "populacao_municipio": 237240, "id_foro": 3501608, "nome_foro": "Americana", "total_varas_foro": 9, "entrancia": "Entrância Final", "endereco_sede": "Avenida Brasil Sul , 2669 - Parque Res. Nardini, 13468-390", "latitude": -22.723245297674573, "longitude": -47.289106161757132, "id_cj": 53, "nome_cj": "53ª Americana", "id_raj": 4, "nome_raj": "4ª Campinas", "populacao_foro": 237240, "qt_cidades_foro": 1, "cidades_no_foro": "Americana", "qt_cidades_cj": 5, "cidades_na_cj": "Americana, Hortolândia, Nova Odessa, Santa Bárbara d'Oeste, Sumaré", "unidades": "Fórum Americana, Fórum Americana (Anexo Fiscal e Setor Técnico de Serviço Social e Psicologia), Fórum Americana (CEJUSC) - UNISAL", "total_varas_municipio": 9, "varas_municipio": "1ª Vara Criminal, 1ª Vara Cível, 1ª Vara da Família e das Sucessões, 2ª Vara Criminal, 2ª Vara Cível, 3ª Vara Cível, 4ª Vara Cível, Execuções Criminais e da Infância e da Juventude, Vara do Júri", "varas_foro": "1ª Vara Criminal, 1ª Vara Cível, 1ª Vara da Família e das Sucessões, 2ª Vara Criminal, 2ª Vara Cível, 3ª Vara Cível, 4ª Vara Cível, Execuções Criminais e da Infância e da Juventude, Vara do Júri" }, "geometry": { "type": "Point", "coordinates": [ -47.289106161757132, -22.723245297674573 ] } },
{ "type": "Feature", "properties": { "id_municipio_ibge": 3501707, "nome_municipio": "Américo Brasiliense", "populacao_municipio": 33019, "id_foro": 3501707, "nome_foro": "Américo Brasiliense", "total_varas_foro": 3, "entrancia": "Entrância Inicial", "endereco_sede": "Rua D. Pedro II , 65 - Centro, 14820-000", "latitude": -21.722318557494347, "longitude": -48.032366372665919, "id_cj": 13, "nome_cj": "13ª Araraquara", "id_raj": 6, "nome_raj": "6ª Ribeirão Preto", "populacao_foro": 53300, "qt_cidades_foro": 4, "cidades_no_foro": "Américo Brasiliense, Motuca, Rincão, Santa Lúcia", "qt_cidades_cj": 14, "cidades_na_cj": "Américo Brasiliense, Araraquara, Borborema, Dobrada, Gavião Peixoto, Iacanga, Ibitinga, Itápolis, Matão, Motuca, Nova Europa, Rincão, Santa Lúcia, Tabatinga", "unidades": "Fórum Américo Brasiliense, Prédio do CEJUSC de Américo Brasiliense [destivado]", "total_varas_municipio": 3, "varas_municipio": "1ª Vara Judicial, 2ª Vara Judicial, Juizado Especial Cível", "varas_foro": "1ª Vara Judicial, 2ª Vara Judicial, Juizado Especial Cível" }, "geometry": { "type": "Point", "coordinates": [ -48.032366372665919, -21.722318557494347 ] } },
{ "type": "Feature", "properties": { "id_municipio_ibge": 3501806, "nome_municipio": "Américo de Campos", "populacao_municipio": 5870, "id_foro": 3553401, "nome_foro": "Tanabi", "total_varas_foro": 3, "entrancia": "Entrância Inicial", "endereco_sede": "Praça Stélio Machado Loureiro, , 273 - Centro, 15170-000", "latitude": -20.531216941577227, "longitude": -49.646443254813541, "id_cj": 16, "nome_cj": "16ª São José do Rio Preto", "id_raj": 8, "nome_raj": "8ª São José do Rio Preto", "populacao_foro": 39854, "qt_cidades_foro": 3, "cidades_no_foro": "Américo de Campos, Cosmorama, Tanabi", "qt_cidades_cj": 33, "cidades_na_cj": "Adolfo, Américo de Campos, Bady Bassitt, Bálsamo, Cedral, Cosmorama, Guapiaçu, Icém, Ipiguá, Jaci, José Bonifácio, Macaubal, Mendonça, Mirassol, Mirassolândia, Monte Aprazível, Neves Paulista, Nipoã, Nova Aliança, Nova Granada, Onda Verde, Orindiúva, Palestina, Paulo de Faria, Poloni, Potirendaba, Riolândia, Sebastianópolis do Sul, São José do Rio Preto, Tanabi, Ubarana, Uchoa, União Paulista", "unidades": null, "total_varas_municipio": 0, "varas_municipio": null, "varas_foro": "1ª Vara Judicial, 2ª Vara Judicial, Juizado Especial Cível e Criminal" }, "geometry": { "type": "Point", "coordinates": [ -49.767983703235927, -20.289375013126747 ] } },
{ "type": "Feature", "properties": { "id_municipio_ibge": 3501905, "nome_municipio": "Amparo", "populacao_municipio": 68008, "id_foro": 3501905, "nome_foro": "Amparo", "total_varas_foro": 2, "entrancia": "Entrância Final", "endereco_sede": "Praça Tenente José Ferraz de Oliveira , 55 - Centro, 13900-900", "latitude": -22.699126517157588, "longitude": -46.798714032867565, "id_cj": 54, "nome_cj": "54ª Amparo", "id_raj": 4, "nome_raj": "4ª Campinas", "populacao_foro": 76635, "qt_cidades_foro": 2, "cidades_no_foro": "Amparo, Monte Alegre do Sul", "qt_cidades_cj": 9, "cidades_na_cj": "Amparo, Jaguariúna, Lindóia, Monte Alegre do Sul, Pedreira, Santo Antônio de Posse, Serra Negra, Socorro, Águas de Lindóia", "unidades": "Fórum Dr. Laudo Ferreira de Camargo, Juizado Especial Cível e Crim., Colégio Recursal e CEJUSC, Setor das Execuções Fiscais e Setor Técnico Psicossocial", "total_varas_municipio": 2, "varas_municipio": "1ª Vara Judicial, 2ª Vara Judicial", "varas_foro": "1ª Vara Judicial, 2ª Vara Judicial" }, "geometry": { "type": "Point", "coordinates": [ -46.798714032867565, -22.699126517157588 ] } },
{ "type": "Feature", "properties": { "id_municipio_ibge": 3502002, "nome_municipio": "Analândia", "populacao_municipio": 4589, "id_foro": 3523602, "nome_foro": "Itirapina", "total_varas_foro": 3, "entrancia": "Entrância Inicial", "endereco_sede": "Rua 1 , 180 - Centro, 13530-000", "latitude": -22.294590665197184, "longitude": -47.834059845289502, "id_cj": 9, "nome_cj": "9ª Rio Claro", "id_raj": 4, "nome_raj": "4ª Campinas", "populacao_foro": 20737, "qt_cidades_foro": 2, "cidades_no_foro": "Analândia, Itirapina", "qt_cidades_cj": 8, "cidades_na_cj": "Analândia, Brotas, Corumbataí, Ipeúna, Itirapina, Rio Claro, Santa Gertrudes, Torrinha", "unidades": null, "total_varas_municipio": 0, "varas_municipio": null, "varas_foro": "Cartório da Vara Única (Seção Cível, Fazenda Pública e Família), Juizado Especial Cível e Criminal" }, "geometry": { "type": "Point", "coordinates": [ -47.677953119847963, -22.121096551043888 ] } },
{ "type": "Feature", "properties": { "id_municipio_ibge": 3502101, "nome_municipio": "Andradina", "populacao_municipio": 59783, "id_foro": 3502101, "nome_foro": "Andradina", "total_varas_foro": 3, "entrancia": "Entrância Final", "endereco_sede": "Rua Paes Leme , 2052 - Stella Maris, 16901-907", "latitude": -20.835605724040704, "longitude": -51.329727883803223, "id_cj": 37, "nome_cj": "37ª Andradina", "id_raj": 2, "nome_raj": "2ª Araçatuba", "populacao_foro": 88106, "qt_cidades_foro": 4, "cidades_no_foro": "Andradina, Castilho, Murutinga do Sul, Nova Independência", "qt_cidades_cj": 12, "cidades_na_cj": "Andradina, Castilho, Guaraçaí, Ilha Solteira, Itapura, Lavínia, Mirandópolis, Murutinga do Sul, Nova Independência, Pereira Barreto, Sud Mennucci, Suzanápolis", "unidades": "Fórum Andradina I (Homero Rodrigues Silva), Fórum Andradina II (SAF e JECC), Fórum Andradina III - Anexo de Violência Doméstica e Grupo de Apoio Recursal, Fórum Andradina IV - CEJUSC de Andradina, Fórum Andradina V - Anexo do Juizado de Andradina - UAAJ - CASTILHO", "total_varas_municipio": 3, "varas_municipio": "1ª Vara Judicial, 2ª Vara Judicial, 3ª Vara Judicial", "varas_foro": "1ª Vara Judicial, 2ª Vara Judicial, 3ª Vara Judicial" }, "geometry": { "type": "Point", "coordinates": [ -51.329727883803223, -20.835605724040704 ] } },
{ "type": "Feature", "properties": { "id_municipio_ibge": 3502200, "nome_municipio": "Angatuba", "populacao_municipio": 24022, "id_foro": 3502200, "nome_foro": "Angatuba", "total_varas_foro": 2, "entrancia": "Entrância Inicial", "endereco_sede": "Rua Públio de Almeida Melo , 832 - Centro, 18240-000", "latitude": -23.436845924831584, "longitude": -48.459328173024673, "id_cj": 22, "nome_cj": "22ª Itapetininga", "id_raj": 10, "nome_raj": "10ª Sorocaba", "populacao_foro": 29976, "qt_cidades_foro": 2, "cidades_no_foro": "Angatuba, Campina do Monte Alegre", "qt_cidades_cj": 17, "cidades_na_cj": "Alambari, Angatuba, Bofete, Campina do Monte Alegre, Capela do Alto, Capão Bonito, Cesário Lange, Guapiara, Guareí, Itapetininga, Porangaba, Quadra, Ribeirão Grande, Sarapuí, São Miguel Arcanjo, Tatuí, Torre de Pedra", "unidades": "Fórum I Angatuba, Fórum II Angatuba (Residência Oficial)", "total_varas_municipio": 2, "varas_municipio": "Juizado Especial Cível, Vara Judicial", "varas_foro": "Juizado Especial Cível, Vara Judicial" }, "geometry": { "type": "Point", "coordinates": [ -48.459328173024673, -23.436845924831584 ] } },
{ "type": "Feature", "properties": { "id_municipio_ibge": 3502309, "nome_municipio": "Anhembi", "populacao_municipio": 5674, "id_foro": 3512308, "nome_foro": "Conchas", "total_varas_foro": 0, "entrancia": "Entrância Inicial", "endereco_sede": "Av. Gregório Marcos Garcia , 808 - Vila Esporte, 18570-000", "latitude": -22.9656292866085, "longitude": -48.047079624246535, "id_cj": 23, "nome_cj": "23ª Botucatu", "id_raj": 3, "nome_raj": "3ª Bauru", "populacao_foro": 29643, "qt_cidades_foro": 3, "cidades_no_foro": "Anhembi, Conchas, Pereiras", "qt_cidades_cj": 9, "cidades_na_cj": "Anhembi, Areiópolis, Botucatu, Conchas, Itatinga, Pardinho, Pereiras, Pratânia, São Manuel", "unidades": null, "total_varas_municipio": 0, "varas_municipio": null, "varas_foro": null }, "geometry": { "type": "Point", "coordinates": [ -48.174722503165476, -22.80008290926887 ] } },
{ "type": "Feature", "properties": { "id_municipio_ibge": 3502408, "nome_municipio": "Anhumas", "populacao_municipio": 4023, "id_foro": 3541406, "nome_foro": "Presidente Prudente", "total_varas_foro": 17, "entrancia": "Entrância Final", "endereco_sede": "Avenida Coronel José Soares Marcondes , 2201 - Vila Comercial, 19013-050", "latitude": -21.993182240829181, "longitude": -51.343136618705643, "id_cj": 27, "nome_cj": "27ª Presidente Prudente", "id_raj": 5, "nome_raj": "5ª Presidente Prudente", "populacao_foro": 264391, "qt_cidades_foro": 5, "cidades_no_foro": "Alfredo Marcondes, Anhumas, Presidente Prudente, Santo Expedito, Álvares Machado", "qt_cidades_cj": 20, "cidades_na_cj": "Alfredo Marcondes, Anhumas, Caiabu, Emilianópolis, Estrela do Norte, Iepê, Indiana, Martinópolis, Nantes, Narandiba, Pirapozinho, Presidente Bernardes, Presidente Prudente, Rancharia, Regente Feijó, Sandovalina, Santo Expedito, Taciba, Tarabai, Álvares Machado", "unidades": null, "total_varas_municipio": 0, "varas_municipio": null, "varas_foro": "1ª Vara Criminal, 1ª Vara Cível, 1ª Vara da Família e das Sucessões, 1ª Vara das Execuções Criminais, 2ª Vara Criminal, 2ª Vara Cível, 2ª Vara da Família e das Sucessões, 2ª Vara das Execuçõs Criminais, 3ª Vara Criminal, 3ª Vara Cível, 4ª Vara Cível, 5ª Vara Cível, Juizado Especial Cível, Ofício do Juizado Especial Cível, Vara da Fazenda Pública, Vara do Juizado Especial Cível, Vara do Júri e da Infância e da Juventude" }, "geometry": { "type": "Point", "coordinates": [ -51.427776572891375, -22.362049188300691 ] } },
{ "type": "Feature", "properties": { "id_municipio_ibge": 3502507, "nome_municipio": "Aparecida", "populacao_municipio": 32569, "id_foro": 3502507, "nome_foro": "Aparecida", "total_varas_foro": 3, "entrancia": "Entrância Inicial", "endereco_sede": "Avenida Padroeira do Brasil , 180 - São Roque, 12573-276", "latitude": -22.914206366020995, "longitude": -45.237219519445574, "id_cj": 48, "nome_cj": "48ª Guaratinguetá", "id_raj": 9, "nome_raj": "9ª São José dos Campos", "populacao_foro": 52961, "qt_cidades_foro": 2, "cidades_no_foro": "Aparecida, Potim", "qt_cidades_cj": 17, "cidades_na_cj": "Aparecida, Arapeí, Areias, Bananal, Cachoeira Paulista, Canas, Cruzeiro, Cunha, Guaratinguetá, Lavrinhas, Lorena, Piquete, Potim, Queluz, Roseira, Silveiras, São José do Barreiro", "unidades": "Fórum Aparecida", "total_varas_municipio": 3, "varas_municipio": "1ª Vara Judicial, 2ª Vara Judicial, Juizado Especial Cível e Criminal", "varas_foro": "1ª Vara Judicial, 2ª Vara Judicial, Juizado Especial Cível e Criminal" }, "geometry": { "type": "Point", "coordinates": [ -45.237219519445574, -22.914206366020995 ] } },
{ "type": "Feature", "properties": { "id_municipio_ibge": 3502606, "nome_municipio": "Aparecida d'Oeste", "populacao_municipio": 4086, "id_foro": 3535200, "nome_foro": "Palmeira d'Oeste", "total_varas_foro": 3, "entrancia": "Entrância Inicial", "endereco_sede": "Rua XV de Novembro , 48-71 - centro, 15720-000", "latitude": -20.438958786474778, "longitude": -50.74877216380056, "id_cj": 55, "nome_cj": "55ª Jales", "id_raj": 2, "nome_raj": "2ª Araçatuba", "populacao_foro": 17451, "qt_cidades_foro": 4, "cidades_no_foro": "Aparecida d'Oeste, Marinópolis, Palmeira d'Oeste, São Francisco", "qt_cidades_cj": 23, "cidades_na_cj": "Aparecida d'Oeste, Aspásia, Auriflama, Dirce Reis, Guzolândia, Jales, Marinópolis, Mesópolis, Nova Canaã Paulista, Palmeira d'Oeste, Paranapuã, Pontalinda, Rubinéia, Santa Albertina, Santa Clara d'Oeste, Santa Fé do Sul, Santa Rita d'Oeste, Santa Salete, Santana da Ponte Pensa, São Francisco, Três Fronteiras, Urânia, Vitória Brasil", "unidades": null, "total_varas_municipio": 0, "varas_municipio": null, "varas_foro": "Juizado Especial Cível, Juizado Informal de Conciliação, Vara Judicial" }, "geometry": { "type": "Point", "coordinates": [ -50.921975776904496, -20.478816149261011 ] } },
{ "type": "Feature", "properties": { "id_municipio_ibge": 3502705, "nome_municipio": "Apiaí", "populacao_municipio": 24585, "id_foro": 3502705, "nome_foro": "Apiaí", "total_varas_foro": 0, "entrancia": "Entrância Inicial", "endereco_sede": "Praça Francisco Xavier da Rocha , 182 - Centro, 18320-000", "latitude": -24.421467380540186, "longitude": -48.817372200286705, "id_cj": 49, "nome_cj": "49ª Itapeva", "id_raj": 10, "nome_raj": "10ª Sorocaba", "populacao_foro": 40624, "qt_cidades_foro": 5, "cidades_no_foro": "Apiaí, Barra do Chapéu, Itapirapuã Paulista, Itaóca, Ribeira", "qt_cidades_cj": 16, "cidades_na_cj": "Apiaí, Barra do Chapéu, Barão de Antonina, Bom Sucesso de Itararé, Buri, Itaberá, Itapeva, Itapirapuã Paulista, Itaporanga, Itararé, Itaóca, Nova Campina, Ribeira, Ribeirão Branco, Riversul, Taquarivaí", "unidades": "Fórum Apiaí - Des. Déscio Mendes Pereira", "total_varas_municipio": 0, "varas_municipio": null, "varas_foro": null }, "geometry": { "type": "Point", "coordinates": [ -48.817372200286705, -24.421467380540186 ] } },
{ "type": "Feature", "properties": { "id_municipio_ibge": 3502754, "nome_municipio": "Araçariguama", "populacao_municipio": 21522, "id_foro": 3550605, "nome_foro": "São Roque", "total_varas_foro": 5, "entrancia": "Entrância Intermediária", "endereco_sede": "Avenida John Fitzgerald Kennedy , 355 - Centro, 18130-510", "latitude": -23.548976555477193, "longitude": -47.109536932203262, "id_cj": 19, "nome_cj": "19ª Sorocaba", "id_raj": 10, "nome_raj": "10ª Sorocaba", "populacao_foro": 101006, "qt_cidades_foro": 2, "cidades_no_foro": "Araçariguama, São Roque", "qt_cidades_cj": 12, "cidades_na_cj": "Alumínio, Araçariguama, Araçoiaba da Serra, Ibiúna, Mairinque, Piedade, Pilar do Sul, Salto de Pirapora, Sorocaba, São Roque, Tapiraí, Votorantim", "unidades": null, "total_varas_municipio": 0, "varas_municipio": null, "varas_foro": "1ª Vara Cível, 2ª Vara Cível, Juizado Especial Cível e Criminal, Vara Criminal, Vara do Juizado Especial Cível e Criminal" }, "geometry": { "type": "Point", "coordinates": [ -47.072394659201301, -23.434445382345821 ] } },
{ "type": "Feature", "properties": { "id_municipio_ibge": 3502804, "nome_municipio": "Araçatuba", "populacao_municipio": 200124, "id_foro": 3502804, "nome_foro": "Araçatuba", "total_varas_foro": 12, "entrancia": "Entrância Final", "endereco_sede": "Rua Cândido Portinari , 975 - Jardim Nova Iorque, 16018-305", "latitude": -21.113865960040386, "longitude": -50.574492456687608, "id_cj": 36, "nome_cj": "36ª Araçatuba", "id_raj": 2, "nome_raj": "2ª Araçatuba", "populacao_foro": 208503, "qt_cidades_foro": 2, "cidades_no_foro": "Araçatuba, Santo Antônio do Aracanguá", "qt_cidades_cj": 26, "cidades_na_cj": "Alto Alegre, Araçatuba, Avanhandava, Barbosa, Bento de Abreu, Bilac, Birigui, Braúna, Brejo Alegre, Buritama, Clementina, Coroados, Gabriel Monteiro, Glicério, Guararapes, Lourdes, Luiziânia, Penápolis, Piacatu, Planalto, Rubiácea, Santo Antônio do Aracanguá, Santópolis do Aguapeí, Turiúba, Valparaíso, Zacarias", "unidades": "Forum Araçatuba V - Serviço de Atendimento Psicossocial, Forum Araçatuba VI - CEJUSC, Forum Araçatuba VI - TERRENO, Fórum Araçatuba I - PRINCIPAL, Fórum Araçatuba II - VARA DA FAZENDA, Fórum Araçatuba III - DARAJ, Fórum Araçatuba IV - Ofício das Execuções Criminais - DEECRIM, Fórum Araçatuba IV - RESIDÊNCIA OFICIAL", "total_varas_municipio": 12, "varas_municipio": "1ª Vara Criminal, 1ª Vara Cível, 1ª Vara da Família e das Sucessões, 2ª Vara Criminal, 2ª Vara Cível, 3ª Vara Criminal, 3ª Vara Cível, 4ª Vara Cível, 5ª Vara Cível, Juizado Especial Cível, Vara da Comarca de Araçatuba, Vara da Fazenda Pública", "varas_foro": "1ª Vara Criminal, 1ª Vara Cível, 1ª Vara da Família e das Sucessões, 2ª Vara Criminal, 2ª Vara Cível, 3ª Vara Criminal, 3ª Vara Cível, 4ª Vara Cível, 5ª Vara Cível, Juizado Especial Cível, Vara da Comarca de Araçatuba, Vara da Fazenda Pública" }, "geometry": { "type": "Point", "coordinates": [ -50.574492456687608, -21.113865960040386 ] } },
{ "type": "Feature", "properties": { "id_municipio_ibge": 3502903, "nome_municipio": "Araçoiaba da Serra", "populacao_municipio": 32443, "id_foro": 3552205, "nome_foro": "Sorocaba", "total_varas_foro": 21, "entrancia": "Entrância Final", "endereco_sede": "Rua 28 de outubro , 665 - Alto Boa Vista, 18087-080", "latitude": -23.464551916584632, "longitude": -47.446759844010238, "id_cj": 19, "nome_cj": "19ª Sorocaba", "id_raj": 10, "nome_raj": "10ª Sorocaba", "populacao_foro": 756125, "qt_cidades_foro": 2, "cidades_no_foro": "Araçoiaba da Serra, Sorocaba", "qt_cidades_cj": 12, "cidades_na_cj": "Alumínio, Araçariguama, Araçoiaba da Serra, Ibiúna, Mairinque, Piedade, Pilar do Sul, Salto de Pirapora, Sorocaba, São Roque, Tapiraí, Votorantim", "unidades": null, "total_varas_municipio": 0, "varas_municipio": null, "varas_foro": "1ª Vara Criminal, 1ª Vara Cível, 1ª Vara da Família e das Sucessões, 1ª Vara do Juizado Especial Cível, 2ª Vara Criminal, 2ª Vara Cível, 2ª Vara da Família e das Sucessões, 2ª Vara do Juizado Especial Cível, 3ª Vara Criminal, 3ª Vara Cível, 3ª Vara da Família e das Sucessões, 4ª Vara Criminal, 4ª Vara Cível, 5ª Vara Cível, 6ª Vara Cível, 7ª Vara Cível, Ofício do Juizado Especial Cível, Vara da Fazenda Pública, Vara da Infância e da Juventude, Vara do Juizado Especial Criminal e da Violência Doméstica e Familiar contra a Mulher, Vara do Júri e Execuções Criminais" }, "geometry": { "type": "Point", "coordinates": [ -47.65151185063727, -23.543853987288919 ] } },
{ "type": "Feature", "properties": { "id_municipio_ibge": 3503000, "nome_municipio": "Aramina", "populacao_municipio": 5420, "id_foro": 3520103, "nome_foro": "Igarapava", "total_varas_foro": 2, "entrancia": "Entrância Inicial", "endereco_sede": "Rua Capitão Antonio Augusto Maciel , 130 - centro, 14540-000", "latitude": -20.063671745620951, "longitude": -47.682470173387649, "id_cj": 40, "nome_cj": "40ª Ituverava", "id_raj": 6, "nome_raj": "6ª Ribeirão Preto", "populacao_foro": 35988, "qt_cidades_foro": 3, "cidades_no_foro": "Aramina, Buritizal, Igarapava", "qt_cidades_cj": 8, "cidades_na_cj": "Aramina, Buritizal, Guará, Igarapava, Ipuã, Ituverava, Miguelópolis, São Joaquim da Barra", "unidades": null, "total_varas_municipio": 0, "varas_municipio": null, "varas_foro": "Juizado Especial Cível e Criminal, Vara" }, "geometry": { "type": "Point", "coordinates": [ -47.820617188572257, -20.145043894570517 ] } },
{ "type": "Feature", "properties": { "id_municipio_ibge": 3503109, "nome_municipio": "Arandu", "populacao_municipio": 6885, "id_foro": 3504503, "nome_foro": "Avaré", "total_varas_foro": 5, "entrancia": "Entrância Final", "endereco_sede": "Rua: ABILIO GARCIA , 527 - Vila Jussara Maria, 18706-040", "latitude": -23.075203834870688, "longitude": -48.894010223201107, "id_cj": 24, "nome_cj": "24ª Avaré", "id_raj": 3, "nome_raj": "3ª Bauru", "populacao_foro": 99690, "qt_cidades_foro": 2, "cidades_no_foro": "Arandu, Avaré", "qt_cidades_cj": 11, "cidades_na_cj": "Arandu, Avaré, Cerqueira César, Coronel Macedo, Fartura, Iaras, Itaí, Paranapanema, Taguaí, Taquarituba, Águas de Santa Bárbara", "unidades": null, "total_varas_municipio": 0, "varas_municipio": null, "varas_foro": "1ª Vara Criminal, 1ª Vara Cível, 2ª Vara Criminal, 2ª Vara Cível, Vara do Juizado Especial Cível e Criminal" }, "geometry": { "type": "Point", "coordinates": [ -49.064022798365471, -23.17769301399181 ] } },
{ "type": "Feature", "properties": { "id_municipio_ibge": 3503158, "nome_municipio": "Arapeí", "populacao_municipio": 2330, "id_foro": 3504909, "nome_foro": "Bananal", "total_varas_foro": 2, "entrancia": "Entrância Inicial", "endereco_sede": "Praça Rubião Jr. 305 , 305 - Centro, 12850-000", "latitude": -22.733833474129572, "longitude": -44.334507607857255, "id_cj": 48, "nome_cj": "48ª Guaratinguetá", "id_raj": 9, "nome_raj": "9ª São José dos Campos", "populacao_foro": 16152, "qt_cidades_foro": 3, "cidades_no_foro": "Arapeí, Bananal, São José do Barreiro", "qt_cidades_cj": 17, "cidades_na_cj": "Aparecida, Arapeí, Areias, Bananal, Cachoeira Paulista, Canas, Cruzeiro, Cunha, Guaratinguetá, Lavrinhas, Lorena, Piquete, Potim, Queluz, Roseira, Silveiras, São José do Barreiro", "unidades": null, "total_varas_municipio": 0, "varas_municipio": null, "varas_foro": "Juizado Especial Cível, Vara Judicial" }, "geometry": { "type": "Point", "coordinates": [ -44.438610638857689, -22.672931269734363 ] } },
{ "type": "Feature", "properties": { "id_municipio_ibge": 3503208, "nome_municipio": "Araraquara", "populacao_municipio": 242228, "id_foro": 3503208, "nome_foro": "Araraquara", "total_varas_foro": 16, "entrancia": "Entrância Final", "endereco_sede": "Av. D.  Pedro  II , 764 - Centro, 14801-040", "latitude": -21.791630848881979, "longitude": -48.181323820515914, "id_cj": 13, "nome_cj": "13ª Araraquara", "id_raj": 6, "nome_raj": "6ª Ribeirão Preto", "populacao_foro": 256241, "qt_cidades_foro": 3, "cidades_no_foro": "Araraquara, Gavião Peixoto, Nova Europa", "qt_cidades_cj": 14, "cidades_na_cj": "Américo Brasiliense, Araraquara, Borborema, Dobrada, Gavião Peixoto, Iacanga, Ibitinga, Itápolis, Matão, Motuca, Nova Europa, Rincão, Santa Lúcia, Tabatinga", "unidades": "Fórum Araraquara II - Vara da Infância e da Juventude, Fórum Araraquara III - (CEJUSC), Fórum Juiz Macedo Couto", "total_varas_municipio": 16, "varas_municipio": "1ª Vara Criminal, 1ª Vara Cível, 1ª Vara da Família e das Sucessões, 2ª Vara Criminal, 2ª Vara Cível, 2ª Vara da Família e das Sucessões, 3ª Vara Criminal, 3ª Vara Cível, 4ª Vara Cível, 5ª Vara Cível, da Juventude e do Idoso, Ofício do Juizado Especial Cível, Vara da Fazenda Pública, Vara da Infância, Vara de Execuções Criminais, Vara do Juizado Especial Cível", "varas_foro": "1ª Vara Criminal, 1ª Vara Cível, 1ª Vara da Família e das Sucessões, 2ª Vara Criminal, 2ª Vara Cível, 2ª Vara da Família e das Sucessões, 3ª Vara Criminal, 3ª Vara Cível, 4ª Vara Cível, 5ª Vara Cível, da Juventude e do Idoso, Ofício do Juizado Especial Cível, Vara da Fazenda Pública, Vara da Infância, Vara de Execuções Criminais, Vara do Juizado Especial Cível" }, "geometry": { "type": "Point", "coordinates": [ -48.181323820515914, -21.791630848881979 ] } },
{ "type": "Feature", "properties": { "id_municipio_ibge": 3503307, "nome_municipio": "Araras", "populacao_municipio": 130866, "id_foro": 3503307, "nome_foro": "Araras", "total_varas_foro": 6, "entrancia": "Entrância Intermediária", "endereco_sede": "Av. Zurita , 681 - Jardim Belvedere, 00000-000", "latitude": -22.346162293409549, "longitude": -47.32385729530246, "id_cj": 10, "nome_cj": "10ª Limeira", "id_raj": 4, "nome_raj": "4ª Campinas", "populacao_foro": 130866, "qt_cidades_foro": 1, "cidades_no_foro": "Araras", "qt_cidades_cj": 4, "cidades_na_cj": "Araras, Cordeirópolis, Iracemápolis, Limeira", "unidades": "Forum Araras II - ANEXO FISCAL, Fórum Araras - (Des.Manoel Carlos  da Costa Leite), Fórum Araras III (CEJUSC na Universidade de Araras - UNAR), Fórum Araras IV (CEJUSC), Fórum Araras V - (Anexo da Violência Doméstica)", "total_varas_municipio": 6, "varas_municipio": "1ª Vara Cível, 2ª Vara Cível, 3ª Vara Cível, Ofício do Juizado Especial Cível e Criminal, Vara Criminal, Vara do Juizado Especial Cível e Criminal", "varas_foro": "1ª Vara Cível, 2ª Vara Cível, 3ª Vara Cível, Ofício do Juizado Especial Cível e Criminal, Vara Criminal, Vara do Juizado Especial Cível e Criminal" }, "geometry": { "type": "Point", "coordinates": [ -47.32385729530246, -22.346162293409549 ] } },
{ "type": "Feature", "properties": { "id_municipio_ibge": 3503356, "nome_municipio": "Arco-Íris", "populacao_municipio": 2044, "id_foro": 3555000, "nome_foro": "Tupã", "total_varas_foro": 5, "entrancia": "Entrância Final", "endereco_sede": "Rua Nhambiquaras , 1731 - centro, 17600-060", "latitude": -21.947277997451096, "longitude": -50.534617908939552, "id_cj": 30, "nome_cj": "30ª Tupã", "id_raj": 5, "nome_raj": "5ª Presidente Prudente", "populacao_foro": 87621, "qt_cidades_foro": 5, "cidades_no_foro": "Arco-Íris, Herculândia, Queiroz, Rinópolis, Tupã", "qt_cidades_cj": 17, "cidades_na_cj": "Adamantina, Arco-Íris, Bastos, Flórida Paulista, Herculândia, Iacri, Inúbia Paulista, Lucélia, Mariápolis, Osvaldo Cruz, Parapuã, Pracinha, Queiroz, Rinópolis, Sagres, Salmourão, Tupã", "unidades": null, "total_varas_municipio": 0, "varas_municipio": null, "varas_foro": "1ª Vara Cível, 2ª Vara Cível, 3ª Vara Cível, Juizado Especial Cível, Vara Criminal" }, "geometry": { "type": "Point", "coordinates": [ -50.430941593256684, -21.766344934120397 ] } },
{ "type": "Feature", "properties": { "id_municipio_ibge": 3503406, "nome_municipio": "Arealva", "populacao_municipio": 8130, "id_foro": 3506003, "nome_foro": "Bauru", "total_varas_foro": 16, "entrancia": "Entrância Final", "endereco_sede": "Rua Afonso Pena , 5-40 - Bela Vista, 17060-900", "latitude": -22.253995421795278, "longitude": -49.12613527219807, "id_cj": 32, "nome_cj": "32ª Bauru", "id_raj": 3, "nome_raj": "3ª Bauru", "populacao_foro": 391759, "qt_cidades_foro": 3, "cidades_no_foro": "Arealva, Avaí, Bauru", "qt_cidades_cj": 18, "cidades_na_cj": "Agudos, Arealva, Avaí, Balbinos, Bauru, Borebi, Cabrália Paulista, Duartina, Lençóis Paulista, Lucianópolis, Paulistânia, Pirajuí, Piratininga, Pongaí, Presidente Alves, Reginópolis, Ubirajara, Uru", "unidades": null, "total_varas_municipio": 0, "varas_municipio": null, "varas_foro": "1ª Vara Criminal, 1ª Vara Cível, 1ª Vara da Família e das Sucessões, 1ª Vara do Juizado Especial Cível, 1º Ofício do Juizado Especial Cível, 2ª Vara Criminal, 2ª Vara Cível, 2ª Vara da Família e das Sucessões, 3ª Vara Criminal, 3ª Vara Cível, 4ª Vara Criminal, 4ª Vara Cível, 5ª Vara Cível, 6ª Vara Cível, 7ª Vara Cível, Vara da Infância e Juventude" }, "geometry": { "type": "Point", "coordinates": [ -48.981889391604533, -22.076287855352579 ] } },
{ "type": "Feature", "properties": { "id_municipio_ibge": 3503505, "nome_municipio": "Areias", "populacao_municipio": 3577, "id_foro": 3541901, "nome_foro": "Queluz", "total_varas_foro": 2, "entrancia": "Entrância Inicial", "endereco_sede": "Praça Portugal , 174 - Centro, 12800-000", "latitude": -22.504246200105939, "longitude": -44.785288194563122, "id_cj": 48, "nome_cj": "48ª Guaratinguetá", "id_raj": 9, "nome_raj": "9ª São José dos Campos", "populacao_foro": 12736, "qt_cidades_foro": 2, "cidades_no_foro": "Areias, Queluz", "qt_cidades_cj": 17, "cidades_na_cj": "Aparecida, Arapeí, Areias, Bananal, Cachoeira Paulista, Canas, Cruzeiro, Cunha, Guaratinguetá, Lavrinhas, Lorena, Piquete, Potim, Queluz, Roseira, Silveiras, São José do Barreiro", "unidades": null, "total_varas_municipio": 0, "varas_municipio": null, "varas_foro": "Juizado Especial Cível, Vara Judicial" }, "geometry": { "type": "Point", "coordinates": [ -44.712355738032279, -22.673122188973831 ] } },
{ "type": "Feature", "properties": { "id_municipio_ibge": 3503604, "nome_municipio": "Areiópolis", "populacao_municipio": 10130, "id_foro": 3550100, "nome_foro": "São Manuel", "total_varas_foro": 1, "entrancia": "Entrância Inicial", "endereco_sede": "Rua Ettore Targa , s/nº - Centro, 18652330", "latitude": -22.682250849603978, "longitude": -48.540435249927746, "id_cj": 23, "nome_cj": "23ª Botucatu", "id_raj": 3, "nome_raj": "3ª Bauru", "populacao_foro": 52545, "qt_cidades_foro": 3, "cidades_no_foro": "Areiópolis, Pratânia, São Manuel", "qt_cidades_cj": 9, "cidades_na_cj": "Anhembi, Areiópolis, Botucatu, Conchas, Itatinga, Pardinho, Pereiras, Pratânia, São Manuel", "unidades": null, "total_varas_municipio": 0, "varas_municipio": null, "varas_foro": "1º Vara Judicial" }, "geometry": { "type": "Point", "coordinates": [ -48.652858001886244, -22.631844910844926 ] } },
{ "type": "Feature", "properties": { "id_municipio_ibge": 3503703, "nome_municipio": "Ariranha", "populacao_municipio": 7602, "id_foro": 3545605, "nome_foro": "Santa Adélia", "total_varas_foro": 4, "entrancia": "Entrância Inicial", "endereco_sede": "Praça Doutor Adhemar de Barros , 255 - Centro, 15950-000", "latitude": -21.317775593689618, "longitude": -48.819015715892654, "id_cj": 15, "nome_cj": "15ª Catanduva", "id_raj": 8, "nome_raj": "8ª São José do Rio Preto", "populacao_foro": 31270, "qt_cidades_foro": 3, "cidades_no_foro": "Ariranha, Palmares Paulista, Santa Adélia", "qt_cidades_cj": 16, "cidades_na_cj": "Ariranha, Catanduva, Catiguá, Elisiário, Ibirá, Irapuã, Itajobi, Marapoama, Novais, Novo Horizonte, Palmares Paulista, Pindorama, Sales, Santa Adélia, Tabapuã, Urupês", "unidades": null, "total_varas_municipio": 0, "varas_municipio": null, "varas_foro": "Juizado Especial Criminal, Juizado Especial Cível, Ofício Judicial da Vara Única da Comarca, Vara Judicial" }, "geometry": { "type": "Point", "coordinates": [ -48.779198313469685, -21.18566290582736 ] } },
{ "type": "Feature", "properties": { "id_municipio_ibge": 3503802, "nome_municipio": "Artur Nogueira", "populacao_municipio": 51456, "id_foro": 3503802, "nome_foro": "Artur Nogueira", "total_varas_foro": 0, "entrancia": "Entrância Intermediária", "endereco_sede": "Rua 13 de Maio , 140/150 - Centro, 13160-170", "latitude": -22.561187581845694, "longitude": -47.132156814443142, "id_cj": 7, "nome_cj": "7ª Mogi Mirim", "id_raj": 4, "nome_raj": "4ª Campinas", "populacao_foro": 86116, "qt_cidades_foro": 3, "cidades_no_foro": "Artur Nogueira, Engenheiro Coelho, Holambra", "qt_cidades_cj": 8, "cidades_na_cj": "Artur Nogueira, Conchal, Engenheiro Coelho, Estiva Gerbi, Holambra, Itapira, Mogi Guaçu, Mogi Mirim", "unidades": "Fórum Artur Nogueira, Fórum Artur Nogueira (CEJUSC)", "total_varas_municipio": 0, "varas_municipio": null, "varas_foro": null }, "geometry": { "type": "Point", "coordinates": [ -47.132156814443142, -22.561187581845694 ] } },
{ "type": "Feature", "properties": { "id_municipio_ibge": 3503901, "nome_municipio": "Arujá", "populacao_municipio": 86678, "id_foro": 3503901, "nome_foro": "Arujá", "total_varas_foro": 1, "entrancia": "Entrância Intermediária", "endereco_sede": "Rua Albino Rodrigues Neves , 610 - Center Ville, 07401125", "latitude": -23.386006966979739, "longitude": -46.319035002988109, "id_cj": 44, "nome_cj": "44ª Guarulhos", "id_raj": 1, "nome_raj": "1ª Grande São Paulo", "populacao_foro": 86678, "qt_cidades_foro": 1, "cidades_no_foro": "Arujá", "qt_cidades_cj": 5, "cidades_na_cj": "Arujá, Guarulhos, Igaratá, Mairiporã, Santa Isabel", "unidades": "Forum Arujá III (Setor Técnico), Fórum Arujá II, Fórum Arujá IV - Execuções Fiscais, Fórum Arujá IV - Juizado Especial, Fórum Arujá V (Salão do Júri), Fórum Arujá VI - Juizado Especial Cível e Criminal, Fórum Arujá VII - Deposito de Material e Arquivo de Processos, Fórum Arujá VIII - Cejusc, Fórum Fernando de Albuquerque Prado", "total_varas_municipio": 1, "varas_municipio": "1ª Vara Judicial", "varas_foro": "1ª Vara Judicial" }, "geometry": { "type": "Point", "coordinates": [ -46.319035002988109, -23.386006966979739 ] } },
{ "type": "Feature", "properties": { "id_municipio_ibge": 3503950, "nome_municipio": "Aspásia", "populacao_municipio": 1842, "id_foro": 3555802, "nome_foro": "Urânia", "total_varas_foro": 2, "entrancia": "Entrância Inicial", "endereco_sede": "Avenida Barão do Rio Branco , 818 - Centro, 15760-000", "latitude": -20.20893696772616, "longitude": -50.652530592659005, "id_cj": 55, "nome_cj": "55ª Jales", "id_raj": 2, "nome_raj": "2ª Araçatuba", "populacao_foro": 12320, "qt_cidades_foro": 3, "cidades_no_foro": "Aspásia, Santa Salete, Urânia", "qt_cidades_cj": 23, "cidades_na_cj": "Aparecida d'Oeste, Aspásia, Auriflama, Dirce Reis, Guzolândia, Jales, Marinópolis, Mesópolis, Nova Canaã Paulista, Palmeira d'Oeste, Paranapuã, Pontalinda, Rubinéia, Santa Albertina, Santa Clara d'Oeste, Santa Fé do Sul, Santa Rita d'Oeste, Santa Salete, Santana da Ponte Pensa, São Francisco, Três Fronteiras, Urânia, Vitória Brasil", "unidades": null, "total_varas_municipio": 0, "varas_municipio": null, "varas_foro": "Juizado Especial Cível, Vara Judicial" }, "geometry": { "type": "Point", "coordinates": [ -50.728050089087589, -20.183556506620405 ] } },
{ "type": "Feature", "properties": { "id_municipio_ibge": 3504008, "nome_municipio": "Assis", "populacao_municipio": 101409, "id_foro": 3504008, "nome_foro": "Assis", "total_varas_foro": 8, "entrancia": "Entrância Final", "endereco_sede": "Rua Doutor Lício Brandão de Camargo , 50 - Vila Clementina, 19802-300", "latitude": -22.601732995882681, "longitude": -50.420761155060511, "id_cj": 26, "nome_cj": "26ª Assis", "id_raj": 5, "nome_raj": "5ª Presidente Prudente", "populacao_foro": 126347, "qt_cidades_foro": 4, "cidades_no_foro": "Assis, Echaporã, Florínia, Tarumã", "qt_cidades_cj": 18, "cidades_na_cj": "Assis, Borá, Campos Novos Paulista, Cruzália, Cândido Mota, Echaporã, Florínia, Ibirarema, João Ramalho, Lutécia, Maracaí, Oscar Bressane, Palmital, Paraguaçu Paulista, Pedrinhas Paulista, Platina, Quatá, Tarumã", "unidades": "Fórum Assis  (Depósito) [Desativado], Fórum Assis I - Dr. José Claudino de Oliveira Dias, Fórum Assis II - (Vara da Fazenda Pública), Fórum Assis III - (Juizado Especial Cível e Criminal), Fórum Assis IV - (CEJUSC - ACIA), Fórum Assis V - (CEJUSC - UNIP), Fórum Assis V - (Depósito)", "total_varas_municipio": 8, "varas_municipio": "1ª Vara Criminal, 1ª Vara Cível, 2ª Vara Criminal e do Juizado de Violência Doméstica e Familiar contra a Mulher, 2ª Vara Cível, 3ª Vara Cível, Corregedoria dos Presídios e da Polícia Judiciária, Seção Processual I e II, Vara da Família e das Sucessões", "varas_foro": "1ª Vara Criminal, 1ª Vara Cível, 2ª Vara Criminal e do Juizado de Violência Doméstica e Familiar contra a Mulher, 2ª Vara Cível, 3ª Vara Cível, Corregedoria dos Presídios e da Polícia Judiciária, Seção Processual I e II, Vara da Família e das Sucessões" }, "geometry": { "type": "Point", "coordinates": [ -50.420761155060511, -22.601732995882681 ] } },
{ "type": "Feature", "properties": { "id_municipio_ibge": 3504107, "nome_municipio": "Atibaia", "populacao_municipio": 158647, "id_foro": 3504107, "nome_foro": "Atibaia", "total_varas_foro": 9, "entrancia": "Entrância Final", "endereco_sede": "Rua Bartolomeu Peranovich , 200 - Centro, 12940-610", "latitude": -23.123277247572176, "longitude": -46.58678903900698, "id_cj": 6, "nome_cj": "6ª Bragança Paulista", "id_raj": 4, "nome_raj": "4ª Campinas", "populacao_foro": 158647, "qt_cidades_foro": 1, "cidades_no_foro": "Atibaia", "qt_cidades_cj": 11, "cidades_na_cj": "Atibaia, Bom Jesus dos Perdões, Bragança Paulista, Jarinu, Joanópolis, Nazaré Paulista, Pedra Bela, Pinhalzinho, Piracaia, Tuiuti, Vargem", "unidades": "CEJUSC Atibaia, Fórum \"Dr. Álvaro Correia Lima\", Fórum Atibaia (DESOCUPADO), Fórum Atibaia II (Devolvido a partir de 17.12.2021)", "total_varas_municipio": 9, "varas_municipio": "1ª Vara Criminal, 1ª Vara Cível, 2ª Vara Criminal, 2ª Vara Cível, 3ª Vara Criminal, 3ª Vara Cível, 4ª Vara Cível, Juizado Especial Cível e Criminal, Vara do Juizado Especial Cível e Criminal", "varas_foro": "1ª Vara Criminal, 1ª Vara Cível, 2ª Vara Criminal, 2ª Vara Cível, 3ª Vara Criminal, 3ª Vara Cível, 4ª Vara Cível, Juizado Especial Cível e Criminal, Vara do Juizado Especial Cível e Criminal" }, "geometry": { "type": "Point", "coordinates": [ -46.58678903900698, -23.123277247572176 ] } },
{ "type": "Feature", "properties": { "id_municipio_ibge": 3504206, "nome_municipio": "Auriflama", "populacao_municipio": 13692, "id_foro": 3504206, "nome_foro": "Auriflama", "total_varas_foro": 2, "entrancia": "Entrância Inicial", "endereco_sede": "Rua Doutor Márcio da Mata Bianco , 52/25 - centro, 15350-000", "latitude": -20.644145665799488, "longitude": -50.579955333538045, "id_cj": 55, "nome_cj": "55ª Jales", "id_raj": 2, "nome_raj": "2ª Araçatuba", "populacao_foro": 17938, "qt_cidades_foro": 2, "cidades_no_foro": "Auriflama, Guzolândia", "qt_cidades_cj": 23, "cidades_na_cj": "Aparecida d'Oeste, Aspásia, Auriflama, Dirce Reis, Guzolândia, Jales, Marinópolis, Mesópolis, Nova Canaã Paulista, Palmeira d'Oeste, Paranapuã, Pontalinda, Rubinéia, Santa Albertina, Santa Clara d'Oeste, Santa Fé do Sul, Santa Rita d'Oeste, Santa Salete, Santana da Ponte Pensa, São Francisco, Três Fronteiras, Urânia, Vitória Brasil", "unidades": "Fórum Auriflama - (Ministro Domingos Franciulli Neto)", "total_varas_municipio": 2, "varas_municipio": "Juizado Especial Cível, Vara Judicial", "varas_foro": "Juizado Especial Cível, Vara Judicial" }, "geometry": { "type": "Point", "coordinates": [ -50.579955333538045, -20.644145665799488 ] } },
{ "type": "Feature", "properties": { "id_municipio_ibge": 3504305, "nome_municipio": "Avaí", "populacao_municipio": 4483, "id_foro": 3506003, "nome_foro": "Bauru", "total_varas_foro": 16, "entrancia": "Entrância Final", "endereco_sede": "Rua Afonso Pena , 5-40 - Bela Vista, 17060-900", "latitude": -22.253995421795278, "longitude": -49.12613527219807, "id_cj": 32, "nome_cj": "32ª Bauru", "id_raj": 3, "nome_raj": "3ª Bauru", "populacao_foro": 391759, "qt_cidades_foro": 3, "cidades_no_foro": "Arealva, Avaí, Bauru", "qt_cidades_cj": 18, "cidades_na_cj": "Agudos, Arealva, Avaí, Balbinos, Bauru, Borebi, Cabrália Paulista, Duartina, Lençóis Paulista, Lucianópolis, Paulistânia, Pirajuí, Piratininga, Pongaí, Presidente Alves, Reginópolis, Ubirajara, Uru", "unidades": null, "total_varas_municipio": 0, "varas_municipio": null, "varas_foro": "1ª Vara Criminal, 1ª Vara Cível, 1ª Vara da Família e das Sucessões, 1ª Vara do Juizado Especial Cível, 1º Ofício do Juizado Especial Cível, 2ª Vara Criminal, 2ª Vara Cível, 2ª Vara da Família e das Sucessões, 3ª Vara Criminal, 3ª Vara Cível, 4ª Vara Criminal, 4ª Vara Cível, 5ª Vara Cível, 6ª Vara Cível, 7ª Vara Cível, Vara da Infância e Juventude" }, "geometry": { "type": "Point", "coordinates": [ -49.316214305293968, -22.187195104682047 ] } },
{ "type": "Feature", "properties": { "id_municipio_ibge": 3504404, "nome_municipio": "Avanhandava", "populacao_municipio": 11263, "id_foro": 3537305, "nome_foro": "Penápolis", "total_varas_foro": 5, "entrancia": "Entrância Intermediária", "endereco_sede": "Praça Doutor Carlos Sampaio Filho , 190 - Centro, 16300-000", "latitude": -21.405402830387295, "longitude": -50.095696189609299, "id_cj": 36, "nome_cj": "36ª Araçatuba", "id_raj": 2, "nome_raj": "2ª Araçatuba", "populacao_foro": 96618, "qt_cidades_foro": 7, "cidades_no_foro": "Alto Alegre, Avanhandava, Barbosa, Braúna, Glicério, Luiziânia, Penápolis", "qt_cidades_cj": 26, "cidades_na_cj": "Alto Alegre, Araçatuba, Avanhandava, Barbosa, Bento de Abreu, Bilac, Birigui, Braúna, Brejo Alegre, Buritama, Clementina, Coroados, Gabriel Monteiro, Glicério, Guararapes, Lourdes, Luiziânia, Penápolis, Piacatu, Planalto, Rubiácea, Santo Antônio do Aracanguá, Santópolis do Aguapeí, Turiúba, Valparaíso, Zacarias", "unidades": null, "total_varas_municipio": 0, "varas_municipio": null, "varas_foro": "1ª Vara Judicial, 2ª Vara Judicial, 3ª Vara Judicial, 4ª Vara Judicial, Vara do Juizado Especial Cível e Criminal" }, "geometry": { "type": "Point", "coordinates": [ -49.947354065380431, -21.460535194244308 ] } },
{ "type": "Feature", "properties": { "id_municipio_ibge": 3504503, "nome_municipio": "Avaré", "populacao_municipio": 92805, "id_foro": 3504503, "nome_foro": "Avaré", "total_varas_foro": 5, "entrancia": "Entrância Final", "endereco_sede": "Rua: ABILIO GARCIA , 527 - Vila Jussara Maria, 18706-040", "latitude": -23.075203834870688, "longitude": -48.894010223201107, "id_cj": 24, "nome_cj": "24ª Avaré", "id_raj": 3, "nome_raj": "3ª Bauru", "populacao_foro": 99690, "qt_cidades_foro": 2, "cidades_no_foro": "Arandu, Avaré", "qt_cidades_cj": 11, "cidades_na_cj": "Arandu, Avaré, Cerqueira César, Coronel Macedo, Fartura, Iaras, Itaí, Paranapanema, Taguaí, Taquarituba, Águas de Santa Bárbara", "unidades": "Desocupado, Fórum Avaré - I, Fórum Avaré - II (CEJUSC), Z-Fórum Avaré (Desativado)", "total_varas_municipio": 5, "varas_municipio": "1ª Vara Criminal, 1ª Vara Cível, 2ª Vara Criminal, 2ª Vara Cível, Vara do Juizado Especial Cível e Criminal", "varas_foro": "1ª Vara Criminal, 1ª Vara Cível, 2ª Vara Criminal, 2ª Vara Cível, Vara do Juizado Especial Cível e Criminal" }, "geometry": { "type": "Point", "coordinates": [ -48.894010223201107, -23.075203834870688 ] } },
{ "type": "Feature", "properties": { "id_municipio_ibge": 3504602, "nome_municipio": "Bady Bassitt", "populacao_municipio": 27260, "id_foro": 3549805, "nome_foro": "São José do Rio Preto", "total_varas_foro": 7, "entrancia": "Entrância Final", "endereco_sede": "Rua Marechal Deodoro da Fonseca , 3036 - Centro, 15010-902", "latitude": -20.797230087349501, "longitude": -49.358102151621488, "id_cj": 16, "nome_cj": "16ª São José do Rio Preto", "id_raj": 8, "nome_raj": "8ª São José do Rio Preto", "populacao_foro": 559137, "qt_cidades_foro": 6, "cidades_no_foro": "Bady Bassitt, Cedral, Guapiaçu, Ipiguá, São José do Rio Preto, Uchoa", "qt_cidades_cj": 33, "cidades_na_cj": "Adolfo, Américo de Campos, Bady Bassitt, Bálsamo, Cedral, Cosmorama, Guapiaçu, Icém, Ipiguá, Jaci, José Bonifácio, Macaubal, Mendonça, Mirassol, Mirassolândia, Monte Aprazível, Neves Paulista, Nipoã, Nova Aliança, Nova Granada, Onda Verde, Orindiúva, Palestina, Paulo de Faria, Poloni, Potirendaba, Riolândia, Sebastianópolis do Sul, São José do Rio Preto, Tanabi, Ubarana, Uchoa, União Paulista", "unidades": null, "total_varas_municipio": 0, "varas_municipio": null, "varas_foro": "1ª Vara Criminal, 2ª Vara Criminal, 3ª Vara Criminal, 4ª Vara Criminal, 5ª Vara Criminal, Vara de Execuções Criminais, Vara do DEECRIM" }, "geometry": { "type": "Point", "coordinates": [ -49.437627910764213, -20.931530268724984 ] } },
{ "type": "Feature", "properties": { "id_municipio_ibge": 3504701, "nome_municipio": "Balbinos", "populacao_municipio": 3887, "id_foro": 3538907, "nome_foro": "Pirajuí", "total_varas_foro": 3, "entrancia": "Entrância Inicial", "endereco_sede": "Praça Doutor Pedro da Rocha Braga , 43 - Centro, 16600-041", "latitude": -21.957602612247964, "longitude": -49.413609857419374, "id_cj": 32, "nome_cj": "32ª Bauru", "id_raj": 3, "nome_raj": "3ª Bauru", "populacao_foro": 42566, "qt_cidades_foro": 6, "cidades_no_foro": "Balbinos, Pirajuí, Pongaí, Presidente Alves, Reginópolis, Uru", "qt_cidades_cj": 18, "cidades_na_cj": "Agudos, Arealva, Avaí, Balbinos, Bauru, Borebi, Cabrália Paulista, Duartina, Lençóis Paulista, Lucianópolis, Paulistânia, Pirajuí, Piratininga, Pongaí, Presidente Alves, Reginópolis, Ubirajara, Uru", "unidades": null, "total_varas_municipio": 0, "varas_municipio": null, "varas_foro": "1ª Vara Judicial, 2ª Vara Judicial, Juizado Especial Cível" }, "geometry": { "type": "Point", "coordinates": [ -49.333088210275356, -21.892420496619796 ] } },
{ "type": "Feature", "properties": { "id_municipio_ibge": 3504800, "nome_municipio": "Bálsamo", "populacao_municipio": 9596, "id_foro": 3530300, "nome_foro": "Mirassol", "total_varas_foro": 4, "entrancia": "Entrância Intermediária", "endereco_sede": "Rua São Sebastião , 19-39 - Centro, 15130-000", "latitude": -20.82764541913081, "longitude": -49.504245734667414, "id_cj": 16, "nome_cj": "16ª São José do Rio Preto", "id_raj": 8, "nome_raj": "8ª São José do Rio Preto", "populacao_foro": 85215, "qt_cidades_foro": 4, "cidades_no_foro": "Bálsamo, Jaci, Mirassol, Mirassolândia", "qt_cidades_cj": 33, "cidades_na_cj": "Adolfo, Américo de Campos, Bady Bassitt, Bálsamo, Cedral, Cosmorama, Guapiaçu, Icém, Ipiguá, Jaci, José Bonifácio, Macaubal, Mendonça, Mirassol, Mirassolândia, Monte Aprazível, Neves Paulista, Nipoã, Nova Aliança, Nova Granada, Onda Verde, Orindiúva, Palestina, Paulo de Faria, Poloni, Potirendaba, Riolândia, Sebastianópolis do Sul, São José do Rio Preto, Tanabi, Ubarana, Uchoa, União Paulista", "unidades": null, "total_varas_municipio": 0, "varas_municipio": null, "varas_foro": "1ª Vara Judicial, 2ª Vara Judicial, 3ª Vara Judicial, Assistente Judiciário da 1ª Vara Judicial" }, "geometry": { "type": "Point", "coordinates": [ -49.551782461174298, -20.709543373372377 ] } },
{ "type": "Feature", "properties": { "id_municipio_ibge": 3504909, "nome_municipio": "Bananal", "populacao_municipio": 9969, "id_foro": 3504909, "nome_foro": "Bananal", "total_varas_foro": 2, "entrancia": "Entrância Inicial", "endereco_sede": "Praça Rubião Jr. 305 , 305 - Centro, 12850-000", "latitude": -22.733833474129572, "longitude": -44.334507607857255, "id_cj": 48, "nome_cj": "48ª Guaratinguetá", "id_raj": 9, "nome_raj": "9ª São José dos Campos", "populacao_foro": 16152, "qt_cidades_foro": 3, "cidades_no_foro": "Arapeí, Bananal, São José do Barreiro", "qt_cidades_cj": 17, "cidades_na_cj": "Aparecida, Arapeí, Areias, Bananal, Cachoeira Paulista, Canas, Cruzeiro, Cunha, Guaratinguetá, Lavrinhas, Lorena, Piquete, Potim, Queluz, Roseira, Silveiras, São José do Barreiro", "unidades": "DR JOSÉ RANGEL DE ALMEIDA", "total_varas_municipio": 2, "varas_municipio": "Juizado Especial Cível, Vara Judicial", "varas_foro": "Juizado Especial Cível, Vara Judicial" }, "geometry": { "type": "Point", "coordinates": [ -44.334507607857255, -22.733833474129572 ] } },
{ "type": "Feature", "properties": { "id_municipio_ibge": 3505005, "nome_municipio": "Barão de Antonina", "populacao_municipio": 3531, "id_foro": 3522802, "nome_foro": "Itaporanga", "total_varas_foro": 2, "entrancia": "Entrância Inicial", "endereco_sede": "Avenida Santa Cruz , 59 - Centro, 18480-000", "latitude": -23.672943964016543, "longitude": -49.458483351562634, "id_cj": 49, "nome_cj": "49ª Itapeva", "id_raj": 10, "nome_raj": "10ª Sorocaba", "populacao_foro": 23215, "qt_cidades_foro": 3, "cidades_no_foro": "Barão de Antonina, Itaporanga, Riversul", "qt_cidades_cj": 16, "cidades_na_cj": "Apiaí, Barra do Chapéu, Barão de Antonina, Bom Sucesso de Itararé, Buri, Itaberá, Itapeva, Itapirapuã Paulista, Itaporanga, Itararé, Itaóca, Nova Campina, Ribeira, Ribeirão Branco, Riversul, Taquarivaí", "unidades": null, "total_varas_municipio": 0, "varas_municipio": null, "varas_foro": "Juizado Especial Cível e Criminal, Vara Única" }, "geometry": { "type": "Point", "coordinates": [ -49.571965283854702, -23.582917921998124 ] } },
{ "type": "Feature", "properties": { "id_municipio_ibge": 3505104, "nome_municipio": "Barbosa", "populacao_municipio": 5640, "id_foro": 3537305, "nome_foro": "Penápolis", "total_varas_foro": 5, "entrancia": "Entrância Intermediária", "endereco_sede": "Praça Doutor Carlos Sampaio Filho , 190 - Centro, 16300-000", "latitude": -21.405402830387295, "longitude": -50.095696189609299, "id_cj": 36, "nome_cj": "36ª Araçatuba", "id_raj": 2, "nome_raj": "2ª Araçatuba", "populacao_foro": 96618, "qt_cidades_foro": 7, "cidades_no_foro": "Alto Alegre, Avanhandava, Barbosa, Braúna, Glicério, Luiziânia, Penápolis", "qt_cidades_cj": 26, "cidades_na_cj": "Alto Alegre, Araçatuba, Avanhandava, Barbosa, Bento de Abreu, Bilac, Birigui, Braúna, Brejo Alegre, Buritama, Clementina, Coroados, Gabriel Monteiro, Glicério, Guararapes, Lourdes, Luiziânia, Penápolis, Piacatu, Planalto, Rubiácea, Santo Antônio do Aracanguá, Santópolis do Aguapeí, Turiúba, Valparaíso, Zacarias", "unidades": null, "total_varas_municipio": 0, "varas_municipio": null, "varas_foro": "1ª Vara Judicial, 2ª Vara Judicial, 3ª Vara Judicial, 4ª Vara Judicial, Vara do Juizado Especial Cível e Criminal" }, "geometry": { "type": "Point", "coordinates": [ -49.92214706322558, -21.29066022789646 ] } },
{ "type": "Feature", "properties": { "id_municipio_ibge": 3505203, "nome_municipio": "Bariri", "populacao_municipio": 31595, "id_foro": 3505203, "nome_foro": "Bariri", "total_varas_foro": 0, "entrancia": "Entrância Inicial", "endereco_sede": "Avenida Claudionor Barbieri nº 488 ,  - Centro, 17250-027", "latitude": -22.066797210325753, "longitude": -48.718829121216423, "id_cj": 33, "nome_cj": "33ª Jaú", "id_raj": 3, "nome_raj": "3ª Bauru", "populacao_foro": 35213, "qt_cidades_foro": 2, "cidades_no_foro": "Bariri, Itaju", "qt_cidades_cj": 12, "cidades_na_cj": "Bariri, Barra Bonita, Bocaina, Boracéia, Dois Córregos, Igaraçu do Tietê, Itaju, Itapuí, Jaú, Macatuba, Mineiros do Tietê, Pederneiras", "unidades": "FORUM \"DR. JOAQUIM FERNANDO PAES DE BARROS NETTO\", Fórum Bariri II, Residência Oficial - cedida para Prefeitura Municipal de Bariri-19ª Zona Eleitor", "total_varas_municipio": 0, "varas_municipio": null, "varas_foro": null }, "geometry": { "type": "Point", "coordinates": [ -48.718829121216423, -22.066797210325753 ] } },
{ "type": "Feature", "properties": { "id_municipio_ibge": 3505302, "nome_municipio": "Barra Bonita", "populacao_municipio": 34346, "id_foro": 3505302, "nome_foro": "Barra Bonita", "total_varas_foro": 3, "entrancia": "Entrância Inicial", "endereco_sede": "Rua Prudente de Moraes - Praça Emydio Meira , 520 - Jardim Vista Alegre, 17340-102", "latitude": -22.479482493867387, "longitude": -48.541756337972721, "id_cj": 33, "nome_cj": "33ª Jaú", "id_raj": 3, "nome_raj": "3ª Bauru", "populacao_foro": 57452, "qt_cidades_foro": 2, "cidades_no_foro": "Barra Bonita, Igaraçu do Tietê", "qt_cidades_cj": 12, "cidades_na_cj": "Bariri, Barra Bonita, Bocaina, Boracéia, Dois Córregos, Igaraçu do Tietê, Itaju, Itapuí, Jaú, Macatuba, Mineiros do Tietê, Pederneiras", "unidades": "Fórum I Barra Bonita, Fórum II Barra Bonita (CEJUSC)", "total_varas_municipio": 3, "varas_municipio": "1ª Vara Judicial, 2ª Vara Judicial, Juizado Especial Cível e Criminal", "varas_foro": "1ª Vara Judicial, 2ª Vara Judicial, Juizado Especial Cível e Criminal" }, "geometry": { "type": "Point", "coordinates": [ -48.541756337972721, -22.479482493867387 ] } },
{ "type": "Feature", "properties": { "id_municipio_ibge": 3505351, "nome_municipio": "Barra do Chapéu", "populacao_municipio": 5179, "id_foro": 3502705, "nome_foro": "Apiaí", "total_varas_foro": 0, "entrancia": "Entrância Inicial", "endereco_sede": "Praça Francisco Xavier da Rocha , 182 - Centro, 18320-000", "latitude": -24.421467380540186, "longitude": -48.817372200286705, "id_cj": 49, "nome_cj": "49ª Itapeva", "id_raj": 10, "nome_raj": "10ª Sorocaba", "populacao_foro": 40624, "qt_cidades_foro": 5, "cidades_no_foro": "Apiaí, Barra do Chapéu, Itapirapuã Paulista, Itaóca, Ribeira", "qt_cidades_cj": 16, "cidades_na_cj": "Apiaí, Barra do Chapéu, Barão de Antonina, Bom Sucesso de Itararé, Buri, Itaberá, Itapeva, Itapirapuã Paulista, Itaporanga, Itararé, Itaóca, Nova Campina, Ribeira, Ribeirão Branco, Riversul, Taquarivaí", "unidades": null, "total_varas_municipio": 0, "varas_municipio": null, "varas_foro": null }, "geometry": { "type": "Point", "coordinates": [ -49.085280184485534, -24.443773203704858 ] } },
{ "type": "Feature", "properties": { "id_municipio_ibge": 3505401, "nome_municipio": "Barra do Turvo", "populacao_municipio": 6876, "id_foro": 3524600, "nome_foro": "Jacupiranga", "total_varas_foro": 3, "entrancia": "Entrância Inicial", "endereco_sede": "Avenida Presidente Kennedy , 299 - Centro, 11940-000", "latitude": -24.777362691455508, "longitude": -48.05387553699498, "id_cj": 21, "nome_cj": "21ª Registro", "id_raj": 7, "nome_raj": "7ª Santos", "populacao_foro": 51488, "qt_cidades_foro": 3, "cidades_no_foro": "Barra do Turvo, Cajati, Jacupiranga", "qt_cidades_cj": 13, "cidades_na_cj": "Barra do Turvo, Cajati, Cananéia, Eldorado, Iguape, Ilha Comprida, Iporanga, Jacupiranga, Juquiá, Miracatu, Pariquera-Açu, Registro, Sete Barras", "unidades": null, "total_varas_municipio": 0, "varas_municipio": null, "varas_foro": "1ª Vara Judicial, 2ª Vara Judicial, Juizado Especial Cível e Criminal" }, "geometry": { "type": "Point", "coordinates": [ -48.426977387526129, -24.888751336861397 ] } },
{ "type": "Feature", "properties": { "id_municipio_ibge": 3505500, "nome_municipio": "Barretos", "populacao_municipio": 122485, "id_foro": 3505500, "nome_foro": "Barretos", "total_varas_foro": 6, "entrancia": "Entrância Final", "endereco_sede": "Rua 14 , 643 - Centro, 14780-040", "latitude": -20.514159236060067, "longitude": -48.651946251036421, "id_cj": 14, "nome_cj": "14ª Barretos", "id_raj": 8, "nome_raj": "8ª São José do Rio Preto", "populacao_foro": 129114, "qt_cidades_foro": 2, "cidades_no_foro": "Barretos, Colômbia", "qt_cidades_cj": 16, "cidades_na_cj": "Altair, Barretos, Bebedouro, Cajobi, Colina, Colômbia, Embaúba, Guaraci, Guaíra, Jaborandi, Monte Azul Paulista, Olímpia, Paraíso, Severínia, Terra Roxa, Viradouro", "unidades": "Fórum Barretos - Prédio II (Cejusc e Colégio Recursal), Fórum I Barretos, Fórum III Barretos (Anexo do Juizado Especial Cível - UNIFEB)", "total_varas_municipio": 6, "varas_municipio": "1ª Vara Criminal, 1ª Vara Cível, 2ª Vara Criminal, 2ª Vara Cível, 3ª Vara Cível, Juizado Especial Cível e Criminal - Ofício", "varas_foro": "1ª Vara Criminal, 1ª Vara Cível, 2ª Vara Criminal, 2ª Vara Cível, 3ª Vara Cível, Juizado Especial Cível e Criminal - Ofício" }, "geometry": { "type": "Point", "coordinates": [ -48.651946251036421, -20.514159236060067 ] } },
{ "type": "Feature", "properties": { "id_municipio_ibge": 3505609, "nome_municipio": "Barrinha", "populacao_municipio": 32092, "id_foro": 3551702, "nome_foro": "Sertãozinho", "total_varas_foro": 6, "entrancia": "Entrância Final", "endereco_sede": "Avenida Pedro Strini , 71 - Jd. América, 14160-260", "latitude": -21.122914891524172, "longitude": -48.00888267356239, "id_cj": 41, "nome_cj": "41ª Ribeirão Preto", "id_raj": 6, "nome_raj": "6ª Ribeirão Preto", "populacao_foro": 168450, "qt_cidades_foro": 3, "cidades_no_foro": "Barrinha, Dumont, Sertãozinho", "qt_cidades_cj": 16, "cidades_na_cj": "Barrinha, Cajuru, Cravinhos, Cássia dos Coqueiros, Dumont, Guatapará, Jardinópolis, Luís Antônio, Pontal, Ribeirão Preto, Santa Cruz da Esperança, Santa Rosa de Viterbo, Serra Azul, Serrana, Sertãozinho, São Simão", "unidades": null, "total_varas_municipio": 0, "varas_municipio": null, "varas_foro": "1ª Vara Criminal, 1ª Vara Cível, 2ª Vara Cível, 3ª Vara Cível, Oficio do Juizado Especial Cível e Criminal, Vara do Juizado Especial Cível e Criminal" }, "geometry": { "type": "Point", "coordinates": [ -48.095031722615744, -21.232526983826094 ] } },
{ "type": "Feature", "properties": { "id_municipio_ibge": 3505708, "nome_municipio": "Barueri", "populacao_municipio": 316473, "id_foro": 3505708, "nome_foro": "Barueri", "total_varas_foro": 0, "entrancia": "Entrância Final", "endereco_sede": "Rua Ministro Raphael de Barros Monteiro , 110 - Jardim dos Camargos, 06410080", "latitude": -23.505281144747251, "longitude": -46.877262261679462, "id_cj": 4, "nome_cj": "4ª Osasco", "id_raj": 1, "nome_raj": "1ª Grande São Paulo", "populacao_foro": 316473, "qt_cidades_foro": 1, "cidades_no_foro": "Barueri", "qt_cidades_cj": 6, "cidades_na_cj": "Barueri, Carapicuíba, Jandira, Osasco, Pirapora do Bom Jesus, Santana de Parnaíba", "unidades": "Fórum Barueri - (Anexo Fiscal) - Desativado, Fórum Barueri - (Principal) - Desativado, Fórum Barueri II - (CEJUSC), Fórum Barueri III - (Juizado Especial Cível Digital), Fórum Barueri i - (Prédio Novo)", "total_varas_municipio": 0, "varas_municipio": null, "varas_foro": null }, "geometry": { "type": "Point", "coordinates": [ -46.877262261679462, -23.505281144747251 ] } },
{ "type": "Feature", "properties": { "id_municipio_ibge": 3505807, "nome_municipio": "Bastos", "populacao_municipio": 21503, "id_foro": 3505807, "nome_foro": "Bastos", "total_varas_foro": 0, "entrancia": "Entrância Inicial", "endereco_sede": "Rua XV de Novembro , 50 - Jardim Hikari, 17690-000", "latitude": -21.950215380270784, "longitude": -50.743985565256672, "id_cj": 30, "nome_cj": "30ª Tupã", "id_raj": 5, "nome_raj": "5ª Presidente Prudente", "populacao_foro": 27634, "qt_cidades_foro": 2, "cidades_no_foro": "Bastos, Iacri", "qt_cidades_cj": 17, "cidades_na_cj": "Adamantina, Arco-Íris, Bastos, Flórida Paulista, Herculândia, Iacri, Inúbia Paulista, Lucélia, Mariápolis, Osvaldo Cruz, Parapuã, Pracinha, Queiroz, Rinópolis, Sagres, Salmourão, Tupã", "unidades": "Foro da Comarca de Bastos, Fórum Bastos [desativado]", "total_varas_municipio": 0, "varas_municipio": null, "varas_foro": null }, "geometry": { "type": "Point", "coordinates": [ -50.743985565256672, -21.950215380270784 ] } },
{ "type": "Feature", "properties": { "id_municipio_ibge": 3505906, "nome_municipio": "Batatais", "populacao_municipio": 58402, "id_foro": 3505906, "nome_foro": "Batatais", "total_varas_foro": 3, "entrancia": "Entrância Final", "endereco_sede": "Praça Doutor José Arantes Junqueira , 01 - Centro, 14300-023", "latitude": -20.867797330288386, "longitude": -47.574749152674762, "id_cj": 39, "nome_cj": "39ª Batatais", "id_raj": 6, "nome_raj": "6ª Ribeirão Preto", "populacao_foro": 58402, "qt_cidades_foro": 1, "cidades_no_foro": "Batatais", "qt_cidades_cj": 8, "cidades_na_cj": "Altinópolis, Batatais, Brodowski, Morro Agudo, Nuporanga, Orlândia, Sales Oliveira, Santo Antônio da Alegria", "unidades": "Fórum Batatais, Fórum Batatais II - Juizado Especial Cível e Criminal, Fórum Batatais III - CEJUSC", "total_varas_municipio": 3, "varas_municipio": "1ª Vara Cível, 2ª Vara Cível, Vara Criminal", "varas_foro": "1ª Vara Cível, 2ª Vara Cível, Vara Criminal" }, "geometry": { "type": "Point", "coordinates": [ -47.574749152674762, -20.867797330288386 ] } },
{ "type": "Feature", "properties": { "id_municipio_ibge": 3506003, "nome_municipio": "Bauru", "populacao_municipio": 379146, "id_foro": 3506003, "nome_foro": "Bauru", "total_varas_foro": 16, "entrancia": "Entrância Final", "endereco_sede": "Rua Afonso Pena , 5-40 - Bela Vista, 17060-900", "latitude": -22.253995421795278, "longitude": -49.12613527219807, "id_cj": 32, "nome_cj": "32ª Bauru", "id_raj": 3, "nome_raj": "3ª Bauru", "populacao_foro": 391759, "qt_cidades_foro": 3, "cidades_no_foro": "Arealva, Avaí, Bauru", "qt_cidades_cj": 18, "cidades_na_cj": "Agudos, Arealva, Avaí, Balbinos, Bauru, Borebi, Cabrália Paulista, Duartina, Lençóis Paulista, Lucianópolis, Paulistânia, Pirajuí, Piratininga, Pongaí, Presidente Alves, Reginópolis, Ubirajara, Uru", "unidades": "Fórum Bauru I - (Principal), Fórum Bauru II - Fazenda Pública e Família e Sucessões, Fórum Bauru III - Execuções Criminais, Fórum Bauru IV - DARAJ - COLÉGIO RECURSAL - SAS - IMESC - DEECRIM - Aud.Custódia, Fórum Bauru V - Psicossocial, Fórum Bauru VI - CEJUSC, Fórum Bauru VII - (Prédio Cedido), Fórum Bauru VIII - (Prédio Cedido)", "total_varas_municipio": 16, "varas_municipio": "1ª Vara Criminal, 1ª Vara Cível, 1ª Vara da Família e das Sucessões, 1ª Vara do Juizado Especial Cível, 1º Ofício do Juizado Especial Cível, 2ª Vara Criminal, 2ª Vara Cível, 2ª Vara da Família e das Sucessões, 3ª Vara Criminal, 3ª Vara Cível, 4ª Vara Criminal, 4ª Vara Cível, 5ª Vara Cível, 6ª Vara Cível, 7ª Vara Cível, Vara da Infância e Juventude", "varas_foro": "1ª Vara Criminal, 1ª Vara Cível, 1ª Vara da Família e das Sucessões, 1ª Vara do Juizado Especial Cível, 1º Ofício do Juizado Especial Cível, 2ª Vara Criminal, 2ª Vara Cível, 2ª Vara da Família e das Sucessões, 3ª Vara Criminal, 3ª Vara Cível, 4ª Vara Criminal, 4ª Vara Cível, 5ª Vara Cível, 6ª Vara Cível, 7ª Vara Cível, Vara da Infância e Juventude" }, "geometry": { "type": "Point", "coordinates": [ -49.12613527219807, -22.253995421795278 ] } },
{ "type": "Feature", "properties": { "id_municipio_ibge": 3506102, "nome_municipio": "Bebedouro", "populacao_municipio": 76373, "id_foro": 3506102, "nome_foro": "Bebedouro", "total_varas_foro": 4, "entrancia": "Entrância Intermediária", "endereco_sede": "Rua Professor Orlando França de Carvalho , 325 - Centro, 14701-070", "latitude": -20.940469192385677, "longitude": -48.510750396914212, "id_cj": 14, "nome_cj": "14ª Barretos", "id_raj": 8, "nome_raj": "8ª São José do Rio Preto", "populacao_foro": 76373, "qt_cidades_foro": 1, "cidades_no_foro": "Bebedouro", "qt_cidades_cj": 16, "cidades_na_cj": "Altair, Barretos, Bebedouro, Cajobi, Colina, Colômbia, Embaúba, Guaraci, Guaíra, Jaborandi, Monte Azul Paulista, Olímpia, Paraíso, Severínia, Terra Roxa, Viradouro", "unidades": "Fórum Bebedouro (Anexo do Juizado Especial - UNIFAFIBE), Fórum Bebedouro (Juizado Especial), Fórum Bebedouro (Residência Oficial), Fórum Bebedouro - Desembargador Adriano Marrey", "total_varas_municipio": 4, "varas_municipio": "1º Vara Judicial, 2ª Vara Judicial, 3ª Vara Judicial, Ofício Juizado Especial Civel e Criminal", "varas_foro": "1º Vara Judicial, 2ª Vara Judicial, 3ª Vara Judicial, Ofício Juizado Especial Civel e Criminal" }, "geometry": { "type": "Point", "coordinates": [ -48.510750396914212, -20.940469192385677 ] } },
{ "type": "Feature", "properties": { "id_municipio_ibge": 3506201, "nome_municipio": "Bento de Abreu", "populacao_municipio": 2606, "id_foro": 3556305, "nome_foro": "Valparaíso", "total_varas_foro": 1, "entrancia": "Entrância Inicial", "endereco_sede": "Rua Padre Mauro Eduardo , s/n - Centro, 16880-000", "latitude": -21.203091918979574, "longitude": -50.92385983239317, "id_cj": 36, "nome_cj": "36ª Araçatuba", "id_raj": 2, "nome_raj": "2ª Araçatuba", "populacao_foro": 26847, "qt_cidades_foro": 2, "cidades_no_foro": "Bento de Abreu, Valparaíso", "qt_cidades_cj": 26, "cidades_na_cj": "Alto Alegre, Araçatuba, Avanhandava, Barbosa, Bento de Abreu, Bilac, Birigui, Braúna, Brejo Alegre, Buritama, Clementina, Coroados, Gabriel Monteiro, Glicério, Guararapes, Lourdes, Luiziânia, Penápolis, Piacatu, Planalto, Rubiácea, Santo Antônio do Aracanguá, Santópolis do Aguapeí, Turiúba, Valparaíso, Zacarias", "unidades": null, "total_varas_municipio": 0, "varas_municipio": null, "varas_foro": "1ª Vara Judicial" }, "geometry": { "type": "Point", "coordinates": [ -50.861970210809609, -21.331750650159744 ] } },
{ "type": "Feature", "properties": { "id_municipio_ibge": 3506300, "nome_municipio": "Bernardino de Campos", "populacao_municipio": 11607, "id_foro": 3520905, "nome_foro": "Ipaussu", "total_varas_foro": 1, "entrancia": "Entrância Inicial", "endereco_sede": "Praça Doutor Breno Noronha , 374 - centro, 18950-024", "latitude": -23.06511608894677, "longitude": -49.608128814000338, "id_cj": 25, "nome_cj": "25ª Ourinhos", "id_raj": 3, "nome_raj": "3ª Bauru", "populacao_foro": 25319, "qt_cidades_foro": 2, "cidades_no_foro": "Bernardino de Campos, Ipaussu", "qt_cidades_cj": 16, "cidades_na_cj": "Bernardino de Campos, Canitar, Chavantes, Espírito Santo do Turvo, Ipaussu, Manduri, Ourinhos, Piraju, Ribeirão do Sul, Salto Grande, Santa Cruz do Rio Pardo, Sarutaiá, São Pedro do Turvo, Tejupá, Timburi, Óleo", "unidades": null, "total_varas_municipio": 0, "varas_municipio": null, "varas_foro": "Vara Judicial" }, "geometry": { "type": "Point", "coordinates": [ -49.491890226096082, -23.030760641843031 ] } },
{ "type": "Feature", "properties": { "id_municipio_ibge": 3506359, "nome_municipio": "Bertioga", "populacao_municipio": 64188, "id_foro": 3506359, "nome_foro": "Bertioga", "total_varas_foro": 1, "entrancia": "Entrância Inicial", "endereco_sede": "Avenida Anchieta , 162/192 - Centro, 11250-039", "latitude": -23.759745361741807, "longitude": -46.02999978005262, "id_cj": 1, "nome_cj": "1ª Santos", "id_raj": 7, "nome_raj": "7ª Santos", "populacao_foro": 64188, "qt_cidades_foro": 1, "cidades_no_foro": "Bertioga", "qt_cidades_cj": 6, "cidades_na_cj": "Bertioga, Cubatão, Guarujá, Praia Grande, Santos, São Vicente", "unidades": "Fórum da Comarca de Bertioga", "total_varas_municipio": 1, "varas_municipio": "1ª Vara Judicial", "varas_foro": "1ª Vara Judicial" }, "geometry": { "type": "Point", "coordinates": [ -46.02999978005262, -23.759745361741807 ] } },
{ "type": "Feature", "properties": { "id_municipio_ibge": 3506409, "nome_municipio": "Bilac", "populacao_municipio": 7319, "id_foro": 3506409, "nome_foro": "Bilac", "total_varas_foro": 2, "entrancia": "Entrância Inicial", "endereco_sede": "Praça Oswaldo Martins , 200 - Centro, 00000000", "latitude": -21.427784634718797, "longitude": -50.479257524885895, "id_cj": 36, "nome_cj": "36ª Araçatuba", "id_raj": 2, "nome_raj": "2ª Araçatuba", "populacao_foro": 15601, "qt_cidades_foro": 3, "cidades_no_foro": "Bilac, Gabriel Monteiro, Piacatu", "qt_cidades_cj": 26, "cidades_na_cj": "Alto Alegre, Araçatuba, Avanhandava, Barbosa, Bento de Abreu, Bilac, Birigui, Braúna, Brejo Alegre, Buritama, Clementina, Coroados, Gabriel Monteiro, Glicério, Guararapes, Lourdes, Luiziânia, Penápolis, Piacatu, Planalto, Rubiácea, Santo Antônio do Aracanguá, Santópolis do Aguapeí, Turiúba, Valparaíso, Zacarias", "unidades": "Fórum Bilac (Residência Oficial), Fórum da Comarca de Bilac - (Coriolano Pompeu Filho)", "total_varas_municipio": 2, "varas_municipio": "Juizado Especial Cível e Criminal, Vara Judicial", "varas_foro": "Juizado Especial Cível e Criminal, Vara Judicial" }, "geometry": { "type": "Point", "coordinates": [ -50.479257524885895, -21.427784634718797 ] } },
{ "type": "Feature", "properties": { "id_municipio_ibge": 3506508, "nome_municipio": "Birigui", "populacao_municipio": 118979, "id_foro": 3506508, "nome_foro": "Birigui", "total_varas_foro": 8, "entrancia": "Entrância Intermediária", "endereco_sede": "Rua Faustino Segura , 214 - Parque São Vicente, 16200-370", "latitude": -21.261609517109836, "longitude": -50.350988803810999, "id_cj": 36, "nome_cj": "36ª Araçatuba", "id_raj": 2, "nome_raj": "2ª Araçatuba", "populacao_foro": 137825, "qt_cidades_foro": 5, "cidades_no_foro": "Birigui, Brejo Alegre, Clementina, Coroados, Santópolis do Aguapeí", "qt_cidades_cj": 26, "cidades_na_cj": "Alto Alegre, Araçatuba, Avanhandava, Barbosa, Bento de Abreu, Bilac, Birigui, Braúna, Brejo Alegre, Buritama, Clementina, Coroados, Gabriel Monteiro, Glicério, Guararapes, Lourdes, Luiziânia, Penápolis, Piacatu, Planalto, Rubiácea, Santo Antônio do Aracanguá, Santópolis do Aguapeí, Turiúba, Valparaíso, Zacarias", "unidades": "Fórum I Birigüi, Fórum II Birigui (Depósito)", "total_varas_municipio": 8, "varas_municipio": "1ª Vara Criminal, 1ª Vara Cível, 2ª Vara Criminal, 2ª Vara Cível, 3ª Vara Cível, Criminal e da Fazenda Pública, Juizado Especial Cível, Ofício do Juizado Especial Cível e Criminal", "varas_foro": "1ª Vara Criminal, 1ª Vara Cível, 2ª Vara Criminal, 2ª Vara Cível, 3ª Vara Cível, Criminal e da Fazenda Pública, Juizado Especial Cível, Ofício do Juizado Especial Cível e Criminal" }, "geometry": { "type": "Point", "coordinates": [ -50.350988803810999, -21.261609517109836 ] } },
{ "type": "Feature", "properties": { "id_municipio_ibge": 3506607, "nome_municipio": "Biritiba-Mirim", "populacao_municipio": 29683, "id_foro": 3530607, "nome_foro": "Mogi das Cruzes", "total_varas_foro": 10, "entrancia": "Entrância Final", "endereco_sede": "Avenida Capitão Manoel Rudge , 474 - Parque Monte Líbano, 08780-290", "latitude": -23.569571123578427, "longitude": -46.186058159649434, "id_cj": 45, "nome_cj": "45ª Mogi das Cruzes", "id_raj": 1, "nome_raj": "1ª Grande São Paulo", "populacao_foro": 481188, "qt_cidades_foro": 2, "cidades_no_foro": "Biritiba-Mirim, Mogi das Cruzes", "qt_cidades_cj": 7, "cidades_na_cj": "Biritiba-Mirim, Ferraz de Vasconcelos, Guararema, Itaquaquecetuba, Mogi das Cruzes, Poá, Suzano", "unidades": null, "total_varas_municipio": 0, "varas_municipio": null, "varas_foro": "1ª Vara Cível, 2ª Vara Cível, 3ª Vara Cível, 4ª Vara Cível, 5ª Vara Cível, Juizado Especial Criminal, Juizado Especial Cível, Vara da Fazenda Pública, Vara da Infância e Juventude, Vara do Juizado Cível e Criminal" }, "geometry": { "type": "Point", "coordinates": [ -46.021332283766618, -23.624167232580483 ] } },
{ "type": "Feature", "properties": { "id_municipio_ibge": 3506706, "nome_municipio": "Boa Esperança do Sul", "populacao_municipio": 12978, "id_foro": 3542909, "nome_foro": "Ribeirão Bonito", "total_varas_foro": 2, "entrancia": "Entrância Inicial", "endereco_sede": "Rua Governador Pedro de Toledo , 231 - Centro, 13580-000", "latitude": -22.06011102031761, "longitude": -48.185333754630705, "id_cj": 12, "nome_cj": "12ª São Carlos", "id_raj": 6, "nome_raj": "6ª Ribeirão Preto", "populacao_foro": 33745, "qt_cidades_foro": 4, "cidades_no_foro": "Boa Esperança do Sul, Dourado, Ribeirão Bonito, Trabiju", "qt_cidades_cj": 7, "cidades_na_cj": "Boa Esperança do Sul, Descalvado, Dourado, Ibaté, Ribeirão Bonito, São Carlos, Trabiju", "unidades": null, "total_varas_municipio": 0, "varas_municipio": null, "varas_foro": "Juizado Especial Cível e Criminal, Vara Judicial" }, "geometry": { "type": "Point", "coordinates": [ -48.463593364912562, -21.934999662030442 ] } },
{ "type": "Feature", "properties": { "id_municipio_ibge": 3506805, "nome_municipio": "Bocaina", "populacao_municipio": 11259, "id_foro": 3525300, "nome_foro": "Jaú", "total_varas_foro": 8, "entrancia": "Entrância Intermediária", "endereco_sede": "Avenida Rodolpho Magnani , s/n - Centro, 17210-100", "latitude": -22.296078899740348, "longitude": -48.556055554380116, "id_cj": 33, "nome_cj": "33ª Jaú", "id_raj": 3, "nome_raj": "3ª Bauru", "populacao_foro": 169645, "qt_cidades_foro": 4, "cidades_no_foro": "Bocaina, Itapuí, Jaú, Mineiros do Tietê", "qt_cidades_cj": 12, "cidades_na_cj": "Bariri, Barra Bonita, Bocaina, Boracéia, Dois Córregos, Igaraçu do Tietê, Itaju, Itapuí, Jaú, Macatuba, Mineiros do Tietê, Pederneiras", "unidades": null, "total_varas_municipio": 0, "varas_municipio": null, "varas_foro": "1ª Vara Criminal, 1ª Vara Cível, 2ª Vara Criminal, 2ª Vara Cível, 3ª Vara Cível, 4ª Vara Cível, Ofício do Juizado Especial Cível, Vara do Juizado Especial Cível e Criminal" }, "geometry": { "type": "Point", "coordinates": [ -48.529067121495238, -22.105439225619772 ] } },
{ "type": "Feature", "properties": { "id_municipio_ibge": 3506904, "nome_municipio": "Bofete", "populacao_municipio": 10460, "id_foro": 3540507, "nome_foro": "Porangaba", "total_varas_foro": 3, "entrancia": "Entrância Inicial", "endereco_sede": "Rua Vereador Braz Gica da Paz , 193 - Centro, 18260-000", "latitude": -23.173857061708233, "longitude": -48.117365595638425, "id_cj": 22, "nome_cj": "22ª Itapetininga", "id_raj": 10, "nome_raj": "10ª Sorocaba", "populacao_foro": 37970, "qt_cidades_foro": 4, "cidades_no_foro": "Bofete, Guareí, Porangaba, Torre de Pedra", "qt_cidades_cj": 17, "cidades_na_cj": "Alambari, Angatuba, Bofete, Campina do Monte Alegre, Capela do Alto, Capão Bonito, Cesário Lange, Guapiara, Guareí, Itapetininga, Porangaba, Quadra, Ribeirão Grande, Sarapuí, São Miguel Arcanjo, Tatuí, Torre de Pedra", "unidades": null, "total_varas_municipio": 0, "varas_municipio": null, "varas_foro": "Ofício do Juizado Especial Cível e Criminal, Vara do Juizado Especial Cível e Criminal, Vara Judicial" }, "geometry": { "type": "Point", "coordinates": [ -48.285870903700904, -23.128957176635719 ] } },
{ "type": "Feature", "properties": { "id_municipio_ibge": 3507001, "nome_municipio": "Boituva", "populacao_municipio": 61081, "id_foro": 3507001, "nome_foro": "Boituva", "total_varas_foro": 4, "entrancia": "Entrância Inicial", "endereco_sede": "Rua Manoel dos Santos Freire , 161 - Centro, 18550-073", "latitude": -23.287595475603581, "longitude": -47.674940102138699, "id_cj": 20, "nome_cj": "20ª Itu", "id_raj": 10, "nome_raj": "10ª Sorocaba", "populacao_foro": 97540, "qt_cidades_foro": 2, "cidades_no_foro": "Boituva, Iperó", "qt_cidades_cj": 7, "cidades_na_cj": "Boituva, Cabreúva, Indaiatuba, Iperó, Itu, Porto Feliz, Salto", "unidades": "Fórum Boituva I  (Ofícios Judiciais), Fórum Boituva II - (Juizado Especial), Fórum Boituva III - Anexo Fiscal/Setor Técnico, Fórum Boituva IV  (UAAJ - Juizado Especial - Iperó), Fórum Boituva V - (Arquivo JEC), Fórum Boituva VI - (CEJUSC), Fórum Boituva VII - (CEJUSC)", "total_varas_municipio": 4, "varas_municipio": "1ª Vara Judicial, 2ª Vara Criminal, 2ª Vara Judicial, 2º Oficio Judicial da Infância e da Juventude", "varas_foro": "1ª Vara Judicial, 2ª Vara Criminal, 2ª Vara Judicial, 2º Oficio Judicial da Infância e da Juventude" }, "geometry": { "type": "Point", "coordinates": [ -47.674940102138699, -23.287595475603581 ] } },
{ "type": "Feature", "properties": { "id_municipio_ibge": 3507100, "nome_municipio": "Bom Jesus dos Perdões", "populacao_municipio": 22006, "id_foro": 3532405, "nome_foro": "Nazaré Paulista", "total_varas_foro": 0, "entrancia": "Entrância Inicial", "endereco_sede": "R. Clementino de Almeida Passos , 35 - Vicente Nunes, 12960-000", "latitude": -23.191433526631474, "longitude": -46.36649210618279, "id_cj": 6, "nome_cj": "6ª Bragança Paulista", "id_raj": 4, "nome_raj": "4ª Campinas", "populacao_foro": 40223, "qt_cidades_foro": 2, "cidades_no_foro": "Bom Jesus dos Perdões, Nazaré Paulista", "qt_cidades_cj": 11, "cidades_na_cj": "Atibaia, Bom Jesus dos Perdões, Bragança Paulista, Jarinu, Joanópolis, Nazaré Paulista, Pedra Bela, Pinhalzinho, Piracaia, Tuiuti, Vargem", "unidades": null, "total_varas_municipio": 0, "varas_municipio": null, "varas_foro": null }, "geometry": { "type": "Point", "coordinates": [ -46.478964556730318, -23.172517001505597 ] } },
{ "type": "Feature", "properties": { "id_municipio_ibge": 3507159, "nome_municipio": "Bom Sucesso de Itararé", "populacao_municipio": 3555, "id_foro": 3523206, "nome_foro": "Itararé", "total_varas_foro": 4, "entrancia": "Entrância Inicial", "endereco_sede": "Rua Frei Caneca , 982 - Vila Jurandir, 18460-164", "latitude": -24.080508879353427, "longitude": -49.303547560365509, "id_cj": 49, "nome_cj": "49ª Itapeva", "id_raj": 10, "nome_raj": "10ª Sorocaba", "populacao_foro": 47993, "qt_cidades_foro": 2, "cidades_no_foro": "Bom Sucesso de Itararé, Itararé", "qt_cidades_cj": 16, "cidades_na_cj": "Apiaí, Barra do Chapéu, Barão de Antonina, Bom Sucesso de Itararé, Buri, Itaberá, Itapeva, Itapirapuã Paulista, Itaporanga, Itararé, Itaóca, Nova Campina, Ribeira, Ribeirão Branco, Riversul, Taquarivaí", "unidades": null, "total_varas_municipio": 0, "varas_municipio": null, "varas_foro": "1ª Vara Judicial, 2ª Vara Judicial, Criminal e Fazenda Pública, Juizado Especial Cível" }, "geometry": { "type": "Point", "coordinates": [ -49.164620418677544, -24.315950348423247 ] } },
{ "type": "Feature", "properties": { "id_municipio_ibge": 3507209, "nome_municipio": "Borá", "populacao_municipio": 907, "id_foro": 3535507, "nome_foro": "Paraguaçu Paulista", "total_varas_foro": 1, "entrancia": "Entrância Inicial", "endereco_sede": "Avenida Siqueira Campos , 1429 - Vila Affini, 19703-001", "latitude": -22.459088909114485, "longitude": -50.626560899858546, "id_cj": 26, "nome_cj": "26ª Assis", "id_raj": 5, "nome_raj": "5ª Presidente Prudente", "populacao_foro": 47158, "qt_cidades_foro": 4, "cidades_no_foro": "Borá, Lutécia, Oscar Bressane, Paraguaçu Paulista", "qt_cidades_cj": 18, "cidades_na_cj": "Assis, Borá, Campos Novos Paulista, Cruzália, Cândido Mota, Echaporã, Florínia, Ibirarema, João Ramalho, Lutécia, Maracaí, Oscar Bressane, Palmital, Paraguaçu Paulista, Pedrinhas Paulista, Platina, Quatá, Tarumã", "unidades": null, "total_varas_municipio": 0, "varas_municipio": null, "varas_foro": "Juizado Especial Cível e Criminal" }, "geometry": { "type": "Point", "coordinates": [ -50.502125571270312, -22.244208646341416 ] } },
{ "type": "Feature", "properties": { "id_municipio_ibge": 3507308, "nome_municipio": "Boracéia", "populacao_municipio": 4715, "id_foro": 3536703, "nome_foro": "Pederneiras", "total_varas_foro": 2, "entrancia": "Entrância Inicial", "endereco_sede": "Rua Belmiro Pereira , 367 - Centro, 17280-061", "latitude": -22.301430619321216, "longitude": -48.861064132304371, "id_cj": 33, "nome_cj": "33ª Jaú", "id_raj": 3, "nome_raj": "3ª Bauru", "populacao_foro": 49542, "qt_cidades_foro": 2, "cidades_no_foro": "Boracéia, Pederneiras", "qt_cidades_cj": 12, "cidades_na_cj": "Bariri, Barra Bonita, Bocaina, Boracéia, Dois Córregos, Igaraçu do Tietê, Itaju, Itapuí, Jaú, Macatuba, Mineiros do Tietê, Pederneiras", "unidades": null, "total_varas_municipio": 0, "varas_municipio": null, "varas_foro": "1ª Vara Judicial, 2ª Vara Judicial" }, "geometry": { "type": "Point", "coordinates": [ -48.788336705516798, -22.170151228757089 ] } },
{ "type": "Feature", "properties": { "id_municipio_ibge": 3507407, "nome_municipio": "Borborema", "populacao_municipio": 14226, "id_foro": 3507407, "nome_foro": "Borborema", "total_varas_foro": 1, "entrancia": "Entrância Inicial", "endereco_sede": "Rua Joaquim Martins Carvalho , 676 - Centro, 14955-000", "latitude": -21.610788219033367, "longitude": -49.071994217736162, "id_cj": 13, "nome_cj": "13ª Araraquara", "id_raj": 6, "nome_raj": "6ª Ribeirão Preto", "populacao_foro": 14226, "qt_cidades_foro": 1, "cidades_no_foro": "Borborema", "qt_cidades_cj": 14, "cidades_na_cj": "Américo Brasiliense, Araraquara, Borborema, Dobrada, Gavião Peixoto, Iacanga, Ibitinga, Itápolis, Matão, Motuca, Nova Europa, Rincão, Santa Lúcia, Tabatinga", "unidades": "Forum da Comarca de Borborema, Forum de Borborema - Juizado Especial Civel e Criminal, Fórum \"Desembargador Antonio Luis Chaves Camargo\"", "total_varas_municipio": 1, "varas_municipio": "Vara Judicial", "varas_foro": "Vara Judicial" }, "geometry": { "type": "Point", "coordinates": [ -49.071994217736162, -21.610788219033367 ] } },
{ "type": "Feature", "properties": { "id_municipio_ibge": 3507456, "nome_municipio": "Borebi", "populacao_municipio": 2713, "id_foro": 3526803, "nome_foro": "Lençóis Paulista", "total_varas_foro": 4, "entrancia": "Entrância Intermediária", "endereco_sede": "Rua Anita Garibaldi , 797 - Centro, 18682-043", "latitude": -22.676114210633273, "longitude": -48.825027355429491, "id_cj": 32, "nome_cj": "32ª Bauru", "id_raj": 3, "nome_raj": "3ª Bauru", "populacao_foro": 69218, "qt_cidades_foro": 2, "cidades_no_foro": "Borebi, Lençóis Paulista", "qt_cidades_cj": 18, "cidades_na_cj": "Agudos, Arealva, Avaí, Balbinos, Bauru, Borebi, Cabrália Paulista, Duartina, Lençóis Paulista, Lucianópolis, Paulistânia, Pirajuí, Piratininga, Pongaí, Presidente Alves, Reginópolis, Ubirajara, Uru", "unidades": null, "total_varas_municipio": 0, "varas_municipio": null, "varas_foro": "1ª Vara Judicial, 2ª Vara Judicial, 3ª Vara Judicial, Juizado Especial Cível" }, "geometry": { "type": "Point", "coordinates": [ -48.992301101201562, -22.680680432377574 ] } },
{ "type": "Feature", "properties": { "id_municipio_ibge": 3507506, "nome_municipio": "Botucatu", "populacao_municipio": 145155, "id_foro": 3507506, "nome_foro": "Botucatu", "total_varas_foro": 0, "entrancia": "Entrância Final", "endereco_sede": "Praça Iole Dinucci Fernandes , s/nº - Jardim Rivieira, 18606-572", "latitude": -22.863442205116957, "longitude": -48.468329454913601, "id_cj": 23, "nome_cj": "23ª Botucatu", "id_raj": 3, "nome_raj": "3ª Bauru", "populacao_foro": 152308, "qt_cidades_foro": 2, "cidades_no_foro": "Botucatu, Pardinho", "qt_cidades_cj": 9, "cidades_na_cj": "Anhembi, Areiópolis, Botucatu, Conchas, Itatinga, Pardinho, Pereiras, Pratânia, São Manuel", "unidades": "Fórum Botucatu II - (1ª Vara e 1º Ofício Criminal), Fórum Botucatu III - (2ª Vara e 2º Ofício Criminal), Fórum Botucatu IV - (Vara do Juizado Especial Cìvel), Fórum Botucatu VI - (Anexo Fiscal), Fórum Botucatu VII - (Psicologia e Serv. Social), Fórum Botucatu VIII - (Protocolo), Fórum Desembargador Alcides de Almeida Ferrari, Fórum II de Botucatu (CEJUSC), Ofício de  Distribuição Judicial", "total_varas_municipio": 0, "varas_municipio": null, "varas_foro": null }, "geometry": { "type": "Point", "coordinates": [ -48.468329454913601, -22.863442205116957 ] } },
{ "type": "Feature", "properties": { "id_municipio_ibge": 3507605, "nome_municipio": "Bragança Paulista", "populacao_municipio": 176811, "id_foro": 3507605, "nome_foro": "Bragança Paulista", "total_varas_foro": 8, "entrancia": "Entrância Final", "endereco_sede": "Avenida dos Imigrantes , 1501 - Jd. America, 12902-000", "latitude": -22.938347735956711, "longitude": -46.555949879414001, "id_cj": 6, "nome_cj": "6ª Bragança Paulista", "id_raj": 4, "nome_raj": "4ª Campinas", "populacao_foro": 200658, "qt_cidades_foro": 4, "cidades_no_foro": "Bragança Paulista, Pedra Bela, Tuiuti, Vargem", "qt_cidades_cj": 11, "cidades_na_cj": "Atibaia, Bom Jesus dos Perdões, Bragança Paulista, Jarinu, Joanópolis, Nazaré Paulista, Pedra Bela, Pinhalzinho, Piracaia, Tuiuti, Vargem", "unidades": "Fórum Bragança Paulista - Professor Waldemar Martins Ferreira, Fórum Bragança Paulista II - (Anexo Fiscal), Fórum Bragança Paulista III - (CEJUSC), Fórum Bragança Paulista IV (Res. Oficial), Fórum Bragança Paulista [desativado]", "total_varas_municipio": 8, "varas_municipio": "1ª Vara Criminal, 1ª Vara Cível, 2ª Vara Criminal, 2ª Vara Cível, 3ª Vara Cível, Execuções Criminais e da Infância e da Juventude, Juizado Especial Cível e Criminal, Vara do Júri", "varas_foro": "1ª Vara Criminal, 1ª Vara Cível, 2ª Vara Criminal, 2ª Vara Cível, 3ª Vara Cível, Execuções Criminais e da Infância e da Juventude, Juizado Especial Cível e Criminal, Vara do Júri" }, "geometry": { "type": "Point", "coordinates": [ -46.555949879414001, -22.938347735956711 ] } },
{ "type": "Feature", "properties": { "id_municipio_ibge": 3507704, "nome_municipio": "Braúna", "populacao_municipio": 5356, "id_foro": 3537305, "nome_foro": "Penápolis", "total_varas_foro": 5, "entrancia": "Entrância Intermediária", "endereco_sede": "Praça Doutor Carlos Sampaio Filho , 190 - Centro, 16300-000", "latitude": -21.405402830387295, "longitude": -50.095696189609299, "id_cj": 36, "nome_cj": "36ª Araçatuba", "id_raj": 2, "nome_raj": "2ª Araçatuba", "populacao_foro": 96618, "qt_cidades_foro": 7, "cidades_no_foro": "Alto Alegre, Avanhandava, Barbosa, Braúna, Glicério, Luiziânia, Penápolis", "qt_cidades_cj": 26, "cidades_na_cj": "Alto Alegre, Araçatuba, Avanhandava, Barbosa, Bento de Abreu, Bilac, Birigui, Braúna, Brejo Alegre, Buritama, Clementina, Coroados, Gabriel Monteiro, Glicério, Guararapes, Lourdes, Luiziânia, Penápolis, Piacatu, Planalto, Rubiácea, Santo Antônio do Aracanguá, Santópolis do Aguapeí, Turiúba, Valparaíso, Zacarias", "unidades": null, "total_varas_municipio": 0, "varas_municipio": null, "varas_foro": "1ª Vara Judicial, 2ª Vara Judicial, 3ª Vara Judicial, 4ª Vara Judicial, Vara do Juizado Especial Cível e Criminal" }, "geometry": { "type": "Point", "coordinates": [ -50.339397208160761, -21.553100155604906 ] } },
{ "type": "Feature", "properties": { "id_municipio_ibge": 3507753, "nome_municipio": "Brejo Alegre", "populacao_municipio": 2565, "id_foro": 3506508, "nome_foro": "Birigui", "total_varas_foro": 8, "entrancia": "Entrância Intermediária", "endereco_sede": "Rua Faustino Segura , 214 - Parque São Vicente, 16200-370", "latitude": -21.261609517109836, "longitude": -50.350988803810999, "id_cj": 36, "nome_cj": "36ª Araçatuba", "id_raj": 2, "nome_raj": "2ª Araçatuba", "populacao_foro": 137825, "qt_cidades_foro": 5, "cidades_no_foro": "Birigui, Brejo Alegre, Clementina, Coroados, Santópolis do Aguapeí", "qt_cidades_cj": 26, "cidades_na_cj": "Alto Alegre, Araçatuba, Avanhandava, Barbosa, Bento de Abreu, Bilac, Birigui, Braúna, Brejo Alegre, Buritama, Clementina, Coroados, Gabriel Monteiro, Glicério, Guararapes, Lourdes, Luiziânia, Penápolis, Piacatu, Planalto, Rubiácea, Santo Antônio do Aracanguá, Santópolis do Aguapeí, Turiúba, Valparaíso, Zacarias", "unidades": null, "total_varas_municipio": 0, "varas_municipio": null, "varas_foro": "1ª Vara Criminal, 1ª Vara Cível, 2ª Vara Criminal, 2ª Vara Cível, 3ª Vara Cível, Criminal e da Fazenda Pública, Juizado Especial Cível, Ofício do Juizado Especial Cível e Criminal" }, "geometry": { "type": "Point", "coordinates": [ -50.209799848365869, -21.176546533227874 ] } },
{ "type": "Feature", "properties": { "id_municipio_ibge": 3507803, "nome_municipio": "Brodowski", "populacao_municipio": 25201, "id_foro": 3507803, "nome_foro": "Brodowski", "total_varas_foro": 3, "entrancia": "Entrância Inicial", "endereco_sede": "Avenida Papa João XXIII, 1550 , 1550 - Jd. Champagnat, 14340-000", "latitude": -21.049526568961763, "longitude": -47.627771920044843, "id_cj": 39, "nome_cj": "39ª Batatais", "id_raj": 6, "nome_raj": "6ª Ribeirão Preto", "populacao_foro": 25201, "qt_cidades_foro": 1, "cidades_no_foro": "Brodowski", "qt_cidades_cj": 8, "cidades_na_cj": "Altinópolis, Batatais, Brodowski, Morro Agudo, Nuporanga, Orlândia, Sales Oliveira, Santo Antônio da Alegria", "unidades": "Fórum I Brodowski, Fórum II Brodowski (CEJUSC)", "total_varas_municipio": 3, "varas_municipio": "Juizado Especial Cível, Ofício Judicial - vara unica, Vara Judicial", "varas_foro": "Juizado Especial Cível, Ofício Judicial - vara unica, Vara Judicial" }, "geometry": { "type": "Point", "coordinates": [ -47.627771920044843, -21.049526568961763 ] } },
{ "type": "Feature", "properties": { "id_municipio_ibge": 3507902, "nome_municipio": "Brotas", "populacao_municipio": 23898, "id_foro": 3507902, "nome_foro": "Brotas", "total_varas_foro": 2, "entrancia": "Entrância Inicial", "endereco_sede": "Praça Nove de Julho , 26 - Centro, 17380-000", "latitude": -22.273287624091111, "longitude": -48.081215436022063, "id_cj": 9, "nome_cj": "9ª Rio Claro", "id_raj": 4, "nome_raj": "4ª Campinas", "populacao_foro": 33233, "qt_cidades_foro": 2, "cidades_no_foro": "Brotas, Torrinha", "qt_cidades_cj": 8, "cidades_na_cj": "Analândia, Brotas, Corumbataí, Ipeúna, Itirapina, Rio Claro, Santa Gertrudes, Torrinha", "unidades": "Fórum Brotas - Desativado, Fórum Brotas - Desembargador Júlio D´Elboux Guimarães", "total_varas_municipio": 2, "varas_municipio": "Juizado Especial Cível e Criminal, Vara Judicial", "varas_foro": "Juizado Especial Cível e Criminal, Vara Judicial" }, "geometry": { "type": "Point", "coordinates": [ -48.081215436022063, -22.273287624091111 ] } },
{ "type": "Feature", "properties": { "id_municipio_ibge": 3508009, "nome_municipio": "Buri", "populacao_municipio": 20250, "id_foro": 3508009, "nome_foro": "Buri", "total_varas_foro": 0, "entrancia": "Entrância Inicial", "endereco_sede": "Rua Carlos Alberto Pereira Júnior , 549 - Vila Sene, 18290-000", "latitude": -23.752043527311034, "longitude": -48.575314062279048, "id_cj": 49, "nome_cj": "49ª Itapeva", "id_raj": 10, "nome_raj": "10ª Sorocaba", "populacao_foro": 20250, "qt_cidades_foro": 1, "cidades_no_foro": "Buri", "qt_cidades_cj": 16, "cidades_na_cj": "Apiaí, Barra do Chapéu, Barão de Antonina, Bom Sucesso de Itararé, Buri, Itaberá, Itapeva, Itapirapuã Paulista, Itaporanga, Itararé, Itaóca, Nova Campina, Ribeira, Ribeirão Branco, Riversul, Taquarivaí", "unidades": "Fórum da Comarca de Buri", "total_varas_municipio": 0, "varas_municipio": null, "varas_foro": null }, "geometry": { "type": "Point", "coordinates": [ -48.575314062279048, -23.752043527311034 ] } },
{ "type": "Feature", "properties": { "id_municipio_ibge": 3508108, "nome_municipio": "Buritama", "populacao_municipio": 17210, "id_foro": 3508108, "nome_foro": "Buritama", "total_varas_foro": 2, "entrancia": "Entrância Inicial", "endereco_sede": "Avenida Frei Marcelo Manilia , 739 - Centro, 15290-000", "latitude": -21.049110632537641, "longitude": -50.200223959610859, "id_cj": 36, "nome_cj": "36ª Araçatuba", "id_raj": 2, "nome_raj": "2ª Araçatuba", "populacao_foro": 28059, "qt_cidades_foro": 5, "cidades_no_foro": "Buritama, Lourdes, Planalto, Turiúba, Zacarias", "qt_cidades_cj": 26, "cidades_na_cj": "Alto Alegre, Araçatuba, Avanhandava, Barbosa, Bento de Abreu, Bilac, Birigui, Braúna, Brejo Alegre, Buritama, Clementina, Coroados, Gabriel Monteiro, Glicério, Guararapes, Lourdes, Luiziânia, Penápolis, Piacatu, Planalto, Rubiácea, Santo Antônio do Aracanguá, Santópolis do Aguapeí, Turiúba, Valparaíso, Zacarias", "unidades": "Fórum Buritama", "total_varas_municipio": 2, "varas_municipio": "Juizado Especial Cível e Criminal, Vara Cível", "varas_foro": "Juizado Especial Cível e Criminal, Vara Cível" }, "geometry": { "type": "Point", "coordinates": [ -50.200223959610859, -21.049110632537641 ] } },
{ "type": "Feature", "properties": { "id_municipio_ibge": 3508207, "nome_municipio": "Buritizal", "populacao_municipio": 4356, "id_foro": 3520103, "nome_foro": "Igarapava", "total_varas_foro": 2, "entrancia": "Entrância Inicial", "endereco_sede": "Rua Capitão Antonio Augusto Maciel , 130 - centro, 14540-000", "latitude": -20.063671745620951, "longitude": -47.682470173387649, "id_cj": 40, "nome_cj": "40ª Ituverava", "id_raj": 6, "nome_raj": "6ª Ribeirão Preto", "populacao_foro": 35988, "qt_cidades_foro": 3, "cidades_no_foro": "Aramina, Buritizal, Igarapava", "qt_cidades_cj": 8, "cidades_na_cj": "Aramina, Buritizal, Guará, Igarapava, Ipuã, Ituverava, Miguelópolis, São Joaquim da Barra", "unidades": null, "total_varas_municipio": 0, "varas_municipio": null, "varas_foro": "Juizado Especial Cível e Criminal, Vara" }, "geometry": { "type": "Point", "coordinates": [ -47.692942633096074, -20.209316962744602 ] } },
{ "type": "Feature", "properties": { "id_municipio_ibge": 3508306, "nome_municipio": "Cabrália Paulista", "populacao_municipio": 4299, "id_foro": 3514502, "nome_foro": "Duartina", "total_varas_foro": 2, "entrancia": "Entrância Inicial", "endereco_sede": "Rua Sete de Setembro , 486 - centro, 17470-000", "latitude": -22.393295039545052, "longitude": -49.413357814195273, "id_cj": 32, "nome_cj": "32ª Bauru", "id_raj": 3, "nome_raj": "3ª Bauru", "populacao_foro": 24131, "qt_cidades_foro": 4, "cidades_no_foro": "Cabrália Paulista, Duartina, Lucianópolis, Ubirajara", "qt_cidades_cj": 18, "cidades_na_cj": "Agudos, Arealva, Avaí, Balbinos, Bauru, Borebi, Cabrália Paulista, Duartina, Lençóis Paulista, Lucianópolis, Paulistânia, Pirajuí, Piratininga, Pongaí, Presidente Alves, Reginópolis, Ubirajara, Uru", "unidades": null, "total_varas_municipio": 0, "varas_municipio": null, "varas_foro": "Juizado Especial Cível e Criminal, Vara Judicial" }, "geometry": { "type": "Point", "coordinates": [ -49.372996817144646, -22.489471178093282 ] } },
{ "type": "Feature", "properties": { "id_municipio_ibge": 3508405, "nome_municipio": "Cabreúva", "populacao_municipio": 47011, "id_foro": 3508405, "nome_foro": "Cabreúva", "total_varas_foro": 1, "entrancia": "Entrância Inicial", "endereco_sede": "Rua Adhemar Clemente Nunes , 11 - Jacaré, 13318-136", "latitude": -23.301302729368476, "longitude": -47.080213667881942, "id_cj": 20, "nome_cj": "20ª Itu", "id_raj": 10, "nome_raj": "10ª Sorocaba", "populacao_foro": 47011, "qt_cidades_foro": 1, "cidades_no_foro": "Cabreúva", "qt_cidades_cj": 7, "cidades_na_cj": "Boituva, Cabreúva, Indaiatuba, Iperó, Itu, Porto Feliz, Salto", "unidades": "Fórum \"Desembargador Geraldo de Faria Lemos Pinheiro\"", "total_varas_municipio": 1, "varas_municipio": "Vara Judicial", "varas_foro": "Vara Judicial" }, "geometry": { "type": "Point", "coordinates": [ -47.080213667881942, -23.301302729368476 ] } },
{ "type": "Feature", "properties": { "id_municipio_ibge": 3508504, "nome_municipio": "Caçapava", "populacao_municipio": 96202, "id_foro": 3508504, "nome_foro": "Caçapava", "total_varas_foro": 2, "entrancia": "Entrância Intermediária", "endereco_sede": "Rua Marques do Herval , 269 - Centro, 12281-050", "latitude": -23.103740331551936, "longitude": -45.713307578068019, "id_cj": 47, "nome_cj": "47ª Taubaté", "id_raj": 9, "nome_raj": "9ª São José dos Campos", "populacao_foro": 102599, "qt_cidades_foro": 2, "cidades_no_foro": "Caçapava, Jambeiro", "qt_cidades_cj": 11, "cidades_na_cj": "Campos do Jordão, Caçapava, Jambeiro, Lagoinha, Pindamonhangaba, Redenção da Serra, Santo Antônio do Pinhal, São Bento do Sapucaí, São Luiz do Paraitinga, Taubaté, Tremembé", "unidades": "FORUM CAÇAPAVA - CRIMINAL / EXECUÇÃO FISCAL - RUA MARQUES DO HERVAL, FÓRUM CAÇAPAVA - CÍVEL / CEJUSC - PRAÇA DA BANDEIRA, FÓRUM CAÇAPAVA - JUIZADO ESPECIAL / SERVIÇO PSICO SOCIAL - RUA CÔNEGO RODOVALHO", "total_varas_municipio": 2, "varas_municipio": "1ª Vara Cível, 2ª Vara Cível", "varas_foro": "1ª Vara Cível, 2ª Vara Cível" }, "geometry": { "type": "Point", "coordinates": [ -45.713307578068019, -23.103740331551936 ] } },
{ "type": "Feature", "properties": { "id_municipio_ibge": 3508603, "nome_municipio": "Cachoeira Paulista", "populacao_municipio": 31564, "id_foro": 3508603, "nome_foro": "Cachoeira Paulista", "total_varas_foro": 6, "entrancia": "Entrância Inicial", "endereco_sede": "Rua São Sebastião , 191 - Centro, 12630-000", "latitude": -22.702356699905327, "longitude": -44.991691927143485, "id_cj": 48, "nome_cj": "48ª Guaratinguetá", "id_raj": 9, "nome_raj": "9ª São José dos Campos", "populacao_foro": 37750, "qt_cidades_foro": 2, "cidades_no_foro": "Cachoeira Paulista, Silveiras", "qt_cidades_cj": 17, "cidades_na_cj": "Aparecida, Arapeí, Areias, Bananal, Cachoeira Paulista, Canas, Cruzeiro, Cunha, Guaratinguetá, Lavrinhas, Lorena, Piquete, Potim, Queluz, Roseira, Silveiras, São José do Barreiro", "unidades": "Cejusc, Ministro José Rodrigues Alves Sobrinho", "total_varas_municipio": 6, "varas_municipio": "1ª Vara Judicial, 2ª Vara Judicial, Anexo Fiscal - 1ª Vara, Distribuidor - 1ª Vara, Juizado Especial Cível e Criminal, Juizado Informal de Conciliação", "varas_foro": "1ª Vara Judicial, 2ª Vara Judicial, Anexo Fiscal - 1ª Vara, Distribuidor - 1ª Vara, Juizado Especial Cível e Criminal, Juizado Informal de Conciliação" }, "geometry": { "type": "Point", "coordinates": [ -44.991691927143485, -22.702356699905327 ] } },
{ "type": "Feature", "properties": { "id_municipio_ibge": 3508702, "nome_municipio": "Caconde", "populacao_municipio": 17101, "id_foro": 3508702, "nome_foro": "Caconde", "total_varas_foro": 1, "entrancia": "Entrância Inicial", "endereco_sede": "Praça Ranieri Mazzilli , 6 - Centro, 13770-000", "latitude": -21.539522373123869, "longitude": -46.617034059758389, "id_cj": 43, "nome_cj": "43ª Casa Branca", "id_raj": 6, "nome_raj": "6ª Ribeirão Preto", "populacao_foro": 28917, "qt_cidades_foro": 2, "cidades_no_foro": "Caconde, Tapiratiba", "qt_cidades_cj": 10, "cidades_na_cj": "Caconde, Casa Branca, Divinolândia, Itobi, Mococa, Santa Cruz das Palmeiras, São José do Rio Pardo, São Sebastião da Grama, Tambaú, Tapiratiba", "unidades": "Fórum Caconde  II -  (Juizado Especial Cível e Criminal), Fórum Caconde  III -  (CEJUSC - Tapiratiba), Fórum Caconde  IV -  (CEJUSC), Fórum Caconde I - (Dr. Antônio de Queiroz Filho)", "total_varas_municipio": 1, "varas_municipio": "Vara Judicial", "varas_foro": "Vara Judicial" }, "geometry": { "type": "Point", "coordinates": [ -46.617034059758389, -21.539522373123869 ] } },
{ "type": "Feature", "properties": { "id_municipio_ibge": 3508801, "nome_municipio": "Cafelândia", "populacao_municipio": 16654, "id_foro": 3508801, "nome_foro": "Cafelândia", "total_varas_foro": 2, "entrancia": "Entrância Inicial", "endereco_sede": "Avenida Dionísia Zucchi , 330 - centro, 16503034", "latitude": -21.731146931511869, "longitude": -49.548691771064128, "id_cj": 35, "nome_cj": "35ª Lins", "id_raj": 2, "nome_raj": "2ª Araçatuba", "populacao_foro": 27335, "qt_cidades_foro": 3, "cidades_no_foro": "Cafelândia, Guarantã, Júlio Mesquita", "qt_cidades_cj": 9, "cidades_na_cj": "Cafelândia, Getulina, Guaimbê, Guaiçara, Guarantã, Júlio Mesquita, Lins, Promissão, Sabino", "unidades": "Fórum Cafelândia I - (Principal), Fórum Cafelândia II - (JEC e CEJUSC), Fórum Cafelândia III - (JEC - UAAJ - JÚLIO MESQUITA ), Z-Fórum Cafelândia II - (Juizado Especial Cível e Criminal)", "total_varas_municipio": 2, "varas_municipio": "Ofício Judicial (vara única), Vara Judicial", "varas_foro": "Ofício Judicial (vara única), Vara Judicial" }, "geometry": { "type": "Point", "coordinates": [ -49.548691771064128, -21.731146931511869 ] } },
{ "type": "Feature", "properties": { "id_municipio_ibge": 3508900, "nome_municipio": "Caiabu", "populacao_municipio": 3712, "id_foro": 3542404, "nome_foro": "Regente Feijó", "total_varas_foro": 2, "entrancia": "Entrância Inicial", "endereco_sede": "Rua Carlos Beltrami , 10 - Portal do Sol, 19570-000", "latitude": -22.252515049116653, "longitude": -51.294063651268942, "id_cj": 27, "nome_cj": "27ª Presidente Prudente", "id_raj": 5, "nome_raj": "5ª Presidente Prudente", "populacao_foro": 30117, "qt_cidades_foro": 3, "cidades_no_foro": "Caiabu, Regente Feijó, Taciba", "qt_cidades_cj": 20, "cidades_na_cj": "Alfredo Marcondes, Anhumas, Caiabu, Emilianópolis, Estrela do Norte, Iepê, Indiana, Martinópolis, Nantes, Narandiba, Pirapozinho, Presidente Bernardes, Presidente Prudente, Rancharia, Regente Feijó, Sandovalina, Santo Expedito, Taciba, Tarabai, Álvares Machado", "unidades": null, "total_varas_municipio": 0, "varas_municipio": null, "varas_foro": "Juizado Especial Cível, Vara Judicial" }, "geometry": { "type": "Point", "coordinates": [ -51.22389980507743, -21.949757217979215 ] } },
{ "type": "Feature", "properties": { "id_municipio_ibge": 3509007, "nome_municipio": "Caieiras", "populacao_municipio": 95032, "id_foro": 3509007, "nome_foro": "Caieiras", "total_varas_foro": 2, "entrancia": "Entrância Intermediária", "endereco_sede": "Rua Doutor Armando Pinto , 360 - Centro, 07700-175", "latitude": -23.375909580044201, "longitude": -46.745238177371363, "id_cj": 5, "nome_cj": "5ª Jundiaí", "id_raj": 4, "nome_raj": "4ª Campinas", "populacao_foro": 95032, "qt_cidades_foro": 1, "cidades_no_foro": "Caieiras", "qt_cidades_cj": 12, "cidades_na_cj": "Caieiras, Cajamar, Campo Limpo Paulista, Francisco Morato, Franco da Rocha, Itatiba, Itupeva, Jundiaí, Louveira, Morungaba, Vinhedo, Várzea Paulista", "unidades": "Fórum de Caieiras I, Fórum de Caieiras II", "total_varas_municipio": 2, "varas_municipio": "1ª Vara Judicial, 2ª Vara Judicial", "varas_foro": "1ª Vara Judicial, 2ª Vara Judicial" }, "geometry": { "type": "Point", "coordinates": [ -46.745238177371363, -23.375909580044201 ] } },
{ "type": "Feature", "properties": { "id_municipio_ibge": 3509106, "nome_municipio": "Caiuá", "populacao_municipio": 5466, "id_foro": 3541307, "nome_foro": "Presidente Epitácio", "total_varas_foro": 3, "entrancia": "Entrância Inicial", "endereco_sede": "Avenida Pres. Vargas , 1-31 - centro, 19470-000", "latitude": -21.910683208717142, "longitude": -52.174928256437539, "id_cj": 28, "nome_cj": "28ª Presidente Venceslau", "id_raj": 5, "nome_raj": "5ª Presidente Prudente", "populacao_foro": 44971, "qt_cidades_foro": 2, "cidades_no_foro": "Caiuá, Presidente Epitácio", "qt_cidades_cj": 11, "cidades_na_cj": "Caiuá, Euclides da Cunha Paulista, Marabá Paulista, Mirante do Paranapanema, Piquerobi, Presidente Epitácio, Presidente Venceslau, Ribeirão dos Índios, Rosana, Santo Anastácio, Teodoro Sampaio", "unidades": null, "total_varas_municipio": 0, "varas_municipio": null, "varas_foro": "1ª Vara Judicial, 2ª Vara Judicial, Juizado Especial Cível e Criminal" }, "geometry": { "type": "Point", "coordinates": [ -51.986631465001579, -21.801436960567482 ] } },
{ "type": "Feature", "properties": { "id_municipio_ibge": 3509205, "nome_municipio": "Cajamar", "populacao_municipio": 92689, "id_foro": 3509205, "nome_foro": "Cajamar", "total_varas_foro": 4, "entrancia": "Entrância Intermediária", "endereco_sede": "Avenida Joaquim Janus Penteado , 96 - Distrito de Jordanésia, 07786-520", "latitude": -23.351447107733712, "longitude": -46.872043517888727, "id_cj": 5, "nome_cj": "5ª Jundiaí", "id_raj": 4, "nome_raj": "4ª Campinas", "populacao_foro": 92689, "qt_cidades_foro": 1, "cidades_no_foro": "Cajamar", "qt_cidades_cj": 12, "cidades_na_cj": "Caieiras, Cajamar, Campo Limpo Paulista, Francisco Morato, Franco da Rocha, Itatiba, Itupeva, Jundiaí, Louveira, Morungaba, Vinhedo, Várzea Paulista", "unidades": "Fórum I Cajamar - (Desembargador Marcos Nogueira Garcez), Fórum II Cajamar - (CEJUSC)", "total_varas_municipio": 4, "varas_municipio": "1ª Vara Judicial, 2ª Vara Judicial, 2º Oficio Judicial, Juizado Especial Cível e Criminal", "varas_foro": "1ª Vara Judicial, 2ª Vara Judicial, 2º Oficio Judicial, Juizado Especial Cível e Criminal" }, "geometry": { "type": "Point", "coordinates": [ -46.872043517888727, -23.351447107733712 ] } },
{ "type": "Feature", "properties": { "id_municipio_ibge": 3509254, "nome_municipio": "Cajati", "populacao_municipio": 28515, "id_foro": 3524600, "nome_foro": "Jacupiranga", "total_varas_foro": 3, "entrancia": "Entrância Inicial", "endereco_sede": "Avenida Presidente Kennedy , 299 - Centro, 11940-000", "latitude": -24.777362691455508, "longitude": -48.05387553699498, "id_cj": 21, "nome_cj": "21ª Registro", "id_raj": 7, "nome_raj": "7ª Santos", "populacao_foro": 51488, "qt_cidades_foro": 3, "cidades_no_foro": "Barra do Turvo, Cajati, Jacupiranga", "qt_cidades_cj": 13, "cidades_na_cj": "Barra do Turvo, Cajati, Cananéia, Eldorado, Iguape, Ilha Comprida, Iporanga, Jacupiranga, Juquiá, Miracatu, Pariquera-Açu, Registro, Sete Barras", "unidades": null, "total_varas_municipio": 0, "varas_municipio": null, "varas_foro": "1ª Vara Judicial, 2ª Vara Judicial, Juizado Especial Cível e Criminal" }, "geometry": { "type": "Point", "coordinates": [ -48.195013217864371, -24.772034733713557 ] } },
{ "type": "Feature", "properties": { "id_municipio_ibge": 3509304, "nome_municipio": "Cajobi", "populacao_municipio": 9133, "id_foro": 3533908, "nome_foro": "Olímpia", "total_varas_foro": 4, "entrancia": "Entrância Intermediária", "endereco_sede": "Rua Engenheiro Reid , 377 - Patrimônio de São João Batista, 15400-091", "latitude": -20.70524588579201, "longitude": -48.959617264381016, "id_cj": 14, "nome_cj": "14ª Barretos", "id_raj": 8, "nome_raj": "8ª São José do Rio Preto", "populacao_foro": 94907, "qt_cidades_foro": 6, "cidades_no_foro": "Altair, Cajobi, Embaúba, Guaraci, Olímpia, Severínia", "qt_cidades_cj": 16, "cidades_na_cj": "Altair, Barretos, Bebedouro, Cajobi, Colina, Colômbia, Embaúba, Guaraci, Guaíra, Jaborandi, Monte Azul Paulista, Olímpia, Paraíso, Severínia, Terra Roxa, Viradouro", "unidades": null, "total_varas_municipio": 0, "varas_municipio": null, "varas_foro": "1ª Vara Cível, 2ª Vara Cível, 3ª Vara Cível, Vara Criminal" }, "geometry": { "type": "Point", "coordinates": [ -48.838751800357628, -20.873674527908555 ] } },
{ "type": "Feature", "properties": { "id_municipio_ibge": 3509403, "nome_municipio": "Cajuru", "populacao_municipio": 23830, "id_foro": 3509403, "nome_foro": "Cajuru", "total_varas_foro": 3, "entrancia": "Entrância Inicial", "endereco_sede": "Rua José Bonifácio , 817 - Centro, 14240-000", "latitude": -21.275965150296621, "longitude": -47.310304489456094, "id_cj": 41, "nome_cj": "41ª Ribeirão Preto", "id_raj": 6, "nome_raj": "6ª Ribeirão Preto", "populacao_foro": 28745, "qt_cidades_foro": 3, "cidades_no_foro": "Cajuru, Cássia dos Coqueiros, Santa Cruz da Esperança", "qt_cidades_cj": 16, "cidades_na_cj": "Barrinha, Cajuru, Cravinhos, Cássia dos Coqueiros, Dumont, Guatapará, Jardinópolis, Luís Antônio, Pontal, Ribeirão Preto, Santa Cruz da Esperança, Santa Rosa de Viterbo, Serra Azul, Serrana, Sertãozinho, São Simão", "unidades": "Fórum Cajuru (Dr. Amaury Manço)", "total_varas_municipio": 3, "varas_municipio": "Juizado Especial Cível e Criminal, Juizado Informal de Conciliação, Vara Judicial", "varas_foro": "Juizado Especial Cível e Criminal, Juizado Informal de Conciliação, Vara Judicial" }, "geometry": { "type": "Point", "coordinates": [ -47.310304489456094, -21.275965150296621 ] } },
{ "type": "Feature", "properties": { "id_municipio_ibge": 3509452, "nome_municipio": "Campina do Monte Alegre", "populacao_municipio": 5954, "id_foro": 3502200, "nome_foro": "Angatuba", "total_varas_foro": 2, "entrancia": "Entrância Inicial", "endereco_sede": "Rua Públio de Almeida Melo , 832 - Centro, 18240-000", "latitude": -23.436845924831584, "longitude": -48.459328173024673, "id_cj": 22, "nome_cj": "22ª Itapetininga", "id_raj": 10, "nome_raj": "10ª Sorocaba", "populacao_foro": 29976, "qt_cidades_foro": 2, "cidades_no_foro": "Angatuba, Campina do Monte Alegre", "qt_cidades_cj": 17, "cidades_na_cj": "Alambari, Angatuba, Bofete, Campina do Monte Alegre, Capela do Alto, Capão Bonito, Cesário Lange, Guapiara, Guareí, Itapetininga, Porangaba, Quadra, Ribeirão Grande, Sarapuí, São Miguel Arcanjo, Tatuí, Torre de Pedra", "unidades": null, "total_varas_municipio": 0, "varas_municipio": null, "varas_foro": "Juizado Especial Cível, Vara Judicial" }, "geometry": { "type": "Point", "coordinates": [ -48.442034971473909, -23.60682229948647 ] } },
{ "type": "Feature", "properties": { "id_municipio_ibge": 3509502, "nome_municipio": "Campinas", "populacao_municipio": 1139047, "id_foro": 3509502, "nome_foro": "Campinas", "total_varas_foro": 37, "entrancia": "Entrância Final", "endereco_sede": "Rua Dionisio Cazotti , 719 - Vila Mimosa, 13050-050", "latitude": -22.883756387554246, "longitude": -47.043796219239638, "id_cj": 8, "nome_cj": "8ª Campinas", "id_raj": 4, "nome_raj": "4ª Campinas", "populacao_foro": 1139047, "qt_cidades_foro": 1, "cidades_no_foro": "Campinas", "qt_cidades_cj": 4, "cidades_na_cj": "Campinas, Cosmópolis, Paulínia, Valinhos", "unidades": "Foro Regional de Vila Mimosa - Campinas (Des. Antonio Carlos A. Braga), Fórum Campinas I - Palácio da Justiça, Fórum Campinas II - Cidade Judiciária, Posto de Atendimento de Inicial do Juizado Especial Cível de Campinas - METROCAM, Posto de Atendimento de Inicial do Juizado Especial Cível de Campinas - UNISAL, Posto de Atendimento de Inicial do Juizado Especial Cível de Campinas FACAMP", "total_varas_municipio": 37, "varas_municipio": "1ª Vara Criminal, 1ª Vara Cível, 1ª Vara da Família e das Sucessões, 1ª Vara da Fazenda Pública, 1ª VARA DAS EXECUÇÕES CRIMINAIS, 1ª Vara do Juizado Especial Cível, 1ª Vara Judicial, 1º Ofício do Juizado Especial Cível, 2ª Vara Criminal, 2ª Vara Cível, 2ª Vara da Família e das Sucessões, 2ª Vara da Fazenda Pública, 2ª VARA DAS EXECUÇÕES CRIMINAIS, 2ª Vara do Juizado Especial Cível, 2ª Vara Judicial, 2º Ofício do Juizado Especial Cível, 3ª Vara Criminal, 3ª Vara Cível, 3ª Vara da Família e das Sucessões, 3ª Vara Judicial, 4ª Vara Criminal, 4ª Vara Cível, 4ª Vara da Família e das Sucessões, 4ª Vara Judicial, 5ª Vara Criminal, 5ª Vara Cível, 5ª Vara Judicial, 6ª Vara Criminal, 6ª Vara Cível, 7ª Vara Cível, 8ª Vara Cível, 9ª Vara Cível, 10ª Vara Cível, Atos Infracionais e Medidas Socioeducativas, Protetiva e Civel, Vara da Infância e da Juventude, Vara da Infância e Juventude", "varas_foro": "1ª Vara Criminal, 1ª Vara Cível, 1ª Vara da Família e das Sucessões, 1ª Vara da Fazenda Pública, 1ª VARA DAS EXECUÇÕES CRIMINAIS, 1ª Vara do Juizado Especial Cível, 1ª Vara Judicial, 1º Ofício do Juizado Especial Cível, 2ª Vara Criminal, 2ª Vara Cível, 2ª Vara da Família e das Sucessões, 2ª Vara da Fazenda Pública, 2ª VARA DAS EXECUÇÕES CRIMINAIS, 2ª Vara do Juizado Especial Cível, 2ª Vara Judicial, 2º Ofício do Juizado Especial Cível, 3ª Vara Criminal, 3ª Vara Cível, 3ª Vara da Família e das Sucessões, 3ª Vara Judicial, 4ª Vara Criminal, 4ª Vara Cível, 4ª Vara da Família e das Sucessões, 4ª Vara Judicial, 5ª Vara Criminal, 5ª Vara Cível, 5ª Vara Judicial, 6ª Vara Criminal, 6ª Vara Cível, 7ª Vara Cível, 8ª Vara Cível, 9ª Vara Cível, 10ª Vara Cível, Atos Infracionais e Medidas Socioeducativas, Protetiva e Civel, Vara da Infância e da Juventude, Vara da Infância e Juventude" }, "geometry": { "type": "Point", "coordinates": [ -47.043796219239638, -22.883756387554246 ] } },
{ "type": "Feature", "properties": { "id_municipio_ibge": 3509601, "nome_municipio": "Campo Limpo Paulista", "populacao_municipio": 77632, "id_foro": 3509601, "nome_foro": "Campo Limpo Paulista", "total_varas_foro": 3, "entrancia": "Entrância Intermediária", "endereco_sede": "Rua Marechal Deodoro da Fonseca , 550 - Vila Tavares, 13230-130", "latitude": -23.21793230908407, "longitude": -46.760057983110265, "id_cj": 5, "nome_cj": "5ª Jundiaí", "id_raj": 4, "nome_raj": "4ª Campinas", "populacao_foro": 77632, "qt_cidades_foro": 1, "cidades_no_foro": "Campo Limpo Paulista", "qt_cidades_cj": 12, "cidades_na_cj": "Caieiras, Cajamar, Campo Limpo Paulista, Francisco Morato, Franco da Rocha, Itatiba, Itupeva, Jundiaí, Louveira, Morungaba, Vinhedo, Várzea Paulista", "unidades": "Fórum de Campo Limpo Paulista, Fórum de Campo Limpo Paulista (Anexo)", "total_varas_municipio": 3, "varas_municipio": "1ª Vara Judicial, 2ª Vara Judicial, Juizado Especial Cível", "varas_foro": "1ª Vara Judicial, 2ª Vara Judicial, Juizado Especial Cível" }, "geometry": { "type": "Point", "coordinates": [ -46.760057983110265, -23.21793230908407 ] } },
{ "type": "Feature", "properties": { "id_municipio_ibge": 3509700, "nome_municipio": "Campos do Jordão", "populacao_municipio": 46974, "id_foro": 3509700, "nome_foro": "Campos do Jordão", "total_varas_foro": 3, "entrancia": "Entrância Inicial", "endereco_sede": "Avenida Doutor Januário Miráglia , 1200 - Vila Abernéssia, 12460-000", "latitude": -22.701626949837301, "longitude": -45.533060681321174, "id_cj": 47, "nome_cj": "47ª Taubaté", "id_raj": 9, "nome_raj": "9ª São José dos Campos", "populacao_foro": 46974, "qt_cidades_foro": 1, "cidades_no_foro": "Campos do Jordão", "qt_cidades_cj": 11, "cidades_na_cj": "Campos do Jordão, Caçapava, Jambeiro, Lagoinha, Pindamonhangaba, Redenção da Serra, Santo Antônio do Pinhal, São Bento do Sapucaí, São Luiz do Paraitinga, Taubaté, Tremembé", "unidades": "Fórum Campos do Jordão I - (Des.José Carlos de Macedo Soares), Fórum Campos do Jordão II - Juizado Especial Civel e Criminal", "total_varas_municipio": 3, "varas_municipio": "1ª Vara Judicial, 2ª Vara Judicial, Juizado Especial Cível e Criminal", "varas_foro": "1ª Vara Judicial, 2ª Vara Judicial, Juizado Especial Cível e Criminal" }, "geometry": { "type": "Point", "coordinates": [ -45.533060681321174, -22.701626949837301 ] } },
{ "type": "Feature", "properties": { "id_municipio_ibge": 3509809, "nome_municipio": "Campos Novos Paulista", "populacao_municipio": 4888, "id_foro": 3535309, "nome_foro": "Palmital", "total_varas_foro": 3, "entrancia": "Entrância Inicial", "endereco_sede": "Avenida Reginalda Leão , 1500 - Centro, 19970-050", "latitude": -22.828796288984474, "longitude": -50.220949582889943, "id_cj": 26, "nome_cj": "26ª Assis", "id_raj": 5, "nome_raj": "5ª Presidente Prudente", "populacao_foro": 33892, "qt_cidades_foro": 4, "cidades_no_foro": "Campos Novos Paulista, Ibirarema, Palmital, Platina", "qt_cidades_cj": 18, "cidades_na_cj": "Assis, Borá, Campos Novos Paulista, Cruzália, Cândido Mota, Echaporã, Florínia, Ibirarema, João Ramalho, Lutécia, Maracaí, Oscar Bressane, Palmital, Paraguaçu Paulista, Pedrinhas Paulista, Platina, Quatá, Tarumã", "unidades": null, "total_varas_municipio": 0, "varas_municipio": null, "varas_foro": "1ª Vara Judicial, 2ª Vara Judicial, Juizado Especial Cível" }, "geometry": { "type": "Point", "coordinates": [ -50.010286324434702, -22.61087918714794 ] } },
{ "type": "Feature", "properties": { "id_municipio_ibge": 3509908, "nome_municipio": "Cananéia", "populacao_municipio": 12289, "id_foro": 3509908, "nome_foro": "Cananéia", "total_varas_foro": 2, "entrancia": "Entrância Inicial", "endereco_sede": "Rua Pero Lobo , 75 - CENTRO, 11990-000", "latitude": -25.018433108061409, "longitude": -48.008556806974063, "id_cj": 21, "nome_cj": "21ª Registro", "id_raj": 7, "nome_raj": "7ª Santos", "populacao_foro": 12289, "qt_cidades_foro": 1, "cidades_no_foro": "Cananéia", "qt_cidades_cj": 13, "cidades_na_cj": "Barra do Turvo, Cajati, Cananéia, Eldorado, Iguape, Ilha Comprida, Iporanga, Jacupiranga, Juquiá, Miracatu, Pariquera-Açu, Registro, Sete Barras", "unidades": "Fórum Cananéia - JOAQUIM GUEDES ALCOFORADO", "total_varas_municipio": 2, "varas_municipio": "Juizado Especial Cível e Criminal, Vara Judicial", "varas_foro": "Juizado Especial Cível e Criminal, Vara Judicial" }, "geometry": { "type": "Point", "coordinates": [ -48.008556806974063, -25.018433108061409 ] } },
{ "type": "Feature", "properties": { "id_municipio_ibge": 3509957, "nome_municipio": "Canas", "populacao_municipio": 4931, "id_foro": 3527207, "nome_foro": "Lorena", "total_varas_foro": 4, "entrancia": "Entrância Intermediária", "endereco_sede": "Rua Doutor Epitácio Santiago , 99 - Centro, 12600-530", "latitude": -22.793969750744992, "longitude": -45.059992568195845, "id_cj": 48, "nome_cj": "48ª Guaratinguetá", "id_raj": 9, "nome_raj": "9ª São José dos Campos", "populacao_foro": 89786, "qt_cidades_foro": 2, "cidades_no_foro": "Canas, Lorena", "qt_cidades_cj": 17, "cidades_na_cj": "Aparecida, Arapeí, Areias, Bananal, Cachoeira Paulista, Canas, Cruzeiro, Cunha, Guaratinguetá, Lavrinhas, Lorena, Piquete, Potim, Queluz, Roseira, Silveiras, São José do Barreiro", "unidades": null, "total_varas_municipio": 0, "varas_municipio": null, "varas_foro": "1ª Vara Judicial, 2ª Vara Judicial, 3ª Vara Judicial, Juizado Especial Cível e Criminal" }, "geometry": { "type": "Point", "coordinates": [ -45.041337096269139, -22.730069918526297 ] } },
{ "type": "Feature", "properties": { "id_municipio_ibge": 3510005, "nome_municipio": "Cândido Mota", "populacao_municipio": 29449, "id_foro": 3510005, "nome_foro": "Cândido Mota", "total_varas_foro": 3, "entrancia": "Entrância Inicial", "endereco_sede": "Praça Antonio Pípolo , s/n - Centro, 19880-047", "latitude": -22.808680371048059, "longitude": -50.421699675700346, "id_cj": 26, "nome_cj": "26ª Assis", "id_raj": 5, "nome_raj": "5ª Presidente Prudente", "populacao_foro": 29449, "qt_cidades_foro": 1, "cidades_no_foro": "Cândido Mota", "qt_cidades_cj": 18, "cidades_na_cj": "Assis, Borá, Campos Novos Paulista, Cruzália, Cândido Mota, Echaporã, Florínia, Ibirarema, João Ramalho, Lutécia, Maracaí, Oscar Bressane, Palmital, Paraguaçu Paulista, Pedrinhas Paulista, Platina, Quatá, Tarumã", "unidades": "Fórum Cândido Mota", "total_varas_municipio": 3, "varas_municipio": "1ª Vara Judicial, 2ª Vara Judicial, Juizado Especial Cível", "varas_foro": "1ª Vara Judicial, 2ª Vara Judicial, Juizado Especial Cível" }, "geometry": { "type": "Point", "coordinates": [ -50.421699675700346, -22.808680371048059 ] } },
{ "type": "Feature", "properties": { "id_municipio_ibge": 3510104, "nome_municipio": "Cândido Rodrigues", "populacao_municipio": 2889, "id_foro": 3553708, "nome_foro": "Taquaritinga", "total_varas_foro": 3, "entrancia": "Entrância Inicial", "endereco_sede": "Rua Duque de Caxias , 267 - Centro, 15900-017", "latitude": -21.425577635346173, "longitude": -48.537879199453229, "id_cj": 42, "nome_cj": "42ª Jaboticabal", "id_raj": 6, "nome_raj": "6ª Ribeirão Preto", "populacao_foro": 67209, "qt_cidades_foro": 4, "cidades_no_foro": "Cândido Rodrigues, Fernando Prestes, Santa Ernestina, Taquaritinga", "qt_cidades_cj": 14, "cidades_na_cj": "Cândido Rodrigues, Fernando Prestes, Guariba, Jaboticabal, Monte Alto, Pirangi, Pitangueiras, Pradópolis, Santa Ernestina, Taiaçu, Taiúva, Taquaral, Taquaritinga, Vista Alegre do Alto", "unidades": null, "total_varas_municipio": 0, "varas_municipio": null, "varas_foro": "1ª Vara Judicial, 2ª Vara Judicial, 3ª Vara Judicial" }, "geometry": { "type": "Point", "coordinates": [ -48.628622210488736, -21.342839633844566 ] } },
{ "type": "Feature", "properties": { "id_municipio_ibge": 3510153, "nome_municipio": "Canitar", "populacao_municipio": 6283, "id_foro": 3557204, "nome_foro": "Chavantes", "total_varas_foro": 3, "entrancia": "Entrância Inicial", "endereco_sede": "Rua Cel. Julio Silva , 365 - Centro, 18970-029", "latitude": -23.046338572753058, "longitude": -49.726539633074921, "id_cj": 25, "nome_cj": "25ª Ourinhos", "id_raj": 3, "nome_raj": "3ª Bauru", "populacao_foro": 18494, "qt_cidades_foro": 2, "cidades_no_foro": "Canitar, Chavantes", "qt_cidades_cj": 16, "cidades_na_cj": "Bernardino de Campos, Canitar, Chavantes, Espírito Santo do Turvo, Ipaussu, Manduri, Ourinhos, Piraju, Ribeirão do Sul, Salto Grande, Santa Cruz do Rio Pardo, Sarutaiá, São Pedro do Turvo, Tejupá, Timburi, Óleo", "unidades": null, "total_varas_municipio": 0, "varas_municipio": null, "varas_foro": "Criminal e Juizado Especial das Fazendas Públicas, Juizado Especial Cível, Vara Judicial" }, "geometry": { "type": "Point", "coordinates": [ -49.791857736618773, -23.018717302144708 ] } },
{ "type": "Feature", "properties": { "id_municipio_ibge": 3510203, "nome_municipio": "Capão Bonito", "populacao_municipio": 46337, "id_foro": 3510203, "nome_foro": "Capão Bonito", "total_varas_foro": 0, "entrancia": "Entrância Intermediária", "endereco_sede": "Rua Seabra do Amaral , 260 - Centro - Guapiara, 18310-000", "latitude": -24.039195109679952, "longitude": -48.289834761740153, "id_cj": 22, "nome_cj": "22ª Itapetininga", "id_raj": 10, "nome_raj": "10ª Sorocaba", "populacao_foro": 70858, "qt_cidades_foro": 3, "cidades_no_foro": "Capão Bonito, Guapiara, Ribeirão Grande", "qt_cidades_cj": 17, "cidades_na_cj": "Alambari, Angatuba, Bofete, Campina do Monte Alegre, Capela do Alto, Capão Bonito, Cesário Lange, Guapiara, Guareí, Itapetininga, Porangaba, Quadra, Ribeirão Grande, Sarapuí, São Miguel Arcanjo, Tatuí, Torre de Pedra", "unidades": "Anexo do JEC - UAAJ - GUAPIARA, Fórum da Comarca de Capão Bonito", "total_varas_municipio": 0, "varas_municipio": null, "varas_foro": null }, "geometry": { "type": "Point", "coordinates": [ -48.289834761740153, -24.039195109679952 ] } },
{ "type": "Feature", "properties": { "id_municipio_ibge": 3510302, "nome_municipio": "Capela do Alto", "populacao_municipio": 22866, "id_foro": 3554003, "nome_foro": "Tatuí", "total_varas_foro": 7, "entrancia": "Entrância Final", "endereco_sede": "Avenida Virginio Montezzo Filho , 2009 - Nova Tatui, 18278-440", "latitude": -23.362079957417439, "longitude": -47.869483220594951, "id_cj": 22, "nome_cj": "22ª Itapetininga", "id_raj": 10, "nome_raj": "10ª Sorocaba", "populacao_foro": 150213, "qt_cidades_foro": 3, "cidades_no_foro": "Capela do Alto, Quadra, Tatuí", "qt_cidades_cj": 17, "cidades_na_cj": "Alambari, Angatuba, Bofete, Campina do Monte Alegre, Capela do Alto, Capão Bonito, Cesário Lange, Guapiara, Guareí, Itapetininga, Porangaba, Quadra, Ribeirão Grande, Sarapuí, São Miguel Arcanjo, Tatuí, Torre de Pedra", "unidades": null, "total_varas_municipio": 0, "varas_municipio": null, "varas_foro": "1ª vara criminal, 1ª Vara Cível, 2ª Vara criminal, 2ª Vara Cível, 3ª Vara Cível, Juizado Especial Cível e Criminal, Vara do Juizado Especial Civel e Criminal" }, "geometry": { "type": "Point", "coordinates": [ -47.730963935986338, -23.467425435348922 ] } },
{ "type": "Feature", "properties": { "id_municipio_ibge": 3510401, "nome_municipio": "Capivari", "populacao_municipio": 50068, "id_foro": 3510401, "nome_foro": "Capivari", "total_varas_foro": 3, "entrancia": "Entrância Inicial", "endereco_sede": "Rua Doutor João Adolfo Stein , 171 - Pão de Açucar, 13360-000", "latitude": -22.980721625435358, "longitude": -47.478027624894459, "id_cj": 34, "nome_cj": "34ª Piracicaba", "id_raj": 4, "nome_raj": "4ª Campinas", "populacao_foro": 62755, "qt_cidades_foro": 3, "cidades_no_foro": "Capivari, Mombuca, Rafard", "qt_cidades_cj": 16, "cidades_na_cj": "Capivari, Cerquilho, Charqueada, Elias Fausto, Jumirim, Laranjal Paulista, Mombuca, Monte Mor, Piracicaba, Rafard, Rio das Pedras, Saltinho, Santa Maria da Serra, São Pedro, Tietê, Águas de São Pedro", "unidades": "Fórum Capivari", "total_varas_municipio": 3, "varas_municipio": "1ª Vara Judicial, 2ª Vara Judicial, Juizado Especial Cível e Criminal", "varas_foro": "1ª Vara Judicial, 2ª Vara Judicial, Juizado Especial Cível e Criminal" }, "geometry": { "type": "Point", "coordinates": [ -47.478027624894459, -22.980721625435358 ] } },
{ "type": "Feature", "properties": { "id_municipio_ibge": 3510500, "nome_municipio": "Caraguatatuba", "populacao_municipio": 134873, "id_foro": 3510500, "nome_foro": "Caraguatatuba", "total_varas_foro": 6, "entrancia": "Entrância Final", "endereco_sede": "Praça Doutor José Rebello da Cunha , 73 - Sumaré, 11661-050", "latitude": -23.63965981743717, "longitude": -45.488124790172854, "id_cj": 51, "nome_cj": "51ª Caraguatatuba", "id_raj": 9, "nome_raj": "9ª São José dos Campos", "populacao_foro": 134873, "qt_cidades_foro": 1, "cidades_no_foro": "Caraguatatuba", "qt_cidades_cj": 4, "cidades_na_cj": "Caraguatatuba, Ilhabela, São Sebastião, Ubatuba", "unidades": "Fórum Caraguatatuba, Fórum Caraguatatuba II (Serviço Anexo das Fazendas), Fórum Caraguatatuba III (CEJUSC), Fórum Caraguatatuba IV (Central de Mandados e Arquivo), Fórum Caraguatatuba V (Em construção)", "total_varas_municipio": 6, "varas_municipio": "1ª Vara Cível, 2ª Vara Cível, 3ª Vara Cível, Juizado Especial Cível e Criminal, Vara Criminal, Vara do Juizado Especial Cível e Criminal", "varas_foro": "1ª Vara Cível, 2ª Vara Cível, 3ª Vara Cível, Juizado Especial Cível e Criminal, Vara Criminal, Vara do Juizado Especial Cível e Criminal" }, "geometry": { "type": "Point", "coordinates": [ -45.488124790172854, -23.63965981743717 ] } },
{ "type": "Feature", "properties": { "id_municipio_ibge": 3510609, "nome_municipio": "Carapicuíba", "populacao_municipio": 386984, "id_foro": 3510609, "nome_foro": "Carapicuíba", "total_varas_foro": 8, "entrancia": "Entrância Final", "endereco_sede": "Avenida Des. Eduardo Cunha de Abreu , 215 - Vila Municipal, 06328-330", "latitude": -23.55005749518746, "longitude": -46.841919667149952, "id_cj": 4, "nome_cj": "4ª Osasco", "id_raj": 1, "nome_raj": "1ª Grande São Paulo", "populacao_foro": 386984, "qt_cidades_foro": 1, "cidades_no_foro": "Carapicuíba", "qt_cidades_cj": 6, "cidades_na_cj": "Barueri, Carapicuíba, Jandira, Osasco, Pirapora do Bom Jesus, Santana de Parnaíba", "unidades": "Fórum Carapicuíba I - (Des. Coaracy Lacerda Madureira), Fórum Carapicuíba II (Arquivo), Fórum Carapicuíba II - SAF / Arquivo, Fórum Carapicuíba III - Arquivo / Acervo", "total_varas_municipio": 8, "varas_municipio": "1ª Vara Civel, 1ª Vara Criminal e Infância e Juventude, 2ª Vara Criminal e Tribunal do Juri e Execuções Criminais, 2ª Vara Cível, 3ª Vara Cível, Ofício do Juizado Especial Cível e Criminal, Seção Administrativa de Distribuição de Mandados das Varas, Vara do Juizado Especial Cível e Criminal", "varas_foro": "1ª Vara Civel, 1ª Vara Criminal e Infância e Juventude, 2ª Vara Criminal e Tribunal do Juri e Execuções Criminais, 2ª Vara Cível, 3ª Vara Cível, Ofício do Juizado Especial Cível e Criminal, Seção Administrativa de Distribuição de Mandados das Varas, Vara do Juizado Especial Cível e Criminal" }, "geometry": { "type": "Point", "coordinates": [ -46.841919667149952, -23.55005749518746 ] } },
{ "type": "Feature", "properties": { "id_municipio_ibge": 3510708, "nome_municipio": "Cardoso", "populacao_municipio": 11345, "id_foro": 3510708, "nome_foro": "Cardoso", "total_varas_foro": 2, "entrancia": "Entrância Inicial", "endereco_sede": "Rua Urias de Paula e Silva , 1351 - Jd Gouvêa, 15570-000", "latitude": -20.067188064523144, "longitude": -49.947601107218908, "id_cj": 17, "nome_cj": "17ª Votuporanga", "id_raj": 8, "nome_raj": "8ª São José do Rio Preto", "populacao_foro": 16858, "qt_cidades_foro": 3, "cidades_no_foro": "Cardoso, Mira Estrela, Pontes Gestal", "qt_cidades_cj": 13, "cidades_na_cj": "Cardoso, Floreal, Gastão Vidigal, Magda, Mira Estrela, Monções, Nhandeara, Nova Luzitânia, Parisi, Pontes Gestal, Valentim Gentil, Votuporanga, Álvares Florence", "unidades": "Fórum Cardoso", "total_varas_municipio": 2, "varas_municipio": "Juizado Especial Cível e Criminal, Vara Judicial", "varas_foro": "Juizado Especial Cível e Criminal, Vara Judicial" }, "geometry": { "type": "Point", "coordinates": [ -49.947601107218908, -20.067188064523144 ] } },
{ "type": "Feature", "properties": { "id_municipio_ibge": 3510807, "nome_municipio": "Casa Branca", "populacao_municipio": 28083, "id_foro": 3510807, "nome_foro": "Casa Branca", "total_varas_foro": 3, "entrancia": "Entrância Intermediária", "endereco_sede": "Praça Ministro Costa Manso , 78 - centro, 13700-000", "latitude": -21.800543636164964, "longitude": -47.088125787767581, "id_cj": 43, "nome_cj": "43ª Casa Branca", "id_raj": 6, "nome_raj": "6ª Ribeirão Preto", "populacao_foro": 36129, "qt_cidades_foro": 2, "cidades_no_foro": "Casa Branca, Itobi", "qt_cidades_cj": 10, "cidades_na_cj": "Caconde, Casa Branca, Divinolândia, Itobi, Mococa, Santa Cruz das Palmeiras, São José do Rio Pardo, São Sebastião da Grama, Tambaú, Tapiratiba", "unidades": "Fórum I Casa Branca, Fórum II Casa Branca (CEJUSC)", "total_varas_municipio": 3, "varas_municipio": "1ª Vara Judicial, 2ª Vara Judicial, Oficio Judicial- Seção Criminal", "varas_foro": "1ª Vara Judicial, 2ª Vara Judicial, Oficio Judicial- Seção Criminal" }, "geometry": { "type": "Point", "coordinates": [ -47.088125787767581, -21.800543636164964 ] } },
{ "type": "Feature", "properties": { "id_municipio_ibge": 3510906, "nome_municipio": "Cássia dos Coqueiros", "populacao_municipio": 2799, "id_foro": 3509403, "nome_foro": "Cajuru", "total_varas_foro": 3, "entrancia": "Entrância Inicial", "endereco_sede": "Rua José Bonifácio , 817 - Centro, 14240-000", "latitude": -21.275965150296621, "longitude": -47.310304489456094, "id_cj": 41, "nome_cj": "41ª Ribeirão Preto", "id_raj": 6, "nome_raj": "6ª Ribeirão Preto", "populacao_foro": 28745, "qt_cidades_foro": 3, "cidades_no_foro": "Cajuru, Cássia dos Coqueiros, Santa Cruz da Esperança", "qt_cidades_cj": 16, "cidades_na_cj": "Barrinha, Cajuru, Cravinhos, Cássia dos Coqueiros, Dumont, Guatapará, Jardinópolis, Luís Antônio, Pontal, Ribeirão Preto, Santa Cruz da Esperança, Santa Rosa de Viterbo, Serra Azul, Serrana, Sertãozinho, São Simão", "unidades": null, "total_varas_municipio": 0, "varas_municipio": null, "varas_foro": "Juizado Especial Cível e Criminal, Juizado Informal de Conciliação, Vara Judicial" }, "geometry": { "type": "Point", "coordinates": [ -47.144098671954772, -21.26326987620752 ] } },
{ "type": "Feature", "properties": { "id_municipio_ibge": 3511003, "nome_municipio": "Castilho", "populacao_municipio": 19977, "id_foro": 3502101, "nome_foro": "Andradina", "total_varas_foro": 3, "entrancia": "Entrância Final", "endereco_sede": "Rua Paes Leme , 2052 - Stella Maris, 16901-907", "latitude": -20.835605724040704, "longitude": -51.329727883803223, "id_cj": 37, "nome_cj": "37ª Andradina", "id_raj": 2, "nome_raj": "2ª Araçatuba", "populacao_foro": 88106, "qt_cidades_foro": 4, "cidades_no_foro": "Andradina, Castilho, Murutinga do Sul, Nova Independência", "qt_cidades_cj": 12, "cidades_na_cj": "Andradina, Castilho, Guaraçaí, Ilha Solteira, Itapura, Lavínia, Mirandópolis, Murutinga do Sul, Nova Independência, Pereira Barreto, Sud Mennucci, Suzanápolis", "unidades": null, "total_varas_municipio": 0, "varas_municipio": null, "varas_foro": "1ª Vara Judicial, 2ª Vara Judicial, 3ª Vara Judicial" }, "geometry": { "type": "Point", "coordinates": [ -51.570255561614054, -20.897613347137074 ] } },
{ "type": "Feature", "properties": { "id_municipio_ibge": 3511102, "nome_municipio": "Catanduva", "populacao_municipio": 115791, "id_foro": 3511102, "nome_foro": "Catanduva", "total_varas_foro": 8, "entrancia": "Entrância Final", "endereco_sede": "Parque da Américas , 55 - Centro, 15800-032", "latitude": -21.1337504667109, "longitude": -48.963683344957076, "id_cj": 15, "nome_cj": "15ª Catanduva", "id_raj": 8, "nome_raj": "8ª São José do Rio Preto", "populacao_foro": 145161, "qt_cidades_foro": 4, "cidades_no_foro": "Catanduva, Elisiário, Ibirá, Pindorama", "qt_cidades_cj": 16, "cidades_na_cj": "Ariranha, Catanduva, Catiguá, Elisiário, Ibirá, Irapuã, Itajobi, Marapoama, Novais, Novo Horizonte, Palmares Paulista, Pindorama, Sales, Santa Adélia, Tabapuã, Urupês", "unidades": "Fórum \"Dr. Renato Bueno Netto\", Fórum Catanduva II - (Anexo Fiscal), Fórum Catanduva III - (CEJUSC)", "total_varas_municipio": 8, "varas_municipio": "1ª Vara Criminal, 1ª Vara Cível, 2ª Vara Criminal, 2ª Vara Cível, 3ª Vara Cível, Juizado Especial Cível, Vara da Família e das Sucessões, Vara do Juizado Especial Cível", "varas_foro": "1ª Vara Criminal, 1ª Vara Cível, 2ª Vara Criminal, 2ª Vara Cível, 3ª Vara Cível, Juizado Especial Cível, Vara da Família e das Sucessões, Vara do Juizado Especial Cível" }, "geometry": { "type": "Point", "coordinates": [ -48.963683344957076, -21.1337504667109 ] } },
{ "type": "Feature", "properties": { "id_municipio_ibge": 3511201, "nome_municipio": "Catiguá", "populacao_municipio": 7003, "id_foro": 3552601, "nome_foro": "Tabapuã", "total_varas_foro": 1, "entrancia": "Entrância Inicial", "endereco_sede": "Rua Eugênio Ulian , 1265 - centro, 15880-023", "latitude": -20.931884704714278, "longitude": -49.028909309471452, "id_cj": 15, "nome_cj": "15ª Catanduva", "id_raj": 8, "nome_raj": "8ª São José do Rio Preto", "populacao_foro": 22738, "qt_cidades_foro": 3, "cidades_no_foro": "Catiguá, Novais, Tabapuã", "qt_cidades_cj": 16, "cidades_na_cj": "Ariranha, Catanduva, Catiguá, Elisiário, Ibirá, Irapuã, Itajobi, Marapoama, Novais, Novo Horizonte, Palmares Paulista, Pindorama, Sales, Santa Adélia, Tabapuã, Urupês", "unidades": null, "total_varas_municipio": 0, "varas_municipio": null, "varas_foro": "Vara Judicial" }, "geometry": { "type": "Point", "coordinates": [ -49.052787391269128, -21.06283533002329 ] } },
{ "type": "Feature", "properties": { "id_municipio_ibge": 3511300, "nome_municipio": "Cedral", "populacao_municipio": 12618, "id_foro": 3549805, "nome_foro": "São José do Rio Preto", "total_varas_foro": 7, "entrancia": "Entrância Final", "endereco_sede": "Rua Marechal Deodoro da Fonseca , 3036 - Centro, 15010-902", "latitude": -20.797230087349501, "longitude": -49.358102151621488, "id_cj": 16, "nome_cj": "16ª São José do Rio Preto", "id_raj": 8, "nome_raj": "8ª São José do Rio Preto", "populacao_foro": 559137, "qt_cidades_foro": 6, "cidades_no_foro": "Bady Bassitt, Cedral, Guapiaçu, Ipiguá, São José do Rio Preto, Uchoa", "qt_cidades_cj": 33, "cidades_na_cj": "Adolfo, Américo de Campos, Bady Bassitt, Bálsamo, Cedral, Cosmorama, Guapiaçu, Icém, Ipiguá, Jaci, José Bonifácio, Macaubal, Mendonça, Mirassol, Mirassolândia, Monte Aprazível, Neves Paulista, Nipoã, Nova Aliança, Nova Granada, Onda Verde, Orindiúva, Palestina, Paulo de Faria, Poloni, Potirendaba, Riolândia, Sebastianópolis do Sul, São José do Rio Preto, Tanabi, Ubarana, Uchoa, União Paulista", "unidades": null, "total_varas_municipio": 0, "varas_municipio": null, "varas_foro": "1ª Vara Criminal, 2ª Vara Criminal, 3ª Vara Criminal, 4ª Vara Criminal, 5ª Vara Criminal, Vara de Execuções Criminais, Vara do DEECRIM" }, "geometry": { "type": "Point", "coordinates": [ -49.263925484470299, -20.913902474165752 ] } },
{ "type": "Feature", "properties": { "id_municipio_ibge": 3511409, "nome_municipio": "Cerqueira César", "populacao_municipio": 21469, "id_foro": 3511409, "nome_foro": "Cerqueira César", "total_varas_foro": 4, "entrancia": "Entrância Inicial", "endereco_sede": "Rua Olimpio Pavan , 355 - Centro, 18760015", "latitude": -23.059321610192633, "longitude": -49.14380676556663, "id_cj": 24, "nome_cj": "24ª Avaré", "id_raj": 3, "nome_raj": "3ª Bauru", "populacao_foro": 36656, "qt_cidades_foro": 3, "cidades_no_foro": "Cerqueira César, Iaras, Águas de Santa Bárbara", "qt_cidades_cj": 11, "cidades_na_cj": "Arandu, Avaré, Cerqueira César, Coronel Macedo, Fartura, Iaras, Itaí, Paranapanema, Taguaí, Taquarituba, Águas de Santa Bárbara", "unidades": "Fórum Cerqueira César", "total_varas_municipio": 4, "varas_municipio": "1ª Vara Judicial, 2ª Vara Judicial, Criminal e da Fazenda Pública de Cerqueira César, Juizado Especial Cível", "varas_foro": "1ª Vara Judicial, 2ª Vara Judicial, Criminal e da Fazenda Pública de Cerqueira César, Juizado Especial Cível" }, "geometry": { "type": "Point", "coordinates": [ -49.14380676556663, -23.059321610192633 ] } },
{ "type": "Feature", "properties": { "id_municipio_ibge": 3511508, "nome_municipio": "Cerquilho", "populacao_municipio": 44695, "id_foro": 3511508, "nome_foro": "Cerquilho", "total_varas_foro": 2, "entrancia": "Entrância Inicial", "endereco_sede": "Avenida Washington Luiz , 2.501 - Chave Barros, 18523-480", "latitude": -23.187123842014113, "longitude": -47.757134625660505, "id_cj": 34, "nome_cj": "34ª Piracicaba", "id_raj": 4, "nome_raj": "4ª Campinas", "populacao_foro": 44695, "qt_cidades_foro": 1, "cidades_no_foro": "Cerquilho", "qt_cidades_cj": 16, "cidades_na_cj": "Capivari, Cerquilho, Charqueada, Elias Fausto, Jumirim, Laranjal Paulista, Mombuca, Monte Mor, Piracicaba, Rafard, Rio das Pedras, Saltinho, Santa Maria da Serra, São Pedro, Tietê, Águas de São Pedro", "unidades": "Fórum Cerquilho", "total_varas_municipio": 2, "varas_municipio": "Juizado Especial Cível e Criminal, Vara Judicial", "varas_foro": "Juizado Especial Cível e Criminal, Vara Judicial" }, "geometry": { "type": "Point", "coordinates": [ -47.757134625660505, -23.187123842014113 ] } },
{ "type": "Feature", "properties": { "id_municipio_ibge": 3511607, "nome_municipio": "Cesário Lange", "populacao_municipio": 19048, "id_foro": 3511607, "nome_foro": "Cesário Lange", "total_varas_foro": 0, "entrancia": "Entrância Inicial", "endereco_sede": "Rua do Comércio , 691 - Centro, 18285-000", "latitude": -23.216507831969452, "longitude": -47.903889133069917, "id_cj": 22, "nome_cj": "22ª Itapetininga", "id_raj": 10, "nome_raj": "10ª Sorocaba", "populacao_foro": 19048, "qt_cidades_foro": 1, "cidades_no_foro": "Cesário Lange", "qt_cidades_cj": 17, "cidades_na_cj": "Alambari, Angatuba, Bofete, Campina do Monte Alegre, Capela do Alto, Capão Bonito, Cesário Lange, Guapiara, Guareí, Itapetininga, Porangaba, Quadra, Ribeirão Grande, Sarapuí, São Miguel Arcanjo, Tatuí, Torre de Pedra", "unidades": "Fórum da Comarca de Cesário Lange", "total_varas_municipio": 0, "varas_municipio": null, "varas_foro": null }, "geometry": { "type": "Point", "coordinates": [ -47.903889133069917, -23.216507831969452 ] } },
{ "type": "Feature", "properties": { "id_municipio_ibge": 3511706, "nome_municipio": "Charqueada", "populacao_municipio": 15535, "id_foro": 3538709, "nome_foro": "Piracicaba", "total_varas_foro": 19, "entrancia": "Entrância Final", "endereco_sede": "Rua Bernardino de Campos , 55 - Alemães, 13417-901", "latitude": -22.726451332766192, "longitude": -47.78401709610705, "id_cj": 34, "nome_cj": "34ª Piracicaba", "id_raj": 4, "nome_raj": "4ª Campinas", "populacao_foro": 447019, "qt_cidades_foro": 3, "cidades_no_foro": "Charqueada, Piracicaba, Saltinho", "qt_cidades_cj": 16, "cidades_na_cj": "Capivari, Cerquilho, Charqueada, Elias Fausto, Jumirim, Laranjal Paulista, Mombuca, Monte Mor, Piracicaba, Rafard, Rio das Pedras, Saltinho, Santa Maria da Serra, São Pedro, Tietê, Águas de São Pedro", "unidades": null, "total_varas_municipio": 0, "varas_municipio": null, "varas_foro": "1ª Vara Criminal, 1ª Vara Cível, 1ª Vara da Família e das Sucessões, 2ª Vara Criminal, 2ª Vara Cível, 2ª Vara da Família e das Sucessões, 3ª Vara Criminal, 3ª Vara Cível, 3ª Vara da Família e das Sucessões, 4ª Vara Cível, 5ª Vara Cível, 6ª Vara Cível, Audiências de Conciliação das Varas da Família, Juizado Especial Criminal - Conciliação, Ofício do Juizado Especial Cível e Criminal, VARA DA FAZENDA PÚBLICA, VARA DA INFÂNCIA E DA JUVENTUDE, Vara do Juizado Especial Cível e Criminal, VARA DO JÚRI E EXECUÇÕES CRIMINAIS" }, "geometry": { "type": "Point", "coordinates": [ -47.746202307422131, -22.530151386762256 ] } },
{ "type": "Feature", "properties": { "id_municipio_ibge": 3511904, "nome_municipio": "Clementina", "populacao_municipio": 6982, "id_foro": 3506508, "nome_foro": "Birigui", "total_varas_foro": 8, "entrancia": "Entrância Intermediária", "endereco_sede": "Rua Faustino Segura , 214 - Parque São Vicente, 16200-370", "latitude": -21.261609517109836, "longitude": -50.350988803810999, "id_cj": 36, "nome_cj": "36ª Araçatuba", "id_raj": 2, "nome_raj": "2ª Araçatuba", "populacao_foro": 137825, "qt_cidades_foro": 5, "cidades_no_foro": "Birigui, Brejo Alegre, Clementina, Coroados, Santópolis do Aguapeí", "qt_cidades_cj": 26, "cidades_na_cj": "Alto Alegre, Araçatuba, Avanhandava, Barbosa, Bento de Abreu, Bilac, Birigui, Braúna, Brejo Alegre, Buritama, Clementina, Coroados, Gabriel Monteiro, Glicério, Guararapes, Lourdes, Luiziânia, Penápolis, Piacatu, Planalto, Rubiácea, Santo Antônio do Aracanguá, Santópolis do Aguapeí, Turiúba, Valparaíso, Zacarias", "unidades": null, "total_varas_municipio": 0, "varas_municipio": null, "varas_foro": "1ª Vara Criminal, 1ª Vara Cível, 2ª Vara Criminal, 2ª Vara Cível, 3ª Vara Cível, Criminal e da Fazenda Pública, Juizado Especial Cível, Ofício do Juizado Especial Cível e Criminal" }, "geometry": { "type": "Point", "coordinates": [ -50.460062407786218, -21.570339170905598 ] } },
{ "type": "Feature", "properties": { "id_municipio_ibge": 3512001, "nome_municipio": "Colina", "populacao_municipio": 18486, "id_foro": 3512001, "nome_foro": "Colina", "total_varas_foro": 1, "entrancia": "Entrância Inicial", "endereco_sede": "Rua Nestor Silveira Guimarães , 45 - CECAP, 14770-000", "latitude": -20.746170779314237, "longitude": -48.588857511081365, "id_cj": 14, "nome_cj": "14ª Barretos", "id_raj": 8, "nome_raj": "8ª São José do Rio Preto", "populacao_foro": 24707, "qt_cidades_foro": 2, "cidades_no_foro": "Colina, Jaborandi", "qt_cidades_cj": 16, "cidades_na_cj": "Altair, Barretos, Bebedouro, Cajobi, Colina, Colômbia, Embaúba, Guaraci, Guaíra, Jaborandi, Monte Azul Paulista, Olímpia, Paraíso, Severínia, Terra Roxa, Viradouro", "unidades": "Fórum Colina - Desembargador Alcides Faro", "total_varas_municipio": 1, "varas_municipio": "Vara Judicial", "varas_foro": "Vara Judicial" }, "geometry": { "type": "Point", "coordinates": [ -48.588857511081365, -20.746170779314237 ] } },
{ "type": "Feature", "properties": { "id_municipio_ibge": 3512100, "nome_municipio": "Colômbia", "populacao_municipio": 6629, "id_foro": 3505500, "nome_foro": "Barretos", "total_varas_foro": 6, "entrancia": "Entrância Final", "endereco_sede": "Rua 14 , 643 - Centro, 14780-040", "latitude": -20.514159236060067, "longitude": -48.651946251036421, "id_cj": 14, "nome_cj": "14ª Barretos", "id_raj": 8, "nome_raj": "8ª São José do Rio Preto", "populacao_foro": 129114, "qt_cidades_foro": 2, "cidades_no_foro": "Barretos, Colômbia", "qt_cidades_cj": 16, "cidades_na_cj": "Altair, Barretos, Bebedouro, Cajobi, Colina, Colômbia, Embaúba, Guaraci, Guaíra, Jaborandi, Monte Azul Paulista, Olímpia, Paraíso, Severínia, Terra Roxa, Viradouro", "unidades": null, "total_varas_municipio": 0, "varas_municipio": null, "varas_foro": "1ª Vara Criminal, 1ª Vara Cível, 2ª Vara Criminal, 2ª Vara Cível, 3ª Vara Cível, Juizado Especial Cível e Criminal - Ofício" }, "geometry": { "type": "Point", "coordinates": [ -48.721750126442913, -20.26686802011962 ] } },
{ "type": "Feature", "properties": { "id_municipio_ibge": 3512209, "nome_municipio": "Conchal", "populacao_municipio": 28101, "id_foro": 3512209, "nome_foro": "Conchal", "total_varas_foro": 2, "entrancia": "Entrância Inicial", "endereco_sede": "Rua XV de Novembro , 449 - Centro, 13835-000", "latitude": -22.369311979245804, "longitude": -47.141119828923372, "id_cj": 7, "nome_cj": "7ª Mogi Mirim", "id_raj": 4, "nome_raj": "4ª Campinas", "populacao_foro": 28101, "qt_cidades_foro": 1, "cidades_no_foro": "Conchal", "qt_cidades_cj": 8, "cidades_na_cj": "Artur Nogueira, Conchal, Engenheiro Coelho, Estiva Gerbi, Holambra, Itapira, Mogi Guaçu, Mogi Mirim", "unidades": "Fórum I Conchal, Fórum II Conchal (CEJUSC)", "total_varas_municipio": 2, "varas_municipio": "Juizado Especial Cível e Criminal, Vara Judicial", "varas_foro": "Juizado Especial Cível e Criminal, Vara Judicial" }, "geometry": { "type": "Point", "coordinates": [ -47.141119828923372, -22.369311979245804 ] } },
{ "type": "Feature", "properties": { "id_municipio_ibge": 3512308, "nome_municipio": "Conchas", "populacao_municipio": 15232, "id_foro": 3512308, "nome_foro": "Conchas", "total_varas_foro": 0, "entrancia": "Entrância Inicial", "endereco_sede": "Av. Gregório Marcos Garcia , 808 - Vila Esporte, 18570-000", "latitude": -22.9656292866085, "longitude": -48.047079624246535, "id_cj": 23, "nome_cj": "23ª Botucatu", "id_raj": 3, "nome_raj": "3ª Bauru", "populacao_foro": 29643, "qt_cidades_foro": 3, "cidades_no_foro": "Anhembi, Conchas, Pereiras", "qt_cidades_cj": 9, "cidades_na_cj": "Anhembi, Areiópolis, Botucatu, Conchas, Itatinga, Pardinho, Pereiras, Pratânia, São Manuel", "unidades": "Fórum Conchas, Fórum Conchas II – (Juizado Especial Cível e Criminal), Fórum Conchas III – (Anexo do Juizado - UAAJ - ANHEMBI), Fórum Conchas IV – (Anexo do Juizado - UAAJ - PEREIRAS), Fórum Conchas V [Desativado]", "total_varas_municipio": 0, "varas_municipio": null, "varas_foro": null }, "geometry": { "type": "Point", "coordinates": [ -48.047079624246535, -22.9656292866085 ] } },
{ "type": "Feature", "properties": { "id_municipio_ibge": 3512407, "nome_municipio": "Cordeirópolis", "populacao_municipio": 24514, "id_foro": 3512407, "nome_foro": "Cordeirópolis", "total_varas_foro": 1, "entrancia": "Entrância Inicial", "endereco_sede": "Rua Sete de Setembro , 350/376 - Centro, 13490-000", "latitude": -22.479545522350154, "longitude": -47.414678668026582, "id_cj": 10, "nome_cj": "10ª Limeira", "id_raj": 4, "nome_raj": "4ª Campinas", "populacao_foro": 24514, "qt_cidades_foro": 1, "cidades_no_foro": "Cordeirópolis", "qt_cidades_cj": 4, "cidades_na_cj": "Araras, Cordeirópolis, Iracemápolis, Limeira", "unidades": "Fórum Cordeirópolis", "total_varas_municipio": 1, "varas_municipio": "JECC - Juizado Especial Cível e Criminal", "varas_foro": "JECC - Juizado Especial Cível e Criminal" }, "geometry": { "type": "Point", "coordinates": [ -47.414678668026582, -22.479545522350154 ] } },
{ "type": "Feature", "properties": { "id_municipio_ibge": 3512506, "nome_municipio": "Coroados", "populacao_municipio": 5400, "id_foro": 3506508, "nome_foro": "Birigui", "total_varas_foro": 8, "entrancia": "Entrância Intermediária", "endereco_sede": "Rua Faustino Segura , 214 - Parque São Vicente, 16200-370", "latitude": -21.261609517109836, "longitude": -50.350988803810999, "id_cj": 36, "nome_cj": "36ª Araçatuba", "id_raj": 2, "nome_raj": "2ª Araçatuba", "populacao_foro": 137825, "qt_cidades_foro": 5, "cidades_no_foro": "Birigui, Brejo Alegre, Clementina, Coroados, Santópolis do Aguapeí", "qt_cidades_cj": 26, "cidades_na_cj": "Alto Alegre, Araçatuba, Avanhandava, Barbosa, Bento de Abreu, Bilac, Birigui, Braúna, Brejo Alegre, Buritama, Clementina, Coroados, Gabriel Monteiro, Glicério, Guararapes, Lourdes, Luiziânia, Penápolis, Piacatu, Planalto, Rubiácea, Santo Antônio do Aracanguá, Santópolis do Aguapeí, Turiúba, Valparaíso, Zacarias", "unidades": null, "total_varas_municipio": 0, "varas_municipio": null, "varas_foro": "1ª Vara Criminal, 1ª Vara Cível, 2ª Vara Criminal, 2ª Vara Cível, 3ª Vara Cível, Criminal e da Fazenda Pública, Juizado Especial Cível, Ofício do Juizado Especial Cível e Criminal" }, "geometry": { "type": "Point", "coordinates": [ -50.30341196223192, -21.375593912794272 ] } },
{ "type": "Feature", "properties": { "id_municipio_ibge": 3512605, "nome_municipio": "Coronel Macedo", "populacao_municipio": 4280, "id_foro": 3553807, "nome_foro": "Taquarituba", "total_varas_foro": 2, "entrancia": "Entrância Inicial", "endereco_sede": "Avenida Coronel João Quintino , 137 - Centro, 18740-000", "latitude": -23.530187627649831, "longitude": -49.234576536903248, "id_cj": 24, "nome_cj": "24ª Avaré", "id_raj": 3, "nome_raj": "3ª Bauru", "populacao_foro": 28630, "qt_cidades_foro": 2, "cidades_no_foro": "Coronel Macedo, Taquarituba", "qt_cidades_cj": 11, "cidades_na_cj": "Arandu, Avaré, Cerqueira César, Coronel Macedo, Fartura, Iaras, Itaí, Paranapanema, Taguaí, Taquarituba, Águas de Santa Bárbara", "unidades": null, "total_varas_municipio": 0, "varas_municipio": null, "varas_foro": "Juizado Especial Cível e Criminal, Vara Judicial" }, "geometry": { "type": "Point", "coordinates": [ -49.306852982563299, -23.630125408568865 ] } },
{ "type": "Feature", "properties": { "id_municipio_ibge": 3512704, "nome_municipio": "Corumbataí", "populacao_municipio": 4195, "id_foro": 3543907, "nome_foro": "Rio Claro", "total_varas_foro": 4, "entrancia": "Entrância Final", "endereco_sede": "Avenida 5 nº 535 , 535 - Centro, 13500-380", "latitude": -22.373917018805628, "longitude": -47.579907473849502, "id_cj": 9, "nome_cj": "9ª Rio Claro", "id_raj": 4, "nome_raj": "4ª Campinas", "populacao_foro": 236055, "qt_cidades_foro": 4, "cidades_no_foro": "Corumbataí, Ipeúna, Rio Claro, Santa Gertrudes", "qt_cidades_cj": 8, "cidades_na_cj": "Analândia, Brotas, Corumbataí, Ipeúna, Itirapina, Rio Claro, Santa Gertrudes, Torrinha", "unidades": null, "total_varas_municipio": 0, "varas_municipio": null, "varas_foro": "1ª Vara Cível, 2ª Vara Cível, 3ª Vara Cível, 4ª Vara Cível" }, "geometry": { "type": "Point", "coordinates": [ -47.611063118735196, -22.236398815694315 ] } },
{ "type": "Feature", "properties": { "id_municipio_ibge": 3512803, "nome_municipio": "Cosmópolis", "populacao_municipio": 59773, "id_foro": 3512803, "nome_foro": "Cosmópolis", "total_varas_foro": 1, "entrancia": "Entrância Inicial", "endereco_sede": "R. RAMOS DE AZEVEDO , 365 - Centro, 13150-025", "latitude": -22.651638950185717, "longitude": -47.186353562954856, "id_cj": 8, "nome_cj": "8ª Campinas", "id_raj": 4, "nome_raj": "4ª Campinas", "populacao_foro": 59773, "qt_cidades_foro": 1, "cidades_no_foro": "Cosmópolis", "qt_cidades_cj": 4, "cidades_na_cj": "Campinas, Cosmópolis, Paulínia, Valinhos", "unidades": "Desembargador Rubens Andrade de Noronha", "total_varas_municipio": 1, "varas_municipio": "Vara Judicial", "varas_foro": "Vara Judicial" }, "geometry": { "type": "Point", "coordinates": [ -47.186353562954856, -22.651638950185717 ] } },
{ "type": "Feature", "properties": { "id_municipio_ibge": 3512902, "nome_municipio": "Cosmorama", "populacao_municipio": 8719, "id_foro": 3553401, "nome_foro": "Tanabi", "total_varas_foro": 3, "entrancia": "Entrância Inicial", "endereco_sede": "Praça Stélio Machado Loureiro, , 273 - Centro, 15170-000", "latitude": -20.531216941577227, "longitude": -49.646443254813541, "id_cj": 16, "nome_cj": "16ª São José do Rio Preto", "id_raj": 8, "nome_raj": "8ª São José do Rio Preto", "populacao_foro": 39854, "qt_cidades_foro": 3, "cidades_no_foro": "Américo de Campos, Cosmorama, Tanabi", "qt_cidades_cj": 33, "cidades_na_cj": "Adolfo, Américo de Campos, Bady Bassitt, Bálsamo, Cedral, Cosmorama, Guapiaçu, Icém, Ipiguá, Jaci, José Bonifácio, Macaubal, Mendonça, Mirassol, Mirassolândia, Monte Aprazível, Neves Paulista, Nipoã, Nova Aliança, Nova Granada, Onda Verde, Orindiúva, Palestina, Paulo de Faria, Poloni, Potirendaba, Riolândia, Sebastianópolis do Sul, São José do Rio Preto, Tanabi, Ubarana, Uchoa, União Paulista", "unidades": null, "total_varas_municipio": 0, "varas_municipio": null, "varas_foro": "1ª Vara Judicial, 2ª Vara Judicial, Juizado Especial Cível e Criminal" }, "geometry": { "type": "Point", "coordinates": [ -49.77463646061701, -20.442563611892449 ] } },
{ "type": "Feature", "properties": { "id_municipio_ibge": 3513009, "nome_municipio": "Cotia", "populacao_municipio": 274413, "id_foro": 3513009, "nome_foro": "Cotia", "total_varas_foro": 4, "entrancia": "Entrância Intermediária", "endereco_sede": "Rua Topázio , 585 - Jardim nomura, 06717-235", "latitude": -23.675143362869015, "longitude": -46.960519476898689, "id_cj": 52, "nome_cj": "52ª Itapecerica da Serra", "id_raj": 1, "nome_raj": "1ª Grande São Paulo", "populacao_foro": 274413, "qt_cidades_foro": 1, "cidades_no_foro": "Cotia", "qt_cidades_cj": 9, "cidades_na_cj": "Cotia, Embu das Artes, Embu-Guaçu, Itapecerica da Serra, Itapevi, Juquitiba, São Lourenço da Serra, Taboão da Serra, Vargem Grande Paulista", "unidades": "Fórum Cotia I - Theodomiro Dias, Fórum Cotia II - Arquivo, Fórum Cotia II - Setor Técnico", "total_varas_municipio": 4, "varas_municipio": "1ª Vara Cível, 2ª Vara Cível, 3ª Vara Cível, Vara Criminal", "varas_foro": "1ª Vara Cível, 2ª Vara Cível, 3ª Vara Cível, Vara Criminal" }, "geometry": { "type": "Point", "coordinates": [ -46.960519476898689, -23.675143362869015 ] } },
{ "type": "Feature", "properties": { "id_municipio_ibge": 3513108, "nome_municipio": "Cravinhos", "populacao_municipio": 33281, "id_foro": 3513108, "nome_foro": "Cravinhos", "total_varas_foro": 2, "entrancia": "Entrância Inicial", "endereco_sede": "Avenida Fagundes , 29 - centro, 14140-000", "latitude": -21.33964467704924, "longitude": -47.744564842803342, "id_cj": 41, "nome_cj": "41ª Ribeirão Preto", "id_raj": 6, "nome_raj": "6ª Ribeirão Preto", "populacao_foro": 46027, "qt_cidades_foro": 2, "cidades_no_foro": "Cravinhos, Serra Azul", "qt_cidades_cj": 16, "cidades_na_cj": "Barrinha, Cajuru, Cravinhos, Cássia dos Coqueiros, Dumont, Guatapará, Jardinópolis, Luís Antônio, Pontal, Ribeirão Preto, Santa Cruz da Esperança, Santa Rosa de Viterbo, Serra Azul, Serrana, Sertãozinho, São Simão", "unidades": "Fórum I Cravinhos, Fórum II Cravinhos (Residência Oficial)", "total_varas_municipio": 2, "varas_municipio": "1ª Vara Judicial, Juizado Especial Cível", "varas_foro": "1ª Vara Judicial, Juizado Especial Cível" }, "geometry": { "type": "Point", "coordinates": [ -47.744564842803342, -21.33964467704924 ] } },
{ "type": "Feature", "properties": { "id_municipio_ibge": 3513207, "nome_municipio": "Cristais Paulista", "populacao_municipio": 9272, "id_foro": 3516200, "nome_foro": "Franca", "total_varas_foro": 0, "entrancia": "Entrância Final", "endereco_sede": "Av. Presidente Vargas , 2.650 - Jardim Dr. Antonio Petraglia, 14402-000", "latitude": -20.555235123799015, "longitude": -47.381119878587675, "id_cj": 38, "nome_cj": "38ª Franca", "id_raj": 6, "nome_raj": "6ª Ribeirão Preto", "populacao_foro": 380446, "qt_cidades_foro": 5, "cidades_no_foro": "Cristais Paulista, Franca, Restinga, Ribeirão Corrente, São José da Bela Vista", "qt_cidades_cj": 10, "cidades_na_cj": "Cristais Paulista, Franca, Itirapuã, Jeriquara, Patrocínio Paulista, Pedregulho, Restinga, Ribeirão Corrente, Rifaina, São José da Bela Vista", "unidades": null, "total_varas_municipio": 0, "varas_municipio": null, "varas_foro": null }, "geometry": { "type": "Point", "coordinates": [ -47.400914492073248, -20.371324736349266 ] } },
{ "type": "Feature", "properties": { "id_municipio_ibge": 3513306, "nome_municipio": "Cruzália", "populacao_municipio": 2108, "id_foro": 3528809, "nome_foro": "Maracaí", "total_varas_foro": 2, "entrancia": "Entrância Inicial", "endereco_sede": "Avenida São Paulo , 440 - Centro, 19840-011", "latitude": -22.652254830985651, "longitude": -50.745406741732126, "id_cj": 26, "nome_cj": "26ª Assis", "id_raj": 5, "nome_raj": "5ª Presidente Prudente", "populacao_foro": 17585, "qt_cidades_foro": 3, "cidades_no_foro": "Cruzália, Maracaí, Pedrinhas Paulista", "qt_cidades_cj": 18, "cidades_na_cj": "Assis, Borá, Campos Novos Paulista, Cruzália, Cândido Mota, Echaporã, Florínia, Ibirarema, João Ramalho, Lutécia, Maracaí, Oscar Bressane, Palmital, Paraguaçu Paulista, Pedrinhas Paulista, Platina, Quatá, Tarumã", "unidades": null, "total_varas_municipio": 0, "varas_municipio": null, "varas_foro": "Juizado Especial Cível e Criminal, Vara Judicial" }, "geometry": { "type": "Point", "coordinates": [ -50.769050051920651, -22.73799088098756 ] } },
{ "type": "Feature", "properties": { "id_municipio_ibge": 3513405, "nome_municipio": "Cruzeiro", "populacao_municipio": 74961, "id_foro": 3513405, "nome_foro": "Cruzeiro", "total_varas_foro": 4, "entrancia": "Entrância Intermediária", "endereco_sede": "Rua Francisco Marzano , 100 - Vila Celestina, 12710-900", "latitude": -22.551429992324532, "longitude": -45.006287636936356, "id_cj": 48, "nome_cj": "48ª Guaratinguetá", "id_raj": 9, "nome_raj": "9ª São José dos Campos", "populacao_foro": 82132, "qt_cidades_foro": 2, "cidades_no_foro": "Cruzeiro, Lavrinhas", "qt_cidades_cj": 17, "cidades_na_cj": "Aparecida, Arapeí, Areias, Bananal, Cachoeira Paulista, Canas, Cruzeiro, Cunha, Guaratinguetá, Lavrinhas, Lorena, Piquete, Potim, Queluz, Roseira, Silveiras, São José do Barreiro", "unidades": "Fórum I Cruzeiro, Fórum II Cruzeiro (Residência Oficial), Fórum III Cruzeiro (Posto do CEJUSC), Fórum IV Cruzeiro (Execuções Fiscais)", "total_varas_municipio": 4, "varas_municipio": "1ª Vara Judicial, 2ª Vara Judicial, 3ª Vara Judicial, Vara do Juizado Especial Cível e Criminal", "varas_foro": "1ª Vara Judicial, 2ª Vara Judicial, 3ª Vara Judicial, Vara do Juizado Especial Cível e Criminal" }, "geometry": { "type": "Point", "coordinates": [ -45.006287636936356, -22.551429992324532 ] } },
{ "type": "Feature", "properties": { "id_municipio_ibge": 3513504, "nome_municipio": "Cubatão", "populacao_municipio": 112476, "id_foro": 3513504, "nome_foro": "Cubatão", "total_varas_foro": 6, "entrancia": "Entrância Intermediária", "endereco_sede": "Avenida Joaquim Miguel Couto , 320 - Jd. São Francisco, 11500-005", "latitude": -23.865904021553941, "longitude": -46.408201000818622, "id_cj": 1, "nome_cj": "1ª Santos", "id_raj": 7, "nome_raj": "7ª Santos", "populacao_foro": 112476, "qt_cidades_foro": 1, "cidades_no_foro": "Cubatão", "qt_cidades_cj": 6, "cidades_na_cj": "Bertioga, Cubatão, Guarujá, Praia Grande, Santos, São Vicente", "unidades": "CEJUSC - Cubatão (SESI), Fórum Cubatão - I, Fórum Cubatão - II", "total_varas_municipio": 6, "varas_municipio": "1ª Vara Judicial, 2ª Vara Judicial, 3ª Vara Judicial, 4ª Vara Judicial, Ofício do Juizado Especial Cível e Criminal, Vara do Juizado Especial Cível e Criminal", "varas_foro": "1ª Vara Judicial, 2ª Vara Judicial, 3ª Vara Judicial, 4ª Vara Judicial, Ofício do Juizado Especial Cível e Criminal, Vara do Juizado Especial Cível e Criminal" }, "geometry": { "type": "Point", "coordinates": [ -46.408201000818622, -23.865904021553941 ] } },
{ "type": "Feature", "properties": { "id_municipio_ibge": 3513603, "nome_municipio": "Cunha", "populacao_municipio": 22110, "id_foro": 3513603, "nome_foro": "Cunha", "total_varas_foro": 2, "entrancia": "Entrância Inicial", "endereco_sede": "Praça Doutor Prudente Guimarães , 12 - Centro, 12530-000", "latitude": -23.05286788761401, "longitude": -44.94213404249367, "id_cj": 48, "nome_cj": "48ª Guaratinguetá", "id_raj": 9, "nome_raj": "9ª São José dos Campos", "populacao_foro": 22110, "qt_cidades_foro": 1, "cidades_no_foro": "Cunha", "qt_cidades_cj": 17, "cidades_na_cj": "Aparecida, Arapeí, Areias, Bananal, Cachoeira Paulista, Canas, Cruzeiro, Cunha, Guaratinguetá, Lavrinhas, Lorena, Piquete, Potim, Queluz, Roseira, Silveiras, São José do Barreiro", "unidades": "Fórum I Cunha (Desembargador Hildebrando Dantas de Freitas)", "total_varas_municipio": 2, "varas_municipio": "Juizado Especial Cível e Criminal, Vara Judicial", "varas_foro": "Juizado Especial Cível e Criminal, Vara Judicial" }, "geometry": { "type": "Point", "coordinates": [ -44.94213404249367, -23.05286788761401 ] } },
{ "type": "Feature", "properties": { "id_municipio_ibge": 3513702, "nome_municipio": "Descalvado", "populacao_municipio": 31756, "id_foro": 3513702, "nome_foro": "Descalvado", "total_varas_foro": 3, "entrancia": "Entrância Inicial", "endereco_sede": "Praça Dr. Luciano Esteves , s/n - Centro, 13690-000", "latitude": -21.881228423188347, "longitude": -47.65460428011496, "id_cj": 12, "nome_cj": "12ª São Carlos", "id_raj": 6, "nome_raj": "6ª Ribeirão Preto", "populacao_foro": 31756, "qt_cidades_foro": 1, "cidades_no_foro": "Descalvado", "qt_cidades_cj": 7, "cidades_na_cj": "Boa Esperança do Sul, Descalvado, Dourado, Ibaté, Ribeirão Bonito, São Carlos, Trabiju", "unidades": "FÓRUM DA COMARCA DE DESCALVADO, Fórum II Descalvado (Residência Oficial)", "total_varas_municipio": 3, "varas_municipio": "1ª Vara Judicial, 2ª Vara Judicial, Juizado Especial Cível", "varas_foro": "1ª Vara Judicial, 2ª Vara Judicial, Juizado Especial Cível" }, "geometry": { "type": "Point", "coordinates": [ -47.65460428011496, -21.881228423188347 ] } },
{ "type": "Feature", "properties": { "id_municipio_ibge": 3513801, "nome_municipio": "Diadema", "populacao_municipio": 393237, "id_foro": 3513801, "nome_foro": "Diadema", "total_varas_foro": 3, "entrancia": "Entrância Final", "endereco_sede": "Rua Amélia Eugênia , 488 - Centro, 09911260", "latitude": -23.697240937421849, "longitude": -46.611426224560084, "id_cj": 2, "nome_cj": "2ª São Bernardo do Campo", "id_raj": 1, "nome_raj": "1ª Grande São Paulo", "populacao_foro": 393237, "qt_cidades_foro": 1, "cidades_no_foro": "Diadema", "qt_cidades_cj": 2, "cidades_na_cj": "Diadema, São Bernardo do Campo", "unidades": "Fórum Diadema (CEJUSC), Fórum Diadema - Criminal, Fórum Diadema - Cível, Fórum Diadema - Fazenda Pública, Fórum Diadema - Juizado Especial Cível", "total_varas_municipio": 3, "varas_municipio": "1ª Vara Criminal, 2ª Vara Criminal, 3ª Vara Criminal", "varas_foro": "1ª Vara Criminal, 2ª Vara Criminal, 3ª Vara Criminal" }, "geometry": { "type": "Point", "coordinates": [ -46.611426224560084, -23.697240937421849 ] } },
{ "type": "Feature", "properties": { "id_municipio_ibge": 3513850, "nome_municipio": "Dirce Reis", "populacao_municipio": 1620, "id_foro": 3524808, "nome_foro": "Jales", "total_varas_foro": 5, "entrancia": "Entrância Final", "endereco_sede": "Rua Nove , 2.231 - Centro, 15700-018", "latitude": -20.285818407388149, "longitude": -50.554097412419267, "id_cj": 55, "nome_cj": "55ª Jales", "id_raj": 2, "nome_raj": "2ª Araçatuba", "populacao_foro": 68693, "qt_cidades_foro": 7, "cidades_no_foro": "Dirce Reis, Jales, Mesópolis, Paranapuã, Pontalinda, Santa Albertina, Vitória Brasil", "qt_cidades_cj": 23, "cidades_na_cj": "Aparecida d'Oeste, Aspásia, Auriflama, Dirce Reis, Guzolândia, Jales, Marinópolis, Mesópolis, Nova Canaã Paulista, Palmeira d'Oeste, Paranapuã, Pontalinda, Rubinéia, Santa Albertina, Santa Clara d'Oeste, Santa Fé do Sul, Santa Rita d'Oeste, Santa Salete, Santana da Ponte Pensa, São Francisco, Três Fronteiras, Urânia, Vitória Brasil", "unidades": null, "total_varas_municipio": 0, "varas_municipio": null, "varas_foro": "1ª Vara Criminal, 1ª Vara Cível, 2ª Vara Criminal, 2ª Vara Cível, 3ª Vara Cível" }, "geometry": { "type": "Point", "coordinates": [ -50.628139882529062, -20.448445011558874 ] } },
{ "type": "Feature", "properties": { "id_municipio_ibge": 3513900, "nome_municipio": "Divinolândia", "populacao_municipio": 11158, "id_foro": 3550803, "nome_foro": "São Sebastião da Grama", "total_varas_foro": 1, "entrancia": "Entrância Inicial", "endereco_sede": "Praça São Sebastião , 126 - Centro, 13790-000", "latitude": -21.754044721160493, "longitude": -46.752975537070462, "id_cj": 43, "nome_cj": "43ª Casa Branca", "id_raj": 6, "nome_raj": "6ª Ribeirão Preto", "populacao_foro": 21599, "qt_cidades_foro": 2, "cidades_no_foro": "Divinolândia, São Sebastião da Grama", "qt_cidades_cj": 10, "cidades_na_cj": "Caconde, Casa Branca, Divinolândia, Itobi, Mococa, Santa Cruz das Palmeiras, São José do Rio Pardo, São Sebastião da Grama, Tambaú, Tapiratiba", "unidades": null, "total_varas_municipio": 0, "varas_municipio": null, "varas_foro": "Vara Judicial" }, "geometry": { "type": "Point", "coordinates": [ -46.697410134635703, -21.661681232648768 ] } },
{ "type": "Feature", "properties": { "id_municipio_ibge": 3514007, "nome_municipio": "Dobrada", "populacao_municipio": 8759, "id_foro": 3529302, "nome_foro": "Matão", "total_varas_foro": 0, "entrancia": "Entrância Intermediária", "endereco_sede": "Rua Leandro Bocchi , 560 - Residencial Monte Carlo, 15991-152", "latitude": -21.610113458341836, "longitude": -48.430136043638377, "id_cj": 13, "nome_cj": "13ª Araraquara", "id_raj": 6, "nome_raj": "6ª Ribeirão Preto", "populacao_foro": 87792, "qt_cidades_foro": 2, "cidades_no_foro": "Dobrada, Matão", "qt_cidades_cj": 14, "cidades_na_cj": "Américo Brasiliense, Araraquara, Borborema, Dobrada, Gavião Peixoto, Iacanga, Ibitinga, Itápolis, Matão, Motuca, Nova Europa, Rincão, Santa Lúcia, Tabatinga", "unidades": null, "total_varas_municipio": 0, "varas_municipio": null, "varas_foro": null }, "geometry": { "type": "Point", "coordinates": [ -48.357317210679028, -21.516124151090299 ] } },
{ "type": "Feature", "properties": { "id_municipio_ibge": 3514106, "nome_municipio": "Dois Córregos", "populacao_municipio": 24510, "id_foro": 3514106, "nome_foro": "Dois Córregos", "total_varas_foro": 2, "entrancia": "Entrância Inicial", "endereco_sede": "Praça Francisco Simões , 142 - Centro, 17300-055", "latitude": -22.395910522453374, "longitude": -48.340491222551989, "id_cj": 33, "nome_cj": "33ª Jaú", "id_raj": 3, "nome_raj": "3ª Bauru", "populacao_foro": 24510, "qt_cidades_foro": 1, "cidades_no_foro": "Dois Córregos", "qt_cidades_cj": 12, "cidades_na_cj": "Bariri, Barra Bonita, Bocaina, Boracéia, Dois Córregos, Igaraçu do Tietê, Itaju, Itapuí, Jaú, Macatuba, Mineiros do Tietê, Pederneiras", "unidades": "Fórum Dois Córregos, Fórum Dois Córregos II (Residência Oficial)", "total_varas_municipio": 2, "varas_municipio": "Juizado Especial Cível e Juizado Especial Criminal, Vara Judicial", "varas_foro": "Juizado Especial Cível e Juizado Especial Criminal, Vara Judicial" }, "geometry": { "type": "Point", "coordinates": [ -48.340491222551989, -22.395910522453374 ] } },
{ "type": "Feature", "properties": { "id_municipio_ibge": 3514205, "nome_municipio": "Dolcinópolis", "populacao_municipio": 2207, "id_foro": 3515202, "nome_foro": "Estrela dOeste", "total_varas_foro": 2, "entrancia": "Entrância Inicial", "endereco_sede": "Rua Minas Gerais , s/n - centro, 15650-000", "latitude": -20.265760715088682, "longitude": -50.411468747306685, "id_cj": 18, "nome_cj": "18ª Fernandópolis", "id_raj": 8, "nome_raj": "8ª São José do Rio Preto", "populacao_foro": 20000, "qt_cidades_foro": 5, "cidades_no_foro": "Dolcinópolis, Estrela dOeste, Populina, São João das Duas Pontes, Turmalina", "qt_cidades_cj": 15, "cidades_na_cj": "Dolcinópolis, Estrela dOeste, Fernandópolis, General Salgado, Guarani d'Oeste, Indiaporã, Macedônia, Meridiano, Nova Castilho, Ouroeste, Pedranópolis, Populina, São João das Duas Pontes, São João de Iracema, Turmalina", "unidades": null, "total_varas_municipio": 0, "varas_municipio": null, "varas_foro": "Juizado Especial Cível, Vara Judicial" }, "geometry": { "type": "Point", "coordinates": [ -50.528287824858019, -20.117239253959848 ] } },
{ "type": "Feature", "properties": { "id_municipio_ibge": 3514304, "nome_municipio": "Dourado", "populacao_municipio": 8096, "id_foro": 3542909, "nome_foro": "Ribeirão Bonito", "total_varas_foro": 2, "entrancia": "Entrância Inicial", "endereco_sede": "Rua Governador Pedro de Toledo , 231 - Centro, 13580-000", "latitude": -22.06011102031761, "longitude": -48.185333754630705, "id_cj": 12, "nome_cj": "12ª São Carlos", "id_raj": 6, "nome_raj": "6ª Ribeirão Preto", "populacao_foro": 33745, "qt_cidades_foro": 4, "cidades_no_foro": "Boa Esperança do Sul, Dourado, Ribeirão Bonito, Trabiju", "qt_cidades_cj": 7, "cidades_na_cj": "Boa Esperança do Sul, Descalvado, Dourado, Ibaté, Ribeirão Bonito, São Carlos, Trabiju", "unidades": null, "total_varas_municipio": 0, "varas_municipio": null, "varas_foro": "Juizado Especial Cível e Criminal, Vara Judicial" }, "geometry": { "type": "Point", "coordinates": [ -48.333559306110054, -22.117301899896539 ] } },
{ "type": "Feature", "properties": { "id_municipio_ibge": 3514403, "nome_municipio": "Dracena", "populacao_municipio": 45474, "id_foro": 3514403, "nome_foro": "Dracena", "total_varas_foro": 3, "entrancia": "Entrância Intermediária", "endereco_sede": "Rua Bolívia , 137 - Jd América, 17911-250", "latitude": -21.556701707535147, "longitude": -51.584043300429961, "id_cj": 29, "nome_cj": "29ª Dracena", "id_raj": 5, "nome_raj": "5ª Presidente Prudente", "populacao_foro": 53253, "qt_cidades_foro": 2, "cidades_no_foro": "Dracena, Ouro Verde", "qt_cidades_cj": 13, "cidades_na_cj": "Dracena, Flora Rica, Irapuru, Junqueirópolis, Monte Castelo, Nova Guataporanga, Ouro Verde, Pacaembu, Panorama, Paulicéia, Santa Mercedes, São João do Pau d'Alho, Tupi Paulista", "unidades": "Fórum Dracena I - (Principal), Fórum Dracena II - (Residência Oficial), Fórum Dracena III - (CEJUSC), Fórum Dracena IV - (CEJUSC - POSTO AVANÇADO) [Desativado], Fórum Dracena V - (CEJUSC - POSTO AVANÇADO - 1ª CIA - PM)", "total_varas_municipio": 3, "varas_municipio": "1ª Vara Judicial, 2ª Vara Judicial, 3ª Vara Judicial", "varas_foro": "1ª Vara Judicial, 2ª Vara Judicial, 3ª Vara Judicial" }, "geometry": { "type": "Point", "coordinates": [ -51.584043300429961, -21.556701707535147 ] } },
{ "type": "Feature", "properties": { "id_municipio_ibge": 3514502, "nome_municipio": "Duartina", "populacao_municipio": 12328, "id_foro": 3514502, "nome_foro": "Duartina", "total_varas_foro": 2, "entrancia": "Entrância Inicial", "endereco_sede": "Rua Sete de Setembro , 486 - centro, 17470-000", "latitude": -22.393295039545052, "longitude": -49.413357814195273, "id_cj": 32, "nome_cj": "32ª Bauru", "id_raj": 3, "nome_raj": "3ª Bauru", "populacao_foro": 24131, "qt_cidades_foro": 4, "cidades_no_foro": "Cabrália Paulista, Duartina, Lucianópolis, Ubirajara", "qt_cidades_cj": 18, "cidades_na_cj": "Agudos, Arealva, Avaí, Balbinos, Bauru, Borebi, Cabrália Paulista, Duartina, Lençóis Paulista, Lucianópolis, Paulistânia, Pirajuí, Piratininga, Pongaí, Presidente Alves, Reginópolis, Ubirajara, Uru", "unidades": "Fórum Duartina", "total_varas_municipio": 2, "varas_municipio": "Juizado Especial Cível e Criminal, Vara Judicial", "varas_foro": "Juizado Especial Cível e Criminal, Vara Judicial" }, "geometry": { "type": "Point", "coordinates": [ -49.413357814195273, -22.393295039545052 ] } },
{ "type": "Feature", "properties": { "id_municipio_ibge": 3514601, "nome_municipio": "Dumont", "populacao_municipio": 9471, "id_foro": 3551702, "nome_foro": "Sertãozinho", "total_varas_foro": 6, "entrancia": "Entrância Final", "endereco_sede": "Avenida Pedro Strini , 71 - Jd. América, 14160-260", "latitude": -21.122914891524172, "longitude": -48.00888267356239, "id_cj": 41, "nome_cj": "41ª Ribeirão Preto", "id_raj": 6, "nome_raj": "6ª Ribeirão Preto", "populacao_foro": 168450, "qt_cidades_foro": 3, "cidades_no_foro": "Barrinha, Dumont, Sertãozinho", "qt_cidades_cj": 16, "cidades_na_cj": "Barrinha, Cajuru, Cravinhos, Cássia dos Coqueiros, Dumont, Guatapará, Jardinópolis, Luís Antônio, Pontal, Ribeirão Preto, Santa Cruz da Esperança, Santa Rosa de Viterbo, Serra Azul, Serrana, Sertãozinho, São Simão", "unidades": null, "total_varas_municipio": 0, "varas_municipio": null, "varas_foro": "1ª Vara Criminal, 1ª Vara Cível, 2ª Vara Cível, 3ª Vara Cível, Oficio do Juizado Especial Cível e Criminal, Vara do Juizado Especial Cível e Criminal" }, "geometry": { "type": "Point", "coordinates": [ -47.979769931317342, -21.24711566377318 ] } },
{ "type": "Feature", "properties": { "id_municipio_ibge": 3514700, "nome_municipio": "Echaporã", "populacao_municipio": 6205, "id_foro": 3504008, "nome_foro": "Assis", "total_varas_foro": 8, "entrancia": "Entrância Final", "endereco_sede": "Rua Doutor Lício Brandão de Camargo , 50 - Vila Clementina, 19802-300", "latitude": -22.601732995882681, "longitude": -50.420761155060511, "id_cj": 26, "nome_cj": "26ª Assis", "id_raj": 5, "nome_raj": "5ª Presidente Prudente", "populacao_foro": 126347, "qt_cidades_foro": 4, "cidades_no_foro": "Assis, Echaporã, Florínia, Tarumã", "qt_cidades_cj": 18, "cidades_na_cj": "Assis, Borá, Campos Novos Paulista, Cruzália, Cândido Mota, Echaporã, Florínia, Ibirarema, João Ramalho, Lutécia, Maracaí, Oscar Bressane, Palmital, Paraguaçu Paulista, Pedrinhas Paulista, Platina, Quatá, Tarumã", "unidades": null, "total_varas_municipio": 0, "varas_municipio": null, "varas_foro": "1ª Vara Criminal, 1ª Vara Cível, 2ª Vara Criminal e do Juizado de Violência Doméstica e Familiar contra a Mulher, 2ª Vara Cível, 3ª Vara Cível, Corregedoria dos Presídios e da Polícia Judiciária, Seção Processual I e II, Vara da Família e das Sucessões" }, "geometry": { "type": "Point", "coordinates": [ -50.200620051218081, -22.448212564414483 ] } },
{ "type": "Feature", "properties": { "id_municipio_ibge": 3514809, "nome_municipio": "Eldorado", "populacao_municipio": 13069, "id_foro": 3514809, "nome_foro": "Eldorado", "total_varas_foro": 2, "entrancia": "Entrância Inicial", "endereco_sede": "Rua Professor Francisco Canto , 14 - Centro, 11960-000", "latitude": -24.495026834592917, "longitude": -48.233639176839873, "id_cj": 21, "nome_cj": "21ª Registro", "id_raj": 7, "nome_raj": "7ª Santos", "populacao_foro": 17115, "qt_cidades_foro": 2, "cidades_no_foro": "Eldorado, Iporanga", "qt_cidades_cj": 13, "cidades_na_cj": "Barra do Turvo, Cajati, Cananéia, Eldorado, Iguape, Ilha Comprida, Iporanga, Jacupiranga, Juquiá, Miracatu, Pariquera-Açu, Registro, Sete Barras", "unidades": "Fórum Eldorado Paulista I, Fórum Eldorado Paulista II - Administração / Almoxarifado (Inativado)", "total_varas_municipio": 2, "varas_municipio": "Juizado Especial Cível e Criminal, Vara Judicial", "varas_foro": "Juizado Especial Cível e Criminal, Vara Judicial" }, "geometry": { "type": "Point", "coordinates": [ -48.233639176839873, -24.495026834592917 ] } },
{ "type": "Feature", "properties": { "id_municipio_ibge": 3514908, "nome_municipio": "Elias Fausto", "populacao_municipio": 17699, "id_foro": 3531803, "nome_foro": "Monte Mor", "total_varas_foro": 1, "entrancia": "Entrância Intermediária", "endereco_sede": "Rua João Carlos Gomes Carneiro , 12 - Jd. Guanabara, 13190-664", "latitude": -22.953196190310962, "longitude": -47.307316948019256, "id_cj": 34, "nome_cj": "34ª Piracicaba", "id_raj": 4, "nome_raj": "4ª Campinas", "populacao_foro": 82361, "qt_cidades_foro": 2, "cidades_no_foro": "Elias Fausto, Monte Mor", "qt_cidades_cj": 16, "cidades_na_cj": "Capivari, Cerquilho, Charqueada, Elias Fausto, Jumirim, Laranjal Paulista, Mombuca, Monte Mor, Piracicaba, Rafard, Rio das Pedras, Saltinho, Santa Maria da Serra, São Pedro, Tietê, Águas de São Pedro", "unidades": null, "total_varas_municipio": 0, "varas_municipio": null, "varas_foro": "Vara do Juizado Especial Cível e Criminal" }, "geometry": { "type": "Point", "coordinates": [ -47.370652676629092, -23.070641301219514 ] } },
{ "type": "Feature", "properties": { "id_municipio_ibge": 3514924, "nome_municipio": "Elisiário", "populacao_municipio": 3138, "id_foro": 3511102, "nome_foro": "Catanduva", "total_varas_foro": 8, "entrancia": "Entrância Final", "endereco_sede": "Parque da Américas , 55 - Centro, 15800-032", "latitude": -21.1337504667109, "longitude": -48.963683344957076, "id_cj": 15, "nome_cj": "15ª Catanduva", "id_raj": 8, "nome_raj": "8ª São José do Rio Preto", "populacao_foro": 145161, "qt_cidades_foro": 4, "cidades_no_foro": "Catanduva, Elisiário, Ibirá, Pindorama", "qt_cidades_cj": 16, "cidades_na_cj": "Ariranha, Catanduva, Catiguá, Elisiário, Ibirá, Irapuã, Itajobi, Marapoama, Novais, Novo Horizonte, Palmares Paulista, Pindorama, Sales, Santa Adélia, Tabapuã, Urupês", "unidades": null, "total_varas_municipio": 0, "varas_municipio": null, "varas_foro": "1ª Vara Criminal, 1ª Vara Cível, 2ª Vara Criminal, 2ª Vara Cível, 3ª Vara Cível, Juizado Especial Cível, Vara da Família e das Sucessões, Vara do Juizado Especial Cível" }, "geometry": { "type": "Point", "coordinates": [ -49.092066961812023, -21.16129312159633 ] } },
{ "type": "Feature", "properties": { "id_municipio_ibge": 3514957, "nome_municipio": "Embaúba", "populacao_municipio": 2323, "id_foro": 3533908, "nome_foro": "Olímpia", "total_varas_foro": 4, "entrancia": "Entrância Intermediária", "endereco_sede": "Rua Engenheiro Reid , 377 - Patrimônio de São João Batista, 15400-091", "latitude": -20.70524588579201, "longitude": -48.959617264381016, "id_cj": 14, "nome_cj": "14ª Barretos", "id_raj": 8, "nome_raj": "8ª São José do Rio Preto", "populacao_foro": 94907, "qt_cidades_foro": 6, "cidades_no_foro": "Altair, Cajobi, Embaúba, Guaraci, Olímpia, Severínia", "qt_cidades_cj": 16, "cidades_na_cj": "Altair, Barretos, Bebedouro, Cajobi, Colina, Colômbia, Embaúba, Guaraci, Guaíra, Jaborandi, Monte Azul Paulista, Olímpia, Paraíso, Severínia, Terra Roxa, Viradouro", "unidades": null, "total_varas_municipio": 0, "varas_municipio": null, "varas_foro": "1ª Vara Cível, 2ª Vara Cível, 3ª Vara Cível, Vara Criminal" }, "geometry": { "type": "Point", "coordinates": [ -48.847488573742559, -20.952900859109619 ] } },
{ "type": "Feature", "properties": { "id_municipio_ibge": 3515004, "nome_municipio": "Embu das Artes", "populacao_municipio": 250691, "id_foro": 3515004, "nome_foro": "Embu das Artes", "total_varas_foro": 5, "entrancia": "Entrância Final", "endereco_sede": "Av. Vereador Jorge de Souza , 855 - Tingidor, 06803270", "latitude": -23.651339266234622, "longitude": -46.851535664994806, "id_cj": 52, "nome_cj": "52ª Itapecerica da Serra", "id_raj": 1, "nome_raj": "1ª Grande São Paulo", "populacao_foro": 250691, "qt_cidades_foro": 1, "cidades_no_foro": "Embu das Artes", "qt_cidades_cj": 9, "cidades_na_cj": "Cotia, Embu das Artes, Embu-Guaçu, Itapecerica da Serra, Itapevi, Juquitiba, São Lourenço da Serra, Taboão da Serra, Vargem Grande Paulista", "unidades": "Fórum Desembargador Gilberto Valente da Silva - Comarca de Embu das Artes, Fórum II Embu das Artes (Serviço Anexo das Fazendas)", "total_varas_municipio": 5, "varas_municipio": "1ª Vara Judicial, 2ª Vara Judicial, 3ª Vara Judicial, Ofício do Juizado Especial Cível e Criminal, Vara do Juizado Especial Cível e Criminal", "varas_foro": "1ª Vara Judicial, 2ª Vara Judicial, 3ª Vara Judicial, Ofício do Juizado Especial Cível e Criminal, Vara do Juizado Especial Cível e Criminal" }, "geometry": { "type": "Point", "coordinates": [ -46.851535664994806, -23.651339266234622 ] } },
{ "type": "Feature", "properties": { "id_municipio_ibge": 3515103, "nome_municipio": "Embu-Guaçu", "populacao_municipio": 66970, "id_foro": 3515103, "nome_foro": "Embu-Guaçu", "total_varas_foro": 1, "entrancia": "Entrância Intermediária", "endereco_sede": "Rua Boa Vista , 10 - Centro, 06900-000", "latitude": -23.854284511410924, "longitude": -46.830654423650749, "id_cj": 52, "nome_cj": "52ª Itapecerica da Serra", "id_raj": 1, "nome_raj": "1ª Grande São Paulo", "populacao_foro": 66970, "qt_cidades_foro": 1, "cidades_no_foro": "Embu-Guaçu", "qt_cidades_cj": 9, "cidades_na_cj": "Cotia, Embu das Artes, Embu-Guaçu, Itapecerica da Serra, Itapevi, Juquitiba, São Lourenço da Serra, Taboão da Serra, Vargem Grande Paulista", "unidades": "Fórum Embu-Guaçu", "total_varas_municipio": 1, "varas_municipio": "Vara Judicial", "varas_foro": "Vara Judicial" }, "geometry": { "type": "Point", "coordinates": [ -46.830654423650749, -23.854284511410924 ] } },
{ "type": "Feature", "properties": { "id_municipio_ibge": 3515129, "nome_municipio": "Emilianópolis", "populacao_municipio": 3014, "id_foro": 3541208, "nome_foro": "Presidente Bernardes", "total_varas_foro": 3, "entrancia": "Entrância Inicial", "endereco_sede": "Rua Dr. Armando Falcone , s/n - Centro, 19300-000", "latitude": -22.107288365050323, "longitude": -51.620362163794496, "id_cj": 27, "nome_cj": "27ª Presidente Prudente", "id_raj": 5, "nome_raj": "5ª Presidente Prudente", "populacao_foro": 17504, "qt_cidades_foro": 2, "cidades_no_foro": "Emilianópolis, Presidente Bernardes", "qt_cidades_cj": 20, "cidades_na_cj": "Alfredo Marcondes, Anhumas, Caiabu, Emilianópolis, Estrela do Norte, Iepê, Indiana, Martinópolis, Nantes, Narandiba, Pirapozinho, Presidente Bernardes, Presidente Prudente, Rancharia, Regente Feijó, Sandovalina, Santo Expedito, Taciba, Tarabai, Álvares Machado", "unidades": null, "total_varas_municipio": 0, "varas_municipio": null, "varas_foro": "CRIMINAL E DA FAZENDA PÚBLICA, JUIZADO ESPECIAL CÍVEL, Vara Judicial" }, "geometry": { "type": "Point", "coordinates": [ -51.472144024440809, -21.800984041142737 ] } },
{ "type": "Feature", "properties": { "id_municipio_ibge": 3515152, "nome_municipio": "Engenheiro Coelho", "populacao_municipio": 19566, "id_foro": 3503802, "nome_foro": "Artur Nogueira", "total_varas_foro": 0, "entrancia": "Entrância Intermediária", "endereco_sede": "Rua 13 de Maio , 140/150 - Centro, 13160-170", "latitude": -22.561187581845694, "longitude": -47.132156814443142, "id_cj": 7, "nome_cj": "7ª Mogi Mirim", "id_raj": 4, "nome_raj": "4ª Campinas", "populacao_foro": 86116, "qt_cidades_foro": 3, "cidades_no_foro": "Artur Nogueira, Engenheiro Coelho, Holambra", "qt_cidades_cj": 8, "cidades_na_cj": "Artur Nogueira, Conchal, Engenheiro Coelho, Estiva Gerbi, Holambra, Itapira, Mogi Guaçu, Mogi Mirim", "unidades": null, "total_varas_municipio": 0, "varas_municipio": null, "varas_foro": null }, "geometry": { "type": "Point", "coordinates": [ -47.174800736615595, -22.487083635566499 ] } },
{ "type": "Feature", "properties": { "id_municipio_ibge": 3515186, "nome_municipio": "Espírito Santo do Pinhal", "populacao_municipio": 39816, "id_foro": 3515186, "nome_foro": "Espírito Santo do Pinhal", "total_varas_foro": 3, "entrancia": "Entrância Inicial", "endereco_sede": "Avenida 9 de Julho , 90 - Centro, 13990-000", "latitude": -22.192499064827103, "longitude": -46.793323434656003, "id_cj": 50, "nome_cj": "50ª São João da Boa Vista", "id_raj": 4, "nome_raj": "4ª Campinas", "populacao_foro": 45942, "qt_cidades_foro": 2, "cidades_no_foro": "Espírito Santo do Pinhal, Santo Antônio do Jardim", "qt_cidades_cj": 6, "cidades_na_cj": "Aguaí, Espírito Santo do Pinhal, Santo Antônio do Jardim, São João da Boa Vista, Vargem Grande do Sul, Águas da Prata", "unidades": "Fórum Espírito Santo do Pinhal I, Fórum Espírito Santo do Pinhal II - Arq.Geral/Cart. Eleitoral/Ass. Social, Fórum Espírito Santo do Pinhal III (CEJUSC), Fórum Espírito Santo do Pinhal IV (Residência Oficial)", "total_varas_municipio": 3, "varas_municipio": "1ª Vara Judicial, 2ª Vara Judicial, Juizado Especial Cível", "varas_foro": "1ª Vara Judicial, 2ª Vara Judicial, Juizado Especial Cível" }, "geometry": { "type": "Point", "coordinates": [ -46.793323434656003, -22.192499064827103 ] } },
{ "type": "Feature", "properties": { "id_municipio_ibge": 3515194, "nome_municipio": "Espírito Santo do Turvo", "populacao_municipio": 4157, "id_foro": 3546405, "nome_foro": "Santa Cruz do Rio Pardo", "total_varas_foro": 4, "entrancia": "Entrância Intermediária", "endereco_sede": "Av Doutor Cyro de Mello Camarinha , 606 - Centro, 18900-073", "latitude": -22.809306886675092, "longitude": -49.568948831761652, "id_cj": 25, "nome_cj": "25ª Ourinhos", "id_raj": 3, "nome_raj": "3ª Bauru", "populacao_foro": 57816, "qt_cidades_foro": 3, "cidades_no_foro": "Espírito Santo do Turvo, Santa Cruz do Rio Pardo, São Pedro do Turvo", "qt_cidades_cj": 16, "cidades_na_cj": "Bernardino de Campos, Canitar, Chavantes, Espírito Santo do Turvo, Ipaussu, Manduri, Ourinhos, Piraju, Ribeirão do Sul, Salto Grande, Santa Cruz do Rio Pardo, Sarutaiá, São Pedro do Turvo, Tejupá, Timburi, Óleo", "unidades": null, "total_varas_municipio": 0, "varas_municipio": null, "varas_foro": "1ª Vara Cível, 2ª Vara Cível, 3ª Vara Cível, Vara Criminal" }, "geometry": { "type": "Point", "coordinates": [ -49.432944519801744, -22.67089384692725 ] } },
{ "type": "Feature", "properties": { "id_municipio_ibge": 3515202, "nome_municipio": "Estrela dOeste", "populacao_municipio": 9417, "id_foro": 3515202, "nome_foro": "Estrela dOeste", "total_varas_foro": 2, "entrancia": "Entrância Inicial", "endereco_sede": "Rua Minas Gerais , s/n - centro, 15650-000", "latitude": -20.265760715088682, "longitude": -50.411468747306685, "id_cj": 18, "nome_cj": "18ª Fernandópolis", "id_raj": 8, "nome_raj": "8ª São José do Rio Preto", "populacao_foro": 20000, "qt_cidades_foro": 5, "cidades_no_foro": "Dolcinópolis, Estrela dOeste, Populina, São João das Duas Pontes, Turmalina", "qt_cidades_cj": 15, "cidades_na_cj": "Dolcinópolis, Estrela dOeste, Fernandópolis, General Salgado, Guarani d'Oeste, Indiaporã, Macedônia, Meridiano, Nova Castilho, Ouroeste, Pedranópolis, Populina, São João das Duas Pontes, São João de Iracema, Turmalina", "unidades": "Fórum Estrela D'Oeste", "total_varas_municipio": 2, "varas_municipio": "Juizado Especial Cível, Vara Judicial", "varas_foro": "Juizado Especial Cível, Vara Judicial" }, "geometry": { "type": "Point", "coordinates": [ -50.411468747306685, -20.265760715088682 ] } },
{ "type": "Feature", "properties": { "id_municipio_ibge": 3515301, "nome_municipio": "Estrela do Norte", "populacao_municipio": 2703, "id_foro": 3539202, "nome_foro": "Pirapozinho", "total_varas_foro": 4, "entrancia": "Entrância Inicial", "endereco_sede": "Rua Dr. Carlos Alberto Leite Boulhosa, 525 , 525 - Jardim Morada do Sol, 19200-000", "latitude": -22.479179063433843, "longitude": -51.619796071038778, "id_cj": 27, "nome_cj": "27ª Presidente Prudente", "id_raj": 5, "nome_raj": "5ª Presidente Prudente", "populacao_foro": 43945, "qt_cidades_foro": 5, "cidades_no_foro": "Estrela do Norte, Narandiba, Pirapozinho, Sandovalina, Tarabai", "qt_cidades_cj": 20, "cidades_na_cj": "Alfredo Marcondes, Anhumas, Caiabu, Emilianópolis, Estrela do Norte, Iepê, Indiana, Martinópolis, Nantes, Narandiba, Pirapozinho, Presidente Bernardes, Presidente Prudente, Rancharia, Regente Feijó, Sandovalina, Santo Expedito, Taciba, Tarabai, Álvares Machado", "unidades": null, "total_varas_municipio": 0, "varas_municipio": null, "varas_foro": "2ª Vara Judicial, Juizado Especial Criminal, Juizado Especial Cível, Oficio Judicial (Crime)" }, "geometry": { "type": "Point", "coordinates": [ -51.669090349193297, -22.48563050394581 ] } },
{ "type": "Feature", "properties": { "id_municipio_ibge": 3515350, "nome_municipio": "Euclides da Cunha Paulista", "populacao_municipio": 7924, "id_foro": 3554300, "nome_foro": "Teodoro Sampaio", "total_varas_foro": 0, "entrancia": "Entrância Inicial", "endereco_sede": "Avenida Manoel Guirado Segura , 2080 - Vila Furlan, 19282160", "latitude": -22.416603288973988, "longitude": -52.374043454186697, "id_cj": 28, "nome_cj": "28ª Presidente Venceslau", "id_raj": 5, "nome_raj": "5ª Presidente Prudente", "populacao_foro": 30097, "qt_cidades_foro": 2, "cidades_no_foro": "Euclides da Cunha Paulista, Teodoro Sampaio", "qt_cidades_cj": 11, "cidades_na_cj": "Caiuá, Euclides da Cunha Paulista, Marabá Paulista, Mirante do Paranapanema, Piquerobi, Presidente Epitácio, Presidente Venceslau, Ribeirão dos Índios, Rosana, Santo Anastácio, Teodoro Sampaio", "unidades": null, "total_varas_municipio": 0, "varas_municipio": null, "varas_foro": null }, "geometry": { "type": "Point", "coordinates": [ -52.588599542952743, -22.518967673625788 ] } },
{ "type": "Feature", "properties": { "id_municipio_ibge": 3515400, "nome_municipio": "Fartura", "populacao_municipio": 16641, "id_foro": 3515400, "nome_foro": "Fartura", "total_varas_foro": 2, "entrancia": "Entrância Inicial", "endereco_sede": "Rua Anacleto Gonçalves Neves , 250 - Centro, 18870-007", "latitude": -23.390179084345064, "longitude": -49.51967844188836, "id_cj": 24, "nome_cj": "24ª Avaré", "id_raj": 3, "nome_raj": "3ª Bauru", "populacao_foro": 29310, "qt_cidades_foro": 2, "cidades_no_foro": "Fartura, Taguaí", "qt_cidades_cj": 11, "cidades_na_cj": "Arandu, Avaré, Cerqueira César, Coronel Macedo, Fartura, Iaras, Itaí, Paranapanema, Taguaí, Taquarituba, Águas de Santa Bárbara", "unidades": "Fórum Desembargador Edmond Acar, Residência Oficial", "total_varas_municipio": 2, "varas_municipio": "Juizado Especial Cível e Criminal, Vara Judicial", "varas_foro": "Juizado Especial Cível e Criminal, Vara Judicial" }, "geometry": { "type": "Point", "coordinates": [ -49.51967844188836, -23.390179084345064 ] } },
{ "type": "Feature", "properties": { "id_municipio_ibge": 3515509, "nome_municipio": "Fernandópolis", "populacao_municipio": 71186, "id_foro": 3515509, "nome_foro": "Fernandópolis", "total_varas_foro": 8, "entrancia": "Entrância Final", "endereco_sede": "Avenida Raul Gonçalves Júnior , 850 - Jardim Santa Rita, 15610-000", "latitude": -20.271768816132493, "longitude": -50.283015230356867, "id_cj": 18, "nome_cj": "18ª Fernandópolis", "id_raj": 8, "nome_raj": "8ª São José do Rio Preto", "populacao_foro": 82508, "qt_cidades_foro": 4, "cidades_no_foro": "Fernandópolis, Macedônia, Meridiano, Pedranópolis", "qt_cidades_cj": 15, "cidades_na_cj": "Dolcinópolis, Estrela dOeste, Fernandópolis, General Salgado, Guarani d'Oeste, Indiaporã, Macedônia, Meridiano, Nova Castilho, Ouroeste, Pedranópolis, Populina, São João das Duas Pontes, São João de Iracema, Turmalina", "unidades": "Fórum Fernandópolis I, Fórum Fernandópolis II - (Setor das Execuções Fiscais), Fórum Fernandópolis III (CEJUSC), Fórum Fernandópolis IV (Psicólogos e Assist. Social), Fórum Fernandópolis IV - Arquivo Geral, Fórum Fernandópolis V (UNIV. BRASIL (Antiga UNICASTELO) – CAMPUS VII, Fórum Fernandópolis VI (Anexo do Juizado)", "total_varas_municipio": 8, "varas_municipio": "1ª Vara Criminal, 1ª Vara Criminal e da Infância e Juventude, 1ª vara Cível, 2ª Vara Criminal, 2ª Vara Cível, 3ª Vara Cível, Ofício do Juizado Especial Cível e Criminal, Vara do Juizado Especial Cível e Criminal", "varas_foro": "1ª Vara Criminal, 1ª Vara Criminal e da Infância e Juventude, 1ª vara Cível, 2ª Vara Criminal, 2ª Vara Cível, 3ª Vara Cível, Ofício do Juizado Especial Cível e Criminal, Vara do Juizado Especial Cível e Criminal" }, "geometry": { "type": "Point", "coordinates": [ -50.283015230356867, -20.271768816132493 ] } },
{ "type": "Feature", "properties": { "id_municipio_ibge": 3515608, "nome_municipio": "Fernando Prestes", "populacao_municipio": 5942, "id_foro": 3553708, "nome_foro": "Taquaritinga", "total_varas_foro": 3, "entrancia": "Entrância Inicial", "endereco_sede": "Rua Duque de Caxias , 267 - Centro, 15900-017", "latitude": -21.425577635346173, "longitude": -48.537879199453229, "id_cj": 42, "nome_cj": "42ª Jaboticabal", "id_raj": 6, "nome_raj": "6ª Ribeirão Preto", "populacao_foro": 67209, "qt_cidades_foro": 4, "cidades_no_foro": "Cândido Rodrigues, Fernando Prestes, Santa Ernestina, Taquaritinga", "qt_cidades_cj": 14, "cidades_na_cj": "Cândido Rodrigues, Fernando Prestes, Guariba, Jaboticabal, Monte Alto, Pirangi, Pitangueiras, Pradópolis, Santa Ernestina, Taiaçu, Taiúva, Taquaral, Taquaritinga, Vista Alegre do Alto", "unidades": null, "total_varas_municipio": 0, "varas_municipio": null, "varas_foro": "1ª Vara Judicial, 2ª Vara Judicial, 3ª Vara Judicial" }, "geometry": { "type": "Point", "coordinates": [ -48.695662376120836, -21.310294712574937 ] } },
{ "type": "Feature", "properties": { "id_municipio_ibge": 3515657, "nome_municipio": "Fernão", "populacao_municipio": 1656, "id_foro": 3516606, "nome_foro": "Gália", "total_varas_foro": 3, "entrancia": "Entrância Inicial", "endereco_sede": "Avenida São José , 431 - Centro, 17450-001", "latitude": -22.320462568674948, "longitude": -49.577746134738739, "id_cj": 31, "nome_cj": "31ª Marília", "id_raj": 5, "nome_raj": "5ª Presidente Prudente", "populacao_foro": 8036, "qt_cidades_foro": 2, "cidades_no_foro": "Fernão, Gália", "qt_cidades_cj": 12, "cidades_na_cj": "Alvinlândia, Fernão, Garça, Gália, Lupércio, Marília, Ocauçu, Oriente, Pompéia, Quintana, Vera Cruz, Álvaro de Carvalho", "unidades": null, "total_varas_municipio": 0, "varas_municipio": null, "varas_foro": "Juizado Especial Cível e Criminal, OFÍCIO JUDICIAL - VARA ÚNICA, Vara Judicial" }, "geometry": { "type": "Point", "coordinates": [ -49.542389557975696, -22.365799411415971 ] } },
{ "type": "Feature", "properties": { "id_municipio_ibge": 3515707, "nome_municipio": "Ferraz de Vasconcelos", "populacao_municipio": 179198, "id_foro": 3515707, "nome_foro": "Ferraz de Vasconcelos", "total_varas_foro": 4, "entrancia": "Entrância Final", "endereco_sede": "Av. Santos Dumont , 1.535 - Jardim Vista Alegre, 08531-100", "latitude": -23.560997052862469, "longitude": -46.373929057272392, "id_cj": 45, "nome_cj": "45ª Mogi das Cruzes", "id_raj": 1, "nome_raj": "1ª Grande São Paulo", "populacao_foro": 179198, "qt_cidades_foro": 1, "cidades_no_foro": "Ferraz de Vasconcelos", "qt_cidades_cj": 7, "cidades_na_cj": "Biritiba-Mirim, Ferraz de Vasconcelos, Guararema, Itaquaquecetuba, Mogi das Cruzes, Poá, Suzano", "unidades": "Fórum de Ferraz de Vasconcelos \"Desembargador Ruy Toledo de Assumpção\"", "total_varas_municipio": 4, "varas_municipio": "1ª Vara Judicial, 2ª Vara Judicial, 3ª Vara Judicial, Juizado Especial Cível e Criminal", "varas_foro": "1ª Vara Judicial, 2ª Vara Judicial, 3ª Vara Judicial, Juizado Especial Cível e Criminal" }, "geometry": { "type": "Point", "coordinates": [ -46.373929057272392, -23.560997052862469 ] } },
{ "type": "Feature", "properties": { "id_municipio_ibge": 3515806, "nome_municipio": "Flora Rica", "populacao_municipio": 1487, "id_foro": 3534906, "nome_foro": "Pacaembu", "total_varas_foro": 3, "entrancia": "Entrância Inicial", "endereco_sede": "Av. São João , 1361 - Guaraniúva, 17860-000", "latitude": -21.495552154627038, "longitude": -51.274209171137372, "id_cj": 29, "nome_cj": "29ª Dracena", "id_raj": 5, "nome_raj": "5ª Presidente Prudente", "populacao_foro": 23449, "qt_cidades_foro": 3, "cidades_no_foro": "Flora Rica, Irapuru, Pacaembu", "qt_cidades_cj": 13, "cidades_na_cj": "Dracena, Flora Rica, Irapuru, Junqueirópolis, Monte Castelo, Nova Guataporanga, Ouro Verde, Pacaembu, Panorama, Paulicéia, Santa Mercedes, São João do Pau d'Alho, Tupi Paulista", "unidades": null, "total_varas_municipio": 0, "varas_municipio": null, "varas_foro": "1ª Vara Judicial, Cartório  Único (1ª e 2ª Varas Judiciais), Juizado Especial Cível e Criminal" }, "geometry": { "type": "Point", "coordinates": [ -51.374254597308976, -21.698455585759234 ] } },
{ "type": "Feature", "properties": { "id_municipio_ibge": 3515905, "nome_municipio": "Floreal", "populacao_municipio": 2733, "id_foro": 3532603, "nome_foro": "Nhandeara", "total_varas_foro": 2, "entrancia": "Entrância Inicial", "endereco_sede": "Rua Raul Cardoso de Souza, 197 , 197 - centro, 15190-000", "latitude": -20.673084031165907, "longitude": -50.046813910504341, "id_cj": 17, "nome_cj": "17ª Votuporanga", "id_raj": 8, "nome_raj": "8ª São José do Rio Preto", "populacao_foro": 23776, "qt_cidades_foro": 6, "cidades_no_foro": "Floreal, Gastão Vidigal, Magda, Monções, Nhandeara, Nova Luzitânia", "qt_cidades_cj": 13, "cidades_na_cj": "Cardoso, Floreal, Gastão Vidigal, Magda, Mira Estrela, Monções, Nhandeara, Nova Luzitânia, Parisi, Pontes Gestal, Valentim Gentil, Votuporanga, Álvares Florence", "unidades": null, "total_varas_municipio": 0, "varas_municipio": null, "varas_foro": "Vara Criminal, Vara Cível" }, "geometry": { "type": "Point", "coordinates": [ -50.15481961542811, -20.669576776904812 ] } },
{ "type": "Feature", "properties": { "id_municipio_ibge": 3516002, "nome_municipio": "Flórida Paulista", "populacao_municipio": 12958, "id_foro": 3516002, "nome_foro": "Flórida Paulista", "total_varas_foro": 0, "entrancia": "Entrância Inicial", "endereco_sede": "Praça Gerson Veronese Ferracini , 184 - Centro, 17830-000", "latitude": -21.539971168107648, "longitude": -51.170657825374491, "id_cj": 30, "nome_cj": "30ª Tupã", "id_raj": 5, "nome_raj": "5ª Presidente Prudente", "populacao_foro": 12958, "qt_cidades_foro": 1, "cidades_no_foro": "Flórida Paulista", "qt_cidades_cj": 17, "cidades_na_cj": "Adamantina, Arco-Íris, Bastos, Flórida Paulista, Herculândia, Iacri, Inúbia Paulista, Lucélia, Mariápolis, Osvaldo Cruz, Parapuã, Pracinha, Queiroz, Rinópolis, Sagres, Salmourão, Tupã", "unidades": "Fórum Flórida Paulista", "total_varas_municipio": 0, "varas_municipio": null, "varas_foro": null }, "geometry": { "type": "Point", "coordinates": [ -51.170657825374491, -21.539971168107648 ] } },
{ "type": "Feature", "properties": { "id_municipio_ibge": 3516101, "nome_municipio": "Florínia", "populacao_municipio": 3851, "id_foro": 3504008, "nome_foro": "Assis", "total_varas_foro": 8, "entrancia": "Entrância Final", "endereco_sede": "Rua Doutor Lício Brandão de Camargo , 50 - Vila Clementina, 19802-300", "latitude": -22.601732995882681, "longitude": -50.420761155060511, "id_cj": 26, "nome_cj": "26ª Assis", "id_raj": 5, "nome_raj": "5ª Presidente Prudente", "populacao_foro": 126347, "qt_cidades_foro": 4, "cidades_no_foro": "Assis, Echaporã, Florínia, Tarumã", "qt_cidades_cj": 18, "cidades_na_cj": "Assis, Borá, Campos Novos Paulista, Cruzália, Cândido Mota, Echaporã, Florínia, Ibirarema, João Ramalho, Lutécia, Maracaí, Oscar Bressane, Palmital, Paraguaçu Paulista, Pedrinhas Paulista, Platina, Quatá, Tarumã", "unidades": null, "total_varas_municipio": 0, "varas_municipio": null, "varas_foro": "1ª Vara Criminal, 1ª Vara Cível, 2ª Vara Criminal e do Juizado de Violência Doméstica e Familiar contra a Mulher, 2ª Vara Cível, 3ª Vara Cível, Corregedoria dos Presídios e da Polícia Judiciária, Seção Processual I e II, Vara da Família e das Sucessões" }, "geometry": { "type": "Point", "coordinates": [ -50.695327805653577, -22.881223476708694 ] } },
{ "type": "Feature", "properties": { "id_municipio_ibge": 3516200, "nome_municipio": "Franca", "populacao_municipio": 352536, "id_foro": 3516200, "nome_foro": "Franca", "total_varas_foro": 0, "entrancia": "Entrância Final", "endereco_sede": "Av. Presidente Vargas , 2.650 - Jardim Dr. Antonio Petraglia, 14402-000", "latitude": -20.555235123799015, "longitude": -47.381119878587675, "id_cj": 38, "nome_cj": "38ª Franca", "id_raj": 6, "nome_raj": "6ª Ribeirão Preto", "populacao_foro": 380446, "qt_cidades_foro": 5, "cidades_no_foro": "Cristais Paulista, Franca, Restinga, Ribeirão Corrente, São José da Bela Vista", "qt_cidades_cj": 10, "cidades_na_cj": "Cristais Paulista, Franca, Itirapuã, Jeriquara, Patrocínio Paulista, Pedregulho, Restinga, Ribeirão Corrente, Rifaina, São José da Bela Vista", "unidades": "Fórum I de Franca, Fórum II de Franca (CEJUSC), Fórum III de Franca (CEJUSC - Posto), Fórum IV de Franca, Fórum IV de Franca (Anexo do JEC - UNESP), Fórum IV de Franca - Res Oficial (desativado), Fórum V de Franca, Fórum V de Franca (CEJUSC - 5ª Cia do 15º BPM-I)", "total_varas_municipio": 0, "varas_municipio": null, "varas_foro": null }, "geometry": { "type": "Point", "coordinates": [ -47.381119878587675, -20.555235123799015 ] } },
{ "type": "Feature", "properties": { "id_municipio_ibge": 3516309, "nome_municipio": "Francisco Morato", "populacao_municipio": 165139, "id_foro": 3516309, "nome_foro": "Francisco Morato", "total_varas_foro": 4, "entrancia": "Entrância Final", "endereco_sede": "Rua João Mendes Júnior , 626 - Jardim Professor Francisco Morato, 07910-220", "latitude": -23.273714099445513, "longitude": -46.723540788145279, "id_cj": 5, "nome_cj": "5ª Jundiaí", "id_raj": 4, "nome_raj": "4ª Campinas", "populacao_foro": 165139, "qt_cidades_foro": 1, "cidades_no_foro": "Francisco Morato", "qt_cidades_cj": 12, "cidades_na_cj": "Caieiras, Cajamar, Campo Limpo Paulista, Francisco Morato, Franco da Rocha, Itatiba, Itupeva, Jundiaí, Louveira, Morungaba, Vinhedo, Várzea Paulista", "unidades": "Fórum Francisco Morato I - Vanderlei Aparecido Borges, Fórum Francisco Morato II - CIC - Centro de Integração da Cidadania, Fórum Francisco Morato III - Arquivo, Fórum Francisco Morato IV", "total_varas_municipio": 4, "varas_municipio": "1ª Vara Judicial, 2ª Vara Judicial, Juizado Especial Cível e Criminal, Vara do Juizado Especial Civel e Criminal", "varas_foro": "1ª Vara Judicial, 2ª Vara Judicial, Juizado Especial Cível e Criminal, Vara do Juizado Especial Civel e Criminal" }, "geometry": { "type": "Point", "coordinates": [ -46.723540788145279, -23.273714099445513 ] } },
{ "type": "Feature", "properties": { "id_municipio_ibge": 3516408, "nome_municipio": "Franco da Rocha", "populacao_municipio": 144849, "id_foro": 3516408, "nome_foro": "Franco da Rocha", "total_varas_foro": 7, "entrancia": "Entrância Intermediária", "endereco_sede": "Praça Ministro Nelson Hungria , 01 - Centro, 07850-900", "latitude": -23.314182473656874, "longitude": -46.735763593927956, "id_cj": 5, "nome_cj": "5ª Jundiaí", "id_raj": 4, "nome_raj": "4ª Campinas", "populacao_foro": 144849, "qt_cidades_foro": 1, "cidades_no_foro": "Franco da Rocha", "qt_cidades_cj": 12, "cidades_na_cj": "Caieiras, Cajamar, Campo Limpo Paulista, Francisco Morato, Franco da Rocha, Itatiba, Itupeva, Jundiaí, Louveira, Morungaba, Vinhedo, Várzea Paulista", "unidades": "Fórum Franco da Rocha", "total_varas_municipio": 7, "varas_municipio": "1ª Vara Cível, 2ª Vara Cível, Execuções Criminais e da Infância e da Juventude, Juizado Especial Cível e Criminal, Vara Criminal, Vara do Juizado Especial Cível e Criminal, Vara do Júri", "varas_foro": "1ª Vara Cível, 2ª Vara Cível, Execuções Criminais e da Infância e da Juventude, Juizado Especial Cível e Criminal, Vara Criminal, Vara do Juizado Especial Cível e Criminal, Vara do Júri" }, "geometry": { "type": "Point", "coordinates": [ -46.735763593927956, -23.314182473656874 ] } },
{ "type": "Feature", "properties": { "id_municipio_ibge": 3516507, "nome_municipio": "Gabriel Monteiro", "populacao_municipio": 2763, "id_foro": 3506409, "nome_foro": "Bilac", "total_varas_foro": 2, "entrancia": "Entrância Inicial", "endereco_sede": "Praça Oswaldo Martins , 200 - Centro, 00000000", "latitude": -21.427784634718797, "longitude": -50.479257524885895, "id_cj": 36, "nome_cj": "36ª Araçatuba", "id_raj": 2, "nome_raj": "2ª Araçatuba", "populacao_foro": 15601, "qt_cidades_foro": 3, "cidades_no_foro": "Bilac, Gabriel Monteiro, Piacatu", "qt_cidades_cj": 26, "cidades_na_cj": "Alto Alegre, Araçatuba, Avanhandava, Barbosa, Bento de Abreu, Bilac, Birigui, Braúna, Brejo Alegre, Buritama, Clementina, Coroados, Gabriel Monteiro, Glicério, Guararapes, Lourdes, Luiziânia, Penápolis, Piacatu, Planalto, Rubiácea, Santo Antônio do Aracanguá, Santópolis do Aguapeí, Turiúba, Valparaíso, Zacarias", "unidades": null, "total_varas_municipio": 0, "varas_municipio": null, "varas_foro": "Juizado Especial Cível e Criminal, Vara Judicial" }, "geometry": { "type": "Point", "coordinates": [ -50.564736917636878, -21.499576601386757 ] } },
{ "type": "Feature", "properties": { "id_municipio_ibge": 3516606, "nome_municipio": "Gália", "populacao_municipio": 6380, "id_foro": 3516606, "nome_foro": "Gália", "total_varas_foro": 3, "entrancia": "Entrância Inicial", "endereco_sede": "Avenida São José , 431 - Centro, 17450-001", "latitude": -22.320462568674948, "longitude": -49.577746134738739, "id_cj": 31, "nome_cj": "31ª Marília", "id_raj": 5, "nome_raj": "5ª Presidente Prudente", "populacao_foro": 8036, "qt_cidades_foro": 2, "cidades_no_foro": "Fernão, Gália", "qt_cidades_cj": 12, "cidades_na_cj": "Alvinlândia, Fernão, Garça, Gália, Lupércio, Marília, Ocauçu, Oriente, Pompéia, Quintana, Vera Cruz, Álvaro de Carvalho", "unidades": "Comarca de Gália", "total_varas_municipio": 3, "varas_municipio": "Juizado Especial Cível e Criminal, OFÍCIO JUDICIAL - VARA ÚNICA, Vara Judicial", "varas_foro": "Juizado Especial Cível e Criminal, OFÍCIO JUDICIAL - VARA ÚNICA, Vara Judicial" }, "geometry": { "type": "Point", "coordinates": [ -49.577746134738739, -22.320462568674948 ] } },
{ "type": "Feature", "properties": { "id_municipio_ibge": 3516705, "nome_municipio": "Garça", "populacao_municipio": 42110, "id_foro": 3516705, "nome_foro": "Garça", "total_varas_foro": 4, "entrancia": "Entrância Inicial", "endereco_sede": "Praça Doutor Martino Funchal de Barros , 50 - Willians, 17402-059", "latitude": -22.231040035160522, "longitude": -49.689635238555574, "id_cj": 31, "nome_cj": "31ª Marília", "id_raj": 5, "nome_raj": "5ª Presidente Prudente", "populacao_foro": 53784, "qt_cidades_foro": 4, "cidades_no_foro": "Alvinlândia, Garça, Lupércio, Álvaro de Carvalho", "qt_cidades_cj": 12, "cidades_na_cj": "Alvinlândia, Fernão, Garça, Gália, Lupércio, Marília, Ocauçu, Oriente, Pompéia, Quintana, Vera Cruz, Álvaro de Carvalho", "unidades": "Fórum I Garça, Fórum II Garça (CEJUSC), Fórum III Garça (Residência Oficial)", "total_varas_municipio": 4, "varas_municipio": "1ª Vara judicial, 2ª Vara Judicial, 3ª Vara Judicial, Juizado Especial Cível e Criminal", "varas_foro": "1ª Vara judicial, 2ª Vara Judicial, 3ª Vara Judicial, Juizado Especial Cível e Criminal" }, "geometry": { "type": "Point", "coordinates": [ -49.689635238555574, -22.231040035160522 ] } },
{ "type": "Feature", "properties": { "id_municipio_ibge": 3516804, "nome_municipio": "Gastão Vidigal", "populacao_municipio": 3252, "id_foro": 3532603, "nome_foro": "Nhandeara", "total_varas_foro": 2, "entrancia": "Entrância Inicial", "endereco_sede": "Rua Raul Cardoso de Souza, 197 , 197 - centro, 15190-000", "latitude": -20.673084031165907, "longitude": -50.046813910504341, "id_cj": 17, "nome_cj": "17ª Votuporanga", "id_raj": 8, "nome_raj": "8ª São José do Rio Preto", "populacao_foro": 23776, "qt_cidades_foro": 6, "cidades_no_foro": "Floreal, Gastão Vidigal, Magda, Monções, Nhandeara, Nova Luzitânia", "qt_cidades_cj": 13, "cidades_na_cj": "Cardoso, Floreal, Gastão Vidigal, Magda, Mira Estrela, Monções, Nhandeara, Nova Luzitânia, Parisi, Pontes Gestal, Valentim Gentil, Votuporanga, Álvares Florence", "unidades": null, "total_varas_municipio": 0, "varas_municipio": null, "varas_foro": "Vara Criminal, Vara Cível" }, "geometry": { "type": "Point", "coordinates": [ -50.202763696937943, -20.804297597303602 ] } },
{ "type": "Feature", "properties": { "id_municipio_ibge": 3516853, "nome_municipio": "Gavião Peixoto", "populacao_municipio": 4702, "id_foro": 3503208, "nome_foro": "Araraquara", "total_varas_foro": 16, "entrancia": "Entrância Final", "endereco_sede": "Av. D.  Pedro  II , 764 - Centro, 14801-040", "latitude": -21.791630848881979, "longitude": -48.181323820515914, "id_cj": 13, "nome_cj": "13ª Araraquara", "id_raj": 6, "nome_raj": "6ª Ribeirão Preto", "populacao_foro": 256241, "qt_cidades_foro": 3, "cidades_no_foro": "Araraquara, Gavião Peixoto, Nova Europa", "qt_cidades_cj": 14, "cidades_na_cj": "Américo Brasiliense, Araraquara, Borborema, Dobrada, Gavião Peixoto, Iacanga, Ibitinga, Itápolis, Matão, Motuca, Nova Europa, Rincão, Santa Lúcia, Tabatinga", "unidades": null, "total_varas_municipio": 0, "varas_municipio": null, "varas_foro": "1ª Vara Criminal, 1ª Vara Cível, 1ª Vara da Família e das Sucessões, 2ª Vara Criminal, 2ª Vara Cível, 2ª Vara da Família e das Sucessões, 3ª Vara Criminal, 3ª Vara Cível, 4ª Vara Cível, 5ª Vara Cível, da Juventude e do Idoso, Ofício do Juizado Especial Cível, Vara da Fazenda Pública, Vara da Infância, Vara de Execuções Criminais, Vara do Juizado Especial Cível" }, "geometry": { "type": "Point", "coordinates": [ -48.44789967806998, -21.791589818080674 ] } },
{ "type": "Feature", "properties": { "id_municipio_ibge": 3516903, "nome_municipio": "General Salgado", "populacao_municipio": 10312, "id_foro": 3516903, "nome_foro": "General Salgado", "total_varas_foro": 2, "entrancia": "Entrância Inicial", "endereco_sede": "Rua Azílio Antonio do Prado , 991 - centro, 15300-000", "latitude": -20.638274026252329, "longitude": -50.415780544539686, "id_cj": 18, "nome_cj": "18ª Fernandópolis", "id_raj": 8, "nome_raj": "8ª São José do Rio Preto", "populacao_foro": 13220, "qt_cidades_foro": 3, "cidades_no_foro": "General Salgado, Nova Castilho, São João de Iracema", "qt_cidades_cj": 15, "cidades_na_cj": "Dolcinópolis, Estrela dOeste, Fernandópolis, General Salgado, Guarani d'Oeste, Indiaporã, Macedônia, Meridiano, Nova Castilho, Ouroeste, Pedranópolis, Populina, São João das Duas Pontes, São João de Iracema, Turmalina", "unidades": "Fórum General Salgado (ARGYMIRO ACAYABA DE TOLEDO)", "total_varas_municipio": 2, "varas_municipio": "Juizado Especial Cível, Vara Judicial", "varas_foro": "Juizado Especial Cível, Vara Judicial" }, "geometry": { "type": "Point", "coordinates": [ -50.415780544539686, -20.638274026252329 ] } },
{ "type": "Feature", "properties": { "id_municipio_ibge": 3517000, "nome_municipio": "Getulina", "populacao_municipio": 10232, "id_foro": 3517000, "nome_foro": "Getulina", "total_varas_foro": 2, "entrancia": "Entrância Inicial", "endereco_sede": "Rua Doutor Carlos de Campos , 660 - Centro, 16450-000", "latitude": -21.783266675580951, "longitude": -50.027919161461192, "id_cj": 35, "nome_cj": "35ª Lins", "id_raj": 2, "nome_raj": "2ª Araçatuba", "populacao_foro": 15744, "qt_cidades_foro": 2, "cidades_no_foro": "Getulina, Guaimbê", "qt_cidades_cj": 9, "cidades_na_cj": "Cafelândia, Getulina, Guaimbê, Guaiçara, Guarantã, Júlio Mesquita, Lins, Promissão, Sabino", "unidades": "Fórum Getulina I - (Principal), Fórum Getulina II - (Unidade Forense)", "total_varas_municipio": 2, "varas_municipio": "Juizado Especial Cível e Criminal, Vara Judicial", "varas_foro": "Juizado Especial Cível e Criminal, Vara Judicial" }, "geometry": { "type": "Point", "coordinates": [ -50.027919161461192, -21.783266675580951 ] } },
{ "type": "Feature", "properties": { "id_municipio_ibge": 3517109, "nome_municipio": "Glicério", "populacao_municipio": 4138, "id_foro": 3537305, "nome_foro": "Penápolis", "total_varas_foro": 5, "entrancia": "Entrância Intermediária", "endereco_sede": "Praça Doutor Carlos Sampaio Filho , 190 - Centro, 16300-000", "latitude": -21.405402830387295, "longitude": -50.095696189609299, "id_cj": 36, "nome_cj": "36ª Araçatuba", "id_raj": 2, "nome_raj": "2ª Araçatuba", "populacao_foro": 96618, "qt_cidades_foro": 7, "cidades_no_foro": "Alto Alegre, Avanhandava, Barbosa, Braúna, Glicério, Luiziânia, Penápolis", "qt_cidades_cj": 26, "cidades_na_cj": "Alto Alegre, Araçatuba, Avanhandava, Barbosa, Bento de Abreu, Bilac, Birigui, Braúna, Brejo Alegre, Buritama, Clementina, Coroados, Gabriel Monteiro, Glicério, Guararapes, Lourdes, Luiziânia, Penápolis, Piacatu, Planalto, Rubiácea, Santo Antônio do Aracanguá, Santópolis do Aguapeí, Turiúba, Valparaíso, Zacarias", "unidades": null, "total_varas_municipio": 0, "varas_municipio": null, "varas_foro": "1ª Vara Judicial, 2ª Vara Judicial, 3ª Vara Judicial, 4ª Vara Judicial, Vara do Juizado Especial Cível e Criminal" }, "geometry": { "type": "Point", "coordinates": [ -50.198870765035323, -21.340267548215049 ] } },
{ "type": "Feature", "properties": { "id_municipio_ibge": 3517208, "nome_municipio": "Guaiçara", "populacao_municipio": 11239, "id_foro": 3527108, "nome_foro": "Lins", "total_varas_foro": 7, "entrancia": "Entrância Final", "endereco_sede": "Rua Gil Pimentel Moura , 51 - Jd. Americano, 16400-920", "latitude": -21.649742729536531, "longitude": -49.682862150569854, "id_cj": 35, "nome_cj": "35ª Lins", "id_raj": 2, "nome_raj": "2ª Araçatuba", "populacao_foro": 91130, "qt_cidades_foro": 3, "cidades_no_foro": "Guaiçara, Lins, Sabino", "qt_cidades_cj": 9, "cidades_na_cj": "Cafelândia, Getulina, Guaimbê, Guaiçara, Guarantã, Júlio Mesquita, Lins, Promissão, Sabino", "unidades": null, "total_varas_municipio": 0, "varas_municipio": null, "varas_foro": "1ª Vara Criminal, 1ª Vara Cível, 2ª Vara Criminal, 2ª Vara Cível, 3ª Vara Cível, Ofício do Juizado Especial Cível, Vara do Juizado Especial Cível" }, "geometry": { "type": "Point", "coordinates": [ -49.76274893658109, -21.569507576785892 ] } },
{ "type": "Feature", "properties": { "id_municipio_ibge": 3517307, "nome_municipio": "Guaimbê", "populacao_municipio": 5512, "id_foro": 3517000, "nome_foro": "Getulina", "total_varas_foro": 2, "entrancia": "Entrância Inicial", "endereco_sede": "Rua Doutor Carlos de Campos , 660 - Centro, 16450-000", "latitude": -21.783266675580951, "longitude": -50.027919161461192, "id_cj": 35, "nome_cj": "35ª Lins", "id_raj": 2, "nome_raj": "2ª Araçatuba", "populacao_foro": 15744, "qt_cidades_foro": 2, "cidades_no_foro": "Getulina, Guaimbê", "qt_cidades_cj": 9, "cidades_na_cj": "Cafelândia, Getulina, Guaimbê, Guaiçara, Guarantã, Júlio Mesquita, Lins, Promissão, Sabino", "unidades": null, "total_varas_municipio": 0, "varas_municipio": null, "varas_foro": "Juizado Especial Cível e Criminal, Vara Judicial" }, "geometry": { "type": "Point", "coordinates": [ -49.860619205844678, -21.878473328431564 ] } },
{ "type": "Feature", "properties": { "id_municipio_ibge": 3517406, "nome_municipio": "Guaíra", "populacao_municipio": 39279, "id_foro": 3517406, "nome_foro": "Guaíra", "total_varas_foro": 4, "entrancia": "Entrância Inicial", "endereco_sede": "Rua 12 , 712 - Centro, 14790-000", "latitude": -20.314035131426682, "longitude": -48.36413841122743, "id_cj": 14, "nome_cj": "14ª Barretos", "id_raj": 8, "nome_raj": "8ª São José do Rio Preto", "populacao_foro": 39279, "qt_cidades_foro": 1, "cidades_no_foro": "Guaíra", "qt_cidades_cj": 16, "cidades_na_cj": "Altair, Barretos, Bebedouro, Cajobi, Colina, Colômbia, Embaúba, Guaraci, Guaíra, Jaborandi, Monte Azul Paulista, Olímpia, Paraíso, Severínia, Terra Roxa, Viradouro", "unidades": "Fórum Guaíra II, Fórum da Comarca de Guaíra I, Residencia oficial", "total_varas_municipio": 4, "varas_municipio": "1ª Vara Judicial, Juizado Especial Criminal, Juizado Especial Cível, Vara Única", "varas_foro": "1ª Vara Judicial, Juizado Especial Criminal, Juizado Especial Cível, Vara Única" }, "geometry": { "type": "Point", "coordinates": [ -48.36413841122743, -20.314035131426682 ] } },
{ "type": "Feature", "properties": { "id_municipio_ibge": 3517505, "nome_municipio": "Guapiaçu", "populacao_municipio": 21711, "id_foro": 3549805, "nome_foro": "São José do Rio Preto", "total_varas_foro": 7, "entrancia": "Entrância Final", "endereco_sede": "Rua Marechal Deodoro da Fonseca , 3036 - Centro, 15010-902", "latitude": -20.797230087349501, "longitude": -49.358102151621488, "id_cj": 16, "nome_cj": "16ª São José do Rio Preto", "id_raj": 8, "nome_raj": "8ª São José do Rio Preto", "populacao_foro": 559137, "qt_cidades_foro": 6, "cidades_no_foro": "Bady Bassitt, Cedral, Guapiaçu, Ipiguá, São José do Rio Preto, Uchoa", "qt_cidades_cj": 33, "cidades_na_cj": "Adolfo, Américo de Campos, Bady Bassitt, Bálsamo, Cedral, Cosmorama, Guapiaçu, Icém, Ipiguá, Jaci, José Bonifácio, Macaubal, Mendonça, Mirassol, Mirassolândia, Monte Aprazível, Neves Paulista, Nipoã, Nova Aliança, Nova Granada, Onda Verde, Orindiúva, Palestina, Paulo de Faria, Poloni, Potirendaba, Riolândia, Sebastianópolis do Sul, São José do Rio Preto, Tanabi, Ubarana, Uchoa, União Paulista", "unidades": null, "total_varas_municipio": 0, "varas_municipio": null, "varas_foro": "1ª Vara Criminal, 2ª Vara Criminal, 3ª Vara Criminal, 4ª Vara Criminal, 5ª Vara Criminal, Vara de Execuções Criminais, Vara do DEECRIM" }, "geometry": { "type": "Point", "coordinates": [ -49.189908077985734, -20.742854240569411 ] } },
{ "type": "Feature", "properties": { "id_municipio_ibge": 3517604, "nome_municipio": "Guapiara", "populacao_municipio": 17071, "id_foro": 3510203, "nome_foro": "Capão Bonito", "total_varas_foro": 0, "entrancia": "Entrância Intermediária", "endereco_sede": "Rua Seabra do Amaral , 260 - Centro - Guapiara, 18310-000", "latitude": -24.039195109679952, "longitude": -48.289834761740153, "id_cj": 22, "nome_cj": "22ª Itapetininga", "id_raj": 10, "nome_raj": "10ª Sorocaba", "populacao_foro": 70858, "qt_cidades_foro": 3, "cidades_no_foro": "Capão Bonito, Guapiara, Ribeirão Grande", "qt_cidades_cj": 17, "cidades_na_cj": "Alambari, Angatuba, Bofete, Campina do Monte Alegre, Capela do Alto, Capão Bonito, Cesário Lange, Guapiara, Guareí, Itapetininga, Porangaba, Quadra, Ribeirão Grande, Sarapuí, São Miguel Arcanjo, Tatuí, Torre de Pedra", "unidades": null, "total_varas_municipio": 0, "varas_municipio": null, "varas_foro": null }, "geometry": { "type": "Point", "coordinates": [ -48.555828056760738, -24.212538506762115 ] } },
{ "type": "Feature", "properties": { "id_municipio_ibge": 3517703, "nome_municipio": "Guará", "populacao_municipio": 18606, "id_foro": 3517703, "nome_foro": "Guará", "total_varas_foro": 2, "entrancia": "Entrância Inicial", "endereco_sede": "Rua Carlos de Campos , 260 - Centro, 14580-000", "latitude": -20.482585327584282, "longitude": -47.775239952510681, "id_cj": 40, "nome_cj": "40ª Ituverava", "id_raj": 6, "nome_raj": "6ª Ribeirão Preto", "populacao_foro": 18606, "qt_cidades_foro": 1, "cidades_no_foro": "Guará", "qt_cidades_cj": 8, "cidades_na_cj": "Aramina, Buritizal, Guará, Igarapava, Ipuã, Ituverava, Miguelópolis, São Joaquim da Barra", "unidades": "Fórum Guará - Desembargador Valentim Alves da Silva", "total_varas_municipio": 2, "varas_municipio": "1ª Vara Judicial, Juizado Especial Cível", "varas_foro": "1ª Vara Judicial, Juizado Especial Cível" }, "geometry": { "type": "Point", "coordinates": [ -47.775239952510681, -20.482585327584282 ] } },
{ "type": "Feature", "properties": { "id_municipio_ibge": 3517802, "nome_municipio": "Guaraçaí", "populacao_municipio": 7441, "id_foro": 3530102, "nome_foro": "Mirandópolis", "total_varas_foro": 3, "entrancia": "Entrância Inicial", "endereco_sede": "Rua Adelino Minari , 726 - Centro, 16800-000", "latitude": -21.081085580381888, "longitude": -51.130531906892152, "id_cj": 37, "nome_cj": "37ª Andradina", "id_raj": 2, "nome_raj": "2ª Araçatuba", "populacao_foro": 45113, "qt_cidades_foro": 3, "cidades_no_foro": "Guaraçaí, Lavínia, Mirandópolis", "qt_cidades_cj": 12, "cidades_na_cj": "Andradina, Castilho, Guaraçaí, Ilha Solteira, Itapura, Lavínia, Mirandópolis, Murutinga do Sul, Nova Independência, Pereira Barreto, Sud Mennucci, Suzanápolis", "unidades": null, "total_varas_municipio": 0, "varas_municipio": null, "varas_foro": "1ª Vara Judicial, 2ª Vara Judicial, Juizado Especial Cível e Criminal" }, "geometry": { "type": "Point", "coordinates": [ -51.279456156565082, -21.086433327785539 ] } },
{ "type": "Feature", "properties": { "id_municipio_ibge": 3517901, "nome_municipio": "Guaraci", "populacao_municipio": 10350, "id_foro": 3533908, "nome_foro": "Olímpia", "total_varas_foro": 4, "entrancia": "Entrância Intermediária", "endereco_sede": "Rua Engenheiro Reid , 377 - Patrimônio de São João Batista, 15400-091", "latitude": -20.70524588579201, "longitude": -48.959617264381016, "id_cj": 14, "nome_cj": "14ª Barretos", "id_raj": 8, "nome_raj": "8ª São José do Rio Preto", "populacao_foro": 94907, "qt_cidades_foro": 6, "cidades_no_foro": "Altair, Cajobi, Embaúba, Guaraci, Olímpia, Severínia", "qt_cidades_cj": 16, "cidades_na_cj": "Altair, Barretos, Bebedouro, Cajobi, Colina, Colômbia, Embaúba, Guaraci, Guaíra, Jaborandi, Monte Azul Paulista, Olímpia, Paraíso, Severínia, Terra Roxa, Viradouro", "unidades": null, "total_varas_municipio": 0, "varas_municipio": null, "varas_foro": "1ª Vara Cível, 2ª Vara Cível, 3ª Vara Cível, Vara Criminal" }, "geometry": { "type": "Point", "coordinates": [ -49.0027145484569, -20.37476557683344 ] } },
{ "type": "Feature", "properties": { "id_municipio_ibge": 3518008, "nome_municipio": "Guarani d'Oeste", "populacao_municipio": 1968, "id_foro": 3534757, "nome_foro": "Ouroeste", "total_varas_foro": 0, "entrancia": "Entrância Inicial", "endereco_sede": "Rua Brás Cubas , 1315 - centro, 15685-000", "latitude": -19.922445070452131, "longitude": -50.401961617180625, "id_cj": 18, "nome_cj": "18ª Fernandópolis", "id_raj": 8, "nome_raj": "8ª São José do Rio Preto", "populacao_foro": 16297, "qt_cidades_foro": 3, "cidades_no_foro": "Guarani d'Oeste, Indiaporã, Ouroeste", "qt_cidades_cj": 15, "cidades_na_cj": "Dolcinópolis, Estrela dOeste, Fernandópolis, General Salgado, Guarani d'Oeste, Indiaporã, Macedônia, Meridiano, Nova Castilho, Ouroeste, Pedranópolis, Populina, São João das Duas Pontes, São João de Iracema, Turmalina", "unidades": null, "total_varas_municipio": 0, "varas_municipio": null, "varas_foro": null }, "geometry": { "type": "Point", "coordinates": [ -50.344609140299987, -20.066825028465544 ] } },
{ "type": "Feature", "properties": { "id_municipio_ibge": 3518107, "nome_municipio": "Guarantã", "populacao_municipio": 6427, "id_foro": 3508801, "nome_foro": "Cafelândia", "total_varas_foro": 2, "entrancia": "Entrância Inicial", "endereco_sede": "Avenida Dionísia Zucchi , 330 - centro, 16503034", "latitude": -21.731146931511869, "longitude": -49.548691771064128, "id_cj": 35, "nome_cj": "35ª Lins", "id_raj": 2, "nome_raj": "2ª Araçatuba", "populacao_foro": 27335, "qt_cidades_foro": 3, "cidades_no_foro": "Cafelândia, Guarantã, Júlio Mesquita", "qt_cidades_cj": 9, "cidades_na_cj": "Cafelândia, Getulina, Guaimbê, Guaiçara, Guarantã, Júlio Mesquita, Lins, Promissão, Sabino", "unidades": null, "total_varas_municipio": 0, "varas_municipio": null, "varas_foro": "Ofício Judicial (vara única), Vara Judicial" }, "geometry": { "type": "Point", "coordinates": [ -49.588428204189363, -21.916154017264091 ] } },
{ "type": "Feature", "properties": { "id_municipio_ibge": 3518206, "nome_municipio": "Guararapes", "populacao_municipio": 31043, "id_foro": 3518206, "nome_foro": "Guararapes", "total_varas_foro": 4, "entrancia": "Entrância Inicial", "endereco_sede": "Rua Luiz Lincoln de Oliveira , s/n - Centro, 16700-000", "latitude": -21.2852034913439, "longitude": -50.695138077514358, "id_cj": 36, "nome_cj": "36ª Araçatuba", "id_raj": 2, "nome_raj": "2ª Araçatuba", "populacao_foro": 33743, "qt_cidades_foro": 2, "cidades_no_foro": "Guararapes, Rubiácea", "qt_cidades_cj": 26, "cidades_na_cj": "Alto Alegre, Araçatuba, Avanhandava, Barbosa, Bento de Abreu, Bilac, Birigui, Braúna, Brejo Alegre, Buritama, Clementina, Coroados, Gabriel Monteiro, Glicério, Guararapes, Lourdes, Luiziânia, Penápolis, Piacatu, Planalto, Rubiácea, Santo Antônio do Aracanguá, Santópolis do Aguapeí, Turiúba, Valparaíso, Zacarias", "unidades": "Fórum I Guararapes, Fórum II Guararapes (Residência Oficial)", "total_varas_municipio": 4, "varas_municipio": "1ª Vara, 1º Oficio Judicial - Seção Criminal, 2ª Vara, Juizado Especial Cível e Criminal", "varas_foro": "1ª Vara, 1º Oficio Judicial - Seção Criminal, 2ª Vara, Juizado Especial Cível e Criminal" }, "geometry": { "type": "Point", "coordinates": [ -50.695138077514358, -21.2852034913439 ] } },
{ "type": "Feature", "properties": { "id_municipio_ibge": 3518305, "nome_municipio": "Guararema", "populacao_municipio": 31236, "id_foro": 3518305, "nome_foro": "Guararema", "total_varas_foro": 2, "entrancia": "Entrância Inicial", "endereco_sede": "Rua Expedicionário Brasílio Pinto de Almeida , 42 - Centro, 08900-000", "latitude": -23.427585077797989, "longitude": -46.058553519440672, "id_cj": 45, "nome_cj": "45ª Mogi das Cruzes", "id_raj": 1, "nome_raj": "1ª Grande São Paulo", "populacao_foro": 31236, "qt_cidades_foro": 1, "cidades_no_foro": "Guararema", "qt_cidades_cj": 7, "cidades_na_cj": "Biritiba-Mirim, Ferraz de Vasconcelos, Guararema, Itaquaquecetuba, Mogi das Cruzes, Poá, Suzano", "unidades": "Fórum I Guararema - (Dr. Francisco Xavier Moretz Sohm), Fórum II Guararema - (CEJUSC)", "total_varas_municipio": 2, "varas_municipio": "Juizado Especial Cível e Criminal, Vara Judicial", "varas_foro": "Juizado Especial Cível e Criminal, Vara Judicial" }, "geometry": { "type": "Point", "coordinates": [ -46.058553519440672, -23.427585077797989 ] } },
{ "type": "Feature", "properties": { "id_municipio_ibge": 3518404, "nome_municipio": "Guaratinguetá", "populacao_municipio": 118044, "id_foro": 3518404, "nome_foro": "Guaratinguetá", "total_varas_foro": 5, "entrancia": "Entrância Final", "endereco_sede": "Av. Dr. Ariberto Pereira da Cunha , 280 - Alberto Byington, 12516-410", "latitude": -22.793493019718316, "longitude": -45.232850004750418, "id_cj": 48, "nome_cj": "48ª Guaratinguetá", "id_raj": 9, "nome_raj": "9ª São José dos Campos", "populacao_foro": 118044, "qt_cidades_foro": 1, "cidades_no_foro": "Guaratinguetá", "qt_cidades_cj": 17, "cidades_na_cj": "Aparecida, Arapeí, Areias, Bananal, Cachoeira Paulista, Canas, Cruzeiro, Cunha, Guaratinguetá, Lavrinhas, Lorena, Piquete, Potim, Queluz, Roseira, Silveiras, São José do Barreiro", "unidades": "Fórum Guaratinguetá, Fórum Guaratinguetá I (Principal), Fórum Guaratinguetá III (Execuções Fiscais), Fórum Guaratinguetá IV (CEJUSC)", "total_varas_municipio": 5, "varas_municipio": "1ª Vara Judicial, 2ª Vara Judicial, 3ª Vara Judicial, 4ª Vara Judicial, Vara do Juizado Especial Cível e Criminal", "varas_foro": "1ª Vara Judicial, 2ª Vara Judicial, 3ª Vara Judicial, 4ª Vara Judicial, Vara do Juizado Especial Cível e Criminal" }, "geometry": { "type": "Point", "coordinates": [ -45.232850004750418, -22.793493019718316 ] } },
{ "type": "Feature", "properties": { "id_municipio_ibge": 3518503, "nome_municipio": "Guareí", "populacao_municipio": 15013, "id_foro": 3540507, "nome_foro": "Porangaba", "total_varas_foro": 3, "entrancia": "Entrância Inicial", "endereco_sede": "Rua Vereador Braz Gica da Paz , 193 - Centro, 18260-000", "latitude": -23.173857061708233, "longitude": -48.117365595638425, "id_cj": 22, "nome_cj": "22ª Itapetininga", "id_raj": 10, "nome_raj": "10ª Sorocaba", "populacao_foro": 37970, "qt_cidades_foro": 4, "cidades_no_foro": "Bofete, Guareí, Porangaba, Torre de Pedra", "qt_cidades_cj": 17, "cidades_na_cj": "Alambari, Angatuba, Bofete, Campina do Monte Alegre, Capela do Alto, Capão Bonito, Cesário Lange, Guapiara, Guareí, Itapetininga, Porangaba, Quadra, Ribeirão Grande, Sarapuí, São Miguel Arcanjo, Tatuí, Torre de Pedra", "unidades": null, "total_varas_municipio": 0, "varas_municipio": null, "varas_foro": "Ofício do Juizado Especial Cível e Criminal, Vara do Juizado Especial Cível e Criminal, Vara Judicial" }, "geometry": { "type": "Point", "coordinates": [ -48.219115143906919, -23.370471532748052 ] } },
{ "type": "Feature", "properties": { "id_municipio_ibge": 3518602, "nome_municipio": "Guariba", "populacao_municipio": 37498, "id_foro": 3518602, "nome_foro": "Guariba", "total_varas_foro": 3, "entrancia": "Entrância Inicial", "endereco_sede": "Pça Silvio Vaz de Arruda , 190 - Centro, 14840-000", "latitude": -21.395946131178565, "longitude": -48.226566969775043, "id_cj": 42, "nome_cj": "42ª Jaboticabal", "id_raj": 6, "nome_raj": "6ª Ribeirão Preto", "populacao_foro": 54576, "qt_cidades_foro": 2, "cidades_no_foro": "Guariba, Pradópolis", "qt_cidades_cj": 14, "cidades_na_cj": "Cândido Rodrigues, Fernando Prestes, Guariba, Jaboticabal, Monte Alto, Pirangi, Pitangueiras, Pradópolis, Santa Ernestina, Taiaçu, Taiúva, Taquaral, Taquaritinga, Vista Alegre do Alto", "unidades": "Fórum Guariba II - CEJUSC, Fórum da Comarca de Guariba \"Desembargador Humberto Andrade Junqueira\"", "total_varas_municipio": 3, "varas_municipio": "1ª Vara Judicial, 2ª Vara Judicial, X-Juizado Especial Cível e Criminal", "varas_foro": "1ª Vara Judicial, 2ª Vara Judicial, X-Juizado Especial Cível e Criminal" }, "geometry": { "type": "Point", "coordinates": [ -48.226566969775043, -21.395946131178565 ] } },
{ "type": "Feature", "properties": { "id_municipio_ibge": 3518701, "nome_municipio": "Guarujá", "populacao_municipio": 287634, "id_foro": 3518701, "nome_foro": "Guarujá", "total_varas_foro": 7, "entrancia": "Entrância Final", "endereco_sede": "Rua Silvio Daige , 280 - Enseada, 11440550", "latitude": -23.951235664864903, "longitude": -46.235257233507681, "id_cj": 1, "nome_cj": "1ª Santos", "id_raj": 7, "nome_raj": "7ª Santos", "populacao_foro": 287634, "qt_cidades_foro": 1, "cidades_no_foro": "Guarujá", "qt_cidades_cj": 6, "cidades_na_cj": "Bertioga, Cubatão, Guarujá, Praia Grande, Santos, São Vicente", "unidades": "Fórum Guarujá I -  CÍVEL/CRIMINAL, Fórum Guarujá II - VARA DA FAZENDA PÚBLICA, Fórum Guarujá III - FAMÍLIA - JEC/JECRIM, Fórum Guarujá IV - (CEJUSC)", "total_varas_municipio": 7, "varas_municipio": "1ª Vara Criminal, 1ª Vara Cível, 2ª Vara Criminal, 2ª Vara Cível, 3ª Vara Criminal, 3ª Vara Cível, 4ª Vara Cível", "varas_foro": "1ª Vara Criminal, 1ª Vara Cível, 2ª Vara Criminal, 2ª Vara Cível, 3ª Vara Criminal, 3ª Vara Cível, 4ª Vara Cível" }, "geometry": { "type": "Point", "coordinates": [ -46.235257233507681, -23.951235664864903 ] } },
{ "type": "Feature", "properties": { "id_municipio_ibge": 3518800, "nome_municipio": "Guarulhos", "populacao_municipio": 1291771, "id_foro": 3518800, "nome_foro": "Guarulhos", "total_varas_foro": 7, "entrancia": "Entrância Final", "endereco_sede": "Rua José Maurício , 103 - Centro, 07011-060", "latitude": -23.402680095273084, "longitude": -46.454879453332005, "id_cj": 44, "nome_cj": "44ª Guarulhos", "id_raj": 1, "nome_raj": "1ª Grande São Paulo", "populacao_foro": 1291771, "qt_cidades_foro": 1, "cidades_no_foro": "Guarulhos", "qt_cidades_cj": 5, "cidades_na_cj": "Arujá, Guarulhos, Igaratá, Mairiporã, Santa Isabel", "unidades": "Fórum Guarulhos (Varas da Família e Central de Mandados) [desativado], Fórum Guarulhos I - (Fórum Criminal - Dr. Murilo Matos Faria), Fórum Guarulhos II - (Fórum Cível - Dr. Flávio Cleto Giovanni Trombetti), Fórum Guarulhos III - (CEJUSC I – UAAJ UNIFIG), Fórum Guarulhos IV - (UAAJ - UNIFIG), Fórum Guarulhos IV - (UAAJ UNG), Fórum Guarulhos IX - (CEJUSC II), Fórum Guarulhos VIII - (Almoxarifado), Z - Fórum Guarulhos (JECRIM e VARA DE VIOLÊNCIA DOMÉSTICA) [desativado], Z - Fórum Guarulhos (Juizado Especial Cível e Colégio Recursal) [desativado], Z - Fórum Guarulhos (Varas da Infância e Juventude) [desativado], Z-Fórum Guarulhos VI (Fazenda e VEC) [desativado]", "total_varas_municipio": 7, "varas_municipio": "1ª Vara Criminal, 2ª Vara Criminal, 3ª Vara Criminal, 4ª Vara Criminal, 5ª Vara Criminal, 6ª Vara Criminal, Vara do Júri", "varas_foro": "1ª Vara Criminal, 2ª Vara Criminal, 3ª Vara Criminal, 4ª Vara Criminal, 5ª Vara Criminal, 6ª Vara Criminal, Vara do Júri" }, "geometry": { "type": "Point", "coordinates": [ -46.454879453332005, -23.402680095273084 ] } },
{ "type": "Feature", "properties": { "id_municipio_ibge": 3518859, "nome_municipio": "Guatapará", "populacao_municipio": 7320, "id_foro": 3543402, "nome_foro": "Ribeirão Preto", "total_varas_foro": 26, "entrancia": "Entrância Final", "endereco_sede": "R. Alice Além Saadi , 950 - Nova Riberânia, 14096-570", "latitude": -21.210851733679302, "longitude": -47.82131434756058, "id_cj": 41, "nome_cj": "41ª Ribeirão Preto", "id_raj": 6, "nome_raj": "6ª Ribeirão Preto", "populacao_foro": 705962, "qt_cidades_foro": 2, "cidades_no_foro": "Guatapará, Ribeirão Preto", "qt_cidades_cj": 16, "cidades_na_cj": "Barrinha, Cajuru, Cravinhos, Cássia dos Coqueiros, Dumont, Guatapará, Jardinópolis, Luís Antônio, Pontal, Ribeirão Preto, Santa Cruz da Esperança, Santa Rosa de Viterbo, Serra Azul, Serrana, Sertãozinho, São Simão", "unidades": null, "total_varas_municipio": 0, "varas_municipio": null, "varas_foro": "1ª Vara Criminal, 1ª Vara Cível, 1ª Vara da Família e das Sucessões, 1ª Vara da Fazenda Pública, 2ª Vara Criminal, 2ª Vara Cível, 2ª Vara da Família e das Sucessões, 2ª Vara da Fazenda Pública, 3ª Vara Criminal, 3ª Vara Cível, 3ª Vara da Família e das Sucessões, 4ª Vara Criminal, 4ª Vara Cível, 5ª Vara Criminal, 5ª Vara Cível, 6ª Vara Cível, 7ª Vara Cível, 8ª Vara Cível, 9ª Vara Cível, 10ª Vara Cível, JEFAZ - Juizado Especial da Fazenda Pública, Ofício do Juizado Especial Criminal, Ofício do Juizado Especial Cível, Vara da Infância e da Juventude e do Idoso, Vara do Juizado Especial Criminal, Vara do Juizado Especial Cível" }, "geometry": { "type": "Point", "coordinates": [ -47.979902702381295, -21.453280383783142 ] } },
{ "type": "Feature", "properties": { "id_municipio_ibge": 3518909, "nome_municipio": "Guzolândia", "populacao_municipio": 4246, "id_foro": 3504206, "nome_foro": "Auriflama", "total_varas_foro": 2, "entrancia": "Entrância Inicial", "endereco_sede": "Rua Doutor Márcio da Mata Bianco , 52/25 - centro, 15350-000", "latitude": -20.644145665799488, "longitude": -50.579955333538045, "id_cj": 55, "nome_cj": "55ª Jales", "id_raj": 2, "nome_raj": "2ª Araçatuba", "populacao_foro": 17938, "qt_cidades_foro": 2, "cidades_no_foro": "Auriflama, Guzolândia", "qt_cidades_cj": 23, "cidades_na_cj": "Aparecida d'Oeste, Aspásia, Auriflama, Dirce Reis, Guzolândia, Jales, Marinópolis, Mesópolis, Nova Canaã Paulista, Palmeira d'Oeste, Paranapuã, Pontalinda, Rubinéia, Santa Albertina, Santa Clara d'Oeste, Santa Fé do Sul, Santa Rita d'Oeste, Santa Salete, Santana da Ponte Pensa, São Francisco, Três Fronteiras, Urânia, Vitória Brasil", "unidades": null, "total_varas_municipio": 0, "varas_municipio": null, "varas_foro": "Juizado Especial Cível, Vara Judicial" }, "geometry": { "type": "Point", "coordinates": [ -50.713644110823125, -20.628492663937287 ] } },
{ "type": "Feature", "properties": { "id_municipio_ibge": 3519006, "nome_municipio": "Herculândia", "populacao_municipio": 9125, "id_foro": 3555000, "nome_foro": "Tupã", "total_varas_foro": 5, "entrancia": "Entrância Final", "endereco_sede": "Rua Nhambiquaras , 1731 - centro, 17600-060", "latitude": -21.947277997451096, "longitude": -50.534617908939552, "id_cj": 30, "nome_cj": "30ª Tupã", "id_raj": 5, "nome_raj": "5ª Presidente Prudente", "populacao_foro": 87621, "qt_cidades_foro": 5, "cidades_no_foro": "Arco-Íris, Herculândia, Queiroz, Rinópolis, Tupã", "qt_cidades_cj": 17, "cidades_na_cj": "Adamantina, Arco-Íris, Bastos, Flórida Paulista, Herculândia, Iacri, Inúbia Paulista, Lucélia, Mariápolis, Osvaldo Cruz, Parapuã, Pracinha, Queiroz, Rinópolis, Sagres, Salmourão, Tupã", "unidades": null, "total_varas_municipio": 0, "varas_municipio": null, "varas_foro": "1ª Vara Cível, 2ª Vara Cível, 3ª Vara Cível, Juizado Especial Cível, Vara Criminal" }, "geometry": { "type": "Point", "coordinates": [ -50.37313522907111, -21.962329775324736 ] } },
{ "type": "Feature", "properties": { "id_municipio_ibge": 3519055, "nome_municipio": "Holambra", "populacao_municipio": 15094, "id_foro": 3503802, "nome_foro": "Artur Nogueira", "total_varas_foro": 0, "entrancia": "Entrância Intermediária", "endereco_sede": "Rua 13 de Maio , 140/150 - Centro, 13160-170", "latitude": -22.561187581845694, "longitude": -47.132156814443142, "id_cj": 7, "nome_cj": "7ª Mogi Mirim", "id_raj": 4, "nome_raj": "4ª Campinas", "populacao_foro": 86116, "qt_cidades_foro": 3, "cidades_no_foro": "Artur Nogueira, Engenheiro Coelho, Holambra", "qt_cidades_cj": 8, "cidades_na_cj": "Artur Nogueira, Conchal, Engenheiro Coelho, Estiva Gerbi, Holambra, Itapira, Mogi Guaçu, Mogi Mirim", "unidades": null, "total_varas_municipio": 0, "varas_municipio": null, "varas_foro": null }, "geometry": { "type": "Point", "coordinates": [ -47.065008905726579, -22.630266557536082 ] } },
{ "type": "Feature", "properties": { "id_municipio_ibge": 3519071, "nome_municipio": "Hortolândia", "populacao_municipio": 236641, "id_foro": 3519071, "nome_foro": "Hortolândia", "total_varas_foro": 2, "entrancia": "Entrância Final", "endereco_sede": "RUA ÍMOLA , 75 - JARDIM RESIDENCIAL FIRENZE, 13189-212", "latitude": -22.878430283614694, "longitude": -47.207744365648317, "id_cj": 53, "nome_cj": "53ª Americana", "id_raj": 4, "nome_raj": "4ª Campinas", "populacao_foro": 236641, "qt_cidades_foro": 1, "cidades_no_foro": "Hortolândia", "qt_cidades_cj": 5, "cidades_na_cj": "Americana, Hortolândia, Nova Odessa, Santa Bárbara d'Oeste, Sumaré", "unidades": "FÓRUM DA COMARCA DE HORTOLÂNDIA, Fórum Hortolândia III - (Desativado), PRÉDIO II - ANEXO", "total_varas_municipio": 2, "varas_municipio": "1ª Vara Cível, 2ª Vara Cível", "varas_foro": "1ª Vara Cível, 2ª Vara Cível" }, "geometry": { "type": "Point", "coordinates": [ -47.207744365648317, -22.878430283614694 ] } },
{ "type": "Feature", "properties": { "id_municipio_ibge": 3519105, "nome_municipio": "Iacanga", "populacao_municipio": 10437, "id_foro": 3519105, "nome_foro": "Iacanga", "total_varas_foro": 1, "entrancia": "Entrância Inicial", "endereco_sede": "Rua Padre Jorge Mattar , 150 - Centro, 17180-041", "latitude": -21.890904932117188, "longitude": -49.039623733723268, "id_cj": 13, "nome_cj": "13ª Araraquara", "id_raj": 6, "nome_raj": "6ª Ribeirão Preto", "populacao_foro": 10437, "qt_cidades_foro": 1, "cidades_no_foro": "Iacanga", "qt_cidades_cj": 14, "cidades_na_cj": "Américo Brasiliense, Araraquara, Borborema, Dobrada, Gavião Peixoto, Iacanga, Ibitinga, Itápolis, Matão, Motuca, Nova Europa, Rincão, Santa Lúcia, Tabatinga", "unidades": "COMARCA DE IACANGA, Fórum Iacanga II (CEJUSC)", "total_varas_municipio": 1, "varas_municipio": "Vara", "varas_foro": "Vara" }, "geometry": { "type": "Point", "coordinates": [ -49.039623733723268, -21.890904932117188 ] } },
{ "type": "Feature", "properties": { "id_municipio_ibge": 3519204, "nome_municipio": "Iacri", "populacao_municipio": 6131, "id_foro": 3505807, "nome_foro": "Bastos", "total_varas_foro": 0, "entrancia": "Entrância Inicial", "endereco_sede": "Rua XV de Novembro , 50 - Jardim Hikari, 17690-000", "latitude": -21.950215380270784, "longitude": -50.743985565256672, "id_cj": 30, "nome_cj": "30ª Tupã", "id_raj": 5, "nome_raj": "5ª Presidente Prudente", "populacao_foro": 27634, "qt_cidades_foro": 2, "cidades_no_foro": "Bastos, Iacri", "qt_cidades_cj": 17, "cidades_na_cj": "Adamantina, Arco-Íris, Bastos, Flórida Paulista, Herculândia, Iacri, Inúbia Paulista, Lucélia, Mariápolis, Osvaldo Cruz, Parapuã, Pracinha, Queiroz, Rinópolis, Sagres, Salmourão, Tupã", "unidades": null, "total_varas_municipio": 0, "varas_municipio": null, "varas_foro": null }, "geometry": { "type": "Point", "coordinates": [ -50.619450552388727, -21.79984751906559 ] } },
{ "type": "Feature", "properties": { "id_municipio_ibge": 3519253, "nome_municipio": "Iaras", "populacao_municipio": 8010, "id_foro": 3511409, "nome_foro": "Cerqueira César", "total_varas_foro": 4, "entrancia": "Entrância Inicial", "endereco_sede": "Rua Olimpio Pavan , 355 - Centro, 18760015", "latitude": -23.059321610192633, "longitude": -49.14380676556663, "id_cj": 24, "nome_cj": "24ª Avaré", "id_raj": 3, "nome_raj": "3ª Bauru", "populacao_foro": 36656, "qt_cidades_foro": 3, "cidades_no_foro": "Cerqueira César, Iaras, Águas de Santa Bárbara", "qt_cidades_cj": 11, "cidades_na_cj": "Arandu, Avaré, Cerqueira César, Coronel Macedo, Fartura, Iaras, Itaí, Paranapanema, Taguaí, Taquarituba, Águas de Santa Bárbara", "unidades": null, "total_varas_municipio": 0, "varas_municipio": null, "varas_foro": "1ª Vara Judicial, 2ª Vara Judicial, Criminal e da Fazenda Pública de Cerqueira César, Juizado Especial Cível" }, "geometry": { "type": "Point", "coordinates": [ -49.106831107957248, -22.819128887419108 ] } },
{ "type": "Feature", "properties": { "id_municipio_ibge": 3519303, "nome_municipio": "Ibaté", "populacao_municipio": 32178, "id_foro": 3519303, "nome_foro": "Ibaté", "total_varas_foro": 1, "entrancia": "Entrância Inicial", "endereco_sede": "Rua Albano Buzo , 367 - Jd. Mariana, 14817-012", "latitude": -21.950923781574271, "longitude": -48.027302313941078, "id_cj": 12, "nome_cj": "12ª São Carlos", "id_raj": 6, "nome_raj": "6ª Ribeirão Preto", "populacao_foro": 32178, "qt_cidades_foro": 1, "cidades_no_foro": "Ibaté", "qt_cidades_cj": 7, "cidades_na_cj": "Boa Esperança do Sul, Descalvado, Dourado, Ibaté, Ribeirão Bonito, São Carlos, Trabiju", "unidades": "Fórum Ibaté", "total_varas_municipio": 1, "varas_municipio": "Vara Judicial", "varas_foro": "Vara Judicial" }, "geometry": { "type": "Point", "coordinates": [ -48.027302313941078, -21.950923781574271 ] } },
{ "type": "Feature", "properties": { "id_municipio_ibge": 3519402, "nome_municipio": "Ibirá", "populacao_municipio": 11690, "id_foro": 3511102, "nome_foro": "Catanduva", "total_varas_foro": 8, "entrancia": "Entrância Final", "endereco_sede": "Parque da Américas , 55 - Centro, 15800-032", "latitude": -21.1337504667109, "longitude": -48.963683344957076, "id_cj": 15, "nome_cj": "15ª Catanduva", "id_raj": 8, "nome_raj": "8ª São José do Rio Preto", "populacao_foro": 145161, "qt_cidades_foro": 4, "cidades_no_foro": "Catanduva, Elisiário, Ibirá, Pindorama", "qt_cidades_cj": 16, "cidades_na_cj": "Ariranha, Catanduva, Catiguá, Elisiário, Ibirá, Irapuã, Itajobi, Marapoama, Novais, Novo Horizonte, Palmares Paulista, Pindorama, Sales, Santa Adélia, Tabapuã, Urupês", "unidades": null, "total_varas_municipio": 0, "varas_municipio": null, "varas_foro": "1ª Vara Criminal, 1ª Vara Cível, 2ª Vara Criminal, 2ª Vara Cível, 3ª Vara Cível, Juizado Especial Cível, Vara da Família e das Sucessões, Vara do Juizado Especial Cível" }, "geometry": { "type": "Point", "coordinates": [ -49.220330050258198, -21.074726702628666 ] } },
{ "type": "Feature", "properties": { "id_municipio_ibge": 3519501, "nome_municipio": "Ibirarema", "populacao_municipio": 6385, "id_foro": 3535309, "nome_foro": "Palmital", "total_varas_foro": 3, "entrancia": "Entrância Inicial", "endereco_sede": "Avenida Reginalda Leão , 1500 - Centro, 19970-050", "latitude": -22.828796288984474, "longitude": -50.220949582889943, "id_cj": 26, "nome_cj": "26ª Assis", "id_raj": 5, "nome_raj": "5ª Presidente Prudente", "populacao_foro": 33892, "qt_cidades_foro": 4, "cidades_no_foro": "Campos Novos Paulista, Ibirarema, Palmital, Platina", "qt_cidades_cj": 18, "cidades_na_cj": "Assis, Borá, Campos Novos Paulista, Cruzália, Cândido Mota, Echaporã, Florínia, Ibirarema, João Ramalho, Lutécia, Maracaí, Oscar Bressane, Palmital, Paraguaçu Paulista, Pedrinhas Paulista, Platina, Quatá, Tarumã", "unidades": null, "total_varas_municipio": 0, "varas_municipio": null, "varas_foro": "1ª Vara Judicial, 2ª Vara Judicial, Juizado Especial Cível" }, "geometry": { "type": "Point", "coordinates": [ -50.07693242707925, -22.813341778200119 ] } },
{ "type": "Feature", "properties": { "id_municipio_ibge": 3519600, "nome_municipio": "Ibitinga", "populacao_municipio": 60033, "id_foro": 3519600, "nome_foro": "Ibitinga", "total_varas_foro": 4, "entrancia": "Entrância Intermediária", "endereco_sede": "Rua Prudente de Moraes , 570 - Centro, 14940-103", "latitude": -21.792952728970263, "longitude": -48.847812502235001, "id_cj": 13, "nome_cj": "13ª Araraquara", "id_raj": 6, "nome_raj": "6ª Ribeirão Preto", "populacao_foro": 74802, "qt_cidades_foro": 2, "cidades_no_foro": "Ibitinga, Tabatinga", "qt_cidades_cj": 14, "cidades_na_cj": "Américo Brasiliense, Araraquara, Borborema, Dobrada, Gavião Peixoto, Iacanga, Ibitinga, Itápolis, Matão, Motuca, Nova Europa, Rincão, Santa Lúcia, Tabatinga", "unidades": "Fórum \"Dr. Aderson Perdigão Nogueira\", Fórum Ibitinga (Arquivo) III, Fórum Ibitinga II", "total_varas_municipio": 4, "varas_municipio": "1ª Vara Cível, 2ª Vara Cível, Juizado Especial Cível e Criminal, Vara Criminal", "varas_foro": "1ª Vara Cível, 2ª Vara Cível, Juizado Especial Cível e Criminal, Vara Criminal" }, "geometry": { "type": "Point", "coordinates": [ -48.847812502235001, -21.792952728970263 ] } },
{ "type": "Feature", "properties": { "id_municipio_ibge": 3519709, "nome_municipio": "Ibiúna", "populacao_municipio": 75605, "id_foro": 3519709, "nome_foro": "Ibiúna", "total_varas_foro": 2, "entrancia": "Entrância Intermediária", "endereco_sede": "Praça Monsenhor Antonio Pepe , 2 - Centro, 18150-000", "latitude": -23.802382308770163, "longitude": -47.215251895267095, "id_cj": 19, "nome_cj": "19ª Sorocaba", "id_raj": 10, "nome_raj": "10ª Sorocaba", "populacao_foro": 75605, "qt_cidades_foro": 1, "cidades_no_foro": "Ibiúna", "qt_cidades_cj": 12, "cidades_na_cj": "Alumínio, Araçariguama, Araçoiaba da Serra, Ibiúna, Mairinque, Piedade, Pilar do Sul, Salto de Pirapora, Sorocaba, São Roque, Tapiraí, Votorantim", "unidades": "Fórum Ibiúna I - (Principal), Fórum Ibiúna II - (Juizado Especial Cível e Criminal)", "total_varas_municipio": 2, "varas_municipio": "1ª Vara Judicial, 2ª Vara Judicial", "varas_foro": "1ª Vara Judicial, 2ª Vara Judicial" }, "geometry": { "type": "Point", "coordinates": [ -47.215251895267095, -23.802382308770163 ] } },
{ "type": "Feature", "properties": { "id_municipio_ibge": 3519808, "nome_municipio": "Icém", "populacao_municipio": 7819, "id_foro": 3533007, "nome_foro": "Nova Granada", "total_varas_foro": 1, "entrancia": "Entrância Inicial", "endereco_sede": "Avenida Doutor Hildeberto Albuquerque Ferreira , 1001 - Centro, 15440-000", "latitude": -20.476008302802729, "longitude": -49.33111856967772, "id_cj": 16, "nome_cj": "16ª São José do Rio Preto", "id_raj": 8, "nome_raj": "8ª São José do Rio Preto", "populacao_foro": 32009, "qt_cidades_foro": 3, "cidades_no_foro": "Icém, Nova Granada, Onda Verde", "qt_cidades_cj": 33, "cidades_na_cj": "Adolfo, Américo de Campos, Bady Bassitt, Bálsamo, Cedral, Cosmorama, Guapiaçu, Icém, Ipiguá, Jaci, José Bonifácio, Macaubal, Mendonça, Mirassol, Mirassolândia, Monte Aprazível, Neves Paulista, Nipoã, Nova Aliança, Nova Granada, Onda Verde, Orindiúva, Palestina, Paulo de Faria, Poloni, Potirendaba, Riolândia, Sebastianópolis do Sul, São José do Rio Preto, Tanabi, Ubarana, Uchoa, União Paulista", "unidades": null, "total_varas_municipio": 0, "varas_municipio": null, "varas_foro": "Vara Judicial" }, "geometry": { "type": "Point", "coordinates": [ -49.185303395006521, -20.367269131329159 ] } },
{ "type": "Feature", "properties": { "id_municipio_ibge": 3519907, "nome_municipio": "Iepê", "populacao_municipio": 7619, "id_foro": 3519907, "nome_foro": "Iepê", "total_varas_foro": 1, "entrancia": "Entrância Inicial", "endereco_sede": "Rua Minas Gerais , 343 - Centro, 19640-000", "latitude": -22.648630936676575, "longitude": -51.057179990810205, "id_cj": 27, "nome_cj": "27ª Presidente Prudente", "id_raj": 5, "nome_raj": "5ª Presidente Prudente", "populacao_foro": 10279, "qt_cidades_foro": 2, "cidades_no_foro": "Iepê, Nantes", "qt_cidades_cj": 20, "cidades_na_cj": "Alfredo Marcondes, Anhumas, Caiabu, Emilianópolis, Estrela do Norte, Iepê, Indiana, Martinópolis, Nantes, Narandiba, Pirapozinho, Presidente Bernardes, Presidente Prudente, Rancharia, Regente Feijó, Sandovalina, Santo Expedito, Taciba, Tarabai, Álvares Machado", "unidades": "Fórum Iepê I, Fórum Iepê II (Anexo do JEC - Nantes), Fórum Iepê II - (Juizado Especial)", "total_varas_municipio": 1, "varas_municipio": "Vara Judicial", "varas_foro": "Vara Judicial" }, "geometry": { "type": "Point", "coordinates": [ -51.057179990810205, -22.648630936676575 ] } },
{ "type": "Feature", "properties": { "id_municipio_ibge": 3520004, "nome_municipio": "Igaraçu do Tietê", "populacao_municipio": 23106, "id_foro": 3505302, "nome_foro": "Barra Bonita", "total_varas_foro": 3, "entrancia": "Entrância Inicial", "endereco_sede": "Rua Prudente de Moraes - Praça Emydio Meira , 520 - Jardim Vista Alegre, 17340-102", "latitude": -22.479482493867387, "longitude": -48.541756337972721, "id_cj": 33, "nome_cj": "33ª Jaú", "id_raj": 3, "nome_raj": "3ª Bauru", "populacao_foro": 57452, "qt_cidades_foro": 2, "cidades_no_foro": "Barra Bonita, Igaraçu do Tietê", "qt_cidades_cj": 12, "cidades_na_cj": "Bariri, Barra Bonita, Bocaina, Boracéia, Dois Córregos, Igaraçu do Tietê, Itaju, Itapuí, Jaú, Macatuba, Mineiros do Tietê, Pederneiras", "unidades": null, "total_varas_municipio": 0, "varas_municipio": null, "varas_foro": "1ª Vara Judicial, 2ª Vara Judicial, Juizado Especial Cível e Criminal" }, "geometry": { "type": "Point", "coordinates": [ -48.574558690269896, -22.541733084350717 ] } },
{ "type": "Feature", "properties": { "id_municipio_ibge": 3520103, "nome_municipio": "Igarapava", "populacao_municipio": 26212, "id_foro": 3520103, "nome_foro": "Igarapava", "total_varas_foro": 2, "entrancia": "Entrância Inicial", "endereco_sede": "Rua Capitão Antonio Augusto Maciel , 130 - centro, 14540-000", "latitude": -20.063671745620951, "longitude": -47.682470173387649, "id_cj": 40, "nome_cj": "40ª Ituverava", "id_raj": 6, "nome_raj": "6ª Ribeirão Preto", "populacao_foro": 35988, "qt_cidades_foro": 3, "cidades_no_foro": "Aramina, Buritizal, Igarapava", "qt_cidades_cj": 8, "cidades_na_cj": "Aramina, Buritizal, Guará, Igarapava, Ipuã, Ituverava, Miguelópolis, São Joaquim da Barra", "unidades": "Fórum \"David Pimentel\", Fórum Igarapava - Residência Oficial", "total_varas_municipio": 2, "varas_municipio": "Juizado Especial Cível e Criminal, Vara", "varas_foro": "Juizado Especial Cível e Criminal, Vara" }, "geometry": { "type": "Point", "coordinates": [ -47.682470173387649, -20.063671745620951 ] } },
{ "type": "Feature", "properties": { "id_municipio_ibge": 3520202, "nome_municipio": "Igaratá", "populacao_municipio": 10605, "id_foro": 3546801, "nome_foro": "Santa Isabel", "total_varas_foro": 3, "entrancia": "Entrância Inicial", "endereco_sede": "Avenida Manoel Ferraz de Campos Salles, 175 , 175 - Centro, 07500-000", "latitude": -23.288938424650389, "longitude": -46.242348005810911, "id_cj": 44, "nome_cj": "44ª Guarulhos", "id_raj": 1, "nome_raj": "1ª Grande São Paulo", "populacao_foro": 63779, "qt_cidades_foro": 2, "cidades_no_foro": "Igaratá, Santa Isabel", "qt_cidades_cj": 5, "cidades_na_cj": "Arujá, Guarulhos, Igaratá, Mairiporã, Santa Isabel", "unidades": null, "total_varas_municipio": 0, "varas_municipio": null, "varas_foro": "1ª Vara Judicial, 1º Oficio Judicial, 2ª Vara Judicial" }, "geometry": { "type": "Point", "coordinates": [ -46.150345270227682, -23.134848095170796 ] } },
{ "type": "Feature", "properties": { "id_municipio_ibge": 3520301, "nome_municipio": "Iguape", "populacao_municipio": 29115, "id_foro": 3520301, "nome_foro": "Iguape", "total_varas_foro": 2, "entrancia": "Entrância Inicial", "endereco_sede": "Rua dos Estudantes , 106 - CENTRO, 11920-000", "latitude": -24.549539166672272, "longitude": -47.47440767441342, "id_cj": 21, "nome_cj": "21ª Registro", "id_raj": 7, "nome_raj": "7ª Santos", "populacao_foro": 42534, "qt_cidades_foro": 2, "cidades_no_foro": "Iguape, Ilha Comprida", "qt_cidades_cj": 13, "cidades_na_cj": "Barra do Turvo, Cajati, Cananéia, Eldorado, Iguape, Ilha Comprida, Iporanga, Jacupiranga, Juquiá, Miracatu, Pariquera-Açu, Registro, Sete Barras", "unidades": "Fórum Iguape  (Destivado), Fórum Iguape I, Fórum Iguape III - (Residência Oficial), Fórum Iguape IV, Fórum Iguape IV - (CEJUSC)", "total_varas_municipio": 2, "varas_municipio": "1ª Vara Judicial, 2ª Vara Judicial", "varas_foro": "1ª Vara Judicial, 2ª Vara Judicial" }, "geometry": { "type": "Point", "coordinates": [ -47.47440767441342, -24.549539166672272 ] } },
{ "type": "Feature", "properties": { "id_municipio_ibge": 3520400, "nome_municipio": "Ilhabela", "populacao_municipio": 34934, "id_foro": 3520400, "nome_foro": "Ilhabela", "total_varas_foro": 3, "entrancia": "Entrância Inicial", "endereco_sede": "Rua Benedito dos Anjos Sampaio , 29 - Barra Velha, 11630-091", "latitude": -23.848501634370152, "longitude": -45.323223552757618, "id_cj": 51, "nome_cj": "51ª Caraguatatuba", "id_raj": 9, "nome_raj": "9ª São José dos Campos", "populacao_foro": 34934, "qt_cidades_foro": 1, "cidades_no_foro": "Ilhabela", "qt_cidades_cj": 4, "cidades_na_cj": "Caraguatatuba, Ilhabela, São Sebastião, Ubatuba", "unidades": "Fórum Dr. Manoel Pedro Pimentel", "total_varas_municipio": 3, "varas_municipio": "1ª Vara Judicial, Ofício do Juizado Especial Cível e Criminal, Vara do Juizado Especial Cível e Criminal", "varas_foro": "1ª Vara Judicial, Ofício do Juizado Especial Cível e Criminal, Vara do Juizado Especial Cível e Criminal" }, "geometry": { "type": "Point", "coordinates": [ -45.323223552757618, -23.848501634370152 ] } },
{ "type": "Feature", "properties": { "id_municipio_ibge": 3520426, "nome_municipio": "Ilha Comprida", "populacao_municipio": 13419, "id_foro": 3520301, "nome_foro": "Iguape", "total_varas_foro": 2, "entrancia": "Entrância Inicial", "endereco_sede": "Rua dos Estudantes , 106 - CENTRO, 11920-000", "latitude": -24.549539166672272, "longitude": -47.47440767441342, "id_cj": 21, "nome_cj": "21ª Registro", "id_raj": 7, "nome_raj": "7ª Santos", "populacao_foro": 42534, "qt_cidades_foro": 2, "cidades_no_foro": "Iguape, Ilha Comprida", "qt_cidades_cj": 13, "cidades_na_cj": "Barra do Turvo, Cajati, Cananéia, Eldorado, Iguape, Ilha Comprida, Iporanga, Jacupiranga, Juquiá, Miracatu, Pariquera-Açu, Registro, Sete Barras", "unidades": null, "total_varas_municipio": 0, "varas_municipio": null, "varas_foro": "1ª Vara Judicial, 2ª Vara Judicial" }, "geometry": { "type": "Point", "coordinates": [ -47.715379431651208, -24.858997391217581 ] } },
{ "type": "Feature", "properties": { "id_municipio_ibge": 3520442, "nome_municipio": "Ilha Solteira", "populacao_municipio": 25549, "id_foro": 3520442, "nome_foro": "Ilha Solteira", "total_varas_foro": 2, "entrancia": "Entrância Inicial", "endereco_sede": "Av. Brasil Norte , 1.680 - Zona Norte, 15385-136", "latitude": -20.43142785339586, "longitude": -51.258968089789562, "id_cj": 37, "nome_cj": "37ª Andradina", "id_raj": 2, "nome_raj": "2ª Araçatuba", "populacao_foro": 29528, "qt_cidades_foro": 2, "cidades_no_foro": "Ilha Solteira, Itapura", "qt_cidades_cj": 12, "cidades_na_cj": "Andradina, Castilho, Guaraçaí, Ilha Solteira, Itapura, Lavínia, Mirandópolis, Murutinga do Sul, Nova Independência, Pereira Barreto, Sud Mennucci, Suzanápolis", "unidades": "Fórum da Comarca de Ilha Solteira", "total_varas_municipio": 2, "varas_municipio": "1ª Vara, Juizado Especial Cível e Criminal", "varas_foro": "1ª Vara, Juizado Especial Cível e Criminal" }, "geometry": { "type": "Point", "coordinates": [ -51.258968089789562, -20.43142785339586 ] } },
{ "type": "Feature", "properties": { "id_municipio_ibge": 3520509, "nome_municipio": "Indaiatuba", "populacao_municipio": 255748, "id_foro": 3520509, "nome_foro": "Indaiatuba", "total_varas_foro": 5, "entrancia": "Entrância Final", "endereco_sede": "Rua Ademar de Barros , 774 - Centro, 13330-901", "latitude": -23.106094625770101, "longitude": -47.202505310875694, "id_cj": 20, "nome_cj": "20ª Itu", "id_raj": 10, "nome_raj": "10ª Sorocaba", "populacao_foro": 255748, "qt_cidades_foro": 1, "cidades_no_foro": "Indaiatuba", "qt_cidades_cj": 7, "cidades_na_cj": "Boituva, Cabreúva, Indaiatuba, Iperó, Itu, Porto Feliz, Salto", "unidades": "Fórum Indaiatuba I - (Principal), Fórum Indaiatuba II - (Juizado Especial), Fórum Indaiatuba III - (Anexo Fiscal), Fórum Indaiatuba IV (Cartório Criminal) (inativado), Fórum Indaiatuba V - (CEJUSC), Fórum Indaiatuba VI - (Residência Oficial)", "total_varas_municipio": 5, "varas_municipio": "1ª Vara Criminal, 1ª Vara Cível, 2ª Vara Criminal, 2ª Vara Cível, 3ª Vara Cível", "varas_foro": "1ª Vara Criminal, 1ª Vara Cível, 2ª Vara Criminal, 2ª Vara Cível, 3ª Vara Cível" }, "geometry": { "type": "Point", "coordinates": [ -47.202505310875694, -23.106094625770101 ] } },
{ "type": "Feature", "properties": { "id_municipio_ibge": 3520608, "nome_municipio": "Indiana", "populacao_municipio": 5090, "id_foro": 3529203, "nome_foro": "Martinópolis", "total_varas_foro": 1, "entrancia": "Entrância Inicial", "endereco_sede": "Rua José Henrique de Mello , 158 - Centro, 19500-000", "latitude": -22.172347452857991, "longitude": -51.12344039508919, "id_cj": 27, "nome_cj": "27ª Presidente Prudente", "id_raj": 5, "nome_raj": "5ª Presidente Prudente", "populacao_foro": 29971, "qt_cidades_foro": 2, "cidades_no_foro": "Indiana, Martinópolis", "qt_cidades_cj": 20, "cidades_na_cj": "Alfredo Marcondes, Anhumas, Caiabu, Emilianópolis, Estrela do Norte, Iepê, Indiana, Martinópolis, Nantes, Narandiba, Pirapozinho, Presidente Bernardes, Presidente Prudente, Rancharia, Regente Feijó, Sandovalina, Santo Expedito, Taciba, Tarabai, Álvares Machado", "unidades": null, "total_varas_municipio": 0, "varas_municipio": null, "varas_foro": "Juizado Especial Cível e Criminal" }, "geometry": { "type": "Point", "coordinates": [ -51.262551520608163, -22.133236730770534 ] } },
{ "type": "Feature", "properties": { "id_municipio_ibge": 3520707, "nome_municipio": "Indiaporã", "populacao_municipio": 4035, "id_foro": 3534757, "nome_foro": "Ouroeste", "total_varas_foro": 0, "entrancia": "Entrância Inicial", "endereco_sede": "Rua Brás Cubas , 1315 - centro, 15685-000", "latitude": -19.922445070452131, "longitude": -50.401961617180625, "id_cj": 18, "nome_cj": "18ª Fernandópolis", "id_raj": 8, "nome_raj": "8ª São José do Rio Preto", "populacao_foro": 16297, "qt_cidades_foro": 3, "cidades_no_foro": "Guarani d'Oeste, Indiaporã, Ouroeste", "qt_cidades_cj": 15, "cidades_na_cj": "Dolcinópolis, Estrela dOeste, Fernandópolis, General Salgado, Guarani d'Oeste, Indiaporã, Macedônia, Meridiano, Nova Castilho, Ouroeste, Pedranópolis, Populina, São João das Duas Pontes, São João de Iracema, Turmalina", "unidades": null, "total_varas_municipio": 0, "varas_municipio": null, "varas_foro": null }, "geometry": { "type": "Point", "coordinates": [ -50.263687839326714, -19.947925770826824 ] } },
{ "type": "Feature", "properties": { "id_municipio_ibge": 3520806, "nome_municipio": "Inúbia Paulista", "populacao_municipio": 3615, "id_foro": 3527405, "nome_foro": "Lucélia", "total_varas_foro": 1, "entrancia": "Entrância Inicial", "endereco_sede": "Praça José Firpo , s/nº - Centro, 17780-000", "latitude": -21.644132233918679, "longitude": -50.99165950606271, "id_cj": 30, "nome_cj": "30ª Tupã", "id_raj": 5, "nome_raj": "5ª Presidente Prudente", "populacao_foro": 26254, "qt_cidades_foro": 3, "cidades_no_foro": "Inúbia Paulista, Lucélia, Pracinha", "qt_cidades_cj": 17, "cidades_na_cj": "Adamantina, Arco-Íris, Bastos, Flórida Paulista, Herculândia, Iacri, Inúbia Paulista, Lucélia, Mariápolis, Osvaldo Cruz, Parapuã, Pracinha, Queiroz, Rinópolis, Sagres, Salmourão, Tupã", "unidades": null, "total_varas_municipio": 0, "varas_municipio": null, "varas_foro": "Juizado Especial Cível e Criminal" }, "geometry": { "type": "Point", "coordinates": [ -50.957405742460246, -21.739019182550759 ] } },
{ "type": "Feature", "properties": { "id_municipio_ibge": 3520905, "nome_municipio": "Ipaussu", "populacao_municipio": 13712, "id_foro": 3520905, "nome_foro": "Ipaussu", "total_varas_foro": 1, "entrancia": "Entrância Inicial", "endereco_sede": "Praça Doutor Breno Noronha , 374 - centro, 18950-024", "latitude": -23.06511608894677, "longitude": -49.608128814000338, "id_cj": 25, "nome_cj": "25ª Ourinhos", "id_raj": 3, "nome_raj": "3ª Bauru", "populacao_foro": 25319, "qt_cidades_foro": 2, "cidades_no_foro": "Bernardino de Campos, Ipaussu", "qt_cidades_cj": 16, "cidades_na_cj": "Bernardino de Campos, Canitar, Chavantes, Espírito Santo do Turvo, Ipaussu, Manduri, Ourinhos, Piraju, Ribeirão do Sul, Salto Grande, Santa Cruz do Rio Pardo, Sarutaiá, São Pedro do Turvo, Tejupá, Timburi, Óleo", "unidades": "Fórum Ipaussu I, Fórum Ipaussu II (Juizado Especial Cível), Fórum Ipaussu III (Terreno), Fórum Ipaussu IV", "total_varas_municipio": 1, "varas_municipio": "Vara Judicial", "varas_foro": "Vara Judicial" }, "geometry": { "type": "Point", "coordinates": [ -49.608128814000338, -23.06511608894677 ] } },
{ "type": "Feature", "properties": { "id_municipio_ibge": 3521002, "nome_municipio": "Iperó", "populacao_municipio": 36459, "id_foro": 3507001, "nome_foro": "Boituva", "total_varas_foro": 4, "entrancia": "Entrância Inicial", "endereco_sede": "Rua Manoel dos Santos Freire , 161 - Centro, 18550-073", "latitude": -23.287595475603581, "longitude": -47.674940102138699, "id_cj": 20, "nome_cj": "20ª Itu", "id_raj": 10, "nome_raj": "10ª Sorocaba", "populacao_foro": 97540, "qt_cidades_foro": 2, "cidades_no_foro": "Boituva, Iperó", "qt_cidades_cj": 7, "cidades_na_cj": "Boituva, Cabreúva, Indaiatuba, Iperó, Itu, Porto Feliz, Salto", "unidades": null, "total_varas_municipio": 0, "varas_municipio": null, "varas_foro": "1ª Vara Judicial, 2ª Vara Criminal, 2ª Vara Judicial, 2º Oficio Judicial da Infância e da Juventude" }, "geometry": { "type": "Point", "coordinates": [ -47.629109046264965, -23.404479092548506 ] } },
{ "type": "Feature", "properties": { "id_municipio_ibge": 3521101, "nome_municipio": "Ipeúna", "populacao_municipio": 6831, "id_foro": 3543907, "nome_foro": "Rio Claro", "total_varas_foro": 4, "entrancia": "Entrância Final", "endereco_sede": "Avenida 5 nº 535 , 535 - Centro, 13500-380", "latitude": -22.373917018805628, "longitude": -47.579907473849502, "id_cj": 9, "nome_cj": "9ª Rio Claro", "id_raj": 4, "nome_raj": "4ª Campinas", "populacao_foro": 236055, "qt_cidades_foro": 4, "cidades_no_foro": "Corumbataí, Ipeúna, Rio Claro, Santa Gertrudes", "qt_cidades_cj": 8, "cidades_na_cj": "Analândia, Brotas, Corumbataí, Ipeúna, Itirapina, Rio Claro, Santa Gertrudes, Torrinha", "unidades": null, "total_varas_municipio": 0, "varas_municipio": null, "varas_foro": "1ª Vara Cível, 2ª Vara Cível, 3ª Vara Cível, 4ª Vara Cível" }, "geometry": { "type": "Point", "coordinates": [ -47.716027645211256, -22.423916942087821 ] } },
{ "type": "Feature", "properties": { "id_municipio_ibge": 3521150, "nome_municipio": "Ipiguá", "populacao_municipio": 6761, "id_foro": 3549805, "nome_foro": "São José do Rio Preto", "total_varas_foro": 7, "entrancia": "Entrância Final", "endereco_sede": "Rua Marechal Deodoro da Fonseca , 3036 - Centro, 15010-902", "latitude": -20.797230087349501, "longitude": -49.358102151621488, "id_cj": 16, "nome_cj": "16ª São José do Rio Preto", "id_raj": 8, "nome_raj": "8ª São José do Rio Preto", "populacao_foro": 559137, "qt_cidades_foro": 6, "cidades_no_foro": "Bady Bassitt, Cedral, Guapiaçu, Ipiguá, São José do Rio Preto, Uchoa", "qt_cidades_cj": 33, "cidades_na_cj": "Adolfo, Américo de Campos, Bady Bassitt, Bálsamo, Cedral, Cosmorama, Guapiaçu, Icém, Ipiguá, Jaci, José Bonifácio, Macaubal, Mendonça, Mirassol, Mirassolândia, Monte Aprazível, Neves Paulista, Nipoã, Nova Aliança, Nova Granada, Onda Verde, Orindiúva, Palestina, Paulo de Faria, Poloni, Potirendaba, Riolândia, Sebastianópolis do Sul, São José do Rio Preto, Tanabi, Ubarana, Uchoa, União Paulista", "unidades": null, "total_varas_municipio": 0, "varas_municipio": null, "varas_foro": "1ª Vara Criminal, 2ª Vara Criminal, 3ª Vara Criminal, 4ª Vara Criminal, 5ª Vara Criminal, Vara de Execuções Criminais, Vara do DEECRIM" }, "geometry": { "type": "Point", "coordinates": [ -49.403524735006897, -20.647976668804077 ] } },
{ "type": "Feature", "properties": { "id_municipio_ibge": 3521200, "nome_municipio": "Iporanga", "populacao_municipio": 4046, "id_foro": 3514809, "nome_foro": "Eldorado", "total_varas_foro": 2, "entrancia": "Entrância Inicial", "endereco_sede": "Rua Professor Francisco Canto , 14 - Centro, 11960-000", "latitude": -24.495026834592917, "longitude": -48.233639176839873, "id_cj": 21, "nome_cj": "21ª Registro", "id_raj": 7, "nome_raj": "7ª Santos", "populacao_foro": 17115, "qt_cidades_foro": 2, "cidades_no_foro": "Eldorado, Iporanga", "qt_cidades_cj": 13, "cidades_na_cj": "Barra do Turvo, Cajati, Cananéia, Eldorado, Iguape, Ilha Comprida, Iporanga, Jacupiranga, Juquiá, Miracatu, Pariquera-Açu, Registro, Sete Barras", "unidades": null, "total_varas_municipio": 0, "varas_municipio": null, "varas_foro": "Juizado Especial Cível e Criminal, Vara Judicial" }, "geometry": { "type": "Point", "coordinates": [ -48.546345846366336, -24.5126962344535 ] } },
{ "type": "Feature", "properties": { "id_municipio_ibge": 3521309, "nome_municipio": "Ipuã", "populacao_municipio": 14454, "id_foro": 3521309, "nome_foro": "Ipuã", "total_varas_foro": 2, "entrancia": "Entrância Inicial", "endereco_sede": "Rua Campos Sales , 363 - centro, 14610-000", "latitude": -20.417485812586236, "longitude": -48.066501120125267, "id_cj": 40, "nome_cj": "40ª Ituverava", "id_raj": 6, "nome_raj": "6ª Ribeirão Preto", "populacao_foro": 14454, "qt_cidades_foro": 1, "cidades_no_foro": "Ipuã", "qt_cidades_cj": 8, "cidades_na_cj": "Aramina, Buritizal, Guará, Igarapava, Ipuã, Ituverava, Miguelópolis, São Joaquim da Barra", "unidades": "Fórum Ipuâ II - (Juizado Especial), Fórum Ipuã", "total_varas_municipio": 2, "varas_municipio": "Juizado Especial Cível e Criminal, Vara Judicial", "varas_foro": "Juizado Especial Cível e Criminal, Vara Judicial" }, "geometry": { "type": "Point", "coordinates": [ -48.066501120125267, -20.417485812586236 ] } },
{ "type": "Feature", "properties": { "id_municipio_ibge": 3521408, "nome_municipio": "Iracemápolis", "populacao_municipio": 21967, "id_foro": 3526902, "nome_foro": "Limeira", "total_varas_foro": 7, "entrancia": "Entrância Final", "endereco_sede": "VIA ANTONIO CRUÃNES FILHO , 300 - JD STA CECILIA, 13480-672", "latitude": -22.598515429763935, "longitude": -47.363708573768164, "id_cj": 10, "nome_cj": "10ª Limeira", "id_raj": 4, "nome_raj": "4ª Campinas", "populacao_foro": 313836, "qt_cidades_foro": 2, "cidades_no_foro": "Iracemápolis, Limeira", "qt_cidades_cj": 4, "cidades_na_cj": "Araras, Cordeirópolis, Iracemápolis, Limeira", "unidades": null, "total_varas_municipio": 0, "varas_municipio": null, "varas_foro": "1ª Vara Criminal, 1ª Vara Cível, 2ª Vara Criminal, 2ª Vara Cível, 3ª Vara Criminal, 3ª Vara Cível, 4ª Vara Cível" }, "geometry": { "type": "Point", "coordinates": [ -47.524214000954302, -22.593701991259717 ] } },
{ "type": "Feature", "properties": { "id_municipio_ibge": 3521507, "nome_municipio": "Irapuã", "populacao_municipio": 6867, "id_foro": 3556008, "nome_foro": "Urupês", "total_varas_foro": 1, "entrancia": "Entrância Inicial", "endereco_sede": "Praça Jardim Bela Vista , s/n - Jardim Bela Vista, 15850-019", "latitude": -21.20520226714293, "longitude": -49.26516261413645, "id_cj": 15, "nome_cj": "15ª Catanduva", "id_raj": 8, "nome_raj": "8ª São José do Rio Preto", "populacao_foro": 27048, "qt_cidades_foro": 3, "cidades_no_foro": "Irapuã, Sales, Urupês", "qt_cidades_cj": 16, "cidades_na_cj": "Ariranha, Catanduva, Catiguá, Elisiário, Ibirá, Irapuã, Itajobi, Marapoama, Novais, Novo Horizonte, Palmares Paulista, Pindorama, Sales, Santa Adélia, Tabapuã, Urupês", "unidades": null, "total_varas_municipio": 0, "varas_municipio": null, "varas_foro": "Vara Judicial" }, "geometry": { "type": "Point", "coordinates": [ -49.397438191579504, -21.267696141008322 ] } },
{ "type": "Feature", "properties": { "id_municipio_ibge": 3521606, "nome_municipio": "Irapuru", "populacao_municipio": 7085, "id_foro": 3534906, "nome_foro": "Pacaembu", "total_varas_foro": 3, "entrancia": "Entrância Inicial", "endereco_sede": "Av. São João , 1361 - Guaraniúva, 17860-000", "latitude": -21.495552154627038, "longitude": -51.274209171137372, "id_cj": 29, "nome_cj": "29ª Dracena", "id_raj": 5, "nome_raj": "5ª Presidente Prudente", "populacao_foro": 23449, "qt_cidades_foro": 3, "cidades_no_foro": "Flora Rica, Irapuru, Pacaembu", "qt_cidades_cj": 13, "cidades_na_cj": "Dracena, Flora Rica, Irapuru, Junqueirópolis, Monte Castelo, Nova Guataporanga, Ouro Verde, Pacaembu, Panorama, Paulicéia, Santa Mercedes, São João do Pau d'Alho, Tupi Paulista", "unidades": null, "total_varas_municipio": 0, "varas_municipio": null, "varas_foro": "1ª Vara Judicial, Cartório  Único (1ª e 2ª Varas Judiciais), Juizado Especial Cível e Criminal" }, "geometry": { "type": "Point", "coordinates": [ -51.346488273324233, -21.484167997673755 ] } },
{ "type": "Feature", "properties": { "id_municipio_ibge": 3521705, "nome_municipio": "Itaberá", "populacao_municipio": 17983, "id_foro": 3521705, "nome_foro": "Itaberá", "total_varas_foro": 1, "entrancia": "Entrância Inicial", "endereco_sede": "Rua Coronel José Pedro de Lima , 266 - Centro, 18440-000", "latitude": -23.871310695657101, "longitude": -49.1424850298854, "id_cj": 49, "nome_cj": "49ª Itapeva", "id_raj": 10, "nome_raj": "10ª Sorocaba", "populacao_foro": 17983, "qt_cidades_foro": 1, "cidades_no_foro": "Itaberá", "qt_cidades_cj": 16, "cidades_na_cj": "Apiaí, Barra do Chapéu, Barão de Antonina, Bom Sucesso de Itararé, Buri, Itaberá, Itapeva, Itapirapuã Paulista, Itaporanga, Itararé, Itaóca, Nova Campina, Ribeira, Ribeirão Branco, Riversul, Taquarivaí", "unidades": "Fórum I Itaberá, Fórum II Itaberá (CEJUSC)", "total_varas_municipio": 1, "varas_municipio": "Vara Judicial", "varas_foro": "Vara Judicial" }, "geometry": { "type": "Point", "coordinates": [ -49.1424850298854, -23.871310695657101 ] } },
{ "type": "Feature", "properties": { "id_municipio_ibge": 3521804, "nome_municipio": "Itaí", "populacao_municipio": 25180, "id_foro": 3521804, "nome_foro": "Itaí", "total_varas_foro": 2, "entrancia": "Entrância Inicial", "endereco_sede": "Praça da Colonização Japonesa , 220 - V. Florentino Dognani, 18730-000", "latitude": -23.471482174573211, "longitude": -49.054163327394626, "id_cj": 24, "nome_cj": "24ª Avaré", "id_raj": 3, "nome_raj": "3ª Bauru", "populacao_foro": 25180, "qt_cidades_foro": 1, "cidades_no_foro": "Itaí", "qt_cidades_cj": 11, "cidades_na_cj": "Arandu, Avaré, Cerqueira César, Coronel Macedo, Fartura, Iaras, Itaí, Paranapanema, Taguaí, Taquarituba, Águas de Santa Bárbara", "unidades": "Fórum Itaí", "total_varas_municipio": 2, "varas_municipio": "Juizado Especial Cível e Criminal, Vara Judicial Única", "varas_foro": "Juizado Especial Cível e Criminal, Vara Judicial Única" }, "geometry": { "type": "Point", "coordinates": [ -49.054163327394626, -23.471482174573211 ] } },
{ "type": "Feature", "properties": { "id_municipio_ibge": 3521903, "nome_municipio": "Itajobi", "populacao_municipio": 16989, "id_foro": 3521903, "nome_foro": "Itajobi", "total_varas_foro": 0, "entrancia": "Entrância Inicial", "endereco_sede": "Rua Said Farhat , 100 - Centro, 15840-000", "latitude": -21.355539414457848, "longitude": -49.053716820805171, "id_cj": 15, "nome_cj": "15ª Catanduva", "id_raj": 8, "nome_raj": "8ª São José do Rio Preto", "populacao_foro": 20281, "qt_cidades_foro": 2, "cidades_no_foro": "Itajobi, Marapoama", "qt_cidades_cj": 16, "cidades_na_cj": "Ariranha, Catanduva, Catiguá, Elisiário, Ibirá, Irapuã, Itajobi, Marapoama, Novais, Novo Horizonte, Palmares Paulista, Pindorama, Sales, Santa Adélia, Tabapuã, Urupês", "unidades": "FORO DA COMARCA DE ITAJOBI", "total_varas_municipio": 0, "varas_municipio": null, "varas_foro": null }, "geometry": { "type": "Point", "coordinates": [ -49.053716820805171, -21.355539414457848 ] } },
{ "type": "Feature", "properties": { "id_municipio_ibge": 3522000, "nome_municipio": "Itaju", "populacao_municipio": 3618, "id_foro": 3505203, "nome_foro": "Bariri", "total_varas_foro": 0, "entrancia": "Entrância Inicial", "endereco_sede": "Avenida Claudionor Barbieri nº 488 ,  - Centro, 17250-027", "latitude": -22.066797210325753, "longitude": -48.718829121216423, "id_cj": 33, "nome_cj": "33ª Jaú", "id_raj": 3, "nome_raj": "3ª Bauru", "populacao_foro": 35213, "qt_cidades_foro": 2, "cidades_no_foro": "Bariri, Itaju", "qt_cidades_cj": 12, "cidades_na_cj": "Bariri, Barra Bonita, Bocaina, Boracéia, Dois Córregos, Igaraçu do Tietê, Itaju, Itapuí, Jaú, Macatuba, Mineiros do Tietê, Pederneiras", "unidades": null, "total_varas_municipio": 0, "varas_municipio": null, "varas_foro": null }, "geometry": { "type": "Point", "coordinates": [ -48.793952889035921, -21.951610707669527 ] } },
{ "type": "Feature", "properties": { "id_municipio_ibge": 3522109, "nome_municipio": "Itanhaém", "populacao_municipio": 112476, "id_foro": 3522109, "nome_foro": "Itanhaém", "total_varas_foro": 4, "entrancia": "Entrância Final", "endereco_sede": "Avenida Rui Barbosa , 867 - Centro, 11740-000", "latitude": -24.092243808710752, "longitude": -46.834539966647007, "id_cj": 56, "nome_cj": "56ª Itanhaém", "id_raj": 7, "nome_raj": "7ª Santos", "populacao_foro": 112476, "qt_cidades_foro": 1, "cidades_no_foro": "Itanhaém", "qt_cidades_cj": 5, "cidades_na_cj": "Itanhaém, Itariri, Mongaguá, Pedro de Toledo, Peruíbe", "unidades": "Fórum Itanhaém - Desembargador Nelson Pinheiro Franco, Fórum Itanhaém II (CEJUSC), Fórum Itanhaém III (Residência Oficial)", "total_varas_municipio": 4, "varas_municipio": "1ª Vara Judicial, 2ª Vara Judicial, 3ª Vara Judicial, Juizado Especial Cível", "varas_foro": "1ª Vara Judicial, 2ª Vara Judicial, 3ª Vara Judicial, Juizado Especial Cível" }, "geometry": { "type": "Point", "coordinates": [ -46.834539966647007, -24.092243808710752 ] } },
{ "type": "Feature", "properties": { "id_municipio_ibge": 3522158, "nome_municipio": "Itaóca", "populacao_municipio": 3422, "id_foro": 3502705, "nome_foro": "Apiaí", "total_varas_foro": 0, "entrancia": "Entrância Inicial", "endereco_sede": "Praça Francisco Xavier da Rocha , 182 - Centro, 18320-000", "latitude": -24.421467380540186, "longitude": -48.817372200286705, "id_cj": 49, "nome_cj": "49ª Itapeva", "id_raj": 10, "nome_raj": "10ª Sorocaba", "populacao_foro": 40624, "qt_cidades_foro": 5, "cidades_no_foro": "Apiaí, Barra do Chapéu, Itapirapuã Paulista, Itaóca, Ribeira", "qt_cidades_cj": 16, "cidades_na_cj": "Apiaí, Barra do Chapéu, Barão de Antonina, Bom Sucesso de Itararé, Buri, Itaberá, Itapeva, Itapirapuã Paulista, Itaporanga, Itararé, Itaóca, Nova Campina, Ribeira, Ribeirão Branco, Riversul, Taquarivaí", "unidades": null, "total_varas_municipio": 0, "varas_municipio": null, "varas_foro": null }, "geometry": { "type": "Point", "coordinates": [ -48.83900035532325, -24.61788830917267 ] } },
{ "type": "Feature", "properties": { "id_municipio_ibge": 3522208, "nome_municipio": "Itapecerica da Serra", "populacao_municipio": 158522, "id_foro": 3522208, "nome_foro": "Itapecerica da Serra", "total_varas_foro": 5, "entrancia": "Entrância Final", "endereco_sede": "Rua Major Matheus Rotger Domingues , 155 - Centro, 06850-850", "latitude": -23.737198937333201, "longitude": -46.858805196593451, "id_cj": 52, "nome_cj": "52ª Itapecerica da Serra", "id_raj": 1, "nome_raj": "1ª Grande São Paulo", "populacao_foro": 201993, "qt_cidades_foro": 3, "cidades_no_foro": "Itapecerica da Serra, Juquitiba, São Lourenço da Serra", "qt_cidades_cj": 9, "cidades_na_cj": "Cotia, Embu das Artes, Embu-Guaçu, Itapecerica da Serra, Itapevi, Juquitiba, São Lourenço da Serra, Taboão da Serra, Vargem Grande Paulista", "unidades": "Fórum I Itapecerica da Serra, Fórum II Itapecerica da Serra (CEJUSC)", "total_varas_municipio": 5, "varas_municipio": "1ª Vara Judicial, 2ª Vara Judicial, 3ª Vara Judicial, 4ª Vara, Juizado Especial Cível", "varas_foro": "1ª Vara Judicial, 2ª Vara Judicial, 3ª Vara Judicial, 4ª Vara, Juizado Especial Cível" }, "geometry": { "type": "Point", "coordinates": [ -46.858805196593451, -23.737198937333201 ] } },
{ "type": "Feature", "properties": { "id_municipio_ibge": 3522307, "nome_municipio": "Itapetininga", "populacao_municipio": 157790, "id_foro": 3522307, "nome_foro": "Itapetininga", "total_varas_foro": 7, "entrancia": "Entrância Final", "endereco_sede": "Praça Três Poderes , s/n - Jd. Marabá, 18213-540", "latitude": -23.645468563011217, "longitude": -48.123318703177574, "id_cj": 22, "nome_cj": "22ª Itapetininga", "id_raj": 10, "nome_raj": "10ª Sorocaba", "populacao_foro": 174300, "qt_cidades_foro": 3, "cidades_no_foro": "Alambari, Itapetininga, Sarapuí", "qt_cidades_cj": 17, "cidades_na_cj": "Alambari, Angatuba, Bofete, Campina do Monte Alegre, Capela do Alto, Capão Bonito, Cesário Lange, Guapiara, Guareí, Itapetininga, Porangaba, Quadra, Ribeirão Grande, Sarapuí, São Miguel Arcanjo, Tatuí, Torre de Pedra", "unidades": "Fórum Itapetininga I - (Desembargador Bernardes Júnior), Fórum Itapetininga II (Criminal) Juiz Paulo Rubens Soares Hungria, Fórum Itapetininga III (CEJUSC)", "total_varas_municipio": 7, "varas_municipio": "1ª Vara Cível, 1ª Vara da Família e das Sucessões, 2ª Vara Cível, 3ª Vara Cível, 4ª Vara Cível, Juizado Especial Cível, Vara do Juizado especial Cível e Criminal", "varas_foro": "1ª Vara Cível, 1ª Vara da Família e das Sucessões, 2ª Vara Cível, 3ª Vara Cível, 4ª Vara Cível, Juizado Especial Cível, Vara do Juizado especial Cível e Criminal" }, "geometry": { "type": "Point", "coordinates": [ -48.123318703177574, -23.645468563011217 ] } },
{ "type": "Feature", "properties": { "id_municipio_ibge": 3522406, "nome_municipio": "Itapeva", "populacao_municipio": 89728, "id_foro": 3522406, "nome_foro": "Itapeva", "total_varas_foro": 6, "entrancia": "Entrância Final", "endereco_sede": "Avenida Dona Paulina de Morais , 444 - Vila Ophélia, 18400-818", "latitude": -23.914075364377432, "longitude": -48.871716777680028, "id_cj": 49, "nome_cj": "49ª Itapeva", "id_raj": 10, "nome_raj": "10ª Sorocaba", "populacao_foro": 123728, "qt_cidades_foro": 4, "cidades_no_foro": "Itapeva, Nova Campina, Ribeirão Branco, Taquarivaí", "qt_cidades_cj": 16, "cidades_na_cj": "Apiaí, Barra do Chapéu, Barão de Antonina, Bom Sucesso de Itararé, Buri, Itaberá, Itapeva, Itapirapuã Paulista, Itaporanga, Itararé, Itaóca, Nova Campina, Ribeira, Ribeirão Branco, Riversul, Taquarivaí", "unidades": "Fórum Itapeva I - Desembargador Euclides de Campos, Fórum Itapeva II - (Anexo do JEC - UAAJ - FAIT)", "total_varas_municipio": 6, "varas_municipio": "1ª Vara Judicial, 2ª Vara Judicial, 3ª Vara Judicial, Juizado Especial Cível e Criminal, Vara da Infância e Juventude, Vara das Execuções Criminais - VEC", "varas_foro": "1ª Vara Judicial, 2ª Vara Judicial, 3ª Vara Judicial, Juizado Especial Cível e Criminal, Vara da Infância e Juventude, Vara das Execuções Criminais - VEC" }, "geometry": { "type": "Point", "coordinates": [ -48.871716777680028, -23.914075364377432 ] } },
{ "type": "Feature", "properties": { "id_municipio_ibge": 3522505, "nome_municipio": "Itapevi", "populacao_municipio": 232297, "id_foro": 3522505, "nome_foro": "Itapevi", "total_varas_foro": 5, "entrancia": "Entrância Final", "endereco_sede": "Rua Vereador Dr. Cid Manoel de Oliveira , 405 - Jd. Santa Rita, 06660-280", "latitude": -23.55095591925911, "longitude": -46.967658182131906, "id_cj": 52, "nome_cj": "52ª Itapecerica da Serra", "id_raj": 1, "nome_raj": "1ª Grande São Paulo", "populacao_foro": 232297, "qt_cidades_foro": 1, "cidades_no_foro": "Itapevi", "qt_cidades_cj": 9, "cidades_na_cj": "Cotia, Embu das Artes, Embu-Guaçu, Itapecerica da Serra, Itapevi, Juquitiba, São Lourenço da Serra, Taboão da Serra, Vargem Grande Paulista", "unidades": "Fórum Itapevi", "total_varas_municipio": 5, "varas_municipio": "1ª Vara Cível, 2ª Vara Cível, Juizado Especial Cível e Criminal, Vara Criminal, Vara da Infância e Juventude", "varas_foro": "1ª Vara Cível, 2ª Vara Cível, Juizado Especial Cível e Criminal, Vara Criminal, Vara da Infância e Juventude" }, "geometry": { "type": "Point", "coordinates": [ -46.967658182131906, -23.55095591925911 ] } },
{ "type": "Feature", "properties": { "id_municipio_ibge": 3522604, "nome_municipio": "Itapira", "populacao_municipio": 72022, "id_foro": 3522604, "nome_foro": "Itapira", "total_varas_foro": 3, "entrancia": "Entrância Intermediária", "endereco_sede": "Praça Coronel Souza Ferreira , s/n - Centro, 13970-906", "latitude": -22.431962884646559, "longitude": -46.772094279843479, "id_cj": 7, "nome_cj": "7ª Mogi Mirim", "id_raj": 4, "nome_raj": "4ª Campinas", "populacao_foro": 72022, "qt_cidades_foro": 1, "cidades_no_foro": "Itapira", "qt_cidades_cj": 8, "cidades_na_cj": "Artur Nogueira, Conchal, Engenheiro Coelho, Estiva Gerbi, Holambra, Itapira, Mogi Guaçu, Mogi Mirim", "unidades": "Fórum I Itapira, Fórum II Itapira (CEJUSC)", "total_varas_municipio": 3, "varas_municipio": "1ª Vara Judicial, 2ª Vara Judicial, Juizado Especial Cível e Criminal", "varas_foro": "1ª Vara Judicial, 2ª Vara Judicial, Juizado Especial Cível e Criminal" }, "geometry": { "type": "Point", "coordinates": [ -46.772094279843479, -22.431962884646559 ] } },
{ "type": "Feature", "properties": { "id_municipio_ibge": 3522653, "nome_municipio": "Itapirapuã Paulista", "populacao_municipio": 4306, "id_foro": 3502705, "nome_foro": "Apiaí", "total_varas_foro": 0, "entrancia": "Entrância Inicial", "endereco_sede": "Praça Francisco Xavier da Rocha , 182 - Centro, 18320-000", "latitude": -24.421467380540186, "longitude": -48.817372200286705, "id_cj": 49, "nome_cj": "49ª Itapeva", "id_raj": 10, "nome_raj": "10ª Sorocaba", "populacao_foro": 40624, "qt_cidades_foro": 5, "cidades_no_foro": "Apiaí, Barra do Chapéu, Itapirapuã Paulista, Itaóca, Ribeira", "qt_cidades_cj": 16, "cidades_na_cj": "Apiaí, Barra do Chapéu, Barão de Antonina, Bom Sucesso de Itararé, Buri, Itaberá, Itapeva, Itapirapuã Paulista, Itaporanga, Itararé, Itaóca, Nova Campina, Ribeira, Ribeirão Branco, Riversul, Taquarivaí", "unidades": null, "total_varas_municipio": 0, "varas_municipio": null, "varas_foro": null }, "geometry": { "type": "Point", "coordinates": [ -49.222932070344449, -24.568997624420792 ] } },
{ "type": "Feature", "properties": { "id_municipio_ibge": 3522703, "nome_municipio": "Itápolis", "populacao_municipio": 39493, "id_foro": 3522703, "nome_foro": "Itápolis", "total_varas_foro": 3, "entrancia": "Entrância Inicial", "endereco_sede": "Avenida dos Amaros , 800 - Centro, 14900-000", "latitude": -21.548101493672625, "longitude": -48.815469006560242, "id_cj": 13, "nome_cj": "13ª Araraquara", "id_raj": 6, "nome_raj": "6ª Ribeirão Preto", "populacao_foro": 39493, "qt_cidades_foro": 1, "cidades_no_foro": "Itápolis", "qt_cidades_cj": 14, "cidades_na_cj": "Américo Brasiliense, Araraquara, Borborema, Dobrada, Gavião Peixoto, Iacanga, Ibitinga, Itápolis, Matão, Motuca, Nova Europa, Rincão, Santa Lúcia, Tabatinga", "unidades": "Fórum I da Comarca de Itápolis, Fórum II da Comarca de Itápolis (SEF - Setor de Execuções Fiscais), Fórum II da Comarca de Itápolis - Arquivo Geral, Fórum III da Comarca de Itápolis (CEJUSC)", "total_varas_municipio": 3, "varas_municipio": "1ª Vara Judicial, 2ª Vara Judicial, Juizado Especial Cível", "varas_foro": "1ª Vara Judicial, 2ª Vara Judicial, Juizado Especial Cível" }, "geometry": { "type": "Point", "coordinates": [ -48.815469006560242, -21.548101493672625 ] } },
{ "type": "Feature", "properties": { "id_municipio_ibge": 3522802, "nome_municipio": "Itaporanga", "populacao_municipio": 14085, "id_foro": 3522802, "nome_foro": "Itaporanga", "total_varas_foro": 2, "entrancia": "Entrância Inicial", "endereco_sede": "Avenida Santa Cruz , 59 - Centro, 18480-000", "latitude": -23.672943964016543, "longitude": -49.458483351562634, "id_cj": 49, "nome_cj": "49ª Itapeva", "id_raj": 10, "nome_raj": "10ª Sorocaba", "populacao_foro": 23215, "qt_cidades_foro": 3, "cidades_no_foro": "Barão de Antonina, Itaporanga, Riversul", "qt_cidades_cj": 16, "cidades_na_cj": "Apiaí, Barra do Chapéu, Barão de Antonina, Bom Sucesso de Itararé, Buri, Itaberá, Itapeva, Itapirapuã Paulista, Itaporanga, Itararé, Itaóca, Nova Campina, Ribeira, Ribeirão Branco, Riversul, Taquarivaí", "unidades": "Fórum Itaporanga - [Residência Oficial], Fórum Itaporanga- DESEMBARGADOR PLÍNIO DE CARVALHO PINTO", "total_varas_municipio": 2, "varas_municipio": "Juizado Especial Cível e Criminal, Vara Única", "varas_foro": "Juizado Especial Cível e Criminal, Vara Única" }, "geometry": { "type": "Point", "coordinates": [ -49.458483351562634, -23.672943964016543 ] } },
{ "type": "Feature", "properties": { "id_municipio_ibge": 3522901, "nome_municipio": "Itapuí", "populacao_municipio": 13659, "id_foro": 3525300, "nome_foro": "Jaú", "total_varas_foro": 8, "entrancia": "Entrância Intermediária", "endereco_sede": "Avenida Rodolpho Magnani , s/n - Centro, 17210-100", "latitude": -22.296078899740348, "longitude": -48.556055554380116, "id_cj": 33, "nome_cj": "33ª Jaú", "id_raj": 3, "nome_raj": "3ª Bauru", "populacao_foro": 169645, "qt_cidades_foro": 4, "cidades_no_foro": "Bocaina, Itapuí, Jaú, Mineiros do Tietê", "qt_cidades_cj": 12, "cidades_na_cj": "Bariri, Barra Bonita, Bocaina, Boracéia, Dois Córregos, Igaraçu do Tietê, Itaju, Itapuí, Jaú, Macatuba, Mineiros do Tietê, Pederneiras", "unidades": null, "total_varas_municipio": 0, "varas_municipio": null, "varas_foro": "1ª Vara Criminal, 1ª Vara Cível, 2ª Vara Criminal, 2ª Vara Cível, 3ª Vara Cível, 4ª Vara Cível, Ofício do Juizado Especial Cível, Vara do Juizado Especial Cível e Criminal" }, "geometry": { "type": "Point", "coordinates": [ -48.701468681719085, -22.250825246558275 ] } },
{ "type": "Feature", "properties": { "id_municipio_ibge": 3523008, "nome_municipio": "Itapura", "populacao_municipio": 3979, "id_foro": 3520442, "nome_foro": "Ilha Solteira", "total_varas_foro": 2, "entrancia": "Entrância Inicial", "endereco_sede": "Av. Brasil Norte , 1.680 - Zona Norte, 15385-136", "latitude": -20.43142785339586, "longitude": -51.258968089789562, "id_cj": 37, "nome_cj": "37ª Andradina", "id_raj": 2, "nome_raj": "2ª Araçatuba", "populacao_foro": 29528, "qt_cidades_foro": 2, "cidades_no_foro": "Ilha Solteira, Itapura", "qt_cidades_cj": 12, "cidades_na_cj": "Andradina, Castilho, Guaraçaí, Ilha Solteira, Itapura, Lavínia, Mirandópolis, Murutinga do Sul, Nova Independência, Pereira Barreto, Sud Mennucci, Suzanápolis", "unidades": null, "total_varas_municipio": 0, "varas_municipio": null, "varas_foro": "1ª Vara, Juizado Especial Cível e Criminal" }, "geometry": { "type": "Point", "coordinates": [ -51.440575795042776, -20.595066133155626 ] } },
{ "type": "Feature", "properties": { "id_municipio_ibge": 3523107, "nome_municipio": "Itaquaquecetuba", "populacao_municipio": 369275, "id_foro": 3523107, "nome_foro": "Itaquaquecetuba", "total_varas_foro": 0, "entrancia": "Entrância Final", "endereco_sede": "Estr. Santa Isabel , 1170-1194 - Jd Cláudia, 08570-080", "latitude": -23.461458057813434, "longitude": -46.333863792703951, "id_cj": 45, "nome_cj": "45ª Mogi das Cruzes", "id_raj": 1, "nome_raj": "1ª Grande São Paulo", "populacao_foro": 369275, "qt_cidades_foro": 1, "cidades_no_foro": "Itaquaquecetuba", "qt_cidades_cj": 7, "cidades_na_cj": "Biritiba-Mirim, Ferraz de Vasconcelos, Guararema, Itaquaquecetuba, Mogi das Cruzes, Poá, Suzano", "unidades": "Fórum I Desembargador Mário Hoeppener Dutra - Itaquaquecetuba, Fórum II de Itaquaquecetuba (CEJUSC)", "total_varas_municipio": 0, "varas_municipio": null, "varas_foro": null }, "geometry": { "type": "Point", "coordinates": [ -46.333863792703951, -23.461458057813434 ] } },
{ "type": "Feature", "properties": { "id_municipio_ibge": 3523206, "nome_municipio": "Itararé", "populacao_municipio": 44438, "id_foro": 3523206, "nome_foro": "Itararé", "total_varas_foro": 4, "entrancia": "Entrância Inicial", "endereco_sede": "Rua Frei Caneca , 982 - Vila Jurandir, 18460-164", "latitude": -24.080508879353427, "longitude": -49.303547560365509, "id_cj": 49, "nome_cj": "49ª Itapeva", "id_raj": 10, "nome_raj": "10ª Sorocaba", "populacao_foro": 47993, "qt_cidades_foro": 2, "cidades_no_foro": "Bom Sucesso de Itararé, Itararé", "qt_cidades_cj": 16, "cidades_na_cj": "Apiaí, Barra do Chapéu, Barão de Antonina, Bom Sucesso de Itararé, Buri, Itaberá, Itapeva, Itapirapuã Paulista, Itaporanga, Itararé, Itaóca, Nova Campina, Ribeira, Ribeirão Branco, Riversul, Taquarivaí", "unidades": "Fórum Itararé (Dr. Antônio José Luciano Vieira)", "total_varas_municipio": 4, "varas_municipio": "1ª Vara Judicial, 2ª Vara Judicial, Criminal e Fazenda Pública, Juizado Especial Cível", "varas_foro": "1ª Vara Judicial, 2ª Vara Judicial, Criminal e Fazenda Pública, Juizado Especial Cível" }, "geometry": { "type": "Point", "coordinates": [ -49.303547560365509, -24.080508879353427 ] } },
{ "type": "Feature", "properties": { "id_municipio_ibge": 3523305, "nome_municipio": "Itariri", "populacao_municipio": 15528, "id_foro": 3523305, "nome_foro": "Itariri", "total_varas_foro": 2, "entrancia": "Entrância Inicial", "endereco_sede": "Rua Engº José Claret de Toledo Goulart , 41 - Centro, 11760-000", "latitude": -24.292699162757536, "longitude": -47.128140707910994, "id_cj": 56, "nome_cj": "56ª Itanhaém", "id_raj": 7, "nome_raj": "7ª Santos", "populacao_foro": 26809, "qt_cidades_foro": 2, "cidades_no_foro": "Itariri, Pedro de Toledo", "qt_cidades_cj": 5, "cidades_na_cj": "Itanhaém, Itariri, Mongaguá, Pedro de Toledo, Peruíbe", "unidades": "Fórum Itariri", "total_varas_municipio": 2, "varas_municipio": "Juizado Especial Cível e Criminal, Vara Judicial", "varas_foro": "Juizado Especial Cível e Criminal, Vara Judicial" }, "geometry": { "type": "Point", "coordinates": [ -47.128140707910994, -24.292699162757536 ] } },
{ "type": "Feature", "properties": { "id_municipio_ibge": 3523404, "nome_municipio": "Itatiba", "populacao_municipio": 121590, "id_foro": 3523404, "nome_foro": "Itatiba", "total_varas_foro": 4, "entrancia": "Entrância Intermediária", "endereco_sede": "Avenida Barão de Itapema , 181 - Centro, 13250-902", "latitude": -23.006710595128183, "longitude": -46.81431206915196, "id_cj": 5, "nome_cj": "5ª Jundiaí", "id_raj": 4, "nome_raj": "4ª Campinas", "populacao_foro": 135310, "qt_cidades_foro": 2, "cidades_no_foro": "Itatiba, Morungaba", "qt_cidades_cj": 12, "cidades_na_cj": "Caieiras, Cajamar, Campo Limpo Paulista, Francisco Morato, Franco da Rocha, Itatiba, Itupeva, Jundiaí, Louveira, Morungaba, Vinhedo, Várzea Paulista", "unidades": "Fórum Itatiba", "total_varas_municipio": 4, "varas_municipio": "1ª Vara Cível, 2ª Vara Cível, Juizado Especial Cível e Criminal, Vara Criminal", "varas_foro": "1ª Vara Cível, 2ª Vara Cível, Juizado Especial Cível e Criminal, Vara Criminal" }, "geometry": { "type": "Point", "coordinates": [ -46.81431206915196, -23.006710595128183 ] } },
{ "type": "Feature", "properties": { "id_municipio_ibge": 3523503, "nome_municipio": "Itatinga", "populacao_municipio": 19070, "id_foro": 3523503, "nome_foro": "Itatinga", "total_varas_foro": 1, "entrancia": "Entrância Inicial", "endereco_sede": "Rua São João , 410 - Vila Prete, 18690000", "latitude": -23.153661867360277, "longitude": -48.629363838580858, "id_cj": 23, "nome_cj": "23ª Botucatu", "id_raj": 3, "nome_raj": "3ª Bauru", "populacao_foro": 19070, "qt_cidades_foro": 1, "cidades_no_foro": "Itatinga", "qt_cidades_cj": 9, "cidades_na_cj": "Anhembi, Areiópolis, Botucatu, Conchas, Itatinga, Pardinho, Pereiras, Pratânia, São Manuel", "unidades": "CEJUSC - Itatinga, Fórum de Itatinga, Fórum de Itatinga - (Juizado Especial Cível e Criminal)", "total_varas_municipio": 1, "varas_municipio": "Vara Judicial", "varas_foro": "Vara Judicial" }, "geometry": { "type": "Point", "coordinates": [ -48.629363838580858, -23.153661867360277 ] } },
{ "type": "Feature", "properties": { "id_municipio_ibge": 3523602, "nome_municipio": "Itirapina", "populacao_municipio": 16148, "id_foro": 3523602, "nome_foro": "Itirapina", "total_varas_foro": 3, "entrancia": "Entrância Inicial", "endereco_sede": "Rua 1 , 180 - Centro, 13530-000", "latitude": -22.294590665197184, "longitude": -47.834059845289502, "id_cj": 9, "nome_cj": "9ª Rio Claro", "id_raj": 4, "nome_raj": "4ª Campinas", "populacao_foro": 20737, "qt_cidades_foro": 2, "cidades_no_foro": "Analândia, Itirapina", "qt_cidades_cj": 8, "cidades_na_cj": "Analândia, Brotas, Corumbataí, Ipeúna, Itirapina, Rio Claro, Santa Gertrudes, Torrinha", "unidades": "Comarca de Itirapina II (Anexo do JEC - UAAJ - ANALÂNDIA), Desembargador Lafayette Salles Júnior", "total_varas_municipio": 3, "varas_municipio": "Cartório da Vara Única (Seção Cível, Fazenda Pública e Família), Juizado Especial Cível e Criminal", "varas_foro": "Cartório da Vara Única (Seção Cível, Fazenda Pública e Família), Juizado Especial Cível e Criminal" }, "geometry": { "type": "Point", "coordinates": [ -47.834059845289502, -22.294590665197184 ] } },
{ "type": "Feature", "properties": { "id_municipio_ibge": 3523701, "nome_municipio": "Itirapuã", "populacao_municipio": 5779, "id_foro": 3536307, "nome_foro": "Patrocínio Paulista", "total_varas_foro": 2, "entrancia": "Entrância Inicial", "endereco_sede": "Praça Nossa Senhora do Patrocínio , 1118 - centro, 14415-000", "latitude": -20.704179800973829, "longitude": -47.289394038380046, "id_cj": 38, "nome_cj": "38ª Franca", "id_raj": 6, "nome_raj": "6ª Ribeirão Preto", "populacao_foro": 20291, "qt_cidades_foro": 2, "cidades_no_foro": "Itirapuã, Patrocínio Paulista", "qt_cidades_cj": 10, "cidades_na_cj": "Cristais Paulista, Franca, Itirapuã, Jeriquara, Patrocínio Paulista, Pedregulho, Restinga, Ribeirão Corrente, Rifaina, São José da Bela Vista", "unidades": null, "total_varas_municipio": 0, "varas_municipio": null, "varas_foro": "Juizado Especial Cível, Vara Judicial" }, "geometry": { "type": "Point", "coordinates": [ -47.169390888962184, -20.657571140106484 ] } },
{ "type": "Feature", "properties": { "id_municipio_ibge": 3523800, "nome_municipio": "Itobi", "populacao_municipio": 8046, "id_foro": 3510807, "nome_foro": "Casa Branca", "total_varas_foro": 3, "entrancia": "Entrância Intermediária", "endereco_sede": "Praça Ministro Costa Manso , 78 - centro, 13700-000", "latitude": -21.800543636164964, "longitude": -47.088125787767581, "id_cj": 43, "nome_cj": "43ª Casa Branca", "id_raj": 6, "nome_raj": "6ª Ribeirão Preto", "populacao_foro": 36129, "qt_cidades_foro": 2, "cidades_no_foro": "Casa Branca, Itobi", "qt_cidades_cj": 10, "cidades_na_cj": "Caconde, Casa Branca, Divinolândia, Itobi, Mococa, Santa Cruz das Palmeiras, São José do Rio Pardo, São Sebastião da Grama, Tambaú, Tapiratiba", "unidades": null, "total_varas_municipio": 0, "varas_municipio": null, "varas_foro": "1ª Vara Judicial, 2ª Vara Judicial, Oficio Judicial- Seção Criminal" }, "geometry": { "type": "Point", "coordinates": [ -46.921991027204761, -21.74898464886185 ] } },
{ "type": "Feature", "properties": { "id_municipio_ibge": 3523909, "nome_municipio": "Itu", "populacao_municipio": 168240, "id_foro": 3523909, "nome_foro": "Itu", "total_varas_foro": 5, "entrancia": "Entrância Final", "endereco_sede": "Rua Luiz Bolognesi , s/n - Brasil, 13301-900", "latitude": -23.307142541691867, "longitude": -47.284608501163831, "id_cj": 20, "nome_cj": "20ª Itu", "id_raj": 10, "nome_raj": "10ª Sorocaba", "populacao_foro": 168240, "qt_cidades_foro": 1, "cidades_no_foro": "Itu", "qt_cidades_cj": 7, "cidades_na_cj": "Boituva, Cabreúva, Indaiatuba, Iperó, Itu, Porto Feliz, Salto", "unidades": "Forum Juiz Antonio de Souza Barros, Fórum Itu II - (Juizado Especial Cível), Fórum Itu III - (Serviço Anexo das Fazendas), Fórum Itu IV -(Centro Judiciário de Conciliação de Conflito e Cidadania)", "total_varas_municipio": 5, "varas_municipio": "1ª Vara Cível, 2ª Vara Criminal e do Júri, 2ª Vara Cível, 3ª Vara Cível, Vara da Família e das Sucessões", "varas_foro": "1ª Vara Cível, 2ª Vara Criminal e do Júri, 2ª Vara Cível, 3ª Vara Cível, Vara da Família e das Sucessões" }, "geometry": { "type": "Point", "coordinates": [ -47.284608501163831, -23.307142541691867 ] } },
{ "type": "Feature", "properties": { "id_municipio_ibge": 3524006, "nome_municipio": "Itupeva", "populacao_municipio": 70616, "id_foro": 3524006, "nome_foro": "Itupeva", "total_varas_foro": 0, "entrancia": "Entrância Inicial", "endereco_sede": "Avenida Brasil , 1765, equina c/ Rua Arnaldo Zumstein - Jardim Brasil, 13296082", "latitude": -23.14649173418924, "longitude": -47.068382006269779, "id_cj": 5, "nome_cj": "5ª Jundiaí", "id_raj": 4, "nome_raj": "4ª Campinas", "populacao_foro": 70616, "qt_cidades_foro": 1, "cidades_no_foro": "Itupeva", "qt_cidades_cj": 12, "cidades_na_cj": "Caieiras, Cajamar, Campo Limpo Paulista, Francisco Morato, Franco da Rocha, Itatiba, Itupeva, Jundiaí, Louveira, Morungaba, Vinhedo, Várzea Paulista", "unidades": "COMARCA DE ITUPEVA/SP", "total_varas_municipio": 0, "varas_municipio": null, "varas_foro": null }, "geometry": { "type": "Point", "coordinates": [ -47.068382006269779, -23.14649173418924 ] } },
{ "type": "Feature", "properties": { "id_municipio_ibge": 3524105, "nome_municipio": "Ituverava", "populacao_municipio": 37571, "id_foro": 3524105, "nome_foro": "Ituverava", "total_varas_foro": 3, "entrancia": "Entrância Intermediária", "endereco_sede": "Avenida Anhanguera , 778 - Cidade Universitária, 14500-000", "latitude": -20.329521852376647, "longitude": -47.809610344596081, "id_cj": 40, "nome_cj": "40ª Ituverava", "id_raj": 6, "nome_raj": "6ª Ribeirão Preto", "populacao_foro": 37571, "qt_cidades_foro": 1, "cidades_no_foro": "Ituverava", "qt_cidades_cj": 8, "cidades_na_cj": "Aramina, Buritizal, Guará, Igarapava, Ipuã, Ituverava, Miguelópolis, São Joaquim da Barra", "unidades": "Fórum Ituverava", "total_varas_municipio": 3, "varas_municipio": "1ª Vara Judicial, 2ª Vara Judicial, Juizado Especial Cível", "varas_foro": "1ª Vara Judicial, 2ª Vara Judicial, Juizado Especial Cível" }, "geometry": { "type": "Point", "coordinates": [ -47.809610344596081, -20.329521852376647 ] } },
{ "type": "Feature", "properties": { "id_municipio_ibge": 3524204, "nome_municipio": "Jaborandi", "populacao_municipio": 6221, "id_foro": 3512001, "nome_foro": "Colina", "total_varas_foro": 1, "entrancia": "Entrância Inicial", "endereco_sede": "Rua Nestor Silveira Guimarães , 45 - CECAP, 14770-000", "latitude": -20.746170779314237, "longitude": -48.588857511081365, "id_cj": 14, "nome_cj": "14ª Barretos", "id_raj": 8, "nome_raj": "8ª São José do Rio Preto", "populacao_foro": 24707, "qt_cidades_foro": 2, "cidades_no_foro": "Colina, Jaborandi", "qt_cidades_cj": 16, "cidades_na_cj": "Altair, Barretos, Bebedouro, Cajobi, Colina, Colômbia, Embaúba, Guaraci, Guaíra, Jaborandi, Monte Azul Paulista, Olímpia, Paraíso, Severínia, Terra Roxa, Viradouro", "unidades": null, "total_varas_municipio": 0, "varas_municipio": null, "varas_foro": "Vara Judicial" }, "geometry": { "type": "Point", "coordinates": [ -48.415959557413167, -20.649995689079496 ] } },
{ "type": "Feature", "properties": { "id_municipio_ibge": 3524303, "nome_municipio": "Jaboticabal", "populacao_municipio": 71821, "id_foro": 3524303, "nome_foro": "Jaboticabal", "total_varas_foro": 4, "entrancia": "Entrância Final", "endereco_sede": "Avenida Bento Vieira , 12 - Jardim Bela Vista, 14870-901", "latitude": -21.218324623706089, "longitude": -48.287935442728759, "id_cj": 42, "nome_cj": "42ª Jaboticabal", "id_raj": 6, "nome_raj": "6ª Ribeirão Preto", "populacao_foro": 84046, "qt_cidades_foro": 3, "cidades_no_foro": "Jaboticabal, Taiaçu, Taiúva", "qt_cidades_cj": 14, "cidades_na_cj": "Cândido Rodrigues, Fernando Prestes, Guariba, Jaboticabal, Monte Alto, Pirangi, Pitangueiras, Pradópolis, Santa Ernestina, Taiaçu, Taiúva, Taquaral, Taquaritinga, Vista Alegre do Alto", "unidades": "Fórum Jaboticabal - Prédio II - JECC e Colégio Recursal, Fórum Jaboticabal - Prédio III - Setor Técnico (Psicossocial), Fórum da Comarca de Jaboticabal “Dr. Joaquim Antônio de Oliveira Neves”", "total_varas_municipio": 4, "varas_municipio": "1ª Vara Cível, 2ª Vara Cível, 3ª Vara Cível, Vara Criminal", "varas_foro": "1ª Vara Cível, 2ª Vara Cível, 3ª Vara Cível, Vara Criminal" }, "geometry": { "type": "Point", "coordinates": [ -48.287935442728759, -21.218324623706089 ] } },
{ "type": "Feature", "properties": { "id_municipio_ibge": 3524402, "nome_municipio": "Jacareí", "populacao_municipio": 240275, "id_foro": 3524402, "nome_foro": "Jacareí", "total_varas_foro": 7, "entrancia": "Entrância Final", "endereco_sede": "Praça dos Três Poderes , s/n - Centro, 12327-902", "latitude": -23.29889086135929, "longitude": -45.990471909179355, "id_cj": 46, "nome_cj": "46ª São José dos Campos", "id_raj": 9, "nome_raj": "9ª São José dos Campos", "populacao_foro": 240275, "qt_cidades_foro": 1, "cidades_no_foro": "Jacareí", "qt_cidades_cj": 7, "cidades_na_cj": "Jacareí, Monteiro Lobato, Natividade da Serra, Paraibuna, Salesópolis, Santa Branca, São José dos Campos", "unidades": "Fórum Jacareí I - (Armando Salles de Oliveira), Fórum Jacareí II - (Juizado Especial Cível e Criminal), Fórum Jacareí III - Vara da Fazenda Pública", "total_varas_municipio": 7, "varas_municipio": "1.ª Vara Criminal, 1.ª Vara Cível, 1.ª Vara da Família e das Sucessões, 2.ª Vara Criminal, 2.ª Vara Cível, 2.ª Vara da Família e das Sucessões, 3.ª Vara Cível", "varas_foro": "1.ª Vara Criminal, 1.ª Vara Cível, 1.ª Vara da Família e das Sucessões, 2.ª Vara Criminal, 2.ª Vara Cível, 2.ª Vara da Família e das Sucessões, 3.ª Vara Cível" }, "geometry": { "type": "Point", "coordinates": [ -45.990471909179355, -23.29889086135929 ] } },
{ "type": "Feature", "properties": { "id_municipio_ibge": 3524501, "nome_municipio": "Jaci", "populacao_municipio": 7613, "id_foro": 3530300, "nome_foro": "Mirassol", "total_varas_foro": 4, "entrancia": "Entrância Intermediária", "endereco_sede": "Rua São Sebastião , 19-39 - Centro, 15130-000", "latitude": -20.82764541913081, "longitude": -49.504245734667414, "id_cj": 16, "nome_cj": "16ª São José do Rio Preto", "id_raj": 8, "nome_raj": "8ª São José do Rio Preto", "populacao_foro": 85215, "qt_cidades_foro": 4, "cidades_no_foro": "Bálsamo, Jaci, Mirassol, Mirassolândia", "qt_cidades_cj": 33, "cidades_na_cj": "Adolfo, Américo de Campos, Bady Bassitt, Bálsamo, Cedral, Cosmorama, Guapiaçu, Icém, Ipiguá, Jaci, José Bonifácio, Macaubal, Mendonça, Mirassol, Mirassolândia, Monte Aprazível, Neves Paulista, Nipoã, Nova Aliança, Nova Granada, Onda Verde, Orindiúva, Palestina, Paulo de Faria, Poloni, Potirendaba, Riolândia, Sebastianópolis do Sul, São José do Rio Preto, Tanabi, Ubarana, Uchoa, União Paulista", "unidades": null, "total_varas_municipio": 0, "varas_municipio": null, "varas_foro": "1ª Vara Judicial, 2ª Vara Judicial, 3ª Vara Judicial, Assistente Judiciário da 1ª Vara Judicial" }, "geometry": { "type": "Point", "coordinates": [ -49.581150492627167, -20.945053911825262 ] } },
{ "type": "Feature", "properties": { "id_municipio_ibge": 3524600, "nome_municipio": "Jacupiranga", "populacao_municipio": 16097, "id_foro": 3524600, "nome_foro": "Jacupiranga", "total_varas_foro": 3, "entrancia": "Entrância Inicial", "endereco_sede": "Avenida Presidente Kennedy , 299 - Centro, 11940-000", "latitude": -24.777362691455508, "longitude": -48.05387553699498, "id_cj": 21, "nome_cj": "21ª Registro", "id_raj": 7, "nome_raj": "7ª Santos", "populacao_foro": 51488, "qt_cidades_foro": 3, "cidades_no_foro": "Barra do Turvo, Cajati, Jacupiranga", "qt_cidades_cj": 13, "cidades_na_cj": "Barra do Turvo, Cajati, Cananéia, Eldorado, Iguape, Ilha Comprida, Iporanga, Jacupiranga, Juquiá, Miracatu, Pariquera-Açu, Registro, Sete Barras", "unidades": "Fórum Jacupiranga I, Fórum Jacupiranga II (Anexo do JEC – Barra do Turvo) (inativado)", "total_varas_municipio": 3, "varas_municipio": "1ª Vara Judicial, 2ª Vara Judicial, Juizado Especial Cível e Criminal", "varas_foro": "1ª Vara Judicial, 2ª Vara Judicial, Juizado Especial Cível e Criminal" }, "geometry": { "type": "Point", "coordinates": [ -48.05387553699498, -24.777362691455508 ] } },
{ "type": "Feature", "properties": { "id_municipio_ibge": 3524709, "nome_municipio": "Jaguariúna", "populacao_municipio": 59347, "id_foro": 3524709, "nome_foro": "Jaguariúna", "total_varas_foro": 3, "entrancia": "Entrância Intermediária", "endereco_sede": "Rua Santo Antônio de Posse , 259 - Jd. Dom Bosco (Loteamento Prefeitura), 13911-016", "latitude": -22.691981725193241, "longitude": -47.012774338423519, "id_cj": 54, "nome_cj": "54ª Amparo", "id_raj": 4, "nome_raj": "4ª Campinas", "populacao_foro": 82591, "qt_cidades_foro": 2, "cidades_no_foro": "Jaguariúna, Santo Antônio de Posse", "qt_cidades_cj": 9, "cidades_na_cj": "Amparo, Jaguariúna, Lindóia, Monte Alegre do Sul, Pedreira, Santo Antônio de Posse, Serra Negra, Socorro, Águas de Lindóia", "unidades": "Fórum I Jaguariúna (Prédio Principal), Fórum II Jaguariúna (Prédio Anexo do Juizado), Fórum III Jaguariúna (CEJUSC - UniFAJ) - (Sala na Faculdade de Jaguariúna)", "total_varas_municipio": 3, "varas_municipio": "1ª Vara Judicial, 2ª Vara Judicial, Juizado Especial Cível e Criminal", "varas_foro": "1ª Vara Judicial, 2ª Vara Judicial, Juizado Especial Cível e Criminal" }, "geometry": { "type": "Point", "coordinates": [ -47.012774338423519, -22.691981725193241 ] } },
{ "type": "Feature", "properties": { "id_municipio_ibge": 3524808, "nome_municipio": "Jales", "populacao_municipio": 48776, "id_foro": 3524808, "nome_foro": "Jales", "total_varas_foro": 5, "entrancia": "Entrância Final", "endereco_sede": "Rua Nove , 2.231 - Centro, 15700-018", "latitude": -20.285818407388149, "longitude": -50.554097412419267, "id_cj": 55, "nome_cj": "55ª Jales", "id_raj": 2, "nome_raj": "2ª Araçatuba", "populacao_foro": 68693, "qt_cidades_foro": 7, "cidades_no_foro": "Dirce Reis, Jales, Mesópolis, Paranapuã, Pontalinda, Santa Albertina, Vitória Brasil", "qt_cidades_cj": 23, "cidades_na_cj": "Aparecida d'Oeste, Aspásia, Auriflama, Dirce Reis, Guzolândia, Jales, Marinópolis, Mesópolis, Nova Canaã Paulista, Palmeira d'Oeste, Paranapuã, Pontalinda, Rubinéia, Santa Albertina, Santa Clara d'Oeste, Santa Fé do Sul, Santa Rita d'Oeste, Santa Salete, Santana da Ponte Pensa, São Francisco, Três Fronteiras, Urânia, Vitória Brasil", "unidades": "FÓRUM \"DR. JOVIANO PACHECO AGUIRRE\" - JALES, FÓRUM JALES - PRÉDIO II, FÓRUM JALES - PRÉDIO III (CEJUSC), FÓRUM JALES - PRÉDIO IV (UDAJ - UNIJALES)", "total_varas_municipio": 5, "varas_municipio": "1ª Vara Criminal, 1ª Vara Cível, 2ª Vara Criminal, 2ª Vara Cível, 3ª Vara Cível", "varas_foro": "1ª Vara Criminal, 1ª Vara Cível, 2ª Vara Criminal, 2ª Vara Cível, 3ª Vara Cível" }, "geometry": { "type": "Point", "coordinates": [ -50.554097412419267, -20.285818407388149 ] } },
{ "type": "Feature", "properties": { "id_municipio_ibge": 3524907, "nome_municipio": "Jambeiro", "populacao_municipio": 6397, "id_foro": 3508504, "nome_foro": "Caçapava", "total_varas_foro": 2, "entrancia": "Entrância Intermediária", "endereco_sede": "Rua Marques do Herval , 269 - Centro, 12281-050", "latitude": -23.103740331551936, "longitude": -45.713307578068019, "id_cj": 47, "nome_cj": "47ª Taubaté", "id_raj": 9, "nome_raj": "9ª São José dos Campos", "populacao_foro": 102599, "qt_cidades_foro": 2, "cidades_no_foro": "Caçapava, Jambeiro", "qt_cidades_cj": 11, "cidades_na_cj": "Campos do Jordão, Caçapava, Jambeiro, Lagoinha, Pindamonhangaba, Redenção da Serra, Santo Antônio do Pinhal, São Bento do Sapucaí, São Luiz do Paraitinga, Taubaté, Tremembé", "unidades": null, "total_varas_municipio": 0, "varas_municipio": null, "varas_foro": "1ª Vara Cível, 2ª Vara Cível" }, "geometry": { "type": "Point", "coordinates": [ -45.710593750459033, -23.279284546221074 ] } },
{ "type": "Feature", "properties": { "id_municipio_ibge": 3525003, "nome_municipio": "Jandira", "populacao_municipio": 118045, "id_foro": 3525003, "nome_foro": "Jandira", "total_varas_foro": 3, "entrancia": "Entrância Intermediária", "endereco_sede": "Avenida Antonio Bardella , 401 - JD. SÃO LUIZ, 06618-000", "latitude": -23.544151647623032, "longitude": -46.899684105067777, "id_cj": 4, "nome_cj": "4ª Osasco", "id_raj": 1, "nome_raj": "1ª Grande São Paulo", "populacao_foro": 118045, "qt_cidades_foro": 1, "cidades_no_foro": "Jandira", "qt_cidades_cj": 6, "cidades_na_cj": "Barueri, Carapicuíba, Jandira, Osasco, Pirapora do Bom Jesus, Santana de Parnaíba", "unidades": "Fórum de Jandira Des. CID NORBERTO VIEIRA DE SOUZA", "total_varas_municipio": 3, "varas_municipio": "1ª Vara Judicial, 2ª Vara Judicial, Juizado Especial Cível", "varas_foro": "1ª Vara Judicial, 2ª Vara Judicial, Juizado Especial Cível" }, "geometry": { "type": "Point", "coordinates": [ -46.899684105067777, -23.544151647623032 ] } },
{ "type": "Feature", "properties": { "id_municipio_ibge": 3525102, "nome_municipio": "Jardinópolis", "populacao_municipio": 45282, "id_foro": 3525102, "nome_foro": "Jardinópolis", "total_varas_foro": 3, "entrancia": "Entrância Inicial", "endereco_sede": "Rua Sete de Setembro , 241 - Centro, 14680000", "latitude": -20.992048702032452, "longitude": -47.826020590316489, "id_cj": 41, "nome_cj": "41ª Ribeirão Preto", "id_raj": 6, "nome_raj": "6ª Ribeirão Preto", "populacao_foro": 45282, "qt_cidades_foro": 1, "cidades_no_foro": "Jardinópolis", "qt_cidades_cj": 16, "cidades_na_cj": "Barrinha, Cajuru, Cravinhos, Cássia dos Coqueiros, Dumont, Guatapará, Jardinópolis, Luís Antônio, Pontal, Ribeirão Preto, Santa Cruz da Esperança, Santa Rosa de Viterbo, Serra Azul, Serrana, Sertãozinho, São Simão", "unidades": "CEJUSC Jardinópolis II, Fórum Jardinópolis I, Jardinópolis III (Residência Oficial)", "total_varas_municipio": 3, "varas_municipio": "1ª Vara, 2ª Vara Judicial, Vara Judicial", "varas_foro": "1ª Vara, 2ª Vara Judicial, Vara Judicial" }, "geometry": { "type": "Point", "coordinates": [ -47.826020590316489, -20.992048702032452 ] } },
{ "type": "Feature", "properties": { "id_municipio_ibge": 3525201, "nome_municipio": "Jarinu", "populacao_municipio": 37535, "id_foro": 3525201, "nome_foro": "Jarinu", "total_varas_foro": 1, "entrancia": "Entrância Inicial", "endereco_sede": "Avenida Dr. Antenor Soares Gandra , 465 - Jardim da Saúde, 13240-000", "latitude": -23.111969777200351, "longitude": -46.721309807263999, "id_cj": 6, "nome_cj": "6ª Bragança Paulista", "id_raj": 4, "nome_raj": "4ª Campinas", "populacao_foro": 37535, "qt_cidades_foro": 1, "cidades_no_foro": "Jarinu", "qt_cidades_cj": 11, "cidades_na_cj": "Atibaia, Bom Jesus dos Perdões, Bragança Paulista, Jarinu, Joanópolis, Nazaré Paulista, Pedra Bela, Pinhalzinho, Piracaia, Tuiuti, Vargem", "unidades": "Fórum \"Desembargador Antonio Joaquim de Oliveira\", Fórum II de Jarinu (CEJUSC)", "total_varas_municipio": 1, "varas_municipio": "Vara Judicial", "varas_foro": "Vara Judicial" }, "geometry": { "type": "Point", "coordinates": [ -46.721309807263999, -23.111969777200351 ] } },
{ "type": "Feature", "properties": { "id_municipio_ibge": 3525300, "nome_municipio": "Jaú", "populacao_municipio": 133497, "id_foro": 3525300, "nome_foro": "Jaú", "total_varas_foro": 8, "entrancia": "Entrância Intermediária", "endereco_sede": "Avenida Rodolpho Magnani , s/n - Centro, 17210-100", "latitude": -22.296078899740348, "longitude": -48.556055554380116, "id_cj": 33, "nome_cj": "33ª Jaú", "id_raj": 3, "nome_raj": "3ª Bauru", "populacao_foro": 169645, "qt_cidades_foro": 4, "cidades_no_foro": "Bocaina, Itapuí, Jaú, Mineiros do Tietê", "qt_cidades_cj": 12, "cidades_na_cj": "Bariri, Barra Bonita, Bocaina, Boracéia, Dois Córregos, Igaraçu do Tietê, Itaju, Itapuí, Jaú, Macatuba, Mineiros do Tietê, Pederneiras", "unidades": "Fórum Jaú I - Antonio Hermógenes Altenfelder Silva, Fórum Jaú II, Fórum Jaú II (CEJUSC), Fórum Jaú II - Setor Técnico de Psicologia e Assistentes Sociais, Fórum Jaú III (Anexo do JEC - FJAU)", "total_varas_municipio": 8, "varas_municipio": "1ª Vara Criminal, 1ª Vara Cível, 2ª Vara Criminal, 2ª Vara Cível, 3ª Vara Cível, 4ª Vara Cível, Ofício do Juizado Especial Cível, Vara do Juizado Especial Cível e Criminal", "varas_foro": "1ª Vara Criminal, 1ª Vara Cível, 2ª Vara Criminal, 2ª Vara Cível, 3ª Vara Cível, 4ª Vara Cível, Ofício do Juizado Especial Cível, Vara do Juizado Especial Cível e Criminal" }, "geometry": { "type": "Point", "coordinates": [ -48.556055554380116, -22.296078899740348 ] } },
{ "type": "Feature", "properties": { "id_municipio_ibge": 3525409, "nome_municipio": "Jeriquara", "populacao_municipio": 3863, "id_foro": 3537008, "nome_foro": "Pedregulho", "total_varas_foro": 3, "entrancia": "Entrância Inicial", "endereco_sede": "Praça Padre Luís Sávio , s/n - centro, 14470-000", "latitude": -20.205591939297193, "longitude": -47.439060221283761, "id_cj": 38, "nome_cj": "38ª Franca", "id_raj": 6, "nome_raj": "6ª Ribeirão Preto", "populacao_foro": 23437, "qt_cidades_foro": 3, "cidades_no_foro": "Jeriquara, Pedregulho, Rifaina", "qt_cidades_cj": 10, "cidades_na_cj": "Cristais Paulista, Franca, Itirapuã, Jeriquara, Patrocínio Paulista, Pedregulho, Restinga, Ribeirão Corrente, Rifaina, São José da Bela Vista", "unidades": null, "total_varas_municipio": 0, "varas_municipio": null, "varas_foro": "Juizado Especial Cível, Juizado Especial Cível e Criminal de Pedregulho, Vara Judicial" }, "geometry": { "type": "Point", "coordinates": [ -47.57419263082997, -20.340127069856365 ] } },
{ "type": "Feature", "properties": { "id_municipio_ibge": 3525508, "nome_municipio": "Joanópolis", "populacao_municipio": 12815, "id_foro": 3538600, "nome_foro": "Piracaia", "total_varas_foro": 4, "entrancia": "Entrância Inicial", "endereco_sede": "Rua Benedito Vieira da Silva , 300 - Centro, 12970-000", "latitude": -23.046870727700668, "longitude": -46.302275985553024, "id_cj": 6, "nome_cj": "6ª Bragança Paulista", "id_raj": 4, "nome_raj": "4ª Campinas", "populacao_foro": 38844, "qt_cidades_foro": 2, "cidades_no_foro": "Joanópolis, Piracaia", "qt_cidades_cj": 11, "cidades_na_cj": "Atibaia, Bom Jesus dos Perdões, Bragança Paulista, Jarinu, Joanópolis, Nazaré Paulista, Pedra Bela, Pinhalzinho, Piracaia, Tuiuti, Vargem", "unidades": null, "total_varas_municipio": 0, "varas_municipio": null, "varas_foro": "1ª Vara Judicial, 2ª Vara Judicial, Gabinetes da Primeira Vara e Segunda Vara, Juizado Especial Cível e Criminal" }, "geometry": { "type": "Point", "coordinates": [ -46.209186359177416, -22.938802538035134 ] } },
{ "type": "Feature", "properties": { "id_municipio_ibge": 3525607, "nome_municipio": "João Ramalho", "populacao_municipio": 4371, "id_foro": 3541703, "nome_foro": "Quatá", "total_varas_foro": 2, "entrancia": "Entrância Inicial", "endereco_sede": "Avenida Rui Barbosa , 844 - Centro, 19780-000", "latitude": -22.205937544980561, "longitude": -50.645295608340021, "id_cj": 26, "nome_cj": "26ª Assis", "id_raj": 5, "nome_raj": "5ª Presidente Prudente", "populacao_foro": 17534, "qt_cidades_foro": 2, "cidades_no_foro": "João Ramalho, Quatá", "qt_cidades_cj": 18, "cidades_na_cj": "Assis, Borá, Campos Novos Paulista, Cruzália, Cândido Mota, Echaporã, Florínia, Ibirarema, João Ramalho, Lutécia, Maracaí, Oscar Bressane, Palmital, Paraguaçu Paulista, Pedrinhas Paulista, Platina, Quatá, Tarumã", "unidades": null, "total_varas_municipio": 0, "varas_municipio": null, "varas_foro": "Juizado Especial Cível, Vara Judicial" }, "geometry": { "type": "Point", "coordinates": [ -50.799149905738155, -22.277956413598062 ] } },
{ "type": "Feature", "properties": { "id_municipio_ibge": 3525706, "nome_municipio": "José Bonifácio", "populacao_municipio": 36633, "id_foro": 3525706, "nome_foro": "José Bonifácio", "total_varas_foro": 0, "entrancia": "Entrância Inicial", "endereco_sede": "Av. Campos  Sales, , 341 - centro, 15200-000", "latitude": -21.089365901480441, "longitude": -49.779315458276379, "id_cj": 16, "nome_cj": "16ª São José do Rio Preto", "id_raj": 8, "nome_raj": "8ª São José do Rio Preto", "populacao_foro": 52508, "qt_cidades_foro": 4, "cidades_no_foro": "Adolfo, José Bonifácio, Mendonça, Ubarana", "qt_cidades_cj": 33, "cidades_na_cj": "Adolfo, Américo de Campos, Bady Bassitt, Bálsamo, Cedral, Cosmorama, Guapiaçu, Icém, Ipiguá, Jaci, José Bonifácio, Macaubal, Mendonça, Mirassol, Mirassolândia, Monte Aprazível, Neves Paulista, Nipoã, Nova Aliança, Nova Granada, Onda Verde, Orindiúva, Palestina, Paulo de Faria, Poloni, Potirendaba, Riolândia, Sebastianópolis do Sul, São José do Rio Preto, Tanabi, Ubarana, Uchoa, União Paulista", "unidades": "Fórum José Bonifácio - II (CEJUSC), Fórum José Bonifácio I (Principal), Fórum José Bonifácio Prédio IV - (Setor Anexo Fiscal), Fórum José Bonifácio [Desativado]", "total_varas_municipio": 0, "varas_municipio": null, "varas_foro": null }, "geometry": { "type": "Point", "coordinates": [ -49.779315458276379, -21.089365901480441 ] } },
{ "type": "Feature", "properties": { "id_municipio_ibge": 3525805, "nome_municipio": "Júlio Mesquita", "populacao_municipio": 4254, "id_foro": 3508801, "nome_foro": "Cafelândia", "total_varas_foro": 2, "entrancia": "Entrância Inicial", "endereco_sede": "Avenida Dionísia Zucchi , 330 - centro, 16503034", "latitude": -21.731146931511869, "longitude": -49.548691771064128, "id_cj": 35, "nome_cj": "35ª Lins", "id_raj": 2, "nome_raj": "2ª Araçatuba", "populacao_foro": 27335, "qt_cidades_foro": 3, "cidades_no_foro": "Cafelândia, Guarantã, Júlio Mesquita", "qt_cidades_cj": 9, "cidades_na_cj": "Cafelândia, Getulina, Guaimbê, Guaiçara, Guarantã, Júlio Mesquita, Lins, Promissão, Sabino", "unidades": null, "total_varas_municipio": 0, "varas_municipio": null, "varas_foro": "Ofício Judicial (vara única), Vara Judicial" }, "geometry": { "type": "Point", "coordinates": [ -49.793358171526513, -21.972955785823 ] } },
{ "type": "Feature", "properties": { "id_municipio_ibge": 3525854, "nome_municipio": "Jumirim", "populacao_municipio": 3056, "id_foro": 3554508, "nome_foro": "Tietê", "total_varas_foro": 3, "entrancia": "Entrância Inicial", "endereco_sede": "Av. XI de Agosto , 130 - centro, 18530-000", "latitude": -23.049411939126589, "longitude": -47.707669379787731, "id_cj": 34, "nome_cj": "34ª Piracicaba", "id_raj": 4, "nome_raj": "4ª Campinas", "populacao_foro": 40719, "qt_cidades_foro": 2, "cidades_no_foro": "Jumirim, Tietê", "qt_cidades_cj": 16, "cidades_na_cj": "Capivari, Cerquilho, Charqueada, Elias Fausto, Jumirim, Laranjal Paulista, Mombuca, Monte Mor, Piracicaba, Rafard, Rio das Pedras, Saltinho, Santa Maria da Serra, São Pedro, Tietê, Águas de São Pedro", "unidades": null, "total_varas_municipio": 0, "varas_municipio": null, "varas_foro": "1ª Vara Judicial, 2ª Vara Judicial, Juizado Especial Cível" }, "geometry": { "type": "Point", "coordinates": [ -47.788126056045158, -23.099632368121718 ] } },
{ "type": "Feature", "properties": { "id_municipio_ibge": 3525904, "nome_municipio": "Jundiaí", "populacao_municipio": 443221, "id_foro": 3525904, "nome_foro": "Jundiaí", "total_varas_foro": 17, "entrancia": "Entrância Final", "endereco_sede": "Largo São Bento , s/nº - Centro, 13201-035", "latitude": -23.194607493643787, "longitude": -46.913012423273564, "id_cj": 5, "nome_cj": "5ª Jundiaí", "id_raj": 4, "nome_raj": "4ª Campinas", "populacao_foro": 443221, "qt_cidades_foro": 1, "cidades_no_foro": "Jundiaí", "qt_cidades_cj": 12, "cidades_na_cj": "Caieiras, Cajamar, Campo Limpo Paulista, Francisco Morato, Franco da Rocha, Itatiba, Itupeva, Jundiaí, Louveira, Morungaba, Vinhedo, Várzea Paulista", "unidades": "Fórum Jundiaí I - (Principal), Fórum Jundiaí II - (Anexo Fiscal), Fórum Jundiaí III - (Anexo do JEC – FACULD. DIREITO PE. ANCHIETA)", "total_varas_municipio": 17, "varas_municipio": "1ª Vara Criminal, 1ª Vara Cível, 1ª Vara da Família e das Sucessões, 2ª Vara Criminal, 2ª Vara Cível, 2ª Vara da Família e das Sucessões, 3ª Vara Criminal, 3ª Vara Cível, 3ª Vara da Família e das Sucessões, 4ª Vara Cível, 5ª Vara Cível, 6ª Vara Cível, Execuções Criminais e da Infância e da Juventude, Juizado Especial Cível, Vara da Fazenda Pública, Vara do Juizado Especial Cível, Vara do Júri", "varas_foro": "1ª Vara Criminal, 1ª Vara Cível, 1ª Vara da Família e das Sucessões, 2ª Vara Criminal, 2ª Vara Cível, 2ª Vara da Família e das Sucessões, 3ª Vara Criminal, 3ª Vara Cível, 3ª Vara da Família e das Sucessões, 4ª Vara Cível, 5ª Vara Cível, 6ª Vara Cível, Execuções Criminais e da Infância e da Juventude, Juizado Especial Cível, Vara da Fazenda Pública, Vara do Juizado Especial Cível, Vara do Júri" }, "geometry": { "type": "Point", "coordinates": [ -46.913012423273564, -23.194607493643787 ] } },
{ "type": "Feature", "properties": { "id_municipio_ibge": 3526001, "nome_municipio": "Junqueirópolis", "populacao_municipio": 20448, "id_foro": 3526001, "nome_foro": "Junqueirópolis", "total_varas_foro": 2, "entrancia": "Entrância Inicial", "endereco_sede": "Avenida 7 de Setembro , 1237 - Centro, 17890-000", "latitude": -21.448922591576313, "longitude": -51.435060416620637, "id_cj": 29, "nome_cj": "29ª Dracena", "id_raj": 5, "nome_raj": "5ª Presidente Prudente", "populacao_foro": 20448, "qt_cidades_foro": 1, "cidades_no_foro": "Junqueirópolis", "qt_cidades_cj": 13, "cidades_na_cj": "Dracena, Flora Rica, Irapuru, Junqueirópolis, Monte Castelo, Nova Guataporanga, Ouro Verde, Pacaembu, Panorama, Paulicéia, Santa Mercedes, São João do Pau d'Alho, Tupi Paulista", "unidades": "Fórum II Junqueirópolis (CEJUSC), Fórum Junqueirópolis", "total_varas_municipio": 2, "varas_municipio": "Juizado Especial Cível, Vara Judicial", "varas_foro": "Juizado Especial Cível, Vara Judicial" }, "geometry": { "type": "Point", "coordinates": [ -51.435060416620637, -21.448922591576313 ] } },
{ "type": "Feature", "properties": { "id_municipio_ibge": 3526100, "nome_municipio": "Juquiá", "populacao_municipio": 17154, "id_foro": 3526100, "nome_foro": "Juquiá", "total_varas_foro": 2, "entrancia": "Entrância Inicial", "endereco_sede": "Rua Major Martins Coelho , 439 - Centro, 11800-000", "latitude": -24.213669496574166, "longitude": -47.65226402519442, "id_cj": 21, "nome_cj": "21ª Registro", "id_raj": 7, "nome_raj": "7ª Santos", "populacao_foro": 17154, "qt_cidades_foro": 1, "cidades_no_foro": "Juquiá", "qt_cidades_cj": 13, "cidades_na_cj": "Barra do Turvo, Cajati, Cananéia, Eldorado, Iguape, Ilha Comprida, Iporanga, Jacupiranga, Juquiá, Miracatu, Pariquera-Açu, Registro, Sete Barras", "unidades": "Fórum Juquiá", "total_varas_municipio": 2, "varas_municipio": "Juizado Especial Cível, Vara Judicial", "varas_foro": "Juizado Especial Cível, Vara Judicial" }, "geometry": { "type": "Point", "coordinates": [ -47.65226402519442, -24.213669496574166 ] } },
{ "type": "Feature", "properties": { "id_municipio_ibge": 3526209, "nome_municipio": "Juquitiba", "populacao_municipio": 27404, "id_foro": 3522208, "nome_foro": "Itapecerica da Serra", "total_varas_foro": 5, "entrancia": "Entrância Final", "endereco_sede": "Rua Major Matheus Rotger Domingues , 155 - Centro, 06850-850", "latitude": -23.737198937333201, "longitude": -46.858805196593451, "id_cj": 52, "nome_cj": "52ª Itapecerica da Serra", "id_raj": 1, "nome_raj": "1ª Grande São Paulo", "populacao_foro": 201993, "qt_cidades_foro": 3, "cidades_no_foro": "Itapecerica da Serra, Juquitiba, São Lourenço da Serra", "qt_cidades_cj": 9, "cidades_na_cj": "Cotia, Embu das Artes, Embu-Guaçu, Itapecerica da Serra, Itapevi, Juquitiba, São Lourenço da Serra, Taboão da Serra, Vargem Grande Paulista", "unidades": "Foro de Juquitiba", "total_varas_municipio": 0, "varas_municipio": null, "varas_foro": "1ª Vara Judicial, 2ª Vara Judicial, 3ª Vara Judicial, 4ª Vara, Juizado Especial Cível" }, "geometry": { "type": "Point", "coordinates": [ -47.024626903083245, -23.955192319162343 ] } },
{ "type": "Feature", "properties": { "id_municipio_ibge": 3526308, "nome_municipio": "Lagoinha", "populacao_municipio": 5083, "id_foro": 3550001, "nome_foro": "São Luiz do Paraitinga", "total_varas_foro": 2, "entrancia": "Entrância Inicial", "endereco_sede": "Via de Acesso Vereador José Adolfo Pinto de Souza , s/n - Várzea dos Passarinhos, 12140-000", "latitude": -23.240103730878989, "longitude": -45.253825305919165, "id_cj": 47, "nome_cj": "47ª Taubaté", "id_raj": 9, "nome_raj": "9ª São José dos Campos", "populacao_foro": 15420, "qt_cidades_foro": 2, "cidades_no_foro": "Lagoinha, São Luiz do Paraitinga", "qt_cidades_cj": 11, "cidades_na_cj": "Campos do Jordão, Caçapava, Jambeiro, Lagoinha, Pindamonhangaba, Redenção da Serra, Santo Antônio do Pinhal, São Bento do Sapucaí, São Luiz do Paraitinga, Taubaté, Tremembé", "unidades": null, "total_varas_municipio": 0, "varas_municipio": null, "varas_foro": "Juizado Especial Cível e Criminal, Vara Judicial" }, "geometry": { "type": "Point", "coordinates": [ -45.206785511257522, -23.085799794448445 ] } },
{ "type": "Feature", "properties": { "id_municipio_ibge": 3526407, "nome_municipio": "Laranjal Paulista", "populacao_municipio": 26261, "id_foro": 3526407, "nome_foro": "Laranjal Paulista", "total_varas_foro": 2, "entrancia": "Entrância Inicial", "endereco_sede": "Avenida Prefeito Hermelindo Pillon , s/n - Jardim Elite, 18500-000", "latitude": -23.012174981902223, "longitude": -47.865683385731771, "id_cj": 34, "nome_cj": "34ª Piracicaba", "id_raj": 4, "nome_raj": "4ª Campinas", "populacao_foro": 26261, "qt_cidades_foro": 1, "cidades_no_foro": "Laranjal Paulista", "qt_cidades_cj": 16, "cidades_na_cj": "Capivari, Cerquilho, Charqueada, Elias Fausto, Jumirim, Laranjal Paulista, Mombuca, Monte Mor, Piracicaba, Rafard, Rio das Pedras, Saltinho, Santa Maria da Serra, São Pedro, Tietê, Águas de São Pedro", "unidades": "Fórum Deputado José Costa, Fórum II Laranjal Paulista (Residência Oficial) (Desativado)", "total_varas_municipio": 2, "varas_municipio": "Juizado Especial Cível, Vara Judicial", "varas_foro": "Juizado Especial Cível, Vara Judicial" }, "geometry": { "type": "Point", "coordinates": [ -47.865683385731771, -23.012174981902223 ] } },
{ "type": "Feature", "properties": { "id_municipio_ibge": 3526506, "nome_municipio": "Lavínia", "populacao_municipio": 9689, "id_foro": 3530102, "nome_foro": "Mirandópolis", "total_varas_foro": 3, "entrancia": "Entrância Inicial", "endereco_sede": "Rua Adelino Minari , 726 - Centro, 16800-000", "latitude": -21.081085580381888, "longitude": -51.130531906892152, "id_cj": 37, "nome_cj": "37ª Andradina", "id_raj": 2, "nome_raj": "2ª Araçatuba", "populacao_foro": 45113, "qt_cidades_foro": 3, "cidades_no_foro": "Guaraçaí, Lavínia, Mirandópolis", "qt_cidades_cj": 12, "cidades_na_cj": "Andradina, Castilho, Guaraçaí, Ilha Solteira, Itapura, Lavínia, Mirandópolis, Murutinga do Sul, Nova Independência, Pereira Barreto, Sud Mennucci, Suzanápolis", "unidades": null, "total_varas_municipio": 0, "varas_municipio": null, "varas_foro": "1ª Vara Judicial, 2ª Vara Judicial, Juizado Especial Cível e Criminal" }, "geometry": { "type": "Point", "coordinates": [ -51.032617243786774, -21.150775946238145 ] } },
{ "type": "Feature", "properties": { "id_municipio_ibge": 3526605, "nome_municipio": "Lavrinhas", "populacao_municipio": 7171, "id_foro": 3513405, "nome_foro": "Cruzeiro", "total_varas_foro": 4, "entrancia": "Entrância Intermediária", "endereco_sede": "Rua Francisco Marzano , 100 - Vila Celestina, 12710-900", "latitude": -22.551429992324532, "longitude": -45.006287636936356, "id_cj": 48, "nome_cj": "48ª Guaratinguetá", "id_raj": 9, "nome_raj": "9ª São José dos Campos", "populacao_foro": 82132, "qt_cidades_foro": 2, "cidades_no_foro": "Cruzeiro, Lavrinhas", "qt_cidades_cj": 17, "cidades_na_cj": "Aparecida, Arapeí, Areias, Bananal, Cachoeira Paulista, Canas, Cruzeiro, Cunha, Guaratinguetá, Lavrinhas, Lorena, Piquete, Potim, Queluz, Roseira, Silveiras, São José do Barreiro", "unidades": null, "total_varas_municipio": 0, "varas_municipio": null, "varas_foro": "1ª Vara Judicial, 2ª Vara Judicial, 3ª Vara Judicial, Vara do Juizado Especial Cível e Criminal" }, "geometry": { "type": "Point", "coordinates": [ -44.888859543707909, -22.520357796104765 ] } },
{ "type": "Feature", "properties": { "id_municipio_ibge": 3526704, "nome_municipio": "Leme", "populacao_municipio": 98161, "id_foro": 3526704, "nome_foro": "Leme", "total_varas_foro": 4, "entrancia": "Entrância Intermediária", "endereco_sede": "Rua Bernardino de Campos , 770 - Centro, 13610-901", "latitude": -22.172152285313231, "longitude": -47.337624951954488, "id_cj": 11, "nome_cj": "11ª Pirassununga", "id_raj": 4, "nome_raj": "4ª Campinas", "populacao_foro": 102438, "qt_cidades_foro": 2, "cidades_no_foro": "Leme, Santa Cruz da Conceição", "qt_cidades_cj": 5, "cidades_na_cj": "Leme, Pirassununga, Porto Ferreira, Santa Cruz da Conceição, Santa Rita do Passa Quatro", "unidades": "Fórum Dr Oscar Ulson, Fórum II Leme - (Juizado Especial), Fórum III Leme - (CEJUSC), Fórum III Leme - (CEJUSC) - Desativado, Fórum IV Leme - (Anexo do JEC - UNIFIAN)", "total_varas_municipio": 4, "varas_municipio": "1ª Vara Judicial, 2ª Vara Judicial, 3ª Vara Judicial, Vara Criminal", "varas_foro": "1ª Vara Judicial, 2ª Vara Judicial, 3ª Vara Judicial, Vara Criminal" }, "geometry": { "type": "Point", "coordinates": [ -47.337624951954488, -22.172152285313231 ] } },
{ "type": "Feature", "properties": { "id_municipio_ibge": 3526803, "nome_municipio": "Lençóis Paulista", "populacao_municipio": 66505, "id_foro": 3526803, "nome_foro": "Lençóis Paulista", "total_varas_foro": 4, "entrancia": "Entrância Intermediária", "endereco_sede": "Rua Anita Garibaldi , 797 - Centro, 18682-043", "latitude": -22.676114210633273, "longitude": -48.825027355429491, "id_cj": 32, "nome_cj": "32ª Bauru", "id_raj": 3, "nome_raj": "3ª Bauru", "populacao_foro": 69218, "qt_cidades_foro": 2, "cidades_no_foro": "Borebi, Lençóis Paulista", "qt_cidades_cj": 18, "cidades_na_cj": "Agudos, Arealva, Avaí, Balbinos, Bauru, Borebi, Cabrália Paulista, Duartina, Lençóis Paulista, Lucianópolis, Paulistânia, Pirajuí, Piratininga, Pongaí, Presidente Alves, Reginópolis, Ubirajara, Uru", "unidades": "Centro Judiciário de Solução de Conflitos e Cidadania da Comarca de Lençóis Pta., Fórum Lençóis Paulista I - (Octávio Pinheiro Brizola), Setor das Execuções Fiscais da Comarca de Lençóis Paulista", "total_varas_municipio": 4, "varas_municipio": "1ª Vara Judicial, 2ª Vara Judicial, 3ª Vara Judicial, Juizado Especial Cível", "varas_foro": "1ª Vara Judicial, 2ª Vara Judicial, 3ª Vara Judicial, Juizado Especial Cível" }, "geometry": { "type": "Point", "coordinates": [ -48.825027355429491, -22.676114210633273 ] } },
{ "type": "Feature", "properties": { "id_municipio_ibge": 3526902, "nome_municipio": "Limeira", "populacao_municipio": 291869, "id_foro": 3526902, "nome_foro": "Limeira", "total_varas_foro": 7, "entrancia": "Entrância Final", "endereco_sede": "VIA ANTONIO CRUÃNES FILHO , 300 - JD STA CECILIA, 13480-672", "latitude": -22.598515429763935, "longitude": -47.363708573768164, "id_cj": 10, "nome_cj": "10ª Limeira", "id_raj": 4, "nome_raj": "4ª Campinas", "populacao_foro": 313836, "qt_cidades_foro": 2, "cidades_no_foro": "Iracemápolis, Limeira", "qt_cidades_cj": 4, "cidades_na_cj": "Araras, Cordeirópolis, Iracemápolis, Limeira", "unidades": "FORUM DA COMARCA DE LIMEIRA I (CÍVEL), FÓRUM DA COMARCA DE LIMEIRA II (CRIMINAL), FÓRUM DA COMARCA DE LIMEIRA III (CEJUSC), FÓRUM DA COMARCA DE LIMEIRA IV (Anexo do JEC - UAAJ - IRACEMÁPOLIS), LIMEIRA (Desativado), LIMERIA (Desativado)", "total_varas_municipio": 7, "varas_municipio": "1ª Vara Criminal, 1ª Vara Cível, 2ª Vara Criminal, 2ª Vara Cível, 3ª Vara Criminal, 3ª Vara Cível, 4ª Vara Cível", "varas_foro": "1ª Vara Criminal, 1ª Vara Cível, 2ª Vara Criminal, 2ª Vara Cível, 3ª Vara Criminal, 3ª Vara Cível, 4ª Vara Cível" }, "geometry": { "type": "Point", "coordinates": [ -47.363708573768164, -22.598515429763935 ] } },
{ "type": "Feature", "properties": { "id_municipio_ibge": 3527009, "nome_municipio": "Lindóia", "populacao_municipio": 7014, "id_foro": 3500501, "nome_foro": "Águas de Lindóia", "total_varas_foro": 1, "entrancia": "Entrância Inicial", "endereco_sede": "Rua Francisco Spartani , 66 - Jd. Le Villete, 13940-000", "latitude": -22.474824935145158, "longitude": -46.6036501530808, "id_cj": 54, "nome_cj": "54ª Amparo", "id_raj": 4, "nome_raj": "4ª Campinas", "populacao_foro": 24944, "qt_cidades_foro": 2, "cidades_no_foro": "Lindóia, Águas de Lindóia", "qt_cidades_cj": 9, "cidades_na_cj": "Amparo, Jaguariúna, Lindóia, Monte Alegre do Sul, Pedreira, Santo Antônio de Posse, Serra Negra, Socorro, Águas de Lindóia", "unidades": null, "total_varas_municipio": 0, "varas_municipio": null, "varas_foro": "Vara Judicial" }, "geometry": { "type": "Point", "coordinates": [ -46.655044854321496, -22.513376499663728 ] } },
{ "type": "Feature", "properties": { "id_municipio_ibge": 3527108, "nome_municipio": "Lins", "populacao_municipio": 74779, "id_foro": 3527108, "nome_foro": "Lins", "total_varas_foro": 7, "entrancia": "Entrância Final", "endereco_sede": "Rua Gil Pimentel Moura , 51 - Jd. Americano, 16400-920", "latitude": -21.649742729536531, "longitude": -49.682862150569854, "id_cj": 35, "nome_cj": "35ª Lins", "id_raj": 2, "nome_raj": "2ª Araçatuba", "populacao_foro": 91130, "qt_cidades_foro": 3, "cidades_no_foro": "Guaiçara, Lins, Sabino", "qt_cidades_cj": 9, "cidades_na_cj": "Cafelândia, Getulina, Guaimbê, Guaiçara, Guarantã, Júlio Mesquita, Lins, Promissão, Sabino", "unidades": "Fórum Lins I, Fórum Lins II - Arquivo e Depósito, Fórum Lins III - CEJUSC, Fórum Lins IV - CEJUSC (Polícia)", "total_varas_municipio": 7, "varas_municipio": "1ª Vara Criminal, 1ª Vara Cível, 2ª Vara Criminal, 2ª Vara Cível, 3ª Vara Cível, Ofício do Juizado Especial Cível, Vara do Juizado Especial Cível", "varas_foro": "1ª Vara Criminal, 1ª Vara Cível, 2ª Vara Criminal, 2ª Vara Cível, 3ª Vara Cível, Ofício do Juizado Especial Cível, Vara do Juizado Especial Cível" }, "geometry": { "type": "Point", "coordinates": [ -49.682862150569854, -21.649742729536531 ] } },
{ "type": "Feature", "properties": { "id_municipio_ibge": 3527207, "nome_municipio": "Lorena", "populacao_municipio": 84855, "id_foro": 3527207, "nome_foro": "Lorena", "total_varas_foro": 4, "entrancia": "Entrância Intermediária", "endereco_sede": "Rua Doutor Epitácio Santiago , 99 - Centro, 12600-530", "latitude": -22.793969750744992, "longitude": -45.059992568195845, "id_cj": 48, "nome_cj": "48ª Guaratinguetá", "id_raj": 9, "nome_raj": "9ª São José dos Campos", "populacao_foro": 89786, "qt_cidades_foro": 2, "cidades_no_foro": "Canas, Lorena", "qt_cidades_cj": 17, "cidades_na_cj": "Aparecida, Arapeí, Areias, Bananal, Cachoeira Paulista, Canas, Cruzeiro, Cunha, Guaratinguetá, Lavrinhas, Lorena, Piquete, Potim, Queluz, Roseira, Silveiras, São José do Barreiro", "unidades": "Fórum Lorena, Fórum Lorena II - (CEJUSC - Prédio do Mercado Municipal de Lorena), Fórum Lorena III - (Setor de Execução Fiscal)", "total_varas_municipio": 4, "varas_municipio": "1ª Vara Judicial, 2ª Vara Judicial, 3ª Vara Judicial, Juizado Especial Cível e Criminal", "varas_foro": "1ª Vara Judicial, 2ª Vara Judicial, 3ª Vara Judicial, Juizado Especial Cível e Criminal" }, "geometry": { "type": "Point", "coordinates": [ -45.059992568195845, -22.793969750744992 ] } },
{ "type": "Feature", "properties": { "id_municipio_ibge": 3527256, "nome_municipio": "Lourdes", "populacao_municipio": 1950, "id_foro": 3508108, "nome_foro": "Buritama", "total_varas_foro": 2, "entrancia": "Entrância Inicial", "endereco_sede": "Avenida Frei Marcelo Manilia , 739 - Centro, 15290-000", "latitude": -21.049110632537641, "longitude": -50.200223959610859, "id_cj": 36, "nome_cj": "36ª Araçatuba", "id_raj": 2, "nome_raj": "2ª Araçatuba", "populacao_foro": 28059, "qt_cidades_foro": 5, "cidades_no_foro": "Buritama, Lourdes, Planalto, Turiúba, Zacarias", "qt_cidades_cj": 26, "cidades_na_cj": "Alto Alegre, Araçatuba, Avanhandava, Barbosa, Bento de Abreu, Bilac, Birigui, Braúna, Brejo Alegre, Buritama, Clementina, Coroados, Gabriel Monteiro, Glicério, Guararapes, Lourdes, Luiziânia, Penápolis, Piacatu, Planalto, Rubiácea, Santo Antônio do Aracanguá, Santópolis do Aguapeí, Turiúba, Valparaíso, Zacarias", "unidades": null, "total_varas_municipio": 0, "varas_municipio": null, "varas_foro": "Juizado Especial Cível e Criminal, Vara Cível" }, "geometry": { "type": "Point", "coordinates": [ -50.234040750025244, -20.949138458135462 ] } },
{ "type": "Feature", "properties": { "id_municipio_ibge": 3527306, "nome_municipio": "Louveira", "populacao_municipio": 51847, "id_foro": 3527306, "nome_foro": "Louveira", "total_varas_foro": 0, "entrancia": "Entrância Inicial", "endereco_sede": "Rua Antonio Schiamanna , 126 - Vila Nova, 13290-024", "latitude": -23.084042066600194, "longitude": -46.937610331914549, "id_cj": 5, "nome_cj": "5ª Jundiaí", "id_raj": 4, "nome_raj": "4ª Campinas", "populacao_foro": 51847, "qt_cidades_foro": 1, "cidades_no_foro": "Louveira", "qt_cidades_cj": 12, "cidades_na_cj": "Caieiras, Cajamar, Campo Limpo Paulista, Francisco Morato, Franco da Rocha, Itatiba, Itupeva, Jundiaí, Louveira, Morungaba, Vinhedo, Várzea Paulista", "unidades": "Desembargador Lourenço Agostinho Abbá Filho", "total_varas_municipio": 0, "varas_municipio": null, "varas_foro": null }, "geometry": { "type": "Point", "coordinates": [ -46.937610331914549, -23.084042066600194 ] } },
{ "type": "Feature", "properties": { "id_municipio_ibge": 3527405, "nome_municipio": "Lucélia", "populacao_municipio": 20061, "id_foro": 3527405, "nome_foro": "Lucélia", "total_varas_foro": 1, "entrancia": "Entrância Inicial", "endereco_sede": "Praça José Firpo , s/nº - Centro, 17780-000", "latitude": -21.644132233918679, "longitude": -50.99165950606271, "id_cj": 30, "nome_cj": "30ª Tupã", "id_raj": 5, "nome_raj": "5ª Presidente Prudente", "populacao_foro": 26254, "qt_cidades_foro": 3, "cidades_no_foro": "Inúbia Paulista, Lucélia, Pracinha", "qt_cidades_cj": 17, "cidades_na_cj": "Adamantina, Arco-Íris, Bastos, Flórida Paulista, Herculândia, Iacri, Inúbia Paulista, Lucélia, Mariápolis, Osvaldo Cruz, Parapuã, Pracinha, Queiroz, Rinópolis, Sagres, Salmourão, Tupã", "unidades": "Fórum Lucéila (Juizado Especial), Fórum Lucélia", "total_varas_municipio": 1, "varas_municipio": "Juizado Especial Cível e Criminal", "varas_foro": "Juizado Especial Cível e Criminal" }, "geometry": { "type": "Point", "coordinates": [ -50.99165950606271, -21.644132233918679 ] } },
{ "type": "Feature", "properties": { "id_municipio_ibge": 3527504, "nome_municipio": "Lucianópolis", "populacao_municipio": 2372, "id_foro": 3514502, "nome_foro": "Duartina", "total_varas_foro": 2, "entrancia": "Entrância Inicial", "endereco_sede": "Rua Sete de Setembro , 486 - centro, 17470-000", "latitude": -22.393295039545052, "longitude": -49.413357814195273, "id_cj": 32, "nome_cj": "32ª Bauru", "id_raj": 3, "nome_raj": "3ª Bauru", "populacao_foro": 24131, "qt_cidades_foro": 4, "cidades_no_foro": "Cabrália Paulista, Duartina, Lucianópolis, Ubirajara", "qt_cidades_cj": 18, "cidades_na_cj": "Agudos, Arealva, Avaí, Balbinos, Bauru, Borebi, Cabrália Paulista, Duartina, Lençóis Paulista, Lucianópolis, Paulistânia, Pirajuí, Piratininga, Pongaí, Presidente Alves, Reginópolis, Ubirajara, Uru", "unidades": null, "total_varas_municipio": 0, "varas_municipio": null, "varas_foro": "Juizado Especial Cível e Criminal, Vara Judicial" }, "geometry": { "type": "Point", "coordinates": [ -49.550294281977813, -22.473353238231397 ] } },
{ "type": "Feature", "properties": { "id_municipio_ibge": 3527603, "nome_municipio": "Luís Antônio", "populacao_municipio": 12265, "id_foro": 3550902, "nome_foro": "São Simão", "total_varas_foro": 3, "entrancia": "Entrância Inicial", "endereco_sede": "Rua Marechal Deodoro da Fonseca , 553 - Centro, 14200-000", "latitude": -21.461533358169156, "longitude": -47.568275214788827, "id_cj": 41, "nome_cj": "41ª Ribeirão Preto", "id_raj": 6, "nome_raj": "6ª Ribeirão Preto", "populacao_foro": 25707, "qt_cidades_foro": 2, "cidades_no_foro": "Luís Antônio, São Simão", "qt_cidades_cj": 16, "cidades_na_cj": "Barrinha, Cajuru, Cravinhos, Cássia dos Coqueiros, Dumont, Guatapará, Jardinópolis, Luís Antônio, Pontal, Ribeirão Preto, Santa Cruz da Esperança, Santa Rosa de Viterbo, Serra Azul, Serrana, Sertãozinho, São Simão", "unidades": null, "total_varas_municipio": 0, "varas_municipio": null, "varas_foro": "Juizado Especial Cível e Criminal, Vara Judicial - Cartório Criminal/Infância, Vara Judicial - Cartório Cível/Distribuidor/Ex. Fiscal" }, "geometry": { "type": "Point", "coordinates": [ -47.781892326420689, -21.552663112908377 ] } },
{ "type": "Feature", "properties": { "id_municipio_ibge": 3527702, "nome_municipio": "Luiziânia", "populacao_municipio": 4701, "id_foro": 3537305, "nome_foro": "Penápolis", "total_varas_foro": 5, "entrancia": "Entrância Intermediária", "endereco_sede": "Praça Doutor Carlos Sampaio Filho , 190 - Centro, 16300-000", "latitude": -21.405402830387295, "longitude": -50.095696189609299, "id_cj": 36, "nome_cj": "36ª Araçatuba", "id_raj": 2, "nome_raj": "2ª Araçatuba", "populacao_foro": 96618, "qt_cidades_foro": 7, "cidades_no_foro": "Alto Alegre, Avanhandava, Barbosa, Braúna, Glicério, Luiziânia, Penápolis", "qt_cidades_cj": 26, "cidades_na_cj": "Alto Alegre, Araçatuba, Avanhandava, Barbosa, Bento de Abreu, Bilac, Birigui, Braúna, Brejo Alegre, Buritama, Clementina, Coroados, Gabriel Monteiro, Glicério, Guararapes, Lourdes, Luiziânia, Penápolis, Piacatu, Planalto, Rubiácea, Santo Antônio do Aracanguá, Santópolis do Aguapeí, Turiúba, Valparaíso, Zacarias", "unidades": null, "total_varas_municipio": 0, "varas_municipio": null, "varas_foro": "1ª Vara Judicial, 2ª Vara Judicial, 3ª Vara Judicial, 4ª Vara Judicial, Vara do Juizado Especial Cível e Criminal" }, "geometry": { "type": "Point", "coordinates": [ -50.350832634567325, -21.672616781641135 ] } },
{ "type": "Feature", "properties": { "id_municipio_ibge": 3527801, "nome_municipio": "Lupércio", "populacao_municipio": 3981, "id_foro": 3516705, "nome_foro": "Garça", "total_varas_foro": 4, "entrancia": "Entrância Inicial", "endereco_sede": "Praça Doutor Martino Funchal de Barros , 50 - Willians, 17402-059", "latitude": -22.231040035160522, "longitude": -49.689635238555574, "id_cj": 31, "nome_cj": "31ª Marília", "id_raj": 5, "nome_raj": "5ª Presidente Prudente", "populacao_foro": 53784, "qt_cidades_foro": 4, "cidades_no_foro": "Alvinlândia, Garça, Lupércio, Álvaro de Carvalho", "qt_cidades_cj": 12, "cidades_na_cj": "Alvinlândia, Fernão, Garça, Gália, Lupércio, Marília, Ocauçu, Oriente, Pompéia, Quintana, Vera Cruz, Álvaro de Carvalho", "unidades": null, "total_varas_municipio": 0, "varas_municipio": null, "varas_foro": "1ª Vara judicial, 2ª Vara Judicial, 3ª Vara Judicial, Juizado Especial Cível e Criminal" }, "geometry": { "type": "Point", "coordinates": [ -49.817003251137749, -22.427249832574518 ] } },
{ "type": "Feature", "properties": { "id_municipio_ibge": 3527900, "nome_municipio": "Lutécia", "populacao_municipio": 2661, "id_foro": 3535507, "nome_foro": "Paraguaçu Paulista", "total_varas_foro": 1, "entrancia": "Entrância Inicial", "endereco_sede": "Avenida Siqueira Campos , 1429 - Vila Affini, 19703-001", "latitude": -22.459088909114485, "longitude": -50.626560899858546, "id_cj": 26, "nome_cj": "26ª Assis", "id_raj": 5, "nome_raj": "5ª Presidente Prudente", "populacao_foro": 47158, "qt_cidades_foro": 4, "cidades_no_foro": "Borá, Lutécia, Oscar Bressane, Paraguaçu Paulista", "qt_cidades_cj": 18, "cidades_na_cj": "Assis, Borá, Campos Novos Paulista, Cruzália, Cândido Mota, Echaporã, Florínia, Ibirarema, João Ramalho, Lutécia, Maracaí, Oscar Bressane, Palmital, Paraguaçu Paulista, Pedrinhas Paulista, Platina, Quatá, Tarumã", "unidades": null, "total_varas_municipio": 0, "varas_municipio": null, "varas_foro": "Juizado Especial Cível e Criminal" }, "geometry": { "type": "Point", "coordinates": [ -50.385458352179342, -22.325265782052533 ] } },
{ "type": "Feature", "properties": { "id_municipio_ibge": 3528007, "nome_municipio": "Macatuba", "populacao_municipio": 16829, "id_foro": 3528007, "nome_foro": "Macatuba", "total_varas_foro": 2, "entrancia": "Entrância Inicial", "endereco_sede": "Rua Sergipe , 1-36 - Jd. Panorama, 17290-326", "latitude": -22.487127739151671, "longitude": -48.719376393274949, "id_cj": 33, "nome_cj": "33ª Jaú", "id_raj": 3, "nome_raj": "3ª Bauru", "populacao_foro": 16829, "qt_cidades_foro": 1, "cidades_no_foro": "Macatuba", "qt_cidades_cj": 12, "cidades_na_cj": "Bariri, Barra Bonita, Bocaina, Boracéia, Dois Córregos, Igaraçu do Tietê, Itaju, Itapuí, Jaú, Macatuba, Mineiros do Tietê, Pederneiras", "unidades": "Fórum Desembargador José Gonçalves Sobrinho", "total_varas_municipio": 2, "varas_municipio": "Juizado Especial Civel, Vara Judicial", "varas_foro": "Juizado Especial Civel, Vara Judicial" }, "geometry": { "type": "Point", "coordinates": [ -48.719376393274949, -22.487127739151671 ] } },
{ "type": "Feature", "properties": { "id_municipio_ibge": 3528106, "nome_municipio": "Macaubal", "populacao_municipio": 7481, "id_foro": 3528106, "nome_foro": "Macaubal", "total_varas_foro": 1, "entrancia": "Entrância Inicial", "endereco_sede": "Rua Sebastião Dib , 668 - Centro, 15270-000", "latitude": -20.83793023133331, "longitude": -49.975005422834968, "id_cj": 16, "nome_cj": "16ª São José do Rio Preto", "id_raj": 8, "nome_raj": "8ª São José do Rio Preto", "populacao_foro": 12214, "qt_cidades_foro": 3, "cidades_no_foro": "Macaubal, Sebastianópolis do Sul, União Paulista", "qt_cidades_cj": 33, "cidades_na_cj": "Adolfo, Américo de Campos, Bady Bassitt, Bálsamo, Cedral, Cosmorama, Guapiaçu, Icém, Ipiguá, Jaci, José Bonifácio, Macaubal, Mendonça, Mirassol, Mirassolândia, Monte Aprazível, Neves Paulista, Nipoã, Nova Aliança, Nova Granada, Onda Verde, Orindiúva, Palestina, Paulo de Faria, Poloni, Potirendaba, Riolândia, Sebastianópolis do Sul, São José do Rio Preto, Tanabi, Ubarana, Uchoa, União Paulista", "unidades": "Fórum Macaubal I, Fórum Macaubal II - (JECC e Psicossocial), Fórum Macaubal II - (Juizado Especial)", "total_varas_municipio": 1, "varas_municipio": "Vara Judicial", "varas_foro": "Vara Judicial" }, "geometry": { "type": "Point", "coordinates": [ -49.975005422834968, -20.83793023133331 ] } },
{ "type": "Feature", "properties": { "id_municipio_ibge": 3528205, "nome_municipio": "Macedônia", "populacao_municipio": 3963, "id_foro": 3515509, "nome_foro": "Fernandópolis", "total_varas_foro": 8, "entrancia": "Entrância Final", "endereco_sede": "Avenida Raul Gonçalves Júnior , 850 - Jardim Santa Rita, 15610-000", "latitude": -20.271768816132493, "longitude": -50.283015230356867, "id_cj": 18, "nome_cj": "18ª Fernandópolis", "id_raj": 8, "nome_raj": "8ª São José do Rio Preto", "populacao_foro": 82508, "qt_cidades_foro": 4, "cidades_no_foro": "Fernandópolis, Macedônia, Meridiano, Pedranópolis", "qt_cidades_cj": 15, "cidades_na_cj": "Dolcinópolis, Estrela dOeste, Fernandópolis, General Salgado, Guarani d'Oeste, Indiaporã, Macedônia, Meridiano, Nova Castilho, Ouroeste, Pedranópolis, Populina, São João das Duas Pontes, São João de Iracema, Turmalina", "unidades": null, "total_varas_municipio": 0, "varas_municipio": null, "varas_foro": "1ª Vara Criminal, 1ª Vara Criminal e da Infância e Juventude, 1ª vara Cível, 2ª Vara Criminal, 2ª Vara Cível, 3ª Vara Cível, Ofício do Juizado Especial Cível e Criminal, Vara do Juizado Especial Cível e Criminal" }, "geometry": { "type": "Point", "coordinates": [ -50.181549861587634, -20.098082356609439 ] } },
{ "type": "Feature", "properties": { "id_municipio_ibge": 3528304, "nome_municipio": "Magda", "populacao_municipio": 3165, "id_foro": 3532603, "nome_foro": "Nhandeara", "total_varas_foro": 2, "entrancia": "Entrância Inicial", "endereco_sede": "Rua Raul Cardoso de Souza, 197 , 197 - centro, 15190-000", "latitude": -20.673084031165907, "longitude": -50.046813910504341, "id_cj": 17, "nome_cj": "17ª Votuporanga", "id_raj": 8, "nome_raj": "8ª São José do Rio Preto", "populacao_foro": 23776, "qt_cidades_foro": 6, "cidades_no_foro": "Floreal, Gastão Vidigal, Magda, Monções, Nhandeara, Nova Luzitânia", "qt_cidades_cj": 13, "cidades_na_cj": "Cardoso, Floreal, Gastão Vidigal, Magda, Mira Estrela, Monções, Nhandeara, Nova Luzitânia, Parisi, Pontes Gestal, Valentim Gentil, Votuporanga, Álvares Florence", "unidades": null, "total_varas_municipio": 0, "varas_municipio": null, "varas_foro": "Vara Criminal, Vara Cível" }, "geometry": { "type": "Point", "coordinates": [ -50.230019989575446, -20.596487466464552 ] } },
{ "type": "Feature", "properties": { "id_municipio_ibge": 3528403, "nome_municipio": "Mairinque", "populacao_municipio": 50027, "id_foro": 3528403, "nome_foro": "Mairinque", "total_varas_foro": 1, "entrancia": "Entrância Intermediária", "endereco_sede": "Avenida Doutor Gaspar Ricardo Jr. , 185 - Centro, 18120-000", "latitude": -23.50796877902965, "longitude": -47.229278565440616, "id_cj": 19, "nome_cj": "19ª Sorocaba", "id_raj": 10, "nome_raj": "10ª Sorocaba", "populacao_foro": 67328, "qt_cidades_foro": 2, "cidades_no_foro": "Alumínio, Mairinque", "qt_cidades_cj": 12, "cidades_na_cj": "Alumínio, Araçariguama, Araçoiaba da Serra, Ibiúna, Mairinque, Piedade, Pilar do Sul, Salto de Pirapora, Sorocaba, São Roque, Tapiraí, Votorantim", "unidades": "Fórum Mairinque", "total_varas_municipio": 1, "varas_municipio": "Juizado Especial Cível e Criminal", "varas_foro": "Juizado Especial Cível e Criminal" }, "geometry": { "type": "Point", "coordinates": [ -47.229278565440616, -23.50796877902965 ] } },
{ "type": "Feature", "properties": { "id_municipio_ibge": 3528502, "nome_municipio": "Mairiporã", "populacao_municipio": 93853, "id_foro": 3528502, "nome_foro": "Mairiporã", "total_varas_foro": 3, "entrancia": "Entrância Inicial", "endereco_sede": "Rua Doutor José Adriano Marrey Jr. , 780 - Jardim Galrão, 07600-225", "latitude": -23.317257149885325, "longitude": -46.561281528404471, "id_cj": 44, "nome_cj": "44ª Guarulhos", "id_raj": 1, "nome_raj": "1ª Grande São Paulo", "populacao_foro": 93853, "qt_cidades_foro": 1, "cidades_no_foro": "Mairiporã", "qt_cidades_cj": 5, "cidades_na_cj": "Arujá, Guarulhos, Igaratá, Mairiporã, Santa Isabel", "unidades": "Fórum Mairiporã, Prédio do Setor das Execuções Fiscais", "total_varas_municipio": 3, "varas_municipio": "1ª Vara Judicial, 2ª Vara Judicial, Juizado Especial Cível e Criminal", "varas_foro": "1ª Vara Judicial, 2ª Vara Judicial, Juizado Especial Cível e Criminal" }, "geometry": { "type": "Point", "coordinates": [ -46.561281528404471, -23.317257149885325 ] } },
{ "type": "Feature", "properties": { "id_municipio_ibge": 3528601, "nome_municipio": "Manduri", "populacao_municipio": 9871, "id_foro": 3538808, "nome_foro": "Piraju", "total_varas_foro": 2, "entrancia": "Entrância Inicial", "endereco_sede": "Praça Joaquim Antonio Arruda , 126 - Centro, 18800-049", "latitude": -23.186915952498072, "longitude": -49.366092572260236, "id_cj": 25, "nome_cj": "25ª Ourinhos", "id_raj": 3, "nome_raj": "3ª Bauru", "populacao_foro": 52114, "qt_cidades_foro": 6, "cidades_no_foro": "Manduri, Piraju, Sarutaiá, Tejupá, Timburi, Óleo", "qt_cidades_cj": 16, "cidades_na_cj": "Bernardino de Campos, Canitar, Chavantes, Espírito Santo do Turvo, Ipaussu, Manduri, Ourinhos, Piraju, Ribeirão do Sul, Salto Grande, Santa Cruz do Rio Pardo, Sarutaiá, São Pedro do Turvo, Tejupá, Timburi, Óleo", "unidades": null, "total_varas_municipio": 0, "varas_municipio": null, "varas_foro": "1ª Vara Judicial, 2ª Vara Judicial" }, "geometry": { "type": "Point", "coordinates": [ -49.303641687631838, -23.047001103939792 ] } },
{ "type": "Feature", "properties": { "id_municipio_ibge": 3528700, "nome_municipio": "Marabá Paulista", "populacao_municipio": 4573, "id_foro": 3541505, "nome_foro": "Presidente Venceslau", "total_varas_foro": 4, "entrancia": "Entrância Intermediária", "endereco_sede": "Avenida Faustino Rodrigues Azenha , 1500 - Jd Europa, 19400-117", "latitude": -21.792996452922296, "longitude": -51.838333410968794, "id_cj": 28, "nome_cj": "28ª Presidente Venceslau", "id_raj": 5, "nome_raj": "5ª Presidente Prudente", "populacao_foro": 39774, "qt_cidades_foro": 2, "cidades_no_foro": "Marabá Paulista, Presidente Venceslau", "qt_cidades_cj": 11, "cidades_na_cj": "Caiuá, Euclides da Cunha Paulista, Marabá Paulista, Mirante do Paranapanema, Piquerobi, Presidente Epitácio, Presidente Venceslau, Ribeirão dos Índios, Rosana, Santo Anastácio, Teodoro Sampaio", "unidades": null, "total_varas_municipio": 0, "varas_municipio": null, "varas_foro": "1ª Vara Judicial, 2ª Vara Judicial, 3ª Vara Judicial, Juizado Especial Cível" }, "geometry": { "type": "Point", "coordinates": [ -52.056590832695306, -22.127693317010205 ] } },
{ "type": "Feature", "properties": { "id_municipio_ibge": 3528809, "nome_municipio": "Maracaí", "populacao_municipio": 12673, "id_foro": 3528809, "nome_foro": "Maracaí", "total_varas_foro": 2, "entrancia": "Entrância Inicial", "endereco_sede": "Avenida São Paulo , 440 - Centro, 19840-011", "latitude": -22.652254830985651, "longitude": -50.745406741732126, "id_cj": 26, "nome_cj": "26ª Assis", "id_raj": 5, "nome_raj": "5ª Presidente Prudente", "populacao_foro": 17585, "qt_cidades_foro": 3, "cidades_no_foro": "Cruzália, Maracaí, Pedrinhas Paulista", "qt_cidades_cj": 18, "cidades_na_cj": "Assis, Borá, Campos Novos Paulista, Cruzália, Cândido Mota, Echaporã, Florínia, Ibirarema, João Ramalho, Lutécia, Maracaí, Oscar Bressane, Palmital, Paraguaçu Paulista, Pedrinhas Paulista, Platina, Quatá, Tarumã", "unidades": "Fórum Desembargador Joaquim Bandeira de Mello, Fórum Maracaí II - Juizado Especial Cível e Criminal e CEJUSC, Fórum Maracaí III - Anexo do Ofício  - Seção Criminal", "total_varas_municipio": 2, "varas_municipio": "Juizado Especial Cível e Criminal, Vara Judicial", "varas_foro": "Juizado Especial Cível e Criminal, Vara Judicial" }, "geometry": { "type": "Point", "coordinates": [ -50.745406741732126, -22.652254830985651 ] } },
{ "type": "Feature", "properties": { "id_municipio_ibge": 3528858, "nome_municipio": "Marapoama", "populacao_municipio": 3292, "id_foro": 3521903, "nome_foro": "Itajobi", "total_varas_foro": 0, "entrancia": "Entrância Inicial", "endereco_sede": "Rua Said Farhat , 100 - Centro, 15840-000", "latitude": -21.355539414457848, "longitude": -49.053716820805171, "id_cj": 15, "nome_cj": "15ª Catanduva", "id_raj": 8, "nome_raj": "8ª São José do Rio Preto", "populacao_foro": 20281, "qt_cidades_foro": 2, "cidades_no_foro": "Itajobi, Marapoama", "qt_cidades_cj": 16, "cidades_na_cj": "Ariranha, Catanduva, Catiguá, Elisiário, Ibirá, Irapuã, Itajobi, Marapoama, Novais, Novo Horizonte, Palmares Paulista, Pindorama, Sales, Santa Adélia, Tabapuã, Urupês", "unidades": null, "total_varas_municipio": 0, "varas_municipio": null, "varas_foro": null }, "geometry": { "type": "Point", "coordinates": [ -49.137759090738463, -21.255496201282003 ] } },
{ "type": "Feature", "properties": { "id_municipio_ibge": 3528908, "nome_municipio": "Mariápolis", "populacao_municipio": 3513, "id_foro": 3500105, "nome_foro": "Adamantina", "total_varas_foro": 5, "entrancia": "Entrância Inicial", "endereco_sede": "Avenida Ademar de Barros , 133 - Centro, 17800-000", "latitude": -21.576695151888305, "longitude": -51.056812445653414, "id_cj": 30, "nome_cj": "30ª Tupã", "id_raj": 5, "nome_raj": "5ª Presidente Prudente", "populacao_foro": 38200, "qt_cidades_foro": 2, "cidades_no_foro": "Adamantina, Mariápolis", "qt_cidades_cj": 17, "cidades_na_cj": "Adamantina, Arco-Íris, Bastos, Flórida Paulista, Herculândia, Iacri, Inúbia Paulista, Lucélia, Mariápolis, Osvaldo Cruz, Parapuã, Pracinha, Queiroz, Rinópolis, Sagres, Salmourão, Tupã", "unidades": null, "total_varas_municipio": 0, "varas_municipio": null, "varas_foro": "1ª Vara Judicial, 2ª Vara Judicial, 3ª Vara Judicial, Criminal e da Fazenda Pública de Adamantina, Juizado Especial Cível" }, "geometry": { "type": "Point", "coordinates": [ -51.171800510959336, -21.77915956392199 ] } },
{ "type": "Feature", "properties": { "id_municipio_ibge": 3529005, "nome_municipio": "Marília", "populacao_municipio": 237627, "id_foro": 3529005, "nome_foro": "Marília", "total_varas_foro": 13, "entrancia": "Entrância Final", "endereco_sede": "Rua Lourival Freire , 120 - Fragata, 17519-902", "latitude": -22.177788412785993, "longitude": -49.983091663084451, "id_cj": 31, "nome_cj": "31ª Marília", "id_raj": 5, "nome_raj": "5ª Presidente Prudente", "populacao_foro": 252134, "qt_cidades_foro": 3, "cidades_no_foro": "Marília, Ocauçu, Vera Cruz", "qt_cidades_cj": 12, "cidades_na_cj": "Alvinlândia, Fernão, Garça, Gália, Lupércio, Marília, Ocauçu, Oriente, Pompéia, Quintana, Vera Cruz, Álvaro de Carvalho", "unidades": "Fórum Marília I, Fórum Marília II (VEC e SAF), Fórum Marília III (Psicosocial), Fórum Marília IV (CEJUSC)", "total_varas_municipio": 13, "varas_municipio": "1ª Vara Criminal, 1ª Vara Cível, 1ª Vara da Família e das Sucessões, 2ª Vara Criminal, 2ª Vara Cível, 3ª Vara Criminal, 3ª Vara Cível, 4ª Vara Cível, 5ª Vara Cível, Juizado Especial, Ofício do Juizado Especial Cível, Vara da Infância e da Juventude, Vara do Juizado Especial Cível", "varas_foro": "1ª Vara Criminal, 1ª Vara Cível, 1ª Vara da Família e das Sucessões, 2ª Vara Criminal, 2ª Vara Cível, 3ª Vara Criminal, 3ª Vara Cível, 4ª Vara Cível, 5ª Vara Cível, Juizado Especial, Ofício do Juizado Especial Cível, Vara da Infância e da Juventude, Vara do Juizado Especial Cível" }, "geometry": { "type": "Point", "coordinates": [ -49.983091663084451, -22.177788412785993 ] } },
{ "type": "Feature", "properties": { "id_municipio_ibge": 3529104, "nome_municipio": "Marinópolis", "populacao_municipio": 1860, "id_foro": 3535200, "nome_foro": "Palmeira d'Oeste", "total_varas_foro": 3, "entrancia": "Entrância Inicial", "endereco_sede": "Rua XV de Novembro , 48-71 - centro, 15720-000", "latitude": -20.438958786474778, "longitude": -50.74877216380056, "id_cj": 55, "nome_cj": "55ª Jales", "id_raj": 2, "nome_raj": "2ª Araçatuba", "populacao_foro": 17451, "qt_cidades_foro": 4, "cidades_no_foro": "Aparecida d'Oeste, Marinópolis, Palmeira d'Oeste, São Francisco", "qt_cidades_cj": 23, "cidades_na_cj": "Aparecida d'Oeste, Aspásia, Auriflama, Dirce Reis, Guzolândia, Jales, Marinópolis, Mesópolis, Nova Canaã Paulista, Palmeira d'Oeste, Paranapuã, Pontalinda, Rubinéia, Santa Albertina, Santa Clara d'Oeste, Santa Fé do Sul, Santa Rita d'Oeste, Santa Salete, Santana da Ponte Pensa, São Francisco, Três Fronteiras, Urânia, Vitória Brasil", "unidades": null, "total_varas_municipio": 0, "varas_municipio": null, "varas_foro": "Juizado Especial Cível, Juizado Informal de Conciliação, Vara Judicial" }, "geometry": { "type": "Point", "coordinates": [ -50.83233623460707, -20.47989117369081 ] } },
{ "type": "Feature", "properties": { "id_municipio_ibge": 3529203, "nome_municipio": "Martinópolis", "populacao_municipio": 24881, "id_foro": 3529203, "nome_foro": "Martinópolis", "total_varas_foro": 1, "entrancia": "Entrância Inicial", "endereco_sede": "Rua José Henrique de Mello , 158 - Centro, 19500-000", "latitude": -22.172347452857991, "longitude": -51.12344039508919, "id_cj": 27, "nome_cj": "27ª Presidente Prudente", "id_raj": 5, "nome_raj": "5ª Presidente Prudente", "populacao_foro": 29971, "qt_cidades_foro": 2, "cidades_no_foro": "Indiana, Martinópolis", "qt_cidades_cj": 20, "cidades_na_cj": "Alfredo Marcondes, Anhumas, Caiabu, Emilianópolis, Estrela do Norte, Iepê, Indiana, Martinópolis, Nantes, Narandiba, Pirapozinho, Presidente Bernardes, Presidente Prudente, Rancharia, Regente Feijó, Sandovalina, Santo Expedito, Taciba, Tarabai, Álvares Machado", "unidades": "Fórum Martinópolis, Juizado Especial Cível, Criminal e da Fazenda Pública", "total_varas_municipio": 1, "varas_municipio": "Juizado Especial Cível e Criminal", "varas_foro": "Juizado Especial Cível e Criminal" }, "geometry": { "type": "Point", "coordinates": [ -51.12344039508919, -22.172347452857991 ] } },
{ "type": "Feature", "properties": { "id_municipio_ibge": 3529302, "nome_municipio": "Matão", "populacao_municipio": 79033, "id_foro": 3529302, "nome_foro": "Matão", "total_varas_foro": 0, "entrancia": "Entrância Intermediária", "endereco_sede": "Rua Leandro Bocchi , 560 - Residencial Monte Carlo, 15991-152", "latitude": -21.610113458341836, "longitude": -48.430136043638377, "id_cj": 13, "nome_cj": "13ª Araraquara", "id_raj": 6, "nome_raj": "6ª Ribeirão Preto", "populacao_foro": 87792, "qt_cidades_foro": 2, "cidades_no_foro": "Dobrada, Matão", "qt_cidades_cj": 14, "cidades_na_cj": "Américo Brasiliense, Araraquara, Borborema, Dobrada, Gavião Peixoto, Iacanga, Ibitinga, Itápolis, Matão, Motuca, Nova Europa, Rincão, Santa Lúcia, Tabatinga", "unidades": "Fórum I Matão, Fórum II Matão  (Desativado), Matão (Desativado)", "total_varas_municipio": 0, "varas_municipio": null, "varas_foro": null }, "geometry": { "type": "Point", "coordinates": [ -48.430136043638377, -21.610113458341836 ] } },
{ "type": "Feature", "properties": { "id_municipio_ibge": 3529401, "nome_municipio": "Mauá", "populacao_municipio": 418261, "id_foro": 3529401, "nome_foro": "Mauá", "total_varas_foro": 9, "entrancia": "Entrância Final", "endereco_sede": "Rua  Nelson Barbosa Ferreira , 47 - VILA  NOEMIA, 09370-560", "latitude": -23.666162041835744, "longitude": -46.446382664082066, "id_cj": 3, "nome_cj": "3ª Santo André", "id_raj": 1, "nome_raj": "1ª Grande São Paulo", "populacao_foro": 418261, "qt_cidades_foro": 1, "cidades_no_foro": "Mauá", "qt_cidades_cj": 5, "cidades_na_cj": "Mauá, Ribeirão Pires, Rio Grande da Serra, Santo André, São Caetano do Sul", "unidades": "Forúm Mauá II( CEJUSC  E SAF), Fórum Mauá I - (Principal)", "total_varas_municipio": 9, "varas_municipio": "1ª Vara Criminal, 1ª Vara Cível, 2ª Vara Criminal, 2ª Vara Cível, 3ª Vara Civel, 4ª Vara Cível, 5ª Vara Cível, Ofício do Juizado Especial Cível e Criminal, Vara  do Juizado Especial Cível e Criminal", "varas_foro": "1ª Vara Criminal, 1ª Vara Cível, 2ª Vara Criminal, 2ª Vara Cível, 3ª Vara Civel, 4ª Vara Cível, 5ª Vara Cível, Ofício do Juizado Especial Cível e Criminal, Vara  do Juizado Especial Cível e Criminal" }, "geometry": { "type": "Point", "coordinates": [ -46.446382664082066, -23.666162041835744 ] } },
{ "type": "Feature", "properties": { "id_municipio_ibge": 3529500, "nome_municipio": "Mendonça", "populacao_municipio": 6159, "id_foro": 3525706, "nome_foro": "José Bonifácio", "total_varas_foro": 0, "entrancia": "Entrância Inicial", "endereco_sede": "Av. Campos  Sales, , 341 - centro, 15200-000", "latitude": -21.089365901480441, "longitude": -49.779315458276379, "id_cj": 16, "nome_cj": "16ª São José do Rio Preto", "id_raj": 8, "nome_raj": "8ª São José do Rio Preto", "populacao_foro": 52508, "qt_cidades_foro": 4, "cidades_no_foro": "Adolfo, José Bonifácio, Mendonça, Ubarana", "qt_cidades_cj": 33, "cidades_na_cj": "Adolfo, Américo de Campos, Bady Bassitt, Bálsamo, Cedral, Cosmorama, Guapiaçu, Icém, Ipiguá, Jaci, José Bonifácio, Macaubal, Mendonça, Mirassol, Mirassolândia, Monte Aprazível, Neves Paulista, Nipoã, Nova Aliança, Nova Granada, Onda Verde, Orindiúva, Palestina, Paulo de Faria, Poloni, Potirendaba, Riolândia, Sebastianópolis do Sul, São José do Rio Preto, Tanabi, Ubarana, Uchoa, União Paulista", "unidades": null, "total_varas_municipio": 0, "varas_municipio": null, "varas_foro": null }, "geometry": { "type": "Point", "coordinates": [ -49.570236447080013, -21.193999268771055 ] } },
{ "type": "Feature", "properties": { "id_municipio_ibge": 3529609, "nome_municipio": "Meridiano", "populacao_municipio": 4572, "id_foro": 3515509, "nome_foro": "Fernandópolis", "total_varas_foro": 8, "entrancia": "Entrância Final", "endereco_sede": "Avenida Raul Gonçalves Júnior , 850 - Jardim Santa Rita, 15610-000", "latitude": -20.271768816132493, "longitude": -50.283015230356867, "id_cj": 18, "nome_cj": "18ª Fernandópolis", "id_raj": 8, "nome_raj": "8ª São José do Rio Preto", "populacao_foro": 82508, "qt_cidades_foro": 4, "cidades_no_foro": "Fernandópolis, Macedônia, Meridiano, Pedranópolis", "qt_cidades_cj": 15, "cidades_na_cj": "Dolcinópolis, Estrela dOeste, Fernandópolis, General Salgado, Guarani d'Oeste, Indiaporã, Macedônia, Meridiano, Nova Castilho, Ouroeste, Pedranópolis, Populina, São João das Duas Pontes, São João de Iracema, Turmalina", "unidades": null, "total_varas_municipio": 0, "varas_municipio": null, "varas_foro": "1ª Vara Criminal, 1ª Vara Criminal e da Infância e Juventude, 1ª vara Cível, 2ª Vara Criminal, 2ª Vara Cível, 3ª Vara Cível, Ofício do Juizado Especial Cível e Criminal, Vara do Juizado Especial Cível e Criminal" }, "geometry": { "type": "Point", "coordinates": [ -50.186674265476405, -20.398212670666933 ] } },
{ "type": "Feature", "properties": { "id_municipio_ibge": 3529658, "nome_municipio": "Mesópolis", "populacao_municipio": 1952, "id_foro": 3524808, "nome_foro": "Jales", "total_varas_foro": 5, "entrancia": "Entrância Final", "endereco_sede": "Rua Nove , 2.231 - Centro, 15700-018", "latitude": -20.285818407388149, "longitude": -50.554097412419267, "id_cj": 55, "nome_cj": "55ª Jales", "id_raj": 2, "nome_raj": "2ª Araçatuba", "populacao_foro": 68693, "qt_cidades_foro": 7, "cidades_no_foro": "Dirce Reis, Jales, Mesópolis, Paranapuã, Pontalinda, Santa Albertina, Vitória Brasil", "qt_cidades_cj": 23, "cidades_na_cj": "Aparecida d'Oeste, Aspásia, Auriflama, Dirce Reis, Guzolândia, Jales, Marinópolis, Mesópolis, Nova Canaã Paulista, Palmeira d'Oeste, Paranapuã, Pontalinda, Rubinéia, Santa Albertina, Santa Clara d'Oeste, Santa Fé do Sul, Santa Rita d'Oeste, Santa Salete, Santana da Ponte Pensa, São Francisco, Três Fronteiras, Urânia, Vitória Brasil", "unidades": null, "total_varas_municipio": 0, "varas_municipio": null, "varas_foro": "1ª Vara Criminal, 1ª Vara Cível, 2ª Vara Criminal, 2ª Vara Cível, 3ª Vara Cível" }, "geometry": { "type": "Point", "coordinates": [ -50.615402341646082, -19.957489145725695 ] } },
{ "type": "Feature", "properties": { "id_municipio_ibge": 3529708, "nome_municipio": "Miguelópolis", "populacao_municipio": 19441, "id_foro": 3529708, "nome_foro": "Miguelópolis", "total_varas_foro": 2, "entrancia": "Entrância Inicial", "endereco_sede": "Rua Pedro Cristino da Silva , 1005 - Centro, 14530-000", "latitude": -20.184696977010333, "longitude": -48.105475609080493, "id_cj": 40, "nome_cj": "40ª Ituverava", "id_raj": 6, "nome_raj": "6ª Ribeirão Preto", "populacao_foro": 19441, "qt_cidades_foro": 1, "cidades_no_foro": "Miguelópolis", "qt_cidades_cj": 8, "cidades_na_cj": "Aramina, Buritizal, Guará, Igarapava, Ipuã, Ituverava, Miguelópolis, São Joaquim da Barra", "unidades": "Fórm de Miguelópolis", "total_varas_municipio": 2, "varas_municipio": "1ª Vara Judicial, Juizado Especial Cível e Criminal", "varas_foro": "1ª Vara Judicial, Juizado Especial Cível e Criminal" }, "geometry": { "type": "Point", "coordinates": [ -48.105475609080493, -20.184696977010333 ] } },
{ "type": "Feature", "properties": { "id_municipio_ibge": 3529807, "nome_municipio": "Mineiros do Tietê", "populacao_municipio": 11230, "id_foro": 3525300, "nome_foro": "Jaú", "total_varas_foro": 8, "entrancia": "Entrância Intermediária", "endereco_sede": "Avenida Rodolpho Magnani , s/n - Centro, 17210-100", "latitude": -22.296078899740348, "longitude": -48.556055554380116, "id_cj": 33, "nome_cj": "33ª Jaú", "id_raj": 3, "nome_raj": "3ª Bauru", "populacao_foro": 169645, "qt_cidades_foro": 4, "cidades_no_foro": "Bocaina, Itapuí, Jaú, Mineiros do Tietê", "qt_cidades_cj": 12, "cidades_na_cj": "Bariri, Barra Bonita, Bocaina, Boracéia, Dois Córregos, Igaraçu do Tietê, Itaju, Itapuí, Jaú, Macatuba, Mineiros do Tietê, Pederneiras", "unidades": null, "total_varas_municipio": 0, "varas_municipio": null, "varas_foro": "1ª Vara Criminal, 1ª Vara Cível, 2ª Vara Criminal, 2ª Vara Cível, 3ª Vara Cível, 4ª Vara Cível, Ofício do Juizado Especial Cível, Vara do Juizado Especial Cível e Criminal" }, "geometry": { "type": "Point", "coordinates": [ -48.433229620890252, -22.463254010756028 ] } },
{ "type": "Feature", "properties": { "id_municipio_ibge": 3529906, "nome_municipio": "Miracatu", "populacao_municipio": 18553, "id_foro": 3529906, "nome_foro": "Miracatu", "total_varas_foro": 3, "entrancia": "Entrância Inicial", "endereco_sede": "Avenida Dona Evarista de Castro Ferreira , 50 - Centro, 11850-000", "latitude": -24.195064161742913, "longitude": -47.394686482705445, "id_cj": 21, "nome_cj": "21ª Registro", "id_raj": 7, "nome_raj": "7ª Santos", "populacao_foro": 18553, "qt_cidades_foro": 1, "cidades_no_foro": "Miracatu", "qt_cidades_cj": 13, "cidades_na_cj": "Barra do Turvo, Cajati, Cananéia, Eldorado, Iguape, Ilha Comprida, Iporanga, Jacupiranga, Juquiá, Miracatu, Pariquera-Açu, Registro, Sete Barras", "unidades": "Fórum Isidoro de Jesus Leite", "total_varas_municipio": 3, "varas_municipio": "1ª Vara Judicial, 2ª Vara Judicial, Juizado Especial Cível e Criminal", "varas_foro": "1ª Vara Judicial, 2ª Vara Judicial, Juizado Especial Cível e Criminal" }, "geometry": { "type": "Point", "coordinates": [ -47.394686482705445, -24.195064161742913 ] } },
{ "type": "Feature", "properties": { "id_municipio_ibge": 3530003, "nome_municipio": "Mira Estrela", "populacao_municipio": 3126, "id_foro": 3510708, "nome_foro": "Cardoso", "total_varas_foro": 2, "entrancia": "Entrância Inicial", "endereco_sede": "Rua Urias de Paula e Silva , 1351 - Jd Gouvêa, 15570-000", "latitude": -20.067188064523144, "longitude": -49.947601107218908, "id_cj": 17, "nome_cj": "17ª Votuporanga", "id_raj": 8, "nome_raj": "8ª São José do Rio Preto", "populacao_foro": 16858, "qt_cidades_foro": 3, "cidades_no_foro": "Cardoso, Mira Estrela, Pontes Gestal", "qt_cidades_cj": 13, "cidades_na_cj": "Cardoso, Floreal, Gastão Vidigal, Magda, Mira Estrela, Monções, Nhandeara, Nova Luzitânia, Parisi, Pontes Gestal, Valentim Gentil, Votuporanga, Álvares Florence", "unidades": null, "total_varas_municipio": 0, "varas_municipio": null, "varas_foro": "Juizado Especial Cível e Criminal, Vara Judicial" }, "geometry": { "type": "Point", "coordinates": [ -50.124317968318117, -19.951760325091755 ] } },
{ "type": "Feature", "properties": { "id_municipio_ibge": 3530102, "nome_municipio": "Mirandópolis", "populacao_municipio": 27983, "id_foro": 3530102, "nome_foro": "Mirandópolis", "total_varas_foro": 3, "entrancia": "Entrância Inicial", "endereco_sede": "Rua Adelino Minari , 726 - Centro, 16800-000", "latitude": -21.081085580381888, "longitude": -51.130531906892152, "id_cj": 37, "nome_cj": "37ª Andradina", "id_raj": 2, "nome_raj": "2ª Araçatuba", "populacao_foro": 45113, "qt_cidades_foro": 3, "cidades_no_foro": "Guaraçaí, Lavínia, Mirandópolis", "qt_cidades_cj": 12, "cidades_na_cj": "Andradina, Castilho, Guaraçaí, Ilha Solteira, Itapura, Lavínia, Mirandópolis, Murutinga do Sul, Nova Independência, Pereira Barreto, Sud Mennucci, Suzanápolis", "unidades": "Fórum Mirandópolis, Fórum Mirandópolis (Arquivo), Fórum Mirandópolis (Juizado Especial Cível e Criminal)", "total_varas_municipio": 3, "varas_municipio": "1ª Vara Judicial, 2ª Vara Judicial, Juizado Especial Cível e Criminal", "varas_foro": "1ª Vara Judicial, 2ª Vara Judicial, Juizado Especial Cível e Criminal" }, "geometry": { "type": "Point", "coordinates": [ -51.130531906892152, -21.081085580381888 ] } },
{ "type": "Feature", "properties": { "id_municipio_ibge": 3530201, "nome_municipio": "Mirante do Paranapanema", "populacao_municipio": 15917, "id_foro": 3530201, "nome_foro": "Mirante do Paranapanema", "total_varas_foro": 3, "entrancia": "Entrância Inicial", "endereco_sede": "Rua Maria Lucia Rodrigues de Almeida , 455 - Centro, 19260-000", "latitude": -22.349239209761787, "longitude": -51.9979610321896, "id_cj": 28, "nome_cj": "28ª Presidente Venceslau", "id_raj": 5, "nome_raj": "5ª Presidente Prudente", "populacao_foro": 15917, "qt_cidades_foro": 1, "cidades_no_foro": "Mirante do Paranapanema", "qt_cidades_cj": 11, "cidades_na_cj": "Caiuá, Euclides da Cunha Paulista, Marabá Paulista, Mirante do Paranapanema, Piquerobi, Presidente Epitácio, Presidente Venceslau, Ribeirão dos Índios, Rosana, Santo Anastácio, Teodoro Sampaio", "unidades": "Fórum I Mirante do Paranapanema, Fórum II Mirante do Paranapanema (Residência Oficial)", "total_varas_municipio": 3, "varas_municipio": "Juizado Especial Civel e Criminal, Juizado Especial Cível, Vara Judicial", "varas_foro": "Juizado Especial Civel e Criminal, Juizado Especial Cível, Vara Judicial" }, "geometry": { "type": "Point", "coordinates": [ -51.9979610321896, -22.349239209761787 ] } },
{ "type": "Feature", "properties": { "id_municipio_ibge": 3530300, "nome_municipio": "Mirassol", "populacao_municipio": 63337, "id_foro": 3530300, "nome_foro": "Mirassol", "total_varas_foro": 4, "entrancia": "Entrância Intermediária", "endereco_sede": "Rua São Sebastião , 19-39 - Centro, 15130-000", "latitude": -20.82764541913081, "longitude": -49.504245734667414, "id_cj": 16, "nome_cj": "16ª São José do Rio Preto", "id_raj": 8, "nome_raj": "8ª São José do Rio Preto", "populacao_foro": 85215, "qt_cidades_foro": 4, "cidades_no_foro": "Bálsamo, Jaci, Mirassol, Mirassolândia", "qt_cidades_cj": 33, "cidades_na_cj": "Adolfo, Américo de Campos, Bady Bassitt, Bálsamo, Cedral, Cosmorama, Guapiaçu, Icém, Ipiguá, Jaci, José Bonifácio, Macaubal, Mendonça, Mirassol, Mirassolândia, Monte Aprazível, Neves Paulista, Nipoã, Nova Aliança, Nova Granada, Onda Verde, Orindiúva, Palestina, Paulo de Faria, Poloni, Potirendaba, Riolândia, Sebastianópolis do Sul, São José do Rio Preto, Tanabi, Ubarana, Uchoa, União Paulista", "unidades": "Fórum Mirassol II - (Anexo Fiscal), Fórum Mirassol III - (CEJUSC), Fórum de Mirassol I", "total_varas_municipio": 4, "varas_municipio": "1ª Vara Judicial, 2ª Vara Judicial, 3ª Vara Judicial, Assistente Judiciário da 1ª Vara Judicial", "varas_foro": "1ª Vara Judicial, 2ª Vara Judicial, 3ª Vara Judicial, Assistente Judiciário da 1ª Vara Judicial" }, "geometry": { "type": "Point", "coordinates": [ -49.504245734667414, -20.82764541913081 ] } },
{ "type": "Feature", "properties": { "id_municipio_ibge": 3530409, "nome_municipio": "Mirassolândia", "populacao_municipio": 4669, "id_foro": 3530300, "nome_foro": "Mirassol", "total_varas_foro": 4, "entrancia": "Entrância Intermediária", "endereco_sede": "Rua São Sebastião , 19-39 - Centro, 15130-000", "latitude": -20.82764541913081, "longitude": -49.504245734667414, "id_cj": 16, "nome_cj": "16ª São José do Rio Preto", "id_raj": 8, "nome_raj": "8ª São José do Rio Preto", "populacao_foro": 85215, "qt_cidades_foro": 4, "cidades_no_foro": "Bálsamo, Jaci, Mirassol, Mirassolândia", "qt_cidades_cj": 33, "cidades_na_cj": "Adolfo, Américo de Campos, Bady Bassitt, Bálsamo, Cedral, Cosmorama, Guapiaçu, Icém, Ipiguá, Jaci, José Bonifácio, Macaubal, Mendonça, Mirassol, Mirassolândia, Monte Aprazível, Neves Paulista, Nipoã, Nova Aliança, Nova Granada, Onda Verde, Orindiúva, Palestina, Paulo de Faria, Poloni, Potirendaba, Riolândia, Sebastianópolis do Sul, São José do Rio Preto, Tanabi, Ubarana, Uchoa, União Paulista", "unidades": null, "total_varas_municipio": 0, "varas_municipio": null, "varas_foro": "1ª Vara Judicial, 2ª Vara Judicial, 3ª Vara Judicial, Assistente Judiciário da 1ª Vara Judicial" }, "geometry": { "type": "Point", "coordinates": [ -49.486998402911546, -20.594992082494265 ] } },
{ "type": "Feature", "properties": { "id_municipio_ibge": 3530508, "nome_municipio": "Mococa", "populacao_municipio": 67681, "id_foro": 3530508, "nome_foro": "Mococa", "total_varas_foro": 3, "entrancia": "Entrância Intermediária", "endereco_sede": "Avenida Doutor Gabriel do Ó , 1203 - Cohab I, 13732-620", "latitude": -21.449468034534075, "longitude": -47.032965258669982, "id_cj": 43, "nome_cj": "43ª Casa Branca", "id_raj": 6, "nome_raj": "6ª Ribeirão Preto", "populacao_foro": 67681, "qt_cidades_foro": 1, "cidades_no_foro": "Mococa", "qt_cidades_cj": 10, "cidades_na_cj": "Caconde, Casa Branca, Divinolândia, Itobi, Mococa, Santa Cruz das Palmeiras, São José do Rio Pardo, São Sebastião da Grama, Tambaú, Tapiratiba", "unidades": "Fórum Mococa - João Gomes Barrreto Filho, Fórum Mococa II (Residência)", "total_varas_municipio": 3, "varas_municipio": "1ª Vara Judicial, 2ª Vara Judicial, Vara do Juizado Especial Cível e Criminal", "varas_foro": "1ª Vara Judicial, 2ª Vara Judicial, Vara do Juizado Especial Cível e Criminal" }, "geometry": { "type": "Point", "coordinates": [ -47.032965258669982, -21.449468034534075 ] } },
{ "type": "Feature", "properties": { "id_municipio_ibge": 3530607, "nome_municipio": "Mogi das Cruzes", "populacao_municipio": 451505, "id_foro": 3530607, "nome_foro": "Mogi das Cruzes", "total_varas_foro": 10, "entrancia": "Entrância Final", "endereco_sede": "Avenida Capitão Manoel Rudge , 474 - Parque Monte Líbano, 08780-290", "latitude": -23.569571123578427, "longitude": -46.186058159649434, "id_cj": 45, "nome_cj": "45ª Mogi das Cruzes", "id_raj": 1, "nome_raj": "1ª Grande São Paulo", "populacao_foro": 481188, "qt_cidades_foro": 2, "cidades_no_foro": "Biritiba-Mirim, Mogi das Cruzes", "qt_cidades_cj": 7, "cidades_na_cj": "Biritiba-Mirim, Ferraz de Vasconcelos, Guararema, Itaquaquecetuba, Mogi das Cruzes, Poá, Suzano", "unidades": "CEJUSC - Judiapeba, Forum III de Mogi das Cruzes (Fazenda Pública), Fórum I Leôncio Arouche de Toledo (Cível, V. Infância e Juventude, JEC e JECRIM), Fórum II de Mogi das Cruzes - Braz Cubas (Criminal), Fórum IV Mogi das Cruzes (CEJUSC - UMC), Fórum V Mogi das Cruzes (Juizado Itinerante - Biritiba Mirim), Fórum VI Mogi das Cruzes (Universidade Braz Cubas), Fórum de Mogi das Cruzes (Brás Cubas) - desativado", "total_varas_municipio": 10, "varas_municipio": "1ª Vara Cível, 2ª Vara Cível, 3ª Vara Cível, 4ª Vara Cível, 5ª Vara Cível, Juizado Especial Criminal, Juizado Especial Cível, Vara da Fazenda Pública, Vara da Infância e Juventude, Vara do Juizado Cível e Criminal", "varas_foro": "1ª Vara Cível, 2ª Vara Cível, 3ª Vara Cível, 4ª Vara Cível, 5ª Vara Cível, Juizado Especial Criminal, Juizado Especial Cível, Vara da Fazenda Pública, Vara da Infância e Juventude, Vara do Juizado Cível e Criminal" }, "geometry": { "type": "Point", "coordinates": [ -46.186058159649434, -23.569571123578427 ] } },
{ "type": "Feature", "properties": { "id_municipio_ibge": 3530706, "nome_municipio": "Mogi Guaçu", "populacao_municipio": 153658, "id_foro": 3530706, "nome_foro": "Mogi Guaçu", "total_varas_foro": 4, "entrancia": "Entrância Final", "endereco_sede": "Rua José Colombo , 45 - Morro do Ouro, 13840-065", "latitude": -22.232092691811168, "longitude": -47.028967834947288, "id_cj": 7, "nome_cj": "7ª Mogi Mirim", "id_raj": 4, "nome_raj": "4ª Campinas", "populacao_foro": 164953, "qt_cidades_foro": 2, "cidades_no_foro": "Estiva Gerbi, Mogi Guaçu", "qt_cidades_cj": 8, "cidades_na_cj": "Artur Nogueira, Conchal, Engenheiro Coelho, Estiva Gerbi, Holambra, Itapira, Mogi Guaçu, Mogi Mirim", "unidades": "Fórum Mogi Guaçu I, Fórum Mogi Guaçu II - (Anexo Fiscal e Juizado Especial), Fórum Mogi Guaçu III - CEJUSC, Fórum Mogi Guaçu IV - Setor Técnico", "total_varas_municipio": 4, "varas_municipio": "1ª Vara Cível, 2ª Vara Cível, 3ª Vara Cível, Vara Criminal", "varas_foro": "1ª Vara Cível, 2ª Vara Cível, 3ª Vara Cível, Vara Criminal" }, "geometry": { "type": "Point", "coordinates": [ -47.028967834947288, -22.232092691811168 ] } },
{ "type": "Feature", "properties": { "id_municipio_ibge": 3530805, "nome_municipio": "Mogi Mirim", "populacao_municipio": 92558, "id_foro": 3530805, "nome_foro": "Mogi Mirim", "total_varas_foro": 4, "entrancia": "Entrância Final", "endereco_sede": "Rua Coronel Venâncio Ferreira Alves Adorno , 60 - Saúde, 13800-221", "latitude": -22.45136975196041, "longitude": -46.988371456170213, "id_cj": 7, "nome_cj": "7ª Mogi Mirim", "id_raj": 4, "nome_raj": "4ª Campinas", "populacao_foro": 92558, "qt_cidades_foro": 1, "cidades_no_foro": "Mogi Mirim", "qt_cidades_cj": 8, "cidades_na_cj": "Artur Nogueira, Conchal, Engenheiro Coelho, Estiva Gerbi, Holambra, Itapira, Mogi Guaçu, Mogi Mirim", "unidades": "Fórum Mogi Mirim I (Principal), Fórum Mogi Mirim II (Anexo Fiscal), Fórum Mogi Mirim II - SEF (Secr. da Fazenda), Fórum Mogi Mirim III (Juizado), Fórum Mogi Mirim III - CEJUSC, JUIZADO ESP.CÍVEL E CRIMINALE COLÉGIO RECURSAL", "total_varas_municipio": 4, "varas_municipio": "1ª Vara Judicial, 2ª Vara Judicial, 3ª Vara Judicial, Juizado Especial Cível e criminal", "varas_foro": "1ª Vara Judicial, 2ª Vara Judicial, 3ª Vara Judicial, Juizado Especial Cível e criminal" }, "geometry": { "type": "Point", "coordinates": [ -46.988371456170213, -22.45136975196041 ] } },
{ "type": "Feature", "properties": { "id_municipio_ibge": 3530904, "nome_municipio": "Mombuca", "populacao_municipio": 3722, "id_foro": 3510401, "nome_foro": "Capivari", "total_varas_foro": 3, "entrancia": "Entrância Inicial", "endereco_sede": "Rua Doutor João Adolfo Stein , 171 - Pão de Açucar, 13360-000", "latitude": -22.980721625435358, "longitude": -47.478027624894459, "id_cj": 34, "nome_cj": "34ª Piracicaba", "id_raj": 4, "nome_raj": "4ª Campinas", "populacao_foro": 62755, "qt_cidades_foro": 3, "cidades_no_foro": "Capivari, Mombuca, Rafard", "qt_cidades_cj": 16, "cidades_na_cj": "Capivari, Cerquilho, Charqueada, Elias Fausto, Jumirim, Laranjal Paulista, Mombuca, Monte Mor, Piracicaba, Rafard, Rio das Pedras, Saltinho, Santa Maria da Serra, São Pedro, Tietê, Águas de São Pedro", "unidades": null, "total_varas_municipio": 0, "varas_municipio": null, "varas_foro": "1ª Vara Judicial, 2ª Vara Judicial, Juizado Especial Cível e Criminal" }, "geometry": { "type": "Point", "coordinates": [ -47.601997405367044, -22.942726788989464 ] } },
{ "type": "Feature", "properties": { "id_municipio_ibge": 3531001, "nome_municipio": "Monções", "populacao_municipio": 1937, "id_foro": 3532603, "nome_foro": "Nhandeara", "total_varas_foro": 2, "entrancia": "Entrância Inicial", "endereco_sede": "Rua Raul Cardoso de Souza, 197 , 197 - centro, 15190-000", "latitude": -20.673084031165907, "longitude": -50.046813910504341, "id_cj": 17, "nome_cj": "17ª Votuporanga", "id_raj": 8, "nome_raj": "8ª São José do Rio Preto", "populacao_foro": 23776, "qt_cidades_foro": 6, "cidades_no_foro": "Floreal, Gastão Vidigal, Magda, Monções, Nhandeara, Nova Luzitânia", "qt_cidades_cj": 13, "cidades_na_cj": "Cardoso, Floreal, Gastão Vidigal, Magda, Mira Estrela, Monções, Nhandeara, Nova Luzitânia, Parisi, Pontes Gestal, Valentim Gentil, Votuporanga, Álvares Florence", "unidades": null, "total_varas_municipio": 0, "varas_municipio": null, "varas_foro": "Vara Criminal, Vara Cível" }, "geometry": { "type": "Point", "coordinates": [ -50.079443771738312, -20.863127191633932 ] } },
{ "type": "Feature", "properties": { "id_municipio_ibge": 3531100, "nome_municipio": "Mongaguá", "populacao_municipio": 61951, "id_foro": 3531100, "nome_foro": "Mongaguá", "total_varas_foro": 3, "entrancia": "Entrância Inicial", "endereco_sede": "Avenida São Paulo , 300 - Vila São Paulo, 11730-000", "latitude": -24.070175627101182, "longitude": -46.66806629411127, "id_cj": 56, "nome_cj": "56ª Itanhaém", "id_raj": 7, "nome_raj": "7ª Santos", "populacao_foro": 61951, "qt_cidades_foro": 1, "cidades_no_foro": "Mongaguá", "qt_cidades_cj": 5, "cidades_na_cj": "Itanhaém, Itariri, Mongaguá, Pedro de Toledo, Peruíbe", "unidades": "Fórum \"Juiz Eleutério Dutra Filho\" - Mongaguá, Fórum II  Mongaguá (desativado), Fórum III  Mongaguá (desativado)", "total_varas_municipio": 3, "varas_municipio": "1ª Vara Judicial, 2ª Vara Judicial, Juizado Especial Cível e Criminal", "varas_foro": "1ª Vara Judicial, 2ª Vara Judicial, Juizado Especial Cível e Criminal" }, "geometry": { "type": "Point", "coordinates": [ -46.66806629411127, -24.070175627101182 ] } },
{ "type": "Feature", "properties": { "id_municipio_ibge": 3531209, "nome_municipio": "Monte Alegre do Sul", "populacao_municipio": 8627, "id_foro": 3501905, "nome_foro": "Amparo", "total_varas_foro": 2, "entrancia": "Entrância Final", "endereco_sede": "Praça Tenente José Ferraz de Oliveira , 55 - Centro, 13900-900", "latitude": -22.699126517157588, "longitude": -46.798714032867565, "id_cj": 54, "nome_cj": "54ª Amparo", "id_raj": 4, "nome_raj": "4ª Campinas", "populacao_foro": 76635, "qt_cidades_foro": 2, "cidades_no_foro": "Amparo, Monte Alegre do Sul", "qt_cidades_cj": 9, "cidades_na_cj": "Amparo, Jaguariúna, Lindóia, Monte Alegre do Sul, Pedreira, Santo Antônio de Posse, Serra Negra, Socorro, Águas de Lindóia", "unidades": null, "total_varas_municipio": 0, "varas_municipio": null, "varas_foro": "1ª Vara Judicial, 2ª Vara Judicial" }, "geometry": { "type": "Point", "coordinates": [ -46.667656029435882, -22.704311777150192 ] } },
{ "type": "Feature", "properties": { "id_municipio_ibge": 3531308, "nome_municipio": "Monte Alto", "populacao_municipio": 47574, "id_foro": 3531308, "nome_foro": "Monte Alto", "total_varas_foro": 7, "entrancia": "Entrância Inicial", "endereco_sede": "Rua Dr. Raul da Rocha Medeiros , 1251 - Centro, 15910-000", "latitude": -21.259310285952889, "longitude": -48.533019610735337, "id_cj": 42, "nome_cj": "42ª Jaboticabal", "id_raj": 6, "nome_raj": "6ª Ribeirão Preto", "populacao_foro": 47574, "qt_cidades_foro": 1, "cidades_no_foro": "Monte Alto", "qt_cidades_cj": 14, "cidades_na_cj": "Cândido Rodrigues, Fernando Prestes, Guariba, Jaboticabal, Monte Alto, Pirangi, Pitangueiras, Pradópolis, Santa Ernestina, Taiaçu, Taiúva, Taquaral, Taquaritinga, Vista Alegre do Alto", "unidades": "Fórum Monte Alto I, Fórum Monte Alto II da 1ª Vara, Fórum Monte Alto III - Juizado Especial Cível, Fórum Monte Alto IV (CEJUSC)", "total_varas_municipio": 7, "varas_municipio": "1ª Vara Judicial, 2ª Vara Judicial, 3ª Vara Cível, 3ª Vara Judicial, Criminal, Execução Fiscal e Execução Criminal, Juizado Especial Cível e Criminal", "varas_foro": "1ª Vara Judicial, 2ª Vara Judicial, 3ª Vara Cível, 3ª Vara Judicial, Criminal, Execução Fiscal e Execução Criminal, Juizado Especial Cível e Criminal" }, "geometry": { "type": "Point", "coordinates": [ -48.533019610735337, -21.259310285952889 ] } },
{ "type": "Feature", "properties": { "id_municipio_ibge": 3531407, "nome_municipio": "Monte Aprazível", "populacao_municipio": 22280, "id_foro": 3531407, "nome_foro": "Monte Aprazível", "total_varas_foro": 2, "entrancia": "Entrância Inicial", "endereco_sede": "Rua Monteiro Lobato , 269 - Centro, 15150-000", "latitude": -20.737478869111115, "longitude": -49.765834626826923, "id_cj": 16, "nome_cj": "16ª São José do Rio Preto", "id_raj": 8, "nome_raj": "8ª São José do Rio Preto", "populacao_foro": 32622, "qt_cidades_foro": 3, "cidades_no_foro": "Monte Aprazível, Nipoã, Poloni", "qt_cidades_cj": 33, "cidades_na_cj": "Adolfo, Américo de Campos, Bady Bassitt, Bálsamo, Cedral, Cosmorama, Guapiaçu, Icém, Ipiguá, Jaci, José Bonifácio, Macaubal, Mendonça, Mirassol, Mirassolândia, Monte Aprazível, Neves Paulista, Nipoã, Nova Aliança, Nova Granada, Onda Verde, Orindiúva, Palestina, Paulo de Faria, Poloni, Potirendaba, Riolândia, Sebastianópolis do Sul, São José do Rio Preto, Tanabi, Ubarana, Uchoa, União Paulista", "unidades": "Fórum Monte Aprazível, Fórum Monte Aprazível (Juizado Especial Cível e Criminal)", "total_varas_municipio": 2, "varas_municipio": "1ª Vara Judicial, 2ª Vara Judicial", "varas_foro": "1ª Vara Judicial, 2ª Vara Judicial" }, "geometry": { "type": "Point", "coordinates": [ -49.765834626826923, -20.737478869111115 ] } },
{ "type": "Feature", "properties": { "id_municipio_ibge": 3531506, "nome_municipio": "Monte Azul Paulista", "populacao_municipio": 18151, "id_foro": 3531506, "nome_foro": "Monte Azul Paulista", "total_varas_foro": 2, "entrancia": "Entrância Inicial", "endereco_sede": "Rua Floriano Peixoto , 515 - Centro, 14730-000", "latitude": -20.90887674217257, "longitude": -48.681308532474283, "id_cj": 14, "nome_cj": "14ª Barretos", "id_raj": 8, "nome_raj": "8ª São José do Rio Preto", "populacao_foro": 24250, "qt_cidades_foro": 2, "cidades_no_foro": "Monte Azul Paulista, Paraíso", "qt_cidades_cj": 16, "cidades_na_cj": "Altair, Barretos, Bebedouro, Cajobi, Colina, Colômbia, Embaúba, Guaraci, Guaíra, Jaborandi, Monte Azul Paulista, Olímpia, Paraíso, Severínia, Terra Roxa, Viradouro", "unidades": "Fórum Desembargador Otávio Stucchi - Monte Azul Paulista -, Fórum II Monte Azul Paulista (Residência Oficial)", "total_varas_municipio": 2, "varas_municipio": "Juizado Especial Cível e Criminal, Vara Judicial", "varas_foro": "Juizado Especial Cível e Criminal, Vara Judicial" }, "geometry": { "type": "Point", "coordinates": [ -48.681308532474283, -20.90887674217257 ] } },
{ "type": "Feature", "properties": { "id_municipio_ibge": 3531605, "nome_municipio": "Monte Castelo", "populacao_municipio": 4222, "id_foro": 3555109, "nome_foro": "Tupi Paulista", "total_varas_foro": 3, "entrancia": "Entrância Inicial", "endereco_sede": "Rua Tiradentes , 877 - centro, 17930-000", "latitude": -21.390389526994984, "longitude": -51.587202068255898, "id_cj": 29, "nome_cj": "29ª Dracena", "id_raj": 5, "nome_raj": "5ª Presidente Prudente", "populacao_foro": 24474, "qt_cidades_foro": 4, "cidades_no_foro": "Monte Castelo, Nova Guataporanga, São João do Pau d'Alho, Tupi Paulista", "qt_cidades_cj": 13, "cidades_na_cj": "Dracena, Flora Rica, Irapuru, Junqueirópolis, Monte Castelo, Nova Guataporanga, Ouro Verde, Pacaembu, Panorama, Paulicéia, Santa Mercedes, São João do Pau d'Alho, Tupi Paulista", "unidades": null, "total_varas_municipio": 0, "varas_municipio": null, "varas_foro": "1ª Vara Judicial, 2ª Vara Judicial, Juizado Especial Cível" }, "geometry": { "type": "Point", "coordinates": [ -51.571373773249164, -21.254860560116395 ] } },
{ "type": "Feature", "properties": { "id_municipio_ibge": 3531704, "nome_municipio": "Monteiro Lobato", "populacao_municipio": 4138, "id_foro": 3549904, "nome_foro": "São José dos Campos", "total_varas_foro": 25, "entrancia": "Entrância Final", "endereco_sede": "Avenida Salmão , 678 - Parque Residencial Aquarius, 12246-260", "latitude": -23.090562858107624, "longitude": -45.928532924313409, "id_cj": 46, "nome_cj": "46ª São José dos Campos", "id_raj": 9, "nome_raj": "9ª São José dos Campos", "populacao_foro": 701192, "qt_cidades_foro": 2, "cidades_no_foro": "Monteiro Lobato, São José dos Campos", "qt_cidades_cj": 7, "cidades_na_cj": "Jacareí, Monteiro Lobato, Natividade da Serra, Paraibuna, Salesópolis, Santa Branca, São José dos Campos", "unidades": null, "total_varas_municipio": 0, "varas_municipio": null, "varas_foro": "1ª Vara Criminal, 1ª Vara Cível, 1ª Vara da Família e das Sucessões, 1ª Vara da Fazenda Pública, 1ª Vara do Juizado Especial Cível, 2ª Vara Criminal, 2ª Vara Cível, 2ª Vara da Família e das Sucessões, 2ª Vara da Fazenda Pública, 2ª Vara do Juizado Especial Cível, 3ª Vara Criminal, 3ª Vara Cível, 3ª Vara da Família e das Sucessões, 4ª Vara Criminal, 4ª Vara Cível, 5ª Vara Criminal, 5ª Vara Cível, 6ª Vara Cível, 7ª Vara Cível, 8ª Vara Cível, Ofício do Juizado Especial Cível, Vara da Infância e da Juventude, Vara de Violência Doméstica e Familiar contra a Mulher, Vara do Juizado Especial Criminal, Vara do Júri e Execuções Criminais" }, "geometry": { "type": "Point", "coordinates": [ -45.804279087541936, -22.936568068326618 ] } },
{ "type": "Feature", "properties": { "id_municipio_ibge": 3531803, "nome_municipio": "Monte Mor", "populacao_municipio": 64662, "id_foro": 3531803, "nome_foro": "Monte Mor", "total_varas_foro": 1, "entrancia": "Entrância Intermediária", "endereco_sede": "Rua João Carlos Gomes Carneiro , 12 - Jd. Guanabara, 13190-664", "latitude": -22.953196190310962, "longitude": -47.307316948019256, "id_cj": 34, "nome_cj": "34ª Piracicaba", "id_raj": 4, "nome_raj": "4ª Campinas", "populacao_foro": 82361, "qt_cidades_foro": 2, "cidades_no_foro": "Elias Fausto, Monte Mor", "qt_cidades_cj": 16, "cidades_na_cj": "Capivari, Cerquilho, Charqueada, Elias Fausto, Jumirim, Laranjal Paulista, Mombuca, Monte Mor, Piracicaba, Rafard, Rio das Pedras, Saltinho, Santa Maria da Serra, São Pedro, Tietê, Águas de São Pedro", "unidades": "Fórum Desembargador Antonio Garrigós Vinhaes", "total_varas_municipio": 1, "varas_municipio": "Vara do Juizado Especial Cível e Criminal", "varas_foro": "Vara do Juizado Especial Cível e Criminal" }, "geometry": { "type": "Point", "coordinates": [ -47.307316948019256, -22.953196190310962 ] } },
{ "type": "Feature", "properties": { "id_municipio_ibge": 3531902, "nome_municipio": "Morro Agudo", "populacao_municipio": 27933, "id_foro": 3531902, "nome_foro": "Morro Agudo", "total_varas_foro": 1, "entrancia": "Entrância Inicial", "endereco_sede": "Rua Basilio Otavio , 313 - Cj. Hab. José Benedetti, 14640-000", "latitude": -20.688723846640741, "longitude": -48.153323184292702, "id_cj": 39, "nome_cj": "39ª Batatais", "id_raj": 6, "nome_raj": "6ª Ribeirão Preto", "populacao_foro": 27933, "qt_cidades_foro": 1, "cidades_no_foro": "Morro Agudo", "qt_cidades_cj": 8, "cidades_na_cj": "Altinópolis, Batatais, Brodowski, Morro Agudo, Nuporanga, Orlândia, Sales Oliveira, Santo Antônio da Alegria", "unidades": "Fórum Mário Masagão", "total_varas_municipio": 1, "varas_municipio": "Vara Judicial", "varas_foro": "Vara Judicial" }, "geometry": { "type": "Point", "coordinates": [ -48.153323184292702, -20.688723846640741 ] } },
{ "type": "Feature", "properties": { "id_municipio_ibge": 3532009, "nome_municipio": "Morungaba", "populacao_municipio": 13720, "id_foro": 3523404, "nome_foro": "Itatiba", "total_varas_foro": 4, "entrancia": "Entrância Intermediária", "endereco_sede": "Avenida Barão de Itapema , 181 - Centro, 13250-902", "latitude": -23.006710595128183, "longitude": -46.81431206915196, "id_cj": 5, "nome_cj": "5ª Jundiaí", "id_raj": 4, "nome_raj": "4ª Campinas", "populacao_foro": 135310, "qt_cidades_foro": 2, "cidades_no_foro": "Itatiba, Morungaba", "qt_cidades_cj": 12, "cidades_na_cj": "Caieiras, Cajamar, Campo Limpo Paulista, Francisco Morato, Franco da Rocha, Itatiba, Itupeva, Jundiaí, Louveira, Morungaba, Vinhedo, Várzea Paulista", "unidades": null, "total_varas_municipio": 0, "varas_municipio": null, "varas_foro": "1ª Vara Cível, 2ª Vara Cível, Juizado Especial Cível e Criminal, Vara Criminal" }, "geometry": { "type": "Point", "coordinates": [ -46.78254743394487, -22.893853512515776 ] } },
{ "type": "Feature", "properties": { "id_municipio_ibge": 3532058, "nome_municipio": "Motuca", "populacao_municipio": 4034, "id_foro": 3501707, "nome_foro": "Américo Brasiliense", "total_varas_foro": 3, "entrancia": "Entrância Inicial", "endereco_sede": "Rua D. Pedro II , 65 - Centro, 14820-000", "latitude": -21.722318557494347, "longitude": -48.032366372665919, "id_cj": 13, "nome_cj": "13ª Araraquara", "id_raj": 6, "nome_raj": "6ª Ribeirão Preto", "populacao_foro": 53300, "qt_cidades_foro": 4, "cidades_no_foro": "Américo Brasiliense, Motuca, Rincão, Santa Lúcia", "qt_cidades_cj": 14, "cidades_na_cj": "Américo Brasiliense, Araraquara, Borborema, Dobrada, Gavião Peixoto, Iacanga, Ibitinga, Itápolis, Matão, Motuca, Nova Europa, Rincão, Santa Lúcia, Tabatinga", "unidades": null, "total_varas_municipio": 0, "varas_municipio": null, "varas_foro": "1ª Vara Judicial, 2ª Vara Judicial, Juizado Especial Cível" }, "geometry": { "type": "Point", "coordinates": [ -48.170310793733471, -21.51380576991383 ] } },
{ "type": "Feature", "properties": { "id_municipio_ibge": 3532108, "nome_municipio": "Murutinga do Sul", "populacao_municipio": 3737, "id_foro": 3502101, "nome_foro": "Andradina", "total_varas_foro": 3, "entrancia": "Entrância Final", "endereco_sede": "Rua Paes Leme , 2052 - Stella Maris, 16901-907", "latitude": -20.835605724040704, "longitude": -51.329727883803223, "id_cj": 37, "nome_cj": "37ª Andradina", "id_raj": 2, "nome_raj": "2ª Araçatuba", "populacao_foro": 88106, "qt_cidades_foro": 4, "cidades_no_foro": "Andradina, Castilho, Murutinga do Sul, Nova Independência", "qt_cidades_cj": 12, "cidades_na_cj": "Andradina, Castilho, Guaraçaí, Ilha Solteira, Itapura, Lavínia, Mirandópolis, Murutinga do Sul, Nova Independência, Pereira Barreto, Sud Mennucci, Suzanápolis", "unidades": null, "total_varas_municipio": 0, "varas_municipio": null, "varas_foro": "1ª Vara Judicial, 2ª Vara Judicial, 3ª Vara Judicial" }, "geometry": { "type": "Point", "coordinates": [ -51.301436278347822, -20.996772095910703 ] } },
{ "type": "Feature", "properties": { "id_municipio_ibge": 3532157, "nome_municipio": "Nantes", "populacao_municipio": 2660, "id_foro": 3519907, "nome_foro": "Iepê", "total_varas_foro": 1, "entrancia": "Entrância Inicial", "endereco_sede": "Rua Minas Gerais , 343 - Centro, 19640-000", "latitude": -22.648630936676575, "longitude": -51.057179990810205, "id_cj": 27, "nome_cj": "27ª Presidente Prudente", "id_raj": 5, "nome_raj": "5ª Presidente Prudente", "populacao_foro": 10279, "qt_cidades_foro": 2, "cidades_no_foro": "Iepê, Nantes", "qt_cidades_cj": 20, "cidades_na_cj": "Alfredo Marcondes, Anhumas, Caiabu, Emilianópolis, Estrela do Norte, Iepê, Indiana, Martinópolis, Nantes, Narandiba, Pirapozinho, Presidente Bernardes, Presidente Prudente, Rancharia, Regente Feijó, Sandovalina, Santo Expedito, Taciba, Tarabai, Álvares Machado", "unidades": null, "total_varas_municipio": 0, "varas_municipio": null, "varas_foro": "Vara Judicial" }, "geometry": { "type": "Point", "coordinates": [ -51.200900470395794, -22.59690643527653 ] } },
{ "type": "Feature", "properties": { "id_municipio_ibge": 3532207, "nome_municipio": "Narandiba", "populacao_municipio": 5713, "id_foro": 3539202, "nome_foro": "Pirapozinho", "total_varas_foro": 4, "entrancia": "Entrância Inicial", "endereco_sede": "Rua Dr. Carlos Alberto Leite Boulhosa, 525 , 525 - Jardim Morada do Sol, 19200-000", "latitude": -22.479179063433843, "longitude": -51.619796071038778, "id_cj": 27, "nome_cj": "27ª Presidente Prudente", "id_raj": 5, "nome_raj": "5ª Presidente Prudente", "populacao_foro": 43945, "qt_cidades_foro": 5, "cidades_no_foro": "Estrela do Norte, Narandiba, Pirapozinho, Sandovalina, Tarabai", "qt_cidades_cj": 20, "cidades_na_cj": "Alfredo Marcondes, Anhumas, Caiabu, Emilianópolis, Estrela do Norte, Iepê, Indiana, Martinópolis, Nantes, Narandiba, Pirapozinho, Presidente Bernardes, Presidente Prudente, Rancharia, Regente Feijó, Sandovalina, Santo Expedito, Taciba, Tarabai, Álvares Machado", "unidades": null, "total_varas_municipio": 0, "varas_municipio": null, "varas_foro": "2ª Vara Judicial, Juizado Especial Criminal, Juizado Especial Cível, Oficio Judicial (Crime)" }, "geometry": { "type": "Point", "coordinates": [ -51.521680940228876, -22.563706744110636 ] } },
{ "type": "Feature", "properties": { "id_municipio_ibge": 3532306, "nome_municipio": "Natividade da Serra", "populacao_municipio": 6999, "id_foro": 3535606, "nome_foro": "Paraibuna", "total_varas_foro": 2, "entrancia": "Entrância Inicial", "endereco_sede": "Rua  Major João Elias Calazans , 565 - Centro, 12260-000", "latitude": -23.478359903510512, "longitude": -45.641868189434334, "id_cj": 46, "nome_cj": "46ª São José dos Campos", "id_raj": 9, "nome_raj": "9ª São José dos Campos", "populacao_foro": 24666, "qt_cidades_foro": 2, "cidades_no_foro": "Natividade da Serra, Paraibuna", "qt_cidades_cj": 7, "cidades_na_cj": "Jacareí, Monteiro Lobato, Natividade da Serra, Paraibuna, Salesópolis, Santa Branca, São José dos Campos", "unidades": null, "total_varas_municipio": 0, "varas_municipio": null, "varas_foro": "Juizado Especial Cível e Criminal, Vara Judicial" }, "geometry": { "type": "Point", "coordinates": [ -45.381457654054756, -23.415144678310757 ] } },
{ "type": "Feature", "properties": { "id_municipio_ibge": 3532405, "nome_municipio": "Nazaré Paulista", "populacao_municipio": 18217, "id_foro": 3532405, "nome_foro": "Nazaré Paulista", "total_varas_foro": 0, "entrancia": "Entrância Inicial", "endereco_sede": "R. Clementino de Almeida Passos , 35 - Vicente Nunes, 12960-000", "latitude": -23.191433526631474, "longitude": -46.36649210618279, "id_cj": 6, "nome_cj": "6ª Bragança Paulista", "id_raj": 4, "nome_raj": "4ª Campinas", "populacao_foro": 40223, "qt_cidades_foro": 2, "cidades_no_foro": "Bom Jesus dos Perdões, Nazaré Paulista", "qt_cidades_cj": 11, "cidades_na_cj": "Atibaia, Bom Jesus dos Perdões, Bragança Paulista, Jarinu, Joanópolis, Nazaré Paulista, Pedra Bela, Pinhalzinho, Piracaia, Tuiuti, Vargem", "unidades": "FÓRUM DESEMBARGADOR SEBASTIÃO DA SILVA PINTO", "total_varas_municipio": 0, "varas_municipio": null, "varas_foro": null }, "geometry": { "type": "Point", "coordinates": [ -46.36649210618279, -23.191433526631474 ] } },
{ "type": "Feature", "properties": { "id_municipio_ibge": 3532504, "nome_municipio": "Neves Paulista", "populacao_municipio": 9699, "id_foro": 3532504, "nome_foro": "Neves Paulista", "total_varas_foro": 1, "entrancia": "Entrância Inicial", "endereco_sede": "Rua Rui Barbosa , 100 - Centro, 15120-061", "latitude": -20.870479125762483, "longitude": -49.646489175747234, "id_cj": 16, "nome_cj": "16ª São José do Rio Preto", "id_raj": 8, "nome_raj": "8ª São José do Rio Preto", "populacao_foro": 9699, "qt_cidades_foro": 1, "cidades_no_foro": "Neves Paulista", "qt_cidades_cj": 33, "cidades_na_cj": "Adolfo, Américo de Campos, Bady Bassitt, Bálsamo, Cedral, Cosmorama, Guapiaçu, Icém, Ipiguá, Jaci, José Bonifácio, Macaubal, Mendonça, Mirassol, Mirassolândia, Monte Aprazível, Neves Paulista, Nipoã, Nova Aliança, Nova Granada, Onda Verde, Orindiúva, Palestina, Paulo de Faria, Poloni, Potirendaba, Riolândia, Sebastianópolis do Sul, São José do Rio Preto, Tanabi, Ubarana, Uchoa, União Paulista", "unidades": "Fórum II de Neves Paulista (CEJUSC), Fórum de Neves Paulista", "total_varas_municipio": 1, "varas_municipio": "Vara Judicial", "varas_foro": "Vara Judicial" }, "geometry": { "type": "Point", "coordinates": [ -49.646489175747234, -20.870479125762483 ] } },
{ "type": "Feature", "properties": { "id_municipio_ibge": 3532603, "nome_municipio": "Nhandeara", "populacao_municipio": 9852, "id_foro": 3532603, "nome_foro": "Nhandeara", "total_varas_foro": 2, "entrancia": "Entrância Inicial", "endereco_sede": "Rua Raul Cardoso de Souza, 197 , 197 - centro, 15190-000", "latitude": -20.673084031165907, "longitude": -50.046813910504341, "id_cj": 17, "nome_cj": "17ª Votuporanga", "id_raj": 8, "nome_raj": "8ª São José do Rio Preto", "populacao_foro": 23776, "qt_cidades_foro": 6, "cidades_no_foro": "Floreal, Gastão Vidigal, Magda, Monções, Nhandeara, Nova Luzitânia", "qt_cidades_cj": 13, "cidades_na_cj": "Cardoso, Floreal, Gastão Vidigal, Magda, Mira Estrela, Monções, Nhandeara, Nova Luzitânia, Parisi, Pontes Gestal, Valentim Gentil, Votuporanga, Álvares Florence", "unidades": "Fórum Nhandeara, Fórum Nhandeara II - (Juizado Especial Cível e Criminal), Fórum Nhandeara III (Anexo Escola Joaquim Fernandes de Melo)", "total_varas_municipio": 2, "varas_municipio": "Vara Criminal, Vara Cível", "varas_foro": "Vara Criminal, Vara Cível" }, "geometry": { "type": "Point", "coordinates": [ -50.046813910504341, -20.673084031165907 ] } },
{ "type": "Feature", "properties": { "id_municipio_ibge": 3532702, "nome_municipio": "Nipoã", "populacao_municipio": 4750, "id_foro": 3531407, "nome_foro": "Monte Aprazível", "total_varas_foro": 2, "entrancia": "Entrância Inicial", "endereco_sede": "Rua Monteiro Lobato , 269 - Centro, 15150-000", "latitude": -20.737478869111115, "longitude": -49.765834626826923, "id_cj": 16, "nome_cj": "16ª São José do Rio Preto", "id_raj": 8, "nome_raj": "8ª São José do Rio Preto", "populacao_foro": 32622, "qt_cidades_foro": 3, "cidades_no_foro": "Monte Aprazível, Nipoã, Poloni", "qt_cidades_cj": 33, "cidades_na_cj": "Adolfo, Américo de Campos, Bady Bassitt, Bálsamo, Cedral, Cosmorama, Guapiaçu, Icém, Ipiguá, Jaci, José Bonifácio, Macaubal, Mendonça, Mirassol, Mirassolândia, Monte Aprazível, Neves Paulista, Nipoã, Nova Aliança, Nova Granada, Onda Verde, Orindiúva, Palestina, Paulo de Faria, Poloni, Potirendaba, Riolândia, Sebastianópolis do Sul, São José do Rio Preto, Tanabi, Ubarana, Uchoa, União Paulista", "unidades": null, "total_varas_municipio": 0, "varas_municipio": null, "varas_foro": "1ª Vara Judicial, 2ª Vara Judicial" }, "geometry": { "type": "Point", "coordinates": [ -49.77824309230423, -20.891609796955752 ] } },
{ "type": "Feature", "properties": { "id_municipio_ibge": 3532801, "nome_municipio": "Nova Aliança", "populacao_municipio": 6693, "id_foro": 3540804, "nome_foro": "Potirendaba", "total_varas_foro": 2, "entrancia": "Entrância Inicial", "endereco_sede": "Rua Pedro Siqueira , 1042 - Jardim do Bosque, 15105-000", "latitude": -21.07553728137097, "longitude": -49.391723685857748, "id_cj": 16, "nome_cj": "16ª São José do Rio Preto", "id_raj": 8, "nome_raj": "8ª São José do Rio Preto", "populacao_foro": 25189, "qt_cidades_foro": 2, "cidades_no_foro": "Nova Aliança, Potirendaba", "qt_cidades_cj": 33, "cidades_na_cj": "Adolfo, Américo de Campos, Bady Bassitt, Bálsamo, Cedral, Cosmorama, Guapiaçu, Icém, Ipiguá, Jaci, José Bonifácio, Macaubal, Mendonça, Mirassol, Mirassolândia, Monte Aprazível, Neves Paulista, Nipoã, Nova Aliança, Nova Granada, Onda Verde, Orindiúva, Palestina, Paulo de Faria, Poloni, Potirendaba, Riolândia, Sebastianópolis do Sul, São José do Rio Preto, Tanabi, Ubarana, Uchoa, União Paulista", "unidades": null, "total_varas_municipio": 0, "varas_municipio": null, "varas_foro": "Juizado Especial Cível e Criminal, Vara Judicial" }, "geometry": { "type": "Point", "coordinates": [ -49.515975739610276, -21.062616080169093 ] } },
{ "type": "Feature", "properties": { "id_municipio_ibge": 3532827, "nome_municipio": "Nova Campina", "populacao_municipio": 8497, "id_foro": 3522406, "nome_foro": "Itapeva", "total_varas_foro": 6, "entrancia": "Entrância Final", "endereco_sede": "Avenida Dona Paulina de Morais , 444 - Vila Ophélia, 18400-818", "latitude": -23.914075364377432, "longitude": -48.871716777680028, "id_cj": 49, "nome_cj": "49ª Itapeva", "id_raj": 10, "nome_raj": "10ª Sorocaba", "populacao_foro": 123728, "qt_cidades_foro": 4, "cidades_no_foro": "Itapeva, Nova Campina, Ribeirão Branco, Taquarivaí", "qt_cidades_cj": 16, "cidades_na_cj": "Apiaí, Barra do Chapéu, Barão de Antonina, Bom Sucesso de Itararé, Buri, Itaberá, Itapeva, Itapirapuã Paulista, Itaporanga, Itararé, Itaóca, Nova Campina, Ribeira, Ribeirão Branco, Riversul, Taquarivaí", "unidades": null, "total_varas_municipio": 0, "varas_municipio": null, "varas_foro": "1ª Vara Judicial, 2ª Vara Judicial, 3ª Vara Judicial, Juizado Especial Cível e Criminal, Vara da Infância e Juventude, Vara das Execuções Criminais - VEC" }, "geometry": { "type": "Point", "coordinates": [ -48.972918443189187, -24.190629448936495 ] } },
{ "type": "Feature", "properties": { "id_municipio_ibge": 3532843, "nome_municipio": "Nova Canaã Paulista", "populacao_municipio": 2032, "id_foro": 3546603, "nome_foro": "Santa Fé do Sul", "total_varas_foro": 4, "entrancia": "Entrância Inicial", "endereco_sede": "Avenida Conselheiro Antonio Prado , 1662 - Centro, 15775-000", "latitude": -20.24185796478308, "longitude": -50.950177155259546, "id_cj": 55, "nome_cj": "55ª Jales", "id_raj": 2, "nome_raj": "2ª Araçatuba", "populacao_foro": 54464, "qt_cidades_foro": 7, "cidades_no_foro": "Nova Canaã Paulista, Rubinéia, Santa Clara d'Oeste, Santa Fé do Sul, Santa Rita d'Oeste, Santana da Ponte Pensa, Três Fronteiras", "qt_cidades_cj": 23, "cidades_na_cj": "Aparecida d'Oeste, Aspásia, Auriflama, Dirce Reis, Guzolândia, Jales, Marinópolis, Mesópolis, Nova Canaã Paulista, Palmeira d'Oeste, Paranapuã, Pontalinda, Rubinéia, Santa Albertina, Santa Clara d'Oeste, Santa Fé do Sul, Santa Rita d'Oeste, Santa Salete, Santana da Ponte Pensa, São Francisco, Três Fronteiras, Urânia, Vitória Brasil", "unidades": null, "total_varas_municipio": 0, "varas_municipio": null, "varas_foro": "1ª Vara Judicial, 2ª Vara Judicial, 3ª Vara Judicial, Vara do Juizado Especial Cível" }, "geometry": { "type": "Point", "coordinates": [ -50.910558182544953, -20.372039844388723 ] } },
{ "type": "Feature", "properties": { "id_municipio_ibge": 3532868, "nome_municipio": "Nova Castilho", "populacao_municipio": 1062, "id_foro": 3516903, "nome_foro": "General Salgado", "total_varas_foro": 2, "entrancia": "Entrância Inicial", "endereco_sede": "Rua Azílio Antonio do Prado , 991 - centro, 15300-000", "latitude": -20.638274026252329, "longitude": -50.415780544539686, "id_cj": 18, "nome_cj": "18ª Fernandópolis", "id_raj": 8, "nome_raj": "8ª São José do Rio Preto", "populacao_foro": 13220, "qt_cidades_foro": 3, "cidades_no_foro": "General Salgado, Nova Castilho, São João de Iracema", "qt_cidades_cj": 15, "cidades_na_cj": "Dolcinópolis, Estrela dOeste, Fernandópolis, General Salgado, Guarani d'Oeste, Indiaporã, Macedônia, Meridiano, Nova Castilho, Ouroeste, Pedranópolis, Populina, São João das Duas Pontes, São João de Iracema, Turmalina", "unidades": null, "total_varas_municipio": 0, "varas_municipio": null, "varas_foro": "Juizado Especial Cível, Vara Judicial" }, "geometry": { "type": "Point", "coordinates": [ -50.345761941556781, -20.777823042669844 ] } },
{ "type": "Feature", "properties": { "id_municipio_ibge": 3532900, "nome_municipio": "Nova Europa", "populacao_municipio": 9311, "id_foro": 3503208, "nome_foro": "Araraquara", "total_varas_foro": 16, "entrancia": "Entrância Final", "endereco_sede": "Av. D.  Pedro  II , 764 - Centro, 14801-040", "latitude": -21.791630848881979, "longitude": -48.181323820515914, "id_cj": 13, "nome_cj": "13ª Araraquara", "id_raj": 6, "nome_raj": "6ª Ribeirão Preto", "populacao_foro": 256241, "qt_cidades_foro": 3, "cidades_no_foro": "Araraquara, Gavião Peixoto, Nova Europa", "qt_cidades_cj": 14, "cidades_na_cj": "Américo Brasiliense, Araraquara, Borborema, Dobrada, Gavião Peixoto, Iacanga, Ibitinga, Itápolis, Matão, Motuca, Nova Europa, Rincão, Santa Lúcia, Tabatinga", "unidades": null, "total_varas_municipio": 0, "varas_municipio": null, "varas_foro": "1ª Vara Criminal, 1ª Vara Cível, 1ª Vara da Família e das Sucessões, 2ª Vara Criminal, 2ª Vara Cível, 2ª Vara da Família e das Sucessões, 3ª Vara Criminal, 3ª Vara Cível, 4ª Vara Cível, 5ª Vara Cível, da Juventude e do Idoso, Ofício do Juizado Especial Cível, Vara da Fazenda Pública, Vara da Infância, Vara de Execuções Criminais, Vara do Juizado Especial Cível" }, "geometry": { "type": "Point", "coordinates": [ -48.549611865342769, -21.774308824783976 ] } },
{ "type": "Feature", "properties": { "id_municipio_ibge": 3533007, "nome_municipio": "Nova Granada", "populacao_municipio": 19419, "id_foro": 3533007, "nome_foro": "Nova Granada", "total_varas_foro": 1, "entrancia": "Entrância Inicial", "endereco_sede": "Avenida Doutor Hildeberto Albuquerque Ferreira , 1001 - Centro, 15440-000", "latitude": -20.476008302802729, "longitude": -49.33111856967772, "id_cj": 16, "nome_cj": "16ª São José do Rio Preto", "id_raj": 8, "nome_raj": "8ª São José do Rio Preto", "populacao_foro": 32009, "qt_cidades_foro": 3, "cidades_no_foro": "Icém, Nova Granada, Onda Verde", "qt_cidades_cj": 33, "cidades_na_cj": "Adolfo, Américo de Campos, Bady Bassitt, Bálsamo, Cedral, Cosmorama, Guapiaçu, Icém, Ipiguá, Jaci, José Bonifácio, Macaubal, Mendonça, Mirassol, Mirassolândia, Monte Aprazível, Neves Paulista, Nipoã, Nova Aliança, Nova Granada, Onda Verde, Orindiúva, Palestina, Paulo de Faria, Poloni, Potirendaba, Riolândia, Sebastianópolis do Sul, São José do Rio Preto, Tanabi, Ubarana, Uchoa, União Paulista", "unidades": "Fórum Nova Granada I - Principal, Fórum Nova Granada II (CEJUSC), Fórum Nova Granada II - (Juizado Especial), Fórum Nova Granada III (Residência Oficial)", "total_varas_municipio": 1, "varas_municipio": "Vara Judicial", "varas_foro": "Vara Judicial" }, "geometry": { "type": "Point", "coordinates": [ -49.33111856967772, -20.476008302802729 ] } },
{ "type": "Feature", "properties": { "id_municipio_ibge": 3533106, "nome_municipio": "Nova Guataporanga", "populacao_municipio": 2156, "id_foro": 3555109, "nome_foro": "Tupi Paulista", "total_varas_foro": 3, "entrancia": "Entrância Inicial", "endereco_sede": "Rua Tiradentes , 877 - centro, 17930-000", "latitude": -21.390389526994984, "longitude": -51.587202068255898, "id_cj": 29, "nome_cj": "29ª Dracena", "id_raj": 5, "nome_raj": "5ª Presidente Prudente", "populacao_foro": 24474, "qt_cidades_foro": 4, "cidades_no_foro": "Monte Castelo, Nova Guataporanga, São João do Pau d'Alho, Tupi Paulista", "qt_cidades_cj": 13, "cidades_na_cj": "Dracena, Flora Rica, Irapuru, Junqueirópolis, Monte Castelo, Nova Guataporanga, Ouro Verde, Pacaembu, Panorama, Paulicéia, Santa Mercedes, São João do Pau d'Alho, Tupi Paulista", "unidades": null, "total_varas_municipio": 0, "varas_municipio": null, "varas_foro": "1ª Vara Judicial, 2ª Vara Judicial, Juizado Especial Cível" }, "geometry": { "type": "Point", "coordinates": [ -51.645452894899215, -21.322385250100972 ] } },
{ "type": "Feature", "properties": { "id_municipio_ibge": 3533205, "nome_municipio": "Nova Independência", "populacao_municipio": 4609, "id_foro": 3502101, "nome_foro": "Andradina", "total_varas_foro": 3, "entrancia": "Entrância Final", "endereco_sede": "Rua Paes Leme , 2052 - Stella Maris, 16901-907", "latitude": -20.835605724040704, "longitude": -51.329727883803223, "id_cj": 37, "nome_cj": "37ª Andradina", "id_raj": 2, "nome_raj": "2ª Araçatuba", "populacao_foro": 88106, "qt_cidades_foro": 4, "cidades_no_foro": "Andradina, Castilho, Murutinga do Sul, Nova Independência", "qt_cidades_cj": 12, "cidades_na_cj": "Andradina, Castilho, Guaraçaí, Ilha Solteira, Itapura, Lavínia, Mirandópolis, Murutinga do Sul, Nova Independência, Pereira Barreto, Sud Mennucci, Suzanápolis", "unidades": null, "total_varas_municipio": 0, "varas_municipio": null, "varas_foro": "1ª Vara Judicial, 2ª Vara Judicial, 3ª Vara Judicial" }, "geometry": { "type": "Point", "coordinates": [ -51.50519639908979, -21.13529971883429 ] } },
{ "type": "Feature", "properties": { "id_municipio_ibge": 3533254, "nome_municipio": "Novais", "populacao_municipio": 4412, "id_foro": 3552601, "nome_foro": "Tabapuã", "total_varas_foro": 1, "entrancia": "Entrância Inicial", "endereco_sede": "Rua Eugênio Ulian , 1265 - centro, 15880-023", "latitude": -20.931884704714278, "longitude": -49.028909309471452, "id_cj": 15, "nome_cj": "15ª Catanduva", "id_raj": 8, "nome_raj": "8ª São José do Rio Preto", "populacao_foro": 22738, "qt_cidades_foro": 3, "cidades_no_foro": "Catiguá, Novais, Tabapuã", "qt_cidades_cj": 16, "cidades_na_cj": "Ariranha, Catanduva, Catiguá, Elisiário, Ibirá, Irapuã, Itajobi, Marapoama, Novais, Novo Horizonte, Palmares Paulista, Pindorama, Sales, Santa Adélia, Tabapuã, Urupês", "unidades": null, "total_varas_municipio": 0, "varas_municipio": null, "varas_foro": "Vara Judicial" }, "geometry": { "type": "Point", "coordinates": [ -48.917971251319578, -20.988533852464315 ] } },
{ "type": "Feature", "properties": { "id_municipio_ibge": 3533304, "nome_municipio": "Nova Luzitânia", "populacao_municipio": 2837, "id_foro": 3532603, "nome_foro": "Nhandeara", "total_varas_foro": 2, "entrancia": "Entrância Inicial", "endereco_sede": "Rua Raul Cardoso de Souza, 197 , 197 - centro, 15190-000", "latitude": -20.673084031165907, "longitude": -50.046813910504341, "id_cj": 17, "nome_cj": "17ª Votuporanga", "id_raj": 8, "nome_raj": "8ª São José do Rio Preto", "populacao_foro": 23776, "qt_cidades_foro": 6, "cidades_no_foro": "Floreal, Gastão Vidigal, Magda, Monções, Nhandeara, Nova Luzitânia", "qt_cidades_cj": 13, "cidades_na_cj": "Cardoso, Floreal, Gastão Vidigal, Magda, Mira Estrela, Monções, Nhandeara, Nova Luzitânia, Parisi, Pontes Gestal, Valentim Gentil, Votuporanga, Álvares Florence", "unidades": null, "total_varas_municipio": 0, "varas_municipio": null, "varas_foro": "Vara Criminal, Vara Cível" }, "geometry": { "type": "Point", "coordinates": [ -50.249387257982569, -20.86865038464914 ] } },
{ "type": "Feature", "properties": { "id_municipio_ibge": 3533403, "nome_municipio": "Nova Odessa", "populacao_municipio": 62019, "id_foro": 3533403, "nome_foro": "Nova Odessa", "total_varas_foro": 3, "entrancia": "Entrância Inicial", "endereco_sede": "AV JOÃO PESSOA , 1270/1300 - BOSQUE DOS CEDROS, 13380-094", "latitude": -22.78410467139469, "longitude": -47.285178044270289, "id_cj": 53, "nome_cj": "53ª Americana", "id_raj": 4, "nome_raj": "4ª Campinas", "populacao_foro": 62019, "qt_cidades_foro": 1, "cidades_no_foro": "Nova Odessa", "qt_cidades_cj": 5, "cidades_na_cj": "Americana, Hortolândia, Nova Odessa, Santa Bárbara d'Oeste, Sumaré", "unidades": "FORUM \"DR WALDOMIRO DELFINO DE AMORIM LIMA\", FORUM DA COMARCA DE NOVA ODESSA II - Arquivo Geral / Depos. de Material", "total_varas_municipio": 3, "varas_municipio": "1ª Vara Judicial, 2ª Vara Judicial, Juizado Especial Cível e Criminal", "varas_foro": "1ª Vara Judicial, 2ª Vara Judicial, Juizado Especial Cível e Criminal" }, "geometry": { "type": "Point", "coordinates": [ -47.285178044270289, -22.78410467139469 ] } },
{ "type": "Feature", "properties": { "id_municipio_ibge": 3533502, "nome_municipio": "Novo Horizonte", "populacao_municipio": 38324, "id_foro": 3533502, "nome_foro": "Novo Horizonte", "total_varas_foro": 2, "entrancia": "Entrância Inicial", "endereco_sede": "Rua São Sebastião , 779 - Centro, 14960-040", "latitude": -21.469174460413605, "longitude": -49.283798098585812, "id_cj": 15, "nome_cj": "15ª Catanduva", "id_raj": 8, "nome_raj": "8ª São José do Rio Preto", "populacao_foro": 38324, "qt_cidades_foro": 1, "cidades_no_foro": "Novo Horizonte", "qt_cidades_cj": 16, "cidades_na_cj": "Ariranha, Catanduva, Catiguá, Elisiário, Ibirá, Irapuã, Itajobi, Marapoama, Novais, Novo Horizonte, Palmares Paulista, Pindorama, Sales, Santa Adélia, Tabapuã, Urupês", "unidades": "Fórum I Novo Horizonte, Fórum II Novo Horizonte (CEJUSC), Fórum III Novo Horizonte (Juizado Especial Cível e Criminal)", "total_varas_municipio": 2, "varas_municipio": "1ª Vara Judicial, 2ª Vara Judicial", "varas_foro": "1ª Vara Judicial, 2ª Vara Judicial" }, "geometry": { "type": "Point", "coordinates": [ -49.283798098585812, -21.469174460413605 ] } },
{ "type": "Feature", "properties": { "id_municipio_ibge": 3533601, "nome_municipio": "Nuporanga", "populacao_municipio": 7391, "id_foro": 3533601, "nome_foro": "Nuporanga", "total_varas_foro": 2, "entrancia": "Entrância Inicial", "endereco_sede": "Avenida Padre Geraldo Trossel , 369 - centro, 14670-000", "latitude": -20.704860662270221, "longitude": -47.729070720288384, "id_cj": 39, "nome_cj": "39ª Batatais", "id_raj": 6, "nome_raj": "6ª Ribeirão Preto", "populacao_foro": 18802, "qt_cidades_foro": 2, "cidades_no_foro": "Nuporanga, Sales Oliveira", "qt_cidades_cj": 8, "cidades_na_cj": "Altinópolis, Batatais, Brodowski, Morro Agudo, Nuporanga, Orlândia, Sales Oliveira, Santo Antônio da Alegria", "unidades": "Fórum Nuporanga - (Des. Antonio Rodrigues Porto)", "total_varas_municipio": 2, "varas_municipio": "Juizado Especial Cível, Vara Judicial", "varas_foro": "Juizado Especial Cível, Vara Judicial" }, "geometry": { "type": "Point", "coordinates": [ -47.729070720288384, -20.704860662270221 ] } },
{ "type": "Feature", "properties": { "id_municipio_ibge": 3533700, "nome_municipio": "Ocauçu", "populacao_municipio": 4331, "id_foro": 3529005, "nome_foro": "Marília", "total_varas_foro": 13, "entrancia": "Entrância Final", "endereco_sede": "Rua Lourival Freire , 120 - Fragata, 17519-902", "latitude": -22.177788412785993, "longitude": -49.983091663084451, "id_cj": 31, "nome_cj": "31ª Marília", "id_raj": 5, "nome_raj": "5ª Presidente Prudente", "populacao_foro": 252134, "qt_cidades_foro": 3, "cidades_no_foro": "Marília, Ocauçu, Vera Cruz", "qt_cidades_cj": 12, "cidades_na_cj": "Alvinlândia, Fernão, Garça, Gália, Lupércio, Marília, Ocauçu, Oriente, Pompéia, Quintana, Vera Cruz, Álvaro de Carvalho", "unidades": null, "total_varas_municipio": 0, "varas_municipio": null, "varas_foro": "1ª Vara Criminal, 1ª Vara Cível, 1ª Vara da Família e das Sucessões, 2ª Vara Criminal, 2ª Vara Cível, 3ª Vara Criminal, 3ª Vara Cível, 4ª Vara Cível, 5ª Vara Cível, Juizado Especial, Ofício do Juizado Especial Cível, Vara da Infância e da Juventude, Vara do Juizado Especial Cível" }, "geometry": { "type": "Point", "coordinates": [ -49.937936665691652, -22.438082886177977 ] } },
{ "type": "Feature", "properties": { "id_municipio_ibge": 3533809, "nome_municipio": "Óleo", "populacao_municipio": 2512, "id_foro": 3538808, "nome_foro": "Piraju", "total_varas_foro": 2, "entrancia": "Entrância Inicial", "endereco_sede": "Praça Joaquim Antonio Arruda , 126 - Centro, 18800-049", "latitude": -23.186915952498072, "longitude": -49.366092572260236, "id_cj": 25, "nome_cj": "25ª Ourinhos", "id_raj": 3, "nome_raj": "3ª Bauru", "populacao_foro": 52114, "qt_cidades_foro": 6, "cidades_no_foro": "Manduri, Piraju, Sarutaiá, Tejupá, Timburi, Óleo", "qt_cidades_cj": 16, "cidades_na_cj": "Bernardino de Campos, Canitar, Chavantes, Espírito Santo do Turvo, Ipaussu, Manduri, Ourinhos, Piraju, Ribeirão do Sul, Salto Grande, Santa Cruz do Rio Pardo, Sarutaiá, São Pedro do Turvo, Tejupá, Timburi, Óleo", "unidades": null, "total_varas_municipio": 0, "varas_municipio": null, "varas_foro": "1ª Vara Judicial, 2ª Vara Judicial" }, "geometry": { "type": "Point", "coordinates": [ -49.383040824840606, -22.953658979661341 ] } },
{ "type": "Feature", "properties": { "id_municipio_ibge": 3533908, "nome_municipio": "Olímpia", "populacao_municipio": 55074, "id_foro": 3533908, "nome_foro": "Olímpia", "total_varas_foro": 4, "entrancia": "Entrância Intermediária", "endereco_sede": "Rua Engenheiro Reid , 377 - Patrimônio de São João Batista, 15400-091", "latitude": -20.70524588579201, "longitude": -48.959617264381016, "id_cj": 14, "nome_cj": "14ª Barretos", "id_raj": 8, "nome_raj": "8ª São José do Rio Preto", "populacao_foro": 94907, "qt_cidades_foro": 6, "cidades_no_foro": "Altair, Cajobi, Embaúba, Guaraci, Olímpia, Severínia", "qt_cidades_cj": 16, "cidades_na_cj": "Altair, Barretos, Bebedouro, Cajobi, Colina, Colômbia, Embaúba, Guaraci, Guaíra, Jaborandi, Monte Azul Paulista, Olímpia, Paraíso, Severínia, Terra Roxa, Viradouro", "unidades": "Fórum Olímpia I - (Principal), Fórum Olímpia II (3ª Vara), Fórum Olímpia III - (Juizado Especial), Fórum Olímpia IV - (Execução Fiscal), Fórum Olímpia V - (CEJUSC), Fórum Olímpia VI - (Anexo do JEC - UAAJ - CAJOBI)", "total_varas_municipio": 4, "varas_municipio": "1ª Vara Cível, 2ª Vara Cível, 3ª Vara Cível, Vara Criminal", "varas_foro": "1ª Vara Cível, 2ª Vara Cível, 3ª Vara Cível, Vara Criminal" }, "geometry": { "type": "Point", "coordinates": [ -48.959617264381016, -20.70524588579201 ] } },
{ "type": "Feature", "properties": { "id_municipio_ibge": 3534005, "nome_municipio": "Onda Verde", "populacao_municipio": 4771, "id_foro": 3533007, "nome_foro": "Nova Granada", "total_varas_foro": 1, "entrancia": "Entrância Inicial", "endereco_sede": "Avenida Doutor Hildeberto Albuquerque Ferreira , 1001 - Centro, 15440-000", "latitude": -20.476008302802729, "longitude": -49.33111856967772, "id_cj": 16, "nome_cj": "16ª São José do Rio Preto", "id_raj": 8, "nome_raj": "8ª São José do Rio Preto", "populacao_foro": 32009, "qt_cidades_foro": 3, "cidades_no_foro": "Icém, Nova Granada, Onda Verde", "qt_cidades_cj": 33, "cidades_na_cj": "Adolfo, Américo de Campos, Bady Bassitt, Bálsamo, Cedral, Cosmorama, Guapiaçu, Icém, Ipiguá, Jaci, José Bonifácio, Macaubal, Mendonça, Mirassol, Mirassolândia, Monte Aprazível, Neves Paulista, Nipoã, Nova Aliança, Nova Granada, Onda Verde, Orindiúva, Palestina, Paulo de Faria, Poloni, Potirendaba, Riolândia, Sebastianópolis do Sul, São José do Rio Preto, Tanabi, Ubarana, Uchoa, União Paulista", "unidades": null, "total_varas_municipio": 0, "varas_municipio": null, "varas_foro": "Vara Judicial" }, "geometry": { "type": "Point", "coordinates": [ -49.243617217040459, -20.617420095674483 ] } },
{ "type": "Feature", "properties": { "id_municipio_ibge": 3534104, "nome_municipio": "Oriente", "populacao_municipio": 6085, "id_foro": 3540002, "nome_foro": "Pompéia", "total_varas_foro": 1, "entrancia": "Entrância Inicial", "endereco_sede": "Rua Clementino José de Paula , 387 - Centro, 17580-089", "latitude": -22.029185054168899, "longitude": -50.187727291166865, "id_cj": 31, "nome_cj": "31ª Marília", "id_raj": 5, "nome_raj": "5ª Presidente Prudente", "populacao_foro": 33319, "qt_cidades_foro": 3, "cidades_no_foro": "Oriente, Pompéia, Quintana", "qt_cidades_cj": 12, "cidades_na_cj": "Alvinlândia, Fernão, Garça, Gália, Lupércio, Marília, Ocauçu, Oriente, Pompéia, Quintana, Vera Cruz, Álvaro de Carvalho", "unidades": null, "total_varas_municipio": 0, "varas_municipio": null, "varas_foro": "1ª Vara Judicial" }, "geometry": { "type": "Point", "coordinates": [ -50.09374918461355, -22.141959195577538 ] } },
{ "type": "Feature", "properties": { "id_municipio_ibge": 3534203, "nome_municipio": "Orindiúva", "populacao_municipio": 6024, "id_foro": 3536604, "nome_foro": "Paulo de Faria", "total_varas_foro": 2, "entrancia": "Entrância Inicial", "endereco_sede": "Rua XV de Novembro , 809 - centro, 15490-000", "latitude": -20.066612556982832, "longitude": -49.463423033936081, "id_cj": 16, "nome_cj": "16ª São José do Rio Preto", "id_raj": 8, "nome_raj": "8ª São José do Rio Preto", "populacao_foro": 23733, "qt_cidades_foro": 3, "cidades_no_foro": "Orindiúva, Paulo de Faria, Riolândia", "qt_cidades_cj": 33, "cidades_na_cj": "Adolfo, Américo de Campos, Bady Bassitt, Bálsamo, Cedral, Cosmorama, Guapiaçu, Icém, Ipiguá, Jaci, José Bonifácio, Macaubal, Mendonça, Mirassol, Mirassolândia, Monte Aprazível, Neves Paulista, Nipoã, Nova Aliança, Nova Granada, Onda Verde, Orindiúva, Palestina, Paulo de Faria, Poloni, Potirendaba, Riolândia, Sebastianópolis do Sul, São José do Rio Preto, Tanabi, Ubarana, Uchoa, União Paulista", "unidades": null, "total_varas_municipio": 0, "varas_municipio": null, "varas_foro": "Juizado Especial Cível e Criminal, Vara Judicial" }, "geometry": { "type": "Point", "coordinates": [ -49.355484179977395, -20.201593924571881 ] } },
{ "type": "Feature", "properties": { "id_municipio_ibge": 3534302, "nome_municipio": "Orlândia", "populacao_municipio": 38319, "id_foro": 3534302, "nome_foro": "Orlândia", "total_varas_foro": 3, "entrancia": "Entrância Inicial", "endereco_sede": "Praça Coronel Francisco Orlando , s/n - Centro, 14620-000", "latitude": -20.69788120993876, "longitude": -47.905833131875809, "id_cj": 39, "nome_cj": "39ª Batatais", "id_raj": 6, "nome_raj": "6ª Ribeirão Preto", "populacao_foro": 38319, "qt_cidades_foro": 1, "cidades_no_foro": "Orlândia", "qt_cidades_cj": 8, "cidades_na_cj": "Altinópolis, Batatais, Brodowski, Morro Agudo, Nuporanga, Orlândia, Sales Oliveira, Santo Antônio da Alegria", "unidades": "Fórum \" Antonio de Quadros\", Fórum II da Comarca de Orlândia (CEJUSC), Fórum Orlândia [Residência Oficial]", "total_varas_municipio": 3, "varas_municipio": "1ª Vara Judicial, 2ª vara, Juizado Especial Cível e Criminal", "varas_foro": "1ª Vara Judicial, 2ª vara, Juizado Especial Cível e Criminal" }, "geometry": { "type": "Point", "coordinates": [ -47.905833131875809, -20.69788120993876 ] } },
{ "type": "Feature", "properties": { "id_municipio_ibge": 3534401, "nome_municipio": "Osasco", "populacao_municipio": 728615, "id_foro": 3534401, "nome_foro": "Osasco", "total_varas_foro": 18, "entrancia": "Entrância Final", "endereco_sede": "Avenida das Flores , 703 - Jardim das Flores, 06110-100", "latitude": -23.528778472360688, "longitude": -46.789270793005308, "id_cj": 4, "nome_cj": "4ª Osasco", "id_raj": 1, "nome_raj": "1ª Grande São Paulo", "populacao_foro": 728615, "qt_cidades_foro": 1, "cidades_no_foro": "Osasco", "qt_cidades_cj": 6, "cidades_na_cj": "Barueri, Carapicuíba, Jandira, Osasco, Pirapora do Bom Jesus, Santana de Parnaíba", "unidades": "Fórum Osasco ( Principal), Fórum Osasco (CEJUSC), Fórum Osasco (Varas da Fazenda Pública), Fórum Osasco II - (Varas da Família e das Sucessões)", "total_varas_municipio": 18, "varas_municipio": "1ª Vara Criminal, 1ª Vara Cível, 1ª Vara do Juizado Especial Cível, 2ª Vara Criminal, 2ª Vara Cível, 2ª Vara do Juizado Especial Cível, 3ª Vara Criminal, 3ª Vara Cível, 4ª Vara Criminal, 4ª Vara Cível, 5ª Vara Cível, 6ª Vara Cível, 7ª Vara Cível, 8ª Vara Cível, Ofício do Juizado Especial Cível, Setor Técnico da Vara da Infância e da Juventude, Vara da Infância e da Juventude, Vara do Júri e Execuções Criminais", "varas_foro": "1ª Vara Criminal, 1ª Vara Cível, 1ª Vara do Juizado Especial Cível, 2ª Vara Criminal, 2ª Vara Cível, 2ª Vara do Juizado Especial Cível, 3ª Vara Criminal, 3ª Vara Cível, 4ª Vara Criminal, 4ª Vara Cível, 5ª Vara Cível, 6ª Vara Cível, 7ª Vara Cível, 8ª Vara Cível, Ofício do Juizado Especial Cível, Setor Técnico da Vara da Infância e da Juventude, Vara da Infância e da Juventude, Vara do Júri e Execuções Criminais" }, "geometry": { "type": "Point", "coordinates": [ -46.789270793005308, -23.528778472360688 ] } },
{ "type": "Feature", "properties": { "id_municipio_ibge": 3534500, "nome_municipio": "Oscar Bressane", "populacao_municipio": 2470, "id_foro": 3535507, "nome_foro": "Paraguaçu Paulista", "total_varas_foro": 1, "entrancia": "Entrância Inicial", "endereco_sede": "Avenida Siqueira Campos , 1429 - Vila Affini, 19703-001", "latitude": -22.459088909114485, "longitude": -50.626560899858546, "id_cj": 26, "nome_cj": "26ª Assis", "id_raj": 5, "nome_raj": "5ª Presidente Prudente", "populacao_foro": 47158, "qt_cidades_foro": 4, "cidades_no_foro": "Borá, Lutécia, Oscar Bressane, Paraguaçu Paulista", "qt_cidades_cj": 18, "cidades_na_cj": "Assis, Borá, Campos Novos Paulista, Cruzália, Cândido Mota, Echaporã, Florínia, Ibirarema, João Ramalho, Lutécia, Maracaí, Oscar Bressane, Palmital, Paraguaçu Paulista, Pedrinhas Paulista, Platina, Quatá, Tarumã", "unidades": null, "total_varas_municipio": 0, "varas_municipio": null, "varas_foro": "Juizado Especial Cível e Criminal" }, "geometry": { "type": "Point", "coordinates": [ -50.257361457786033, -22.295359297407735 ] } },
{ "type": "Feature", "properties": { "id_municipio_ibge": 3534609, "nome_municipio": "Osvaldo Cruz", "populacao_municipio": 31272, "id_foro": 3534609, "nome_foro": "Osvaldo Cruz", "total_varas_foro": 3, "entrancia": "Entrância Inicial", "endereco_sede": "Avenida Estados Unidos , 480 - Jardim das Bandeiras, 17700-000", "latitude": -21.732767414081351, "longitude": -50.873898903445813, "id_cj": 30, "nome_cj": "30ª Tupã", "id_raj": 5, "nome_raj": "5ª Presidente Prudente", "populacao_foro": 49134, "qt_cidades_foro": 4, "cidades_no_foro": "Osvaldo Cruz, Parapuã, Sagres, Salmourão", "qt_cidades_cj": 17, "cidades_na_cj": "Adamantina, Arco-Íris, Bastos, Flórida Paulista, Herculândia, Iacri, Inúbia Paulista, Lucélia, Mariápolis, Osvaldo Cruz, Parapuã, Pracinha, Queiroz, Rinópolis, Sagres, Salmourão, Tupã", "unidades": "Fórum \"Desembargador Márcio Munhoz\", Fórum Osvaldo Cruz II - CEJUSC", "total_varas_municipio": 3, "varas_municipio": "1ª Vara Judicial, 2ª Vara Judicial, Juizado Especial Cível e Criminal", "varas_foro": "1ª Vara Judicial, 2ª Vara Judicial, Juizado Especial Cível e Criminal" }, "geometry": { "type": "Point", "coordinates": [ -50.873898903445813, -21.732767414081351 ] } },
{ "type": "Feature", "properties": { "id_municipio_ibge": 3534708, "nome_municipio": "Ourinhos", "populacao_municipio": 103970, "id_foro": 3534708, "nome_foro": "Ourinhos", "total_varas_foro": 7, "entrancia": "Entrância Final", "endereco_sede": "Rua dos Expedicionários , 1895 - Jardim Matilde, 19902-610", "latitude": -22.952676958562666, "longitude": -49.852417421597444, "id_cj": 25, "nome_cj": "25ª Ourinhos", "id_raj": 3, "nome_raj": "3ª Bauru", "populacao_foro": 117697, "qt_cidades_foro": 3, "cidades_no_foro": "Ourinhos, Ribeirão do Sul, Salto Grande", "qt_cidades_cj": 16, "cidades_na_cj": "Bernardino de Campos, Canitar, Chavantes, Espírito Santo do Turvo, Ipaussu, Manduri, Ourinhos, Piraju, Ribeirão do Sul, Salto Grande, Santa Cruz do Rio Pardo, Sarutaiá, São Pedro do Turvo, Tejupá, Timburi, Óleo", "unidades": "Fórum I Ourinhos, Fórum II Ourinhos (Residência Oficial)", "total_varas_municipio": 7, "varas_municipio": "1ª Vara Criminal, 1ª Vara Cível, 2ª Vara Criminal, 2ª Vara Cível, 3ª Vara Cível, Ofício do Juizado Especial, Vara do Juizado Especial Cível", "varas_foro": "1ª Vara Criminal, 1ª Vara Cível, 2ª Vara Criminal, 2ª Vara Cível, 3ª Vara Cível, Ofício do Juizado Especial, Vara do Juizado Especial Cível" }, "geometry": { "type": "Point", "coordinates": [ -49.852417421597444, -22.952676958562666 ] } },
{ "type": "Feature", "properties": { "id_municipio_ibge": 3534757, "nome_municipio": "Ouroeste", "populacao_municipio": 10294, "id_foro": 3534757, "nome_foro": "Ouroeste", "total_varas_foro": 0, "entrancia": "Entrância Inicial", "endereco_sede": "Rua Brás Cubas , 1315 - centro, 15685-000", "latitude": -19.922445070452131, "longitude": -50.401961617180625, "id_cj": 18, "nome_cj": "18ª Fernandópolis", "id_raj": 8, "nome_raj": "8ª São José do Rio Preto", "populacao_foro": 16297, "qt_cidades_foro": 3, "cidades_no_foro": "Guarani d'Oeste, Indiaporã, Ouroeste", "qt_cidades_cj": 15, "cidades_na_cj": "Dolcinópolis, Estrela dOeste, Fernandópolis, General Salgado, Guarani d'Oeste, Indiaporã, Macedônia, Meridiano, Nova Castilho, Ouroeste, Pedranópolis, Populina, São João das Duas Pontes, São João de Iracema, Turmalina", "unidades": "FORO DA COMARCA DE OUROESTE, Fórum ca Comarca de Ouroeste II (CEJUSC), Fórum da Comarca de Ouroeste III (Anexo do JEC - UAAJ - INDIAPORÃ)", "total_varas_municipio": 0, "varas_municipio": null, "varas_foro": null }, "geometry": { "type": "Point", "coordinates": [ -50.401961617180625, -19.922445070452131 ] } },
{ "type": "Feature", "properties": { "id_municipio_ibge": 3534807, "nome_municipio": "Ouro Verde", "populacao_municipio": 7779, "id_foro": 3514403, "nome_foro": "Dracena", "total_varas_foro": 3, "entrancia": "Entrância Intermediária", "endereco_sede": "Rua Bolívia , 137 - Jd América, 17911-250", "latitude": -21.556701707535147, "longitude": -51.584043300429961, "id_cj": 29, "nome_cj": "29ª Dracena", "id_raj": 5, "nome_raj": "5ª Presidente Prudente", "populacao_foro": 53253, "qt_cidades_foro": 2, "cidades_no_foro": "Dracena, Ouro Verde", "qt_cidades_cj": 13, "cidades_na_cj": "Dracena, Flora Rica, Irapuru, Junqueirópolis, Monte Castelo, Nova Guataporanga, Ouro Verde, Pacaembu, Panorama, Paulicéia, Santa Mercedes, São João do Pau d'Alho, Tupi Paulista", "unidades": null, "total_varas_municipio": 0, "varas_municipio": null, "varas_foro": "1ª Vara Judicial, 2ª Vara Judicial, 3ª Vara Judicial" }, "geometry": { "type": "Point", "coordinates": [ -51.737855373007292, -21.510420609482949 ] } },
{ "type": "Feature", "properties": { "id_municipio_ibge": 3534906, "nome_municipio": "Pacaembu", "populacao_municipio": 14877, "id_foro": 3534906, "nome_foro": "Pacaembu", "total_varas_foro": 3, "entrancia": "Entrância Inicial", "endereco_sede": "Av. São João , 1361 - Guaraniúva, 17860-000", "latitude": -21.495552154627038, "longitude": -51.274209171137372, "id_cj": 29, "nome_cj": "29ª Dracena", "id_raj": 5, "nome_raj": "5ª Presidente Prudente", "populacao_foro": 23449, "qt_cidades_foro": 3, "cidades_no_foro": "Flora Rica, Irapuru, Pacaembu", "qt_cidades_cj": 13, "cidades_na_cj": "Dracena, Flora Rica, Irapuru, Junqueirópolis, Monte Castelo, Nova Guataporanga, Ouro Verde, Pacaembu, Panorama, Paulicéia, Santa Mercedes, São João do Pau d'Alho, Tupi Paulista", "unidades": "Fórum Pacaembu", "total_varas_municipio": 3, "varas_municipio": "1ª Vara Judicial, Cartório  Único (1ª e 2ª Varas Judiciais), Juizado Especial Cível e Criminal", "varas_foro": "1ª Vara Judicial, Cartório  Único (1ª e 2ª Varas Judiciais), Juizado Especial Cível e Criminal" }, "geometry": { "type": "Point", "coordinates": [ -51.274209171137372, -21.495552154627038 ] } },
{ "type": "Feature", "properties": { "id_municipio_ibge": 3535002, "nome_municipio": "Palestina", "populacao_municipio": 11476, "id_foro": 3535002, "nome_foro": "Palestina", "total_varas_foro": 2, "entrancia": "Entrância Inicial", "endereco_sede": "Rua Capitão Faria , 1048 - Centro, 15470-000", "latitude": -20.321143711977555, "longitude": -49.497628748277407, "id_cj": 16, "nome_cj": "16ª São José do Rio Preto", "id_raj": 8, "nome_raj": "8ª São José do Rio Preto", "populacao_foro": 11476, "qt_cidades_foro": 1, "cidades_no_foro": "Palestina", "qt_cidades_cj": 33, "cidades_na_cj": "Adolfo, Américo de Campos, Bady Bassitt, Bálsamo, Cedral, Cosmorama, Guapiaçu, Icém, Ipiguá, Jaci, José Bonifácio, Macaubal, Mendonça, Mirassol, Mirassolândia, Monte Aprazível, Neves Paulista, Nipoã, Nova Aliança, Nova Granada, Onda Verde, Orindiúva, Palestina, Paulo de Faria, Poloni, Potirendaba, Riolândia, Sebastianópolis do Sul, São José do Rio Preto, Tanabi, Ubarana, Uchoa, União Paulista", "unidades": "\"Fórum: José Eduardo Coelho de Paula\"", "total_varas_municipio": 2, "varas_municipio": "Juizado Especial Cível e Criminal, Vara Judicial", "varas_foro": "Juizado Especial Cível e Criminal, Vara Judicial" }, "geometry": { "type": "Point", "coordinates": [ -49.497628748277407, -20.321143711977555 ] } },
{ "type": "Feature", "properties": { "id_municipio_ibge": 3535101, "nome_municipio": "Palmares Paulista", "populacao_municipio": 9650, "id_foro": 3545605, "nome_foro": "Santa Adélia", "total_varas_foro": 4, "entrancia": "Entrância Inicial", "endereco_sede": "Praça Doutor Adhemar de Barros , 255 - Centro, 15950-000", "latitude": -21.317775593689618, "longitude": -48.819015715892654, "id_cj": 15, "nome_cj": "15ª Catanduva", "id_raj": 8, "nome_raj": "8ª São José do Rio Preto", "populacao_foro": 31270, "qt_cidades_foro": 3, "cidades_no_foro": "Ariranha, Palmares Paulista, Santa Adélia", "qt_cidades_cj": 16, "cidades_na_cj": "Ariranha, Catanduva, Catiguá, Elisiário, Ibirá, Irapuã, Itajobi, Marapoama, Novais, Novo Horizonte, Palmares Paulista, Pindorama, Sales, Santa Adélia, Tabapuã, Urupês", "unidades": null, "total_varas_municipio": 0, "varas_municipio": null, "varas_foro": "Juizado Especial Criminal, Juizado Especial Cível, Ofício Judicial da Vara Única da Comarca, Vara Judicial" }, "geometry": { "type": "Point", "coordinates": [ -48.826674317066974, -21.104710491918159 ] } },
{ "type": "Feature", "properties": { "id_municipio_ibge": 3535200, "nome_municipio": "Palmeira d'Oeste", "populacao_municipio": 8903, "id_foro": 3535200, "nome_foro": "Palmeira d'Oeste", "total_varas_foro": 3, "entrancia": "Entrância Inicial", "endereco_sede": "Rua XV de Novembro , 48-71 - centro, 15720-000", "latitude": -20.438958786474778, "longitude": -50.74877216380056, "id_cj": 55, "nome_cj": "55ª Jales", "id_raj": 2, "nome_raj": "2ª Araçatuba", "populacao_foro": 17451, "qt_cidades_foro": 4, "cidades_no_foro": "Aparecida d'Oeste, Marinópolis, Palmeira d'Oeste, São Francisco", "qt_cidades_cj": 23, "cidades_na_cj": "Aparecida d'Oeste, Aspásia, Auriflama, Dirce Reis, Guzolândia, Jales, Marinópolis, Mesópolis, Nova Canaã Paulista, Palmeira d'Oeste, Paranapuã, Pontalinda, Rubinéia, Santa Albertina, Santa Clara d'Oeste, Santa Fé do Sul, Santa Rita d'Oeste, Santa Salete, Santana da Ponte Pensa, São Francisco, Três Fronteiras, Urânia, Vitória Brasil", "unidades": "Fórum da Comarca de Palmeira d’Oeste", "total_varas_municipio": 3, "varas_municipio": "Juizado Especial Cível, Juizado Informal de Conciliação, Vara Judicial", "varas_foro": "Juizado Especial Cível, Juizado Informal de Conciliação, Vara Judicial" }, "geometry": { "type": "Point", "coordinates": [ -50.74877216380056, -20.438958786474778 ] } },
{ "type": "Feature", "properties": { "id_municipio_ibge": 3535309, "nome_municipio": "Palmital", "populacao_municipio": 19594, "id_foro": 3535309, "nome_foro": "Palmital", "total_varas_foro": 3, "entrancia": "Entrância Inicial", "endereco_sede": "Avenida Reginalda Leão , 1500 - Centro, 19970-050", "latitude": -22.828796288984474, "longitude": -50.220949582889943, "id_cj": 26, "nome_cj": "26ª Assis", "id_raj": 5, "nome_raj": "5ª Presidente Prudente", "populacao_foro": 33892, "qt_cidades_foro": 4, "cidades_no_foro": "Campos Novos Paulista, Ibirarema, Palmital, Platina", "qt_cidades_cj": 18, "cidades_na_cj": "Assis, Borá, Campos Novos Paulista, Cruzália, Cândido Mota, Echaporã, Florínia, Ibirarema, João Ramalho, Lutécia, Maracaí, Oscar Bressane, Palmital, Paraguaçu Paulista, Pedrinhas Paulista, Platina, Quatá, Tarumã", "unidades": "Fórum Dr. Ethayba Gilson Parahiba, Fórum II Palmital (Residência Oficial)", "total_varas_municipio": 3, "varas_municipio": "1ª Vara Judicial, 2ª Vara Judicial, Juizado Especial Cível", "varas_foro": "1ª Vara Judicial, 2ª Vara Judicial, Juizado Especial Cível" }, "geometry": { "type": "Point", "coordinates": [ -50.220949582889943, -22.828796288984474 ] } },
{ "type": "Feature", "properties": { "id_municipio_ibge": 3535408, "nome_municipio": "Panorama", "populacao_municipio": 14964, "id_foro": 3535408, "nome_foro": "Panorama", "total_varas_foro": 3, "entrancia": "Entrância Inicial", "endereco_sede": "Rua Manoel Fernandes da Cunha , 1308 - Centro, 17980-000", "latitude": -21.463313395992934, "longitude": -51.858086971015823, "id_cj": 29, "nome_cj": "29ª Dracena", "id_raj": 5, "nome_raj": "5ª Presidente Prudente", "populacao_foro": 25875, "qt_cidades_foro": 3, "cidades_no_foro": "Panorama, Paulicéia, Santa Mercedes", "qt_cidades_cj": 13, "cidades_na_cj": "Dracena, Flora Rica, Irapuru, Junqueirópolis, Monte Castelo, Nova Guataporanga, Ouro Verde, Pacaembu, Panorama, Paulicéia, Santa Mercedes, São João do Pau d'Alho, Tupi Paulista", "unidades": "Fórum I Panorama, Fórum II Panorama (CEJUSC)", "total_varas_municipio": 3, "varas_municipio": "1ª Vara Judicial, 2ª Vara Judicial, Juizado Especial Cível e Criminal", "varas_foro": "1ª Vara Judicial, 2ª Vara Judicial, Juizado Especial Cível e Criminal" }, "geometry": { "type": "Point", "coordinates": [ -51.858086971015823, -21.463313395992934 ] } },
{ "type": "Feature", "properties": { "id_municipio_ibge": 3535507, "nome_municipio": "Paraguaçu Paulista", "populacao_municipio": 41120, "id_foro": 3535507, "nome_foro": "Paraguaçu Paulista", "total_varas_foro": 1, "entrancia": "Entrância Inicial", "endereco_sede": "Avenida Siqueira Campos , 1429 - Vila Affini, 19703-001", "latitude": -22.459088909114485, "longitude": -50.626560899858546, "id_cj": 26, "nome_cj": "26ª Assis", "id_raj": 5, "nome_raj": "5ª Presidente Prudente", "populacao_foro": 47158, "qt_cidades_foro": 4, "cidades_no_foro": "Borá, Lutécia, Oscar Bressane, Paraguaçu Paulista", "qt_cidades_cj": 18, "cidades_na_cj": "Assis, Borá, Campos Novos Paulista, Cruzália, Cândido Mota, Echaporã, Florínia, Ibirarema, João Ramalho, Lutécia, Maracaí, Oscar Bressane, Palmital, Paraguaçu Paulista, Pedrinhas Paulista, Platina, Quatá, Tarumã", "unidades": "Fórum Paraguaçu Paulista", "total_varas_municipio": 1, "varas_municipio": "Juizado Especial Cível e Criminal", "varas_foro": "Juizado Especial Cível e Criminal" }, "geometry": { "type": "Point", "coordinates": [ -50.626560899858546, -22.459088909114485 ] } },
{ "type": "Feature", "properties": { "id_municipio_ibge": 3535606, "nome_municipio": "Paraibuna", "populacao_municipio": 17667, "id_foro": 3535606, "nome_foro": "Paraibuna", "total_varas_foro": 2, "entrancia": "Entrância Inicial", "endereco_sede": "Rua  Major João Elias Calazans , 565 - Centro, 12260-000", "latitude": -23.478359903510512, "longitude": -45.641868189434334, "id_cj": 46, "nome_cj": "46ª São José dos Campos", "id_raj": 9, "nome_raj": "9ª São José dos Campos", "populacao_foro": 24666, "qt_cidades_foro": 2, "cidades_no_foro": "Natividade da Serra, Paraibuna", "qt_cidades_cj": 7, "cidades_na_cj": "Jacareí, Monteiro Lobato, Natividade da Serra, Paraibuna, Salesópolis, Santa Branca, São José dos Campos", "unidades": "Fórum Paraibuna - (Dr Getúlio Evaristo dos Santos)", "total_varas_municipio": 2, "varas_municipio": "Juizado Especial Cível e Criminal, Vara Judicial", "varas_foro": "Juizado Especial Cível e Criminal, Vara Judicial" }, "geometry": { "type": "Point", "coordinates": [ -45.641868189434334, -23.478359903510512 ] } },
{ "type": "Feature", "properties": { "id_municipio_ibge": 3535705, "nome_municipio": "Paraíso", "populacao_municipio": 6099, "id_foro": 3531506, "nome_foro": "Monte Azul Paulista", "total_varas_foro": 2, "entrancia": "Entrância Inicial", "endereco_sede": "Rua Floriano Peixoto , 515 - Centro, 14730-000", "latitude": -20.90887674217257, "longitude": -48.681308532474283, "id_cj": 14, "nome_cj": "14ª Barretos", "id_raj": 8, "nome_raj": "8ª São José do Rio Preto", "populacao_foro": 24250, "qt_cidades_foro": 2, "cidades_no_foro": "Monte Azul Paulista, Paraíso", "qt_cidades_cj": 16, "cidades_na_cj": "Altair, Barretos, Bebedouro, Cajobi, Colina, Colômbia, Embaúba, Guaraci, Guaíra, Jaborandi, Monte Azul Paulista, Olímpia, Paraíso, Severínia, Terra Roxa, Viradouro", "unidades": null, "total_varas_municipio": 0, "varas_municipio": null, "varas_foro": "Juizado Especial Cível e Criminal, Vara Judicial" }, "geometry": { "type": "Point", "coordinates": [ -48.764657792343257, -21.019632366644913 ] } },
{ "type": "Feature", "properties": { "id_municipio_ibge": 3535804, "nome_municipio": "Paranapanema", "populacao_municipio": 19395, "id_foro": 3535804, "nome_foro": "Paranapanema", "total_varas_foro": 1, "entrancia": "Entrância Inicial", "endereco_sede": "Rua Avaré , 400 - Centro, 18720-025", "latitude": -23.438480281822866, "longitude": -48.795214945488652, "id_cj": 24, "nome_cj": "24ª Avaré", "id_raj": 3, "nome_raj": "3ª Bauru", "populacao_foro": 19395, "qt_cidades_foro": 1, "cidades_no_foro": "Paranapanema", "qt_cidades_cj": 11, "cidades_na_cj": "Arandu, Avaré, Cerqueira César, Coronel Macedo, Fartura, Iaras, Itaí, Paranapanema, Taguaí, Taquarituba, Águas de Santa Bárbara", "unidades": "Fórum Paranapanema III - (Seção de Execução Fiscal), Fórum da Comarca de Paranapanema, Juizado Especial Cível e Criminal do Foro de Paranapanema", "total_varas_municipio": 1, "varas_municipio": "Vara Judicial", "varas_foro": "Vara Judicial" }, "geometry": { "type": "Point", "coordinates": [ -48.795214945488652, -23.438480281822866 ] } },
{ "type": "Feature", "properties": { "id_municipio_ibge": 3535903, "nome_municipio": "Paranapuã", "populacao_municipio": 4031, "id_foro": 3524808, "nome_foro": "Jales", "total_varas_foro": 5, "entrancia": "Entrância Final", "endereco_sede": "Rua Nove , 2.231 - Centro, 15700-018", "latitude": -20.285818407388149, "longitude": -50.554097412419267, "id_cj": 55, "nome_cj": "55ª Jales", "id_raj": 2, "nome_raj": "2ª Araçatuba", "populacao_foro": 68693, "qt_cidades_foro": 7, "cidades_no_foro": "Dirce Reis, Jales, Mesópolis, Paranapuã, Pontalinda, Santa Albertina, Vitória Brasil", "qt_cidades_cj": 23, "cidades_na_cj": "Aparecida d'Oeste, Aspásia, Auriflama, Dirce Reis, Guzolândia, Jales, Marinópolis, Mesópolis, Nova Canaã Paulista, Palmeira d'Oeste, Paranapuã, Pontalinda, Rubinéia, Santa Albertina, Santa Clara d'Oeste, Santa Fé do Sul, Santa Rita d'Oeste, Santa Salete, Santana da Ponte Pensa, São Francisco, Três Fronteiras, Urânia, Vitória Brasil", "unidades": null, "total_varas_municipio": 0, "varas_municipio": null, "varas_foro": "1ª Vara Criminal, 1ª Vara Cível, 2ª Vara Criminal, 2ª Vara Cível, 3ª Vara Cível" }, "geometry": { "type": "Point", "coordinates": [ -50.594034219314771, -20.063771908686824 ] } },
{ "type": "Feature", "properties": { "id_municipio_ibge": 3536000, "nome_municipio": "Parapuã", "populacao_municipio": 10580, "id_foro": 3534609, "nome_foro": "Osvaldo Cruz", "total_varas_foro": 3, "entrancia": "Entrância Inicial", "endereco_sede": "Avenida Estados Unidos , 480 - Jardim das Bandeiras, 17700-000", "latitude": -21.732767414081351, "longitude": -50.873898903445813, "id_cj": 30, "nome_cj": "30ª Tupã", "id_raj": 5, "nome_raj": "5ª Presidente Prudente", "populacao_foro": 49134, "qt_cidades_foro": 4, "cidades_no_foro": "Osvaldo Cruz, Parapuã, Sagres, Salmourão", "qt_cidades_cj": 17, "cidades_na_cj": "Adamantina, Arco-Íris, Bastos, Flórida Paulista, Herculândia, Iacri, Inúbia Paulista, Lucélia, Mariápolis, Osvaldo Cruz, Parapuã, Pracinha, Queiroz, Rinópolis, Sagres, Salmourão, Tupã", "unidades": null, "total_varas_municipio": 0, "varas_municipio": null, "varas_foro": "1ª Vara Judicial, 2ª Vara Judicial, Juizado Especial Cível e Criminal" }, "geometry": { "type": "Point", "coordinates": [ -50.821692134149508, -21.85290095055392 ] } },
{ "type": "Feature", "properties": { "id_municipio_ibge": 3536109, "nome_municipio": "Pardinho", "populacao_municipio": 7153, "id_foro": 3507506, "nome_foro": "Botucatu", "total_varas_foro": 0, "entrancia": "Entrância Final", "endereco_sede": "Praça Iole Dinucci Fernandes , s/nº - Jardim Rivieira, 18606-572", "latitude": -22.863442205116957, "longitude": -48.468329454913601, "id_cj": 23, "nome_cj": "23ª Botucatu", "id_raj": 3, "nome_raj": "3ª Bauru", "populacao_foro": 152308, "qt_cidades_foro": 2, "cidades_no_foro": "Botucatu, Pardinho", "qt_cidades_cj": 9, "cidades_na_cj": "Anhembi, Areiópolis, Botucatu, Conchas, Itatinga, Pardinho, Pereiras, Pratânia, São Manuel", "unidades": null, "total_varas_municipio": 0, "varas_municipio": null, "varas_foro": null }, "geometry": { "type": "Point", "coordinates": [ -48.401789513422806, -23.102209392319828 ] } },
{ "type": "Feature", "properties": { "id_municipio_ibge": 3536208, "nome_municipio": "Pariquera-Açu", "populacao_municipio": 19233, "id_foro": 3536208, "nome_foro": "Pariquera-Açu", "total_varas_foro": 2, "entrancia": "Entrância Inicial", "endereco_sede": "Av. Doutor Fernando Costa , 215 - Centro, 11930-000", "latitude": -24.67824851480179, "longitude": -47.850094983186963, "id_cj": 21, "nome_cj": "21ª Registro", "id_raj": 7, "nome_raj": "7ª Santos", "populacao_foro": 19233, "qt_cidades_foro": 1, "cidades_no_foro": "Pariquera-Açu", "qt_cidades_cj": 13, "cidades_na_cj": "Barra do Turvo, Cajati, Cananéia, Eldorado, Iguape, Ilha Comprida, Iporanga, Jacupiranga, Juquiá, Miracatu, Pariquera-Açu, Registro, Sete Barras", "unidades": "Comarca de Pariquera-Açu", "total_varas_municipio": 2, "varas_municipio": "Juizado Especial Cível, Vara Judicial", "varas_foro": "Juizado Especial Cível, Vara Judicial" }, "geometry": { "type": "Point", "coordinates": [ -47.850094983186963, -24.67824851480179 ] } },
{ "type": "Feature", "properties": { "id_municipio_ibge": 3536257, "nome_municipio": "Parisi", "populacao_municipio": 2892, "id_foro": 3557105, "nome_foro": "Votuporanga", "total_varas_foro": 6, "entrancia": "Entrância Final", "endereco_sede": "Rua Espírito Santo , 2497 - Cia Melhoramentos, 15501-221", "latitude": -20.4578116989283, "longitude": -49.98909642316039, "id_cj": 17, "nome_cj": "17ª Votuporanga", "id_raj": 8, "nome_raj": "8ª São José do Rio Preto", "populacao_foro": 117539, "qt_cidades_foro": 4, "cidades_no_foro": "Parisi, Valentim Gentil, Votuporanga, Álvares Florence", "qt_cidades_cj": 13, "cidades_na_cj": "Cardoso, Floreal, Gastão Vidigal, Magda, Mira Estrela, Monções, Nhandeara, Nova Luzitânia, Parisi, Pontes Gestal, Valentim Gentil, Votuporanga, Álvares Florence", "unidades": null, "total_varas_municipio": 0, "varas_municipio": null, "varas_foro": "1ª Vara Criminal, 1ª Vara Cível, 2ª Vara Cível, 3ª Vara Cível, 4ª Vara Cível, Ofício do Juizado Especial Civel e Criminal" }, "geometry": { "type": "Point", "coordinates": [ -50.037381050453241, -20.271545503076862 ] } },
{ "type": "Feature", "properties": { "id_municipio_ibge": 3536307, "nome_municipio": "Patrocínio Paulista", "populacao_municipio": 14512, "id_foro": 3536307, "nome_foro": "Patrocínio Paulista", "total_varas_foro": 2, "entrancia": "Entrância Inicial", "endereco_sede": "Praça Nossa Senhora do Patrocínio , 1118 - centro, 14415-000", "latitude": -20.704179800973829, "longitude": -47.289394038380046, "id_cj": 38, "nome_cj": "38ª Franca", "id_raj": 6, "nome_raj": "6ª Ribeirão Preto", "populacao_foro": 20291, "qt_cidades_foro": 2, "cidades_no_foro": "Itirapuã, Patrocínio Paulista", "qt_cidades_cj": 10, "cidades_na_cj": "Cristais Paulista, Franca, Itirapuã, Jeriquara, Patrocínio Paulista, Pedregulho, Restinga, Ribeirão Corrente, Rifaina, São José da Bela Vista", "unidades": "Fórum I Patrocínio Paulista, Fórum II Patrocínio Paulista", "total_varas_municipio": 2, "varas_municipio": "Juizado Especial Cível, Vara Judicial", "varas_foro": "Juizado Especial Cível, Vara Judicial" }, "geometry": { "type": "Point", "coordinates": [ -47.289394038380046, -20.704179800973829 ] } },
{ "type": "Feature", "properties": { "id_municipio_ibge": 3536406, "nome_municipio": "Paulicéia", "populacao_municipio": 7955, "id_foro": 3535408, "nome_foro": "Panorama", "total_varas_foro": 3, "entrancia": "Entrância Inicial", "endereco_sede": "Rua Manoel Fernandes da Cunha , 1308 - Centro, 17980-000", "latitude": -21.463313395992934, "longitude": -51.858086971015823, "id_cj": 29, "nome_cj": "29ª Dracena", "id_raj": 5, "nome_raj": "5ª Presidente Prudente", "populacao_foro": 25875, "qt_cidades_foro": 3, "cidades_no_foro": "Panorama, Paulicéia, Santa Mercedes", "qt_cidades_cj": 13, "cidades_na_cj": "Dracena, Flora Rica, Irapuru, Junqueirópolis, Monte Castelo, Nova Guataporanga, Ouro Verde, Pacaembu, Panorama, Paulicéia, Santa Mercedes, São João do Pau d'Alho, Tupi Paulista", "unidades": null, "total_varas_municipio": 0, "varas_municipio": null, "varas_foro": "1ª Vara Judicial, 2ª Vara Judicial, Juizado Especial Cível e Criminal" }, "geometry": { "type": "Point", "coordinates": [ -51.790720278487719, -21.198355284966741 ] } },
{ "type": "Feature", "properties": { "id_municipio_ibge": 3536505, "nome_municipio": "Paulínia", "populacao_municipio": 110537, "id_foro": 3536505, "nome_foro": "Paulínia", "total_varas_foro": 5, "entrancia": "Entrância Intermediária", "endereco_sede": "Praça Vinte e Oito de Fevereiro , 180 - Centro, 13140-285", "latitude": -22.748361708452858, "longitude": -47.145065464629056, "id_cj": 8, "nome_cj": "8ª Campinas", "id_raj": 4, "nome_raj": "4ª Campinas", "populacao_foro": 110537, "qt_cidades_foro": 1, "cidades_no_foro": "Paulínia", "qt_cidades_cj": 4, "cidades_na_cj": "Campinas, Cosmópolis, Paulínia, Valinhos", "unidades": "FORO DA COMARCA DE PAULÍNIA, Fórum II Paulínia (CEJUSC)", "total_varas_municipio": 5, "varas_municipio": "1ª Vara Judicial, 2ª Vara Judicial, Gabinete MMª Juíza de Direito - 1ª Vara, Gabinete MMª Juíza de Direito - 2ª Vara, Juizado Especial Cível e Criminal", "varas_foro": "1ª Vara Judicial, 2ª Vara Judicial, Gabinete MMª Juíza de Direito - 1ª Vara, Gabinete MMª Juíza de Direito - 2ª Vara, Juizado Especial Cível e Criminal" }, "geometry": { "type": "Point", "coordinates": [ -47.145065464629056, -22.748361708452858 ] } },
{ "type": "Feature", "properties": { "id_municipio_ibge": 3536570, "nome_municipio": "Paulistânia", "populacao_municipio": 2090, "id_foro": 3500709, "nome_foro": "Agudos", "total_varas_foro": 2, "entrancia": "Entrância Inicial", "endereco_sede": "Rua Paulo Nelli , 276 - Vila Andreotti, 17120-370", "latitude": -22.571924916922669, "longitude": -49.108745175740339, "id_cj": 32, "nome_cj": "32ª Bauru", "id_raj": 3, "nome_raj": "3ª Bauru", "populacao_foro": 39770, "qt_cidades_foro": 2, "cidades_no_foro": "Agudos, Paulistânia", "qt_cidades_cj": 18, "cidades_na_cj": "Agudos, Arealva, Avaí, Balbinos, Bauru, Borebi, Cabrália Paulista, Duartina, Lençóis Paulista, Lucianópolis, Paulistânia, Pirajuí, Piratininga, Pongaí, Presidente Alves, Reginópolis, Ubirajara, Uru", "unidades": null, "total_varas_municipio": 0, "varas_municipio": null, "varas_foro": "1ª Vara Judicial, Juizado Especial Cível" }, "geometry": { "type": "Point", "coordinates": [ -49.305535658928335, -22.568407283221116 ] } },
{ "type": "Feature", "properties": { "id_municipio_ibge": 3536604, "nome_municipio": "Paulo de Faria", "populacao_municipio": 7400, "id_foro": 3536604, "nome_foro": "Paulo de Faria", "total_varas_foro": 2, "entrancia": "Entrância Inicial", "endereco_sede": "Rua XV de Novembro , 809 - centro, 15490-000", "latitude": -20.066612556982832, "longitude": -49.463423033936081, "id_cj": 16, "nome_cj": "16ª São José do Rio Preto", "id_raj": 8, "nome_raj": "8ª São José do Rio Preto", "populacao_foro": 23733, "qt_cidades_foro": 3, "cidades_no_foro": "Orindiúva, Paulo de Faria, Riolândia", "qt_cidades_cj": 33, "cidades_na_cj": "Adolfo, Américo de Campos, Bady Bassitt, Bálsamo, Cedral, Cosmorama, Guapiaçu, Icém, Ipiguá, Jaci, José Bonifácio, Macaubal, Mendonça, Mirassol, Mirassolândia, Monte Aprazível, Neves Paulista, Nipoã, Nova Aliança, Nova Granada, Onda Verde, Orindiúva, Palestina, Paulo de Faria, Poloni, Potirendaba, Riolândia, Sebastianópolis do Sul, São José do Rio Preto, Tanabi, Ubarana, Uchoa, União Paulista", "unidades": "Fórum \"PROMOTOR GABRIEL NETTUZZI PEREZ\", Fórum II da Comarca de Paulo de Faria (CEJUSC/JECC)", "total_varas_municipio": 2, "varas_municipio": "Juizado Especial Cível e Criminal, Vara Judicial", "varas_foro": "Juizado Especial Cível e Criminal, Vara Judicial" }, "geometry": { "type": "Point", "coordinates": [ -49.463423033936081, -20.066612556982832 ] } },
{ "type": "Feature", "properties": { "id_municipio_ibge": 3536703, "nome_municipio": "Pederneiras", "populacao_municipio": 44827, "id_foro": 3536703, "nome_foro": "Pederneiras", "total_varas_foro": 2, "entrancia": "Entrância Inicial", "endereco_sede": "Rua Belmiro Pereira , 367 - Centro, 17280-061", "latitude": -22.301430619321216, "longitude": -48.861064132304371, "id_cj": 33, "nome_cj": "33ª Jaú", "id_raj": 3, "nome_raj": "3ª Bauru", "populacao_foro": 49542, "qt_cidades_foro": 2, "cidades_no_foro": "Boracéia, Pederneiras", "qt_cidades_cj": 12, "cidades_na_cj": "Bariri, Barra Bonita, Bocaina, Boracéia, Dois Córregos, Igaraçu do Tietê, Itaju, Itapuí, Jaú, Macatuba, Mineiros do Tietê, Pederneiras", "unidades": "Fórum Pederneiras (Desativado), Fórum Pederneiras I, Fórum Pederneiras II (CEJUSC), Fórum Pederneiras III (Arquivo Geral de Móveis)", "total_varas_municipio": 2, "varas_municipio": "1ª Vara Judicial, 2ª Vara Judicial", "varas_foro": "1ª Vara Judicial, 2ª Vara Judicial" }, "geometry": { "type": "Point", "coordinates": [ -48.861064132304371, -22.301430619321216 ] } },
{ "type": "Feature", "properties": { "id_municipio_ibge": 3536802, "nome_municipio": "Pedra Bela", "populacao_municipio": 6557, "id_foro": 3507605, "nome_foro": "Bragança Paulista", "total_varas_foro": 8, "entrancia": "Entrância Final", "endereco_sede": "Avenida dos Imigrantes , 1501 - Jd. America, 12902-000", "latitude": -22.938347735956711, "longitude": -46.555949879414001, "id_cj": 6, "nome_cj": "6ª Bragança Paulista", "id_raj": 4, "nome_raj": "4ª Campinas", "populacao_foro": 200658, "qt_cidades_foro": 4, "cidades_no_foro": "Bragança Paulista, Pedra Bela, Tuiuti, Vargem", "qt_cidades_cj": 11, "cidades_na_cj": "Atibaia, Bom Jesus dos Perdões, Bragança Paulista, Jarinu, Joanópolis, Nazaré Paulista, Pedra Bela, Pinhalzinho, Piracaia, Tuiuti, Vargem", "unidades": null, "total_varas_municipio": 0, "varas_municipio": null, "varas_foro": "1ª Vara Criminal, 1ª Vara Cível, 2ª Vara Criminal, 2ª Vara Cível, 3ª Vara Cível, Execuções Criminais e da Infância e da Juventude, Juizado Especial Cível e Criminal, Vara do Júri" }, "geometry": { "type": "Point", "coordinates": [ -46.441810292836635, -22.775759357329044 ] } },
{ "type": "Feature", "properties": { "id_municipio_ibge": 3536901, "nome_municipio": "Pedranópolis", "populacao_municipio": 2787, "id_foro": 3515509, "nome_foro": "Fernandópolis", "total_varas_foro": 8, "entrancia": "Entrância Final", "endereco_sede": "Avenida Raul Gonçalves Júnior , 850 - Jardim Santa Rita, 15610-000", "latitude": -20.271768816132493, "longitude": -50.283015230356867, "id_cj": 18, "nome_cj": "18ª Fernandópolis", "id_raj": 8, "nome_raj": "8ª São José do Rio Preto", "populacao_foro": 82508, "qt_cidades_foro": 4, "cidades_no_foro": "Fernandópolis, Macedônia, Meridiano, Pedranópolis", "qt_cidades_cj": 15, "cidades_na_cj": "Dolcinópolis, Estrela dOeste, Fernandópolis, General Salgado, Guarani d'Oeste, Indiaporã, Macedônia, Meridiano, Nova Castilho, Ouroeste, Pedranópolis, Populina, São João das Duas Pontes, São João de Iracema, Turmalina", "unidades": null, "total_varas_municipio": 0, "varas_municipio": null, "varas_foro": "1ª Vara Criminal, 1ª Vara Criminal e da Infância e Juventude, 1ª vara Cível, 2ª Vara Criminal, 2ª Vara Cível, 3ª Vara Cível, Ofício do Juizado Especial Cível e Criminal, Vara do Juizado Especial Cível e Criminal" }, "geometry": { "type": "Point", "coordinates": [ -50.107029116728562, -20.210114456932896 ] } },
{ "type": "Feature", "properties": { "id_municipio_ibge": 3537008, "nome_municipio": "Pedregulho", "populacao_municipio": 15525, "id_foro": 3537008, "nome_foro": "Pedregulho", "total_varas_foro": 3, "entrancia": "Entrância Inicial", "endereco_sede": "Praça Padre Luís Sávio , s/n - centro, 14470-000", "latitude": -20.205591939297193, "longitude": -47.439060221283761, "id_cj": 38, "nome_cj": "38ª Franca", "id_raj": 6, "nome_raj": "6ª Ribeirão Preto", "populacao_foro": 23437, "qt_cidades_foro": 3, "cidades_no_foro": "Jeriquara, Pedregulho, Rifaina", "qt_cidades_cj": 10, "cidades_na_cj": "Cristais Paulista, Franca, Itirapuã, Jeriquara, Patrocínio Paulista, Pedregulho, Restinga, Ribeirão Corrente, Rifaina, São José da Bela Vista", "unidades": "FÓRUM DESEMBARGADOR DÍNIO DE SANTIS GARCIA", "total_varas_municipio": 3, "varas_municipio": "Juizado Especial Cível, Juizado Especial Cível e Criminal de Pedregulho, Vara Judicial", "varas_foro": "Juizado Especial Cível, Juizado Especial Cível e Criminal de Pedregulho, Vara Judicial" }, "geometry": { "type": "Point", "coordinates": [ -47.439060221283761, -20.205591939297193 ] } },
{ "type": "Feature", "properties": { "id_municipio_ibge": 3537107, "nome_municipio": "Pedreira", "populacao_municipio": 43112, "id_foro": 3537107, "nome_foro": "Pedreira", "total_varas_foro": 3, "entrancia": "Entrância Inicial", "endereco_sede": "Rua Odavilso Uttembergue , 80 - Pq. Industrial, 13920-284", "latitude": -22.754706189736027, "longitude": -46.888549861380227, "id_cj": 54, "nome_cj": "54ª Amparo", "id_raj": 4, "nome_raj": "4ª Campinas", "populacao_foro": 43112, "qt_cidades_foro": 1, "cidades_no_foro": "Pedreira", "qt_cidades_cj": 9, "cidades_na_cj": "Amparo, Jaguariúna, Lindóia, Monte Alegre do Sul, Pedreira, Santo Antônio de Posse, Serra Negra, Socorro, Águas de Lindóia", "unidades": "Fórum Pedreira -Dr. Artur Moreira de Almeida", "total_varas_municipio": 3, "varas_municipio": "1ª Vara Judicial, 2ª Vara Judicial, Juizado Especial Cível e Criminal", "varas_foro": "1ª Vara Judicial, 2ª Vara Judicial, Juizado Especial Cível e Criminal" }, "geometry": { "type": "Point", "coordinates": [ -46.888549861380227, -22.754706189736027 ] } },
{ "type": "Feature", "properties": { "id_municipio_ibge": 3537156, "nome_municipio": "Pedrinhas Paulista", "populacao_municipio": 2804, "id_foro": 3528809, "nome_foro": "Maracaí", "total_varas_foro": 2, "entrancia": "Entrância Inicial", "endereco_sede": "Avenida São Paulo , 440 - Centro, 19840-011", "latitude": -22.652254830985651, "longitude": -50.745406741732126, "id_cj": 26, "nome_cj": "26ª Assis", "id_raj": 5, "nome_raj": "5ª Presidente Prudente", "populacao_foro": 17585, "qt_cidades_foro": 3, "cidades_no_foro": "Cruzália, Maracaí, Pedrinhas Paulista", "qt_cidades_cj": 18, "cidades_na_cj": "Assis, Borá, Campos Novos Paulista, Cruzália, Cândido Mota, Echaporã, Florínia, Ibirarema, João Ramalho, Lutécia, Maracaí, Oscar Bressane, Palmital, Paraguaçu Paulista, Pedrinhas Paulista, Platina, Quatá, Tarumã", "unidades": null, "total_varas_municipio": 0, "varas_municipio": null, "varas_foro": "Juizado Especial Cível e Criminal, Vara Judicial" }, "geometry": { "type": "Point", "coordinates": [ -50.802422500611051, -22.816910590556297 ] } },
{ "type": "Feature", "properties": { "id_municipio_ibge": 3537206, "nome_municipio": "Pedro de Toledo", "populacao_municipio": 11281, "id_foro": 3523305, "nome_foro": "Itariri", "total_varas_foro": 2, "entrancia": "Entrância Inicial", "endereco_sede": "Rua Engº José Claret de Toledo Goulart , 41 - Centro, 11760-000", "latitude": -24.292699162757536, "longitude": -47.128140707910994, "id_cj": 56, "nome_cj": "56ª Itanhaém", "id_raj": 7, "nome_raj": "7ª Santos", "populacao_foro": 26809, "qt_cidades_foro": 2, "cidades_no_foro": "Itariri, Pedro de Toledo", "qt_cidades_cj": 5, "cidades_na_cj": "Itanhaém, Itariri, Mongaguá, Pedro de Toledo, Peruíbe", "unidades": null, "total_varas_municipio": 0, "varas_municipio": null, "varas_foro": "Juizado Especial Cível e Criminal, Vara Judicial" }, "geometry": { "type": "Point", "coordinates": [ -47.163531060767923, -24.163707411832991 ] } },
{ "type": "Feature", "properties": { "id_municipio_ibge": 3537305, "nome_municipio": "Penápolis", "populacao_municipio": 61679, "id_foro": 3537305, "nome_foro": "Penápolis", "total_varas_foro": 5, "entrancia": "Entrância Intermediária", "endereco_sede": "Praça Doutor Carlos Sampaio Filho , 190 - Centro, 16300-000", "latitude": -21.405402830387295, "longitude": -50.095696189609299, "id_cj": 36, "nome_cj": "36ª Araçatuba", "id_raj": 2, "nome_raj": "2ª Araçatuba", "populacao_foro": 96618, "qt_cidades_foro": 7, "cidades_no_foro": "Alto Alegre, Avanhandava, Barbosa, Braúna, Glicério, Luiziânia, Penápolis", "qt_cidades_cj": 26, "cidades_na_cj": "Alto Alegre, Araçatuba, Avanhandava, Barbosa, Bento de Abreu, Bilac, Birigui, Braúna, Brejo Alegre, Buritama, Clementina, Coroados, Gabriel Monteiro, Glicério, Guararapes, Lourdes, Luiziânia, Penápolis, Piacatu, Planalto, Rubiácea, Santo Antônio do Aracanguá, Santópolis do Aguapeí, Turiúba, Valparaíso, Zacarias", "unidades": "Fórum Penápolis I -, Fórum Penápolis II - (Juizado Especial)", "total_varas_municipio": 5, "varas_municipio": "1ª Vara Judicial, 2ª Vara Judicial, 3ª Vara Judicial, 4ª Vara Judicial, Vara do Juizado Especial Cível e Criminal", "varas_foro": "1ª Vara Judicial, 2ª Vara Judicial, 3ª Vara Judicial, 4ª Vara Judicial, Vara do Juizado Especial Cível e Criminal" }, "geometry": { "type": "Point", "coordinates": [ -50.095696189609299, -21.405402830387295 ] } },
{ "type": "Feature", "properties": { "id_municipio_ibge": 3537404, "nome_municipio": "Pereira Barreto", "populacao_municipio": 24095, "id_foro": 3537404, "nome_foro": "Pereira Barreto", "total_varas_foro": 3, "entrancia": "Entrância Inicial", "endereco_sede": "Rua Francisca Senhorinha Carneiro , s/n - Vila Municipal, 15371-274", "latitude": -20.677761179179669, "longitude": -51.106471907687883, "id_cj": 37, "nome_cj": "37ª Andradina", "id_raj": 2, "nome_raj": "2ª Araçatuba", "populacao_foro": 34858, "qt_cidades_foro": 3, "cidades_no_foro": "Pereira Barreto, Sud Mennucci, Suzanápolis", "qt_cidades_cj": 12, "cidades_na_cj": "Andradina, Castilho, Guaraçaí, Ilha Solteira, Itapura, Lavínia, Mirandópolis, Murutinga do Sul, Nova Independência, Pereira Barreto, Sud Mennucci, Suzanápolis", "unidades": "Fórum I Pereira Barreto, X-Fórum II Pereira Barreto (CEJUSC) [desativado]", "total_varas_municipio": 3, "varas_municipio": "1ª Vara Judicial, 2ª Vara Judicial, Juizado Especial Cível", "varas_foro": "1ª Vara Judicial, 2ª Vara Judicial, Juizado Especial Cível" }, "geometry": { "type": "Point", "coordinates": [ -51.106471907687883, -20.677761179179669 ] } },
{ "type": "Feature", "properties": { "id_municipio_ibge": 3537503, "nome_municipio": "Pereiras", "populacao_municipio": 8737, "id_foro": 3512308, "nome_foro": "Conchas", "total_varas_foro": 0, "entrancia": "Entrância Inicial", "endereco_sede": "Av. Gregório Marcos Garcia , 808 - Vila Esporte, 18570-000", "latitude": -22.9656292866085, "longitude": -48.047079624246535, "id_cj": 23, "nome_cj": "23ª Botucatu", "id_raj": 3, "nome_raj": "3ª Bauru", "populacao_foro": 29643, "qt_cidades_foro": 3, "cidades_no_foro": "Anhembi, Conchas, Pereiras", "qt_cidades_cj": 9, "cidades_na_cj": "Anhembi, Areiópolis, Botucatu, Conchas, Itatinga, Pardinho, Pereiras, Pratânia, São Manuel", "unidades": null, "total_varas_municipio": 0, "varas_municipio": null, "varas_foro": null }, "geometry": { "type": "Point", "coordinates": [ -47.97882282951629, -23.12047393318597 ] } },
{ "type": "Feature", "properties": { "id_municipio_ibge": 3537602, "nome_municipio": "Peruíbe", "populacao_municipio": 68352, "id_foro": 3537602, "nome_foro": "Peruíbe", "total_varas_foro": 3, "entrancia": "Entrância Inicial", "endereco_sede": "Rua Bolívia , 89 - Bairro São José, 11750000", "latitude": -24.27929969960179, "longitude": -47.013007162740649, "id_cj": 56, "nome_cj": "56ª Itanhaém", "id_raj": 7, "nome_raj": "7ª Santos", "populacao_foro": 68352, "qt_cidades_foro": 1, "cidades_no_foro": "Peruíbe", "qt_cidades_cj": 5, "cidades_na_cj": "Itanhaém, Itariri, Mongaguá, Pedro de Toledo, Peruíbe", "unidades": "Forum II  Peruíbe (Anexo de Violência Doméstica e Familiar contra a Mulher), Fórum Peruíbe, Fórum Peruíbe I, Fórum Peruíbe II - (Anexo Fiscal)", "total_varas_municipio": 3, "varas_municipio": "1ª Vara Judicial, 2ª Vara Judicial, Juizado Especial Cível e Criminal", "varas_foro": "1ª Vara Judicial, 2ª Vara Judicial, Juizado Especial Cível e Criminal" }, "geometry": { "type": "Point", "coordinates": [ -47.013007162740649, -24.27929969960179 ] } },
{ "type": "Feature", "properties": { "id_municipio_ibge": 3537701, "nome_municipio": "Piacatu", "populacao_municipio": 5519, "id_foro": 3506409, "nome_foro": "Bilac", "total_varas_foro": 2, "entrancia": "Entrância Inicial", "endereco_sede": "Praça Oswaldo Martins , 200 - Centro, 00000000", "latitude": -21.427784634718797, "longitude": -50.479257524885895, "id_cj": 36, "nome_cj": "36ª Araçatuba", "id_raj": 2, "nome_raj": "2ª Araçatuba", "populacao_foro": 15601, "qt_cidades_foro": 3, "cidades_no_foro": "Bilac, Gabriel Monteiro, Piacatu", "qt_cidades_cj": 26, "cidades_na_cj": "Alto Alegre, Araçatuba, Avanhandava, Barbosa, Bento de Abreu, Bilac, Birigui, Braúna, Brejo Alegre, Buritama, Clementina, Coroados, Gabriel Monteiro, Glicério, Guararapes, Lourdes, Luiziânia, Penápolis, Piacatu, Planalto, Rubiácea, Santo Antônio do Aracanguá, Santópolis do Aguapeí, Turiúba, Valparaíso, Zacarias", "unidades": null, "total_varas_municipio": 0, "varas_municipio": null, "varas_foro": "Juizado Especial Cível e Criminal, Vara Judicial" }, "geometry": { "type": "Point", "coordinates": [ -50.643618335278092, -21.571329400860275 ] } },
{ "type": "Feature", "properties": { "id_municipio_ibge": 3537800, "nome_municipio": "Piedade", "populacao_municipio": 52970, "id_foro": 3537800, "nome_foro": "Piedade", "total_varas_foro": 2, "entrancia": "Entrância Inicial", "endereco_sede": "Praça Raul Gomes de Abreu , 73 - Centro, 18170-000", "latitude": -23.787008344192724, "longitude": -47.438132801848049, "id_cj": 19, "nome_cj": "19ª Sorocaba", "id_raj": 10, "nome_raj": "10ª Sorocaba", "populacao_foro": 60966, "qt_cidades_foro": 2, "cidades_no_foro": "Piedade, Tapiraí", "qt_cidades_cj": 12, "cidades_na_cj": "Alumínio, Araçariguama, Araçoiaba da Serra, Ibiúna, Mairinque, Piedade, Pilar do Sul, Salto de Pirapora, Sorocaba, São Roque, Tapiraí, Votorantim", "unidades": "FÓRUM DESEMBARGADOR OSWALDO PINTO DO AMARAL, Fórum Piedade II - Juizado Especial Cível, Fórum Piedade III (CEJUSC)", "total_varas_municipio": 2, "varas_municipio": "1ª Vara Judicial, 2ª Vara Judicial", "varas_foro": "1ª Vara Judicial, 2ª Vara Judicial" }, "geometry": { "type": "Point", "coordinates": [ -47.438132801848049, -23.787008344192724 ] } },
{ "type": "Feature", "properties": { "id_municipio_ibge": 3537909, "nome_municipio": "Pilar do Sul", "populacao_municipio": 27619, "id_foro": 3537909, "nome_foro": "Pilar do Sul", "total_varas_foro": 1, "entrancia": "Entrância Inicial", "endereco_sede": "Rua Santo Antônio , 197 - Centro, 18185-000", "latitude": -23.85636602575428, "longitude": -47.728124860917411, "id_cj": 19, "nome_cj": "19ª Sorocaba", "id_raj": 10, "nome_raj": "10ª Sorocaba", "populacao_foro": 27619, "qt_cidades_foro": 1, "cidades_no_foro": "Pilar do Sul", "qt_cidades_cj": 12, "cidades_na_cj": "Alumínio, Araçariguama, Araçoiaba da Serra, Ibiúna, Mairinque, Piedade, Pilar do Sul, Salto de Pirapora, Sorocaba, São Roque, Tapiraí, Votorantim", "unidades": "Fórum Desembargador Renato Carlos Mascarenhas (Prédio II), Fórum Desembargador Renato Carlos Mascarenhas (Prédio Principal)", "total_varas_municipio": 1, "varas_municipio": "Vara Judicial", "varas_foro": "Vara Judicial" }, "geometry": { "type": "Point", "coordinates": [ -47.728124860917411, -23.85636602575428 ] } },
{ "type": "Feature", "properties": { "id_municipio_ibge": 3538006, "nome_municipio": "Pindamonhangaba", "populacao_municipio": 165428, "id_foro": 3538006, "nome_foro": "Pindamonhangaba", "total_varas_foro": 4, "entrancia": "Entrância Final", "endereco_sede": "Rua Alcides Ramos Nogueira , nº 780 - Socorro, 12421705", "latitude": -22.880008804127293, "longitude": -45.459274831809694, "id_cj": 47, "nome_cj": "47ª Taubaté", "id_raj": 9, "nome_raj": "9ª São José dos Campos", "populacao_foro": 165428, "qt_cidades_foro": 1, "cidades_no_foro": "Pindamonhangaba", "qt_cidades_cj": 11, "cidades_na_cj": "Campos do Jordão, Caçapava, Jambeiro, Lagoinha, Pindamonhangaba, Redenção da Serra, Santo Antônio do Pinhal, São Bento do Sapucaí, São Luiz do Paraitinga, Taubaté, Tremembé", "unidades": "Fórum Juiz José Roberto Paim, Fórum Ministro Costa Manso, Fórum Pindamonhangaba [Arquivo]", "total_varas_municipio": 4, "varas_municipio": "1ª Vara Cível, 2ª Vara Cível, 3ª Vara Cível, Vara Criminal", "varas_foro": "1ª Vara Cível, 2ª Vara Cível, 3ª Vara Cível, Vara Criminal" }, "geometry": { "type": "Point", "coordinates": [ -45.459274831809694, -22.880008804127293 ] } },
{ "type": "Feature", "properties": { "id_municipio_ibge": 3538105, "nome_municipio": "Pindorama", "populacao_municipio": 14542, "id_foro": 3511102, "nome_foro": "Catanduva", "total_varas_foro": 8, "entrancia": "Entrância Final", "endereco_sede": "Parque da Américas , 55 - Centro, 15800-032", "latitude": -21.1337504667109, "longitude": -48.963683344957076, "id_cj": 15, "nome_cj": "15ª Catanduva", "id_raj": 8, "nome_raj": "8ª São José do Rio Preto", "populacao_foro": 145161, "qt_cidades_foro": 4, "cidades_no_foro": "Catanduva, Elisiário, Ibirá, Pindorama", "qt_cidades_cj": 16, "cidades_na_cj": "Ariranha, Catanduva, Catiguá, Elisiário, Ibirá, Irapuã, Itajobi, Marapoama, Novais, Novo Horizonte, Palmares Paulista, Pindorama, Sales, Santa Adélia, Tabapuã, Urupês", "unidades": null, "total_varas_municipio": 0, "varas_municipio": null, "varas_foro": "1ª Vara Criminal, 1ª Vara Cível, 2ª Vara Criminal, 2ª Vara Cível, 3ª Vara Cível, Juizado Especial Cível, Vara da Família e das Sucessões, Vara do Juizado Especial Cível" }, "geometry": { "type": "Point", "coordinates": [ -48.911627130325058, -21.20980505393177 ] } },
{ "type": "Feature", "properties": { "id_municipio_ibge": 3538204, "nome_municipio": "Pinhalzinho", "populacao_municipio": 15224, "id_foro": 3538204, "nome_foro": "Pinhalzinho", "total_varas_foro": 1, "entrancia": "Entrância Inicial", "endereco_sede": "Rua Boa Esperança , 266 - Centro, 12995-000", "latitude": -22.778693964166759, "longitude": -46.57343109827039, "id_cj": 6, "nome_cj": "6ª Bragança Paulista", "id_raj": 4, "nome_raj": "4ª Campinas", "populacao_foro": 15224, "qt_cidades_foro": 1, "cidades_no_foro": "Pinhalzinho", "qt_cidades_cj": 11, "cidades_na_cj": "Atibaia, Bom Jesus dos Perdões, Bragança Paulista, Jarinu, Joanópolis, Nazaré Paulista, Pedra Bela, Pinhalzinho, Piracaia, Tuiuti, Vargem", "unidades": "Fórum Pinhalzinho", "total_varas_municipio": 1, "varas_municipio": "Vara Judicial", "varas_foro": "Vara Judicial" }, "geometry": { "type": "Point", "coordinates": [ -46.57343109827039, -22.778693964166759 ] } },
{ "type": "Feature", "properties": { "id_municipio_ibge": 3538303, "nome_municipio": "Piquerobi", "populacao_municipio": 3264, "id_foro": 3547700, "nome_foro": "Santo Anastácio", "total_varas_foro": 3, "entrancia": "Entrância Inicial", "endereco_sede": "Praça Ataliba Leonel , 251 - Centro, 19360-000", "latitude": -22.037649932408112, "longitude": -51.722519241522036, "id_cj": 28, "nome_cj": "28ª Presidente Venceslau", "id_raj": 5, "nome_raj": "5ª Presidente Prudente", "populacao_foro": 23252, "qt_cidades_foro": 3, "cidades_no_foro": "Piquerobi, Ribeirão dos Índios, Santo Anastácio", "qt_cidades_cj": 11, "cidades_na_cj": "Caiuá, Euclides da Cunha Paulista, Marabá Paulista, Mirante do Paranapanema, Piquerobi, Presidente Epitácio, Presidente Venceslau, Ribeirão dos Índios, Rosana, Santo Anastácio, Teodoro Sampaio", "unidades": null, "total_varas_municipio": 0, "varas_municipio": null, "varas_foro": "Juizado Especial Cível, Oficio Judicial (Unica Vara), Vara Judicial" }, "geometry": { "type": "Point", "coordinates": [ -51.731582435174651, -21.852681849614925 ] } },
{ "type": "Feature", "properties": { "id_municipio_ibge": 3538501, "nome_municipio": "Piquete", "populacao_municipio": 12490, "id_foro": 3538501, "nome_foro": "Piquete", "total_varas_foro": 1, "entrancia": "Entrância Inicial", "endereco_sede": "Rua Professora Maria de Lourdes Brito Vilar , s/n - Centro, 12620-000", "latitude": -22.590275440993793, "longitude": -45.173762773525965, "id_cj": 48, "nome_cj": "48ª Guaratinguetá", "id_raj": 9, "nome_raj": "9ª São José dos Campos", "populacao_foro": 12490, "qt_cidades_foro": 1, "cidades_no_foro": "Piquete", "qt_cidades_cj": 17, "cidades_na_cj": "Aparecida, Arapeí, Areias, Bananal, Cachoeira Paulista, Canas, Cruzeiro, Cunha, Guaratinguetá, Lavrinhas, Lorena, Piquete, Potim, Queluz, Roseira, Silveiras, São José do Barreiro", "unidades": "FORO DA COMARCA DE PIQUETE", "total_varas_municipio": 1, "varas_municipio": "Vara Judicial Cumulativa", "varas_foro": "Vara Judicial Cumulativa" }, "geometry": { "type": "Point", "coordinates": [ -45.173762773525965, -22.590275440993793 ] } },
{ "type": "Feature", "properties": { "id_municipio_ibge": 3538600, "nome_municipio": "Piracaia", "populacao_municipio": 26029, "id_foro": 3538600, "nome_foro": "Piracaia", "total_varas_foro": 4, "entrancia": "Entrância Inicial", "endereco_sede": "Rua Benedito Vieira da Silva , 300 - Centro, 12970-000", "latitude": -23.046870727700668, "longitude": -46.302275985553024, "id_cj": 6, "nome_cj": "6ª Bragança Paulista", "id_raj": 4, "nome_raj": "4ª Campinas", "populacao_foro": 38844, "qt_cidades_foro": 2, "cidades_no_foro": "Joanópolis, Piracaia", "qt_cidades_cj": 11, "cidades_na_cj": "Atibaia, Bom Jesus dos Perdões, Bragança Paulista, Jarinu, Joanópolis, Nazaré Paulista, Pedra Bela, Pinhalzinho, Piracaia, Tuiuti, Vargem", "unidades": "Fórum Desembargador Joaquim Barbosa de Almeida", "total_varas_municipio": 4, "varas_municipio": "1ª Vara Judicial, 2ª Vara Judicial, Gabinetes da Primeira Vara e Segunda Vara, Juizado Especial Cível e Criminal", "varas_foro": "1ª Vara Judicial, 2ª Vara Judicial, Gabinetes da Primeira Vara e Segunda Vara, Juizado Especial Cível e Criminal" }, "geometry": { "type": "Point", "coordinates": [ -46.302275985553024, -23.046870727700668 ] } },
{ "type": "Feature", "properties": { "id_municipio_ibge": 3538709, "nome_municipio": "Piracicaba", "populacao_municipio": 423323, "id_foro": 3538709, "nome_foro": "Piracicaba", "total_varas_foro": 19, "entrancia": "Entrância Final", "endereco_sede": "Rua Bernardino de Campos , 55 - Alemães, 13417-901", "latitude": -22.726451332766192, "longitude": -47.78401709610705, "id_cj": 34, "nome_cj": "34ª Piracicaba", "id_raj": 4, "nome_raj": "4ª Campinas", "populacao_foro": 447019, "qt_cidades_foro": 3, "cidades_no_foro": "Charqueada, Piracicaba, Saltinho", "qt_cidades_cj": 16, "cidades_na_cj": "Capivari, Cerquilho, Charqueada, Elias Fausto, Jumirim, Laranjal Paulista, Mombuca, Monte Mor, Piracicaba, Rafard, Rio das Pedras, Saltinho, Santa Maria da Serra, São Pedro, Tietê, Águas de São Pedro", "unidades": "Fórum Piracicaba I - (JEC -  JECRIM - COLÉGIO RECURSAL), Fórum Piracicaba I - (Principal), Fórum Piracicaba II - (Anexo Fiscal), Fórum Piracicaba IV - (Psicossocial), Fórum Piracicaba V - (CEJUSC)", "total_varas_municipio": 19, "varas_municipio": "1ª Vara Criminal, 1ª Vara Cível, 1ª Vara da Família e das Sucessões, 2ª Vara Criminal, 2ª Vara Cível, 2ª Vara da Família e das Sucessões, 3ª Vara Criminal, 3ª Vara Cível, 3ª Vara da Família e das Sucessões, 4ª Vara Cível, 5ª Vara Cível, 6ª Vara Cível, Audiências de Conciliação das Varas da Família, Juizado Especial Criminal - Conciliação, Ofício do Juizado Especial Cível e Criminal, VARA DA FAZENDA PÚBLICA, VARA DA INFÂNCIA E DA JUVENTUDE, Vara do Juizado Especial Cível e Criminal, VARA DO JÚRI E EXECUÇÕES CRIMINAIS", "varas_foro": "1ª Vara Criminal, 1ª Vara Cível, 1ª Vara da Família e das Sucessões, 2ª Vara Criminal, 2ª Vara Cível, 2ª Vara da Família e das Sucessões, 3ª Vara Criminal, 3ª Vara Cível, 3ª Vara da Família e das Sucessões, 4ª Vara Cível, 5ª Vara Cível, 6ª Vara Cível, Audiências de Conciliação das Varas da Família, Juizado Especial Criminal - Conciliação, Ofício do Juizado Especial Cível e Criminal, VARA DA FAZENDA PÚBLICA, VARA DA INFÂNCIA E DA JUVENTUDE, Vara do Juizado Especial Cível e Criminal, VARA DO JÚRI E EXECUÇÕES CRIMINAIS" }, "geometry": { "type": "Point", "coordinates": [ -47.78401709610705, -22.726451332766192 ] } },
{ "type": "Feature", "properties": { "id_municipio_ibge": 3538808, "nome_municipio": "Piraju", "populacao_municipio": 29436, "id_foro": 3538808, "nome_foro": "Piraju", "total_varas_foro": 2, "entrancia": "Entrância Inicial", "endereco_sede": "Praça Joaquim Antonio Arruda , 126 - Centro, 18800-049", "latitude": -23.186915952498072, "longitude": -49.366092572260236, "id_cj": 25, "nome_cj": "25ª Ourinhos", "id_raj": 3, "nome_raj": "3ª Bauru", "populacao_foro": 52114, "qt_cidades_foro": 6, "cidades_no_foro": "Manduri, Piraju, Sarutaiá, Tejupá, Timburi, Óleo", "qt_cidades_cj": 16, "cidades_na_cj": "Bernardino de Campos, Canitar, Chavantes, Espírito Santo do Turvo, Ipaussu, Manduri, Ourinhos, Piraju, Ribeirão do Sul, Salto Grande, Santa Cruz do Rio Pardo, Sarutaiá, São Pedro do Turvo, Tejupá, Timburi, Óleo", "unidades": "CEJUSC -  Piraju [desativado], Fórum Dr. Simão Eugênio de Oliveira Lima, JUIZADO ESPECIAL CÍVEL E CRIMINAL DE PIRAJU", "total_varas_municipio": 2, "varas_municipio": "1ª Vara Judicial, 2ª Vara Judicial", "varas_foro": "1ª Vara Judicial, 2ª Vara Judicial" }, "geometry": { "type": "Point", "coordinates": [ -49.366092572260236, -23.186915952498072 ] } },
{ "type": "Feature", "properties": { "id_municipio_ibge": 3538907, "nome_municipio": "Pirajuí", "populacao_municipio": 22431, "id_foro": 3538907, "nome_foro": "Pirajuí", "total_varas_foro": 3, "entrancia": "Entrância Inicial", "endereco_sede": "Praça Doutor Pedro da Rocha Braga , 43 - Centro, 16600-041", "latitude": -21.957602612247964, "longitude": -49.413609857419374, "id_cj": 32, "nome_cj": "32ª Bauru", "id_raj": 3, "nome_raj": "3ª Bauru", "populacao_foro": 42566, "qt_cidades_foro": 6, "cidades_no_foro": "Balbinos, Pirajuí, Pongaí, Presidente Alves, Reginópolis, Uru", "qt_cidades_cj": 18, "cidades_na_cj": "Agudos, Arealva, Avaí, Balbinos, Bauru, Borebi, Cabrália Paulista, Duartina, Lençóis Paulista, Lucianópolis, Paulistânia, Pirajuí, Piratininga, Pongaí, Presidente Alves, Reginópolis, Ubirajara, Uru", "unidades": "Fórum Pirajuí  (Alexandre Delphino Amorim Lima), Fórum Pirajuí (Residência Oficial) (Desativado)", "total_varas_municipio": 3, "varas_municipio": "1ª Vara Judicial, 2ª Vara Judicial, Juizado Especial Cível", "varas_foro": "1ª Vara Judicial, 2ª Vara Judicial, Juizado Especial Cível" }, "geometry": { "type": "Point", "coordinates": [ -49.413609857419374, -21.957602612247964 ] } },
{ "type": "Feature", "properties": { "id_municipio_ibge": 3539004, "nome_municipio": "Pirangi", "populacao_municipio": 10885, "id_foro": 3539004, "nome_foro": "Pirangi", "total_varas_foro": 0, "entrancia": "Entrância Inicial", "endereco_sede": "Travessa Vereador Rafael João Giglio , s/n - Centro, 15820-000", "latitude": -21.093857619466252, "longitude": -48.66945074305756, "id_cj": 42, "nome_cj": "42ª Jaboticabal", "id_raj": 6, "nome_raj": "6ª Ribeirão Preto", "populacao_foro": 18994, "qt_cidades_foro": 2, "cidades_no_foro": "Pirangi, Vista Alegre do Alto", "qt_cidades_cj": 14, "cidades_na_cj": "Cândido Rodrigues, Fernando Prestes, Guariba, Jaboticabal, Monte Alto, Pirangi, Pitangueiras, Pradópolis, Santa Ernestina, Taiaçu, Taiúva, Taquaral, Taquaritinga, Vista Alegre do Alto", "unidades": "Fórum de Pirangi", "total_varas_municipio": 0, "varas_municipio": null, "varas_foro": null }, "geometry": { "type": "Point", "coordinates": [ -48.66945074305756, -21.093857619466252 ] } },
{ "type": "Feature", "properties": { "id_municipio_ibge": 3539103, "nome_municipio": "Pirapora do Bom Jesus", "populacao_municipio": 18370, "id_foro": 3547304, "nome_foro": "Santana de Parnaíba", "total_varas_foro": 0, "entrancia": "Entrância Intermediária", "endereco_sede": "Rua Professor Eugênio Teani , 215 - Jardim Professor Benoá, 06502-025", "latitude": -23.449448112918144, "longitude": -46.916847680105633, "id_cj": 4, "nome_cj": "4ª Osasco", "id_raj": 1, "nome_raj": "1ª Grande São Paulo", "populacao_foro": 172475, "qt_cidades_foro": 2, "cidades_no_foro": "Pirapora do Bom Jesus, Santana de Parnaíba", "qt_cidades_cj": 6, "cidades_na_cj": "Barueri, Carapicuíba, Jandira, Osasco, Pirapora do Bom Jesus, Santana de Parnaíba", "unidades": null, "total_varas_municipio": 0, "varas_municipio": null, "varas_foro": null }, "geometry": { "type": "Point", "coordinates": [ -46.984919409719012, -23.37835989936886 ] } },
{ "type": "Feature", "properties": { "id_municipio_ibge": 3539202, "nome_municipio": "Pirapozinho", "populacao_municipio": 25348, "id_foro": 3539202, "nome_foro": "Pirapozinho", "total_varas_foro": 4, "entrancia": "Entrância Inicial", "endereco_sede": "Rua Dr. Carlos Alberto Leite Boulhosa, 525 , 525 - Jardim Morada do Sol, 19200-000", "latitude": -22.479179063433843, "longitude": -51.619796071038778, "id_cj": 27, "nome_cj": "27ª Presidente Prudente", "id_raj": 5, "nome_raj": "5ª Presidente Prudente", "populacao_foro": 43945, "qt_cidades_foro": 5, "cidades_no_foro": "Estrela do Norte, Narandiba, Pirapozinho, Sandovalina, Tarabai", "qt_cidades_cj": 20, "cidades_na_cj": "Alfredo Marcondes, Anhumas, Caiabu, Emilianópolis, Estrela do Norte, Iepê, Indiana, Martinópolis, Nantes, Narandiba, Pirapozinho, Presidente Bernardes, Presidente Prudente, Rancharia, Regente Feijó, Sandovalina, Santo Expedito, Taciba, Tarabai, Álvares Machado", "unidades": "Dr. Antonio José Machado Dias", "total_varas_municipio": 4, "varas_municipio": "2ª Vara Judicial, Juizado Especial Criminal, Juizado Especial Cível, Oficio Judicial (Crime)", "varas_foro": "2ª Vara Judicial, Juizado Especial Criminal, Juizado Especial Cível, Oficio Judicial (Crime)" }, "geometry": { "type": "Point", "coordinates": [ -51.619796071038778, -22.479179063433843 ] } },
{ "type": "Feature", "properties": { "id_municipio_ibge": 3539301, "nome_municipio": "Pirassununga", "populacao_municipio": 73545, "id_foro": 3539301, "nome_foro": "Pirassununga", "total_varas_foro": 3, "entrancia": "Entrância Final", "endereco_sede": "Rua José Bonifácio , 70 - Centro, 13631-062", "latitude": -21.995925586957153, "longitude": -47.389884018763588, "id_cj": 11, "nome_cj": "11ª Pirassununga", "id_raj": 4, "nome_raj": "4ª Campinas", "populacao_foro": 73545, "qt_cidades_foro": 1, "cidades_no_foro": "Pirassununga", "qt_cidades_cj": 5, "cidades_na_cj": "Leme, Pirassununga, Porto Ferreira, Santa Cruz da Conceição, Santa Rita do Passa Quatro", "unidades": "Fórum Pirassununga I - (Principal), Fórum Pirassununga II - (Juizado Especial Cível e Criminal), Fórum Pirassununga III - (SETOR TÉCNICO)", "total_varas_municipio": 3, "varas_municipio": "1ª Vara Judicial, 2ª Vara Judicial, 3ª Vara Judicial", "varas_foro": "1ª Vara Judicial, 2ª Vara Judicial, 3ª Vara Judicial" }, "geometry": { "type": "Point", "coordinates": [ -47.389884018763588, -21.995925586957153 ] } },
{ "type": "Feature", "properties": { "id_municipio_ibge": 3539400, "nome_municipio": "Piratininga", "populacao_municipio": 15108, "id_foro": 3539400, "nome_foro": "Piratininga", "total_varas_foro": 2, "entrancia": "Entrância Inicial", "endereco_sede": "Rua Doutor José Lisboa Jr. , 67 - Centro, 17490058", "latitude": -22.4249662001357, "longitude": -49.191811518196666, "id_cj": 32, "nome_cj": "32ª Bauru", "id_raj": 3, "nome_raj": "3ª Bauru", "populacao_foro": 15108, "qt_cidades_foro": 1, "cidades_no_foro": "Piratininga", "qt_cidades_cj": 18, "cidades_na_cj": "Agudos, Arealva, Avaí, Balbinos, Bauru, Borebi, Cabrália Paulista, Duartina, Lençóis Paulista, Lucianópolis, Paulistânia, Pirajuí, Piratininga, Pongaí, Presidente Alves, Reginópolis, Ubirajara, Uru", "unidades": "Fórum Piratininga - (Arthur César da Silva Whitaker)", "total_varas_municipio": 2, "varas_municipio": "Ofício Judicial (Vara Única), Vara Judicial", "varas_foro": "Ofício Judicial (Vara Única), Vara Judicial" }, "geometry": { "type": "Point", "coordinates": [ -49.191811518196666, -22.4249662001357 ] } },
{ "type": "Feature", "properties": { "id_municipio_ibge": 3539509, "nome_municipio": "Pitangueiras", "populacao_municipio": 33674, "id_foro": 3539509, "nome_foro": "Pitangueiras", "total_varas_foro": 2, "entrancia": "Entrância Inicial", "endereco_sede": "Rua Doutor Euclides Zanini Caldas , 713 - Centro, 14750-000", "latitude": -21.006236530177024, "longitude": -48.249375087426337, "id_cj": 42, "nome_cj": "42ª Jaboticabal", "id_raj": 6, "nome_raj": "6ª Ribeirão Preto", "populacao_foro": 36293, "qt_cidades_foro": 2, "cidades_no_foro": "Pitangueiras, Taquaral", "qt_cidades_cj": 14, "cidades_na_cj": "Cândido Rodrigues, Fernando Prestes, Guariba, Jaboticabal, Monte Alto, Pirangi, Pitangueiras, Pradópolis, Santa Ernestina, Taiaçu, Taiúva, Taquaral, Taquaritinga, Vista Alegre do Alto", "unidades": "Fórum da Comarca de  Pitangueiras", "total_varas_municipio": 2, "varas_municipio": "Juizado Especial Cível, Vara Judicial", "varas_foro": "Juizado Especial Cível, Vara Judicial" }, "geometry": { "type": "Point", "coordinates": [ -48.249375087426337, -21.006236530177024 ] } },
{ "type": "Feature", "properties": { "id_municipio_ibge": 3539608, "nome_municipio": "Planalto", "populacao_municipio": 4389, "id_foro": 3508108, "nome_foro": "Buritama", "total_varas_foro": 2, "entrancia": "Entrância Inicial", "endereco_sede": "Avenida Frei Marcelo Manilia , 739 - Centro, 15290-000", "latitude": -21.049110632537641, "longitude": -50.200223959610859, "id_cj": 36, "nome_cj": "36ª Araçatuba", "id_raj": 2, "nome_raj": "2ª Araçatuba", "populacao_foro": 28059, "qt_cidades_foro": 5, "cidades_no_foro": "Buritama, Lourdes, Planalto, Turiúba, Zacarias", "qt_cidades_cj": 26, "cidades_na_cj": "Alto Alegre, Araçatuba, Avanhandava, Barbosa, Bento de Abreu, Bilac, Birigui, Braúna, Brejo Alegre, Buritama, Clementina, Coroados, Gabriel Monteiro, Glicério, Guararapes, Lourdes, Luiziânia, Penápolis, Piacatu, Planalto, Rubiácea, Santo Antônio do Aracanguá, Santópolis do Aguapeí, Turiúba, Valparaíso, Zacarias", "unidades": null, "total_varas_municipio": 0, "varas_municipio": null, "varas_foro": "Juizado Especial Cível e Criminal, Vara Cível" }, "geometry": { "type": "Point", "coordinates": [ -49.935985708561198, -21.001196453877178 ] } },
{ "type": "Feature", "properties": { "id_municipio_ibge": 3539707, "nome_municipio": "Platina", "populacao_municipio": 3025, "id_foro": 3535309, "nome_foro": "Palmital", "total_varas_foro": 3, "entrancia": "Entrância Inicial", "endereco_sede": "Avenida Reginalda Leão , 1500 - Centro, 19970-050", "latitude": -22.828796288984474, "longitude": -50.220949582889943, "id_cj": 26, "nome_cj": "26ª Assis", "id_raj": 5, "nome_raj": "5ª Presidente Prudente", "populacao_foro": 33892, "qt_cidades_foro": 4, "cidades_no_foro": "Campos Novos Paulista, Ibirarema, Palmital, Platina", "qt_cidades_cj": 18, "cidades_na_cj": "Assis, Borá, Campos Novos Paulista, Cruzália, Cândido Mota, Echaporã, Florínia, Ibirarema, João Ramalho, Lutécia, Maracaí, Oscar Bressane, Palmital, Paraguaçu Paulista, Pedrinhas Paulista, Platina, Quatá, Tarumã", "unidades": null, "total_varas_municipio": 0, "varas_municipio": null, "varas_foro": "1ª Vara Judicial, 2ª Vara Judicial, Juizado Especial Cível" }, "geometry": { "type": "Point", "coordinates": [ -50.212736613044555, -22.625215777395539 ] } },
{ "type": "Feature", "properties": { "id_municipio_ibge": 3539806, "nome_municipio": "Poá", "populacao_municipio": 103765, "id_foro": 3539806, "nome_foro": "Poá", "total_varas_foro": 5, "entrancia": "Entrância Intermediária", "endereco_sede": "Av. Pref. Jorge Francisco Correia Allen , 87 - Centro, 08562-000", "latitude": -23.530544959851721, "longitude": -46.346793219437963, "id_cj": 45, "nome_cj": "45ª Mogi das Cruzes", "id_raj": 1, "nome_raj": "1ª Grande São Paulo", "populacao_foro": 103765, "qt_cidades_foro": 1, "cidades_no_foro": "Poá", "qt_cidades_cj": 7, "cidades_na_cj": "Biritiba-Mirim, Ferraz de Vasconcelos, Guararema, Itaquaquecetuba, Mogi das Cruzes, Poá, Suzano", "unidades": "Fórum Poá III (CEJUSC), Fórum Poá IV (Desativado e demolido), Fórum da Comarca de Poá, Serviço Anexo das Fazendas da Comarca de Poá e Central de Mandados", "total_varas_municipio": 5, "varas_municipio": "1ª Vara Criminal, 1ª Vara Cível, 2ª Vara Criminal, 2ª Vara Cível, Juizado Especial Cível e Criminal", "varas_foro": "1ª Vara Criminal, 1ª Vara Cível, 2ª Vara Criminal, 2ª Vara Cível, Juizado Especial Cível e Criminal" }, "geometry": { "type": "Point", "coordinates": [ -46.346793219437963, -23.530544959851721 ] } },
{ "type": "Feature", "properties": { "id_municipio_ibge": 3539905, "nome_municipio": "Poloni", "populacao_municipio": 5592, "id_foro": 3531407, "nome_foro": "Monte Aprazível", "total_varas_foro": 2, "entrancia": "Entrância Inicial", "endereco_sede": "Rua Monteiro Lobato , 269 - Centro, 15150-000", "latitude": -20.737478869111115, "longitude": -49.765834626826923, "id_cj": 16, "nome_cj": "16ª São José do Rio Preto", "id_raj": 8, "nome_raj": "8ª São José do Rio Preto", "populacao_foro": 32622, "qt_cidades_foro": 3, "cidades_no_foro": "Monte Aprazível, Nipoã, Poloni", "qt_cidades_cj": 33, "cidades_na_cj": "Adolfo, Américo de Campos, Bady Bassitt, Bálsamo, Cedral, Cosmorama, Guapiaçu, Icém, Ipiguá, Jaci, José Bonifácio, Macaubal, Mendonça, Mirassol, Mirassolândia, Monte Aprazível, Neves Paulista, Nipoã, Nova Aliança, Nova Granada, Onda Verde, Orindiúva, Palestina, Paulo de Faria, Poloni, Potirendaba, Riolândia, Sebastianópolis do Sul, São José do Rio Preto, Tanabi, Ubarana, Uchoa, União Paulista", "unidades": null, "total_varas_municipio": 0, "varas_municipio": null, "varas_foro": "1ª Vara Judicial, 2ª Vara Judicial" }, "geometry": { "type": "Point", "coordinates": [ -49.819953750248949, -20.752448007970102 ] } },
{ "type": "Feature", "properties": { "id_municipio_ibge": 3540002, "nome_municipio": "Pompéia", "populacao_municipio": 20196, "id_foro": 3540002, "nome_foro": "Pompéia", "total_varas_foro": 1, "entrancia": "Entrância Inicial", "endereco_sede": "Rua Clementino José de Paula , 387 - Centro, 17580-089", "latitude": -22.029185054168899, "longitude": -50.187727291166865, "id_cj": 31, "nome_cj": "31ª Marília", "id_raj": 5, "nome_raj": "5ª Presidente Prudente", "populacao_foro": 33319, "qt_cidades_foro": 3, "cidades_no_foro": "Oriente, Pompéia, Quintana", "qt_cidades_cj": 12, "cidades_na_cj": "Alvinlândia, Fernão, Garça, Gália, Lupércio, Marília, Ocauçu, Oriente, Pompéia, Quintana, Vera Cruz, Álvaro de Carvalho", "unidades": "Fórum Dr. Antonio da Rocha Paes, Fórum Pompéia II (Residência Oficial)", "total_varas_municipio": 1, "varas_municipio": "1ª Vara Judicial", "varas_foro": "1ª Vara Judicial" }, "geometry": { "type": "Point", "coordinates": [ -50.187727291166865, -22.029185054168899 ] } },
{ "type": "Feature", "properties": { "id_municipio_ibge": 3540101, "nome_municipio": "Pongaí", "populacao_municipio": 3395, "id_foro": 3538907, "nome_foro": "Pirajuí", "total_varas_foro": 3, "entrancia": "Entrância Inicial", "endereco_sede": "Praça Doutor Pedro da Rocha Braga , 43 - Centro, 16600-041", "latitude": -21.957602612247964, "longitude": -49.413609857419374, "id_cj": 32, "nome_cj": "32ª Bauru", "id_raj": 3, "nome_raj": "3ª Bauru", "populacao_foro": 42566, "qt_cidades_foro": 6, "cidades_no_foro": "Balbinos, Pirajuí, Pongaí, Presidente Alves, Reginópolis, Uru", "qt_cidades_cj": 18, "cidades_na_cj": "Agudos, Arealva, Avaí, Balbinos, Bauru, Borebi, Cabrália Paulista, Duartina, Lençóis Paulista, Lucianópolis, Paulistânia, Pirajuí, Piratininga, Pongaí, Presidente Alves, Reginópolis, Ubirajara, Uru", "unidades": null, "total_varas_municipio": 0, "varas_municipio": null, "varas_foro": "1ª Vara Judicial, 2ª Vara Judicial, Juizado Especial Cível" }, "geometry": { "type": "Point", "coordinates": [ -49.358903709193136, -21.730191824240652 ] } },
{ "type": "Feature", "properties": { "id_municipio_ibge": 3540200, "nome_municipio": "Pontal", "populacao_municipio": 37607, "id_foro": 3540200, "nome_foro": "Pontal", "total_varas_foro": 2, "entrancia": "Entrância Inicial", "endereco_sede": "Rua João dos Reis , 544 - centro, 14180-000", "latitude": -20.984576998627762, "longitude": -48.064423432830566, "id_cj": 41, "nome_cj": "41ª Ribeirão Preto", "id_raj": 6, "nome_raj": "6ª Ribeirão Preto", "populacao_foro": 37607, "qt_cidades_foro": 1, "cidades_no_foro": "Pontal", "qt_cidades_cj": 16, "cidades_na_cj": "Barrinha, Cajuru, Cravinhos, Cássia dos Coqueiros, Dumont, Guatapará, Jardinópolis, Luís Antônio, Pontal, Ribeirão Preto, Santa Cruz da Esperança, Santa Rosa de Viterbo, Serra Azul, Serrana, Sertãozinho, São Simão", "unidades": "\"JUIZ MANUEL CARLOS DE FIGUEIREDO FERRAZ FILHO\"", "total_varas_municipio": 2, "varas_municipio": "1ª Vara Judicial, Juizado Especial Cível e Criminal", "varas_foro": "1ª Vara Judicial, Juizado Especial Cível e Criminal" }, "geometry": { "type": "Point", "coordinates": [ -48.064423432830566, -20.984576998627762 ] } },
{ "type": "Feature", "properties": { "id_municipio_ibge": 3540259, "nome_municipio": "Pontalinda", "populacao_municipio": 4127, "id_foro": 3524808, "nome_foro": "Jales", "total_varas_foro": 5, "entrancia": "Entrância Final", "endereco_sede": "Rua Nove , 2.231 - Centro, 15700-018", "latitude": -20.285818407388149, "longitude": -50.554097412419267, "id_cj": 55, "nome_cj": "55ª Jales", "id_raj": 2, "nome_raj": "2ª Araçatuba", "populacao_foro": 68693, "qt_cidades_foro": 7, "cidades_no_foro": "Dirce Reis, Jales, Mesópolis, Paranapuã, Pontalinda, Santa Albertina, Vitória Brasil", "qt_cidades_cj": 23, "cidades_na_cj": "Aparecida d'Oeste, Aspásia, Auriflama, Dirce Reis, Guzolândia, Jales, Marinópolis, Mesópolis, Nova Canaã Paulista, Palmeira d'Oeste, Paranapuã, Pontalinda, Rubinéia, Santa Albertina, Santa Clara d'Oeste, Santa Fé do Sul, Santa Rita d'Oeste, Santa Salete, Santana da Ponte Pensa, São Francisco, Três Fronteiras, Urânia, Vitória Brasil", "unidades": null, "total_varas_municipio": 0, "varas_municipio": null, "varas_foro": "1ª Vara Criminal, 1ª Vara Cível, 2ª Vara Criminal, 2ª Vara Cível, 3ª Vara Cível" }, "geometry": { "type": "Point", "coordinates": [ -50.525075847738677, -20.450660845179453 ] } },
{ "type": "Feature", "properties": { "id_municipio_ibge": 3540309, "nome_municipio": "Pontes Gestal", "populacao_municipio": 2387, "id_foro": 3510708, "nome_foro": "Cardoso", "total_varas_foro": 2, "entrancia": "Entrância Inicial", "endereco_sede": "Rua Urias de Paula e Silva , 1351 - Jd Gouvêa, 15570-000", "latitude": -20.067188064523144, "longitude": -49.947601107218908, "id_cj": 17, "nome_cj": "17ª Votuporanga", "id_raj": 8, "nome_raj": "8ª São José do Rio Preto", "populacao_foro": 16858, "qt_cidades_foro": 3, "cidades_no_foro": "Cardoso, Mira Estrela, Pontes Gestal", "qt_cidades_cj": 13, "cidades_na_cj": "Cardoso, Floreal, Gastão Vidigal, Magda, Mira Estrela, Monções, Nhandeara, Nova Luzitânia, Parisi, Pontes Gestal, Valentim Gentil, Votuporanga, Álvares Florence", "unidades": null, "total_varas_municipio": 0, "varas_municipio": null, "varas_foro": "Juizado Especial Cível e Criminal, Vara Judicial" }, "geometry": { "type": "Point", "coordinates": [ -49.757384576976946, -20.174829382761935 ] } },
{ "type": "Feature", "properties": { "id_municipio_ibge": 3540408, "nome_municipio": "Populina", "populacao_municipio": 4127, "id_foro": 3515202, "nome_foro": "Estrela dOeste", "total_varas_foro": 2, "entrancia": "Entrância Inicial", "endereco_sede": "Rua Minas Gerais , s/n - centro, 15650-000", "latitude": -20.265760715088682, "longitude": -50.411468747306685, "id_cj": 18, "nome_cj": "18ª Fernandópolis", "id_raj": 8, "nome_raj": "8ª São José do Rio Preto", "populacao_foro": 20000, "qt_cidades_foro": 5, "cidades_no_foro": "Dolcinópolis, Estrela dOeste, Populina, São João das Duas Pontes, Turmalina", "qt_cidades_cj": 15, "cidades_na_cj": "Dolcinópolis, Estrela dOeste, Fernandópolis, General Salgado, Guarani d'Oeste, Indiaporã, Macedônia, Meridiano, Nova Castilho, Ouroeste, Pedranópolis, Populina, São João das Duas Pontes, São João de Iracema, Turmalina", "unidades": null, "total_varas_municipio": 0, "varas_municipio": null, "varas_foro": "Juizado Especial Cível, Vara Judicial" }, "geometry": { "type": "Point", "coordinates": [ -50.517277251871825, -19.907300214176455 ] } },
{ "type": "Feature", "properties": { "id_municipio_ibge": 3540507, "nome_municipio": "Porangaba", "populacao_municipio": 10451, "id_foro": 3540507, "nome_foro": "Porangaba", "total_varas_foro": 3, "entrancia": "Entrância Inicial", "endereco_sede": "Rua Vereador Braz Gica da Paz , 193 - Centro, 18260-000", "latitude": -23.173857061708233, "longitude": -48.117365595638425, "id_cj": 22, "nome_cj": "22ª Itapetininga", "id_raj": 10, "nome_raj": "10ª Sorocaba", "populacao_foro": 37970, "qt_cidades_foro": 4, "cidades_no_foro": "Bofete, Guareí, Porangaba, Torre de Pedra", "qt_cidades_cj": 17, "cidades_na_cj": "Alambari, Angatuba, Bofete, Campina do Monte Alegre, Capela do Alto, Capão Bonito, Cesário Lange, Guapiara, Guareí, Itapetininga, Porangaba, Quadra, Ribeirão Grande, Sarapuí, São Miguel Arcanjo, Tatuí, Torre de Pedra", "unidades": "Fórum Porangaba I, Fórum Porangaba II (Anexo do JEC - UAAJ - BOFETE), Fórum Porangaba III (Anexo do JEC - UAAJ - GUAREÍ)", "total_varas_municipio": 3, "varas_municipio": "Ofício do Juizado Especial Cível e Criminal, Vara do Juizado Especial Cível e Criminal, Vara Judicial", "varas_foro": "Ofício do Juizado Especial Cível e Criminal, Vara do Juizado Especial Cível e Criminal, Vara Judicial" }, "geometry": { "type": "Point", "coordinates": [ -48.117365595638425, -23.173857061708233 ] } },
{ "type": "Feature", "properties": { "id_municipio_ibge": 3540606, "nome_municipio": "Porto Feliz", "populacao_municipio": 56497, "id_foro": 3540606, "nome_foro": "Porto Feliz", "total_varas_foro": 3, "entrancia": "Entrância Inicial", "endereco_sede": "Avenida José Maurino , 252 - Centro, 18540-000", "latitude": -23.230331975064779, "longitude": -47.516912039493739, "id_cj": 20, "nome_cj": "20ª Itu", "id_raj": 10, "nome_raj": "10ª Sorocaba", "populacao_foro": 56497, "qt_cidades_foro": 1, "cidades_no_foro": "Porto Feliz", "qt_cidades_cj": 7, "cidades_na_cj": "Boituva, Cabreúva, Indaiatuba, Iperó, Itu, Porto Feliz, Salto", "unidades": "Fórum Porto Feliz", "total_varas_municipio": 3, "varas_municipio": "1ª Vara Judicial, 2ª Vara Judicial, Juizado Especial Cível", "varas_foro": "1ª Vara Judicial, 2ª Vara Judicial, Juizado Especial Cível" }, "geometry": { "type": "Point", "coordinates": [ -47.516912039493739, -23.230331975064779 ] } },
{ "type": "Feature", "properties": { "id_municipio_ibge": 3540705, "nome_municipio": "Porto Ferreira", "populacao_municipio": 52649, "id_foro": 3540705, "nome_foro": "Porto Ferreira", "total_varas_foro": 3, "entrancia": "Entrância Inicial", "endereco_sede": "Rua Doutor Carlindo Valeriani , 525 - Centro, 13660-017", "latitude": -21.842608378003831, "longitude": -47.447178408467614, "id_cj": 11, "nome_cj": "11ª Pirassununga", "id_raj": 4, "nome_raj": "4ª Campinas", "populacao_foro": 52649, "qt_cidades_foro": 1, "cidades_no_foro": "Porto Ferreira", "qt_cidades_cj": 5, "cidades_na_cj": "Leme, Pirassununga, Porto Ferreira, Santa Cruz da Conceição, Santa Rita do Passa Quatro", "unidades": "Fórum Dr. Luiz Guilherme Wertheimer, Fórum Porto Ferreira II - (Execuções Fiscais), Fórum Porto Ferreira III - (CEJUSC)", "total_varas_municipio": 3, "varas_municipio": "1ª Vara, 2ª Vara, Juizado Especial Cível e Criminal", "varas_foro": "1ª Vara, 2ª Vara, Juizado Especial Cível e Criminal" }, "geometry": { "type": "Point", "coordinates": [ -47.447178408467614, -21.842608378003831 ] } },
{ "type": "Feature", "properties": { "id_municipio_ibge": 3540754, "nome_municipio": "Potim", "populacao_municipio": 20392, "id_foro": 3502507, "nome_foro": "Aparecida", "total_varas_foro": 3, "entrancia": "Entrância Inicial", "endereco_sede": "Avenida Padroeira do Brasil , 180 - São Roque, 12573-276", "latitude": -22.914206366020995, "longitude": -45.237219519445574, "id_cj": 48, "nome_cj": "48ª Guaratinguetá", "id_raj": 9, "nome_raj": "9ª São José dos Campos", "populacao_foro": 52961, "qt_cidades_foro": 2, "cidades_no_foro": "Aparecida, Potim", "qt_cidades_cj": 17, "cidades_na_cj": "Aparecida, Arapeí, Areias, Bananal, Cachoeira Paulista, Canas, Cruzeiro, Cunha, Guaratinguetá, Lavrinhas, Lorena, Piquete, Potim, Queluz, Roseira, Silveiras, São José do Barreiro", "unidades": null, "total_varas_municipio": 0, "varas_municipio": null, "varas_foro": "1ª Vara Judicial, 2ª Vara Judicial, Juizado Especial Cível e Criminal" }, "geometry": { "type": "Point", "coordinates": [ -45.303162795906012, -22.825270528598207 ] } },
{ "type": "Feature", "properties": { "id_municipio_ibge": 3540804, "nome_municipio": "Potirendaba", "populacao_municipio": 18496, "id_foro": 3540804, "nome_foro": "Potirendaba", "total_varas_foro": 2, "entrancia": "Entrância Inicial", "endereco_sede": "Rua Pedro Siqueira , 1042 - Jardim do Bosque, 15105-000", "latitude": -21.07553728137097, "longitude": -49.391723685857748, "id_cj": 16, "nome_cj": "16ª São José do Rio Preto", "id_raj": 8, "nome_raj": "8ª São José do Rio Preto", "populacao_foro": 25189, "qt_cidades_foro": 2, "cidades_no_foro": "Nova Aliança, Potirendaba", "qt_cidades_cj": 33, "cidades_na_cj": "Adolfo, Américo de Campos, Bady Bassitt, Bálsamo, Cedral, Cosmorama, Guapiaçu, Icém, Ipiguá, Jaci, José Bonifácio, Macaubal, Mendonça, Mirassol, Mirassolândia, Monte Aprazível, Neves Paulista, Nipoã, Nova Aliança, Nova Granada, Onda Verde, Orindiúva, Palestina, Paulo de Faria, Poloni, Potirendaba, Riolândia, Sebastianópolis do Sul, São José do Rio Preto, Tanabi, Ubarana, Uchoa, União Paulista", "unidades": "Fórum Potirendaba", "total_varas_municipio": 2, "varas_municipio": "Juizado Especial Cível e Criminal, Vara Judicial", "varas_foro": "Juizado Especial Cível e Criminal, Vara Judicial" }, "geometry": { "type": "Point", "coordinates": [ -49.391723685857748, -21.07553728137097 ] } },
{ "type": "Feature", "properties": { "id_municipio_ibge": 3540853, "nome_municipio": "Pracinha", "populacao_municipio": 2578, "id_foro": 3527405, "nome_foro": "Lucélia", "total_varas_foro": 1, "entrancia": "Entrância Inicial", "endereco_sede": "Praça José Firpo , s/nº - Centro, 17780-000", "latitude": -21.644132233918679, "longitude": -50.99165950606271, "id_cj": 30, "nome_cj": "30ª Tupã", "id_raj": 5, "nome_raj": "5ª Presidente Prudente", "populacao_foro": 26254, "qt_cidades_foro": 3, "cidades_no_foro": "Inúbia Paulista, Lucélia, Pracinha", "qt_cidades_cj": 17, "cidades_na_cj": "Adamantina, Arco-Íris, Bastos, Flórida Paulista, Herculândia, Iacri, Inúbia Paulista, Lucélia, Mariápolis, Osvaldo Cruz, Parapuã, Pracinha, Queiroz, Rinópolis, Sagres, Salmourão, Tupã", "unidades": null, "total_varas_municipio": 0, "varas_municipio": null, "varas_foro": "Juizado Especial Cível e Criminal" }, "geometry": { "type": "Point", "coordinates": [ -51.07519375048016, -21.837499959527303 ] } },
{ "type": "Feature", "properties": { "id_municipio_ibge": 3540903, "nome_municipio": "Pradópolis", "populacao_municipio": 17078, "id_foro": 3518602, "nome_foro": "Guariba", "total_varas_foro": 3, "entrancia": "Entrância Inicial", "endereco_sede": "Pça Silvio Vaz de Arruda , 190 - Centro, 14840-000", "latitude": -21.395946131178565, "longitude": -48.226566969775043, "id_cj": 42, "nome_cj": "42ª Jaboticabal", "id_raj": 6, "nome_raj": "6ª Ribeirão Preto", "populacao_foro": 54576, "qt_cidades_foro": 2, "cidades_no_foro": "Guariba, Pradópolis", "qt_cidades_cj": 14, "cidades_na_cj": "Cândido Rodrigues, Fernando Prestes, Guariba, Jaboticabal, Monte Alto, Pirangi, Pitangueiras, Pradópolis, Santa Ernestina, Taiaçu, Taiúva, Taquaral, Taquaritinga, Vista Alegre do Alto", "unidades": null, "total_varas_municipio": 0, "varas_municipio": null, "varas_foro": "1ª Vara Judicial, 2ª Vara Judicial, X-Juizado Especial Cível e Criminal" }, "geometry": { "type": "Point", "coordinates": [ -48.086059361896766, -21.344455824853174 ] } },
{ "type": "Feature", "properties": { "id_municipio_ibge": 3541000, "nome_municipio": "Praia Grande", "populacao_municipio": 349935, "id_foro": 3541000, "nome_foro": "Praia Grande", "total_varas_foro": 12, "entrancia": "Entrância Final", "endereco_sede": "Avenida Doutor Roberto de Almeida Vinhas , 9101 - Vila Mirim, 11705-900", "latitude": -24.015596163308423, "longitude": -46.522731690035826, "id_cj": 1, "nome_cj": "1ª Santos", "id_raj": 7, "nome_raj": "7ª Santos", "populacao_foro": 349935, "qt_cidades_foro": 1, "cidades_no_foro": "Praia Grande", "qt_cidades_cj": 6, "cidades_na_cj": "Bertioga, Cubatão, Guarujá, Praia Grande, Santos, São Vicente", "unidades": "Fórum Praia Grande - (Dr. Guilherme Penteado Campos", "total_varas_municipio": 12, "varas_municipio": "1ª Vara Criminal, 1ª Vara Cível, 1ª Vara da Família e das Sucessões, 2ª Vara Criminal, 2ª Vara Cível, 2ª Vara da Família e das Sucessões, 3ª Vara Cível, das Execuções Criminais e da Infância e da Juventude, Ofício do Juizado Especial Cível e Criminal, Vara da Fazenda Pública, Vara do Juizado Especial Cível e Criminal, Vara do Júri", "varas_foro": "1ª Vara Criminal, 1ª Vara Cível, 1ª Vara da Família e das Sucessões, 2ª Vara Criminal, 2ª Vara Cível, 2ª Vara da Família e das Sucessões, 3ª Vara Cível, das Execuções Criminais e da Infância e da Juventude, Ofício do Juizado Especial Cível e Criminal, Vara da Fazenda Pública, Vara do Juizado Especial Cível e Criminal, Vara do Júri" }, "geometry": { "type": "Point", "coordinates": [ -46.522731690035826, -24.015596163308423 ] } },
{ "type": "Feature", "properties": { "id_municipio_ibge": 3541059, "nome_municipio": "Pratânia", "populacao_municipio": 5126, "id_foro": 3550100, "nome_foro": "São Manuel", "total_varas_foro": 1, "entrancia": "Entrância Inicial", "endereco_sede": "Rua Ettore Targa , s/nº - Centro, 18652330", "latitude": -22.682250849603978, "longitude": -48.540435249927746, "id_cj": 23, "nome_cj": "23ª Botucatu", "id_raj": 3, "nome_raj": "3ª Bauru", "populacao_foro": 52545, "qt_cidades_foro": 3, "cidades_no_foro": "Areiópolis, Pratânia, São Manuel", "qt_cidades_cj": 9, "cidades_na_cj": "Anhembi, Areiópolis, Botucatu, Conchas, Itatinga, Pardinho, Pereiras, Pratânia, São Manuel", "unidades": null, "total_varas_municipio": 0, "varas_municipio": null, "varas_foro": "1º Vara Judicial" }, "geometry": { "type": "Point", "coordinates": [ -48.696892315355939, -22.818539234984208 ] } },
{ "type": "Feature", "properties": { "id_municipio_ibge": 3541109, "nome_municipio": "Presidente Alves", "populacao_municipio": 3804, "id_foro": 3538907, "nome_foro": "Pirajuí", "total_varas_foro": 3, "entrancia": "Entrância Inicial", "endereco_sede": "Praça Doutor Pedro da Rocha Braga , 43 - Centro, 16600-041", "latitude": -21.957602612247964, "longitude": -49.413609857419374, "id_cj": 32, "nome_cj": "32ª Bauru", "id_raj": 3, "nome_raj": "3ª Bauru", "populacao_foro": 42566, "qt_cidades_foro": 6, "cidades_no_foro": "Balbinos, Pirajuí, Pongaí, Presidente Alves, Reginópolis, Uru", "qt_cidades_cj": 18, "cidades_na_cj": "Agudos, Arealva, Avaí, Balbinos, Bauru, Borebi, Cabrália Paulista, Duartina, Lençóis Paulista, Lucianópolis, Paulistânia, Pirajuí, Piratininga, Pongaí, Presidente Alves, Reginópolis, Ubirajara, Uru", "unidades": null, "total_varas_municipio": 0, "varas_municipio": null, "varas_foro": "1ª Vara Judicial, 2ª Vara Judicial, Juizado Especial Cível" }, "geometry": { "type": "Point", "coordinates": [ -49.431741679825954, -22.122168427026619 ] } },
{ "type": "Feature", "properties": { "id_municipio_ibge": 3541208, "nome_municipio": "Presidente Bernardes", "populacao_municipio": 14490, "id_foro": 3541208, "nome_foro": "Presidente Bernardes", "total_varas_foro": 3, "entrancia": "Entrância Inicial", "endereco_sede": "Rua Dr. Armando Falcone , s/n - Centro, 19300-000", "latitude": -22.107288365050323, "longitude": -51.620362163794496, "id_cj": 27, "nome_cj": "27ª Presidente Prudente", "id_raj": 5, "nome_raj": "5ª Presidente Prudente", "populacao_foro": 17504, "qt_cidades_foro": 2, "cidades_no_foro": "Emilianópolis, Presidente Bernardes", "qt_cidades_cj": 20, "cidades_na_cj": "Alfredo Marcondes, Anhumas, Caiabu, Emilianópolis, Estrela do Norte, Iepê, Indiana, Martinópolis, Nantes, Narandiba, Pirapozinho, Presidente Bernardes, Presidente Prudente, Rancharia, Regente Feijó, Sandovalina, Santo Expedito, Taciba, Tarabai, Álvares Machado", "unidades": "Fórum Ministro Pedro Lessa, Fórum Presidente Bernardes (CEJUSC)", "total_varas_municipio": 3, "varas_municipio": "CRIMINAL E DA FAZENDA PÚBLICA, JUIZADO ESPECIAL CÍVEL, Vara Judicial", "varas_foro": "CRIMINAL E DA FAZENDA PÚBLICA, JUIZADO ESPECIAL CÍVEL, Vara Judicial" }, "geometry": { "type": "Point", "coordinates": [ -51.620362163794496, -22.107288365050323 ] } },
{ "type": "Feature", "properties": { "id_municipio_ibge": 3541307, "nome_municipio": "Presidente Epitácio", "populacao_municipio": 39505, "id_foro": 3541307, "nome_foro": "Presidente Epitácio", "total_varas_foro": 3, "entrancia": "Entrância Inicial", "endereco_sede": "Avenida Pres. Vargas , 1-31 - centro, 19470-000", "latitude": -21.910683208717142, "longitude": -52.174928256437539, "id_cj": 28, "nome_cj": "28ª Presidente Venceslau", "id_raj": 5, "nome_raj": "5ª Presidente Prudente", "populacao_foro": 44971, "qt_cidades_foro": 2, "cidades_no_foro": "Caiuá, Presidente Epitácio", "qt_cidades_cj": 11, "cidades_na_cj": "Caiuá, Euclides da Cunha Paulista, Marabá Paulista, Mirante do Paranapanema, Piquerobi, Presidente Epitácio, Presidente Venceslau, Ribeirão dos Índios, Rosana, Santo Anastácio, Teodoro Sampaio", "unidades": "Fórum Presidente Epitácio, Fórum Presidente Epitácio II (CEJUSC)", "total_varas_municipio": 3, "varas_municipio": "1ª Vara Judicial, 2ª Vara Judicial, Juizado Especial Cível e Criminal", "varas_foro": "1ª Vara Judicial, 2ª Vara Judicial, Juizado Especial Cível e Criminal" }, "geometry": { "type": "Point", "coordinates": [ -52.174928256437539, -21.910683208717142 ] } },
{ "type": "Feature", "properties": { "id_municipio_ibge": 3541406, "nome_municipio": "Presidente Prudente", "populacao_municipio": 225668, "id_foro": 3541406, "nome_foro": "Presidente Prudente", "total_varas_foro": 17, "entrancia": "Entrância Final", "endereco_sede": "Avenida Coronel José Soares Marcondes , 2201 - Vila Comercial, 19013-050", "latitude": -21.993182240829181, "longitude": -51.343136618705643, "id_cj": 27, "nome_cj": "27ª Presidente Prudente", "id_raj": 5, "nome_raj": "5ª Presidente Prudente", "populacao_foro": 264391, "qt_cidades_foro": 5, "cidades_no_foro": "Alfredo Marcondes, Anhumas, Presidente Prudente, Santo Expedito, Álvares Machado", "qt_cidades_cj": 20, "cidades_na_cj": "Alfredo Marcondes, Anhumas, Caiabu, Emilianópolis, Estrela do Norte, Iepê, Indiana, Martinópolis, Nantes, Narandiba, Pirapozinho, Presidente Bernardes, Presidente Prudente, Rancharia, Regente Feijó, Sandovalina, Santo Expedito, Taciba, Tarabai, Álvares Machado", "unidades": "Fórum Presidente Prudente - Francisco de Souza Nogueira, Fórum Presidente Prudente II (CEJUSC), Fórum Presidente Prudente [desativado], Presidente Prudente III (DARAJ), Presidente Prudente IV", "total_varas_municipio": 17, "varas_municipio": "1ª Vara Criminal, 1ª Vara Cível, 1ª Vara da Família e das Sucessões, 1ª Vara das Execuções Criminais, 2ª Vara Criminal, 2ª Vara Cível, 2ª Vara da Família e das Sucessões, 2ª Vara das Execuçõs Criminais, 3ª Vara Criminal, 3ª Vara Cível, 4ª Vara Cível, 5ª Vara Cível, Juizado Especial Cível, Ofício do Juizado Especial Cível, Vara da Fazenda Pública, Vara do Juizado Especial Cível, Vara do Júri e da Infância e da Juventude", "varas_foro": "1ª Vara Criminal, 1ª Vara Cível, 1ª Vara da Família e das Sucessões, 1ª Vara das Execuções Criminais, 2ª Vara Criminal, 2ª Vara Cível, 2ª Vara da Família e das Sucessões, 2ª Vara das Execuçõs Criminais, 3ª Vara Criminal, 3ª Vara Cível, 4ª Vara Cível, 5ª Vara Cível, Juizado Especial Cível, Ofício do Juizado Especial Cível, Vara da Fazenda Pública, Vara do Juizado Especial Cível, Vara do Júri e da Infância e da Juventude" }, "geometry": { "type": "Point", "coordinates": [ -51.343136618705643, -21.993182240829181 ] } },
{ "type": "Feature", "properties": { "id_municipio_ibge": 3541505, "nome_municipio": "Presidente Venceslau", "populacao_municipio": 35201, "id_foro": 3541505, "nome_foro": "Presidente Venceslau", "total_varas_foro": 4, "entrancia": "Entrância Intermediária", "endereco_sede": "Avenida Faustino Rodrigues Azenha , 1500 - Jd Europa, 19400-117", "latitude": -21.792996452922296, "longitude": -51.838333410968794, "id_cj": 28, "nome_cj": "28ª Presidente Venceslau", "id_raj": 5, "nome_raj": "5ª Presidente Prudente", "populacao_foro": 39774, "qt_cidades_foro": 2, "cidades_no_foro": "Marabá Paulista, Presidente Venceslau", "qt_cidades_cj": 11, "cidades_na_cj": "Caiuá, Euclides da Cunha Paulista, Marabá Paulista, Mirante do Paranapanema, Piquerobi, Presidente Epitácio, Presidente Venceslau, Ribeirão dos Índios, Rosana, Santo Anastácio, Teodoro Sampaio", "unidades": "Fórum Presidente Venceslau - J.P.C. Cardoso, Prédio do CEJUSC - Presidente Venceslau", "total_varas_municipio": 4, "varas_municipio": "1ª Vara Judicial, 2ª Vara Judicial, 3ª Vara Judicial, Juizado Especial Cível", "varas_foro": "1ª Vara Judicial, 2ª Vara Judicial, 3ª Vara Judicial, Juizado Especial Cível" }, "geometry": { "type": "Point", "coordinates": [ -51.838333410968794, -21.792996452922296 ] } },
{ "type": "Feature", "properties": { "id_municipio_ibge": 3541604, "nome_municipio": "Promissão", "populacao_municipio": 35131, "id_foro": 3541604, "nome_foro": "Promissão", "total_varas_foro": 3, "entrancia": "Entrância Inicial", "endereco_sede": "Avenida Rio Grande , 730 - Centro, 16370-000", "latitude": -21.52453120133082, "longitude": -49.870472031923768, "id_cj": 35, "nome_cj": "35ª Lins", "id_raj": 2, "nome_raj": "2ª Araçatuba", "populacao_foro": 35131, "qt_cidades_foro": 1, "cidades_no_foro": "Promissão", "qt_cidades_cj": 9, "cidades_na_cj": "Cafelândia, Getulina, Guaimbê, Guaiçara, Guarantã, Júlio Mesquita, Lins, Promissão, Sabino", "unidades": "Fórum I de Promissão, Fórum II de Promissão (Juizado Especial Cível e Criminal), Fórum III de Promissão", "total_varas_municipio": 3, "varas_municipio": "1ª Vara Judicial, 2ª Vara Judicial, Juizado Especial Cível", "varas_foro": "1ª Vara Judicial, 2ª Vara Judicial, Juizado Especial Cível" }, "geometry": { "type": "Point", "coordinates": [ -49.870472031923768, -21.52453120133082 ] } },
{ "type": "Feature", "properties": { "id_municipio_ibge": 3541653, "nome_municipio": "Quadra", "populacao_municipio": 3405, "id_foro": 3554003, "nome_foro": "Tatuí", "total_varas_foro": 7, "entrancia": "Entrância Final", "endereco_sede": "Avenida Virginio Montezzo Filho , 2009 - Nova Tatui, 18278-440", "latitude": -23.362079957417439, "longitude": -47.869483220594951, "id_cj": 22, "nome_cj": "22ª Itapetininga", "id_raj": 10, "nome_raj": "10ª Sorocaba", "populacao_foro": 150213, "qt_cidades_foro": 3, "cidades_no_foro": "Capela do Alto, Quadra, Tatuí", "qt_cidades_cj": 17, "cidades_na_cj": "Alambari, Angatuba, Bofete, Campina do Monte Alegre, Capela do Alto, Capão Bonito, Cesário Lange, Guapiara, Guareí, Itapetininga, Porangaba, Quadra, Ribeirão Grande, Sarapuí, São Miguel Arcanjo, Tatuí, Torre de Pedra", "unidades": null, "total_varas_municipio": 0, "varas_municipio": null, "varas_foro": "1ª vara criminal, 1ª Vara Cível, 2ª Vara criminal, 2ª Vara Cível, 3ª Vara Cível, Juizado Especial Cível e Criminal, Vara do Juizado Especial Civel e Criminal" }, "geometry": { "type": "Point", "coordinates": [ -48.038601210495152, -23.30101034332786 ] } },
{ "type": "Feature", "properties": { "id_municipio_ibge": 3541703, "nome_municipio": "Quatá", "populacao_municipio": 13163, "id_foro": 3541703, "nome_foro": "Quatá", "total_varas_foro": 2, "entrancia": "Entrância Inicial", "endereco_sede": "Avenida Rui Barbosa , 844 - Centro, 19780-000", "latitude": -22.205937544980561, "longitude": -50.645295608340021, "id_cj": 26, "nome_cj": "26ª Assis", "id_raj": 5, "nome_raj": "5ª Presidente Prudente", "populacao_foro": 17534, "qt_cidades_foro": 2, "cidades_no_foro": "João Ramalho, Quatá", "qt_cidades_cj": 18, "cidades_na_cj": "Assis, Borá, Campos Novos Paulista, Cruzália, Cândido Mota, Echaporã, Florínia, Ibirarema, João Ramalho, Lutécia, Maracaí, Oscar Bressane, Palmital, Paraguaçu Paulista, Pedrinhas Paulista, Platina, Quatá, Tarumã", "unidades": "Fórum I da Comarca de Quatá, Fórum II da Comarca de Quatá (Cartório Eleitorial)", "total_varas_municipio": 2, "varas_municipio": "Juizado Especial Cível, Vara Judicial", "varas_foro": "Juizado Especial Cível, Vara Judicial" }, "geometry": { "type": "Point", "coordinates": [ -50.645295608340021, -22.205937544980561 ] } },
{ "type": "Feature", "properties": { "id_municipio_ibge": 3541802, "nome_municipio": "Queiroz", "populacao_municipio": 3265, "id_foro": 3555000, "nome_foro": "Tupã", "total_varas_foro": 5, "entrancia": "Entrância Final", "endereco_sede": "Rua Nhambiquaras , 1731 - centro, 17600-060", "latitude": -21.947277997451096, "longitude": -50.534617908939552, "id_cj": 30, "nome_cj": "30ª Tupã", "id_raj": 5, "nome_raj": "5ª Presidente Prudente", "populacao_foro": 87621, "qt_cidades_foro": 5, "cidades_no_foro": "Arco-Íris, Herculândia, Queiroz, Rinópolis, Tupã", "qt_cidades_cj": 17, "cidades_na_cj": "Adamantina, Arco-Íris, Bastos, Flórida Paulista, Herculândia, Iacri, Inúbia Paulista, Lucélia, Mariápolis, Osvaldo Cruz, Parapuã, Pracinha, Queiroz, Rinópolis, Sagres, Salmourão, Tupã", "unidades": null, "total_varas_municipio": 0, "varas_municipio": null, "varas_foro": "1ª Vara Cível, 2ª Vara Cível, 3ª Vara Cível, Juizado Especial Cível, Vara Criminal" }, "geometry": { "type": "Point", "coordinates": [ -50.245244284888408, -21.800549718739624 ] } },
{ "type": "Feature", "properties": { "id_municipio_ibge": 3541901, "nome_municipio": "Queluz", "populacao_municipio": 9159, "id_foro": 3541901, "nome_foro": "Queluz", "total_varas_foro": 2, "entrancia": "Entrância Inicial", "endereco_sede": "Praça Portugal , 174 - Centro, 12800-000", "latitude": -22.504246200105939, "longitude": -44.785288194563122, "id_cj": 48, "nome_cj": "48ª Guaratinguetá", "id_raj": 9, "nome_raj": "9ª São José dos Campos", "populacao_foro": 12736, "qt_cidades_foro": 2, "cidades_no_foro": "Areias, Queluz", "qt_cidades_cj": 17, "cidades_na_cj": "Aparecida, Arapeí, Areias, Bananal, Cachoeira Paulista, Canas, Cruzeiro, Cunha, Guaratinguetá, Lavrinhas, Lorena, Piquete, Potim, Queluz, Roseira, Silveiras, São José do Barreiro", "unidades": "Fórum Desembargador Ferreira França, Fórum II Queluz (Arquivo), Fórum de Queluz II - JIC e JEC Itinerante", "total_varas_municipio": 2, "varas_municipio": "Juizado Especial Cível, Vara Judicial", "varas_foro": "Juizado Especial Cível, Vara Judicial" }, "geometry": { "type": "Point", "coordinates": [ -44.785288194563122, -22.504246200105939 ] } },
{ "type": "Feature", "properties": { "id_municipio_ibge": 3542008, "nome_municipio": "Quintana", "populacao_municipio": 7038, "id_foro": 3540002, "nome_foro": "Pompéia", "total_varas_foro": 1, "entrancia": "Entrância Inicial", "endereco_sede": "Rua Clementino José de Paula , 387 - Centro, 17580-089", "latitude": -22.029185054168899, "longitude": -50.187727291166865, "id_cj": 31, "nome_cj": "31ª Marília", "id_raj": 5, "nome_raj": "5ª Presidente Prudente", "populacao_foro": 33319, "qt_cidades_foro": 3, "cidades_no_foro": "Oriente, Pompéia, Quintana", "qt_cidades_cj": 12, "cidades_na_cj": "Alvinlândia, Fernão, Garça, Gália, Lupércio, Marília, Ocauçu, Oriente, Pompéia, Quintana, Vera Cruz, Álvaro de Carvalho", "unidades": null, "total_varas_municipio": 0, "varas_municipio": null, "varas_foro": "1ª Vara Judicial" }, "geometry": { "type": "Point", "coordinates": [ -50.369269531116174, -22.100196312748025 ] } },
{ "type": "Feature", "properties": { "id_municipio_ibge": 3542107, "nome_municipio": "Rafard", "populacao_municipio": 8965, "id_foro": 3510401, "nome_foro": "Capivari", "total_varas_foro": 3, "entrancia": "Entrância Inicial", "endereco_sede": "Rua Doutor João Adolfo Stein , 171 - Pão de Açucar, 13360-000", "latitude": -22.980721625435358, "longitude": -47.478027624894459, "id_cj": 34, "nome_cj": "34ª Piracicaba", "id_raj": 4, "nome_raj": "4ª Campinas", "populacao_foro": 62755, "qt_cidades_foro": 3, "cidades_no_foro": "Capivari, Mombuca, Rafard", "qt_cidades_cj": 16, "cidades_na_cj": "Capivari, Cerquilho, Charqueada, Elias Fausto, Jumirim, Laranjal Paulista, Mombuca, Monte Mor, Piracicaba, Rafard, Rio das Pedras, Saltinho, Santa Maria da Serra, São Pedro, Tietê, Águas de São Pedro", "unidades": null, "total_varas_municipio": 0, "varas_municipio": null, "varas_foro": "1ª Vara Judicial, 2ª Vara Judicial, Juizado Especial Cível e Criminal" }, "geometry": { "type": "Point", "coordinates": [ -47.583774326311207, -23.045198154673301 ] } },
{ "type": "Feature", "properties": { "id_municipio_ibge": 3542206, "nome_municipio": "Rancharia", "populacao_municipio": 28588, "id_foro": 3542206, "nome_foro": "Rancharia", "total_varas_foro": 2, "entrancia": "Entrância Inicial", "endereco_sede": "Rua Sete de Setembro, 964 - Vila Guaçu , 964 - Vila Guaçu, 19600-152", "latitude": -22.282754200834439, "longitude": -50.928325201051855, "id_cj": 27, "nome_cj": "27ª Presidente Prudente", "id_raj": 5, "nome_raj": "5ª Presidente Prudente", "populacao_foro": 28588, "qt_cidades_foro": 1, "cidades_no_foro": "Rancharia", "qt_cidades_cj": 20, "cidades_na_cj": "Alfredo Marcondes, Anhumas, Caiabu, Emilianópolis, Estrela do Norte, Iepê, Indiana, Martinópolis, Nantes, Narandiba, Pirapozinho, Presidente Bernardes, Presidente Prudente, Rancharia, Regente Feijó, Sandovalina, Santo Expedito, Taciba, Tarabai, Álvares Machado", "unidades": "Forum de Rancharia II - JEC e Criminal da Comarca de Rancharia, Forum de Rancharia III - Depósito, Fórum Rancharia I (Desembargador Volney Correa Leite de Moraes Júnior)", "total_varas_municipio": 2, "varas_municipio": "1ª Vara Judicial, 2ª Vara Judicial", "varas_foro": "1ª Vara Judicial, 2ª Vara Judicial" }, "geometry": { "type": "Point", "coordinates": [ -50.928325201051855, -22.282754200834439 ] } },
{ "type": "Feature", "properties": { "id_municipio_ibge": 3542305, "nome_municipio": "Redenção da Serra", "populacao_municipio": 4494, "id_foro": 3554102, "nome_foro": "Taubaté", "total_varas_foro": 12, "entrancia": "Entrância Final", "endereco_sede": "Rua José Licurgo Indiani , s/n - Jardim Maria Augusta, 12070-070", "latitude": -23.087108076691788, "longitude": -45.502387468838961, "id_cj": 47, "nome_cj": "47ª Taubaté", "id_raj": 9, "nome_raj": "9ª São José dos Campos", "populacao_foro": 315233, "qt_cidades_foro": 2, "cidades_no_foro": "Redenção da Serra, Taubaté", "qt_cidades_cj": 11, "cidades_na_cj": "Campos do Jordão, Caçapava, Jambeiro, Lagoinha, Pindamonhangaba, Redenção da Serra, Santo Antônio do Pinhal, São Bento do Sapucaí, São Luiz do Paraitinga, Taubaté, Tremembé", "unidades": null, "total_varas_municipio": 0, "varas_municipio": null, "varas_foro": "1ª Vara Criminal, 1ª Vara Cível, 2ª Vara Criminal, 2ª Vara Cível, 3ª Vara Criminal, 3ª Vara Cível, 4ª Vara Cível, 5ª Vara Cível, Ofício do Juizado Especial Cível e Criminal, Vara da Família e das Sucessões, Vara do Juizado Especial Cível e Criminal, Vara do Júri e da Infância e da Juventude" }, "geometry": { "type": "Point", "coordinates": [ -45.526165962218379, -23.253649836688087 ] } },
{ "type": "Feature", "properties": { "id_municipio_ibge": 3542404, "nome_municipio": "Regente Feijó", "populacao_municipio": 20145, "id_foro": 3542404, "nome_foro": "Regente Feijó", "total_varas_foro": 2, "entrancia": "Entrância Inicial", "endereco_sede": "Rua Carlos Beltrami , 10 - Portal do Sol, 19570-000", "latitude": -22.252515049116653, "longitude": -51.294063651268942, "id_cj": 27, "nome_cj": "27ª Presidente Prudente", "id_raj": 5, "nome_raj": "5ª Presidente Prudente", "populacao_foro": 30117, "qt_cidades_foro": 3, "cidades_no_foro": "Caiabu, Regente Feijó, Taciba", "qt_cidades_cj": 20, "cidades_na_cj": "Alfredo Marcondes, Anhumas, Caiabu, Emilianópolis, Estrela do Norte, Iepê, Indiana, Martinópolis, Nantes, Narandiba, Pirapozinho, Presidente Bernardes, Presidente Prudente, Rancharia, Regente Feijó, Sandovalina, Santo Expedito, Taciba, Tarabai, Álvares Machado", "unidades": "Fórum da Comarca de Regente Feijó I", "total_varas_municipio": 2, "varas_municipio": "Juizado Especial Cível, Vara Judicial", "varas_foro": "Juizado Especial Cível, Vara Judicial" }, "geometry": { "type": "Point", "coordinates": [ -51.294063651268942, -22.252515049116653 ] } },
{ "type": "Feature", "properties": { "id_municipio_ibge": 3542503, "nome_municipio": "Reginópolis", "populacao_municipio": 7662, "id_foro": 3538907, "nome_foro": "Pirajuí", "total_varas_foro": 3, "entrancia": "Entrância Inicial", "endereco_sede": "Praça Doutor Pedro da Rocha Braga , 43 - Centro, 16600-041", "latitude": -21.957602612247964, "longitude": -49.413609857419374, "id_cj": 32, "nome_cj": "32ª Bauru", "id_raj": 3, "nome_raj": "3ª Bauru", "populacao_foro": 42566, "qt_cidades_foro": 6, "cidades_no_foro": "Balbinos, Pirajuí, Pongaí, Presidente Alves, Reginópolis, Uru", "qt_cidades_cj": 18, "cidades_na_cj": "Agudos, Arealva, Avaí, Balbinos, Bauru, Borebi, Cabrália Paulista, Duartina, Lençóis Paulista, Lucianópolis, Paulistânia, Pirajuí, Piratininga, Pongaí, Presidente Alves, Reginópolis, Ubirajara, Uru", "unidades": null, "total_varas_municipio": 0, "varas_municipio": null, "varas_foro": "1ª Vara Judicial, 2ª Vara Judicial, Juizado Especial Cível" }, "geometry": { "type": "Point", "coordinates": [ -49.180459387743142, -21.883160346427807 ] } },
{ "type": "Feature", "properties": { "id_municipio_ibge": 3542602, "nome_municipio": "Registro", "populacao_municipio": 59947, "id_foro": 3542602, "nome_foro": "Registro", "total_varas_foro": 5, "entrancia": "Entrância Final", "endereco_sede": "Rua Jerônimo Monteiro Lopes , 93 - V. S. Francisco, 11900-000", "latitude": -24.503987639410806, "longitude": -47.820761734951169, "id_cj": 21, "nome_cj": "21ª Registro", "id_raj": 7, "nome_raj": "7ª Santos", "populacao_foro": 72677, "qt_cidades_foro": 2, "cidades_no_foro": "Registro, Sete Barras", "qt_cidades_cj": 13, "cidades_na_cj": "Barra do Turvo, Cajati, Cananéia, Eldorado, Iguape, Ilha Comprida, Iporanga, Jacupiranga, Juquiá, Miracatu, Pariquera-Açu, Registro, Sete Barras", "unidades": "Fórum de Registro I (Dr. Cyro Camargo da Fonseca), Fórum de Registro II (SAF e Setor Técnico)", "total_varas_municipio": 5, "varas_municipio": "1ª Vara Judicial, 2ª Vara Judicial, 3ª Vara Judicial, Juizado Especial Cível e Criminal, Vara do Juizado Especial Cível e Criminal", "varas_foro": "1ª Vara Judicial, 2ª Vara Judicial, 3ª Vara Judicial, Juizado Especial Cível e Criminal, Vara do Juizado Especial Cível e Criminal" }, "geometry": { "type": "Point", "coordinates": [ -47.820761734951169, -24.503987639410806 ] } },
{ "type": "Feature", "properties": { "id_municipio_ibge": 3542701, "nome_municipio": "Restinga", "populacao_municipio": 6404, "id_foro": 3516200, "nome_foro": "Franca", "total_varas_foro": 0, "entrancia": "Entrância Final", "endereco_sede": "Av. Presidente Vargas , 2.650 - Jardim Dr. Antonio Petraglia, 14402-000", "latitude": -20.555235123799015, "longitude": -47.381119878587675, "id_cj": 38, "nome_cj": "38ª Franca", "id_raj": 6, "nome_raj": "6ª Ribeirão Preto", "populacao_foro": 380446, "qt_cidades_foro": 5, "cidades_no_foro": "Cristais Paulista, Franca, Restinga, Ribeirão Corrente, São José da Bela Vista", "qt_cidades_cj": 10, "cidades_na_cj": "Cristais Paulista, Franca, Itirapuã, Jeriquara, Patrocínio Paulista, Pedregulho, Restinga, Ribeirão Corrente, Rifaina, São José da Bela Vista", "unidades": null, "total_varas_municipio": 0, "varas_municipio": null, "varas_foro": null }, "geometry": { "type": "Point", "coordinates": [ -47.505943603558713, -20.648228984292043 ] } },
{ "type": "Feature", "properties": { "id_municipio_ibge": 3542800, "nome_municipio": "Ribeira", "populacao_municipio": 3132, "id_foro": 3502705, "nome_foro": "Apiaí", "total_varas_foro": 0, "entrancia": "Entrância Inicial", "endereco_sede": "Praça Francisco Xavier da Rocha , 182 - Centro, 18320-000", "latitude": -24.421467380540186, "longitude": -48.817372200286705, "id_cj": 49, "nome_cj": "49ª Itapeva", "id_raj": 10, "nome_raj": "10ª Sorocaba", "populacao_foro": 40624, "qt_cidades_foro": 5, "cidades_no_foro": "Apiaí, Barra do Chapéu, Itapirapuã Paulista, Itaóca, Ribeira", "qt_cidades_cj": 16, "cidades_na_cj": "Apiaí, Barra do Chapéu, Barão de Antonina, Bom Sucesso de Itararé, Buri, Itaberá, Itapeva, Itapirapuã Paulista, Itaporanga, Itararé, Itaóca, Nova Campina, Ribeira, Ribeirão Branco, Riversul, Taquarivaí", "unidades": null, "total_varas_municipio": 0, "varas_municipio": null, "varas_foro": null }, "geometry": { "type": "Point", "coordinates": [ -49.036565525948944, -24.607324947631753 ] } },
{ "type": "Feature", "properties": { "id_municipio_ibge": 3542909, "nome_municipio": "Ribeirão Bonito", "populacao_municipio": 10989, "id_foro": 3542909, "nome_foro": "Ribeirão Bonito", "total_varas_foro": 2, "entrancia": "Entrância Inicial", "endereco_sede": "Rua Governador Pedro de Toledo , 231 - Centro, 13580-000", "latitude": -22.06011102031761, "longitude": -48.185333754630705, "id_cj": 12, "nome_cj": "12ª São Carlos", "id_raj": 6, "nome_raj": "6ª Ribeirão Preto", "populacao_foro": 33745, "qt_cidades_foro": 4, "cidades_no_foro": "Boa Esperança do Sul, Dourado, Ribeirão Bonito, Trabiju", "qt_cidades_cj": 7, "cidades_na_cj": "Boa Esperança do Sul, Descalvado, Dourado, Ibaté, Ribeirão Bonito, São Carlos, Trabiju", "unidades": "Fórum I Ribeirão Bonito, Fórum II Ribeirão Bonito", "total_varas_municipio": 2, "varas_municipio": "Juizado Especial Cível e Criminal, Vara Judicial", "varas_foro": "Juizado Especial Cível e Criminal, Vara Judicial" }, "geometry": { "type": "Point", "coordinates": [ -48.185333754630705, -22.06011102031761 ] } },
{ "type": "Feature", "properties": { "id_municipio_ibge": 3543006, "nome_municipio": "Ribeirão Branco", "populacao_municipio": 18627, "id_foro": 3522406, "nome_foro": "Itapeva", "total_varas_foro": 6, "entrancia": "Entrância Final", "endereco_sede": "Avenida Dona Paulina de Morais , 444 - Vila Ophélia, 18400-818", "latitude": -23.914075364377432, "longitude": -48.871716777680028, "id_cj": 49, "nome_cj": "49ª Itapeva", "id_raj": 10, "nome_raj": "10ª Sorocaba", "populacao_foro": 123728, "qt_cidades_foro": 4, "cidades_no_foro": "Itapeva, Nova Campina, Ribeirão Branco, Taquarivaí", "qt_cidades_cj": 16, "cidades_na_cj": "Apiaí, Barra do Chapéu, Barão de Antonina, Bom Sucesso de Itararé, Buri, Itaberá, Itapeva, Itapirapuã Paulista, Itaporanga, Itararé, Itaóca, Nova Campina, Ribeira, Ribeirão Branco, Riversul, Taquarivaí", "unidades": null, "total_varas_municipio": 0, "varas_municipio": null, "varas_foro": "1ª Vara Judicial, 2ª Vara Judicial, 3ª Vara Judicial, Juizado Especial Cível e Criminal, Vara da Infância e Juventude, Vara das Execuções Criminais - VEC" }, "geometry": { "type": "Point", "coordinates": [ -48.778139349674497, -24.256170024919317 ] } },
{ "type": "Feature", "properties": { "id_municipio_ibge": 3543105, "nome_municipio": "Ribeirão Corrente", "populacao_municipio": 4608, "id_foro": 3516200, "nome_foro": "Franca", "total_varas_foro": 0, "entrancia": "Entrância Final", "endereco_sede": "Av. Presidente Vargas , 2.650 - Jardim Dr. Antonio Petraglia, 14402-000", "latitude": -20.555235123799015, "longitude": -47.381119878587675, "id_cj": 38, "nome_cj": "38ª Franca", "id_raj": 6, "nome_raj": "6ª Ribeirão Preto", "populacao_foro": 380446, "qt_cidades_foro": 5, "cidades_no_foro": "Cristais Paulista, Franca, Restinga, Ribeirão Corrente, São José da Bela Vista", "qt_cidades_cj": 10, "cidades_na_cj": "Cristais Paulista, Franca, Itirapuã, Jeriquara, Patrocínio Paulista, Pedregulho, Restinga, Ribeirão Corrente, Rifaina, São José da Bela Vista", "unidades": null, "total_varas_municipio": 0, "varas_municipio": null, "varas_foro": null }, "geometry": { "type": "Point", "coordinates": [ -47.573324766719303, -20.448912533034658 ] } },
{ "type": "Feature", "properties": { "id_municipio_ibge": 3543204, "nome_municipio": "Ribeirão do Sul", "populacao_municipio": 4677, "id_foro": 3534708, "nome_foro": "Ourinhos", "total_varas_foro": 7, "entrancia": "Entrância Final", "endereco_sede": "Rua dos Expedicionários , 1895 - Jardim Matilde, 19902-610", "latitude": -22.952676958562666, "longitude": -49.852417421597444, "id_cj": 25, "nome_cj": "25ª Ourinhos", "id_raj": 3, "nome_raj": "3ª Bauru", "populacao_foro": 117697, "qt_cidades_foro": 3, "cidades_no_foro": "Ourinhos, Ribeirão do Sul, Salto Grande", "qt_cidades_cj": 16, "cidades_na_cj": "Bernardino de Campos, Canitar, Chavantes, Espírito Santo do Turvo, Ipaussu, Manduri, Ourinhos, Piraju, Ribeirão do Sul, Salto Grande, Santa Cruz do Rio Pardo, Sarutaiá, São Pedro do Turvo, Tejupá, Timburi, Óleo", "unidades": null, "total_varas_municipio": 0, "varas_municipio": null, "varas_foro": "1ª Vara Criminal, 1ª Vara Cível, 2ª Vara Criminal, 2ª Vara Cível, 3ª Vara Cível, Ofício do Juizado Especial, Vara do Juizado Especial Cível" }, "geometry": { "type": "Point", "coordinates": [ -49.922669816928291, -22.751669102395933 ] } },
{ "type": "Feature", "properties": { "id_municipio_ibge": 3543238, "nome_municipio": "Ribeirão dos Índios", "populacao_municipio": 2025, "id_foro": 3547700, "nome_foro": "Santo Anastácio", "total_varas_foro": 3, "entrancia": "Entrância Inicial", "endereco_sede": "Praça Ataliba Leonel , 251 - Centro, 19360-000", "latitude": -22.037649932408112, "longitude": -51.722519241522036, "id_cj": 28, "nome_cj": "28ª Presidente Venceslau", "id_raj": 5, "nome_raj": "5ª Presidente Prudente", "populacao_foro": 23252, "qt_cidades_foro": 3, "cidades_no_foro": "Piquerobi, Ribeirão dos Índios, Santo Anastácio", "qt_cidades_cj": 11, "cidades_na_cj": "Caiuá, Euclides da Cunha Paulista, Marabá Paulista, Mirante do Paranapanema, Piquerobi, Presidente Epitácio, Presidente Venceslau, Ribeirão dos Índios, Rosana, Santo Anastácio, Teodoro Sampaio", "unidades": null, "total_varas_municipio": 0, "varas_municipio": null, "varas_foro": "Juizado Especial Cível, Oficio Judicial (Unica Vara), Vara Judicial" }, "geometry": { "type": "Point", "coordinates": [ -51.58327922766081, -21.78425481294498 ] } },
{ "type": "Feature", "properties": { "id_municipio_ibge": 3543253, "nome_municipio": "Ribeirão Grande", "populacao_municipio": 7450, "id_foro": 3510203, "nome_foro": "Capão Bonito", "total_varas_foro": 0, "entrancia": "Entrância Intermediária", "endereco_sede": "Rua Seabra do Amaral , 260 - Centro - Guapiara, 18310-000", "latitude": -24.039195109679952, "longitude": -48.289834761740153, "id_cj": 22, "nome_cj": "22ª Itapetininga", "id_raj": 10, "nome_raj": "10ª Sorocaba", "populacao_foro": 70858, "qt_cidades_foro": 3, "cidades_no_foro": "Capão Bonito, Guapiara, Ribeirão Grande", "qt_cidades_cj": 17, "cidades_na_cj": "Alambari, Angatuba, Bofete, Campina do Monte Alegre, Capela do Alto, Capão Bonito, Cesário Lange, Guapiara, Guareí, Itapetininga, Porangaba, Quadra, Ribeirão Grande, Sarapuí, São Miguel Arcanjo, Tatuí, Torre de Pedra", "unidades": null, "total_varas_municipio": 0, "varas_municipio": null, "varas_foro": null }, "geometry": { "type": "Point", "coordinates": [ -48.358809087414535, -24.188650542185286 ] } },
{ "type": "Feature", "properties": { "id_municipio_ibge": 3543303, "nome_municipio": "Ribeirão Pires", "populacao_municipio": 115559, "id_foro": 3543303, "nome_foro": "Ribeirão Pires", "total_varas_foro": 5, "entrancia": "Entrância Intermediária", "endereco_sede": "Avenida Prefeito Valdirio Prisco , 150 - Centro, 09400-005", "latitude": -23.701052795140612, "longitude": -46.402804864815025, "id_cj": 3, "nome_cj": "3ª Santo André", "id_raj": 1, "nome_raj": "1ª Grande São Paulo", "populacao_foro": 115559, "qt_cidades_foro": 1, "cidades_no_foro": "Ribeirão Pires", "qt_cidades_cj": 5, "cidades_na_cj": "Mauá, Ribeirão Pires, Rio Grande da Serra, Santo André, São Caetano do Sul", "unidades": "Fórum Ribeirão Pires I, Fórum Ribeirão Pires II - (Serviço Anexo das Fazendas), Fórum Ribeirão Pires III (CEJUSC)", "total_varas_municipio": 5, "varas_municipio": "1ª Vara Judicial, 2ª Vara Judicial, 3ª Vara Judicial, Ofício do Juizado Especial Cível e Criminal, Vara do Juizado Especial Cível e Criminal", "varas_foro": "1ª Vara Judicial, 2ª Vara Judicial, 3ª Vara Judicial, Ofício do Juizado Especial Cível e Criminal, Vara do Juizado Especial Cível e Criminal" }, "geometry": { "type": "Point", "coordinates": [ -46.402804864815025, -23.701052795140612 ] } },
{ "type": "Feature", "properties": { "id_municipio_ibge": 3543402, "nome_municipio": "Ribeirão Preto", "populacao_municipio": 698642, "id_foro": 3543402, "nome_foro": "Ribeirão Preto", "total_varas_foro": 26, "entrancia": "Entrância Final", "endereco_sede": "R. Alice Além Saadi , 950 - Nova Riberânia, 14096-570", "latitude": -21.210851733679302, "longitude": -47.82131434756058, "id_cj": 41, "nome_cj": "41ª Ribeirão Preto", "id_raj": 6, "nome_raj": "6ª Ribeirão Preto", "populacao_foro": 705962, "qt_cidades_foro": 2, "cidades_no_foro": "Guatapará, Ribeirão Preto", "qt_cidades_cj": 16, "cidades_na_cj": "Barrinha, Cajuru, Cravinhos, Cássia dos Coqueiros, Dumont, Guatapará, Jardinópolis, Luís Antônio, Pontal, Ribeirão Preto, Santa Cruz da Esperança, Santa Rosa de Viterbo, Serra Azul, Serrana, Sertãozinho, São Simão", "unidades": "Forum Ribeirão Preto II - NAI – Núcleo de Atendimento Integrado, Fórum Ribeirão Preto III - (CEJUSC), Trbunal de Justiça da comarca de Ribeirão Preto - Setor Psicossocial, Tribunal de Justiça da Comarca de Ribeirão Preto - Prédio I, Tribunal de Justiça da Comarca de Ribeirão Preto - Prédio do DARAJ 6", "total_varas_municipio": 26, "varas_municipio": "1ª Vara Criminal, 1ª Vara Cível, 1ª Vara da Família e das Sucessões, 1ª Vara da Fazenda Pública, 2ª Vara Criminal, 2ª Vara Cível, 2ª Vara da Família e das Sucessões, 2ª Vara da Fazenda Pública, 3ª Vara Criminal, 3ª Vara Cível, 3ª Vara da Família e das Sucessões, 4ª Vara Criminal, 4ª Vara Cível, 5ª Vara Criminal, 5ª Vara Cível, 6ª Vara Cível, 7ª Vara Cível, 8ª Vara Cível, 9ª Vara Cível, 10ª Vara Cível, JEFAZ - Juizado Especial da Fazenda Pública, Ofício do Juizado Especial Criminal, Ofício do Juizado Especial Cível, Vara da Infância e da Juventude e do Idoso, Vara do Juizado Especial Criminal, Vara do Juizado Especial Cível", "varas_foro": "1ª Vara Criminal, 1ª Vara Cível, 1ª Vara da Família e das Sucessões, 1ª Vara da Fazenda Pública, 2ª Vara Criminal, 2ª Vara Cível, 2ª Vara da Família e das Sucessões, 2ª Vara da Fazenda Pública, 3ª Vara Criminal, 3ª Vara Cível, 3ª Vara da Família e das Sucessões, 4ª Vara Criminal, 4ª Vara Cível, 5ª Vara Criminal, 5ª Vara Cível, 6ª Vara Cível, 7ª Vara Cível, 8ª Vara Cível, 9ª Vara Cível, 10ª Vara Cível, JEFAZ - Juizado Especial da Fazenda Pública, Ofício do Juizado Especial Criminal, Ofício do Juizado Especial Cível, Vara da Infância e da Juventude e do Idoso, Vara do Juizado Especial Criminal, Vara do Juizado Especial Cível" }, "geometry": { "type": "Point", "coordinates": [ -47.82131434756058, -21.210851733679302 ] } },
{ "type": "Feature", "properties": { "id_municipio_ibge": 3543501, "nome_municipio": "Riversul", "populacao_municipio": 5599, "id_foro": 3522802, "nome_foro": "Itaporanga", "total_varas_foro": 2, "entrancia": "Entrância Inicial", "endereco_sede": "Avenida Santa Cruz , 59 - Centro, 18480-000", "latitude": -23.672943964016543, "longitude": -49.458483351562634, "id_cj": 49, "nome_cj": "49ª Itapeva", "id_raj": 10, "nome_raj": "10ª Sorocaba", "populacao_foro": 23215, "qt_cidades_foro": 3, "cidades_no_foro": "Barão de Antonina, Itaporanga, Riversul", "qt_cidades_cj": 16, "cidades_na_cj": "Apiaí, Barra do Chapéu, Barão de Antonina, Bom Sucesso de Itararé, Buri, Itaberá, Itapeva, Itapirapuã Paulista, Itaporanga, Itararé, Itaóca, Nova Campina, Ribeira, Ribeirão Branco, Riversul, Taquarivaí", "unidades": null, "total_varas_municipio": 0, "varas_municipio": null, "varas_foro": "Juizado Especial Cível e Criminal, Vara Única" }, "geometry": { "type": "Point", "coordinates": [ -49.447815234786106, -23.846869556685782 ] } },
{ "type": "Feature", "properties": { "id_municipio_ibge": 3543600, "nome_municipio": "Rifaina", "populacao_municipio": 4049, "id_foro": 3537008, "nome_foro": "Pedregulho", "total_varas_foro": 3, "entrancia": "Entrância Inicial", "endereco_sede": "Praça Padre Luís Sávio , s/n - centro, 14470-000", "latitude": -20.205591939297193, "longitude": -47.439060221283761, "id_cj": 38, "nome_cj": "38ª Franca", "id_raj": 6, "nome_raj": "6ª Ribeirão Preto", "populacao_foro": 23437, "qt_cidades_foro": 3, "cidades_no_foro": "Jeriquara, Pedregulho, Rifaina", "qt_cidades_cj": 10, "cidades_na_cj": "Cristais Paulista, Franca, Itirapuã, Jeriquara, Patrocínio Paulista, Pedregulho, Restinga, Ribeirão Corrente, Rifaina, São José da Bela Vista", "unidades": null, "total_varas_municipio": 0, "varas_municipio": null, "varas_foro": "Juizado Especial Cível, Juizado Especial Cível e Criminal de Pedregulho, Vara Judicial" }, "geometry": { "type": "Point", "coordinates": [ -47.440886290801679, -20.060798868105891 ] } },
{ "type": "Feature", "properties": { "id_municipio_ibge": 3543709, "nome_municipio": "Rincão", "populacao_municipio": 9098, "id_foro": 3501707, "nome_foro": "Américo Brasiliense", "total_varas_foro": 3, "entrancia": "Entrância Inicial", "endereco_sede": "Rua D. Pedro II , 65 - Centro, 14820-000", "latitude": -21.722318557494347, "longitude": -48.032366372665919, "id_cj": 13, "nome_cj": "13ª Araraquara", "id_raj": 6, "nome_raj": "6ª Ribeirão Preto", "populacao_foro": 53300, "qt_cidades_foro": 4, "cidades_no_foro": "Américo Brasiliense, Motuca, Rincão, Santa Lúcia", "qt_cidades_cj": 14, "cidades_na_cj": "Américo Brasiliense, Araraquara, Borborema, Dobrada, Gavião Peixoto, Iacanga, Ibitinga, Itápolis, Matão, Motuca, Nova Europa, Rincão, Santa Lúcia, Tabatinga", "unidades": null, "total_varas_municipio": 0, "varas_municipio": null, "varas_foro": "1ª Vara Judicial, 2ª Vara Judicial, Juizado Especial Cível" }, "geometry": { "type": "Point", "coordinates": [ -48.03202757261738, -21.593870911744329 ] } },
{ "type": "Feature", "properties": { "id_municipio_ibge": 3543808, "nome_municipio": "Rinópolis", "populacao_municipio": 9259, "id_foro": 3555000, "nome_foro": "Tupã", "total_varas_foro": 5, "entrancia": "Entrância Final", "endereco_sede": "Rua Nhambiquaras , 1731 - centro, 17600-060", "latitude": -21.947277997451096, "longitude": -50.534617908939552, "id_cj": 30, "nome_cj": "30ª Tupã", "id_raj": 5, "nome_raj": "5ª Presidente Prudente", "populacao_foro": 87621, "qt_cidades_foro": 5, "cidades_no_foro": "Arco-Íris, Herculândia, Queiroz, Rinópolis, Tupã", "qt_cidades_cj": 17, "cidades_na_cj": "Adamantina, Arco-Íris, Bastos, Flórida Paulista, Herculândia, Iacri, Inúbia Paulista, Lucélia, Mariápolis, Osvaldo Cruz, Parapuã, Pracinha, Queiroz, Rinópolis, Sagres, Salmourão, Tupã", "unidades": null, "total_varas_municipio": 0, "varas_municipio": null, "varas_foro": "1ª Vara Cível, 2ª Vara Cível, 3ª Vara Cível, Juizado Especial Cível, Vara Criminal" }, "geometry": { "type": "Point", "coordinates": [ -50.717441382185505, -21.681171371473582 ] } },
{ "type": "Feature", "properties": { "id_municipio_ibge": 3543907, "nome_municipio": "Rio Claro", "populacao_municipio": 201418, "id_foro": 3543907, "nome_foro": "Rio Claro", "total_varas_foro": 4, "entrancia": "Entrância Final", "endereco_sede": "Avenida 5 nº 535 , 535 - Centro, 13500-380", "latitude": -22.373917018805628, "longitude": -47.579907473849502, "id_cj": 9, "nome_cj": "9ª Rio Claro", "id_raj": 4, "nome_raj": "4ª Campinas", "populacao_foro": 236055, "qt_cidades_foro": 4, "cidades_no_foro": "Corumbataí, Ipeúna, Rio Claro, Santa Gertrudes", "qt_cidades_cj": 8, "cidades_na_cj": "Analândia, Brotas, Corumbataí, Ipeúna, Itirapina, Rio Claro, Santa Gertrudes, Torrinha", "unidades": "Fórum Rio Claro I - (Principal), Fórum Rio Claro II - (Anexo Fiscal) - Desativado, Fórum Rio Claro II - (Criminal), Fórum Rio Claro III - JEC, Fórum Rio Claro IV - (Arquivo Geral), Fórum Rio Claro V - (Estacionamento), Fórum Rio Claro VI - (Anexo do JEC - UAAJ - IPEÚNA)", "total_varas_municipio": 4, "varas_municipio": "1ª Vara Cível, 2ª Vara Cível, 3ª Vara Cível, 4ª Vara Cível", "varas_foro": "1ª Vara Cível, 2ª Vara Cível, 3ª Vara Cível, 4ª Vara Cível" }, "geometry": { "type": "Point", "coordinates": [ -47.579907473849502, -22.373917018805628 ] } },
{ "type": "Feature", "properties": { "id_municipio_ibge": 3544004, "nome_municipio": "Rio das Pedras", "populacao_municipio": 31328, "id_foro": 3544004, "nome_foro": "Rio das Pedras", "total_varas_foro": 1, "entrancia": "Entrância Inicial", "endereco_sede": "Rua Prudente de Morais , 136 - Centro, 13390-003", "latitude": -22.850340446968197, "longitude": -47.598381193547098, "id_cj": 34, "nome_cj": "34ª Piracicaba", "id_raj": 4, "nome_raj": "4ª Campinas", "populacao_foro": 31328, "qt_cidades_foro": 1, "cidades_no_foro": "Rio das Pedras", "qt_cidades_cj": 16, "cidades_na_cj": "Capivari, Cerquilho, Charqueada, Elias Fausto, Jumirim, Laranjal Paulista, Mombuca, Monte Mor, Piracicaba, Rafard, Rio das Pedras, Saltinho, Santa Maria da Serra, São Pedro, Tietê, Águas de São Pedro", "unidades": "Fórum de Rio das Pedras, Fórum de Rio das Pedras (Juizado Especial Cível e Criminal)", "total_varas_municipio": 1, "varas_municipio": "Vara Judicial", "varas_foro": "Vara Judicial" }, "geometry": { "type": "Point", "coordinates": [ -47.598381193547098, -22.850340446968197 ] } },
{ "type": "Feature", "properties": { "id_municipio_ibge": 3544103, "nome_municipio": "Rio Grande da Serra", "populacao_municipio": 44170, "id_foro": 3544103, "nome_foro": "Rio Grande da Serra", "total_varas_foro": 0, "entrancia": "Entrância Inicial", "endereco_sede": "Rua Agostinho Cardoso , 176 - Vila Figueiredo, 09450-000", "latitude": -23.737851433082774, "longitude": -46.379464585740607, "id_cj": 3, "nome_cj": "3ª Santo André", "id_raj": 1, "nome_raj": "1ª Grande São Paulo", "populacao_foro": 44170, "qt_cidades_foro": 1, "cidades_no_foro": "Rio Grande da Serra", "qt_cidades_cj": 5, "cidades_na_cj": "Mauá, Ribeirão Pires, Rio Grande da Serra, Santo André, São Caetano do Sul", "unidades": "Fórum II Rio Grande da Serra, Fórum Rio Grande da Serra", "total_varas_municipio": 0, "varas_municipio": null, "varas_foro": null }, "geometry": { "type": "Point", "coordinates": [ -46.379464585740607, -23.737851433082774 ] } },
{ "type": "Feature", "properties": { "id_municipio_ibge": 3544202, "nome_municipio": "Riolândia", "populacao_municipio": 10309, "id_foro": 3536604, "nome_foro": "Paulo de Faria", "total_varas_foro": 2, "entrancia": "Entrância Inicial", "endereco_sede": "Rua XV de Novembro , 809 - centro, 15490-000", "latitude": -20.066612556982832, "longitude": -49.463423033936081, "id_cj": 16, "nome_cj": "16ª São José do Rio Preto", "id_raj": 8, "nome_raj": "8ª São José do Rio Preto", "populacao_foro": 23733, "qt_cidades_foro": 3, "cidades_no_foro": "Orindiúva, Paulo de Faria, Riolândia", "qt_cidades_cj": 33, "cidades_na_cj": "Adolfo, Américo de Campos, Bady Bassitt, Bálsamo, Cedral, Cosmorama, Guapiaçu, Icém, Ipiguá, Jaci, José Bonifácio, Macaubal, Mendonça, Mirassol, Mirassolândia, Monte Aprazível, Neves Paulista, Nipoã, Nova Aliança, Nova Granada, Onda Verde, Orindiúva, Palestina, Paulo de Faria, Poloni, Potirendaba, Riolândia, Sebastianópolis do Sul, São José do Rio Preto, Tanabi, Ubarana, Uchoa, União Paulista", "unidades": null, "total_varas_municipio": 0, "varas_municipio": null, "varas_foro": "Juizado Especial Cível e Criminal, Vara Judicial" }, "geometry": { "type": "Point", "coordinates": [ -49.709149736386223, -20.023516570486336 ] } },
{ "type": "Feature", "properties": { "id_municipio_ibge": 3544251, "nome_municipio": "Rosana", "populacao_municipio": 17440, "id_foro": 3544251, "nome_foro": "Rosana", "total_varas_foro": 2, "entrancia": "Entrância Inicial", "endereco_sede": "Rua Curimbatá , 788/802 - Primavera, 19274-000", "latitude": -22.489150754679287, "longitude": -52.836899274869729, "id_cj": 28, "nome_cj": "28ª Presidente Venceslau", "id_raj": 5, "nome_raj": "5ª Presidente Prudente", "populacao_foro": 17440, "qt_cidades_foro": 1, "cidades_no_foro": "Rosana", "qt_cidades_cj": 11, "cidades_na_cj": "Caiuá, Euclides da Cunha Paulista, Marabá Paulista, Mirante do Paranapanema, Piquerobi, Presidente Epitácio, Presidente Venceslau, Ribeirão dos Índios, Rosana, Santo Anastácio, Teodoro Sampaio", "unidades": "Fórum Rosana", "total_varas_municipio": 2, "varas_municipio": "Juizado Especial Cível, Vara Judicial", "varas_foro": "Juizado Especial Cível, Vara Judicial" }, "geometry": { "type": "Point", "coordinates": [ -52.836899274869729, -22.489150754679287 ] } },
{ "type": "Feature", "properties": { "id_municipio_ibge": 3544301, "nome_municipio": "Roseira", "populacao_municipio": 10832, "id_foro": 3544301, "nome_foro": "Roseira", "total_varas_foro": 1, "entrancia": "Entrância Inicial", "endereco_sede": "Rua Dom Epaminondas , 54 - Centro, 12580-000", "latitude": -22.933045335947391, "longitude": -45.302471539769421, "id_cj": 48, "nome_cj": "48ª Guaratinguetá", "id_raj": 9, "nome_raj": "9ª São José dos Campos", "populacao_foro": 10832, "qt_cidades_foro": 1, "cidades_no_foro": "Roseira", "qt_cidades_cj": 17, "cidades_na_cj": "Aparecida, Arapeí, Areias, Bananal, Cachoeira Paulista, Canas, Cruzeiro, Cunha, Guaratinguetá, Lavrinhas, Lorena, Piquete, Potim, Queluz, Roseira, Silveiras, São José do Barreiro", "unidades": "JUIZ ALBERTO GENTIL DE ALMEIDA PEDROSO FILHO", "total_varas_municipio": 1, "varas_municipio": "Vara Judicial", "varas_foro": "Vara Judicial" }, "geometry": { "type": "Point", "coordinates": [ -45.302471539769421, -22.933045335947391 ] } },
{ "type": "Feature", "properties": { "id_municipio_ibge": 3544400, "nome_municipio": "Rubiácea", "populacao_municipio": 2700, "id_foro": 3518206, "nome_foro": "Guararapes", "total_varas_foro": 4, "entrancia": "Entrância Inicial", "endereco_sede": "Rua Luiz Lincoln de Oliveira , s/n - Centro, 16700-000", "latitude": -21.2852034913439, "longitude": -50.695138077514358, "id_cj": 36, "nome_cj": "36ª Araçatuba", "id_raj": 2, "nome_raj": "2ª Araçatuba", "populacao_foro": 33743, "qt_cidades_foro": 2, "cidades_no_foro": "Guararapes, Rubiácea", "qt_cidades_cj": 26, "cidades_na_cj": "Alto Alegre, Araçatuba, Avanhandava, Barbosa, Bento de Abreu, Bilac, Birigui, Braúna, Brejo Alegre, Buritama, Clementina, Coroados, Gabriel Monteiro, Glicério, Guararapes, Lourdes, Luiziânia, Penápolis, Piacatu, Planalto, Rubiácea, Santo Antônio do Aracanguá, Santópolis do Aguapeí, Turiúba, Valparaíso, Zacarias", "unidades": null, "total_varas_municipio": 0, "varas_municipio": null, "varas_foro": "1ª Vara, 1º Oficio Judicial - Seção Criminal, 2ª Vara, Juizado Especial Cível e Criminal" }, "geometry": { "type": "Point", "coordinates": [ -50.785822536302781, -21.360886192612892 ] } },
{ "type": "Feature", "properties": { "id_municipio_ibge": 3544509, "nome_municipio": "Rubinéia", "populacao_municipio": 3833, "id_foro": 3546603, "nome_foro": "Santa Fé do Sul", "total_varas_foro": 4, "entrancia": "Entrância Inicial", "endereco_sede": "Avenida Conselheiro Antonio Prado , 1662 - Centro, 15775-000", "latitude": -20.24185796478308, "longitude": -50.950177155259546, "id_cj": 55, "nome_cj": "55ª Jales", "id_raj": 2, "nome_raj": "2ª Araçatuba", "populacao_foro": 54464, "qt_cidades_foro": 7, "cidades_no_foro": "Nova Canaã Paulista, Rubinéia, Santa Clara d'Oeste, Santa Fé do Sul, Santa Rita d'Oeste, Santana da Ponte Pensa, Três Fronteiras", "qt_cidades_cj": 23, "cidades_na_cj": "Aparecida d'Oeste, Aspásia, Auriflama, Dirce Reis, Guzolândia, Jales, Marinópolis, Mesópolis, Nova Canaã Paulista, Palmeira d'Oeste, Paranapuã, Pontalinda, Rubinéia, Santa Albertina, Santa Clara d'Oeste, Santa Fé do Sul, Santa Rita d'Oeste, Santa Salete, Santana da Ponte Pensa, São Francisco, Três Fronteiras, Urânia, Vitória Brasil", "unidades": null, "total_varas_municipio": 0, "varas_municipio": null, "varas_foro": "1ª Vara Judicial, 2ª Vara Judicial, 3ª Vara Judicial, Vara do Juizado Especial Cível" }, "geometry": { "type": "Point", "coordinates": [ -51.018314046192572, -20.24972359015656 ] } },
{ "type": "Feature", "properties": { "id_municipio_ibge": 3544608, "nome_municipio": "Sabino", "populacao_municipio": 5112, "id_foro": 3527108, "nome_foro": "Lins", "total_varas_foro": 7, "entrancia": "Entrância Final", "endereco_sede": "Rua Gil Pimentel Moura , 51 - Jd. Americano, 16400-920", "latitude": -21.649742729536531, "longitude": -49.682862150569854, "id_cj": 35, "nome_cj": "35ª Lins", "id_raj": 2, "nome_raj": "2ª Araçatuba", "populacao_foro": 91130, "qt_cidades_foro": 3, "cidades_no_foro": "Guaiçara, Lins, Sabino", "qt_cidades_cj": 9, "cidades_na_cj": "Cafelândia, Getulina, Guaimbê, Guaiçara, Guarantã, Júlio Mesquita, Lins, Promissão, Sabino", "unidades": null, "total_varas_municipio": 0, "varas_municipio": null, "varas_foro": "1ª Vara Criminal, 1ª Vara Cível, 2ª Vara Criminal, 2ª Vara Cível, 3ª Vara Cível, Ofício do Juizado Especial Cível, Vara do Juizado Especial Cível" }, "geometry": { "type": "Point", "coordinates": [ -49.575621464455402, -21.470829110136286 ] } },
{ "type": "Feature", "properties": { "id_municipio_ibge": 3544707, "nome_municipio": "Sagres", "populacao_municipio": 2474, "id_foro": 3534609, "nome_foro": "Osvaldo Cruz", "total_varas_foro": 3, "entrancia": "Entrância Inicial", "endereco_sede": "Avenida Estados Unidos , 480 - Jardim das Bandeiras, 17700-000", "latitude": -21.732767414081351, "longitude": -50.873898903445813, "id_cj": 30, "nome_cj": "30ª Tupã", "id_raj": 5, "nome_raj": "5ª Presidente Prudente", "populacao_foro": 49134, "qt_cidades_foro": 4, "cidades_no_foro": "Osvaldo Cruz, Parapuã, Sagres, Salmourão", "qt_cidades_cj": 17, "cidades_na_cj": "Adamantina, Arco-Íris, Bastos, Flórida Paulista, Herculândia, Iacri, Inúbia Paulista, Lucélia, Mariápolis, Osvaldo Cruz, Parapuã, Pracinha, Queiroz, Rinópolis, Sagres, Salmourão, Tupã", "unidades": null, "total_varas_municipio": 0, "varas_municipio": null, "varas_foro": "1ª Vara Judicial, 2ª Vara Judicial, Juizado Especial Cível e Criminal" }, "geometry": { "type": "Point", "coordinates": [ -50.990279132182856, -21.867807842311656 ] } },
{ "type": "Feature", "properties": { "id_municipio_ibge": 3544806, "nome_municipio": "Sales", "populacao_municipio": 6437, "id_foro": 3556008, "nome_foro": "Urupês", "total_varas_foro": 1, "entrancia": "Entrância Inicial", "endereco_sede": "Praça Jardim Bela Vista , s/n - Jardim Bela Vista, 15850-019", "latitude": -21.20520226714293, "longitude": -49.26516261413645, "id_cj": 15, "nome_cj": "15ª Catanduva", "id_raj": 8, "nome_raj": "8ª São José do Rio Preto", "populacao_foro": 27048, "qt_cidades_foro": 3, "cidades_no_foro": "Irapuã, Sales, Urupês", "qt_cidades_cj": 16, "cidades_na_cj": "Ariranha, Catanduva, Catiguá, Elisiário, Ibirá, Irapuã, Itajobi, Marapoama, Novais, Novo Horizonte, Palmares Paulista, Pindorama, Sales, Santa Adélia, Tabapuã, Urupês", "unidades": null, "total_varas_municipio": 0, "varas_municipio": null, "varas_foro": "Vara Judicial" }, "geometry": { "type": "Point", "coordinates": [ -49.502643671084641, -21.347218857139453 ] } },
{ "type": "Feature", "properties": { "id_municipio_ibge": 3544905, "nome_municipio": "Sales Oliveira", "populacao_municipio": 11411, "id_foro": 3533601, "nome_foro": "Nuporanga", "total_varas_foro": 2, "entrancia": "Entrância Inicial", "endereco_sede": "Avenida Padre Geraldo Trossel , 369 - centro, 14670-000", "latitude": -20.704860662270221, "longitude": -47.729070720288384, "id_cj": 39, "nome_cj": "39ª Batatais", "id_raj": 6, "nome_raj": "6ª Ribeirão Preto", "populacao_foro": 18802, "qt_cidades_foro": 2, "cidades_no_foro": "Nuporanga, Sales Oliveira", "qt_cidades_cj": 8, "cidades_na_cj": "Altinópolis, Batatais, Brodowski, Morro Agudo, Nuporanga, Orlândia, Sales Oliveira, Santo Antônio da Alegria", "unidades": null, "total_varas_municipio": 0, "varas_municipio": null, "varas_foro": "Juizado Especial Cível, Vara Judicial" }, "geometry": { "type": "Point", "coordinates": [ -47.854598285564087, -20.83152669976759 ] } },
{ "type": "Feature", "properties": { "id_municipio_ibge": 3545001, "nome_municipio": "Salesópolis", "populacao_municipio": 15202, "id_foro": 3545001, "nome_foro": "Salesópolis", "total_varas_foro": 1, "entrancia": "Entrância Inicial", "endereco_sede": "Rua Antonio Pereira de Souza , 30 - Centro, 08970-000", "latitude": -23.580193820121451, "longitude": -45.842585084155708, "id_cj": 46, "nome_cj": "46ª São José dos Campos", "id_raj": 9, "nome_raj": "9ª São José dos Campos", "populacao_foro": 15202, "qt_cidades_foro": 1, "cidades_no_foro": "Salesópolis", "qt_cidades_cj": 7, "cidades_na_cj": "Jacareí, Monteiro Lobato, Natividade da Serra, Paraibuna, Salesópolis, Santa Branca, São José dos Campos", "unidades": "Fórum Salesópolis (Juiz Messias José de Melo Souza)", "total_varas_municipio": 1, "varas_municipio": "Vara Judicial", "varas_foro": "Vara Judicial" }, "geometry": { "type": "Point", "coordinates": [ -45.842585084155708, -23.580193820121451 ] } },
{ "type": "Feature", "properties": { "id_municipio_ibge": 3545100, "nome_municipio": "Salmourão", "populacao_municipio": 4808, "id_foro": 3534609, "nome_foro": "Osvaldo Cruz", "total_varas_foro": 3, "entrancia": "Entrância Inicial", "endereco_sede": "Avenida Estados Unidos , 480 - Jardim das Bandeiras, 17700-000", "latitude": -21.732767414081351, "longitude": -50.873898903445813, "id_cj": 30, "nome_cj": "30ª Tupã", "id_raj": 5, "nome_raj": "5ª Presidente Prudente", "populacao_foro": 49134, "qt_cidades_foro": 4, "cidades_no_foro": "Osvaldo Cruz, Parapuã, Sagres, Salmourão", "qt_cidades_cj": 17, "cidades_na_cj": "Adamantina, Arco-Íris, Bastos, Flórida Paulista, Herculândia, Iacri, Inúbia Paulista, Lucélia, Mariápolis, Osvaldo Cruz, Parapuã, Pracinha, Queiroz, Rinópolis, Sagres, Salmourão, Tupã", "unidades": null, "total_varas_municipio": 0, "varas_municipio": null, "varas_foro": "1ª Vara Judicial, 2ª Vara Judicial, Juizado Especial Cível e Criminal" }, "geometry": { "type": "Point", "coordinates": [ -50.87630393333999, -21.588044111058949 ] } },
{ "type": "Feature", "properties": { "id_municipio_ibge": 3545159, "nome_municipio": "Saltinho", "populacao_municipio": 8161, "id_foro": 3538709, "nome_foro": "Piracicaba", "total_varas_foro": 19, "entrancia": "Entrância Final", "endereco_sede": "Rua Bernardino de Campos , 55 - Alemães, 13417-901", "latitude": -22.726451332766192, "longitude": -47.78401709610705, "id_cj": 34, "nome_cj": "34ª Piracicaba", "id_raj": 4, "nome_raj": "4ª Campinas", "populacao_foro": 447019, "qt_cidades_foro": 3, "cidades_no_foro": "Charqueada, Piracicaba, Saltinho", "qt_cidades_cj": 16, "cidades_na_cj": "Capivari, Cerquilho, Charqueada, Elias Fausto, Jumirim, Laranjal Paulista, Mombuca, Monte Mor, Piracicaba, Rafard, Rio das Pedras, Saltinho, Santa Maria da Serra, São Pedro, Tietê, Águas de São Pedro", "unidades": null, "total_varas_municipio": 0, "varas_municipio": null, "varas_foro": "1ª Vara Criminal, 1ª Vara Cível, 1ª Vara da Família e das Sucessões, 2ª Vara Criminal, 2ª Vara Cível, 2ª Vara da Família e das Sucessões, 3ª Vara Criminal, 3ª Vara Cível, 3ª Vara da Família e das Sucessões, 4ª Vara Cível, 5ª Vara Cível, 6ª Vara Cível, Audiências de Conciliação das Varas da Família, Juizado Especial Criminal - Conciliação, Ofício do Juizado Especial Cível e Criminal, VARA DA FAZENDA PÚBLICA, VARA DA INFÂNCIA E DA JUVENTUDE, Vara do Juizado Especial Cível e Criminal, VARA DO JÚRI E EXECUÇÕES CRIMINAIS" }, "geometry": { "type": "Point", "coordinates": [ -47.731823277056741, -22.871210517116484 ] } },
{ "type": "Feature", "properties": { "id_municipio_ibge": 3545209, "nome_municipio": "Salto", "populacao_municipio": 134319, "id_foro": 3545209, "nome_foro": "Salto", "total_varas_foro": 3, "entrancia": "Entrância Intermediária", "endereco_sede": "Avenida Dom Pedro II , 261 - Centro, 13320-240", "latitude": -23.180478889801115, "longitude": -47.302607795246558, "id_cj": 20, "nome_cj": "20ª Itu", "id_raj": 10, "nome_raj": "10ª Sorocaba", "populacao_foro": 134319, "qt_cidades_foro": 1, "cidades_no_foro": "Salto", "qt_cidades_cj": 7, "cidades_na_cj": "Boituva, Cabreúva, Indaiatuba, Iperó, Itu, Porto Feliz, Salto", "unidades": "Fórum Salto I (Principal), Fórum Salto II (Juizado Especial, Setor de Execuções Fiscais e Setor Técnico), Fórum Salto III (Central de Mandados e Cejusc)", "total_varas_municipio": 3, "varas_municipio": "1ª Vara Judicial, 2ª Vara Judicial, 3ª Vara Judicial", "varas_foro": "1ª Vara Judicial, 2ª Vara Judicial, 3ª Vara Judicial" }, "geometry": { "type": "Point", "coordinates": [ -47.302607795246558, -23.180478889801115 ] } },
{ "type": "Feature", "properties": { "id_municipio_ibge": 3545308, "nome_municipio": "Salto de Pirapora", "populacao_municipio": 43748, "id_foro": 3545308, "nome_foro": "Salto de Pirapora", "total_varas_foro": 0, "entrancia": "Entrância Inicial", "endereco_sede": "Rua Francisco de Barros Leite , 708 - Centro, 18160-000", "latitude": -23.652776419606376, "longitude": -47.580631826369086, "id_cj": 19, "nome_cj": "19ª Sorocaba", "id_raj": 10, "nome_raj": "10ª Sorocaba", "populacao_foro": 43748, "qt_cidades_foro": 1, "cidades_no_foro": "Salto de Pirapora", "qt_cidades_cj": 12, "cidades_na_cj": "Alumínio, Araçariguama, Araçoiaba da Serra, Ibiúna, Mairinque, Piedade, Pilar do Sul, Salto de Pirapora, Sorocaba, São Roque, Tapiraí, Votorantim", "unidades": "Fórum Desembargador Bento Mascarenhas Filho", "total_varas_municipio": 0, "varas_municipio": null, "varas_foro": null }, "geometry": { "type": "Point", "coordinates": [ -47.580631826369086, -23.652776419606376 ] } },
{ "type": "Feature", "properties": { "id_municipio_ibge": 3545407, "nome_municipio": "Salto Grande", "populacao_municipio": 9050, "id_foro": 3534708, "nome_foro": "Ourinhos", "total_varas_foro": 7, "entrancia": "Entrância Final", "endereco_sede": "Rua dos Expedicionários , 1895 - Jardim Matilde, 19902-610", "latitude": -22.952676958562666, "longitude": -49.852417421597444, "id_cj": 25, "nome_cj": "25ª Ourinhos", "id_raj": 3, "nome_raj": "3ª Bauru", "populacao_foro": 117697, "qt_cidades_foro": 3, "cidades_no_foro": "Ourinhos, Ribeirão do Sul, Salto Grande", "qt_cidades_cj": 16, "cidades_na_cj": "Bernardino de Campos, Canitar, Chavantes, Espírito Santo do Turvo, Ipaussu, Manduri, Ourinhos, Piraju, Ribeirão do Sul, Salto Grande, Santa Cruz do Rio Pardo, Sarutaiá, São Pedro do Turvo, Tejupá, Timburi, Óleo", "unidades": null, "total_varas_municipio": 0, "varas_municipio": null, "varas_foro": "1ª Vara Criminal, 1ª Vara Cível, 2ª Vara Criminal, 2ª Vara Cível, 3ª Vara Cível, Ofício do Juizado Especial, Vara do Juizado Especial Cível" }, "geometry": { "type": "Point", "coordinates": [ -49.960764982403717, -22.870892065528505 ] } },
{ "type": "Feature", "properties": { "id_municipio_ibge": 3545506, "nome_municipio": "Sandovalina", "populacao_municipio": 3645, "id_foro": 3539202, "nome_foro": "Pirapozinho", "total_varas_foro": 4, "entrancia": "Entrância Inicial", "endereco_sede": "Rua Dr. Carlos Alberto Leite Boulhosa, 525 , 525 - Jardim Morada do Sol, 19200-000", "latitude": -22.479179063433843, "longitude": -51.619796071038778, "id_cj": 27, "nome_cj": "27ª Presidente Prudente", "id_raj": 5, "nome_raj": "5ª Presidente Prudente", "populacao_foro": 43945, "qt_cidades_foro": 5, "cidades_no_foro": "Estrela do Norte, Narandiba, Pirapozinho, Sandovalina, Tarabai", "qt_cidades_cj": 20, "cidades_na_cj": "Alfredo Marcondes, Anhumas, Caiabu, Emilianópolis, Estrela do Norte, Iepê, Indiana, Martinópolis, Nantes, Narandiba, Pirapozinho, Presidente Bernardes, Presidente Prudente, Rancharia, Regente Feijó, Sandovalina, Santo Expedito, Taciba, Tarabai, Álvares Machado", "unidades": null, "total_varas_municipio": 0, "varas_municipio": null, "varas_foro": "2ª Vara Judicial, Juizado Especial Criminal, Juizado Especial Cível, Oficio Judicial (Crime)" }, "geometry": { "type": "Point", "coordinates": [ -51.842133372834873, -22.477875382093096 ] } },
{ "type": "Feature", "properties": { "id_municipio_ibge": 3545605, "nome_municipio": "Santa Adélia", "populacao_municipio": 14018, "id_foro": 3545605, "nome_foro": "Santa Adélia", "total_varas_foro": 4, "entrancia": "Entrância Inicial", "endereco_sede": "Praça Doutor Adhemar de Barros , 255 - Centro, 15950-000", "latitude": -21.317775593689618, "longitude": -48.819015715892654, "id_cj": 15, "nome_cj": "15ª Catanduva", "id_raj": 8, "nome_raj": "8ª São José do Rio Preto", "populacao_foro": 31270, "qt_cidades_foro": 3, "cidades_no_foro": "Ariranha, Palmares Paulista, Santa Adélia", "qt_cidades_cj": 16, "cidades_na_cj": "Ariranha, Catanduva, Catiguá, Elisiário, Ibirá, Irapuã, Itajobi, Marapoama, Novais, Novo Horizonte, Palmares Paulista, Pindorama, Sales, Santa Adélia, Tabapuã, Urupês", "unidades": "Fórum de Santa Adélia I, Fórum de Santa Adélia II (JEC/Jecrim/Arquivo/Cejusc), Fórum de Santa Adélia III (Arquivo)", "total_varas_municipio": 4, "varas_municipio": "Juizado Especial Criminal, Juizado Especial Cível, Ofício Judicial da Vara Única da Comarca, Vara Judicial", "varas_foro": "Juizado Especial Criminal, Juizado Especial Cível, Ofício Judicial da Vara Única da Comarca, Vara Judicial" }, "geometry": { "type": "Point", "coordinates": [ -48.819015715892654, -21.317775593689618 ] } },
{ "type": "Feature", "properties": { "id_municipio_ibge": 3545704, "nome_municipio": "Santa Albertina", "populacao_municipio": 6393, "id_foro": 3524808, "nome_foro": "Jales", "total_varas_foro": 5, "entrancia": "Entrância Final", "endereco_sede": "Rua Nove , 2.231 - Centro, 15700-018", "latitude": -20.285818407388149, "longitude": -50.554097412419267, "id_cj": 55, "nome_cj": "55ª Jales", "id_raj": 2, "nome_raj": "2ª Araçatuba", "populacao_foro": 68693, "qt_cidades_foro": 7, "cidades_no_foro": "Dirce Reis, Jales, Mesópolis, Paranapuã, Pontalinda, Santa Albertina, Vitória Brasil", "qt_cidades_cj": 23, "cidades_na_cj": "Aparecida d'Oeste, Aspásia, Auriflama, Dirce Reis, Guzolândia, Jales, Marinópolis, Mesópolis, Nova Canaã Paulista, Palmeira d'Oeste, Paranapuã, Pontalinda, Rubinéia, Santa Albertina, Santa Clara d'Oeste, Santa Fé do Sul, Santa Rita d'Oeste, Santa Salete, Santana da Ponte Pensa, São Francisco, Três Fronteiras, Urânia, Vitória Brasil", "unidades": null, "total_varas_municipio": 0, "varas_municipio": null, "varas_foro": "1ª Vara Criminal, 1ª Vara Cível, 2ª Vara Criminal, 2ª Vara Cível, 3ª Vara Cível" }, "geometry": { "type": "Point", "coordinates": [ -50.72770109179482, -20.014161237152255 ] } },
{ "type": "Feature", "properties": { "id_municipio_ibge": 3545803, "nome_municipio": "Santa Bárbara d'Oeste", "populacao_municipio": 183347, "id_foro": 3545803, "nome_foro": "Santa Bárbara d'Oeste", "total_varas_foro": 6, "entrancia": "Entrância Final", "endereco_sede": "Rua Dante Torteli , 325 - centro, 13450-000", "latitude": -22.800621232557365, "longitude": -47.428075244620729, "id_cj": 53, "nome_cj": "53ª Americana", "id_raj": 4, "nome_raj": "4ª Campinas", "populacao_foro": 183347, "qt_cidades_foro": 1, "cidades_no_foro": "Santa Bárbara d'Oeste", "qt_cidades_cj": 5, "cidades_na_cj": "Americana, Hortolândia, Nova Odessa, Santa Bárbara d'Oeste, Sumaré", "unidades": "ANEXO FISCAL - Fórum Santa Bárbara d´Oeste, CEJUSC - Santa Bárbara D'Oeste, Desembargador Adérito Pereira da Silva", "total_varas_municipio": 6, "varas_municipio": "1ª Vara Cível, 1º Vara Criminal, 2ª Vara Criminal, 2ª Vara Cível, 3ª Vara Cível, Juizado Especial Cível e Criminal", "varas_foro": "1ª Vara Cível, 1º Vara Criminal, 2ª Vara Criminal, 2ª Vara Cível, 3ª Vara Cível, Juizado Especial Cível e Criminal" }, "geometry": { "type": "Point", "coordinates": [ -47.428075244620729, -22.800621232557365 ] } },
{ "type": "Feature", "properties": { "id_municipio_ibge": 3546009, "nome_municipio": "Santa Branca", "populacao_municipio": 13975, "id_foro": 3546009, "nome_foro": "Santa Branca", "total_varas_foro": 2, "entrancia": "Entrância Inicial", "endereco_sede": "Rua Coronel Alfredo de Lima , 90 - Centro, 12380-000", "latitude": -23.426395367523419, "longitude": -45.863308018773914, "id_cj": 46, "nome_cj": "46ª São José dos Campos", "id_raj": 9, "nome_raj": "9ª São José dos Campos", "populacao_foro": 13975, "qt_cidades_foro": 1, "cidades_no_foro": "Santa Branca", "qt_cidades_cj": 7, "cidades_na_cj": "Jacareí, Monteiro Lobato, Natividade da Serra, Paraibuna, Salesópolis, Santa Branca, São José dos Campos", "unidades": "Fórum Desembargador Roberto Maldonado Loureiro", "total_varas_municipio": 2, "varas_municipio": "Juizado Especial Cível e Criminal, Vara Judicial", "varas_foro": "Juizado Especial Cível e Criminal, Vara Judicial" }, "geometry": { "type": "Point", "coordinates": [ -45.863308018773914, -23.426395367523419 ] } },
{ "type": "Feature", "properties": { "id_municipio_ibge": 3546108, "nome_municipio": "Santa Clara d'Oeste", "populacao_municipio": 2598, "id_foro": 3546603, "nome_foro": "Santa Fé do Sul", "total_varas_foro": 4, "entrancia": "Entrância Inicial", "endereco_sede": "Avenida Conselheiro Antonio Prado , 1662 - Centro, 15775-000", "latitude": -20.24185796478308, "longitude": -50.950177155259546, "id_cj": 55, "nome_cj": "55ª Jales", "id_raj": 2, "nome_raj": "2ª Araçatuba", "populacao_foro": 54464, "qt_cidades_foro": 7, "cidades_no_foro": "Nova Canaã Paulista, Rubinéia, Santa Clara d'Oeste, Santa Fé do Sul, Santa Rita d'Oeste, Santana da Ponte Pensa, Três Fronteiras", "qt_cidades_cj": 23, "cidades_na_cj": "Aparecida d'Oeste, Aspásia, Auriflama, Dirce Reis, Guzolândia, Jales, Marinópolis, Mesópolis, Nova Canaã Paulista, Palmeira d'Oeste, Paranapuã, Pontalinda, Rubinéia, Santa Albertina, Santa Clara d'Oeste, Santa Fé do Sul, Santa Rita d'Oeste, Santa Salete, Santana da Ponte Pensa, São Francisco, Três Fronteiras, Urânia, Vitória Brasil", "unidades": null, "total_varas_municipio": 0, "varas_municipio": null, "varas_foro": "1ª Vara Judicial, 2ª Vara Judicial, 3ª Vara Judicial, Vara do Juizado Especial Cível" }, "geometry": { "type": "Point", "coordinates": [ -50.908433374081135, -20.066892281988526 ] } },
{ "type": "Feature", "properties": { "id_municipio_ibge": 3546207, "nome_municipio": "Santa Cruz da Conceição", "populacao_municipio": 4277, "id_foro": 3526704, "nome_foro": "Leme", "total_varas_foro": 4, "entrancia": "Entrância Intermediária", "endereco_sede": "Rua Bernardino de Campos , 770 - Centro, 13610-901", "latitude": -22.172152285313231, "longitude": -47.337624951954488, "id_cj": 11, "nome_cj": "11ª Pirassununga", "id_raj": 4, "nome_raj": "4ª Campinas", "populacao_foro": 102438, "qt_cidades_foro": 2, "cidades_no_foro": "Leme, Santa Cruz da Conceição", "qt_cidades_cj": 5, "cidades_na_cj": "Leme, Pirassununga, Porto Ferreira, Santa Cruz da Conceição, Santa Rita do Passa Quatro", "unidades": null, "total_varas_municipio": 0, "varas_municipio": null, "varas_foro": "1ª Vara Judicial, 2ª Vara Judicial, 3ª Vara Judicial, Vara Criminal" }, "geometry": { "type": "Point", "coordinates": [ -47.485596689487174, -22.121350697681795 ] } },
{ "type": "Feature", "properties": { "id_municipio_ibge": 3546256, "nome_municipio": "Santa Cruz da Esperança", "populacao_municipio": 2116, "id_foro": 3509403, "nome_foro": "Cajuru", "total_varas_foro": 3, "entrancia": "Entrância Inicial", "endereco_sede": "Rua José Bonifácio , 817 - Centro, 14240-000", "latitude": -21.275965150296621, "longitude": -47.310304489456094, "id_cj": 41, "nome_cj": "41ª Ribeirão Preto", "id_raj": 6, "nome_raj": "6ª Ribeirão Preto", "populacao_foro": 28745, "qt_cidades_foro": 3, "cidades_no_foro": "Cajuru, Cássia dos Coqueiros, Santa Cruz da Esperança", "qt_cidades_cj": 16, "cidades_na_cj": "Barrinha, Cajuru, Cravinhos, Cássia dos Coqueiros, Dumont, Guatapará, Jardinópolis, Luís Antônio, Pontal, Ribeirão Preto, Santa Cruz da Esperança, Santa Rosa de Viterbo, Serra Azul, Serrana, Sertãozinho, São Simão", "unidades": null, "total_varas_municipio": 0, "varas_municipio": null, "varas_foro": "Juizado Especial Cível e Criminal, Juizado Informal de Conciliação, Vara Judicial" }, "geometry": { "type": "Point", "coordinates": [ -47.439612738284097, -21.274832802287449 ] } },
{ "type": "Feature", "properties": { "id_municipio_ibge": 3546306, "nome_municipio": "Santa Cruz das Palmeiras", "populacao_municipio": 28864, "id_foro": 3546306, "nome_foro": "Santa Cruz das Palmeiras", "total_varas_foro": 2, "entrancia": "Entrância Inicial", "endereco_sede": "Avenida do Café , 665 - Centro, 13650-013", "latitude": -21.855511323313735, "longitude": -47.250136157857767, "id_cj": 43, "nome_cj": "43ª Casa Branca", "id_raj": 6, "nome_raj": "6ª Ribeirão Preto", "populacao_foro": 28864, "qt_cidades_foro": 1, "cidades_no_foro": "Santa Cruz das Palmeiras", "qt_cidades_cj": 10, "cidades_na_cj": "Caconde, Casa Branca, Divinolândia, Itobi, Mococa, Santa Cruz das Palmeiras, São José do Rio Pardo, São Sebastião da Grama, Tambaú, Tapiratiba", "unidades": "Fórum Santa Cruz das Palmeiras I, Fórum Santa Cruz das Palmeiras II (CEJUSC, S. Técnico, Cart. Eleitoral), Fórum Santa Cruz das Palmeiras II (S. Técnico, CEJUSC e Cart. Eleitoral)", "total_varas_municipio": 2, "varas_municipio": "Juizado Especial Cível e Criminal, Vara Judicial", "varas_foro": "Juizado Especial Cível e Criminal, Vara Judicial" }, "geometry": { "type": "Point", "coordinates": [ -47.250136157857767, -21.855511323313735 ] } },
{ "type": "Feature", "properties": { "id_municipio_ibge": 3546405, "nome_municipio": "Santa Cruz do Rio Pardo", "populacao_municipio": 46442, "id_foro": 3546405, "nome_foro": "Santa Cruz do Rio Pardo", "total_varas_foro": 4, "entrancia": "Entrância Intermediária", "endereco_sede": "Av Doutor Cyro de Mello Camarinha , 606 - Centro, 18900-073", "latitude": -22.809306886675092, "longitude": -49.568948831761652, "id_cj": 25, "nome_cj": "25ª Ourinhos", "id_raj": 3, "nome_raj": "3ª Bauru", "populacao_foro": 57816, "qt_cidades_foro": 3, "cidades_no_foro": "Espírito Santo do Turvo, Santa Cruz do Rio Pardo, São Pedro do Turvo", "qt_cidades_cj": 16, "cidades_na_cj": "Bernardino de Campos, Canitar, Chavantes, Espírito Santo do Turvo, Ipaussu, Manduri, Ourinhos, Piraju, Ribeirão do Sul, Salto Grande, Santa Cruz do Rio Pardo, Sarutaiá, São Pedro do Turvo, Tejupá, Timburi, Óleo", "unidades": "Fórum Doutor Augusto José da Costa, Fórum Santa Cruz do Rio Pardo (CEJUSC), Fórum Santa Cruz do Rio Pardo (Juizado Especial Cível)", "total_varas_municipio": 4, "varas_municipio": "1ª Vara Cível, 2ª Vara Cível, 3ª Vara Cível, Vara Criminal", "varas_foro": "1ª Vara Cível, 2ª Vara Cível, 3ª Vara Cível, Vara Criminal" }, "geometry": { "type": "Point", "coordinates": [ -49.568948831761652, -22.809306886675092 ] } },
{ "type": "Feature", "properties": { "id_municipio_ibge": 3546504, "nome_municipio": "Santa Ernestina", "populacao_municipio": 6118, "id_foro": 3553708, "nome_foro": "Taquaritinga", "total_varas_foro": 3, "entrancia": "Entrância Inicial", "endereco_sede": "Rua Duque de Caxias , 267 - Centro, 15900-017", "latitude": -21.425577635346173, "longitude": -48.537879199453229, "id_cj": 42, "nome_cj": "42ª Jaboticabal", "id_raj": 6, "nome_raj": "6ª Ribeirão Preto", "populacao_foro": 67209, "qt_cidades_foro": 4, "cidades_no_foro": "Cândido Rodrigues, Fernando Prestes, Santa Ernestina, Taquaritinga", "qt_cidades_cj": 14, "cidades_na_cj": "Cândido Rodrigues, Fernando Prestes, Guariba, Jaboticabal, Monte Alto, Pirangi, Pitangueiras, Pradópolis, Santa Ernestina, Taiaçu, Taiúva, Taquaral, Taquaritinga, Vista Alegre do Alto", "unidades": null, "total_varas_municipio": 0, "varas_municipio": null, "varas_foro": "1ª Vara Judicial, 2ª Vara Judicial, 3ª Vara Judicial" }, "geometry": { "type": "Point", "coordinates": [ -48.366812101847174, -21.452546648728763 ] } },
{ "type": "Feature", "properties": { "id_municipio_ibge": 3546603, "nome_municipio": "Santa Fé do Sul", "populacao_municipio": 34794, "id_foro": 3546603, "nome_foro": "Santa Fé do Sul", "total_varas_foro": 4, "entrancia": "Entrância Inicial", "endereco_sede": "Avenida Conselheiro Antonio Prado , 1662 - Centro, 15775-000", "latitude": -20.24185796478308, "longitude": -50.950177155259546, "id_cj": 55, "nome_cj": "55ª Jales", "id_raj": 2, "nome_raj": "2ª Araçatuba", "populacao_foro": 54464, "qt_cidades_foro": 7, "cidades_no_foro": "Nova Canaã Paulista, Rubinéia, Santa Clara d'Oeste, Santa Fé do Sul, Santa Rita d'Oeste, Santana da Ponte Pensa, Três Fronteiras", "qt_cidades_cj": 23, "cidades_na_cj": "Aparecida d'Oeste, Aspásia, Auriflama, Dirce Reis, Guzolândia, Jales, Marinópolis, Mesópolis, Nova Canaã Paulista, Palmeira d'Oeste, Paranapuã, Pontalinda, Rubinéia, Santa Albertina, Santa Clara d'Oeste, Santa Fé do Sul, Santa Rita d'Oeste, Santa Salete, Santana da Ponte Pensa, São Francisco, Três Fronteiras, Urânia, Vitória Brasil", "unidades": "Fórum Santa Fé do Sul I, Fórum Santa Fé do Sul II - (CEJUSC, JEC e Unidade Avançada), Fórum Santa Fé do Sul III - (Unid. Dig. Atend. Jud. - Três Fronteiras), Fórum Santa Fé do Sul IV - JEC (Unidade Avançada)", "total_varas_municipio": 4, "varas_municipio": "1ª Vara Judicial, 2ª Vara Judicial, 3ª Vara Judicial, Vara do Juizado Especial Cível", "varas_foro": "1ª Vara Judicial, 2ª Vara Judicial, 3ª Vara Judicial, Vara do Juizado Especial Cível" }, "geometry": { "type": "Point", "coordinates": [ -50.950177155259546, -20.24185796478308 ] } },
{ "type": "Feature", "properties": { "id_municipio_ibge": 3546702, "nome_municipio": "Santa Gertrudes", "populacao_municipio": 23611, "id_foro": 3543907, "nome_foro": "Rio Claro", "total_varas_foro": 4, "entrancia": "Entrância Final", "endereco_sede": "Avenida 5 nº 535 , 535 - Centro, 13500-380", "latitude": -22.373917018805628, "longitude": -47.579907473849502, "id_cj": 9, "nome_cj": "9ª Rio Claro", "id_raj": 4, "nome_raj": "4ª Campinas", "populacao_foro": 236055, "qt_cidades_foro": 4, "cidades_no_foro": "Corumbataí, Ipeúna, Rio Claro, Santa Gertrudes", "qt_cidades_cj": 8, "cidades_na_cj": "Analândia, Brotas, Corumbataí, Ipeúna, Itirapina, Rio Claro, Santa Gertrudes, Torrinha", "unidades": null, "total_varas_municipio": 0, "varas_municipio": null, "varas_foro": "1ª Vara Cível, 2ª Vara Cível, 3ª Vara Cível, 4ª Vara Cível" }, "geometry": { "type": "Point", "coordinates": [ -47.521329052785916, -22.475086749861905 ] } },
{ "type": "Feature", "properties": { "id_municipio_ibge": 3546801, "nome_municipio": "Santa Isabel", "populacao_municipio": 53174, "id_foro": 3546801, "nome_foro": "Santa Isabel", "total_varas_foro": 3, "entrancia": "Entrância Inicial", "endereco_sede": "Avenida Manoel Ferraz de Campos Salles, 175 , 175 - Centro, 07500-000", "latitude": -23.288938424650389, "longitude": -46.242348005810911, "id_cj": 44, "nome_cj": "44ª Guarulhos", "id_raj": 1, "nome_raj": "1ª Grande São Paulo", "populacao_foro": 63779, "qt_cidades_foro": 2, "cidades_no_foro": "Igaratá, Santa Isabel", "qt_cidades_cj": 5, "cidades_na_cj": "Arujá, Guarulhos, Igaratá, Mairiporã, Santa Isabel", "unidades": "(Anexo Fiscal - CEJUSC - Centra de Mandados -  JECRIM - Serviço Social), Forum Santa Isabel [desativado], Fórum  Santa Isabel I, Fórum Santa Isabel II - (Juizado Especial e SADM), Fórum Santa Isabel IV - (CEJUSC)", "total_varas_municipio": 3, "varas_municipio": "1ª Vara Judicial, 1º Oficio Judicial, 2ª Vara Judicial", "varas_foro": "1ª Vara Judicial, 1º Oficio Judicial, 2ª Vara Judicial" }, "geometry": { "type": "Point", "coordinates": [ -46.242348005810911, -23.288938424650389 ] } },
{ "type": "Feature", "properties": { "id_municipio_ibge": 3546900, "nome_municipio": "Santa Lúcia", "populacao_municipio": 7149, "id_foro": 3501707, "nome_foro": "Américo Brasiliense", "total_varas_foro": 3, "entrancia": "Entrância Inicial", "endereco_sede": "Rua D. Pedro II , 65 - Centro, 14820-000", "latitude": -21.722318557494347, "longitude": -48.032366372665919, "id_cj": 13, "nome_cj": "13ª Araraquara", "id_raj": 6, "nome_raj": "6ª Ribeirão Preto", "populacao_foro": 53300, "qt_cidades_foro": 4, "cidades_no_foro": "Américo Brasiliense, Motuca, Rincão, Santa Lúcia", "qt_cidades_cj": 14, "cidades_na_cj": "Américo Brasiliense, Araraquara, Borborema, Dobrada, Gavião Peixoto, Iacanga, Ibitinga, Itápolis, Matão, Motuca, Nova Europa, Rincão, Santa Lúcia, Tabatinga", "unidades": null, "total_varas_municipio": 0, "varas_municipio": null, "varas_foro": "1ª Vara Judicial, 2ª Vara Judicial, Juizado Especial Cível" }, "geometry": { "type": "Point", "coordinates": [ -48.057347724664751, -21.67074763483771 ] } },
{ "type": "Feature", "properties": { "id_municipio_ibge": 3547007, "nome_municipio": "Santa Maria da Serra", "populacao_municipio": 5243, "id_foro": 3550407, "nome_foro": "São Pedro", "total_varas_foro": 3, "entrancia": "Entrância Inicial", "endereco_sede": "Praça Adolpho Bonifácio Bragaia , s/nº - Centro, 13520-028", "latitude": -22.558175497889824, "longitude": -47.924683049681562, "id_cj": 34, "nome_cj": "34ª Piracicaba", "id_raj": 4, "nome_raj": "4ª Campinas", "populacao_foro": 46279, "qt_cidades_foro": 3, "cidades_no_foro": "Santa Maria da Serra, São Pedro, Águas de São Pedro", "qt_cidades_cj": 16, "cidades_na_cj": "Capivari, Cerquilho, Charqueada, Elias Fausto, Jumirim, Laranjal Paulista, Mombuca, Monte Mor, Piracicaba, Rafard, Rio das Pedras, Saltinho, Santa Maria da Serra, São Pedro, Tietê, Águas de São Pedro", "unidades": null, "total_varas_municipio": 0, "varas_municipio": null, "varas_foro": "1ª Vara Judicial, 2ª Vara Judicial, Juizado Especial Cível e Criminal" }, "geometry": { "type": "Point", "coordinates": [ -48.154271037802424, -22.564564876279821 ] } },
{ "type": "Feature", "properties": { "id_municipio_ibge": 3547106, "nome_municipio": "Santa Mercedes", "populacao_municipio": 2956, "id_foro": 3535408, "nome_foro": "Panorama", "total_varas_foro": 3, "entrancia": "Entrância Inicial", "endereco_sede": "Rua Manoel Fernandes da Cunha , 1308 - Centro, 17980-000", "latitude": -21.463313395992934, "longitude": -51.858086971015823, "id_cj": 29, "nome_cj": "29ª Dracena", "id_raj": 5, "nome_raj": "5ª Presidente Prudente", "populacao_foro": 25875, "qt_cidades_foro": 3, "cidades_no_foro": "Panorama, Paulicéia, Santa Mercedes", "qt_cidades_cj": 13, "cidades_na_cj": "Dracena, Flora Rica, Irapuru, Junqueirópolis, Monte Castelo, Nova Guataporanga, Ouro Verde, Pacaembu, Panorama, Paulicéia, Santa Mercedes, São João do Pau d'Alho, Tupi Paulista", "unidades": null, "total_varas_municipio": 0, "varas_municipio": null, "varas_foro": "1ª Vara Judicial, 2ª Vara Judicial, Juizado Especial Cível e Criminal" }, "geometry": { "type": "Point", "coordinates": [ -51.737125895032477, -21.316791710035137 ] } },
{ "type": "Feature", "properties": { "id_municipio_ibge": 3547205, "nome_municipio": "Santana da Ponte Pensa", "populacao_municipio": 1670, "id_foro": 3546603, "nome_foro": "Santa Fé do Sul", "total_varas_foro": 4, "entrancia": "Entrância Inicial", "endereco_sede": "Avenida Conselheiro Antonio Prado , 1662 - Centro, 15775-000", "latitude": -20.24185796478308, "longitude": -50.950177155259546, "id_cj": 55, "nome_cj": "55ª Jales", "id_raj": 2, "nome_raj": "2ª Araçatuba", "populacao_foro": 54464, "qt_cidades_foro": 7, "cidades_no_foro": "Nova Canaã Paulista, Rubinéia, Santa Clara d'Oeste, Santa Fé do Sul, Santa Rita d'Oeste, Santana da Ponte Pensa, Três Fronteiras", "qt_cidades_cj": 23, "cidades_na_cj": "Aparecida d'Oeste, Aspásia, Auriflama, Dirce Reis, Guzolândia, Jales, Marinópolis, Mesópolis, Nova Canaã Paulista, Palmeira d'Oeste, Paranapuã, Pontalinda, Rubinéia, Santa Albertina, Santa Clara d'Oeste, Santa Fé do Sul, Santa Rita d'Oeste, Santa Salete, Santana da Ponte Pensa, São Francisco, Três Fronteiras, Urânia, Vitória Brasil", "unidades": null, "total_varas_municipio": 0, "varas_municipio": null, "varas_foro": "1ª Vara Judicial, 2ª Vara Judicial, 3ª Vara Judicial, Vara do Juizado Especial Cível" }, "geometry": { "type": "Point", "coordinates": [ -50.797104994566105, -20.2607276525403 ] } },
{ "type": "Feature", "properties": { "id_municipio_ibge": 3547304, "nome_municipio": "Santana de Parnaíba", "populacao_municipio": 154105, "id_foro": 3547304, "nome_foro": "Santana de Parnaíba", "total_varas_foro": 0, "entrancia": "Entrância Intermediária", "endereco_sede": "Rua Professor Eugênio Teani , 215 - Jardim Professor Benoá, 06502-025", "latitude": -23.449448112918144, "longitude": -46.916847680105633, "id_cj": 4, "nome_cj": "4ª Osasco", "id_raj": 1, "nome_raj": "1ª Grande São Paulo", "populacao_foro": 172475, "qt_cidades_foro": 2, "cidades_no_foro": "Pirapora do Bom Jesus, Santana de Parnaíba", "qt_cidades_cj": 6, "cidades_na_cj": "Barueri, Carapicuíba, Jandira, Osasco, Pirapora do Bom Jesus, Santana de Parnaíba", "unidades": "Fórum de Santana de Parnaíba I, Fórum de Santana de Parnaíba II (Anexo do JEC – UNIP ALPHAVILLE)", "total_varas_municipio": 0, "varas_municipio": null, "varas_foro": null }, "geometry": { "type": "Point", "coordinates": [ -46.916847680105633, -23.449448112918144 ] } },
{ "type": "Feature", "properties": { "id_municipio_ibge": 3547403, "nome_municipio": "Santa Rita d'Oeste", "populacao_municipio": 2733, "id_foro": 3546603, "nome_foro": "Santa Fé do Sul", "total_varas_foro": 4, "entrancia": "Entrância Inicial", "endereco_sede": "Avenida Conselheiro Antonio Prado , 1662 - Centro, 15775-000", "latitude": -20.24185796478308, "longitude": -50.950177155259546, "id_cj": 55, "nome_cj": "55ª Jales", "id_raj": 2, "nome_raj": "2ª Araçatuba", "populacao_foro": 54464, "qt_cidades_foro": 7, "cidades_no_foro": "Nova Canaã Paulista, Rubinéia, Santa Clara d'Oeste, Santa Fé do Sul, Santa Rita d'Oeste, Santana da Ponte Pensa, Três Fronteiras", "qt_cidades_cj": 23, "cidades_na_cj": "Aparecida d'Oeste, Aspásia, Auriflama, Dirce Reis, Guzolândia, Jales, Marinópolis, Mesópolis, Nova Canaã Paulista, Palmeira d'Oeste, Paranapuã, Pontalinda, Rubinéia, Santa Albertina, Santa Clara d'Oeste, Santa Fé do Sul, Santa Rita d'Oeste, Santa Salete, Santana da Ponte Pensa, São Francisco, Três Fronteiras, Urânia, Vitória Brasil", "unidades": null, "total_varas_municipio": 0, "varas_municipio": null, "varas_foro": "1ª Vara Judicial, 2ª Vara Judicial, 3ª Vara Judicial, Vara do Juizado Especial Cível" }, "geometry": { "type": "Point", "coordinates": [ -50.81270660232758, -20.097146508349635 ] } },
{ "type": "Feature", "properties": { "id_municipio_ibge": 3547502, "nome_municipio": "Santa Rita do Passa Quatro", "populacao_municipio": 24833, "id_foro": 3547502, "nome_foro": "Santa Rita do Passa Quatro", "total_varas_foro": 2, "entrancia": "Entrância Inicial", "endereco_sede": "Rua Victor Annibal Rosin , 251 - Jd. América, 13670-970", "latitude": -21.682507023403389, "longitude": -47.507923437226225, "id_cj": 11, "nome_cj": "11ª Pirassununga", "id_raj": 4, "nome_raj": "4ª Campinas", "populacao_foro": 24833, "qt_cidades_foro": 1, "cidades_no_foro": "Santa Rita do Passa Quatro", "qt_cidades_cj": 5, "cidades_na_cj": "Leme, Pirassununga, Porto Ferreira, Santa Cruz da Conceição, Santa Rita do Passa Quatro", "unidades": "Fórum Prof. Antonio Calixto Leal", "total_varas_municipio": 2, "varas_municipio": "Juizado Especial Cível e Criminal, Vara Judicial", "varas_foro": "Juizado Especial Cível e Criminal, Vara Judicial" }, "geometry": { "type": "Point", "coordinates": [ -47.507923437226225, -21.682507023403389 ] } },
{ "type": "Feature", "properties": { "id_municipio_ibge": 3547601, "nome_municipio": "Santa Rosa de Viterbo", "populacao_municipio": 23411, "id_foro": 3547601, "nome_foro": "Santa Rosa de Viterbo", "total_varas_foro": 2, "entrancia": "Entrância Inicial", "endereco_sede": "Rua Francisco Carvalho de Andrade , 121 - Centro, 14270-000", "latitude": -21.50376542407157, "longitude": -47.366203320786596, "id_cj": 41, "nome_cj": "41ª Ribeirão Preto", "id_raj": 6, "nome_raj": "6ª Ribeirão Preto", "populacao_foro": 23411, "qt_cidades_foro": 1, "cidades_no_foro": "Santa Rosa de Viterbo", "qt_cidades_cj": 16, "cidades_na_cj": "Barrinha, Cajuru, Cravinhos, Cássia dos Coqueiros, Dumont, Guatapará, Jardinópolis, Luís Antônio, Pontal, Ribeirão Preto, Santa Cruz da Esperança, Santa Rosa de Viterbo, Serra Azul, Serrana, Sertãozinho, São Simão", "unidades": "Fórum Santa Rosa de Viterbo", "total_varas_municipio": 2, "varas_municipio": "Juizado Especial Cível e Criminal, Vara Judicial", "varas_foro": "Juizado Especial Cível e Criminal, Vara Judicial" }, "geometry": { "type": "Point", "coordinates": [ -47.366203320786596, -21.50376542407157 ] } },
{ "type": "Feature", "properties": { "id_municipio_ibge": 3547650, "nome_municipio": "Santa Salete", "populacao_municipio": 1645, "id_foro": 3555802, "nome_foro": "Urânia", "total_varas_foro": 2, "entrancia": "Entrância Inicial", "endereco_sede": "Avenida Barão do Rio Branco , 818 - Centro, 15760-000", "latitude": -20.20893696772616, "longitude": -50.652530592659005, "id_cj": 55, "nome_cj": "55ª Jales", "id_raj": 2, "nome_raj": "2ª Araçatuba", "populacao_foro": 12320, "qt_cidades_foro": 3, "cidades_no_foro": "Aspásia, Santa Salete, Urânia", "qt_cidades_cj": 23, "cidades_na_cj": "Aparecida d'Oeste, Aspásia, Auriflama, Dirce Reis, Guzolândia, Jales, Marinópolis, Mesópolis, Nova Canaã Paulista, Palmeira d'Oeste, Paranapuã, Pontalinda, Rubinéia, Santa Albertina, Santa Clara d'Oeste, Santa Fé do Sul, Santa Rita d'Oeste, Santa Salete, Santana da Ponte Pensa, São Francisco, Três Fronteiras, Urânia, Vitória Brasil", "unidades": null, "total_varas_municipio": 0, "varas_municipio": null, "varas_foro": "Juizado Especial Cível, Vara Judicial" }, "geometry": { "type": "Point", "coordinates": [ -50.720160029393483, -20.258690676219544 ] } },
{ "type": "Feature", "properties": { "id_municipio_ibge": 3547700, "nome_municipio": "Santo Anastácio", "populacao_municipio": 17963, "id_foro": 3547700, "nome_foro": "Santo Anastácio", "total_varas_foro": 3, "entrancia": "Entrância Inicial", "endereco_sede": "Praça Ataliba Leonel , 251 - Centro, 19360-000", "latitude": -22.037649932408112, "longitude": -51.722519241522036, "id_cj": 28, "nome_cj": "28ª Presidente Venceslau", "id_raj": 5, "nome_raj": "5ª Presidente Prudente", "populacao_foro": 23252, "qt_cidades_foro": 3, "cidades_no_foro": "Piquerobi, Ribeirão dos Índios, Santo Anastácio", "qt_cidades_cj": 11, "cidades_na_cj": "Caiuá, Euclides da Cunha Paulista, Marabá Paulista, Mirante do Paranapanema, Piquerobi, Presidente Epitácio, Presidente Venceslau, Ribeirão dos Índios, Rosana, Santo Anastácio, Teodoro Sampaio", "unidades": "Fórum I Santo Anastácio, Fórum II Santo Anastácio (Residência Oficial) (Desativado)", "total_varas_municipio": 3, "varas_municipio": "Juizado Especial Cível, Oficio Judicial (Unica Vara), Vara Judicial", "varas_foro": "Juizado Especial Cível, Oficio Judicial (Unica Vara), Vara Judicial" }, "geometry": { "type": "Point", "coordinates": [ -51.722519241522036, -22.037649932408112 ] } },
{ "type": "Feature", "properties": { "id_municipio_ibge": 3547809, "nome_municipio": "Santo André", "populacao_municipio": 748919, "id_foro": 3547809, "nome_foro": "Santo André", "total_varas_foro": 23, "entrancia": "Entrância Final", "endereco_sede": "Praça IV Centenário , 03 - Centro, 09040-906", "latitude": -23.72795030787147, "longitude": -46.441579581384403, "id_cj": 3, "nome_cj": "3ª Santo André", "id_raj": 1, "nome_raj": "1ª Grande São Paulo", "populacao_foro": 748919, "qt_cidades_foro": 1, "cidades_no_foro": "Santo André", "qt_cidades_cj": 5, "cidades_na_cj": "Mauá, Ribeirão Pires, Rio Grande da Serra, Santo André, São Caetano do Sul", "unidades": "Fórum Santo André I, Fórum Santo André II - (CEJUSC)", "total_varas_municipio": 23, "varas_municipio": "1ª Vara Criminal, 1ª Vara Cível, 1ª Vara da Família e das Sucessões, 1ª Vara da Fazenda Pública, 2ª Vara Criminal, 2ª Vara Cível, 2ª Vara da Família e das Sucessões, 2ª Vara da Fazenda Pública, 3ª Vara Criminal, 3ª Vara Cível, 3ª Vara da Família e das Sucessões, 4ª Vara Criminal, 4ª Vara Cível, 4ª Vara da Família e das Sucessões, 5ª Vara Cível, 6ª Vara Cível, 7ª Vara Cível, 8ª Vara Cível, 9ª Vara Cível, Juizado Especial Cível, Vara da Infância e da Juventude, Vara do Juízado Especial Cível, Vara do Júri e Execuções Criminais", "varas_foro": "1ª Vara Criminal, 1ª Vara Cível, 1ª Vara da Família e das Sucessões, 1ª Vara da Fazenda Pública, 2ª Vara Criminal, 2ª Vara Cível, 2ª Vara da Família e das Sucessões, 2ª Vara da Fazenda Pública, 3ª Vara Criminal, 3ª Vara Cível, 3ª Vara da Família e das Sucessões, 4ª Vara Criminal, 4ª Vara Cível, 4ª Vara da Família e das Sucessões, 5ª Vara Cível, 6ª Vara Cível, 7ª Vara Cível, 8ª Vara Cível, 9ª Vara Cível, Juizado Especial Cível, Vara da Infância e da Juventude, Vara do Juízado Especial Cível, Vara do Júri e Execuções Criminais" }, "geometry": { "type": "Point", "coordinates": [ -46.441579581384403, -23.72795030787147 ] } },
{ "type": "Feature", "properties": { "id_municipio_ibge": 3547908, "nome_municipio": "Santo Antônio da Alegria", "populacao_municipio": 6775, "id_foro": 3501004, "nome_foro": "Altinópolis", "total_varas_foro": 2, "entrancia": "Entrância Inicial", "endereco_sede": "Avenida Doutor Alberto Crivelenti , 555 - Centro, 14350-005", "latitude": -21.018030684452601, "longitude": -47.386230467667289, "id_cj": 39, "nome_cj": "39ª Batatais", "id_raj": 6, "nome_raj": "6ª Ribeirão Preto", "populacao_foro": 23593, "qt_cidades_foro": 2, "cidades_no_foro": "Altinópolis, Santo Antônio da Alegria", "qt_cidades_cj": 8, "cidades_na_cj": "Altinópolis, Batatais, Brodowski, Morro Agudo, Nuporanga, Orlândia, Sales Oliveira, Santo Antônio da Alegria", "unidades": null, "total_varas_municipio": 0, "varas_municipio": null, "varas_foro": "Juizado Especial Cível / Criminal e Fazenda Pública, Vara Judicial" }, "geometry": { "type": "Point", "coordinates": [ -47.195834425001046, -21.092334760160639 ] } },
{ "type": "Feature", "properties": { "id_municipio_ibge": 3548005, "nome_municipio": "Santo Antônio de Posse", "populacao_municipio": 23244, "id_foro": 3524709, "nome_foro": "Jaguariúna", "total_varas_foro": 3, "entrancia": "Entrância Intermediária", "endereco_sede": "Rua Santo Antônio de Posse , 259 - Jd. Dom Bosco (Loteamento Prefeitura), 13911-016", "latitude": -22.691981725193241, "longitude": -47.012774338423519, "id_cj": 54, "nome_cj": "54ª Amparo", "id_raj": 4, "nome_raj": "4ª Campinas", "populacao_foro": 82591, "qt_cidades_foro": 2, "cidades_no_foro": "Jaguariúna, Santo Antônio de Posse", "qt_cidades_cj": 9, "cidades_na_cj": "Amparo, Jaguariúna, Lindóia, Monte Alegre do Sul, Pedreira, Santo Antônio de Posse, Serra Negra, Socorro, Águas de Lindóia", "unidades": null, "total_varas_municipio": 0, "varas_municipio": null, "varas_foro": "1ª Vara Judicial, 2ª Vara Judicial, Juizado Especial Cível e Criminal" }, "geometry": { "type": "Point", "coordinates": [ -46.949897895046277, -22.603296534025034 ] } },
{ "type": "Feature", "properties": { "id_municipio_ibge": 3548054, "nome_municipio": "Santo Antônio do Aracanguá", "populacao_municipio": 8379, "id_foro": 3502804, "nome_foro": "Araçatuba", "total_varas_foro": 12, "entrancia": "Entrância Final", "endereco_sede": "Rua Cândido Portinari , 975 - Jardim Nova Iorque, 16018-305", "latitude": -21.113865960040386, "longitude": -50.574492456687608, "id_cj": 36, "nome_cj": "36ª Araçatuba", "id_raj": 2, "nome_raj": "2ª Araçatuba", "populacao_foro": 208503, "qt_cidades_foro": 2, "cidades_no_foro": "Araçatuba, Santo Antônio do Aracanguá", "qt_cidades_cj": 26, "cidades_na_cj": "Alto Alegre, Araçatuba, Avanhandava, Barbosa, Bento de Abreu, Bilac, Birigui, Braúna, Brejo Alegre, Buritama, Clementina, Coroados, Gabriel Monteiro, Glicério, Guararapes, Lourdes, Luiziânia, Penápolis, Piacatu, Planalto, Rubiácea, Santo Antônio do Aracanguá, Santópolis do Aguapeí, Turiúba, Valparaíso, Zacarias", "unidades": null, "total_varas_municipio": 0, "varas_municipio": null, "varas_foro": "1ª Vara Criminal, 1ª Vara Cível, 1ª Vara da Família e das Sucessões, 2ª Vara Criminal, 2ª Vara Cível, 3ª Vara Criminal, 3ª Vara Cível, 4ª Vara Cível, 5ª Vara Cível, Juizado Especial Cível, Vara da Comarca de Araçatuba, Vara da Fazenda Pública" }, "geometry": { "type": "Point", "coordinates": [ -50.554327880150183, -20.873020455285481 ] } },
{ "type": "Feature", "properties": { "id_municipio_ibge": 3548104, "nome_municipio": "Santo Antônio do Jardim", "populacao_municipio": 6126, "id_foro": 3515186, "nome_foro": "Espírito Santo do Pinhal", "total_varas_foro": 3, "entrancia": "Entrância Inicial", "endereco_sede": "Avenida 9 de Julho , 90 - Centro, 13990-000", "latitude": -22.192499064827103, "longitude": -46.793323434656003, "id_cj": 50, "nome_cj": "50ª São João da Boa Vista", "id_raj": 4, "nome_raj": "4ª Campinas", "populacao_foro": 45942, "qt_cidades_foro": 2, "cidades_no_foro": "Espírito Santo do Pinhal, Santo Antônio do Jardim", "qt_cidades_cj": 6, "cidades_na_cj": "Aguaí, Espírito Santo do Pinhal, Santo Antônio do Jardim, São João da Boa Vista, Vargem Grande do Sul, Águas da Prata", "unidades": null, "total_varas_municipio": 0, "varas_municipio": null, "varas_foro": "1ª Vara Judicial, 2ª Vara Judicial, Juizado Especial Cível" }, "geometry": { "type": "Point", "coordinates": [ -46.683489028748788, -22.130327064813745 ] } },
{ "type": "Feature", "properties": { "id_municipio_ibge": 3548203, "nome_municipio": "Santo Antônio do Pinhal", "populacao_municipio": 7133, "id_foro": 3548609, "nome_foro": "São Bento do Sapucaí", "total_varas_foro": 3, "entrancia": "Entrância Inicial", "endereco_sede": "Rua Capitão Procópio Marcondes Azeredo , 43 - Centro, 12490-000", "latitude": -22.681413820510176, "longitude": -45.686791860519598, "id_cj": 47, "nome_cj": "47ª Taubaté", "id_raj": 9, "nome_raj": "9ª São José dos Campos", "populacao_foro": 18807, "qt_cidades_foro": 2, "cidades_no_foro": "Santo Antônio do Pinhal, São Bento do Sapucaí", "qt_cidades_cj": 11, "cidades_na_cj": "Campos do Jordão, Caçapava, Jambeiro, Lagoinha, Pindamonhangaba, Redenção da Serra, Santo Antônio do Pinhal, São Bento do Sapucaí, São Luiz do Paraitinga, Taubaté, Tremembé", "unidades": null, "total_varas_municipio": 0, "varas_municipio": null, "varas_foro": "Juizado Especial Cível e Criminal, Juizado Informal de Conciliação, Vara Judicial" }, "geometry": { "type": "Point", "coordinates": [ -45.698060283318576, -22.831794899264516 ] } },
{ "type": "Feature", "properties": { "id_municipio_ibge": 3548302, "nome_municipio": "Santo Expedito", "populacao_municipio": 3000, "id_foro": 3541406, "nome_foro": "Presidente Prudente", "total_varas_foro": 17, "entrancia": "Entrância Final", "endereco_sede": "Avenida Coronel José Soares Marcondes , 2201 - Vila Comercial, 19013-050", "latitude": -21.993182240829181, "longitude": -51.343136618705643, "id_cj": 27, "nome_cj": "27ª Presidente Prudente", "id_raj": 5, "nome_raj": "5ª Presidente Prudente", "populacao_foro": 264391, "qt_cidades_foro": 5, "cidades_no_foro": "Alfredo Marcondes, Anhumas, Presidente Prudente, Santo Expedito, Álvares Machado", "qt_cidades_cj": 20, "cidades_na_cj": "Alfredo Marcondes, Anhumas, Caiabu, Emilianópolis, Estrela do Norte, Iepê, Indiana, Martinópolis, Nantes, Narandiba, Pirapozinho, Presidente Bernardes, Presidente Prudente, Rancharia, Regente Feijó, Sandovalina, Santo Expedito, Taciba, Tarabai, Álvares Machado", "unidades": null, "total_varas_municipio": 0, "varas_municipio": null, "varas_foro": "1ª Vara Criminal, 1ª Vara Cível, 1ª Vara da Família e das Sucessões, 1ª Vara das Execuções Criminais, 2ª Vara Criminal, 2ª Vara Cível, 2ª Vara da Família e das Sucessões, 2ª Vara das Execuçõs Criminais, 3ª Vara Criminal, 3ª Vara Cível, 4ª Vara Cível, 5ª Vara Cível, Juizado Especial Cível, Ofício do Juizado Especial Cível, Vara da Fazenda Pública, Vara do Juizado Especial Cível, Vara do Júri e da Infância e da Juventude" }, "geometry": { "type": "Point", "coordinates": [ -51.370184797222883, -21.82486041329409 ] } },
{ "type": "Feature", "properties": { "id_municipio_ibge": 3548401, "nome_municipio": "Santópolis do Aguapeí", "populacao_municipio": 3899, "id_foro": 3506508, "nome_foro": "Birigui", "total_varas_foro": 8, "entrancia": "Entrância Intermediária", "endereco_sede": "Rua Faustino Segura , 214 - Parque São Vicente, 16200-370", "latitude": -21.261609517109836, "longitude": -50.350988803810999, "id_cj": 36, "nome_cj": "36ª Araçatuba", "id_raj": 2, "nome_raj": "2ª Araçatuba", "populacao_foro": 137825, "qt_cidades_foro": 5, "cidades_no_foro": "Birigui, Brejo Alegre, Clementina, Coroados, Santópolis do Aguapeí", "qt_cidades_cj": 26, "cidades_na_cj": "Alto Alegre, Araçatuba, Avanhandava, Barbosa, Bento de Abreu, Bilac, Birigui, Braúna, Brejo Alegre, Buritama, Clementina, Coroados, Gabriel Monteiro, Glicério, Guararapes, Lourdes, Luiziânia, Penápolis, Piacatu, Planalto, Rubiácea, Santo Antônio do Aracanguá, Santópolis do Aguapeí, Turiúba, Valparaíso, Zacarias", "unidades": null, "total_varas_municipio": 0, "varas_municipio": null, "varas_foro": "1ª Vara Criminal, 1ª Vara Cível, 2ª Vara Criminal, 2ª Vara Cível, 3ª Vara Cível, Criminal e da Fazenda Pública, Juizado Especial Cível, Ofício do Juizado Especial Cível e Criminal" }, "geometry": { "type": "Point", "coordinates": [ -50.517984019165866, -21.660186600546762 ] } },
{ "type": "Feature", "properties": { "id_municipio_ibge": 3548500, "nome_municipio": "Santos", "populacao_municipio": 418608, "id_foro": 3548500, "nome_foro": "Santos", "total_varas_foro": 33, "entrancia": "Entrância Final", "endereco_sede": "Praça Patriarca José Bonifácio , s/nº - Centro, 11013-190", "latitude": -23.86889817250297, "longitude": -46.291518789361234, "id_cj": 1, "nome_cj": "1ª Santos", "id_raj": 7, "nome_raj": "7ª Santos", "populacao_foro": 418608, "qt_cidades_foro": 1, "cidades_no_foro": "Santos", "qt_cidades_cj": 6, "cidades_na_cj": "Bertioga, Cubatão, Guarujá, Praia Grande, Santos, São Vicente", "unidades": "Fórum Santos I, Fórum Santos II (Cível), Fórum Santos III (Anexo), Fórum Santos IV - (CEJUSC), Fórum Santos V - (Deecrim), Fórum Santos VI - (Anexo do Juizado - UNISANTOS), Fórum Santos VII - (Anexo do Juizado - UNISANTA)", "total_varas_municipio": 33, "varas_municipio": "1ª Vara Criminal, 1ª Vara Cível, 1ª Vara da Família e das Sucessões, 1ª Vara da Fazenda Pública, 1ª Vara do Juizado Especial Cível, 2ª Vara Criminal, 2ª Vara Cível, 2ª Vara da Família e das Sucessões, 2ª Vara da Fazenda Pública, 2ª Vara do Juizado Especial Cível, 3ª Vara Criminal, 3ª Vara Cível, 3ª Vara da Fazenda Pública, 3ª Vara do Juizado Especial Cível, 4ª Vara Criminal, 4ª Vara Cível, 5ª Vara Criminal, 5ª Vara Cível, 6ª Vara Criminal, 6ª Vara Cível, 7ª Vara Cível, 8ª Vara Cível, 9ª Vara Cível, 10ª Vara Cível, 11ª Vara Cível, 12ª Vara Cível, Ofício de Acidentes do Trabalho e Juizado Especial da Fazenda Pública da Comarca de Santos, Ofício do Juizado Especial Criminal, Ofício do Juizado Especial Cível, Vara da Infância e da Juventude e do Idoso, Vara de Acidentes do Trabalho e do Juizado Especial da Fazenda Pública da Comarca de Santos, Vara do Juizado Especial Criminal, Vara do Júri e Execuções Criminais", "varas_foro": "1ª Vara Criminal, 1ª Vara Cível, 1ª Vara da Família e das Sucessões, 1ª Vara da Fazenda Pública, 1ª Vara do Juizado Especial Cível, 2ª Vara Criminal, 2ª Vara Cível, 2ª Vara da Família e das Sucessões, 2ª Vara da Fazenda Pública, 2ª Vara do Juizado Especial Cível, 3ª Vara Criminal, 3ª Vara Cível, 3ª Vara da Fazenda Pública, 3ª Vara do Juizado Especial Cível, 4ª Vara Criminal, 4ª Vara Cível, 5ª Vara Criminal, 5ª Vara Cível, 6ª Vara Criminal, 6ª Vara Cível, 7ª Vara Cível, 8ª Vara Cível, 9ª Vara Cível, 10ª Vara Cível, 11ª Vara Cível, 12ª Vara Cível, Ofício de Acidentes do Trabalho e Juizado Especial da Fazenda Pública da Comarca de Santos, Ofício do Juizado Especial Criminal, Ofício do Juizado Especial Cível, Vara da Infância e da Juventude e do Idoso, Vara de Acidentes do Trabalho e do Juizado Especial da Fazenda Pública da Comarca de Santos, Vara do Juizado Especial Criminal, Vara do Júri e Execuções Criminais" }, "geometry": { "type": "Point", "coordinates": [ -46.291518789361234, -23.86889817250297 ] } },
{ "type": "Feature", "properties": { "id_municipio_ibge": 3548609, "nome_municipio": "São Bento do Sapucaí", "populacao_municipio": 11674, "id_foro": 3548609, "nome_foro": "São Bento do Sapucaí", "total_varas_foro": 3, "entrancia": "Entrância Inicial", "endereco_sede": "Rua Capitão Procópio Marcondes Azeredo , 43 - Centro, 12490-000", "latitude": -22.681413820510176, "longitude": -45.686791860519598, "id_cj": 47, "nome_cj": "47ª Taubaté", "id_raj": 9, "nome_raj": "9ª São José dos Campos", "populacao_foro": 18807, "qt_cidades_foro": 2, "cidades_no_foro": "Santo Antônio do Pinhal, São Bento do Sapucaí", "qt_cidades_cj": 11, "cidades_na_cj": "Campos do Jordão, Caçapava, Jambeiro, Lagoinha, Pindamonhangaba, Redenção da Serra, Santo Antônio do Pinhal, São Bento do Sapucaí, São Luiz do Paraitinga, Taubaté, Tremembé", "unidades": "Fórum Juiz Francisco Chiaradia Netto - São Bento do Sapucaí", "total_varas_municipio": 3, "varas_municipio": "Juizado Especial Cível e Criminal, Juizado Informal de Conciliação, Vara Judicial", "varas_foro": "Juizado Especial Cível e Criminal, Juizado Informal de Conciliação, Vara Judicial" }, "geometry": { "type": "Point", "coordinates": [ -45.686791860519598, -22.681413820510176 ] } },
{ "type": "Feature", "properties": { "id_municipio_ibge": 3548708, "nome_municipio": "São Bernardo do Campo", "populacao_municipio": 810729, "id_foro": 3548708, "nome_foro": "São Bernardo do Campo", "total_varas_foro": 21, "entrancia": "Entrância Final", "endereco_sede": "Rua 23 de Maio , 107 - Vila Tereza, 09606-000", "latitude": -23.812966499924777, "longitude": -46.550794169412889, "id_cj": 2, "nome_cj": "2ª São Bernardo do Campo", "id_raj": 1, "nome_raj": "1ª Grande São Paulo", "populacao_foro": 810729, "qt_cidades_foro": 1, "cidades_no_foro": "São Bernardo do Campo", "qt_cidades_cj": 2, "cidades_na_cj": "Diadema, São Bernardo do Campo", "unidades": "Fórum Ministro Nelson Hungria I, Fórum São Bernardo do Campo II (Anexo do JEC - FDSBC)", "total_varas_municipio": 21, "varas_municipio": "1ª Vara Criminal, 1ª Vara Cível, 1ª Vara da Família e das Sucessões, 1ª Vara da Fazenda Pública, 2ª Vara Criminal, 2ª Vara Cível, 2ª Vara da Família e das Sucessões, 3ª Vara Criminal, 3ª Vara Cível, 3ª Vara da Família e das Sucessões, 4ª Vara Criminal, 4ª Vara Cível, 5ª Vara Criminal, 5ª Vara Cível, 6ª Vara Cível, 7ª Vara Cível, 8ª Vara Cível, 9ª Vara Cível, Juizado Especial Cível, Vara da Infância e da Juventude, Vara do Júri e Execuções Criminais", "varas_foro": "1ª Vara Criminal, 1ª Vara Cível, 1ª Vara da Família e das Sucessões, 1ª Vara da Fazenda Pública, 2ª Vara Criminal, 2ª Vara Cível, 2ª Vara da Família e das Sucessões, 3ª Vara Criminal, 3ª Vara Cível, 3ª Vara da Família e das Sucessões, 4ª Vara Criminal, 4ª Vara Cível, 5ª Vara Criminal, 5ª Vara Cível, 6ª Vara Cível, 7ª Vara Cível, 8ª Vara Cível, 9ª Vara Cível, Juizado Especial Cível, Vara da Infância e da Juventude, Vara do Júri e Execuções Criminais" }, "geometry": { "type": "Point", "coordinates": [ -46.550794169412889, -23.812966499924777 ] } },
{ "type": "Feature", "properties": { "id_municipio_ibge": 3548807, "nome_municipio": "São Caetano do Sul", "populacao_municipio": 165655, "id_foro": 3548807, "nome_foro": "São Caetano do Sul", "total_varas_foro": 10, "entrancia": "Entrância Final", "endereco_sede": "Praça Doutor Joviano Pacheco de Aguirre , s/nº - Jardim São Caetano, 09581-540", "latitude": -23.626137485660252, "longitude": -46.566046489799426, "id_cj": 3, "nome_cj": "3ª Santo André", "id_raj": 1, "nome_raj": "1ª Grande São Paulo", "populacao_foro": 165655, "qt_cidades_foro": 1, "cidades_no_foro": "São Caetano do Sul", "qt_cidades_cj": 5, "cidades_na_cj": "Mauá, Ribeirão Pires, Rio Grande da Serra, Santo André, São Caetano do Sul", "unidades": "Fórum São Caetano do Sul I, Fórum São Caetano do Sul II - (CEJUSC)", "total_varas_municipio": 10, "varas_municipio": "1ª Vara Criminal e de Crimes contra Crianças e Adolescentes, 1ª Vara Cível, 2ª Vara Criminal e de Crimes contra a Vida, 2ª Vara Cível, 3ª Vara Cível, 4ª Vara Cível, 5ª Vara Cível, 6ª Vara Cível, Ofício do Juizado Especial Cível, Vara do Juizado Especial Cível", "varas_foro": "1ª Vara Criminal e de Crimes contra Crianças e Adolescentes, 1ª Vara Cível, 2ª Vara Criminal e de Crimes contra a Vida, 2ª Vara Cível, 3ª Vara Cível, 4ª Vara Cível, 5ª Vara Cível, 6ª Vara Cível, Ofício do Juizado Especial Cível, Vara do Juizado Especial Cível" }, "geometry": { "type": "Point", "coordinates": [ -46.566046489799426, -23.626137485660252 ] } },
{ "type": "Feature", "properties": { "id_municipio_ibge": 3548906, "nome_municipio": "São Carlos", "populacao_municipio": 254857, "id_foro": 3548906, "nome_foro": "São Carlos", "total_varas_foro": 12, "entrancia": "Entrância Final", "endereco_sede": "Rua Conde do Pinhal , 2061 - Centro, 13560-648", "latitude": -21.918880504809721, "longitude": -47.86716700640671, "id_cj": 12, "nome_cj": "12ª São Carlos", "id_raj": 6, "nome_raj": "6ª Ribeirão Preto", "populacao_foro": 254857, "qt_cidades_foro": 1, "cidades_no_foro": "São Carlos", "qt_cidades_cj": 7, "cidades_na_cj": "Boa Esperança do Sul, Descalvado, Dourado, Ibaté, Ribeirão Bonito, São Carlos, Trabiju", "unidades": "Fórum São Carlos (desativado), Fórum São Carlos I - (Criminal), Fórum São Carlos II - (Civel), Fórum São Carlos III - (CEJUSC)", "total_varas_municipio": 12, "varas_municipio": "1ª Vara Criminal, 1ª Vara Cível, 2ª Vara Criminal, 2ª Vara Cível, 3ª Vara Criminal, 3ª Vara Cível, 4ª Vara Cível, 5ª Vara Cível, Juizado Especial Cível, Ofício/Vara da Fazenda Pública, Vara da Fazenda Pública, Vara do Juizado Especial Cível", "varas_foro": "1ª Vara Criminal, 1ª Vara Cível, 2ª Vara Criminal, 2ª Vara Cível, 3ª Vara Criminal, 3ª Vara Cível, 4ª Vara Cível, 5ª Vara Cível, Juizado Especial Cível, Ofício/Vara da Fazenda Pública, Vara da Fazenda Pública, Vara do Juizado Especial Cível" }, "geometry": { "type": "Point", "coordinates": [ -47.86716700640671, -21.918880504809721 ] } },
{ "type": "Feature", "properties": { "id_municipio_ibge": 3549003, "nome_municipio": "São Francisco", "populacao_municipio": 2602, "id_foro": 3535200, "nome_foro": "Palmeira d'Oeste", "total_varas_foro": 3, "entrancia": "Entrância Inicial", "endereco_sede": "Rua XV de Novembro , 48-71 - centro, 15720-000", "latitude": -20.438958786474778, "longitude": -50.74877216380056, "id_cj": 55, "nome_cj": "55ª Jales", "id_raj": 2, "nome_raj": "2ª Araçatuba", "populacao_foro": 17451, "qt_cidades_foro": 4, "cidades_no_foro": "Aparecida d'Oeste, Marinópolis, Palmeira d'Oeste, São Francisco", "qt_cidades_cj": 23, "cidades_na_cj": "Aparecida d'Oeste, Aspásia, Auriflama, Dirce Reis, Guzolândia, Jales, Marinópolis, Mesópolis, Nova Canaã Paulista, Palmeira d'Oeste, Paranapuã, Pontalinda, Rubinéia, Santa Albertina, Santa Clara d'Oeste, Santa Fé do Sul, Santa Rita d'Oeste, Santa Salete, Santana da Ponte Pensa, São Francisco, Três Fronteiras, Urânia, Vitória Brasil", "unidades": null, "total_varas_municipio": 0, "varas_municipio": null, "varas_foro": "Juizado Especial Cível, Juizado Informal de Conciliação, Vara Judicial" }, "geometry": { "type": "Point", "coordinates": [ -50.67588855107519, -20.365778767826733 ] } },
{ "type": "Feature", "properties": { "id_municipio_ibge": 3549102, "nome_municipio": "São João da Boa Vista", "populacao_municipio": 92547, "id_foro": 3549102, "nome_foro": "São João da Boa Vista", "total_varas_foro": 6, "entrancia": "Entrância Final", "endereco_sede": "Rua RIACHUELO , 571 - Centro, 13870234", "latitude": -21.977992653385609, "longitude": -46.802194870565863, "id_cj": 50, "nome_cj": "50ª São João da Boa Vista", "id_raj": 4, "nome_raj": "4ª Campinas", "populacao_foro": 99916, "qt_cidades_foro": 2, "cidades_no_foro": "São João da Boa Vista, Águas da Prata", "qt_cidades_cj": 6, "cidades_na_cj": "Aguaí, Espírito Santo do Pinhal, Santo Antônio do Jardim, São João da Boa Vista, Vargem Grande do Sul, Águas da Prata", "unidades": "Cartório Anexo do Juizado Especial Cível - UNIFEOB., Fórum I Dr. Plínio Barreto", "total_varas_municipio": 6, "varas_municipio": "1ª Vara Cível, 2ª Vara Cível, 3ª Vara Cível, Ofício do Juizado Especial Cível e Criminal, Vara Criminal, Vara do Juizado Especial Cível e Criminal", "varas_foro": "1ª Vara Cível, 2ª Vara Cível, 3ª Vara Cível, Ofício do Juizado Especial Cível e Criminal, Vara Criminal, Vara do Juizado Especial Cível e Criminal" }, "geometry": { "type": "Point", "coordinates": [ -46.802194870565863, -21.977992653385609 ] } },
{ "type": "Feature", "properties": { "id_municipio_ibge": 3549201, "nome_municipio": "São João das Duas Pontes", "populacao_municipio": 2580, "id_foro": 3515202, "nome_foro": "Estrela dOeste", "total_varas_foro": 2, "entrancia": "Entrância Inicial", "endereco_sede": "Rua Minas Gerais , s/n - centro, 15650-000", "latitude": -20.265760715088682, "longitude": -50.411468747306685, "id_cj": 18, "nome_cj": "18ª Fernandópolis", "id_raj": 8, "nome_raj": "8ª São José do Rio Preto", "populacao_foro": 20000, "qt_cidades_foro": 5, "cidades_no_foro": "Dolcinópolis, Estrela dOeste, Populina, São João das Duas Pontes, Turmalina", "qt_cidades_cj": 15, "cidades_na_cj": "Dolcinópolis, Estrela dOeste, Fernandópolis, General Salgado, Guarani d'Oeste, Indiaporã, Macedônia, Meridiano, Nova Castilho, Ouroeste, Pedranópolis, Populina, São João das Duas Pontes, São João de Iracema, Turmalina", "unidades": null, "total_varas_municipio": 0, "varas_municipio": null, "varas_foro": "Juizado Especial Cível, Vara Judicial" }, "geometry": { "type": "Point", "coordinates": [ -50.383449132091137, -20.408398579643471 ] } },
{ "type": "Feature", "properties": { "id_municipio_ibge": 3549250, "nome_municipio": "São João de Iracema", "populacao_municipio": 1846, "id_foro": 3516903, "nome_foro": "General Salgado", "total_varas_foro": 2, "entrancia": "Entrância Inicial", "endereco_sede": "Rua Azílio Antonio do Prado , 991 - centro, 15300-000", "latitude": -20.638274026252329, "longitude": -50.415780544539686, "id_cj": 18, "nome_cj": "18ª Fernandópolis", "id_raj": 8, "nome_raj": "8ª São José do Rio Preto", "populacao_foro": 13220, "qt_cidades_foro": 3, "cidades_no_foro": "General Salgado, Nova Castilho, São João de Iracema", "qt_cidades_cj": 15, "cidades_na_cj": "Dolcinópolis, Estrela dOeste, Fernandópolis, General Salgado, Guarani d'Oeste, Indiaporã, Macedônia, Meridiano, Nova Castilho, Ouroeste, Pedranópolis, Populina, São João das Duas Pontes, São João de Iracema, Turmalina", "unidades": null, "total_varas_municipio": 0, "varas_municipio": null, "varas_foro": "Juizado Especial Cível, Vara Judicial" }, "geometry": { "type": "Point", "coordinates": [ -50.356276356354385, -20.520799124556405 ] } },
{ "type": "Feature", "properties": { "id_municipio_ibge": 3549300, "nome_municipio": "São João do Pau d'Alho", "populacao_municipio": 2242, "id_foro": 3555109, "nome_foro": "Tupi Paulista", "total_varas_foro": 3, "entrancia": "Entrância Inicial", "endereco_sede": "Rua Tiradentes , 877 - centro, 17930-000", "latitude": -21.390389526994984, "longitude": -51.587202068255898, "id_cj": 29, "nome_cj": "29ª Dracena", "id_raj": 5, "nome_raj": "5ª Presidente Prudente", "populacao_foro": 24474, "qt_cidades_foro": 4, "cidades_no_foro": "Monte Castelo, Nova Guataporanga, São João do Pau d'Alho, Tupi Paulista", "qt_cidades_cj": 13, "cidades_na_cj": "Dracena, Flora Rica, Irapuru, Junqueirópolis, Monte Castelo, Nova Guataporanga, Ouro Verde, Pacaembu, Panorama, Paulicéia, Santa Mercedes, São João do Pau d'Alho, Tupi Paulista", "unidades": null, "total_varas_municipio": 0, "varas_municipio": null, "varas_foro": "1ª Vara Judicial, 2ª Vara Judicial, Juizado Especial Cível" }, "geometry": { "type": "Point", "coordinates": [ -51.673040740923547, -21.223462436433636 ] } },
{ "type": "Feature", "properties": { "id_municipio_ibge": 3549409, "nome_municipio": "São Joaquim da Barra", "populacao_municipio": 48558, "id_foro": 3549409, "nome_foro": "São Joaquim da Barra", "total_varas_foro": 3, "entrancia": "Entrância Inicial", "endereco_sede": "Travessa Cleiton Zanini , 300 - Jardim Canadá, 14600-000", "latitude": -20.55051834021338, "longitude": -47.938550140544351, "id_cj": 40, "nome_cj": "40ª Ituverava", "id_raj": 6, "nome_raj": "6ª Ribeirão Preto", "populacao_foro": 48558, "qt_cidades_foro": 1, "cidades_no_foro": "São Joaquim da Barra", "qt_cidades_cj": 8, "cidades_na_cj": "Aramina, Buritizal, Guará, Igarapava, Ipuã, Ituverava, Miguelópolis, São Joaquim da Barra", "unidades": "Fórum São Joaquim da Barra I, Fórum São Joaquim da Barra II [desativado], Fórum São Joaquim da Barra III - (Setor Técnico) [desativado], Juizado Especial Cível e Criminal  de São Joaquim da Barra [desativado]", "total_varas_municipio": 3, "varas_municipio": "1ª Vara Judicial, 2ª Vara Judicial, Juizado Especial Cível", "varas_foro": "1ª Vara Judicial, 2ª Vara Judicial, Juizado Especial Cível" }, "geometry": { "type": "Point", "coordinates": [ -47.938550140544351, -20.55051834021338 ] } },
{ "type": "Feature", "properties": { "id_municipio_ibge": 3549508, "nome_municipio": "São José da Bela Vista", "populacao_municipio": 7626, "id_foro": 3516200, "nome_foro": "Franca", "total_varas_foro": 0, "entrancia": "Entrância Final", "endereco_sede": "Av. Presidente Vargas , 2.650 - Jardim Dr. Antonio Petraglia, 14402-000", "latitude": -20.555235123799015, "longitude": -47.381119878587675, "id_cj": 38, "nome_cj": "38ª Franca", "id_raj": 6, "nome_raj": "6ª Ribeirão Preto", "populacao_foro": 380446, "qt_cidades_foro": 5, "cidades_no_foro": "Cristais Paulista, Franca, Restinga, Ribeirão Corrente, São José da Bela Vista", "qt_cidades_cj": 10, "cidades_na_cj": "Cristais Paulista, Franca, Itirapuã, Jeriquara, Patrocínio Paulista, Pedregulho, Restinga, Ribeirão Corrente, Rifaina, São José da Bela Vista", "unidades": null, "total_varas_municipio": 0, "varas_municipio": null, "varas_foro": null }, "geometry": { "type": "Point", "coordinates": [ -47.627169379678953, -20.587533321970525 ] } },
{ "type": "Feature", "properties": { "id_municipio_ibge": 3549607, "nome_municipio": "São José do Barreiro", "populacao_municipio": 3853, "id_foro": 3504909, "nome_foro": "Bananal", "total_varas_foro": 2, "entrancia": "Entrância Inicial", "endereco_sede": "Praça Rubião Jr. 305 , 305 - Centro, 12850-000", "latitude": -22.733833474129572, "longitude": -44.334507607857255, "id_cj": 48, "nome_cj": "48ª Guaratinguetá", "id_raj": 9, "nome_raj": "9ª São José dos Campos", "populacao_foro": 16152, "qt_cidades_foro": 3, "cidades_no_foro": "Arapeí, Bananal, São José do Barreiro", "qt_cidades_cj": 17, "cidades_na_cj": "Aparecida, Arapeí, Areias, Bananal, Cachoeira Paulista, Canas, Cruzeiro, Cunha, Guaratinguetá, Lavrinhas, Lorena, Piquete, Potim, Queluz, Roseira, Silveiras, São José do Barreiro", "unidades": null, "total_varas_municipio": 0, "varas_municipio": null, "varas_foro": "Juizado Especial Cível, Vara Judicial" }, "geometry": { "type": "Point", "coordinates": [ -44.587260195887296, -22.748914782606246 ] } },
{ "type": "Feature", "properties": { "id_municipio_ibge": 3549706, "nome_municipio": "São José do Rio Pardo", "populacao_municipio": 52205, "id_foro": 3549706, "nome_foro": "São José do Rio Pardo", "total_varas_foro": 3, "entrancia": "Entrância Inicial", "endereco_sede": "Praça dos Três Poderes , 03 - Centro, 13720-000", "latitude": -21.603697704038993, "longitude": -46.87952384655167, "id_cj": 43, "nome_cj": "43ª Casa Branca", "id_raj": 6, "nome_raj": "6ª Ribeirão Preto", "populacao_foro": 52205, "qt_cidades_foro": 1, "cidades_no_foro": "São José do Rio Pardo", "qt_cidades_cj": 10, "cidades_na_cj": "Caconde, Casa Branca, Divinolândia, Itobi, Mococa, Santa Cruz das Palmeiras, São José do Rio Pardo, São Sebastião da Grama, Tambaú, Tapiratiba", "unidades": "Fórum Jovino de Syllos - São José do Rio Pardo -", "total_varas_municipio": 3, "varas_municipio": "1ª Vara Judicial, 2ª Vara Judicial, Juizado Especial Cível", "varas_foro": "1ª Vara Judicial, 2ª Vara Judicial, Juizado Especial Cível" }, "geometry": { "type": "Point", "coordinates": [ -46.87952384655167, -21.603697704038993 ] } },
{ "type": "Feature", "properties": { "id_municipio_ibge": 3549805, "nome_municipio": "São José do Rio Preto", "populacao_municipio": 480393, "id_foro": 3549805, "nome_foro": "São José do Rio Preto", "total_varas_foro": 7, "entrancia": "Entrância Final", "endereco_sede": "Rua Marechal Deodoro da Fonseca , 3036 - Centro, 15010-902", "latitude": -20.797230087349501, "longitude": -49.358102151621488, "id_cj": 16, "nome_cj": "16ª São José do Rio Preto", "id_raj": 8, "nome_raj": "8ª São José do Rio Preto", "populacao_foro": 559137, "qt_cidades_foro": 6, "cidades_no_foro": "Bady Bassitt, Cedral, Guapiaçu, Ipiguá, São José do Rio Preto, Uchoa", "qt_cidades_cj": 33, "cidades_na_cj": "Adolfo, Américo de Campos, Bady Bassitt, Bálsamo, Cedral, Cosmorama, Guapiaçu, Icém, Ipiguá, Jaci, José Bonifácio, Macaubal, Mendonça, Mirassol, Mirassolândia, Monte Aprazível, Neves Paulista, Nipoã, Nova Aliança, Nova Granada, Onda Verde, Orindiúva, Palestina, Paulo de Faria, Poloni, Potirendaba, Riolândia, Sebastianópolis do Sul, São José do Rio Preto, Tanabi, Ubarana, Uchoa, União Paulista", "unidades": "Fórum São José do Rio Preto  [desativado], Fórum São José do Rio Preto I - (Central), Fórum São José do Rio Preto II - (Cível, Fazenda e DARAJ 8), Fórum São José do Rio Preto III - (Família, JEC e Infância), Fórum São José do Rio Preto IV - (Clínica Psicossocial), Fórum São José do Rio Preto [destivado]", "total_varas_municipio": 7, "varas_municipio": "1ª Vara Criminal, 2ª Vara Criminal, 3ª Vara Criminal, 4ª Vara Criminal, 5ª Vara Criminal, Vara de Execuções Criminais, Vara do DEECRIM", "varas_foro": "1ª Vara Criminal, 2ª Vara Criminal, 3ª Vara Criminal, 4ª Vara Criminal, 5ª Vara Criminal, Vara de Execuções Criminais, Vara do DEECRIM" }, "geometry": { "type": "Point", "coordinates": [ -49.358102151621488, -20.797230087349501 ] } },
{ "type": "Feature", "properties": { "id_municipio_ibge": 3549904, "nome_municipio": "São José dos Campos", "populacao_municipio": 697054, "id_foro": 3549904, "nome_foro": "São José dos Campos", "total_varas_foro": 25, "entrancia": "Entrância Final", "endereco_sede": "Avenida Salmão , 678 - Parque Residencial Aquarius, 12246-260", "latitude": -23.090562858107624, "longitude": -45.928532924313409, "id_cj": 46, "nome_cj": "46ª São José dos Campos", "id_raj": 9, "nome_raj": "9ª São José dos Campos", "populacao_foro": 701192, "qt_cidades_foro": 2, "cidades_no_foro": "Monteiro Lobato, São José dos Campos", "qt_cidades_cj": 7, "cidades_na_cj": "Jacareí, Monteiro Lobato, Natividade da Serra, Paraibuna, Salesópolis, Santa Branca, São José dos Campos", "unidades": "Fórum São José dos Campos, Fórum São José dos Campos I (Principal), Fórum São José dos Campos II - (CEJUSC e Execuções Fiscais), Fórum São José dos Campos III (Psicossocial) (Inativado), Fórum São José dos Campos IV (Anexo Unip), Fórum São José dos Campos IV (Univap), Prédio Principal", "total_varas_municipio": 25, "varas_municipio": "1ª Vara Criminal, 1ª Vara Cível, 1ª Vara da Família e das Sucessões, 1ª Vara da Fazenda Pública, 1ª Vara do Juizado Especial Cível, 2ª Vara Criminal, 2ª Vara Cível, 2ª Vara da Família e das Sucessões, 2ª Vara da Fazenda Pública, 2ª Vara do Juizado Especial Cível, 3ª Vara Criminal, 3ª Vara Cível, 3ª Vara da Família e das Sucessões, 4ª Vara Criminal, 4ª Vara Cível, 5ª Vara Criminal, 5ª Vara Cível, 6ª Vara Cível, 7ª Vara Cível, 8ª Vara Cível, Ofício do Juizado Especial Cível, Vara da Infância e da Juventude, Vara de Violência Doméstica e Familiar contra a Mulher, Vara do Juizado Especial Criminal, Vara do Júri e Execuções Criminais", "varas_foro": "1ª Vara Criminal, 1ª Vara Cível, 1ª Vara da Família e das Sucessões, 1ª Vara da Fazenda Pública, 1ª Vara do Juizado Especial Cível, 2ª Vara Criminal, 2ª Vara Cível, 2ª Vara da Família e das Sucessões, 2ª Vara da Fazenda Pública, 2ª Vara do Juizado Especial Cível, 3ª Vara Criminal, 3ª Vara Cível, 3ª Vara da Família e das Sucessões, 4ª Vara Criminal, 4ª Vara Cível, 5ª Vara Criminal, 5ª Vara Cível, 6ª Vara Cível, 7ª Vara Cível, 8ª Vara Cível, Ofício do Juizado Especial Cível, Vara da Infância e da Juventude, Vara de Violência Doméstica e Familiar contra a Mulher, Vara do Juizado Especial Criminal, Vara do Júri e Execuções Criminais" }, "geometry": { "type": "Point", "coordinates": [ -45.928532924313409, -23.090562858107624 ] } },
{ "type": "Feature", "properties": { "id_municipio_ibge": 3549953, "nome_municipio": "São Lourenço da Serra", "populacao_municipio": 16067, "id_foro": 3522208, "nome_foro": "Itapecerica da Serra", "total_varas_foro": 5, "entrancia": "Entrância Final", "endereco_sede": "Rua Major Matheus Rotger Domingues , 155 - Centro, 06850-850", "latitude": -23.737198937333201, "longitude": -46.858805196593451, "id_cj": 52, "nome_cj": "52ª Itapecerica da Serra", "id_raj": 1, "nome_raj": "1ª Grande São Paulo", "populacao_foro": 201993, "qt_cidades_foro": 3, "cidades_no_foro": "Itapecerica da Serra, Juquitiba, São Lourenço da Serra", "qt_cidades_cj": 9, "cidades_na_cj": "Cotia, Embu das Artes, Embu-Guaçu, Itapecerica da Serra, Itapevi, Juquitiba, São Lourenço da Serra, Taboão da Serra, Vargem Grande Paulista", "unidades": null, "total_varas_municipio": 0, "varas_municipio": null, "varas_foro": "1ª Vara Judicial, 2ª Vara Judicial, 3ª Vara Judicial, 4ª Vara, Juizado Especial Cível" }, "geometry": { "type": "Point", "coordinates": [ -46.936353867938756, -23.852400215181021 ] } },
{ "type": "Feature", "properties": { "id_municipio_ibge": 3550001, "nome_municipio": "São Luiz do Paraitinga", "populacao_municipio": 10337, "id_foro": 3550001, "nome_foro": "São Luiz do Paraitinga", "total_varas_foro": 2, "entrancia": "Entrância Inicial", "endereco_sede": "Via de Acesso Vereador José Adolfo Pinto de Souza , s/n - Várzea dos Passarinhos, 12140-000", "latitude": -23.240103730878989, "longitude": -45.253825305919165, "id_cj": 47, "nome_cj": "47ª Taubaté", "id_raj": 9, "nome_raj": "9ª São José dos Campos", "populacao_foro": 15420, "qt_cidades_foro": 2, "cidades_no_foro": "Lagoinha, São Luiz do Paraitinga", "qt_cidades_cj": 11, "cidades_na_cj": "Campos do Jordão, Caçapava, Jambeiro, Lagoinha, Pindamonhangaba, Redenção da Serra, Santo Antônio do Pinhal, São Bento do Sapucaí, São Luiz do Paraitinga, Taubaté, Tremembé", "unidades": "Promotor Francisco Esmeraldo de Melo", "total_varas_municipio": 2, "varas_municipio": "Juizado Especial Cível e Criminal, Vara Judicial", "varas_foro": "Juizado Especial Cível e Criminal, Vara Judicial" }, "geometry": { "type": "Point", "coordinates": [ -45.253825305919165, -23.240103730878989 ] } },
{ "type": "Feature", "properties": { "id_municipio_ibge": 3550100, "nome_municipio": "São Manuel", "populacao_municipio": 37289, "id_foro": 3550100, "nome_foro": "São Manuel", "total_varas_foro": 1, "entrancia": "Entrância Inicial", "endereco_sede": "Rua Ettore Targa , s/nº - Centro, 18652330", "latitude": -22.682250849603978, "longitude": -48.540435249927746, "id_cj": 23, "nome_cj": "23ª Botucatu", "id_raj": 3, "nome_raj": "3ª Bauru", "populacao_foro": 52545, "qt_cidades_foro": 3, "cidades_no_foro": "Areiópolis, Pratânia, São Manuel", "qt_cidades_cj": 9, "cidades_na_cj": "Anhembi, Areiópolis, Botucatu, Conchas, Itatinga, Pardinho, Pereiras, Pratânia, São Manuel", "unidades": "Fórum Desembargador \"Julio César de Faria\", Fórum São Manuel II, Fórum São Manuel II (Arquivo), Fórum São Manuel III (CEJUSC), Fórum São Manuel IV (Anexo do JEC - UAAJ - AREIÓPOLIS)", "total_varas_municipio": 1, "varas_municipio": "1º Vara Judicial", "varas_foro": "1º Vara Judicial" }, "geometry": { "type": "Point", "coordinates": [ -48.540435249927746, -22.682250849603978 ] } },
{ "type": "Feature", "properties": { "id_municipio_ibge": 3550209, "nome_municipio": "São Miguel Arcanjo", "populacao_municipio": 32039, "id_foro": 3550209, "nome_foro": "São Miguel Arcanjo", "total_varas_foro": 2, "entrancia": "Entrância Inicial", "endereco_sede": "Rua Bento França , 332 - Centro, 18230-000", "latitude": -23.91394812442293, "longitude": -47.993350127749451, "id_cj": 22, "nome_cj": "22ª Itapetininga", "id_raj": 10, "nome_raj": "10ª Sorocaba", "populacao_foro": 32039, "qt_cidades_foro": 1, "cidades_no_foro": "São Miguel Arcanjo", "qt_cidades_cj": 17, "cidades_na_cj": "Alambari, Angatuba, Bofete, Campina do Monte Alegre, Capela do Alto, Capão Bonito, Cesário Lange, Guapiara, Guareí, Itapetininga, Porangaba, Quadra, Ribeirão Grande, Sarapuí, São Miguel Arcanjo, Tatuí, Torre de Pedra", "unidades": "Fórum \"Desembargador Luiz Gonzaga de Campos Gouvêa\", Fórum II - São Miguel Arcanjo (JEC/JECrim)", "total_varas_municipio": 2, "varas_municipio": "Juizado Especial Cível e Criminal, Vara Judicial", "varas_foro": "Juizado Especial Cível e Criminal, Vara Judicial" }, "geometry": { "type": "Point", "coordinates": [ -47.993350127749451, -23.91394812442293 ] } },
{ "type": "Feature", "properties": { "id_municipio_ibge": 3550308, "nome_municipio": "São Paulo", "populacao_municipio": 11451999, "id_foro": 3550308, "nome_foro": "São Paulo", "total_varas_foro": 180, "entrancia": "Não Informado", "endereco_sede": "Rua da Consolação , 1483 - Consolação, 01301-100", "latitude": -23.650049140286697, "longitude": -46.648086000083495, "id_cj": 0, "nome_cj": "São Paulo", "id_raj": 1, "nome_raj": "1ª Grande São Paulo", "populacao_foro": 11451999, "qt_cidades_foro": 1, "cidades_no_foro": "São Paulo", "qt_cidades_cj": 1, "cidades_na_cj": "São Paulo", "unidades": "Anexo do Juizado Especial Cível da Lapa (UNIP), Bela Cintra - SGP 4 E SGP 5, Centro Administrativo - Consolação, Centro de Integração da Cidadania - CIC Feitiço da Vila, Centro de Integração da Cidadania - CIC Leste, Centro de Integração da Cidadania - CIC Norte, Centro de Integração da Cidadania - CIC Oeste, Centro de Integração da Cidadania - CIC SUL, Complexo Administrativo Patriarca, Complexo Judiciário Ipiranga (Desativado), Complexo Judicário Ipiranga, Direito Privado - Conselheiro Furtado 503, Foro Regional II - Santo Amaro - Casa do Advogado, Foro Regional II - Santo Amaro - Prédio Adolfo Pinheiro, Foro Regional II - Santo Amaro - Prédio Nações Unidas, Foro Regional III - Jabaquara/Saúde, Foro Regional VII Itaquera (Guaianases), Foro Regional XV - Butantã, Fórum Brás (Varas Especiais da Infância e Juventude), Fórum Criminal Complexo Judiciário Ministro Mário Guimarães - Barra Funda, Fórum Hely Lopes Meirelles - (Fazenda Pública), Fórum Ipiranga, Fórum João Mendes Júnior, Fórum Reg. IX - Vila Prudente - Foro \"Desembargador Gentil do Carmo Pinto\", Fórum Regional IV Lapa  - JEC, Fórum Regional IV Lapa I, Fórum Regional IV Lapa II, Fórum Regional VI - Penha de França - (Danylo José Fernandes), Fórum Regional VII - Itaquera, Fórum Regional XI - Pinheiros, Fórum Regional XII - Nossa Senhora do Ó, Fórum Santana, Fórum São Miguel Paulista, Fórum Tatuapé, Fórum das Execuções Fiscais - Prédio I, Fórum das Execuções Fiscais - Prédio II, Fórum do Juizado Especial Cível Central, Fórum do Juizado Especial Cível Central - II, Garagem Alcântara Machado [Desativado], Garagem Con de de Sarzedas, Lavarrápido - Moóca (Conservação de Viaturas), Museu do Tribunal de Justiça - GADE 9 de Julho, Prédio Administrativo - (Gráfica e Oficinas  Gerais), Prédio Administrativo Brigadeiro Luis Antônio, Prédio Administrativo Conde do Pinhal, Prédio Administrativo Psicossocial - Tabatinguera, Prédio Administrativo da Glória (SAAB 2.5.9), Prédio Alexandre Dumas [Desativado], Prédio Pedro Lessa, Prédio da Tabatinguera 164, Prédio do CEJUSC CENTRAL (Barra Funda), SAAB 2.5.3.2  Serv. de Adm. Prédio Melo Peixoto, SAAB 2.5.7 - SERVIÇO DE ADMINISTRAÇÃO, Tribunal de Justiça (prov1), Tribunal de Justiça - GADE 23 de Maio, Tribunal de Justiça - GADE 9 de Julho, Tribunal de Justiça - GADE I (Conselheiro Furtado.669), Tribunal de Justiça - GADE I (Conselheiro Furtado.705), Tribunal de Justiça - GADE II (Conselheiro Furtado.688), Tribunal de Justiça - MMDC, Tribunal de Justiça - Palácio da Justiça, Tribunal de Justiça - Pátio do Colégio, Tribunal de Justiça - [desativado], X-Anexo do Juizado Especial Cível da Lapa (UMC) - Desativado, X-Fórum Regional IV Lapa IV - CEJUSC [desativado], Z - Fórum TJSP [desativado], Z-Prédio_Inativo com setores inativos - STI", "total_varas_municipio": 180, "varas_municipio": "1ª Vara Criminal, 1ª Vara Criminal - Juiz Titular, 1ª Vara Criminal do Foro Regional do Tatuapé, 1ª Vara Criminal e do Juizado de Violência Dom. e Familiar Contra a Mulher, 1ª Vara Criminal e Juizado de Violência Doméstica e Fam. Contra a Mulher, 01ª Vara Cível, 1ª Vara Cível, 1ª Vara Cível - Juiz Auxiliar, 1ª Vara Cível - Juiz Titular, 1ª Vara Cível - Titular I, 1ª Vara Cível - Titular II, 1ª Vara Cível – Juiz(a) Titular I, 01ª Vara da Família e das Sucessões, 1ª VARA DA FAMÍLIA E DAS SUCESSÕES, 1ª Vara da Família e das Sucessões, 1ª Vara da Família e das Sucessões - Juiz Auxiliar, 1ª Vara da Família e das Sucessões - Juiz Titular, 1ª Vara da Família e das Sucessões - Titular I, 1ª Vara da Família e das Sucessões - Titular II, 1ª Vara da Família e das Sucessões – Juiz(a) Titular I, 1ª Vara da Fazenda Pública, 01ª Vara da Infância e da Juventude, 01ª Vara de Falências e Recuperações Judiciais, 01ª Vara de Registros Públicos, 1ª Vara do Juizado Especial Cível, 1ª Vara Especial da Infância e da Juventude, 1º Ofício Criminal e Juizado de Violência Doméstica e Fam. Contra Mulher, 1º Ofício do Juizado Especial Cível, 1º Vara Cível, 1º Vara da Família e das Sucessões, 2ª Vara Criminal, 2ª Vara Criminal - Juiz Titular, 2ª Vara Cível, 2ª Vara Cível - Juiz Auxiliar, 2ª Vara Cível - Juiz Titular, 2ª Vara Cível - Titular I, 2ª Vara Cível - Titular II, 2ª Vara Cível – Juiz(a) Titular I, 2ª Vara da Família e das Sucessões, 2ª Vara da Família e das Sucessões - Juiz Auxiliar, 2ª Vara da Família e das Sucessões - Juiz Titular, 2ª Vara da Família e das Sucessões – Juiz(a) Titular I, 2ª Vara da Fazenda Pública, 2ª Vara de Falências e Recuperações Judiciais, 2ª Vara de Registros Públicos, 2ª Vara do Juizado Especial Cível, 2ª Vara do Tribunal do Júri, 2ª Vara Especial da Infância e da Juventude, 2ª Vara Juizado Especial Cível, 2° Vara da Familia e das Sucessões - Titular I, 2° Vara da Familia e das Sucessões - Titular II, 2º Ofício do Juizado Especial Cível, 3ª Vara Cível, 3ª Vara Cível - Juiz Auxiliar, 3ª Vara Cível - Juiz Titular, 3ª Vara Cível - Titular I, 3ª Vara Cível - Titular II, 3ª Vara Cível – Juiz(a) Titular II, 3ª Vara da Família e das Sucessões, 3ª Vara da Família e das Sucessões - Juiz Auxiliar, 3ª Vara da Família e das Sucessões - Juiz Titular, 3ª Vara da Família e das Sucessões - Titular I, 3ª Vara da Família e das Sucessões - Titular II, 3ª Vara da Fazenda Pública, 4ª Vara Cível, 4ª Vara Cível - Juiz Auxiliar, 4ª Vara Cível - Juiz Titular, 4ª Vara Cível - Titular I, 4ª Vara Cível - Titular II, 4ª Vara Cível – Juiz (a) Titular I, 4ª Vara da Família e das Sucessões, 4ª Vara da Fazenda Pública, 4ª Vara Especial da Infância e da Juventude, 5ª Vara Cível, 5ª Vara Cível - Titular I, 5ª Vara Cível - Titular II, 5ª Vara Cível – Juiz(a) Titular I, 5ª Vara da Família e das Sucessões, 5ª Vara da Fazenda Pública, 5º Vara da Família e Sucessões, 6ª Vara Cível, 6ª Vara da Família e das Sucessões, 6ª Vara da Fazenda Pública, 7ª Vara Cível, 7ª Vara da Família e das Sucessões, 7ª Vara da Fazenda Publica, 8ª Vara Cível, 8ª Vara da Família e das Sucessões, 8ª Vara da Fazenda Pública, 9ª Vara Cível, 9ª Vara da Família e das Sucessões, 9ª Vara da Fazenda Pública, 10ª Vara Cível, 10ª Vara da Família e das Sucessões, 10ª Vara da Fazenda Pública, 11ª Vara Cível, 11ª Vara da Família e das Sucessões, 11ª Vara da Fazenda Pública, 12ª Vara Cível, 12ª Vara da Família e das Sucessões, 12ª Vara da Fazenda Pública, 13ª Vara Cível, 13ª Vara da Fazenda Pública, 14ª Vara Cível, 14ª Vara da Fazenda Pública, 15ª Vara Cível, 16ª Vara Cível, 17ª Vara Cível, 18ª Vara Cível, 19ª Vara Cível, 20ª Vara Cível, 21ª Vara Cível, 22ª Vara Cível, 23ª Vara Cível, 24ª Vara Cível, 25ª Vara Cível, 26ª Vara Cível, 27ª Vara Cível, 28ª Vara Cível, 29ª Vara Cível, 30ª Vara Cível, 31ª Vara Cível, 32ª Vara Cível, 33ª Vara Cível, 34ª Vara Cível, 35ª Vara Cível, 36ª Vara Cível, 37ª Vara Cível, 38ª Vara Cível, 39ª Vara Cível, 40ª Vara Cível, 41ª Vara Cível, 42ª Vara Cível, 43ª Vara Cível, 44ª Vara Cível, 45ª Vara Cível, ANPP (feminino), DECRIM 1 – 1ª Vara das Execuções Criminais – MULTA (masculino e feminino), DECRIM 2 – 2ª Vara das Execuções Criminais – LIBERADAS: LC, DECRIM 3 – 3ª Vara das Execuções Criminais – LIVRAMENTO CONDICIONAL e SURSIS (masculino), DECRIM 5 – 5ª Vara das Execuções Criminais – MEDIDA DE SEGURANÇA (masculino), DECRIM 5 – 5ª Vara das Execuções Criminais – PENAS ALTERNATIVAS e ANPP (masculino), Juizado de Violência Domestica, Juizado de Violência Doméstica, Juizado Especial Cível, Multa, Ofício do Juizado Especial Civel, OFÍCIO DO JUIZADO ESPECIAL CÍVEL, Ofício do Juizado Especial Cível, Penas Alternativas, Promotoria da Vara da Infância e Juventude, RA, S.PSICOLOGIA DO JUIZADO DE VIOLÊNCIA DOMÉSTICA CONTRA MULHER, SADM - SEÇÃO ADMINISTRATIVA DE DISTRIBUIÇÃO DE MANDADOS DAS VARAS DO FJMJ, SADM Seção Adm. de Distr. de mandados das varas da fazenda pública, SERV. SOCIAL DO JUIZADO DE VIOLÊNCIA DOMÉSTICA CONTRA MULHER, SERVEC – Serviço de Apoio à Vara de Execuções Criminais, SETOR DE CONCILIAÇÃO DAS VARAS DE FAMÍLIA E SUCESSÕES - 1ª GRAU, Setor de Conciliação das Varas de Famílias e Sucessões, SEÇÃO DE APOIO ADMINISTRATIVO À TURMA DE UNIFORMIZAÇÃO DE JURISPRUDÊNCIA DO SISTEMA DE JUIZADOS ESPECIAIS, SEÇÃO TÉCNICA DE PSICOLOGIA  DAS VARAS DA FAMÍLIA E SUCESSÕES, Seção Técnica de Psicologia da Vara da Infância e da Juventude, SEÇÃO TÉCNICA DE SERVIÇO SOCIAL DA VARA CENTRAL DA INFÂNCIA E DA JUVENTUDE, Seção Técnica de Serviço Social da Vara da Infância e da Juventude, STSSVFS - SERVIÇO SOCIAL DAS VARAS DA FAMÍLIA  E SUCESSÕES, Vara Criminal, Vara da Infancia e Juventude, Vara da Infância e da Juventude, Vara da Infância e da Juventude - Juiz Titular, Vara da Região Leste 2 de Violência Doméstica e Familiar contra a Mulher, Vara de Violência Doméstica da Capital-Região Sul 1 - Vila Prudente, Vara do Juizado especial Civel - Titular I, Vara do Juizado especial Civel - Titular II, Vara do Juizado Especial Criminal – JECRIM, Vara do Juizado Especial Cível, Vara do Juizado Especial Cível - Juiz Auxiliar, Vara do Juizado Especial Cível - Juiz Titular, Vara do Juizado Especial Cível – Juiz(a) Titular  I, Vara Regional Sul II de Violência Doméstica e Familiar contra a Mulher, VVD - Vara do Foro Central de Violência Doméstica e Familiar Contra a Mulher", "varas_foro": "1ª Vara Criminal, 1ª Vara Criminal - Juiz Titular, 1ª Vara Criminal do Foro Regional do Tatuapé, 1ª Vara Criminal e do Juizado de Violência Dom. e Familiar Contra a Mulher, 1ª Vara Criminal e Juizado de Violência Doméstica e Fam. Contra a Mulher, 01ª Vara Cível, 1ª Vara Cível, 1ª Vara Cível - Juiz Auxiliar, 1ª Vara Cível - Juiz Titular, 1ª Vara Cível - Titular I, 1ª Vara Cível - Titular II, 1ª Vara Cível – Juiz(a) Titular I, 01ª Vara da Família e das Sucessões, 1ª VARA DA FAMÍLIA E DAS SUCESSÕES, 1ª Vara da Família e das Sucessões, 1ª Vara da Família e das Sucessões - Juiz Auxiliar, 1ª Vara da Família e das Sucessões - Juiz Titular, 1ª Vara da Família e das Sucessões - Titular I, 1ª Vara da Família e das Sucessões - Titular II, 1ª Vara da Família e das Sucessões – Juiz(a) Titular I, 1ª Vara da Fazenda Pública, 01ª Vara da Infância e da Juventude, 01ª Vara de Falências e Recuperações Judiciais, 01ª Vara de Registros Públicos, 1ª Vara do Juizado Especial Cível, 1ª Vara Especial da Infância e da Juventude, 1º Ofício Criminal e Juizado de Violência Doméstica e Fam. Contra Mulher, 1º Ofício do Juizado Especial Cível, 1º Vara Cível, 1º Vara da Família e das Sucessões, 2ª Vara Criminal, 2ª Vara Criminal - Juiz Titular, 2ª Vara Cível, 2ª Vara Cível - Juiz Auxiliar, 2ª Vara Cível - Juiz Titular, 2ª Vara Cível - Titular I, 2ª Vara Cível - Titular II, 2ª Vara Cível – Juiz(a) Titular I, 2ª Vara da Família e das Sucessões, 2ª Vara da Família e das Sucessões - Juiz Auxiliar, 2ª Vara da Família e das Sucessões - Juiz Titular, 2ª Vara da Família e das Sucessões – Juiz(a) Titular I, 2ª Vara da Fazenda Pública, 2ª Vara de Falências e Recuperações Judiciais, 2ª Vara de Registros Públicos, 2ª Vara do Juizado Especial Cível, 2ª Vara do Tribunal do Júri, 2ª Vara Especial da Infância e da Juventude, 2ª Vara Juizado Especial Cível, 2° Vara da Familia e das Sucessões - Titular I, 2° Vara da Familia e das Sucessões - Titular II, 2º Ofício do Juizado Especial Cível, 3ª Vara Cível, 3ª Vara Cível - Juiz Auxiliar, 3ª Vara Cível - Juiz Titular, 3ª Vara Cível - Titular I, 3ª Vara Cível - Titular II, 3ª Vara Cível – Juiz(a) Titular II, 3ª Vara da Família e das Sucessões, 3ª Vara da Família e das Sucessões - Juiz Auxiliar, 3ª Vara da Família e das Sucessões - Juiz Titular, 3ª Vara da Família e das Sucessões - Titular I, 3ª Vara da Família e das Sucessões - Titular II, 3ª Vara da Fazenda Pública, 4ª Vara Cível, 4ª Vara Cível - Juiz Auxiliar, 4ª Vara Cível - Juiz Titular, 4ª Vara Cível - Titular I, 4ª Vara Cível - Titular II, 4ª Vara Cível – Juiz (a) Titular I, 4ª Vara da Família e das Sucessões, 4ª Vara da Fazenda Pública, 4ª Vara Especial da Infância e da Juventude, 5ª Vara Cível, 5ª Vara Cível - Titular I, 5ª Vara Cível - Titular II, 5ª Vara Cível – Juiz(a) Titular I, 5ª Vara da Família e das Sucessões, 5ª Vara da Fazenda Pública, 5º Vara da Família e Sucessões, 6ª Vara Cível, 6ª Vara da Família e das Sucessões, 6ª Vara da Fazenda Pública, 7ª Vara Cível, 7ª Vara da Família e das Sucessões, 7ª Vara da Fazenda Publica, 8ª Vara Cível, 8ª Vara da Família e das Sucessões, 8ª Vara da Fazenda Pública, 9ª Vara Cível, 9ª Vara da Família e das Sucessões, 9ª Vara da Fazenda Pública, 10ª Vara Cível, 10ª Vara da Família e das Sucessões, 10ª Vara da Fazenda Pública, 11ª Vara Cível, 11ª Vara da Família e das Sucessões, 11ª Vara da Fazenda Pública, 12ª Vara Cível, 12ª Vara da Família e das Sucessões, 12ª Vara da Fazenda Pública, 13ª Vara Cível, 13ª Vara da Fazenda Pública, 14ª Vara Cível, 14ª Vara da Fazenda Pública, 15ª Vara Cível, 16ª Vara Cível, 17ª Vara Cível, 18ª Vara Cível, 19ª Vara Cível, 20ª Vara Cível, 21ª Vara Cível, 22ª Vara Cível, 23ª Vara Cível, 24ª Vara Cível, 25ª Vara Cível, 26ª Vara Cível, 27ª Vara Cível, 28ª Vara Cível, 29ª Vara Cível, 30ª Vara Cível, 31ª Vara Cível, 32ª Vara Cível, 33ª Vara Cível, 34ª Vara Cível, 35ª Vara Cível, 36ª Vara Cível, 37ª Vara Cível, 38ª Vara Cível, 39ª Vara Cível, 40ª Vara Cível, 41ª Vara Cível, 42ª Vara Cível, 43ª Vara Cível, 44ª Vara Cível, 45ª Vara Cível, ANPP (feminino), DECRIM 1 – 1ª Vara das Execuções Criminais – MULTA (masculino e feminino), DECRIM 2 – 2ª Vara das Execuções Criminais – LIBERADAS: LC, DECRIM 3 – 3ª Vara das Execuções Criminais – LIVRAMENTO CONDICIONAL e SURSIS (masculino), DECRIM 5 – 5ª Vara das Execuções Criminais – MEDIDA DE SEGURANÇA (masculino), DECRIM 5 – 5ª Vara das Execuções Criminais – PENAS ALTERNATIVAS e ANPP (masculino), Juizado de Violência Domestica, Juizado de Violência Doméstica, Juizado Especial Cível, Multa, Ofício do Juizado Especial Civel, OFÍCIO DO JUIZADO ESPECIAL CÍVEL, Ofício do Juizado Especial Cível, Penas Alternativas, Promotoria da Vara da Infância e Juventude, RA, S.PSICOLOGIA DO JUIZADO DE VIOLÊNCIA DOMÉSTICA CONTRA MULHER, SADM - SEÇÃO ADMINISTRATIVA DE DISTRIBUIÇÃO DE MANDADOS DAS VARAS DO FJMJ, SADM Seção Adm. de Distr. de mandados das varas da fazenda pública, SERV. SOCIAL DO JUIZADO DE VIOLÊNCIA DOMÉSTICA CONTRA MULHER, SERVEC – Serviço de Apoio à Vara de Execuções Criminais, SETOR DE CONCILIAÇÃO DAS VARAS DE FAMÍLIA E SUCESSÕES - 1ª GRAU, Setor de Conciliação das Varas de Famílias e Sucessões, SEÇÃO DE APOIO ADMINISTRATIVO À TURMA DE UNIFORMIZAÇÃO DE JURISPRUDÊNCIA DO SISTEMA DE JUIZADOS ESPECIAIS, SEÇÃO TÉCNICA DE PSICOLOGIA  DAS VARAS DA FAMÍLIA E SUCESSÕES, Seção Técnica de Psicologia da Vara da Infância e da Juventude, SEÇÃO TÉCNICA DE SERVIÇO SOCIAL DA VARA CENTRAL DA INFÂNCIA E DA JUVENTUDE, Seção Técnica de Serviço Social da Vara da Infância e da Juventude, STSSVFS - SERVIÇO SOCIAL DAS VARAS DA FAMÍLIA  E SUCESSÕES, Vara Criminal, Vara da Infancia e Juventude, Vara da Infância e da Juventude, Vara da Infância e da Juventude - Juiz Titular, Vara da Região Leste 2 de Violência Doméstica e Familiar contra a Mulher, Vara de Violência Doméstica da Capital-Região Sul 1 - Vila Prudente, Vara do Juizado especial Civel - Titular I, Vara do Juizado especial Civel - Titular II, Vara do Juizado Especial Criminal – JECRIM, Vara do Juizado Especial Cível, Vara do Juizado Especial Cível - Juiz Auxiliar, Vara do Juizado Especial Cível - Juiz Titular, Vara do Juizado Especial Cível – Juiz(a) Titular  I, Vara Regional Sul II de Violência Doméstica e Familiar contra a Mulher, VVD - Vara do Foro Central de Violência Doméstica e Familiar Contra a Mulher" }, "geometry": { "type": "Point", "coordinates": [ -46.648086000083495, -23.650049140286697 ] } },
{ "type": "Feature", "properties": { "id_municipio_ibge": 3550407, "nome_municipio": "São Pedro", "populacao_municipio": 38256, "id_foro": 3550407, "nome_foro": "São Pedro", "total_varas_foro": 3, "entrancia": "Entrância Inicial", "endereco_sede": "Praça Adolpho Bonifácio Bragaia , s/nº - Centro, 13520-028", "latitude": -22.558175497889824, "longitude": -47.924683049681562, "id_cj": 34, "nome_cj": "34ª Piracicaba", "id_raj": 4, "nome_raj": "4ª Campinas", "populacao_foro": 46279, "qt_cidades_foro": 3, "cidades_no_foro": "Santa Maria da Serra, São Pedro, Águas de São Pedro", "qt_cidades_cj": 16, "cidades_na_cj": "Capivari, Cerquilho, Charqueada, Elias Fausto, Jumirim, Laranjal Paulista, Mombuca, Monte Mor, Piracicaba, Rafard, Rio das Pedras, Saltinho, Santa Maria da Serra, São Pedro, Tietê, Águas de São Pedro", "unidades": "Fórum \"Francisco Mendes de Aguiar\"", "total_varas_municipio": 3, "varas_municipio": "1ª Vara Judicial, 2ª Vara Judicial, Juizado Especial Cível e Criminal", "varas_foro": "1ª Vara Judicial, 2ª Vara Judicial, Juizado Especial Cível e Criminal" }, "geometry": { "type": "Point", "coordinates": [ -47.924683049681562, -22.558175497889824 ] } },
{ "type": "Feature", "properties": { "id_municipio_ibge": 3550506, "nome_municipio": "São Pedro do Turvo", "populacao_municipio": 7217, "id_foro": 3546405, "nome_foro": "Santa Cruz do Rio Pardo", "total_varas_foro": 4, "entrancia": "Entrância Intermediária", "endereco_sede": "Av Doutor Cyro de Mello Camarinha , 606 - Centro, 18900-073", "latitude": -22.809306886675092, "longitude": -49.568948831761652, "id_cj": 25, "nome_cj": "25ª Ourinhos", "id_raj": 3, "nome_raj": "3ª Bauru", "populacao_foro": 57816, "qt_cidades_foro": 3, "cidades_no_foro": "Espírito Santo do Turvo, Santa Cruz do Rio Pardo, São Pedro do Turvo", "qt_cidades_cj": 16, "cidades_na_cj": "Bernardino de Campos, Canitar, Chavantes, Espírito Santo do Turvo, Ipaussu, Manduri, Ourinhos, Piraju, Ribeirão do Sul, Salto Grande, Santa Cruz do Rio Pardo, Sarutaiá, São Pedro do Turvo, Tejupá, Timburi, Óleo", "unidades": null, "total_varas_municipio": 0, "varas_municipio": null, "varas_foro": "1ª Vara Cível, 2ª Vara Cível, 3ª Vara Cível, Vara Criminal" }, "geometry": { "type": "Point", "coordinates": [ -49.772313662357469, -22.678943201393619 ] } },
{ "type": "Feature", "properties": { "id_municipio_ibge": 3550605, "nome_municipio": "São Roque", "populacao_municipio": 79484, "id_foro": 3550605, "nome_foro": "São Roque", "total_varas_foro": 5, "entrancia": "Entrância Intermediária", "endereco_sede": "Avenida John Fitzgerald Kennedy , 355 - Centro, 18130-510", "latitude": -23.548976555477193, "longitude": -47.109536932203262, "id_cj": 19, "nome_cj": "19ª Sorocaba", "id_raj": 10, "nome_raj": "10ª Sorocaba", "populacao_foro": 101006, "qt_cidades_foro": 2, "cidades_no_foro": "Araçariguama, São Roque", "qt_cidades_cj": 12, "cidades_na_cj": "Alumínio, Araçariguama, Araçoiaba da Serra, Ibiúna, Mairinque, Piedade, Pilar do Sul, Salto de Pirapora, Sorocaba, São Roque, Tapiraí, Votorantim", "unidades": "Fórum São Roque I, Fórum São Roque II (Anexo Fiscal), Fórum São Roque III (Residência Oficial)", "total_varas_municipio": 5, "varas_municipio": "1ª Vara Cível, 2ª Vara Cível, Juizado Especial Cível e Criminal, Vara Criminal, Vara do Juizado Especial Cível e Criminal", "varas_foro": "1ª Vara Cível, 2ª Vara Cível, Juizado Especial Cível e Criminal, Vara Criminal, Vara do Juizado Especial Cível e Criminal" }, "geometry": { "type": "Point", "coordinates": [ -47.109536932203262, -23.548976555477193 ] } },
{ "type": "Feature", "properties": { "id_municipio_ibge": 3550704, "nome_municipio": "São Sebastião", "populacao_municipio": 81595, "id_foro": 3550704, "nome_foro": "São Sebastião", "total_varas_foro": 4, "entrancia": "Entrância Intermediária", "endereco_sede": "Rua Armando Sales de Oliveira , 720 - Vila Amélia, 00000000", "latitude": -23.754240287880098, "longitude": -45.60676565373813, "id_cj": 51, "nome_cj": "51ª Caraguatatuba", "id_raj": 9, "nome_raj": "9ª São José dos Campos", "populacao_foro": 81595, "qt_cidades_foro": 1, "cidades_no_foro": "São Sebastião", "qt_cidades_cj": 4, "cidades_na_cj": "Caraguatatuba, Ilhabela, São Sebastião, Ubatuba", "unidades": "CENTRO JUDICIÁRIO DE SOLUÇÃO DE CONFLITOS E CIDADANIA DE SÃO SEBASTIÃO, Ed. Promotor Carlos Siqueira Neto", "total_varas_municipio": 4, "varas_municipio": "1ª Vara Cível, 2ª Vara Cível, Juizado Especial Cível e Criminal, Vara Criminal", "varas_foro": "1ª Vara Cível, 2ª Vara Cível, Juizado Especial Cível e Criminal, Vara Criminal" }, "geometry": { "type": "Point", "coordinates": [ -45.60676565373813, -23.754240287880098 ] } },
{ "type": "Feature", "properties": { "id_municipio_ibge": 3550803, "nome_municipio": "São Sebastião da Grama", "populacao_municipio": 10441, "id_foro": 3550803, "nome_foro": "São Sebastião da Grama", "total_varas_foro": 1, "entrancia": "Entrância Inicial", "endereco_sede": "Praça São Sebastião , 126 - Centro, 13790-000", "latitude": -21.754044721160493, "longitude": -46.752975537070462, "id_cj": 43, "nome_cj": "43ª Casa Branca", "id_raj": 6, "nome_raj": "6ª Ribeirão Preto", "populacao_foro": 21599, "qt_cidades_foro": 2, "cidades_no_foro": "Divinolândia, São Sebastião da Grama", "qt_cidades_cj": 10, "cidades_na_cj": "Caconde, Casa Branca, Divinolândia, Itobi, Mococa, Santa Cruz das Palmeiras, São José do Rio Pardo, São Sebastião da Grama, Tambaú, Tapiratiba", "unidades": "Fórum da Comarca de São Sebastião da Grama, Fórum da Comarca de São Sebastião da Grama (JEC)", "total_varas_municipio": 1, "varas_municipio": "Vara Judicial", "varas_foro": "Vara Judicial" }, "geometry": { "type": "Point", "coordinates": [ -46.752975537070462, -21.754044721160493 ] } },
{ "type": "Feature", "properties": { "id_municipio_ibge": 3550902, "nome_municipio": "São Simão", "populacao_municipio": 13442, "id_foro": 3550902, "nome_foro": "São Simão", "total_varas_foro": 3, "entrancia": "Entrância Inicial", "endereco_sede": "Rua Marechal Deodoro da Fonseca , 553 - Centro, 14200-000", "latitude": -21.461533358169156, "longitude": -47.568275214788827, "id_cj": 41, "nome_cj": "41ª Ribeirão Preto", "id_raj": 6, "nome_raj": "6ª Ribeirão Preto", "populacao_foro": 25707, "qt_cidades_foro": 2, "cidades_no_foro": "Luís Antônio, São Simão", "qt_cidades_cj": 16, "cidades_na_cj": "Barrinha, Cajuru, Cravinhos, Cássia dos Coqueiros, Dumont, Guatapará, Jardinópolis, Luís Antônio, Pontal, Ribeirão Preto, Santa Cruz da Esperança, Santa Rosa de Viterbo, Serra Azul, Serrana, Sertãozinho, São Simão", "unidades": "Fórum II São Simão (Residência Oficial), Fórum de São Simão", "total_varas_municipio": 3, "varas_municipio": "Juizado Especial Cível e Criminal, Vara Judicial - Cartório Criminal/Infância, Vara Judicial - Cartório Cível/Distribuidor/Ex. Fiscal", "varas_foro": "Juizado Especial Cível e Criminal, Vara Judicial - Cartório Criminal/Infância, Vara Judicial - Cartório Cível/Distribuidor/Ex. Fiscal" }, "geometry": { "type": "Point", "coordinates": [ -47.568275214788827, -21.461533358169156 ] } },
{ "type": "Feature", "properties": { "id_municipio_ibge": 3551009, "nome_municipio": "São Vicente", "populacao_municipio": 329911, "id_foro": 3551009, "nome_foro": "São Vicente", "total_varas_foro": 13, "entrancia": "Entrância Final", "endereco_sede": "Avenida Antônio Emerich , 1416 - Vila São Jorge, 11370-000", "latitude": -23.959230748201488, "longitude": -46.488282720972457, "id_cj": 1, "nome_cj": "1ª Santos", "id_raj": 7, "nome_raj": "7ª Santos", "populacao_foro": 329911, "qt_cidades_foro": 1, "cidades_no_foro": "São Vicente", "qt_cidades_cj": 6, "cidades_na_cj": "Bertioga, Cubatão, Guarujá, Praia Grande, Santos, São Vicente", "unidades": "1ª e 2ª VARAS DA FAMÍLIA e CENTRO JUDICIÁRIO DE SOLUÇÃO DE CONFLITOS E CIDADANIA, Fórum DR. ANTONIO FELICIANO, Fórum São Vicente II - ( Fazenda Pública), Fórum São Vicente III - (Juizado Especial), Fórum São Vicente IV - (ADM e Finanças) - [desativado], Fórum São Vicente VI - (Almoxarifado e Arquivo), Fórum São Vicente VI - (Residência Oficial), Seção Administrativa de Distribuição de Mandados", "total_varas_municipio": 13, "varas_municipio": "1ª Vara Criminal, 1ª Vara Cível, 1ª Vara da Família e das Sucessões, 2ª Vara Criminal, 2ª Vara Cível, 2ª Vara da Família e das Sucessões, 3ª Vara Criminal, 3ª Vara Cível, 4ª Vara Cível, 5ª Vara Cível, 6ª Vara Cível, Vara da Fazenda Pública, Vara de Execuções Criminais", "varas_foro": "1ª Vara Criminal, 1ª Vara Cível, 1ª Vara da Família e das Sucessões, 2ª Vara Criminal, 2ª Vara Cível, 2ª Vara da Família e das Sucessões, 3ª Vara Criminal, 3ª Vara Cível, 4ª Vara Cível, 5ª Vara Cível, 6ª Vara Cível, Vara da Fazenda Pública, Vara de Execuções Criminais" }, "geometry": { "type": "Point", "coordinates": [ -46.488282720972457, -23.959230748201488 ] } },
{ "type": "Feature", "properties": { "id_municipio_ibge": 3551108, "nome_municipio": "Sarapuí", "populacao_municipio": 10369, "id_foro": 3522307, "nome_foro": "Itapetininga", "total_varas_foro": 7, "entrancia": "Entrância Final", "endereco_sede": "Praça Três Poderes , s/n - Jd. Marabá, 18213-540", "latitude": -23.645468563011217, "longitude": -48.123318703177574, "id_cj": 22, "nome_cj": "22ª Itapetininga", "id_raj": 10, "nome_raj": "10ª Sorocaba", "populacao_foro": 174300, "qt_cidades_foro": 3, "cidades_no_foro": "Alambari, Itapetininga, Sarapuí", "qt_cidades_cj": 17, "cidades_na_cj": "Alambari, Angatuba, Bofete, Campina do Monte Alegre, Capela do Alto, Capão Bonito, Cesário Lange, Guapiara, Guareí, Itapetininga, Porangaba, Quadra, Ribeirão Grande, Sarapuí, São Miguel Arcanjo, Tatuí, Torre de Pedra", "unidades": null, "total_varas_municipio": 0, "varas_municipio": null, "varas_foro": "1ª Vara Cível, 1ª Vara da Família e das Sucessões, 2ª Vara Cível, 3ª Vara Cível, 4ª Vara Cível, Juizado Especial Cível, Vara do Juizado especial Cível e Criminal" }, "geometry": { "type": "Point", "coordinates": [ -47.785749131376967, -23.664280876878237 ] } },
{ "type": "Feature", "properties": { "id_municipio_ibge": 3551207, "nome_municipio": "Sarutaiá", "populacao_municipio": 3704, "id_foro": 3538808, "nome_foro": "Piraju", "total_varas_foro": 2, "entrancia": "Entrância Inicial", "endereco_sede": "Praça Joaquim Antonio Arruda , 126 - Centro, 18800-049", "latitude": -23.186915952498072, "longitude": -49.366092572260236, "id_cj": 25, "nome_cj": "25ª Ourinhos", "id_raj": 3, "nome_raj": "3ª Bauru", "populacao_foro": 52114, "qt_cidades_foro": 6, "cidades_no_foro": "Manduri, Piraju, Sarutaiá, Tejupá, Timburi, Óleo", "qt_cidades_cj": 16, "cidades_na_cj": "Bernardino de Campos, Canitar, Chavantes, Espírito Santo do Turvo, Ipaussu, Manduri, Ourinhos, Piraju, Ribeirão do Sul, Salto Grande, Santa Cruz do Rio Pardo, Sarutaiá, São Pedro do Turvo, Tejupá, Timburi, Óleo", "unidades": null, "total_varas_municipio": 0, "varas_municipio": null, "varas_foro": "1ª Vara Judicial, 2ª Vara Judicial" }, "geometry": { "type": "Point", "coordinates": [ -49.481734041642319, -23.257525021221639 ] } },
{ "type": "Feature", "properties": { "id_municipio_ibge": 3551306, "nome_municipio": "Sebastianópolis do Sul", "populacao_municipio": 3130, "id_foro": 3528106, "nome_foro": "Macaubal", "total_varas_foro": 1, "entrancia": "Entrância Inicial", "endereco_sede": "Rua Sebastião Dib , 668 - Centro, 15270-000", "latitude": -20.83793023133331, "longitude": -49.975005422834968, "id_cj": 16, "nome_cj": "16ª São José do Rio Preto", "id_raj": 8, "nome_raj": "8ª São José do Rio Preto", "populacao_foro": 12214, "qt_cidades_foro": 3, "cidades_no_foro": "Macaubal, Sebastianópolis do Sul, União Paulista", "qt_cidades_cj": 33, "cidades_na_cj": "Adolfo, Américo de Campos, Bady Bassitt, Bálsamo, Cedral, Cosmorama, Guapiaçu, Icém, Ipiguá, Jaci, José Bonifácio, Macaubal, Mendonça, Mirassol, Mirassolândia, Monte Aprazível, Neves Paulista, Nipoã, Nova Aliança, Nova Granada, Onda Verde, Orindiúva, Palestina, Paulo de Faria, Poloni, Potirendaba, Riolândia, Sebastianópolis do Sul, São José do Rio Preto, Tanabi, Ubarana, Uchoa, União Paulista", "unidades": null, "total_varas_municipio": 0, "varas_municipio": null, "varas_foro": "Vara Judicial" }, "geometry": { "type": "Point", "coordinates": [ -49.915897284120163, -20.629159519625372 ] } },
{ "type": "Feature", "properties": { "id_municipio_ibge": 3551405, "nome_municipio": "Serra Azul", "populacao_municipio": 12746, "id_foro": 3513108, "nome_foro": "Cravinhos", "total_varas_foro": 2, "entrancia": "Entrância Inicial", "endereco_sede": "Avenida Fagundes , 29 - centro, 14140-000", "latitude": -21.33964467704924, "longitude": -47.744564842803342, "id_cj": 41, "nome_cj": "41ª Ribeirão Preto", "id_raj": 6, "nome_raj": "6ª Ribeirão Preto", "populacao_foro": 46027, "qt_cidades_foro": 2, "cidades_no_foro": "Cravinhos, Serra Azul", "qt_cidades_cj": 16, "cidades_na_cj": "Barrinha, Cajuru, Cravinhos, Cássia dos Coqueiros, Dumont, Guatapará, Jardinópolis, Luís Antônio, Pontal, Ribeirão Preto, Santa Cruz da Esperança, Santa Rosa de Viterbo, Serra Azul, Serrana, Sertãozinho, São Simão", "unidades": null, "total_varas_municipio": 0, "varas_municipio": null, "varas_foro": "1ª Vara Judicial, Juizado Especial Cível" }, "geometry": { "type": "Point", "coordinates": [ -47.549698029129061, -21.31606279185084 ] } },
{ "type": "Feature", "properties": { "id_municipio_ibge": 3551504, "nome_municipio": "Serrana", "populacao_municipio": 43909, "id_foro": 3551504, "nome_foro": "Serrana", "total_varas_foro": 2, "entrancia": "Entrância Inicial", "endereco_sede": "Avenida Habib Jabali , 500 - Jardim Boa Vista, 14150-000", "latitude": -21.216896021392202, "longitude": -47.612347895027106, "id_cj": 41, "nome_cj": "41ª Ribeirão Preto", "id_raj": 6, "nome_raj": "6ª Ribeirão Preto", "populacao_foro": 43909, "qt_cidades_foro": 1, "cidades_no_foro": "Serrana", "qt_cidades_cj": 16, "cidades_na_cj": "Barrinha, Cajuru, Cravinhos, Cássia dos Coqueiros, Dumont, Guatapará, Jardinópolis, Luís Antônio, Pontal, Ribeirão Preto, Santa Cruz da Esperança, Santa Rosa de Viterbo, Serra Azul, Serrana, Sertãozinho, São Simão", "unidades": "Fórum Serrana", "total_varas_municipio": 2, "varas_municipio": "1ª Vara Judicial, Juizado Especial Cível", "varas_foro": "1ª Vara Judicial, Juizado Especial Cível" }, "geometry": { "type": "Point", "coordinates": [ -47.612347895027106, -21.216896021392202 ] } },
{ "type": "Feature", "properties": { "id_municipio_ibge": 3551603, "nome_municipio": "Serra Negra", "populacao_municipio": 29894, "id_foro": 3551603, "nome_foro": "Serra Negra", "total_varas_foro": 3, "entrancia": "Entrância Inicial", "endereco_sede": "Praça Barão do Rio Branco , 71 - centro, 13930-000", "latitude": -22.589097694829519, "longitude": -46.687285599798209, "id_cj": 54, "nome_cj": "54ª Amparo", "id_raj": 4, "nome_raj": "4ª Campinas", "populacao_foro": 29894, "qt_cidades_foro": 1, "cidades_no_foro": "Serra Negra", "qt_cidades_cj": 9, "cidades_na_cj": "Amparo, Jaguariúna, Lindóia, Monte Alegre do Sul, Pedreira, Santo Antônio de Posse, Serra Negra, Socorro, Águas de Lindóia", "unidades": "Fórum Serra Negra I - (Principal), Fórum Serra Negra II - (Distribuidor e Seção de Administração Geral), Fórum Serra Negra III - (Juizado Especial Cível), Fórum Serra Negra IV - (ARQUIVO e a SADM)", "total_varas_municipio": 3, "varas_municipio": "1ª Vara Judicial, 2ª Vara Judicial, Juizado Especial Cível", "varas_foro": "1ª Vara Judicial, 2ª Vara Judicial, Juizado Especial Cível" }, "geometry": { "type": "Point", "coordinates": [ -46.687285599798209, -22.589097694829519 ] } },
{ "type": "Feature", "properties": { "id_municipio_ibge": 3551702, "nome_municipio": "Sertãozinho", "populacao_municipio": 126887, "id_foro": 3551702, "nome_foro": "Sertãozinho", "total_varas_foro": 6, "entrancia": "Entrância Final", "endereco_sede": "Avenida Pedro Strini , 71 - Jd. América, 14160-260", "latitude": -21.122914891524172, "longitude": -48.00888267356239, "id_cj": 41, "nome_cj": "41ª Ribeirão Preto", "id_raj": 6, "nome_raj": "6ª Ribeirão Preto", "populacao_foro": 168450, "qt_cidades_foro": 3, "cidades_no_foro": "Barrinha, Dumont, Sertãozinho", "qt_cidades_cj": 16, "cidades_na_cj": "Barrinha, Cajuru, Cravinhos, Cássia dos Coqueiros, Dumont, Guatapará, Jardinópolis, Luís Antônio, Pontal, Ribeirão Preto, Santa Cruz da Esperança, Santa Rosa de Viterbo, Serra Azul, Serrana, Sertãozinho, São Simão", "unidades": "Fórum Sertãozinho I, Fórum Sertãozinho II - CEJUSC / SEF", "total_varas_municipio": 6, "varas_municipio": "1ª Vara Criminal, 1ª Vara Cível, 2ª Vara Cível, 3ª Vara Cível, Oficio do Juizado Especial Cível e Criminal, Vara do Juizado Especial Cível e Criminal", "varas_foro": "1ª Vara Criminal, 1ª Vara Cível, 2ª Vara Cível, 3ª Vara Cível, Oficio do Juizado Especial Cível e Criminal, Vara do Juizado Especial Cível e Criminal" }, "geometry": { "type": "Point", "coordinates": [ -48.00888267356239, -21.122914891524172 ] } },
{ "type": "Feature", "properties": { "id_municipio_ibge": 3551801, "nome_municipio": "Sete Barras", "populacao_municipio": 12730, "id_foro": 3542602, "nome_foro": "Registro", "total_varas_foro": 5, "entrancia": "Entrância Final", "endereco_sede": "Rua Jerônimo Monteiro Lopes , 93 - V. S. Francisco, 11900-000", "latitude": -24.503987639410806, "longitude": -47.820761734951169, "id_cj": 21, "nome_cj": "21ª Registro", "id_raj": 7, "nome_raj": "7ª Santos", "populacao_foro": 72677, "qt_cidades_foro": 2, "cidades_no_foro": "Registro, Sete Barras", "qt_cidades_cj": 13, "cidades_na_cj": "Barra do Turvo, Cajati, Cananéia, Eldorado, Iguape, Ilha Comprida, Iporanga, Jacupiranga, Juquiá, Miracatu, Pariquera-Açu, Registro, Sete Barras", "unidades": null, "total_varas_municipio": 0, "varas_municipio": null, "varas_foro": "1ª Vara Judicial, 2ª Vara Judicial, 3ª Vara Judicial, Juizado Especial Cível e Criminal, Vara do Juizado Especial Cível e Criminal" }, "geometry": { "type": "Point", "coordinates": [ -47.93412806339137, -24.273912857613148 ] } },
{ "type": "Feature", "properties": { "id_municipio_ibge": 3551900, "nome_municipio": "Severínia", "populacao_municipio": 14576, "id_foro": 3533908, "nome_foro": "Olímpia", "total_varas_foro": 4, "entrancia": "Entrância Intermediária", "endereco_sede": "Rua Engenheiro Reid , 377 - Patrimônio de São João Batista, 15400-091", "latitude": -20.70524588579201, "longitude": -48.959617264381016, "id_cj": 14, "nome_cj": "14ª Barretos", "id_raj": 8, "nome_raj": "8ª São José do Rio Preto", "populacao_foro": 94907, "qt_cidades_foro": 6, "cidades_no_foro": "Altair, Cajobi, Embaúba, Guaraci, Olímpia, Severínia", "qt_cidades_cj": 16, "cidades_na_cj": "Altair, Barretos, Bebedouro, Cajobi, Colina, Colômbia, Embaúba, Guaraci, Guaíra, Jaborandi, Monte Azul Paulista, Olímpia, Paraíso, Severínia, Terra Roxa, Viradouro", "unidades": null, "total_varas_municipio": 0, "varas_municipio": null, "varas_foro": "1ª Vara Cível, 2ª Vara Cível, 3ª Vara Cível, Vara Criminal" }, "geometry": { "type": "Point", "coordinates": [ -48.793762275434851, -20.793131588602115 ] } },
{ "type": "Feature", "properties": { "id_municipio_ibge": 3552007, "nome_municipio": "Silveiras", "populacao_municipio": 6186, "id_foro": 3508603, "nome_foro": "Cachoeira Paulista", "total_varas_foro": 6, "entrancia": "Entrância Inicial", "endereco_sede": "Rua São Sebastião , 191 - Centro, 12630-000", "latitude": -22.702356699905327, "longitude": -44.991691927143485, "id_cj": 48, "nome_cj": "48ª Guaratinguetá", "id_raj": 9, "nome_raj": "9ª São José dos Campos", "populacao_foro": 37750, "qt_cidades_foro": 2, "cidades_no_foro": "Cachoeira Paulista, Silveiras", "qt_cidades_cj": 17, "cidades_na_cj": "Aparecida, Arapeí, Areias, Bananal, Cachoeira Paulista, Canas, Cruzeiro, Cunha, Guaratinguetá, Lavrinhas, Lorena, Piquete, Potim, Queluz, Roseira, Silveiras, São José do Barreiro", "unidades": null, "total_varas_municipio": 0, "varas_municipio": null, "varas_foro": "1ª Vara Judicial, 2ª Vara Judicial, Anexo Fiscal - 1ª Vara, Distribuidor - 1ª Vara, Juizado Especial Cível e Criminal, Juizado Informal de Conciliação" }, "geometry": { "type": "Point", "coordinates": [ -44.840921807450414, -22.734618151090839 ] } },
{ "type": "Feature", "properties": { "id_municipio_ibge": 3552106, "nome_municipio": "Socorro", "populacao_municipio": 40122, "id_foro": 3552106, "nome_foro": "Socorro", "total_varas_foro": 2, "entrancia": "Entrância Inicial", "endereco_sede": "Praça 9 de Julho , 222 - Centro, 13960-000", "latitude": -22.611180087724321, "longitude": -46.524386317668984, "id_cj": 54, "nome_cj": "54ª Amparo", "id_raj": 4, "nome_raj": "4ª Campinas", "populacao_foro": 40122, "qt_cidades_foro": 1, "cidades_no_foro": "Socorro", "qt_cidades_cj": 9, "cidades_na_cj": "Amparo, Jaguariúna, Lindóia, Monte Alegre do Sul, Pedreira, Santo Antônio de Posse, Serra Negra, Socorro, Águas de Lindóia", "unidades": "Fórum \"Dr. Alfredo de Carvalho Pinto\", Fórum II de Socorro (Juizado Especial Cível e Criminal), Fórum III de Socorro (INATIVO)", "total_varas_municipio": 2, "varas_municipio": "1ª Vara Judicial, 2ª Vara Judicial", "varas_foro": "1ª Vara Judicial, 2ª Vara Judicial" }, "geometry": { "type": "Point", "coordinates": [ -46.524386317668984, -22.611180087724321 ] } },
{ "type": "Feature", "properties": { "id_municipio_ibge": 3552205, "nome_municipio": "Sorocaba", "populacao_municipio": 723682, "id_foro": 3552205, "nome_foro": "Sorocaba", "total_varas_foro": 21, "entrancia": "Entrância Final", "endereco_sede": "Rua 28 de outubro , 665 - Alto Boa Vista, 18087-080", "latitude": -23.464551916584632, "longitude": -47.446759844010238, "id_cj": 19, "nome_cj": "19ª Sorocaba", "id_raj": 10, "nome_raj": "10ª Sorocaba", "populacao_foro": 756125, "qt_cidades_foro": 2, "cidades_no_foro": "Araçoiaba da Serra, Sorocaba", "qt_cidades_cj": 12, "cidades_na_cj": "Alumínio, Araçariguama, Araçoiaba da Serra, Ibiúna, Mairinque, Piedade, Pilar do Sul, Salto de Pirapora, Sorocaba, São Roque, Tapiraí, Votorantim", "unidades": "DARAJ 10, Fórum Sorocaba I - Ministro Piza e Almeida, Prédio Protocolo estendido do mangal, Prédio do CEJUSC I Sorocaba, Prédio do CEJUSC II Sorocaba – Casa do Cidadão de Brigadeiro Tobias, Prédio do CEJUSC III Sorocaba – Casa do Cidadão do Éden, Prédio do CEJUSC IV Sorocaba – Casa do Cidadão de Ipanema, Prédio do CEJUSC IX Sorocaba - Araçoiaba da Serra, Prédio do CEJUSC V Sorocaba – Casa do Cidadão da Itavuvu, Prédio do CEJUSC VI Sorocaba – Casa do Cidadão do Jardim Ipiranga, Prédio do CEJUSC VIII Sorocaba - Casa do Cidadão da Nogueira Padilha, Prédio do Juizado Especial Cível VII Sorocaba – anexo FADI, Setor Psicossocial do Tribunal de Justiça", "total_varas_municipio": 21, "varas_municipio": "1ª Vara Criminal, 1ª Vara Cível, 1ª Vara da Família e das Sucessões, 1ª Vara do Juizado Especial Cível, 2ª Vara Criminal, 2ª Vara Cível, 2ª Vara da Família e das Sucessões, 2ª Vara do Juizado Especial Cível, 3ª Vara Criminal, 3ª Vara Cível, 3ª Vara da Família e das Sucessões, 4ª Vara Criminal, 4ª Vara Cível, 5ª Vara Cível, 6ª Vara Cível, 7ª Vara Cível, Ofício do Juizado Especial Cível, Vara da Fazenda Pública, Vara da Infância e da Juventude, Vara do Juizado Especial Criminal e da Violência Doméstica e Familiar contra a Mulher, Vara do Júri e Execuções Criminais", "varas_foro": "1ª Vara Criminal, 1ª Vara Cível, 1ª Vara da Família e das Sucessões, 1ª Vara do Juizado Especial Cível, 2ª Vara Criminal, 2ª Vara Cível, 2ª Vara da Família e das Sucessões, 2ª Vara do Juizado Especial Cível, 3ª Vara Criminal, 3ª Vara Cível, 3ª Vara da Família e das Sucessões, 4ª Vara Criminal, 4ª Vara Cível, 5ª Vara Cível, 6ª Vara Cível, 7ª Vara Cível, Ofício do Juizado Especial Cível, Vara da Fazenda Pública, Vara da Infância e da Juventude, Vara do Juizado Especial Criminal e da Violência Doméstica e Familiar contra a Mulher, Vara do Júri e Execuções Criminais" }, "geometry": { "type": "Point", "coordinates": [ -47.446759844010238, -23.464551916584632 ] } },
{ "type": "Feature", "properties": { "id_municipio_ibge": 3552304, "nome_municipio": "Sud Mennucci", "populacao_municipio": 7355, "id_foro": 3537404, "nome_foro": "Pereira Barreto", "total_varas_foro": 3, "entrancia": "Entrância Inicial", "endereco_sede": "Rua Francisca Senhorinha Carneiro , s/n - Vila Municipal, 15371-274", "latitude": -20.677761179179669, "longitude": -51.106471907687883, "id_cj": 37, "nome_cj": "37ª Andradina", "id_raj": 2, "nome_raj": "2ª Araçatuba", "populacao_foro": 34858, "qt_cidades_foro": 3, "cidades_no_foro": "Pereira Barreto, Sud Mennucci, Suzanápolis", "qt_cidades_cj": 12, "cidades_na_cj": "Andradina, Castilho, Guaraçaí, Ilha Solteira, Itapura, Lavínia, Mirandópolis, Murutinga do Sul, Nova Independência, Pereira Barreto, Sud Mennucci, Suzanápolis", "unidades": null, "total_varas_municipio": 0, "varas_municipio": null, "varas_foro": "1ª Vara Judicial, 2ª Vara Judicial, Juizado Especial Cível" }, "geometry": { "type": "Point", "coordinates": [ -50.900939548739998, -20.667591281547946 ] } },
{ "type": "Feature", "properties": { "id_municipio_ibge": 3552403, "nome_municipio": "Sumaré", "populacao_municipio": 279545, "id_foro": 3552403, "nome_foro": "Sumaré", "total_varas_foro": 5, "entrancia": "Entrância Final", "endereco_sede": "Rua Antonio de Carvalho , 170 - Centro, 13170-901", "latitude": -22.841846924398379, "longitude": -47.26297363906891, "id_cj": 53, "nome_cj": "53ª Americana", "id_raj": 4, "nome_raj": "4ª Campinas", "populacao_foro": 279545, "qt_cidades_foro": 1, "cidades_no_foro": "Sumaré", "qt_cidades_cj": 5, "cidades_na_cj": "Americana, Hortolândia, Nova Odessa, Santa Bárbara d'Oeste, Sumaré", "unidades": "Fórum Sumaré I, Fórum Sumaré II - Anexo Fiscal, Fórum Sumaré III - Cejusc", "total_varas_municipio": 5, "varas_municipio": "1ª Vara Criminal, 1º Vara Cível, 2ª Vara  Criminal, 2º Vara Cível, 3º Vara Cível", "varas_foro": "1ª Vara Criminal, 1º Vara Cível, 2ª Vara  Criminal, 2º Vara Cível, 3º Vara Cível" }, "geometry": { "type": "Point", "coordinates": [ -47.26297363906891, -22.841846924398379 ] } },
{ "type": "Feature", "properties": { "id_municipio_ibge": 3552502, "nome_municipio": "Suzano", "populacao_municipio": 307429, "id_foro": 3552502, "nome_foro": "Suzano", "total_varas_foro": 8, "entrancia": "Entrância Final", "endereco_sede": "Avenida Paulo Portela , s/n - Jd. Paulista, 08675-230", "latitude": -23.608379629957874, "longitude": -46.310439553065528, "id_cj": 45, "nome_cj": "45ª Mogi das Cruzes", "id_raj": 1, "nome_raj": "1ª Grande São Paulo", "populacao_foro": 307429, "qt_cidades_foro": 1, "cidades_no_foro": "Suzano", "qt_cidades_cj": 7, "cidades_na_cj": "Biritiba-Mirim, Ferraz de Vasconcelos, Guararema, Itaquaquecetuba, Mogi das Cruzes, Poá, Suzano", "unidades": "ANEXO FISCAL, Fórum Suzano - Cível - Criminal - JEC., Fórum Suzano II - (Cejusc), Fórum Suzano III - (Violência Doméstica)", "total_varas_municipio": 8, "varas_municipio": "1ª Vara Criminal, 1ª Vara Cível, 1ª Vara Judicial, 2ª Vara Criminal, 2ª Vara Cível, 3ª Vara Cível, 4ª Vara Cível, Juizado Especial Cível", "varas_foro": "1ª Vara Criminal, 1ª Vara Cível, 1ª Vara Judicial, 2ª Vara Criminal, 2ª Vara Cível, 3ª Vara Cível, 4ª Vara Cível, Juizado Especial Cível" }, "geometry": { "type": "Point", "coordinates": [ -46.310439553065528, -23.608379629957874 ] } },
{ "type": "Feature", "properties": { "id_municipio_ibge": 3552551, "nome_municipio": "Suzanápolis", "populacao_municipio": 3408, "id_foro": 3537404, "nome_foro": "Pereira Barreto", "total_varas_foro": 3, "entrancia": "Entrância Inicial", "endereco_sede": "Rua Francisca Senhorinha Carneiro , s/n - Vila Municipal, 15371-274", "latitude": -20.677761179179669, "longitude": -51.106471907687883, "id_cj": 37, "nome_cj": "37ª Andradina", "id_raj": 2, "nome_raj": "2ª Araçatuba", "populacao_foro": 34858, "qt_cidades_foro": 3, "cidades_no_foro": "Pereira Barreto, Sud Mennucci, Suzanápolis", "qt_cidades_cj": 12, "cidades_na_cj": "Andradina, Castilho, Guaraçaí, Ilha Solteira, Itapura, Lavínia, Mirandópolis, Murutinga do Sul, Nova Independência, Pereira Barreto, Sud Mennucci, Suzanápolis", "unidades": null, "total_varas_municipio": 0, "varas_municipio": null, "varas_foro": "1ª Vara Judicial, 2ª Vara Judicial, Juizado Especial Cível" }, "geometry": { "type": "Point", "coordinates": [ -51.075607068981746, -20.472918659282183 ] } },
{ "type": "Feature", "properties": { "id_municipio_ibge": 3552601, "nome_municipio": "Tabapuã", "populacao_municipio": 11323, "id_foro": 3552601, "nome_foro": "Tabapuã", "total_varas_foro": 1, "entrancia": "Entrância Inicial", "endereco_sede": "Rua Eugênio Ulian , 1265 - centro, 15880-023", "latitude": -20.931884704714278, "longitude": -49.028909309471452, "id_cj": 15, "nome_cj": "15ª Catanduva", "id_raj": 8, "nome_raj": "8ª São José do Rio Preto", "populacao_foro": 22738, "qt_cidades_foro": 3, "cidades_no_foro": "Catiguá, Novais, Tabapuã", "qt_cidades_cj": 16, "cidades_na_cj": "Ariranha, Catanduva, Catiguá, Elisiário, Ibirá, Irapuã, Itajobi, Marapoama, Novais, Novo Horizonte, Palmares Paulista, Pindorama, Sales, Santa Adélia, Tabapuã, Urupês", "unidades": "Fórum Tabapuã", "total_varas_municipio": 1, "varas_municipio": "Vara Judicial", "varas_foro": "Vara Judicial" }, "geometry": { "type": "Point", "coordinates": [ -49.028909309471452, -20.931884704714278 ] } },
{ "type": "Feature", "properties": { "id_municipio_ibge": 3552700, "nome_municipio": "Tabatinga", "populacao_municipio": 14769, "id_foro": 3519600, "nome_foro": "Ibitinga", "total_varas_foro": 4, "entrancia": "Entrância Intermediária", "endereco_sede": "Rua Prudente de Moraes , 570 - Centro, 14940-103", "latitude": -21.792952728970263, "longitude": -48.847812502235001, "id_cj": 13, "nome_cj": "13ª Araraquara", "id_raj": 6, "nome_raj": "6ª Ribeirão Preto", "populacao_foro": 74802, "qt_cidades_foro": 2, "cidades_no_foro": "Ibitinga, Tabatinga", "qt_cidades_cj": 14, "cidades_na_cj": "Américo Brasiliense, Araraquara, Borborema, Dobrada, Gavião Peixoto, Iacanga, Ibitinga, Itápolis, Matão, Motuca, Nova Europa, Rincão, Santa Lúcia, Tabatinga", "unidades": null, "total_varas_municipio": 0, "varas_municipio": null, "varas_foro": "1ª Vara Cível, 2ª Vara Cível, Juizado Especial Cível e Criminal, Vara Criminal" }, "geometry": { "type": "Point", "coordinates": [ -48.629073689769804, -21.712510473165025 ] } },
{ "type": "Feature", "properties": { "id_municipio_ibge": 3552809, "nome_municipio": "Taboão da Serra", "populacao_municipio": 273542, "id_foro": 3552809, "nome_foro": "Taboão da Serra", "total_varas_foro": 6, "entrancia": "Entrância Final", "endereco_sede": "Avenida Armando Andrade , 1315 - Pq. Santos Dumont, 06754-210", "latitude": -23.620534666622344, "longitude": -46.786404778234527, "id_cj": 52, "nome_cj": "52ª Itapecerica da Serra", "id_raj": 1, "nome_raj": "1ª Grande São Paulo", "populacao_foro": 273542, "qt_cidades_foro": 1, "cidades_no_foro": "Taboão da Serra", "qt_cidades_cj": 9, "cidades_na_cj": "Cotia, Embu das Artes, Embu-Guaçu, Itapecerica da Serra, Itapevi, Juquitiba, São Lourenço da Serra, Taboão da Serra, Vargem Grande Paulista", "unidades": "CEJUSC - Taboão da Serra, Fórum Taboão da Serra I - (Principal), Fórum Taboão da Serra II - Anexo Fiscal, Fórum Taboão da Serra III - Arq. das Execuções Fiscais", "total_varas_municipio": 6, "varas_municipio": "1ª Vara Cível e Família, 2ª Vara Cível e Família, 3ª Vara Cível e Família, Ofício do Juizado Especial Cível e Criminal, Vara Criminal, Vara do Juizado Especial Cível e Criminal", "varas_foro": "1ª Vara Cível e Família, 2ª Vara Cível e Família, 3ª Vara Cível e Família, Ofício do Juizado Especial Cível e Criminal, Vara Criminal, Vara do Juizado Especial Cível e Criminal" }, "geometry": { "type": "Point", "coordinates": [ -46.786404778234527, -23.620534666622344 ] } },
{ "type": "Feature", "properties": { "id_municipio_ibge": 3552908, "nome_municipio": "Taciba", "populacao_municipio": 6260, "id_foro": 3542404, "nome_foro": "Regente Feijó", "total_varas_foro": 2, "entrancia": "Entrância Inicial", "endereco_sede": "Rua Carlos Beltrami , 10 - Portal do Sol, 19570-000", "latitude": -22.252515049116653, "longitude": -51.294063651268942, "id_cj": 27, "nome_cj": "27ª Presidente Prudente", "id_raj": 5, "nome_raj": "5ª Presidente Prudente", "populacao_foro": 30117, "qt_cidades_foro": 3, "cidades_no_foro": "Caiabu, Regente Feijó, Taciba", "qt_cidades_cj": 20, "cidades_na_cj": "Alfredo Marcondes, Anhumas, Caiabu, Emilianópolis, Estrela do Norte, Iepê, Indiana, Martinópolis, Nantes, Narandiba, Pirapozinho, Presidente Bernardes, Presidente Prudente, Rancharia, Regente Feijó, Sandovalina, Santo Expedito, Taciba, Tarabai, Álvares Machado", "unidades": null, "total_varas_municipio": 0, "varas_municipio": null, "varas_foro": "Juizado Especial Cível, Vara Judicial" }, "geometry": { "type": "Point", "coordinates": [ -51.342289966681605, -22.50487402288574 ] } },
{ "type": "Feature", "properties": { "id_municipio_ibge": 3553005, "nome_municipio": "Taguaí", "populacao_municipio": 12669, "id_foro": 3515400, "nome_foro": "Fartura", "total_varas_foro": 2, "entrancia": "Entrância Inicial", "endereco_sede": "Rua Anacleto Gonçalves Neves , 250 - Centro, 18870-007", "latitude": -23.390179084345064, "longitude": -49.51967844188836, "id_cj": 24, "nome_cj": "24ª Avaré", "id_raj": 3, "nome_raj": "3ª Bauru", "populacao_foro": 29310, "qt_cidades_foro": 2, "cidades_no_foro": "Fartura, Taguaí", "qt_cidades_cj": 11, "cidades_na_cj": "Arandu, Avaré, Cerqueira César, Coronel Macedo, Fartura, Iaras, Itaí, Paranapanema, Taguaí, Taquarituba, Águas de Santa Bárbara", "unidades": null, "total_varas_municipio": 0, "varas_municipio": null, "varas_foro": "Juizado Especial Cível e Criminal, Vara Judicial" }, "geometry": { "type": "Point", "coordinates": [ -49.397363560360162, -23.474465200703172 ] } },
{ "type": "Feature", "properties": { "id_municipio_ibge": 3553104, "nome_municipio": "Taiaçu", "populacao_municipio": 5677, "id_foro": 3524303, "nome_foro": "Jaboticabal", "total_varas_foro": 4, "entrancia": "Entrância Final", "endereco_sede": "Avenida Bento Vieira , 12 - Jardim Bela Vista, 14870-901", "latitude": -21.218324623706089, "longitude": -48.287935442728759, "id_cj": 42, "nome_cj": "42ª Jaboticabal", "id_raj": 6, "nome_raj": "6ª Ribeirão Preto", "populacao_foro": 84046, "qt_cidades_foro": 3, "cidades_no_foro": "Jaboticabal, Taiaçu, Taiúva", "qt_cidades_cj": 14, "cidades_na_cj": "Cândido Rodrigues, Fernando Prestes, Guariba, Jaboticabal, Monte Alto, Pirangi, Pitangueiras, Pradópolis, Santa Ernestina, Taiaçu, Taiúva, Taquaral, Taquaritinga, Vista Alegre do Alto", "unidades": null, "total_varas_municipio": 0, "varas_municipio": null, "varas_foro": "1ª Vara Cível, 2ª Vara Cível, 3ª Vara Cível, Vara Criminal" }, "geometry": { "type": "Point", "coordinates": [ -48.530297382138563, -21.132179265953212 ] } },
{ "type": "Feature", "properties": { "id_municipio_ibge": 3553203, "nome_municipio": "Taiúva", "populacao_municipio": 6548, "id_foro": 3524303, "nome_foro": "Jaboticabal", "total_varas_foro": 4, "entrancia": "Entrância Final", "endereco_sede": "Avenida Bento Vieira , 12 - Jardim Bela Vista, 14870-901", "latitude": -21.218324623706089, "longitude": -48.287935442728759, "id_cj": 42, "nome_cj": "42ª Jaboticabal", "id_raj": 6, "nome_raj": "6ª Ribeirão Preto", "populacao_foro": 84046, "qt_cidades_foro": 3, "cidades_no_foro": "Jaboticabal, Taiaçu, Taiúva", "qt_cidades_cj": 14, "cidades_na_cj": "Cândido Rodrigues, Fernando Prestes, Guariba, Jaboticabal, Monte Alto, Pirangi, Pitangueiras, Pradópolis, Santa Ernestina, Taiaçu, Taiúva, Taquaral, Taquaritinga, Vista Alegre do Alto", "unidades": null, "total_varas_municipio": 0, "varas_municipio": null, "varas_foro": "1ª Vara Cível, 2ª Vara Cível, 3ª Vara Cível, Vara Criminal" }, "geometry": { "type": "Point", "coordinates": [ -48.428269898589264, -21.132686379709291 ] } },
{ "type": "Feature", "properties": { "id_municipio_ibge": 3553302, "nome_municipio": "Tambaú", "populacao_municipio": 21435, "id_foro": 3553302, "nome_foro": "Tambaú", "total_varas_foro": 2, "entrancia": "Entrância Inicial", "endereco_sede": "Rua Campos Salles , 345 - Centro, 13710-000", "latitude": -21.601786059624061, "longitude": -47.239026847226206, "id_cj": 43, "nome_cj": "43ª Casa Branca", "id_raj": 6, "nome_raj": "6ª Ribeirão Preto", "populacao_foro": 21435, "qt_cidades_foro": 1, "cidades_no_foro": "Tambaú", "qt_cidades_cj": 10, "cidades_na_cj": "Caconde, Casa Branca, Divinolândia, Itobi, Mococa, Santa Cruz das Palmeiras, São José do Rio Pardo, São Sebastião da Grama, Tambaú, Tapiratiba", "unidades": "Fórum Tambaú", "total_varas_municipio": 2, "varas_municipio": "Juizado Especial Cível e Criminal, Vara Judicial", "varas_foro": "Juizado Especial Cível e Criminal, Vara Judicial" }, "geometry": { "type": "Point", "coordinates": [ -47.239026847226206, -21.601786059624061 ] } },
{ "type": "Feature", "properties": { "id_municipio_ibge": 3553401, "nome_municipio": "Tanabi", "populacao_municipio": 25265, "id_foro": 3553401, "nome_foro": "Tanabi", "total_varas_foro": 3, "entrancia": "Entrância Inicial", "endereco_sede": "Praça Stélio Machado Loureiro, , 273 - Centro, 15170-000", "latitude": -20.531216941577227, "longitude": -49.646443254813541, "id_cj": 16, "nome_cj": "16ª São José do Rio Preto", "id_raj": 8, "nome_raj": "8ª São José do Rio Preto", "populacao_foro": 39854, "qt_cidades_foro": 3, "cidades_no_foro": "Américo de Campos, Cosmorama, Tanabi", "qt_cidades_cj": 33, "cidades_na_cj": "Adolfo, Américo de Campos, Bady Bassitt, Bálsamo, Cedral, Cosmorama, Guapiaçu, Icém, Ipiguá, Jaci, José Bonifácio, Macaubal, Mendonça, Mirassol, Mirassolândia, Monte Aprazível, Neves Paulista, Nipoã, Nova Aliança, Nova Granada, Onda Verde, Orindiúva, Palestina, Paulo de Faria, Poloni, Potirendaba, Riolândia, Sebastianópolis do Sul, São José do Rio Preto, Tanabi, Ubarana, Uchoa, União Paulista", "unidades": "Fórum Dr. Acrísio Pires Domingues, Fórum Tanabi (Juizado Especial Cível e Criminal)", "total_varas_municipio": 3, "varas_municipio": "1ª Vara Judicial, 2ª Vara Judicial, Juizado Especial Cível e Criminal", "varas_foro": "1ª Vara Judicial, 2ª Vara Judicial, Juizado Especial Cível e Criminal" }, "geometry": { "type": "Point", "coordinates": [ -49.646443254813541, -20.531216941577227 ] } },
{ "type": "Feature", "properties": { "id_municipio_ibge": 3553500, "nome_municipio": "Tapiraí", "populacao_municipio": 7996, "id_foro": 3537800, "nome_foro": "Piedade", "total_varas_foro": 2, "entrancia": "Entrância Inicial", "endereco_sede": "Praça Raul Gomes de Abreu , 73 - Centro, 18170-000", "latitude": -23.787008344192724, "longitude": -47.438132801848049, "id_cj": 19, "nome_cj": "19ª Sorocaba", "id_raj": 10, "nome_raj": "10ª Sorocaba", "populacao_foro": 60966, "qt_cidades_foro": 2, "cidades_no_foro": "Piedade, Tapiraí", "qt_cidades_cj": 12, "cidades_na_cj": "Alumínio, Araçariguama, Araçoiaba da Serra, Ibiúna, Mairinque, Piedade, Pilar do Sul, Salto de Pirapora, Sorocaba, São Roque, Tapiraí, Votorantim", "unidades": null, "total_varas_municipio": 0, "varas_municipio": null, "varas_foro": "1ª Vara Judicial, 2ª Vara Judicial" }, "geometry": { "type": "Point", "coordinates": [ -47.619411230696684, -24.008695756294458 ] } },
{ "type": "Feature", "properties": { "id_municipio_ibge": 3553609, "nome_municipio": "Tapiratiba", "populacao_municipio": 11816, "id_foro": 3508702, "nome_foro": "Caconde", "total_varas_foro": 1, "entrancia": "Entrância Inicial", "endereco_sede": "Praça Ranieri Mazzilli , 6 - Centro, 13770-000", "latitude": -21.539522373123869, "longitude": -46.617034059758389, "id_cj": 43, "nome_cj": "43ª Casa Branca", "id_raj": 6, "nome_raj": "6ª Ribeirão Preto", "populacao_foro": 28917, "qt_cidades_foro": 2, "cidades_no_foro": "Caconde, Tapiratiba", "qt_cidades_cj": 10, "cidades_na_cj": "Caconde, Casa Branca, Divinolândia, Itobi, Mococa, Santa Cruz das Palmeiras, São José do Rio Pardo, São Sebastião da Grama, Tambaú, Tapiratiba", "unidades": null, "total_varas_municipio": 0, "varas_municipio": null, "varas_foro": "Vara Judicial" }, "geometry": { "type": "Point", "coordinates": [ -46.741850841055182, -21.450785523240292 ] } },
{ "type": "Feature", "properties": { "id_municipio_ibge": 3553658, "nome_municipio": "Taquaral", "populacao_municipio": 2619, "id_foro": 3539509, "nome_foro": "Pitangueiras", "total_varas_foro": 2, "entrancia": "Entrância Inicial", "endereco_sede": "Rua Doutor Euclides Zanini Caldas , 713 - Centro, 14750-000", "latitude": -21.006236530177024, "longitude": -48.249375087426337, "id_cj": 42, "nome_cj": "42ª Jaboticabal", "id_raj": 6, "nome_raj": "6ª Ribeirão Preto", "populacao_foro": 36293, "qt_cidades_foro": 2, "cidades_no_foro": "Pitangueiras, Taquaral", "qt_cidades_cj": 14, "cidades_na_cj": "Cândido Rodrigues, Fernando Prestes, Guariba, Jaboticabal, Monte Alto, Pirangi, Pitangueiras, Pradópolis, Santa Ernestina, Taiaçu, Taiúva, Taquaral, Taquaritinga, Vista Alegre do Alto", "unidades": null, "total_varas_municipio": 0, "varas_municipio": null, "varas_foro": "Juizado Especial Cível, Vara Judicial" }, "geometry": { "type": "Point", "coordinates": [ -48.399443913804994, -21.069278395199536 ] } },
{ "type": "Feature", "properties": { "id_municipio_ibge": 3553708, "nome_municipio": "Taquaritinga", "populacao_municipio": 52260, "id_foro": 3553708, "nome_foro": "Taquaritinga", "total_varas_foro": 3, "entrancia": "Entrância Inicial", "endereco_sede": "Rua Duque de Caxias , 267 - Centro, 15900-017", "latitude": -21.425577635346173, "longitude": -48.537879199453229, "id_cj": 42, "nome_cj": "42ª Jaboticabal", "id_raj": 6, "nome_raj": "6ª Ribeirão Preto", "populacao_foro": 67209, "qt_cidades_foro": 4, "cidades_no_foro": "Cândido Rodrigues, Fernando Prestes, Santa Ernestina, Taquaritinga", "qt_cidades_cj": 14, "cidades_na_cj": "Cândido Rodrigues, Fernando Prestes, Guariba, Jaboticabal, Monte Alto, Pirangi, Pitangueiras, Pradópolis, Santa Ernestina, Taiaçu, Taiúva, Taquaral, Taquaritinga, Vista Alegre do Alto", "unidades": "Fórum Taquaritinga I, Fórum Taquaritinga II (Anexo Fiscal / JECCrim / Central de Mandados), Fórum Taquaritinga II (Casa Oficial), Fórum Taquaritinga III ( CEJUSC )", "total_varas_municipio": 3, "varas_municipio": "1ª Vara Judicial, 2ª Vara Judicial, 3ª Vara Judicial", "varas_foro": "1ª Vara Judicial, 2ª Vara Judicial, 3ª Vara Judicial" }, "geometry": { "type": "Point", "coordinates": [ -48.537879199453229, -21.425577635346173 ] } },
{ "type": "Feature", "properties": { "id_municipio_ibge": 3553807, "nome_municipio": "Taquarituba", "populacao_municipio": 24350, "id_foro": 3553807, "nome_foro": "Taquarituba", "total_varas_foro": 2, "entrancia": "Entrância Inicial", "endereco_sede": "Avenida Coronel João Quintino , 137 - Centro, 18740-000", "latitude": -23.530187627649831, "longitude": -49.234576536903248, "id_cj": 24, "nome_cj": "24ª Avaré", "id_raj": 3, "nome_raj": "3ª Bauru", "populacao_foro": 28630, "qt_cidades_foro": 2, "cidades_no_foro": "Coronel Macedo, Taquarituba", "qt_cidades_cj": 11, "cidades_na_cj": "Arandu, Avaré, Cerqueira César, Coronel Macedo, Fartura, Iaras, Itaí, Paranapanema, Taguaí, Taquarituba, Águas de Santa Bárbara", "unidades": "Fórum I Taquarituba - Joaquim Rodrigues, Fórum II Taquarituba (Residência Oficial)", "total_varas_municipio": 2, "varas_municipio": "Juizado Especial Cível e Criminal, Vara Judicial", "varas_foro": "Juizado Especial Cível e Criminal, Vara Judicial" }, "geometry": { "type": "Point", "coordinates": [ -49.234576536903248, -23.530187627649831 ] } },
{ "type": "Feature", "properties": { "id_municipio_ibge": 3553856, "nome_municipio": "Taquarivaí", "populacao_municipio": 6876, "id_foro": 3522406, "nome_foro": "Itapeva", "total_varas_foro": 6, "entrancia": "Entrância Final", "endereco_sede": "Avenida Dona Paulina de Morais , 444 - Vila Ophélia, 18400-818", "latitude": -23.914075364377432, "longitude": -48.871716777680028, "id_cj": 49, "nome_cj": "49ª Itapeva", "id_raj": 10, "nome_raj": "10ª Sorocaba", "populacao_foro": 123728, "qt_cidades_foro": 4, "cidades_no_foro": "Itapeva, Nova Campina, Ribeirão Branco, Taquarivaí", "qt_cidades_cj": 16, "cidades_na_cj": "Apiaí, Barra do Chapéu, Barão de Antonina, Bom Sucesso de Itararé, Buri, Itaberá, Itapeva, Itapirapuã Paulista, Itaporanga, Itararé, Itaóca, Nova Campina, Ribeira, Ribeirão Branco, Riversul, Taquarivaí", "unidades": null, "total_varas_municipio": 0, "varas_municipio": null, "varas_foro": "1ª Vara Judicial, 2ª Vara Judicial, 3ª Vara Judicial, Juizado Especial Cível e Criminal, Vara da Infância e Juventude, Vara das Execuções Criminais - VEC" }, "geometry": { "type": "Point", "coordinates": [ -48.687929843725811, -23.943300292370147 ] } },
{ "type": "Feature", "properties": { "id_municipio_ibge": 3553906, "nome_municipio": "Tarabai", "populacao_municipio": 6536, "id_foro": 3539202, "nome_foro": "Pirapozinho", "total_varas_foro": 4, "entrancia": "Entrância Inicial", "endereco_sede": "Rua Dr. Carlos Alberto Leite Boulhosa, 525 , 525 - Jardim Morada do Sol, 19200-000", "latitude": -22.479179063433843, "longitude": -51.619796071038778, "id_cj": 27, "nome_cj": "27ª Presidente Prudente", "id_raj": 5, "nome_raj": "5ª Presidente Prudente", "populacao_foro": 43945, "qt_cidades_foro": 5, "cidades_no_foro": "Estrela do Norte, Narandiba, Pirapozinho, Sandovalina, Tarabai", "qt_cidades_cj": 20, "cidades_na_cj": "Alfredo Marcondes, Anhumas, Caiabu, Emilianópolis, Estrela do Norte, Iepê, Indiana, Martinópolis, Nantes, Narandiba, Pirapozinho, Presidente Bernardes, Presidente Prudente, Rancharia, Regente Feijó, Sandovalina, Santo Expedito, Taciba, Tarabai, Álvares Machado", "unidades": null, "total_varas_municipio": 0, "varas_municipio": null, "varas_foro": "2ª Vara Judicial, Juizado Especial Criminal, Juizado Especial Cível, Oficio Judicial (Crime)" }, "geometry": { "type": "Point", "coordinates": [ -51.625771743896543, -22.357980814614685 ] } },
{ "type": "Feature", "properties": { "id_municipio_ibge": 3553955, "nome_municipio": "Tarumã", "populacao_municipio": 14882, "id_foro": 3504008, "nome_foro": "Assis", "total_varas_foro": 8, "entrancia": "Entrância Final", "endereco_sede": "Rua Doutor Lício Brandão de Camargo , 50 - Vila Clementina, 19802-300", "latitude": -22.601732995882681, "longitude": -50.420761155060511, "id_cj": 26, "nome_cj": "26ª Assis", "id_raj": 5, "nome_raj": "5ª Presidente Prudente", "populacao_foro": 126347, "qt_cidades_foro": 4, "cidades_no_foro": "Assis, Echaporã, Florínia, Tarumã", "qt_cidades_cj": 18, "cidades_na_cj": "Assis, Borá, Campos Novos Paulista, Cruzália, Cândido Mota, Echaporã, Florínia, Ibirarema, João Ramalho, Lutécia, Maracaí, Oscar Bressane, Palmital, Paraguaçu Paulista, Pedrinhas Paulista, Platina, Quatá, Tarumã", "unidades": null, "total_varas_municipio": 0, "varas_municipio": null, "varas_foro": "1ª Vara Criminal, 1ª Vara Cível, 2ª Vara Criminal e do Juizado de Violência Doméstica e Familiar contra a Mulher, 2ª Vara Cível, 3ª Vara Cível, Corregedoria dos Presídios e da Polícia Judiciária, Seção Processual I e II, Vara da Família e das Sucessões" }, "geometry": { "type": "Point", "coordinates": [ -50.601409388764324, -22.763494708617124 ] } },
{ "type": "Feature", "properties": { "id_municipio_ibge": 3554003, "nome_municipio": "Tatuí", "populacao_municipio": 123942, "id_foro": 3554003, "nome_foro": "Tatuí", "total_varas_foro": 7, "entrancia": "Entrância Final", "endereco_sede": "Avenida Virginio Montezzo Filho , 2009 - Nova Tatui, 18278-440", "latitude": -23.362079957417439, "longitude": -47.869483220594951, "id_cj": 22, "nome_cj": "22ª Itapetininga", "id_raj": 10, "nome_raj": "10ª Sorocaba", "populacao_foro": 150213, "qt_cidades_foro": 3, "cidades_no_foro": "Capela do Alto, Quadra, Tatuí", "qt_cidades_cj": 17, "cidades_na_cj": "Alambari, Angatuba, Bofete, Campina do Monte Alegre, Capela do Alto, Capão Bonito, Cesário Lange, Guapiara, Guareí, Itapetininga, Porangaba, Quadra, Ribeirão Grande, Sarapuí, São Miguel Arcanjo, Tatuí, Torre de Pedra", "unidades": "Fórum Tatuí I, Fórum Tatuí II (Anexo do JEC - UAAJ de Capela do Alto)", "total_varas_municipio": 7, "varas_municipio": "1ª vara criminal, 1ª Vara Cível, 2ª Vara criminal, 2ª Vara Cível, 3ª Vara Cível, Juizado Especial Cível e Criminal, Vara do Juizado Especial Civel e Criminal", "varas_foro": "1ª vara criminal, 1ª Vara Cível, 2ª Vara criminal, 2ª Vara Cível, 3ª Vara Cível, Juizado Especial Cível e Criminal, Vara do Juizado Especial Civel e Criminal" }, "geometry": { "type": "Point", "coordinates": [ -47.869483220594951, -23.362079957417439 ] } },
{ "type": "Feature", "properties": { "id_municipio_ibge": 3554102, "nome_municipio": "Taubaté", "populacao_municipio": 310739, "id_foro": 3554102, "nome_foro": "Taubaté", "total_varas_foro": 12, "entrancia": "Entrância Final", "endereco_sede": "Rua José Licurgo Indiani , s/n - Jardim Maria Augusta, 12070-070", "latitude": -23.087108076691788, "longitude": -45.502387468838961, "id_cj": 47, "nome_cj": "47ª Taubaté", "id_raj": 9, "nome_raj": "9ª São José dos Campos", "populacao_foro": 315233, "qt_cidades_foro": 2, "cidades_no_foro": "Redenção da Serra, Taubaté", "qt_cidades_cj": 11, "cidades_na_cj": "Campos do Jordão, Caçapava, Jambeiro, Lagoinha, Pindamonhangaba, Redenção da Serra, Santo Antônio do Pinhal, São Bento do Sapucaí, São Luiz do Paraitinga, Taubaté, Tremembé", "unidades": "Fórum Cível da Comarca de Taubaté, Fórum Taubaté I - (Criminal), Fórum Taubaté III - (Fazenda Pública), Fórum Taubaté IV - (Execuções Criminais), Fórum Taubaté V - (Cartório Setor Técnico), Fórum Taubaté V - (Cejusc), Fórum Taubaté VI - (Anexo do JEC - UNITAU)", "total_varas_municipio": 12, "varas_municipio": "1ª Vara Criminal, 1ª Vara Cível, 2ª Vara Criminal, 2ª Vara Cível, 3ª Vara Criminal, 3ª Vara Cível, 4ª Vara Cível, 5ª Vara Cível, Ofício do Juizado Especial Cível e Criminal, Vara da Família e das Sucessões, Vara do Juizado Especial Cível e Criminal, Vara do Júri e da Infância e da Juventude", "varas_foro": "1ª Vara Criminal, 1ª Vara Cível, 2ª Vara Criminal, 2ª Vara Cível, 3ª Vara Criminal, 3ª Vara Cível, 4ª Vara Cível, 5ª Vara Cível, Ofício do Juizado Especial Cível e Criminal, Vara da Família e das Sucessões, Vara do Juizado Especial Cível e Criminal, Vara do Júri e da Infância e da Juventude" }, "geometry": { "type": "Point", "coordinates": [ -45.502387468838961, -23.087108076691788 ] } },
{ "type": "Feature", "properties": { "id_municipio_ibge": 3554201, "nome_municipio": "Tejupá", "populacao_municipio": 4127, "id_foro": 3538808, "nome_foro": "Piraju", "total_varas_foro": 2, "entrancia": "Entrância Inicial", "endereco_sede": "Praça Joaquim Antonio Arruda , 126 - Centro, 18800-049", "latitude": -23.186915952498072, "longitude": -49.366092572260236, "id_cj": 25, "nome_cj": "25ª Ourinhos", "id_raj": 3, "nome_raj": "3ª Bauru", "populacao_foro": 52114, "qt_cidades_foro": 6, "cidades_no_foro": "Manduri, Piraju, Sarutaiá, Tejupá, Timburi, Óleo", "qt_cidades_cj": 16, "cidades_na_cj": "Bernardino de Campos, Canitar, Chavantes, Espírito Santo do Turvo, Ipaussu, Manduri, Ourinhos, Piraju, Ribeirão do Sul, Salto Grande, Santa Cruz do Rio Pardo, Sarutaiá, São Pedro do Turvo, Tejupá, Timburi, Óleo", "unidades": null, "total_varas_municipio": 0, "varas_municipio": null, "varas_foro": "1ª Vara Judicial, 2ª Vara Judicial" }, "geometry": { "type": "Point", "coordinates": [ -49.30655993582495, -23.342495987521943 ] } },
{ "type": "Feature", "properties": { "id_municipio_ibge": 3554300, "nome_municipio": "Teodoro Sampaio", "populacao_municipio": 22173, "id_foro": 3554300, "nome_foro": "Teodoro Sampaio", "total_varas_foro": 0, "entrancia": "Entrância Inicial", "endereco_sede": "Avenida Manoel Guirado Segura , 2080 - Vila Furlan, 19282160", "latitude": -22.416603288973988, "longitude": -52.374043454186697, "id_cj": 28, "nome_cj": "28ª Presidente Venceslau", "id_raj": 5, "nome_raj": "5ª Presidente Prudente", "populacao_foro": 30097, "qt_cidades_foro": 2, "cidades_no_foro": "Euclides da Cunha Paulista, Teodoro Sampaio", "qt_cidades_cj": 11, "cidades_na_cj": "Caiuá, Euclides da Cunha Paulista, Marabá Paulista, Mirante do Paranapanema, Piquerobi, Presidente Epitácio, Presidente Venceslau, Ribeirão dos Índios, Rosana, Santo Anastácio, Teodoro Sampaio", "unidades": "Fórum de Teodoro Sampaio I (JIC e JEC), Fórum de Teodoro Sampaio II (Anexo do JEC - UAAJ - Euclides da Cunha Paulista), Prédio I - Teodoro Sampaio, Prédio II - Teodoro Sampaio, Prédio III  (JEC) - Teodoro Sampaio", "total_varas_municipio": 0, "varas_municipio": null, "varas_foro": null }, "geometry": { "type": "Point", "coordinates": [ -52.374043454186697, -22.416603288973988 ] } },
{ "type": "Feature", "properties": { "id_municipio_ibge": 3554409, "nome_municipio": "Terra Roxa", "populacao_municipio": 7904, "id_foro": 3556800, "nome_foro": "Viradouro", "total_varas_foro": 1, "entrancia": "Entrância Inicial", "endereco_sede": "Rua José Borelli , 10 - Centro, 14740-000", "latitude": -20.884386173654448, "longitude": -48.30985910756813, "id_cj": 14, "nome_cj": "14ª Barretos", "id_raj": 8, "nome_raj": "8ª São José do Rio Preto", "populacao_foro": 25318, "qt_cidades_foro": 2, "cidades_no_foro": "Terra Roxa, Viradouro", "qt_cidades_cj": 16, "cidades_na_cj": "Altair, Barretos, Bebedouro, Cajobi, Colina, Colômbia, Embaúba, Guaraci, Guaíra, Jaborandi, Monte Azul Paulista, Olímpia, Paraíso, Severínia, Terra Roxa, Viradouro", "unidades": null, "total_varas_municipio": 0, "varas_municipio": null, "varas_foro": "Vara Judicial" }, "geometry": { "type": "Point", "coordinates": [ -48.345770707687912, -20.778767131180363 ] } },
{ "type": "Feature", "properties": { "id_municipio_ibge": 3554508, "nome_municipio": "Tietê", "populacao_municipio": 37663, "id_foro": 3554508, "nome_foro": "Tietê", "total_varas_foro": 3, "entrancia": "Entrância Inicial", "endereco_sede": "Av. XI de Agosto , 130 - centro, 18530-000", "latitude": -23.049411939126589, "longitude": -47.707669379787731, "id_cj": 34, "nome_cj": "34ª Piracicaba", "id_raj": 4, "nome_raj": "4ª Campinas", "populacao_foro": 40719, "qt_cidades_foro": 2, "cidades_no_foro": "Jumirim, Tietê", "qt_cidades_cj": 16, "cidades_na_cj": "Capivari, Cerquilho, Charqueada, Elias Fausto, Jumirim, Laranjal Paulista, Mombuca, Monte Mor, Piracicaba, Rafard, Rio das Pedras, Saltinho, Santa Maria da Serra, São Pedro, Tietê, Águas de São Pedro", "unidades": "Fórum Tietê, Fórum da Comarca de Tietê II (Cejusc), Fórum da Comarca de Tietê III (Cartório Eleitoral)", "total_varas_municipio": 3, "varas_municipio": "1ª Vara Judicial, 2ª Vara Judicial, Juizado Especial Cível", "varas_foro": "1ª Vara Judicial, 2ª Vara Judicial, Juizado Especial Cível" }, "geometry": { "type": "Point", "coordinates": [ -47.707669379787731, -23.049411939126589 ] } },
{ "type": "Feature", "properties": { "id_municipio_ibge": 3554607, "nome_municipio": "Timburi", "populacao_municipio": 2464, "id_foro": 3538808, "nome_foro": "Piraju", "total_varas_foro": 2, "entrancia": "Entrância Inicial", "endereco_sede": "Praça Joaquim Antonio Arruda , 126 - Centro, 18800-049", "latitude": -23.186915952498072, "longitude": -49.366092572260236, "id_cj": 25, "nome_cj": "25ª Ourinhos", "id_raj": 3, "nome_raj": "3ª Bauru", "populacao_foro": 52114, "qt_cidades_foro": 6, "cidades_no_foro": "Manduri, Piraju, Sarutaiá, Tejupá, Timburi, Óleo", "qt_cidades_cj": 16, "cidades_na_cj": "Bernardino de Campos, Canitar, Chavantes, Espírito Santo do Turvo, Ipaussu, Manduri, Ourinhos, Piraju, Ribeirão do Sul, Salto Grande, Santa Cruz do Rio Pardo, Sarutaiá, São Pedro do Turvo, Tejupá, Timburi, Óleo", "unidades": null, "total_varas_municipio": 0, "varas_municipio": null, "varas_foro": "1ª Vara Judicial, 2ª Vara Judicial" }, "geometry": { "type": "Point", "coordinates": [ -49.610388783076353, -23.195809996162851 ] } },
{ "type": "Feature", "properties": { "id_municipio_ibge": 3554656, "nome_municipio": "Torre de Pedra", "populacao_municipio": 2046, "id_foro": 3540507, "nome_foro": "Porangaba", "total_varas_foro": 3, "entrancia": "Entrância Inicial", "endereco_sede": "Rua Vereador Braz Gica da Paz , 193 - Centro, 18260-000", "latitude": -23.173857061708233, "longitude": -48.117365595638425, "id_cj": 22, "nome_cj": "22ª Itapetininga", "id_raj": 10, "nome_raj": "10ª Sorocaba", "populacao_foro": 37970, "qt_cidades_foro": 4, "cidades_no_foro": "Bofete, Guareí, Porangaba, Torre de Pedra", "qt_cidades_cj": 17, "cidades_na_cj": "Alambari, Angatuba, Bofete, Campina do Monte Alegre, Capela do Alto, Capão Bonito, Cesário Lange, Guapiara, Guareí, Itapetininga, Porangaba, Quadra, Ribeirão Grande, Sarapuí, São Miguel Arcanjo, Tatuí, Torre de Pedra", "unidades": null, "total_varas_municipio": 0, "varas_municipio": null, "varas_foro": "Ofício do Juizado Especial Cível e Criminal, Vara do Juizado Especial Cível e Criminal, Vara Judicial" }, "geometry": { "type": "Point", "coordinates": [ -48.212680241736535, -23.250096547803544 ] } },
{ "type": "Feature", "properties": { "id_municipio_ibge": 3554706, "nome_municipio": "Torrinha", "populacao_municipio": 9335, "id_foro": 3507902, "nome_foro": "Brotas", "total_varas_foro": 2, "entrancia": "Entrância Inicial", "endereco_sede": "Praça Nove de Julho , 26 - Centro, 17380-000", "latitude": -22.273287624091111, "longitude": -48.081215436022063, "id_cj": 9, "nome_cj": "9ª Rio Claro", "id_raj": 4, "nome_raj": "4ª Campinas", "populacao_foro": 33233, "qt_cidades_foro": 2, "cidades_no_foro": "Brotas, Torrinha", "qt_cidades_cj": 8, "cidades_na_cj": "Analândia, Brotas, Corumbataí, Ipeúna, Itirapina, Rio Claro, Santa Gertrudes, Torrinha", "unidades": null, "total_varas_municipio": 0, "varas_municipio": null, "varas_foro": "Juizado Especial Cível e Criminal, Vara Judicial" }, "geometry": { "type": "Point", "coordinates": [ -48.164442856812286, -22.444569929686111 ] } },
{ "type": "Feature", "properties": { "id_municipio_ibge": 3554755, "nome_municipio": "Trabiju", "populacao_municipio": 1682, "id_foro": 3542909, "nome_foro": "Ribeirão Bonito", "total_varas_foro": 2, "entrancia": "Entrância Inicial", "endereco_sede": "Rua Governador Pedro de Toledo , 231 - Centro, 13580-000", "latitude": -22.06011102031761, "longitude": -48.185333754630705, "id_cj": 12, "nome_cj": "12ª São Carlos", "id_raj": 6, "nome_raj": "6ª Ribeirão Preto", "populacao_foro": 33745, "qt_cidades_foro": 4, "cidades_no_foro": "Boa Esperança do Sul, Dourado, Ribeirão Bonito, Trabiju", "qt_cidades_cj": 7, "cidades_na_cj": "Boa Esperança do Sul, Descalvado, Dourado, Ibaté, Ribeirão Bonito, São Carlos, Trabiju", "unidades": null, "total_varas_municipio": 0, "varas_municipio": null, "varas_foro": "Juizado Especial Cível e Criminal, Vara Judicial" }, "geometry": { "type": "Point", "coordinates": [ -48.345136469736978, -22.032286255426857 ] } },
{ "type": "Feature", "properties": { "id_municipio_ibge": 3554805, "nome_municipio": "Tremembé", "populacao_municipio": 51173, "id_foro": 3554805, "nome_foro": "Tremembé", "total_varas_foro": 3, "entrancia": "Entrância Inicial", "endereco_sede": "Rua Costa Cabral , 1183 - Centro, 12120-013", "latitude": -22.940847506417793, "longitude": -45.604213058046433, "id_cj": 47, "nome_cj": "47ª Taubaté", "id_raj": 9, "nome_raj": "9ª São José dos Campos", "populacao_foro": 51173, "qt_cidades_foro": 1, "cidades_no_foro": "Tremembé", "qt_cidades_cj": 11, "cidades_na_cj": "Campos do Jordão, Caçapava, Jambeiro, Lagoinha, Pindamonhangaba, Redenção da Serra, Santo Antônio do Pinhal, São Bento do Sapucaí, São Luiz do Paraitinga, Taubaté, Tremembé", "unidades": "\"Desembargador Jurandyr Nilsson\"", "total_varas_municipio": 3, "varas_municipio": "1ª Vara Judicial, 2ª Vara Judicial, Juizado Especial Cível e Criminal", "varas_foro": "1ª Vara Judicial, 2ª Vara Judicial, Juizado Especial Cível e Criminal" }, "geometry": { "type": "Point", "coordinates": [ -45.604213058046433, -22.940847506417793 ] } },
{ "type": "Feature", "properties": { "id_municipio_ibge": 3554904, "nome_municipio": "Três Fronteiras", "populacao_municipio": 6804, "id_foro": 3546603, "nome_foro": "Santa Fé do Sul", "total_varas_foro": 4, "entrancia": "Entrância Inicial", "endereco_sede": "Avenida Conselheiro Antonio Prado , 1662 - Centro, 15775-000", "latitude": -20.24185796478308, "longitude": -50.950177155259546, "id_cj": 55, "nome_cj": "55ª Jales", "id_raj": 2, "nome_raj": "2ª Araçatuba", "populacao_foro": 54464, "qt_cidades_foro": 7, "cidades_no_foro": "Nova Canaã Paulista, Rubinéia, Santa Clara d'Oeste, Santa Fé do Sul, Santa Rita d'Oeste, Santana da Ponte Pensa, Três Fronteiras", "qt_cidades_cj": 23, "cidades_na_cj": "Aparecida d'Oeste, Aspásia, Auriflama, Dirce Reis, Guzolândia, Jales, Marinópolis, Mesópolis, Nova Canaã Paulista, Palmeira d'Oeste, Paranapuã, Pontalinda, Rubinéia, Santa Albertina, Santa Clara d'Oeste, Santa Fé do Sul, Santa Rita d'Oeste, Santa Salete, Santana da Ponte Pensa, São Francisco, Três Fronteiras, Urânia, Vitória Brasil", "unidades": null, "total_varas_municipio": 0, "varas_municipio": null, "varas_foro": "1ª Vara Judicial, 2ª Vara Judicial, 3ª Vara Judicial, Vara do Juizado Especial Cível" }, "geometry": { "type": "Point", "coordinates": [ -50.869583353376726, -20.27373846969455 ] } },
{ "type": "Feature", "properties": { "id_municipio_ibge": 3554953, "nome_municipio": "Tuiuti", "populacao_municipio": 6778, "id_foro": 3507605, "nome_foro": "Bragança Paulista", "total_varas_foro": 8, "entrancia": "Entrância Final", "endereco_sede": "Avenida dos Imigrantes , 1501 - Jd. America, 12902-000", "latitude": -22.938347735956711, "longitude": -46.555949879414001, "id_cj": 6, "nome_cj": "6ª Bragança Paulista", "id_raj": 4, "nome_raj": "4ª Campinas", "populacao_foro": 200658, "qt_cidades_foro": 4, "cidades_no_foro": "Bragança Paulista, Pedra Bela, Tuiuti, Vargem", "qt_cidades_cj": 11, "cidades_na_cj": "Atibaia, Bom Jesus dos Perdões, Bragança Paulista, Jarinu, Joanópolis, Nazaré Paulista, Pedra Bela, Pinhalzinho, Piracaia, Tuiuti, Vargem", "unidades": null, "total_varas_municipio": 0, "varas_municipio": null, "varas_foro": "1ª Vara Criminal, 1ª Vara Cível, 2ª Vara Criminal, 2ª Vara Cível, 3ª Vara Cível, Execuções Criminais e da Infância e da Juventude, Juizado Especial Cível e Criminal, Vara do Júri" }, "geometry": { "type": "Point", "coordinates": [ -46.687631138401315, -22.830268792687896 ] } },
{ "type": "Feature", "properties": { "id_municipio_ibge": 3555000, "nome_municipio": "Tupã", "populacao_municipio": 63928, "id_foro": 3555000, "nome_foro": "Tupã", "total_varas_foro": 5, "entrancia": "Entrância Final", "endereco_sede": "Rua Nhambiquaras , 1731 - centro, 17600-060", "latitude": -21.947277997451096, "longitude": -50.534617908939552, "id_cj": 30, "nome_cj": "30ª Tupã", "id_raj": 5, "nome_raj": "5ª Presidente Prudente", "populacao_foro": 87621, "qt_cidades_foro": 5, "cidades_no_foro": "Arco-Íris, Herculândia, Queiroz, Rinópolis, Tupã", "qt_cidades_cj": 17, "cidades_na_cj": "Adamantina, Arco-Íris, Bastos, Flórida Paulista, Herculândia, Iacri, Inúbia Paulista, Lucélia, Mariápolis, Osvaldo Cruz, Parapuã, Pracinha, Queiroz, Rinópolis, Sagres, Salmourão, Tupã", "unidades": "Forum de Tupã II  - Arquivo Geral, Forum de Tupã III - Cejusc, Fórum Tupã I", "total_varas_municipio": 5, "varas_municipio": "1ª Vara Cível, 2ª Vara Cível, 3ª Vara Cível, Juizado Especial Cível, Vara Criminal", "varas_foro": "1ª Vara Cível, 2ª Vara Cível, 3ª Vara Cível, Juizado Especial Cível, Vara Criminal" }, "geometry": { "type": "Point", "coordinates": [ -50.534617908939552, -21.947277997451096 ] } },
{ "type": "Feature", "properties": { "id_municipio_ibge": 3555109, "nome_municipio": "Tupi Paulista", "populacao_municipio": 15854, "id_foro": 3555109, "nome_foro": "Tupi Paulista", "total_varas_foro": 3, "entrancia": "Entrância Inicial", "endereco_sede": "Rua Tiradentes , 877 - centro, 17930-000", "latitude": -21.390389526994984, "longitude": -51.587202068255898, "id_cj": 29, "nome_cj": "29ª Dracena", "id_raj": 5, "nome_raj": "5ª Presidente Prudente", "populacao_foro": 24474, "qt_cidades_foro": 4, "cidades_no_foro": "Monte Castelo, Nova Guataporanga, São João do Pau d'Alho, Tupi Paulista", "qt_cidades_cj": 13, "cidades_na_cj": "Dracena, Flora Rica, Irapuru, Junqueirópolis, Monte Castelo, Nova Guataporanga, Ouro Verde, Pacaembu, Panorama, Paulicéia, Santa Mercedes, São João do Pau d'Alho, Tupi Paulista", "unidades": "Fórum I Tupi Paulista, Fórum II Tupi Paulista", "total_varas_municipio": 3, "varas_municipio": "1ª Vara Judicial, 2ª Vara Judicial, Juizado Especial Cível", "varas_foro": "1ª Vara Judicial, 2ª Vara Judicial, Juizado Especial Cível" }, "geometry": { "type": "Point", "coordinates": [ -51.587202068255898, -21.390389526994984 ] } },
{ "type": "Feature", "properties": { "id_municipio_ibge": 3555208, "nome_municipio": "Turiúba", "populacao_municipio": 1818, "id_foro": 3508108, "nome_foro": "Buritama", "total_varas_foro": 2, "entrancia": "Entrância Inicial", "endereco_sede": "Avenida Frei Marcelo Manilia , 739 - Centro, 15290-000", "latitude": -21.049110632537641, "longitude": -50.200223959610859, "id_cj": 36, "nome_cj": "36ª Araçatuba", "id_raj": 2, "nome_raj": "2ª Araçatuba", "populacao_foro": 28059, "qt_cidades_foro": 5, "cidades_no_foro": "Buritama, Lourdes, Planalto, Turiúba, Zacarias", "qt_cidades_cj": 26, "cidades_na_cj": "Alto Alegre, Araçatuba, Avanhandava, Barbosa, Bento de Abreu, Bilac, Birigui, Braúna, Brejo Alegre, Buritama, Clementina, Coroados, Gabriel Monteiro, Glicério, Guararapes, Lourdes, Luiziânia, Penápolis, Piacatu, Planalto, Rubiácea, Santo Antônio do Aracanguá, Santópolis do Aguapeí, Turiúba, Valparaíso, Zacarias", "unidades": null, "total_varas_municipio": 0, "varas_municipio": null, "varas_foro": "Juizado Especial Cível e Criminal, Vara Cível" }, "geometry": { "type": "Point", "coordinates": [ -50.111264093029632, -20.940490673248174 ] } },
{ "type": "Feature", "properties": { "id_municipio_ibge": 3555307, "nome_municipio": "Turmalina", "populacao_municipio": 1669, "id_foro": 3515202, "nome_foro": "Estrela dOeste", "total_varas_foro": 2, "entrancia": "Entrância Inicial", "endereco_sede": "Rua Minas Gerais , s/n - centro, 15650-000", "latitude": -20.265760715088682, "longitude": -50.411468747306685, "id_cj": 18, "nome_cj": "18ª Fernandópolis", "id_raj": 8, "nome_raj": "8ª São José do Rio Preto", "populacao_foro": 20000, "qt_cidades_foro": 5, "cidades_no_foro": "Dolcinópolis, Estrela dOeste, Populina, São João das Duas Pontes, Turmalina", "qt_cidades_cj": 15, "cidades_na_cj": "Dolcinópolis, Estrela dOeste, Fernandópolis, General Salgado, Guarani d'Oeste, Indiaporã, Macedônia, Meridiano, Nova Castilho, Ouroeste, Pedranópolis, Populina, São João das Duas Pontes, São João de Iracema, Turmalina", "unidades": null, "total_varas_municipio": 0, "varas_municipio": null, "varas_foro": "Juizado Especial Cível, Vara Judicial" }, "geometry": { "type": "Point", "coordinates": [ -50.456736572630639, -20.083559910672143 ] } },
{ "type": "Feature", "properties": { "id_municipio_ibge": 3555356, "nome_municipio": "Ubarana", "populacao_municipio": 5365, "id_foro": 3525706, "nome_foro": "José Bonifácio", "total_varas_foro": 0, "entrancia": "Entrância Inicial", "endereco_sede": "Av. Campos  Sales, , 341 - centro, 15200-000", "latitude": -21.089365901480441, "longitude": -49.779315458276379, "id_cj": 16, "nome_cj": "16ª São José do Rio Preto", "id_raj": 8, "nome_raj": "8ª São José do Rio Preto", "populacao_foro": 52508, "qt_cidades_foro": 4, "cidades_no_foro": "Adolfo, José Bonifácio, Mendonça, Ubarana", "qt_cidades_cj": 33, "cidades_na_cj": "Adolfo, Américo de Campos, Bady Bassitt, Bálsamo, Cedral, Cosmorama, Guapiaçu, Icém, Ipiguá, Jaci, José Bonifácio, Macaubal, Mendonça, Mirassol, Mirassolândia, Monte Aprazível, Neves Paulista, Nipoã, Nova Aliança, Nova Granada, Onda Verde, Orindiúva, Palestina, Paulo de Faria, Poloni, Potirendaba, Riolândia, Sebastianópolis do Sul, São José do Rio Preto, Tanabi, Ubarana, Uchoa, União Paulista", "unidades": null, "total_varas_municipio": 0, "varas_municipio": null, "varas_foro": null }, "geometry": { "type": "Point", "coordinates": [ -49.748214984036572, -21.219759810814715 ] } },
{ "type": "Feature", "properties": { "id_municipio_ibge": 3555406, "nome_municipio": "Ubatuba", "populacao_municipio": 92981, "id_foro": 3555406, "nome_foro": "Ubatuba", "total_varas_foro": 4, "entrancia": "Entrância Intermediária", "endereco_sede": "Rua Sérgio Lucindo da Silva , 571 - Estufa II, 11689-416", "latitude": -23.381088005306378, "longitude": -45.02408953518848, "id_cj": 51, "nome_cj": "51ª Caraguatatuba", "id_raj": 9, "nome_raj": "9ª São José dos Campos", "populacao_foro": 92981, "qt_cidades_foro": 1, "cidades_no_foro": "Ubatuba", "qt_cidades_cj": 4, "cidades_na_cj": "Caraguatatuba, Ilhabela, São Sebastião, Ubatuba", "unidades": "Fórum Ubatuba - Des. Joaquim de Syllus Cintra", "total_varas_municipio": 4, "varas_municipio": "1ª Vara Judicial, 2ª Vara Judicial, 3ª Vara Judicial, Vara do Juizado Especial Cível", "varas_foro": "1ª Vara Judicial, 2ª Vara Judicial, 3ª Vara Judicial, Vara do Juizado Especial Cível" }, "geometry": { "type": "Point", "coordinates": [ -45.02408953518848, -23.381088005306378 ] } },
{ "type": "Feature", "properties": { "id_municipio_ibge": 3555505, "nome_municipio": "Ubirajara", "populacao_municipio": 5132, "id_foro": 3514502, "nome_foro": "Duartina", "total_varas_foro": 2, "entrancia": "Entrância Inicial", "endereco_sede": "Rua Sete de Setembro , 486 - centro, 17470-000", "latitude": -22.393295039545052, "longitude": -49.413357814195273, "id_cj": 32, "nome_cj": "32ª Bauru", "id_raj": 3, "nome_raj": "3ª Bauru", "populacao_foro": 24131, "qt_cidades_foro": 4, "cidades_no_foro": "Cabrália Paulista, Duartina, Lucianópolis, Ubirajara", "qt_cidades_cj": 18, "cidades_na_cj": "Agudos, Arealva, Avaí, Balbinos, Bauru, Borebi, Cabrália Paulista, Duartina, Lençóis Paulista, Lucianópolis, Paulistânia, Pirajuí, Piratininga, Pongaí, Presidente Alves, Reginópolis, Ubirajara, Uru", "unidades": null, "total_varas_municipio": 0, "varas_municipio": null, "varas_foro": "Juizado Especial Cível e Criminal, Vara Judicial" }, "geometry": { "type": "Point", "coordinates": [ -49.665892236298539, -22.544320297351209 ] } },
{ "type": "Feature", "properties": { "id_municipio_ibge": 3555604, "nome_municipio": "Uchoa", "populacao_municipio": 10394, "id_foro": 3549805, "nome_foro": "São José do Rio Preto", "total_varas_foro": 7, "entrancia": "Entrância Final", "endereco_sede": "Rua Marechal Deodoro da Fonseca , 3036 - Centro, 15010-902", "latitude": -20.797230087349501, "longitude": -49.358102151621488, "id_cj": 16, "nome_cj": "16ª São José do Rio Preto", "id_raj": 8, "nome_raj": "8ª São José do Rio Preto", "populacao_foro": 559137, "qt_cidades_foro": 6, "cidades_no_foro": "Bady Bassitt, Cedral, Guapiaçu, Ipiguá, São José do Rio Preto, Uchoa", "qt_cidades_cj": 33, "cidades_na_cj": "Adolfo, Américo de Campos, Bady Bassitt, Bálsamo, Cedral, Cosmorama, Guapiaçu, Icém, Ipiguá, Jaci, José Bonifácio, Macaubal, Mendonça, Mirassol, Mirassolândia, Monte Aprazível, Neves Paulista, Nipoã, Nova Aliança, Nova Granada, Onda Verde, Orindiúva, Palestina, Paulo de Faria, Poloni, Potirendaba, Riolândia, Sebastianópolis do Sul, São José do Rio Preto, Tanabi, Ubarana, Uchoa, União Paulista", "unidades": null, "total_varas_municipio": 0, "varas_municipio": null, "varas_foro": "1ª Vara Criminal, 2ª Vara Criminal, 3ª Vara Criminal, 4ª Vara Criminal, 5ª Vara Criminal, Vara de Execuções Criminais, Vara do DEECRIM" }, "geometry": { "type": "Point", "coordinates": [ -49.157736153416998, -20.936960936137893 ] } },
{ "type": "Feature", "properties": { "id_municipio_ibge": 3555703, "nome_municipio": "União Paulista", "populacao_municipio": 1603, "id_foro": 3528106, "nome_foro": "Macaubal", "total_varas_foro": 1, "entrancia": "Entrância Inicial", "endereco_sede": "Rua Sebastião Dib , 668 - Centro, 15270-000", "latitude": -20.83793023133331, "longitude": -49.975005422834968, "id_cj": 16, "nome_cj": "16ª São José do Rio Preto", "id_raj": 8, "nome_raj": "8ª São José do Rio Preto", "populacao_foro": 12214, "qt_cidades_foro": 3, "cidades_no_foro": "Macaubal, Sebastianópolis do Sul, União Paulista", "qt_cidades_cj": 33, "cidades_na_cj": "Adolfo, Américo de Campos, Bady Bassitt, Bálsamo, Cedral, Cosmorama, Guapiaçu, Icém, Ipiguá, Jaci, José Bonifácio, Macaubal, Mendonça, Mirassol, Mirassolândia, Monte Aprazível, Neves Paulista, Nipoã, Nova Aliança, Nova Granada, Onda Verde, Orindiúva, Palestina, Paulo de Faria, Poloni, Potirendaba, Riolândia, Sebastianópolis do Sul, São José do Rio Preto, Tanabi, Ubarana, Uchoa, União Paulista", "unidades": null, "total_varas_municipio": 0, "varas_municipio": null, "varas_foro": "Vara Judicial" }, "geometry": { "type": "Point", "coordinates": [ -49.887262539155529, -20.890531599546911 ] } },
{ "type": "Feature", "properties": { "id_municipio_ibge": 3555802, "nome_municipio": "Urânia", "populacao_municipio": 8833, "id_foro": 3555802, "nome_foro": "Urânia", "total_varas_foro": 2, "entrancia": "Entrância Inicial", "endereco_sede": "Avenida Barão do Rio Branco , 818 - Centro, 15760-000", "latitude": -20.20893696772616, "longitude": -50.652530592659005, "id_cj": 55, "nome_cj": "55ª Jales", "id_raj": 2, "nome_raj": "2ª Araçatuba", "populacao_foro": 12320, "qt_cidades_foro": 3, "cidades_no_foro": "Aspásia, Santa Salete, Urânia", "qt_cidades_cj": 23, "cidades_na_cj": "Aparecida d'Oeste, Aspásia, Auriflama, Dirce Reis, Guzolândia, Jales, Marinópolis, Mesópolis, Nova Canaã Paulista, Palmeira d'Oeste, Paranapuã, Pontalinda, Rubinéia, Santa Albertina, Santa Clara d'Oeste, Santa Fé do Sul, Santa Rita d'Oeste, Santa Salete, Santana da Ponte Pensa, São Francisco, Três Fronteiras, Urânia, Vitória Brasil", "unidades": "Fórum da Comarca de Urânia I, Fórum da Comarca de Urânia II (Cejusc)", "total_varas_municipio": 2, "varas_municipio": "Juizado Especial Cível, Vara Judicial", "varas_foro": "Juizado Especial Cível, Vara Judicial" }, "geometry": { "type": "Point", "coordinates": [ -50.652530592659005, -20.20893696772616 ] } },
{ "type": "Feature", "properties": { "id_municipio_ibge": 3555901, "nome_municipio": "Uru", "populacao_municipio": 1387, "id_foro": 3538907, "nome_foro": "Pirajuí", "total_varas_foro": 3, "entrancia": "Entrância Inicial", "endereco_sede": "Praça Doutor Pedro da Rocha Braga , 43 - Centro, 16600-041", "latitude": -21.957602612247964, "longitude": -49.413609857419374, "id_cj": 32, "nome_cj": "32ª Bauru", "id_raj": 3, "nome_raj": "3ª Bauru", "populacao_foro": 42566, "qt_cidades_foro": 6, "cidades_no_foro": "Balbinos, Pirajuí, Pongaí, Presidente Alves, Reginópolis, Uru", "qt_cidades_cj": 18, "cidades_na_cj": "Agudos, Arealva, Avaí, Balbinos, Bauru, Borebi, Cabrália Paulista, Duartina, Lençóis Paulista, Lucianópolis, Paulistânia, Pirajuí, Piratininga, Pongaí, Presidente Alves, Reginópolis, Ubirajara, Uru", "unidades": null, "total_varas_municipio": 0, "varas_municipio": null, "varas_foro": "1ª Vara Judicial, 2ª Vara Judicial, Juizado Especial Cível" }, "geometry": { "type": "Point", "coordinates": [ -49.296291529048432, -21.765990250845842 ] } },
{ "type": "Feature", "properties": { "id_municipio_ibge": 3556008, "nome_municipio": "Urupês", "populacao_municipio": 13744, "id_foro": 3556008, "nome_foro": "Urupês", "total_varas_foro": 1, "entrancia": "Entrância Inicial", "endereco_sede": "Praça Jardim Bela Vista , s/n - Jardim Bela Vista, 15850-019", "latitude": -21.20520226714293, "longitude": -49.26516261413645, "id_cj": 15, "nome_cj": "15ª Catanduva", "id_raj": 8, "nome_raj": "8ª São José do Rio Preto", "populacao_foro": 27048, "qt_cidades_foro": 3, "cidades_no_foro": "Irapuã, Sales, Urupês", "qt_cidades_cj": 16, "cidades_na_cj": "Ariranha, Catanduva, Catiguá, Elisiário, Ibirá, Irapuã, Itajobi, Marapoama, Novais, Novo Horizonte, Palmares Paulista, Pindorama, Sales, Santa Adélia, Tabapuã, Urupês", "unidades": "Fórum Urupês", "total_varas_municipio": 1, "varas_municipio": "Vara Judicial", "varas_foro": "Vara Judicial" }, "geometry": { "type": "Point", "coordinates": [ -49.26516261413645, -21.20520226714293 ] } },
{ "type": "Feature", "properties": { "id_municipio_ibge": 3556107, "nome_municipio": "Valentim Gentil", "populacao_municipio": 14098, "id_foro": 3557105, "nome_foro": "Votuporanga", "total_varas_foro": 6, "entrancia": "Entrância Final", "endereco_sede": "Rua Espírito Santo , 2497 - Cia Melhoramentos, 15501-221", "latitude": -20.4578116989283, "longitude": -49.98909642316039, "id_cj": 17, "nome_cj": "17ª Votuporanga", "id_raj": 8, "nome_raj": "8ª São José do Rio Preto", "populacao_foro": 117539, "qt_cidades_foro": 4, "cidades_no_foro": "Parisi, Valentim Gentil, Votuporanga, Álvares Florence", "qt_cidades_cj": 13, "cidades_na_cj": "Cardoso, Floreal, Gastão Vidigal, Magda, Mira Estrela, Monções, Nhandeara, Nova Luzitânia, Parisi, Pontes Gestal, Valentim Gentil, Votuporanga, Álvares Florence", "unidades": null, "total_varas_municipio": 0, "varas_municipio": null, "varas_foro": "1ª Vara Criminal, 1ª Vara Cível, 2ª Vara Cível, 3ª Vara Cível, 4ª Vara Cível, Ofício do Juizado Especial Civel e Criminal" }, "geometry": { "type": "Point", "coordinates": [ -50.101736409987282, -20.4205040189606 ] } },
{ "type": "Feature", "properties": { "id_municipio_ibge": 3556206, "nome_municipio": "Valinhos", "populacao_municipio": 126373, "id_foro": 3556206, "nome_foro": "Valinhos", "total_varas_foro": 3, "entrancia": "Entrância Intermediária", "endereco_sede": "Rua Professor Ataliba Nogueira, 36 , 36 - Jd. Santo Antonio, 13270-660", "latitude": -22.975119305544684, "longitude": -46.981296033824478, "id_cj": 8, "nome_cj": "8ª Campinas", "id_raj": 4, "nome_raj": "4ª Campinas", "populacao_foro": 126373, "qt_cidades_foro": 1, "cidades_no_foro": "Valinhos", "qt_cidades_cj": 4, "cidades_na_cj": "Campinas, Cosmópolis, Paulínia, Valinhos", "unidades": "Fórum Valinhos I - (Principal), Fórum Valinhos II - (Vara do Juizado Especial Cível e Criminal), Fórum Valinhos III - (Setor das Execuções Fiscais)", "total_varas_municipio": 3, "varas_municipio": "1ª Vara Judicial, 2ª Vara Judicial, 3ª Vara Judicial", "varas_foro": "1ª Vara Judicial, 2ª Vara Judicial, 3ª Vara Judicial" }, "geometry": { "type": "Point", "coordinates": [ -46.981296033824478, -22.975119305544684 ] } },
{ "type": "Feature", "properties": { "id_municipio_ibge": 3556305, "nome_municipio": "Valparaíso", "populacao_municipio": 24241, "id_foro": 3556305, "nome_foro": "Valparaíso", "total_varas_foro": 1, "entrancia": "Entrância Inicial", "endereco_sede": "Rua Padre Mauro Eduardo , s/n - Centro, 16880-000", "latitude": -21.203091918979574, "longitude": -50.92385983239317, "id_cj": 36, "nome_cj": "36ª Araçatuba", "id_raj": 2, "nome_raj": "2ª Araçatuba", "populacao_foro": 26847, "qt_cidades_foro": 2, "cidades_no_foro": "Bento de Abreu, Valparaíso", "qt_cidades_cj": 26, "cidades_na_cj": "Alto Alegre, Araçatuba, Avanhandava, Barbosa, Bento de Abreu, Bilac, Birigui, Braúna, Brejo Alegre, Buritama, Clementina, Coroados, Gabriel Monteiro, Glicério, Guararapes, Lourdes, Luiziânia, Penápolis, Piacatu, Planalto, Rubiácea, Santo Antônio do Aracanguá, Santópolis do Aguapeí, Turiúba, Valparaíso, Zacarias", "unidades": "Fórum Desembargador Antonio Marzagão Barbuto, Juizado Especial Cível da Comarca de Valparaíso", "total_varas_municipio": 1, "varas_municipio": "1ª Vara Judicial", "varas_foro": "1ª Vara Judicial" }, "geometry": { "type": "Point", "coordinates": [ -50.92385983239317, -21.203091918979574 ] } },
{ "type": "Feature", "properties": { "id_municipio_ibge": 3556354, "nome_municipio": "Vargem", "populacao_municipio": 10512, "id_foro": 3507605, "nome_foro": "Bragança Paulista", "total_varas_foro": 8, "entrancia": "Entrância Final", "endereco_sede": "Avenida dos Imigrantes , 1501 - Jd. America, 12902-000", "latitude": -22.938347735956711, "longitude": -46.555949879414001, "id_cj": 6, "nome_cj": "6ª Bragança Paulista", "id_raj": 4, "nome_raj": "4ª Campinas", "populacao_foro": 200658, "qt_cidades_foro": 4, "cidades_no_foro": "Bragança Paulista, Pedra Bela, Tuiuti, Vargem", "qt_cidades_cj": 11, "cidades_na_cj": "Atibaia, Bom Jesus dos Perdões, Bragança Paulista, Jarinu, Joanópolis, Nazaré Paulista, Pedra Bela, Pinhalzinho, Piracaia, Tuiuti, Vargem", "unidades": null, "total_varas_municipio": 0, "varas_municipio": null, "varas_foro": "1ª Vara Criminal, 1ª Vara Cível, 2ª Vara Criminal, 2ª Vara Cível, 3ª Vara Cível, Execuções Criminais e da Infância e da Juventude, Juizado Especial Cível e Criminal, Vara do Júri" }, "geometry": { "type": "Point", "coordinates": [ -46.414474369460947, -22.890179483012226 ] } },
{ "type": "Feature", "properties": { "id_municipio_ibge": 3556404, "nome_municipio": "Vargem Grande do Sul", "populacao_municipio": 40133, "id_foro": 3556404, "nome_foro": "Vargem Grande do Sul", "total_varas_foro": 3, "entrancia": "Entrância Inicial", "endereco_sede": "Avenida Walter Tatoni , 343 - Vila Sant'Ana, 13880-000", "latitude": -21.860698914449298, "longitude": -46.898962354647594, "id_cj": 50, "nome_cj": "50ª São João da Boa Vista", "id_raj": 4, "nome_raj": "4ª Campinas", "populacao_foro": 40133, "qt_cidades_foro": 1, "cidades_no_foro": "Vargem Grande do Sul", "qt_cidades_cj": 6, "cidades_na_cj": "Aguaí, Espírito Santo do Pinhal, Santo Antônio do Jardim, São João da Boa Vista, Vargem Grande do Sul, Águas da Prata", "unidades": "Fórum Vargem Grande do Sul", "total_varas_municipio": 3, "varas_municipio": "1ª Vara Judicial, 2ª Vara Judicial, Juizado Especial Cível", "varas_foro": "1ª Vara Judicial, 2ª Vara Judicial, Juizado Especial Cível" }, "geometry": { "type": "Point", "coordinates": [ -46.898962354647594, -21.860698914449298 ] } },
{ "type": "Feature", "properties": { "id_municipio_ibge": 3556453, "nome_municipio": "Vargem Grande Paulista", "populacao_municipio": 50415, "id_foro": 3556453, "nome_foro": "Vargem Grande Paulista", "total_varas_foro": 1, "entrancia": "Entrância Inicial", "endereco_sede": "Avenida Miranda , 25 - Jd. Verona, 06735-020", "latitude": -23.620895414923897, "longitude": -47.014710384656688, "id_cj": 52, "nome_cj": "52ª Itapecerica da Serra", "id_raj": 1, "nome_raj": "1ª Grande São Paulo", "populacao_foro": 50415, "qt_cidades_foro": 1, "cidades_no_foro": "Vargem Grande Paulista", "qt_cidades_cj": 9, "cidades_na_cj": "Cotia, Embu das Artes, Embu-Guaçu, Itapecerica da Serra, Itapevi, Juquitiba, São Lourenço da Serra, Taboão da Serra, Vargem Grande Paulista", "unidades": "Desembargador HELIO DE QUADROS ARRUDA", "total_varas_municipio": 1, "varas_municipio": "Vara Judicial", "varas_foro": "Vara Judicial" }, "geometry": { "type": "Point", "coordinates": [ -47.014710384656688, -23.620895414923897 ] } },
{ "type": "Feature", "properties": { "id_municipio_ibge": 3556503, "nome_municipio": "Várzea Paulista", "populacao_municipio": 115771, "id_foro": 3556503, "nome_foro": "Várzea Paulista", "total_varas_foro": 3, "entrancia": "Entrância Inicial", "endereco_sede": "Rua Dom Pedro II , 271 - Centro, 13320-110", "latitude": -23.219260443622119, "longitude": -46.824904031818789, "id_cj": 5, "nome_cj": "5ª Jundiaí", "id_raj": 4, "nome_raj": "4ª Campinas", "populacao_foro": 115771, "qt_cidades_foro": 1, "cidades_no_foro": "Várzea Paulista", "qt_cidades_cj": 12, "cidades_na_cj": "Caieiras, Cajamar, Campo Limpo Paulista, Francisco Morato, Franco da Rocha, Itatiba, Itupeva, Jundiaí, Louveira, Morungaba, Vinhedo, Várzea Paulista", "unidades": "Forum da Comarca de Várzea Paulista II - Setor de Execuções Fiscais, Fórum da Comarca de Várzea Paulista I", "total_varas_municipio": 3, "varas_municipio": "1ª Vara Judicial, 2ª Vara Judicial, Juizado Especial Cível", "varas_foro": "1ª Vara Judicial, 2ª Vara Judicial, Juizado Especial Cível" }, "geometry": { "type": "Point", "coordinates": [ -46.824904031818789, -23.219260443622119 ] } },
{ "type": "Feature", "properties": { "id_municipio_ibge": 3556602, "nome_municipio": "Vera Cruz", "populacao_municipio": 10176, "id_foro": 3529005, "nome_foro": "Marília", "total_varas_foro": 13, "entrancia": "Entrância Final", "endereco_sede": "Rua Lourival Freire , 120 - Fragata, 17519-902", "latitude": -22.177788412785993, "longitude": -49.983091663084451, "id_cj": 31, "nome_cj": "31ª Marília", "id_raj": 5, "nome_raj": "5ª Presidente Prudente", "populacao_foro": 252134, "qt_cidades_foro": 3, "cidades_no_foro": "Marília, Ocauçu, Vera Cruz", "qt_cidades_cj": 12, "cidades_na_cj": "Alvinlândia, Fernão, Garça, Gália, Lupércio, Marília, Ocauçu, Oriente, Pompéia, Quintana, Vera Cruz, Álvaro de Carvalho", "unidades": null, "total_varas_municipio": 0, "varas_municipio": null, "varas_foro": "1ª Vara Criminal, 1ª Vara Cível, 1ª Vara da Família e das Sucessões, 2ª Vara Criminal, 2ª Vara Cível, 3ª Vara Criminal, 3ª Vara Cível, 4ª Vara Cível, 5ª Vara Cível, Juizado Especial, Ofício do Juizado Especial Cível, Vara da Infância e da Juventude, Vara do Juizado Especial Cível" }, "geometry": { "type": "Point", "coordinates": [ -49.826173912560137, -22.234070469493901 ] } },
{ "type": "Feature", "properties": { "id_municipio_ibge": 3556701, "nome_municipio": "Vinhedo", "populacao_municipio": 76540, "id_foro": 3556701, "nome_foro": "Vinhedo", "total_varas_foro": 4, "entrancia": "Entrância Intermediária", "endereco_sede": "Estrada da Boiada , 530 - Jardim Brasil, 13289-084", "latitude": -23.04647122354406, "longitude": -46.97922688392979, "id_cj": 5, "nome_cj": "5ª Jundiaí", "id_raj": 4, "nome_raj": "4ª Campinas", "populacao_foro": 76540, "qt_cidades_foro": 1, "cidades_no_foro": "Vinhedo", "qt_cidades_cj": 12, "cidades_na_cj": "Caieiras, Cajamar, Campo Limpo Paulista, Francisco Morato, Franco da Rocha, Itatiba, Itupeva, Jundiaí, Louveira, Morungaba, Vinhedo, Várzea Paulista", "unidades": "Fórum Juiz João Mendes, Fórum Vinhedo II - Execução Fiscal, Fórum Vinhedo III - CEJUSC", "total_varas_municipio": 4, "varas_municipio": "1ª Vara Judicial, 2ª Vara Judicial, Ofício Juizado Especial Cível e Criminal, Vara do Juizado Especial Cível e Criminal", "varas_foro": "1ª Vara Judicial, 2ª Vara Judicial, Ofício Juizado Especial Cível e Criminal, Vara do Juizado Especial Cível e Criminal" }, "geometry": { "type": "Point", "coordinates": [ -46.97922688392979, -23.04647122354406 ] } },
{ "type": "Feature", "properties": { "id_municipio_ibge": 3556800, "nome_municipio": "Viradouro", "populacao_municipio": 17414, "id_foro": 3556800, "nome_foro": "Viradouro", "total_varas_foro": 1, "entrancia": "Entrância Inicial", "endereco_sede": "Rua José Borelli , 10 - Centro, 14740-000", "latitude": -20.884386173654448, "longitude": -48.30985910756813, "id_cj": 14, "nome_cj": "14ª Barretos", "id_raj": 8, "nome_raj": "8ª São José do Rio Preto", "populacao_foro": 25318, "qt_cidades_foro": 2, "cidades_no_foro": "Terra Roxa, Viradouro", "qt_cidades_cj": 16, "cidades_na_cj": "Altair, Barretos, Bebedouro, Cajobi, Colina, Colômbia, Embaúba, Guaraci, Guaíra, Jaborandi, Monte Azul Paulista, Olímpia, Paraíso, Severínia, Terra Roxa, Viradouro", "unidades": "Gabriel Custódio da Silveira", "total_varas_municipio": 1, "varas_municipio": "Vara Judicial", "varas_foro": "Vara Judicial" }, "geometry": { "type": "Point", "coordinates": [ -48.30985910756813, -20.884386173654448 ] } },
{ "type": "Feature", "properties": { "id_municipio_ibge": 3556909, "nome_municipio": "Vista Alegre do Alto", "populacao_municipio": 8109, "id_foro": 3539004, "nome_foro": "Pirangi", "total_varas_foro": 0, "entrancia": "Entrância Inicial", "endereco_sede": "Travessa Vereador Rafael João Giglio , s/n - Centro, 15820-000", "latitude": -21.093857619466252, "longitude": -48.66945074305756, "id_cj": 42, "nome_cj": "42ª Jaboticabal", "id_raj": 6, "nome_raj": "6ª Ribeirão Preto", "populacao_foro": 18994, "qt_cidades_foro": 2, "cidades_no_foro": "Pirangi, Vista Alegre do Alto", "qt_cidades_cj": 14, "cidades_na_cj": "Cândido Rodrigues, Fernando Prestes, Guariba, Jaboticabal, Monte Alto, Pirangi, Pitangueiras, Pradópolis, Santa Ernestina, Taiaçu, Taiúva, Taquaral, Taquaritinga, Vista Alegre do Alto", "unidades": null, "total_varas_municipio": 0, "varas_municipio": null, "varas_foro": null }, "geometry": { "type": "Point", "coordinates": [ -48.649416973082708, -21.176688337753745 ] } },
{ "type": "Feature", "properties": { "id_municipio_ibge": 3556958, "nome_municipio": "Vitória Brasil", "populacao_municipio": 1794, "id_foro": 3524808, "nome_foro": "Jales", "total_varas_foro": 5, "entrancia": "Entrância Final", "endereco_sede": "Rua Nove , 2.231 - Centro, 15700-018", "latitude": -20.285818407388149, "longitude": -50.554097412419267, "id_cj": 55, "nome_cj": "55ª Jales", "id_raj": 2, "nome_raj": "2ª Araçatuba", "populacao_foro": 68693, "qt_cidades_foro": 7, "cidades_no_foro": "Dirce Reis, Jales, Mesópolis, Paranapuã, Pontalinda, Santa Albertina, Vitória Brasil", "qt_cidades_cj": 23, "cidades_na_cj": "Aparecida d'Oeste, Aspásia, Auriflama, Dirce Reis, Guzolândia, Jales, Marinópolis, Mesópolis, Nova Canaã Paulista, Palmeira d'Oeste, Paranapuã, Pontalinda, Rubinéia, Santa Albertina, Santa Clara d'Oeste, Santa Fé do Sul, Santa Rita d'Oeste, Santa Salete, Santana da Ponte Pensa, São Francisco, Três Fronteiras, Urânia, Vitória Brasil", "unidades": null, "total_varas_municipio": 0, "varas_municipio": null, "varas_foro": "1ª Vara Criminal, 1ª Vara Cível, 2ª Vara Criminal, 2ª Vara Cível, 3ª Vara Cível" }, "geometry": { "type": "Point", "coordinates": [ -50.485476878726381, -20.198388036241806 ] } },
{ "type": "Feature", "properties": { "id_municipio_ibge": 3557006, "nome_municipio": "Votorantim", "populacao_municipio": 127923, "id_foro": 3557006, "nome_foro": "Votorantim", "total_varas_foro": 3, "entrancia": "Entrância Intermediária", "endereco_sede": "Avenida Luiz do Patrocínio Fernandes , 762 - Rio Acima, 18114-001", "latitude": -23.579865772853115, "longitude": -47.40655958900939, "id_cj": 19, "nome_cj": "19ª Sorocaba", "id_raj": 10, "nome_raj": "10ª Sorocaba", "populacao_foro": 127923, "qt_cidades_foro": 1, "cidades_no_foro": "Votorantim", "qt_cidades_cj": 12, "cidades_na_cj": "Alumínio, Araçariguama, Araçoiaba da Serra, Ibiúna, Mairinque, Piedade, Pilar do Sul, Salto de Pirapora, Sorocaba, São Roque, Tapiraí, Votorantim", "unidades": "Fórum Votorantim", "total_varas_municipio": 3, "varas_municipio": "1ª Vara Cível, 2ª Vara Cível, Vara Criminal", "varas_foro": "1ª Vara Cível, 2ª Vara Cível, Vara Criminal" }, "geometry": { "type": "Point", "coordinates": [ -47.40655958900939, -23.579865772853115 ] } },
{ "type": "Feature", "properties": { "id_municipio_ibge": 3557105, "nome_municipio": "Votuporanga", "populacao_municipio": 96634, "id_foro": 3557105, "nome_foro": "Votuporanga", "total_varas_foro": 6, "entrancia": "Entrância Final", "endereco_sede": "Rua Espírito Santo , 2497 - Cia Melhoramentos, 15501-221", "latitude": -20.4578116989283, "longitude": -49.98909642316039, "id_cj": 17, "nome_cj": "17ª Votuporanga", "id_raj": 8, "nome_raj": "8ª São José do Rio Preto", "populacao_foro": 117539, "qt_cidades_foro": 4, "cidades_no_foro": "Parisi, Valentim Gentil, Votuporanga, Álvares Florence", "qt_cidades_cj": 13, "cidades_na_cj": "Cardoso, Floreal, Gastão Vidigal, Magda, Mira Estrela, Monções, Nhandeara, Nova Luzitânia, Parisi, Pontes Gestal, Valentim Gentil, Votuporanga, Álvares Florence", "unidades": "Fórum Votuporanga I, Fórum Votuporanga II - (Anexo Fiscal), Fórum Votuporanga III - (CEJUSC)", "total_varas_municipio": 6, "varas_municipio": "1ª Vara Criminal, 1ª Vara Cível, 2ª Vara Cível, 3ª Vara Cível, 4ª Vara Cível, Ofício do Juizado Especial Civel e Criminal", "varas_foro": "1ª Vara Criminal, 1ª Vara Cível, 2ª Vara Cível, 3ª Vara Cível, 4ª Vara Cível, Ofício do Juizado Especial Civel e Criminal" }, "geometry": { "type": "Point", "coordinates": [ -49.98909642316039, -20.4578116989283 ] } },
{ "type": "Feature", "properties": { "id_municipio_ibge": 3557154, "nome_municipio": "Zacarias", "populacao_municipio": 2692, "id_foro": 3508108, "nome_foro": "Buritama", "total_varas_foro": 2, "entrancia": "Entrância Inicial", "endereco_sede": "Avenida Frei Marcelo Manilia , 739 - Centro, 15290-000", "latitude": -21.049110632537641, "longitude": -50.200223959610859, "id_cj": 36, "nome_cj": "36ª Araçatuba", "id_raj": 2, "nome_raj": "2ª Araçatuba", "populacao_foro": 28059, "qt_cidades_foro": 5, "cidades_no_foro": "Buritama, Lourdes, Planalto, Turiúba, Zacarias", "qt_cidades_cj": 26, "cidades_na_cj": "Alto Alegre, Araçatuba, Avanhandava, Barbosa, Bento de Abreu, Bilac, Birigui, Braúna, Brejo Alegre, Buritama, Clementina, Coroados, Gabriel Monteiro, Glicério, Guararapes, Lourdes, Luiziânia, Penápolis, Piacatu, Planalto, Rubiácea, Santo Antônio do Aracanguá, Santópolis do Aguapeí, Turiúba, Valparaíso, Zacarias", "unidades": null, "total_varas_municipio": 0, "varas_municipio": null, "varas_foro": "Juizado Especial Cível e Criminal, Vara Cível" }, "geometry": { "type": "Point", "coordinates": [ -50.04942229799375, -21.125457931151907 ] } },
{ "type": "Feature", "properties": { "id_municipio_ibge": 3557204, "nome_municipio": "Chavantes", "populacao_municipio": 12211, "id_foro": 3557204, "nome_foro": "Chavantes", "total_varas_foro": 3, "entrancia": "Entrância Inicial", "endereco_sede": "Rua Cel. Julio Silva , 365 - Centro, 18970-029", "latitude": -23.046338572753058, "longitude": -49.726539633074921, "id_cj": 25, "nome_cj": "25ª Ourinhos", "id_raj": 3, "nome_raj": "3ª Bauru", "populacao_foro": 18494, "qt_cidades_foro": 2, "cidades_no_foro": "Canitar, Chavantes", "qt_cidades_cj": 16, "cidades_na_cj": "Bernardino de Campos, Canitar, Chavantes, Espírito Santo do Turvo, Ipaussu, Manduri, Ourinhos, Piraju, Ribeirão do Sul, Salto Grande, Santa Cruz do Rio Pardo, Sarutaiá, São Pedro do Turvo, Tejupá, Timburi, Óleo", "unidades": "Fórum (Segundo Prédio), Fórum Chavantes", "total_varas_municipio": 3, "varas_municipio": "Criminal e Juizado Especial das Fazendas Públicas, Juizado Especial Cível, Vara Judicial", "varas_foro": "Criminal e Juizado Especial das Fazendas Públicas, Juizado Especial Cível, Vara Judicial" }, "geometry": { "type": "Point", "coordinates": [ -49.726539633074921, -23.046338572753058 ] } },
{ "type": "Feature", "properties": { "id_municipio_ibge": 3557303, "nome_municipio": "Estiva Gerbi", "populacao_municipio": 11295, "id_foro": 3530706, "nome_foro": "Mogi Guaçu", "total_varas_foro": 4, "entrancia": "Entrância Final", "endereco_sede": "Rua José Colombo , 45 - Morro do Ouro, 13840-065", "latitude": -22.232092691811168, "longitude": -47.028967834947288, "id_cj": 7, "nome_cj": "7ª Mogi Mirim", "id_raj": 4, "nome_raj": "4ª Campinas", "populacao_foro": 164953, "qt_cidades_foro": 2, "cidades_no_foro": "Estiva Gerbi, Mogi Guaçu", "qt_cidades_cj": 8, "cidades_na_cj": "Artur Nogueira, Conchal, Engenheiro Coelho, Estiva Gerbi, Holambra, Itapira, Mogi Guaçu, Mogi Mirim", "unidades": null, "total_varas_municipio": 0, "varas_municipio": null, "varas_foro": "1ª Vara Cível, 2ª Vara Cível, 3ª Vara Cível, Vara Criminal" }, "geometry": { "type": "Point", "coordinates": [ -46.943080482356663, -22.236078883895029 ] } }
]
}
